slug,asset,question,endDate,eventStartTime,priceToBeat,winningOutcome,outcomePrices,lastTradePrice,volume,openInterest,oneHourPriceChange,spread,umaResolutionStatus,conditionId,resolutionSource,finalPrice,closedTime
bnb-updown-5m-1783728000,BNB,"BNB Up or Down - July 10, 8:00PM-8:05PM ET",2026-07-11T00:05:00Z,2026-07-11T00:00:00Z,575.0453218752044,Down,"[""0"", ""1""]",0.36,277.129527,,-0.5,0.01,resolved,0x6f683907b614275579d56e6036a82ef6eea984a490a3fda1313c5a4a53341345,https://data.chain.link/streams/bnb-usd,,
btc-updown-5m-1783728000,BTC,"Bitcoin Up or Down - July 10, 8:00PM-8:05PM ET",2026-07-11T00:05:00Z,2026-07-11T00:00:00Z,64125.17259859295,Down,"[""0"", ""1""]",0.001,56980.55913999996,607.960783,-0.5045,0.001,resolved,0x890f60e652f352f5de21a61f222339dbbe31954c3c1822dfc083211afb173d49,https://data.chain.link/streams/btc-usd,,
doge-updown-5m-1783728000,DOGE,"Dogecoin Up or Down - July 10, 8:00PM-8:05PM ET",2026-07-11T00:05:00Z,2026-07-11T00:00:00Z,0.074071,Down,"[""0"", ""1""]",0.38,437.26699900000006,,-0.495,0.01,resolved,0xdb26df7ba9149ff790e7bb212cab448fda26050a86af9a121825e5fa7b413ca1,https://data.chain.link/streams/doge-usd,,
eth-updown-5m-1783728000,ETH,"Ethereum Up or Down - July 10, 8:00PM-8:05PM ET",2026-07-11T00:05:00Z,2026-07-11T00:00:00Z,1795.7576146260928,Down,"[""0"", ""1""]",0.01,4748.177343,505,-0.5045,0.001,resolved,0x831ec6ecc96b339f2170a5b81acd957d36712f4ffc254460829f382ac0677881,https://data.chain.link/streams/eth-usd,,
hype-updown-5m-1783728000,HYPE,"Hyperliquid Up or Down - July 10, 8:00PM-8:05PM ET",2026-07-11T00:05:00Z,2026-07-11T00:00:00Z,67.50515822310736,Down,"[""0"", ""1""]",0.27,329.346725,,-0.495,0.01,resolved,0x205daa8bd4cf9dccf198caafa3eaf8426dc24861fdbd6ca19243718febe7553b,https://data.chain.link/streams/hype-usd,,
sol-updown-5m-1783728000,SOL,"Solana Up or Down - July 10, 8:00PM-8:05PM ET",2026-07-11T00:05:00Z,2026-07-11T00:00:00Z,78.0806324038831,Down,"[""0"", ""1""]",0.02,2070.701418,,-0.5045,0.001,resolved,0x862b56984c150b15e64154e9950787f5dcab052c59b9c3469ea8fd26a25870c8,https://data.chain.link/streams/sol-usd,,
xrp-updown-5m-1783728000,XRP,"XRP Up or Down - July 10, 8:00PM-8:05PM ET",2026-07-11T00:05:00Z,2026-07-11T00:00:00Z,1.1039977465917215,Down,"[""0"", ""1""]",0.01,1472.907456,,-0.5045,0.001,resolved,0x3534bbd20d4fe7fcadf3d8b260034402e5fdbbd146a9405076bbd7e5bb13020f,https://data.chain.link/streams/xrp-usd,,
bnb-updown-5m-1783728300,BNB,"BNB Up or Down - July 10, 8:05PM-8:10PM ET",2026-07-11T00:10:00Z,2026-07-11T00:05:00Z,574.9650785444259,Down,"[""0"", ""1""]",0.19,293.02437299999997,,-0.47,0.03,resolved,0x34fe2a60aa8ac5a3b5fca77b678ebcc0f2374a22d4f7ce977ad06724c338278a,https://data.chain.link/streams/bnb-usd,,
btc-updown-5m-1783728300,BTC,"Bitcoin Up or Down - July 10, 8:05PM-8:10PM ET",2026-07-11T00:10:00Z,2026-07-11T00:05:00Z,64059.61048,Down,"[""0"", ""1""]",0.01,82314.53919899963,6,-0.21,0.07,resolved,0x48ae110d8e71718db44310bba5109703d7c00c6c8ee8c537fa9e747459b7ccf1,https://data.chain.link/streams/btc-usd,,
doge-updown-5m-1783728300,DOGE,"Dogecoin Up or Down - July 10, 8:05PM-8:10PM ET",2026-07-11T00:10:00Z,2026-07-11T00:05:00Z,0.0740412,Down,"[""0"", ""1""]",0.12,383.131416,,-0.46,0.02,resolved,0x99ca0fedf00b22e329068afd393ea0b82f695d62de2c1509b397ccb3b42b9fdb,https://data.chain.link/streams/doge-usd,,
eth-updown-5m-1783728300,ETH,"Ethereum Up or Down - July 10, 8:05PM-8:10PM ET",2026-07-11T00:10:00Z,2026-07-11T00:05:00Z,1793.54337,Down,"[""0"", ""1""]",0.01,6973.684024000006,,-0.08,0.01,resolved,0xace97c1af6c74dc143d0228d0a8bd6f3de9a5515a4a8c0ae1864dbb8d11f5389,https://data.chain.link/streams/eth-usd,,
hype-updown-5m-1783728300,HYPE,"Hyperliquid Up or Down - July 10, 8:05PM-8:10PM ET",2026-07-11T00:10:00Z,2026-07-11T00:05:00Z,67.42751887726922,Up,"[""1"", ""0""]",0.99,402.70614600000005,,0.495,0.01,resolved,0x719ba81bc571e32ed692a3b4b01278f8a999f656ca674880794667dccbfdd2df,https://data.chain.link/streams/hype-usd,,
sol-updown-5m-1783728300,SOL,"Solana Up or Down - July 10, 8:05PM-8:10PM ET",2026-07-11T00:10:00Z,2026-07-11T00:05:00Z,77.95511176997033,Down,"[""0"", ""1""]",0.23,2812.043051,1.960783,-0.22,0.05,resolved,0x43119da253c084911135cbcd5c71b7c1f4621859d49b0fdabae2e43152d77c68,https://data.chain.link/streams/sol-usd,,
xrp-updown-5m-1783728300,XRP,"XRP Up or Down - July 10, 8:05PM-8:10PM ET",2026-07-11T00:10:00Z,2026-07-11T00:05:00Z,1.10256155,Up,"[""1"", ""0""]",0.99,2259.1917969999995,,0.49,0.01,resolved,0x5c7123694c03bec312812a42cd0bc3f512a13881cceabf2536beab8a1eb4d797,https://data.chain.link/streams/xrp-usd,,
bnb-updown-5m-1783728600,BNB,"BNB Up or Down - July 10, 8:10PM-8:15PM ET",2026-07-11T00:15:00Z,2026-07-11T00:10:00Z,574.7307319126924,Down,"[""0"", ""1""]",0.23,267.455249,,-0.5045,0.001,resolved,0x85abc7ac799a1e8ea600f6d7249806e2d188803c3a6e054e2e80123f8b36951d,https://data.chain.link/streams/bnb-usd,,
btc-updown-5m-1783728600,BTC,"Bitcoin Up or Down - July 10, 8:10PM-8:15PM ET",2026-07-11T00:15:00Z,2026-07-11T00:10:00Z,64056.52863,Down,"[""0"", ""1""]",0.01,49996.4818799999,6,-0.5,0.01,resolved,0xbf9a048d8e5bcbf78d1fe6582ee61010d1a7b3e447c20c8012051809c37b8289,https://data.chain.link/streams/btc-usd,,
doge-updown-5m-1783728600,DOGE,"Dogecoin Up or Down - July 10, 8:10PM-8:15PM ET",2026-07-11T00:15:00Z,2026-07-11T00:10:00Z,0.0740191,Down,"[""0"", ""1""]",0.33,486.33068,1.960783,-0.4995,0.001,resolved,0x3bc004a114aa35bb5e5c7241324722850825e69a52e9cde5e30f0ae097559e0c,https://data.chain.link/streams/doge-usd,,
eth-updown-5m-1783728600,ETH,"Ethereum Up or Down - July 10, 8:10PM-8:15PM ET",2026-07-11T00:15:00Z,2026-07-11T00:10:00Z,1793.500938266194,Down,"[""0"", ""1""]",0.01,3450.130591999998,1.960783,-0.3,0.01,resolved,0x2e83be15d42720b670d774e153461912d883f1002c761aa00338a9512c7d872e,https://data.chain.link/streams/eth-usd,,
hype-updown-5m-1783728600,HYPE,"Hyperliquid Up or Down - July 10, 8:10PM-8:15PM ET",2026-07-11T00:15:00Z,2026-07-11T00:10:00Z,67.49628704792197,Down,"[""0"", ""1""]",0.7,210.50108,,-0.495,0.01,resolved,0xb4e4df26ef549235a5af66a185d1c699df6b9bdacf3aabee69c0b1d1f31b856c,https://data.chain.link/streams/hype-usd,,
sol-updown-5m-1783728600,SOL,"Solana Up or Down - July 10, 8:10PM-8:15PM ET",2026-07-11T00:15:00Z,2026-07-11T00:10:00Z,77.94220277296805,Down,"[""0"", ""1""]",0.02,1976.090216,,-0.38,0.01,resolved,0xffc33d5cd27382cdf5ee2f85e987e6996655ac282980d48aa8b1d77e8e785837,https://data.chain.link/streams/sol-usd,,
xrp-updown-5m-1783728600,XRP,"XRP Up or Down - July 10, 8:10PM-8:15PM ET",2026-07-11T00:15:00Z,2026-07-11T00:10:00Z,1.103196349361104,Down,"[""0"", ""1""]",0.01,1391.5608339999999,,-0.49,0.01,resolved,0x004ca26553abb3f13b71e5e2865c5b34005df46f324bbef5e56305fa86831d39,https://data.chain.link/streams/xrp-usd,,
bnb-updown-5m-1783728900,BNB,"BNB Up or Down - July 10, 8:15PM-8:20PM ET",2026-07-11T00:20:00Z,2026-07-11T00:15:00Z,574.6813802488249,Down,"[""0"", ""1""]",0.2,167.15854299999998,,-0.5,0.01,resolved,0xcbe7d836fe2773ea600641b9bb7009f2f3c98cedc7e14bb2749f9aff991d5131,https://data.chain.link/streams/bnb-usd,,
btc-updown-5m-1783728900,BTC,"Bitcoin Up or Down - July 10, 8:15PM-8:20PM ET",2026-07-11T00:20:00Z,2026-07-11T00:15:00Z,64035.004745,Down,"[""0"", ""1""]",0.001,58808.93531800001,6,-0.5,0.01,resolved,0x3a68728d725524b2aa09427ed9420771f2524cbe4ba57c6f791d5492d2812692,https://data.chain.link/streams/btc-usd,,
doge-updown-5m-1783728900,DOGE,"Dogecoin Up or Down - July 10, 8:15PM-8:20PM ET",2026-07-11T00:20:00Z,2026-07-11T00:15:00Z,0.073943785,Down,"[""0"", ""1""]",0.06,307.7871879999999,1.960783,-0.495,0.01,resolved,0x6519af978d48d7a733d8936c573db4c8afb411d2a328b03349130c296fadd69e,https://data.chain.link/streams/doge-usd,,
eth-updown-5m-1783728900,ETH,"Ethereum Up or Down - July 10, 8:15PM-8:20PM ET",2026-07-11T00:20:00Z,2026-07-11T00:15:00Z,1792.5201242516587,Down,"[""0"", ""1""]",0.01,4390.61753,2,-0.5045,0.001,resolved,0x26ea06f781778795361fd1302a50b1cda769a45b71021a55767356236788723c,https://data.chain.link/streams/eth-usd,,
hype-updown-5m-1783728900,HYPE,"Hyperliquid Up or Down - July 10, 8:15PM-8:20PM ET",2026-07-11T00:20:00Z,2026-07-11T00:15:00Z,67.351834,Down,"[""0"", ""1""]",,215.38401799999997,,-0.495,0.01,resolved,0x2795608f727fa11171eb816deb0c5d4f61271dbcfc5d5e3bc242852babb0c1f1,https://data.chain.link/streams/hype-usd,,
sol-updown-5m-1783728900,SOL,"Solana Up or Down - July 10, 8:15PM-8:20PM ET",2026-07-11T00:20:00Z,2026-07-11T00:15:00Z,77.89438064921121,Down,"[""0"", ""1""]",0.1,2037.7315489999987,,-0.5,0.01,resolved,0xbd43fd7116c56d45e2325263c713958c926a5578099e7515ac21a75d489a5bef,https://data.chain.link/streams/sol-usd,,
xrp-updown-5m-1783728900,XRP,"XRP Up or Down - July 10, 8:15PM-8:20PM ET",2026-07-11T00:20:00Z,2026-07-11T00:15:00Z,1.1014774458349028,Down,"[""0"", ""1""]",0.74,2446.763209,1.960783,-0.355,0.08,resolved,0xcfbb8990f9888d119c38fa19d657d3e1303fbe3d9a50bff94e8e02e5a544ac69,https://data.chain.link/streams/xrp-usd,,
bnb-updown-5m-1783729200,BNB,"BNB Up or Down - July 10, 8:20PM-8:25PM ET",2026-07-11T00:25:00Z,2026-07-11T00:20:00Z,574.2903814712125,Up,"[""1"", ""0""]",0.99,138.902315,,0.49,0.01,resolved,0x1cece509abef6d75a0432a3f69910e187ddb0f6c5dd84ee167005102961fc44f,https://data.chain.link/streams/bnb-usd,,
btc-updown-5m-1783729200,BTC,"Bitcoin Up or Down - July 10, 8:20PM-8:25PM ET",2026-07-11T00:25:00Z,2026-07-11T00:20:00Z,64008.09435545232,Up,"[""1"", ""0""]",0.99,116098.70688599994,6,0.49,0.01,resolved,0x13ee27b8c1e2222a11d4891ab857db3df56be2632d29195510c72553f74c03f3,https://data.chain.link/streams/btc-usd,,
doge-updown-5m-1783729200,DOGE,"Dogecoin Up or Down - July 10, 8:20PM-8:25PM ET",2026-07-11T00:25:00Z,2026-07-11T00:20:00Z,0.07388049829766416,Up,"[""1"", ""0""]",0.999,543.7822279999998,,0.4995,0.001,resolved,0x8777d8ed18a6c79ffae585a0b3088920fa1c6fcf804e03ecc062772c1a8a8622,https://data.chain.link/streams/doge-usd,,
eth-updown-5m-1783729200,ETH,"Ethereum Up or Down - July 10, 8:20PM-8:25PM ET",2026-07-11T00:25:00Z,2026-07-11T00:20:00Z,1790.7312322881996,Up,"[""1"", ""0""]",0.99,6079.753657000004,3.960782,0.49,0.01,resolved,0x9d2dc8d8c2cd81cdd66083379adcffb04d78475e1c07d04013107b043ff46de3,https://data.chain.link/streams/eth-usd,,
hype-updown-5m-1783729200,HYPE,"Hyperliquid Up or Down - July 10, 8:20PM-8:25PM ET",2026-07-11T00:25:00Z,2026-07-11T00:20:00Z,67.264477,Up,"[""1"", ""0""]",0.999,457.573928,,0.4995,0.001,resolved,0xf909c8feafd358203dc04c5a6062713328d8a0f773244bd3400b56dfd0da9784,https://data.chain.link/streams/hype-usd,,
sol-updown-5m-1783729200,SOL,"Solana Up or Down - July 10, 8:20PM-8:25PM ET",2026-07-11T00:25:00Z,2026-07-11T00:20:00Z,77.8155659163578,Up,"[""1"", ""0""]",0.99,4781.052672999996,,0.49,0.01,resolved,0xe5eaebed74bc93d6da68d565f64af33814d1dadf3286aba4823b1822992cdfb2,https://data.chain.link/streams/sol-usd,,
xrp-updown-5m-1783729200,XRP,"XRP Up or Down - July 10, 8:20PM-8:25PM ET",2026-07-11T00:25:00Z,2026-07-11T00:20:00Z,1.1014770011917991,Up,"[""1"", ""0""]",0.99,3028.2614039999994,1.960783,0.49,0.01,resolved,0x4c6b78a95a519456fca5607b626d377e30df8eaa0308b5ac55025266e629e10f,https://data.chain.link/streams/xrp-usd,,
bnb-updown-5m-1783729500,BNB,"BNB Up or Down - July 10, 8:25PM-8:30PM ET",2026-07-11T00:30:00Z,2026-07-11T00:25:00Z,574.8923255813406,Up,"[""1"", ""0""]",0.99,304.961235,,0.23,0.45,resolved,0x72bdf562083494cf2e49dd0a4944565ff7ab90d3a4354e5e7a080dc23982dc68,https://data.chain.link/streams/bnb-usd,,
btc-updown-5m-1783729500,BTC,"Bitcoin Up or Down - July 10, 8:25PM-8:30PM ET",2026-07-11T00:30:00Z,2026-07-11T00:25:00Z,64054.53726926139,Up,"[""1"", ""0""]",0.99,108312.94104099966,,0.05,0.01,resolved,0xf131350de1461491f5a9f25491ba18e8957b5a5503067ef2769f429e265feb28,https://data.chain.link/streams/btc-usd,,
doge-updown-5m-1783729500,DOGE,"Dogecoin Up or Down - July 10, 8:25PM-8:30PM ET",2026-07-11T00:30:00Z,2026-07-11T00:25:00Z,0.07400725315814413,Up,"[""1"", ""0""]",0.99,545.422515,,0.495,0.01,resolved,0xa77f9703880765febbc480e88db6de2916e7b1161880faf61c851f6c4653aea8,https://data.chain.link/streams/doge-usd,,
eth-updown-5m-1783729500,ETH,"Ethereum Up or Down - July 10, 8:25PM-8:30PM ET",2026-07-11T00:30:00Z,2026-07-11T00:25:00Z,1792.3476487991309,Up,"[""1"", ""0""]",0.99,6758.889222000001,,0.49,0.01,resolved,0x9edf6d20444c0b06d4b0e8d5cbbf21af16f9f84002a966b38647a2e91acd088d,https://data.chain.link/streams/eth-usd,,
hype-updown-5m-1783729500,HYPE,"Hyperliquid Up or Down - July 10, 8:25PM-8:30PM ET",2026-07-11T00:30:00Z,2026-07-11T00:25:00Z,67.381467,Up,"[""1"", ""0""]",0.99,212.099682,,0.495,0.01,resolved,0x8699ce9dc092115c2ce97f7b6d8d7284a47f0ce8ca554b62b0e66170c2c51ece,https://data.chain.link/streams/hype-usd,,
sol-updown-5m-1783729500,SOL,"Solana Up or Down - July 10, 8:25PM-8:30PM ET",2026-07-11T00:30:00Z,2026-07-11T00:25:00Z,77.90557164070752,Up,"[""1"", ""0""]",0.99,4733.194544,,0.495,0.01,resolved,0xce2f261afc3fa42acbe99f2ab3407d4810e5aa54c58363655980e65ac5228181,https://data.chain.link/streams/sol-usd,,
xrp-updown-5m-1783729500,XRP,"XRP Up or Down - July 10, 8:25PM-8:30PM ET",2026-07-11T00:30:00Z,2026-07-11T00:25:00Z,1.1028394203341552,Up,"[""1"", ""0""]",0.99,2767.749192000001,,0.49,0.01,resolved,0x27e8d7a51cd8fb079f34b5ec51c14b1da02777423fb6b542516e32e1b9436bb1,https://data.chain.link/streams/xrp-usd,,
bnb-updown-5m-1783729800,BNB,"BNB Up or Down - July 10, 8:30PM-8:35PM ET",2026-07-11T00:35:00Z,2026-07-11T00:30:00Z,574.9351634414161,Down,"[""0"", ""1""]",0.01,272.128244,,-0.5,0.01,resolved,0x1fdd4f46ed0df1d3f131d900066fa269a5668eee85ca2ea1e170ceadc74dd892,https://data.chain.link/streams/bnb-usd,,
btc-updown-5m-1783729800,BTC,"Bitcoin Up or Down - July 10, 8:30PM-8:35PM ET",2026-07-11T00:35:00Z,2026-07-11T00:30:00Z,64068.40354985819,Down,"[""0"", ""1""]",0.01,108854.53732499978,,-0.04,0.01,resolved,0x1f7d5dab7b2cbb218084e8b35a5e0b393c2bb40b247d8569b2dac3b06ce9a107,https://data.chain.link/streams/btc-usd,,
doge-updown-5m-1783729800,DOGE,"Dogecoin Up or Down - July 10, 8:30PM-8:35PM ET",2026-07-11T00:35:00Z,2026-07-11T00:30:00Z,0.0740605,Down,"[""0"", ""1""]",0.21,351.511679,,-0.405,0.01,resolved,0xf4da693aacf0d0d2b67a7a74007c6bd8d345f074028a3cf4d10c96856bf374fc,https://data.chain.link/streams/doge-usd,,
eth-updown-5m-1783729800,ETH,"Ethereum Up or Down - July 10, 8:30PM-8:35PM ET",2026-07-11T00:35:00Z,2026-07-11T00:30:00Z,1792.5493099999999,Down,"[""0"", ""1""]",0.01,2626.7415249999995,,-0.33,0.01,resolved,0xd14c5fb66d0045ba950e17b1d4698b24f4ba44cc4f1d29d79598aaea1a7903a8,https://data.chain.link/streams/eth-usd,,
hype-updown-5m-1783729800,HYPE,"Hyperliquid Up or Down - July 10, 8:30PM-8:35PM ET",2026-07-11T00:35:00Z,2026-07-11T00:30:00Z,67.413201,Up,"[""1"", ""0""]",0.99,95.22274499999999,,0.28,0.04,resolved,0xf37ad76ad30296d14150aeeb3abd834a70d35468f86fe30e0b3e59980fc4a620,https://data.chain.link/streams/hype-usd,,
sol-updown-5m-1783729800,SOL,"Solana Up or Down - July 10, 8:30PM-8:35PM ET",2026-07-11T00:35:00Z,2026-07-11T00:30:00Z,77.91177017783168,Down,"[""0"", ""1""]",0.01,1819.8462409999997,,-0.41,0.01,resolved,0x7a6755fd20b14adfaa606639850d4477dccda82588e4877299f9a9184b8ba736,https://data.chain.link/streams/sol-usd,,
xrp-updown-5m-1783729800,XRP,"XRP Up or Down - July 10, 8:30PM-8:35PM ET",2026-07-11T00:35:00Z,2026-07-11T00:30:00Z,1.1030438417242507,Down,"[""0"", ""1""]",0.01,1856.343868,,-0.115,0.02,resolved,0xd46d39b2881a4bf5f558ce809caa94a1158c9594d5f7a7f0dac90e16a4282f2c,https://data.chain.link/streams/xrp-usd,,
bnb-updown-5m-1783730100,BNB,"BNB Up or Down - July 10, 8:35PM-8:40PM ET",2026-07-11T00:40:00Z,2026-07-11T00:35:00Z,574.7197204498183,Down,"[""0"", ""1""]",0.08,290.01992900000005,,-0.5,0.008,resolved,0x4ad9f21a129e749b82b3719172e031dc61a785b3a87f9e4e30d9753b35506cc8,https://data.chain.link/streams/bnb-usd,,
btc-updown-5m-1783730100,BTC,"Bitcoin Up or Down - July 10, 8:35PM-8:40PM ET",2026-07-11T00:40:00Z,2026-07-11T00:35:00Z,64055.454829999995,Down,"[""0"", ""1""]",0.01,96528.63973699983,,-0.27,0.01,resolved,0xaea7de11b13ebbbc379cf6b712ad51609a2122daac16a93cae03c6b4b4ee1ea6,https://data.chain.link/streams/btc-usd,,
doge-updown-5m-1783730100,DOGE,"Dogecoin Up or Down - July 10, 8:35PM-8:40PM ET",2026-07-11T00:40:00Z,2026-07-11T00:35:00Z,0.0740164,Down,"[""0"", ""1""]",0.04,319.70562900000004,,-0.475,0.03,resolved,0x874f07f80788d6b64f9cab3ebc7a632fd8f1abb3e9681fee99c95b9ec3dbd06c,https://data.chain.link/streams/doge-usd,,
eth-updown-5m-1783730100,ETH,"Ethereum Up or Down - July 10, 8:35PM-8:40PM ET",2026-07-11T00:40:00Z,2026-07-11T00:35:00Z,1791.74757044226,Down,"[""0"", ""1""]",0.001,7821.793355000004,,-0.5045,0.001,resolved,0xa0654708b0a7dadcb26bd85374b37f16e76f8e1afae672866eb32d3a113a531f,https://data.chain.link/streams/eth-usd,,
hype-updown-5m-1783730100,HYPE,"Hyperliquid Up or Down - July 10, 8:35PM-8:40PM ET",2026-07-11T00:40:00Z,2026-07-11T00:35:00Z,67.4648,Down,"[""0"", ""1""]",,195.629406,,-0.495,0.01,resolved,0x3d99b45d6f007b664076823c8bffe5d46a4c5d087839c59b16a65974954f117d,https://data.chain.link/streams/hype-usd,,
sol-updown-5m-1783730100,SOL,"Solana Up or Down - July 10, 8:35PM-8:40PM ET",2026-07-11T00:40:00Z,2026-07-11T00:35:00Z,77.84357317284974,Down,"[""0"", ""1""]",0.02,2567.971996,,-0.5,0.01,resolved,0xdd02102b35b1c7e73c0da06aa5a7accc448924b8d09bebaf11bc729e5cab4cc4,https://data.chain.link/streams/sol-usd,,
xrp-updown-5m-1783730100,XRP,"XRP Up or Down - July 10, 8:35PM-8:40PM ET",2026-07-11T00:40:00Z,2026-07-11T00:35:00Z,1.1027875829635545,Down,"[""0"", ""1""]",0.01,3638.667944,,-0.29,0.01,resolved,0x136045622dc10f38070a979eb7a30b673a76aeddc5701e6526cff3f15e49755c,https://data.chain.link/streams/xrp-usd,,
bnb-updown-5m-1783730400,BNB,"BNB Up or Down - July 10, 8:40PM-8:45PM ET",2026-07-11T00:45:00Z,2026-07-11T00:40:00Z,574.0450687076004,Up,"[""1"", ""0""]",0.99,341.33905999999996,,0.47,0.03,resolved,0x7804a96a112b777ea362dbf47303bea7c48dd513407d3742df64509b273b333f,https://data.chain.link/streams/bnb-usd,,
btc-updown-5m-1783730400,BTC,"Bitcoin Up or Down - July 10, 8:40PM-8:45PM ET",2026-07-11T00:45:00Z,2026-07-11T00:40:00Z,64020.33219034875,Up,"[""1"", ""0""]",0.99,99414.92293499988,1.960783,0.39,0.01,resolved,0xcc73fac3931c46cea584435204a8806637dc1811d4bb0152fb996e944cc65f73,https://data.chain.link/streams/btc-usd,,
doge-updown-5m-1783730400,DOGE,"Dogecoin Up or Down - July 10, 8:40PM-8:45PM ET",2026-07-11T00:45:00Z,2026-07-11T00:40:00Z,0.073960066,Up,"[""1"", ""0""]",0.99,306.777889,,0.4995,0.001,resolved,0x56272d8af87cdfe5754e5b712da48ec792ffa34b765c777654c7c91d063a0b6a,https://data.chain.link/streams/doge-usd,,
eth-updown-5m-1783730400,ETH,"Ethereum Up or Down - July 10, 8:40PM-8:45PM ET",2026-07-11T00:45:00Z,2026-07-11T00:40:00Z,1789.9179299346472,Up,"[""1"", ""0""]",0.99,5766.139550000001,,0.46,0.01,resolved,0xf17a21f34e9729f2a3b8fcb76a5bf89c298abbe6204d6cabb9379b0968de3396,https://data.chain.link/streams/eth-usd,,
hype-updown-5m-1783730400,HYPE,"Hyperliquid Up or Down - July 10, 8:40PM-8:45PM ET",2026-07-11T00:45:00Z,2026-07-11T00:40:00Z,67.384585,Up,"[""1"", ""0""]",0.999,359.32239100000004,,0.4995,0.001,resolved,0x25a3df2c9825cace027f8ba9f6ef60ea09618edf5f3c7087e77f9b683c68805d,https://data.chain.link/streams/hype-usd,,
sol-updown-5m-1783730400,SOL,"Solana Up or Down - July 10, 8:40PM-8:45PM ET",2026-07-11T00:45:00Z,2026-07-11T00:40:00Z,77.78840093018128,Up,"[""1"", ""0""]",0.99,3558.7545049999994,,0.37,0.01,resolved,0x2c67b800bd95f8c7a1c7c4dc88249f563d9a16f5aff8862cbf85b6f7de574ba7,https://data.chain.link/streams/sol-usd,,
xrp-updown-5m-1783730400,XRP,"XRP Up or Down - July 10, 8:40PM-8:45PM ET",2026-07-11T00:45:00Z,2026-07-11T00:40:00Z,1.1025704915569146,Up,"[""1"", ""0""]",0.99,2491.607869,,0.48,0.01,resolved,0x60c3c3442f764b47374ff1a901a747413f56fd0a6e60c24aaafffaa864e4a0d4,https://data.chain.link/streams/xrp-usd,,
bnb-updown-5m-1783730700,BNB,"BNB Up or Down - July 10, 8:45PM-8:50PM ET",2026-07-11T00:50:00Z,2026-07-11T00:45:00Z,574.8153320233496,Down,"[""0"", ""1""]",0.36,211.56929,2.941175,-0.5,0.01,resolved,0x9c17a7c559d5b65c68a35967dfecdbcc1b187cc39cf0e9eb5a45aca090e64545,https://data.chain.link/streams/bnb-usd,,
btc-updown-5m-1783730700,BTC,"Bitcoin Up or Down - July 10, 8:45PM-8:50PM ET",2026-07-11T00:50:00Z,2026-07-11T00:45:00Z,64106.16155304,Down,"[""0"", ""1""]",0.001,86771.16746400019,,-0.5,0.01,resolved,0x3f9956d0dcce404ee41e0c6b5f134ef7e0182422c3b87a38ce78e517265e3b1b,https://data.chain.link/streams/btc-usd,,
doge-updown-5m-1783730700,DOGE,"Dogecoin Up or Down - July 10, 8:45PM-8:50PM ET",2026-07-11T00:50:00Z,2026-07-11T00:45:00Z,0.07414989966128803,Down,"[""0"", ""1""]",0.44,504.81087999999966,,-0.495,0.01,resolved,0xfbb043cd8026e349ed1fdc83a01d4ae3156b4978def428e5fb935202b5113a31,https://data.chain.link/streams/doge-usd,,
eth-updown-5m-1783730700,ETH,"Ethereum Up or Down - July 10, 8:45PM-8:50PM ET",2026-07-11T00:50:00Z,2026-07-11T00:45:00Z,1792.4954329419627,Down,"[""0"", ""1""]",0.009,4139.363937000002,,-0.499,0.008,resolved,0x5b085dcab46421b14ba1a1838ff3d5a3938384b317b3f5ac1acd804a88b7429c,https://data.chain.link/streams/eth-usd,,
hype-updown-5m-1783730700,HYPE,"Hyperliquid Up or Down - July 10, 8:45PM-8:50PM ET",2026-07-11T00:50:00Z,2026-07-11T00:45:00Z,67.5775205968362,Down,"[""0"", ""1""]",,387.129108,,-0.495,0.008,resolved,0x711693445b96e76ee760b0d4194542166dc10de6e3d1dc2bdb40d46bcba67977,https://data.chain.link/streams/hype-usd,,
sol-updown-5m-1783730700,SOL,"Solana Up or Down - July 10, 8:45PM-8:50PM ET",2026-07-11T00:50:00Z,2026-07-11T00:45:00Z,77.89296624903473,Down,"[""0"", ""1""]",0.002,2740.5998889999996,,-0.5045,0.001,resolved,0x4a7d77b20e42fa33c34d598e0bd4d1e2a1a8277fea40ffd42c1008fee268cf59,https://data.chain.link/streams/sol-usd,,
xrp-updown-5m-1783730700,XRP,"XRP Up or Down - July 10, 8:45PM-8:50PM ET",2026-07-11T00:50:00Z,2026-07-11T00:45:00Z,1.1044900063169936,Down,"[""0"", ""1""]",0.07,1437.4814939999992,,-0.5,0.01,resolved,0x8c2981c5483ad0604b879a12d089f4965dcb68121ce8446d5ad0a9dd8ed70c46,https://data.chain.link/streams/xrp-usd,,
bnb-updown-5m-1783731000,BNB,"BNB Up or Down - July 10, 8:50PM-8:55PM ET",2026-07-11T00:55:00Z,2026-07-11T00:50:00Z,574.2305362231283,Up,"[""1"", ""0""]",0.99,120.130607,300,0.49,0.01,resolved,0xbed88f582d66c4bdcbfce4c030ad4a15ae555049a05b90a7120e8662c8eb6e09,https://data.chain.link/streams/bnb-usd,,
btc-updown-5m-1783731000,BTC,"Bitcoin Up or Down - July 10, 8:50PM-8:55PM ET",2026-07-11T00:55:00Z,2026-07-11T00:50:00Z,64048.95760568022,Up,"[""1"", ""0""]",0.99,73376.62776699985,11789.193119,0.49,0.01,resolved,0x747f698de6b52d9f37519babb1ce47474b86cec39fd660aa9660fbfe621c5f17,https://data.chain.link/streams/btc-usd,,
doge-updown-5m-1783731000,DOGE,"Dogecoin Up or Down - July 10, 8:50PM-8:55PM ET",2026-07-11T00:55:00Z,2026-07-11T00:50:00Z,0.074072,Up,"[""1"", ""0""]",0.99,424.85407,300,0.4995,0.001,resolved,0xca9db962bf96a0bae75a564dbb0de89f3e5b815c31a4e0680631db9e4a365daf,https://data.chain.link/streams/doge-usd,,
eth-updown-5m-1783731000,ETH,"Ethereum Up or Down - July 10, 8:50PM-8:55PM ET",2026-07-11T00:55:00Z,2026-07-11T00:50:00Z,1790.6210642372064,Up,"[""1"", ""0""]",0.99,3458.0240130000016,2021.518822,0.49,0.01,resolved,0xab2569f657e50bdd29b7bf65dd5b212f50bd3001150b1db194ec4b54c8a6cacc,https://data.chain.link/streams/eth-usd,,
hype-updown-5m-1783731000,HYPE,"Hyperliquid Up or Down - July 10, 8:50PM-8:55PM ET",2026-07-11T00:55:00Z,2026-07-11T00:50:00Z,67.421694,Up,"[""1"", ""0""]",0.99,84.319343,,0.495,0.01,resolved,0x0ea620470c9d3d950fe04598d1dc1f10c43fcc335626ef2e82790312aaa0c08c,https://data.chain.link/streams/hype-usd,,
sol-updown-5m-1783731000,SOL,"Solana Up or Down - July 10, 8:50PM-8:55PM ET",2026-07-11T00:55:00Z,2026-07-11T00:50:00Z,77.752156548117,Up,"[""1"", ""0""]",0.99,1599.2450079999996,581.981174,0.49,0.01,resolved,0x8ec41ab617f21a5f0833b1ec87d01437ff65f3ac66f43b5417b7a85e6c28acef,https://data.chain.link/streams/sol-usd,,
xrp-updown-5m-1783731000,XRP,"XRP Up or Down - July 10, 8:50PM-8:55PM ET",2026-07-11T00:55:00Z,2026-07-11T00:50:00Z,1.103508117222492,Up,"[""1"", ""0""]",0.99,932.5042940000001,637.5,0.4945,0.001,resolved,0xa471681ea0cf8ae1be1ec7c93ab7fab5df350a4676fb04002a5c7241e66b3833,https://data.chain.link/streams/xrp-usd,,
bnb-updown-5m-1783731300,BNB,"BNB Up or Down - July 10, 8:55PM-9:00PM ET",2026-07-11T01:00:00Z,2026-07-11T00:55:00Z,574.6323136088307,Down,"[""0"", ""1""]",0.01,344.2541089999999,,-0.105,0.78,resolved,0xd6f2008c6e05ccca604c10cbc09afe19091ef17fe18435459f6bbf4671851eb4,https://data.chain.link/streams/bnb-usd,,
btc-updown-5m-1783731300,BTC,"Bitcoin Up or Down - July 10, 8:55PM-9:00PM ET",2026-07-11T01:00:00Z,2026-07-11T00:55:00Z,64092.38925797607,Down,"[""0"", ""1""]",0.01,108530.96774299988,737.89,-0.32,0.01,resolved,0x5016b00b577a3c1ef66a08a4744d0b9596fbc8684ce68b220b1086113910db17,https://data.chain.link/streams/btc-usd,,
doge-updown-5m-1783731300,DOGE,"Dogecoin Up or Down - July 10, 8:55PM-9:00PM ET",2026-07-11T01:00:00Z,2026-07-11T00:55:00Z,0.07416397139328354,Up,"[""1"", ""0""]",0.99,601.9794339999999,,0.455,0.05,resolved,0xbf6f60c56878d937e9901f8ec8f34d59a9147eba9015d97ffe7a6d4ef44c5b6b,https://data.chain.link/streams/doge-usd,,
eth-updown-5m-1783731300,ETH,"Ethereum Up or Down - July 10, 8:55PM-9:00PM ET",2026-07-11T01:00:00Z,2026-07-11T00:55:00Z,1792.2473400000001,Down,"[""0"", ""1""]",0.01,6815.549210999998,500,-0.16,0.01,resolved,0x2a4859429b60a9955332f64c816a1dc9be2332ae1ff4f1fd6cddb140b4c9c635,https://data.chain.link/streams/eth-usd,,
hype-updown-5m-1783731300,HYPE,"Hyperliquid Up or Down - July 10, 8:55PM-9:00PM ET",2026-07-11T01:00:00Z,2026-07-11T00:55:00Z,67.45153731841975,Down,"[""0"", ""1""]",0.01,104.73662499999999,,-0.495,0.01,resolved,0xf61c03a3548499503a3799387bbfa7c5da8ffbd76ddb85626d00b1f723db9291,https://data.chain.link/streams/hype-usd,,
sol-updown-5m-1783731300,SOL,"Solana Up or Down - July 10, 8:55PM-9:00PM ET",2026-07-11T01:00:00Z,2026-07-11T00:55:00Z,77.81602662701704,Down,"[""0"", ""1""]",0.01,1999.5741890000006,15,-0.36,0.01,resolved,0xfd56c9f107359e00267550010fdce7ef3c4bdd3e067e94fd00bcca4cd63f69e1,https://data.chain.link/streams/sol-usd,,
xrp-updown-5m-1783731300,XRP,"XRP Up or Down - July 10, 8:55PM-9:00PM ET",2026-07-11T01:00:00Z,2026-07-11T00:55:00Z,1.1044822804807926,Up,"[""1"", ""0""]",0.99,1877.035964,,0.465,0.02,resolved,0x87da7d45fd5a8aa033558c17a14a165021aa09fcdd3b4926c1c07fa472aab79e,https://data.chain.link/streams/xrp-usd,,
bnb-updown-5m-1783731600,BNB,"BNB Up or Down - July 10, 9:00PM-9:05PM ET",2026-07-11T01:05:00Z,2026-07-11T01:00:00Z,574.3086418966495,Up,"[""1"", ""0""]",0.99,187.82317799999998,,0.49,0.01,resolved,0x38effc707724a6f2e2d20cfa667768b039940c0eadaa25ebb7bac984159ad3a2,https://data.chain.link/streams/bnb-usd,,
btc-updown-5m-1783731600,BTC,"Bitcoin Up or Down - July 10, 9:00PM-9:05PM ET",2026-07-11T01:05:00Z,2026-07-11T01:00:00Z,64079.64385153871,Up,"[""1"", ""0""]",0.99,98690.18885400004,600,0.49,0.01,resolved,0x1ed3fbd0c4cdcbaed6f44eeeef76bbbbb05ffa8646b7958f16246478bfa66acc,https://data.chain.link/streams/btc-usd,,
doge-updown-5m-1783731600,DOGE,"Dogecoin Up or Down - July 10, 9:00PM-9:05PM ET",2026-07-11T01:05:00Z,2026-07-11T01:00:00Z,0.0741741,Down,"[""0"", ""1""]",0.001,290.41020299999997,,-0.4995,0.001,resolved,0xaee9812f25693a72cccf805400c469fc1c01fc31d1919d7f7725afa8942b2439,https://data.chain.link/streams/doge-usd,,
eth-updown-5m-1783731600,ETH,"Ethereum Up or Down - July 10, 9:00PM-9:05PM ET",2026-07-11T01:05:00Z,2026-07-11T01:00:00Z,1792.0143587369434,Down,"[""0"", ""1""]",0.01,4985.513054000005,500,-0.5,0.01,resolved,0xdab996f1ebef267c6289980c9d25d68069e96e1dc044c202bc04a57356d2fd4e,https://data.chain.link/streams/eth-usd,,
hype-updown-5m-1783731600,HYPE,"Hyperliquid Up or Down - July 10, 9:00PM-9:05PM ET",2026-07-11T01:05:00Z,2026-07-11T01:00:00Z,67.3869522358948,Up,"[""1"", ""0""]",0.99,106.689995,,0.495,0.01,resolved,0xd28860f02993a4197d5af8d9553a597cf3e73eb82eaf00fb04e65ff71d38782f,https://data.chain.link/streams/hype-usd,,
sol-updown-5m-1783731600,SOL,"Solana Up or Down - July 10, 9:00PM-9:05PM ET",2026-07-11T01:05:00Z,2026-07-11T01:00:00Z,77.79177852438508,Down,"[""0"", ""1""]",0.01,2792.950566999999,,-0.5,0.01,resolved,0xffdf01f5c0d2f8e321c9d2391f3fbe85152f0ab604eaeaf6eaf2b57816b6baf6,https://data.chain.link/streams/sol-usd,,
xrp-updown-5m-1783731600,XRP,"XRP Up or Down - July 10, 9:00PM-9:05PM ET",2026-07-11T01:05:00Z,2026-07-11T01:00:00Z,1.104542308321892,Down,"[""0"", ""1""]",0.01,1779.225806,,-0.5,0.01,resolved,0x01b41551b414172b315af6ae45adbd5fae4f416494ea81bca75c47c2c2800215,https://data.chain.link/streams/xrp-usd,,
bnb-updown-5m-1783731900,BNB,"BNB Up or Down - July 10, 9:05PM-9:10PM ET",2026-07-11T01:10:00Z,2026-07-11T01:05:00Z,574.4213909451056,Down,"[""0"", ""1""]",0.01,251.003341,,-0.14,0.29,resolved,0xc5e26fb687d3aadd610a033cc70513db7638eb94e9ee997488ef217668ba7481,https://data.chain.link/streams/bnb-usd,,
btc-updown-5m-1783731900,BTC,"Bitcoin Up or Down - July 10, 9:05PM-9:10PM ET",2026-07-11T01:10:00Z,2026-07-11T01:05:00Z,64090.0342167117,Down,"[""0"", ""1""]",0.01,92333.16161999988,,0.17,0.01,resolved,0x5bd426473e01f29a6bb5940609b5ea0ea3a802ae022b705409032bcbe530b88e,https://data.chain.link/streams/btc-usd,,
doge-updown-5m-1783731900,DOGE,"Dogecoin Up or Down - July 10, 9:05PM-9:10PM ET",2026-07-11T01:10:00Z,2026-07-11T01:05:00Z,0.07407161,Up,"[""1"", ""0""]",0.99,524.7873539999998,,0.47,0.02,resolved,0x2a727d0f34283f16f7d3181bddd3b6a3d5b75c9fbf32fcd67c347a6784c3abbc,https://data.chain.link/streams/doge-usd,,
eth-updown-5m-1783731900,ETH,"Ethereum Up or Down - July 10, 9:05PM-9:10PM ET",2026-07-11T01:10:00Z,2026-07-11T01:05:00Z,1791.6521855450928,Up,"[""1"", ""0""]",0.99,6240.402729999999,1.960783,0.46,0.01,resolved,0xc42c8d2d8bf64bb0c30e5716057328e2278065ed1928d2c39d52dba704bab6f1,https://data.chain.link/streams/eth-usd,,
hype-updown-5m-1783731900,HYPE,"Hyperliquid Up or Down - July 10, 9:05PM-9:10PM ET",2026-07-11T01:10:00Z,2026-07-11T01:05:00Z,67.453699,Up,"[""1"", ""0""]",0.99,92.22251400000002,,0.46,0.08,resolved,0xfa3322a02753e06a45cf1e4955f6705b97493831564718b1bf73f70bbf63667d,https://data.chain.link/streams/hype-usd,,
sol-updown-5m-1783731900,SOL,"Solana Up or Down - July 10, 9:05PM-9:10PM ET",2026-07-11T01:10:00Z,2026-07-11T01:05:00Z,77.77621827465073,Down,"[""0"", ""1""]",0.01,3581.004403999998,,-0.46,0.01,resolved,0xfbaa6fc5f461f4726d1c3bed9d4f48989591876e56d57a82f7280aa6b9cbbf7a,https://data.chain.link/streams/sol-usd,,
xrp-updown-5m-1783731900,XRP,"XRP Up or Down - July 10, 9:05PM-9:10PM ET",2026-07-11T01:10:00Z,2026-07-11T01:05:00Z,1.1042994293760973,Up,"[""1"", ""0""]",0.99,896.3465950000001,,0.48,0.01,resolved,0xc3d9b33104e15546d25bfc4e1af4801f449a518aba0a947b1ce4a8655b1184fe,https://data.chain.link/streams/xrp-usd,,
bnb-updown-5m-1783732200,BNB,"BNB Up or Down - July 10, 9:10PM-9:15PM ET",2026-07-11T01:15:00Z,2026-07-11T01:10:00Z,574.2716465574074,Up,"[""1"", ""0""]",0.99,189.393553,,0.49,0.01,resolved,0x11a5562113e02edd96ab25657a758fb4435575659a3d6df9bdad21e4f8994a9e,https://data.chain.link/streams/bnb-usd,,
btc-updown-5m-1783732200,BTC,"Bitcoin Up or Down - July 10, 9:10PM-9:15PM ET",2026-07-11T01:15:00Z,2026-07-11T01:10:00Z,64083.752635000004,Up,"[""1"", ""0""]",0.99,93966.45090999975,,0.49,0.01,resolved,0x6ab394eea03435fd15ebc54a5f9adb386c362ce8683e0706b95be9fe644b8eab,https://data.chain.link/streams/btc-usd,,
doge-updown-5m-1783732200,DOGE,"Dogecoin Up or Down - July 10, 9:10PM-9:15PM ET",2026-07-11T01:15:00Z,2026-07-11T01:10:00Z,0.074099761,Down,"[""0"", ""1""]",0.01,260.76633300000003,,-0.495,0.01,resolved,0x0c3e73bfd30371ce8fceb4e5b9305f33e17bd8235deed827d518f13d3fcea160,https://data.chain.link/streams/doge-usd,,
eth-updown-5m-1783732200,ETH,"Ethereum Up or Down - July 10, 9:10PM-9:15PM ET",2026-07-11T01:15:00Z,2026-07-11T01:10:00Z,1792.0954500342898,Up,"[""1"", ""0""]",0.99,4380.384413999998,1.960783,0.49,0.01,resolved,0x51c5716e591db92edcae358e1f693da0406ca43f290c17a0ef8ebf1078918fd0,https://data.chain.link/streams/eth-usd,,
hype-updown-5m-1783732200,HYPE,"Hyperliquid Up or Down - July 10, 9:10PM-9:15PM ET",2026-07-11T01:15:00Z,2026-07-11T01:10:00Z,67.506519,Down,"[""0"", ""1""]",0.44,96.17244,,-0.495,0.01,resolved,0x5a2d85325349f5f87d6f9051ed4062350e53b81160fd2e2540396e88bd8bc5fa,https://data.chain.link/streams/hype-usd,,
sol-updown-5m-1783732200,SOL,"Solana Up or Down - July 10, 9:10PM-9:15PM ET",2026-07-11T01:15:00Z,2026-07-11T01:10:00Z,77.74292554643095,Down,"[""0"", ""1""]",0.01,3427.172762000001,,-0.5,0.01,resolved,0xf75540d78196eb368b282a97c9bec66e8d5e593246fe928fc20bfb912a9687ba,https://data.chain.link/streams/sol-usd,,
xrp-updown-5m-1783732200,XRP,"XRP Up or Down - July 10, 9:10PM-9:15PM ET",2026-07-11T01:15:00Z,2026-07-11T01:10:00Z,1.1047584236668484,Down,"[""0"", ""1""]",0.01,1067.0162059999998,,-0.5,0.01,resolved,0x2ce471ffced9454ef05ab05f1513bd216673ba88ea8ca7d78f061b7d4067d8de,https://data.chain.link/streams/xrp-usd,,
bnb-updown-5m-1783732500,BNB,"BNB Up or Down - July 10, 9:15PM-9:20PM ET",2026-07-11T01:20:00Z,2026-07-11T01:15:00Z,574.4664391874304,Up,"[""1"", ""0""]",0.99,154.06872199999998,,0.49,0.01,resolved,0xc5bc1ff6025bd6f23503d6b94ef82684018621577dd4f4313e7ac3cdd3bbfaf7,https://data.chain.link/streams/bnb-usd,,
btc-updown-5m-1783732500,BTC,"Bitcoin Up or Down - July 10, 9:15PM-9:20PM ET",2026-07-11T01:20:00Z,2026-07-11T01:15:00Z,64098.32823320867,Up,"[""1"", ""0""]",0.999,95470.28432999983,,0.49,0.01,resolved,0x3483853a2f32f5a7f196e49ae20d2b0a2fd8470a039835381a9484a362dea8f9,https://data.chain.link/streams/btc-usd,,
doge-updown-5m-1783732500,DOGE,"Dogecoin Up or Down - July 10, 9:15PM-9:20PM ET",2026-07-11T01:20:00Z,2026-07-11T01:15:00Z,0.07406,Up,"[""1"", ""0""]",0.99,418.592268,,0.495,0.01,resolved,0x1942a866ff05fed0fee565edc9763a59c0b7c094432ef5d756207ef1e625e41a,https://data.chain.link/streams/doge-usd,,
eth-updown-5m-1783732500,ETH,"Ethereum Up or Down - July 10, 9:15PM-9:20PM ET",2026-07-11T01:20:00Z,2026-07-11T01:15:00Z,1792.4913323453766,Up,"[""1"", ""0""]",0.99,3914.743179999999,2,0.49,0.01,resolved,0xa5a762698348e1757f7fa0cab52f2ad4d68e2aacb3d899b8aef796b6b3be3063,https://data.chain.link/streams/eth-usd,,
hype-updown-5m-1783732500,HYPE,"Hyperliquid Up or Down - July 10, 9:15PM-9:20PM ET",2026-07-11T01:20:00Z,2026-07-11T01:15:00Z,67.468898,Up,"[""1"", ""0""]",0.99,42.504346000000005,,0.495,0.01,resolved,0x7d1b31966494aa6e2ac849576684879a4e2143ef1d59d4017ee9bc236b7c9106,https://data.chain.link/streams/hype-usd,,
sol-updown-5m-1783732500,SOL,"Solana Up or Down - July 10, 9:15PM-9:20PM ET",2026-07-11T01:20:00Z,2026-07-11T01:15:00Z,77.73997780718466,Up,"[""1"", ""0""]",0.99,3070.80333,,0.49,0.01,resolved,0xe23cee9a53241fdc708caf854029ebb30d00905bafc3370c22c89ed7f32c53b7,https://data.chain.link/streams/sol-usd,,
xrp-updown-5m-1783732500,XRP,"XRP Up or Down - July 10, 9:15PM-9:20PM ET",2026-07-11T01:20:00Z,2026-07-11T01:15:00Z,1.1044802264008382,Up,"[""1"", ""0""]",0.99,1476.2840629999994,1.960783,0.49,0.01,resolved,0x5262f03fa288b3c8e89e69d7d19b88b936759579900e863711e0b7b1dfb20d16,https://data.chain.link/streams/xrp-usd,,
bnb-updown-5m-1783732800,BNB,"BNB Up or Down - July 10, 9:20PM-9:25PM ET",2026-07-11T01:25:00Z,2026-07-11T01:20:00Z,574.9790112507583,Up,"[""1"", ""0""]",0.99,149.69871700000002,,0.4945,0.001,resolved,0xd9bf0fef9b6770da8f5c1ccf3d56201fd1326546a64d6a36e8612a135b541d78,https://data.chain.link/streams/bnb-usd,,
btc-updown-5m-1783732800,BTC,"Bitcoin Up or Down - July 10, 9:20PM-9:25PM ET",2026-07-11T01:25:00Z,2026-07-11T01:20:00Z,64141.87715117521,Up,"[""1"", ""0""]",0.999,107097.44762899974,,0.4945,0.001,resolved,0x78788c202d1a8a65f64160df15d9a70e95fde987a8af5025d11c7f0f99777a04,https://data.chain.link/streams/btc-usd,,
doge-updown-5m-1783732800,DOGE,"Dogecoin Up or Down - July 10, 9:20PM-9:25PM ET",2026-07-11T01:25:00Z,2026-07-11T01:20:00Z,0.0742120927082944,Down,"[""0"", ""1""]",0.01,666.4983500000002,,0.385,0.05,resolved,0x7b682436aff56383d2c24a3135c801e6a42ed341ab9a90fc271d3b55b87e2632,https://data.chain.link/streams/doge-usd,,
eth-updown-5m-1783732800,ETH,"Ethereum Up or Down - July 10, 9:20PM-9:25PM ET",2026-07-11T01:25:00Z,2026-07-11T01:20:00Z,1795.382685,Down,"[""0"", ""1""]",0.01,6977.091102999995,3.921566,-0.5,0.01,resolved,0x7a6fc56e59d0edba7ca53e94a4a888b948b931504635e3b3629ecdbae38df4f1,https://data.chain.link/streams/eth-usd,,
hype-updown-5m-1783732800,HYPE,"Hyperliquid Up or Down - July 10, 9:20PM-9:25PM ET",2026-07-11T01:25:00Z,2026-07-11T01:20:00Z,67.57193312619972,Down,"[""0"", ""1""]",0.01,88.571391,,0.165,0.03,resolved,0xe7daf136a869400c743ee7ad4d7368fa3a4761890f58ebe5c5723fb8f3b149d8,https://data.chain.link/streams/hype-usd,,
sol-updown-5m-1783732800,SOL,"Solana Up or Down - July 10, 9:20PM-9:25PM ET",2026-07-11T01:25:00Z,2026-07-11T01:20:00Z,77.8781474692774,Up,"[""1"", ""0""]",0.999,2703.272913999999,,0.4945,0.001,resolved,0x649cd5154c759ea1212ae31071d69e4ed652874059fd45b393d97e32614630b4,https://data.chain.link/streams/sol-usd,,
xrp-updown-5m-1783732800,XRP,"XRP Up or Down - July 10, 9:20PM-9:25PM ET",2026-07-11T01:25:00Z,2026-07-11T01:20:00Z,1.1060195406608935,Up,"[""1"", ""0""]",0.99,1352.5200240000004,,0.45,0.01,resolved,0x21adb59a40fe64115bc050a650f3d826b5b95d5773d991a77c45570aa26c5df6,https://data.chain.link/streams/xrp-usd,,
bnb-updown-5m-1783733100,BNB,"BNB Up or Down - July 10, 9:25PM-9:30PM ET",2026-07-11T01:30:00Z,2026-07-11T01:25:00Z,575.2314607683938,Down,"[""0"", ""1""]",0.01,268.14555699999994,,-0.49,0.01,resolved,0xc597c517baf3518170bb16244b209e696a9411de4ba6ea5907675cf22a0c224a,https://data.chain.link/streams/bnb-usd,,
btc-updown-5m-1783733100,BTC,"Bitcoin Up or Down - July 10, 9:25PM-9:30PM ET",2026-07-11T01:30:00Z,2026-07-11T01:25:00Z,64174.26255735886,Up,"[""1"", ""0""]",0.999,53336.95893599993,,0.475,0.02,resolved,0x8fea64e71b6dabad7ffa4ba43c1b4a4111487d16566e773996b51e77ef13eea3,https://data.chain.link/streams/btc-usd,,
doge-updown-5m-1783733100,DOGE,"Dogecoin Up or Down - July 10, 9:25PM-9:30PM ET",2026-07-11T01:30:00Z,2026-07-11T01:25:00Z,0.07417135610521731,Up,"[""1"", ""0""]",0.99,392.7212799999999,,0.455,0.05,resolved,0xc39f71214d251fc77af09c8292f528bc021150d57655f1bf9c30a594c4b957e3,https://data.chain.link/streams/doge-usd,,
eth-updown-5m-1783733100,ETH,"Ethereum Up or Down - July 10, 9:25PM-9:30PM ET",2026-07-11T01:30:00Z,2026-07-11T01:25:00Z,1794.7688905185582,Down,"[""0"", ""1""]",0.01,3936.944681999997,1.960783,0.45,0.01,resolved,0x92680be1f8d712a2ed21958f7b5a0a8830e03573d5f89aa81887d32f8b9c2e86,https://data.chain.link/streams/eth-usd,,
hype-updown-5m-1783733100,HYPE,"Hyperliquid Up or Down - July 10, 9:25PM-9:30PM ET",2026-07-11T01:30:00Z,2026-07-11T01:25:00Z,67.52049599097145,Up,"[""1"", ""0""]",0.99,54.483732,,0.445,0.07,resolved,0xb6a8c9f3d337f36764ffc92d17b2dddc214acf2814511bcfda375e817ac2c1e4,https://data.chain.link/streams/hype-usd,,
sol-updown-5m-1783733100,SOL,"Solana Up or Down - July 10, 9:25PM-9:30PM ET",2026-07-11T01:30:00Z,2026-07-11T01:25:00Z,77.90537248308163,Up,"[""1"", ""0""]",0.99,1714.962376999999,1.960783,0.47,0.01,resolved,0xfe4e571b645aed3590585a60f4f6569199c5d885a9f9de5b4c006c09d1658ba2,https://data.chain.link/streams/sol-usd,,
xrp-updown-5m-1783733100,XRP,"XRP Up or Down - July 10, 9:25PM-9:30PM ET",2026-07-11T01:30:00Z,2026-07-11T01:25:00Z,1.1063937541474034,Down,"[""0"", ""1""]",0.01,1077.264528,,-0.42,0.01,resolved,0x70db83db8b5284dee5426f991111c6c5887b5e7d2e3f0090855846395da832b0,https://data.chain.link/streams/xrp-usd,,
bnb-updown-5m-1783733400,BNB,"BNB Up or Down - July 10, 9:30PM-9:35PM ET",2026-07-11T01:35:00Z,2026-07-11T01:30:00Z,574.96902,Down,"[""0"", ""1""]",0.22,265.4343989999999,,-0.5,0.01,resolved,0x78af6e4702aa2a43772e4bd93558a1994a139afe90d20bf10db2b230f03ece55,https://data.chain.link/streams/bnb-usd,,
btc-updown-5m-1783733400,BTC,"Bitcoin Up or Down - July 10, 9:30PM-9:35PM ET",2026-07-11T01:35:00Z,2026-07-11T01:30:00Z,64187.30577515993,Down,"[""0"", ""1""]",0.01,61841.41421799988,,-0.5,0.01,resolved,0x296426ad4449b8738fe3a2f386331aaee594f657c3dfac7ad95d523c659fcbd9,https://data.chain.link/streams/btc-usd,,
doge-updown-5m-1783733400,DOGE,"Dogecoin Up or Down - July 10, 9:30PM-9:35PM ET",2026-07-11T01:35:00Z,2026-07-11T01:30:00Z,0.07419839936117383,Up,"[""1"", ""0""]",0.99,235.867945,1.960783,0.4995,0.001,resolved,0x7f47f8da36586e25018c21ec1333e07132af50503e15ab67187fa1970542baf9,https://data.chain.link/streams/doge-usd,,
eth-updown-5m-1783733400,ETH,"Ethereum Up or Down - July 10, 9:30PM-9:35PM ET",2026-07-11T01:35:00Z,2026-07-11T01:30:00Z,1794.6376001807332,Down,"[""0"", ""1""]",0.01,4816.415231000002,2,-0.5,0.01,resolved,0x649ca85b42cee5a7907f1bf8c4eff602f7c17deb9f7ded3f92a55a031152b7ef,https://data.chain.link/streams/eth-usd,,
hype-updown-5m-1783733400,HYPE,"Hyperliquid Up or Down - July 10, 9:30PM-9:35PM ET",2026-07-11T01:35:00Z,2026-07-11T01:30:00Z,67.54866020179628,Up,"[""1"", ""0""]",0.99,328.860586,,0.495,0.01,resolved,0xae5919533076c2297fbe3cae412e0d9c658d5df97f74a38964798a8c5cb955e1,https://data.chain.link/streams/hype-usd,,
sol-updown-5m-1783733400,SOL,"Solana Up or Down - July 10, 9:30PM-9:35PM ET",2026-07-11T01:35:00Z,2026-07-11T01:30:00Z,77.94686738978965,Down,"[""0"", ""1""]",0.01,1768.1851159999992,,-0.5,0.01,resolved,0xae6cd5202c4c4910fba36766e7206a021f3d764c663458b55932754efa863b61,https://data.chain.link/streams/sol-usd,,
xrp-updown-5m-1783733400,XRP,"XRP Up or Down - July 10, 9:30PM-9:35PM ET",2026-07-11T01:35:00Z,2026-07-11T01:30:00Z,1.1061258609617795,Down,"[""0"", ""1""]",0.01,2083.4976650000003,,-0.5,0.01,resolved,0x9a08a34a41246d2bcbcde97ab4fa939ce410e0910a6e4bcbd7fe378d7abe3812,https://data.chain.link/streams/xrp-usd,,
bnb-updown-5m-1783733700,BNB,"BNB Up or Down - July 10, 9:35PM-9:40PM ET",2026-07-11T01:40:00Z,2026-07-11T01:35:00Z,574.497626958166,Down,"[""0"", ""1""]",0.01,149.34675399999998,,-0.5,0.01,resolved,0x6fe95832b9dba69eafe68e64f42de9e2603dbb9582b536942ec396d693052c72,https://data.chain.link/streams/bnb-usd,,
btc-updown-5m-1783733700,BTC,"Bitcoin Up or Down - July 10, 9:35PM-9:40PM ET",2026-07-11T01:40:00Z,2026-07-11T01:35:00Z,64163.100423398726,Down,"[""0"", ""1""]",0.01,106209.51188300001,,-0.5,0.01,resolved,0xb38fd9254a14dcd709b35651e05d08e8af1466f53ff15434a0671dac5a701891,https://data.chain.link/streams/btc-usd,,
doge-updown-5m-1783733700,DOGE,"Dogecoin Up or Down - July 10, 9:35PM-9:40PM ET",2026-07-11T01:40:00Z,2026-07-11T01:35:00Z,0.07426371269847008,Down,"[""0"", ""1""]",0.01,569.6932359999998,1.960783,-0.495,0.01,resolved,0x0a5020daf1bf0f4cd204fb9998a7739b4b78d9c25e8a30e5766bfa9d0ddaaf30,https://data.chain.link/streams/doge-usd,,
eth-updown-5m-1783733700,ETH,"Ethereum Up or Down - July 10, 9:35PM-9:40PM ET",2026-07-11T01:40:00Z,2026-07-11T01:35:00Z,1794.357085,Down,"[""0"", ""1""]",0.01,5108.041133000001,,-0.5,0.01,resolved,0xe59f15b078f243f2174b6b2147bc48c2212351d25d851dd820420aad5cfa8115,https://data.chain.link/streams/eth-usd,,
hype-updown-5m-1783733700,HYPE,"Hyperliquid Up or Down - July 10, 9:35PM-9:40PM ET",2026-07-11T01:40:00Z,2026-07-11T01:35:00Z,67.569731,Down,"[""0"", ""1""]",0.71,150.18422099999998,,-0.495,0.01,resolved,0xfaebf1172c3c075c9ce07dfab28c757b9a173b7acaf0f327c8f0e3951313b1c3,https://data.chain.link/streams/hype-usd,,
sol-updown-5m-1783733700,SOL,"Solana Up or Down - July 10, 9:35PM-9:40PM ET",2026-07-11T01:40:00Z,2026-07-11T01:35:00Z,77.90987843220667,Down,"[""0"", ""1""]",0.01,2309.8812199999998,1.960783,-0.5,0.01,resolved,0x6e92838ef529fccc50d4a799a020e723a9dfe63268c6e9fdecdcfc29195822c2,https://data.chain.link/streams/sol-usd,,
xrp-updown-5m-1783733700,XRP,"XRP Up or Down - July 10, 9:35PM-9:40PM ET",2026-07-11T01:40:00Z,2026-07-11T01:35:00Z,1.1058612192037371,Down,"[""0"", ""1""]",0.01,1346.2780089999999,,-0.5,0.01,resolved,0xefb62aaeb15e0e1fcf1a31b52f467deaeb4ccc518345493b45a36c928c2384a7,https://data.chain.link/streams/xrp-usd,,
bnb-updown-5m-1783734000,BNB,"BNB Up or Down - July 10, 9:40PM-9:45PM ET",2026-07-11T01:45:00Z,2026-07-11T01:40:00Z,573.6184038298013,Down,"[""0"", ""1""]",0.05,258.59061399999996,,-0.5,0.01,resolved,0xa8cd773c62963f046b35ce27be331c8299ade15c737110b924b8060b5f850f32,https://data.chain.link/streams/bnb-usd,,
btc-updown-5m-1783734000,BTC,"Bitcoin Up or Down - July 10, 9:40PM-9:45PM ET",2026-07-11T01:45:00Z,2026-07-11T01:40:00Z,64018.81,Down,"[""0"", ""1""]",0.01,79157.46341999987,,-0.5,0.01,resolved,0xc2e2bac789d96205e9d5b4ab5e24e446712f76cdebebb7a113ce34de4575476d,https://data.chain.link/streams/btc-usd,,
doge-updown-5m-1783734000,DOGE,"Dogecoin Up or Down - July 10, 9:40PM-9:45PM ET",2026-07-11T01:45:00Z,2026-07-11T01:40:00Z,0.074146822,Down,"[""0"", ""1""]",0.02,641.1421039999999,1.960783,-0.4995,0.001,resolved,0x7c9543e29e282f0c1a282bb217835eb77dc242dc628a32ca101d954e6e6410bc,https://data.chain.link/streams/doge-usd,,
eth-updown-5m-1783734000,ETH,"Ethereum Up or Down - July 10, 9:40PM-9:45PM ET",2026-07-11T01:45:00Z,2026-07-11T01:40:00Z,1790.7236036255822,Down,"[""0"", ""1""]",0.02,6498.4229290000085,2,-0.5,0.01,resolved,0x410bbae570067c6a8722e6b14fd751afd4d427dff3d735e7ad4f6153cfe5aa0c,https://data.chain.link/streams/eth-usd,,
hype-updown-5m-1783734000,HYPE,"Hyperliquid Up or Down - July 10, 9:40PM-9:45PM ET",2026-07-11T01:45:00Z,2026-07-11T01:40:00Z,67.32319578078169,Down,"[""0"", ""1""]",0.01,305.39324799999997,,-0.495,0.01,resolved,0x80e50b6a3392cc0a53d7f563b7e76452759e1c9706c2afc3865b660abba2deee,https://data.chain.link/streams/hype-usd,,
sol-updown-5m-1783734000,SOL,"Solana Up or Down - July 10, 9:40PM-9:45PM ET",2026-07-11T01:45:00Z,2026-07-11T01:40:00Z,77.60949484128834,Down,"[""0"", ""1""]",0.01,2248.1817180000007,,-0.5,0.01,resolved,0x8ff89e7ed2fbccd1bbd81435f6cb74a14bad61edee2d8d12166c44a584101609,https://data.chain.link/streams/sol-usd,,
xrp-updown-5m-1783734000,XRP,"XRP Up or Down - July 10, 9:40PM-9:45PM ET",2026-07-11T01:45:00Z,2026-07-11T01:40:00Z,1.104678949440755,Down,"[""0"", ""1""]",0.001,1206.751247,1.960783,-0.5045,0.001,resolved,0x93497742910ba71284104fe6dea71ce0777f7b4b666ae75a4c7c55b5b5c5fe19,https://data.chain.link/streams/xrp-usd,,
bnb-updown-5m-1783734300,BNB,"BNB Up or Down - July 10, 9:45PM-9:50PM ET",2026-07-11T01:50:00Z,2026-07-11T01:45:00Z,573.2678099999999,Up,"[""1"", ""0""]",0.99,185.53493300000002,,0.49,0.01,resolved,0x33e997d43bf15938d2bdd2d55c1ceae48f6a2717af8148a0319790095335d000,https://data.chain.link/streams/bnb-usd,,
btc-updown-5m-1783734300,BTC,"Bitcoin Up or Down - July 10, 9:45PM-9:50PM ET",2026-07-11T01:50:00Z,2026-07-11T01:45:00Z,64018.62189644434,Up,"[""1"", ""0""]",0.99,47514.95478899992,,0.47,0.01,resolved,0x84caaf809061c6b3a3825499946fc6943e7c0098b055fa3366adeb5dbcd672b8,https://data.chain.link/streams/btc-usd,,
doge-updown-5m-1783734300,DOGE,"Dogecoin Up or Down - July 10, 9:45PM-9:50PM ET",2026-07-11T01:50:00Z,2026-07-11T01:45:00Z,0.0740419,Up,"[""1"", ""0""]",0.99,386.56097700000004,1.960783,0.495,0.01,resolved,0xffdb647287dd5cc3bef6e5a8078dec129877edad427e36196014473e0ed8f72e,https://data.chain.link/streams/doge-usd,,
eth-updown-5m-1783734300,ETH,"Ethereum Up or Down - July 10, 9:45PM-9:50PM ET",2026-07-11T01:50:00Z,2026-07-11T01:45:00Z,1788.4759421710307,Up,"[""1"", ""0""]",0.99,5627.538572000004,,0.49,0.01,resolved,0x1323f16fde8bdf4114ada5bc3d79bef860cdc56ac73de77468a12b90e36520ae,https://data.chain.link/streams/eth-usd,,
hype-updown-5m-1783734300,HYPE,"Hyperliquid Up or Down - July 10, 9:45PM-9:50PM ET",2026-07-11T01:50:00Z,2026-07-11T01:45:00Z,67.19373182728924,Up,"[""1"", ""0""]",0.99,198.49612700000003,,0.495,0.01,resolved,0xc42af91d643b1b1f6c5be4c27e88bd01c9ef564855fa1211894e8cdb380643a2,https://data.chain.link/streams/hype-usd,,
sol-updown-5m-1783734300,SOL,"Solana Up or Down - July 10, 9:45PM-9:50PM ET",2026-07-11T01:50:00Z,2026-07-11T01:45:00Z,77.49428090819234,Up,"[""1"", ""0""]",0.99,1355.2583999999993,,0.49,0.01,resolved,0xb0a25398a30781c61bee28f63f67f5c2683b93ec34105614c456a0ba0956e697,https://data.chain.link/streams/sol-usd,,
xrp-updown-5m-1783734300,XRP,"XRP Up or Down - July 10, 9:45PM-9:50PM ET",2026-07-11T01:50:00Z,2026-07-11T01:45:00Z,1.1032108375026373,Up,"[""1"", ""0""]",0.99,919.0842449999999,1.960783,0.49,0.01,resolved,0x17ce9452026448b8f0ce3c027fa54c36a363aa688b9f77f70dfc76372633fcb5,https://data.chain.link/streams/xrp-usd,,
bnb-updown-5m-1783734600,BNB,"BNB Up or Down - July 10, 9:50PM-9:55PM ET",2026-07-11T01:55:00Z,2026-07-11T01:50:00Z,573.702769485809,Down,"[""0"", ""1""]",0.02,275.859789,300,-0.5,0.01,resolved,0xac6244eaf8da6a3dba9b1ae9071ac4575b5fdfc6a4efe7573500ba8a8d3858d5,https://data.chain.link/streams/bnb-usd,,
btc-updown-5m-1783734600,BTC,"Bitcoin Up or Down - July 10, 9:50PM-9:55PM ET",2026-07-11T01:55:00Z,2026-07-11T01:50:00Z,64047.26711098166,Down,"[""0"", ""1""]",0.01,61505.951220999974,8279.946591,-0.5,0.01,resolved,0x36d1ce5db4868ddbe3c24116d9315df96d0a1e731b426ac0e6336a04115c10f7,https://data.chain.link/streams/btc-usd,,
doge-updown-5m-1783734600,DOGE,"Dogecoin Up or Down - July 10, 9:50PM-9:55PM ET",2026-07-11T01:55:00Z,2026-07-11T01:50:00Z,0.074128526,Down,"[""0"", ""1""]",0.05,251.82879899999998,301.960783,-0.495,0.01,resolved,0x3dfb50d7cd5b2bb15757a8f818dcb79feb0a9c099e70d04c9e5a12291fbd2150,https://data.chain.link/streams/doge-usd,,
eth-updown-5m-1783734600,ETH,"Ethereum Up or Down - July 10, 9:50PM-9:55PM ET",2026-07-11T01:55:00Z,2026-07-11T01:50:00Z,1791.316965,Down,"[""0"", ""1""]",0.01,4063.2814529999973,1898.624092,-0.5,0.01,resolved,0xe8f8eb1fc0868d9aff948b12bdf10f5571e83ce0f8b596116759d4e5cccee968,https://data.chain.link/streams/eth-usd,,
hype-updown-5m-1783734600,HYPE,"Hyperliquid Up or Down - July 10, 9:50PM-9:55PM ET",2026-07-11T01:55:00Z,2026-07-11T01:50:00Z,67.232722,Down,"[""0"", ""1""]",0.2,86.35616199999998,,-0.495,0.01,resolved,0x479b7d36828e36ff450cdfc80b53ea33156460c038fc635d199a3af2536f7390,https://data.chain.link/streams/hype-usd,,
sol-updown-5m-1783734600,SOL,"Solana Up or Down - July 10, 9:50PM-9:55PM ET",2026-07-11T01:55:00Z,2026-07-11T01:50:00Z,77.6064742740098,Up,"[""1"", ""0""]",0.99,2128.345591000001,582.960783,0.49,0.01,resolved,0xbf7fba6687e0846015a51a31cb23005cf79ff9ef012b579f03dda2e1fbd97dd3,https://data.chain.link/streams/sol-usd,,
xrp-updown-5m-1783734600,XRP,"XRP Up or Down - July 10, 9:50PM-9:55PM ET",2026-07-11T01:55:00Z,2026-07-11T01:50:00Z,1.1040773598764235,Down,"[""0"", ""1""]",0.04,1124.1623809999996,655.210651,-0.5,0.01,resolved,0xee563fe8c9e22c9e8fef64f45c245a1126637dd84901d7334d6cead260f50882,https://data.chain.link/streams/xrp-usd,,
bnb-updown-5m-1783734900,BNB,"BNB Up or Down - July 10, 9:55PM-10:00PM ET",2026-07-11T02:00:00Z,2026-07-11T01:55:00Z,573.4422155486741,Down,"[""0"", ""1""]",0.48,335.408398,,-0.5,0.01,resolved,0xc54e63455c80270544a68d48ff796e9bd338799ede5ed1e5394e9f705d69bee9,https://data.chain.link/streams/bnb-usd,,
btc-updown-5m-1783734900,BTC,"Bitcoin Up or Down - July 10, 9:55PM-10:00PM ET",2026-07-11T02:00:00Z,2026-07-11T01:55:00Z,64043.174877444,Down,"[""0"", ""1""]",0.01,144098.1146939996,656.819999,-0.5,0.01,resolved,0x8a0d70b619e32ff685a96237a46ed40dc76f05158b3642c56ccd96c188c2b72b,https://data.chain.link/streams/btc-usd,,
doge-updown-5m-1783734900,DOGE,"Dogecoin Up or Down - July 10, 9:55PM-10:00PM ET",2026-07-11T02:00:00Z,2026-07-11T01:55:00Z,0.074117587,Down,"[""0"", ""1""]",0.08,249.37846599999995,1.960783,-0.495,0.01,resolved,0xb0809e380fd77f2aadf6f2975fa75b4b3c1f5970dde7f2249d6765052b57789d,https://data.chain.link/streams/doge-usd,,
eth-updown-5m-1783734900,ETH,"Ethereum Up or Down - July 10, 9:55PM-10:00PM ET",2026-07-11T02:00:00Z,2026-07-11T01:55:00Z,1790.68109,Down,"[""0"", ""1""]",0.01,3825.9066379999995,502,-0.5,0.01,resolved,0xf2a2264ff2525d2812a38e1c71cf732ab5ebf9cc31408e9d317359b63eb06469,https://data.chain.link/streams/eth-usd,,
hype-updown-5m-1783734900,HYPE,"Hyperliquid Up or Down - July 10, 9:55PM-10:00PM ET",2026-07-11T02:00:00Z,2026-07-11T01:55:00Z,67.18006,Down,"[""0"", ""1""]",0.21,206.0901,,-0.495,0.008,resolved,0xaab7404d9880f90810e084e59e5403463986fe883b95f6bfd31ee9380076f156,https://data.chain.link/streams/hype-usd,,
sol-updown-5m-1783734900,SOL,"Solana Up or Down - July 10, 9:55PM-10:00PM ET",2026-07-11T02:00:00Z,2026-07-11T01:55:00Z,77.60776895774072,Down,"[""0"", ""1""]",0.01,1281.7656769999994,15,-0.5,0.01,resolved,0x9f611be01ae6d35e127cd5f99ce9e94f12b6bc1493a0e30f907a2a27fd37d279,https://data.chain.link/streams/sol-usd,,
xrp-updown-5m-1783734900,XRP,"XRP Up or Down - July 10, 9:55PM-10:00PM ET",2026-07-11T02:00:00Z,2026-07-11T01:55:00Z,1.1035983184616085,Down,"[""0"", ""1""]",0.01,1439.7171299999998,1.960783,-0.5,0.01,resolved,0xc24e3d52713b9d8a99605a9681162217094dcc1b88c55b920f4f3706b72a59c1,https://data.chain.link/streams/xrp-usd,,
bnb-updown-5m-1783735200,BNB,"BNB Up or Down - July 10, 10:00PM-10:05PM ET",2026-07-11T02:05:00Z,2026-07-11T02:00:00Z,572.8807048547587,Up,"[""1"", ""0""]",0.999,329.464589,,0.4945,0.001,resolved,0x279487fd34c0f2a6904149654876ae81973790f9bda64d84fd853899baa136e4,https://data.chain.link/streams/bnb-usd,,
btc-updown-5m-1783735200,BTC,"Bitcoin Up or Down - July 10, 10:00PM-10:05PM ET",2026-07-11T02:05:00Z,2026-07-11T02:00:00Z,63972.6322,Up,"[""1"", ""0""]",0.99,93090.00064499995,602,0.49,0.01,resolved,0xf0c13ea89c73fc9c0fa286586957c12465f5a48ac0b25c47f110e0969976bdd9,https://data.chain.link/streams/btc-usd,,
doge-updown-5m-1783735200,DOGE,"Dogecoin Up or Down - July 10, 10:00PM-10:05PM ET",2026-07-11T02:05:00Z,2026-07-11T02:00:00Z,0.0740212,Up,"[""1"", ""0""]",0.99,262.374776,1.960783,0.495,0.01,resolved,0x590b08bc5e41aca2828cc3c9c624c50feb189ee65b366485ebebd4d5b577e0ca,https://data.chain.link/streams/doge-usd,,
eth-updown-5m-1783735200,ETH,"Ethereum Up or Down - July 10, 10:00PM-10:05PM ET",2026-07-11T02:05:00Z,2026-07-11T02:00:00Z,1787.9158,Up,"[""1"", ""0""]",0.99,5055.682232999999,502,0.49,0.01,resolved,0xb641248d2d15c1c4db0cb2c75384cd09620e772ed7f984e63bc4fa109db5cf63,https://data.chain.link/streams/eth-usd,,
hype-updown-5m-1783735200,HYPE,"Hyperliquid Up or Down - July 10, 10:00PM-10:05PM ET",2026-07-11T02:05:00Z,2026-07-11T02:00:00Z,66.903797,Up,"[""1"", ""0""]",0.99,110.52621099999999,,0.495,0.01,resolved,0x28366bef9d3996333df6d821ae0b5eb89ca23643d11a7ecb8246c8afd39d7fe5,https://data.chain.link/streams/hype-usd,,
sol-updown-5m-1783735200,SOL,"Solana Up or Down - July 10, 10:00PM-10:05PM ET",2026-07-11T02:05:00Z,2026-07-11T02:00:00Z,77.49307907245115,Up,"[""1"", ""0""]",0.99,2396.839896,2,0.49,0.01,resolved,0x37cb857b54adda143c70f1db9cd85a47ae5bfa6e157324aa87a5f86a209fe2fb,https://data.chain.link/streams/sol-usd,,
xrp-updown-5m-1783735200,XRP,"XRP Up or Down - July 10, 10:00PM-10:05PM ET",2026-07-11T02:05:00Z,2026-07-11T02:00:00Z,1.1023141956722329,Up,"[""1"", ""0""]",0.999,1237.6386540000003,3.960783,0.4945,0.001,resolved,0x4485c2c9738a39c31c9416c1c37ae2fe4707c5219a3327fcb58e143bb52ec979,https://data.chain.link/streams/xrp-usd,,
bnb-updown-5m-1783735500,BNB,"BNB Up or Down - July 10, 10:05PM-10:10PM ET",2026-07-11T02:10:00Z,2026-07-11T02:05:00Z,573.4571309312837,Up,"[""1"", ""0""]",0.99,346.41704799999997,,0.48,0.01,resolved,0xf2c1f7f270dbfb5022ccb6cc1341caf96ce3d95afc3a96a304484978e8b16129,https://data.chain.link/streams/bnb-usd,,
btc-updown-5m-1783735500,BTC,"Bitcoin Up or Down - July 10, 10:05PM-10:10PM ET",2026-07-11T02:10:00Z,2026-07-11T02:05:00Z,64000.114765,Up,"[""1"", ""0""]",0.99,73992.92381599978,2,0.32,0.01,resolved,0x639e8a6553835e7cc9fec465d53967d02c6991ed440d1fcf44c09429314e18ed,https://data.chain.link/streams/btc-usd,,
doge-updown-5m-1783735500,DOGE,"Dogecoin Up or Down - July 10, 10:05PM-10:10PM ET",2026-07-11T02:10:00Z,2026-07-11T02:05:00Z,0.074064314,Up,"[""1"", ""0""]",0.99,469.4060189999999,1.960783,0.495,0.01,resolved,0x4a938a5ef9932ab5a291c541784b0a7de633f70a2a4981a953edd641607ec18c,https://data.chain.link/streams/doge-usd,,
eth-updown-5m-1783735500,ETH,"Ethereum Up or Down - July 10, 10:05PM-10:10PM ET",2026-07-11T02:10:00Z,2026-07-11T02:05:00Z,1789.832345488026,Up,"[""1"", ""0""]",0.99,4258.285344999999,,-0.325,0.05,resolved,0x0b1f389ad0cf9f9205085985a3debadf31f3974b85a535060fa4278b83ce4810,https://data.chain.link/streams/eth-usd,,
hype-updown-5m-1783735500,HYPE,"Hyperliquid Up or Down - July 10, 10:05PM-10:10PM ET",2026-07-11T02:10:00Z,2026-07-11T02:05:00Z,66.92061,Down,"[""0"", ""1""]",0.01,330.243661,,-0.495,0.01,resolved,0x10a9e4bfcdf22d5428449d7975b581f10daa485c33d63863d43dbeddc5406f7a,https://data.chain.link/streams/hype-usd,,
sol-updown-5m-1783735500,SOL,"Solana Up or Down - July 10, 10:05PM-10:10PM ET",2026-07-11T02:10:00Z,2026-07-11T02:05:00Z,77.55870243752913,Up,"[""1"", ""0""]",0.99,2283.6428639999995,,0.45,0.01,resolved,0x1ae3fac97db5319d194541c10804418f47c84947c1632a788867e11f3d66f909,https://data.chain.link/streams/sol-usd,,
xrp-updown-5m-1783735500,XRP,"XRP Up or Down - July 10, 10:05PM-10:10PM ET",2026-07-11T02:10:00Z,2026-07-11T02:05:00Z,1.1035183976686247,Up,"[""1"", ""0""]",0.99,950.8359519999998,3.960782,0.49,0.01,resolved,0x9a9285f393eaaa84e70522dc541b7e41359f61870d2a898185f48b7d09eb2598,https://data.chain.link/streams/xrp-usd,,
bnb-updown-5m-1783735800,BNB,"BNB Up or Down - July 10, 10:10PM-10:15PM ET",2026-07-11T02:15:00Z,2026-07-11T02:10:00Z,573.807,Down,"[""0"", ""1""]",0.05,176.40980399999998,,-0.5045,0.001,resolved,0x45f747c6984234278f1339359e771868d3a413c36ee8d4f619cbfb723e09885a,https://data.chain.link/streams/bnb-usd,,
btc-updown-5m-1783735800,BTC,"Bitcoin Up or Down - July 10, 10:10PM-10:15PM ET",2026-07-11T02:15:00Z,2026-07-11T02:10:00Z,64008.34514717294,Down,"[""0"", ""1""]",0.01,133640.24601799986,2,-0.5,0.01,resolved,0xdc538984cca54e42769f2d84a27e116e48e903fd4f6651fdf51f2ae5e8712dad,https://data.chain.link/streams/btc-usd,,
doge-updown-5m-1783735800,DOGE,"Dogecoin Up or Down - July 10, 10:10PM-10:15PM ET",2026-07-11T02:15:00Z,2026-07-11T02:10:00Z,0.07413626983692621,Down,"[""0"", ""1""]",0.38,369.84931599999993,1.960783,-0.4995,0.001,resolved,0x0f9823918e9fede6c3e09c5ac6160fc51f1450eb6cf07c33e53cc025380c4766,https://data.chain.link/streams/doge-usd,,
eth-updown-5m-1783735800,ETH,"Ethereum Up or Down - July 10, 10:10PM-10:15PM ET",2026-07-11T02:15:00Z,2026-07-11T02:10:00Z,1789.8791850000002,Down,"[""0"", ""1""]",0.01,4717.636531999999,1.960783,-0.5,0.01,resolved,0x9d4fbe7f1154f7ec6b1c808000ee4f71286f5224e524ea49c20683897733ddbb,https://data.chain.link/streams/eth-usd,,
hype-updown-5m-1783735800,HYPE,"Hyperliquid Up or Down - July 10, 10:10PM-10:15PM ET",2026-07-11T02:15:00Z,2026-07-11T02:10:00Z,66.867895,Up,"[""1"", ""0""]",0.99,210.182696,,0.4995,0.001,resolved,0xeb80929b6afe0015ed4487aee5a3bfbefdb1b170503c1e15140e8e76a84c88bf,https://data.chain.link/streams/hype-usd,,
sol-updown-5m-1783735800,SOL,"Solana Up or Down - July 10, 10:10PM-10:15PM ET",2026-07-11T02:15:00Z,2026-07-11T02:10:00Z,77.60237559811745,Down,"[""0"", ""1""]",0.01,3588.996727000001,,-0.5045,0.001,resolved,0xc92b7f5f0461ed6eb38bc4ea1417d291a3665931b306462e844f283b59c2f002,https://data.chain.link/streams/sol-usd,,
xrp-updown-5m-1783735800,XRP,"XRP Up or Down - July 10, 10:10PM-10:15PM ET",2026-07-11T02:15:00Z,2026-07-11T02:10:00Z,1.1044760734026084,Down,"[""0"", ""1""]",0.01,1071.3824569999997,1.960783,-0.5,0.01,resolved,0x98182a174cfc6507cf37a18d0cf0b1e9d7b48651d5c461ff9dfee23ce046e79a,https://data.chain.link/streams/xrp-usd,,
bnb-updown-5m-1783736100,BNB,"BNB Up or Down - July 10, 10:15PM-10:20PM ET",2026-07-11T02:20:00Z,2026-07-11T02:15:00Z,573.3296428444331,Up,"[""1"", ""0""]",0.81,174.64929,,0.49,0.01,resolved,0x38bfb1b6fa591acf7168a0ec280d9b0ea0a21165049727a309c526d68eb59834,https://data.chain.link/streams/bnb-usd,,
btc-updown-5m-1783736100,BTC,"Bitcoin Up or Down - July 10, 10:15PM-10:20PM ET",2026-07-11T02:20:00Z,2026-07-11T02:15:00Z,63965.44320558364,Up,"[""1"", ""0""]",0.999,82168.07810399994,2,0.49,0.01,resolved,0x21cee00c983c451c13acda1132913a6e5b5800d62504f165bacb608d4326d3da,https://data.chain.link/streams/btc-usd,,
doge-updown-5m-1783736100,DOGE,"Dogecoin Up or Down - July 10, 10:15PM-10:20PM ET",2026-07-11T02:20:00Z,2026-07-11T02:15:00Z,0.07403052490563883,Up,"[""1"", ""0""]",0.99,196.80343499999998,1.960783,0.495,0.01,resolved,0x3378540fabb5a7e14e619fc2b96ab6a6fa78ad4db6d73046c7c0135689be31a0,https://data.chain.link/streams/doge-usd,,
eth-updown-5m-1783736100,ETH,"Ethereum Up or Down - July 10, 10:15PM-10:20PM ET",2026-07-11T02:20:00Z,2026-07-11T02:15:00Z,1788.8107057238014,Up,"[""1"", ""0""]",0.999,4300.320955000002,2,0.49,0.01,resolved,0x0c7a8190145fe52e64b7a6fffc2a39988a4317ea2c17f49adc6dddda26c32b0e,https://data.chain.link/streams/eth-usd,,
hype-updown-5m-1783736100,HYPE,"Hyperliquid Up or Down - July 10, 10:15PM-10:20PM ET",2026-07-11T02:20:00Z,2026-07-11T02:15:00Z,66.92433299999999,Up,"[""1"", ""0""]",0.99,91.12033100000001,,0.465,0.03,resolved,0x4167699b7935285c00cde9c116ea3988dbc33877ee8bd7d2f67845f7338ef61f,https://data.chain.link/streams/hype-usd,,
sol-updown-5m-1783736100,SOL,"Solana Up or Down - July 10, 10:15PM-10:20PM ET",2026-07-11T02:20:00Z,2026-07-11T02:15:00Z,77.51805699384471,Up,"[""1"", ""0""]",0.99,1466.7230509999995,,0.49,0.01,resolved,0xac3251d2027903680b8b6c72ee1d3dfd05079785733e8f28010a167955c2a8f6,https://data.chain.link/streams/sol-usd,,
xrp-updown-5m-1783736100,XRP,"XRP Up or Down - July 10, 10:15PM-10:20PM ET",2026-07-11T02:20:00Z,2026-07-11T02:15:00Z,1.103736661247941,Up,"[""1"", ""0""]",0.99,1114.9483739999998,,0.4945,0.001,resolved,0xd412b4ad286f5b1743585af82722200fb9c0bf40d22fbd98ad4bf0a64462286f,https://data.chain.link/streams/xrp-usd,,
bnb-updown-5m-1783736400,BNB,"BNB Up or Down - July 10, 10:20PM-10:25PM ET",2026-07-11T02:25:00Z,2026-07-11T02:20:00Z,573.65698,Down,"[""0"", ""1""]",0.008,238.456158,,-0.5045,0.001,resolved,0xc808e4c02ae7e6a9809397225277f87827ef1c933b3058ab776b431a9b63fbc3,https://data.chain.link/streams/bnb-usd,,
btc-updown-5m-1783736400,BTC,"Bitcoin Up or Down - July 10, 10:20PM-10:25PM ET",2026-07-11T02:25:00Z,2026-07-11T02:20:00Z,64018.9384326069,Down,"[""0"", ""1""]",0.01,111578.48518300003,2,-0.5,0.01,resolved,0xe39b667bfcd612695566c9a6aeb9f9125c70ce9761f870e9acf3263af9be58f0,https://data.chain.link/streams/btc-usd,,
doge-updown-5m-1783736400,DOGE,"Dogecoin Up or Down - July 10, 10:20PM-10:25PM ET",2026-07-11T02:25:00Z,2026-07-11T02:20:00Z,0.0741086,Down,"[""0"", ""1""]",0.1,390.40000999999995,1.960783,-0.495,0.01,resolved,0x9985d620b619c59a2b5b287198831e31b18d26218b149b613e487df35c58c518,https://data.chain.link/streams/doge-usd,,
eth-updown-5m-1783736400,ETH,"Ethereum Up or Down - July 10, 10:20PM-10:25PM ET",2026-07-11T02:25:00Z,2026-07-11T02:20:00Z,1790.441479335482,Down,"[""0"", ""1""]",0.01,3998.4488659999997,1.960783,-0.5,0.01,resolved,0x632b22b5bd0832e2ad11ab51e23c8edeb0a58611d2069acb82eafed97aebe7d0,https://data.chain.link/streams/eth-usd,,
hype-updown-5m-1783736400,HYPE,"Hyperliquid Up or Down - July 10, 10:20PM-10:25PM ET",2026-07-11T02:25:00Z,2026-07-11T02:20:00Z,66.96272800753695,Down,"[""0"", ""1""]",0.009,400.009791,,-0.4995,0.001,resolved,0x06ac47caf6853cbc5044e1dbe7cf927de60e261c82b744e39a02320489c29f8e,https://data.chain.link/streams/hype-usd,,
sol-updown-5m-1783736400,SOL,"Solana Up or Down - July 10, 10:20PM-10:25PM ET",2026-07-11T02:25:00Z,2026-07-11T02:20:00Z,77.63359258331604,Down,"[""0"", ""1""]",0.01,2376.946182,3.921566,-0.5045,0.001,resolved,0xf01ea0b376c68178feb2c7ccd6dc5c3aa048e7e9d0f916105fb2ef192a4b6815,https://data.chain.link/streams/sol-usd,,
xrp-updown-5m-1783736400,XRP,"XRP Up or Down - July 10, 10:20PM-10:25PM ET",2026-07-11T02:25:00Z,2026-07-11T02:20:00Z,1.1053334841809883,Down,"[""0"", ""1""]",0.01,960.9938779999999,,-0.5,0.01,resolved,0xa126b623e3b49837fe9976dad5d63ff010657d238e16d872e9ec7f476a609b44,https://data.chain.link/streams/xrp-usd,,
bnb-updown-5m-1783736700,BNB,"BNB Up or Down - July 10, 10:25PM-10:30PM ET",2026-07-11T02:30:00Z,2026-07-11T02:25:00Z,573.08339,Up,"[""1"", ""0""]",0.99,228.167936,,0.005,0.94,resolved,0x2d21dc26860117e9b0f61d5777106cc6bda606dc2de30bd7a94c029ba743b4d3,https://data.chain.link/streams/bnb-usd,,
btc-updown-5m-1783736700,BTC,"Bitcoin Up or Down - July 10, 10:25PM-10:30PM ET",2026-07-11T02:30:00Z,2026-07-11T02:25:00Z,63970.836420299616,Up,"[""1"", ""0""]",0.99,114569.94639800017,2,0.48,0.01,resolved,0xc250870ff5a980304974053d55d1d0227330a1e099cd19af0cc44927baad650a,https://data.chain.link/streams/btc-usd,,
doge-updown-5m-1783736700,DOGE,"Dogecoin Up or Down - July 10, 10:25PM-10:30PM ET",2026-07-11T02:30:00Z,2026-07-11T02:25:00Z,0.0740689,Up,"[""1"", ""0""]",0.99,283.34979899999996,1.960783,0.44,0.03,resolved,0x6fc83f25891b6bdb17b2caa8274b434c514d91e9fe9f99a3d824b422906dcedc,https://data.chain.link/streams/doge-usd,,
eth-updown-5m-1783736700,ETH,"Ethereum Up or Down - July 10, 10:25PM-10:30PM ET",2026-07-11T02:30:00Z,2026-07-11T02:25:00Z,1789.319003423735,Up,"[""1"", ""0""]",0.99,3267.3149869999997,2,0.49,0.01,resolved,0x5d9da24a568c78bb7178689ebe82147cde32626888c386c3e44b2e12406a4986,https://data.chain.link/streams/eth-usd,,
hype-updown-5m-1783736700,HYPE,"Hyperliquid Up or Down - July 10, 10:25PM-10:30PM ET",2026-07-11T02:30:00Z,2026-07-11T02:25:00Z,66.82506093960863,Up,"[""1"", ""0""]",0.999,228.636527,,0.495,0.008,resolved,0x7f44f7f884ee44e0f13454c7df18eeb5b5a11648e5c85e45ce21df26a3af9a73,https://data.chain.link/streams/hype-usd,,
sol-updown-5m-1783736700,SOL,"Solana Up or Down - July 10, 10:25PM-10:30PM ET",2026-07-11T02:30:00Z,2026-07-11T02:25:00Z,77.54425259489888,Up,"[""1"", ""0""]",0.99,1759.3595819999994,,0.49,0.01,resolved,0x21748cc8e4f3df50e017f9ba8b19814558ebc247921bcdb9cfac692e641a4606,https://data.chain.link/streams/sol-usd,,
xrp-updown-5m-1783736700,XRP,"XRP Up or Down - July 10, 10:25PM-10:30PM ET",2026-07-11T02:30:00Z,2026-07-11T02:25:00Z,1.1042763120082475,Up,"[""1"", ""0""]",0.99,921.9337150000001,1.960783,0.49,0.01,resolved,0x7196aecbfa6a14c038aa9cc0be7c65e38865977d101989e32623542659c29413,https://data.chain.link/streams/xrp-usd,,
bnb-updown-5m-1783737000,BNB,"BNB Up or Down - July 10, 10:30PM-10:35PM ET",2026-07-11T02:35:00Z,2026-07-11T02:30:00Z,573.2495939634911,Up,"[""1"", ""0""]",0.99,180.07841100000002,,0.38,0.05,resolved,0x2edeab64a7ef52ecdc0791daf589e8f02a5df4573e642d77772413f8f0bd7b9e,https://data.chain.link/streams/bnb-usd,,
btc-updown-5m-1783737000,BTC,"Bitcoin Up or Down - July 10, 10:30PM-10:35PM ET",2026-07-11T02:35:00Z,2026-07-11T02:30:00Z,63994.20856690398,Up,"[""1"", ""0""]",0.99,81815.2662439996,2,0.43,0.01,resolved,0x817a9439681669ab83961bcb7d55d96d2bf5a4f6bd32bd880d3bcf96e7216abb,https://data.chain.link/streams/btc-usd,,
doge-updown-5m-1783737000,DOGE,"Dogecoin Up or Down - July 10, 10:30PM-10:35PM ET",2026-07-11T02:35:00Z,2026-07-11T02:30:00Z,0.07411247052947098,Up,"[""1"", ""0""]",0.99,298.41984699999995,1.960783,0.175,0.05,resolved,0x3d2bcd84f4f8ba969f98289444799d4deb10fd1635ffc87049ad5927674afb7c,https://data.chain.link/streams/doge-usd,,
eth-updown-5m-1783737000,ETH,"Ethereum Up or Down - July 10, 10:30PM-10:35PM ET",2026-07-11T02:35:00Z,2026-07-11T02:30:00Z,1790.4969698976925,Up,"[""1"", ""0""]",0.99,3860.8159270000024,,-0.2,0.01,resolved,0xc0904abeb758ae3e6e007e87a2e0daa9c57b8ea3f350c279516e39d429abafd9,https://data.chain.link/streams/eth-usd,,
hype-updown-5m-1783737000,HYPE,"Hyperliquid Up or Down - July 10, 10:30PM-10:35PM ET",2026-07-11T02:35:00Z,2026-07-11T02:30:00Z,66.98921,Up,"[""1"", ""0""]",0.99,236.528716,,0.38,0.1,resolved,0x9b1edcfbcf89e763bb55a4720bfe099458676fe467e1f81996171c7197bd351b,https://data.chain.link/streams/hype-usd,,
sol-updown-5m-1783737000,SOL,"Solana Up or Down - July 10, 10:30PM-10:35PM ET",2026-07-11T02:35:00Z,2026-07-11T02:30:00Z,77.60518480996127,Down,"[""0"", ""1""]",0.01,9760.118109000001,,-0.05,0.01,resolved,0xd96f1f9451a1257aba4ad9afb3ea75835696f6b672d960580d10fc34bbcbcb84,https://data.chain.link/streams/sol-usd,,
xrp-updown-5m-1783737000,XRP,"XRP Up or Down - July 10, 10:30PM-10:35PM ET",2026-07-11T02:35:00Z,2026-07-11T02:30:00Z,1.1050068838662095,Up,"[""1"", ""0""]",0.99,1163.236438,1.960783,0.06,0.01,resolved,0x1455ae03e7abc45af7c1c9c306b1c2ea81c28a8ae8a701fd25be5123de540d58,https://data.chain.link/streams/xrp-usd,,
bnb-updown-5m-1783737300,BNB,"BNB Up or Down - July 10, 10:35PM-10:40PM ET",2026-07-11T02:40:00Z,2026-07-11T02:35:00Z,573.47002,Up,"[""1"", ""0""]",0.999,281.8894,,0.49,0.008,resolved,0xdffca62cadd1a14eff7813a6636934f29d64831d292ad8f02d3f9d1da92b9719,https://data.chain.link/streams/bnb-usd,,
btc-updown-5m-1783737300,BTC,"Bitcoin Up or Down - July 10, 10:35PM-10:40PM ET",2026-07-11T02:40:00Z,2026-07-11T02:35:00Z,64027.334393905185,Up,"[""1"", ""0""]",0.99,95797.89903099963,2,0.43,0.01,resolved,0xb03fc746a871571fc0287a187b819ec820219ad8744e49e4397eb1ce3b134493,https://data.chain.link/streams/btc-usd,,
doge-updown-5m-1783737300,DOGE,"Dogecoin Up or Down - July 10, 10:35PM-10:40PM ET",2026-07-11T02:40:00Z,2026-07-11T02:35:00Z,0.074144317,Down,"[""0"", ""1""]",0.31,889.2965930000001,,-0.015,0.15,resolved,0xb84f34366c13ee2200c7f4aa81a6903af329f7a1199b1eae7db7d8584d6ea501,https://data.chain.link/streams/doge-usd,,
eth-updown-5m-1783737300,ETH,"Ethereum Up or Down - July 10, 10:35PM-10:40PM ET",2026-07-11T02:40:00Z,2026-07-11T02:35:00Z,1790.6778742856202,Up,"[""1"", ""0""]",0.99,6006.141987000003,,0.38,0.01,resolved,0x042c4a4556096aebc66058e593052e3c209822da513c98b37c6f70fa3126713b,https://data.chain.link/streams/eth-usd,,
hype-updown-5m-1783737300,HYPE,"Hyperliquid Up or Down - July 10, 10:35PM-10:40PM ET",2026-07-11T02:40:00Z,2026-07-11T02:35:00Z,67.08805462215841,Up,"[""1"", ""0""]",0.99,114.384632,,0.45,0.08,resolved,0xc89a5fa5991b5cb919e79938cfcff8c0ee087181aebf7f15fa32729998524a5e,https://data.chain.link/streams/hype-usd,,
sol-updown-5m-1783737300,SOL,"Solana Up or Down - July 10, 10:35PM-10:40PM ET",2026-07-11T02:40:00Z,2026-07-11T02:35:00Z,77.60353029311864,Up,"[""1"", ""0""]",0.99,2756.2831580000015,,0.385,0.08,resolved,0xf88c5c14a65f533e98e3d3a2eb0247efc4b667e26ed37a07424f6f66d5f7809c,https://data.chain.link/streams/sol-usd,,
xrp-updown-5m-1783737300,XRP,"XRP Up or Down - July 10, 10:35PM-10:40PM ET",2026-07-11T02:40:00Z,2026-07-11T02:35:00Z,1.105126619264644,Down,"[""0"", ""1""]",0.05,1429.339238999999,1.960783,-0.16,0.01,resolved,0xc9ee0cc4a16b9c384225df72184dd522e03fcfefc8d4f4bf48ea1cb115e8c4f5,https://data.chain.link/streams/xrp-usd,,
bnb-updown-5m-1783737600,BNB,"BNB Up or Down - July 10, 10:40PM-10:45PM ET",2026-07-11T02:45:00Z,2026-07-11T02:40:00Z,573.8836905833276,Up,"[""1"", ""0""]",0.99,285.53404700000004,,0.445,0.04,resolved,0x5b913eb41f4e7a5ac662444c2a84b381e4fbf621a299e0e6308355c656e90a61,https://data.chain.link/streams/bnb-usd,,
btc-updown-5m-1783737600,BTC,"Bitcoin Up or Down - July 10, 10:40PM-10:45PM ET",2026-07-11T02:45:00Z,2026-07-11T02:40:00Z,64054.33251,Up,"[""1"", ""0""]",0.99,96709.85127499994,2,0.44,0.01,resolved,0x83b44904800a7e8ffe929036751d75eb05d5e2d0ad937e7582ca1efc98b731b8,https://data.chain.link/streams/btc-usd,,
doge-updown-5m-1783737600,DOGE,"Dogecoin Up or Down - July 10, 10:40PM-10:45PM ET",2026-07-11T02:45:00Z,2026-07-11T02:40:00Z,0.0741269,Up,"[""1"", ""0""]",0.99,432.764825,1.960783,0.43,0.04,resolved,0xd8d8dec97eec709221f9ae9be5136046eb234bd50374ba60a491a87f637fd5f5,https://data.chain.link/streams/doge-usd,,
eth-updown-5m-1783737600,ETH,"Ethereum Up or Down - July 10, 10:40PM-10:45PM ET",2026-07-11T02:45:00Z,2026-07-11T02:40:00Z,1791.5288900225012,Up,"[""1"", ""0""]",0.999,5416.42862700001,,0.48,0.01,resolved,0x6d05941fc289ec1acb3aa8d811395a56fb998123d95dfe0311717abeff7d53a6,https://data.chain.link/streams/eth-usd,,
hype-updown-5m-1783737600,HYPE,"Hyperliquid Up or Down - July 10, 10:40PM-10:45PM ET",2026-07-11T02:45:00Z,2026-07-11T02:40:00Z,67.12542160431717,Up,"[""1"", ""0""]",0.999,208.12472,,0.49,0.02,resolved,0x6759e1de449f4e4ba3037e184e8a558db2f75998261dfbe8c2179ec957217ad5,https://data.chain.link/streams/hype-usd,,
sol-updown-5m-1783737600,SOL,"Solana Up or Down - July 10, 10:40PM-10:45PM ET",2026-07-11T02:45:00Z,2026-07-11T02:40:00Z,77.62784400889626,Up,"[""1"", ""0""]",0.999,1854.644434,,0.46,0.01,resolved,0x863b4c925ed421669e9339dab5eb261a6a7b4b608822c6737e989f6d879d01c1,https://data.chain.link/streams/sol-usd,,
xrp-updown-5m-1783737600,XRP,"XRP Up or Down - July 10, 10:40PM-10:45PM ET",2026-07-11T02:45:00Z,2026-07-11T02:40:00Z,1.1049061624533165,Up,"[""1"", ""0""]",0.99,1040.0628479999998,3.921566,0.49,0.01,resolved,0x85583c87e5b4d30a5d4270d916c2df19df04d569f4d43fb2d2d8484db85f9b63,https://data.chain.link/streams/xrp-usd,,
bnb-updown-5m-1783737900,BNB,"BNB Up or Down - July 10, 10:45PM-10:50PM ET",2026-07-11T02:50:00Z,2026-07-11T02:45:00Z,574.2689995737318,Down,"[""0"", ""1""]",0.01,383.21678999999995,2.941175,-0.49,0.01,resolved,0xa33a7596025e5a9b75b394f860552a0fbceacaddc929e7c1cd8cf0ab9f9c6ac5,https://data.chain.link/streams/bnb-usd,,
btc-updown-5m-1783737900,BTC,"Bitcoin Up or Down - July 10, 10:45PM-10:50PM ET",2026-07-11T02:50:00Z,2026-07-11T02:45:00Z,64101.01641,Up,"[""1"", ""0""]",0.99,76719.90067599992,2,0.35,0.01,resolved,0x57bfdf0a6bafdb7527f7abe4bf21eed159eb05d041aec5bc32250c53d1b7c66f,https://data.chain.link/streams/btc-usd,,
doge-updown-5m-1783737900,DOGE,"Dogecoin Up or Down - July 10, 10:45PM-10:50PM ET",2026-07-11T02:50:00Z,2026-07-11T02:45:00Z,0.0741796,Down,"[""0"", ""1""]",0.07,401.6592730000001,1.960783,-0.48,0.02,resolved,0x12e6ebe8d3f2cb9a1d7103eda5afa8feff76bdbfba5a4eb45d2e8fd11fb92785,https://data.chain.link/streams/doge-usd,,
eth-updown-5m-1783737900,ETH,"Ethereum Up or Down - July 10, 10:45PM-10:50PM ET",2026-07-11T02:50:00Z,2026-07-11T02:45:00Z,1793.4806235264982,Up,"[""1"", ""0""]",0.99,5800.994078000003,,0.07,0.01,resolved,0x13f4be8b4628fbbbd44e0db89dbfdd2eab3d7e356eb2d821bebe49d463d7a688,https://data.chain.link/streams/eth-usd,,
hype-updown-5m-1783737900,HYPE,"Hyperliquid Up or Down - July 10, 10:45PM-10:50PM ET",2026-07-11T02:50:00Z,2026-07-11T02:45:00Z,67.27565024380411,Down,"[""0"", ""1""]",0.13,133.542758,,-0.44,0.1,resolved,0x9ff1cb9b699a8a4e40a49b2d7a8fc73e182f15343f20f15ffd9ff0df7a426f26,https://data.chain.link/streams/hype-usd,,
sol-updown-5m-1783737900,SOL,"Solana Up or Down - July 10, 10:45PM-10:50PM ET",2026-07-11T02:50:00Z,2026-07-11T02:45:00Z,77.71413124888925,Up,"[""1"", ""0""]",0.99,3123.4340079999997,,-0.27,0.15,resolved,0xd1bd483e3dce249c64b6fe29cf97b9255b5cdce117df9c4e33226859963fe08d,https://data.chain.link/streams/sol-usd,,
xrp-updown-5m-1783737900,XRP,"XRP Up or Down - July 10, 10:45PM-10:50PM ET",2026-07-11T02:50:00Z,2026-07-11T02:45:00Z,1.1053774106085759,Up,"[""1"", ""0""]",0.99,1443.5516020000002,,0.025,0.14,resolved,0xe34060b069bce6ff059d09a94d9bf7da6b5b9ec8fd35cdc96b0a4607905a9809,https://data.chain.link/streams/xrp-usd,,
bnb-updown-5m-1783738200,BNB,"BNB Up or Down - July 10, 10:50PM-10:55PM ET",2026-07-11T02:55:00Z,2026-07-11T02:50:00Z,574.1290155212832,Up,"[""1"", ""0""]",0.99,225.235323,300,0.47,0.03,resolved,0xbf7c73134be9fe0bd4212d9817658d9c6a019ae450661685aa77722ef3f153bd,https://data.chain.link/streams/bnb-usd,,
btc-updown-5m-1783738200,BTC,"Bitcoin Up or Down - July 10, 10:50PM-10:55PM ET",2026-07-11T02:55:00Z,2026-07-11T02:50:00Z,64109.91605,Down,"[""0"", ""1""]",0.01,79467.55957400003,9742.374585,-0.06,0.01,resolved,0x6f95a7fd6c3b11d5eaacded38faacfeda50e6069025d0b71c39fc85260684006,https://data.chain.link/streams/btc-usd,,
doge-updown-5m-1783738200,DOGE,"Dogecoin Up or Down - July 10, 10:50PM-10:55PM ET",2026-07-11T02:55:00Z,2026-07-11T02:50:00Z,0.07415879746767959,Up,"[""1"", ""0""]",0.99,235.13261599999998,300,0.495,0.01,resolved,0x428ef27289b6b9ee5805c3368032680a3e4378785a51f13bd194320be861a7c7,https://data.chain.link/streams/doge-usd,,
eth-updown-5m-1783738200,ETH,"Ethereum Up or Down - July 10, 10:50PM-10:55PM ET",2026-07-11T02:55:00Z,2026-07-11T02:50:00Z,1793.8940668022162,Up,"[""1"", ""0""]",0.99,7050.046997000001,2005.762258,0.08,0.01,resolved,0x0844ad7e647fb6b588b8e16e00cf6bb1f70054e1be05455381b6908219597309,https://data.chain.link/streams/eth-usd,,
hype-updown-5m-1783738200,HYPE,"Hyperliquid Up or Down - July 10, 10:50PM-10:55PM ET",2026-07-11T02:55:00Z,2026-07-11T02:50:00Z,67.244774,Down,"[""0"", ""1""]",0.18,359.11688799999996,,0.4,0.08,resolved,0x4e43de3e8bc74fff35d9d3d453b93851b5d3ad3347e87451052cccd02c5166d3,https://data.chain.link/streams/hype-usd,,
sol-updown-5m-1783738200,SOL,"Solana Up or Down - July 10, 10:50PM-10:55PM ET",2026-07-11T02:55:00Z,2026-07-11T02:50:00Z,77.72181117356308,Down,"[""0"", ""1""]",0.08,2299.4922849999994,586,0.03,0.01,resolved,0x6cf4a6ef17b5e717136dbe0c6d0f993b8df98a69a912fae7d2ddf2c13de3a5c5,https://data.chain.link/streams/sol-usd,,
xrp-updown-5m-1783738200,XRP,"XRP Up or Down - July 10, 10:50PM-10:55PM ET",2026-07-11T02:55:00Z,2026-07-11T02:50:00Z,1.105427175059485,Up,"[""1"", ""0""]",0.99,1091.970437,619.262668,0.4,0.01,resolved,0xc40c24e94c9e23c63eb10232934497d2ea05feb055523312b82e02a7e46265ee,https://data.chain.link/streams/xrp-usd,,
bnb-updown-5m-1783738500,BNB,"BNB Up or Down - July 10, 10:55PM-11:00PM ET",2026-07-11T03:00:00Z,2026-07-11T02:55:00Z,574.42844,Up,"[""1"", ""0""]",0.99,289.50313399999993,,0.465,0.04,resolved,0xcad6a1596285641ae4547e8614db8b0808ae1f54cbbc658270f4411ea5780017,https://data.chain.link/streams/bnb-usd,,
btc-updown-5m-1783738500,BTC,"Bitcoin Up or Down - July 10, 10:55PM-11:00PM ET",2026-07-11T03:00:00Z,2026-07-11T02:55:00Z,64093.1075391091,Up,"[""1"", ""0""]",0.99,75163.65880900025,739.89,0.44,0.01,resolved,0x5f882aa7d6f656a862de5bb91ebd968c534c7f287be6265ee9e0410f04227a61,https://data.chain.link/streams/btc-usd,,
doge-updown-5m-1783738500,DOGE,"Dogecoin Up or Down - July 10, 10:55PM-11:00PM ET",2026-07-11T03:00:00Z,2026-07-11T02:55:00Z,0.074185,Down,"[""0"", ""1""]",0.21,396.78486100000003,,-0.23,0.12,resolved,0xe9379dcd2af8961d1053b6897af64100fcbe6f471b2585fd030c96c5a62b4a0d,https://data.chain.link/streams/doge-usd,,
eth-updown-5m-1783738500,ETH,"Ethereum Up or Down - July 10, 10:55PM-11:00PM ET",2026-07-11T03:00:00Z,2026-07-11T02:55:00Z,1793.9630966251038,Up,"[""1"", ""0""]",0.99,5855.191782000001,510,0.43,0.01,resolved,0x47277e7ff3268e7b0ff4f1fd1e61eb7a069e630023614640a465a8091959a1c4,https://data.chain.link/streams/eth-usd,,
hype-updown-5m-1783738500,HYPE,"Hyperliquid Up or Down - July 10, 10:55PM-11:00PM ET",2026-07-11T03:00:00Z,2026-07-11T02:55:00Z,67.23912590173859,Up,"[""1"", ""0""]",0.99,123.56099400000001,,0.41,0.14,resolved,0x6c9537a2ccd9cb04dedacd625c94dd4e576d21adb8d858bee2f2bd89123c016a,https://data.chain.link/streams/hype-usd,,
sol-updown-5m-1783738500,SOL,"Solana Up or Down - July 10, 10:55PM-11:00PM ET",2026-07-11T03:00:00Z,2026-07-11T02:55:00Z,77.70309784561577,Up,"[""1"", ""0""]",0.99,2715.4673470000002,15,0.3,0.05,resolved,0xd51a4a52d64088a22cfc530d575f24f299c756c55340c3fdd779caad6b926147,https://data.chain.link/streams/sol-usd,,
xrp-updown-5m-1783738500,XRP,"XRP Up or Down - July 10, 10:55PM-11:00PM ET",2026-07-11T03:00:00Z,2026-07-11T02:55:00Z,1.1056889315670997,Down,"[""0"", ""1""]",0.38,1243.6139370000005,1.960783,-0.21,0.01,resolved,0xa4909b76f9a7a570f96dd267246ea81835cb5da7859c8303850f10daf3a6fb86,https://data.chain.link/streams/xrp-usd,,
bnb-updown-5m-1783738800,BNB,"BNB Up or Down - July 10, 11:00PM-11:05PM ET",2026-07-11T03:05:00Z,2026-07-11T03:00:00Z,574.5966967688082,Down,"[""0"", ""1""]",0.16,179.90068300000001,,-0.5045,0.001,resolved,0xb66f5a18587620d2d74e2e2227ae19aafc08c85d328eafe323beb67b76b5feea,https://data.chain.link/streams/bnb-usd,,
btc-updown-5m-1783738800,BTC,"Bitcoin Up or Down - July 10, 11:00PM-11:05PM ET",2026-07-11T03:05:00Z,2026-07-11T03:00:00Z,64116.1974386963,Down,"[""0"", ""1""]",0.01,44191.14517899999,670.823528,-0.5,0.01,resolved,0x8b51d2e50f0aa9cf9733a42fc5e4a307dc2100214cb73b9bef369ee0bd1248c1,https://data.chain.link/streams/btc-usd,,
doge-updown-5m-1783738800,DOGE,"Dogecoin Up or Down - July 10, 11:00PM-11:05PM ET",2026-07-11T03:05:00Z,2026-07-11T03:00:00Z,0.07417508,Down,"[""0"", ""1""]",0.12,356.464933,,-0.495,0.01,resolved,0x77b42365a3cd51a58eb3164effb82e3662e0151ce1a96c80ca213773ae40e546,https://data.chain.link/streams/doge-usd,,
eth-updown-5m-1783738800,ETH,"Ethereum Up or Down - July 10, 11:00PM-11:05PM ET",2026-07-11T03:05:00Z,2026-07-11T03:00:00Z,1794.315513239663,Down,"[""0"", ""1""]",0.01,4952.633184000005,500,-0.5,0.01,resolved,0x2766cb4f64b9ce66328bd0e647ef64e2d60a9509f7b120e293ae7941bca4c810,https://data.chain.link/streams/eth-usd,,
hype-updown-5m-1783738800,HYPE,"Hyperliquid Up or Down - July 10, 11:00PM-11:05PM ET",2026-07-11T03:05:00Z,2026-07-11T03:00:00Z,67.25777340674189,Down,"[""0"", ""1""]",0.73,106.93557499999999,,-0.495,0.01,resolved,0xe2312d9ab848be446ca08f724a19838466c49b34d9aeb52a5ba337dd7c8cccdc,https://data.chain.link/streams/hype-usd,,
sol-updown-5m-1783738800,SOL,"Solana Up or Down - July 10, 11:00PM-11:05PM ET",2026-07-11T03:05:00Z,2026-07-11T03:00:00Z,77.72602872873723,Down,"[""0"", ""1""]",0.31,2644.171248999999,,-0.5045,0.001,resolved,0x08557df9afc58ab0eb96ca8b7c11d3979416b3291a1732115b990831199aa628,https://data.chain.link/streams/sol-usd,,
xrp-updown-5m-1783738800,XRP,"XRP Up or Down - July 10, 11:00PM-11:05PM ET",2026-07-11T03:05:00Z,2026-07-11T03:00:00Z,1.1056226653879258,Down,"[""0"", ""1""]",0.09,1808.6202320000011,1.960783,-0.5,0.01,resolved,0xef2a5ecdf5fde5173fbba7f837c78a394da1efde5ff129270bf12b62d42ede48,https://data.chain.link/streams/xrp-usd,,
bnb-updown-5m-1783739100,BNB,"BNB Up or Down - July 10, 11:05PM-11:10PM ET",2026-07-11T03:10:00Z,2026-07-11T03:05:00Z,574.1709328639529,Up,"[""1"", ""0""]",0.99,208.508198,2.941175,0.095,0.78,resolved,0xb2225852c0574d6f3bd1277ece7ca1d8648b9dd54e7a0459c6bf8a73e4c96068,https://data.chain.link/streams/bnb-usd,,
btc-updown-5m-1783739100,BTC,"Bitcoin Up or Down - July 10, 11:05PM-11:10PM ET",2026-07-11T03:10:00Z,2026-07-11T03:05:00Z,64081.30418196184,Up,"[""1"", ""0""]",0.99,52324.32819200005,12,0.49,0.01,resolved,0x3ece9cd3fe23d68d213b44bcb1a3743c8bfc64fc6ba23db7dc86acb40cc22f9d,https://data.chain.link/streams/btc-usd,,
doge-updown-5m-1783739100,DOGE,"Dogecoin Up or Down - July 10, 11:05PM-11:10PM ET",2026-07-11T03:10:00Z,2026-07-11T03:05:00Z,0.07409768869140046,Up,"[""1"", ""0""]",0.99,272.084315,,0.465,0.05,resolved,0x487ad639adbcaa44d406afeb6a3657a1bfcaca37dfd104dffbee6d495acfec00,https://data.chain.link/streams/doge-usd,,
eth-updown-5m-1783739100,ETH,"Ethereum Up or Down - July 10, 11:05PM-11:10PM ET",2026-07-11T03:10:00Z,2026-07-11T03:05:00Z,1793.5142620745116,Up,"[""1"", ""0""]",0.99,3099.6074760000015,,0.49,0.01,resolved,0x652f49d4ed5ab4d37223ea5bc547f6883203a30b7fc5eb75426efa00629f0191,https://data.chain.link/streams/eth-usd,,
hype-updown-5m-1783739100,HYPE,"Hyperliquid Up or Down - July 10, 11:05PM-11:10PM ET",2026-07-11T03:10:00Z,2026-07-11T03:05:00Z,67.20061378930544,Down,"[""0"", ""1""]",0.01,442.00926100000004,,-0.135,0.17,resolved,0xf23180242922d2516f76d25f5661143ad8abff6d28661dacd341dbd640158c99,https://data.chain.link/streams/hype-usd,,
sol-updown-5m-1783739100,SOL,"Solana Up or Down - July 10, 11:05PM-11:10PM ET",2026-07-11T03:10:00Z,2026-07-11T03:05:00Z,77.63740848470049,Up,"[""1"", ""0""]",0.99,1446.7962289999998,,0.49,0.01,resolved,0xe6d988a8eabf0b4faedaa188f19bbb2d68c57d60935a4da3b2a6785ce7069012,https://data.chain.link/streams/sol-usd,,
xrp-updown-5m-1783739100,XRP,"XRP Up or Down - July 10, 11:05PM-11:10PM ET",2026-07-11T03:10:00Z,2026-07-11T03:05:00Z,1.1052515821030982,Up,"[""1"", ""0""]",0.99,864.6817759999999,,0.49,0.01,resolved,0xffbea2f95202af11684ec648d23894452e1f1021919aec0f746617ed254a2bae,https://data.chain.link/streams/xrp-usd,,
bnb-updown-5m-1783739400,BNB,"BNB Up or Down - July 10, 11:10PM-11:15PM ET",2026-07-11T03:15:00Z,2026-07-11T03:10:00Z,574.282683897576,Up,"[""1"", ""0""]",0.99,558.6429499999999,,0.49,0.01,resolved,0xa7108304f39d238479fdc4ed94caff97131e11bdc178ec18042d2db644aa1016,https://data.chain.link/streams/bnb-usd,,
btc-updown-5m-1783739400,BTC,"Bitcoin Up or Down - July 10, 11:10PM-11:15PM ET",2026-07-11T03:15:00Z,2026-07-11T03:10:00Z,64123.73825,Up,"[""1"", ""0""]",0.99,53143.8735209999,2,0.49,0.01,resolved,0xf94a0401d9befeb6e590630767bdc5d118884924538d53f95c602611723c849a,https://data.chain.link/streams/btc-usd,,
doge-updown-5m-1783739400,DOGE,"Dogecoin Up or Down - July 10, 11:10PM-11:15PM ET",2026-07-11T03:15:00Z,2026-07-11T03:10:00Z,0.07412483563892694,Up,"[""1"", ""0""]",0.99,375.660254,1.960783,0.495,0.01,resolved,0xbb28e06e661844f44e92a14f3d0b63a6af3a105432becc3c511df55fbc3a1284,https://data.chain.link/streams/doge-usd,,
eth-updown-5m-1783739400,ETH,"Ethereum Up or Down - July 10, 11:10PM-11:15PM ET",2026-07-11T03:15:00Z,2026-07-11T03:10:00Z,1794.4588265293733,Up,"[""1"", ""0""]",0.999,3822.354969000001,,0.4945,0.001,resolved,0xa5dc183665bf1709651d8959d9f25ab3cbd182a4c95a6674b1954f350440e94a,https://data.chain.link/streams/eth-usd,,
hype-updown-5m-1783739400,HYPE,"Hyperliquid Up or Down - July 10, 11:10PM-11:15PM ET",2026-07-11T03:15:00Z,2026-07-11T03:10:00Z,67.19066300799281,Down,"[""0"", ""1""]",0.16,66.836721,,-0.495,0.01,resolved,0xd7fadce08085cec80e24559a6bed166b505d73885bd5d8760fb4147eed50e1d6,https://data.chain.link/streams/hype-usd,,
sol-updown-5m-1783739400,SOL,"Solana Up or Down - July 10, 11:10PM-11:15PM ET",2026-07-11T03:15:00Z,2026-07-11T03:10:00Z,77.67260888492692,Up,"[""1"", ""0""]",0.99,2115.5732739999994,,0.49,0.01,resolved,0xe295cccfb2dff73dd481b0b756663473000ffa0bfe2413de8aee856b9689bb2a,https://data.chain.link/streams/sol-usd,,
xrp-updown-5m-1783739400,XRP,"XRP Up or Down - July 10, 11:10PM-11:15PM ET",2026-07-11T03:15:00Z,2026-07-11T03:10:00Z,1.105941882586396,Up,"[""1"", ""0""]",0.99,1197.247727,1.960783,0.49,0.01,resolved,0x723c01c11a960e250e042aca792d57e895d6564c32672525811cb059c819299d,https://data.chain.link/streams/xrp-usd,,
bnb-updown-5m-1783739700,BNB,"BNB Up or Down - July 10, 11:15PM-11:20PM ET",2026-07-11T03:20:00Z,2026-07-11T03:15:00Z,574.5101830728954,Up,"[""1"", ""0""]",0.99,641.6789389999999,,-0.29,0.23,resolved,0xfda28e4b5f5c7d96c698710d4d635dda587f8c3a8159887a9dab6d3170b93b4b,https://data.chain.link/streams/bnb-usd,,
btc-updown-5m-1783739700,BTC,"Bitcoin Up or Down - July 10, 11:15PM-11:20PM ET",2026-07-11T03:20:00Z,2026-07-11T03:15:00Z,64142.0301430211,Up,"[""1"", ""0""]",0.99,112332.05015399981,2,-0.14,0.01,resolved,0x85e13897ff09e923d710622af9d1bc949733a7312b5076b69e438804688f66f0,https://data.chain.link/streams/btc-usd,,
doge-updown-5m-1783739700,DOGE,"Dogecoin Up or Down - July 10, 11:15PM-11:20PM ET",2026-07-11T03:20:00Z,2026-07-11T03:15:00Z,0.07420794463973168,Down,"[""0"", ""1""]",0.09,550.3306749999999,,-0.425,0.11,resolved,0x43818cc89f81539be768bd7848395697ef248510363c388054933c1c16749876,https://data.chain.link/streams/doge-usd,,
eth-updown-5m-1783739700,ETH,"Ethereum Up or Down - July 10, 11:15PM-11:20PM ET",2026-07-11T03:20:00Z,2026-07-11T03:15:00Z,1795.680578062056,Down,"[""0"", ""1""]",0.01,12600.315828000004,,-0.17,0.01,resolved,0xd5532ef800e5e351b3ab6f80b4e468e706911b5a2a48fb325b4aeeccba3bfe32,https://data.chain.link/streams/eth-usd,,
hype-updown-5m-1783739700,HYPE,"Hyperliquid Up or Down - July 10, 11:15PM-11:20PM ET",2026-07-11T03:20:00Z,2026-07-11T03:15:00Z,67.1660465556215,Down,"[""0"", ""1""]",0.01,190.06765800000002,,-0.145,0.29,resolved,0x897ec2b9cf36235f8c39ceaedf0d6d1aa3da86d0df6aa3bd61272e18083c831e,https://data.chain.link/streams/hype-usd,,
sol-updown-5m-1783739700,SOL,"Solana Up or Down - July 10, 11:15PM-11:20PM ET",2026-07-11T03:20:00Z,2026-07-11T03:15:00Z,77.72024763355871,Up,"[""1"", ""0""]",0.99,6890.981985,,-0.15,0.27,resolved,0x704c8e24180efeb6fd18766ff12d763404bfdcfd63451b4ee9859fde3b1d79f4,https://data.chain.link/streams/sol-usd,,
xrp-updown-5m-1783739700,XRP,"XRP Up or Down - July 10, 11:15PM-11:20PM ET",2026-07-11T03:20:00Z,2026-07-11T03:15:00Z,1.106883371060521,Up,"[""1"", ""0""]",0.99,2836.790882999999,1.960783,0.01,0.03,resolved,0x5243bfb91566c5e396c7a30d9f1f3f6b62f5f2120cfc821574f5aba49d551645,https://data.chain.link/streams/xrp-usd,,
bnb-updown-5m-1783740000,BNB,"BNB Up or Down - July 10, 11:20PM-11:25PM ET",2026-07-11T03:25:00Z,2026-07-11T03:20:00Z,574.519,Down,"[""0"", ""1""]",0.3,200.22355299999998,,-0.5,0.01,resolved,0x16d555df7d304d78e5edec681ffb3c5f043798bfda441ba2116febc828fc93bb,https://data.chain.link/streams/bnb-usd,,
btc-updown-5m-1783740000,BTC,"Bitcoin Up or Down - July 10, 11:20PM-11:25PM ET",2026-07-11T03:25:00Z,2026-07-11T03:20:00Z,64144.06123020842,Down,"[""0"", ""1""]",0.01,43149.330876999935,2,-0.5,0.01,resolved,0xa5cf18185d26f33c31b2b513ea80e14ba78c781a6973c42b97d903d997e882fd,https://data.chain.link/streams/btc-usd,,
doge-updown-5m-1783740000,DOGE,"Dogecoin Up or Down - July 10, 11:20PM-11:25PM ET",2026-07-11T03:25:00Z,2026-07-11T03:20:00Z,0.0741871,Down,"[""0"", ""1""]",0.1,243.37723599999998,1.960783,-0.495,0.01,resolved,0xba5cb0219ba28b2e395a733eb45397d699aa6f9c425b7953462db16f847167ac,https://data.chain.link/streams/doge-usd,,
eth-updown-5m-1783740000,ETH,"Ethereum Up or Down - July 10, 11:20PM-11:25PM ET",2026-07-11T03:25:00Z,2026-07-11T03:20:00Z,1795.5088843864055,Down,"[""0"", ""1""]",0.01,4638.310139000002,1.960783,-0.5,0.01,resolved,0x5eb5752fe41d3ceba4e4013e781d476d3e9ee7c2d43c34b586c39f79288b3c1b,https://data.chain.link/streams/eth-usd,,
hype-updown-5m-1783740000,HYPE,"Hyperliquid Up or Down - July 10, 11:20PM-11:25PM ET",2026-07-11T03:25:00Z,2026-07-11T03:20:00Z,67.132404,Down,"[""0"", ""1""]",0.2,112.468704,,-0.495,0.01,resolved,0x1ba122bb559b45a79e3e235c2c68cfa07519c9d319533a0f37582c6b724c7eec,https://data.chain.link/streams/hype-usd,,
sol-updown-5m-1783740000,SOL,"Solana Up or Down - July 10, 11:20PM-11:25PM ET",2026-07-11T03:25:00Z,2026-07-11T03:20:00Z,77.73062536553043,Down,"[""0"", ""1""]",0.13,2293.5675099999994,1.960783,-0.5,0.01,resolved,0x3c17a8412b28e9372869e0abeac329e6c1f3ae16651051a7baedc992c61bcf5b,https://data.chain.link/streams/sol-usd,,
xrp-updown-5m-1783740000,XRP,"XRP Up or Down - July 10, 11:20PM-11:25PM ET",2026-07-11T03:25:00Z,2026-07-11T03:20:00Z,1.106943559276977,Down,"[""0"", ""1""]",0.05,1045.172211,1.960783,-0.5,0.01,resolved,0xcad10d58254b57e9533aa83acc2503004a609ce430d5c0d13bf41202783bb944,https://data.chain.link/streams/xrp-usd,,
bnb-updown-5m-1783740300,BNB,"BNB Up or Down - July 10, 11:25PM-11:30PM ET",2026-07-11T03:30:00Z,2026-07-11T03:25:00Z,574.4729692927148,Up,"[""1"", ""0""]",0.99,149.110478,,0.01,0.91,resolved,0xb88c74cdeef2e341edc6ab26c0912a219f42021712c01f28b11f06510fe685e0,https://data.chain.link/streams/bnb-usd,,
btc-updown-5m-1783740300,BTC,"Bitcoin Up or Down - July 10, 11:25PM-11:30PM ET",2026-07-11T03:30:00Z,2026-07-11T03:25:00Z,64109.220532717096,Down,"[""0"", ""1""]",0.01,37372.46947400001,2,-0.49,0.01,resolved,0xbddb30a65fece9e3e67e43ead3c9ae5d59fc3c1ef57a5b0bf4bf97ba26249ad9,https://data.chain.link/streams/btc-usd,,
doge-updown-5m-1783740300,DOGE,"Dogecoin Up or Down - July 10, 11:25PM-11:30PM ET",2026-07-11T03:30:00Z,2026-07-11T03:25:00Z,0.07415549638483533,Up,"[""1"", ""0""]",0.98,444.3773809999999,1.960783,0.08,0.12,resolved,0x15b18e3d911cdbb8f8903f5604cb603b84556f1d9c8b9e6a47b86e78e6917b39,https://data.chain.link/streams/doge-usd,,
eth-updown-5m-1783740300,ETH,"Ethereum Up or Down - July 10, 11:25PM-11:30PM ET",2026-07-11T03:30:00Z,2026-07-11T03:25:00Z,1794.4195413059342,Down,"[""0"", ""1""]",0.01,4581.075856000003,1.960783,-0.47,0.01,resolved,0x0bfa4128f7d4b416f1124b8e87200686d750ddf28d86baf27d646326838e459d,https://data.chain.link/streams/eth-usd,,
hype-updown-5m-1783740300,HYPE,"Hyperliquid Up or Down - July 10, 11:25PM-11:30PM ET",2026-07-11T03:30:00Z,2026-07-11T03:25:00Z,67.108373,Down,"[""0"", ""1""]",0.19,79.61389299999999,,-0.43,0.1,resolved,0x9253331afc2245fc27d9907448aeac030f7bb98649f4d2f0e89283aaebb6fa57,https://data.chain.link/streams/hype-usd,,
sol-updown-5m-1783740300,SOL,"Solana Up or Down - July 10, 11:25PM-11:30PM ET",2026-07-11T03:30:00Z,2026-07-11T03:25:00Z,77.6928749865338,Down,"[""0"", ""1""]",0.14,1675.1023079999995,,-0.48,0.01,resolved,0x73c74e61a8d8878c8222d8d3e780d7dbbb8c22a87295621d043911973c55eaff,https://data.chain.link/streams/sol-usd,,
xrp-updown-5m-1783740300,XRP,"XRP Up or Down - July 10, 11:25PM-11:30PM ET",2026-07-11T03:30:00Z,2026-07-11T03:25:00Z,1.1061206495623614,Down,"[""0"", ""1""]",0.01,1765.5639150000006,,-0.15,0.01,resolved,0x0959b8fdcf7aef69125a9e65748272c7c54db393907b436ec68e8e79abdf10d9,https://data.chain.link/streams/xrp-usd,,
bnb-updown-5m-1783740600,BNB,"BNB Up or Down - July 10, 11:30PM-11:35PM ET",2026-07-11T03:35:00Z,2026-07-11T03:30:00Z,574.4934592818627,Up,"[""1"", ""0""]",0.99,164.158812,,0.49,0.01,resolved,0xace734156ef337a6e1fc328379e7c0f762c66e8eb27e6b7e75897923743cbc8b,https://data.chain.link/streams/bnb-usd,,
btc-updown-5m-1783740600,BTC,"Bitcoin Up or Down - July 10, 11:30PM-11:35PM ET",2026-07-11T03:35:00Z,2026-07-11T03:30:00Z,64079.583173189574,Up,"[""1"", ""0""]",0.99,34085.38633899998,2,0.49,0.01,resolved,0x6e67af3940a6c3197b5b666de044c97bd3b70d8a52a627489bea5031586b8418,https://data.chain.link/streams/btc-usd,,
doge-updown-5m-1783740600,DOGE,"Dogecoin Up or Down - July 10, 11:30PM-11:35PM ET",2026-07-11T03:35:00Z,2026-07-11T03:30:00Z,0.074158381,Up,"[""1"", ""0""]",0.99,556.795328,,0.495,0.01,resolved,0x87f616b5b76db01d7421b57ebbf064fc2e782792e96cb0cc02afda75b01c2562,https://data.chain.link/streams/doge-usd,,
eth-updown-5m-1783740600,ETH,"Ethereum Up or Down - July 10, 11:30PM-11:35PM ET",2026-07-11T03:35:00Z,2026-07-11T03:30:00Z,1793.904525,Up,"[""1"", ""0""]",0.99,3378.773103999999,,0.49,0.01,resolved,0x82c2b6d0599ab78c2a9d75eb0d06045205351a163b43057c499adc0b696334e7,https://data.chain.link/streams/eth-usd,,
hype-updown-5m-1783740600,HYPE,"Hyperliquid Up or Down - July 10, 11:30PM-11:35PM ET",2026-07-11T03:35:00Z,2026-07-11T03:30:00Z,67.062151,Down,"[""0"", ""1""]",0.11,107.762115,,-0.495,0.01,resolved,0x72e1b4ee017fcb920ea00ce7e094b1ea5ea9d2e1bf4597d6ae0ea372221fcb3f,https://data.chain.link/streams/hype-usd,,
sol-updown-5m-1783740600,SOL,"Solana Up or Down - July 10, 11:30PM-11:35PM ET",2026-07-11T03:35:00Z,2026-07-11T03:30:00Z,77.65719582392651,Up,"[""1"", ""0""]",0.99,2497.4318009999974,,0.49,0.01,resolved,0xc5c6570effb7ef7249920a7f6e5eca3343f25d1f9c3130929ad3e1bac6e22f04,https://data.chain.link/streams/sol-usd,,
xrp-updown-5m-1783740600,XRP,"XRP Up or Down - July 10, 11:30PM-11:35PM ET",2026-07-11T03:35:00Z,2026-07-11T03:30:00Z,1.105939236712151,Up,"[""1"", ""0""]",0.99,1236.6641,1.960783,0.49,0.01,resolved,0x4df2cc07433a41938926f7162d42b0ad187a998dffca32cf8c51e8892884ffac,https://data.chain.link/streams/xrp-usd,,
bnb-updown-5m-1783740900,BNB,"BNB Up or Down - July 10, 11:35PM-11:40PM ET",2026-07-11T03:40:00Z,2026-07-11T03:35:00Z,574.7205991977277,Up,"[""1"", ""0""]",0.99,164.97330399999998,,0.49,0.01,resolved,0x69e715d99181372b52a12f8cb2d901d42884d12ccba9347ceb0f87c307ca3150,https://data.chain.link/streams/bnb-usd,,
btc-updown-5m-1783740900,BTC,"Bitcoin Up or Down - July 10, 11:35PM-11:40PM ET",2026-07-11T03:40:00Z,2026-07-11T03:35:00Z,64098.30575336823,Up,"[""1"", ""0""]",0.99,47395.73268599984,2,0.49,0.01,resolved,0x7b4c0b24d4e2ee00787397dc64f0d0542c0b0d8349f06dcf1413556f0955d862,https://data.chain.link/streams/btc-usd,,
doge-updown-5m-1783740900,DOGE,"Dogecoin Up or Down - July 10, 11:35PM-11:40PM ET",2026-07-11T03:40:00Z,2026-07-11T03:35:00Z,0.074209637,Up,"[""1"", ""0""]",0.999,754.269251,,0.495,0.008,resolved,0x14c4b801fe29b83d7e3fa63d5bc408b118f5fa604ef6a6ba30ca49476321061c,https://data.chain.link/streams/doge-usd,,
eth-updown-5m-1783740900,ETH,"Ethereum Up or Down - July 10, 11:35PM-11:40PM ET",2026-07-11T03:40:00Z,2026-07-11T03:35:00Z,1794.2431350000002,Up,"[""1"", ""0""]",0.99,3612.8384299999966,,0.49,0.01,resolved,0xd16cad048d4afc6fd53f5f7aa98961edcbeeefd8b6d4b8441bc60db49aa85594,https://data.chain.link/streams/eth-usd,,
hype-updown-5m-1783740900,HYPE,"Hyperliquid Up or Down - July 10, 11:35PM-11:40PM ET",2026-07-11T03:40:00Z,2026-07-11T03:35:00Z,67.031302,Up,"[""1"", ""0""]",0.999,246.757118,,0.495,0.008,resolved,0xa73c69f51510a527a23cc3eb1cca5d7a8525cec72c968939622b1a3bd92b6848,https://data.chain.link/streams/hype-usd,,
sol-updown-5m-1783740900,SOL,"Solana Up or Down - July 10, 11:35PM-11:40PM ET",2026-07-11T03:40:00Z,2026-07-11T03:35:00Z,77.67669299832701,Up,"[""1"", ""0""]",0.99,2541.4245180000003,,0.49,0.01,resolved,0x911a85912556eb3da9e59e9ce0769d844165ac96123546facf59296bebb7fef9,https://data.chain.link/streams/sol-usd,,
xrp-updown-5m-1783740900,XRP,"XRP Up or Down - July 10, 11:35PM-11:40PM ET",2026-07-11T03:40:00Z,2026-07-11T03:35:00Z,1.1069734382780445,Up,"[""1"", ""0""]",0.99,1343.9090839999997,1.960783,0.49,0.01,resolved,0x3c6c741ddbc110011da74cc406d198851e5f1632c59bb54d8289530c8cfb6a30,https://data.chain.link/streams/xrp-usd,,
bnb-updown-5m-1783741200,BNB,"BNB Up or Down - July 10, 11:40PM-11:45PM ET",2026-07-11T03:45:00Z,2026-07-11T03:40:00Z,575.204,Down,"[""0"", ""1""]",0.1,6312.623339000001,,-0.5,0.01,resolved,0x3a0b88c69ee18d95e169b6f1511edf4eb7f3578b3ec6c4aef834ce6f3cdd6a7c,https://data.chain.link/streams/bnb-usd,,
btc-updown-5m-1783741200,BTC,"Bitcoin Up or Down - July 10, 11:40PM-11:45PM ET",2026-07-11T03:45:00Z,2026-07-11T03:40:00Z,64133.86755804431,Down,"[""0"", ""1""]",0.01,44040.57459099987,2,-0.5,0.01,resolved,0x109993a15b13a440870374f58d8d4afa77e8b833d3539bf737fe0758dac6a4b0,https://data.chain.link/streams/btc-usd,,
doge-updown-5m-1783741200,DOGE,"Dogecoin Up or Down - July 10, 11:40PM-11:45PM ET",2026-07-11T03:45:00Z,2026-07-11T03:40:00Z,0.074306488,Down,"[""0"", ""1""]",0.19,354.979936,,-0.495,0.01,resolved,0x6ee7f38b7685ec29aac759fff603d398f57fc97a829fb9d7ac900e7f68e28f8c,https://data.chain.link/streams/doge-usd,,
eth-updown-5m-1783741200,ETH,"Ethereum Up or Down - July 10, 11:40PM-11:45PM ET",2026-07-11T03:45:00Z,2026-07-11T03:40:00Z,1796.1361267384489,Down,"[""0"", ""1""]",0.01,5797.447147000003,,-0.5,0.01,resolved,0x0b2279ec1922868c070444a6122e4b7079120eea3f993c3361ec63567ccf3cd0,https://data.chain.link/streams/eth-usd,,
hype-updown-5m-1783741200,HYPE,"Hyperliquid Up or Down - July 10, 11:40PM-11:45PM ET",2026-07-11T03:45:00Z,2026-07-11T03:40:00Z,67.17593,Down,"[""0"", ""1""]",0.08,158.525362,,-0.4995,0.001,resolved,0x1f242c16d4732b78a4bd7a7f745b74881920e94891475024d164d16aed573306,https://data.chain.link/streams/hype-usd,,
sol-updown-5m-1783741200,SOL,"Solana Up or Down - July 10, 11:40PM-11:45PM ET",2026-07-11T03:45:00Z,2026-07-11T03:40:00Z,77.76882009561982,Up,"[""1"", ""0""]",0.99,2570.7471169999985,,0.49,0.01,resolved,0x90003301ea931ed3f4adb7343f67ece2a783ece5235785adcaeaf523c8059fc4,https://data.chain.link/streams/sol-usd,,
xrp-updown-5m-1783741200,XRP,"XRP Up or Down - July 10, 11:40PM-11:45PM ET",2026-07-11T03:45:00Z,2026-07-11T03:40:00Z,1.1084451178551138,Down,"[""0"", ""1""]",0.02,1173.2727569999997,,-0.47,0.01,resolved,0x9be0661badb31508e95f9a6c6b4bad019fae9f548ecb9d308b39c4ff93a97f5c,https://data.chain.link/streams/xrp-usd,,
bnb-updown-5m-1783741500,BNB,"BNB Up or Down - July 10, 11:45PM-11:50PM ET",2026-07-11T03:50:00Z,2026-07-11T03:45:00Z,575.1244730368468,Up,"[""1"", ""0""]",0.99,4055.8716739999986,,0.145,0.3,resolved,0xe14c82b7884a6b10e5f2605cc38e4df4cf94c6f65131446f59445dfb2fbe12d7,https://data.chain.link/streams/bnb-usd,,
btc-updown-5m-1783741500,BTC,"Bitcoin Up or Down - July 10, 11:45PM-11:50PM ET",2026-07-11T03:50:00Z,2026-07-11T03:45:00Z,64119.22929186885,Up,"[""1"", ""0""]",0.99,50081.6656559999,2,0.02,0.01,resolved,0xba69fa031875e70a2a488ae0cdc1495092dd89bf54f58acc389abf57ac811b69,https://data.chain.link/streams/btc-usd,,
doge-updown-5m-1783741500,DOGE,"Dogecoin Up or Down - July 10, 11:45PM-11:50PM ET",2026-07-11T03:50:00Z,2026-07-11T03:45:00Z,0.07427623382544754,Down,"[""0"", ""1""]",0.04,254.534403,,-0.495,0.01,resolved,0xde105ca3d1875115619393cdd909c44b8ce8ac0c89eee8297fb3d6773a74219f,https://data.chain.link/streams/doge-usd,,
eth-updown-5m-1783741500,ETH,"Ethereum Up or Down - July 10, 11:45PM-11:50PM ET",2026-07-11T03:50:00Z,2026-07-11T03:45:00Z,1795.715862880023,Up,"[""1"", ""0""]",0.99,6174.942234000001,,-0.055,0.04,resolved,0x1314485e812296e4c2d345bbc5968b46a83e87dff9528bc097ff68362e4df0e6,https://data.chain.link/streams/eth-usd,,
hype-updown-5m-1783741500,HYPE,"Hyperliquid Up or Down - July 10, 11:45PM-11:50PM ET",2026-07-11T03:50:00Z,2026-07-11T03:45:00Z,67.067905,Down,"[""0"", ""1""]",0.37,132.71126600000002,,-0.495,0.01,resolved,0x0b7049677465b0226a0caf771166b714a24b7a40b0c77d7f5cbcc21340ed8b1a,https://data.chain.link/streams/hype-usd,,
sol-updown-5m-1783741500,SOL,"Solana Up or Down - July 10, 11:45PM-11:50PM ET",2026-07-11T03:50:00Z,2026-07-11T03:45:00Z,77.78885965198637,Down,"[""0"", ""1""]",0.02,2124.0189960000002,,-0.5,0.01,resolved,0x61781b46091cc12064010e99e1a26887015eb91d2f6d549e36ae221c29a87b56,https://data.chain.link/streams/sol-usd,,
xrp-updown-5m-1783741500,XRP,"XRP Up or Down - July 10, 11:45PM-11:50PM ET",2026-07-11T03:50:00Z,2026-07-11T03:45:00Z,1.1077429433018313,Down,"[""0"", ""1""]",0.02,2139.6454439999998,,-0.46,0.03,resolved,0x015cfa646dba88545308316838194a65e965e369ba66624b88f25eb2ceff2934,https://data.chain.link/streams/xrp-usd,,
bnb-updown-5m-1783741800,BNB,"BNB Up or Down - July 10, 11:50PM-11:55PM ET",2026-07-11T03:55:00Z,2026-07-11T03:50:00Z,575.2330872531542,Down,"[""0"", ""1""]",0.01,1058.2207449999999,300,-0.5,0.01,resolved,0x608e564df87b4a17eda740486e42e0e2fcce1c0937ebceed1c5dcce14e8edc3a,https://data.chain.link/streams/bnb-usd,,
btc-updown-5m-1783741800,BTC,"Bitcoin Up or Down - July 10, 11:50PM-11:55PM ET",2026-07-11T03:55:00Z,2026-07-11T03:50:00Z,64126.75237179053,Up,"[""1"", ""0""]",0.999,43369.90690899993,7994.862294,0.49,0.01,resolved,0x0048146ed33ce15b043d7f3cd5fa99a67b311369350421467d6495088242ace8,https://data.chain.link/streams/btc-usd,,
doge-updown-5m-1783741800,DOGE,"Dogecoin Up or Down - July 10, 11:50PM-11:55PM ET",2026-07-11T03:55:00Z,2026-07-11T03:50:00Z,0.074208394,Up,"[""1"", ""0""]",0.99,575.3437140000001,300,0.495,0.01,resolved,0x9f0dc054b1c7cefbbe98cc8e53e3b85a5208aeadca37c7a51bc4492a63f8c014,https://data.chain.link/streams/doge-usd,,
eth-updown-5m-1783741800,ETH,"Ethereum Up or Down - July 10, 11:50PM-11:55PM ET",2026-07-11T03:55:00Z,2026-07-11T03:50:00Z,1795.883959245304,Up,"[""1"", ""0""]",0.99,3912.7943110000024,1881.019605,0.49,0.01,resolved,0x7b8146a08f7cc414f3adc5df987e4741b38ecb1f2c1cf7e365d97f875a8cecd3,https://data.chain.link/streams/eth-usd,,
hype-updown-5m-1783741800,HYPE,"Hyperliquid Up or Down - July 10, 11:50PM-11:55PM ET",2026-07-11T03:55:00Z,2026-07-11T03:50:00Z,67.00380899999999,Up,"[""1"", ""0""]",0.99,94.648073,,0.495,0.01,resolved,0xaa11599eff4c91860e3770de92c00add5050b6043a29c512f8eb085397a5ee3d,https://data.chain.link/streams/hype-usd,,
sol-updown-5m-1783741800,SOL,"Solana Up or Down - July 10, 11:50PM-11:55PM ET",2026-07-11T03:55:00Z,2026-07-11T03:50:00Z,77.75079676401366,Up,"[""1"", ""0""]",0.99,1233.8967069999997,515,0.49,0.01,resolved,0x4fa88f06ae97af932ce41b09e29d2125be48eca008058a0b684b0a2c24f55a3b,https://data.chain.link/streams/sol-usd,,
xrp-updown-5m-1783741800,XRP,"XRP Up or Down - July 10, 11:50PM-11:55PM ET",2026-07-11T03:55:00Z,2026-07-11T03:50:00Z,1.1076071771330347,Down,"[""0"", ""1""]",0.06,927.0431370000001,605,-0.5,0.01,resolved,0xc884126ea77843a7f29546db3792318bccfc584511c923d0b18d61b2d257979d,https://data.chain.link/streams/xrp-usd,,
bnb-updown-5m-1783742100,BNB,"BNB Up or Down - July 10, 11:55PM-12:00AM ET",2026-07-11T04:00:00Z,2026-07-11T03:55:00Z,574.960235629495,Down,"[""0"", ""1""]",0.24,507.38516000000004,,-0.495,0.01,resolved,0xbd4643b1261ad61d2c155b660022976b0b096bee409c52b1e233494fbdf7388a,https://data.chain.link/streams/bnb-usd,,
btc-updown-5m-1783742100,BTC,"Bitcoin Up or Down - July 10, 11:55PM-12:00AM ET",2026-07-11T04:00:00Z,2026-07-11T03:55:00Z,64135.8046168543,Down,"[""0"", ""1""]",0.001,43072.29493499988,666.35232,-0.5,0.01,resolved,0xeb4855f37767d15cf5855e34fe7fb4ad6535c41a199fd945752bdb94608fd3c0,https://data.chain.link/streams/btc-usd,,
doge-updown-5m-1783742100,DOGE,"Dogecoin Up or Down - July 10, 11:55PM-12:00AM ET",2026-07-11T04:00:00Z,2026-07-11T03:55:00Z,0.07427631067313578,Down,"[""0"", ""1""]",0.03,191.12444699999998,,-0.495,0.01,resolved,0xcfdf55d28c32aadb4e899ec3ad123bc921420e2085bb203e60d829f0f3945559,https://data.chain.link/streams/doge-usd,,
eth-updown-5m-1783742100,ETH,"Ethereum Up or Down - July 10, 11:55PM-12:00AM ET",2026-07-11T04:00:00Z,2026-07-11T03:55:00Z,1796.5257301479226,Down,"[""0"", ""1""]",0.04,4092.818065,510,-0.495,0.01,resolved,0xf8d5f8eb945472cd9408a4ab93d6f6977a180437a38ec1f6fd7d62206428e2d0,https://data.chain.link/streams/eth-usd,,
hype-updown-5m-1783742100,HYPE,"Hyperliquid Up or Down - July 10, 11:55PM-12:00AM ET",2026-07-11T04:00:00Z,2026-07-11T03:55:00Z,67.030714,Up,"[""1"", ""0""]",0.98,324.55587499999996,,-0.5,0.01,resolved,0x9572503e0652d6767b5d0527a7c4904007c93c98857843cfc2c981cc35009b75,https://data.chain.link/streams/hype-usd,,
sol-updown-5m-1783742100,SOL,"Solana Up or Down - July 10, 11:55PM-12:00AM ET",2026-07-11T04:00:00Z,2026-07-11T03:55:00Z,77.8037165,Down,"[""0"", ""1""]",0.06,2144.227715000001,15,-0.495,0.01,resolved,0xfcdfe71d93b63e120c78a7499fc3e11fa9777b79b450c8e22c2e5a6063ebac38,https://data.chain.link/streams/sol-usd,,
xrp-updown-5m-1783742100,XRP,"XRP Up or Down - July 10, 11:55PM-12:00AM ET",2026-07-11T04:00:00Z,2026-07-11T03:55:00Z,1.1073938251126936,Down,"[""0"", ""1""]",0.21,1572.0244099999995,,-0.395,0.01,resolved,0xa434800c5d936175d35181b7b3469c64093bb7c0a02cdd2bfb3f718dc1ddd638,https://data.chain.link/streams/xrp-usd,,
bnb-updown-5m-1783742400,BNB,"BNB Up or Down - July 11, 12:00AM-12:05AM ET",2026-07-11T04:05:00Z,2026-07-11T04:00:00Z,574.5102275923854,Up,"[""1"", ""0""]",0.99,220.99664699999997,,0.21,0.1,resolved,0xad5ee8b4b1f5d724dcfb44e78c67023c5085a70776f2e9eee919ce2a9be848a9,https://data.chain.link/streams/bnb-usd,,
btc-updown-5m-1783742400,BTC,"Bitcoin Up or Down - July 11, 12:00AM-12:05AM ET",2026-07-11T04:05:00Z,2026-07-11T04:00:00Z,64110.57354023724,Down,"[""0"", ""1""]",0.001,45034.06526899997,603.960783,-0.47,0.01,resolved,0xd8d9f27c5e9790876762261fe4e25b4b0fa328793f9dbc40ce53292dfe071b04,https://data.chain.link/streams/btc-usd,,
doge-updown-5m-1783742400,DOGE,"Dogecoin Up or Down - July 11, 12:00AM-12:05AM ET",2026-07-11T04:05:00Z,2026-07-11T04:00:00Z,0.07423589813334745,Up,"[""1"", ""0""]",0.99,851.730936,,0.46,0.04,resolved,0x2819d2fea0d3a0149769d34fa7b5ce630ecc59521b56e824cd61628beb107196,https://data.chain.link/streams/doge-usd,,
eth-updown-5m-1783742400,ETH,"Ethereum Up or Down - July 11, 12:00AM-12:05AM ET",2026-07-11T04:05:00Z,2026-07-11T04:00:00Z,1795.3309673098931,Up,"[""1"", ""0""]",0.99,5770.709834999988,500,-0.165,0.01,resolved,0x7b2adf840c51a0e8065aa476755515314bdb952aea53365a1faef35fed6987af,https://data.chain.link/streams/eth-usd,,
hype-updown-5m-1783742400,HYPE,"Hyperliquid Up or Down - July 11, 12:00AM-12:05AM ET",2026-07-11T04:05:00Z,2026-07-11T04:00:00Z,67.0595135230095,Down,"[""0"", ""1""]",0.01,324.59823600000004,,-0.46,0.02,resolved,0xadb04f11a34ea9f8059640c84225e64da6f0e949e1f99bae1569740b7b5f3426,https://data.chain.link/streams/hype-usd,,
sol-updown-5m-1783742400,SOL,"Solana Up or Down - July 11, 12:00AM-12:05AM ET",2026-07-11T04:05:00Z,2026-07-11T04:00:00Z,77.74324979130006,Down,"[""0"", ""1""]",0.01,2450.1515389999986,,-0.495,0.01,resolved,0x2dca2e15b90212cbe8b7038a4340ab43db573cea9dff190d41e86e2b0b41c9fc,https://data.chain.link/streams/sol-usd,,
xrp-updown-5m-1783742400,XRP,"XRP Up or Down - July 11, 12:00AM-12:05AM ET",2026-07-11T04:05:00Z,2026-07-11T04:00:00Z,1.1070092556763391,Down,"[""0"", ""1""]",0.04,1070.8050610000005,,-0.495,0.01,resolved,0xa91a006b5a031870449b5b829e642f5f7c962d7ff5229e2fee9b1b465df7c2a4,https://data.chain.link/streams/xrp-usd,,
bnb-updown-5m-1783742700,BNB,"BNB Up or Down - July 11, 12:05AM-12:10AM ET",2026-07-11T04:10:00Z,2026-07-11T04:05:00Z,574.694837980171,Down,"[""0"", ""1""]",0.44,94.43810900000001,,-0.5,0.01,resolved,0xed0a59e32cb2efda126a9a4610d2761ab5cbc9161a31abc1b091bd6deeae5a83,https://data.chain.link/streams/bnb-usd,,
btc-updown-5m-1783742700,BTC,"Bitcoin Up or Down - July 11, 12:05AM-12:10AM ET",2026-07-11T04:10:00Z,2026-07-11T04:05:00Z,64083.00070999999,Down,"[""0"", ""1""]",0.01,44255.87469100004,3.960783,-0.5,0.01,resolved,0x256faa11d364ea84aa3151f7828152070091eff3af913ebfb14a6b9c9616bcbc,https://data.chain.link/streams/btc-usd,,
doge-updown-5m-1783742700,DOGE,"Dogecoin Up or Down - July 11, 12:05AM-12:10AM ET",2026-07-11T04:10:00Z,2026-07-11T04:05:00Z,0.07429728041228632,Down,"[""0"", ""1""]",0.05,385.478456,,-0.47,0.04,resolved,0x34e50ea3d95c270ee4db90bdf1e10fc15aef4fe5098c2e73193d2a4f39260e9d,https://data.chain.link/streams/doge-usd,,
eth-updown-5m-1783742700,ETH,"Ethereum Up or Down - July 11, 12:05AM-12:10AM ET",2026-07-11T04:10:00Z,2026-07-11T04:05:00Z,1795.339058640733,Down,"[""0"", ""1""]",0.03,4205.842149000001,,-0.5,0.01,resolved,0xa018ef04e7aa74cb8115bf78ec00ef874c3b9353b07a205196881ab1701d9b6b,https://data.chain.link/streams/eth-usd,,
hype-updown-5m-1783742700,HYPE,"Hyperliquid Up or Down - July 11, 12:05AM-12:10AM ET",2026-07-11T04:10:00Z,2026-07-11T04:05:00Z,67.010931,Down,"[""0"", ""1""]",0.27,133.778663,,-0.4995,0.001,resolved,0x9b8f0d08b336da62bf3b137ca6477843ec5f22c6791b3426b90651c687154069,https://data.chain.link/streams/hype-usd,,
sol-updown-5m-1783742700,SOL,"Solana Up or Down - July 11, 12:05AM-12:10AM ET",2026-07-11T04:10:00Z,2026-07-11T04:05:00Z,77.72068866806573,Down,"[""0"", ""1""]",0.04,1186.672264,3.960783,-0.5,0.01,resolved,0x603e69b9bacd58a58e99ff08346af95b624863eacae6e3eae966ff4c0a62805c,https://data.chain.link/streams/sol-usd,,
xrp-updown-5m-1783742700,XRP,"XRP Up or Down - July 11, 12:05AM-12:10AM ET",2026-07-11T04:10:00Z,2026-07-11T04:05:00Z,1.106820443968644,Down,"[""0"", ""1""]",0.03,1297.8815840000002,1.960783,-0.5005,0.007,resolved,0xcce1527b12f449ab6d77a44082b196df9d844c8fb242a04e2091c323e6a03752,https://data.chain.link/streams/xrp-usd,,
bnb-updown-5m-1783743000,BNB,"BNB Up or Down - July 11, 12:10AM-12:15AM ET",2026-07-11T04:15:00Z,2026-07-11T04:10:00Z,574.1495746262964,Up,"[""1"", ""0""]",0.99,206.1337,,0.45,0.07,resolved,0xb75fa65e84b9e3878b09cb62175d0b075a71d288bf742d58d085492c69abe8c6,https://data.chain.link/streams/bnb-usd,,
btc-updown-5m-1783743000,BTC,"Bitcoin Up or Down - July 11, 12:10AM-12:15AM ET",2026-07-11T04:15:00Z,2026-07-11T04:10:00Z,64050.15373118887,Up,"[""1"", ""0""]",0.999,36680.14145699992,3.960783,0.46,0.01,resolved,0x7340c8d178d8f2a3c2a6c19067a7d768ff9a5c3b31c3d0f52de6be89380b9e36,https://data.chain.link/streams/btc-usd,,
doge-updown-5m-1783743000,DOGE,"Dogecoin Up or Down - July 11, 12:10AM-12:15AM ET",2026-07-11T04:15:00Z,2026-07-11T04:10:00Z,0.0742594,Up,"[""1"", ""0""]",0.99,440.49330800000007,,0.485,0.01,resolved,0x5993c749909d501926be99834afe5355d0f52d93535fe30547ccdc4c3e760029,https://data.chain.link/streams/doge-usd,,
eth-updown-5m-1783743000,ETH,"Ethereum Up or Down - July 11, 12:10AM-12:15AM ET",2026-07-11T04:15:00Z,2026-07-11T04:10:00Z,1794.627285,Up,"[""1"", ""0""]",0.99,4528.882757000001,1.960783,0.47,0.01,resolved,0xef0be42ee4d81037a44f83ba4bba77e63bc7d5a746e64a21b592316396a7fe50,https://data.chain.link/streams/eth-usd,,
hype-updown-5m-1783743000,HYPE,"Hyperliquid Up or Down - July 11, 12:10AM-12:15AM ET",2026-07-11T04:15:00Z,2026-07-11T04:10:00Z,66.910674,Up,"[""1"", ""0""]",0.99,42.707525000000004,,0.235,0.05,resolved,0xf20d7377478baf63ef896e3d6f7e1250a09430eda5e309ca73682f680b9ca7c9,https://data.chain.link/streams/hype-usd,,
sol-updown-5m-1783743000,SOL,"Solana Up or Down - July 11, 12:10AM-12:15AM ET",2026-07-11T04:15:00Z,2026-07-11T04:10:00Z,77.63455410443936,Up,"[""1"", ""0""]",0.99,1291.030456,1.960783,0.44,0.01,resolved,0xf9c8e01d73525b565a269cb2723c2f513603edfef85d75ee5d327a79bc0d7a0f,https://data.chain.link/streams/sol-usd,,
xrp-updown-5m-1783743000,XRP,"XRP Up or Down - July 11, 12:10AM-12:15AM ET",2026-07-11T04:15:00Z,2026-07-11T04:10:00Z,1.1055260302945054,Up,"[""1"", ""0""]",0.99,968.986875,1.960783,0.455,0.02,resolved,0xb46209cc4ad41c1c69af1fa03d7451eea7fb06e6b4aa0005cc6019f562a2fa8e,https://data.chain.link/streams/xrp-usd,,
bnb-updown-5m-1783743300,BNB,"BNB Up or Down - July 11, 12:15AM-12:20AM ET",2026-07-11T04:20:00Z,2026-07-11T04:15:00Z,574.5005220764847,Up,"[""1"", ""0""]",0.99,232.37680700000004,,0.395,0.16,resolved,0x040cf1ff9e17adc788a11ebc156635364ebc7ce5f160d761fd5604e8298c1726,https://data.chain.link/streams/bnb-usd,,
btc-updown-5m-1783743300,BTC,"Bitcoin Up or Down - July 11, 12:15AM-12:20AM ET",2026-07-11T04:20:00Z,2026-07-11T04:15:00Z,64079.358334120385,Up,"[""1"", ""0""]",0.999,70302.74743299994,3.960783,-0.5,0.01,resolved,0x42234c754794f1c1deda16f4b9481c14d73bd6bc86f1464ff0fcc7454ac29b28,https://data.chain.link/streams/btc-usd,,
doge-updown-5m-1783743300,DOGE,"Dogecoin Up or Down - July 11, 12:15AM-12:20AM ET",2026-07-11T04:20:00Z,2026-07-11T04:15:00Z,0.07430309763770232,Down,"[""0"", ""1""]",0.01,421.673996,,-0.495,0.01,resolved,0x44d727b0736d6a02105aeef8434f49b450296c476d9cc36938dfaea8726096c2,https://data.chain.link/streams/doge-usd,,
eth-updown-5m-1783743300,ETH,"Ethereum Up or Down - July 11, 12:15AM-12:20AM ET",2026-07-11T04:20:00Z,2026-07-11T04:15:00Z,1795.73546,Up,"[""1"", ""0""]",0.99,8981.556344,,-0.5,0.01,resolved,0x73fcf915612a55d0982c8c5e234d0b3af6ac3632e2e4300ccfe25f120d099571,https://data.chain.link/streams/eth-usd,,
hype-updown-5m-1783743300,HYPE,"Hyperliquid Up or Down - July 11, 12:15AM-12:20AM ET",2026-07-11T04:20:00Z,2026-07-11T04:15:00Z,66.951229,Up,"[""1"", ""0""]",0.99,394.15668000000005,,-0.495,0.01,resolved,0x3b46754e852a8b546c9dcb30f22acd474618a99b66a90633fc78c1356128c83b,https://data.chain.link/streams/hype-usd,,
sol-updown-5m-1783743300,SOL,"Solana Up or Down - July 11, 12:15AM-12:20AM ET",2026-07-11T04:20:00Z,2026-07-11T04:15:00Z,77.68782528372188,Down,"[""0"", ""1""]",0.01,1581.2848259999992,,-0.5,0.01,resolved,0xb6fa8cf8cbe2baad8b2443794fb7d85aee82731217a6cf65f4e3d72dfb3216c9,https://data.chain.link/streams/sol-usd,,
xrp-updown-5m-1783743300,XRP,"XRP Up or Down - July 11, 12:15AM-12:20AM ET",2026-07-11T04:20:00Z,2026-07-11T04:15:00Z,1.1060718500947175,Down,"[""0"", ""1""]",0.009,2112.6120720000004,,-0.503,0.002,resolved,0xae6799d4c0605519c55681f1c3c087a48db69b031b7d61bcb977ba14674c416d,https://data.chain.link/streams/xrp-usd,,
bnb-updown-5m-1783743600,BNB,"BNB Up or Down - July 11, 12:20AM-12:25AM ET",2026-07-11T04:25:00Z,2026-07-11T04:20:00Z,574.9136178323988,Up,"[""1"", ""0""]",0.99,170.947596,,-0.005,0.1,resolved,0x1df352ce3b643199d790597e17588deb70896007f3f6461d89d5ed587791943f,https://data.chain.link/streams/bnb-usd,,
btc-updown-5m-1783743600,BTC,"Bitcoin Up or Down - July 11, 12:20AM-12:25AM ET",2026-07-11T04:25:00Z,2026-07-11T04:20:00Z,64090.14635495704,Up,"[""1"", ""0""]",0.99,65780.20804799991,3.960783,0.49,0.01,resolved,0x84d1aa55f3941c9cc1c1dbe19a7e349a33cac6f5ed69db993f8828f406ffb271,https://data.chain.link/streams/btc-usd,,
doge-updown-5m-1783743600,DOGE,"Dogecoin Up or Down - July 11, 12:20AM-12:25AM ET",2026-07-11T04:25:00Z,2026-07-11T04:20:00Z,0.0742809,Up,"[""1"", ""0""]",0.99,648.490637,,0.495,0.01,resolved,0x5a5be0155ab9a7b3ab29b4a937dc6071590d4aa5ff832201a44fa9ef6bf364cf,https://data.chain.link/streams/doge-usd,,
eth-updown-5m-1783743600,ETH,"Ethereum Up or Down - July 11, 12:20AM-12:25AM ET",2026-07-11T04:25:00Z,2026-07-11T04:20:00Z,1795.877965,Up,"[""1"", ""0""]",0.99,6560.267700999994,,0.11,0.01,resolved,0xaf741a945b8ee80595f6e37dd78e73cf80cb911e112ab931f68dc0d65f311b35,https://data.chain.link/streams/eth-usd,,
hype-updown-5m-1783743600,HYPE,"Hyperliquid Up or Down - July 11, 12:20AM-12:25AM ET",2026-07-11T04:25:00Z,2026-07-11T04:20:00Z,66.96926099999999,Up,"[""1"", ""0""]",0.99,178.88659199999998,,0.45,0.02,resolved,0x792e85fba43909dd14ac52994e6b6d8e810fc9ff54c461a82a438fb7cb7916d7,https://data.chain.link/streams/hype-usd,,
sol-updown-5m-1783743600,SOL,"Solana Up or Down - July 11, 12:20AM-12:25AM ET",2026-07-11T04:25:00Z,2026-07-11T04:20:00Z,77.67477376882742,Up,"[""1"", ""0""]",0.99,3668.2770969999997,,0.06,0.01,resolved,0xa7c957e45e1b16fb2b0da1fb7fce7319288d479250ca7234fed7bc46298cf224,https://data.chain.link/streams/sol-usd,,
xrp-updown-5m-1783743600,XRP,"XRP Up or Down - July 11, 12:20AM-12:25AM ET",2026-07-11T04:25:00Z,2026-07-11T04:20:00Z,1.105758806817453,Down,"[""0"", ""1""]",0.01,1204.5793950000004,,-0.19,0.01,resolved,0xe0e22eb488909c2f9dbd5e13e09da37e8580cec5791c339f536becee1000db85,https://data.chain.link/streams/xrp-usd,,
bnb-updown-5m-1783743900,BNB,"BNB Up or Down - July 11, 12:25AM-12:30AM ET",2026-07-11T04:30:00Z,2026-07-11T04:25:00Z,575.0703430362581,Down,"[""0"", ""1""]",0.34,257.596635,,-0.5,0.008,resolved,0x96d921f0a1c6b8a923fe828bb156d7ccc651999097ab7b6875b07a91227dd9fe,https://data.chain.link/streams/bnb-usd,,
btc-updown-5m-1783743900,BTC,"Bitcoin Up or Down - July 11, 12:25AM-12:30AM ET",2026-07-11T04:30:00Z,2026-07-11T04:25:00Z,64112.97471275127,Down,"[""0"", ""1""]",0.01,53833.301486999866,5.960782,-0.46,0.01,resolved,0xb0ea6223220e99e74717c6620b52a1246b599acb20c96aecd48b6dc90dd4c2f5,https://data.chain.link/streams/btc-usd,,
doge-updown-5m-1783743900,DOGE,"Dogecoin Up or Down - July 11, 12:25AM-12:30AM ET",2026-07-11T04:30:00Z,2026-07-11T04:25:00Z,0.07429213905274305,Down,"[""0"", ""1""]",0.08,403.45164600000004,1.960783,-0.495,0.01,resolved,0xb1d641e7575dd4ed9aa23d4804a0fa0015da10fb4bf9e9aebfdbc0d6837c3cca,https://data.chain.link/streams/doge-usd,,
eth-updown-5m-1783743900,ETH,"Ethereum Up or Down - July 11, 12:25AM-12:30AM ET",2026-07-11T04:30:00Z,2026-07-11T04:25:00Z,1796.008599072032,Down,"[""0"", ""1""]",0.01,6382.912730999998,,-0.44,0.01,resolved,0x58a76f23151909fc0ea3a1250dee5b0d1f63f24cafbe2910dd310c5c2169f838,https://data.chain.link/streams/eth-usd,,
hype-updown-5m-1783743900,HYPE,"Hyperliquid Up or Down - July 11, 12:25AM-12:30AM ET",2026-07-11T04:30:00Z,2026-07-11T04:25:00Z,67.039618,Down,"[""0"", ""1""]",0.59,127.17525900000001,,-0.495,0.01,resolved,0xee4bb0bccef1be1777567ec37b01f5041cb36efc04d5b23b4accff0cf6726952,https://data.chain.link/streams/hype-usd,,
sol-updown-5m-1783743900,SOL,"Solana Up or Down - July 11, 12:25AM-12:30AM ET",2026-07-11T04:30:00Z,2026-07-11T04:25:00Z,77.68242719995075,Down,"[""0"", ""1""]",0.01,3299.434378000001,,-0.44,0.09,resolved,0xd32068ab3b8d910c2eadc57ce180011980e949f7ce9c24ab223ae64f2bc85bbc,https://data.chain.link/streams/sol-usd,,
xrp-updown-5m-1783743900,XRP,"XRP Up or Down - July 11, 12:25AM-12:30AM ET",2026-07-11T04:30:00Z,2026-07-11T04:25:00Z,1.105620960561322,Down,"[""0"", ""1""]",0.05,1047.322431,,-0.49,0.01,resolved,0xd156d29418acaf2eb3ea9852fa6aafe64fe44cd986bf6174355d24f6597159ba,https://data.chain.link/streams/xrp-usd,,
bnb-updown-5m-1783744200,BNB,"BNB Up or Down - July 11, 12:30AM-12:35AM ET",2026-07-11T04:35:00Z,2026-07-11T04:30:00Z,574.47481,Up,"[""1"", ""0""]",0.999,369.75916900000004,,0.4945,0.001,resolved,0xa3a2085cc9a6c802b021d34eb3bdff8f3b7a1dd79a29e56a258ead229dde6d7a,https://data.chain.link/streams/bnb-usd,,
btc-updown-5m-1783744200,BTC,"Bitcoin Up or Down - July 11, 12:30AM-12:35AM ET",2026-07-11T04:35:00Z,2026-07-11T04:30:00Z,64098.90813710605,Up,"[""1"", ""0""]",0.999,51563.412519999954,5.960783,0.4945,0.001,resolved,0xca74174dd0367e6eec566dba5650b38c071ab1d2b3dce44cddd4e4308fcafe1d,https://data.chain.link/streams/btc-usd,,
doge-updown-5m-1783744200,DOGE,"Dogecoin Up or Down - July 11, 12:30AM-12:35AM ET",2026-07-11T04:35:00Z,2026-07-11T04:30:00Z,0.07420730900607533,Up,"[""1"", ""0""]",0.99,562.9991100000001,,0.495,0.01,resolved,0x53cee5fdcb115c095f352f3fadbb4d9c3953e18b090a8ddaa231ebba4a626ca3,https://data.chain.link/streams/doge-usd,,
eth-updown-5m-1783744200,ETH,"Ethereum Up or Down - July 11, 12:30AM-12:35AM ET",2026-07-11T04:35:00Z,2026-07-11T04:30:00Z,1795.520501797654,Up,"[""1"", ""0""]",0.99,4812.729426000005,2,0.4945,0.001,resolved,0x1c48bf4de8198a5225c6fd8f12ab1e572d4c5a5800e13b97936ff27f229a733d,https://data.chain.link/streams/eth-usd,,
hype-updown-5m-1783744200,HYPE,"Hyperliquid Up or Down - July 11, 12:30AM-12:35AM ET",2026-07-11T04:35:00Z,2026-07-11T04:30:00Z,66.98961704196697,Down,"[""0"", ""1""]",0.05,152.55631999999997,,-0.495,0.01,resolved,0xc474ff77685ced595c949ec87cc49a5249d9208728e499c5d96e347da0265871,https://data.chain.link/streams/hype-usd,,
sol-updown-5m-1783744200,SOL,"Solana Up or Down - July 11, 12:30AM-12:35AM ET",2026-07-11T04:35:00Z,2026-07-11T04:30:00Z,77.64310013498513,Up,"[""1"", ""0""]",0.99,1641.6346539999995,,0.4945,0.001,resolved,0xc49b5789b52340d8d812ddac71a97b17dfed98689a1012232b162c74deba8730,https://data.chain.link/streams/sol-usd,,
xrp-updown-5m-1783744200,XRP,"XRP Up or Down - July 11, 12:30AM-12:35AM ET",2026-07-11T04:35:00Z,2026-07-11T04:30:00Z,1.1049279158164,Up,"[""1"", ""0""]",0.99,1241.88549,,0.49,0.01,resolved,0x5377a736d4e8f279a8f1e3ef9b8d78678a9c2c48df11cfda6693cff5845331c3,https://data.chain.link/streams/xrp-usd,,
bnb-updown-5m-1783744500,BNB,"BNB Up or Down - July 11, 12:35AM-12:40AM ET",2026-07-11T04:40:00Z,2026-07-11T04:35:00Z,575.1875160614146,Up,"[""1"", ""0""]",0.99,325.291878,,0.1,0.79,resolved,0x292bc7c2c447a70d5d16d23651ffd45de50f743b732dee7e0eecbf0ce68eef54,https://data.chain.link/streams/bnb-usd,,
btc-updown-5m-1783744500,BTC,"Bitcoin Up or Down - July 11, 12:35AM-12:40AM ET",2026-07-11T04:40:00Z,2026-07-11T04:35:00Z,64136.69856176934,Up,"[""1"", ""0""]",0.99,49934.48210899989,2,0.45,0.01,resolved,0xd2796df48eb62f99addc0d45875e2d7970ded0e1a8309ea2464eca45039b31ca,https://data.chain.link/streams/btc-usd,,
doge-updown-5m-1783744500,DOGE,"Dogecoin Up or Down - July 11, 12:35AM-12:40AM ET",2026-07-11T04:40:00Z,2026-07-11T04:35:00Z,0.0742829,Up,"[""1"", ""0""]",0.99,281.039787,,0.495,0.01,resolved,0xe5433b4330d6d7512198afc7ef4518aa9ac5a02c88a866abd52604f466cced54,https://data.chain.link/streams/doge-usd,,
eth-updown-5m-1783744500,ETH,"Ethereum Up or Down - July 11, 12:35AM-12:40AM ET",2026-07-11T04:40:00Z,2026-07-11T04:35:00Z,1797.1961900000001,Up,"[""1"", ""0""]",0.99,5030.302878000003,,0.49,0.01,resolved,0x1d3bfa02b555f53c191fc7acbeb09c8e31f1aaebb5e29d86425f0cdf9abf031e,https://data.chain.link/streams/eth-usd,,
hype-updown-5m-1783744500,HYPE,"Hyperliquid Up or Down - July 11, 12:35AM-12:40AM ET",2026-07-11T04:40:00Z,2026-07-11T04:35:00Z,66.96564099999999,Down,"[""0"", ""1""]",0.09,292.486842,,-0.495,0.01,resolved,0x5e049037b2cf1b97b007810ad814068a931018c49336cd89ee0ea6fe6156b1ba,https://data.chain.link/streams/hype-usd,,
sol-updown-5m-1783744500,SOL,"Solana Up or Down - July 11, 12:35AM-12:40AM ET",2026-07-11T04:40:00Z,2026-07-11T04:35:00Z,77.73390432169226,Up,"[""1"", ""0""]",0.99,2210.6099090000002,,0.48,0.01,resolved,0x1da2bafc32a45ca716b71937e9dee87c69ae50cb75079332d1c2b2c9dfd71f5b,https://data.chain.link/streams/sol-usd,,
xrp-updown-5m-1783744500,XRP,"XRP Up or Down - July 11, 12:35AM-12:40AM ET",2026-07-11T04:40:00Z,2026-07-11T04:35:00Z,1.105461227294,Down,"[""0"", ""1""]",0.03,1448.3092130000005,,-0.445,0.04,resolved,0x56c7c95f2a8ddcebb56061aac61a64a515458e3b45c229223f85a46b572605a9,https://data.chain.link/streams/xrp-usd,,
bnb-updown-5m-1783744800,BNB,"BNB Up or Down - July 11, 12:40AM-12:45AM ET",2026-07-11T04:45:00Z,2026-07-11T04:40:00Z,575.426103059603,Down,"[""0"", ""1""]",0.01,647.6055,,-0.5,0.01,resolved,0x60210a974be8c3a4561c87e17921937930284ced8dd2f8f865ac667e7fb09165,https://data.chain.link/streams/bnb-usd,,
btc-updown-5m-1783744800,BTC,"Bitcoin Up or Down - July 11, 12:40AM-12:45AM ET",2026-07-11T04:45:00Z,2026-07-11T04:40:00Z,64154.8819584461,Down,"[""0"", ""1""]",0.001,48982.27756800002,3.960783,-0.5045,0.001,resolved,0x23240e9f4b930f5b45bd3d7270f355e06d6983075ee867b5a8d533542eb3c9c7,https://data.chain.link/streams/btc-usd,,
doge-updown-5m-1783744800,DOGE,"Dogecoin Up or Down - July 11, 12:40AM-12:45AM ET",2026-07-11T04:45:00Z,2026-07-11T04:40:00Z,0.074346,Down,"[""0"", ""1""]",0.05,297.21161,,-0.495,0.01,resolved,0x2f30b3d5b2e56022347a1687e4c1e668817de74d5675c24b79a7b15311bb7795,https://data.chain.link/streams/doge-usd,,
eth-updown-5m-1783744800,ETH,"Ethereum Up or Down - July 11, 12:40AM-12:45AM ET",2026-07-11T04:45:00Z,2026-07-11T04:40:00Z,1797.986194345021,Down,"[""0"", ""1""]",0.01,4360.748352,,-0.5045,0.001,resolved,0x3ad6bb36eea2524303f4deaa2245f74bad33cdf4de1edcd72ffd391e6f510dbc,https://data.chain.link/streams/eth-usd,,
hype-updown-5m-1783744800,HYPE,"Hyperliquid Up or Down - July 11, 12:40AM-12:45AM ET",2026-07-11T04:45:00Z,2026-07-11T04:40:00Z,66.797082,Down,"[""0"", ""1""]",0.01,237.74535600000002,,-0.495,0.01,resolved,0xba0f01f490b76692457c3a64d1c43b7192c11547c16a00f3f5d715ac667ae93a,https://data.chain.link/streams/hype-usd,,
sol-updown-5m-1783744800,SOL,"Solana Up or Down - July 11, 12:40AM-12:45AM ET",2026-07-11T04:45:00Z,2026-07-11T04:40:00Z,77.7705801658917,Down,"[""0"", ""1""]",0.04,2027.0289050000001,,-0.5,0.01,resolved,0xa1d9caef9aa01df73fc23afa96cf7dd9461caa2e53a401643a7bed6082fc265b,https://data.chain.link/streams/sol-usd,,
xrp-updown-5m-1783744800,XRP,"XRP Up or Down - July 11, 12:40AM-12:45AM ET",2026-07-11T04:45:00Z,2026-07-11T04:40:00Z,1.105245145685302,Down,"[""0"", ""1""]",0.03,1114.2328249999996,2,-0.5045,0.001,resolved,0xb8008c788fe6006a7f661a9de486528cf01d1a474afcdc6c87e2589e56270c99,https://data.chain.link/streams/xrp-usd,,
bnb-updown-5m-1783745100,BNB,"BNB Up or Down - July 11, 12:45AM-12:50AM ET",2026-07-11T04:50:00Z,2026-07-11T04:45:00Z,575.399494102321,Down,"[""0"", ""1""]",0.08,357.599807,,-0.47,0.03,resolved,0x9918a30631635fea62ca00723cf5f5fa54fa741e85c29db2a6c4d9cfb5a60d28,https://data.chain.link/streams/bnb-usd,,
btc-updown-5m-1783745100,BTC,"Bitcoin Up or Down - July 11, 12:45AM-12:50AM ET",2026-07-11T04:50:00Z,2026-07-11T04:45:00Z,64113.15355708034,Up,"[""1"", ""0""]",0.99,47100.28387099993,5.960783,0.45,0.01,resolved,0x56d461022aa7a7eb5f6419bbc25ca9a219e5af4bcb9751a98c23d9fa8e6758fd,https://data.chain.link/streams/btc-usd,,
doge-updown-5m-1783745100,DOGE,"Dogecoin Up or Down - July 11, 12:45AM-12:50AM ET",2026-07-11T04:50:00Z,2026-07-11T04:45:00Z,0.07427341191825852,Up,"[""1"", ""0""]",0.99,454.75606600000003,,0.295,0.05,resolved,0x5ee0baae3e08ab71d8ad2a199f1e95be7948587185bcaeb2a5ac80d6323c28fa,https://data.chain.link/streams/doge-usd,,
eth-updown-5m-1783745100,ETH,"Ethereum Up or Down - July 11, 12:45AM-12:50AM ET",2026-07-11T04:50:00Z,2026-07-11T04:45:00Z,1796.4599344291898,Up,"[""1"", ""0""]",0.99,5268.185326999991,,0.47,0.01,resolved,0x9317bd173ebd0e354ff3ffd3dfdd61c78f446458f2d175a288ddfcad701fc9af,https://data.chain.link/streams/eth-usd,,
hype-updown-5m-1783745100,HYPE,"Hyperliquid Up or Down - July 11, 12:45AM-12:50AM ET",2026-07-11T04:50:00Z,2026-07-11T04:45:00Z,66.66986899999999,Up,"[""1"", ""0""]",0.99,145.159825,,0.435,0.05,resolved,0x438e10d3b6ec6f32979a6c7a5b004009b1274e78eec6eb83db0ad724f3bbd9df,https://data.chain.link/streams/hype-usd,,
sol-updown-5m-1783745100,SOL,"Solana Up or Down - July 11, 12:45AM-12:50AM ET",2026-07-11T04:50:00Z,2026-07-11T04:45:00Z,77.71884204135067,Up,"[""1"", ""0""]",0.99,1850.0865959999996,1.960783,0.44,0.05,resolved,0xd2e544a0cad66b19d56826e8a5a974d7cb56c169bc702071ee8e63a9ad775f95,https://data.chain.link/streams/sol-usd,,
xrp-updown-5m-1783745100,XRP,"XRP Up or Down - July 11, 12:45AM-12:50AM ET",2026-07-11T04:50:00Z,2026-07-11T04:45:00Z,1.1042591783846343,Up,"[""1"", ""0""]",0.99,1119.380874,,0.36,0.01,resolved,0x4d99715f78ae425c07490649cdd1926c1330735d8078ae4d9c0c518ab267c064,https://data.chain.link/streams/xrp-usd,,
bnb-updown-5m-1783745400,BNB,"BNB Up or Down - July 11, 12:50AM-12:55AM ET",2026-07-11T04:55:00Z,2026-07-11T04:50:00Z,575.1065149653937,Down,"[""0"", ""1""]",0.05,457.248883,310,-0.495,0.01,resolved,0xc20900f7dbb2e69d70f1851609f2dd530ff7ce1184246c29404510da1477dcdf,https://data.chain.link/streams/bnb-usd,,
btc-updown-5m-1783745400,BTC,"Bitcoin Up or Down - July 11, 12:50AM-12:55AM ET",2026-07-11T04:55:00Z,2026-07-11T04:50:00Z,64124.689356367286,Down,"[""0"", ""1""]",0.01,62228.946557000054,7743.315814,-0.5,0.01,resolved,0xefc28425d15bb4790de75d545ece09ea53c7bf943c4c25d6baa4ba04a2ab7116,https://data.chain.link/streams/btc-usd,,
doge-updown-5m-1783745400,DOGE,"Dogecoin Up or Down - July 11, 12:50AM-12:55AM ET",2026-07-11T04:55:00Z,2026-07-11T04:50:00Z,0.07428366141958544,Down,"[""0"", ""1""]",0.18,377.05663599999997,301.960783,-0.495,0.01,resolved,0x13599bec1a4c6e5904fd3901af294e17b859cb3210875de2809aa04a1f79e017,https://data.chain.link/streams/doge-usd,,
eth-updown-5m-1783745400,ETH,"Ethereum Up or Down - July 11, 12:50AM-12:55AM ET",2026-07-11T04:55:00Z,2026-07-11T04:50:00Z,1796.9195248520957,Down,"[""0"", ""1""]",0.01,3804.3743969999987,1873.330705,-0.5045,0.001,resolved,0xddcf483ee23b8c62c04c623306cec29136c65a53cfde87a78836917095aed358,https://data.chain.link/streams/eth-usd,,
hype-updown-5m-1783745400,HYPE,"Hyperliquid Up or Down - July 11, 12:50AM-12:55AM ET",2026-07-11T04:55:00Z,2026-07-11T04:50:00Z,66.731481,Down,"[""0"", ""1""]",0.01,198.549451,,-0.4995,0.001,resolved,0x98ab4bc5153ebb948c10df762f0ecd696466b26eca49fbc947f4b47114c18827,https://data.chain.link/streams/hype-usd,,
sol-updown-5m-1783745400,SOL,"Solana Up or Down - July 11, 12:50AM-12:55AM ET",2026-07-11T04:55:00Z,2026-07-11T04:50:00Z,77.738376104918,Down,"[""0"", ""1""]",0.001,26176.232732,577,-0.5045,0.001,resolved,0xbabec207a5ee873efd40c9ca265f1fc18789a7beb8e1a5f6458e7fb05aa50424,https://data.chain.link/streams/sol-usd,,
xrp-updown-5m-1783745400,XRP,"XRP Up or Down - July 11, 12:50AM-12:55AM ET",2026-07-11T04:55:00Z,2026-07-11T04:50:00Z,1.1044357219837662,Down,"[""0"", ""1""]",0.04,2237.810977,605,-0.5045,0.001,resolved,0x92d2f61bca1e5013a65d644e63feeb35f34f06509c52c25ee9bc2ea515a2a614,https://data.chain.link/streams/xrp-usd,,
bnb-updown-5m-1783745700,BNB,"BNB Up or Down - July 11, 12:55AM-1:00AM ET",2026-07-11T05:00:00Z,2026-07-11T04:55:00Z,574.8029712362115,Up,"[""1"", ""0""]",0.99,231.95594000000003,,-0.005,0.82,resolved,0x81d008fb9369664e550acaee6d485fe5eee64a3c792994daa45a34993477ea3c,https://data.chain.link/streams/bnb-usd,,
btc-updown-5m-1783745700,BTC,"Bitcoin Up or Down - July 11, 12:55AM-1:00AM ET",2026-07-11T05:00:00Z,2026-07-11T04:55:00Z,64078.85838859277,Up,"[""1"", ""0""]",0.99,41181.33079800001,673.941565,0.48,0.01,resolved,0x3888ca85cea24cf6b929d109ba2521f3b4e115be1fc73b3595fab0ad629ed48e,https://data.chain.link/streams/btc-usd,,
doge-updown-5m-1783745700,DOGE,"Dogecoin Up or Down - July 11, 12:55AM-1:00AM ET",2026-07-11T05:00:00Z,2026-07-11T04:55:00Z,0.0742361441485774,Up,"[""1"", ""0""]",0.99,1823.8271520000005,,0.465,0.03,resolved,0x2b134a7b029f93d53f108cdf953af2e6cd62eaa66ed01f0b82e613fe9fc88d72,https://data.chain.link/streams/doge-usd,,
eth-updown-5m-1783745700,ETH,"Ethereum Up or Down - July 11, 12:55AM-1:00AM ET",2026-07-11T05:00:00Z,2026-07-11T04:55:00Z,1794.8007950517353,Up,"[""1"", ""0""]",0.99,3272.058891,518,0.44,0.01,resolved,0x67bbb774c51c79822f150c8cf431e47428e60907c0ff8537ebf99a0576bce67e,https://data.chain.link/streams/eth-usd,,
hype-updown-5m-1783745700,HYPE,"Hyperliquid Up or Down - July 11, 12:55AM-1:00AM ET",2026-07-11T05:00:00Z,2026-07-11T04:55:00Z,66.59402700000001,Down,"[""0"", ""1""]",0.31,507.429569,,-0.495,0.01,resolved,0x4a8a74c0246dc82d74ca97547459b814aeab04c000509ec72ca5440350a43065,https://data.chain.link/streams/hype-usd,,
sol-updown-5m-1783745700,SOL,"Solana Up or Down - July 11, 12:55AM-1:00AM ET",2026-07-11T05:00:00Z,2026-07-11T04:55:00Z,77.62433036380037,Up,"[""1"", ""0""]",0.99,2154.092635,17,0.49,0.01,resolved,0x74fd3f5acdf820a16da211c4a5ddd12d6fa31b49b13b6c4336eb005e3ba5f0e8,https://data.chain.link/streams/sol-usd,,
xrp-updown-5m-1783745700,XRP,"XRP Up or Down - July 11, 12:55AM-1:00AM ET",2026-07-11T05:00:00Z,2026-07-11T04:55:00Z,1.1034894832796074,Up,"[""1"", ""0""]",0.98,2034.2296020000006,2,0.45,0.03,resolved,0x1011ef40ecf6716ecd1ca40e148774e2165e3e7ee72ee241e4185448f4676f39,https://data.chain.link/streams/xrp-usd,,
bnb-updown-5m-1783746000,BNB,"BNB Up or Down - July 11, 1:00AM-1:05AM ET",2026-07-11T05:05:00Z,2026-07-11T05:00:00Z,574.88797,Down,"[""0"", ""1""]",0.1,209.566384,,-0.5045,0.001,resolved,0x47409ba79a8a33f32aa86c6f78ea23ecf6c2fc09f02abe67576d7c3472ecd44d,https://data.chain.link/streams/bnb-usd,,
btc-updown-5m-1783746000,BTC,"Bitcoin Up or Down - July 11, 1:00AM-1:05AM ET",2026-07-11T05:05:00Z,2026-07-11T05:00:00Z,64108.82090788872,Up,"[""1"", ""0""]",0.99,98297.0078219999,602,0.49,0.01,resolved,0x170f7e5d925cc9126d80e502544f932cd1a5d5f79766e0b9681d318fafd47d87,https://data.chain.link/streams/btc-usd,,
doge-updown-5m-1783746000,DOGE,"Dogecoin Up or Down - July 11, 1:00AM-1:05AM ET",2026-07-11T05:05:00Z,2026-07-11T05:00:00Z,0.07427624655930053,Down,"[""0"", ""1""]",0.01,647.4044050000001,,-0.495,0.01,resolved,0x03f068e27e853f94cb5d2faba18189066d4b330bc5b77aae7b55ee6554590d92,https://data.chain.link/streams/doge-usd,,
eth-updown-5m-1783746000,ETH,"Ethereum Up or Down - July 11, 1:00AM-1:05AM ET",2026-07-11T05:05:00Z,2026-07-11T05:00:00Z,1795.209995,Down,"[""0"", ""1""]",0.05,6508.349464000002,506,-0.5,0.01,resolved,0xe129402a14d7fc019f3565a6c2cdbe7642374df4c64b4acaa838a7314a9dd9b6,https://data.chain.link/streams/eth-usd,,
hype-updown-5m-1783746000,HYPE,"Hyperliquid Up or Down - July 11, 1:00AM-1:05AM ET",2026-07-11T05:05:00Z,2026-07-11T05:00:00Z,66.539737,Up,"[""1"", ""0""]",0.99,156.76558599999998,,0.495,0.01,resolved,0xdcec879594da8d58ed1db0a96bd0722eae4bfe0645d98c544ce88afc81845636,https://data.chain.link/streams/hype-usd,,
sol-updown-5m-1783746000,SOL,"Solana Up or Down - July 11, 1:00AM-1:05AM ET",2026-07-11T05:05:00Z,2026-07-11T05:00:00Z,77.68765859714382,Down,"[""0"", ""1""]",0.01,2806.9953510000014,,-0.5045,0.001,resolved,0xd9604b411db7d2e94db02445b24d1cf77bd73a2e65e3a65682448d6cd4cc4e35,https://data.chain.link/streams/sol-usd,,
xrp-updown-5m-1783746000,XRP,"XRP Up or Down - July 11, 1:00AM-1:05AM ET",2026-07-11T05:05:00Z,2026-07-11T05:00:00Z,1.1039362709496752,Up,"[""1"", ""0""]",0.99,2329.2553749999997,,0.49,0.01,resolved,0x1193fbea7dce4f54807d2c896a1b86905da5256c4cae2d10ad0f411ec213de7f,https://data.chain.link/streams/xrp-usd,,
bnb-updown-5m-1783746300,BNB,"BNB Up or Down - July 11, 1:05AM-1:10AM ET",2026-07-11T05:10:00Z,2026-07-11T05:05:00Z,574.64231362619,Up,"[""1"", ""0""]",0.93,335.013176,,0.49,0.01,resolved,0xbec52efcdc79ab2d17c67ebf58429d8ff1208f58f01b5260d8d1336b6ffd2aee,https://data.chain.link/streams/bnb-usd,,
btc-updown-5m-1783746300,BTC,"Bitcoin Up or Down - July 11, 1:05AM-1:10AM ET",2026-07-11T05:10:00Z,2026-07-11T05:05:00Z,64115.91285126592,Up,"[""1"", ""0""]",0.99,63772.10731799997,2,0.445,0.04,resolved,0x0303343dcbe94ae06ae8fde5753722625348b608a743fb1ec45018ea45ac0dca,https://data.chain.link/streams/btc-usd,,
doge-updown-5m-1783746300,DOGE,"Dogecoin Up or Down - July 11, 1:05AM-1:10AM ET",2026-07-11T05:10:00Z,2026-07-11T05:05:00Z,0.07426253282712537,Up,"[""1"", ""0""]",0.99,371.1460519999999,,0.355,0.11,resolved,0xb0a85c497a437904fb00e4fc9ea81e4ca51b7c55350be9d3eb6a049672fc33dd,https://data.chain.link/streams/doge-usd,,
eth-updown-5m-1783746300,ETH,"Ethereum Up or Down - July 11, 1:05AM-1:10AM ET",2026-07-11T05:10:00Z,2026-07-11T05:05:00Z,1794.7736149999998,Up,"[""1"", ""0""]",0.99,3026.8708880000013,5,0.49,0.01,resolved,0x601400766a218dc56f9facd852205d43f03c7f12b18005c8c49481eb28619dca,https://data.chain.link/streams/eth-usd,,
hype-updown-5m-1783746300,HYPE,"Hyperliquid Up or Down - July 11, 1:05AM-1:10AM ET",2026-07-11T05:10:00Z,2026-07-11T05:05:00Z,66.607818,Down,"[""0"", ""1""]",0.17,172.111392,,-0.445,0.11,resolved,0xd2c25966e11284f27ac966fd36599357459771e2c0f36719b705d0a8c6350987,https://data.chain.link/streams/hype-usd,,
sol-updown-5m-1783746300,SOL,"Solana Up or Down - July 11, 1:05AM-1:10AM ET",2026-07-11T05:10:00Z,2026-07-11T05:05:00Z,77.60138665815204,Up,"[""1"", ""0""]",0.99,1149.2691609999997,,0.49,0.01,resolved,0xc4ce3f5e8dc4e12daa4c7ada032572e410e7bb7dc29431b8adc25aeff524d5d0,https://data.chain.link/streams/sol-usd,,
xrp-updown-5m-1783746300,XRP,"XRP Up or Down - July 11, 1:05AM-1:10AM ET",2026-07-11T05:10:00Z,2026-07-11T05:05:00Z,1.1042544495816407,Up,"[""1"", ""0""]",0.99,1082.4441140000001,,0.49,0.01,resolved,0xcce3a1ab3d19a18c04ef57f5885a93576417ab02c2defc2b0a9cfa4ef4fac6c6,https://data.chain.link/streams/xrp-usd,,
bnb-updown-5m-1783746600,BNB,"BNB Up or Down - July 11, 1:10AM-1:15AM ET",2026-07-11T05:15:00Z,2026-07-11T05:10:00Z,575.0652966823602,Down,"[""0"", ""1""]",0.3,441.6567319999999,,-0.5045,0.001,resolved,0x39f471ccbc6d6d02c6cad91050b795381862e53e90c04e59c4470cb4ecd37b2f,https://data.chain.link/streams/bnb-usd,,
btc-updown-5m-1783746600,BTC,"Bitcoin Up or Down - July 11, 1:10AM-1:15AM ET",2026-07-11T05:15:00Z,2026-07-11T05:10:00Z,64130.27102917683,Down,"[""0"", ""1""]",0.01,73889.65168999997,2,-0.5,0.01,resolved,0x2fb4f0a7229b6d045639d489745a901c1c139775a5a67ef6e52bcfb02e86b113,https://data.chain.link/streams/btc-usd,,
doge-updown-5m-1783746600,DOGE,"Dogecoin Up or Down - July 11, 1:10AM-1:15AM ET",2026-07-11T05:15:00Z,2026-07-11T05:10:00Z,0.07428325330102506,Down,"[""0"", ""1""]",0.01,1179.4874060000002,,-0.495,0.01,resolved,0x373a207bb0b99e7ee7ae0a51ad5f8a93318766aefa90b8eafe83fd8a9b7ef937,https://data.chain.link/streams/doge-usd,,
eth-updown-5m-1783746600,ETH,"Ethereum Up or Down - July 11, 1:10AM-1:15AM ET",2026-07-11T05:15:00Z,2026-07-11T05:10:00Z,1795.7753510227951,Up,"[""1"", ""0""]",0.99,4000.2970240000027,5,0.4945,0.001,resolved,0x398c2209dbe2b53011b073935c36d7882dd48824718bb7abb2121d2f40def4f4,https://data.chain.link/streams/eth-usd,,
hype-updown-5m-1783746600,HYPE,"Hyperliquid Up or Down - July 11, 1:10AM-1:15AM ET",2026-07-11T05:15:00Z,2026-07-11T05:10:00Z,66.573781,Down,"[""0"", ""1""]",0.27,181.07103599999996,,-0.495,0.01,resolved,0xe0e14f7803f8fbc1681577deb7a4587889dcab1a244ac5303496965ef3c5c394,https://data.chain.link/streams/hype-usd,,
sol-updown-5m-1783746600,SOL,"Solana Up or Down - July 11, 1:10AM-1:15AM ET",2026-07-11T05:15:00Z,2026-07-11T05:10:00Z,77.67258934648534,Up,"[""1"", ""0""]",0.999,2451.6761810000003,,0.4945,0.001,resolved,0x6612d4cc29fa49fc629525c12d51357b136b780bd8fedd0d70287ed8825646e2,https://data.chain.link/streams/sol-usd,,
xrp-updown-5m-1783746600,XRP,"XRP Up or Down - July 11, 1:10AM-1:15AM ET",2026-07-11T05:15:00Z,2026-07-11T05:10:00Z,1.1055549844961423,Down,"[""0"", ""1""]",0.12,2049.073191000001,,-0.5,0.01,resolved,0x119d2e75052130d54cb1fd02c9cea35100db8bf098c6162be355828b19a10b6e,https://data.chain.link/streams/xrp-usd,,
bnb-updown-5m-1783746900,BNB,"BNB Up or Down - July 11, 1:15AM-1:20AM ET",2026-07-11T05:20:00Z,2026-07-11T05:15:00Z,575.0450814764446,Down,"[""0"", ""1""]",0.35,221.849324,,0.025,0.87,resolved,0x70ff3be46af5920c702448dbd54fb09859f394e7404e3f3817de8f100d68f712,https://data.chain.link/streams/bnb-usd,,
btc-updown-5m-1783746900,BTC,"Bitcoin Up or Down - July 11, 1:15AM-1:20AM ET",2026-07-11T05:20:00Z,2026-07-11T05:15:00Z,64120.49514,Down,"[""0"", ""1""]",0.01,83129.39762699988,2,-0.48,0.01,resolved,0xcd438a2dca8f8ef5fe6f6954fb3c6f7799b875c12b37916836d7ee7d46c24ccc,https://data.chain.link/streams/btc-usd,,
doge-updown-5m-1783746900,DOGE,"Dogecoin Up or Down - July 11, 1:15AM-1:20AM ET",2026-07-11T05:20:00Z,2026-07-11T05:15:00Z,0.074273,Up,"[""1"", ""0""]",0.99,410.322414,,0.405,0.07,resolved,0x9663d6f30c8dee77806b7f1e56ce3cf651f3e79243ae40a07b75d8aa1ac3468d,https://data.chain.link/streams/doge-usd,,
eth-updown-5m-1783746900,ETH,"Ethereum Up or Down - July 11, 1:15AM-1:20AM ET",2026-07-11T05:20:00Z,2026-07-11T05:15:00Z,1796.498425,Up,"[""1"", ""0""]",0.99,5426.898308,8.921566,0.29,0.01,resolved,0xc82094d8c61222a58753f3e47e687afbff04ac9a31022f45a075f111599e7c81,https://data.chain.link/streams/eth-usd,,
hype-updown-5m-1783746900,HYPE,"Hyperliquid Up or Down - July 11, 1:15AM-1:20AM ET",2026-07-11T05:20:00Z,2026-07-11T05:15:00Z,66.565695,Down,"[""0"", ""1""]",0.18,134.618525,,-0.495,0.01,resolved,0x8f68f9c387cee98d73d8d41166b0e0baea5f39181f5cfb236f0d8741a138abe1,https://data.chain.link/streams/hype-usd,,
sol-updown-5m-1783746900,SOL,"Solana Up or Down - July 11, 1:15AM-1:20AM ET",2026-07-11T05:20:00Z,2026-07-11T05:15:00Z,77.69582383197172,Up,"[""1"", ""0""]",0.99,2034.318875,2,0.315,0.13,resolved,0x7c1cacd26c8b9b737218d1bc1cc727e1de0bc8247d947175cdee56835bffb417,https://data.chain.link/streams/sol-usd,,
xrp-updown-5m-1783746900,XRP,"XRP Up or Down - July 11, 1:15AM-1:20AM ET",2026-07-11T05:20:00Z,2026-07-11T05:15:00Z,1.1051306863658206,Up,"[""1"", ""0""]",0.99,1917.5116830000006,,0.36,0.02,resolved,0x48814920766dac91a5dae222c6e3796012093a78b3c6b83ce55ad76176d93ff7,https://data.chain.link/streams/xrp-usd,,
bnb-updown-5m-1783747200,BNB,"BNB Up or Down - July 11, 1:20AM-1:25AM ET",2026-07-11T05:25:00Z,2026-07-11T05:20:00Z,574.8209999999999,Up,"[""1"", ""0""]",0.999,437.060204,,0.4945,0.001,resolved,0x699a1b9c8996191da53d832d5f6633eab072095fd3ee119549d0785669f58293,https://data.chain.link/streams/bnb-usd,,
btc-updown-5m-1783747200,BTC,"Bitcoin Up or Down - July 11, 1:20AM-1:25AM ET",2026-07-11T05:25:00Z,2026-07-11T05:20:00Z,64097.11436199803,Up,"[""1"", ""0""]",0.99,59571.43190000014,2,0.49,0.01,resolved,0xd9eff4db152070b1c226b39e5a0532db1cf71f4aa673fa78748c3f841edfa419,https://data.chain.link/streams/btc-usd,,
doge-updown-5m-1783747200,DOGE,"Dogecoin Up or Down - July 11, 1:20AM-1:25AM ET",2026-07-11T05:25:00Z,2026-07-11T05:20:00Z,0.0742933,Up,"[""1"", ""0""]",0.999,398.094889,,0.4995,0.001,resolved,0x49f66c2f27415118e8661d9f6ca597bad820b0103e24eeb638e64d6fcb943016,https://data.chain.link/streams/doge-usd,,
eth-updown-5m-1783747200,ETH,"Ethereum Up or Down - July 11, 1:20AM-1:25AM ET",2026-07-11T05:25:00Z,2026-07-11T05:20:00Z,1796.5369700609033,Up,"[""1"", ""0""]",0.99,3757.461203,,0.49,0.01,resolved,0x25e0b7732e8fd99fa30008336d64f677f87ff9d6e7a3650a0fd2f540db449247,https://data.chain.link/streams/eth-usd,,
hype-updown-5m-1783747200,HYPE,"Hyperliquid Up or Down - July 11, 1:20AM-1:25AM ET",2026-07-11T05:25:00Z,2026-07-11T05:20:00Z,66.376732,Up,"[""1"", ""0""]",0.999,245.58414499999998,,0.4995,0.001,resolved,0xd24bad27392884210f34fae2f0089ac2d79115804633244c6931d9af3a972b41,https://data.chain.link/streams/hype-usd,,
sol-updown-5m-1783747200,SOL,"Solana Up or Down - July 11, 1:20AM-1:25AM ET",2026-07-11T05:25:00Z,2026-07-11T05:20:00Z,77.70720361308402,Up,"[""1"", ""0""]",0.99,2657.747886999999,,0.4945,0.001,resolved,0xa1720e4dfb4e6973ec488ec97df22ea2480bf4a2ba9aa23d2aa81ba9e3095ba5,https://data.chain.link/streams/sol-usd,,
xrp-updown-5m-1783747200,XRP,"XRP Up or Down - July 11, 1:20AM-1:25AM ET",2026-07-11T05:25:00Z,2026-07-11T05:20:00Z,1.105237403180149,Up,"[""1"", ""0""]",0.99,1035.3436659999998,,0.4945,0.001,resolved,0xd9d16a1b5dc819ec5a606db87ecd8c17c8cea1fa9cea9f2736cefc0806695fde,https://data.chain.link/streams/xrp-usd,,
bnb-updown-5m-1783747500,BNB,"BNB Up or Down - July 11, 1:25AM-1:30AM ET",2026-07-11T05:30:00Z,2026-07-11T05:25:00Z,575.3064323798671,Down,"[""0"", ""1""]",0.45,209.64084499999998,,-0.47,0.03,resolved,0xca3fae68f943d5ce15673496897d3e646c80a29ef75fdbeb1bc1620e01d08b24,https://data.chain.link/streams/bnb-usd,,
btc-updown-5m-1783747500,BTC,"Bitcoin Up or Down - July 11, 1:25AM-1:30AM ET",2026-07-11T05:30:00Z,2026-07-11T05:25:00Z,64145.63250917113,Up,"[""1"", ""0""]",0.99,69992.54898399986,27,-0.22,0.01,resolved,0x0f1745eb33d263bf62f0004098fbde187caa89fcab81e5cadc4356f94b660f09,https://data.chain.link/streams/btc-usd,,
doge-updown-5m-1783747500,DOGE,"Dogecoin Up or Down - July 11, 1:25AM-1:30AM ET",2026-07-11T05:30:00Z,2026-07-11T05:25:00Z,0.07440202544256828,Down,"[""0"", ""1""]",0.03,243.35399199999998,,-0.465,0.03,resolved,0xdf1e0ef3fa77a4bc986127dc42644a5cf4086ee237f491d22e79ebd00cc96015,https://data.chain.link/streams/doge-usd,,
eth-updown-5m-1783747500,ETH,"Ethereum Up or Down - July 11, 1:25AM-1:30AM ET",2026-07-11T05:30:00Z,2026-07-11T05:25:00Z,1797.8215671147798,Up,"[""1"", ""0""]",0.99,8148.6416750000035,1.960783,-0.3,0.01,resolved,0x37f0c3317ad2c4594bc15319f88bdb16edc654fd7d90a5cc6b3a04ae57aed7d5,https://data.chain.link/streams/eth-usd,,
hype-updown-5m-1783747500,HYPE,"Hyperliquid Up or Down - July 11, 1:25AM-1:30AM ET",2026-07-11T05:30:00Z,2026-07-11T05:25:00Z,66.563358,Down,"[""0"", ""1""]",0.04,200.633293,,-0.495,0.01,resolved,0x842be6d8a5d2b89ba76a1c65b34a01bfc10964c7615c57a7fb2fceb3b2278283,https://data.chain.link/streams/hype-usd,,
sol-updown-5m-1783747500,SOL,"Solana Up or Down - July 11, 1:25AM-1:30AM ET",2026-07-11T05:30:00Z,2026-07-11T05:25:00Z,77.79643200381778,Up,"[""1"", ""0""]",0.99,2512.0526079999995,,-0.41,0.01,resolved,0x514a0670aec16630e92ac3780213f693dda4790b007fd5422473848eb7c848c9,https://data.chain.link/streams/sol-usd,,
xrp-updown-5m-1783747500,XRP,"XRP Up or Down - July 11, 1:25AM-1:30AM ET",2026-07-11T05:30:00Z,2026-07-11T05:25:00Z,1.1060967,Up,"[""1"", ""0""]",0.98,1502.1621369999996,,-0.435,0.08,resolved,0xb7a91b23e8059dadbd0010620136a3e87f016e18768518dc30ce4dc39fc76610,https://data.chain.link/streams/xrp-usd,,
bnb-updown-5m-1783747800,BNB,"BNB Up or Down - July 11, 1:30AM-1:35AM ET",2026-07-11T05:35:00Z,2026-07-11T05:30:00Z,575.2175,Up,"[""1"", ""0""]",0.99,253.05838100000003,,0.4945,0.001,resolved,0x3ef7119a3642b8259df4667187d09ad7a39bcf28c6b2fa5781896bf0e0d1542c,https://data.chain.link/streams/bnb-usd,,
btc-updown-5m-1783747800,BTC,"Bitcoin Up or Down - July 11, 1:30AM-1:35AM ET",2026-07-11T05:35:00Z,2026-07-11T05:30:00Z,64151.523710925576,Up,"[""1"", ""0""]",0.99,89875.4424480001,2,0.49,0.01,resolved,0xeb7a39f0908f3cc09d3763a15b7d4e82bedeef3f85180774241ae6dfa7e6fea8,https://data.chain.link/streams/btc-usd,,
doge-updown-5m-1783747800,DOGE,"Dogecoin Up or Down - July 11, 1:30AM-1:35AM ET",2026-07-11T05:35:00Z,2026-07-11T05:30:00Z,0.074399183,Up,"[""1"", ""0""]",0.99,412.25108399999993,,0.495,0.01,resolved,0xef7af98886b22151dc9ca4e6a4415db333a93b1f06a04e7c2a2ede2906d71165,https://data.chain.link/streams/doge-usd,,
eth-updown-5m-1783747800,ETH,"Ethereum Up or Down - July 11, 1:30AM-1:35AM ET",2026-07-11T05:35:00Z,2026-07-11T05:30:00Z,1797.854217455455,Up,"[""1"", ""0""]",0.999,11596.429611999993,,0.4945,0.001,resolved,0x4bad1965af3fb1fea409759bb55d809dd9de209929a1b0116c95fc8b476299a1,https://data.chain.link/streams/eth-usd,,
hype-updown-5m-1783747800,HYPE,"Hyperliquid Up or Down - July 11, 1:30AM-1:35AM ET",2026-07-11T05:35:00Z,2026-07-11T05:30:00Z,66.486409,Up,"[""1"", ""0""]",0.99,150.25677599999997,,0.495,0.01,resolved,0xeee1363073ff46705a43633be5c3f82d1c13d974225d8c110e6e8d6a2242ab85,https://data.chain.link/streams/hype-usd,,
sol-updown-5m-1783747800,SOL,"Solana Up or Down - July 11, 1:30AM-1:35AM ET",2026-07-11T05:35:00Z,2026-07-11T05:30:00Z,77.80091238078866,Up,"[""1"", ""0""]",0.99,2999.144571999999,,0.49,0.01,resolved,0x83d062ffaef059e56e274aa98b4d3b4ba1c7c65ba27a8e53e427d96e9f602b2c,https://data.chain.link/streams/sol-usd,,
xrp-updown-5m-1783747800,XRP,"XRP Up or Down - July 11, 1:30AM-1:35AM ET",2026-07-11T05:35:00Z,2026-07-11T05:30:00Z,1.1061259993018517,Up,"[""1"", ""0""]",0.99,1614.001607,,0.49,0.01,resolved,0x0554305240a7e50247c7bc959b0fc3c91fc76779de15e5fd5fdf8a58ca007478,https://data.chain.link/streams/xrp-usd,,
bnb-updown-5m-1783748100,BNB,"BNB Up or Down - July 11, 1:35AM-1:40AM ET",2026-07-11T05:40:00Z,2026-07-11T05:35:00Z,575.5248532813381,Down,"[""0"", ""1""]",0.11,362.13058899999993,,-0.49,0.01,resolved,0x2c26090ecc897513b32cc2072d719b5f92a2611f48ea039f16b2b65ed89a4f5e,https://data.chain.link/streams/bnb-usd,,
btc-updown-5m-1783748100,BTC,"Bitcoin Up or Down - July 11, 1:35AM-1:40AM ET",2026-07-11T05:40:00Z,2026-07-11T05:35:00Z,64159.96693,Down,"[""0"", ""1""]",0.01,51045.648885000024,2,-0.37,0.01,resolved,0x0d3ce0b390ff9804a9c7d56b320110ecac70ec0f2f0b4b12eb2afa5fe8d343b4,https://data.chain.link/streams/btc-usd,,
doge-updown-5m-1783748100,DOGE,"Dogecoin Up or Down - July 11, 1:35AM-1:40AM ET",2026-07-11T05:40:00Z,2026-07-11T05:35:00Z,0.0744368,Down,"[""0"", ""1""]",0.11,424.6910089999999,,-0.38,0.04,resolved,0x5faa1b66324421b5bae43ce5aef23b627f79c0c3a1f914bb1ab3edb7139f4860,https://data.chain.link/streams/doge-usd,,
eth-updown-5m-1783748100,ETH,"Ethereum Up or Down - July 11, 1:35AM-1:40AM ET",2026-07-11T05:40:00Z,2026-07-11T05:35:00Z,1799.4444567102512,Down,"[""0"", ""1""]",0.01,7298.6932720000095,,-0.37,0.01,resolved,0x7b903c9824bf0f4d6457c307d12f3a8922ff5cdfb38a33bfe0b2d09387a48784,https://data.chain.link/streams/eth-usd,,
hype-updown-5m-1783748100,HYPE,"Hyperliquid Up or Down - July 11, 1:35AM-1:40AM ET",2026-07-11T05:40:00Z,2026-07-11T05:35:00Z,66.554906,Up,"[""1"", ""0""]",0.99,163.296039,,0.435,0.11,resolved,0x72743c47cd81399b7d280a0e694978ead550106b67edbc432509e5536e2fb378,https://data.chain.link/streams/hype-usd,,
sol-updown-5m-1783748100,SOL,"Solana Up or Down - July 11, 1:35AM-1:40AM ET",2026-07-11T05:40:00Z,2026-07-11T05:35:00Z,77.85957102613763,Up,"[""1"", ""0""]",0.99,3380.739295,,0.45,0.01,resolved,0x0a601aa080c1bcbc367fb7db948e5e078478d9fd1c5cdc4175a7ed91c0c9ef3d,https://data.chain.link/streams/sol-usd,,
xrp-updown-5m-1783748100,XRP,"XRP Up or Down - July 11, 1:35AM-1:40AM ET",2026-07-11T05:40:00Z,2026-07-11T05:35:00Z,1.1063378,Down,"[""0"", ""1""]",0.03,1765.2127999999998,,0.22,0.01,resolved,0x9c5e44bdeb0c893212456a168b788c61bb00852c1a56fc918e1273a6feda33be,https://data.chain.link/streams/xrp-usd,,
bnb-updown-5m-1783748400,BNB,"BNB Up or Down - July 11, 1:40AM-1:45AM ET",2026-07-11T05:45:00Z,2026-07-11T05:40:00Z,575.2898700000001,Down,"[""0"", ""1""]",0.11,273.175605,,-0.5045,0.001,resolved,0x8b16b8af5e02dcde590e2022a99728e073a1ad21321bc9d25f6de3def835b1eb,https://data.chain.link/streams/bnb-usd,,
btc-updown-5m-1783748400,BTC,"Bitcoin Up or Down - July 11, 1:40AM-1:45AM ET",2026-07-11T05:45:00Z,2026-07-11T05:40:00Z,64144.550129999996,Down,"[""0"", ""1""]",0.01,105663.39075100016,28.960783,-0.5,0.01,resolved,0xec169889f3436ef42b5fc28d599e8f8101c25e6c8071709955b545cf7d990bdf,https://data.chain.link/streams/btc-usd,,
doge-updown-5m-1783748400,DOGE,"Dogecoin Up or Down - July 11, 1:40AM-1:45AM ET",2026-07-11T05:45:00Z,2026-07-11T05:40:00Z,0.0744072,Down,"[""0"", ""1""]",0.14,223.68178199999997,,-0.4995,0.001,resolved,0x2d1b58f720a7b26110e29168d83eb41a67930d858f4d2cbdcfadd0c302708d5e,https://data.chain.link/streams/doge-usd,,
eth-updown-5m-1783748400,ETH,"Ethereum Up or Down - July 11, 1:40AM-1:45AM ET",2026-07-11T05:45:00Z,2026-07-11T05:40:00Z,1798.9262640290356,Down,"[""0"", ""1""]",0.01,4893.212381999997,1.960783,-0.5045,0.001,resolved,0x4cc590b246508c5ca1b5f416ff0320f48e74b5fa420587a55272b654680deab0,https://data.chain.link/streams/eth-usd,,
hype-updown-5m-1783748400,HYPE,"Hyperliquid Up or Down - July 11, 1:40AM-1:45AM ET",2026-07-11T05:45:00Z,2026-07-11T05:40:00Z,66.585103,Down,"[""0"", ""1""]",0.53,134.661641,,-0.495,0.01,resolved,0xff657a9e4210deb21981c60f45e6336dfc043a7b6cf93299700e7e76da40903c,https://data.chain.link/streams/hype-usd,,
sol-updown-5m-1783748400,SOL,"Solana Up or Down - July 11, 1:40AM-1:45AM ET",2026-07-11T05:45:00Z,2026-07-11T05:40:00Z,77.87495917672304,Down,"[""0"", ""1""]",0.01,2726.468552,1.960783,-0.5,0.01,resolved,0xaebcb1a99b4b5bc62843629608e526ec040e8b47441fadcbd53c4b5c0db53dc2,https://data.chain.link/streams/sol-usd,,
xrp-updown-5m-1783748400,XRP,"XRP Up or Down - July 11, 1:40AM-1:45AM ET",2026-07-11T05:45:00Z,2026-07-11T05:40:00Z,1.1063160345363474,Down,"[""0"", ""1""]",0.02,1202.1716209999997,1.960783,-0.5045,0.001,resolved,0x774adedc79db3da85d4464e3e8761a50907e1f95888090676409ec56e4a6ffa7,https://data.chain.link/streams/xrp-usd,,
bnb-updown-5m-1783748700,BNB,"BNB Up or Down - July 11, 1:45AM-1:50AM ET",2026-07-11T05:50:00Z,2026-07-11T05:45:00Z,574.882,Down,"[""0"", ""1""]",0.46,141.635897,,-0.48,0.03,resolved,0x3a826ec0d8f1c304e27c299417a4fc0e1b2f12b42fddc5fe257fc82bcec5823d,https://data.chain.link/streams/bnb-usd,,
btc-updown-5m-1783748700,BTC,"Bitcoin Up or Down - July 11, 1:45AM-1:50AM ET",2026-07-11T05:50:00Z,2026-07-11T05:45:00Z,64136.84701017448,Down,"[""0"", ""1""]",0.01,43458.452454999926,47468.020429,-0.5045,0.001,resolved,0x7e902d30eaa9b2eceb23d9abff3f2d18e698086f78b7575b46b454fa6e81ca68,https://data.chain.link/streams/btc-usd,,
doge-updown-5m-1783748700,DOGE,"Dogecoin Up or Down - July 11, 1:45AM-1:50AM ET",2026-07-11T05:50:00Z,2026-07-11T05:45:00Z,0.07433044989879961,Down,"[""0"", ""1""]",0.01,581.645102,551.966414,-0.495,0.01,resolved,0x2c3ba02c0f4c637fb464ce83a1b68282736ffac42bbec10664955eb8eb3d7926,https://data.chain.link/streams/doge-usd,,
eth-updown-5m-1783748700,ETH,"Ethereum Up or Down - July 11, 1:45AM-1:50AM ET",2026-07-11T05:50:00Z,2026-07-11T05:45:00Z,1796.8665429011942,Down,"[""0"", ""1""]",0.001,6440.708773000003,,-0.49,0.01,resolved,0xe674c908a49ec95626e32f5d2e70fd0ef12fd864ce2b3156f343bfb54fa592fd,https://data.chain.link/streams/eth-usd,,
hype-updown-5m-1783748700,HYPE,"Hyperliquid Up or Down - July 11, 1:45AM-1:50AM ET",2026-07-11T05:50:00Z,2026-07-11T05:45:00Z,66.54300111674347,Down,"[""0"", ""1""]",0.54,110.69414999999998,,-0.445,0.09,resolved,0x2291871d6d388c7d91d38be82d6597dcc3076c71332c5929310a4474359b2165,https://data.chain.link/streams/hype-usd,,
sol-updown-5m-1783748700,SOL,"Solana Up or Down - July 11, 1:45AM-1:50AM ET",2026-07-11T05:50:00Z,2026-07-11T05:45:00Z,77.80091267604107,Down,"[""0"", ""1""]",0.01,2072.6329389999987,11.862744,-0.48,0.01,resolved,0x5dbc72766e4cb204d8acd4dd60c762140364bf5dfa0bd195b60de742ea152ff4,https://data.chain.link/streams/sol-usd,,
xrp-updown-5m-1783748700,XRP,"XRP Up or Down - July 11, 1:45AM-1:50AM ET",2026-07-11T05:50:00Z,2026-07-11T05:45:00Z,1.1050230173687339,Down,"[""0"", ""1""]",0.01,1051.1253029999998,,-0.38,0.05,resolved,0x11ac9c3aff644918f13ff69990e88a8e347d7d0aac60a46635a310f8a124b03d,https://data.chain.link/streams/xrp-usd,,
bnb-updown-5m-1783749000,BNB,"BNB Up or Down - July 11, 1:50AM-1:55AM ET",2026-07-11T05:55:00Z,2026-07-11T05:50:00Z,574.6799442823278,Down,"[""0"", ""1""]",0.6,222.33166,300,-0.5,0.01,resolved,0x69727cdfde7a87e1eeed813406d5ca58d74a8bac9f0c70bc8da5e7d756a76ef4,https://data.chain.link/streams/bnb-usd,,
btc-updown-5m-1783749000,BTC,"Bitcoin Up or Down - July 11, 1:50AM-1:55AM ET",2026-07-11T05:55:00Z,2026-07-11T05:50:00Z,64100.64030406006,Up,"[""1"", ""0""]",0.99,41652.71148599994,9498.468662,0.49,0.01,resolved,0xc153264ae9b595b6253502802b82b979e99ecf332b598984dbd81858b78951e2,https://data.chain.link/streams/btc-usd,,
doge-updown-5m-1783749000,DOGE,"Dogecoin Up or Down - July 11, 1:50AM-1:55AM ET",2026-07-11T05:55:00Z,2026-07-11T05:50:00Z,0.07432699978337723,Up,"[""1"", ""0""]",0.99,630.0994250000001,300,0.495,0.01,resolved,0x9fa09685617d8da1087dba2fd45f132da67a1c79fab4b36aac589e9e58d83871,https://data.chain.link/streams/doge-usd,,
eth-updown-5m-1783749000,ETH,"Ethereum Up or Down - July 11, 1:50AM-1:55AM ET",2026-07-11T05:55:00Z,2026-07-11T05:50:00Z,1796.8377650477428,Up,"[""1"", ""0""]",0.99,9578.734441000002,1861.686272,0.49,0.01,resolved,0xfbe9ad3d10f0202267226bfaffe707ebc4ad75a7348c4b4d8a6043f1324952bf,https://data.chain.link/streams/eth-usd,,
hype-updown-5m-1783749000,HYPE,"Hyperliquid Up or Down - July 11, 1:50AM-1:55AM ET",2026-07-11T05:55:00Z,2026-07-11T05:50:00Z,66.485737,Up,"[""1"", ""0""]",0.99,249.815049,29.727271,0.4995,0.001,resolved,0x35d00b10a5a40e6c10454b9e6cb8b68b1e6a323fb5857a81bbba7aa3ba9a7dff,https://data.chain.link/streams/hype-usd,,
sol-updown-5m-1783749000,SOL,"Solana Up or Down - July 11, 1:50AM-1:55AM ET",2026-07-11T05:55:00Z,2026-07-11T05:50:00Z,77.76585407902888,Up,"[""1"", ""0""]",0.99,2174.1490909999993,637.661959,0.5,0.01,resolved,0x4cc9ce7feaf3dac4e1933a65ade0252a7dbd1e0e498457683630e6de641ab9d6,https://data.chain.link/streams/sol-usd,,
xrp-updown-5m-1783749000,XRP,"XRP Up or Down - July 11, 1:50AM-1:55AM ET",2026-07-11T05:55:00Z,2026-07-11T05:50:00Z,1.104916577737461,Up,"[""1"", ""0""]",0.99,1002.1860889999999,605.980391,0.49,0.01,resolved,0x3ade49ac78325455cb43c5b3d001ea4a1891c4e714112a5e2bdd0f6032da02b2,https://data.chain.link/streams/xrp-usd,,
bnb-updown-5m-1783749300,BNB,"BNB Up or Down - July 11, 1:55AM-2:00AM ET",2026-07-11T06:00:00Z,2026-07-11T05:55:00Z,574.67221,Up,"[""1"", ""0""]",0.99,302.03265400000004,,0.49,0.01,resolved,0x24d2b022e74e4a427689ac718a63ee8a969dfddbb83550f7c056d7e6a5ccc06e,https://data.chain.link/streams/bnb-usd,,
btc-updown-5m-1783749300,BTC,"Bitcoin Up or Down - July 11, 1:55AM-2:00AM ET",2026-07-11T06:00:00Z,2026-07-11T05:55:00Z,64122.1824,Up,"[""1"", ""0""]",0.99,43671.79723500002,658,0.135,0.02,resolved,0xb77bc6cf001a8b8189dd6243f25c016655da0e31e2580056f19db10f86ad2e84,https://data.chain.link/streams/btc-usd,,
doge-updown-5m-1783749300,DOGE,"Dogecoin Up or Down - July 11, 1:55AM-2:00AM ET",2026-07-11T06:00:00Z,2026-07-11T05:55:00Z,0.074339367,Up,"[""1"", ""0""]",0.99,264.532331,,0.485,0.01,resolved,0x741210f4a9dbe96c50f21be86d8a4dd7882e4e25cd7150d1e2b7abadd4037735,https://data.chain.link/streams/doge-usd,,
eth-updown-5m-1783749300,ETH,"Ethereum Up or Down - July 11, 1:55AM-2:00AM ET",2026-07-11T06:00:00Z,2026-07-11T05:55:00Z,1797.0097841547333,Up,"[""1"", ""0""]",0.99,2635.9194880000005,505,0.49,0.01,resolved,0x1ef0a33b1d862219a00ff774034901fb0efce90896be0c9d64be11e69a1a37b3,https://data.chain.link/streams/eth-usd,,
hype-updown-5m-1783749300,HYPE,"Hyperliquid Up or Down - July 11, 1:55AM-2:00AM ET",2026-07-11T06:00:00Z,2026-07-11T05:55:00Z,66.581126,Down,"[""0"", ""1""]",0.09,255.627704,,-0.495,0.01,resolved,0x585a19e3318c4a17dbe9a62cdb300a0c55e68363a4a717f0f923a561b7ab5f2b,https://data.chain.link/streams/hype-usd,,
sol-updown-5m-1783749300,SOL,"Solana Up or Down - July 11, 1:55AM-2:00AM ET",2026-07-11T06:00:00Z,2026-07-11T05:55:00Z,77.79034964071617,Up,"[""1"", ""0""]",0.99,1879.5128659999993,24.901958,0.5,0.01,resolved,0x0f26eb768547599a04ab5d9804bc4ab4728b027a04e7ecb8f2fbf8909e4d0022,https://data.chain.link/streams/sol-usd,,
xrp-updown-5m-1783749300,XRP,"XRP Up or Down - July 11, 1:55AM-2:00AM ET",2026-07-11T06:00:00Z,2026-07-11T05:55:00Z,1.1052538991730654,Up,"[""1"", ""0""]",0.99,1227.440386,7.941174,0.48,0.01,resolved,0x49aaf2b896a518edd6315f025170809cf314e41dd1d8f6f4abea96144318105d,https://data.chain.link/streams/xrp-usd,,
bnb-updown-5m-1783749600,BNB,"BNB Up or Down - July 11, 2:00AM-2:05AM ET",2026-07-11T06:05:00Z,2026-07-11T06:00:00Z,574.7798799999999,Down,"[""0"", ""1""]",0.3,240.96899,,-0.5,0.01,resolved,0x028bd2c0f5dad18bc7da89c65fdb5b92b916aee9775a6ed985f89677f20acd3c,https://data.chain.link/streams/bnb-usd,,
btc-updown-5m-1783749600,BTC,"Bitcoin Up or Down - July 11, 2:00AM-2:05AM ET",2026-07-11T06:05:00Z,2026-07-11T06:00:00Z,64124.60079472302,Down,"[""0"", ""1""]",0.01,50870.422476999986,618,-0.5,0.01,resolved,0x91f00aa9f795595691f272c948e0dc834520a1f4d0c2a0f3c49e8027c62c6c66,https://data.chain.link/streams/btc-usd,,
doge-updown-5m-1783749600,DOGE,"Dogecoin Up or Down - July 11, 2:00AM-2:05AM ET",2026-07-11T06:05:00Z,2026-07-11T06:00:00Z,0.07438899579951533,Down,"[""0"", ""1""]",0.2,361.83272100000005,,-0.495,0.01,resolved,0x419f6c20643a37296673485921023f77389854abb6f4505685e136d0cdc985c6,https://data.chain.link/streams/doge-usd,,
eth-updown-5m-1783749600,ETH,"Ethereum Up or Down - July 11, 2:00AM-2:05AM ET",2026-07-11T06:05:00Z,2026-07-11T06:00:00Z,1798.023183147144,Down,"[""0"", ""1""]",0.01,15671.906091000003,505,-0.5045,0.001,resolved,0x298ecba2aa332f6869c951828e8517505852f5a2d55ef4ff3ec9d4f89da0c3de,https://data.chain.link/streams/eth-usd,,
hype-updown-5m-1783749600,HYPE,"Hyperliquid Up or Down - July 11, 2:00AM-2:05AM ET",2026-07-11T06:05:00Z,2026-07-11T06:00:00Z,66.500186,Down,"[""0"", ""1""]",0.26,549.5663940000001,,-0.4995,0.001,resolved,0x762c7731795880cf536f02c4f68ed5d05098c861b64f17081e920046a2364e5c,https://data.chain.link/streams/hype-usd,,
sol-updown-5m-1783749600,SOL,"Solana Up or Down - July 11, 2:00AM-2:05AM ET",2026-07-11T06:05:00Z,2026-07-11T06:00:00Z,77.84072834650983,Down,"[""0"", ""1""]",0.03,3442.048470999997,9.901959,-0.4945,0.001,resolved,0x972b273169d920d753ee2f9ea2a44697486b4d36db4575c7dca106ce10c60c5b,https://data.chain.link/streams/sol-usd,,
xrp-updown-5m-1783749600,XRP,"XRP Up or Down - July 11, 2:00AM-2:05AM ET",2026-07-11T06:05:00Z,2026-07-11T06:00:00Z,1.1057746678043598,Down,"[""0"", ""1""]",0.01,1977.6474309999994,15,-0.5,0.01,resolved,0x6f1cb23c4a0c8ea04842c312c22750ecf53f76fad8494dc79efc36525bf79223,https://data.chain.link/streams/xrp-usd,,
bnb-updown-5m-1783749900,BNB,"BNB Up or Down - July 11, 2:05AM-2:10AM ET",2026-07-11T06:10:00Z,2026-07-11T06:05:00Z,574.660407193596,Up,"[""1"", ""0""]",0.99,160.72722399999998,,0.465,0.04,resolved,0x65ac65dffbd2c4fd27d1b2a79ab53faaafc091aed9a7e6a24a431f00350ab6fd,https://data.chain.link/streams/bnb-usd,,
btc-updown-5m-1783749900,BTC,"Bitcoin Up or Down - July 11, 2:05AM-2:10AM ET",2026-07-11T06:10:00Z,2026-07-11T06:05:00Z,64101.412120400935,Up,"[""1"", ""0""]",0.999,58009.569660999936,18,0.49,0.01,resolved,0xb4d35290d26e8d5c9e439ac961fb1a8b056f28c3990e8d9f440b1a7e1a2ce8ff,https://data.chain.link/streams/btc-usd,,
doge-updown-5m-1783749900,DOGE,"Dogecoin Up or Down - July 11, 2:05AM-2:10AM ET",2026-07-11T06:10:00Z,2026-07-11T06:05:00Z,0.07432681060947353,Up,"[""1"", ""0""]",0.99,810.7510500000002,,0.485,0.01,resolved,0xa86c820a514aed0113c26b5e88af333b0d027ecedce28cdc9baade0091baca62,https://data.chain.link/streams/doge-usd,,
eth-updown-5m-1783749900,ETH,"Ethereum Up or Down - July 11, 2:05AM-2:10AM ET",2026-07-11T06:10:00Z,2026-07-11T06:05:00Z,1795.697735,Up,"[""1"", ""0""]",0.999,4094.5918990000005,5,0.48,0.01,resolved,0x51e8aba16682634c90be680e355ca2bbcdb4e0e075bae7264c8f70d54972b556,https://data.chain.link/streams/eth-usd,,
hype-updown-5m-1783749900,HYPE,"Hyperliquid Up or Down - July 11, 2:05AM-2:10AM ET",2026-07-11T06:10:00Z,2026-07-11T06:05:00Z,66.368484,Up,"[""1"", ""0""]",0.99,239.71072000000004,,0.445,0.05,resolved,0xbd7d5a683e576ca77b2577fadaa7fecd61b1bd6617d973f0677a57c21d135b88,https://data.chain.link/streams/hype-usd,,
sol-updown-5m-1783749900,SOL,"Solana Up or Down - July 11, 2:05AM-2:10AM ET",2026-07-11T06:10:00Z,2026-07-11T06:05:00Z,77.75803833200646,Up,"[""1"", ""0""]",0.99,2586.1564970000004,9.901959,0.49,0.01,resolved,0xaf5bb190d90eace3dd1e8ac57087c17583032f2ea9410ed6bd992e94b8e71562,https://data.chain.link/streams/sol-usd,,
xrp-updown-5m-1783749900,XRP,"XRP Up or Down - July 11, 2:05AM-2:10AM ET",2026-07-11T06:10:00Z,2026-07-11T06:05:00Z,1.1052061136780595,Up,"[""1"", ""0""]",0.99,786.910864,5.960783,0.48,0.01,resolved,0x0ee9d0ff913bca455443b33e2a0ede6f4da120db929fc41edd01f772b62d68ec,https://data.chain.link/streams/xrp-usd,,
bnb-updown-5m-1783750200,BNB,"BNB Up or Down - July 11, 2:10AM-2:15AM ET",2026-07-11T06:15:00Z,2026-07-11T06:10:00Z,574.8547624611895,Down,"[""0"", ""1""]",0.43,356.075543,,-0.5,0.01,resolved,0x864d49c906ac3836ffdf023fdefc99bc77dc55603611b0b7fdd8431f92c97749,https://data.chain.link/streams/bnb-usd,,
btc-updown-5m-1783750200,BTC,"Bitcoin Up or Down - July 11, 2:10AM-2:15AM ET",2026-07-11T06:15:00Z,2026-07-11T06:10:00Z,64137.34472597999,Down,"[""0"", ""1""]",0.01,82322.91354099997,8,-0.5,0.01,resolved,0x0ec331f7647c3b9c81837ef9540ab3a615fd6c6234fd460dbc23b61a2a4db73d,https://data.chain.link/streams/btc-usd,,
doge-updown-5m-1783750200,DOGE,"Dogecoin Up or Down - July 11, 2:10AM-2:15AM ET",2026-07-11T06:15:00Z,2026-07-11T06:10:00Z,0.07436961925228114,Up,"[""1"", ""0""]",0.99,276.94048100000003,,0.495,0.01,resolved,0xd69ced2f3291ba045e6b2e06a0a1f072115a6d6c8c67fe3c54510d179921457d,https://data.chain.link/streams/doge-usd,,
eth-updown-5m-1783750200,ETH,"Ethereum Up or Down - July 11, 2:10AM-2:15AM ET",2026-07-11T06:15:00Z,2026-07-11T06:10:00Z,1796.458975,Up,"[""1"", ""0""]",0.99,6551.077719000002,5,0.49,0.01,resolved,0xfb16e77d885655955bcbe53eabe3e69f7aad12314f0b64869f34d8f3bc337e57,https://data.chain.link/streams/eth-usd,,
hype-updown-5m-1783750200,HYPE,"Hyperliquid Up or Down - July 11, 2:10AM-2:15AM ET",2026-07-11T06:15:00Z,2026-07-11T06:10:00Z,66.427322,Down,"[""0"", ""1""]",0.44,86.53636199999998,,-0.495,0.01,resolved,0x4a346997d90193d87e055d840620b857188c38b2f2579d63c98bfc4e2527d1df,https://data.chain.link/streams/hype-usd,,
sol-updown-5m-1783750200,SOL,"Solana Up or Down - July 11, 2:10AM-2:15AM ET",2026-07-11T06:15:00Z,2026-07-11T06:10:00Z,77.79200309868332,Down,"[""0"", ""1""]",0.05,4856.657779000002,9.901959,-0.49,0.01,resolved,0x857d86c00ba60df244dc422f0fdfe719433a522ccd15acd53b9f1ea31d436ff4,https://data.chain.link/streams/sol-usd,,
xrp-updown-5m-1783750200,XRP,"XRP Up or Down - July 11, 2:10AM-2:15AM ET",2026-07-11T06:15:00Z,2026-07-11T06:10:00Z,1.1057671184930093,Up,"[""1"", ""0""]",0.99,1804.0779280000004,,0.49,0.01,resolved,0x1676fd5d99079ede4b55cd62af40a307a5b1480336365e2e118a64bb0caad36e,https://data.chain.link/streams/xrp-usd,,
bnb-updown-5m-1783750500,BNB,"BNB Up or Down - July 11, 2:15AM-2:20AM ET",2026-07-11T06:20:00Z,2026-07-11T06:15:00Z,574.8439514189928,Up,"[""1"", ""0""]",0.99,180.27560299999996,,0.49,0.01,resolved,0x8fc0a366e0c87a4726af2c0391e23dc09cd43dffb0e6154644d4d325738c6145,https://data.chain.link/streams/bnb-usd,,
btc-updown-5m-1783750500,BTC,"Bitcoin Up or Down - July 11, 2:15AM-2:20AM ET",2026-07-11T06:20:00Z,2026-07-11T06:15:00Z,64128.41787999999,Up,"[""1"", ""0""]",0.99,43249.07244900001,8,0.49,0.01,resolved,0xe18caa3ac5b93a3c165c41e521bab88f56871c9086cc8a63d718a3c8fbcd6623,https://data.chain.link/streams/btc-usd,,
doge-updown-5m-1783750500,DOGE,"Dogecoin Up or Down - July 11, 2:15AM-2:20AM ET",2026-07-11T06:20:00Z,2026-07-11T06:15:00Z,0.074398,Up,"[""1"", ""0""]",0.99,283.509471,,0.495,0.01,resolved,0x189ab692431376a314cfc4612ea113d69ca04f01e5520c2ab3ba0ecbb6deafa4,https://data.chain.link/streams/doge-usd,,
eth-updown-5m-1783750500,ETH,"Ethereum Up or Down - July 11, 2:15AM-2:20AM ET",2026-07-11T06:20:00Z,2026-07-11T06:15:00Z,1796.86292,Up,"[""1"", ""0""]",0.99,2884.0157489999992,5,0.49,0.01,resolved,0x7634da411c0bea0fda34e69c57db7bbbd6ac9b7b42e3e8cdcfaf99e0828f671d,https://data.chain.link/streams/eth-usd,,
hype-updown-5m-1783750500,HYPE,"Hyperliquid Up or Down - July 11, 2:15AM-2:20AM ET",2026-07-11T06:20:00Z,2026-07-11T06:15:00Z,66.385065,Up,"[""1"", ""0""]",0.99,148.979967,,0.495,0.01,resolved,0x58a70daacfc2be90a24b66dee15ec24019a1f89bf3f0a43d6895754c5dfe0f70,https://data.chain.link/streams/hype-usd,,
sol-updown-5m-1783750500,SOL,"Solana Up or Down - July 11, 2:15AM-2:20AM ET",2026-07-11T06:20:00Z,2026-07-11T06:15:00Z,77.76916197995916,Up,"[""1"", ""0""]",0.99,1302.1010949999995,,0.49,0.01,resolved,0x52dcfca5f69f164cccde011b8a1ca2d4c6fac4475e3fcb1c275fa7825f901a02,https://data.chain.link/streams/sol-usd,,
xrp-updown-5m-1783750500,XRP,"XRP Up or Down - July 11, 2:15AM-2:20AM ET",2026-07-11T06:20:00Z,2026-07-11T06:15:00Z,1.106128323348993,Up,"[""1"", ""0""]",0.99,1063.6128489999999,,0.49,0.01,resolved,0x14eb7e240cda267662b8722ef38b7bdfc13ca7cc6d66417f594e4e9b64368d4c,https://data.chain.link/streams/xrp-usd,,
bnb-updown-5m-1783750800,BNB,"BNB Up or Down - July 11, 2:20AM-2:25AM ET",2026-07-11T06:25:00Z,2026-07-11T06:20:00Z,575.2736782040453,Up,"[""1"", ""0""]",0.98,402.596845,,0.49,0.01,resolved,0xac94ec8fb5647c50feb100359a4946eab1a6774af08be76dc51d3d8a93c9c3e7,https://data.chain.link/streams/bnb-usd,,
btc-updown-5m-1783750800,BTC,"Bitcoin Up or Down - July 11, 2:20AM-2:25AM ET",2026-07-11T06:25:00Z,2026-07-11T06:20:00Z,64167.040449750246,Up,"[""1"", ""0""]",0.99,101498.72464799974,34.960783,0.49,0.01,resolved,0x6fc40ba61c6e48fc9e5a8dc38bc560ee58237581b70c19db374b736a3ca0a1a5,https://data.chain.link/streams/btc-usd,,
doge-updown-5m-1783750800,DOGE,"Dogecoin Up or Down - July 11, 2:20AM-2:25AM ET",2026-07-11T06:25:00Z,2026-07-11T06:20:00Z,0.074459031,Up,"[""1"", ""0""]",0.99,285.253222,,0.495,0.01,resolved,0xa588037de5862fcd864942d4d164c6dd984fed2c929a215fb4ea0c024be32271,https://data.chain.link/streams/doge-usd,,
eth-updown-5m-1783750800,ETH,"Ethereum Up or Down - July 11, 2:20AM-2:25AM ET",2026-07-11T06:25:00Z,2026-07-11T06:20:00Z,1798.56882,Up,"[""1"", ""0""]",0.99,7330.125579999994,5,0.49,0.01,resolved,0xf2c2b2ef4655ea47fa49e8918dfa4e6739b5f984d4487b7cc302f196e9b96784,https://data.chain.link/streams/eth-usd,,
hype-updown-5m-1783750800,HYPE,"Hyperliquid Up or Down - July 11, 2:20AM-2:25AM ET",2026-07-11T06:25:00Z,2026-07-11T06:20:00Z,66.5302267204267,Down,"[""0"", ""1""]",0.01,208.55204399999997,,-0.495,0.01,resolved,0xa01a3597322ea904f9ab51b3cb6b52f5d785fd23aa24d1943e81d3d2eafc4f2c,https://data.chain.link/streams/hype-usd,,
sol-updown-5m-1783750800,SOL,"Solana Up or Down - July 11, 2:20AM-2:25AM ET",2026-07-11T06:25:00Z,2026-07-11T06:20:00Z,77.86806244085994,Up,"[""1"", ""0""]",0.99,4891.584827000004,,0.49,0.01,resolved,0x303741fe6ea556c8d8c574f9d3eef92c3043875cf5a515c2481de427f89821de,https://data.chain.link/streams/sol-usd,,
xrp-updown-5m-1783750800,XRP,"XRP Up or Down - July 11, 2:20AM-2:25AM ET",2026-07-11T06:25:00Z,2026-07-11T06:20:00Z,1.106817614971301,Up,"[""1"", ""0""]",0.99,1517.68394,5,0.5,0.01,resolved,0xa88b80822f7474a96ec4ae10493b7d1c6bca7f00197add788314f1731812134f,https://data.chain.link/streams/xrp-usd,,
bnb-updown-5m-1783751100,BNB,"BNB Up or Down - July 11, 2:25AM-2:30AM ET",2026-07-11T06:30:00Z,2026-07-11T06:25:00Z,575.3910000000001,Down,"[""0"", ""1""]",0.01,186.052254,,-0.5,0.01,resolved,0xd080966940c3c161e1033f9a2333907eb800c1eb627b47742919aa800bb2e293,https://data.chain.link/streams/bnb-usd,,
btc-updown-5m-1783751100,BTC,"Bitcoin Up or Down - July 11, 2:25AM-2:30AM ET",2026-07-11T06:30:00Z,2026-07-11T06:25:00Z,64205.000230000005,Down,"[""0"", ""1""]",0.01,53344.000172999906,28.960783,-0.49,0.01,resolved,0x91ad89e101e95912ddc96942fa27bc4fc5125f8cc5a2e590373a16200bdc406f,https://data.chain.link/streams/btc-usd,,
doge-updown-5m-1783751100,DOGE,"Dogecoin Up or Down - July 11, 2:25AM-2:30AM ET",2026-07-11T06:30:00Z,2026-07-11T06:25:00Z,0.074533,Down,"[""0"", ""1""]",0.04,355.8666619999999,1.960783,-0.4995,0.001,resolved,0x13ec373fbd675ac7693d510e6a006f7328f901dc6ec4fc1c7f1173964773ee5f,https://data.chain.link/streams/doge-usd,,
eth-updown-5m-1783751100,ETH,"Ethereum Up or Down - July 11, 2:25AM-2:30AM ET",2026-07-11T06:30:00Z,2026-07-11T06:25:00Z,1800.788765,Down,"[""0"", ""1""]",0.001,8106.232306,,-0.5045,0.001,resolved,0x5cc570803b24354f260e5fe8a7deeeb2e3912c8a025c780ba2f67d950161d156,https://data.chain.link/streams/eth-usd,,
hype-updown-5m-1783751100,HYPE,"Hyperliquid Up or Down - July 11, 2:25AM-2:30AM ET",2026-07-11T06:30:00Z,2026-07-11T06:25:00Z,66.529292,Down,"[""0"", ""1""]",0.31,125.723062,,-0.475,0.05,resolved,0x36f308cf02046960f29017144b3b1a956fb3643472e699dac2f935b41619e4ca,https://data.chain.link/streams/hype-usd,,
sol-updown-5m-1783751100,SOL,"Solana Up or Down - July 11, 2:25AM-2:30AM ET",2026-07-11T06:30:00Z,2026-07-11T06:25:00Z,77.95383585756139,Down,"[""0"", ""1""]",0.04,3355.898398999999,2,-0.5,0.01,resolved,0x696e15bee6c8aba6d37ec8c39fe97deefbc813cdf578f348a0b785317f7fd858,https://data.chain.link/streams/sol-usd,,
xrp-updown-5m-1783751100,XRP,"XRP Up or Down - July 11, 2:25AM-2:30AM ET",2026-07-11T06:30:00Z,2026-07-11T06:25:00Z,1.10757005,Down,"[""0"", ""1""]",0.03,1329.267047,,-0.5,0.01,resolved,0xc6763098f666139e04b9a144dfd146aac90b86aa55ff186a7798a333f8bb4621,https://data.chain.link/streams/xrp-usd,,
bnb-updown-5m-1783751400,BNB,"BNB Up or Down - July 11, 2:30AM-2:35AM ET",2026-07-11T06:35:00Z,2026-07-11T06:30:00Z,575.0343054874404,Up,"[""1"", ""0""]",0.99,252.84641299999996,,0.44,0.07,resolved,0x11938157e675f021bad913a8f6384ce9c7d1c87cad7df217a6fc0d3952ed43c8,https://data.chain.link/streams/bnb-usd,,
btc-updown-5m-1783751400,BTC,"Bitcoin Up or Down - July 11, 2:30AM-2:35AM ET",2026-07-11T06:35:00Z,2026-07-11T06:30:00Z,64178.133211443404,Up,"[""1"", ""0""]",0.99,75067.9177119998,2,0.2,0.01,resolved,0x38aa7f144d473cb6dc0a2452f8ec2bcf4e5918381d405c45beef6205cb2f969f,https://data.chain.link/streams/btc-usd,,
doge-updown-5m-1783751400,DOGE,"Dogecoin Up or Down - July 11, 2:30AM-2:35AM ET",2026-07-11T06:35:00Z,2026-07-11T06:30:00Z,0.0744267,Up,"[""1"", ""0""]",0.999,504.09709399999997,,0.48,0.02,resolved,0xcaace3a8e7809973d9968d3896b1cde40698066ad4e795c26f3908efb5da4c98,https://data.chain.link/streams/doge-usd,,
eth-updown-5m-1783751400,ETH,"Ethereum Up or Down - July 11, 2:30AM-2:35AM ET",2026-07-11T06:35:00Z,2026-07-11T06:30:00Z,1798.5686962278842,Up,"[""1"", ""0""]",0.999,6705.329400999999,,0.47,0.01,resolved,0xdcfc90164dcbbd0510e8bf9509e00dde1486e980bad92d1cb20d4da003d187a0,https://data.chain.link/streams/eth-usd,,
hype-updown-5m-1783751400,HYPE,"Hyperliquid Up or Down - July 11, 2:30AM-2:35AM ET",2026-07-11T06:35:00Z,2026-07-11T06:30:00Z,66.478903,Up,"[""1"", ""0""]",0.999,186.92573399999998,,0.495,0.01,resolved,0x500b12a8b29330f388e9d03a82c6a5e8037e1c21112db5414b3d1ce1c34246cc,https://data.chain.link/streams/hype-usd,,
sol-updown-5m-1783751400,SOL,"Solana Up or Down - July 11, 2:30AM-2:35AM ET",2026-07-11T06:35:00Z,2026-07-11T06:30:00Z,77.91137561303748,Up,"[""1"", ""0""]",0.999,2318.792277000002,,0.4945,0.001,resolved,0xb65f639ba9b2fd11779fd802cdc5c753df86fbeb4c624180eb0128e18b239b97,https://data.chain.link/streams/sol-usd,,
xrp-updown-5m-1783751400,XRP,"XRP Up or Down - July 11, 2:30AM-2:35AM ET",2026-07-11T06:35:00Z,2026-07-11T06:30:00Z,1.106715537196616,Up,"[""1"", ""0""]",0.99,2506.3286709999993,,0.445,0.02,resolved,0xc2bf3c76a3bcaacfe9dcee6e109d7a37d59cfcd23fb1609f294d3fc67184ba40,https://data.chain.link/streams/xrp-usd,,
bnb-updown-5m-1783751700,BNB,"BNB Up or Down - July 11, 2:35AM-2:40AM ET",2026-07-11T06:40:00Z,2026-07-11T06:35:00Z,575.3642256868072,Up,"[""1"", ""0""]",0.99,363.10750700000006,,0.48,0.03,resolved,0xbc19fecda25ef88c2b4881c4bff17fddaa490d0efda6eeceed648640ee547ca1,https://data.chain.link/streams/bnb-usd,,
btc-updown-5m-1783751700,BTC,"Bitcoin Up or Down - July 11, 2:35AM-2:40AM ET",2026-07-11T06:40:00Z,2026-07-11T06:35:00Z,64211.97443638982,Down,"[""0"", ""1""]",0.01,42528.518389999925,2,-0.5,0.01,resolved,0x59d3d8c45d601ce30b18f34d32941657a96273896874591bb0b84b11232fe8c9,https://data.chain.link/streams/btc-usd,,
doge-updown-5m-1783751700,DOGE,"Dogecoin Up or Down - July 11, 2:35AM-2:40AM ET",2026-07-11T06:40:00Z,2026-07-11T06:35:00Z,0.07456375248372335,Down,"[""0"", ""1""]",0.08,413.892462,,-0.495,0.01,resolved,0xf85231b619d44ba29f0e78aeb8aa308c3346e5b20a84e8be194abd6da7e43e57,https://data.chain.link/streams/doge-usd,,
eth-updown-5m-1783751700,ETH,"Ethereum Up or Down - July 11, 2:35AM-2:40AM ET",2026-07-11T06:40:00Z,2026-07-11T06:35:00Z,1800.8275398630535,Down,"[""0"", ""1""]",0.01,6364.808052999999,,-0.5,0.01,resolved,0x0998de7a805709846b9d82f9276a69d2fb2915834fbe301617f81c840eff81b1,https://data.chain.link/streams/eth-usd,,
hype-updown-5m-1783751700,HYPE,"Hyperliquid Up or Down - July 11, 2:35AM-2:40AM ET",2026-07-11T06:40:00Z,2026-07-11T06:35:00Z,66.625941,Down,"[""0"", ""1""]",0.12,105.72136799999998,,-0.495,0.01,resolved,0xf032d1dc479e867237a94b6d8bdb31c70d5c5a3ac8be39bab3e0e67aa298f508,https://data.chain.link/streams/hype-usd,,
sol-updown-5m-1783751700,SOL,"Solana Up or Down - July 11, 2:35AM-2:40AM ET",2026-07-11T06:40:00Z,2026-07-11T06:35:00Z,78.01545835738465,Down,"[""0"", ""1""]",0.03,2739.974393000001,,-0.2,0.01,resolved,0xf91acfdb4888547e46d52fcc987138e5acbab800c0cb5934b821654f9995df2f,https://data.chain.link/streams/sol-usd,,
xrp-updown-5m-1783751700,XRP,"XRP Up or Down - July 11, 2:35AM-2:40AM ET",2026-07-11T06:40:00Z,2026-07-11T06:35:00Z,1.10776705,Down,"[""0"", ""1""]",0.8,1467.7048560000003,,-0.21,0.01,resolved,0x75bd7f37cd3ec588d5de23c0f88ed7344b68f1270fa9a23ecdc519a58bd7deb2,https://data.chain.link/streams/xrp-usd,,
bnb-updown-5m-1783752000,BNB,"BNB Up or Down - July 11, 2:40AM-2:45AM ET",2026-07-11T06:45:00Z,2026-07-11T06:40:00Z,575.5442201551563,Down,"[""0"", ""1""]",0.15,234.33863200000002,,-0.5,0.01,resolved,0x72ec09bc936b1d0307c613499b906f6ae5d4de39b032c3a143a263312b07be52,https://data.chain.link/streams/bnb-usd,,
btc-updown-5m-1783752000,BTC,"Bitcoin Up or Down - July 11, 2:40AM-2:45AM ET",2026-07-11T06:45:00Z,2026-07-11T06:40:00Z,64172.69228965479,Down,"[""0"", ""1""]",0.02,33428.35728799998,2,-0.5,0.01,resolved,0xa229dbac4e10712b0e91c1ede0b9131ffff056d184330915fc428d36cbad1a57,https://data.chain.link/streams/btc-usd,,
doge-updown-5m-1783752000,DOGE,"Dogecoin Up or Down - July 11, 2:40AM-2:45AM ET",2026-07-11T06:45:00Z,2026-07-11T06:40:00Z,0.074503446,Down,"[""0"", ""1""]",0.34,384.595014,,-0.495,0.01,resolved,0xe8447c27021701a6cafdea5bc83ad4f7f8023a5cc7b245f7ba9704729db1478f,https://data.chain.link/streams/doge-usd,,
eth-updown-5m-1783752000,ETH,"Ethereum Up or Down - July 11, 2:40AM-2:45AM ET",2026-07-11T06:45:00Z,2026-07-11T06:40:00Z,1799.629907378051,Down,"[""0"", ""1""]",0.05,5262.170621,5,-0.5,0.01,resolved,0x2a81f655f232266f5d932b4613b567e7490c9266ed8a8df89eba016abe059b54,https://data.chain.link/streams/eth-usd,,
hype-updown-5m-1783752000,HYPE,"Hyperliquid Up or Down - July 11, 2:40AM-2:45AM ET",2026-07-11T06:45:00Z,2026-07-11T06:40:00Z,66.55526,Down,"[""0"", ""1""]",,65.087842,,-0.495,0.01,resolved,0x6615af8ac5239b406d8030d8e788281730d18f8f98ef24b0e2c6fd84579a5154,https://data.chain.link/streams/hype-usd,,
sol-updown-5m-1783752000,SOL,"Solana Up or Down - July 11, 2:40AM-2:45AM ET",2026-07-11T06:45:00Z,2026-07-11T06:40:00Z,77.99577679852364,Up,"[""1"", ""0""]",0.99,1873.982943000001,,0.49,0.01,resolved,0xee14cf4bb396e3a06a92336ca45c9c52145a4092bbeee4b6560edbe553e6a1af,https://data.chain.link/streams/sol-usd,,
xrp-updown-5m-1783752000,XRP,"XRP Up or Down - July 11, 2:40AM-2:45AM ET",2026-07-11T06:45:00Z,2026-07-11T06:40:00Z,1.1077577989887235,Down,"[""0"", ""1""]",0.01,1240.6724959999992,,-0.5,0.01,resolved,0x2fbe5d0202434b57051de800180f10822d5b77351b19e78bb506d85dd3e016d9,https://data.chain.link/streams/xrp-usd,,
bnb-updown-5m-1783752300,BNB,"BNB Up or Down - July 11, 2:45AM-2:50AM ET",2026-07-11T06:50:00Z,2026-07-11T06:45:00Z,575.4161288632306,Up,"[""1"", ""0""]",0.99,180.808298,,0.49,0.01,resolved,0x9386cd6c853c328c91a8c85532705ad99804882dd41bffe90b3ff47b325c6d54,https://data.chain.link/streams/bnb-usd,,
btc-updown-5m-1783752300,BTC,"Bitcoin Up or Down - July 11, 2:45AM-2:50AM ET",2026-07-11T06:50:00Z,2026-07-11T06:45:00Z,64167.801995,Down,"[""0"", ""1""]",0.01,77469.4629279999,2,-0.17,0.01,resolved,0xcfd2346577b95d5de65abdf26c2ff5aa3d480cec365a12f7da29fa39da48dba5,https://data.chain.link/streams/btc-usd,,
doge-updown-5m-1783752300,DOGE,"Dogecoin Up or Down - July 11, 2:45AM-2:50AM ET",2026-07-11T06:50:00Z,2026-07-11T06:45:00Z,0.074491,Down,"[""0"", ""1""]",0.03,266.11545599999994,,-0.495,0.01,resolved,0x96d5c5ab32d4316c6e0aa4d6fa3e9791b850b698196b2ee80d6d275b712242a7,https://data.chain.link/streams/doge-usd,,
eth-updown-5m-1783752300,ETH,"Ethereum Up or Down - July 11, 2:45AM-2:50AM ET",2026-07-11T06:50:00Z,2026-07-11T06:45:00Z,1798.7114983712502,Down,"[""0"", ""1""]",0.21,8921.777871999997,,0.37,0.01,resolved,0x35cb9242a1f36e3e12e25f93005ebae58b935ca76c8e1a32bdd33b53a45dc5ca,https://data.chain.link/streams/eth-usd,,
hype-updown-5m-1783752300,HYPE,"Hyperliquid Up or Down - July 11, 2:45AM-2:50AM ET",2026-07-11T06:50:00Z,2026-07-11T06:45:00Z,66.477738,Down,"[""0"", ""1""]",0.17,121.38085699999999,,-0.44,0.1,resolved,0x37b9428be7a479d5fea4c8332068d7e4a288bc20f0b7f5ce4844c92d7f5ecb1e,https://data.chain.link/streams/hype-usd,,
sol-updown-5m-1783752300,SOL,"Solana Up or Down - July 11, 2:45AM-2:50AM ET",2026-07-11T06:50:00Z,2026-07-11T06:45:00Z,78.01440983432947,Down,"[""0"", ""1""]",0.01,2714.5186620000004,,0.33,0.01,resolved,0x18a595285c58941eda0cfe29e4573da83ffc02dd69729c75d8f454b90b12e2ca,https://data.chain.link/streams/sol-usd,,
xrp-updown-5m-1783752300,XRP,"XRP Up or Down - July 11, 2:45AM-2:50AM ET",2026-07-11T06:50:00Z,2026-07-11T06:45:00Z,1.1072379183430923,Down,"[""0"", ""1""]",0.01,1296.6485310000003,,-0.28,0.01,resolved,0xc0d10035850e5716353aa0916614f39a2eb72392260faaf4769f867111721be0,https://data.chain.link/streams/xrp-usd,,
bnb-updown-5m-1783752600,BNB,"BNB Up or Down - July 11, 2:50AM-2:55AM ET",2026-07-11T06:55:00Z,2026-07-11T06:50:00Z,575.69441560061,Up,"[""1"", ""0""]",0.99,317.05200800000006,300,0.49,0.01,resolved,0xdeae194ca735bd534a26b3d8762b80c5346b456bbfebc7bfbd9e2a21217dc26e,https://data.chain.link/streams/bnb-usd,,
btc-updown-5m-1783752600,BTC,"Bitcoin Up or Down - July 11, 2:50AM-2:55AM ET",2026-07-11T06:55:00Z,2026-07-11T06:50:00Z,64159.40593,Up,"[""1"", ""0""]",0.99,60548.586532999885,8223.369347,0.49,0.01,resolved,0x0fbd019bad2dc22a9bef6dcfc6576094852270c79115225b3299f36cb6d6610b,https://data.chain.link/streams/btc-usd,,
doge-updown-5m-1783752600,DOGE,"Dogecoin Up or Down - July 11, 2:50AM-2:55AM ET",2026-07-11T06:55:00Z,2026-07-11T06:50:00Z,0.074377,Down,"[""0"", ""1""]",0.11,647.202371,300,-0.495,0.01,resolved,0x73312c66c48d8e9b2a76f3ae09d582dd43ad302c66e220e41280179529f0d778,https://data.chain.link/streams/doge-usd,,
eth-updown-5m-1783752600,ETH,"Ethereum Up or Down - July 11, 2:50AM-2:55AM ET",2026-07-11T06:55:00Z,2026-07-11T06:50:00Z,1798.6085208861286,Down,"[""0"", ""1""]",0.01,10029.099305000002,2006.213648,-0.5,0.01,resolved,0x2c8e07374f1a29b1eff50b3ac77f895b2863a2855216be837ee8edb98f6bc2d6,https://data.chain.link/streams/eth-usd,,
hype-updown-5m-1783752600,HYPE,"Hyperliquid Up or Down - July 11, 2:50AM-2:55AM ET",2026-07-11T06:55:00Z,2026-07-11T06:50:00Z,66.404764,Up,"[""1"", ""0""]",0.99,648.615003,,0.495,0.01,resolved,0xbd313720ada1efc16e221fb556d821b100e0d78dc39bd87f75b6fb5a12a34831,https://data.chain.link/streams/hype-usd,,
sol-updown-5m-1783752600,SOL,"Solana Up or Down - July 11, 2:50AM-2:55AM ET",2026-07-11T06:55:00Z,2026-07-11T06:50:00Z,78.00470888425335,Up,"[""1"", ""0""]",0.99,4081.9761099999996,599.759999,0.49,0.01,resolved,0xce58d5e0a8f45e702e6570954bfdc87a27ef77d6f4863c8ce39bd21d5d7fa022,https://data.chain.link/streams/sol-usd,,
xrp-updown-5m-1783752600,XRP,"XRP Up or Down - July 11, 2:50AM-2:55AM ET",2026-07-11T06:55:00Z,2026-07-11T06:50:00Z,1.1068770593376318,Down,"[""0"", ""1""]",0.01,2733.033414,600,-0.5,0.01,resolved,0xffd25f81a3644d11855258d08ef4c80a0307751bb8dc39a62d0899b6afd4d543,https://data.chain.link/streams/xrp-usd,,
bnb-updown-5m-1783752900,BNB,"BNB Up or Down - July 11, 2:55AM-3:00AM ET",2026-07-11T07:00:00Z,2026-07-11T06:55:00Z,575.848,Down,"[""0"", ""1""]",0.49,284.67096100000003,,-0.47,0.03,resolved,0xdf2af351a38b256044d2cb8d82156f0aa027f5b9061c5355e23e8211ce8be4c1,https://data.chain.link/streams/bnb-usd,,
btc-updown-5m-1783752900,BTC,"Bitcoin Up or Down - July 11, 2:55AM-3:00AM ET",2026-07-11T07:00:00Z,2026-07-11T06:55:00Z,64183.19580729333,Down,"[""0"", ""1""]",0.01,64208.85607099986,700,-0.28,0.04,resolved,0x060335905cd46481374c2dee9a876ba8874a96f75af311bf333861c399658d1e,https://data.chain.link/streams/btc-usd,,
doge-updown-5m-1783752900,DOGE,"Dogecoin Up or Down - July 11, 2:55AM-3:00AM ET",2026-07-11T07:00:00Z,2026-07-11T06:55:00Z,0.07435244024198065,Down,"[""0"", ""1""]",0.12,351.73651300000006,,-0.495,0.01,resolved,0xe36fdb25f3e81fceddc50d74af51dfa444fdeb0e7ca114a64e532f51983c2e75,https://data.chain.link/streams/doge-usd,,
eth-updown-5m-1783752900,ETH,"Ethereum Up or Down - July 11, 2:55AM-3:00AM ET",2026-07-11T07:00:00Z,2026-07-11T06:55:00Z,1798.5392850906396,Down,"[""0"", ""1""]",0.01,4745.282645999998,505,-0.43,0.01,resolved,0x7f5f6d5c45e9c7f8ed34c34aa58ca0cba953ee41642aa6875bb43431e0411d8a,https://data.chain.link/streams/eth-usd,,
hype-updown-5m-1783752900,HYPE,"Hyperliquid Up or Down - July 11, 2:55AM-3:00AM ET",2026-07-11T07:00:00Z,2026-07-11T06:55:00Z,66.427063,Down,"[""0"", ""1""]",0.03,122.47890000000001,,-0.495,0.01,resolved,0xf4e1e9f3e6660fe34c2e1274ff35b9100eb8a56639f13bd6fa55ad3ef2bb3a82,https://data.chain.link/streams/hype-usd,,
sol-updown-5m-1783752900,SOL,"Solana Up or Down - July 11, 2:55AM-3:00AM ET",2026-07-11T07:00:00Z,2026-07-11T06:55:00Z,78.01097214837984,Down,"[""0"", ""1""]",0.01,5961.245806999999,34.576799,-0.21,0.01,resolved,0x92514f3be6247f9da9b6f086bf61b397b9488735670d1b79be71184e5b9a6bfe,https://data.chain.link/streams/sol-usd,,
xrp-updown-5m-1783752900,XRP,"XRP Up or Down - July 11, 2:55AM-3:00AM ET",2026-07-11T07:00:00Z,2026-07-11T06:55:00Z,1.1066713698846506,Up,"[""1"", ""0""]",0.99,852.8322700000002,,0.2,0.11,resolved,0xba6739d5e26aa78506e27c111c092c162d2b1f68683f9407d9ef1f5158bd5ff3,https://data.chain.link/streams/xrp-usd,,
bnb-updown-5m-1783753200,BNB,"BNB Up or Down - July 11, 3:00AM-3:05AM ET",2026-07-11T07:05:00Z,2026-07-11T07:00:00Z,575.7109160543516,Down,"[""0"", ""1""]",0.3,519.121085,2.941175,-0.5,0.01,resolved,0xd849605e4210f325c4bcda2fd9838674ea844eccaf53cb0d6efd16d68c1d3086,https://data.chain.link/streams/bnb-usd,,
btc-updown-5m-1783753200,BTC,"Bitcoin Up or Down - July 11, 3:00AM-3:05AM ET",2026-07-11T07:05:00Z,2026-07-11T07:00:00Z,64169.81440113219,Down,"[""0"", ""1""]",0.01,78026.05653499998,638,-0.5,0.01,resolved,0x340f2bf9c9da6e9cd1b2ea42d0d77b61739d7bc224366f67a223d17011e12122,https://data.chain.link/streams/btc-usd,,
doge-updown-5m-1783753200,DOGE,"Dogecoin Up or Down - July 11, 3:00AM-3:05AM ET",2026-07-11T07:05:00Z,2026-07-11T07:00:00Z,0.074295,Up,"[""1"", ""0""]",0.99,419.017531,,0.495,0.01,resolved,0xd4794fe7aab04616772443504044494284bfd14440dc9a367f9bd512e43cf2dc,https://data.chain.link/streams/doge-usd,,
eth-updown-5m-1783753200,ETH,"Ethereum Up or Down - July 11, 3:00AM-3:05AM ET",2026-07-11T07:05:00Z,2026-07-11T07:00:00Z,1797.9349249999998,Down,"[""0"", ""1""]",0.01,5737.495994999999,505,-0.5,0.01,resolved,0x4a9d8687a10e198b11af4f2f506d7048c85de330120b8d936ff6a85809b9cbaf,https://data.chain.link/streams/eth-usd,,
hype-updown-5m-1783753200,HYPE,"Hyperliquid Up or Down - July 11, 3:00AM-3:05AM ET",2026-07-11T07:05:00Z,2026-07-11T07:00:00Z,66.2724587990857,Up,"[""1"", ""0""]",0.99,203.212377,,0.495,0.01,resolved,0xa2283c36bc646042392ac8f4ddc0884c3ca84a1be0c028346a7ab7028eb3e225,https://data.chain.link/streams/hype-usd,,
sol-updown-5m-1783753200,SOL,"Solana Up or Down - July 11, 3:00AM-3:05AM ET",2026-07-11T07:05:00Z,2026-07-11T07:00:00Z,77.9955962534601,Down,"[""0"", ""1""]",0.02,3244.045047999999,5,-0.49,0.01,resolved,0x6cdae3bbc462112042d404ce23460f0ece56d181c6ec1a94bdb802df4060918a,https://data.chain.link/streams/sol-usd,,
xrp-updown-5m-1783753200,XRP,"XRP Up or Down - July 11, 3:00AM-3:05AM ET",2026-07-11T07:05:00Z,2026-07-11T07:00:00Z,1.1066914870544506,Up,"[""1"", ""0""]",0.99,2954.685031,,0.49,0.01,resolved,0x4b3b8abd6f6eca13b3b90089567c84f8ac08d0922d7ceaac518d87e097a1ecfa,https://data.chain.link/streams/xrp-usd,,
bnb-updown-5m-1783753500,BNB,"BNB Up or Down - July 11, 3:05AM-3:10AM ET",2026-07-11T07:10:00Z,2026-07-11T07:05:00Z,575.6779966180428,Up,"[""1"", ""0""]",0.99,328.435611,,0.445,0.08,resolved,0xa279219fad8c83e72e13a30742426c851abef7e3537f5d7e31ef3267c66cf378,https://data.chain.link/streams/bnb-usd,,
btc-updown-5m-1783753500,BTC,"Bitcoin Up or Down - July 11, 3:05AM-3:10AM ET",2026-07-11T07:10:00Z,2026-07-11T07:05:00Z,64157.77457810378,Down,"[""0"", ""1""]",0.01,96230.174795,39.607842,0.255,0.01,resolved,0xf3e9df641f58904bb31e70f9722310d781d0e48557116e7795fcab185e247cb3,https://data.chain.link/streams/btc-usd,,
doge-updown-5m-1783753500,DOGE,"Dogecoin Up or Down - July 11, 3:05AM-3:10AM ET",2026-07-11T07:10:00Z,2026-07-11T07:05:00Z,0.074312224,Down,"[""0"", ""1""]",0.45,654.350634,,0.14,0.14,resolved,0x090b7b6da4b58c5b52d22ca9e7f8732710e6bc56a82b0b57b8fdc168d6d3deec,https://data.chain.link/streams/doge-usd,,
eth-updown-5m-1783753500,ETH,"Ethereum Up or Down - July 11, 3:05AM-3:10AM ET",2026-07-11T07:10:00Z,2026-07-11T07:05:00Z,1797.6026912461357,Down,"[""0"", ""1""]",0.01,13443.527035999992,6.960782,-0.5,0.01,resolved,0x55af155e23ceb681872b67ae4705f5529fc40f53e43179ed05646318ac0ab9ad,https://data.chain.link/streams/eth-usd,,
hype-updown-5m-1783753500,HYPE,"Hyperliquid Up or Down - July 11, 3:05AM-3:10AM ET",2026-07-11T07:10:00Z,2026-07-11T07:05:00Z,66.301687,Up,"[""1"", ""0""]",0.99,361.197691,,0.26,0.3,resolved,0x91d559b476856ce0898aea43374e227a4b8c693a5729f1f538082f640ddf08bb,https://data.chain.link/streams/hype-usd,,
sol-updown-5m-1783753500,SOL,"Solana Up or Down - July 11, 3:05AM-3:10AM ET",2026-07-11T07:10:00Z,2026-07-11T07:05:00Z,77.96344055267645,Down,"[""0"", ""1""]",0.01,3798.391865,6.160783,-0.475,0.04,resolved,0x2af4886207546ab11bea2e1813a25c2917ba10dd6557988428ae0a33286c395c,https://data.chain.link/streams/sol-usd,,
xrp-updown-5m-1783753500,XRP,"XRP Up or Down - July 11, 3:05AM-3:10AM ET",2026-07-11T07:10:00Z,2026-07-11T07:05:00Z,1.1067249635101286,Up,"[""1"", ""0""]",0.99,2946.305296000001,,0.065,0.24,resolved,0x9b75955baca804b14f60eacbdec019f0013ec338a97541e205e62cf3afc48496,https://data.chain.link/streams/xrp-usd,,
bnb-updown-5m-1783753800,BNB,"BNB Up or Down - July 11, 3:10AM-3:15AM ET",2026-07-11T07:15:00Z,2026-07-11T07:10:00Z,575.8153601001173,Up,"[""1"", ""0""]",0.99,500.78388900000004,,0.49,0.01,resolved,0x6c66137ce37914ebd9e3acecdcb837fc0e0d60413012ceffebad57a157f631bb,https://data.chain.link/streams/bnb-usd,,
btc-updown-5m-1783753800,BTC,"Bitcoin Up or Down - July 11, 3:10AM-3:15AM ET",2026-07-11T07:15:00Z,2026-07-11T07:10:00Z,64156.28673586604,Up,"[""1"", ""0""]",0.99,83535.8606659999,19.960783,0.49,0.01,resolved,0x569c9b6e67321ced9bb55afc06386d5f66f044f31a357e2a15a557c331166fb9,https://data.chain.link/streams/btc-usd,,
doge-updown-5m-1783753800,DOGE,"Dogecoin Up or Down - July 11, 3:10AM-3:15AM ET",2026-07-11T07:15:00Z,2026-07-11T07:10:00Z,0.07431141246830894,Up,"[""1"", ""0""]",0.99,391.324014,,0.495,0.01,resolved,0x75e1ac08b01358d5b62189397ac17dee1fad89192e67b0815e6c45575ad7302f,https://data.chain.link/streams/doge-usd,,
eth-updown-5m-1783753800,ETH,"Ethereum Up or Down - July 11, 3:10AM-3:15AM ET",2026-07-11T07:15:00Z,2026-07-11T07:10:00Z,1797.245435,Up,"[""1"", ""0""]",0.99,5938.170008000008,6.960783,0.49,0.01,resolved,0x26f51ba866f089138eaf3b2f01f3d68b327fab9c9910fa766d91933fe2f45452,https://data.chain.link/streams/eth-usd,,
hype-updown-5m-1783753800,HYPE,"Hyperliquid Up or Down - July 11, 3:10AM-3:15AM ET",2026-07-11T07:15:00Z,2026-07-11T07:10:00Z,66.34488833188142,Up,"[""1"", ""0""]",0.99,173.66103399999997,,0.495,0.01,resolved,0x6926ea20a845d50260fb5fd8e76c3315c21afb16b148c58d8fe66ffac4b3c3f1,https://data.chain.link/streams/hype-usd,,
sol-updown-5m-1783753800,SOL,"Solana Up or Down - July 11, 3:10AM-3:15AM ET",2026-07-11T07:15:00Z,2026-07-11T07:10:00Z,77.89997315690526,Up,"[""1"", ""0""]",0.99,1702.5587519999995,4.160783,0.49,0.01,resolved,0x2867ebcae4f968cadba440bb2206e85426cdf5852f2fcf140edf37086bd7dcb7,https://data.chain.link/streams/sol-usd,,
xrp-updown-5m-1783753800,XRP,"XRP Up or Down - July 11, 3:10AM-3:15AM ET",2026-07-11T07:15:00Z,2026-07-11T07:10:00Z,1.106922520314621,Up,"[""1"", ""0""]",0.99,1988.3980879999992,,0.49,0.01,resolved,0xdc438f5fed6fa5c00778e68575a9132ed046420de5efd8a41613f62169436c35,https://data.chain.link/streams/xrp-usd,,
bnb-updown-5m-1783754100,BNB,"BNB Up or Down - July 11, 3:15AM-3:20AM ET",2026-07-11T07:20:00Z,2026-07-11T07:15:00Z,575.87244,Up,"[""1"", ""0""]",0.99,329.2869470000001,,0.465,0.04,resolved,0x64b374ee445b07642115511bb8f9430236cbd661f460b6e573f2a23f66475f2f,https://data.chain.link/streams/bnb-usd,,
btc-updown-5m-1783754100,BTC,"Bitcoin Up or Down - July 11, 3:15AM-3:20AM ET",2026-07-11T07:20:00Z,2026-07-11T07:15:00Z,64167.414805,Up,"[""1"", ""0""]",0.99,49899.81884300003,22,0.26,0.01,resolved,0x2acf3c127ac8acab44ee24d26793dda98eb045e72164a3a1291ca16192083df5,https://data.chain.link/streams/btc-usd,,
doge-updown-5m-1783754100,DOGE,"Dogecoin Up or Down - July 11, 3:15AM-3:20AM ET",2026-07-11T07:20:00Z,2026-07-11T07:15:00Z,0.074335888,Up,"[""1"", ""0""]",0.99,543.6930120000001,,0.31,0.18,resolved,0x668ccb10b759926068676a0f1b2e9ed8e4803cfd240fc4d9b8c148097aaa3426,https://data.chain.link/streams/doge-usd,,
eth-updown-5m-1783754100,ETH,"Ethereum Up or Down - July 11, 3:15AM-3:20AM ET",2026-07-11T07:20:00Z,2026-07-11T07:15:00Z,1798.709945,Up,"[""1"", ""0""]",0.99,6868.930985,1.960783,0.395,0.02,resolved,0xe20af68999599cd54a96118c685ce588178bf6e4503eab74bcbf582952a00691,https://data.chain.link/streams/eth-usd,,
hype-updown-5m-1783754100,HYPE,"Hyperliquid Up or Down - July 11, 3:15AM-3:20AM ET",2026-07-11T07:20:00Z,2026-07-11T07:15:00Z,66.367716,Up,"[""1"", ""0""]",0.96,636.803046,,0.055,0.11,resolved,0x2a4b1311dc95b005843b33cf5878ab60514afb5e7e732e1ed80cb14c054a9216,https://data.chain.link/streams/hype-usd,,
sol-updown-5m-1783754100,SOL,"Solana Up or Down - July 11, 3:15AM-3:20AM ET",2026-07-11T07:20:00Z,2026-07-11T07:15:00Z,77.92293450239235,Up,"[""1"", ""0""]",0.99,1802.8010469999992,,0.48,0.01,resolved,0xe2e88f20b265a7a115a9d4ca12fe6300791fa9c1cf7fd79d0ae30e55e6de01ef,https://data.chain.link/streams/sol-usd,,
xrp-updown-5m-1783754100,XRP,"XRP Up or Down - July 11, 3:15AM-3:20AM ET",2026-07-11T07:20:00Z,2026-07-11T07:15:00Z,1.107150388450747,Up,"[""1"", ""0""]",0.99,1014.6813029999998,,0.48,0.01,resolved,0xd0e7a1239bfca067079c64a8531b0fa4628dc248bc7c34706fceceb160b6b548,https://data.chain.link/streams/xrp-usd,,
bnb-updown-5m-1783754400,BNB,"BNB Up or Down - July 11, 3:20AM-3:25AM ET",2026-07-11T07:25:00Z,2026-07-11T07:20:00Z,576.163,Down,"[""0"", ""1""]",0.37,330.77075099999996,,-0.5045,0.001,resolved,0xa448771bfe41d8058e95cb5a6c33b9e7aae39fa699295e1a42a3b3017916f071,https://data.chain.link/streams/bnb-usd,,
btc-updown-5m-1783754400,BTC,"Bitcoin Up or Down - July 11, 3:20AM-3:25AM ET",2026-07-11T07:25:00Z,2026-07-11T07:20:00Z,64169.833605671425,Down,"[""0"", ""1""]",0.01,54311.29942600003,12,-0.5,0.01,resolved,0x10c1766386730d663e98dcbbb05c9c17e9083d04ffefbad7fbb8f852b6060b65,https://data.chain.link/streams/btc-usd,,
doge-updown-5m-1783754400,DOGE,"Dogecoin Up or Down - July 11, 3:20AM-3:25AM ET",2026-07-11T07:25:00Z,2026-07-11T07:20:00Z,0.07434770917868991,Down,"[""0"", ""1""]",0.13,576.445696,,-0.495,0.01,resolved,0x803c39095f6871b735f5b7939dd9dff12c1f4ef2ddc265e637891de7ef29b67c,https://data.chain.link/streams/doge-usd,,
eth-updown-5m-1783754400,ETH,"Ethereum Up or Down - July 11, 3:20AM-3:25AM ET",2026-07-11T07:25:00Z,2026-07-11T07:20:00Z,1798.996588597614,Up,"[""1"", ""0""]",0.99,6689.272922000002,,0.49,0.01,resolved,0x14771afaecb2f16895aed93407f2ea5f4fbd23f8794a48b8e9a3ce67584e35cd,https://data.chain.link/streams/eth-usd,,
hype-updown-5m-1783754400,HYPE,"Hyperliquid Up or Down - July 11, 3:20AM-3:25AM ET",2026-07-11T07:25:00Z,2026-07-11T07:20:00Z,66.376472,Up,"[""1"", ""0""]",0.98,242.93499100000005,,0.495,0.01,resolved,0xe243ce57dd15010dde33bcf9fc3268e56babcefe14aaa3be5cc29bda7f1a6859,https://data.chain.link/streams/hype-usd,,
sol-updown-5m-1783754400,SOL,"Solana Up or Down - July 11, 3:20AM-3:25AM ET",2026-07-11T07:25:00Z,2026-07-11T07:20:00Z,77.96696560824847,Up,"[""1"", ""0""]",0.99,3124.95872,,0.49,0.01,resolved,0x4fa9d62f60b3a0389c0c4ca6855fcfadcde25b004b70695cf2e246a2f05a795f,https://data.chain.link/streams/sol-usd,,
xrp-updown-5m-1783754400,XRP,"XRP Up or Down - July 11, 3:20AM-3:25AM ET",2026-07-11T07:25:00Z,2026-07-11T07:20:00Z,1.1076551654368985,Up,"[""1"", ""0""]",0.99,1195.167748,,0.49,0.01,resolved,0x1ecf0009bbda7f4c8a92fe5dbc37cc3237b080142f81aae484cd95f546bccc45,https://data.chain.link/streams/xrp-usd,,
bnb-updown-5m-1783754700,BNB,"BNB Up or Down - July 11, 3:25AM-3:30AM ET",2026-07-11T07:30:00Z,2026-07-11T07:25:00Z,575.8851853208406,Up,"[""1"", ""0""]",0.999,443.65627500000005,,0.49,0.008,resolved,0x37be4bf44f40d4bb01c2a2eef8df7b26a459a9c5de00527cf36af34a66b85cca,https://data.chain.link/streams/bnb-usd,,
btc-updown-5m-1783754700,BTC,"Bitcoin Up or Down - July 11, 3:25AM-3:30AM ET",2026-07-11T07:30:00Z,2026-07-11T07:25:00Z,64167.122950000004,Up,"[""1"", ""0""]",0.99,127305.85416799998,15.960783,-0.245,0.02,resolved,0xfddb22d34de5496fdfde798a73c2c41e30f8cb7d404b2e382c95670ac1584595,https://data.chain.link/streams/btc-usd,,
doge-updown-5m-1783754700,DOGE,"Dogecoin Up or Down - July 11, 3:25AM-3:30AM ET",2026-07-11T07:30:00Z,2026-07-11T07:25:00Z,0.07428,Down,"[""0"", ""1""]",0.29,261.37769099999997,1.960783,-0.4995,0.001,resolved,0xc6af3367eee50054d578f6d2f8e4ba3600fe90e0455d15080e4e4ca87395f5c8,https://data.chain.link/streams/doge-usd,,
eth-updown-5m-1783754700,ETH,"Ethereum Up or Down - July 11, 3:25AM-3:30AM ET",2026-07-11T07:30:00Z,2026-07-11T07:25:00Z,1799.053696622502,Up,"[""1"", ""0""]",0.99,10452.197092000015,2,0.38,0.01,resolved,0x411f0fa5cba3c9c504ec9daf7cf74d5080125dd2daf8a146c4af6ed257cd5ce7,https://data.chain.link/streams/eth-usd,,
hype-updown-5m-1783754700,HYPE,"Hyperliquid Up or Down - July 11, 3:25AM-3:30AM ET",2026-07-11T07:30:00Z,2026-07-11T07:25:00Z,66.395227,Down,"[""0"", ""1""]",0.85,142.17512399999998,,-0.495,0.01,resolved,0x6bddbdf5930615a7b64ec8b7830ddfce2f2c9cc3bef8c7242ee5a095bef91e58,https://data.chain.link/streams/hype-usd,,
sol-updown-5m-1783754700,SOL,"Solana Up or Down - July 11, 3:25AM-3:30AM ET",2026-07-11T07:30:00Z,2026-07-11T07:25:00Z,77.96785450522971,Up,"[""1"", ""0""]",0.99,8224.011875000004,,0.49,0.01,resolved,0x2c6c1a9eb395fa992827ed13017cc516a9c0cfb5da9cd5ae078e74e7a58083b8,https://data.chain.link/streams/sol-usd,,
xrp-updown-5m-1783754700,XRP,"XRP Up or Down - July 11, 3:25AM-3:30AM ET",2026-07-11T07:30:00Z,2026-07-11T07:25:00Z,1.1081123641435582,Down,"[""0"", ""1""]",0.01,2272.4164329999994,1.960783,-0.5,0.01,resolved,0x0c24bbd87375211b96caa73b41906fcac75cccbb49e4f205e780723ebc2aa3af,https://data.chain.link/streams/xrp-usd,,
bnb-updown-5m-1783755000,BNB,"BNB Up or Down - July 11, 3:30AM-3:35AM ET",2026-07-11T07:35:00Z,2026-07-11T07:30:00Z,576.4329607277517,Down,"[""0"", ""1""]",0.07,208.16670399999998,,-0.5,0.01,resolved,0x326d743f185642ec64ba59a5622c08fa6b7437af1e64dd1b8d329d434e5f6e81,https://data.chain.link/streams/bnb-usd,,
btc-updown-5m-1783755000,BTC,"Bitcoin Up or Down - July 11, 3:30AM-3:35AM ET",2026-07-11T07:35:00Z,2026-07-11T07:30:00Z,64169.211081120106,Down,"[""0"", ""1""]",0.01,68638.60707300006,12,-0.5,0.01,resolved,0x8b565114c788790bdc52bf102a48faa65870b161e567960772c09edfb4f41f0e,https://data.chain.link/streams/btc-usd,,
doge-updown-5m-1783755000,DOGE,"Dogecoin Up or Down - July 11, 3:30AM-3:35AM ET",2026-07-11T07:35:00Z,2026-07-11T07:30:00Z,0.0742097275492449,Down,"[""0"", ""1""]",0.19,352.332886,,-0.495,0.01,resolved,0x637347a4a85c167bd3034f9dd096f668dfd9c557f1d52bc612964089672eb729,https://data.chain.link/streams/doge-usd,,
eth-updown-5m-1783755000,ETH,"Ethereum Up or Down - July 11, 3:30AM-3:35AM ET",2026-07-11T07:35:00Z,2026-07-11T07:30:00Z,1799.58838,Down,"[""0"", ""1""]",0.01,8956.689398000008,,-0.5,0.01,resolved,0xa423ad06406ae785f5ad4e195e57cf30a4549955b75ce405728769573a553bf9,https://data.chain.link/streams/eth-usd,,
hype-updown-5m-1783755000,HYPE,"Hyperliquid Up or Down - July 11, 3:30AM-3:35AM ET",2026-07-11T07:35:00Z,2026-07-11T07:30:00Z,66.367813,Down,"[""0"", ""1""]",0.33,127.30032200000001,,-0.495,0.01,resolved,0xf99f9658a0e722a132c56f3c75cb9930b7138be416803d7adec542a9eda653c5,https://data.chain.link/streams/hype-usd,,
sol-updown-5m-1783755000,SOL,"Solana Up or Down - July 11, 3:30AM-3:35AM ET",2026-07-11T07:35:00Z,2026-07-11T07:30:00Z,77.97982494483284,Down,"[""0"", ""1""]",0.16,7265.384246000005,,-0.5,0.01,resolved,0xae89aa8ded78d6d7b0f405e105f1b6a1f334124a17b1b682187078ea944af9b3,https://data.chain.link/streams/sol-usd,,
xrp-updown-5m-1783755000,XRP,"XRP Up or Down - July 11, 3:30AM-3:35AM ET",2026-07-11T07:35:00Z,2026-07-11T07:30:00Z,1.1078912,Down,"[""0"", ""1""]",0.04,1093.0616089999996,,-0.5,0.01,resolved,0x7ce69e325cb8a62e64c572f709df9ca3d9b960b9065a7711b30555134ee7c8b0,https://data.chain.link/streams/xrp-usd,,
bnb-updown-5m-1783755300,BNB,"BNB Up or Down - July 11, 3:35AM-3:40AM ET",2026-07-11T07:40:00Z,2026-07-11T07:35:00Z,576.2511277889796,Up,"[""1"", ""0""]",0.99,147.854955,,0.49,0.01,resolved,0x48d82cde86a38a768348a04eb49d6de7f2f5848edd174f95b7d3034ced086596,https://data.chain.link/streams/bnb-usd,,
btc-updown-5m-1783755300,BTC,"Bitcoin Up or Down - July 11, 3:35AM-3:40AM ET",2026-07-11T07:40:00Z,2026-07-11T07:35:00Z,64144.93220832397,Up,"[""1"", ""0""]",0.99,32448.411462000007,12,0.48,0.01,resolved,0x1234aaa33eefb3c0d6566d2e924f6892c9227be91577a478c5798dfed4f8ee76,https://data.chain.link/streams/btc-usd,,
doge-updown-5m-1783755300,DOGE,"Dogecoin Up or Down - July 11, 3:35AM-3:40AM ET",2026-07-11T07:40:00Z,2026-07-11T07:35:00Z,0.074151257,Up,"[""1"", ""0""]",0.99,965.2912239999999,,0.495,0.01,resolved,0x00accfa2bc7fd6fe1571465e4fb236e28a2bfb09615748d465358cd0a70cf580,https://data.chain.link/streams/doge-usd,,
eth-updown-5m-1783755300,ETH,"Ethereum Up or Down - July 11, 3:35AM-3:40AM ET",2026-07-11T07:40:00Z,2026-07-11T07:35:00Z,1798.6850069814118,Up,"[""1"", ""0""]",0.99,3873.234946999999,,0.48,0.01,resolved,0xe0b71e367eaf56e7b5484ac392187d0781ff48ebdca742a42a8d45d43a4e522f,https://data.chain.link/streams/eth-usd,,
hype-updown-5m-1783755300,HYPE,"Hyperliquid Up or Down - July 11, 3:35AM-3:40AM ET",2026-07-11T07:40:00Z,2026-07-11T07:35:00Z,66.318542,Down,"[""0"", ""1""]",0.35,168.94076700000005,,-0.385,0.17,resolved,0xef5ef6557a980077053993877b2357c93321d182cc3f68119df7e7358c84e331,https://data.chain.link/streams/hype-usd,,
sol-updown-5m-1783755300,SOL,"Solana Up or Down - July 11, 3:35AM-3:40AM ET",2026-07-11T07:40:00Z,2026-07-11T07:35:00Z,77.94615163658594,Up,"[""1"", ""0""]",0.99,3484.8326190000016,,0.47,0.01,resolved,0x4008e40298b3db1e7a02513ea4ef3c104b6545a4d0709e904a0ea7990163bb53,https://data.chain.link/streams/sol-usd,,
xrp-updown-5m-1783755300,XRP,"XRP Up or Down - July 11, 3:35AM-3:40AM ET",2026-07-11T07:40:00Z,2026-07-11T07:35:00Z,1.1067115405141124,Up,"[""1"", ""0""]",0.99,681.96609,,0.49,0.01,resolved,0xdfccaefa4bd1cc9b5c9ebcb8537c17169f3595993bc9995b59d6fddba3bac05e,https://data.chain.link/streams/xrp-usd,,
bnb-updown-5m-1783755600,BNB,"BNB Up or Down - July 11, 3:40AM-3:45AM ET",2026-07-11T07:45:00Z,2026-07-11T07:40:00Z,576.902,Down,"[""0"", ""1""]",0.09,216.141273,,-0.5,0.01,resolved,0xee0fea8ab0a924b53421f61ddf0f724604baec8a328fbdc0312c3c90631c737c,https://data.chain.link/streams/bnb-usd,,
btc-updown-5m-1783755600,BTC,"Bitcoin Up or Down - July 11, 3:40AM-3:45AM ET",2026-07-11T07:45:00Z,2026-07-11T07:40:00Z,64164.934130205445,Down,"[""0"", ""1""]",0.01,46394.298808999956,14,-0.5,0.01,resolved,0x2d0965cd1e7e8e2c7f2e63e08f5a9b48acf13fe9dd39afae925de6104d436c90,https://data.chain.link/streams/btc-usd,,
doge-updown-5m-1783755600,DOGE,"Dogecoin Up or Down - July 11, 3:40AM-3:45AM ET",2026-07-11T07:45:00Z,2026-07-11T07:40:00Z,0.074211257,Down,"[""0"", ""1""]",0.25,327.86287899999996,,-0.495,0.01,resolved,0x23bbe75c2ab3e4a28ba17f8462e3daa23ed836c969e1d3ab9447ed919d007395,https://data.chain.link/streams/doge-usd,,
eth-updown-5m-1783755600,ETH,"Ethereum Up or Down - July 11, 3:40AM-3:45AM ET",2026-07-11T07:45:00Z,2026-07-11T07:40:00Z,1799.526555,Down,"[""0"", ""1""]",0.01,4647.3607870000005,,-0.5,0.01,resolved,0xd8f12a83e254e4302dcd677a11c4dd853ef0dc9b3ef219204a106b9e55731624,https://data.chain.link/streams/eth-usd,,
hype-updown-5m-1783755600,HYPE,"Hyperliquid Up or Down - July 11, 3:40AM-3:45AM ET",2026-07-11T07:45:00Z,2026-07-11T07:40:00Z,66.244368,Down,"[""0"", ""1""]",0.01,240.365636,,-0.495,0.01,resolved,0x95e4b7d52330d22f1003e3b18961d290e3ea2efdec65a07dca5b6a5d862b7d8f,https://data.chain.link/streams/hype-usd,,
sol-updown-5m-1783755600,SOL,"Solana Up or Down - July 11, 3:40AM-3:45AM ET",2026-07-11T07:45:00Z,2026-07-11T07:40:00Z,78.00951904848472,Down,"[""0"", ""1""]",0.01,1810.8267429999999,,-0.5,0.01,resolved,0x3a7959b1ede99da2734e0c9688c62a94c1ae766175501dfbf3665d884430043a,https://data.chain.link/streams/sol-usd,,
xrp-updown-5m-1783755600,XRP,"XRP Up or Down - July 11, 3:40AM-3:45AM ET",2026-07-11T07:45:00Z,2026-07-11T07:40:00Z,1.1078077031173557,Down,"[""0"", ""1""]",0.14,1268.130243,2,-0.5,0.01,resolved,0x701d5f332590290fb88320055a10db8ca87e5cacc6624453b57acbbe6e192b86,https://data.chain.link/streams/xrp-usd,,
bnb-updown-5m-1783755900,BNB,"BNB Up or Down - July 11, 3:45AM-3:50AM ET",2026-07-11T07:50:00Z,2026-07-11T07:45:00Z,576.85217,Down,"[""0"", ""1""]",0.21,183.578713,,-0.04,0.87,resolved,0xf3e9cc49a288f921b51cd146cf6306179724f0d7af5c648f29edc7ea666b71f8,https://data.chain.link/streams/bnb-usd,,
btc-updown-5m-1783755900,BTC,"Bitcoin Up or Down - July 11, 3:45AM-3:50AM ET",2026-07-11T07:50:00Z,2026-07-11T07:45:00Z,64131.95453405491,Down,"[""0"", ""1""]",0.01,42098.34429599996,30.960782,0.07,0.01,resolved,0x725ff4741780f95a61a6163ee2abb9696c60d5e0c47abeda7772e4d962e54dcc,https://data.chain.link/streams/btc-usd,,
doge-updown-5m-1783755900,DOGE,"Dogecoin Up or Down - July 11, 3:45AM-3:50AM ET",2026-07-11T07:50:00Z,2026-07-11T07:45:00Z,0.07415956775143016,Up,"[""1"", ""0""]",0.98,491.09133699999995,1.960783,0.415,0.05,resolved,0xfc2648a2dc1a9de3d6db2bd9bd1bdffe571cda3cdabf15dbf5726d3633c408a6,https://data.chain.link/streams/doge-usd,,
eth-updown-5m-1783755900,ETH,"Ethereum Up or Down - July 11, 3:45AM-3:50AM ET",2026-07-11T07:50:00Z,2026-07-11T07:45:00Z,1799.19306,Down,"[""0"", ""1""]",0.01,6220.761042000001,2,-0.49,0.01,resolved,0xb683cce7baa2f5577d1dc23a274d32ff0d603955eb44636d3dce993116c964c2,https://data.chain.link/streams/eth-usd,,
hype-updown-5m-1783755900,HYPE,"Hyperliquid Up or Down - July 11, 3:45AM-3:50AM ET",2026-07-11T07:50:00Z,2026-07-11T07:45:00Z,66.20734300000001,Up,"[""1"", ""0""]",0.99,180.83831999999998,,0.495,0.01,resolved,0x346afb446d44da898f75cbaabd6cd288973052bd603ec3fab483d64864acc3a8,https://data.chain.link/streams/hype-usd,,
sol-updown-5m-1783755900,SOL,"Solana Up or Down - July 11, 3:45AM-3:50AM ET",2026-07-11T07:50:00Z,2026-07-11T07:45:00Z,77.94761400224661,Down,"[""0"", ""1""]",0.06,3060.9714509999994,2,0.28,0.01,resolved,0x7b2b1008db408ff9918e000c1211376bca6baedf3f21bb488f0da291df49d85d,https://data.chain.link/streams/sol-usd,,
xrp-updown-5m-1783755900,XRP,"XRP Up or Down - July 11, 3:45AM-3:50AM ET",2026-07-11T07:50:00Z,2026-07-11T07:45:00Z,1.107262822395386,Up,"[""1"", ""0""]",0.99,1188.5029190000005,1.960783,0.48,0.01,resolved,0x2f034cb0a3dfc1132a61afd67aaf20e23a9f4602e803af0b42eebea7c8aebbdb,https://data.chain.link/streams/xrp-usd,,
bnb-updown-5m-1783756200,BNB,"BNB Up or Down - July 11, 3:50AM-3:55AM ET",2026-07-11T07:55:00Z,2026-07-11T07:50:00Z,576.6816149970708,Down,"[""0"", ""1""]",0.22,174.88640600000002,300,-0.5045,0.001,resolved,0x5e9cd283b39d24796681780f6d86a844df2e9f229df161f294f3f1346984ed89,https://data.chain.link/streams/bnb-usd,,
btc-updown-5m-1783756200,BTC,"Bitcoin Up or Down - July 11, 3:50AM-3:55AM ET",2026-07-11T07:55:00Z,2026-07-11T07:50:00Z,64129.289629182116,Down,"[""0"", ""1""]",0.01,30328.19587100002,7406.974045,-0.5,0.01,resolved,0xe9d1ac85086ea4dfc9ed58485bd4e9d75fd0de5858ca4c4d6d316359a85ee233,https://data.chain.link/streams/btc-usd,,
doge-updown-5m-1783756200,DOGE,"Dogecoin Up or Down - July 11, 3:50AM-3:55AM ET",2026-07-11T07:55:00Z,2026-07-11T07:50:00Z,0.07417010311708179,Up,"[""1"", ""0""]",0.99,408.28661000000005,300,0.495,0.01,resolved,0xbf1ae34d81e0eda18f6ff0b232d11b9e960652506aae611ebcf5ac31c19280c6,https://data.chain.link/streams/doge-usd,,
eth-updown-5m-1783756200,ETH,"Ethereum Up or Down - July 11, 3:50AM-3:55AM ET",2026-07-11T07:55:00Z,2026-07-11T07:50:00Z,1798.54276,Down,"[""0"", ""1""]",0.01,3715.1108390000013,2000.093415,-0.5,0.01,resolved,0x8206d192f08d4baeeeff6c94c10fae8b4a1a29602ddb4f05ae7871f28f16956e,https://data.chain.link/streams/eth-usd,,
hype-updown-5m-1783756200,HYPE,"Hyperliquid Up or Down - July 11, 3:50AM-3:55AM ET",2026-07-11T07:55:00Z,2026-07-11T07:50:00Z,66.351852,Up,"[""1"", ""0""]",0.99,68.752515,,0.495,0.01,resolved,0xbad56e1bb0f3cfc4e2143262a36cfe3b86be1269e8e3288223cb3ea8eb65fe0a,https://data.chain.link/streams/hype-usd,,
sol-updown-5m-1783756200,SOL,"Solana Up or Down - July 11, 3:50AM-3:55AM ET",2026-07-11T07:55:00Z,2026-07-11T07:50:00Z,77.93081440813856,Up,"[""1"", ""0""]",0.99,2465.949609,591.356861,0.49,0.01,resolved,0xd9bd05909a225fbec4329ec32ca238583bbb488a3d45a9ef57c6c504fff9ef90,https://data.chain.link/streams/sol-usd,,
xrp-updown-5m-1783756200,XRP,"XRP Up or Down - July 11, 3:50AM-3:55AM ET",2026-07-11T07:55:00Z,2026-07-11T07:50:00Z,1.107717776930111,Down,"[""0"", ""1""]",0.1,478.02528100000006,605,-0.5,0.01,resolved,0x080d78944176ccb1245342da5103213fcc4abc266ce4fb7398ca12377f59c633,https://data.chain.link/streams/xrp-usd,,
bnb-updown-5m-1783756500,BNB,"BNB Up or Down - July 11, 3:55AM-4:00AM ET",2026-07-11T08:00:00Z,2026-07-11T07:55:00Z,576.27,Up,"[""1"", ""0""]",0.99,190.92855699999996,,0.48,0.01,resolved,0x730c88a900a5560ca5e92ad54ece47b6a642d70043789238e026be8f07c571ad,https://data.chain.link/streams/bnb-usd,,
btc-updown-5m-1783756500,BTC,"Bitcoin Up or Down - July 11, 3:55AM-4:00AM ET",2026-07-11T08:00:00Z,2026-07-11T07:55:00Z,64106.836432934506,Up,"[""1"", ""0""]",0.99,29398.024709999983,1065.2,0.31,0.01,resolved,0xc461004656c53ab80b21cea5aee9177d012f0410f1ff89aa918d58c894992c5e,https://data.chain.link/streams/btc-usd,,
doge-updown-5m-1783756500,DOGE,"Dogecoin Up or Down - July 11, 3:55AM-4:00AM ET",2026-07-11T08:00:00Z,2026-07-11T07:55:00Z,0.07418171640626145,Up,"[""1"", ""0""]",0.99,342.50245099999995,,0.485,0.01,resolved,0xc8a7d23cd3e95d50ed4879dad873067b655002acd10dc60f50a4942e3e9d7785,https://data.chain.link/streams/doge-usd,,
eth-updown-5m-1783756500,ETH,"Ethereum Up or Down - July 11, 3:55AM-4:00AM ET",2026-07-11T08:00:00Z,2026-07-11T07:55:00Z,1798.3633374878898,Up,"[""1"", ""0""]",0.99,5048.303737999999,518.313724,0.34,0.01,resolved,0xb89f64bcb43698110ca3ae88e805d8bc9436dbcba08a1669d7bd165f06ff7484,https://data.chain.link/streams/eth-usd,,
hype-updown-5m-1783756500,HYPE,"Hyperliquid Up or Down - July 11, 3:55AM-4:00AM ET",2026-07-11T08:00:00Z,2026-07-11T07:55:00Z,66.39474782478368,Up,"[""1"", ""0""]",0.99,87.112,,0.335,0.23,resolved,0x49b18f2d556abfa0226baee687f7f423cd26975c73f56c5ae0ac444865c9ca50,https://data.chain.link/streams/hype-usd,,
sol-updown-5m-1783756500,SOL,"Solana Up or Down - July 11, 3:55AM-4:00AM ET",2026-07-11T08:00:00Z,2026-07-11T07:55:00Z,77.9440409853078,Down,"[""0"", ""1""]",0.45,3485.1295670000004,15,-0.275,0.04,resolved,0xf23aaa33567891f5109f86eba1a6f25433b6385713dcc28c88747bc663da6cf1,https://data.chain.link/streams/sol-usd,,
xrp-updown-5m-1783756500,XRP,"XRP Up or Down - July 11, 3:55AM-4:00AM ET",2026-07-11T08:00:00Z,2026-07-11T07:55:00Z,1.1072656225695094,Down,"[""0"", ""1""]",0.15,998.6004969999997,,-0.48,0.01,resolved,0xe877c13e95cf346653dcfe165e257a0c13c03aeda9446c3ba0a81cd391ddcd7c,https://data.chain.link/streams/xrp-usd,,
bnb-updown-5m-1783756800,BNB,"BNB Up or Down - July 11, 4:00AM-4:05AM ET",2026-07-11T08:05:00Z,2026-07-11T08:00:00Z,576.4613625699268,Down,"[""0"", ""1""]",0.12,218.53801099999998,,-0.5,0.01,resolved,0x458fa90811d6a00dfbfcbdb7cd53e9513f8c4aa930478017b5621bcdb83aa463,https://data.chain.link/streams/bnb-usd,,
btc-updown-5m-1783756800,BTC,"Bitcoin Up or Down - July 11, 4:00AM-4:05AM ET",2026-07-11T08:05:00Z,2026-07-11T08:00:00Z,64111.871388057,Up,"[""1"", ""0""]",0.99,53323.02396799999,719.939212,0.49,0.01,resolved,0xa7f4aea07b1b7e3a644dbfaa55b2a68743562dea91d8e4f016c57ada85ca963a,https://data.chain.link/streams/btc-usd,,
doge-updown-5m-1783756800,DOGE,"Dogecoin Up or Down - July 11, 4:00AM-4:05AM ET",2026-07-11T08:05:00Z,2026-07-11T08:00:00Z,0.07422781127318405,Down,"[""0"", ""1""]",0.13,619.4181849999999,,-0.495,0.01,resolved,0x3dd276b9a29a4731be752823cf1cc136dd7513e159ecd38844644d283b34ec48,https://data.chain.link/streams/doge-usd,,
eth-updown-5m-1783756800,ETH,"Ethereum Up or Down - July 11, 4:00AM-4:05AM ET",2026-07-11T08:05:00Z,2026-07-11T08:00:00Z,1798.5396963920655,Down,"[""0"", ""1""]",0.01,4505.552449000001,500,-0.5,0.01,resolved,0xf04c22da373d3d61df1ef71363c81372536a077df8fc4b9ca232f4da592651f5,https://data.chain.link/streams/eth-usd,,
hype-updown-5m-1783756800,HYPE,"Hyperliquid Up or Down - July 11, 4:00AM-4:05AM ET",2026-07-11T08:05:00Z,2026-07-11T08:00:00Z,66.422477,Up,"[""1"", ""0""]",0.999,376.34348,,0.4995,0.001,resolved,0xb3d7db6c1cd5a2bfb72caaf959f71e286e916f046b5bd1c763d265a1057e0930,https://data.chain.link/streams/hype-usd,,
sol-updown-5m-1783756800,SOL,"Solana Up or Down - July 11, 4:00AM-4:05AM ET",2026-07-11T08:05:00Z,2026-07-11T08:00:00Z,77.93189199300322,Up,"[""1"", ""0""]",0.99,1576.3178689999997,,0.49,0.01,resolved,0xcef7cbc2bd8f71d754088e29ae0c4e3e715b3ff471653745937497f140f4e335,https://data.chain.link/streams/sol-usd,,
xrp-updown-5m-1783756800,XRP,"XRP Up or Down - July 11, 4:00AM-4:05AM ET",2026-07-11T08:05:00Z,2026-07-11T08:00:00Z,1.1068623568585894,Down,"[""0"", ""1""]",0.01,1436.081429,,-0.5,0.01,resolved,0xa4f88cd282f8650b0ecba25c31652fbe897b205475fc1c554d960f28de93d2f1,https://data.chain.link/streams/xrp-usd,,
bnb-updown-5m-1783757100,BNB,"BNB Up or Down - July 11, 4:05AM-4:10AM ET",2026-07-11T08:10:00Z,2026-07-11T08:05:00Z,576.4531520844582,Down,"[""0"", ""1""]",0.05,306.32950999999997,,-0.39,0.19,resolved,0xf2dde7a0ba743c51df92fb122d092084fc1cf2a3b57e83659905ec32e77cbb8e,https://data.chain.link/streams/bnb-usd,,
btc-updown-5m-1783757100,BTC,"Bitcoin Up or Down - July 11, 4:05AM-4:10AM ET",2026-07-11T08:10:00Z,2026-07-11T08:05:00Z,64114.765183631396,Up,"[""1"", ""0""]",0.999,34991.383657000006,4.2,0.48,0.01,resolved,0x8d4a2ae287baa62c97848d04a37aa86fed0892bec2aa59873ad5f0ff6a9fb493,https://data.chain.link/streams/btc-usd,,
doge-updown-5m-1783757100,DOGE,"Dogecoin Up or Down - July 11, 4:05AM-4:10AM ET",2026-07-11T08:10:00Z,2026-07-11T08:05:00Z,0.074208,Down,"[""0"", ""1""]",0.25,415.7917790000001,,-0.495,0.01,resolved,0x9bfaade8db8b3e1938f903a991082c9ef0e21b70ad2747b484ede8f18bb3c565,https://data.chain.link/streams/doge-usd,,
eth-updown-5m-1783757100,ETH,"Ethereum Up or Down - July 11, 4:05AM-4:10AM ET",2026-07-11T08:10:00Z,2026-07-11T08:05:00Z,1798.4460777895374,Up,"[""1"", ""0""]",0.99,3785.2682729999997,,0.48,0.01,resolved,0xd0417c7b20d8e0ec2bbf17b070c0a7b7cdd33d1d21d421134237812ccbf1e01e,https://data.chain.link/streams/eth-usd,,
hype-updown-5m-1783757100,HYPE,"Hyperliquid Up or Down - July 11, 4:05AM-4:10AM ET",2026-07-11T08:10:00Z,2026-07-11T08:05:00Z,66.556989,Down,"[""0"", ""1""]",0.24,181.81663699999996,,-0.285,0.01,resolved,0xa231ebe80a8bbea80f6a9a2d572893a5c8ac889b911aea0a5fc6c7fd6e5a1a11,https://data.chain.link/streams/hype-usd,,
sol-updown-5m-1783757100,SOL,"Solana Up or Down - July 11, 4:05AM-4:10AM ET",2026-07-11T08:10:00Z,2026-07-11T08:05:00Z,77.94203201580922,Down,"[""0"", ""1""]",0.01,1725.8987450000006,,-0.145,0.08,resolved,0x756211e9d6ccdf7a35852ee3cde1a1cba4c79eba1b6f08249cf6672216fbd6ec,https://data.chain.link/streams/sol-usd,,
xrp-updown-5m-1783757100,XRP,"XRP Up or Down - July 11, 4:05AM-4:10AM ET",2026-07-11T08:10:00Z,2026-07-11T08:05:00Z,1.1063381982848999,Down,"[""0"", ""1""]",0.02,1066.821285,,-0.5,0.01,resolved,0x44cefeb06cbf5636da0883343a147a23727f71013e8d9f258630f269f9fc18bf,https://data.chain.link/streams/xrp-usd,,
bnb-updown-5m-1783757400,BNB,"BNB Up or Down - July 11, 4:10AM-4:15AM ET",2026-07-11T08:15:00Z,2026-07-11T08:10:00Z,576.306,Down,"[""0"", ""1""]",0.5,213.00108500000002,,-0.5,0.01,resolved,0x5d12ee87b2bfd088fd4f5446215d4db150dc07fc47a6d0eaff3a303b7068d846,https://data.chain.link/streams/bnb-usd,,
btc-updown-5m-1783757400,BTC,"Bitcoin Up or Down - July 11, 4:10AM-4:15AM ET",2026-07-11T08:15:00Z,2026-07-11T08:10:00Z,64135.877385,Up,"[""1"", ""0""]",0.999,55897.38557799998,29,0.4945,0.001,resolved,0x8bf05d332325b3523431ae0ee2ac485a675e1eba05d8d77a7f241d07f52e7949,https://data.chain.link/streams/btc-usd,,
doge-updown-5m-1783757400,DOGE,"Dogecoin Up or Down - July 11, 4:10AM-4:15AM ET",2026-07-11T08:15:00Z,2026-07-11T08:10:00Z,0.07416554650933818,Down,"[""0"", ""1""]",0.32,596.250732,,-0.495,0.01,resolved,0x926f9a7ad8ebc2342d20518c97a231216cd093814b8afaf7fd26034ba20c73d1,https://data.chain.link/streams/doge-usd,,
eth-updown-5m-1783757400,ETH,"Ethereum Up or Down - July 11, 4:10AM-4:15AM ET",2026-07-11T08:15:00Z,2026-07-11T08:10:00Z,1798.8046505705884,Up,"[""1"", ""0""]",0.999,6360.328114000005,,0.4945,0.001,resolved,0x85f646a4d5b8e991c5a3bf885f077e8f2b0e0de02ac330074587d24bc7311c8b,https://data.chain.link/streams/eth-usd,,
hype-updown-5m-1783757400,HYPE,"Hyperliquid Up or Down - July 11, 4:10AM-4:15AM ET",2026-07-11T08:15:00Z,2026-07-11T08:10:00Z,66.5456650569286,Up,"[""1"", ""0""]",0.99,172.68155000000002,,0.495,0.01,resolved,0x1bdeaf1b02092daa68e1df7894da74bb4f72f924a5c4b0f6329122fb7edf8eff,https://data.chain.link/streams/hype-usd,,
sol-updown-5m-1783757400,SOL,"Solana Up or Down - July 11, 4:10AM-4:15AM ET",2026-07-11T08:15:00Z,2026-07-11T08:10:00Z,77.93920891438206,Up,"[""1"", ""0""]",0.99,2863.952949,,0.49,0.01,resolved,0x2fa50e5b458d85019499dc03b3cd624259bf6361f1a3648bfa376e2ded5dcc17,https://data.chain.link/streams/sol-usd,,
xrp-updown-5m-1783757400,XRP,"XRP Up or Down - July 11, 4:10AM-4:15AM ET",2026-07-11T08:15:00Z,2026-07-11T08:10:00Z,1.105547533539799,Up,"[""1"", ""0""]",0.999,1699.6461360000003,,0.4945,0.001,resolved,0x76a8006387e75566ee8dc5d3bc840e0d1eaee35b6501ec0c959beb1b53cd368b,https://data.chain.link/streams/xrp-usd,,
bnb-updown-5m-1783757700,BNB,"BNB Up or Down - July 11, 4:15AM-4:20AM ET",2026-07-11T08:20:00Z,2026-07-11T08:15:00Z,576.29219,Up,"[""1"", ""0""]",0.99,429.321362,,0.03,0.87,resolved,0x6cc0479c86d37553b64048b17953d7edd8b6811afdb39d67362c327c12194542,https://data.chain.link/streams/bnb-usd,,
btc-updown-5m-1783757700,BTC,"Bitcoin Up or Down - July 11, 4:15AM-4:20AM ET",2026-07-11T08:20:00Z,2026-07-11T08:15:00Z,64185.323669041914,Up,"[""1"", ""0""]",0.999,51711.166422999915,29,0.4945,0.001,resolved,0x1b13914620d7a45f83cbd0aa5aad4a3c8c0c285c8fbc9aaae2438b615b5c72e0,https://data.chain.link/streams/btc-usd,,
doge-updown-5m-1783757700,DOGE,"Dogecoin Up or Down - July 11, 4:15AM-4:20AM ET",2026-07-11T08:20:00Z,2026-07-11T08:15:00Z,0.074151,Up,"[""1"", ""0""]",0.99,992.0499990000002,,-0.16,0.12,resolved,0x6ddca90858d37f7b50d5bfb984a94581effa8fc555c3b0922a3b516103912650,https://data.chain.link/streams/doge-usd,,
eth-updown-5m-1783757700,ETH,"Ethereum Up or Down - July 11, 4:15AM-4:20AM ET",2026-07-11T08:20:00Z,2026-07-11T08:15:00Z,1800.2613860866425,Down,"[""0"", ""1""]",0.01,5088.8051510000005,1.960783,-0.5045,0.001,resolved,0xaf51d6fd81071aec87f4a61dd123f627de1464314ae3989bbce2218e8ab4a3b2,https://data.chain.link/streams/eth-usd,,
hype-updown-5m-1783757700,HYPE,"Hyperliquid Up or Down - July 11, 4:15AM-4:20AM ET",2026-07-11T08:20:00Z,2026-07-11T08:15:00Z,66.61322899999999,Up,"[""1"", ""0""]",0.99,246.65775700000003,,-0.08,0.14,resolved,0xda0b02bd3887fa76d9c24e55e769c5d235f07976e2ba3c6cec53a74a615732a5,https://data.chain.link/streams/hype-usd,,
sol-updown-5m-1783757700,SOL,"Solana Up or Down - July 11, 4:15AM-4:20AM ET",2026-07-11T08:20:00Z,2026-07-11T08:15:00Z,77.98095658262592,Up,"[""1"", ""0""]",0.99,1813.4098259999987,,-0.05,0.21,resolved,0x53767bb5105fb8e41e87d17f82ac8dcdf0133ad233e0dbffba80287594468ee2,https://data.chain.link/streams/sol-usd,,
xrp-updown-5m-1783757700,XRP,"XRP Up or Down - July 11, 4:15AM-4:20AM ET",2026-07-11T08:20:00Z,2026-07-11T08:15:00Z,1.1062933114174558,Up,"[""1"", ""0""]",0.99,1576.379452,1.960783,-0.22,0.07,resolved,0x8a4d435e843a35e73b0f746e3e560e3f9afb2289f918b0891035a25cf4c782a1,https://data.chain.link/streams/xrp-usd,,
bnb-updown-5m-1783758000,BNB,"BNB Up or Down - July 11, 4:20AM-4:25AM ET",2026-07-11T08:25:00Z,2026-07-11T08:20:00Z,576.418,Up,"[""1"", ""0""]",0.999,317.185743,,0.4945,0.001,resolved,0xe34d5be5906d94039a3c7449dbc9c1bf483a4d8c4c8abd32d3061bdcfad198ac,https://data.chain.link/streams/bnb-usd,,
btc-updown-5m-1783758000,BTC,"Bitcoin Up or Down - July 11, 4:20AM-4:25AM ET",2026-07-11T08:25:00Z,2026-07-11T08:20:00Z,64200.68184857732,Up,"[""1"", ""0""]",0.99,49921.855756999874,2,0.49,0.01,resolved,0x0be474a45ec30910680e5984b4239e8c906aa2ebcbdbf42b4c06fe67de7b1b27,https://data.chain.link/streams/btc-usd,,
doge-updown-5m-1783758000,DOGE,"Dogecoin Up or Down - July 11, 4:20AM-4:25AM ET",2026-07-11T08:25:00Z,2026-07-11T08:20:00Z,0.074157166,Up,"[""1"", ""0""]",0.99,378.87906699999996,,0.495,0.01,resolved,0x514ff111edf4091ec2d4c84ad63a5b30cabcb1b8116114e2115e4dad806a842c,https://data.chain.link/streams/doge-usd,,
eth-updown-5m-1783758000,ETH,"Ethereum Up or Down - July 11, 4:20AM-4:25AM ET",2026-07-11T08:25:00Z,2026-07-11T08:20:00Z,1799.6672988783969,Up,"[""1"", ""0""]",0.99,3836.539926000001,,0.49,0.01,resolved,0xae376f24b24e7e6922a8fbd3cf3c5a61da8178090cdcdc9e0327411352de6957,https://data.chain.link/streams/eth-usd,,
hype-updown-5m-1783758000,HYPE,"Hyperliquid Up or Down - July 11, 4:20AM-4:25AM ET",2026-07-11T08:25:00Z,2026-07-11T08:20:00Z,66.641305,Up,"[""1"", ""0""]",0.99,125.49523200000002,,0.495,0.01,resolved,0xd0bd2f10265aba195c800e12d15a401469496a9e119040145749bb892ad49ecb,https://data.chain.link/streams/hype-usd,,
sol-updown-5m-1783758000,SOL,"Solana Up or Down - July 11, 4:20AM-4:25AM ET",2026-07-11T08:25:00Z,2026-07-11T08:20:00Z,77.981499,Up,"[""1"", ""0""]",0.99,1474.2075749999995,,0.49,0.01,resolved,0x57477bef1b4ed31b2dda0b4728704ae8b40648ab01d8928a3d70d2233ba69b4f,https://data.chain.link/streams/sol-usd,,
xrp-updown-5m-1783758000,XRP,"XRP Up or Down - July 11, 4:20AM-4:25AM ET",2026-07-11T08:25:00Z,2026-07-11T08:20:00Z,1.10639795,Up,"[""1"", ""0""]",0.99,1036.1100419999996,,0.49,0.01,resolved,0x363e517bb2acbb0b7958ae2ec1cba571889676753fb1f5aa7d2e8346f734ead0,https://data.chain.link/streams/xrp-usd,,
bnb-updown-5m-1783758300,BNB,"BNB Up or Down - July 11, 4:25AM-4:30AM ET",2026-07-11T08:30:00Z,2026-07-11T08:25:00Z,577.1785540368871,Up,"[""1"", ""0""]",0.99,192.37100800000002,,0.47,0.05,resolved,0x1b12cf93643d968f7e80287dc6e26ea0fecf3dbfa90005c8f5176265725a4f57,https://data.chain.link/streams/bnb-usd,,
btc-updown-5m-1783758300,BTC,"Bitcoin Up or Down - July 11, 4:25AM-4:30AM ET",2026-07-11T08:30:00Z,2026-07-11T08:25:00Z,64205.9251887004,Down,"[""0"", ""1""]",0.01,44909.28293199992,29,-0.435,0.02,resolved,0x88648ac71b0889aa1cbee58f532f8375998656957583326442d28f4f13aeb538,https://data.chain.link/streams/btc-usd,,
doge-updown-5m-1783758300,DOGE,"Dogecoin Up or Down - July 11, 4:25AM-4:30AM ET",2026-07-11T08:30:00Z,2026-07-11T08:25:00Z,0.074158,Up,"[""1"", ""0""]",0.99,551.4778650000001,,-0.09,0.2,resolved,0x4c3ac0363976c7bb3cb64c7ba72a526fd2c00e30b2d1e736118eb782fd5621e9,https://data.chain.link/streams/doge-usd,,
eth-updown-5m-1783758300,ETH,"Ethereum Up or Down - July 11, 4:25AM-4:30AM ET",2026-07-11T08:30:00Z,2026-07-11T08:25:00Z,1800.2130503795624,Down,"[""0"", ""1""]",0.05,4807.358691000004,,-0.42,0.01,resolved,0xefe6d099cb99b0fd715ddd3ac74f81d9b8d7f7f06c75b6ee830a37cdd9b5f969,https://data.chain.link/streams/eth-usd,,
hype-updown-5m-1783758300,HYPE,"Hyperliquid Up or Down - July 11, 4:25AM-4:30AM ET",2026-07-11T08:30:00Z,2026-07-11T08:25:00Z,66.653475,Down,"[""0"", ""1""]",0.4,229.79854,,-0.47,0.04,resolved,0xf89865b294d51c6e07d9ab2447181800fc44d67919e8053defb087c838647574,https://data.chain.link/streams/hype-usd,,
sol-updown-5m-1783758300,SOL,"Solana Up or Down - July 11, 4:25AM-4:30AM ET",2026-07-11T08:30:00Z,2026-07-11T08:25:00Z,78.01371808500318,Down,"[""0"", ""1""]",0.03,1408.8308219999997,,-0.49,0.01,resolved,0x449e77272eb72eddc3475324912a2cb97573c43d537c24e1a1819aef10c66611,https://data.chain.link/streams/sol-usd,,
xrp-updown-5m-1783758300,XRP,"XRP Up or Down - July 11, 4:25AM-4:30AM ET",2026-07-11T08:30:00Z,2026-07-11T08:25:00Z,1.10699815,Up,"[""1"", ""0""]",0.98,1285.0636969999991,,0.43,0.01,resolved,0xf77ff19f7ac0b805dca0d000eb9753c1176c44710e1553e0c7b53e53d1d083c1,https://data.chain.link/streams/xrp-usd,,
bnb-updown-5m-1783758600,BNB,"BNB Up or Down - July 11, 4:30AM-4:35AM ET",2026-07-11T08:35:00Z,2026-07-11T08:30:00Z,577.3181801158211,Up,"[""1"", ""0""]",0.99,217.661274,,0.4945,0.001,resolved,0xf1deb8636966ed67247fd6ff3b6c1a0ca3a09ced06313021962e1281d9df0e1f,https://data.chain.link/streams/bnb-usd,,
btc-updown-5m-1783758600,BTC,"Bitcoin Up or Down - July 11, 4:30AM-4:35AM ET",2026-07-11T08:35:00Z,2026-07-11T08:30:00Z,64202.314157613786,Up,"[""1"", ""0""]",0.99,36234.37770599997,7,0.49,0.01,resolved,0x7062a0f64a26f34b50cb4fe33cb9b1bfa8d5405ea5e5b659d7a9a03920baf048,https://data.chain.link/streams/btc-usd,,
doge-updown-5m-1783758600,DOGE,"Dogecoin Up or Down - July 11, 4:30AM-4:35AM ET",2026-07-11T08:35:00Z,2026-07-11T08:30:00Z,0.074158025,Up,"[""1"", ""0""]",0.99,334.71567600000003,,0.495,0.01,resolved,0x72ce2aba3e6649ac9e2a0121151d36ba92c0e276cbbc3e02e1d8880992d2de07,https://data.chain.link/streams/doge-usd,,
eth-updown-5m-1783758600,ETH,"Ethereum Up or Down - July 11, 4:30AM-4:35AM ET",2026-07-11T08:35:00Z,2026-07-11T08:30:00Z,1799.9356165106415,Up,"[""1"", ""0""]",0.99,4515.243411,5,0.49,0.01,resolved,0x8723346d26193ef1a46b661ca8ceeb6819213e03a8c4792dbfd0a0452e216ce8,https://data.chain.link/streams/eth-usd,,
hype-updown-5m-1783758600,HYPE,"Hyperliquid Up or Down - July 11, 4:30AM-4:35AM ET",2026-07-11T08:35:00Z,2026-07-11T08:30:00Z,66.6151273653433,Up,"[""1"", ""0""]",0.99,71.759513,,0.495,0.01,resolved,0x7194865080840bc35d6b2f5a7e04945e08664b61548ff490b0c59f692c000163,https://data.chain.link/streams/hype-usd,,
sol-updown-5m-1783758600,SOL,"Solana Up or Down - July 11, 4:30AM-4:35AM ET",2026-07-11T08:35:00Z,2026-07-11T08:30:00Z,77.9746781009446,Up,"[""1"", ""0""]",0.99,3220.7159530000013,,0.49,0.01,resolved,0x75222e7d3114cf407b09120ae84f784c7e84a7098f8265c99d12b36d3dfcc6db,https://data.chain.link/streams/sol-usd,,
xrp-updown-5m-1783758600,XRP,"XRP Up or Down - July 11, 4:30AM-4:35AM ET",2026-07-11T08:35:00Z,2026-07-11T08:30:00Z,1.1072175171927456,Up,"[""1"", ""0""]",0.99,1294.859147,,0.49,0.01,resolved,0xb55d4f918886479989d545248e1a4b202b438e3875a3206e3a4aa65b311245e7,https://data.chain.link/streams/xrp-usd,,
bnb-updown-5m-1783758900,BNB,"BNB Up or Down - July 11, 4:35AM-4:40AM ET",2026-07-11T08:40:00Z,2026-07-11T08:35:00Z,577.9484927529691,Up,"[""1"", ""0""]",0.99,236.09500599999996,,0.485,0.02,resolved,0x7e03b4a8840f746390d18edf692283ed9ae194ef569d76a1c7e693d1fc03816f,https://data.chain.link/streams/bnb-usd,,
btc-updown-5m-1783758900,BTC,"Bitcoin Up or Down - July 11, 4:35AM-4:40AM ET",2026-07-11T08:40:00Z,2026-07-11T08:35:00Z,64206.95482,Down,"[""0"", ""1""]",0.01,43182.047932999936,2,-0.18,0.07,resolved,0x4feb1aaee62ebee3272c3e9fed1982c89c843e1b99fc3634da19d82e9249184f,https://data.chain.link/streams/btc-usd,,
doge-updown-5m-1783758900,DOGE,"Dogecoin Up or Down - July 11, 4:35AM-4:40AM ET",2026-07-11T08:40:00Z,2026-07-11T08:35:00Z,0.074188,Down,"[""0"", ""1""]",0.14,584.8606570000002,,-0.475,0.03,resolved,0x6a64d529929459dbf7bec828d882348187c9935876511412a90340331ed2bec9,https://data.chain.link/streams/doge-usd,,
eth-updown-5m-1783758900,ETH,"Ethereum Up or Down - July 11, 4:35AM-4:40AM ET",2026-07-11T08:40:00Z,2026-07-11T08:35:00Z,1800.077702875694,Up,"[""1"", ""0""]",0.99,3175.0594589999987,,0.49,0.01,resolved,0x0387966e2386b84cc927cdaaf74a162dee32d20386d9599850764611e584acbb,https://data.chain.link/streams/eth-usd,,
hype-updown-5m-1783758900,HYPE,"Hyperliquid Up or Down - July 11, 4:35AM-4:40AM ET",2026-07-11T08:40:00Z,2026-07-11T08:35:00Z,66.67464876967736,Down,"[""0"", ""1""]",0.57,171.66205499999998,,-0.495,0.01,resolved,0x06ba7168963814df43e96c1be6b8b5c89d8152c52822e84734f403b3952c85e7,https://data.chain.link/streams/hype-usd,,
sol-updown-5m-1783758900,SOL,"Solana Up or Down - July 11, 4:35AM-4:40AM ET",2026-07-11T08:40:00Z,2026-07-11T08:35:00Z,78.00767756549644,Up,"[""1"", ""0""]",0.99,1642.137372000001,,0.45,0.01,resolved,0x8ae041b6b59cb755428940aa191d526deb4741897fca0bec272d4386399f00b5,https://data.chain.link/streams/sol-usd,,
xrp-updown-5m-1783758900,XRP,"XRP Up or Down - July 11, 4:35AM-4:40AM ET",2026-07-11T08:40:00Z,2026-07-11T08:35:00Z,1.1075613672816875,Down,"[""0"", ""1""]",0.12,1913.1666939999998,,-0.5,0.01,resolved,0x3e318205c2022704b5f4f9c8c0e24edb5a41e0c084a9b67af49f9f7bf89a9949,https://data.chain.link/streams/xrp-usd,,
bnb-updown-5m-1783759200,BNB,"BNB Up or Down - July 11, 4:40AM-4:45AM ET",2026-07-11T08:45:00Z,2026-07-11T08:40:00Z,578.2398451917895,Up,"[""1"", ""0""]",0.99,231.63570099999993,,0.49,0.01,resolved,0xcc8801837781c6816d6ddae8e628c9855c7507ae0da073322db592939e80a9d3,https://data.chain.link/streams/bnb-usd,,
btc-updown-5m-1783759200,BTC,"Bitcoin Up or Down - July 11, 4:40AM-4:45AM ET",2026-07-11T08:45:00Z,2026-07-11T08:40:00Z,64205.032905,Up,"[""1"", ""0""]",0.999,56665.527635999795,29,0.4945,0.001,resolved,0x4a22a28c85806d28043afc14b5e2da95aa4f8b34798e35d9cba51474c79d912b,https://data.chain.link/streams/btc-usd,,
doge-updown-5m-1783759200,DOGE,"Dogecoin Up or Down - July 11, 4:40AM-4:45AM ET",2026-07-11T08:45:00Z,2026-07-11T08:40:00Z,0.07416125722302515,Up,"[""1"", ""0""]",0.99,579.2732720000001,,0.495,0.01,resolved,0xb127fb0579d5d0bf78812b72a574ef888e4f8e7f113587f4f9d69cafae6baca7,https://data.chain.link/streams/doge-usd,,
eth-updown-5m-1783759200,ETH,"Ethereum Up or Down - July 11, 4:40AM-4:45AM ET",2026-07-11T08:45:00Z,2026-07-11T08:40:00Z,1800.7443164562296,Up,"[""1"", ""0""]",0.99,7117.8022159999955,,0.49,0.01,resolved,0x949aac2b421458fc298a000b5934430d28a436a09e05ca194df3650fd22bf166,https://data.chain.link/streams/eth-usd,,
hype-updown-5m-1783759200,HYPE,"Hyperliquid Up or Down - July 11, 4:40AM-4:45AM ET",2026-07-11T08:45:00Z,2026-07-11T08:40:00Z,66.528404,Down,"[""0"", ""1""]",0.31,245.023496,,-0.495,0.01,resolved,0xab74245d7b88aa8d5b4d70ca7fd298d6c3baeaef4277e77a0a0b55af302ad6f1,https://data.chain.link/streams/hype-usd,,
sol-updown-5m-1783759200,SOL,"Solana Up or Down - July 11, 4:40AM-4:45AM ET",2026-07-11T08:45:00Z,2026-07-11T08:40:00Z,78.0336018920235,Down,"[""0"", ""1""]",0.01,2700.701654,,-0.5,0.01,resolved,0x2af26a4742befe07f58e0dee84ccddb01a75cb4287acc5edd2450f07c29888dc,https://data.chain.link/streams/sol-usd,,
xrp-updown-5m-1783759200,XRP,"XRP Up or Down - July 11, 4:40AM-4:45AM ET",2026-07-11T08:45:00Z,2026-07-11T08:40:00Z,1.1068072072272797,Up,"[""1"", ""0""]",0.99,1186.8068960000003,,0.49,0.01,resolved,0x752414b95782733c106095c209cd97e052d2210e5218a7628b8682e7ce563424,https://data.chain.link/streams/xrp-usd,,
bnb-updown-5m-1783759500,BNB,"BNB Up or Down - July 11, 4:45AM-4:50AM ET",2026-07-11T08:50:00Z,2026-07-11T08:45:00Z,578.4107783487195,Down,"[""0"", ""1""]",0.23,265.75132,,-0.5,0.01,resolved,0xcd81c947e929fee394e31bff3764f2195ef43fb2056da9a3ae4e1b32904a8c0e,https://data.chain.link/streams/bnb-usd,,
btc-updown-5m-1783759500,BTC,"Bitcoin Up or Down - July 11, 4:45AM-4:50AM ET",2026-07-11T08:50:00Z,2026-07-11T08:45:00Z,64233.91692786215,Down,"[""0"", ""1""]",0.01,42628.753257999895,37,-0.5,0.01,resolved,0xd6b0317daa7cbca38a61fd71ef6a95076ccb82ac05e690dec6ec6287236d17dc,https://data.chain.link/streams/btc-usd,,
doge-updown-5m-1783759500,DOGE,"Dogecoin Up or Down - July 11, 4:45AM-4:50AM ET",2026-07-11T08:50:00Z,2026-07-11T08:45:00Z,0.07416714533286442,Down,"[""0"", ""1""]",0.19,326.497741,,-0.495,0.01,resolved,0x1be63559dcd69a0e8e887fd4c317832afa910d55939f279aa4efc88470f461c3,https://data.chain.link/streams/doge-usd,,
eth-updown-5m-1783759500,ETH,"Ethereum Up or Down - July 11, 4:45AM-4:50AM ET",2026-07-11T08:50:00Z,2026-07-11T08:45:00Z,1801.1445253890085,Down,"[""0"", ""1""]",0.04,4451.639324999999,,-0.5,0.01,resolved,0x8d97d8bb5a66c6716b65885fc0ad88d3c30ace2e812dcee17f1b733e922b3d40,https://data.chain.link/streams/eth-usd,,
hype-updown-5m-1783759500,HYPE,"Hyperliquid Up or Down - July 11, 4:45AM-4:50AM ET",2026-07-11T08:50:00Z,2026-07-11T08:45:00Z,66.49286053055113,Down,"[""0"", ""1""]",0.39,212.29345199999997,,-0.495,0.01,resolved,0x18e3f7704bb3ea0b334442c706eed9794bb937695ded1a1d6ede48b27d6a4bde,https://data.chain.link/streams/hype-usd,,
sol-updown-5m-1783759500,SOL,"Solana Up or Down - July 11, 4:45AM-4:50AM ET",2026-07-11T08:50:00Z,2026-07-11T08:45:00Z,78.01870862475783,Down,"[""0"", ""1""]",0.05,2079.154277,2,-0.49,0.01,resolved,0x2015cf9e04a22347a60b9a039ef7dbaac21ba790e532fca02c93f8dd93de3b5a,https://data.chain.link/streams/sol-usd,,
xrp-updown-5m-1783759500,XRP,"XRP Up or Down - July 11, 4:45AM-4:50AM ET",2026-07-11T08:50:00Z,2026-07-11T08:45:00Z,1.1071099513467584,Up,"[""1"", ""0""]",0.99,1605.5921599999995,,0.45,0.01,resolved,0xaeb80ada912dce318e9f89e4a5cbe48f56bc2b9472f80e2334b3d0cfaae52c11,https://data.chain.link/streams/xrp-usd,,
bnb-updown-5m-1783759800,BNB,"BNB Up or Down - July 11, 4:50AM-4:55AM ET",2026-07-11T08:55:00Z,2026-07-11T08:50:00Z,577.9614257291943,Up,"[""1"", ""0""]",0.999,493.34360399999997,300,0.4945,0.001,resolved,0x1b53afcd448db793984ba6f489be2fb835372eaf0e657ff62b9d0277644dd123,https://data.chain.link/streams/bnb-usd,,
btc-updown-5m-1783759800,BTC,"Bitcoin Up or Down - July 11, 4:50AM-4:55AM ET",2026-07-11T08:55:00Z,2026-07-11T08:50:00Z,64199.083321138285,Up,"[""1"", ""0""]",0.99,44404.838837999974,8803.568172,0.49,0.01,resolved,0x866890f59eb3b36601619ae61af495d5ed6008f95ed2e5427ba06152d32fa2a3,https://data.chain.link/streams/btc-usd,,
doge-updown-5m-1783759800,DOGE,"Dogecoin Up or Down - July 11, 4:50AM-4:55AM ET",2026-07-11T08:55:00Z,2026-07-11T08:50:00Z,0.07409794650432469,Up,"[""1"", ""0""]",0.99,597.6171509999999,310,0.495,0.01,resolved,0x826f0cc475f60d27188186b68a85196104fb3cb269535a1389d42b4a0ac7ab4d,https://data.chain.link/streams/doge-usd,,
eth-updown-5m-1783759800,ETH,"Ethereum Up or Down - July 11, 4:50AM-4:55AM ET",2026-07-11T08:55:00Z,2026-07-11T08:50:00Z,1799.5178318210915,Down,"[""0"", ""1""]",0.01,6790.564306999996,2841.710657,-0.5,0.01,resolved,0x24661cbb779cf36f0711a379f288cf234df217994e349479105a96d7aced23fd,https://data.chain.link/streams/eth-usd,,
hype-updown-5m-1783759800,HYPE,"Hyperliquid Up or Down - July 11, 4:50AM-4:55AM ET",2026-07-11T08:55:00Z,2026-07-11T08:50:00Z,66.423786,Up,"[""1"", ""0""]",0.99,311.336238,,0.495,0.01,resolved,0x61ad8dcd3c1659064cdd43df3353bb3c5f3c84fc627e9372686b9ebf5e6018d2,https://data.chain.link/streams/hype-usd,,
sol-updown-5m-1783759800,SOL,"Solana Up or Down - July 11, 4:50AM-4:55AM ET",2026-07-11T08:55:00Z,2026-07-11T08:50:00Z,77.978176,Up,"[""1"", ""0""]",0.99,16852.990295,592.603134,0.49,0.01,resolved,0x084e834807e14f5cbc9b5f387c07cc93840290b69c33a3ec17b3813b9367dd26,https://data.chain.link/streams/sol-usd,,
xrp-updown-5m-1783759800,XRP,"XRP Up or Down - July 11, 4:50AM-4:55AM ET",2026-07-11T08:55:00Z,2026-07-11T08:50:00Z,1.1072908316082644,Up,"[""1"", ""0""]",0.99,879.1329430000001,605,0.49,0.01,resolved,0x1d3be47be2f5a5c8eaba65a21dd0dcb7e89e96a8fbed36c44a8a0d82eed0066f,https://data.chain.link/streams/xrp-usd,,
bnb-updown-5m-1783760100,BNB,"BNB Up or Down - July 11, 4:55AM-5:00AM ET",2026-07-11T09:00:00Z,2026-07-11T08:55:00Z,578.3863122147815,Up,"[""1"", ""0""]",0.99,166.977816,,0.48,0.01,resolved,0x05804eef862081bdfc67b3ebd3973cfdc8add780d9c8097b2224321f4f61600d,https://data.chain.link/streams/bnb-usd,,
btc-updown-5m-1783760100,BTC,"Bitcoin Up or Down - July 11, 4:55AM-5:00AM ET",2026-07-11T09:00:00Z,2026-07-11T08:55:00Z,64210.99556649602,Up,"[""1"", ""0""]",0.99,39295.723426999924,1598.907882,-0.035,0.02,resolved,0x1ce36ff1db521b1ea0b21c4291a73194e2bf1e197fcbf72d64407f06b9084ca3,https://data.chain.link/streams/btc-usd,,
doge-updown-5m-1783760100,DOGE,"Dogecoin Up or Down - July 11, 4:55AM-5:00AM ET",2026-07-11T09:00:00Z,2026-07-11T08:55:00Z,0.07415144625128092,Up,"[""1"", ""0""]",0.99,484.642087,,0.415,0.11,resolved,0x31c28a3c6512103306be47a233b722609bb7ec5d3ba389d21cb1f1e092342683,https://data.chain.link/streams/doge-usd,,
eth-updown-5m-1783760100,ETH,"Ethereum Up or Down - July 11, 4:55AM-5:00AM ET",2026-07-11T09:00:00Z,2026-07-11T08:55:00Z,1799.5067625316892,Up,"[""1"", ""0""]",0.99,2482.040181,500,0.46,0.01,resolved,0x88e28cfa49fdefa61e54ac10c6e38003bae0ab68d9b447145071838dc4f95633,https://data.chain.link/streams/eth-usd,,
hype-updown-5m-1783760100,HYPE,"Hyperliquid Up or Down - July 11, 4:55AM-5:00AM ET",2026-07-11T09:00:00Z,2026-07-11T08:55:00Z,66.45718,Up,"[""1"", ""0""]",0.99,257.912534,9.34,0.44,0.06,resolved,0x53626b757e9d9a57b2f2fadc60b6089e9508d7b6ddfa5727987914f64cf8efca,https://data.chain.link/streams/hype-usd,,
sol-updown-5m-1783760100,SOL,"Solana Up or Down - July 11, 4:55AM-5:00AM ET",2026-07-11T09:00:00Z,2026-07-11T08:55:00Z,78.05976859019708,Up,"[""1"", ""0""]",0.99,2580.11167,16.960783,0.49,0.01,resolved,0x534e99782f52fef96e255c431cda3b0c43c7015e59aafef2f791ccb64e07b889,https://data.chain.link/streams/sol-usd,,
xrp-updown-5m-1783760100,XRP,"XRP Up or Down - July 11, 4:55AM-5:00AM ET",2026-07-11T09:00:00Z,2026-07-11T08:55:00Z,1.1075578469612553,Up,"[""1"", ""0""]",0.99,888.9852309999999,,0.33,0.01,resolved,0xcd201e3a7753536d9639c7dca398c7036ea50e5200452d99232c1a32d614a7ca,https://data.chain.link/streams/xrp-usd,,
bnb-updown-5m-1783760400,BNB,"BNB Up or Down - July 11, 5:00AM-5:05AM ET",2026-07-11T09:05:00Z,2026-07-11T09:00:00Z,578.791502916641,Up,"[""1"", ""0""]",0.999,308.59359800000004,,0.465,0.04,resolved,0xed702ba8ac3328d90866436a3d35dcb7544d39740b3983b8299aa2f9a39f2e0e,https://data.chain.link/streams/bnb-usd,,
btc-updown-5m-1783760400,BTC,"Bitcoin Up or Down - July 11, 5:00AM-5:05AM ET",2026-07-11T09:05:00Z,2026-07-11T09:00:00Z,64217.261209787895,Up,"[""1"", ""0""]",0.99,48373.53333199996,747.68,0.26,0.01,resolved,0xd73af867df3743fd1eda55e9ee5fedbc7fe7a60800e5c8fb1500b3e75119854d,https://data.chain.link/streams/btc-usd,,
doge-updown-5m-1783760400,DOGE,"Dogecoin Up or Down - July 11, 5:00AM-5:05AM ET",2026-07-11T09:05:00Z,2026-07-11T09:00:00Z,0.0741776,Up,"[""1"", ""0""]",0.999,441.251367,,0.47,0.02,resolved,0x2a3a181f788dbd794f2bc51b249e99d9c8e2e3339cfdfc3b1fec7e4de4cf10a9,https://data.chain.link/streams/doge-usd,,
eth-updown-5m-1783760400,ETH,"Ethereum Up or Down - July 11, 5:00AM-5:05AM ET",2026-07-11T09:05:00Z,2026-07-11T09:00:00Z,1800.1390749284717,Up,"[""1"", ""0""]",0.99,3455.8417490000006,505,0.44,0.01,resolved,0x0d7700eb7a9d8a6a5c81725b3e78ad27a55126e45bc93868e1cbce05706f0feb,https://data.chain.link/streams/eth-usd,,
hype-updown-5m-1783760400,HYPE,"Hyperliquid Up or Down - July 11, 5:00AM-5:05AM ET",2026-07-11T09:05:00Z,2026-07-11T09:00:00Z,66.49149,Up,"[""1"", ""0""]",0.999,448.113514,,0.4995,0.001,resolved,0xfd9af59ab793b6a7021c4ae28ad1d73f8fe1cbfe9e41972094df88034d738f3c,https://data.chain.link/streams/hype-usd,,
sol-updown-5m-1783760400,SOL,"Solana Up or Down - July 11, 5:00AM-5:05AM ET",2026-07-11T09:05:00Z,2026-07-11T09:00:00Z,78.108275,Up,"[""1"", ""0""]",0.999,4454.630195000003,,0.48,0.01,resolved,0xe8a9b107f5a6faeef95b856b80cb01004d51cc76ef6d00af38048a06f6a94069,https://data.chain.link/streams/sol-usd,,
xrp-updown-5m-1783760400,XRP,"XRP Up or Down - July 11, 5:00AM-5:05AM ET",2026-07-11T09:05:00Z,2026-07-11T09:00:00Z,1.1077369,Up,"[""1"", ""0""]",0.999,1487.3283649999998,,0.47,0.01,resolved,0x0cc21f15d8cb093555378a240edbfd96be9d08ae92d24fbe84e16b50d24ed42e,https://data.chain.link/streams/xrp-usd,,
bnb-updown-5m-1783760700,BNB,"BNB Up or Down - July 11, 5:05AM-5:10AM ET",2026-07-11T09:10:00Z,2026-07-11T09:05:00Z,579.1888806432036,Down,"[""0"", ""1""]",0.01,409.236922,,-0.5045,0.001,resolved,0xdc052c35703715d16d06d370baf858a8d2c3212386078d9c4bd6eff3a78a8150,https://data.chain.link/streams/bnb-usd,,
btc-updown-5m-1783760700,BTC,"Bitcoin Up or Down - July 11, 5:05AM-5:10AM ET",2026-07-11T09:10:00Z,2026-07-11T09:05:00Z,64224.07045973677,Down,"[""0"", ""1""]",0.01,53478.038564999806,8,-0.47,0.01,resolved,0xd6561248b847465543cb2e8d125771829345b71fc99d5efa5b3c4f9162559215,https://data.chain.link/streams/btc-usd,,
doge-updown-5m-1783760700,DOGE,"Dogecoin Up or Down - July 11, 5:05AM-5:10AM ET",2026-07-11T09:10:00Z,2026-07-11T09:05:00Z,0.0742386,Down,"[""0"", ""1""]",0.71,811.4314189999999,,0.065,0.09,resolved,0xf35189bfe0671888e9c5b78362e77519247e68864a336d0c5f5bd3e9c4682097,https://data.chain.link/streams/doge-usd,,
eth-updown-5m-1783760700,ETH,"Ethereum Up or Down - July 11, 5:05AM-5:10AM ET",2026-07-11T09:10:00Z,2026-07-11T09:05:00Z,1800.9566011459992,Down,"[""0"", ""1""]",0.02,6295.75933,5,-0.5,0.01,resolved,0x180045d1d31155e600b52d3176be9f0fbbe37f7c2bc3feba7ba33fd881eac2d2,https://data.chain.link/streams/eth-usd,,
hype-updown-5m-1783760700,HYPE,"Hyperliquid Up or Down - July 11, 5:05AM-5:10AM ET",2026-07-11T09:10:00Z,2026-07-11T09:05:00Z,66.612033,Up,"[""1"", ""0""]",0.99,284.304079,,0.495,0.01,resolved,0x68d47ba1250dfeb257db9e3267c1c116bc37ed1fb39864f5fbdd14bac69070d6,https://data.chain.link/streams/hype-usd,,
sol-updown-5m-1783760700,SOL,"Solana Up or Down - July 11, 5:05AM-5:10AM ET",2026-07-11T09:10:00Z,2026-07-11T09:05:00Z,78.1995145,Down,"[""0"", ""1""]",0.12,2621.687259,,-0.5,0.01,resolved,0xc87765f28a8e5ba78c1877a17a2dc58cd9594b95a47ac04345548783aedd6f52,https://data.chain.link/streams/sol-usd,,
xrp-updown-5m-1783760700,XRP,"XRP Up or Down - July 11, 5:05AM-5:10AM ET",2026-07-11T09:10:00Z,2026-07-11T09:05:00Z,1.1082134300488855,Down,"[""0"", ""1""]",0.01,1731.6628169999997,,-0.42,0.01,resolved,0xcb1076501be5c6ae220a99293ba02c0460ea678f3b3f926ad761ccfbc8f8b07f,https://data.chain.link/streams/xrp-usd,,
bnb-updown-5m-1783761000,BNB,"BNB Up or Down - July 11, 5:10AM-5:15AM ET",2026-07-11T09:15:00Z,2026-07-11T09:10:00Z,578.333732077273,Down,"[""0"", ""1""]",0.52,119.090567,,-0.5045,0.001,resolved,0xfd21e1f103d64076d983ebbdeddc41f5f4591f2894b709ad3b56e80f87f582e3,https://data.chain.link/streams/bnb-usd,,
btc-updown-5m-1783761000,BTC,"Bitcoin Up or Down - July 11, 5:10AM-5:15AM ET",2026-07-11T09:15:00Z,2026-07-11T09:10:00Z,64209.48217595115,Down,"[""0"", ""1""]",0.01,45303.134488999916,8,-0.5,0.01,resolved,0xc5cfab8e8eaa2a2a96e499f2743b5d6b4f4592aba05a546aa9e40f0b8fa9ad3e,https://data.chain.link/streams/btc-usd,,
doge-updown-5m-1783761000,DOGE,"Dogecoin Up or Down - July 11, 5:10AM-5:15AM ET",2026-07-11T09:15:00Z,2026-07-11T09:10:00Z,0.07423739217656862,Down,"[""0"", ""1""]",0.07,580.0684859999998,,-0.495,0.01,resolved,0x20b8253b5ca982eb65a42a4229496d6c0ad7cfbe9153a863d2e76e3b5c72e2e2,https://data.chain.link/streams/doge-usd,,
eth-updown-5m-1783761000,ETH,"Ethereum Up or Down - July 11, 5:10AM-5:15AM ET",2026-07-11T09:15:00Z,2026-07-11T09:10:00Z,1799.539603654985,Down,"[""0"", ""1""]",0.01,5494.527690000001,5,-0.5045,0.001,resolved,0xc7af1386a97dfaacc2356b9a27c2a93c522978bfb4976b270184475a4e19ddb3,https://data.chain.link/streams/eth-usd,,
hype-updown-5m-1783761000,HYPE,"Hyperliquid Up or Down - July 11, 5:10AM-5:15AM ET",2026-07-11T09:15:00Z,2026-07-11T09:10:00Z,66.754553,Up,"[""1"", ""0""]",0.99,655.056182,,0.495,0.01,resolved,0xf439b04ade95b0116b220fbd94978297cb676c5fbbd2f584e503a105a9e7ba81,https://data.chain.link/streams/hype-usd,,
sol-updown-5m-1783761000,SOL,"Solana Up or Down - July 11, 5:10AM-5:15AM ET",2026-07-11T09:15:00Z,2026-07-11T09:10:00Z,78.14287522077765,Down,"[""0"", ""1""]",0.05,1973.6517879999992,,-0.5,0.01,resolved,0x1d625665a167fa6c3eaa3639a4cafe658f55ba84fbe78b87a47e3f42958ef43c,https://data.chain.link/streams/sol-usd,,
xrp-updown-5m-1783761000,XRP,"XRP Up or Down - July 11, 5:10AM-5:15AM ET",2026-07-11T09:15:00Z,2026-07-11T09:10:00Z,1.1080478666522704,Down,"[""0"", ""1""]",0.13,1526.9081609999994,,-0.5,0.01,resolved,0x78795dcd7cf470bb9017953e0c1fc42c497385a5798cbb32eb91fcc9cf8ba11e,https://data.chain.link/streams/xrp-usd,,
bnb-updown-5m-1783761300,BNB,"BNB Up or Down - July 11, 5:15AM-5:20AM ET",2026-07-11T09:20:00Z,2026-07-11T09:15:00Z,577.8070891722328,Up,"[""1"", ""0""]",0.99,194.143248,,0.335,0.26,resolved,0xdb280f37f75dda657dcc86ea7b74b42cb42a68f812ed6213137d4f36561a1b02,https://data.chain.link/streams/bnb-usd,,
btc-updown-5m-1783761300,BTC,"Bitcoin Up or Down - July 11, 5:15AM-5:20AM ET",2026-07-11T09:20:00Z,2026-07-11T09:15:00Z,64176.4122,Up,"[""1"", ""0""]",0.99,42486.33314999984,8,0.48,0.01,resolved,0x5927e266afc2f7e7032a484c1d241b802f73e03adaadfae4d97385a5c8ecb81d,https://data.chain.link/streams/btc-usd,,
doge-updown-5m-1783761300,DOGE,"Dogecoin Up or Down - July 11, 5:15AM-5:20AM ET",2026-07-11T09:20:00Z,2026-07-11T09:15:00Z,0.074196,Up,"[""1"", ""0""]",0.999,730.8465329999999,,0.4955,0.007,resolved,0xc4512ab04a36e23ac1cfa8210a24150e98a2916a83e129279d34847fec12c921,https://data.chain.link/streams/doge-usd,,
eth-updown-5m-1783761300,ETH,"Ethereum Up or Down - July 11, 5:15AM-5:20AM ET",2026-07-11T09:20:00Z,2026-07-11T09:15:00Z,1797.3794149999999,Down,"[""0"", ""1""]",0.01,8354.306742000002,5,-0.02,0.01,resolved,0x8748cfb933a0b8159568c07d0f44eb86d9b6ef6aff4e772ac56591cf2beb75ba,https://data.chain.link/streams/eth-usd,,
hype-updown-5m-1783761300,HYPE,"Hyperliquid Up or Down - July 11, 5:15AM-5:20AM ET",2026-07-11T09:20:00Z,2026-07-11T09:15:00Z,66.783647,Down,"[""0"", ""1""]",0.89,931.2028889999999,,-0.445,0.07,resolved,0x14db9489ef292d36922dbed172ddb359e606771b047d6827db9f09a5cda36b6e,https://data.chain.link/streams/hype-usd,,
sol-updown-5m-1783761300,SOL,"Solana Up or Down - July 11, 5:15AM-5:20AM ET",2026-07-11T09:20:00Z,2026-07-11T09:15:00Z,78.08771702855402,Up,"[""1"", ""0""]",0.99,2440.779410999998,,0.48,0.01,resolved,0xbb9ab7f38a7e8950432aea56571260ff543e77be8a9f9683230f111cd71774a3,https://data.chain.link/streams/sol-usd,,
xrp-updown-5m-1783761300,XRP,"XRP Up or Down - July 11, 5:15AM-5:20AM ET",2026-07-11T09:20:00Z,2026-07-11T09:15:00Z,1.1076047218967062,Up,"[""1"", ""0""]",0.99,1330.5324780000003,,0.49,0.01,resolved,0x8507dece8b4516cb34798fd8e3cd00a1600f9ab48ef1b0d1bcd47fb7ce27278d,https://data.chain.link/streams/xrp-usd,,
bnb-updown-5m-1783761600,BNB,"BNB Up or Down - July 11, 5:20AM-5:25AM ET",2026-07-11T09:25:00Z,2026-07-11T09:20:00Z,577.8957435451732,Down,"[""0"", ""1""]",0.08,146.754347,,-0.03,0.11,resolved,0x299e139235291c62e3e2f14908c457467200493e5cee58d0f35637c2e3c2eb6b,https://data.chain.link/streams/bnb-usd,,
btc-updown-5m-1783761600,BTC,"Bitcoin Up or Down - July 11, 5:20AM-5:25AM ET",2026-07-11T09:25:00Z,2026-07-11T09:20:00Z,64193.74990695706,Up,"[""1"", ""0""]",0.99,34675.21226799999,35,0.28,0.01,resolved,0x04c5b02661b7a9be41047a708ab8f8c44c87108cc43a2cb53dd17256320d4478,https://data.chain.link/streams/btc-usd,,
doge-updown-5m-1783761600,DOGE,"Dogecoin Up or Down - July 11, 5:20AM-5:25AM ET",2026-07-11T09:25:00Z,2026-07-11T09:20:00Z,0.07428679271859052,Up,"[""1"", ""0""]",0.99,640.0065810000001,,0.04,0.02,resolved,0x187e8b7ff1f1e597706987c672fc35e08716aeeb30b42df55b3359030b8a0186,https://data.chain.link/streams/doge-usd,,
eth-updown-5m-1783761600,ETH,"Ethereum Up or Down - July 11, 5:20AM-5:25AM ET",2026-07-11T09:25:00Z,2026-07-11T09:20:00Z,1797.3144745080235,Up,"[""1"", ""0""]",0.99,4889.774619000005,5,-0.27,0.01,resolved,0x4debb6a9fb86a8d65a684ac5d9143714dc04c250b6ee2f717627a153f5ab075c,https://data.chain.link/streams/eth-usd,,
hype-updown-5m-1783761600,HYPE,"Hyperliquid Up or Down - July 11, 5:20AM-5:25AM ET",2026-07-11T09:25:00Z,2026-07-11T09:20:00Z,66.730184,Down,"[""0"", ""1""]",0.1,177.379049,,-0.455,0.03,resolved,0x2ea9ca4df5d1b55ee3b332ebc59b10029699622af3c010196dce9cc192a23852,https://data.chain.link/streams/hype-usd,,
sol-updown-5m-1783761600,SOL,"Solana Up or Down - July 11, 5:20AM-5:25AM ET",2026-07-11T09:25:00Z,2026-07-11T09:20:00Z,78.10508296295043,Down,"[""0"", ""1""]",0.04,2423.44693,,-0.47,0.01,resolved,0xacabab8ee146b44e999ecf791bc0e878a74eabec1f03102b5d7b8641eeb5ba16,https://data.chain.link/streams/sol-usd,,
xrp-updown-5m-1783761600,XRP,"XRP Up or Down - July 11, 5:20AM-5:25AM ET",2026-07-11T09:25:00Z,2026-07-11T09:20:00Z,1.1088678904778475,Down,"[""0"", ""1""]",0.01,2692.8933880000004,,0.26,0.01,resolved,0xd244bbaf10f143b10c514586500819e3ae02211e1fd97477526f10590265c8ab,https://data.chain.link/streams/xrp-usd,,
bnb-updown-5m-1783761900,BNB,"BNB Up or Down - July 11, 5:25AM-5:30AM ET",2026-07-11T09:30:00Z,2026-07-11T09:25:00Z,577.8838839963164,Up,"[""1"", ""0""]",0.99,142.645498,,0.455,0.02,resolved,0x1c8ecb2480efe829e1d9be960603f2dc7d52838e6dd4a0614c7de35ae89e7e67,https://data.chain.link/streams/bnb-usd,,
btc-updown-5m-1783761900,BTC,"Bitcoin Up or Down - July 11, 5:25AM-5:30AM ET",2026-07-11T09:30:00Z,2026-07-11T09:25:00Z,64209.09862535415,Up,"[""1"", ""0""]",0.99,37304.958005999964,3.960782,0.47,0.01,resolved,0x59d21ce82fb09a9af52eb0a6ef0e97ec4cb59a1e7c7b10f39b5ffd8e2869dc3f,https://data.chain.link/streams/btc-usd,,
doge-updown-5m-1783761900,DOGE,"Dogecoin Up or Down - July 11, 5:25AM-5:30AM ET",2026-07-11T09:30:00Z,2026-07-11T09:25:00Z,0.0742949520778183,Up,"[""1"", ""0""]",0.99,390.28369900000007,,0.36,0.16,resolved,0xd1ab68ab25640aab0ec7a6be1411e6a3f4a886f39cc2e333b0f349be24d7fcc3,https://data.chain.link/streams/doge-usd,,
eth-updown-5m-1783761900,ETH,"Ethereum Up or Down - July 11, 5:25AM-5:30AM ET",2026-07-11T09:30:00Z,2026-07-11T09:25:00Z,1797.4987572290697,Up,"[""1"", ""0""]",0.99,5166.053906999997,1.960783,0.49,0.01,resolved,0x6381ecd0bbd04ea0f77cabf36163f16b9f59103a6ed33f796a3b126e0b393f82,https://data.chain.link/streams/eth-usd,,
hype-updown-5m-1783761900,HYPE,"Hyperliquid Up or Down - July 11, 5:25AM-5:30AM ET",2026-07-11T09:30:00Z,2026-07-11T09:25:00Z,66.61827496269244,Up,"[""1"", ""0""]",0.99,277.74920599999996,,0.485,0.01,resolved,0x1f2daff20dcba53ac048025349fd3a60e57a7ec3e23b725343ed965e2a9f87dc,https://data.chain.link/streams/hype-usd,,
sol-updown-5m-1783761900,SOL,"Solana Up or Down - July 11, 5:25AM-5:30AM ET",2026-07-11T09:30:00Z,2026-07-11T09:25:00Z,78.04237613102703,Down,"[""0"", ""1""]",0.16,2427.926602000001,,-0.405,0.06,resolved,0x4b223cc78ba5430433dde996d358e628b32df81c1621fbf00e5d63a463129aff,https://data.chain.link/streams/sol-usd,,
xrp-updown-5m-1783761900,XRP,"XRP Up or Down - July 11, 5:25AM-5:30AM ET",2026-07-11T09:30:00Z,2026-07-11T09:25:00Z,1.108783029241364,Up,"[""1"", ""0""]",0.99,1064.7014449999995,,0.49,0.01,resolved,0x2552d386d51fd7b3f019c838d9bc21110763a1038cac038b95fd470368382c24,https://data.chain.link/streams/xrp-usd,,
bnb-updown-5m-1783762200,BNB,"BNB Up or Down - July 11, 5:30AM-5:35AM ET",2026-07-11T09:35:00Z,2026-07-11T09:30:00Z,577.9617958875166,Down,"[""0"", ""1""]",0.01,375.47138999999993,,-0.5045,0.001,resolved,0xcb4e745c1abdc8a8cc577da6e06e524483be5ee4203a291eadef360e9cc34bf7,https://data.chain.link/streams/bnb-usd,,
btc-updown-5m-1783762200,BTC,"Bitcoin Up or Down - July 11, 5:30AM-5:35AM ET",2026-07-11T09:35:00Z,2026-07-11T09:30:00Z,64222.91126876441,Down,"[""0"", ""1""]",0.01,55173.53330099998,2,-0.5,0.01,resolved,0xd481f488d3a112f8a3944a7ad19ac8fe8c16179e8365b466700017bf917f95c5,https://data.chain.link/streams/btc-usd,,
doge-updown-5m-1783762200,DOGE,"Dogecoin Up or Down - July 11, 5:30AM-5:35AM ET",2026-07-11T09:35:00Z,2026-07-11T09:30:00Z,0.074308,Down,"[""0"", ""1""]",0.02,635.927844,,-0.4995,0.001,resolved,0x5b99d33a31c52532d65e58d392d985b8789dd708fd47ff251caa38f23b961653,https://data.chain.link/streams/doge-usd,,
eth-updown-5m-1783762200,ETH,"Ethereum Up or Down - July 11, 5:30AM-5:35AM ET",2026-07-11T09:35:00Z,2026-07-11T09:30:00Z,1798.3503670938208,Down,"[""0"", ""1""]",0.01,5646.803569999999,,-0.5045,0.001,resolved,0x2f55cee0d3586ac95da00397a0da35399c7efa63181db8220f250672686706c4,https://data.chain.link/streams/eth-usd,,
hype-updown-5m-1783762200,HYPE,"Hyperliquid Up or Down - July 11, 5:30AM-5:35AM ET",2026-07-11T09:35:00Z,2026-07-11T09:30:00Z,66.648225,Down,"[""0"", ""1""]",0.25,276.08316099999996,,-0.495,0.01,resolved,0x6c14f1f0a87bcf9733b4ee01bee0cebf58bdbd829894f50cd013b15c0a69de4d,https://data.chain.link/streams/hype-usd,,
sol-updown-5m-1783762200,SOL,"Solana Up or Down - July 11, 5:30AM-5:35AM ET",2026-07-11T09:35:00Z,2026-07-11T09:30:00Z,78.02579856556889,Down,"[""0"", ""1""]",0.01,3930.123129,,-0.5045,0.001,resolved,0xab4cc147976861ac9d2764795c6e4580ab3ede78d3abdbda87c6330814a13ce4,https://data.chain.link/streams/sol-usd,,
xrp-updown-5m-1783762200,XRP,"XRP Up or Down - July 11, 5:30AM-5:35AM ET",2026-07-11T09:35:00Z,2026-07-11T09:30:00Z,1.109498266475475,Down,"[""0"", ""1""]",0.02,1291.0828969999998,,-0.5045,0.001,resolved,0xe406c5eb83d4ef98b674edc299bdfbe62b54fdfe89cb62a31ded89c029c5656d,https://data.chain.link/streams/xrp-usd,,
bnb-updown-5m-1783762500,BNB,"BNB Up or Down - July 11, 5:35AM-5:40AM ET",2026-07-11T09:40:00Z,2026-07-11T09:35:00Z,576.9907907558553,Up,"[""1"", ""0""]",0.99,151.722253,,0.49,0.01,resolved,0x2920a29e589c1aa25c212ceaadc31e02084d8b41818427132a27b15f75180f1d,https://data.chain.link/streams/bnb-usd,,
btc-updown-5m-1783762500,BTC,"Bitcoin Up or Down - July 11, 5:35AM-5:40AM ET",2026-07-11T09:40:00Z,2026-07-11T09:35:00Z,64176.33906227063,Up,"[""1"", ""0""]",0.999,40593.275189000015,2,0.49,0.01,resolved,0x8aae2e1bad135b2dee9fe002167336b59b575f9f667e024b5cd8c98c1fcc30c2,https://data.chain.link/streams/btc-usd,,
doge-updown-5m-1783762500,DOGE,"Dogecoin Up or Down - July 11, 5:35AM-5:40AM ET",2026-07-11T09:40:00Z,2026-07-11T09:35:00Z,0.0742148,Up,"[""1"", ""0""]",0.999,398.456641,,0.4995,0.001,resolved,0x4c811c02b989231e329894c3c10b4ee21957a7a917cd3ba309e859c88f8feff3,https://data.chain.link/streams/doge-usd,,
eth-updown-5m-1783762500,ETH,"Ethereum Up or Down - July 11, 5:35AM-5:40AM ET",2026-07-11T09:40:00Z,2026-07-11T09:35:00Z,1796.7503271641003,Up,"[""1"", ""0""]",0.999,4668.8426610000015,,0.4945,0.001,resolved,0x5582200868e03b2a027805823a144525421a2980bdd437230d2b9e92ec6350f6,https://data.chain.link/streams/eth-usd,,
hype-updown-5m-1783762500,HYPE,"Hyperliquid Up or Down - July 11, 5:35AM-5:40AM ET",2026-07-11T09:40:00Z,2026-07-11T09:35:00Z,66.62324383707872,Up,"[""1"", ""0""]",0.99,95.6906,,0.495,0.01,resolved,0x7cc5a6d63020a9290526558a8ed34bd6fe7c2e0eb3a146f91fbaf5f228c3e01c,https://data.chain.link/streams/hype-usd,,
sol-updown-5m-1783762500,SOL,"Solana Up or Down - July 11, 5:35AM-5:40AM ET",2026-07-11T09:40:00Z,2026-07-11T09:35:00Z,77.8993978229337,Up,"[""1"", ""0""]",0.99,3574.446705999998,1.960783,0.49,0.01,resolved,0x389b941c9ae2f1626cf455fdfc348fe7bf78d96d5a1d3103eb91313e28ff1025,https://data.chain.link/streams/sol-usd,,
xrp-updown-5m-1783762500,XRP,"XRP Up or Down - July 11, 5:35AM-5:40AM ET",2026-07-11T09:40:00Z,2026-07-11T09:35:00Z,1.1082456808508956,Up,"[""1"", ""0""]",0.99,1504.539623999999,,0.49,0.01,resolved,0x748fe8a204d8cb3f19f3cb38b94bf5ee974ec69841b135b30f0280f611197ddd,https://data.chain.link/streams/xrp-usd,,
bnb-updown-5m-1783762800,BNB,"BNB Up or Down - July 11, 5:40AM-5:45AM ET",2026-07-11T09:45:00Z,2026-07-11T09:40:00Z,577.58458,Down,"[""0"", ""1""]",0.3,170.19388600000002,,-0.5,0.01,resolved,0xc2fde4d641f961888cc921fc70a5d0218725454c2fbca1e2d668ed8550d0049f,https://data.chain.link/streams/bnb-usd,,
btc-updown-5m-1783762800,BTC,"Bitcoin Up or Down - July 11, 5:40AM-5:45AM ET",2026-07-11T09:45:00Z,2026-07-11T09:40:00Z,64221.91510372855,Down,"[""0"", ""1""]",0.01,45704.726521000026,2,-0.5045,0.001,resolved,0x1927bba50a9bb54a0c53be7c01623f25cc6142d31ae723e8f6f24e6678abce58,https://data.chain.link/streams/btc-usd,,
doge-updown-5m-1783762800,DOGE,"Dogecoin Up or Down - July 11, 5:40AM-5:45AM ET",2026-07-11T09:45:00Z,2026-07-11T09:40:00Z,0.0743632,Down,"[""0"", ""1""]",0.13,348.62088800000004,,-0.495,0.01,resolved,0xfece4ce8524d8cef534fafb5d499aa8c1c338ec24dbbabbf804da6cfb134ff33,https://data.chain.link/streams/doge-usd,,
eth-updown-5m-1783762800,ETH,"Ethereum Up or Down - July 11, 5:40AM-5:45AM ET",2026-07-11T09:45:00Z,2026-07-11T09:40:00Z,1798.900098350501,Down,"[""0"", ""1""]",0.03,5116.644875000001,,-0.5,0.01,resolved,0x44ba0deec0d495d6f296e3251b175b33155c5ccb4b322b724c0b782b8776378a,https://data.chain.link/streams/eth-usd,,
hype-updown-5m-1783762800,HYPE,"Hyperliquid Up or Down - July 11, 5:40AM-5:45AM ET",2026-07-11T09:45:00Z,2026-07-11T09:40:00Z,66.77123434649161,Down,"[""0"", ""1""]",0.13,178.984541,,-0.4995,0.001,resolved,0x3f5af70e18049d1ebdef06284047a23f62fcc7a46fce1497bce414717a90cb51,https://data.chain.link/streams/hype-usd,,
sol-updown-5m-1783762800,SOL,"Solana Up or Down - July 11, 5:40AM-5:45AM ET",2026-07-11T09:45:00Z,2026-07-11T09:40:00Z,77.99211200037598,Down,"[""0"", ""1""]",0.04,2280.782161999998,1.960783,-0.5,0.01,resolved,0x476b2f61ff0ca0bbec76233396f0e9079ebe0e8b270270abef58cc789bad31a1,https://data.chain.link/streams/sol-usd,,
xrp-updown-5m-1783762800,XRP,"XRP Up or Down - July 11, 5:40AM-5:45AM ET",2026-07-11T09:45:00Z,2026-07-11T09:40:00Z,1.1089893769751056,Down,"[""0"", ""1""]",0.02,826.2757420000002,,-0.5045,0.001,resolved,0xb93bc357f35149a19cfee954329244c6816805b4bda5ac8c8058e4ac98479e15,https://data.chain.link/streams/xrp-usd,,
bnb-updown-5m-1783763100,BNB,"BNB Up or Down - July 11, 5:45AM-5:50AM ET",2026-07-11T09:50:00Z,2026-07-11T09:45:00Z,577.39248,Down,"[""0"", ""1""]",0.14,258.44186199999996,,-0.5,0.01,resolved,0x0556e661d3fb630e455d9f756631fcf5a9f400bf400699ac23b70c6569597987,https://data.chain.link/streams/bnb-usd,,
btc-updown-5m-1783763100,BTC,"Bitcoin Up or Down - July 11, 5:45AM-5:50AM ET",2026-07-11T09:50:00Z,2026-07-11T09:45:00Z,64142.191130467116,Down,"[""0"", ""1""]",0.01,41892.757004999905,28.960782,-0.5,0.01,resolved,0xe3981e8ac501d693f0356a9551f5f39cd12835b40f07702f6f20bb2711a3dbeb,https://data.chain.link/streams/btc-usd,,
doge-updown-5m-1783763100,DOGE,"Dogecoin Up or Down - July 11, 5:45AM-5:50AM ET",2026-07-11T09:50:00Z,2026-07-11T09:45:00Z,0.074299677,Down,"[""0"", ""1""]",0.04,286.73785,,-0.495,0.01,resolved,0x98567e43ebf613f8f23fbf549432f79d617094ea392997bab3d38e1a0cf1dcd7,https://data.chain.link/streams/doge-usd,,
eth-updown-5m-1783763100,ETH,"Ethereum Up or Down - July 11, 5:45AM-5:50AM ET",2026-07-11T09:50:00Z,2026-07-11T09:45:00Z,1797.6811853251593,Down,"[""0"", ""1""]",0.01,5967.771009999998,,-0.5,0.01,resolved,0x4b724b7571ef3531789da43f21b8a014f774c2614b632648ba949a05c69354f4,https://data.chain.link/streams/eth-usd,,
hype-updown-5m-1783763100,HYPE,"Hyperliquid Up or Down - July 11, 5:45AM-5:50AM ET",2026-07-11T09:50:00Z,2026-07-11T09:45:00Z,66.634848,Down,"[""0"", ""1""]",0.48,523.3713829999999,,0.26,0.3,resolved,0x0d32f19ad5f23d5f5f01de13838802a389565064d772d3f2e704050b73c89023,https://data.chain.link/streams/hype-usd,,
sol-updown-5m-1783763100,SOL,"Solana Up or Down - July 11, 5:45AM-5:50AM ET",2026-07-11T09:50:00Z,2026-07-11T09:45:00Z,77.9229063749812,Down,"[""0"", ""1""]",0.01,3451.794545999999,,-0.5,0.01,resolved,0xd4269d43c4676697a93276a07e735fcc08d1056aadebf76ac11ebf2fb7623b47,https://data.chain.link/streams/sol-usd,,
xrp-updown-5m-1783763100,XRP,"XRP Up or Down - July 11, 5:45AM-5:50AM ET",2026-07-11T09:50:00Z,2026-07-11T09:45:00Z,1.107843948275611,Down,"[""0"", ""1""]",0.01,1910.8675939999994,,-0.5,0.01,resolved,0xeead64ae4f2ca18b32409eba68ccbeeaa8e30f389f923a06a7cc271750d5e7e6,https://data.chain.link/streams/xrp-usd,,
bnb-updown-5m-1783763400,BNB,"BNB Up or Down - July 11, 5:50AM-5:55AM ET",2026-07-11T09:55:00Z,2026-07-11T09:50:00Z,577.0947923848277,Up,"[""1"", ""0""]",0.99,185.87672,300,0.35,0.03,resolved,0xd34ed053d5f4469a35ada0deab2b12f6a53813c9fc51e5355e3b6d62afddcc1e,https://data.chain.link/streams/bnb-usd,,
btc-updown-5m-1783763400,BTC,"Bitcoin Up or Down - July 11, 5:50AM-5:55AM ET",2026-07-11T09:55:00Z,2026-07-11T09:50:00Z,64114.254655000004,Down,"[""0"", ""1""]",0.01,48263.32084999999,7846.226124,0.1,0.01,resolved,0x35a5e0f2f9e00bf7f1019612227b5ebf4ff59ea100c506d1e9bb8ddaf88a12b2,https://data.chain.link/streams/btc-usd,,
doge-updown-5m-1783763400,DOGE,"Dogecoin Up or Down - July 11, 5:50AM-5:55AM ET",2026-07-11T09:55:00Z,2026-07-11T09:50:00Z,0.074177,Down,"[""0"", ""1""]",0.2,325.593725,305,-0.345,0.01,resolved,0xaae1e0153d734415e42dfb287639ce34c86f22f8205e1ccd359efa91de9d8d50,https://data.chain.link/streams/doge-usd,,
eth-updown-5m-1783763400,ETH,"Ethereum Up or Down - July 11, 5:50AM-5:55AM ET",2026-07-11T09:55:00Z,2026-07-11T09:50:00Z,1797.1167899999998,Down,"[""0"", ""1""]",0.01,5437.577698999998,1952.594777,-0.5,0.01,resolved,0xb7b27ef9c248f9769a1ac5abac0cff9f7bb0939709520b90805342ed6ac309ef,https://data.chain.link/streams/eth-usd,,
hype-updown-5m-1783763400,HYPE,"Hyperliquid Up or Down - July 11, 5:50AM-5:55AM ET",2026-07-11T09:55:00Z,2026-07-11T09:50:00Z,66.62799467126295,Up,"[""1"", ""0""]",0.99,130.84173099999998,,0.415,0.03,resolved,0x9bec7fe341347fc463b5ac3ee318dea17ac2ef0d3e04c743be6001f057e6046f,https://data.chain.link/streams/hype-usd,,
sol-updown-5m-1783763400,SOL,"Solana Up or Down - July 11, 5:50AM-5:55AM ET",2026-07-11T09:55:00Z,2026-07-11T09:50:00Z,77.85016252896295,Down,"[""0"", ""1""]",0.01,3073.3104939999976,605.679691,-0.17,0.01,resolved,0x67b179c9ad212dff3bace53b19c6e428c0867fde07fc367c44d01baba9da8387,https://data.chain.link/streams/sol-usd,,
xrp-updown-5m-1783763400,XRP,"XRP Up or Down - July 11, 5:50AM-5:55AM ET",2026-07-11T09:55:00Z,2026-07-11T09:50:00Z,1.1068518158241767,Down,"[""0"", ""1""]",0.27,1503.8443489999997,704.07843,-0.23,0.01,resolved,0x721b415f0d29c2438c23e23b942633f83b8d60fb5a7096774f560889bf1f3bf6,https://data.chain.link/streams/xrp-usd,,
bnb-updown-5m-1783763700,BNB,"BNB Up or Down - July 11, 5:55AM-6:00AM ET",2026-07-11T10:00:00Z,2026-07-11T09:55:00Z,577.2714537981517,Down,"[""0"", ""1""]",0.24,230.30225399999998,,-0.47,0.03,resolved,0x42b7757e3530b3b2a44c7dc53d8612e7e5c440dd3660c7dee6c6d1543bd1882c,https://data.chain.link/streams/bnb-usd,,
btc-updown-5m-1783763700,BTC,"Bitcoin Up or Down - July 11, 5:55AM-6:00AM ET",2026-07-11T10:00:00Z,2026-07-11T09:55:00Z,64105.150035,Up,"[""1"", ""0""]",0.99,41181.27923899992,694.94117,0.44,0.02,resolved,0x7244e12aebef8ef713d7735d743992d91fa5786b5ac318835daffe67e57e9fe7,https://data.chain.link/streams/btc-usd,,
doge-updown-5m-1783763700,DOGE,"Dogecoin Up or Down - July 11, 5:55AM-6:00AM ET",2026-07-11T10:00:00Z,2026-07-11T09:55:00Z,0.0741272,Down,"[""0"", ""1""]",0.08,444.72659399999986,,-0.375,0.03,resolved,0x3adb770dd358f36bce146c2a1537cd3bdabf2fd9b73826c637861dfaba396afa,https://data.chain.link/streams/doge-usd,,
eth-updown-5m-1783763700,ETH,"Ethereum Up or Down - July 11, 5:55AM-6:00AM ET",2026-07-11T10:00:00Z,2026-07-11T09:55:00Z,1795.96752,Down,"[""0"", ""1""]",0.01,10194.935813999995,500,-0.5,0.01,resolved,0xc6d20e760edc26d61f650c94e2de106d1852f20c4b98c766f5efc9628201def0,https://data.chain.link/streams/eth-usd,,
hype-updown-5m-1783763700,HYPE,"Hyperliquid Up or Down - July 11, 5:55AM-6:00AM ET",2026-07-11T10:00:00Z,2026-07-11T09:55:00Z,66.668903,Down,"[""0"", ""1""]",0.29,197.01572,,-0.44,0.1,resolved,0xcfe34043c403fa28451310ce14ec21e4e64f620b93dd43aeba8fd5e9096402f5,https://data.chain.link/streams/hype-usd,,
sol-updown-5m-1783763700,SOL,"Solana Up or Down - July 11, 5:55AM-6:00AM ET",2026-07-11T10:00:00Z,2026-07-11T09:55:00Z,77.81263460388669,Down,"[""0"", ""1""]",0.03,3229.5008409999973,15,-0.5,0.01,resolved,0xfd70881741db0aac174671784096f6614b36f6acb6f2057b3850bac90a172272,https://data.chain.link/streams/sol-usd,,
xrp-updown-5m-1783763700,XRP,"XRP Up or Down - July 11, 5:55AM-6:00AM ET",2026-07-11T10:00:00Z,2026-07-11T09:55:00Z,1.1062784899887503,Down,"[""0"", ""1""]",0.17,1194.696785,,-0.5,0.01,resolved,0x3497d1ecbf5f73f5d2ce2601fa6414d6fdf00c45fb98d8abcc2273a1d0f38f12,https://data.chain.link/streams/xrp-usd,,
bnb-updown-5m-1783764000,BNB,"BNB Up or Down - July 11, 6:00AM-6:05AM ET",2026-07-11T10:05:00Z,2026-07-11T10:00:00Z,577.1740261583309,Up,"[""1"", ""0""]",0.999,465.9569849999999,,0.4945,0.001,resolved,0xf05d428230e3cc42db7a87d377c8a13f87890d0e256021adf8cf73e685d5026c,https://data.chain.link/streams/bnb-usd,,
btc-updown-5m-1783764000,BTC,"Bitcoin Up or Down - July 11, 6:00AM-6:05AM ET",2026-07-11T10:05:00Z,2026-07-11T10:00:00Z,64113.188301635804,Down,"[""0"", ""1""]",0.01,71851.46694300006,643.823526,-0.5,0.01,resolved,0x4e96b630c3a813d4b617f5ca0f88e10ce227e710c04e1173656e04a9904206ca,https://data.chain.link/streams/btc-usd,,
doge-updown-5m-1783764000,DOGE,"Dogecoin Up or Down - July 11, 6:00AM-6:05AM ET",2026-07-11T10:05:00Z,2026-07-11T10:00:00Z,0.0741004,Up,"[""1"", ""0""]",0.99,329.011799,,0.495,0.01,resolved,0x6996cb5542d8e67d2e9cbab50df3fff243ca428903a94bd3cfbf05cd95530fea,https://data.chain.link/streams/doge-usd,,
eth-updown-5m-1783764000,ETH,"Ethereum Up or Down - July 11, 6:00AM-6:05AM ET",2026-07-11T10:05:00Z,2026-07-11T10:00:00Z,1794.027476218288,Up,"[""1"", ""0""]",0.999,5575.651354999998,500,0.4945,0.001,resolved,0x1197f437c90857852349ff6a6c7e0999f4c097af688d8f4992e77407791f8357,https://data.chain.link/streams/eth-usd,,
hype-updown-5m-1783764000,HYPE,"Hyperliquid Up or Down - July 11, 6:00AM-6:05AM ET",2026-07-11T10:05:00Z,2026-07-11T10:00:00Z,66.62407011401699,Up,"[""1"", ""0""]",0.98,211.48527299999998,,0.495,0.01,resolved,0x776af201e290888cd224c4ad05b012ced98308b1d9a61af5ae2698a4eaf91952,https://data.chain.link/streams/hype-usd,,
sol-updown-5m-1783764000,SOL,"Solana Up or Down - July 11, 6:00AM-6:05AM ET",2026-07-11T10:05:00Z,2026-07-11T10:00:00Z,77.77048131447705,Up,"[""1"", ""0""]",0.99,4953.875888999998,,0.49,0.01,resolved,0xbee56d6aee0558796e72e13c5850e5ee26c7274ba6fb59e7d6cc37286a2ac67f,https://data.chain.link/streams/sol-usd,,
xrp-updown-5m-1783764000,XRP,"XRP Up or Down - July 11, 6:00AM-6:05AM ET",2026-07-11T10:05:00Z,2026-07-11T10:00:00Z,1.1055502442227338,Up,"[""1"", ""0""]",0.99,1541.680455,,0.49,0.01,resolved,0x6264f5e549f508a50afb07bdb5ed84c63d4fa84b329188523f1033e553fb06ec,https://data.chain.link/streams/xrp-usd,,
bnb-updown-5m-1783764300,BNB,"BNB Up or Down - July 11, 6:05AM-6:10AM ET",2026-07-11T10:10:00Z,2026-07-11T10:05:00Z,577.30713,Down,"[""0"", ""1""]",0.12,188.66219,,-0.5,0.01,resolved,0x649b9a1eb97e3a4150e849968a51a9f68c8caf024f4cecc882e16fc100b842d3,https://data.chain.link/streams/bnb-usd,,
btc-updown-5m-1783764300,BTC,"Bitcoin Up or Down - July 11, 6:05AM-6:10AM ET",2026-07-11T10:10:00Z,2026-07-11T10:05:00Z,64107.52503522275,Up,"[""1"", ""0""]",0.99,43739.94568599997,45.941171,0.44,0.01,resolved,0x323f17efa480a2b36037e216fab7d06edc792e2d964f5a8ba1d2de70f8a51f78,https://data.chain.link/streams/btc-usd,,
doge-updown-5m-1783764300,DOGE,"Dogecoin Up or Down - July 11, 6:05AM-6:10AM ET",2026-07-11T10:10:00Z,2026-07-11T10:05:00Z,0.074136013,Up,"[""1"", ""0""]",0.99,310.251109,,0.45,0.04,resolved,0xa78c415b095152d90f83edb348d8fa2407c128bbe887afa0623b309dd37dbdac,https://data.chain.link/streams/doge-usd,,
eth-updown-5m-1783764300,ETH,"Ethereum Up or Down - July 11, 6:05AM-6:10AM ET",2026-07-11T10:10:00Z,2026-07-11T10:05:00Z,1795.1333300286776,Down,"[""0"", ""1""]",0.01,4742.199668000001,1.960783,-0.44,0.01,resolved,0x4461afcf68299bfe15244adac59e9b9a959ac14bb5d3688ce5ee7541646a8fa3,https://data.chain.link/streams/eth-usd,,
hype-updown-5m-1783764300,HYPE,"Hyperliquid Up or Down - July 11, 6:05AM-6:10AM ET",2026-07-11T10:10:00Z,2026-07-11T10:05:00Z,66.62588044689957,Down,"[""0"", ""1""]",0.05,146.701872,,-0.495,0.01,resolved,0x10904532278a975a3c7f342b2b7c4d6b7f09b8cd57df0e6f3a9000852f52ce0e,https://data.chain.link/streams/hype-usd,,
sol-updown-5m-1783764300,SOL,"Solana Up or Down - July 11, 6:05AM-6:10AM ET",2026-07-11T10:10:00Z,2026-07-11T10:05:00Z,77.78265692378756,Up,"[""1"", ""0""]",0.99,3808.046137,,0.47,0.01,resolved,0xa21441b26f6ff46fa4b05f51bd85a374846def84ff2462c4e16ef0a326445d39,https://data.chain.link/streams/sol-usd,,
xrp-updown-5m-1783764300,XRP,"XRP Up or Down - July 11, 6:05AM-6:10AM ET",2026-07-11T10:10:00Z,2026-07-11T10:05:00Z,1.1058329033794598,Up,"[""1"", ""0""]",0.99,1306.4361250000009,20.68627,0.48,0.01,resolved,0xa1c29093f9c8f6da5c334379f680dccb10d006f430f8939abbe0878c2220b8ed,https://data.chain.link/streams/xrp-usd,,
bnb-updown-5m-1783764600,BNB,"BNB Up or Down - July 11, 6:10AM-6:15AM ET",2026-07-11T10:15:00Z,2026-07-11T10:10:00Z,576.9554209632837,Up,"[""1"", ""0""]",0.99,289.77367000000004,,0.49,0.01,resolved,0xe3b37089fd28d501533e010a08ecd47c20ab00c3d36972570a42ee6e5687f4a2,https://data.chain.link/streams/bnb-usd,,
btc-updown-5m-1783764600,BTC,"Bitcoin Up or Down - July 11, 6:10AM-6:15AM ET",2026-07-11T10:15:00Z,2026-07-11T10:10:00Z,64113.416191744946,Up,"[""1"", ""0""]",0.99,43311.282125,45.110977,0.49,0.01,resolved,0x010e260f46293d60e255dce56ef0fd37d91e216515237e6ca4faa2b9fcf89be6,https://data.chain.link/streams/btc-usd,,
doge-updown-5m-1783764600,DOGE,"Dogecoin Up or Down - July 11, 6:10AM-6:15AM ET",2026-07-11T10:15:00Z,2026-07-11T10:10:00Z,0.0741592,Up,"[""1"", ""0""]",0.99,451.087643,1.960783,0.495,0.01,resolved,0xda63d70c1323bc5749744cbfff8c43766c291beca47abe83073c1eb4d9c2b4a6,https://data.chain.link/streams/doge-usd,,
eth-updown-5m-1783764600,ETH,"Ethereum Up or Down - July 11, 6:10AM-6:15AM ET",2026-07-11T10:15:00Z,2026-07-11T10:10:00Z,1794.6763453362023,Up,"[""1"", ""0""]",0.999,5834.971367000008,1.960783,0.4945,0.001,resolved,0x2159aef3dd6a5ab43c4f10f2665a372c6a688275014c5639aa82adde9585bc8d,https://data.chain.link/streams/eth-usd,,
hype-updown-5m-1783764600,HYPE,"Hyperliquid Up or Down - July 11, 6:10AM-6:15AM ET",2026-07-11T10:15:00Z,2026-07-11T10:10:00Z,66.55572269377951,Up,"[""1"", ""0""]",0.999,235.641731,,0.4995,0.001,resolved,0x5740b373f6fc54a40f498807929dcd85df975f22daf38995ee486aa3b6544469,https://data.chain.link/streams/hype-usd,,
sol-updown-5m-1783764600,SOL,"Solana Up or Down - July 11, 6:10AM-6:15AM ET",2026-07-11T10:15:00Z,2026-07-11T10:10:00Z,77.8139121198576,Up,"[""1"", ""0""]",0.99,2552.4639500000008,6.356861,0.49,0.01,resolved,0x19232031f3c85964b9d3e54781316fca3836e4fc6f06b5e5a68f7b2fde4240d5,https://data.chain.link/streams/sol-usd,,
xrp-updown-5m-1783764600,XRP,"XRP Up or Down - July 11, 6:10AM-6:15AM ET",2026-07-11T10:15:00Z,2026-07-11T10:10:00Z,1.1061796289988601,Up,"[""1"", ""0""]",0.99,1084.854676,,0.49,0.01,resolved,0x0defb3bba8519ae89ad0ccde41893b7dc9b83ac13c4b0c7a17b419b62fbbbdc8,https://data.chain.link/streams/xrp-usd,,
bnb-updown-5m-1783764900,BNB,"BNB Up or Down - July 11, 6:15AM-6:20AM ET",2026-07-11T10:20:00Z,2026-07-11T10:15:00Z,577.0477643892983,Down,"[""0"", ""1""]",0.25,236.37908099999999,,-0.5,0.01,resolved,0xffad0afc3d5326be4621ebc496b7aaed267b5e0e716b13b8bbb362a2778268cb,https://data.chain.link/streams/bnb-usd,,
btc-updown-5m-1783764900,BTC,"Bitcoin Up or Down - July 11, 6:15AM-6:20AM ET",2026-07-11T10:20:00Z,2026-07-11T10:15:00Z,64146.24525433994,Down,"[""0"", ""1""]",0.01,60743.185650999956,44.796861,-0.5,0.01,resolved,0x20af6dea7ace092a4fc8cfd453b8489e43722e38577df9cbc4c60ea0aaa53d32,https://data.chain.link/streams/btc-usd,,
doge-updown-5m-1783764900,DOGE,"Dogecoin Up or Down - July 11, 6:15AM-6:20AM ET",2026-07-11T10:20:00Z,2026-07-11T10:15:00Z,0.07420921846406572,Down,"[""0"", ""1""]",0.15,284.923125,1.960783,-0.495,0.01,resolved,0x4a6176c765ccf62d1d6f007240f1c8ebefe5d56afbbea637390e632a75bb2594,https://data.chain.link/streams/doge-usd,,
eth-updown-5m-1783764900,ETH,"Ethereum Up or Down - July 11, 6:15AM-6:20AM ET",2026-07-11T10:20:00Z,2026-07-11T10:15:00Z,1795.8183153094485,Down,"[""0"", ""1""]",0.01,15654.630736,,-0.48,0.03,resolved,0xa185d60f5264c269c9b8549932d148c233b2f4d900fc9f0d3fab16e7c9e2854c,https://data.chain.link/streams/eth-usd,,
hype-updown-5m-1783764900,HYPE,"Hyperliquid Up or Down - July 11, 6:15AM-6:20AM ET",2026-07-11T10:20:00Z,2026-07-11T10:15:00Z,66.67746148196781,Down,"[""0"", ""1""]",0.23,168.987385,,-0.445,0.07,resolved,0x6b0b45fd7abf2cf316e83906e1b51a64419033841e36df4e9aef6efbb401622e,https://data.chain.link/streams/hype-usd,,
sol-updown-5m-1783764900,SOL,"Solana Up or Down - July 11, 6:15AM-6:20AM ET",2026-07-11T10:20:00Z,2026-07-11T10:15:00Z,77.85284296647016,Down,"[""0"", ""1""]",0.01,3166.8774549999994,2,-0.5,0.01,resolved,0xc90ef7b05eaa6fb188e1f0056cceccf62edc8b741b9f3e3bb5696788f2b51124,https://data.chain.link/streams/sol-usd,,
xrp-updown-5m-1783764900,XRP,"XRP Up or Down - July 11, 6:15AM-6:20AM ET",2026-07-11T10:20:00Z,2026-07-11T10:15:00Z,1.10660695,Down,"[""0"", ""1""]",0.01,1250.000191,1.960783,-0.5,0.01,resolved,0xdbf5b32fe148c041aa3b1b1d5811663730557d92beea3dc2d337ae2c9b663be3,https://data.chain.link/streams/xrp-usd,,
bnb-updown-5m-1783765200,BNB,"BNB Up or Down - July 11, 6:20AM-6:25AM ET",2026-07-11T10:25:00Z,2026-07-11T10:20:00Z,576.59136,Up,"[""1"", ""0""]",0.99,258.921311,,0.49,0.01,resolved,0x99b9458da3dbe36cd59cefd410f718810ca6b7e7bf9bad46e7b3ef0b27aa8ede,https://data.chain.link/streams/bnb-usd,,
btc-updown-5m-1783765200,BTC,"Bitcoin Up or Down - July 11, 6:20AM-6:25AM ET",2026-07-11T10:25:00Z,2026-07-11T10:20:00Z,64094.41023319737,Up,"[""1"", ""0""]",0.99,37808.14959599999,42.603528,0.49,0.01,resolved,0x9eeb90e003a9531e53fd834ed6eeef2c80b9ca0eaadfe6a6adba15fb9dc99c00,https://data.chain.link/streams/btc-usd,,
doge-updown-5m-1783765200,DOGE,"Dogecoin Up or Down - July 11, 6:20AM-6:25AM ET",2026-07-11T10:25:00Z,2026-07-11T10:20:00Z,0.074135,Up,"[""1"", ""0""]",0.999,392.96622400000007,,0.4995,0.001,resolved,0x7a864c81789363436631fb0f549c03e71d13228a6594eb547dd9567925e6de93,https://data.chain.link/streams/doge-usd,,
eth-updown-5m-1783765200,ETH,"Ethereum Up or Down - July 11, 6:20AM-6:25AM ET",2026-07-11T10:25:00Z,2026-07-11T10:20:00Z,1794.2389895430192,Up,"[""1"", ""0""]",0.99,5108.4106430000065,,0.4945,0.001,resolved,0x7ba82fd00364918db75bb25c9a51235c8a1d3e4e2b237680f9968da1ac8c189b,https://data.chain.link/streams/eth-usd,,
hype-updown-5m-1783765200,HYPE,"Hyperliquid Up or Down - July 11, 6:20AM-6:25AM ET",2026-07-11T10:25:00Z,2026-07-11T10:20:00Z,66.646686,Up,"[""1"", ""0""]",0.999,207.854215,,0.4995,0.001,resolved,0x97ae58dba9172f3f616189fc124a678866d725fe29fdc363adf3734b7eac9be6,https://data.chain.link/streams/hype-usd,,
sol-updown-5m-1783765200,SOL,"Solana Up or Down - July 11, 6:20AM-6:25AM ET",2026-07-11T10:25:00Z,2026-07-11T10:20:00Z,77.73217079143221,Up,"[""1"", ""0""]",0.999,2513.0960959999993,,0.4945,0.001,resolved,0x6c572c7ed4188b36af14717328913e07b4b8da3e64a871a90859a78c0be048e2,https://data.chain.link/streams/sol-usd,,
xrp-updown-5m-1783765200,XRP,"XRP Up or Down - July 11, 6:20AM-6:25AM ET",2026-07-11T10:25:00Z,2026-07-11T10:20:00Z,1.1059141926393523,Up,"[""1"", ""0""]",0.99,1182.661771,,0.49,0.01,resolved,0xd1e89198369fee34d2f2d00811544ef4a5869fc5d464854eb7f2af7376cb4a56,https://data.chain.link/streams/xrp-usd,,
bnb-updown-5m-1783765500,BNB,"BNB Up or Down - July 11, 6:25AM-6:30AM ET",2026-07-11T10:30:00Z,2026-07-11T10:25:00Z,577.017464878043,Down,"[""0"", ""1""]",0.41,192.06192900000002,,-0.49,0.01,resolved,0xbcaf9f65694360487e80da2b1a3ac3ea1e2761451b7ba22b55984d2ed85a1f7e,https://data.chain.link/streams/bnb-usd,,
btc-updown-5m-1783765500,BTC,"Bitcoin Up or Down - July 11, 6:25AM-6:30AM ET",2026-07-11T10:30:00Z,2026-07-11T10:25:00Z,64117.32277955774,Up,"[""1"", ""0""]",0.99,82257.45485399988,88.963527,0.37,0.01,resolved,0xe4b8bc16bf86019e125af46da64cf77c1a1122f375968c823a37ad0bd539f75f,https://data.chain.link/streams/btc-usd,,
doge-updown-5m-1783765500,DOGE,"Dogecoin Up or Down - July 11, 6:25AM-6:30AM ET",2026-07-11T10:30:00Z,2026-07-11T10:25:00Z,0.07422892486369928,Up,"[""1"", ""0""]",0.99,444.78426099999996,,0.495,0.01,resolved,0xf4a75f3a3039c7dfca195f42741c50d833255d420b54e9b45dcde36d6b32dd44,https://data.chain.link/streams/doge-usd,,
eth-updown-5m-1783765500,ETH,"Ethereum Up or Down - July 11, 6:25AM-6:30AM ET",2026-07-11T10:30:00Z,2026-07-11T10:25:00Z,1796.071485,Up,"[""1"", ""0""]",0.99,5036.208172000003,,0.48,0.01,resolved,0x1a7673f34ef66dbfdd441357efae45923cd561254c135ac37eb7e0121859a092,https://data.chain.link/streams/eth-usd,,
hype-updown-5m-1783765500,HYPE,"Hyperliquid Up or Down - July 11, 6:25AM-6:30AM ET",2026-07-11T10:30:00Z,2026-07-11T10:25:00Z,66.789157,Down,"[""0"", ""1""]",0.01,790.386059,,-0.385,0.19,resolved,0xb2e61d73601af2af25cc17ab927a0abc296abadda5d3ab773440ff1698e951ed,https://data.chain.link/streams/hype-usd,,
sol-updown-5m-1783765500,SOL,"Solana Up or Down - July 11, 6:25AM-6:30AM ET",2026-07-11T10:30:00Z,2026-07-11T10:25:00Z,77.835486,Up,"[""1"", ""0""]",0.99,2574.307631,,0.365,0.12,resolved,0xa22bb62fccf1f2c5509233218c9147a257ff67a6f3f7efc0807c6ef569caf7e3,https://data.chain.link/streams/sol-usd,,
xrp-updown-5m-1783765500,XRP,"XRP Up or Down - July 11, 6:25AM-6:30AM ET",2026-07-11T10:30:00Z,2026-07-11T10:25:00Z,1.10654595,Up,"[""1"", ""0""]",0.99,1066.9804859999997,,0.49,0.01,resolved,0x7bf62ef63bea0726fec354118e29c8fa558f5d9fd4eed1d0c699c0a6fc34c286,https://data.chain.link/streams/xrp-usd,,
bnb-updown-5m-1783765800,BNB,"BNB Up or Down - July 11, 6:30AM-6:35AM ET",2026-07-11T10:35:00Z,2026-07-11T10:30:00Z,576.8517749126095,Down,"[""0"", ""1""]",0.03,244.79532500000002,,-0.415,0.06,resolved,0x1eb54a0f4d384e511fdc315ed3a6340c34dc7d3d022444c061aa93c1c4e9c538,https://data.chain.link/streams/bnb-usd,,
btc-updown-5m-1783765800,BTC,"Bitcoin Up or Down - July 11, 6:30AM-6:35AM ET",2026-07-11T10:35:00Z,2026-07-11T10:30:00Z,64129.037847876956,Down,"[""0"", ""1""]",0.001,52903.19814699991,69.789802,-0.47,0.01,resolved,0xeaf7f96705f7ed7b7b14c1b26216b747678ab48c4ab7005ffaba852ccaa17fbd,https://data.chain.link/streams/btc-usd,,
doge-updown-5m-1783765800,DOGE,"Dogecoin Up or Down - July 11, 6:30AM-6:35AM ET",2026-07-11T10:35:00Z,2026-07-11T10:30:00Z,0.074402,Up,"[""1"", ""0""]",0.99,627.496795,,-0.295,0.01,resolved,0x2187a4f9603a64fc6db2b99e119e2c51fd7268511e8b16ce6eb4a89310555cf3,https://data.chain.link/streams/doge-usd,,
eth-updown-5m-1783765800,ETH,"Ethereum Up or Down - July 11, 6:30AM-6:35AM ET",2026-07-11T10:35:00Z,2026-07-11T10:30:00Z,1797.0945640993639,Down,"[""0"", ""1""]",0.01,5199.698580000003,2,-0.43,0.01,resolved,0x41570ad775836352363c66432eb812cc9adfa266799481b9e1af842c9668651a,https://data.chain.link/streams/eth-usd,,
hype-updown-5m-1783765800,HYPE,"Hyperliquid Up or Down - July 11, 6:30AM-6:35AM ET",2026-07-11T10:35:00Z,2026-07-11T10:30:00Z,66.78212448177104,Down,"[""0"", ""1""]",0.18,160.91603800000001,,-0.455,0.01,resolved,0xf6b6533147857ea86b0d12edf0727d7295661cae1189b506ca5474cd1f7f52d3,https://data.chain.link/streams/hype-usd,,
sol-updown-5m-1783765800,SOL,"Solana Up or Down - July 11, 6:30AM-6:35AM ET",2026-07-11T10:35:00Z,2026-07-11T10:30:00Z,77.86819150000001,Down,"[""0"", ""1""]",0.01,2064.6362239999985,1.960783,-0.46,0.01,resolved,0x25350502468167b43e991f95b1d46563e643550c0bc57eea12957bc5d5063a1d,https://data.chain.link/streams/sol-usd,,
xrp-updown-5m-1783765800,XRP,"XRP Up or Down - July 11, 6:30AM-6:35AM ET",2026-07-11T10:35:00Z,2026-07-11T10:30:00Z,1.1074861,Down,"[""0"", ""1""]",0.05,1429.0196240000002,,-0.5045,0.001,resolved,0x350f05eaf4c4fcaabf1db91172c764ca07a7e35dfa508852e3245e93151b7b15,https://data.chain.link/streams/xrp-usd,,
bnb-updown-5m-1783766100,BNB,"BNB Up or Down - July 11, 6:35AM-6:40AM ET",2026-07-11T10:40:00Z,2026-07-11T10:35:00Z,576.7727254902863,Up,"[""1"", ""0""]",0.99,253.505656,,0.49,0.01,resolved,0xe2780743798c59b5d782a7266d6eb116e6ca3e9f200f4ac22016e6d8aa63a289,https://data.chain.link/streams/bnb-usd,,
btc-updown-5m-1783766100,BTC,"Bitcoin Up or Down - July 11, 6:35AM-6:40AM ET",2026-07-11T10:40:00Z,2026-07-11T10:35:00Z,64113.44072,Down,"[""0"", ""1""]",0.01,59758.744740999886,22.62,-0.49,0.01,resolved,0xd03aaa34402cb472299e778cf74827237f33fde4f848657ffb1d38e8008d388f,https://data.chain.link/streams/btc-usd,,
doge-updown-5m-1783766100,DOGE,"Dogecoin Up or Down - July 11, 6:35AM-6:40AM ET",2026-07-11T10:40:00Z,2026-07-11T10:35:00Z,0.074408,Down,"[""0"", ""1""]",0.05,434.49213000000003,,-0.475,0.03,resolved,0x0bf51d3c51e777679d87d25629dd33b230e9d064b9ee5e0701ab037817007dac,https://data.chain.link/streams/doge-usd,,
eth-updown-5m-1783766100,ETH,"Ethereum Up or Down - July 11, 6:35AM-6:40AM ET",2026-07-11T10:40:00Z,2026-07-11T10:35:00Z,1796.7252694133842,Down,"[""0"", ""1""]",0.01,5477.193616000003,,-0.5,0.01,resolved,0xe22c265a215c970dea1e173111b87c17cae61fa57d24de697863caa87472616b,https://data.chain.link/streams/eth-usd,,
hype-updown-5m-1783766100,HYPE,"Hyperliquid Up or Down - July 11, 6:35AM-6:40AM ET",2026-07-11T10:40:00Z,2026-07-11T10:35:00Z,66.740215,Up,"[""1"", ""0""]",0.99,142.257086,,0.43,0.12,resolved,0x8539c32305f90798a317112d620f3f810a1ec0c7a97327834f7f0dfbb3e7b9a5,https://data.chain.link/streams/hype-usd,,
sol-updown-5m-1783766100,SOL,"Solana Up or Down - July 11, 6:35AM-6:40AM ET",2026-07-11T10:40:00Z,2026-07-11T10:35:00Z,77.81902456122803,Up,"[""1"", ""0""]",0.99,2331.157224,,0.49,0.01,resolved,0xd6290e96ce2a802010c14d0ab289d4435e8a4041ecc05a877f906f7b2ebc2cf3,https://data.chain.link/streams/sol-usd,,
xrp-updown-5m-1783766100,XRP,"XRP Up or Down - July 11, 6:35AM-6:40AM ET",2026-07-11T10:40:00Z,2026-07-11T10:35:00Z,1.1068029097669658,Down,"[""0"", ""1""]",0.27,1647.4523359999994,,-0.21,0.07,resolved,0xd236c1d5c9064408deed1b990ffa6a18494b1772bc50467be55ea31204559513,https://data.chain.link/streams/xrp-usd,,
bnb-updown-5m-1783766400,BNB,"BNB Up or Down - July 11, 6:40AM-6:45AM ET",2026-07-11T10:45:00Z,2026-07-11T10:40:00Z,577.1081486829031,Up,"[""1"", ""0""]",0.99,158.797324,,0.4945,0.001,resolved,0x80880b60ab057676661f6a1f0b56bd28665dd29bd0de573995e1858f69e061c6,https://data.chain.link/streams/bnb-usd,,
btc-updown-5m-1783766400,BTC,"Bitcoin Up or Down - July 11, 6:40AM-6:45AM ET",2026-07-11T10:45:00Z,2026-07-11T10:40:00Z,64088.614435,Down,"[""0"", ""1""]",0.01,111542.13796599994,44.378038,-0.5,0.01,resolved,0xeb95dbb892161e5c05daba351ccd057edcb1aebc4701d1f0b6fe0d354fffe84f,https://data.chain.link/streams/btc-usd,,
doge-updown-5m-1783766400,DOGE,"Dogecoin Up or Down - July 11, 6:40AM-6:45AM ET",2026-07-11T10:45:00Z,2026-07-11T10:40:00Z,0.0743614,Up,"[""1"", ""0""]",0.99,251.84287199999997,,0.4995,0.001,resolved,0xe0d94f77d2e05caecd02dd5d3b0f98a9fad2f33e4de8a82012c844f9fddd4b3d,https://data.chain.link/streams/doge-usd,,
eth-updown-5m-1783766400,ETH,"Ethereum Up or Down - July 11, 6:40AM-6:45AM ET",2026-07-11T10:45:00Z,2026-07-11T10:40:00Z,1795.527345,Up,"[""1"", ""0""]",0.99,4482.1072790000035,2,0.4945,0.001,resolved,0xb068363402f0395c8c13ecb05ab2b62fb0cdac931d6311bfac13bd07c6bc7620,https://data.chain.link/streams/eth-usd,,
hype-updown-5m-1783766400,HYPE,"Hyperliquid Up or Down - July 11, 6:40AM-6:45AM ET",2026-07-11T10:45:00Z,2026-07-11T10:40:00Z,66.76815500000001,Up,"[""1"", ""0""]",0.99,454.63880499999993,,0.495,0.01,resolved,0x33f05846d9defa4edf365d4d4f29d19d2f1594b5c5f2ae22385842341b3a8f5a,https://data.chain.link/streams/hype-usd,,
sol-updown-5m-1783766400,SOL,"Solana Up or Down - July 11, 6:40AM-6:45AM ET",2026-07-11T10:45:00Z,2026-07-11T10:40:00Z,77.871923544814,Up,"[""1"", ""0""]",0.99,2494.285585000001,,0.49,0.01,resolved,0xb37e28af140627df4b9d27907cd968dc7864baadfc7314aa767ebd26dc7b28fb,https://data.chain.link/streams/sol-usd,,
xrp-updown-5m-1783766400,XRP,"XRP Up or Down - July 11, 6:40AM-6:45AM ET",2026-07-11T10:45:00Z,2026-07-11T10:40:00Z,1.1065708815205055,Up,"[""1"", ""0""]",0.99,2430.2232830000003,,0.4945,0.001,resolved,0x0fb1ad89c2126b54594db7c274cc38e5b90492101601701c2f58a9adc60fad2a,https://data.chain.link/streams/xrp-usd,,
bnb-updown-5m-1783766700,BNB,"BNB Up or Down - July 11, 6:45AM-6:50AM ET",2026-07-11T10:50:00Z,2026-07-11T10:45:00Z,577.472684020052,Up,"[""1"", ""0""]",0.99,198.527043,,0.49,0.01,resolved,0xdb6476abd44e967197e81e0f727572ad7e389277221cb843b2bd907e6f2b4c93,https://data.chain.link/streams/bnb-usd,,
btc-updown-5m-1783766700,BTC,"Bitcoin Up or Down - July 11, 6:45AM-6:50AM ET",2026-07-11T10:50:00Z,2026-07-11T10:45:00Z,64087.48157,Up,"[""1"", ""0""]",0.999,43833.04927299995,22.46,0.4935,0.001,resolved,0x470d6ed4d10679d240652e84db9082e83529fe16646ea6add68e08790b594931,https://data.chain.link/streams/btc-usd,,
doge-updown-5m-1783766700,DOGE,"Dogecoin Up or Down - July 11, 6:45AM-6:50AM ET",2026-07-11T10:50:00Z,2026-07-11T10:45:00Z,0.0744841,Up,"[""1"", ""0""]",0.99,292.72409700000003,,0.4995,0.001,resolved,0xe261f0f0aac5e77b9311bf3ce6a635a38a3289f6d5b74c77c0331e7b0c3086c5,https://data.chain.link/streams/doge-usd,,
eth-updown-5m-1783766700,ETH,"Ethereum Up or Down - July 11, 6:45AM-6:50AM ET",2026-07-11T10:50:00Z,2026-07-11T10:45:00Z,1796.213890079722,Up,"[""1"", ""0""]",0.99,5790.172006000007,,0.49,0.01,resolved,0xb5ed0abf7f5292c0fd5db130c053331ff7649af308c0feb1f657225e3a66b683,https://data.chain.link/streams/eth-usd,,
hype-updown-5m-1783766700,HYPE,"Hyperliquid Up or Down - July 11, 6:45AM-6:50AM ET",2026-07-11T10:50:00Z,2026-07-11T10:45:00Z,66.770368,Up,"[""1"", ""0""]",0.99,147.166665,,0.495,0.01,resolved,0x072351a4c4af3ec2d013fc28f87b250dc0859ae7f5a17cfe863a79b9d866dde5,https://data.chain.link/streams/hype-usd,,
sol-updown-5m-1783766700,SOL,"Solana Up or Down - July 11, 6:45AM-6:50AM ET",2026-07-11T10:50:00Z,2026-07-11T10:45:00Z,77.890748,Up,"[""1"", ""0""]",0.99,2088.8870699999998,1.960783,0.49,0.01,resolved,0x318f5bcb284a96d93d6ffcbe5fbbaba0f2faf969f05bb7bd1cf970f0e32e0827,https://data.chain.link/streams/sol-usd,,
xrp-updown-5m-1783766700,XRP,"XRP Up or Down - July 11, 6:45AM-6:50AM ET",2026-07-11T10:50:00Z,2026-07-11T10:45:00Z,1.1067506,Up,"[""1"", ""0""]",0.99,684.1540500000001,1.960783,0.49,0.01,resolved,0xd8823bc13fd9d9e7b939cd738e6ade729814683ff56a84134d07aee9795a35a3,https://data.chain.link/streams/xrp-usd,,
bnb-updown-5m-1783767000,BNB,"BNB Up or Down - July 11, 6:50AM-6:55AM ET",2026-07-11T10:55:00Z,2026-07-11T10:50:00Z,577.875410222432,Up,"[""1"", ""0""]",0.99,293.4371100000001,300,0.49,0.01,resolved,0x71ef983fa857f401a747709bd1b8cf0eb63b806c44d2e398f8c87a99b5ad97b8,https://data.chain.link/streams/bnb-usd,,
btc-updown-5m-1783767000,BTC,"Bitcoin Up or Down - July 11, 6:50AM-6:55AM ET",2026-07-11T10:55:00Z,2026-07-11T10:50:00Z,64124.96975356108,Up,"[""1"", ""0""]",0.99,60222.80349799995,9407.328952,0.49,0.01,resolved,0x1d5752edfc43fe64c977981103f9b0ca294946ed7c48e5ec5e3f98eb0523c103,https://data.chain.link/streams/btc-usd,,
doge-updown-5m-1783767000,DOGE,"Dogecoin Up or Down - July 11, 6:50AM-6:55AM ET",2026-07-11T10:55:00Z,2026-07-11T10:50:00Z,0.074607,Down,"[""0"", ""1""]",0.06,307.066387,337.112349,-0.4995,0.001,resolved,0x5be92c5ae589251a3147936a27210872d145a17af3693898e96bf9b34a1efe3f,https://data.chain.link/streams/doge-usd,,
eth-updown-5m-1783767000,ETH,"Ethereum Up or Down - July 11, 6:50AM-6:55AM ET",2026-07-11T10:55:00Z,2026-07-11T10:50:00Z,1797.0608345569624,Down,"[""0"", ""1""]",0.01,8407.365024000004,2072.138088,-0.5,0.01,resolved,0x58e645ffef452ee66894fedf3e750d1fca0d53f2fc20f00fdff6c8d545445032,https://data.chain.link/streams/eth-usd,,
hype-updown-5m-1783767000,HYPE,"Hyperliquid Up or Down - July 11, 6:50AM-6:55AM ET",2026-07-11T10:55:00Z,2026-07-11T10:50:00Z,66.786248,Down,"[""0"", ""1""]",0.66,161.338933,,-0.495,0.01,resolved,0x1cc90fd8a40cce3cc5ef1bc1e30cb20d16efdd45b5de98e4dc77160e6eda5d75,https://data.chain.link/streams/hype-usd,,
sol-updown-5m-1783767000,SOL,"Solana Up or Down - July 11, 6:50AM-6:55AM ET",2026-07-11T10:55:00Z,2026-07-11T10:50:00Z,77.99867279925566,Down,"[""0"", ""1""]",0.01,4224.354942000002,829.561107,-0.5,0.01,resolved,0xbcc2e921505f030e47767fd0949ea083b5a9b4700cce93db377489660d8cc503,https://data.chain.link/streams/sol-usd,,
xrp-updown-5m-1783767000,XRP,"XRP Up or Down - July 11, 6:50AM-6:55AM ET",2026-07-11T10:55:00Z,2026-07-11T10:50:00Z,1.1077339638687165,Down,"[""0"", ""1""]",0.16,878.8927090000002,605,-0.5,0.01,resolved,0x6fbbfadbd3f0b83e718f50ab4d33c368f991af8faeb3910b3e04e2b086fcd1ad,https://data.chain.link/streams/xrp-usd,,
bnb-updown-5m-1783767300,BNB,"BNB Up or Down - July 11, 6:55AM-7:00AM ET",2026-07-11T11:00:00Z,2026-07-11T10:55:00Z,,Up,"[""1"", ""0""]",0.99,247.281454,,0.49,0.01,resolved,0xa843340797fe35e95dd1b7e4143d86d0c42000e9735a161d3b612383cdc0c8ef,https://data.chain.link/streams/bnb-usd,,
btc-updown-5m-1783767300,BTC,"Bitcoin Up or Down - July 11, 6:55AM-7:00AM ET",2026-07-11T11:00:00Z,2026-07-11T10:55:00Z,,Up,"[""1"", ""0""]",0.99,48086.55393900003,646.80392,0.38,0.01,resolved,0xff63b5ba84c91e77ba5485762c35b8c0f0ecb75ebc6d171c0d5462b854ea3a36,https://data.chain.link/streams/btc-usd,,
doge-updown-5m-1783767300,DOGE,"Dogecoin Up or Down - July 11, 6:55AM-7:00AM ET",2026-07-11T11:00:00Z,2026-07-11T10:55:00Z,,Up,"[""1"", ""0""]",0.98,555.742343,1.960783,0.37,0.14,resolved,0xfa69fcd7edaaee8adf3fb36de2260afe53fd3f30e403a464697f5bddff5377f8,https://data.chain.link/streams/doge-usd,,
eth-updown-5m-1783767300,ETH,"Ethereum Up or Down - July 11, 6:55AM-7:00AM ET",2026-07-11T11:00:00Z,2026-07-11T10:55:00Z,,Down,"[""0"", ""1""]",0.01,6375.7779960000025,510,-0.34,0.17,resolved,0xd152be3403faba6030a8e0539057361b072fdc90fc6b36f593eaaa11e3a69468,https://data.chain.link/streams/eth-usd,,
hype-updown-5m-1783767300,HYPE,"Hyperliquid Up or Down - July 11, 6:55AM-7:00AM ET",2026-07-11T11:00:00Z,2026-07-11T10:55:00Z,,Down,"[""0"", ""1""]",0.18,154.33784400000002,,-0.43,0.1,resolved,0xdbd195b82cedbf401669727794a28cb3474e3a7b706de3dd21cc03ccd03059a0,https://data.chain.link/streams/hype-usd,,
sol-updown-5m-1783767300,SOL,"Solana Up or Down - July 11, 6:55AM-7:00AM ET",2026-07-11T11:00:00Z,2026-07-11T10:55:00Z,,Down,"[""0"", ""1""]",0.11,1818.5632650000002,16.960783,-0.44,0.07,resolved,0x795496374b9e6c73bb94e11d7ff76852b2ef5d468dfb7dfecff1754ea205404a,https://data.chain.link/streams/sol-usd,,
xrp-updown-5m-1783767300,XRP,"XRP Up or Down - July 11, 6:55AM-7:00AM ET",2026-07-11T11:00:00Z,2026-07-11T10:55:00Z,,Up,"[""1"", ""0""]",0.99,1129.7412379999998,1.960783,0.49,0.01,resolved,0xa594f194f07b35978e6576e8bb760bdb0496740ab56353dadb847c98197fc2a7,https://data.chain.link/streams/xrp-usd,,
bnb-updown-5m-1783767600,BNB,"BNB Up or Down - July 11, 7:00AM-7:05AM ET",2026-07-11T11:05:00Z,2026-07-11T11:00:00Z,578.3567479768225,Down,"[""0"", ""1""]",0.29,344.57655500000004,,-0.5045,0.001,resolved,0xf579623b456e231cc0c2460e19cedfc41ae866edb4b1cd64528559df7f24c936,https://data.chain.link/streams/bnb-usd,,
btc-updown-5m-1783767600,BTC,"Bitcoin Up or Down - July 11, 7:00AM-7:05AM ET",2026-07-11T11:05:00Z,2026-07-11T11:00:00Z,64138.58620629541,Down,"[""0"", ""1""]",0.01,33404.37695099996,611.80392,-0.5,0.01,resolved,0xf9e24ccd35b635831de48c9e5c632a8a28f83b0ca1dde09cb816e2339beb7ff0,https://data.chain.link/streams/btc-usd,,
doge-updown-5m-1783767600,DOGE,"Dogecoin Up or Down - July 11, 7:00AM-7:05AM ET",2026-07-11T11:05:00Z,2026-07-11T11:00:00Z,0.07443275058547812,Up,"[""1"", ""0""]",0.99,325.08122599999996,,0.495,0.01,resolved,0x1a00088d721b2b2268c0b4036ff4d92bcd8d4c55e70f45786e80a1d8d067bd3c,https://data.chain.link/streams/doge-usd,,
eth-updown-5m-1783767600,ETH,"Ethereum Up or Down - July 11, 7:00AM-7:05AM ET",2026-07-11T11:05:00Z,2026-07-11T11:00:00Z,1796.7785348637665,Down,"[""0"", ""1""]",0.03,9584.257069000005,500,-0.5,0.01,resolved,0x144d541fdd33be161b540dcf77f0db4b2b838bb1b445aedf791539e628cb9e9c,https://data.chain.link/streams/eth-usd,,
hype-updown-5m-1783767600,HYPE,"Hyperliquid Up or Down - July 11, 7:00AM-7:05AM ET",2026-07-11T11:05:00Z,2026-07-11T11:00:00Z,66.74243299999999,Up,"[""1"", ""0""]",0.99,226.949497,,0.495,0.01,resolved,0x24e0d4c5ca9ab6dd64f4b9b62e9438cc8887510ac0ebfea6462f9c9a27ce1349,https://data.chain.link/streams/hype-usd,,
sol-updown-5m-1783767600,SOL,"Solana Up or Down - July 11, 7:00AM-7:05AM ET",2026-07-11T11:05:00Z,2026-07-11T11:00:00Z,77.98670889470745,Down,"[""0"", ""1""]",0.06,1800.5615800000005,,-0.5,0.01,resolved,0xb85df144230c7f68041621e6f5f744bd515517561ed056caa6a5e3885c9a63a3,https://data.chain.link/streams/sol-usd,,
xrp-updown-5m-1783767600,XRP,"XRP Up or Down - July 11, 7:00AM-7:05AM ET",2026-07-11T11:05:00Z,2026-07-11T11:00:00Z,1.1080352,Up,"[""1"", ""0""]",0.99,1548.4456449999998,,0.49,0.01,resolved,0xce7ccd8740004b63009c6abc523b7d07981e82005a035059fda5555fb15dbf13,https://data.chain.link/streams/xrp-usd,,
bnb-updown-5m-1783767900,BNB,"BNB Up or Down - July 11, 7:05AM-7:10AM ET",2026-07-11T11:10:00Z,2026-07-11T11:05:00Z,577.7128473912401,Down,"[""0"", ""1""]",0.67,237.18721500000004,,-0.5,0.01,resolved,0x3d0ed8f5888537e6149cec5f4a8debd233a2096389b18b210358136ce0b89c71,https://data.chain.link/streams/bnb-usd,,
btc-updown-5m-1783767900,BTC,"Bitcoin Up or Down - July 11, 7:05AM-7:10AM ET",2026-07-11T11:10:00Z,2026-07-11T11:05:00Z,64134.00484978698,Up,"[""1"", ""0""]",0.99,63060.94251399992,11.80392,0.395,0.04,resolved,0x96382d257b54048afc9b38c7706b87765906f3e4cf226c9d1fc11ee6bf86ece4,https://data.chain.link/streams/btc-usd,,
doge-updown-5m-1783767900,DOGE,"Dogecoin Up or Down - July 11, 7:05AM-7:10AM ET",2026-07-11T11:10:00Z,2026-07-11T11:05:00Z,0.07444575,Down,"[""0"", ""1""]",0.01,268.822247,,-0.47,0.04,resolved,0x20f370565ce98f4cf71f360ea65838267dee99769aee796f09850ba5304d794e,https://data.chain.link/streams/doge-usd,,
eth-updown-5m-1783767900,ETH,"Ethereum Up or Down - July 11, 7:05AM-7:10AM ET",2026-07-11T11:10:00Z,2026-07-11T11:05:00Z,1796.413403439706,Up,"[""1"", ""0""]",0.999,7347.398671999996,,0.3745,0.039,resolved,0xb2322423036237df29c137d3f6553ba7b6bd43d08c39b49503858605c89a83a7,https://data.chain.link/streams/eth-usd,,
hype-updown-5m-1783767900,HYPE,"Hyperliquid Up or Down - July 11, 7:05AM-7:10AM ET",2026-07-11T11:10:00Z,2026-07-11T11:05:00Z,66.776696,Down,"[""0"", ""1""]",0.01,346.46719,,-0.415,0.13,resolved,0x6bd79eeec94d1056962a2b6cbddff9472ae5aae16757512e9f214a92b0ef81dd,https://data.chain.link/streams/hype-usd,,
sol-updown-5m-1783767900,SOL,"Solana Up or Down - July 11, 7:05AM-7:10AM ET",2026-07-11T11:10:00Z,2026-07-11T11:05:00Z,77.95153872456426,Up,"[""1"", ""0""]",0.99,3033.0150409999987,6.886791,0.13,0.19,resolved,0x746dee4404eafc63a95c9167b26c8a8b96d6467176da7eac12c5fdd6a25f1f32,https://data.chain.link/streams/sol-usd,,
xrp-updown-5m-1783767900,XRP,"XRP Up or Down - July 11, 7:05AM-7:10AM ET",2026-07-11T11:10:00Z,2026-07-11T11:05:00Z,1.1086016030291077,Up,"[""1"", ""0""]",0.99,2347.462624,,0.07,0.19,resolved,0x8a7e0257fa543da362a0e49ca8bbc8bdd0f20dc0b2c9b28645adb5b97fd139cd,https://data.chain.link/streams/xrp-usd,,
bnb-updown-5m-1783768200,BNB,"BNB Up or Down - July 11, 7:10AM-7:15AM ET",2026-07-11T11:15:00Z,2026-07-11T11:10:00Z,577.44929,Down,"[""0"", ""1""]",0.01,3872.1330959999996,,-0.5,0.01,resolved,0x9901104eb77b325410afda0bc386c2007d6d6794d291bbfd9b988ca555736d21,https://data.chain.link/streams/bnb-usd,,
btc-updown-5m-1783768200,BTC,"Bitcoin Up or Down - July 11, 7:10AM-7:15AM ET",2026-07-11T11:15:00Z,2026-07-11T11:10:00Z,64138.14337757733,Up,"[""1"", ""0""]",0.99,59804.382898000054,11.80392,0.49,0.01,resolved,0xf8c0a8bb6ad7fe89847f84fbf6ada24d96d2b0a65119d1e4f542382c4d1784d0,https://data.chain.link/streams/btc-usd,,
doge-updown-5m-1783768200,DOGE,"Dogecoin Up or Down - July 11, 7:10AM-7:15AM ET",2026-07-11T11:15:00Z,2026-07-11T11:10:00Z,0.07440816662227114,Up,"[""1"", ""0""]",0.99,581.0969519999999,,0.495,0.01,resolved,0x351519db208a3480663d37f512f16d30f851d6155788125553343baa9fcc345f,https://data.chain.link/streams/doge-usd,,
eth-updown-5m-1783768200,ETH,"Ethereum Up or Down - July 11, 7:10AM-7:15AM ET",2026-07-11T11:15:00Z,2026-07-11T11:10:00Z,1796.8916532861558,Up,"[""1"", ""0""]",0.99,6081.536321,,0.49,0.01,resolved,0x96e8026825e01c7760b7c3be2adcb8503c9eeaaf1d33c076ea877afc69f26e69,https://data.chain.link/streams/eth-usd,,
hype-updown-5m-1783768200,HYPE,"Hyperliquid Up or Down - July 11, 7:10AM-7:15AM ET",2026-07-11T11:15:00Z,2026-07-11T11:10:00Z,66.75987469009593,Up,"[""1"", ""0""]",0.99,195.13551100000004,,0.4995,0.001,resolved,0x923fe97e0c6eb16435a91c3c9b7d7bcec85d6f12a06a247033c9468ce7b757f7,https://data.chain.link/streams/hype-usd,,
sol-updown-5m-1783768200,SOL,"Solana Up or Down - July 11, 7:10AM-7:15AM ET",2026-07-11T11:15:00Z,2026-07-11T11:10:00Z,77.97454494314898,Up,"[""1"", ""0""]",0.99,2542.8829579999997,1.960783,0.49,0.01,resolved,0x4033d316d11058b13d50c14394a4d7ab1082ada66fbd2100ff085a711663d4ae,https://data.chain.link/streams/sol-usd,,
xrp-updown-5m-1783768200,XRP,"XRP Up or Down - July 11, 7:10AM-7:15AM ET",2026-07-11T11:15:00Z,2026-07-11T11:10:00Z,1.1086290893493493,Up,"[""1"", ""0""]",0.99,1448.4995159999999,,0.49,0.01,resolved,0xb5b4957fdc60d09158fb2771ac3158929379083af5e80dc1d60764612c57f09a,https://data.chain.link/streams/xrp-usd,,
bnb-updown-5m-1783768500,BNB,"BNB Up or Down - July 11, 7:15AM-7:20AM ET",2026-07-11T11:20:00Z,2026-07-11T11:15:00Z,577.4398032376369,Down,"[""0"", ""1""]",0.44,153.28356899999997,,-0.47,0.03,resolved,0xdba1abba63375ca34d37a70c5d409d3a4a9cc9eb6f2edc9bb9cde1fb8c612f10,https://data.chain.link/streams/bnb-usd,,
btc-updown-5m-1783768500,BTC,"Bitcoin Up or Down - July 11, 7:15AM-7:20AM ET",2026-07-11T11:20:00Z,2026-07-11T11:15:00Z,64159.23464190286,Down,"[""0"", ""1""]",0.01,49190.85688199997,3.960783,-0.5,0.01,resolved,0x943f96709b7ec4e38ccaa52cc93d2f6c89e2f0490e19ee6be2c77469107c1cc0,https://data.chain.link/streams/btc-usd,,
doge-updown-5m-1783768500,DOGE,"Dogecoin Up or Down - July 11, 7:15AM-7:20AM ET",2026-07-11T11:20:00Z,2026-07-11T11:15:00Z,0.0744169,Down,"[""0"", ""1""]",0.01,537.3682150000002,,-0.39,0.12,resolved,0xc8ed6c7bd4ee424560e01e44547b8769274d03c5ccd0ab60aecfb6d1ba61fc95,https://data.chain.link/streams/doge-usd,,
eth-updown-5m-1783768500,ETH,"Ethereum Up or Down - July 11, 7:15AM-7:20AM ET",2026-07-11T11:20:00Z,2026-07-11T11:15:00Z,1797.470175,Down,"[""0"", ""1""]",0.01,3908.824618000002,1.960783,-0.5,0.01,resolved,0xff774accac74d608345126a681de48e6d3d2c57dfd46066f83d71444a8e29255,https://data.chain.link/streams/eth-usd,,
hype-updown-5m-1783768500,HYPE,"Hyperliquid Up or Down - July 11, 7:15AM-7:20AM ET",2026-07-11T11:20:00Z,2026-07-11T11:15:00Z,66.81839,Down,"[""0"", ""1""]",0.04,462.50938999999994,,-0.495,0.008,resolved,0xb6dc7bb45832082b9de2c6e4c7e1861e13cb7c34c3713e4dfc5f30bffbe80fca,https://data.chain.link/streams/hype-usd,,
sol-updown-5m-1783768500,SOL,"Solana Up or Down - July 11, 7:15AM-7:20AM ET",2026-07-11T11:20:00Z,2026-07-11T11:15:00Z,77.99859729372388,Down,"[""0"", ""1""]",0.02,2002.4273909999986,,-0.5,0.01,resolved,0xdfc56bbd4d0b1c001145c7d1196f1b608b4706261b9bf1e1aa1baa49454ac3bc,https://data.chain.link/streams/sol-usd,,
xrp-updown-5m-1783768500,XRP,"XRP Up or Down - July 11, 7:15AM-7:20AM ET",2026-07-11T11:20:00Z,2026-07-11T11:15:00Z,1.1087608589509863,Down,"[""0"", ""1""]",0.02,1276.484869,,-0.47,0.01,resolved,0x2c5c5dc00fdf7f3506eacf18d274f2bc47b6243f501c830d5eb5365cef20f5c3,https://data.chain.link/streams/xrp-usd,,
bnb-updown-5m-1783768800,BNB,"BNB Up or Down - July 11, 7:20AM-7:25AM ET",2026-07-11T11:25:00Z,2026-07-11T11:20:00Z,577.2821829052754,Down,"[""0"", ""1""]",0.61,210.34146299999998,,-0.5,0.01,resolved,0xfc7662378bc2dd9cc08ea8a3e5dc5ccda8b1c66dfb524d743747cf677f2cfeb5,https://data.chain.link/streams/bnb-usd,,
btc-updown-5m-1783768800,BTC,"Bitcoin Up or Down - July 11, 7:20AM-7:25AM ET",2026-07-11T11:25:00Z,2026-07-11T11:20:00Z,64122.459755,Up,"[""1"", ""0""]",0.99,123662.4926349999,2,0.49,0.01,resolved,0x10e4d9186c618f9bdc362e941c37785ae28764932548b7502c54d226908d0961,https://data.chain.link/streams/btc-usd,,
doge-updown-5m-1783768800,DOGE,"Dogecoin Up or Down - July 11, 7:20AM-7:25AM ET",2026-07-11T11:25:00Z,2026-07-11T11:20:00Z,0.0744049,Down,"[""0"", ""1""]",0.35,317.518753,,-0.495,0.01,resolved,0x16d0edac2cd227cd8d74b415dc3c3cc7596762a2652f1fc2f0f1920c75d387e0,https://data.chain.link/streams/doge-usd,,
eth-updown-5m-1783768800,ETH,"Ethereum Up or Down - July 11, 7:20AM-7:25AM ET",2026-07-11T11:25:00Z,2026-07-11T11:20:00Z,1796.7456,Down,"[""0"", ""1""]",0.01,15806.199450999995,,-0.5,0.01,resolved,0x10d1979674691e21dbabbcc487d794e5fc2eab88287b62b587514810ad1f5517,https://data.chain.link/streams/eth-usd,,
hype-updown-5m-1783768800,HYPE,"Hyperliquid Up or Down - July 11, 7:20AM-7:25AM ET",2026-07-11T11:25:00Z,2026-07-11T11:20:00Z,66.710309,Up,"[""1"", ""0""]",0.999,236.306154,,0.4995,0.001,resolved,0xd49ae5433474701dfe7aaf9f864d47939b86c912c8779beceab63aee080079f1,https://data.chain.link/streams/hype-usd,,
sol-updown-5m-1783768800,SOL,"Solana Up or Down - July 11, 7:20AM-7:25AM ET",2026-07-11T11:25:00Z,2026-07-11T11:20:00Z,77.96849445565893,Down,"[""0"", ""1""]",0.1,2241.4572720000006,,-0.5,0.01,resolved,0x47dedf6e28522a15c92377e226ee02524771c93f3bc6fee6bb99564532aa49e2,https://data.chain.link/streams/sol-usd,,
xrp-updown-5m-1783768800,XRP,"XRP Up or Down - July 11, 7:20AM-7:25AM ET",2026-07-11T11:25:00Z,2026-07-11T11:20:00Z,1.1085880500110115,Down,"[""0"", ""1""]",0.09,1154.52865,,-0.5,0.01,resolved,0xaf5e096b6146c5e55a3e9d5bd9820d2f338d0008257c5571b49c65b51db41769,https://data.chain.link/streams/xrp-usd,,
bnb-updown-5m-1783769100,BNB,"BNB Up or Down - July 11, 7:25AM-7:30AM ET",2026-07-11T11:30:00Z,2026-07-11T11:25:00Z,577.2305216118834,Up,"[""1"", ""0""]",0.99,284.42616,,0.445,0.06,resolved,0xaa0dc2b908280659c728d4390b6995b0f966a247f442c36bbd410e06f4d3beb0,https://data.chain.link/streams/bnb-usd,,
btc-updown-5m-1783769100,BTC,"Bitcoin Up or Down - July 11, 7:25AM-7:30AM ET",2026-07-11T11:30:00Z,2026-07-11T11:25:00Z,64124.28494650878,Down,"[""0"", ""1""]",0.01,37842.226607000026,2,-0.34,0.01,resolved,0x4725ca74943e6ec6fbde84d207725d3fbb33d1d4b6573c36da53d03675af93cc,https://data.chain.link/streams/btc-usd,,
doge-updown-5m-1783769100,DOGE,"Dogecoin Up or Down - July 11, 7:25AM-7:30AM ET",2026-07-11T11:30:00Z,2026-07-11T11:25:00Z,0.0743896,Up,"[""1"", ""0""]",0.99,357.67654600000003,,0.495,0.01,resolved,0x914912ee88e126c6576f3fb6dce254d9c1fbb3a4e541662c1670e3fefb2b99a8,https://data.chain.link/streams/doge-usd,,
eth-updown-5m-1783769100,ETH,"Ethereum Up or Down - July 11, 7:25AM-7:30AM ET",2026-07-11T11:30:00Z,2026-07-11T11:25:00Z,1796.668875,Up,"[""1"", ""0""]",0.99,3947.2552240000014,,0.48,0.01,resolved,0x29033098325ddaf7b616e74c569e2b2475954bc85b0ee6bc57fa595b507f14e8,https://data.chain.link/streams/eth-usd,,
hype-updown-5m-1783769100,HYPE,"Hyperliquid Up or Down - July 11, 7:25AM-7:30AM ET",2026-07-11T11:30:00Z,2026-07-11T11:25:00Z,66.8279,Up,"[""1"", ""0""]",0.99,352.4003749999999,,0.365,0.07,resolved,0x7dbcec9c70afee1df1e7d5eb8fcd9cd18b17b1774e1c489f4ed593c48e3eec2c,https://data.chain.link/streams/hype-usd,,
sol-updown-5m-1783769100,SOL,"Solana Up or Down - July 11, 7:25AM-7:30AM ET",2026-07-11T11:30:00Z,2026-07-11T11:25:00Z,77.95367422594654,Up,"[""1"", ""0""]",0.99,1777.8981229999995,,0.39,0.01,resolved,0xc94db7cf6f727472bd5cd1dbcbd73b22abda14e34478fe4c76bad1eab6acf15b,https://data.chain.link/streams/sol-usd,,
xrp-updown-5m-1783769100,XRP,"XRP Up or Down - July 11, 7:25AM-7:30AM ET",2026-07-11T11:30:00Z,2026-07-11T11:25:00Z,1.1085835856095654,Up,"[""1"", ""0""]",0.99,1119.945777,,0.47,0.01,resolved,0x993b3983fcc0b2d2d388e56532ddffde26b7a23567aeae3d725c8d5d44815f20,https://data.chain.link/streams/xrp-usd,,
bnb-updown-5m-1783769400,BNB,"BNB Up or Down - July 11, 7:30AM-7:35AM ET",2026-07-11T11:35:00Z,2026-07-11T11:30:00Z,577.3294864465968,Up,"[""1"", ""0""]",0.999,575.604352,,0.47,0.03,resolved,0x1a09cee88672c037d8b7e0bef885f4e73b3340b5cb1f19b8c5f9d98eb372b41b,https://data.chain.link/streams/bnb-usd,,
btc-updown-5m-1783769400,BTC,"Bitcoin Up or Down - July 11, 7:30AM-7:35AM ET",2026-07-11T11:35:00Z,2026-07-11T11:30:00Z,64123.669185,Down,"[""0"", ""1""]",0.001,32356.43560099999,2,-0.5,0.01,resolved,0x51f373896fba044f5dfcf6c6e07d3dfb3b78677eab9d64fa3e3841f399f01a59,https://data.chain.link/streams/btc-usd,,
doge-updown-5m-1783769400,DOGE,"Dogecoin Up or Down - July 11, 7:30AM-7:35AM ET",2026-07-11T11:35:00Z,2026-07-11T11:30:00Z,0.07447087677085998,Up,"[""1"", ""0""]",0.99,565.4073659999999,,0.495,0.01,resolved,0xf1069e99015be45595a86eb66d8995c9ebbe2e33a44c26d8b5335d81c6ec7fdc,https://data.chain.link/streams/doge-usd,,
eth-updown-5m-1783769400,ETH,"Ethereum Up or Down - July 11, 7:30AM-7:35AM ET",2026-07-11T11:35:00Z,2026-07-11T11:30:00Z,1797.5109249999998,Up,"[""1"", ""0""]",0.99,2702.982601000002,,0.49,0.01,resolved,0x6b8c81bd6cee55e398ec1e3c550c26a9c8145384be767fe8a1c683713b7e940a,https://data.chain.link/streams/eth-usd,,
hype-updown-5m-1783769400,HYPE,"Hyperliquid Up or Down - July 11, 7:30AM-7:35AM ET",2026-07-11T11:35:00Z,2026-07-11T11:30:00Z,66.83342499999999,Up,"[""1"", ""0""]",0.99,301.37727599999994,,0.445,0.03,resolved,0xa4ed42aaff2a9cccc7bff037d051645cf2265f1dbc4c60d9bfeda69441b61bde,https://data.chain.link/streams/hype-usd,,
sol-updown-5m-1783769400,SOL,"Solana Up or Down - July 11, 7:30AM-7:35AM ET",2026-07-11T11:35:00Z,2026-07-11T11:30:00Z,77.9661450729372,Up,"[""1"", ""0""]",0.99,1956.367689,5,0.5,0.01,resolved,0x28a119769f177c557cc754b467983bf5aeb0dcc88260be379ca0d7dafda8c547,https://data.chain.link/streams/sol-usd,,
xrp-updown-5m-1783769400,XRP,"XRP Up or Down - July 11, 7:30AM-7:35AM ET",2026-07-11T11:35:00Z,2026-07-11T11:30:00Z,1.1089216721287563,Up,"[""1"", ""0""]",0.99,1014.1789320000001,,0.12,0.01,resolved,0x4afdd4aa9250a9ce5f5a8219045399f80d428859d1c3dd8caff7d48daf36522e,https://data.chain.link/streams/xrp-usd,,
bnb-updown-5m-1783769700,BNB,"BNB Up or Down - July 11, 7:35AM-7:40AM ET",2026-07-11T11:40:00Z,2026-07-11T11:35:00Z,577.562,Up,"[""1"", ""0""]",0.99,231.17718200000002,,0.49,0.01,resolved,0x00a7b30da873ab1c45e61ba796ef184c57eea9f16da63cb379ddc9f6a9bfb0dc,https://data.chain.link/streams/bnb-usd,,
btc-updown-5m-1783769700,BTC,"Bitcoin Up or Down - July 11, 7:35AM-7:40AM ET",2026-07-11T11:40:00Z,2026-07-11T11:35:00Z,64122.05174,Up,"[""1"", ""0""]",0.99,81751.78217699988,2,0.005,0.01,resolved,0xc1de4ee67f04024eea6923840f2e4f5571243b436e257f23bb6d05c7325b0075,https://data.chain.link/streams/btc-usd,,
doge-updown-5m-1783769700,DOGE,"Dogecoin Up or Down - July 11, 7:35AM-7:40AM ET",2026-07-11T11:40:00Z,2026-07-11T11:35:00Z,0.074483,Down,"[""0"", ""1""]",0.12,316.74094,,-0.375,0.01,resolved,0x8a443c4141a37bd3eb05c12010a07b38de8c2a3c31d006c2041d8e05596991b7,https://data.chain.link/streams/doge-usd,,
eth-updown-5m-1783769700,ETH,"Ethereum Up or Down - July 11, 7:35AM-7:40AM ET",2026-07-11T11:40:00Z,2026-07-11T11:35:00Z,1798.0786349999998,Up,"[""1"", ""0""]",0.99,8126.766989000003,,0.42,0.01,resolved,0x950fe6ecbd93ae48af99fe7600cc8b2254f43f716af20e90c1a5e7f190bc787d,https://data.chain.link/streams/eth-usd,,
hype-updown-5m-1783769700,HYPE,"Hyperliquid Up or Down - July 11, 7:35AM-7:40AM ET",2026-07-11T11:40:00Z,2026-07-11T11:35:00Z,66.910113,Down,"[""0"", ""1""]",0.24,150.33469399999996,,-0.39,0.18,resolved,0x3402f34e3ffc01af2a04f1ae651bcab6d863e62829c93cee316cfb9f781a611e,https://data.chain.link/streams/hype-usd,,
sol-updown-5m-1783769700,SOL,"Solana Up or Down - July 11, 7:35AM-7:40AM ET",2026-07-11T11:40:00Z,2026-07-11T11:35:00Z,77.96901171011069,Up,"[""1"", ""0""]",0.98,3376.066282999998,,0.49,0.01,resolved,0x2adb5bac1d27b58273fb29368fad231ec4c1fb99393b756b06c0c0bdf9ab0bbe,https://data.chain.link/streams/sol-usd,,
xrp-updown-5m-1783769700,XRP,"XRP Up or Down - July 11, 7:35AM-7:40AM ET",2026-07-11T11:40:00Z,2026-07-11T11:35:00Z,1.1091090301233886,Down,"[""0"", ""1""]",0.01,1257.516621,,-0.5,0.01,resolved,0x307f683272a843b77a667a8fa28bcb78f48e9ead2fe67e4d02cc502a7c79ea5a,https://data.chain.link/streams/xrp-usd,,
bnb-updown-5m-1783770000,BNB,"BNB Up or Down - July 11, 7:40AM-7:45AM ET",2026-07-11T11:45:00Z,2026-07-11T11:40:00Z,577.839,Up,"[""1"", ""0""]",0.99,278.91928099999996,,0.49,0.01,resolved,0xa34c52c9fefdec1970a66bc8d1d384078588dc126f196bac04d7bd88c874349a,https://data.chain.link/streams/bnb-usd,,
btc-updown-5m-1783770000,BTC,"Bitcoin Up or Down - July 11, 7:40AM-7:45AM ET",2026-07-11T11:45:00Z,2026-07-11T11:40:00Z,64123.562955,Up,"[""1"", ""0""]",0.99,85503.602703,2,0.49,0.01,resolved,0xd2fa9fb892de18d7e6e45429150045c186b7ee7035fcf9563ee37e378b41ddb6,https://data.chain.link/streams/btc-usd,,
doge-updown-5m-1783770000,DOGE,"Dogecoin Up or Down - July 11, 7:40AM-7:45AM ET",2026-07-11T11:45:00Z,2026-07-11T11:40:00Z,0.074462,Up,"[""1"", ""0""]",0.99,325.00734100000005,,0.405,0.01,resolved,0x2a0fa21f0365514d8812f20618504a0d2865b89f391e12d034945623eeae9b2c,https://data.chain.link/streams/doge-usd,,
eth-updown-5m-1783770000,ETH,"Ethereum Up or Down - July 11, 7:40AM-7:45AM ET",2026-07-11T11:45:00Z,2026-07-11T11:40:00Z,1798.11768,Up,"[""1"", ""0""]",0.99,4108.797898000002,,0.35,0.01,resolved,0x9c6a1d6dfbcff4a1389efa70e9ebcfd76ff495e067be2a9f0613627c90ff0ae7,https://data.chain.link/streams/eth-usd,,
hype-updown-5m-1783770000,HYPE,"Hyperliquid Up or Down - July 11, 7:40AM-7:45AM ET",2026-07-11T11:45:00Z,2026-07-11T11:40:00Z,66.884,Down,"[""0"", ""1""]",0.01,520.4363459999998,,-0.495,0.01,resolved,0x7243ccfb2682922240867be1a859a58e7aadc6ad00df2c5a3178f3ad95277dbe,https://data.chain.link/streams/hype-usd,,
sol-updown-5m-1783770000,SOL,"Solana Up or Down - July 11, 7:40AM-7:45AM ET",2026-07-11T11:45:00Z,2026-07-11T11:40:00Z,78.00291050000001,Down,"[""0"", ""1""]",0.01,2902.5383029999994,,-0.02,0.01,resolved,0x10c752d2a2fb4d06fd1f55d561d52ff3b9ff2fb0f1ada133eacdedd70c4eac2f,https://data.chain.link/streams/sol-usd,,
xrp-updown-5m-1783770000,XRP,"XRP Up or Down - July 11, 7:40AM-7:45AM ET",2026-07-11T11:45:00Z,2026-07-11T11:40:00Z,1.1082032109816853,Down,"[""0"", ""1""]",0.01,1494.992001,,-0.5,0.01,resolved,0x61b9aab5b9218fac4f7b54052e19834bc609bb2613219cef64d69325723fcd5a,https://data.chain.link/streams/xrp-usd,,
bnb-updown-5m-1783770300,BNB,"BNB Up or Down - July 11, 7:45AM-7:50AM ET",2026-07-11T11:50:00Z,2026-07-11T11:45:00Z,577.9913951438034,Up,"[""1"", ""0""]",0.99,188.30201599999998,,0.47,0.03,resolved,0xf8696197bf7798aca2d2f1a1eec2c25657af21f5754f5f8f9fdae292933b0e09,https://data.chain.link/streams/bnb-usd,,
btc-updown-5m-1783770300,BTC,"Bitcoin Up or Down - July 11, 7:45AM-7:50AM ET",2026-07-11T11:50:00Z,2026-07-11T11:45:00Z,64127.48475943819,Up,"[""1"", ""0""]",0.99,55519.42146199974,4,0.48,0.01,resolved,0xbce76c8a0437f122f263c400c790a4fc9f3be48658f98a35e1955b7baf17c70a,https://data.chain.link/streams/btc-usd,,
doge-updown-5m-1783770300,DOGE,"Dogecoin Up or Down - July 11, 7:45AM-7:50AM ET",2026-07-11T11:50:00Z,2026-07-11T11:45:00Z,0.074496035934406,Up,"[""1"", ""0""]",0.99,226.7733,,0.46,0.06,resolved,0xcdd89669196788258feeff471c9f89885a0987272e715ae5049ccf54c61b8fac,https://data.chain.link/streams/doge-usd,,
eth-updown-5m-1783770300,ETH,"Ethereum Up or Down - July 11, 7:45AM-7:50AM ET",2026-07-11T11:50:00Z,2026-07-11T11:45:00Z,1798.252987581452,Up,"[""1"", ""0""]",0.99,6330.750508000004,2,0.46,0.01,resolved,0xe94314588ef0fd3941d4c649cea3fe9973215f74814a76ea108a39ff4122e884,https://data.chain.link/streams/eth-usd,,
hype-updown-5m-1783770300,HYPE,"Hyperliquid Up or Down - July 11, 7:45AM-7:50AM ET",2026-07-11T11:50:00Z,2026-07-11T11:45:00Z,66.88239712483475,Up,"[""1"", ""0""]",0.99,107.89702000000001,,0.435,0.13,resolved,0xd2c2a3f33adc140c5959e3b07d8dd0bfc188e0c2aa50dbb867a6803c0b738b76,https://data.chain.link/streams/hype-usd,,
sol-updown-5m-1783770300,SOL,"Solana Up or Down - July 11, 7:45AM-7:50AM ET",2026-07-11T11:50:00Z,2026-07-11T11:45:00Z,78.0008119893199,Up,"[""1"", ""0""]",0.99,2394.683129000001,2,0.49,0.01,resolved,0xce65b60ce509ec7da32a794e30d363fe01a68fdc37d5c14ef0906873c5ebef5e,https://data.chain.link/streams/sol-usd,,
xrp-updown-5m-1783770300,XRP,"XRP Up or Down - July 11, 7:45AM-7:50AM ET",2026-07-11T11:50:00Z,2026-07-11T11:45:00Z,1.108055552115297,Up,"[""1"", ""0""]",0.99,1344.2997830000002,2,0.21,0.01,resolved,0x2bed9fa796f6f57b19a8e58954b8c0a68166ad116ce2aaa31532a8f5b4479c3d,https://data.chain.link/streams/xrp-usd,,
bnb-updown-5m-1783770600,BNB,"BNB Up or Down - July 11, 7:50AM-7:55AM ET",2026-07-11T11:55:00Z,2026-07-11T11:50:00Z,578.20786,Up,"[""1"", ""0""]",0.99,252.03430600000004,322.905659,0.49,0.01,resolved,0x950b93c9afb64f961f4559e187a6055a0e5d27700d88b962e2b0a42b9ed2afd5,https://data.chain.link/streams/bnb-usd,,
btc-updown-5m-1783770600,BTC,"Bitcoin Up or Down - July 11, 7:50AM-7:55AM ET",2026-07-11T11:55:00Z,2026-07-11T11:50:00Z,64146.63667,Down,"[""0"", ""1""]",0.01,113807.39431400003,19626.899905,-0.5,0.01,resolved,0x1610cdebfb59a7ee8c278424f97449efcd1545f9669c2b323480ad54ab62cfdc,https://data.chain.link/streams/btc-usd,,
doge-updown-5m-1783770600,DOGE,"Dogecoin Up or Down - July 11, 7:50AM-7:55AM ET",2026-07-11T11:55:00Z,2026-07-11T11:50:00Z,0.074509,Down,"[""0"", ""1""]",0.16,255.52366899999998,301.960783,-0.4995,0.001,resolved,0x223ecdfb9a27eed365f3f2a4a6b32f812caa1a71a288d88ec313238b94b48ad2,https://data.chain.link/streams/doge-usd,,
eth-updown-5m-1783770600,ETH,"Ethereum Up or Down - July 11, 7:50AM-7:55AM ET",2026-07-11T11:55:00Z,2026-07-11T11:50:00Z,1798.7183854448488,Down,"[""0"", ""1""]",0.01,8277.49482300001,2350.382616,-0.5,0.01,resolved,0x999e9e231c852f0ee0633299b63c6d9fcf5b94110fe821d2708fa8e15ada7a3f,https://data.chain.link/streams/eth-usd,,
hype-updown-5m-1783770600,HYPE,"Hyperliquid Up or Down - July 11, 7:50AM-7:55AM ET",2026-07-11T11:55:00Z,2026-07-11T11:50:00Z,66.93584314312737,Up,"[""1"", ""0""]",0.99,186.4116209999999,307.843134,0.495,0.01,resolved,0xf53f1b82b0b306f6b25be1246d2238952b61ce78dcbdebc6bd516ae914a9ab44,https://data.chain.link/streams/hype-usd,,
sol-updown-5m-1783770600,SOL,"Solana Up or Down - July 11, 7:50AM-7:55AM ET",2026-07-11T11:55:00Z,2026-07-11T11:50:00Z,78.06981217459048,Down,"[""0"", ""1""]",0.05,2195.7753519999987,752.831413,-0.5,0.01,resolved,0xdf0a6c2e04c429a58c8471208295dcedf4b40c0d51f1e957be7a65e2a13a40e2,https://data.chain.link/streams/sol-usd,,
xrp-updown-5m-1783770600,XRP,"XRP Up or Down - July 11, 7:50AM-7:55AM ET",2026-07-11T11:55:00Z,2026-07-11T11:50:00Z,1.108171934648291,Down,"[""0"", ""1""]",0.01,1667.4072079999999,624.772102,-0.5045,0.001,resolved,0x3979bb84bb79a1415985008d490362da94859bd66dc128dfe82137a447a217d1,https://data.chain.link/streams/xrp-usd,,
bnb-updown-5m-1783770900,BNB,"BNB Up or Down - July 11, 7:55AM-8:00AM ET",2026-07-11T12:00:00Z,2026-07-11T11:55:00Z,,Up,"[""1"", ""0""]",0.99,349.9343089999999,,0.49,0.01,resolved,0xd9394424fd40d48876be693cc42cc366fc418661d5aa232e92d2b0944ac063dd,https://data.chain.link/streams/bnb-usd,,
btc-updown-5m-1783770900,BTC,"Bitcoin Up or Down - July 11, 7:55AM-8:00AM ET",2026-07-11T12:00:00Z,2026-07-11T11:55:00Z,,Up,"[""1"", ""0""]",0.99,32854.09165700004,657,0.48,0.01,resolved,0xedb301330ca9b21b6d67503f0ec10954edb16615ac0b7501751ada510804f104,https://data.chain.link/streams/btc-usd,,
doge-updown-5m-1783770900,DOGE,"Dogecoin Up or Down - July 11, 7:55AM-8:00AM ET",2026-07-11T12:00:00Z,2026-07-11T11:55:00Z,,Up,"[""1"", ""0""]",0.99,394.285481,,0.39,0.05,resolved,0x69397605546079211396f438edc59aee224e1a78692d9b5ddaf19b6197869b1b,https://data.chain.link/streams/doge-usd,,
eth-updown-5m-1783770900,ETH,"Ethereum Up or Down - July 11, 7:55AM-8:00AM ET",2026-07-11T12:00:00Z,2026-07-11T11:55:00Z,,Up,"[""1"", ""0""]",0.99,4219.101701000005,510,0.48,0.01,resolved,0x7c2f53c32c3412262da976165d511e6ef4462a5c1eb77ad22d6ec8c46ec8da4d,https://data.chain.link/streams/eth-usd,,
hype-updown-5m-1783770900,HYPE,"Hyperliquid Up or Down - July 11, 7:55AM-8:00AM ET",2026-07-11T12:00:00Z,2026-07-11T11:55:00Z,,Down,"[""0"", ""1""]",0.01,401.066401,,-0.4,0.05,resolved,0x65b3d12163ca1efa3749623a62075b0aa9ee8abdf9ed4e5119bca3e365ff3de2,https://data.chain.link/streams/hype-usd,,
sol-updown-5m-1783770900,SOL,"Solana Up or Down - July 11, 7:55AM-8:00AM ET",2026-07-11T12:00:00Z,2026-07-11T11:55:00Z,,Up,"[""1"", ""0""]",0.99,3227.324376999999,26.956861,-0.275,0.1,resolved,0x6d29b962b8318e8c3b7d8f1f72711fa5c8db14ebb8e17ad90967a4dcf10b66ff,https://data.chain.link/streams/sol-usd,,
xrp-updown-5m-1783770900,XRP,"XRP Up or Down - July 11, 7:55AM-8:00AM ET",2026-07-11T12:00:00Z,2026-07-11T11:55:00Z,,Up,"[""1"", ""0""]",0.99,1013.984785,,0.41,0.03,resolved,0x9bd7be6f2efe503a34bf9a2d460748045a4418e9d85246a0c8092cd580e89129,https://data.chain.link/streams/xrp-usd,,
bnb-updown-5m-1783771200,BNB,"BNB Up or Down - July 11, 8:00AM-8:05AM ET",2026-07-11T12:05:00Z,2026-07-11T12:00:00Z,578.8527793909458,Up,"[""1"", ""0""]",0.99,608.7987950000003,,0.49,0.01,resolved,0xfa628ce4e4be7ebaee4b14996964a84efb1153fe106efc5b4cd9c94629c747c0,https://data.chain.link/streams/bnb-usd,,
btc-updown-5m-1783771200,BTC,"Bitcoin Up or Down - July 11, 8:00AM-8:05AM ET",2026-07-11T12:05:00Z,2026-07-11T12:00:00Z,64145.418945,Up,"[""1"", ""0""]",0.99,70417.61816999999,612,0.49,0.01,resolved,0x4eff9df2f2bdb843bdf728ee3daf45114e59b3d2c07bcffc44f8f92c2304f55a,https://data.chain.link/streams/btc-usd,,
doge-updown-5m-1783771200,DOGE,"Dogecoin Up or Down - July 11, 8:00AM-8:05AM ET",2026-07-11T12:05:00Z,2026-07-11T12:00:00Z,0.0744126,Up,"[""1"", ""0""]",0.99,398.0480640000001,,0.495,0.01,resolved,0xc4b36284f55443bd6d116bd0c9f3e349473696a04f6533707c4b31ba222de8bd,https://data.chain.link/streams/doge-usd,,
eth-updown-5m-1783771200,ETH,"Ethereum Up or Down - July 11, 8:00AM-8:05AM ET",2026-07-11T12:05:00Z,2026-07-11T12:00:00Z,1798.8620557143165,Up,"[""1"", ""0""]",0.99,3316.4330520000026,500,0.49,0.01,resolved,0x7e93ad83db3ce64f601df1569dff964b4870cd78be3697a2cddfb90018cddec2,https://data.chain.link/streams/eth-usd,,
hype-updown-5m-1783771200,HYPE,"Hyperliquid Up or Down - July 11, 8:00AM-8:05AM ET",2026-07-11T12:05:00Z,2026-07-11T12:00:00Z,66.95736520512375,Up,"[""1"", ""0""]",0.99,200.30981800000004,,0.495,0.01,resolved,0xcd772b5f3f80e4881cd7398f280f3692f4d417b962de29dd7b15f7200f6c3b61,https://data.chain.link/streams/hype-usd,,
sol-updown-5m-1783771200,SOL,"Solana Up or Down - July 11, 8:00AM-8:05AM ET",2026-07-11T12:05:00Z,2026-07-11T12:00:00Z,78.04254880789853,Up,"[""1"", ""0""]",0.99,2601.233802999998,9.509801,0.49,0.01,resolved,0xba101c2022eda4a84474c63b2aa524c7be63d0103746133c3335fae392a47462,https://data.chain.link/streams/sol-usd,,
xrp-updown-5m-1783771200,XRP,"XRP Up or Down - July 11, 8:00AM-8:05AM ET",2026-07-11T12:05:00Z,2026-07-11T12:00:00Z,1.1075640872860033,Up,"[""1"", ""0""]",0.99,1682.6632949999998,,0.49,0.01,resolved,0xf3b0fa72aa9824f853184d11e54200518c7a8555cf414aa90be9830c102d7ab3,https://data.chain.link/streams/xrp-usd,,
bnb-updown-5m-1783771500,BNB,"BNB Up or Down - July 11, 8:05AM-8:10AM ET",2026-07-11T12:10:00Z,2026-07-11T12:05:00Z,579.287,Down,"[""0"", ""1""]",0.01,503.69518199999993,,-0.5045,0.001,resolved,0x5eff21882d2bfec7cada7dede3fc5db6991e62341b26ccfa433f63c5d69455e8,https://data.chain.link/streams/bnb-usd,,
btc-updown-5m-1783771500,BTC,"Bitcoin Up or Down - July 11, 8:05AM-8:10AM ET",2026-07-11T12:10:00Z,2026-07-11T12:05:00Z,64150.4886179822,Up,"[""1"", ""0""]",0.99,163278.14162699986,17,0.045,0.02,resolved,0xcff1cd5b482a91c324614ee06b7e43c7a702f192bedca126a7e0e6d9bf70c75d,https://data.chain.link/streams/btc-usd,,
doge-updown-5m-1783771500,DOGE,"Dogecoin Up or Down - July 11, 8:05AM-8:10AM ET",2026-07-11T12:10:00Z,2026-07-11T12:05:00Z,0.0744613,Down,"[""0"", ""1""]",0.01,763.87027,,-0.285,0.01,resolved,0x59f96aebe58013626c22f5660522c0220d2b184118a1d74d4f86d54f9a7bc91e,https://data.chain.link/streams/doge-usd,,
eth-updown-5m-1783771500,ETH,"Ethereum Up or Down - July 11, 8:05AM-8:10AM ET",2026-07-11T12:10:00Z,2026-07-11T12:05:00Z,1799.4647949999999,Down,"[""0"", ""1""]",0.01,5113.9000049999995,,-0.5,0.01,resolved,0xe87638e7f47c24bf6a1ea62b31b56baab99958624d15d5073747005e9df239f7,https://data.chain.link/streams/eth-usd,,
hype-updown-5m-1783771500,HYPE,"Hyperliquid Up or Down - July 11, 8:05AM-8:10AM ET",2026-07-11T12:10:00Z,2026-07-11T12:05:00Z,66.988055,Up,"[""1"", ""0""]",0.99,228.09372699999997,,0.495,0.01,resolved,0xc9a5dd972a646f8df6899ad51ad4201af0195e8affe25fa798c62238262dccdb,https://data.chain.link/streams/hype-usd,,
sol-updown-5m-1783771500,SOL,"Solana Up or Down - July 11, 8:05AM-8:10AM ET",2026-07-11T12:10:00Z,2026-07-11T12:05:00Z,78.10905319745383,Down,"[""0"", ""1""]",0.01,5232.758343,4.8,-0.5045,0.001,resolved,0x2ff64cc36f434100b86a87f589a21ec3303a6c7a454d3102b9b8ea556c2e58a8,https://data.chain.link/streams/sol-usd,,
xrp-updown-5m-1783771500,XRP,"XRP Up or Down - July 11, 8:05AM-8:10AM ET",2026-07-11T12:10:00Z,2026-07-11T12:05:00Z,1.107776219191682,Down,"[""0"", ""1""]",0.06,1271.1117950000003,,-0.5,0.01,resolved,0xf1f6fb7d921d461e9a2ba4e2fe671bb8cf53951b014ede5c7223f7e59844308e,https://data.chain.link/streams/xrp-usd,,
bnb-updown-5m-1783771800,BNB,"BNB Up or Down - July 11, 8:10AM-8:15AM ET",2026-07-11T12:15:00Z,2026-07-11T12:10:00Z,579.0434461212764,Up,"[""1"", ""0""]",0.999,453.11894199999995,,0.4945,0.001,resolved,0x91a1f9c874a454bfbf0cb05947f27a9daab12b71712aa6cc3681afee81113ddc,https://data.chain.link/streams/bnb-usd,,
btc-updown-5m-1783771800,BTC,"Bitcoin Up or Down - July 11, 8:10AM-8:15AM ET",2026-07-11T12:15:00Z,2026-07-11T12:10:00Z,64152.77263062757,Up,"[""1"", ""0""]",0.99,42699.50204599997,10,0.49,0.01,resolved,0xd49c63cbbb9cdca2e58eeaa0185920d5a0efdb4ac702c825e90f8380fbefdf33,https://data.chain.link/streams/btc-usd,,
doge-updown-5m-1783771800,DOGE,"Dogecoin Up or Down - July 11, 8:10AM-8:15AM ET",2026-07-11T12:15:00Z,2026-07-11T12:10:00Z,0.07444685145964179,Up,"[""1"", ""0""]",0.99,661.393301,,0.495,0.01,resolved,0x2ecfd6ec8bd3f1398ace76429e039788d0092fd99306d56b61a7cbdac67969ba,https://data.chain.link/streams/doge-usd,,
eth-updown-5m-1783771800,ETH,"Ethereum Up or Down - July 11, 8:10AM-8:15AM ET",2026-07-11T12:15:00Z,2026-07-11T12:10:00Z,1798.5845849999998,Up,"[""1"", ""0""]",0.99,4021.244435999999,,0.49,0.01,resolved,0xa778322bc1a283ae8a1018564a85599c4f8a5a5a6ba813dbeea326302b9a761a,https://data.chain.link/streams/eth-usd,,
hype-updown-5m-1783771800,HYPE,"Hyperliquid Up or Down - July 11, 8:10AM-8:15AM ET",2026-07-11T12:15:00Z,2026-07-11T12:10:00Z,67.00672739111202,Down,"[""0"", ""1""]",0.01,541.26856,,-0.495,0.01,resolved,0x741826e75f9df1e1e8377e1269677b4ac8d5890d5d4259e2b5b3f2a681416c3f,https://data.chain.link/streams/hype-usd,,
sol-updown-5m-1783771800,SOL,"Solana Up or Down - July 11, 8:10AM-8:15AM ET",2026-07-11T12:15:00Z,2026-07-11T12:10:00Z,77.94418599999999,Up,"[""1"", ""0""]",0.99,1662.9266129999994,,0.4945,0.001,resolved,0x35891db06e4df094dca78d40bd8294ed874ea67bff1798550bbb93708b01f27d,https://data.chain.link/streams/sol-usd,,
xrp-updown-5m-1783771800,XRP,"XRP Up or Down - July 11, 8:10AM-8:15AM ET",2026-07-11T12:15:00Z,2026-07-11T12:10:00Z,1.1074428,Up,"[""1"", ""0""]",0.99,794.0738519999999,,0.49,0.01,resolved,0xed9e67ff5ddd23d1c45eaea0cf5473a65d0f6e3572083755c9ab2f18873400c4,https://data.chain.link/streams/xrp-usd,,
bnb-updown-5m-1783772100,BNB,"BNB Up or Down - July 11, 8:15AM-8:20AM ET",2026-07-11T12:20:00Z,2026-07-11T12:15:00Z,579.3865490010104,Down,"[""0"", ""1""]",0.09,740.115384,,-0.5,0.01,resolved,0x1c13292d0a309cfd2240405d228b4b81432784ae90cf1717dc6325da4f6a9893,https://data.chain.link/streams/bnb-usd,,
btc-updown-5m-1783772100,BTC,"Bitcoin Up or Down - July 11, 8:15AM-8:20AM ET",2026-07-11T12:20:00Z,2026-07-11T12:15:00Z,64166.44942106335,Down,"[""0"", ""1""]",0.01,36186.04450799985,,-0.5,0.01,resolved,0x91c4f30acd4f114a6effc8b6b106a93b49235fafeaf581823290bcb73b2d28a6,https://data.chain.link/streams/btc-usd,,
doge-updown-5m-1783772100,DOGE,"Dogecoin Up or Down - July 11, 8:15AM-8:20AM ET",2026-07-11T12:20:00Z,2026-07-11T12:15:00Z,0.0744838,Down,"[""0"", ""1""]",0.41,254.963359,,-0.47,0.04,resolved,0x21de3e3b2e92126fa91ae23100459359517f470e5e2e5758ba87ae56004f1fd1,https://data.chain.link/streams/doge-usd,,
eth-updown-5m-1783772100,ETH,"Ethereum Up or Down - July 11, 8:15AM-8:20AM ET",2026-07-11T12:20:00Z,2026-07-11T12:15:00Z,1798.8687775400917,Down,"[""0"", ""1""]",0.01,3813.843132,,-0.5,0.01,resolved,0x0ffdd1c346ad67dfd7ee9f5b144b2d91efc3ae634828dea591ac312c599225b3,https://data.chain.link/streams/eth-usd,,
hype-updown-5m-1783772100,HYPE,"Hyperliquid Up or Down - July 11, 8:15AM-8:20AM ET",2026-07-11T12:20:00Z,2026-07-11T12:15:00Z,67.00445500000001,Up,"[""1"", ""0""]",0.99,209.8561009999998,,0.345,0.27,resolved,0x92352126c2a74a1e78d165b79f8a68325e12b276eb03f65280f630c1f9ea112c,https://data.chain.link/streams/hype-usd,,
sol-updown-5m-1783772100,SOL,"Solana Up or Down - July 11, 8:15AM-8:20AM ET",2026-07-11T12:20:00Z,2026-07-11T12:15:00Z,78.03050807086403,Down,"[""0"", ""1""]",0.07,2098.8377719999985,,-0.485,0.02,resolved,0x90d6c9935deb393eda82ae786efeee7935aab8370fe685a5129f9af16109919c,https://data.chain.link/streams/sol-usd,,
xrp-updown-5m-1783772100,XRP,"XRP Up or Down - July 11, 8:15AM-8:20AM ET",2026-07-11T12:20:00Z,2026-07-11T12:15:00Z,1.1080968603129226,Up,"[""1"", ""0""]",0.99,1297.5024040000003,,0.48,0.01,resolved,0x649991caa1d7a3b4ca67672dce8ca0ba96546939e0a89a124d8ed0a689247d2b,https://data.chain.link/streams/xrp-usd,,
bnb-updown-5m-1783772400,BNB,"BNB Up or Down - July 11, 8:20AM-8:25AM ET",2026-07-11T12:25:00Z,2026-07-11T12:20:00Z,578.6317377492742,Down,"[""0"", ""1""]",0.53,253.266553,,-0.5,0.01,resolved,0x1e0908f4420f0141e8b7b534e3d05486f9ce98c14bd01e5a43bd70b68603f96c,https://data.chain.link/streams/bnb-usd,,
btc-updown-5m-1783772400,BTC,"Bitcoin Up or Down - July 11, 8:20AM-8:25AM ET",2026-07-11T12:25:00Z,2026-07-11T12:20:00Z,64130.51760499999,Down,"[""0"", ""1""]",0.01,40450.63913299993,,-0.5,0.01,resolved,0x2ea911b269378b1fc8f1ba8a06b80e2291a1499c20cecca662e56e7b5514c62b,https://data.chain.link/streams/btc-usd,,
doge-updown-5m-1783772400,DOGE,"Dogecoin Up or Down - July 11, 8:20AM-8:25AM ET",2026-07-11T12:25:00Z,2026-07-11T12:20:00Z,0.0744327,Down,"[""0"", ""1""]",0.12,332.74227999999994,,-0.495,0.01,resolved,0x49abb6b3d4c28e60eaf6d8cfa404e6c1a304b093907641701bb460f6c8cdd28b,https://data.chain.link/streams/doge-usd,,
eth-updown-5m-1783772400,ETH,"Ethereum Up or Down - July 11, 8:20AM-8:25AM ET",2026-07-11T12:25:00Z,2026-07-11T12:20:00Z,1797.5527044933701,Down,"[""0"", ""1""]",0.01,6395.159600999999,,-0.5,0.01,resolved,0x74d5bb20416a48e3a661ddd2aef1002036e98bf643dd02a77d5c19f6c6ce9916,https://data.chain.link/streams/eth-usd,,
hype-updown-5m-1783772400,HYPE,"Hyperliquid Up or Down - July 11, 8:20AM-8:25AM ET",2026-07-11T12:25:00Z,2026-07-11T12:20:00Z,67.018235,Down,"[""0"", ""1""]",0.19,139.10864999999998,,-0.495,0.01,resolved,0x6b9d6df59112b14dbcd3d2aecf60ba739c716fa0e7464aac3e4104ecedbb1a8f,https://data.chain.link/streams/hype-usd,,
sol-updown-5m-1783772400,SOL,"Solana Up or Down - July 11, 8:20AM-8:25AM ET",2026-07-11T12:25:00Z,2026-07-11T12:20:00Z,77.99605640859828,Down,"[""0"", ""1""]",0.02,1438.6042230000005,,-0.5,0.01,resolved,0xd6e1d8794d018c9ac851aa2af3e537fcaeef4d9dd415a3fc357789ba401c10dd,https://data.chain.link/streams/sol-usd,,
xrp-updown-5m-1783772400,XRP,"XRP Up or Down - July 11, 8:20AM-8:25AM ET",2026-07-11T12:25:00Z,2026-07-11T12:20:00Z,1.108403631611979,Down,"[""0"", ""1""]",0.05,1717.247509000001,,-0.5,0.01,resolved,0x1fc6513b701c62b6f72e4ace723dac4f7a0e30364d765e32d0c89c2da66c1a28,https://data.chain.link/streams/xrp-usd,,
bnb-updown-5m-1783772700,BNB,"BNB Up or Down - July 11, 8:25AM-8:30AM ET",2026-07-11T12:30:00Z,2026-07-11T12:25:00Z,,Up,"[""1"", ""0""]",0.99,240.9468,,0.46,0.03,resolved,0xb4cdbfa1957c4c0fe23d614182ffb300e029d884db7221987642e43198f68f02,https://data.chain.link/streams/bnb-usd,,
btc-updown-5m-1783772700,BTC,"Bitcoin Up or Down - July 11, 8:25AM-8:30AM ET",2026-07-11T12:30:00Z,2026-07-11T12:25:00Z,,Up,"[""1"", ""0""]",0.99,40840.36211400001,,0.365,0.02,resolved,0x94d0c4778c7c8bca6e8e8fc4c012f47f7f4d6392552fc5a64f83678c5355feed,https://data.chain.link/streams/btc-usd,,
doge-updown-5m-1783772700,DOGE,"Dogecoin Up or Down - July 11, 8:25AM-8:30AM ET",2026-07-11T12:30:00Z,2026-07-11T12:25:00Z,,Down,"[""0"", ""1""]",0.55,270.307584,1.960783,-0.01,0.1,resolved,0x1b571d33f257748f83d1a6c48afb7c875bc08af1ccf03016653bdd751c405983,https://data.chain.link/streams/doge-usd,,
eth-updown-5m-1783772700,ETH,"Ethereum Up or Down - July 11, 8:25AM-8:30AM ET",2026-07-11T12:30:00Z,2026-07-11T12:25:00Z,,Up,"[""1"", ""0""]",0.99,2438.1482090000004,1.960783,0.49,0.01,resolved,0x0936c80761b6ecdfb7449065a63c9338a32ef659f79d872dfe87f0d2bc12c89c,https://data.chain.link/streams/eth-usd,,
hype-updown-5m-1783772700,HYPE,"Hyperliquid Up or Down - July 11, 8:25AM-8:30AM ET",2026-07-11T12:30:00Z,2026-07-11T12:25:00Z,,Up,"[""1"", ""0""]",0.99,130.633076,,0.4,0.18,resolved,0x04928881991d2455b2c84eab01cd19263620e6ff32b88a45b2f1d96c66188d6b,https://data.chain.link/streams/hype-usd,,
sol-updown-5m-1783772700,SOL,"Solana Up or Down - July 11, 8:25AM-8:30AM ET",2026-07-11T12:30:00Z,2026-07-11T12:25:00Z,,Up,"[""1"", ""0""]",0.99,1959.5683159999987,,0.485,0.01,resolved,0x01235c21b75592a2e015f2a42ab434204cb3c5e268898f431d94a4d728d15dd0,https://data.chain.link/streams/sol-usd,,
xrp-updown-5m-1783772700,XRP,"XRP Up or Down - July 11, 8:25AM-8:30AM ET",2026-07-11T12:30:00Z,2026-07-11T12:25:00Z,,Up,"[""1"", ""0""]",0.99,2010.018955999999,1.960783,0.45,0.01,resolved,0x7e06b4b5636d512a8ff8144306105217330d482604e562465c86f31082ba9434,https://data.chain.link/streams/xrp-usd,,
bnb-updown-5m-1783773000,BNB,"BNB Up or Down - July 11, 8:30AM-8:35AM ET",2026-07-11T12:35:00Z,2026-07-11T12:30:00Z,578.66946,Up,"[""1"", ""0""]",0.99,263.281247,,0.49,0.01,resolved,0x1af79ae2bd007b025f42061bffdc89bdf179fa811a58605b80299bc24b8d1f03,https://data.chain.link/streams/bnb-usd,,
btc-updown-5m-1783773000,BTC,"Bitcoin Up or Down - July 11, 8:30AM-8:35AM ET",2026-07-11T12:35:00Z,2026-07-11T12:30:00Z,64126.562741088535,Down,"[""0"", ""1""]",0.01,37474.51404299998,,-0.5045,0.001,resolved,0xae1f5c1f403999fdadd2b12365a1f802d484b1adc3e9e3e6036ce46149ffcd77,https://data.chain.link/streams/btc-usd,,
doge-updown-5m-1783773000,DOGE,"Dogecoin Up or Down - July 11, 8:30AM-8:35AM ET",2026-07-11T12:35:00Z,2026-07-11T12:30:00Z,0.07440035297352662,Down,"[""0"", ""1""]",0.23,301.617509,,-0.495,0.01,resolved,0xd3fcf2670ade9db3d6c4e99bb4decb0276f1c643cd31ca0e7de854d721629856,https://data.chain.link/streams/doge-usd,,
eth-updown-5m-1783773000,ETH,"Ethereum Up or Down - July 11, 8:30AM-8:35AM ET",2026-07-11T12:35:00Z,2026-07-11T12:30:00Z,1798.4619113004326,Down,"[""0"", ""1""]",0.01,4150.552852999999,,-0.5,0.01,resolved,0x4f07e20f63d7259886a74561bfb1da31f1b07fe26a8113b4ed01f4b3ba6c670f,https://data.chain.link/streams/eth-usd,,
hype-updown-5m-1783773000,HYPE,"Hyperliquid Up or Down - July 11, 8:30AM-8:35AM ET",2026-07-11T12:35:00Z,2026-07-11T12:30:00Z,66.958985,Down,"[""0"", ""1""]",0.38,157.59835400000003,,-0.495,0.01,resolved,0x8847e3f310a75ee85f7c776ae0e3298815685765626f7e722f089cda734ed897,https://data.chain.link/streams/hype-usd,,
sol-updown-5m-1783773000,SOL,"Solana Up or Down - July 11, 8:30AM-8:35AM ET",2026-07-11T12:35:00Z,2026-07-11T12:30:00Z,78.01088093082707,Down,"[""0"", ""1""]",0.32,2453.5206060000014,,-0.5,0.01,resolved,0x48cf6ea24d6c237c5c8deb949ea2c375f8db15c34ff987b502cf68b9ccf61624,https://data.chain.link/streams/sol-usd,,
xrp-updown-5m-1783773000,XRP,"XRP Up or Down - July 11, 8:30AM-8:35AM ET",2026-07-11T12:35:00Z,2026-07-11T12:30:00Z,1.1080480949644618,Down,"[""0"", ""1""]",0.14,1790.4398029999998,,-0.5,0.01,resolved,0x6326c7128a782f8fe7bba4df8f716663ac73e0a1c44bd809e1678494847e75ad,https://data.chain.link/streams/xrp-usd,,
bnb-updown-5m-1783773300,BNB,"BNB Up or Down - July 11, 8:35AM-8:40AM ET",2026-07-11T12:40:00Z,2026-07-11T12:35:00Z,578.8483902836198,Down,"[""0"", ""1""]",0.43,192.267076,,-0.475,0.04,resolved,0x17c410955441feb4929c109dcebfbf8616714efcc363191748490efa7cd7346e,https://data.chain.link/streams/bnb-usd,,
btc-updown-5m-1783773300,BTC,"Bitcoin Up or Down - July 11, 8:35AM-8:40AM ET",2026-07-11T12:40:00Z,2026-07-11T12:35:00Z,64089.10620995724,Down,"[""0"", ""1""]",0.01,57481.22262999996,,-0.44,0.01,resolved,0x508bc7602d7da151b4be7f1e0fb7df56b634a935b5bdf4c52b7ea429df1f7957,https://data.chain.link/streams/btc-usd,,
doge-updown-5m-1783773300,DOGE,"Dogecoin Up or Down - July 11, 8:35AM-8:40AM ET",2026-07-11T12:40:00Z,2026-07-11T12:35:00Z,0.07434681235618368,Down,"[""0"", ""1""]",0.17,408.14363099999997,,-0.185,0.01,resolved,0x88edb8b1afb90e8dc85defe8c00649e25000f167b5b01e45807bdf60f73c0dc6,https://data.chain.link/streams/doge-usd,,
eth-updown-5m-1783773300,ETH,"Ethereum Up or Down - July 11, 8:35AM-8:40AM ET",2026-07-11T12:40:00Z,2026-07-11T12:35:00Z,1797.6603692417184,Down,"[""0"", ""1""]",0.01,3653.0081020000025,,-0.13,0.01,resolved,0x1465ee0bfe2c65a616d34a32ec1a6403ca40a1a8987886309ee9711548e652c6,https://data.chain.link/streams/eth-usd,,
hype-updown-5m-1783773300,HYPE,"Hyperliquid Up or Down - July 11, 8:35AM-8:40AM ET",2026-07-11T12:40:00Z,2026-07-11T12:35:00Z,66.912732,Down,"[""0"", ""1""]",0.31,190.31081899999995,,-0.44,0.1,resolved,0x3df6e30f0a25ca1424c36065461fab86cfee37540348c92cd245e1f47fbfedf8,https://data.chain.link/streams/hype-usd,,
sol-updown-5m-1783773300,SOL,"Solana Up or Down - July 11, 8:35AM-8:40AM ET",2026-07-11T12:40:00Z,2026-07-11T12:35:00Z,77.989004,Down,"[""0"", ""1""]",0.01,2326.0189389999987,,-0.5,0.01,resolved,0x33c4f19e0b6bb9b8e76fdeeffb66b8912edc81cd2c847278d158aefef937dcbf,https://data.chain.link/streams/sol-usd,,
xrp-updown-5m-1783773300,XRP,"XRP Up or Down - July 11, 8:35AM-8:40AM ET",2026-07-11T12:40:00Z,2026-07-11T12:35:00Z,1.10757435,Down,"[""0"", ""1""]",0.12,2100.350020000001,,-0.49,0.01,resolved,0x43656a7e2da5e56f2d0aa6de8ae4f24059e6b01ec38eaa2178bd7624231b161d,https://data.chain.link/streams/xrp-usd,,
bnb-updown-5m-1783773600,BNB,"BNB Up or Down - July 11, 8:40AM-8:45AM ET",2026-07-11T12:45:00Z,2026-07-11T12:40:00Z,578.51219,Up,"[""1"", ""0""]",0.99,349.474569,,0.49,0.01,resolved,0xb7b6681b65ac89e4445e92c3582d4b2c9aef4fd8b7104d5b860298802e4b8044,https://data.chain.link/streams/bnb-usd,,
btc-updown-5m-1783773600,BTC,"Bitcoin Up or Down - July 11, 8:40AM-8:45AM ET",2026-07-11T12:45:00Z,2026-07-11T12:40:00Z,64086.583707076454,Up,"[""1"", ""0""]",0.99,34306.87386699996,,0.49,0.01,resolved,0x3731ec172cf144b9ccf1c1c53012d5d7046e087e5c9c6f120606e745fa701910,https://data.chain.link/streams/btc-usd,,
doge-updown-5m-1783773600,DOGE,"Dogecoin Up or Down - July 11, 8:40AM-8:45AM ET",2026-07-11T12:45:00Z,2026-07-11T12:40:00Z,0.074329756,Up,"[""1"", ""0""]",0.99,400.8549630000001,,0.495,0.01,resolved,0x07c700786c5efc1858ea4f606f62d1496fd632cd8d66d4c5acd91d5b75c096f9,https://data.chain.link/streams/doge-usd,,
eth-updown-5m-1783773600,ETH,"Ethereum Up or Down - July 11, 8:40AM-8:45AM ET",2026-07-11T12:45:00Z,2026-07-11T12:40:00Z,1797.3351146346279,Up,"[""1"", ""0""]",0.99,5265.3259640000015,,0.49,0.01,resolved,0x8095502e883b524a96c512780954d3ec60392e249406a123d89695954e052603,https://data.chain.link/streams/eth-usd,,
hype-updown-5m-1783773600,HYPE,"Hyperliquid Up or Down - July 11, 8:40AM-8:45AM ET",2026-07-11T12:45:00Z,2026-07-11T12:40:00Z,66.862402,Down,"[""0"", ""1""]",0.24,174.88808099999997,,-0.495,0.01,resolved,0x72c0dc7a653391908647583a2f25f0d2a04a5f6404702f9eb08ef9109a94f78f,https://data.chain.link/streams/hype-usd,,
sol-updown-5m-1783773600,SOL,"Solana Up or Down - July 11, 8:40AM-8:45AM ET",2026-07-11T12:45:00Z,2026-07-11T12:40:00Z,77.89530403497214,Up,"[""1"", ""0""]",0.99,1843.280105000001,,0.49,0.01,resolved,0x97f2a1736a5e8e07160a5439e268d152f03214dccb8ec5b8427064ac447443c0,https://data.chain.link/streams/sol-usd,,
xrp-updown-5m-1783773600,XRP,"XRP Up or Down - July 11, 8:40AM-8:45AM ET",2026-07-11T12:45:00Z,2026-07-11T12:40:00Z,1.1067521139230598,Up,"[""1"", ""0""]",0.99,2079.533460000001,,0.49,0.01,resolved,0x998833ba7b60948cc882a123e713ddaba56285dbc1a2d549e908aa991a4f0fe6,https://data.chain.link/streams/xrp-usd,,
bnb-updown-5m-1783773900,BNB,"BNB Up or Down - July 11, 8:45AM-8:50AM ET",2026-07-11T12:50:00Z,2026-07-11T12:45:00Z,578.5750213425135,Up,"[""1"", ""0""]",0.99,139.873142,,0.49,0.01,resolved,0x25e8eacb5b3104b2f38d564c1c239bb9f686728db9fd88446b2021075c937a7b,https://data.chain.link/streams/bnb-usd,,
btc-updown-5m-1783773900,BTC,"Bitcoin Up or Down - July 11, 8:45AM-8:50AM ET",2026-07-11T12:50:00Z,2026-07-11T12:45:00Z,64090.56598032067,Up,"[""1"", ""0""]",0.999,41051.39984399996,,0.47,0.01,resolved,0x549b35aff97357c2c59327da64b8c92797d397b5a51371661940a5fc621472e0,https://data.chain.link/streams/btc-usd,,
doge-updown-5m-1783773900,DOGE,"Dogecoin Up or Down - July 11, 8:45AM-8:50AM ET",2026-07-11T12:50:00Z,2026-07-11T12:45:00Z,0.0743980072458008,Up,"[""1"", ""0""]",0.99,262.822709,,0.495,0.01,resolved,0xd8f3158b10990e7ba36f4f4c65acc9d1805991de68b3808e7d9523721e0aae6b,https://data.chain.link/streams/doge-usd,,
eth-updown-5m-1783773900,ETH,"Ethereum Up or Down - July 11, 8:45AM-8:50AM ET",2026-07-11T12:50:00Z,2026-07-11T12:45:00Z,1797.61548,Up,"[""1"", ""0""]",0.99,4413.120782000002,,0.49,0.01,resolved,0xdf100a056e77f79c78ea23978347c3b699aa1f95725ad9480877048071de9641,https://data.chain.link/streams/eth-usd,,
hype-updown-5m-1783773900,HYPE,"Hyperliquid Up or Down - July 11, 8:45AM-8:50AM ET",2026-07-11T12:50:00Z,2026-07-11T12:45:00Z,66.809152,Down,"[""0"", ""1""]",0.31,158.28234799999996,,-0.38,0.19,resolved,0x03c3a5a276556400e2d196dcd59ee18877cccd5b6b81210992987ce0f3202247,https://data.chain.link/streams/hype-usd,,
sol-updown-5m-1783773900,SOL,"Solana Up or Down - July 11, 8:45AM-8:50AM ET",2026-07-11T12:50:00Z,2026-07-11T12:45:00Z,77.90507257205297,Up,"[""1"", ""0""]",0.99,2079.82284,,0.49,0.01,resolved,0x8eef971f3e097199ef8e277cda46e477c1a17492f9c1e773cdb9843b5c31231d,https://data.chain.link/streams/sol-usd,,
xrp-updown-5m-1783773900,XRP,"XRP Up or Down - July 11, 8:45AM-8:50AM ET",2026-07-11T12:50:00Z,2026-07-11T12:45:00Z,1.10707655,Up,"[""1"", ""0""]",0.99,1666.2600210000003,,0.49,0.01,resolved,0x58d41e92a302f8637873f861ff26a765d756cd553d18b6880f10c5c04666a56f,https://data.chain.link/streams/xrp-usd,,
bnb-updown-5m-1783774200,BNB,"BNB Up or Down - July 11, 8:50AM-8:55AM ET",2026-07-11T12:55:00Z,2026-07-11T12:50:00Z,579.1380772449143,Up,"[""1"", ""0""]",0.98,352.812252,315,0.3,0.01,resolved,0x7d5f2fb58f7ab943b6a7ba9a1dc992c1afa3265563d6c44dc35093368014ca27,https://data.chain.link/streams/bnb-usd,,
btc-updown-5m-1783774200,BTC,"Bitcoin Up or Down - July 11, 8:50AM-8:55AM ET",2026-07-11T12:55:00Z,2026-07-11T12:50:00Z,64115.73743874856,Up,"[""1"", ""0""]",0.99,40355.10020700005,9543.440013,0.04,0.01,resolved,0xf319250db57ae33503b2e72986b981917d81378bde0054f1f55cb9527a1b5efc,https://data.chain.link/streams/btc-usd,,
doge-updown-5m-1783774200,DOGE,"Dogecoin Up or Down - July 11, 8:50AM-8:55AM ET",2026-07-11T12:55:00Z,2026-07-11T12:50:00Z,0.07451745797669673,Up,"[""1"", ""0""]",0.99,485.6190280000001,327.85,0.125,0.01,resolved,0x7ecb1fbdd36ed10a3e217d1a6211bc82812c6f93850dcc54767527b10fe0d768,https://data.chain.link/streams/doge-usd,,
eth-updown-5m-1783774200,ETH,"Ethereum Up or Down - July 11, 8:50AM-8:55AM ET",2026-07-11T12:55:00Z,2026-07-11T12:50:00Z,1798.798145845219,Up,"[""1"", ""0""]",0.99,2825.6043889999987,2025.746336,0.05,0.01,resolved,0x972a16aa2dec3e3e7265658fdb909d24ef94f6ad49eddd0cdc18489045f98abc,https://data.chain.link/streams/eth-usd,,
hype-updown-5m-1783774200,HYPE,"Hyperliquid Up or Down - July 11, 8:50AM-8:55AM ET",2026-07-11T12:55:00Z,2026-07-11T12:50:00Z,66.787743,Up,"[""1"", ""0""]",0.98,99.67246200000001,310,-0.09,0.06,resolved,0xb116b32d4771c41f894ce87a4c749a5790d0a3e861829818c5e68d622d187ba8,https://data.chain.link/streams/hype-usd,,
sol-updown-5m-1783774200,SOL,"Solana Up or Down - July 11, 8:50AM-8:55AM ET",2026-07-11T12:55:00Z,2026-07-11T12:50:00Z,77.98834803587089,Up,"[""1"", ""0""]",0.99,1452.123158,673,0.25,0.01,resolved,0x33e5c9878d798106575141e35ec87afbfabf40fb5495e2da21650a6a1cc160d4,https://data.chain.link/streams/sol-usd,,
xrp-updown-5m-1783774200,XRP,"XRP Up or Down - July 11, 8:50AM-8:55AM ET",2026-07-11T12:55:00Z,2026-07-11T12:50:00Z,1.107729805448457,Down,"[""0"", ""1""]",0.01,1079.614329,630.88679,0.18,0.01,resolved,0x657ef170b91add28148350e2af8c8ea2724232c60aa73a4babb0cfc2b00e03c1,https://data.chain.link/streams/xrp-usd,,
bnb-updown-5m-1783774500,BNB,"BNB Up or Down - July 11, 8:55AM-9:00AM ET",2026-07-11T13:00:00Z,2026-07-11T12:55:00Z,579.1492389758789,Down,"[""0"", ""1""]",0.19,222.380711,,-0.5,0.01,resolved,0x28f21593a70381d80b63fd244642af485569a681a0bfed56e1f7e32e7748d2fe,https://data.chain.link/streams/bnb-usd,,
btc-updown-5m-1783774500,BTC,"Bitcoin Up or Down - July 11, 8:55AM-9:00AM ET",2026-07-11T13:00:00Z,2026-07-11T12:55:00Z,64134.36143074419,Up,"[""1"", ""0""]",0.999,37964.273452999994,735.77,0.49,0.01,resolved,0xbc01b8bf25c4975233be276ac2f6c6911ee12b24de1291e10db3ce137636f8f7,https://data.chain.link/streams/btc-usd,,
doge-updown-5m-1783774500,DOGE,"Dogecoin Up or Down - July 11, 8:55AM-9:00AM ET",2026-07-11T13:00:00Z,2026-07-11T12:55:00Z,0.07457072255092582,Down,"[""0"", ""1""]",0.19,313.095281,,-0.495,0.01,resolved,0xb114d52fdafe2ae49052c90e3881e01aa7202a556d7c3f92cdbdb5a56917c3e7,https://data.chain.link/streams/doge-usd,,
eth-updown-5m-1783774500,ETH,"Ethereum Up or Down - July 11, 8:55AM-9:00AM ET",2026-07-11T13:00:00Z,2026-07-11T12:55:00Z,1799.17564,Down,"[""0"", ""1""]",0.01,3177.0105890000004,500,-0.5,0.01,resolved,0x1fcdb3801700616234a6fd27e3f7466116c341470fc1210b431e7436c553c54c,https://data.chain.link/streams/eth-usd,,
hype-updown-5m-1783774500,HYPE,"Hyperliquid Up or Down - July 11, 8:55AM-9:00AM ET",2026-07-11T13:00:00Z,2026-07-11T12:55:00Z,66.878704,Down,"[""0"", ""1""]",0.2,472.93097399999994,,-0.49,0.01,resolved,0xbfb7e8fff740e4eb833e00046e5205708220aad297fc1a33b6654054665e14dd,https://data.chain.link/streams/hype-usd,,
sol-updown-5m-1783774500,SOL,"Solana Up or Down - July 11, 8:55AM-9:00AM ET",2026-07-11T13:00:00Z,2026-07-11T12:55:00Z,78.01245436578493,Up,"[""1"", ""0""]",0.99,2493.5779420000003,15,0.49,0.01,resolved,0xda8ebe8f72fc5ab10e15056591dec130c7ae28ed9361f0e9400d649101194c7c,https://data.chain.link/streams/sol-usd,,
xrp-updown-5m-1783774500,XRP,"XRP Up or Down - July 11, 8:55AM-9:00AM ET",2026-07-11T13:00:00Z,2026-07-11T12:55:00Z,1.10772725,Up,"[""1"", ""0""]",0.99,1206.4957400000003,,0.495,0.01,resolved,0x8af4978a9e576ba9d16c2029de43faba20a97107c157d227cdf7e07799271e1b,https://data.chain.link/streams/xrp-usd,,
bnb-updown-5m-1783774800,BNB,"BNB Up or Down - July 11, 9:00AM-9:05AM ET",2026-07-11T13:05:00Z,2026-07-11T13:00:00Z,578.96419126451,Up,"[""1"", ""0""]",0.99,1961.404762,,0.305,0.08,resolved,0x5209f433e98b732c23648dcbaef28e23b39915f4fa9a8db0cc888b2bdaf1b215,https://data.chain.link/streams/bnb-usd,,
btc-updown-5m-1783774800,BTC,"Bitcoin Up or Down - July 11, 9:00AM-9:05AM ET",2026-07-11T13:05:00Z,2026-07-11T13:00:00Z,64141.23432,Down,"[""0"", ""1""]",0.01,46421.726211000016,607,-0.15,0.01,resolved,0x6fd620a134e9450091e311bc5a4f28a716e7819462c61e2f8ca03f077b4c905c,https://data.chain.link/streams/btc-usd,,
doge-updown-5m-1783774800,DOGE,"Dogecoin Up or Down - July 11, 9:00AM-9:05AM ET",2026-07-11T13:05:00Z,2026-07-11T13:00:00Z,0.0745335,Up,"[""1"", ""0""]",0.99,995.245802,,-0.15,0.02,resolved,0x1ad1a3050262bc6cf61da376c3b027791e0eb792535f01e3779c93d4509fe4a6,https://data.chain.link/streams/doge-usd,,
eth-updown-5m-1783774800,ETH,"Ethereum Up or Down - July 11, 9:00AM-9:05AM ET",2026-07-11T13:05:00Z,2026-07-11T13:00:00Z,1798.6452415989268,Down,"[""0"", ""1""]",0.04,6205.862830999995,500,-0.38,0.01,resolved,0xd3b654abb2d0e076d71d7bc3c6b7db3171f96b21fa992aac6200c1f0044e191d,https://data.chain.link/streams/eth-usd,,
hype-updown-5m-1783774800,HYPE,"Hyperliquid Up or Down - July 11, 9:00AM-9:05AM ET",2026-07-11T13:05:00Z,2026-07-11T13:00:00Z,66.83555685803303,Down,"[""0"", ""1""]",0.11,186.41567099999992,,-0.385,0.01,resolved,0x0bc7dfe34420a879e88e652ee5d175926579c3581e07711c21e2fe8d4308f25c,https://data.chain.link/streams/hype-usd,,
sol-updown-5m-1783774800,SOL,"Solana Up or Down - July 11, 9:00AM-9:05AM ET",2026-07-11T13:05:00Z,2026-07-11T13:00:00Z,78.02120723621796,Down,"[""0"", ""1""]",0.01,5236.3501309999965,,-0.3,0.01,resolved,0x716bd31a0ef8a089f9718549496f61e6e278ce20f0d1e828887f49ac8e0a9b91,https://data.chain.link/streams/sol-usd,,
xrp-updown-5m-1783774800,XRP,"XRP Up or Down - July 11, 9:00AM-9:05AM ET",2026-07-11T13:05:00Z,2026-07-11T13:00:00Z,1.1078014849924724,Up,"[""1"", ""0""]",0.99,10357.32684,,0.18,0.01,resolved,0xe0f5896f69d7ed7a684c67e41a13e4c1b4623b4155fe9a252465c4e22ae824d9,https://data.chain.link/streams/xrp-usd,,
bnb-updown-5m-1783775100,BNB,"BNB Up or Down - July 11, 9:05AM-9:10AM ET",2026-07-11T13:10:00Z,2026-07-11T13:05:00Z,579.0920072183511,Up,"[""1"", ""0""]",0.99,2463.5877130000003,,-0.17,0.05,resolved,0x6f728ab8ab7df8d82b6b3ed881805f350826e01589cc24e3b1128836560279cc,https://data.chain.link/streams/bnb-usd,,
btc-updown-5m-1783775100,BTC,"Bitcoin Up or Down - July 11, 9:05AM-9:10AM ET",2026-07-11T13:10:00Z,2026-07-11T13:05:00Z,64135.111801820756,Up,"[""1"", ""0""]",0.99,33887.35630699998,649.768,-0.11,0.01,resolved,0x24eb24d518002f113576056d55797e09b38238f858bfc9fee51991b57d9c5153,https://data.chain.link/streams/btc-usd,,
doge-updown-5m-1783775100,DOGE,"Dogecoin Up or Down - July 11, 9:05AM-9:10AM ET",2026-07-11T13:10:00Z,2026-07-11T13:05:00Z,0.074549,Down,"[""0"", ""1""]",0.12,675.154198,1.960783,-0.34,0.04,resolved,0x20b13544794baa7063214bbb0310e5d3e25f40baebe5e031a993c8ccbca6ec92,https://data.chain.link/streams/doge-usd,,
eth-updown-5m-1783775100,ETH,"Ethereum Up or Down - July 11, 9:05AM-9:10AM ET",2026-07-11T13:10:00Z,2026-07-11T13:05:00Z,1797.593965,Up,"[""1"", ""0""]",0.99,5896.141970999997,,0.03,0.01,resolved,0xdbac9f1dfd5c9ddd027db9f7ed157f6a24a2090317990e3d6fd160889170aacb,https://data.chain.link/streams/eth-usd,,
hype-updown-5m-1783775100,HYPE,"Hyperliquid Up or Down - July 11, 9:05AM-9:10AM ET",2026-07-11T13:10:00Z,2026-07-11T13:05:00Z,66.783296,Down,"[""0"", ""1""]",0.13,195.67464,,0.145,0.05,resolved,0x002dee09b0db5b67d3315f9e7b6d22767e5f9b2c402785beb9fd6bccf4f33e57,https://data.chain.link/streams/hype-usd,,
sol-updown-5m-1783775100,SOL,"Solana Up or Down - July 11, 9:05AM-9:10AM ET",2026-07-11T13:10:00Z,2026-07-11T13:05:00Z,78.00380106330444,Up,"[""1"", ""0""]",0.99,6716.526259000002,4.360783,-0.26,0.01,resolved,0x980d4cf5455a74d5be32b42bebc25d748470bebde55d9aa09b51618975b61cb7,https://data.chain.link/streams/sol-usd,,
xrp-updown-5m-1783775100,XRP,"XRP Up or Down - July 11, 9:05AM-9:10AM ET",2026-07-11T13:10:00Z,2026-07-11T13:05:00Z,1.1079048873471846,Down,"[""0"", ""1""]",0.09,3479.280751,1.960783,-0.15,0.01,resolved,0x59d3e509f2fb34015cc9ee8b1470ffb02722fdc4e9938e43233ee342eaf30080,https://data.chain.link/streams/xrp-usd,,
bnb-updown-5m-1783775400,BNB,"BNB Up or Down - July 11, 9:10AM-9:15AM ET",2026-07-11T13:15:00Z,2026-07-11T13:10:00Z,579.5040635356323,Up,"[""1"", ""0""]",0.99,355.232861,,0.49,0.01,resolved,0x900c9c84de290417efac32cb5db7e843a0a3e78a3dd3159e57c25933829f86d0,https://data.chain.link/streams/bnb-usd,,
btc-updown-5m-1783775400,BTC,"Bitcoin Up or Down - July 11, 9:10AM-9:15AM ET",2026-07-11T13:15:00Z,2026-07-11T13:10:00Z,64140.08789489907,Down,"[""0"", ""1""]",0.01,37634.762732000025,,-0.5,0.01,resolved,0x1dd5daacc7329c1b2528d764439e7fe656d7af220569cffd2825dd82d9c993d3,https://data.chain.link/streams/btc-usd,,
doge-updown-5m-1783775400,DOGE,"Dogecoin Up or Down - July 11, 9:10AM-9:15AM ET",2026-07-11T13:15:00Z,2026-07-11T13:10:00Z,0.0744814,Up,"[""1"", ""0""]",0.99,499.8734620000001,1.960783,0.495,0.01,resolved,0x6756dab998bb50acee2be03604368432607f4b9a103ad081407988e4b54cac1b,https://data.chain.link/streams/doge-usd,,
eth-updown-5m-1783775400,ETH,"Ethereum Up or Down - July 11, 9:10AM-9:15AM ET",2026-07-11T13:15:00Z,2026-07-11T13:10:00Z,1798.0507466531396,Up,"[""1"", ""0""]",0.99,4545.249748000004,,0.49,0.01,resolved,0xaff088bc55bd8e0005fd4ec0495ca9282bf97061380e2773456316fe82b1652a,https://data.chain.link/streams/eth-usd,,
hype-updown-5m-1783775400,HYPE,"Hyperliquid Up or Down - July 11, 9:10AM-9:15AM ET",2026-07-11T13:15:00Z,2026-07-11T13:10:00Z,66.731246,Down,"[""0"", ""1""]",0.61,303.28334099999995,,-0.5,0.01,resolved,0x035f577664292a98187bdb282f4e2878ff775518a8750c28e73da266768cde73,https://data.chain.link/streams/hype-usd,,
sol-updown-5m-1783775400,SOL,"Solana Up or Down - July 11, 9:10AM-9:15AM ET",2026-07-11T13:15:00Z,2026-07-11T13:10:00Z,78.00682049750365,Up,"[""1"", ""0""]",0.99,3518.758946000002,2,0.49,0.01,resolved,0xbcd67ce853a9ec5b28eb1d7d57f8caf4edc04e8d8da4903b575888c170f5c4b1,https://data.chain.link/streams/sol-usd,,
xrp-updown-5m-1783775400,XRP,"XRP Up or Down - July 11, 9:10AM-9:15AM ET",2026-07-11T13:15:00Z,2026-07-11T13:10:00Z,1.1077829080914352,Up,"[""1"", ""0""]",0.99,6396.347707000002,2,0.49,0.01,resolved,0x7c0278eae03e64dc42e258395d6a85e439aa75983967879386dea15f2a1d6b02,https://data.chain.link/streams/xrp-usd,,
bnb-updown-5m-1783775700,BNB,"BNB Up or Down - July 11, 9:15AM-9:20AM ET",2026-07-11T13:20:00Z,2026-07-11T13:15:00Z,579.9866039376334,Up,"[""1"", ""0""]",0.99,9321.358822,,-0.225,0.3,resolved,0xe4a9709657615801ef980ff2212fdd3f3e384929fce89355f9eaa493afb24c08,https://data.chain.link/streams/bnb-usd,,
btc-updown-5m-1783775700,BTC,"Bitcoin Up or Down - July 11, 9:15AM-9:20AM ET",2026-07-11T13:20:00Z,2026-07-11T13:15:00Z,64135.79100626705,Down,"[""0"", ""1""]",0.01,44609.29336300004,,-0.44,0.01,resolved,0x2d59f5754eb722f8f985c376849e7ee4fbaf5bf38f6994075eda0c00d6aaee60,https://data.chain.link/streams/btc-usd,,
doge-updown-5m-1783775700,DOGE,"Dogecoin Up or Down - July 11, 9:15AM-9:20AM ET",2026-07-11T13:20:00Z,2026-07-11T13:15:00Z,0.0745214,Up,"[""1"", ""0""]",0.99,4059.466780999999,1.960783,0.415,0.01,resolved,0xd055e0d43bc16ce8293fa66c4257aaaf04d39367469d282a3f197b9fd9e76cf1,https://data.chain.link/streams/doge-usd,,
eth-updown-5m-1783775700,ETH,"Ethereum Up or Down - July 11, 9:15AM-9:20AM ET",2026-07-11T13:20:00Z,2026-07-11T13:15:00Z,1798.7194857728914,Up,"[""1"", ""0""]",0.99,3985.5865940000017,1.960783,0.49,0.01,resolved,0x8ecb7f1f8fde5dc57f8bdfc2a62ab76410607613c28315431907e4b449e870a3,https://data.chain.link/streams/eth-usd,,
hype-updown-5m-1783775700,HYPE,"Hyperliquid Up or Down - July 11, 9:15AM-9:20AM ET",2026-07-11T13:20:00Z,2026-07-11T13:15:00Z,66.729364,Down,"[""0"", ""1""]",0.05,86.139111,,-0.435,0.09,resolved,0x615591a86d2bad71528389b7a8b0ee0393c61b180b08907cfe0a88a408991e44,https://data.chain.link/streams/hype-usd,,
sol-updown-5m-1783775700,SOL,"Solana Up or Down - July 11, 9:15AM-9:20AM ET",2026-07-11T13:20:00Z,2026-07-11T13:15:00Z,78.03485286197632,Up,"[""1"", ""0""]",0.99,2931.1823329999966,2,0.49,0.01,resolved,0x8bab5be7996d3aa352a777397e7b7ff56ebaf9e98dc7a4ee5c70c7461bee1ed7,https://data.chain.link/streams/sol-usd,,
xrp-updown-5m-1783775700,XRP,"XRP Up or Down - July 11, 9:15AM-9:20AM ET",2026-07-11T13:20:00Z,2026-07-11T13:15:00Z,1.10810775,Up,"[""1"", ""0""]",0.99,2416.2255130000012,,0.465,0.02,resolved,0xcd6512c34986a4a79066668448de6b322d96b7d492c380310c112745a629f945,https://data.chain.link/streams/xrp-usd,,
bnb-updown-5m-1783776000,BNB,"BNB Up or Down - July 11, 9:20AM-9:25AM ET",2026-07-11T13:25:00Z,2026-07-11T13:20:00Z,579.9906984992306,Up,"[""1"", ""0""]",0.99,373.0801279999999,,0.16,0.09,resolved,0x971f188f8fd861f2adb20864c4cba128f46d2faba876a9fe6b1c8bb497d672f5,https://data.chain.link/streams/bnb-usd,,
btc-updown-5m-1783776000,BTC,"Bitcoin Up or Down - July 11, 9:20AM-9:25AM ET",2026-07-11T13:25:00Z,2026-07-11T13:20:00Z,64134.763455,Up,"[""1"", ""0""]",0.999,36247.25892700001,,0.4945,0.001,resolved,0x0bc0646de396b119a695186a204590726e4046b1bdca4595817789b699927907,https://data.chain.link/streams/btc-usd,,
doge-updown-5m-1783776000,DOGE,"Dogecoin Up or Down - July 11, 9:20AM-9:25AM ET",2026-07-11T13:25:00Z,2026-07-11T13:20:00Z,0.0745866,Up,"[""1"", ""0""]",0.99,281.484319,,0.445,0.03,resolved,0x9a0f5c96c9a5d0ca61295a2d55b7b7ace39d91aa5d2fa570f7948766435b8047,https://data.chain.link/streams/doge-usd,,
eth-updown-5m-1783776000,ETH,"Ethereum Up or Down - July 11, 9:20AM-9:25AM ET",2026-07-11T13:25:00Z,2026-07-11T13:20:00Z,1800.638120540938,Down,"[""0"", ""1""]",0.01,5414.993787000004,1.960783,-0.07,0.01,resolved,0x5b0983aaf9783594926fd31c7c2c0541aa2023d0b9153aa73af4b3331e9b68e5,https://data.chain.link/streams/eth-usd,,
hype-updown-5m-1783776000,HYPE,"Hyperliquid Up or Down - July 11, 9:20AM-9:25AM ET",2026-07-11T13:25:00Z,2026-07-11T13:20:00Z,66.69102176757687,Up,"[""1"", ""0""]",0.95,316.58475999999996,,0.48,0.02,resolved,0x4b5c8dc8b1e3e0457cdfbd9a97e75a792c30322fd19d4a0d25ea207e6cd5026c,https://data.chain.link/streams/hype-usd,,
sol-updown-5m-1783776000,SOL,"Solana Up or Down - July 11, 9:20AM-9:25AM ET",2026-07-11T13:25:00Z,2026-07-11T13:20:00Z,78.10198935490766,Up,"[""1"", ""0""]",0.99,2846.501039,,0.37,0.01,resolved,0x6975beca7dd9d49c20663c8f900dd412851f53464a7129b8150ac7779df8193a,https://data.chain.link/streams/sol-usd,,
xrp-updown-5m-1783776000,XRP,"XRP Up or Down - July 11, 9:20AM-9:25AM ET",2026-07-11T13:25:00Z,2026-07-11T13:20:00Z,1.1085088341415958,Up,"[""1"", ""0""]",0.99,1712.8924839999984,,0.49,0.01,resolved,0x12bd045d00c69784cc5af9f0ea3009f98273d58d13540a4352b58e30cde4e224,https://data.chain.link/streams/xrp-usd,,
bnb-updown-5m-1783776300,BNB,"BNB Up or Down - July 11, 9:25AM-9:30AM ET",2026-07-11T13:30:00Z,2026-07-11T13:25:00Z,,Up,"[""1"", ""0""]",0.99,423.9125699999999,,0.465,0.04,resolved,0x654aaf73705bf6ad062c3166fc46996f201261fb24bdbd3fe9fe19fdfa4dc852,https://data.chain.link/streams/bnb-usd,,
btc-updown-5m-1783776300,BTC,"Bitcoin Up or Down - July 11, 9:25AM-9:30AM ET",2026-07-11T13:30:00Z,2026-07-11T13:25:00Z,,Down,"[""0"", ""1""]",0.01,73523.81774299993,,-0.27,0.03,resolved,0x28027472fa8bf888fcfb6bd87350fb2f952f425f1f439877ac89faedcf68f5b9,https://data.chain.link/streams/btc-usd,,
doge-updown-5m-1783776300,DOGE,"Dogecoin Up or Down - July 11, 9:25AM-9:30AM ET",2026-07-11T13:30:00Z,2026-07-11T13:25:00Z,,Up,"[""1"", ""0""]",0.99,371.745359,,0.495,0.01,resolved,0x1d5e374c02ea25b3ddc522d9ad985f00701d317ed6e05738ed822d4221693baa,https://data.chain.link/streams/doge-usd,,
eth-updown-5m-1783776300,ETH,"Ethereum Up or Down - July 11, 9:25AM-9:30AM ET",2026-07-11T13:30:00Z,2026-07-11T13:25:00Z,,Up,"[""1"", ""0""]",0.99,5895.4055960000005,,0.45,0.01,resolved,0xb2f46a5436271d851e709a0cb5c6b20fce712244b7f70c0f92dcebaa1558054a,https://data.chain.link/streams/eth-usd,,
hype-updown-5m-1783776300,HYPE,"Hyperliquid Up or Down - July 11, 9:25AM-9:30AM ET",2026-07-11T13:30:00Z,2026-07-11T13:25:00Z,,Down,"[""0"", ""1""]",0.49,134.60455399999998,,-0.43,0.09,resolved,0x246449fce3b3816b22770f042840b3025b68c627a034cbbd2d4bd4e94b36eba9,https://data.chain.link/streams/hype-usd,,
sol-updown-5m-1783776300,SOL,"Solana Up or Down - July 11, 9:25AM-9:30AM ET",2026-07-11T13:30:00Z,2026-07-11T13:25:00Z,,Up,"[""1"", ""0""]",0.99,3544.0096089999943,,0.42,0.05,resolved,0xfde9ada134c4c5b9fee4698910db4437bc69c422d07ecd58dab55f22b25c3ebc,https://data.chain.link/streams/sol-usd,,
xrp-updown-5m-1783776300,XRP,"XRP Up or Down - July 11, 9:25AM-9:30AM ET",2026-07-11T13:30:00Z,2026-07-11T13:25:00Z,,Down,"[""0"", ""1""]",0.46,1781.8711400000002,,-0.25,0.31,resolved,0x933ac1c52322054e12cf72dcdf9d793750c9235266772d899731aed9cf21ba12,https://data.chain.link/streams/xrp-usd,,
bnb-updown-5m-1783776600,BNB,"BNB Up or Down - July 11, 9:30AM-9:35AM ET",2026-07-11T13:35:00Z,2026-07-11T13:30:00Z,580.0702688871403,Up,"[""1"", ""0""]",0.99,337.103952,,0.49,0.01,resolved,0x03cfa6dfe1a9cfc9c7b2521be7424d9a5cbd50c9855c94192e1d3b00e2fa73f8,https://data.chain.link/streams/bnb-usd,,
btc-updown-5m-1783776600,BTC,"Bitcoin Up or Down - July 11, 9:30AM-9:35AM ET",2026-07-11T13:35:00Z,2026-07-11T13:30:00Z,64148.41419368866,Up,"[""1"", ""0""]",0.99,43661.92990799992,1.960783,0.49,0.01,resolved,0xab291525456556a843dfe5a245177ec7b81a203e7edb32cb86b9ee7241c00841,https://data.chain.link/streams/btc-usd,,
doge-updown-5m-1783776600,DOGE,"Dogecoin Up or Down - July 11, 9:30AM-9:35AM ET",2026-07-11T13:35:00Z,2026-07-11T13:30:00Z,0.074729,Up,"[""1"", ""0""]",0.99,890.209735,,0.495,0.01,resolved,0x4baadef6043e6f2f39579e2c7cb74dd74c7f661253cd1116f9b8ad573f2402ab,https://data.chain.link/streams/doge-usd,,
eth-updown-5m-1783776600,ETH,"Ethereum Up or Down - July 11, 9:30AM-9:35AM ET",2026-07-11T13:35:00Z,2026-07-11T13:30:00Z,1800.2228373475948,Up,"[""1"", ""0""]",0.99,9833.914284999993,2,0.47,0.01,resolved,0xc4cb068081ce1937d7356bbc91a0b33e3b3e28ac2b47f99a19ff44e32d6f21fe,https://data.chain.link/streams/eth-usd,,
hype-updown-5m-1783776600,HYPE,"Hyperliquid Up or Down - July 11, 9:30AM-9:35AM ET",2026-07-11T13:35:00Z,2026-07-11T13:30:00Z,66.68781389542036,Down,"[""0"", ""1""]",0.01,567.8930029999999,,-0.495,0.01,resolved,0x0fec958f4af1c3fc29df99e45eb9b314e072696d744df1e07134a881dbe22718,https://data.chain.link/streams/hype-usd,,
sol-updown-5m-1783776600,SOL,"Solana Up or Down - July 11, 9:30AM-9:35AM ET",2026-07-11T13:35:00Z,2026-07-11T13:30:00Z,78.15659184521989,Up,"[""1"", ""0""]",0.99,4717.496195999998,,0.28,0.01,resolved,0x07b9350a94da7ffe17bb05e0448eb570dba97597345e8ec58bdcbe42d19d383c,https://data.chain.link/streams/sol-usd,,
xrp-updown-5m-1783776600,XRP,"XRP Up or Down - July 11, 9:30AM-9:35AM ET",2026-07-11T13:35:00Z,2026-07-11T13:30:00Z,1.1088818874382644,Up,"[""1"", ""0""]",0.99,1830.1170960000002,,0.49,0.01,resolved,0xda81a77915516662b0f0b5269d97f770394188bd5d8a722125075a9afca854e4,https://data.chain.link/streams/xrp-usd,,
bnb-updown-5m-1783776900,BNB,"BNB Up or Down - July 11, 9:35AM-9:40AM ET",2026-07-11T13:40:00Z,2026-07-11T13:35:00Z,581.02802,Down,"[""0"", ""1""]",0.91,576.972786,,-0.165,0.26,resolved,0x27b0158d6eee44d134a8c66631e4ee040cc6e1134d99dcb6a3bc65587d701fd2,https://data.chain.link/streams/bnb-usd,,
btc-updown-5m-1783776900,BTC,"Bitcoin Up or Down - July 11, 9:35AM-9:40AM ET",2026-07-11T13:40:00Z,2026-07-11T13:35:00Z,64176.92407581814,Down,"[""0"", ""1""]",0.01,41211.746784999894,,-0.49,0.01,resolved,0x6926a87f9b240666b7e876ce167c7866bdeba3e9b4e5b4d697ecdfb4bea1f3e0,https://data.chain.link/streams/btc-usd,,
doge-updown-5m-1783776900,DOGE,"Dogecoin Up or Down - July 11, 9:35AM-9:40AM ET",2026-07-11T13:40:00Z,2026-07-11T13:35:00Z,0.0747666,Down,"[""0"", ""1""]",0.19,446.04228200000017,,-0.48,0.02,resolved,0xc62f0ce5af755c59d10e6fe8dc7333b322448354f4cd7342a3b19d6738c2db44,https://data.chain.link/streams/doge-usd,,
eth-updown-5m-1783776900,ETH,"Ethereum Up or Down - July 11, 9:35AM-9:40AM ET",2026-07-11T13:40:00Z,2026-07-11T13:35:00Z,1801.44761,Down,"[""0"", ""1""]",0.01,6308.234398000004,,-0.4,0.01,resolved,0x2dd61fe1df49152d11ed5a88165031c08e5b0e9f10b0272002a142488437a009,https://data.chain.link/streams/eth-usd,,
hype-updown-5m-1783776900,HYPE,"Hyperliquid Up or Down - July 11, 9:35AM-9:40AM ET",2026-07-11T13:40:00Z,2026-07-11T13:35:00Z,66.66397,Down,"[""0"", ""1""]",0.01,374.8,,-0.495,0.01,resolved,0xe35ce80acb2f0daa0545d29038ebd510fa5a6c223f8a199d53e6c3776a7072b7,https://data.chain.link/streams/hype-usd,,
sol-updown-5m-1783776900,SOL,"Solana Up or Down - July 11, 9:35AM-9:40AM ET",2026-07-11T13:40:00Z,2026-07-11T13:35:00Z,78.22114389344794,Down,"[""0"", ""1""]",0.01,2976.1737019999987,,-0.5,0.01,resolved,0xcfee116daddb2d9d91ccfd2835c8b3d8d2e5b3191459c897b21b3a953abf9309,https://data.chain.link/streams/sol-usd,,
xrp-updown-5m-1783776900,XRP,"XRP Up or Down - July 11, 9:35AM-9:40AM ET",2026-07-11T13:40:00Z,2026-07-11T13:35:00Z,1.1092619261265109,Down,"[""0"", ""1""]",0.01,1214.6073519999998,,-0.5,0.01,resolved,0x4207d6b78c1a4a878ddc0afb769f334e1369317eee26e03f2ef0c1eb04dd7a23,https://data.chain.link/streams/xrp-usd,,
bnb-updown-5m-1783777200,BNB,"BNB Up or Down - July 11, 9:40AM-9:45AM ET",2026-07-11T13:45:00Z,2026-07-11T13:40:00Z,580.98959,Down,"[""0"", ""1""]",0.74,154.09621900000002,,-0.5,0.01,resolved,0x1714af94981fc4d19b9588a9c3b7611449f588903f0e7cc104d94c22380add32,https://data.chain.link/streams/bnb-usd,,
btc-updown-5m-1783777200,BTC,"Bitcoin Up or Down - July 11, 9:40AM-9:45AM ET",2026-07-11T13:45:00Z,2026-07-11T13:40:00Z,64163.518625000004,Up,"[""1"", ""0""]",0.999,37032.56220599998,,0.4945,0.001,resolved,0xbecf62c2c484243923d4b0ebcbdbcc72bc64defb05f529a971604f2fb4253de0,https://data.chain.link/streams/btc-usd,,
doge-updown-5m-1783777200,DOGE,"Dogecoin Up or Down - July 11, 9:40AM-9:45AM ET",2026-07-11T13:45:00Z,2026-07-11T13:40:00Z,0.0747151,Down,"[""0"", ""1""]",0.07,892.2699929999999,,-0.495,0.01,resolved,0x3420d73194bf4fbbb87493697f070393cdd7903514b6002469da7c1b506a595c,https://data.chain.link/streams/doge-usd,,
eth-updown-5m-1783777200,ETH,"Ethereum Up or Down - July 11, 9:40AM-9:45AM ET",2026-07-11T13:45:00Z,2026-07-11T13:40:00Z,1801.026875352035,Up,"[""1"", ""0""]",0.99,6004.482191999999,1.960783,0.49,0.01,resolved,0x139cd8c14dba3634eb497081fd3cbc76b99d2abef013cdef4e4975aadba2ab7d,https://data.chain.link/streams/eth-usd,,
hype-updown-5m-1783777200,HYPE,"Hyperliquid Up or Down - July 11, 9:40AM-9:45AM ET",2026-07-11T13:45:00Z,2026-07-11T13:40:00Z,66.438085,Up,"[""1"", ""0""]",0.99,267.884997,,0.495,0.01,resolved,0x31c16b2eee6891f8e266bebcc9af3800b07965ea1ecbd3e1d154ecff3e1577f9,https://data.chain.link/streams/hype-usd,,
sol-updown-5m-1783777200,SOL,"Solana Up or Down - July 11, 9:40AM-9:45AM ET",2026-07-11T13:45:00Z,2026-07-11T13:40:00Z,78.11258033654556,Up,"[""1"", ""0""]",0.99,4007.5867330000015,1.960783,0.49,0.01,resolved,0xca8ef18d508506edd21548598e24a05bc7a322a31d2651593bdd28bb8a7f6536,https://data.chain.link/streams/sol-usd,,
xrp-updown-5m-1783777200,XRP,"XRP Up or Down - July 11, 9:40AM-9:45AM ET",2026-07-11T13:45:00Z,2026-07-11T13:40:00Z,1.108085,Down,"[""0"", ""1""]",0.33,728.7793699999997,,-0.5,0.01,resolved,0x42c53ea95d5674a4701769f43bf96a5fca8d175bee23586ec9f59a6909cb8945,https://data.chain.link/streams/xrp-usd,,
bnb-updown-5m-1783777500,BNB,"BNB Up or Down - July 11, 9:45AM-9:50AM ET",2026-07-11T13:50:00Z,2026-07-11T13:45:00Z,580.9863399999999,Down,"[""0"", ""1""]",0.16,202.80993099999998,,-0.5,0.01,resolved,0x32c54fe2f7addccbe308bef744aab4ba9e02cde43cef5dc8bddfce563d539661,https://data.chain.link/streams/bnb-usd,,
btc-updown-5m-1783777500,BTC,"Bitcoin Up or Down - July 11, 9:45AM-9:50AM ET",2026-07-11T13:50:00Z,2026-07-11T13:45:00Z,64195.607565,Up,"[""1"", ""0""]",0.99,45634.140104999926,,0.48,0.01,resolved,0x1d2279bf96de9946609467c58c774a290a2bf32f5b6d4c52010d65eaa5564ff9,https://data.chain.link/streams/btc-usd,,
doge-updown-5m-1783777500,DOGE,"Dogecoin Up or Down - July 11, 9:45AM-9:50AM ET",2026-07-11T13:50:00Z,2026-07-11T13:45:00Z,0.0746452,Up,"[""1"", ""0""]",0.99,246.02202200000002,1.960783,0.495,0.01,resolved,0x462b9a45018da436066b026f2b063cfa23c5138335632e231afc3e36ca6df918,https://data.chain.link/streams/doge-usd,,
eth-updown-5m-1783777500,ETH,"Ethereum Up or Down - July 11, 9:45AM-9:50AM ET",2026-07-11T13:50:00Z,2026-07-11T13:45:00Z,1802.17281,Up,"[""1"", ""0""]",0.99,6236.356751999998,,0.49,0.01,resolved,0xdbc5bdafe0e7ccd0c5c657f78555becacc8d3ebac632340276b4f345cc9ddc95,https://data.chain.link/streams/eth-usd,,
hype-updown-5m-1783777500,HYPE,"Hyperliquid Up or Down - July 11, 9:45AM-9:50AM ET",2026-07-11T13:50:00Z,2026-07-11T13:45:00Z,66.548424,Up,"[""1"", ""0""]",0.99,244.3192249999999,,0.385,0.03,resolved,0x72b1d24b4ab00a97432af5e0d614657bfe53e53f997ea73e558a8cabef10e166,https://data.chain.link/streams/hype-usd,,
sol-updown-5m-1783777500,SOL,"Solana Up or Down - July 11, 9:45AM-9:50AM ET",2026-07-11T13:50:00Z,2026-07-11T13:45:00Z,78.1156207340225,Up,"[""1"", ""0""]",0.99,6978.195092000001,1.960783,0.49,0.01,resolved,0xb19f240c9cebf661ce75b4fbee1e794754748a85aff0786c6a16a16723154694,https://data.chain.link/streams/sol-usd,,
xrp-updown-5m-1783777500,XRP,"XRP Up or Down - July 11, 9:45AM-9:50AM ET",2026-07-11T13:50:00Z,2026-07-11T13:45:00Z,1.1080604,Up,"[""1"", ""0""]",0.99,749.0378709999999,2,0.49,0.01,resolved,0x35edba528e1d09c6953cac16a47c3b782d41927d357530bf9dec30690c656fe4,https://data.chain.link/streams/xrp-usd,,
bnb-updown-5m-1783777800,BNB,"BNB Up or Down - July 11, 9:50AM-9:55AM ET",2026-07-11T13:55:00Z,2026-07-11T13:50:00Z,580.5838411267763,Up,"[""1"", ""0""]",0.99,239.680202,310,0.49,0.01,resolved,0x2afc2a12df86c1ffb894ff400461569a5597d8ba745d0cbaa816af93d9aa0cf4,https://data.chain.link/streams/bnb-usd,,
btc-updown-5m-1783777800,BTC,"Bitcoin Up or Down - July 11, 9:50AM-9:55AM ET",2026-07-11T13:55:00Z,2026-07-11T13:50:00Z,64213.17633,Down,"[""0"", ""1""]",0.01,35197.503528999936,6702.301377,-0.5,0.01,resolved,0x1e5e3be6d8a14ee412d916da55f4d6ba910395fc178dffbcf011d2991bfb6c71,https://data.chain.link/streams/btc-usd,,
doge-updown-5m-1783777800,DOGE,"Dogecoin Up or Down - July 11, 9:50AM-9:55AM ET",2026-07-11T13:55:00Z,2026-07-11T13:50:00Z,0.0747065,Down,"[""0"", ""1""]",0.18,380.022018,311.960783,-0.495,0.01,resolved,0x9bc2251d32b50635a5723110f874421dce00b795348ab64024f14df99534659f,https://data.chain.link/streams/doge-usd,,
eth-updown-5m-1783777800,ETH,"Ethereum Up or Down - July 11, 9:50AM-9:55AM ET",2026-07-11T13:55:00Z,2026-07-11T13:50:00Z,1803.125853802955,Down,"[""0"", ""1""]",0.02,5418.3740080000025,2690.390768,-0.5045,0.001,resolved,0xcd6f237e410ff1ede0d4377c69e10c250405fe8ffdc0d7496e9a8419cfe93831,https://data.chain.link/streams/eth-usd,,
hype-updown-5m-1783777800,HYPE,"Hyperliquid Up or Down - July 11, 9:50AM-9:55AM ET",2026-07-11T13:55:00Z,2026-07-11T13:50:00Z,66.553326,Up,"[""1"", ""0""]",0.99,128.786477,310,0.4995,0.001,resolved,0x3d0879ab9504863cf41e50b8dd7a4d230440b59486c6409095125dfa9946956c,https://data.chain.link/streams/hype-usd,,
sol-updown-5m-1783777800,SOL,"Solana Up or Down - July 11, 9:50AM-9:55AM ET",2026-07-11T13:55:00Z,2026-07-11T13:50:00Z,78.17775226641069,Down,"[""0"", ""1""]",0.06,2573.276845000001,638.134463,-0.5,0.01,resolved,0xcbe3c2ce10bd06bdc03dc7164bb6e27fa4c04dcab7d6f12011834b17311f53f1,https://data.chain.link/streams/sol-usd,,
xrp-updown-5m-1783777800,XRP,"XRP Up or Down - July 11, 9:50AM-9:55AM ET",2026-07-11T13:55:00Z,2026-07-11T13:50:00Z,1.1090166662181917,Down,"[""0"", ""1""]",0.03,983.408631,615,-0.5045,0.001,resolved,0x99b929039a4dacd8a50d2b9a83db2cbbbcb03aff120aa54756acac18578729af,https://data.chain.link/streams/xrp-usd,,
bnb-updown-5m-1783778100,BNB,"BNB Up or Down - July 11, 9:55AM-10:00AM ET",2026-07-11T14:00:00Z,2026-07-11T13:55:00Z,580.92715,Down,"[""0"", ""1""]",0.05,215.079295,,-0.045,0.88,resolved,0xd33b049bda912096a2b6dd0bea864bb3f6e2e79b91f381dfc7d14198142ab385,https://data.chain.link/streams/bnb-usd,,
btc-updown-5m-1783778100,BTC,"Bitcoin Up or Down - July 11, 9:55AM-10:00AM ET",2026-07-11T14:00:00Z,2026-07-11T13:55:00Z,64213.038360000006,Down,"[""0"", ""1""]",0.01,32730.875505000015,123.89,-0.5,0.01,resolved,0x0646e6b31e4693e60ef5885e6903d2f1d282b5a54a5eab010cb440152d9229af,https://data.chain.link/streams/btc-usd,,
doge-updown-5m-1783778100,DOGE,"Dogecoin Up or Down - July 11, 9:55AM-10:00AM ET",2026-07-11T14:00:00Z,2026-07-11T13:55:00Z,0.0746556,Down,"[""0"", ""1""]",0.1,304.60113900000005,1.960783,-0.48,0.02,resolved,0xc05cd53776b2d329c2dc0cc90a0f94b62d638fcaa419fdd1b36eca09da972bc9,https://data.chain.link/streams/doge-usd,,
eth-updown-5m-1783778100,ETH,"Ethereum Up or Down - July 11, 9:55AM-10:00AM ET",2026-07-11T14:00:00Z,2026-07-11T13:55:00Z,1801.54968,Down,"[""0"", ""1""]",0.01,5933.873218000001,5,-0.42,0.01,resolved,0x600701a7c7493f826eecd5842df4573d1cdbf5cf25eb706ccadec53e8cd77431,https://data.chain.link/streams/eth-usd,,
hype-updown-5m-1783778100,HYPE,"Hyperliquid Up or Down - July 11, 9:55AM-10:00AM ET",2026-07-11T14:00:00Z,2026-07-11T13:55:00Z,66.63302145878681,Down,"[""0"", ""1""]",0.43,246.51856700000002,,-0.495,0.01,resolved,0x68519abb258f4faaed624e52359f0cb6e4affd5bceadd038d419eb1d96a2bd6a,https://data.chain.link/streams/hype-usd,,
sol-updown-5m-1783778100,SOL,"Solana Up or Down - July 11, 9:55AM-10:00AM ET",2026-07-11T14:00:00Z,2026-07-11T13:55:00Z,78.142816,Down,"[""0"", ""1""]",0.01,2752.8569689999995,2,-0.49,0.01,resolved,0xec52d2ab8ce1ccbc1ab4f56621df45e949d05e667d84c5d95a0d841efb72e78d,https://data.chain.link/streams/sol-usd,,
xrp-updown-5m-1783778100,XRP,"XRP Up or Down - July 11, 9:55AM-10:00AM ET",2026-07-11T14:00:00Z,2026-07-11T13:55:00Z,1.108371,Down,"[""0"", ""1""]",0.01,1018.4575930000002,1.960783,0.255,0.06,resolved,0xbc616992ba78dd2538d755b4d05540f96cddab89c5317b1c05aad0dcc76ce403,https://data.chain.link/streams/xrp-usd,,
bnb-updown-5m-1783778400,BNB,"BNB Up or Down - July 11, 10:00AM-10:05AM ET",2026-07-11T14:05:00Z,2026-07-11T14:00:00Z,580.80798,Up,"[""1"", ""0""]",0.999,352.312519,,0.4945,0.001,resolved,0x52dec76f285d0447c4a2ee76859906f8c0ff846ac10816841790721d42556dbd,https://data.chain.link/streams/bnb-usd,,
btc-updown-5m-1783778400,BTC,"Bitcoin Up or Down - July 11, 10:00AM-10:05AM ET",2026-07-11T14:05:00Z,2026-07-11T14:00:00Z,64194.511775,Up,"[""1"", ""0""]",0.99,34428.64574899997,,0.49,0.01,resolved,0x7116af0e9ee4887618392b1a2f2c04a8c2ac08ea9fc1c471f24ec4d8a0b5e60f,https://data.chain.link/streams/btc-usd,,
doge-updown-5m-1783778400,DOGE,"Dogecoin Up or Down - July 11, 10:00AM-10:05AM ET",2026-07-11T14:05:00Z,2026-07-11T14:00:00Z,0.0746052,Up,"[""1"", ""0""]",0.999,630.4659760000001,,0.4995,0.001,resolved,0xfe29e04bcb1cfd65c34a707116c012469bd8c243f788b229bd718005259ddd52,https://data.chain.link/streams/doge-usd,,
eth-updown-5m-1783778400,ETH,"Ethereum Up or Down - July 11, 10:00AM-10:05AM ET",2026-07-11T14:05:00Z,2026-07-11T14:00:00Z,1801.3063859515053,Up,"[""1"", ""0""]",0.99,4654.003366000001,,0.49,0.01,resolved,0xfb3c015b8989c0bee5340945558c2081987fe3ad3a1c4176dd66a7b5e1b7e4e4,https://data.chain.link/streams/eth-usd,,
hype-updown-5m-1783778400,HYPE,"Hyperliquid Up or Down - July 11, 10:00AM-10:05AM ET",2026-07-11T14:05:00Z,2026-07-11T14:00:00Z,66.589715,Up,"[""1"", ""0""]",0.999,451.226183,,0.4995,0.001,resolved,0xa6e3b151db8ee5f3b2bdae348142c5e9466dce04648e7b972d0ff21e02a1eb36,https://data.chain.link/streams/hype-usd,,
sol-updown-5m-1783778400,SOL,"Solana Up or Down - July 11, 10:00AM-10:05AM ET",2026-07-11T14:05:00Z,2026-07-11T14:00:00Z,78.113576,Up,"[""1"", ""0""]",0.99,1828.0764139999987,,0.49,0.01,resolved,0x95d2d73a7d5cb22855213730bc49a7a7c13d566a6e711179a28726e8160135b9,https://data.chain.link/streams/sol-usd,,
xrp-updown-5m-1783778400,XRP,"XRP Up or Down - July 11, 10:00AM-10:05AM ET",2026-07-11T14:05:00Z,2026-07-11T14:00:00Z,1.10802795,Up,"[""1"", ""0""]",0.999,819.179771,,0.4945,0.001,resolved,0x0cce77f48a656582850f5e81758fe9aeced696b5e307b3e86beff35b5dd4af04,https://data.chain.link/streams/xrp-usd,,
bnb-updown-5m-1783778700,BNB,"BNB Up or Down - July 11, 10:05AM-10:10AM ET",2026-07-11T14:10:00Z,2026-07-11T14:05:00Z,581.4143405548394,Up,"[""1"", ""0""]",0.99,223.33498000000003,,0.415,0.08,resolved,0x4fd1b07871fa60c42ad677f19a41530e055deb7a5a8e41b8af395aa12e3aa11b,https://data.chain.link/streams/bnb-usd,,
btc-updown-5m-1783778700,BTC,"Bitcoin Up or Down - July 11, 10:05AM-10:10AM ET",2026-07-11T14:10:00Z,2026-07-11T14:05:00Z,64216.52388496294,Up,"[""1"", ""0""]",0.99,58057.550659999986,21,0.42,0.01,resolved,0xafebf461590448eef3698cd2561c7a53b38f10b95e8cd5e6b6eb7af3325f0aef,https://data.chain.link/streams/btc-usd,,
doge-updown-5m-1783778700,DOGE,"Dogecoin Up or Down - July 11, 10:05AM-10:10AM ET",2026-07-11T14:10:00Z,2026-07-11T14:05:00Z,0.07482521168575022,Up,"[""1"", ""0""]",0.999,608.8751590000002,,0.495,0.01,resolved,0xd71c6eaaa6a674b8a2a52c7c0685385842ba1a084ac792f1b237e535833e6052,https://data.chain.link/streams/doge-usd,,
eth-updown-5m-1783778700,ETH,"Ethereum Up or Down - July 11, 10:05AM-10:10AM ET",2026-07-11T14:10:00Z,2026-07-11T14:05:00Z,1802.2535453545674,Up,"[""1"", ""0""]",0.99,4208.541795000004,,0.45,0.01,resolved,0xfdbfced54889596254ec3bc2b9f5b6dae713a389f2abec4d858b745e3d4d6d48,https://data.chain.link/streams/eth-usd,,
hype-updown-5m-1783778700,HYPE,"Hyperliquid Up or Down - July 11, 10:05AM-10:10AM ET",2026-07-11T14:10:00Z,2026-07-11T14:05:00Z,66.70264474057498,Up,"[""1"", ""0""]",0.99,155.647803,,0.45,0.08,resolved,0xea024f8003f50cbc05338909a22abb468291ba74c34fbe131345daba26e4448d,https://data.chain.link/streams/hype-usd,,
sol-updown-5m-1783778700,SOL,"Solana Up or Down - July 11, 10:05AM-10:10AM ET",2026-07-11T14:10:00Z,2026-07-11T14:05:00Z,78.18327794881402,Up,"[""1"", ""0""]",0.99,3942.650482999999,,0.49,0.01,resolved,0x0508bc5b2d3ebb8912b8314fcf98701da8812bfdbdee3a459a3329a365f229c3,https://data.chain.link/streams/sol-usd,,
xrp-updown-5m-1783778700,XRP,"XRP Up or Down - July 11, 10:05AM-10:10AM ET",2026-07-11T14:10:00Z,2026-07-11T14:05:00Z,1.108949483200922,Up,"[""1"", ""0""]",0.99,1222.536916,,0.425,0.08,resolved,0x2b081ba702ea0ed3d2ea38888cc477b56bf6c807b940779535edc0290e4c8d49,https://data.chain.link/streams/xrp-usd,,
bnb-updown-5m-1783779000,BNB,"BNB Up or Down - July 11, 10:10AM-10:15AM ET",2026-07-11T14:15:00Z,2026-07-11T14:10:00Z,581.5599682684542,Up,"[""1"", ""0""]",0.98,351.784839,,0.38,0.03,resolved,0xa4a8a02dfbf871416d1b8a06448f645dad6fe68b3677231981203313bad27e38,https://data.chain.link/streams/bnb-usd,,
btc-updown-5m-1783779000,BTC,"Bitcoin Up or Down - July 11, 10:10AM-10:15AM ET",2026-07-11T14:15:00Z,2026-07-11T14:10:00Z,64228.97741859179,Down,"[""0"", ""1""]",0.01,69108.642233,,0.04,0.01,resolved,0xe984e7e5199cd64362741bd742c6c0cd9f97eadfee56adb79cdbc467770eed67,https://data.chain.link/streams/btc-usd,,
doge-updown-5m-1783779000,DOGE,"Dogecoin Up or Down - July 11, 10:10AM-10:15AM ET",2026-07-11T14:15:00Z,2026-07-11T14:10:00Z,0.07494343068891701,Down,"[""0"", ""1""]",0.36,1113.1170970000003,,-0.495,0.01,resolved,0x90304ebbb007d9c12c8487d535a45b2166f36e7d69e4ca8ab5d7121c466e1b6b,https://data.chain.link/streams/doge-usd,,
eth-updown-5m-1783779000,ETH,"Ethereum Up or Down - July 11, 10:10AM-10:15AM ET",2026-07-11T14:15:00Z,2026-07-11T14:10:00Z,1802.878441956436,Down,"[""0"", ""1""]",0.02,3811.229405000003,,-0.4,0.01,resolved,0x674d9e1c9e83378f4b0105de31862dac2a864d5b7454ca5a844cfc36e4f228d9,https://data.chain.link/streams/eth-usd,,
hype-updown-5m-1783779000,HYPE,"Hyperliquid Up or Down - July 11, 10:10AM-10:15AM ET",2026-07-11T14:15:00Z,2026-07-11T14:10:00Z,66.751519,Up,"[""1"", ""0""]",0.999,407.54324899999995,,0.47,0.01,resolved,0xa034dfd2089cfb34ea2fe33afe47841eed529671e7bf6f6b5a415eb7055aa87b,https://data.chain.link/streams/hype-usd,,
sol-updown-5m-1783779000,SOL,"Solana Up or Down - July 11, 10:10AM-10:15AM ET",2026-07-11T14:15:00Z,2026-07-11T14:10:00Z,78.23812345308139,Down,"[""0"", ""1""]",0.01,2767.988417000002,,-0.03,0.01,resolved,0xb8cb2a007a55423c2c6880e3577e770e19d4ad0a68e424e80545ed73d21c4ec9,https://data.chain.link/streams/sol-usd,,
xrp-updown-5m-1783779000,XRP,"XRP Up or Down - July 11, 10:10AM-10:15AM ET",2026-07-11T14:15:00Z,2026-07-11T14:10:00Z,1.10937565,Down,"[""0"", ""1""]",0.18,1038.833448,,0.18,0.01,resolved,0xa04d3db4120150b8b623cc824e40ab1392da89d38e87c906c9462de166cc0cce,https://data.chain.link/streams/xrp-usd,,
bnb-updown-5m-1783779300,BNB,"BNB Up or Down - July 11, 10:15AM-10:20AM ET",2026-07-11T14:20:00Z,2026-07-11T14:15:00Z,581.5659781854073,Up,"[""1"", ""0""]",0.99,257.751867,,0.035,0.88,resolved,0xf92d0c6f05e516699bd48cf7f0dd80e1edec13c6fcefd84eaff3ab59bfa4083e,https://data.chain.link/streams/bnb-usd,,
btc-updown-5m-1783779300,BTC,"Bitcoin Up or Down - July 11, 10:15AM-10:20AM ET",2026-07-11T14:20:00Z,2026-07-11T14:15:00Z,64218.22579,Up,"[""1"", ""0""]",0.99,47718.67305100002,,0.49,0.01,resolved,0x575e0cc8d957f7b3e705b8298518e0759b60644a1b59229c6f498882c2626658,https://data.chain.link/streams/btc-usd,,
doge-updown-5m-1783779300,DOGE,"Dogecoin Up or Down - July 11, 10:15AM-10:20AM ET",2026-07-11T14:20:00Z,2026-07-11T14:15:00Z,0.074943,Up,"[""1"", ""0""]",0.999,796.2054360000004,,0.495,0.01,resolved,0x36de1e552f4b2c4e67a045fb626daea56460a6f9989059ad3bcaffda7940f879,https://data.chain.link/streams/doge-usd,,
eth-updown-5m-1783779300,ETH,"Ethereum Up or Down - July 11, 10:15AM-10:20AM ET",2026-07-11T14:20:00Z,2026-07-11T14:15:00Z,1801.3504374529716,Up,"[""1"", ""0""]",0.99,4524.377072,,0.49,0.01,resolved,0xb42f6879e7400e9633c2aabe85beca9c9183f9a385c34071192a8e62c6a9c788,https://data.chain.link/streams/eth-usd,,
hype-updown-5m-1783779300,HYPE,"Hyperliquid Up or Down - July 11, 10:15AM-10:20AM ET",2026-07-11T14:20:00Z,2026-07-11T14:15:00Z,66.80666137520986,Up,"[""1"", ""0""]",0.99,285.65786599999984,,0.455,0.09,resolved,0xa0a69f7415aca16bea6fa02f34df4c793c44fdf31674447d77f8ae43ec736c48,https://data.chain.link/streams/hype-usd,,
sol-updown-5m-1783779300,SOL,"Solana Up or Down - July 11, 10:15AM-10:20AM ET",2026-07-11T14:20:00Z,2026-07-11T14:15:00Z,78.19828538363208,Up,"[""1"", ""0""]",0.99,3728.113249000001,,0.49,0.01,resolved,0xaf1702efcd8c1702424eff51257f25a1d8dc31a2bb82ff5a29dcb71731399c0f,https://data.chain.link/streams/sol-usd,,
xrp-updown-5m-1783779300,XRP,"XRP Up or Down - July 11, 10:15AM-10:20AM ET",2026-07-11T14:20:00Z,2026-07-11T14:15:00Z,1.1092216994364805,Up,"[""1"", ""0""]",0.99,694.9226720000001,,0.49,0.01,resolved,0x67e9ef4fcc20b77a344b763e37cffe88227649bedb2f81bf3b90721ff8a3951a,https://data.chain.link/streams/xrp-usd,,
bnb-updown-5m-1783779600,BNB,"BNB Up or Down - July 11, 10:20AM-10:25AM ET",2026-07-11T14:25:00Z,2026-07-11T14:20:00Z,581.66094,Down,"[""0"", ""1""]",0.57,269.838731,,-0.5,0.01,resolved,0x8bd5feaddd263fac983d956645fd6783fa99c82aaeb34ab1555eab7581940223,https://data.chain.link/streams/bnb-usd,,
btc-updown-5m-1783779600,BTC,"Bitcoin Up or Down - July 11, 10:20AM-10:25AM ET",2026-07-11T14:25:00Z,2026-07-11T14:20:00Z,64247.86532,Up,"[""1"", ""0""]",0.99,86129.20458699997,,-0.33,0.01,resolved,0x41623950bfac94e06447aea554d703c56e9484b1b674fae65d0fd68b27434e31,https://data.chain.link/streams/btc-usd,,
doge-updown-5m-1783779600,DOGE,"Dogecoin Up or Down - July 11, 10:20AM-10:25AM ET",2026-07-11T14:25:00Z,2026-07-11T14:20:00Z,0.0749938,Up,"[""1"", ""0""]",0.99,466.21400000000006,,0.495,0.01,resolved,0xe273b838b03e6fea6ed21e89cb8b49932ca29f980f9222cd4bab229397abf6bd,https://data.chain.link/streams/doge-usd,,
eth-updown-5m-1783779600,ETH,"Ethereum Up or Down - July 11, 10:20AM-10:25AM ET",2026-07-11T14:25:00Z,2026-07-11T14:20:00Z,1802.505530478029,Up,"[""1"", ""0""]",0.99,4772.322816999998,,0.49,0.01,resolved,0xced74ae16a0d8a7a420fe73d7ba8b90aa78d0e65a76e6aab66c4a89ef557521e,https://data.chain.link/streams/eth-usd,,
hype-updown-5m-1783779600,HYPE,"Hyperliquid Up or Down - July 11, 10:20AM-10:25AM ET",2026-07-11T14:25:00Z,2026-07-11T14:20:00Z,66.881696,Up,"[""1"", ""0""]",0.99,257.1753299999999,,0.495,0.01,resolved,0xaa20f69f267548e3e9f66de065dc6eef49576bdbf6321d2066c0c102c9503a7a,https://data.chain.link/streams/hype-usd,,
sol-updown-5m-1783779600,SOL,"Solana Up or Down - July 11, 10:20AM-10:25AM ET",2026-07-11T14:25:00Z,2026-07-11T14:20:00Z,78.29258386960781,Up,"[""1"", ""0""]",0.99,2999.0720869999996,,0.49,0.01,resolved,0xa319a6630119349e7e0fa6587003b072b07e6865025e2f50f81bfadd7b89274d,https://data.chain.link/streams/sol-usd,,
xrp-updown-5m-1783779600,XRP,"XRP Up or Down - July 11, 10:20AM-10:25AM ET",2026-07-11T14:25:00Z,2026-07-11T14:20:00Z,1.110553185417293,Up,"[""1"", ""0""]",0.99,1562.9076989999987,,0.49,0.01,resolved,0xb7d768044c3ba4021e0b182fc30656b373b942fc18a9cf368f4d698a6db1af28,https://data.chain.link/streams/xrp-usd,,
bnb-updown-5m-1783779900,BNB,"BNB Up or Down - July 11, 10:25AM-10:30AM ET",2026-07-11T14:30:00Z,2026-07-11T14:25:00Z,581.6381860281899,Down,"[""0"", ""1""]",0.46,207.96934700000003,,-0.5,0.01,resolved,0x82ad254637a5e376c16dc3ed02360778d916e5214ded125be6c7f52f3e83a047,https://data.chain.link/streams/bnb-usd,,
btc-updown-5m-1783779900,BTC,"Bitcoin Up or Down - July 11, 10:25AM-10:30AM ET",2026-07-11T14:30:00Z,2026-07-11T14:25:00Z,64311.04347319822,Up,"[""1"", ""0""]",0.99,66354.96151999995,,0.46,0.01,resolved,0x1331a032c62552e976e5ac5a821fbf56ae96949a17fb96eaefb3ef0c8f9dc630,https://data.chain.link/streams/btc-usd,,
doge-updown-5m-1783779900,DOGE,"Dogecoin Up or Down - July 11, 10:25AM-10:30AM ET",2026-07-11T14:30:00Z,2026-07-11T14:25:00Z,0.07503596788859852,Up,"[""1"", ""0""]",0.99,590.1004909999999,,0.39,0.1,resolved,0x26ab097cae9d67b127a1ba7d2c0b5eac4e436067d3b4b871203aa83a2a70f5b9,https://data.chain.link/streams/doge-usd,,
eth-updown-5m-1783779900,ETH,"Ethereum Up or Down - July 11, 10:25AM-10:30AM ET",2026-07-11T14:30:00Z,2026-07-11T14:25:00Z,1804.0440659252831,Up,"[""1"", ""0""]",0.99,7473.341743999993,,0.405,0.03,resolved,0x827116ea990568e05e511797059e441b50540dd10526ce1d1e1160b68ffb7653,https://data.chain.link/streams/eth-usd,,
hype-updown-5m-1783779900,HYPE,"Hyperliquid Up or Down - July 11, 10:25AM-10:30AM ET",2026-07-11T14:30:00Z,2026-07-11T14:25:00Z,66.94054111468522,Up,"[""1"", ""0""]",0.999,353.6982989999999,,0.5,0.008,resolved,0x11dc2487e884847ec13d308e7c19e8e4db101a45fc3b9f3fc5735da9ffd99f41,https://data.chain.link/streams/hype-usd,,
sol-updown-5m-1783779900,SOL,"Solana Up or Down - July 11, 10:25AM-10:30AM ET",2026-07-11T14:30:00Z,2026-07-11T14:25:00Z,78.39918300000001,Down,"[""0"", ""1""]",0.02,4534.055059000002,,-0.5,0.01,resolved,0x7ca937b6bfacec38f5e18334d144e5185e5bc14528d7342b3a9ebd45625b35bc,https://data.chain.link/streams/sol-usd,,
xrp-updown-5m-1783779900,XRP,"XRP Up or Down - July 11, 10:25AM-10:30AM ET",2026-07-11T14:30:00Z,2026-07-11T14:25:00Z,1.1117195462522875,Down,"[""0"", ""1""]",0.03,2486.1518139999994,,-0.49,0.01,resolved,0xc6eb36f1d1687451b567dfabab0faba5570184d448b7ef95a48ee8dcbbb70f4e,https://data.chain.link/streams/xrp-usd,,
bnb-updown-5m-1783780200,BNB,"BNB Up or Down - July 11, 10:30AM-10:35AM ET",2026-07-11T14:35:00Z,2026-07-11T14:30:00Z,581.08484,Up,"[""1"", ""0""]",0.99,199.64248300000003,,0.49,0.01,resolved,0xacc3638375deb68f7041811044561c46039202c3a66a83308b3856b81091edf2,https://data.chain.link/streams/bnb-usd,,
btc-updown-5m-1783780200,BTC,"Bitcoin Up or Down - July 11, 10:30AM-10:35AM ET",2026-07-11T14:35:00Z,2026-07-11T14:30:00Z,64333.35005482382,Up,"[""1"", ""0""]",0.99,77975.0274819999,,0.49,0.01,resolved,0x8054e07946402f3fbf3a09fe312d8dff7a7461f179b3fe5710cd36a1fdea4576,https://data.chain.link/streams/btc-usd,,
doge-updown-5m-1783780200,DOGE,"Dogecoin Up or Down - July 11, 10:30AM-10:35AM ET",2026-07-11T14:35:00Z,2026-07-11T14:30:00Z,0.0750362,Up,"[""1"", ""0""]",0.99,1043.148465,,0.495,0.01,resolved,0x769ff07a6269591bfc7238e97f97e2eafaee37bca27d463b4fa63f44747e38bc,https://data.chain.link/streams/doge-usd,,
eth-updown-5m-1783780200,ETH,"Ethereum Up or Down - July 11, 10:30AM-10:35AM ET",2026-07-11T14:35:00Z,2026-07-11T14:30:00Z,1804.7203551720722,Up,"[""1"", ""0""]",0.99,7074.288505999998,,0.49,0.01,resolved,0xac11b884ee5c192b51124054f5759a0105f319348196397fe5b14d8b37886d88,https://data.chain.link/streams/eth-usd,,
hype-updown-5m-1783780200,HYPE,"Hyperliquid Up or Down - July 11, 10:30AM-10:35AM ET",2026-07-11T14:35:00Z,2026-07-11T14:30:00Z,67.12811481223174,Up,"[""1"", ""0""]",0.999,173.99573,,0.4995,0.001,resolved,0x7bdb1625dffbd488591770ebff24570f2cc5f270e241fddc28c24fae48b693d9,https://data.chain.link/streams/hype-usd,,
sol-updown-5m-1783780200,SOL,"Solana Up or Down - July 11, 10:30AM-10:35AM ET",2026-07-11T14:35:00Z,2026-07-11T14:30:00Z,78.321421,Up,"[""1"", ""0""]",0.99,3509.3033589999977,,0.49,0.01,resolved,0x4daa6bd6fabe109265b15f34ac41b19208fd25f59a4b520089107fa822632f02,https://data.chain.link/streams/sol-usd,,
xrp-updown-5m-1783780200,XRP,"XRP Up or Down - July 11, 10:30AM-10:35AM ET",2026-07-11T14:35:00Z,2026-07-11T14:30:00Z,1.1112737663909191,Up,"[""1"", ""0""]",0.99,2547.2864249999993,,0.49,0.01,resolved,0xe993c7d3a77b2eac05b651fe10e85fada9b6ea93835b8d89c44ebbb73af656b7,https://data.chain.link/streams/xrp-usd,,
bnb-updown-5m-1783780500,BNB,"BNB Up or Down - July 11, 10:35AM-10:40AM ET",2026-07-11T14:40:00Z,2026-07-11T14:35:00Z,581.4391714831354,Up,"[""1"", ""0""]",0.99,301.51383,,0.49,0.01,resolved,0x091fa2f9ec6254c27a9d570e8f7feb52b0e41d619560e47bd3bfac7031ed46bc,https://data.chain.link/streams/bnb-usd,,
btc-updown-5m-1783780500,BTC,"Bitcoin Up or Down - July 11, 10:35AM-10:40AM ET",2026-07-11T14:40:00Z,2026-07-11T14:35:00Z,64369.373505,Up,"[""1"", ""0""]",0.99,71340.30000099991,,0.49,0.01,resolved,0xcbeb96a760034c50c8d808688195b3036d2a68d0315214b2353c5e446ed72624,https://data.chain.link/streams/btc-usd,,
doge-updown-5m-1783780500,DOGE,"Dogecoin Up or Down - July 11, 10:35AM-10:40AM ET",2026-07-11T14:40:00Z,2026-07-11T14:35:00Z,0.0751,Up,"[""1"", ""0""]",0.99,514.414265,,0.495,0.01,resolved,0x8b81e2f2689e5b7577368ca36a2119dd36bc0f433e3c76facc4b762177e1c943,https://data.chain.link/streams/doge-usd,,
eth-updown-5m-1783780500,ETH,"Ethereum Up or Down - July 11, 10:35AM-10:40AM ET",2026-07-11T14:40:00Z,2026-07-11T14:35:00Z,1806.0349922436849,Up,"[""1"", ""0""]",0.999,17970.018704000006,,0.4945,0.001,resolved,0x0ffef43e854122e1a45f79347414fa5c8a3956be79b5105026642d2cfa1be8bf,https://data.chain.link/streams/eth-usd,,
hype-updown-5m-1783780500,HYPE,"Hyperliquid Up or Down - July 11, 10:35AM-10:40AM ET",2026-07-11T14:40:00Z,2026-07-11T14:35:00Z,67.70789648252588,Up,"[""1"", ""0""]",0.99,255.48902799999985,,0.16,0.3,resolved,0x26814438cc2e20c1f9e7887d94b78ce4309010ef61ce5a87eb35b9474cc5d5fb,https://data.chain.link/streams/hype-usd,,
sol-updown-5m-1783780500,SOL,"Solana Up or Down - July 11, 10:35AM-10:40AM ET",2026-07-11T14:40:00Z,2026-07-11T14:35:00Z,78.41063819076211,Up,"[""1"", ""0""]",0.99,5446.921829000003,,0.49,0.01,resolved,0xd1e0fa101b2a8f10a5333c3c3a82397083f5a9c1a5e4b0f7006e449f6752d72d,https://data.chain.link/streams/sol-usd,,
xrp-updown-5m-1783780500,XRP,"XRP Up or Down - July 11, 10:35AM-10:40AM ET",2026-07-11T14:40:00Z,2026-07-11T14:35:00Z,1.1118970951621296,Up,"[""1"", ""0""]",0.99,1947.383704999999,,0.49,0.01,resolved,0x129785c21a91f8b8782c5bfeb5563e464f71a02c8525332fef5f5c8e846098bc,https://data.chain.link/streams/xrp-usd,,
bnb-updown-5m-1783780800,BNB,"BNB Up or Down - July 11, 10:40AM-10:45AM ET",2026-07-11T14:45:00Z,2026-07-11T14:40:00Z,581.8846599999999,Down,"[""0"", ""1""]",0.06,184.005428,,-0.5045,0.001,resolved,0x17cf1d9af0b042bfe4820f045e0118fd4308e2faa59a10083023518af45953fe,https://data.chain.link/streams/bnb-usd,,
btc-updown-5m-1783780800,BTC,"Bitcoin Up or Down - July 11, 10:40AM-10:45AM ET",2026-07-11T14:45:00Z,2026-07-11T14:40:00Z,64428.529835715264,Down,"[""0"", ""1""]",0.001,60286.73301799993,,-0.5045,0.001,resolved,0xb99571ae54fae7610197d6de9471154ca0d1b5457a9d5c24abe29cf26b01d95b,https://data.chain.link/streams/btc-usd,,
doge-updown-5m-1783780800,DOGE,"Dogecoin Up or Down - July 11, 10:40AM-10:45AM ET",2026-07-11T14:45:00Z,2026-07-11T14:40:00Z,0.075258,Down,"[""0"", ""1""]",0.06,1229.2608789999995,,-0.495,0.01,resolved,0x6e399141df740b8cccb127cc5c7fea54aaab66790f5703c15a40858245cbac9a,https://data.chain.link/streams/doge-usd,,
eth-updown-5m-1783780800,ETH,"Ethereum Up or Down - July 11, 10:40AM-10:45AM ET",2026-07-11T14:45:00Z,2026-07-11T14:40:00Z,1813.09582,Down,"[""0"", ""1""]",0.01,15960.648093999996,,-0.5,0.01,resolved,0x4701cf88832e444eadd8847331fb5a0663e2cba0cef76ac6962411ec26b36c18,https://data.chain.link/streams/eth-usd,,
hype-updown-5m-1783780800,HYPE,"Hyperliquid Up or Down - July 11, 10:40AM-10:45AM ET",2026-07-11T14:45:00Z,2026-07-11T14:40:00Z,67.72156700000001,Down,"[""0"", ""1""]",0.12,256.2633789999999,,-0.495,0.01,resolved,0x79873cc5146e602b4cfb537decf00ef8bf9147e9ad079411d828c882eb1985de,https://data.chain.link/streams/hype-usd,,
sol-updown-5m-1783780800,SOL,"Solana Up or Down - July 11, 10:40AM-10:45AM ET",2026-07-11T14:45:00Z,2026-07-11T14:40:00Z,78.53699310717751,Down,"[""0"", ""1""]",0.01,3393.0975440000007,,-0.5,0.01,resolved,0xdb8c1a85ebeb82caee4167da12f840c60b2f56f8cc1171b7d067fd4a62808b59,https://data.chain.link/streams/sol-usd,,
xrp-updown-5m-1783780800,XRP,"XRP Up or Down - July 11, 10:40AM-10:45AM ET",2026-07-11T14:45:00Z,2026-07-11T14:40:00Z,1.1143614117219447,Down,"[""0"", ""1""]",0.02,1074.710325,,-0.5045,0.001,resolved,0xbde53d14f84aa6b6673a2f7bb856007d78c45aa2055f14653f9e79065f160569,https://data.chain.link/streams/xrp-usd,,
bnb-updown-5m-1783781100,BNB,"BNB Up or Down - July 11, 10:45AM-10:50AM ET",2026-07-11T14:50:00Z,2026-07-11T14:45:00Z,,Down,"[""0"", ""1""]",0.26,181.00559700000002,,-0.5,0.01,resolved,0x9bdb669f8490ee7d333cb0e582ce12cf79d53ea279c2f203cd66f2becffe281b,https://data.chain.link/streams/bnb-usd,,
btc-updown-5m-1783781100,BTC,"Bitcoin Up or Down - July 11, 10:45AM-10:50AM ET",2026-07-11T14:50:00Z,2026-07-11T14:45:00Z,,Down,"[""0"", ""1""]",0.01,93943.70208999956,,-0.5,0.01,resolved,0x02147b0190fe6e4357d40ac1bf88ec6acec93d50630acd7345259c6f3deae4ad,https://data.chain.link/streams/btc-usd,,
doge-updown-5m-1783781100,DOGE,"Dogecoin Up or Down - July 11, 10:45AM-10:50AM ET",2026-07-11T14:50:00Z,2026-07-11T14:45:00Z,,Down,"[""0"", ""1""]",0.3,640.5650909999999,,-0.485,0.01,resolved,0x0c11bc9897e056517eb686348ef5dabd0d2293a1e689495f853e653dd4130471,https://data.chain.link/streams/doge-usd,,
eth-updown-5m-1783781100,ETH,"Ethereum Up or Down - July 11, 10:45AM-10:50AM ET",2026-07-11T14:50:00Z,2026-07-11T14:45:00Z,,Down,"[""0"", ""1""]",0.03,10422.651691999998,,-0.5,0.01,resolved,0x9e90ad826f202b412f88c83318260a5a96b4932d63a9ffd542c2032806a00610,https://data.chain.link/streams/eth-usd,,
hype-updown-5m-1783781100,HYPE,"Hyperliquid Up or Down - July 11, 10:45AM-10:50AM ET",2026-07-11T14:50:00Z,2026-07-11T14:45:00Z,,Down,"[""0"", ""1""]",0.18,329.68459800000005,,-0.155,0.13,resolved,0x6fb09706c41049cc367b00762005b0382f850a4e4a80d07cb7913041664327c7,https://data.chain.link/streams/hype-usd,,
sol-updown-5m-1783781100,SOL,"Solana Up or Down - July 11, 10:45AM-10:50AM ET",2026-07-11T14:50:00Z,2026-07-11T14:45:00Z,,Down,"[""0"", ""1""]",0.22,2910.355223999998,,-0.43,0.09,resolved,0xa565f1ddc15a534417795d4e80d7add7acdbd0574143a99ff2150fa707000e61,https://data.chain.link/streams/sol-usd,,
xrp-updown-5m-1783781100,XRP,"XRP Up or Down - July 11, 10:45AM-10:50AM ET",2026-07-11T14:50:00Z,2026-07-11T14:45:00Z,,Down,"[""0"", ""1""]",0.01,1387.452181,,-0.49,0.01,resolved,0xee57c15fcdcc8511705620a2ea36c02eb6fe7ef979a45e54fcea0afe85de4cb8,https://data.chain.link/streams/xrp-usd,,
bnb-updown-5m-1783781400,BNB,"BNB Up or Down - July 11, 10:50AM-10:55AM ET",2026-07-11T14:55:00Z,2026-07-11T14:50:00Z,,Up,"[""1"", ""0""]",0.99,416.49225200000006,100,0.49,0.01,resolved,0x532c9a09e2f861a9f2fe72da2a43bd0453d81d553bd11c16d143967abd3a352b,https://data.chain.link/streams/bnb-usd,,
btc-updown-5m-1783781400,BTC,"Bitcoin Up or Down - July 11, 10:50AM-10:55AM ET",2026-07-11T14:55:00Z,2026-07-11T14:50:00Z,,Down,"[""0"", ""1""]",0.01,100179.18271899987,11008.804006,-0.5,0.01,resolved,0x20af38b77be70bd48f1b42080c45aeecc122f5b19705e8cec132c5cd77d2c27c,https://data.chain.link/streams/btc-usd,,
doge-updown-5m-1783781400,DOGE,"Dogecoin Up or Down - July 11, 10:50AM-10:55AM ET",2026-07-11T14:55:00Z,2026-07-11T14:50:00Z,,Up,"[""1"", ""0""]",0.99,1811.4439120000002,100,0.495,0.01,resolved,0x7458c285b803362508e55163a59ed2026be072d499b3761ac2e8debdc93e3795,https://data.chain.link/streams/doge-usd,,
eth-updown-5m-1783781400,ETH,"Ethereum Up or Down - July 11, 10:50AM-10:55AM ET",2026-07-11T14:55:00Z,2026-07-11T14:50:00Z,,Up,"[""1"", ""0""]",0.99,6420.673810999994,2161.381767,0.49,0.01,resolved,0x69210ef845828f1c151cd6e7e7726730c50cc199fd4738752c66f4a8deb191c8,https://data.chain.link/streams/eth-usd,,
hype-updown-5m-1783781400,HYPE,"Hyperliquid Up or Down - July 11, 10:50AM-10:55AM ET",2026-07-11T14:55:00Z,2026-07-11T14:50:00Z,,Down,"[""0"", ""1""]",0.05,393.99783,117.61818,-0.4895,0.001,resolved,0xe3e94d98dc51a1d08f65a28b5ef68bcc17bf6fa53aa307463d44c2dbebee019d,https://data.chain.link/streams/hype-usd,,
sol-updown-5m-1783781400,SOL,"Solana Up or Down - July 11, 10:50AM-10:55AM ET",2026-07-11T14:55:00Z,2026-07-11T14:50:00Z,,Up,"[""1"", ""0""]",0.99,2903.0141779999976,543.76,0.49,0.01,resolved,0xf33fbe327f6ccbc4e4ea9c1639cb6cfd15dfcc5895f1e6d543678e43b8a0868b,https://data.chain.link/streams/sol-usd,,
xrp-updown-5m-1783781400,XRP,"XRP Up or Down - July 11, 10:50AM-10:55AM ET",2026-07-11T14:55:00Z,2026-07-11T14:50:00Z,,Up,"[""1"", ""0""]",0.98,1426.96402,456.981131,0.49,0.01,resolved,0xf7e828e9b6080dfb5b96b0d2cd7cb58db5f7e984c44adf1e15b67f9792db4e78,https://data.chain.link/streams/xrp-usd,,
bnb-updown-5m-1783781700,BNB,"BNB Up or Down - July 11, 10:55AM-11:00AM ET",2026-07-11T15:00:00Z,2026-07-11T14:55:00Z,581.05843,Up,"[""1"", ""0""]",0.99,622.764011,,0.47,0.03,resolved,0x5b0defdb54af28ac146cda136d432f92beed8b3ecef80c34be87ccf5775c32c4,https://data.chain.link/streams/bnb-usd,,
btc-updown-5m-1783781700,BTC,"Bitcoin Up or Down - July 11, 10:55AM-11:00AM ET",2026-07-11T15:00:00Z,2026-07-11T14:55:00Z,64328.8637177583,Down,"[""0"", ""1""]",0.01,50332.52911899994,755.850783,-0.48,0.01,resolved,0x2cd6f506970412153c24e478898eceb50c706ff68b2e78ae1859deced11b7011,https://data.chain.link/streams/btc-usd,,
doge-updown-5m-1783781700,DOGE,"Dogecoin Up or Down - July 11, 10:55AM-11:00AM ET",2026-07-11T15:00:00Z,2026-07-11T14:55:00Z,0.075134042,Down,"[""0"", ""1""]",0.07,518.478297,,-0.175,0.17,resolved,0x4de8fc02a3e611908e181a8495c74d211e84ad59ef379924b9a2e3e63123d596,https://data.chain.link/streams/doge-usd,,
eth-updown-5m-1783781700,ETH,"Ethereum Up or Down - July 11, 10:55AM-11:00AM ET",2026-07-11T15:00:00Z,2026-07-11T14:55:00Z,1811.619105,Down,"[""0"", ""1""]",0.03,4033.8883099999994,510,-0.5,0.01,resolved,0x651d601db5f946a096ee397fc24620fbd6fbf622d4a1e9c17e07a48fa248c148,https://data.chain.link/streams/eth-usd,,
hype-updown-5m-1783781700,HYPE,"Hyperliquid Up or Down - July 11, 10:55AM-11:00AM ET",2026-07-11T15:00:00Z,2026-07-11T14:55:00Z,67.465134,Down,"[""0"", ""1""]",0.11,399.5991729999999,,-0.44,0.1,resolved,0x54b13f8decf4ba7e60609d7784cac5895d87ff32112257aac9c0e23975acf8ac,https://data.chain.link/streams/hype-usd,,
sol-updown-5m-1783781700,SOL,"Solana Up or Down - July 11, 10:55AM-11:00AM ET",2026-07-11T15:00:00Z,2026-07-11T14:55:00Z,78.49212,Down,"[""0"", ""1""]",0.01,1933.6381450000006,15,-0.49,0.01,resolved,0xd03743ef39ab793010162509acc7bd3d994d061ddedd3ab9e3f53c1c3769e5be,https://data.chain.link/streams/sol-usd,,
xrp-updown-5m-1783781700,XRP,"XRP Up or Down - July 11, 10:55AM-11:00AM ET",2026-07-11T15:00:00Z,2026-07-11T14:55:00Z,1.112697367834888,Up,"[""1"", ""0""]",0.99,1508.5261139999993,,0.465,0.02,resolved,0x643c0fceeb182be6fcc8293d2dc4d3777f70ea944f99d62bf1a1a4d1ae8710fb,https://data.chain.link/streams/xrp-usd,,
bnb-updown-5m-1783782000,BNB,"BNB Up or Down - July 11, 11:00AM-11:05AM ET",2026-07-11T15:05:00Z,2026-07-11T15:00:00Z,581.2270000000001,Up,"[""1"", ""0""]",0.99,246.947906,,0.49,0.01,resolved,0x1752266b2c78289f902410a24182058eb2539dcb8479017facbff27254e66ae0,https://data.chain.link/streams/bnb-usd,,
btc-updown-5m-1783782000,BTC,"Bitcoin Up or Down - July 11, 11:00AM-11:05AM ET",2026-07-11T15:05:00Z,2026-07-11T15:00:00Z,64303.21608234769,Up,"[""1"", ""0""]",0.99,57649.29430899995,633,0.49,0.01,resolved,0xb5014433a4ae2004d5a2c9dae0e8b06e118a10013c192e0a5ec3393d063f98ed,https://data.chain.link/streams/btc-usd,,
doge-updown-5m-1783782000,DOGE,"Dogecoin Up or Down - July 11, 11:00AM-11:05AM ET",2026-07-11T15:05:00Z,2026-07-11T15:00:00Z,0.0751132,Up,"[""1"", ""0""]",0.999,275.39662200000004,,0.4995,0.001,resolved,0xc45f0da571a78d539f549b2ea8002a86ed8c337f53fd7a06d0149469c44ef0a4,https://data.chain.link/streams/doge-usd,,
eth-updown-5m-1783782000,ETH,"Ethereum Up or Down - July 11, 11:00AM-11:05AM ET",2026-07-11T15:05:00Z,2026-07-11T15:00:00Z,1809.4226649999998,Up,"[""1"", ""0""]",0.999,6524.327641000002,501.960783,0.4945,0.001,resolved,0xa73df6d61c23ab934cd77e7d6eb312b28b44b02d74ee812bbcfddfb25505077a,https://data.chain.link/streams/eth-usd,,
hype-updown-5m-1783782000,HYPE,"Hyperliquid Up or Down - July 11, 11:00AM-11:05AM ET",2026-07-11T15:05:00Z,2026-07-11T15:00:00Z,67.38715610662975,Up,"[""1"", ""0""]",0.98,320.52397599999995,,0.495,0.01,resolved,0x7ef86e43ba7dcc3841081380a1155f0cc1d56b20cd8e46915d04454930122de4,https://data.chain.link/streams/hype-usd,,
sol-updown-5m-1783782000,SOL,"Solana Up or Down - July 11, 11:00AM-11:05AM ET",2026-07-11T15:05:00Z,2026-07-11T15:00:00Z,78.42971000000001,Up,"[""1"", ""0""]",0.99,1578.0088159999998,15,0.49,0.01,resolved,0x1aded40a24770455cf8824c0aeab6d4ee617711c117a315fc440b87ff0150985,https://data.chain.link/streams/sol-usd,,
xrp-updown-5m-1783782000,XRP,"XRP Up or Down - July 11, 11:00AM-11:05AM ET",2026-07-11T15:05:00Z,2026-07-11T15:00:00Z,1.1129461354805181,Up,"[""1"", ""0""]",0.99,898.1408100000003,,0.4945,0.001,resolved,0x2119bda690a43bb6f128e75cd8a08ec7bf922208b56fe19b2bbc66f190d91e01,https://data.chain.link/streams/xrp-usd,,
bnb-updown-5m-1783782300,BNB,"BNB Up or Down - July 11, 11:05AM-11:10AM ET",2026-07-11T15:10:00Z,2026-07-11T15:05:00Z,581.423,Down,"[""0"", ""1""]",0.02,358.584415,2.941175,-0.5045,0.001,resolved,0xe2510b29f43ea235f97b6ff190481f280b2ea91de6a0480663a0d8fb0088c3b9,https://data.chain.link/streams/bnb-usd,,
btc-updown-5m-1783782300,BTC,"Bitcoin Up or Down - July 11, 11:05AM-11:10AM ET",2026-07-11T15:10:00Z,2026-07-11T15:05:00Z,64334.79546,Down,"[""0"", ""1""]",0.01,41583.54457200001,18,-0.45,0.01,resolved,0xc4491d8127108bb8bf2f81a472b6ec2db2a9c98e3cb797a29d1d071e0e4c47dd,https://data.chain.link/streams/btc-usd,,
doge-updown-5m-1783782300,DOGE,"Dogecoin Up or Down - July 11, 11:05AM-11:10AM ET",2026-07-11T15:10:00Z,2026-07-11T15:05:00Z,0.075294268,Down,"[""0"", ""1""]",0.07,440.59443799999997,,-0.48,0.04,resolved,0x05e19ba56ee68c7ec8adb42aaceaa859d1cd1c933dba0481f33a7e089f77e7a1,https://data.chain.link/streams/doge-usd,,
eth-updown-5m-1783782300,ETH,"Ethereum Up or Down - July 11, 11:05AM-11:10AM ET",2026-07-11T15:10:00Z,2026-07-11T15:05:00Z,1812.982805,Down,"[""0"", ""1""]",0.01,6488.101305000007,,-0.17,0.11,resolved,0xe5036c63567a4eb4362632564b1f47aa139ebf4673fbbc117a9014f922a59e53,https://data.chain.link/streams/eth-usd,,
hype-updown-5m-1783782300,HYPE,"Hyperliquid Up or Down - July 11, 11:05AM-11:10AM ET",2026-07-11T15:10:00Z,2026-07-11T15:05:00Z,67.47543285296247,Down,"[""0"", ""1""]",0.11,150.76536399999995,,-0.45,0.09,resolved,0x9a9f0144d1b73c7dde9b65c393dcc8224a48774ae7cf5ed0d0284761ed880637,https://data.chain.link/streams/hype-usd,,
sol-updown-5m-1783782300,SOL,"Solana Up or Down - July 11, 11:05AM-11:10AM ET",2026-07-11T15:10:00Z,2026-07-11T15:05:00Z,78.53480236975564,Down,"[""0"", ""1""]",0.07,1724.4640370000002,,-0.5,0.01,resolved,0xa4f5a12a982a8eee49b1cbec1250439945e0f135bc9ed53a7c9a11057d7acb30,https://data.chain.link/streams/sol-usd,,
xrp-updown-5m-1783782300,XRP,"XRP Up or Down - July 11, 11:05AM-11:10AM ET",2026-07-11T15:10:00Z,2026-07-11T15:05:00Z,1.1149801648174649,Down,"[""0"", ""1""]",0.03,1142.491758,,-0.5025,0.003,resolved,0x2ad0b81c9dc001ec581ecd79f9b2dc855e39275871a943b1ef07ee42217db5e6,https://data.chain.link/streams/xrp-usd,,
bnb-updown-5m-1783782600,BNB,"BNB Up or Down - July 11, 11:10AM-11:15AM ET",2026-07-11T15:15:00Z,2026-07-11T15:10:00Z,580.6057712672857,Up,"[""1"", ""0""]",0.99,233.078556,2.941175,0.4945,0.001,resolved,0xffc0d40d90462e130137c7e9db9225c8f9242b2f92bec833bcd19c60dd533af8,https://data.chain.link/streams/bnb-usd,,
btc-updown-5m-1783782600,BTC,"Bitcoin Up or Down - July 11, 11:10AM-11:15AM ET",2026-07-11T15:15:00Z,2026-07-11T15:10:00Z,64326.499319999995,Up,"[""1"", ""0""]",0.999,72833.97381599991,18,0.4945,0.001,resolved,0x0fee90684889eb8b9a7dca8a3d5fa48f6eefcd6682996e574ac88b272f300657,https://data.chain.link/streams/btc-usd,,
doge-updown-5m-1783782600,DOGE,"Dogecoin Up or Down - July 11, 11:10AM-11:15AM ET",2026-07-11T15:15:00Z,2026-07-11T15:10:00Z,0.0752643861174103,Up,"[""1"", ""0""]",0.999,455.273778,,0.4995,0.001,resolved,0xef5fa9e8765269945c29772213f30abeba508d192e148f63c14f6bbb371b285e,https://data.chain.link/streams/doge-usd,,
eth-updown-5m-1783782600,ETH,"Ethereum Up or Down - July 11, 11:10AM-11:15AM ET",2026-07-11T15:15:00Z,2026-07-11T15:10:00Z,1812.85155,Up,"[""1"", ""0""]",0.999,11758.128482,,0.4995,0.001,resolved,0x74278428cf6c30264f93e5a38a1162935423968315255030d441a18aef78a376,https://data.chain.link/streams/eth-usd,,
hype-updown-5m-1783782600,HYPE,"Hyperliquid Up or Down - July 11, 11:10AM-11:15AM ET",2026-07-11T15:15:00Z,2026-07-11T15:10:00Z,67.4248835,Up,"[""1"", ""0""]",0.99,462.89086300000014,,0.495,0.01,resolved,0x6a4ea92b4f054e12fb17bf1934c536a9d840467ebb81fdee2db5f0f5d5bcc7cd,https://data.chain.link/streams/hype-usd,,
sol-updown-5m-1783782600,SOL,"Solana Up or Down - July 11, 11:10AM-11:15AM ET",2026-07-11T15:15:00Z,2026-07-11T15:10:00Z,78.46877041774258,Up,"[""1"", ""0""]",0.99,4214.891678000002,,0.4945,0.001,resolved,0xab499868e0c54cfa14dee256eb4330b5545f543abd7293bf655d5383b46c5ab6,https://data.chain.link/streams/sol-usd,,
xrp-updown-5m-1783782600,XRP,"XRP Up or Down - July 11, 11:10AM-11:15AM ET",2026-07-11T15:15:00Z,2026-07-11T15:10:00Z,1.114078103398821,Up,"[""1"", ""0""]",0.999,1656.294138000001,,0.4945,0.001,resolved,0xa812bcd1e3a49e36ab375bc995aa23832d7d9f2da2282ecea038ee581a512134,https://data.chain.link/streams/xrp-usd,,
bnb-updown-5m-1783782900,BNB,"BNB Up or Down - July 11, 11:15AM-11:20AM ET",2026-07-11T15:20:00Z,2026-07-11T15:15:00Z,580.9955239388593,Down,"[""0"", ""1""]",0.05,179.35304399999998,,-0.5,0.01,resolved,0x9ed63b5535de51eb1fbf4b09867334c750248dd2131309c06fc86b00e7b55b91,https://data.chain.link/streams/bnb-usd,,
btc-updown-5m-1783782900,BTC,"Bitcoin Up or Down - July 11, 11:15AM-11:20AM ET",2026-07-11T15:20:00Z,2026-07-11T15:15:00Z,64417.51685769152,Down,"[""0"", ""1""]",0.01,71409.01631399989,10.999999,-0.5,0.01,resolved,0xe788312eb993dcefbf1c1a5aba466d2bac20fa26d79310ab3734f21e9ce8d946,https://data.chain.link/streams/btc-usd,,
doge-updown-5m-1783782900,DOGE,"Dogecoin Up or Down - July 11, 11:15AM-11:20AM ET",2026-07-11T15:20:00Z,2026-07-11T15:15:00Z,0.07537580752086842,Down,"[""0"", ""1""]",0.53,523.929211,,-0.495,0.01,resolved,0x8cdee51e4b114c3a836078e047cb84f9652fc32f203b968ee14526614b7262d4,https://data.chain.link/streams/doge-usd,,
eth-updown-5m-1783782900,ETH,"Ethereum Up or Down - July 11, 11:15AM-11:20AM ET",2026-07-11T15:20:00Z,2026-07-11T15:15:00Z,1819.9178481271535,Down,"[""0"", ""1""]",0.01,10693.274093,,-0.5,0.01,resolved,0x45e0bdc017d98a9805944e2e4fc34c0847e3aaf9f6fb6235f70068de6d6f76ea,https://data.chain.link/streams/eth-usd,,
hype-updown-5m-1783782900,HYPE,"Hyperliquid Up or Down - July 11, 11:15AM-11:20AM ET",2026-07-11T15:20:00Z,2026-07-11T15:15:00Z,67.47869,Down,"[""0"", ""1""]",0.04,149.575723,,-0.495,0.01,resolved,0x6fbd4b736ab48166206305b3416f680eb96315cd0b519d4091729e8456485df4,https://data.chain.link/streams/hype-usd,,
sol-updown-5m-1783782900,SOL,"Solana Up or Down - July 11, 11:15AM-11:20AM ET",2026-07-11T15:20:00Z,2026-07-11T15:15:00Z,78.5620122686883,Down,"[""0"", ""1""]",0.02,2119.759563999999,,-0.5,0.01,resolved,0xfd7f65ae042db69acdf980e09bb88a0d9eda7356397101ba28bee0443a40ba0a,https://data.chain.link/streams/sol-usd,,
xrp-updown-5m-1783782900,XRP,"XRP Up or Down - July 11, 11:15AM-11:20AM ET",2026-07-11T15:20:00Z,2026-07-11T15:15:00Z,1.1166047484505228,Down,"[""0"", ""1""]",0.01,1080.2518769999997,,-0.5,0.01,resolved,0x3e04873123a5b82cd38f75438eb7c9225d1ff511c083a209da0995aa22b0782c,https://data.chain.link/streams/xrp-usd,,
bnb-updown-5m-1783783200,BNB,"BNB Up or Down - July 11, 11:20AM-11:25AM ET",2026-07-11T15:25:00Z,2026-07-11T15:20:00Z,580.51578,Up,"[""1"", ""0""]",0.99,228.161412,,0.49,0.01,resolved,0x7709fda8bbbc7271c75c400cc40b1abb00bb8bf69bab4af75b7164161510f23a,https://data.chain.link/streams/bnb-usd,,
btc-updown-5m-1783783200,BTC,"Bitcoin Up or Down - July 11, 11:20AM-11:25AM ET",2026-07-11T15:25:00Z,2026-07-11T15:20:00Z,64362.85158996937,Up,"[""1"", ""0""]",0.99,63689.7024609999,5,0.49,0.01,resolved,0x760d8d10f3e78ac857a06f366cb8ecc214535dc4d5bb91ae174b891e61d771af,https://data.chain.link/streams/btc-usd,,
doge-updown-5m-1783783200,DOGE,"Dogecoin Up or Down - July 11, 11:20AM-11:25AM ET",2026-07-11T15:25:00Z,2026-07-11T15:20:00Z,0.07530958027961165,Up,"[""1"", ""0""]",0.99,387.679207,,0.495,0.01,resolved,0x189cb9f92342345c49e4b21e78d0d9c060fd1d1830d11757b4a8a4e07fb19673,https://data.chain.link/streams/doge-usd,,
eth-updown-5m-1783783200,ETH,"Ethereum Up or Down - July 11, 11:20AM-11:25AM ET",2026-07-11T15:25:00Z,2026-07-11T15:20:00Z,1818.365626737646,Up,"[""1"", ""0""]",0.999,8888.1692,,0.4945,0.001,resolved,0x7d09ed97830ff4996024fdfd7e1b23e07633fc73ec7a248149fac887b516e093,https://data.chain.link/streams/eth-usd,,
hype-updown-5m-1783783200,HYPE,"Hyperliquid Up or Down - July 11, 11:20AM-11:25AM ET",2026-07-11T15:25:00Z,2026-07-11T15:20:00Z,67.3452,Down,"[""0"", ""1""]",0.01,674.264001,,-0.495,0.01,resolved,0x5afe205191f9d38d576417351df55ffdb5b9095953524c7bd22e1577348967a8,https://data.chain.link/streams/hype-usd,,
sol-updown-5m-1783783200,SOL,"Solana Up or Down - July 11, 11:20AM-11:25AM ET",2026-07-11T15:25:00Z,2026-07-11T15:20:00Z,78.50408288194319,Up,"[""1"", ""0""]",0.99,3894.443084,,0.4945,0.001,resolved,0xd1b9b9ae0b0e868f9e1f5dad9fb891a0c1afa40848e2511c529978985784db96,https://data.chain.link/streams/sol-usd,,
xrp-updown-5m-1783783200,XRP,"XRP Up or Down - July 11, 11:20AM-11:25AM ET",2026-07-11T15:25:00Z,2026-07-11T15:20:00Z,1.11542,Up,"[""1"", ""0""]",0.99,1545.5454669999995,,0.49,0.01,resolved,0x204ec32a7c7a330631b18d498ff9a965eff5a95382bc26a99b0fdd543fbacba1,https://data.chain.link/streams/xrp-usd,,
bnb-updown-5m-1783783500,BNB,"BNB Up or Down - July 11, 11:25AM-11:30AM ET",2026-07-11T15:30:00Z,2026-07-11T15:25:00Z,580.9933149999999,Down,"[""0"", ""1""]",0.24,138.149713,,-0.5,0.01,resolved,0x1f90da7dcf6e3789b3627c6860ac43420cf312547c60c25fa5143ce72b41caa8,https://data.chain.link/streams/bnb-usd,,
btc-updown-5m-1783783500,BTC,"Bitcoin Up or Down - July 11, 11:25AM-11:30AM ET",2026-07-11T15:30:00Z,2026-07-11T15:25:00Z,64419.128048626604,Down,"[""0"", ""1""]",0.001,68152.49878999969,,-0.5,0.01,resolved,0xf9d5873e28d457342bf04bd0b0d3970499681cbf17220bd2afc6498cb96930ba,https://data.chain.link/streams/btc-usd,,
doge-updown-5m-1783783500,DOGE,"Dogecoin Up or Down - July 11, 11:25AM-11:30AM ET",2026-07-11T15:30:00Z,2026-07-11T15:25:00Z,0.0755189,Down,"[""0"", ""1""]",0.02,452.08138199999996,,-0.495,0.01,resolved,0x84e1a8cb616098fee7a3af9be2722209acaa63d972b09c6adc681d69b26401a4,https://data.chain.link/streams/doge-usd,,
eth-updown-5m-1783783500,ETH,"Ethereum Up or Down - July 11, 11:25AM-11:30AM ET",2026-07-11T15:30:00Z,2026-07-11T15:25:00Z,1825.22654,Down,"[""0"", ""1""]",0.01,10018.367808999996,,-0.5,0.01,resolved,0x8dfd6f8205bb5306121815146f86da095620217910f330b5a96c50f99cca1b74,https://data.chain.link/streams/eth-usd,,
hype-updown-5m-1783783500,HYPE,"Hyperliquid Up or Down - July 11, 11:25AM-11:30AM ET",2026-07-11T15:30:00Z,2026-07-11T15:25:00Z,67.33039129678443,Down,"[""0"", ""1""]",0.31,221.35271499999996,,-0.45,0.08,resolved,0x9c4ae9484e418faf940c53bbed3262d9a8f5ad60ba55ed4f91af966828558758,https://data.chain.link/streams/hype-usd,,
sol-updown-5m-1783783500,SOL,"Solana Up or Down - July 11, 11:25AM-11:30AM ET",2026-07-11T15:30:00Z,2026-07-11T15:25:00Z,78.73504305298863,Down,"[""0"", ""1""]",0.06,2421.9488219999994,,-0.5,0.01,resolved,0xd66f0cdc37839f3c86cc3e747b707e41a9aac44c4c74b430a33a2e9f80a6d011,https://data.chain.link/streams/sol-usd,,
xrp-updown-5m-1783783500,XRP,"XRP Up or Down - July 11, 11:25AM-11:30AM ET",2026-07-11T15:30:00Z,2026-07-11T15:25:00Z,1.1165245835842905,Down,"[""0"", ""1""]",0.01,2333.0158760000004,,-0.5,0.01,resolved,0x742aff350e8e1a317e86656090ff2918fb649c23ac65cc616d69999f9b958ef6,https://data.chain.link/streams/xrp-usd,,
bnb-updown-5m-1783783800,BNB,"BNB Up or Down - July 11, 11:30AM-11:35AM ET",2026-07-11T15:35:00Z,2026-07-11T15:30:00Z,580.5295163383497,Down,"[""0"", ""1""]",0.22,243.20276299999998,,-0.5,0.01,resolved,0x551c380f8a10bd442fe773ccab83b998a0c8f2a90dc159a165c71eae0647d436,https://data.chain.link/streams/bnb-usd,,
btc-updown-5m-1783783800,BTC,"Bitcoin Up or Down - July 11, 11:30AM-11:35AM ET",2026-07-11T15:35:00Z,2026-07-11T15:30:00Z,64379.56575937108,Up,"[""1"", ""0""]",0.99,62822.02234299999,,0.49,0.01,resolved,0x6c483733c2492a524904fda94837953d2462e493cf1ce62985d44d402e36d709,https://data.chain.link/streams/btc-usd,,
doge-updown-5m-1783783800,DOGE,"Dogecoin Up or Down - July 11, 11:30AM-11:35AM ET",2026-07-11T15:35:00Z,2026-07-11T15:30:00Z,0.075404,Down,"[""0"", ""1""]",0.12,562.8521149999999,,-0.495,0.01,resolved,0x7fe7be3ddcc28ceebd04fe7c442ab32d10cb1e9dc7aa56556e09530433ddff3b,https://data.chain.link/streams/doge-usd,,
eth-updown-5m-1783783800,ETH,"Ethereum Up or Down - July 11, 11:30AM-11:35AM ET",2026-07-11T15:35:00Z,2026-07-11T15:30:00Z,1822.8949880257778,Down,"[""0"", ""1""]",0.01,7519.445754999997,1.960783,-0.5,0.01,resolved,0xaf08acc8e0959f919d9e83f91cf39dcd137a246cf3b03dd68f64dcaa44540551,https://data.chain.link/streams/eth-usd,,
hype-updown-5m-1783783800,HYPE,"Hyperliquid Up or Down - July 11, 11:30AM-11:35AM ET",2026-07-11T15:35:00Z,2026-07-11T15:30:00Z,67.311825,Down,"[""0"", ""1""]",0.81,355.20472799999976,,-0.495,0.01,resolved,0x59dee7375f96d2c9362b2a043de6f6006a6c039d6aa7f4f3eb87f63b5fde9301,https://data.chain.link/streams/hype-usd,,
sol-updown-5m-1783783800,SOL,"Solana Up or Down - July 11, 11:30AM-11:35AM ET",2026-07-11T15:35:00Z,2026-07-11T15:30:00Z,78.67852549999999,Down,"[""0"", ""1""]",0.04,3068.6545730000007,,-0.5,0.01,resolved,0x115cd1ff9d76c7e4546d21337cd25f6362417a732d1d1fd308a3e62e3a1106d2,https://data.chain.link/streams/sol-usd,,
xrp-updown-5m-1783783800,XRP,"XRP Up or Down - July 11, 11:30AM-11:35AM ET",2026-07-11T15:35:00Z,2026-07-11T15:30:00Z,1.1154516949752609,Up,"[""1"", ""0""]",0.99,2845.2081390000003,,0.49,0.01,resolved,0x6d0afcbef65aa37acb1c2bee46445843a619ef5817090887178e867266eec76e,https://data.chain.link/streams/xrp-usd,,
bnb-updown-5m-1783784100,BNB,"BNB Up or Down - July 11, 11:35AM-11:40AM ET",2026-07-11T15:40:00Z,2026-07-11T15:35:00Z,580.433,Down,"[""0"", ""1""]",0.01,431.276292,2.941175,-0.5,0.01,resolved,0x7726bd15c5ec2addc6928392005651bd79c46a79cedadf3f6d7575a5e1dfe6c3,https://data.chain.link/streams/bnb-usd,,
btc-updown-5m-1783784100,BTC,"Bitcoin Up or Down - July 11, 11:35AM-11:40AM ET",2026-07-11T15:40:00Z,2026-07-11T15:35:00Z,64394.002864999995,Down,"[""0"", ""1""]",0.001,82894.73417100002,,-0.5045,0.001,resolved,0x4b27d058ae550cd4c6d51a1fc0c71f616ced13121994d0926141d5e6cac8863b,https://data.chain.link/streams/btc-usd,,
doge-updown-5m-1783784100,DOGE,"Dogecoin Up or Down - July 11, 11:35AM-11:40AM ET",2026-07-11T15:40:00Z,2026-07-11T15:35:00Z,0.075368854,Down,"[""0"", ""1""]",0.06,681.413451,,-0.4995,0.001,resolved,0x378ca86b03fac9e47f6a5ec6829120f6b5462c0d6946dd6aa8d45863b39bfd50,https://data.chain.link/streams/doge-usd,,
eth-updown-5m-1783784100,ETH,"Ethereum Up or Down - July 11, 11:35AM-11:40AM ET",2026-07-11T15:40:00Z,2026-07-11T15:35:00Z,1822.40324,Down,"[""0"", ""1""]",0.009,14849.606603000006,,-0.5045,0.001,resolved,0x736b23060159c09430017cae1dbdba6c038a0bf79dd2916236a0f6441d1a8dc5,https://data.chain.link/streams/eth-usd,,
hype-updown-5m-1783784100,HYPE,"Hyperliquid Up or Down - July 11, 11:35AM-11:40AM ET",2026-07-11T15:40:00Z,2026-07-11T15:35:00Z,67.311496,Down,"[""0"", ""1""]",0.33,725.7064220000001,,-0.495,0.008,resolved,0xe272c9a3ce0b8312d4ec7362fee3dac57265b89bbbee76223c9afbcc79af6d0b,https://data.chain.link/streams/hype-usd,,
sol-updown-5m-1783784100,SOL,"Solana Up or Down - July 11, 11:35AM-11:40AM ET",2026-07-11T15:40:00Z,2026-07-11T15:35:00Z,78.6150735,Down,"[""0"", ""1""]",0.01,3125.8051150000006,,-0.5045,0.001,resolved,0x08ff8bf7d5b0ac246b46384b674b908475c9b9355e4f0c371b94b75baeeb27f2,https://data.chain.link/streams/sol-usd,,
xrp-updown-5m-1783784100,XRP,"XRP Up or Down - July 11, 11:35AM-11:40AM ET",2026-07-11T15:40:00Z,2026-07-11T15:35:00Z,1.1168291019016618,Down,"[""0"", ""1""]",0.01,3854.0651689999995,,-0.5045,0.001,resolved,0x3bd5a434a9e09a0305a3fb59ede978d16f594d08ff61e7de8f2f9ba4e9c2ccbb,https://data.chain.link/streams/xrp-usd,,
bnb-updown-5m-1783784400,BNB,"BNB Up or Down - July 11, 11:40AM-11:45AM ET",2026-07-11T15:45:00Z,2026-07-11T15:40:00Z,579.2049999999999,Down,"[""0"", ""1""]",0.22,332.171335,,-0.5,0.01,resolved,0xdb33b1443d6d847c5c92a5809c4d58022c796234d945ce9e52033df9a6135c3e,https://data.chain.link/streams/bnb-usd,,
btc-updown-5m-1783784400,BTC,"Bitcoin Up or Down - July 11, 11:40AM-11:45AM ET",2026-07-11T15:45:00Z,2026-07-11T15:40:00Z,64074.80949594833,Down,"[""0"", ""1""]",0.01,101418.92563299996,,-0.5,0.01,resolved,0x50f9c36b48616f56dfa70c1b9fa765689a723861d04a0ba0f5782f3f49fa7702,https://data.chain.link/streams/btc-usd,,
doge-updown-5m-1783784400,DOGE,"Dogecoin Up or Down - July 11, 11:40AM-11:45AM ET",2026-07-11T15:45:00Z,2026-07-11T15:40:00Z,0.0750067,Up,"[""1"", ""0""]",0.99,345.71199099999995,,0.4995,0.001,resolved,0xb1849cfd3b292a63291f86dd1f3fa96e2b1ffe89908eb4e597ecdc92eb580a38,https://data.chain.link/streams/doge-usd,,
eth-updown-5m-1783784400,ETH,"Ethereum Up or Down - July 11, 11:40AM-11:45AM ET",2026-07-11T15:45:00Z,2026-07-11T15:40:00Z,1813.3544650000001,Down,"[""0"", ""1""]",0.01,15543.72935300001,,-0.5,0.01,resolved,0xcc9099a6b0c1c91f25cecf7cfaa4398d840c48179abf0a8a19e70f73474fb423,https://data.chain.link/streams/eth-usd,,
hype-updown-5m-1783784400,HYPE,"Hyperliquid Up or Down - July 11, 11:40AM-11:45AM ET",2026-07-11T15:45:00Z,2026-07-11T15:40:00Z,66.985403,Down,"[""0"", ""1""]",0.01,1010.4317679999999,,-0.495,0.01,resolved,0x09018ad0a55aee819a76759efb05ef053a97fcb6096c9e5109c13f018a87eaa2,https://data.chain.link/streams/hype-usd,,
sol-updown-5m-1783784400,SOL,"Solana Up or Down - July 11, 11:40AM-11:45AM ET",2026-07-11T15:45:00Z,2026-07-11T15:40:00Z,78.19325450000001,Down,"[""0"", ""1""]",0.29,5250.410518000005,,-0.5,0.01,resolved,0x7fff9f2faa09bf418b17319fe5e68ba7302f015c179b5d9e8dfe2320470fd2bc,https://data.chain.link/streams/sol-usd,,
xrp-updown-5m-1783784400,XRP,"XRP Up or Down - July 11, 11:40AM-11:45AM ET",2026-07-11T15:45:00Z,2026-07-11T15:40:00Z,1.1121698,Down,"[""0"", ""1""]",0.23,3179.2040609999976,,-0.5,0.01,resolved,0x34d52ddd1cf45f4736131866b47fb31489eea5d61b58d97e8a555f6f93392762,https://data.chain.link/streams/xrp-usd,,
bnb-updown-5m-1783784700,BNB,"BNB Up or Down - July 11, 11:45AM-11:50AM ET",2026-07-11T15:50:00Z,2026-07-11T15:45:00Z,578.7773401060732,Up,"[""1"", ""0""]",0.99,654.8663600000001,,-0.345,0.2,resolved,0x9b53752aacb6efca0d55bb609e025e32755d35e675e78e8743d3e2bc10db8f1b,https://data.chain.link/streams/bnb-usd,,
btc-updown-5m-1783784700,BTC,"Bitcoin Up or Down - July 11, 11:45AM-11:50AM ET",2026-07-11T15:50:00Z,2026-07-11T15:45:00Z,64046.189495,Down,"[""0"", ""1""]",0.01,107860.31485400004,,-0.405,0.03,resolved,0xa8c09c71eb46d8bcf9e97e44bb0eacea48663563d61f795f27084f71ba79caea,https://data.chain.link/streams/btc-usd,,
doge-updown-5m-1783784700,DOGE,"Dogecoin Up or Down - July 11, 11:45AM-11:50AM ET",2026-07-11T15:50:00Z,2026-07-11T15:45:00Z,0.07510938093676098,Down,"[""0"", ""1""]",0.01,673.9947070000001,,-0.495,0.01,resolved,0x663823189751c13db1f196a6fca6a9c6c0229851bc9f776b0330408448bb527b,https://data.chain.link/streams/doge-usd,,
eth-updown-5m-1783784700,ETH,"Ethereum Up or Down - July 11, 11:45AM-11:50AM ET",2026-07-11T15:50:00Z,2026-07-11T15:45:00Z,1810.66897,Down,"[""0"", ""1""]",0.01,14826.236410000027,,-0.39,0.01,resolved,0x7fc23c97d2a67e127ea950ffa0579b8312bce2607888345385f4963be057d9c1,https://data.chain.link/streams/eth-usd,,
hype-updown-5m-1783784700,HYPE,"Hyperliquid Up or Down - July 11, 11:45AM-11:50AM ET",2026-07-11T15:50:00Z,2026-07-11T15:45:00Z,66.980562,Up,"[""1"", ""0""]",0.99,1071.1460930000005,,0.34,0.26,resolved,0x87054bc6e654458319352c6ef7f943e2e3fbb951def1f6f975fd21cb86e8ea07,https://data.chain.link/streams/hype-usd,,
sol-updown-5m-1783784700,SOL,"Solana Up or Down - July 11, 11:45AM-11:50AM ET",2026-07-11T15:50:00Z,2026-07-11T15:45:00Z,78.15426,Down,"[""0"", ""1""]",0.01,3916.119305000002,,-0.5,0.01,resolved,0x94590d8b53aa597edff8944d58b64e238216594ee390d6692f67475e8060a13b,https://data.chain.link/streams/sol-usd,,
xrp-updown-5m-1783784700,XRP,"XRP Up or Down - July 11, 11:45AM-11:50AM ET",2026-07-11T15:50:00Z,2026-07-11T15:45:00Z,1.1116967,Down,"[""0"", ""1""]",0.01,3069.9897609999994,,-0.5,0.01,resolved,0x565c37ab6a293a8daa3ff59ebc8fef9a2ec123bc21e36a4018b4622a6ef4c83a,https://data.chain.link/streams/xrp-usd,,
bnb-updown-5m-1783785000,BNB,"BNB Up or Down - July 11, 11:50AM-11:55AM ET",2026-07-11T15:55:00Z,2026-07-11T15:50:00Z,,Up,"[""1"", ""0""]",0.99,270.83392599999996,100,0.49,0.01,resolved,0x53bc100d471f6566a4f2eb25331ec9e85f7a2cb026a77e75b100ebda84e52934,https://data.chain.link/streams/bnb-usd,,
btc-updown-5m-1783785000,BTC,"Bitcoin Up or Down - July 11, 11:50AM-11:55AM ET",2026-07-11T15:55:00Z,2026-07-11T15:50:00Z,,Up,"[""1"", ""0""]",0.99,117197.33250299994,9187.532012,0.49,0.01,resolved,0x103899bc75ec7d638c1bea4ca24491290b574cb9d2d276ee736bd593bd5b8223,https://data.chain.link/streams/btc-usd,,
doge-updown-5m-1783785000,DOGE,"Dogecoin Up or Down - July 11, 11:50AM-11:55AM ET",2026-07-11T15:55:00Z,2026-07-11T15:50:00Z,,Up,"[""1"", ""0""]",0.999,450.199918,100,0.4995,0.001,resolved,0x66591241a3df252443dba33e4e4dea5255d4e94fb8cfe0d0290dbc21e02ebb38,https://data.chain.link/streams/doge-usd,,
eth-updown-5m-1783785000,ETH,"Ethereum Up or Down - July 11, 11:50AM-11:55AM ET",2026-07-11T15:55:00Z,2026-07-11T15:50:00Z,,Up,"[""1"", ""0""]",0.99,12729.500267000009,3045.343389,0.49,0.01,resolved,0x5164f8ed80604e5269b4e7ea303985e71972cfde3be4486ebb891631149b205f,https://data.chain.link/streams/eth-usd,,
hype-updown-5m-1783785000,HYPE,"Hyperliquid Up or Down - July 11, 11:50AM-11:55AM ET",2026-07-11T15:55:00Z,2026-07-11T15:50:00Z,,Up,"[""1"", ""0""]",0.99,124.60024399999998,100,0.405,0.03,resolved,0xbdecd9ea73648f849932b102e99cc93407c091fd96e5baafea9e8ebdd818d1a4,https://data.chain.link/streams/hype-usd,,
sol-updown-5m-1783785000,SOL,"Solana Up or Down - July 11, 11:50AM-11:55AM ET",2026-07-11T15:55:00Z,2026-07-11T15:50:00Z,,Up,"[""1"", ""0""]",0.99,4208.271887999999,672.913934,0.4945,0.001,resolved,0xaf66a14e2bebcddd68405b51cd7f9444c9ba8d61571a99dcd91902ffc72ff897,https://data.chain.link/streams/sol-usd,,
xrp-updown-5m-1783785000,XRP,"XRP Up or Down - July 11, 11:50AM-11:55AM ET",2026-07-11T15:55:00Z,2026-07-11T15:50:00Z,,Up,"[""1"", ""0""]",0.99,2628.6526019999988,467,0.495,0.01,resolved,0x73bf9c52bea1f4824221f90f9b3e45b0ef29c07cd1614e98d6bad5b0d1ad4380,https://data.chain.link/streams/xrp-usd,,
bnb-updown-5m-1783785300,BNB,"BNB Up or Down - July 11, 11:55AM-12:00PM ET",2026-07-11T16:00:00Z,2026-07-11T15:55:00Z,,Up,"[""1"", ""0""]",0.999,278.509461,2.941175,0.47,0.01,resolved,0x7015e18478518ee8d878c0ee0cc2d593af7824ab12964308f056d1614b851ead,https://data.chain.link/streams/bnb-usd,,
btc-updown-5m-1783785300,BTC,"Bitcoin Up or Down - July 11, 11:55AM-12:00PM ET",2026-07-11T16:00:00Z,2026-07-11T15:55:00Z,,Up,"[""1"", ""0""]",0.999,83471.32510499987,749.77,0.48,0.01,resolved,0x737033b5ab566e4aa55e4b0f54264384fca3900fc56fb60bce72377a6103c948,https://data.chain.link/streams/btc-usd,,
doge-updown-5m-1783785300,DOGE,"Dogecoin Up or Down - July 11, 11:55AM-12:00PM ET",2026-07-11T16:00:00Z,2026-07-11T15:55:00Z,,Up,"[""1"", ""0""]",0.99,685.6619979999999,,0.485,0.01,resolved,0x77032f2512b583629e91b56a501e89aac51121409a1d8f4d50fcd0c7310b506e,https://data.chain.link/streams/doge-usd,,
eth-updown-5m-1783785300,ETH,"Ethereum Up or Down - July 11, 11:55AM-12:00PM ET",2026-07-11T16:00:00Z,2026-07-11T15:55:00Z,,Up,"[""1"", ""0""]",0.99,9078.478442999996,1195.233305,0.49,0.01,resolved,0xd25342ff41618c3f7addf0ade9d1ace4d96385ba23aa3f83df86e75f6387b67e,https://data.chain.link/streams/eth-usd,,
hype-updown-5m-1783785300,HYPE,"Hyperliquid Up or Down - July 11, 11:55AM-12:00PM ET",2026-07-11T16:00:00Z,2026-07-11T15:55:00Z,,Up,"[""1"", ""0""]",0.99,47.047399999999996,,0.495,0.01,resolved,0x078d19fa73ccde98d1b0dd721032986ea054e226b45f83ff389a9126088f371b,https://data.chain.link/streams/hype-usd,,
sol-updown-5m-1783785300,SOL,"Solana Up or Down - July 11, 11:55AM-12:00PM ET",2026-07-11T16:00:00Z,2026-07-11T15:55:00Z,,Up,"[""1"", ""0""]",0.99,2601.7270490000014,17,0.49,0.01,resolved,0x8bab72612413316e0a0ef70018dabea8c7cf4b3052c7d2c3f360a503bacdc64a,https://data.chain.link/streams/sol-usd,,
xrp-updown-5m-1783785300,XRP,"XRP Up or Down - July 11, 11:55AM-12:00PM ET",2026-07-11T16:00:00Z,2026-07-11T15:55:00Z,,Up,"[""1"", ""0""]",0.999,1842.289666,2,0.49,0.01,resolved,0xd2f8fbcc7e552d7e0c44ed750973e7f542be76f4635c7035083bde07ec245eb7,https://data.chain.link/streams/xrp-usd,,
bnb-updown-5m-1783785600,BNB,"BNB Up or Down - July 11, 12:00PM-12:05PM ET",2026-07-11T16:05:00Z,2026-07-11T16:00:00Z,579.39536,Down,"[""0"", ""1""]",0.08,268.29680099999996,,-0.5,0.01,resolved,0xeb492aa982c511cd122135c444119986245db764376c245418e0db3919386306,https://data.chain.link/streams/bnb-usd,,
btc-updown-5m-1783785600,BTC,"Bitcoin Up or Down - July 11, 12:00PM-12:05PM ET",2026-07-11T16:05:00Z,2026-07-11T16:00:00Z,64123.19184525393,Down,"[""0"", ""1""]",0.01,104783.49466499966,627,-0.5,0.01,resolved,0x4a7d373a9897af9aeed2aee899dd534c644875a6c8105e7577a63a3ac5f439c2,https://data.chain.link/streams/btc-usd,,
doge-updown-5m-1783785600,DOGE,"Dogecoin Up or Down - July 11, 12:00PM-12:05PM ET",2026-07-11T16:05:00Z,2026-07-11T16:00:00Z,0.0752656,Down,"[""0"", ""1""]",0.07,452.676652,,-0.495,0.01,resolved,0xe16ab819ff1b4dc1ab87267f424d0d3ac40fcfcb33fe56eff9ae84627a348ca0,https://data.chain.link/streams/doge-usd,,
eth-updown-5m-1783785600,ETH,"Ethereum Up or Down - July 11, 12:00PM-12:05PM ET",2026-07-11T16:05:00Z,2026-07-11T16:00:00Z,1813.4099034928736,Down,"[""0"", ""1""]",0.01,9410.091498999986,505,-0.5,0.01,resolved,0xbe24755e0202cf2911aad6360c07310d68bb8e9be2ad01a1b6b132ade25ed117,https://data.chain.link/streams/eth-usd,,
hype-updown-5m-1783785600,HYPE,"Hyperliquid Up or Down - July 11, 12:00PM-12:05PM ET",2026-07-11T16:05:00Z,2026-07-11T16:00:00Z,67.19700200575473,Down,"[""0"", ""1""]",0.18,96.97337000000005,,-0.495,0.01,resolved,0x73b7d7c0577e4110cd584f63d5abd50271765fbfbf73f14d8dc6bd4d3c563077,https://data.chain.link/streams/hype-usd,,
sol-updown-5m-1783785600,SOL,"Solana Up or Down - July 11, 12:00PM-12:05PM ET",2026-07-11T16:05:00Z,2026-07-11T16:00:00Z,78.31990005809881,Down,"[""0"", ""1""]",0.01,4394.760519,17,-0.5045,0.001,resolved,0xa3788fb8f0f666a5c57ae2bcfc343b14cc2bf2131ee007b0013315d9ff9ac6f7,https://data.chain.link/streams/sol-usd,,
xrp-updown-5m-1783785600,XRP,"XRP Up or Down - July 11, 12:00PM-12:05PM ET",2026-07-11T16:05:00Z,2026-07-11T16:00:00Z,1.1123680292200313,Down,"[""0"", ""1""]",0.01,2423.9626039999994,1.960783,-0.5045,0.001,resolved,0x561ac614e4a116bdddb6e1bba92eccdbdefb239ad1951ada8506fd0eb0990158,https://data.chain.link/streams/xrp-usd,,
bnb-updown-5m-1783785900,BNB,"BNB Up or Down - July 11, 12:05PM-12:10PM ET",2026-07-11T16:10:00Z,2026-07-11T16:05:00Z,579.2249785475103,Down,"[""0"", ""1""]",0.05,299.645168,,-0.29,0.35,resolved,0x6bb00600b96dc651f72ba89302a89d65d9925cfdedacfa691f2d4d68ccde6f31,https://data.chain.link/streams/bnb-usd,,
btc-updown-5m-1783785900,BTC,"Bitcoin Up or Down - July 11, 12:05PM-12:10PM ET",2026-07-11T16:10:00Z,2026-07-11T16:05:00Z,64095.07466500001,Down,"[""0"", ""1""]",0.01,99166.1184479997,55.019606,-0.39,0.01,resolved,0xc21c3ff837150d0b96905d59b32387c15904f0295ce283277f18290a0a419a53,https://data.chain.link/streams/btc-usd,,
doge-updown-5m-1783785900,DOGE,"Dogecoin Up or Down - July 11, 12:05PM-12:10PM ET",2026-07-11T16:10:00Z,2026-07-11T16:05:00Z,0.07517,Down,"[""0"", ""1""]",0.02,358.973663,,-0.495,0.01,resolved,0xa8b17e20fe3ad0654ca2fefe037b7ec6cbd65c5dbc97ae02305220f366207a42,https://data.chain.link/streams/doge-usd,,
eth-updown-5m-1783785900,ETH,"Ethereum Up or Down - July 11, 12:05PM-12:10PM ET",2026-07-11T16:10:00Z,2026-07-11T16:05:00Z,1812.684225,Down,"[""0"", ""1""]",0.01,5833.667112000004,,-0.5,0.01,resolved,0x0c9d5f77b02634b522e35618941102a2189b2500940edc9a83ee026fa88b10e2,https://data.chain.link/streams/eth-usd,,
hype-updown-5m-1783785900,HYPE,"Hyperliquid Up or Down - July 11, 12:05PM-12:10PM ET",2026-07-11T16:10:00Z,2026-07-11T16:05:00Z,67.124947,Down,"[""0"", ""1""]",0.12,350.69037699999996,,-0.495,0.01,resolved,0x0109d6ffc0d657d4bb7ed58b1ae318b93fea0d727b786219cdfacc357b79d386,https://data.chain.link/streams/hype-usd,,
sol-updown-5m-1783785900,SOL,"Solana Up or Down - July 11, 12:05PM-12:10PM ET",2026-07-11T16:10:00Z,2026-07-11T16:05:00Z,78.213436,Down,"[""0"", ""1""]",0.02,3176.0637479999987,,-0.5,0.01,resolved,0x83b6d1f8c1e8d17e78cdaed407f32364ec4e498bf9b8dbdd0b9886d965260bfb,https://data.chain.link/streams/sol-usd,,
xrp-updown-5m-1783785900,XRP,"XRP Up or Down - July 11, 12:05PM-12:10PM ET",2026-07-11T16:10:00Z,2026-07-11T16:05:00Z,1.1117,Down,"[""0"", ""1""]",0.03,2001.978874,,-0.5,0.01,resolved,0x29de4c94a27dde8ed2d4401e2521eeec88bc21b6183b80a73acd7e88ff868930,https://data.chain.link/streams/xrp-usd,,
bnb-updown-5m-1783786200,BNB,"BNB Up or Down - July 11, 12:10PM-12:15PM ET",2026-07-11T16:15:00Z,2026-07-11T16:10:00Z,579.115545679675,Up,"[""1"", ""0""]",0.99,175.524699,2.941175,0.49,0.01,resolved,0xaddbc2b71476acd796310ea59c7c835de385a5f98bde7666f7a7b2f9db01ba95,https://data.chain.link/streams/bnb-usd,,
btc-updown-5m-1783786200,BTC,"Bitcoin Up or Down - July 11, 12:10PM-12:15PM ET",2026-07-11T16:15:00Z,2026-07-11T16:10:00Z,64064.49035652625,Up,"[""1"", ""0""]",0.99,51542.01274399988,6,0.49,0.01,resolved,0x9126de34e6ce6915bc27eee79e20207f5bed640807c1f251ff05a333238bc3f3,https://data.chain.link/streams/btc-usd,,
doge-updown-5m-1783786200,DOGE,"Dogecoin Up or Down - July 11, 12:10PM-12:15PM ET",2026-07-11T16:15:00Z,2026-07-11T16:10:00Z,0.075080246,Up,"[""1"", ""0""]",0.99,388.15677099999994,,0.43,0.02,resolved,0xcc04121b9b7304fd6af1a0daaba2ab171265d6ef0e024f195e47de1d618d0f72,https://data.chain.link/streams/doge-usd,,
eth-updown-5m-1783786200,ETH,"Ethereum Up or Down - July 11, 12:10PM-12:15PM ET",2026-07-11T16:15:00Z,2026-07-11T16:10:00Z,1810.3134114213349,Up,"[""1"", ""0""]",0.999,5700.622517,,0.4945,0.001,resolved,0x1b0c3117b5ff501d6564cfa444d0e234fbf717fc1ba5f9a05bf09734b8608ecb,https://data.chain.link/streams/eth-usd,,
hype-updown-5m-1783786200,HYPE,"Hyperliquid Up or Down - July 11, 12:10PM-12:15PM ET",2026-07-11T16:15:00Z,2026-07-11T16:10:00Z,67.010323,Up,"[""1"", ""0""]",0.99,195.68125,,0.43,0.04,resolved,0x45f33f0b67e07f398c135df0915432a0eb3e25d19afcbfbd452fbf5cb6f2de69,https://data.chain.link/streams/hype-usd,,
sol-updown-5m-1783786200,SOL,"Solana Up or Down - July 11, 12:10PM-12:15PM ET",2026-07-11T16:15:00Z,2026-07-11T16:10:00Z,78.10638770744968,Up,"[""1"", ""0""]",0.99,4446.434461000001,,0.4945,0.001,resolved,0x013fb7918af60accfa8df41edaff2aedb2e8e77326f6f88fadac5571db01fcde,https://data.chain.link/streams/sol-usd,,
xrp-updown-5m-1783786200,XRP,"XRP Up or Down - July 11, 12:10PM-12:15PM ET",2026-07-11T16:15:00Z,2026-07-11T16:10:00Z,1.1107217,Up,"[""1"", ""0""]",0.99,1216.7257210000002,,0.49,0.01,resolved,0xaef22a2ec980e08e914120db753431d77af076fa0ac4284c46054da706f9e83a,https://data.chain.link/streams/xrp-usd,,
bnb-updown-5m-1783786500,BNB,"BNB Up or Down - July 11, 12:15PM-12:20PM ET",2026-07-11T16:20:00Z,2026-07-11T16:15:00Z,579.69466,Up,"[""1"", ""0""]",0.99,243.96312,,-0.085,0.64,resolved,0x922a698403750246ce4b6c6fa4b6b24954195f00bfcd29f3cb1ea48ff526e79b,https://data.chain.link/streams/bnb-usd,,
btc-updown-5m-1783786500,BTC,"Bitcoin Up or Down - July 11, 12:15PM-12:20PM ET",2026-07-11T16:20:00Z,2026-07-11T16:15:00Z,64136.265588324524,Up,"[""1"", ""0""]",0.999,96750.13123399965,,0.48,0.01,resolved,0xb26ca124327b4056e4a577cfee78d0b7b98959b4fe81b090b9a52fe0cc8ae83e,https://data.chain.link/streams/btc-usd,,
doge-updown-5m-1783786500,DOGE,"Dogecoin Up or Down - July 11, 12:15PM-12:20PM ET",2026-07-11T16:20:00Z,2026-07-11T16:15:00Z,0.0752349,Down,"[""0"", ""1""]",0.05,321.63828600000005,,-0.475,0.03,resolved,0xbcdff3974b8e08548eaf36246cf1ff71007c999b3283f0fd8d2796e41975cd1a,https://data.chain.link/streams/doge-usd,,
eth-updown-5m-1783786500,ETH,"Ethereum Up or Down - July 11, 12:15PM-12:20PM ET",2026-07-11T16:20:00Z,2026-07-11T16:15:00Z,1813.574048824912,Up,"[""1"", ""0""]",0.99,9996.99078499999,,0.48,0.01,resolved,0xc212de79c9d0f40f3f8e168fa17d023e6f5eea1a539bc7303e2a73bd702733dd,https://data.chain.link/streams/eth-usd,,
hype-updown-5m-1783786500,HYPE,"Hyperliquid Up or Down - July 11, 12:15PM-12:20PM ET",2026-07-11T16:20:00Z,2026-07-11T16:15:00Z,67.12819167821372,Down,"[""0"", ""1""]",0.2,264.24789999999996,,-0.495,0.008,resolved,0x68b4096925317ca1b53f762b81333d13765a8093b91b2c8ab88d4a14c12d59b1,https://data.chain.link/streams/hype-usd,,
sol-updown-5m-1783786500,SOL,"Solana Up or Down - July 11, 12:15PM-12:20PM ET",2026-07-11T16:20:00Z,2026-07-11T16:15:00Z,78.25608632874957,Down,"[""0"", ""1""]",0.04,3142.6799780000006,,-0.49,0.01,resolved,0x2d6c7131fb163d87d438274ac3dcc28644d04096a3e65564c7bf4df06a6c5e21,https://data.chain.link/streams/sol-usd,,
xrp-updown-5m-1783786500,XRP,"XRP Up or Down - July 11, 12:15PM-12:20PM ET",2026-07-11T16:20:00Z,2026-07-11T16:15:00Z,1.1121420624524596,Down,"[""0"", ""1""]",0.4,2447.162437,,-0.13,0.05,resolved,0x4b123e0cd25cfe7b25b69e6450ab67678748b4c7437fdf464cae7f35f4163239,https://data.chain.link/streams/xrp-usd,,
bnb-updown-5m-1783786800,BNB,"BNB Up or Down - July 11, 12:20PM-12:25PM ET",2026-07-11T16:25:00Z,2026-07-11T16:20:00Z,579.7510529751847,Up,"[""1"", ""0""]",0.99,233.396553,,0.16,0.03,resolved,0x2194bf0019f8f6fdb323c6324160d440e3615ad23e554de3a17bff18e1b52a3c,https://data.chain.link/streams/bnb-usd,,
btc-updown-5m-1783786800,BTC,"Bitcoin Up or Down - July 11, 12:20PM-12:25PM ET",2026-07-11T16:25:00Z,2026-07-11T16:20:00Z,64152.62036680954,Up,"[""1"", ""0""]",0.99,125046.93502999972,,0.49,0.01,resolved,0xd211bb02e1731334bde470050269b82a1408c1202daa31cc199f47ac88818860,https://data.chain.link/streams/btc-usd,,
doge-updown-5m-1783786800,DOGE,"Dogecoin Up or Down - July 11, 12:20PM-12:25PM ET",2026-07-11T16:25:00Z,2026-07-11T16:20:00Z,0.07519255199619312,Down,"[""0"", ""1""]",0.06,457.979616,,-0.285,0.01,resolved,0xb7cc2a403ae0339bcc0f7f8e4e7f068c9514de5f5ae6759304416596d55b6077,https://data.chain.link/streams/doge-usd,,
eth-updown-5m-1783786800,ETH,"Ethereum Up or Down - July 11, 12:20PM-12:25PM ET",2026-07-11T16:25:00Z,2026-07-11T16:20:00Z,1814.8396050473289,Up,"[""1"", ""0""]",0.99,13846.720948999993,,0.45,0.01,resolved,0x8d1e65dd0f6403611cfeb995b29533ea16c5d688246a1d1fb43e7298d64480e0,https://data.chain.link/streams/eth-usd,,
hype-updown-5m-1783786800,HYPE,"Hyperliquid Up or Down - July 11, 12:20PM-12:25PM ET",2026-07-11T16:25:00Z,2026-07-11T16:20:00Z,66.97932686880552,Up,"[""1"", ""0""]",0.95,392.45071699999994,,0.355,0.05,resolved,0x8a82c7762d5c744cd4a9f3a1ee4a51533afd27071fb22696f8f672a31171e1f5,https://data.chain.link/streams/hype-usd,,
sol-updown-5m-1783786800,SOL,"Solana Up or Down - July 11, 12:20PM-12:25PM ET",2026-07-11T16:25:00Z,2026-07-11T16:20:00Z,78.22205044778583,Down,"[""0"", ""1""]",0.02,5655.486984999999,,-0.06,0.01,resolved,0xebdbd0d83fceabdfd8d752c1acc369e0e0e61e7989045e7d9ef81bfc51b9aa44,https://data.chain.link/streams/sol-usd,,
xrp-updown-5m-1783786800,XRP,"XRP Up or Down - July 11, 12:20PM-12:25PM ET",2026-07-11T16:25:00Z,2026-07-11T16:20:00Z,1.112067807387182,Up,"[""1"", ""0""]",0.999,1611.2687419999997,,0.4945,0.001,resolved,0x547b009b2f0d29d7268ac670cd38cd20cf4e1f1c1a2da69979ad7fc99d3d9ec2,https://data.chain.link/streams/xrp-usd,,
bnb-updown-5m-1783787100,BNB,"BNB Up or Down - July 11, 12:25PM-12:30PM ET",2026-07-11T16:30:00Z,2026-07-11T16:25:00Z,579.8987099999999,Down,"[""0"", ""1""]",0.05,263.746509,2.941175,-0.475,0.04,resolved,0x31fdbd7c2202222f220de7a30838e898a89ebebd7b59ec0024bca65de8196bc4,https://data.chain.link/streams/bnb-usd,,
btc-updown-5m-1783787100,BTC,"Bitcoin Up or Down - July 11, 12:25PM-12:30PM ET",2026-07-11T16:30:00Z,2026-07-11T16:25:00Z,64167.33664009367,Down,"[""0"", ""1""]",0.01,84626.13204599998,,-0.235,0.04,resolved,0x562ec61bae0b04101fbad2ed13bd476bbf6a2c3ab069186fa7fc68c363ae747a,https://data.chain.link/streams/btc-usd,,
doge-updown-5m-1783787100,DOGE,"Dogecoin Up or Down - July 11, 12:25PM-12:30PM ET",2026-07-11T16:30:00Z,2026-07-11T16:25:00Z,0.0751373495499016,Down,"[""0"", ""1""]",0.01,540.662327,,-0.245,0.29,resolved,0x9274747dcddbefbd09c4289b5fac2339ec4047a6567dfbe1653a754c85e37b5b,https://data.chain.link/streams/doge-usd,,
eth-updown-5m-1783787100,ETH,"Ethereum Up or Down - July 11, 12:25PM-12:30PM ET",2026-07-11T16:30:00Z,2026-07-11T16:25:00Z,1817.738445066911,Up,"[""1"", ""0""]",0.99,8845.571231000002,,0.34,0.01,resolved,0x73e98a9a5e11294c8a5b8a1de0a1af706279994ee6e012a0648b6b80e172fc2e,https://data.chain.link/streams/eth-usd,,
hype-updown-5m-1783787100,HYPE,"Hyperliquid Up or Down - July 11, 12:25PM-12:30PM ET",2026-07-11T16:30:00Z,2026-07-11T16:25:00Z,66.980605,Up,"[""1"", ""0""]",0.99,164.50069100000002,,0.49,0.01,resolved,0xbb23b8c7bcc1a07f1537232991f6ea31c1bf6a1ad5bfbb4fc234845e937795d5,https://data.chain.link/streams/hype-usd,,
sol-updown-5m-1783787100,SOL,"Solana Up or Down - July 11, 12:25PM-12:30PM ET",2026-07-11T16:30:00Z,2026-07-11T16:25:00Z,78.1275044209934,Down,"[""0"", ""1""]",0.01,3679.506504999998,,-0.44,0.03,resolved,0xfac7dfcbbbc8830da9f2608894f85f12aeebbe0e3441278e105d6612e193e7aa,https://data.chain.link/streams/sol-usd,,
xrp-updown-5m-1783787100,XRP,"XRP Up or Down - July 11, 12:25PM-12:30PM ET",2026-07-11T16:30:00Z,2026-07-11T16:25:00Z,1.1132546969746215,Up,"[""1"", ""0""]",0.99,1348.065566,,0.49,0.01,resolved,0x954c3ab31aa87e6bc04ad546f6564d6cd5026ed535ffc67810e4c9d46d4ac9fa,https://data.chain.link/streams/xrp-usd,,
bnb-updown-5m-1783787400,BNB,"BNB Up or Down - July 11, 12:30PM-12:35PM ET",2026-07-11T16:35:00Z,2026-07-11T16:30:00Z,579.66148,Down,"[""0"", ""1""]",0.52,547.037557,,-0.23,0.05,resolved,0x07793988fd2fc0ab61812f5b0f522402afb9f013e21710f1891d03f90ae88c79,https://data.chain.link/streams/bnb-usd,,
btc-updown-5m-1783787400,BTC,"Bitcoin Up or Down - July 11, 12:30PM-12:35PM ET",2026-07-11T16:35:00Z,2026-07-11T16:30:00Z,64165.104205,Up,"[""1"", ""0""]",0.99,80098.28179099984,,0.49,0.01,resolved,0x00733570e83e2510469bc31e1ad0df08b91ba3bf22c22d85e7cee07b192f21a9,https://data.chain.link/streams/btc-usd,,
doge-updown-5m-1783787400,DOGE,"Dogecoin Up or Down - July 11, 12:30PM-12:35PM ET",2026-07-11T16:35:00Z,2026-07-11T16:30:00Z,0.0751136,Down,"[""0"", ""1""]",0.16,528.52153,,-0.495,0.01,resolved,0x0cbd5f38023d5453d1086e78bd2b41853dfbe24a7940894a93b56691001eb99b,https://data.chain.link/streams/doge-usd,,
eth-updown-5m-1783787400,ETH,"Ethereum Up or Down - July 11, 12:30PM-12:35PM ET",2026-07-11T16:35:00Z,2026-07-11T16:30:00Z,1818.267065,Up,"[""1"", ""0""]",0.99,10180.828441000001,,-0.08,0.01,resolved,0xf794d47d32f2c171e0008ffe995aa81f8f2c4fd9fb38a1c0792047537e1f4222,https://data.chain.link/streams/eth-usd,,
hype-updown-5m-1783787400,HYPE,"Hyperliquid Up or Down - July 11, 12:30PM-12:35PM ET",2026-07-11T16:35:00Z,2026-07-11T16:30:00Z,67.035069,Up,"[""1"", ""0""]",0.99,159.30657699999998,,0.405,0.05,resolved,0x3b54c45aa3c5121fca894867ed420f5c9edb0b21f4786168ae692150488f9241,https://data.chain.link/streams/hype-usd,,
sol-updown-5m-1783787400,SOL,"Solana Up or Down - July 11, 12:30PM-12:35PM ET",2026-07-11T16:35:00Z,2026-07-11T16:30:00Z,78.089156,Down,"[""0"", ""1""]",0.01,4389.315127000003,,0.12,0.01,resolved,0x70e595843421ef146cfc863c5198736e3c9394cb3516df00db9f7f078e7a662c,https://data.chain.link/streams/sol-usd,,
xrp-updown-5m-1783787400,XRP,"XRP Up or Down - July 11, 12:30PM-12:35PM ET",2026-07-11T16:35:00Z,2026-07-11T16:30:00Z,1.1144993975831148,Up,"[""1"", ""0""]",0.99,2485.371016999999,,-0.4,0.01,resolved,0x19bcb4ef39fb8886fe979e3ff22909734a2eddaf4d68b0cb2598e9c3ab5d9730,https://data.chain.link/streams/xrp-usd,,
bnb-updown-5m-1783787700,BNB,"BNB Up or Down - July 11, 12:35PM-12:40PM ET",2026-07-11T16:40:00Z,2026-07-11T16:35:00Z,579.6123349218076,Down,"[""0"", ""1""]",0.01,275.042047,,-0.5,0.01,resolved,0x86ab6d719863bee981ba39781e6c0854930c4acb2f23c15b8b39926721472447,https://data.chain.link/streams/bnb-usd,,
btc-updown-5m-1783787700,BTC,"Bitcoin Up or Down - July 11, 12:35PM-12:40PM ET",2026-07-11T16:40:00Z,2026-07-11T16:35:00Z,64173.063239999996,Down,"[""0"", ""1""]",0.01,71866.17434799996,,-0.5,0.01,resolved,0x946df07183f2564f609c2d0a6944db73573d3f0c8a9234ba26451b4dcc047a29,https://data.chain.link/streams/btc-usd,,
doge-updown-5m-1783787700,DOGE,"Dogecoin Up or Down - July 11, 12:35PM-12:40PM ET",2026-07-11T16:40:00Z,2026-07-11T16:35:00Z,0.07509904,Down,"[""0"", ""1""]",0.06,724.512717,,-0.475,0.03,resolved,0x1a1f0bec9c5db71c70feb8094501a97a7f10b879fdedd073c03ca9d2ca1cb31a,https://data.chain.link/streams/doge-usd,,
eth-updown-5m-1783787700,ETH,"Ethereum Up or Down - July 11, 12:35PM-12:40PM ET",2026-07-11T16:40:00Z,2026-07-11T16:35:00Z,1819.9478,Down,"[""0"", ""1""]",0.01,8147.056890999988,,-0.5,0.01,resolved,0xa72e6feda64d3160d99122e55c4c96eb8b22feea3243bb331948f8bcf89beb25,https://data.chain.link/streams/eth-usd,,
hype-updown-5m-1783787700,HYPE,"Hyperliquid Up or Down - July 11, 12:35PM-12:40PM ET",2026-07-11T16:40:00Z,2026-07-11T16:35:00Z,67.10413474304208,Down,"[""0"", ""1""]",0.06,641.26662,,-0.49,0.01,resolved,0xd0995bbf50395217b8f5e3f50a4d7bd5ead92952978b3dc3d8757e5ba88aeb3a,https://data.chain.link/streams/hype-usd,,
sol-updown-5m-1783787700,SOL,"Solana Up or Down - July 11, 12:35PM-12:40PM ET",2026-07-11T16:40:00Z,2026-07-11T16:35:00Z,78.0215785,Down,"[""0"", ""1""]",0.02,6806.727364999996,,-0.5,0.01,resolved,0x1d0f7822fe983612cbf63eeb0103a9ae6987695a777054883be0f6739fa8fc8a,https://data.chain.link/streams/sol-usd,,
xrp-updown-5m-1783787700,XRP,"XRP Up or Down - July 11, 12:35PM-12:40PM ET",2026-07-11T16:40:00Z,2026-07-11T16:35:00Z,1.1145767137790208,Down,"[""0"", ""1""]",0.21,2842.799351999999,,-0.5,0.01,resolved,0x6788b7f7417090d7dbe52d9f4a6bb1d065bc2fc265f7db5801fe17a65850b5d5,https://data.chain.link/streams/xrp-usd,,
bnb-updown-5m-1783788000,BNB,"BNB Up or Down - July 11, 12:40PM-12:45PM ET",2026-07-11T16:45:00Z,2026-07-11T16:40:00Z,,Down,"[""0"", ""1""]",0.37,224.18309399999998,,-0.5,0.01,resolved,0x4f7757c6184ae6f28cb938c2aa3f88107a1162d2cf40e2998dea20cadca2706d,https://data.chain.link/streams/bnb-usd,,
btc-updown-5m-1783788000,BTC,"Bitcoin Up or Down - July 11, 12:40PM-12:45PM ET",2026-07-11T16:45:00Z,2026-07-11T16:40:00Z,,Down,"[""0"", ""1""]",0.01,57820.01080699995,,-0.5,0.01,resolved,0x0031285adbf54b92e739d4a6ba1fd480c631292b8510edf73c3e9a52f0456675,https://data.chain.link/streams/btc-usd,,
doge-updown-5m-1783788000,DOGE,"Dogecoin Up or Down - July 11, 12:40PM-12:45PM ET",2026-07-11T16:45:00Z,2026-07-11T16:40:00Z,,Down,"[""0"", ""1""]",0.08,859.6224339999999,,-0.435,0.01,resolved,0xdcfc5c0b5e07e015a805be2494dac7487b821659a74a802b1844a3b6f6603ba8,https://data.chain.link/streams/doge-usd,,
eth-updown-5m-1783788000,ETH,"Ethereum Up or Down - July 11, 12:40PM-12:45PM ET",2026-07-11T16:45:00Z,2026-07-11T16:40:00Z,,Down,"[""0"", ""1""]",0.02,5704.687278000004,,-0.35,0.01,resolved,0x037d97b445a8c1c3e76b16394306d05d1829c55264105af17c0050938f25020b,https://data.chain.link/streams/eth-usd,,
hype-updown-5m-1783788000,HYPE,"Hyperliquid Up or Down - July 11, 12:40PM-12:45PM ET",2026-07-11T16:45:00Z,2026-07-11T16:40:00Z,,Up,"[""1"", ""0""]",0.99,136.279033,,0.485,0.01,resolved,0x643e73620714a913a97be10a214ab0a3f80d296f12cba7e9592cb1c6a0cb3f22,https://data.chain.link/streams/hype-usd,,
sol-updown-5m-1783788000,SOL,"Solana Up or Down - July 11, 12:40PM-12:45PM ET",2026-07-11T16:45:00Z,2026-07-11T16:40:00Z,,Down,"[""0"", ""1""]",0.01,3896.936336,,-0.34,0.01,resolved,0x0deb8c96974d9046644a9fbc3ef66b5075b30fb40267a6e3b112dc4f24879d28,https://data.chain.link/streams/sol-usd,,
xrp-updown-5m-1783788000,XRP,"XRP Up or Down - July 11, 12:40PM-12:45PM ET",2026-07-11T16:45:00Z,2026-07-11T16:40:00Z,,Down,"[""0"", ""1""]",0.01,2082.034174999999,,-0.33,0.01,resolved,0x30ea6457f67718817e5813b5531f4a8d7b556140de3350b02bb79abd776252e3,https://data.chain.link/streams/xrp-usd,,
bnb-updown-5m-1783788300,BNB,"BNB Up or Down - July 11, 12:45PM-12:50PM ET",2026-07-11T16:50:00Z,2026-07-11T16:45:00Z,578.9797456826501,Up,"[""1"", ""0""]",0.99,302.24895100000003,,0.41,0.13,resolved,0x8cf97033de2ff1a5a9c554a83474ff3db7f423de6b3c63ede5736bbfe43dd948,https://data.chain.link/streams/bnb-usd,,
btc-updown-5m-1783788300,BTC,"Bitcoin Up or Down - July 11, 12:45PM-12:50PM ET",2026-07-11T16:50:00Z,2026-07-11T16:45:00Z,64096.335144308236,Up,"[""1"", ""0""]",0.999,76294.88664900008,,0.47,0.01,resolved,0x23ea96e0692fae529b6db5e3b9647ab0e5a9920728791e8c0c0571ef72be13d8,https://data.chain.link/streams/btc-usd,,
doge-updown-5m-1783788300,DOGE,"Dogecoin Up or Down - July 11, 12:45PM-12:50PM ET",2026-07-11T16:50:00Z,2026-07-11T16:45:00Z,0.07497567729086922,Down,"[""0"", ""1""]",0.03,458.36539999999997,,-0.475,0.01,resolved,0x1cc711c276a5d47b530b1d5992131a8d72c98c79063cb6da7ce38cd9a8e4a2e7,https://data.chain.link/streams/doge-usd,,
eth-updown-5m-1783788300,ETH,"Ethereum Up or Down - July 11, 12:45PM-12:50PM ET",2026-07-11T16:50:00Z,2026-07-11T16:45:00Z,1816.7381513828473,Up,"[""1"", ""0""]",0.99,7899.297632999998,,0.47,0.01,resolved,0xef2a39d0683ebe63551bd2bd3b49c9d5409eca55d16f3611d2dc438c8a46678a,https://data.chain.link/streams/eth-usd,,
hype-updown-5m-1783788300,HYPE,"Hyperliquid Up or Down - July 11, 12:45PM-12:50PM ET",2026-07-11T16:50:00Z,2026-07-11T16:45:00Z,67.005917,Down,"[""0"", ""1""]",0.03,248.54744399999998,,-0.495,0.01,resolved,0x29abd37df2d51e7bbdf4479eb52a03d8d6a27c97ad9f02654419ecd0a80b5ec7,https://data.chain.link/streams/hype-usd,,
sol-updown-5m-1783788300,SOL,"Solana Up or Down - July 11, 12:45PM-12:50PM ET",2026-07-11T16:50:00Z,2026-07-11T16:45:00Z,77.74137343704822,Up,"[""1"", ""0""]",0.99,5202.656095000002,,0.48,0.01,resolved,0x350bcba34c99b0e2c03957a2a1e9c36db3aea55f060b37e7344917a65fa698a7,https://data.chain.link/streams/sol-usd,,
xrp-updown-5m-1783788300,XRP,"XRP Up or Down - July 11, 12:45PM-12:50PM ET",2026-07-11T16:50:00Z,2026-07-11T16:45:00Z,1.1126576901048428,Down,"[""0"", ""1""]",0.01,3488.623336000001,,-0.5,0.01,resolved,0x9a1076ea68ccb741506dd08f9d9aa5b574a8665156734ef17cb0f6f1ec37981b,https://data.chain.link/streams/xrp-usd,,
bnb-updown-5m-1783788600,BNB,"BNB Up or Down - July 11, 12:50PM-12:55PM ET",2026-07-11T16:55:00Z,2026-07-11T16:50:00Z,579.1592167823651,Down,"[""0"", ""1""]",0.06,220.007741,100,-0.5,0.01,resolved,0xf8d42d3afa968a0ad5cec0baf6bca8b51ed7d74c9d9a2668ed516e05caf25549,https://data.chain.link/streams/bnb-usd,,
btc-updown-5m-1783788600,BTC,"Bitcoin Up or Down - July 11, 12:50PM-12:55PM ET",2026-07-11T16:55:00Z,2026-07-11T16:50:00Z,64117.930687868364,Down,"[""0"", ""1""]",0.01,68912.15325899987,5222.817741,-0.5045,0.001,resolved,0x1327ad8d9fea1153dfd242cb7f9468d32bd285f4a03dc9831e20a5e1f593f24f,https://data.chain.link/streams/btc-usd,,
doge-updown-5m-1783788600,DOGE,"Dogecoin Up or Down - July 11, 12:50PM-12:55PM ET",2026-07-11T16:55:00Z,2026-07-11T16:50:00Z,0.07495800385392071,Down,"[""0"", ""1""]",0.01,858.2906820000001,100,-0.495,0.01,resolved,0x3fb6e18c3dfd902ca48f65a5ba3cb76a59bf65a91b246208c7cf2c28aef351de,https://data.chain.link/streams/doge-usd,,
eth-updown-5m-1783788600,ETH,"Ethereum Up or Down - July 11, 12:50PM-12:55PM ET",2026-07-11T16:55:00Z,2026-07-11T16:50:00Z,1817.8504302777926,Up,"[""1"", ""0""]",0.99,13138.158111999992,2433.28721,0.49,0.01,resolved,0xa7a27071add034155925861f19082630393004950f0d1f0a1c64016f6dd98ed5,https://data.chain.link/streams/eth-usd,,
hype-updown-5m-1783788600,HYPE,"Hyperliquid Up or Down - July 11, 12:50PM-12:55PM ET",2026-07-11T16:55:00Z,2026-07-11T16:50:00Z,66.933258,Up,"[""1"", ""0""]",0.91,243.78003199999992,117.61818,0.49,0.01,resolved,0xeba143f442319cf553258f58406971d798f23136b52d4383a44825d76b1de4c2,https://data.chain.link/streams/hype-usd,,
sol-updown-5m-1783788600,SOL,"Solana Up or Down - July 11, 12:50PM-12:55PM ET",2026-07-11T16:55:00Z,2026-07-11T16:50:00Z,77.79768929975081,Up,"[""1"", ""0""]",0.99,4286.386958,659.005453,0.49,0.01,resolved,0x2b93c7c1bf77fb03fda79771701ee8d487c9920a02c99e3ee232b34ee358ef3b,https://data.chain.link/streams/sol-usd,,
xrp-updown-5m-1783788600,XRP,"XRP Up or Down - July 11, 12:50PM-12:55PM ET",2026-07-11T16:55:00Z,2026-07-11T16:50:00Z,1.1118795984982246,Down,"[""0"", ""1""]",0.06,1918.9178059999995,460.769229,-0.5,0.01,resolved,0xd1a4341fda2cf294fbf679b994a83842a615d4c053f22210ae90bfef6382014a,https://data.chain.link/streams/xrp-usd,,
bnb-updown-5m-1783788900,BNB,"BNB Up or Down - July 11, 12:55PM-1:00PM ET",2026-07-11T17:00:00Z,2026-07-11T16:55:00Z,578.9852069401597,Up,"[""1"", ""0""]",0.99,224.576755,,0.49,0.01,resolved,0x32dc4323b38702cfa082ab617741f7f945819216ea5ffc15240a565838b94be3,https://data.chain.link/streams/bnb-usd,,
btc-updown-5m-1783788900,BTC,"Bitcoin Up or Down - July 11, 12:55PM-1:00PM ET",2026-07-11T17:00:00Z,2026-07-11T16:55:00Z,64076.678354102834,Up,"[""1"", ""0""]",0.99,80739.33556000002,800.730783,0.49,0.01,resolved,0xbd024f8820069b33f2d09161be07ba99ee818b8834ef5e2440f16deb0c90be50,https://data.chain.link/streams/btc-usd,,
doge-updown-5m-1783788900,DOGE,"Dogecoin Up or Down - July 11, 12:55PM-1:00PM ET",2026-07-11T17:00:00Z,2026-07-11T16:55:00Z,0.074889753,Up,"[""1"", ""0""]",0.99,668.0781690000002,,0.495,0.01,resolved,0xe33573786e5f3adb8402a98986c8406209be4992081348f271b0c11d9822a504,https://data.chain.link/streams/doge-usd,,
eth-updown-5m-1783788900,ETH,"Ethereum Up or Down - July 11, 12:55PM-1:00PM ET",2026-07-11T17:00:00Z,2026-07-11T16:55:00Z,1818.5654757732368,Up,"[""1"", ""0""]",0.999,9092.218486000005,513.960783,0.4945,0.001,resolved,0x34341179c1af9f53664dcd815769088f2e25968b004f6c377e4d39ef4ec834da,https://data.chain.link/streams/eth-usd,,
hype-updown-5m-1783788900,HYPE,"Hyperliquid Up or Down - July 11, 12:55PM-1:00PM ET",2026-07-11T17:00:00Z,2026-07-11T16:55:00Z,66.943126,Up,"[""1"", ""0""]",0.999,230.222776,,0.495,0.008,resolved,0x5476cb8bfe0068b808cb0d4e9e74968836e5c9a98cc044094505329ec308c4db,https://data.chain.link/streams/hype-usd,,
sol-updown-5m-1783788900,SOL,"Solana Up or Down - July 11, 12:55PM-1:00PM ET",2026-07-11T17:00:00Z,2026-07-11T16:55:00Z,77.80252650000001,Up,"[""1"", ""0""]",0.99,1693.1758009999999,15,0.49,0.01,resolved,0x307670f4896c873ca9cf413af1173bb60c05527bcf08c51068b1ddd9b3cbbafa,https://data.chain.link/streams/sol-usd,,
xrp-updown-5m-1783788900,XRP,"XRP Up or Down - July 11, 12:55PM-1:00PM ET",2026-07-11T17:00:00Z,2026-07-11T16:55:00Z,1.11095095,Up,"[""1"", ""0""]",0.99,1685.760370999999,2,0.49,0.01,resolved,0x43de8eefcdad3af5d1b03dc8b335a087ed370219fca53cfa622463d0650bbc7e,https://data.chain.link/streams/xrp-usd,,
bnb-updown-5m-1783789200,BNB,"BNB Up or Down - July 11, 1:00PM-1:05PM ET",2026-07-11T17:05:00Z,2026-07-11T17:00:00Z,579.4609119012707,Down,"[""0"", ""1""]",0.06,237.203096,,-0.5,0.01,resolved,0x7aba28d79fcb73dfa2b59f1e52706978e719af8f2ae3b9f510ad05de14ccc7a0,https://data.chain.link/streams/bnb-usd,,
btc-updown-5m-1783789200,BTC,"Bitcoin Up or Down - July 11, 1:00PM-1:05PM ET",2026-07-11T17:05:00Z,2026-07-11T17:00:00Z,64131.915701251855,Up,"[""1"", ""0""]",0.99,94221.57890099968,634.381565,0.49,0.01,resolved,0x2a76af50e45ff8ea1ba694a3409c3a943ce82b8745002aef26e65afd46ef4b82,https://data.chain.link/streams/btc-usd,,
doge-updown-5m-1783789200,DOGE,"Dogecoin Up or Down - July 11, 1:00PM-1:05PM ET",2026-07-11T17:05:00Z,2026-07-11T17:00:00Z,0.07498840741640891,Down,"[""0"", ""1""]",0.02,495.300415,1.886791,-0.495,0.01,resolved,0xbf20e6ef4a0912f59c70727a4abadce39b77dc7ba12c4c0a5fd8941a866971e5,https://data.chain.link/streams/doge-usd,,
eth-updown-5m-1783789200,ETH,"Ethereum Up or Down - July 11, 1:00PM-1:05PM ET",2026-07-11T17:05:00Z,2026-07-11T17:00:00Z,1821.9026368034624,Down,"[""0"", ""1""]",0.01,8023.792195000001,500,-0.5045,0.001,resolved,0x336614d4a1044565c6def0dc3ad82af53ae40ce2b5da1a5a3f37eb7ec92ec515,https://data.chain.link/streams/eth-usd,,
hype-updown-5m-1783789200,HYPE,"Hyperliquid Up or Down - July 11, 1:00PM-1:05PM ET",2026-07-11T17:05:00Z,2026-07-11T17:00:00Z,67.084478,Down,"[""0"", ""1""]",0.39,216.26930000000002,,-0.495,0.01,resolved,0x170b63dfff7564e4eea5a49aeafa28613a5eea80c82c8a36478ccecd5032fa67,https://data.chain.link/streams/hype-usd,,
sol-updown-5m-1783789200,SOL,"Solana Up or Down - July 11, 1:00PM-1:05PM ET",2026-07-11T17:05:00Z,2026-07-11T17:00:00Z,77.87719539517565,Down,"[""0"", ""1""]",0.03,2041.559497,15,-0.5045,0.001,resolved,0xa68255dd2682fdb0d694bb0415c9144887fdf0f4aafcf4a498484eb452aa6356,https://data.chain.link/streams/sol-usd,,
xrp-updown-5m-1783789200,XRP,"XRP Up or Down - July 11, 1:00PM-1:05PM ET",2026-07-11T17:05:00Z,2026-07-11T17:00:00Z,1.1118894291318784,Down,"[""0"", ""1""]",0.01,3407.304166,,-0.5045,0.001,resolved,0xa49837374399c5b16ed1dfebf4514f2e6045a0ea7aa55cb8da94ec9646904dac,https://data.chain.link/streams/xrp-usd,,
bnb-updown-5m-1783789500,BNB,"BNB Up or Down - July 11, 1:05PM-1:10PM ET",2026-07-11T17:10:00Z,2026-07-11T17:05:00Z,579.2768806755266,Up,"[""1"", ""0""]",0.99,277.109378,,0.49,0.01,resolved,0xf0db97f327e0d02008c483041218a3e31d5afe85658d33d2fad0861992930de5,https://data.chain.link/streams/bnb-usd,,
btc-updown-5m-1783789500,BTC,"Bitcoin Up or Down - July 11, 1:05PM-1:10PM ET",2026-07-11T17:10:00Z,2026-07-11T17:05:00Z,64140.803245,Up,"[""1"", ""0""]",0.99,51254.175775999924,15.420783,0.49,0.01,resolved,0x7b1d92d07ecf9bdb7b972c0d28afa40fb64d26644d0252fa079caa6467b92c79,https://data.chain.link/streams/btc-usd,,
doge-updown-5m-1783789500,DOGE,"Dogecoin Up or Down - July 11, 1:05PM-1:10PM ET",2026-07-11T17:10:00Z,2026-07-11T17:05:00Z,0.07492840137827775,Up,"[""1"", ""0""]",0.99,295.209155,,0.4995,0.001,resolved,0x66a4b5d5eeb3effd31ec1e78929c1df8a8ef4f74abbf80bc909f24d921088fae,https://data.chain.link/streams/doge-usd,,
eth-updown-5m-1783789500,ETH,"Ethereum Up or Down - July 11, 1:05PM-1:10PM ET",2026-07-11T17:10:00Z,2026-07-11T17:05:00Z,1820.0110657749103,Up,"[""1"", ""0""]",0.99,5297.164011000006,,0.265,0.01,resolved,0x8a1acd28956c135eb8e0244ebcb90eddeb605a7a34d8c6ea600c4eb517318318,https://data.chain.link/streams/eth-usd,,
hype-updown-5m-1783789500,HYPE,"Hyperliquid Up or Down - July 11, 1:05PM-1:10PM ET",2026-07-11T17:10:00Z,2026-07-11T17:05:00Z,67.0485,Up,"[""1"", ""0""]",0.99,242.08058599999998,,0.49,0.01,resolved,0xf39797df3b65694ab9f60ca79cc45896a526d79e6a54d8ee5cf05104397b33cc,https://data.chain.link/streams/hype-usd,,
sol-updown-5m-1783789500,SOL,"Solana Up or Down - July 11, 1:05PM-1:10PM ET",2026-07-11T17:10:00Z,2026-07-11T17:05:00Z,77.78957210397554,Up,"[""1"", ""0""]",0.999,1751.6297019999995,,0.4945,0.001,resolved,0x93c8e7cdf172dfb0264ebb788a59c98cd162f640022fe47fed28b8225b790b6c,https://data.chain.link/streams/sol-usd,,
xrp-updown-5m-1783789500,XRP,"XRP Up or Down - July 11, 1:05PM-1:10PM ET",2026-07-11T17:10:00Z,2026-07-11T17:05:00Z,1.1107527,Up,"[""1"", ""0""]",0.99,1827.1531710000004,,0.49,0.01,resolved,0x05c7af4129f1e8d3a8790de6d3a759538b1f6ba63d65e53f9f099b52256f8f58,https://data.chain.link/streams/xrp-usd,,
bnb-updown-5m-1783789800,BNB,"BNB Up or Down - July 11, 1:10PM-1:15PM ET",2026-07-11T17:15:00Z,2026-07-11T17:10:00Z,579.6027597895036,Down,"[""0"", ""1""]",0.34,248.61386000000005,,-0.5,0.01,resolved,0xb8533ab21f57b5a800d224a1bff16145fb359bde9dc5c6ba3185a63d67d7ce25,https://data.chain.link/streams/bnb-usd,,
btc-updown-5m-1783789800,BTC,"Bitcoin Up or Down - July 11, 1:10PM-1:15PM ET",2026-07-11T17:15:00Z,2026-07-11T17:10:00Z,64178.304547066524,Down,"[""0"", ""1""]",0.01,87096.52946499997,7,-0.5,0.01,resolved,0xa1bed5fbf0123b6c21f521dd7227774e56d93ce7629349ab0d85a286770736a2,https://data.chain.link/streams/btc-usd,,
doge-updown-5m-1783789800,DOGE,"Dogecoin Up or Down - July 11, 1:10PM-1:15PM ET",2026-07-11T17:15:00Z,2026-07-11T17:10:00Z,0.07509638323572773,Down,"[""0"", ""1""]",0.1,504.10094300000003,,-0.495,0.01,resolved,0x3caac17f1f2bf41e2d8a978040e3bb47d742055b5121321a8b60f25370e42681,https://data.chain.link/streams/doge-usd,,
eth-updown-5m-1783789800,ETH,"Ethereum Up or Down - July 11, 1:10PM-1:15PM ET",2026-07-11T17:15:00Z,2026-07-11T17:10:00Z,1820.191375,Down,"[""0"", ""1""]",0.01,5588.21487,1.960783,-0.5,0.01,resolved,0xa8eaad891a882b318d99e3c35e204b3411b91a165d85edd00dd3164260481a12,https://data.chain.link/streams/eth-usd,,
hype-updown-5m-1783789800,HYPE,"Hyperliquid Up or Down - July 11, 1:10PM-1:15PM ET",2026-07-11T17:15:00Z,2026-07-11T17:10:00Z,67.15932099999999,Down,"[""0"", ""1""]",0.2,198.83411800000002,,-0.5,0.01,resolved,0xacbc97183c35e379e87d727cbd5eb56fc1596fdf5ca910d8f00af4c9fee44369,https://data.chain.link/streams/hype-usd,,
sol-updown-5m-1783789800,SOL,"Solana Up or Down - July 11, 1:10PM-1:15PM ET",2026-07-11T17:15:00Z,2026-07-11T17:10:00Z,77.88831227776541,Down,"[""0"", ""1""]",0.35,2387.6478270000007,,-0.5,0.01,resolved,0x3113c05c05b2a2c286a970338211d3270596000b4428842c26b65bec86f8551c,https://data.chain.link/streams/sol-usd,,
xrp-updown-5m-1783789800,XRP,"XRP Up or Down - July 11, 1:10PM-1:15PM ET",2026-07-11T17:15:00Z,2026-07-11T17:10:00Z,1.112367879008354,Up,"[""1"", ""0""]",0.98,1585.506418,,0.49,0.01,resolved,0xb11fb0447aae31f35c96939317bc28676c08df8572470a40565b3d8610b24905,https://data.chain.link/streams/xrp-usd,,
bnb-updown-5m-1783790100,BNB,"BNB Up or Down - July 11, 1:15PM-1:20PM ET",2026-07-11T17:20:00Z,2026-07-11T17:15:00Z,,Up,"[""1"", ""0""]",0.99,181.54427799999996,,0.47,0.05,resolved,0xf5eb998ac3d7e74e0da6b9c96a4cee6c1581d222686b495ff5d2ace791c23e68,https://data.chain.link/streams/bnb-usd,,
btc-updown-5m-1783790100,BTC,"Bitcoin Up or Down - July 11, 1:15PM-1:20PM ET",2026-07-11T17:20:00Z,2026-07-11T17:15:00Z,,Up,"[""1"", ""0""]",0.99,68058.03088899986,1.960783,0.44,0.01,resolved,0x1d6b591c0e43626deaad68a82db4ccd93db8d1dde99a2f59384ebb41083703b2,https://data.chain.link/streams/btc-usd,,
doge-updown-5m-1783790100,DOGE,"Dogecoin Up or Down - July 11, 1:15PM-1:20PM ET",2026-07-11T17:20:00Z,2026-07-11T17:15:00Z,,Up,"[""1"", ""0""]",0.999,442.707946,,0.495,0.01,resolved,0x65db09c187f28477345bda3aed616ef2fa2a9afc6e7739d12eda0d2fb3f5052f,https://data.chain.link/streams/doge-usd,,
eth-updown-5m-1783790100,ETH,"Ethereum Up or Down - July 11, 1:15PM-1:20PM ET",2026-07-11T17:20:00Z,2026-07-11T17:15:00Z,,Up,"[""1"", ""0""]",0.99,5978.9735860000055,,0.43,0.01,resolved,0xc1020e4456e7ffb220e36c13b54275cc749d596ff237d58e11fe43de31f706db,https://data.chain.link/streams/eth-usd,,
hype-updown-5m-1783790100,HYPE,"Hyperliquid Up or Down - July 11, 1:15PM-1:20PM ET",2026-07-11T17:20:00Z,2026-07-11T17:15:00Z,,Up,"[""1"", ""0""]",0.99,97.729005,,0.495,0.01,resolved,0xbaa5a0e74c7ab6c8f6b7b3b2c991f39089733feb5002015905c49080d01e8870,https://data.chain.link/streams/hype-usd,,
sol-updown-5m-1783790100,SOL,"Solana Up or Down - July 11, 1:15PM-1:20PM ET",2026-07-11T17:20:00Z,2026-07-11T17:15:00Z,,Up,"[""1"", ""0""]",0.99,3269.6625930000005,,-0.055,0.24,resolved,0xdd0eb8a832b0a0ce14b7fac502671728892adadad2c94d024eadab1f9ef00fec,https://data.chain.link/streams/sol-usd,,
xrp-updown-5m-1783790100,XRP,"XRP Up or Down - July 11, 1:15PM-1:20PM ET",2026-07-11T17:20:00Z,2026-07-11T17:15:00Z,,Down,"[""0"", ""1""]",0.04,1469.4488479999995,,-0.135,0.01,resolved,0xc15f384805b57312aeb0cf6db7b40938973112240640b4a24ae2d47d9976f855,https://data.chain.link/streams/xrp-usd,,
bnb-updown-5m-1783790400,BNB,"BNB Up or Down - July 11, 1:20PM-1:25PM ET",2026-07-11T17:25:00Z,2026-07-11T17:20:00Z,,Up,"[""1"", ""0""]",0.99,272.8848280000001,,0.49,0.01,resolved,0xe10185aea680a07fd01ddddf3fee8a44456c8e29fb0d6ded2906dc71dc2e14a6,https://data.chain.link/streams/bnb-usd,,
btc-updown-5m-1783790400,BTC,"Bitcoin Up or Down - July 11, 1:20PM-1:25PM ET",2026-07-11T17:25:00Z,2026-07-11T17:20:00Z,,Down,"[""0"", ""1""]",0.01,48067.50589199996,3.921566,-0.5,0.01,resolved,0xab9af3d495adc54f83f925770659a98d625b2478f7b87f4c4dd407887453f32d,https://data.chain.link/streams/btc-usd,,
doge-updown-5m-1783790400,DOGE,"Dogecoin Up or Down - July 11, 1:20PM-1:25PM ET",2026-07-11T17:25:00Z,2026-07-11T17:20:00Z,,Up,"[""1"", ""0""]",0.99,447.37350100000003,,0.495,0.01,resolved,0x8acf52784835e6c5b3a772c4d3211dd98b9abe31e770372c5d32f808d7f738cc,https://data.chain.link/streams/doge-usd,,
eth-updown-5m-1783790400,ETH,"Ethereum Up or Down - July 11, 1:20PM-1:25PM ET",2026-07-11T17:25:00Z,2026-07-11T17:20:00Z,,Down,"[""0"", ""1""]",0.01,7277.688049000005,1.960783,-0.5045,0.001,resolved,0x123b9bd5f8a46386895b73fb99a3b10e877b8b03388364e8e6f905b77c193f9e,https://data.chain.link/streams/eth-usd,,
hype-updown-5m-1783790400,HYPE,"Hyperliquid Up or Down - July 11, 1:20PM-1:25PM ET",2026-07-11T17:25:00Z,2026-07-11T17:20:00Z,,Up,"[""1"", ""0""]",0.999,256.568483,,0.4995,0.001,resolved,0xb3058c17013f39ce5c558fcb003e935e4115506802475136bee53819e8ff2fdd,https://data.chain.link/streams/hype-usd,,
sol-updown-5m-1783790400,SOL,"Solana Up or Down - July 11, 1:20PM-1:25PM ET",2026-07-11T17:25:00Z,2026-07-11T17:20:00Z,,Down,"[""0"", ""1""]",0.07,1688.5169889999997,,-0.5,0.01,resolved,0x45a4dec014351436ecca42d363fa944711a24ff10d279be0d19c61094dddf95c,https://data.chain.link/streams/sol-usd,,
xrp-updown-5m-1783790400,XRP,"XRP Up or Down - July 11, 1:20PM-1:25PM ET",2026-07-11T17:25:00Z,2026-07-11T17:20:00Z,,Up,"[""1"", ""0""]",0.99,1445.996922,,0.49,0.01,resolved,0x82c86ef4fae46df8ba153b1bf445912d21671eade2ccd04a3325751e46410573,https://data.chain.link/streams/xrp-usd,,
bnb-updown-5m-1783790700,BNB,"BNB Up or Down - July 11, 1:25PM-1:30PM ET",2026-07-11T17:30:00Z,2026-07-11T17:25:00Z,579.8262695312286,Up,"[""1"", ""0""]",0.99,208.537053,,0.49,0.01,resolved,0x44c50a9f24ac496f44350f2a1a8d2181393688dbb677bff61d198c34c5528d31,https://data.chain.link/streams/bnb-usd,,
btc-updown-5m-1783790700,BTC,"Bitcoin Up or Down - July 11, 1:25PM-1:30PM ET",2026-07-11T17:30:00Z,2026-07-11T17:25:00Z,64165.567169761736,Up,"[""1"", ""0""]",0.99,55506.30933599996,2,0.49,0.01,resolved,0xb7b0439264e9f56db620039e4c91e420577e2c32785fe2575dd8924769ca89a1,https://data.chain.link/streams/btc-usd,,
doge-updown-5m-1783790700,DOGE,"Dogecoin Up or Down - July 11, 1:25PM-1:30PM ET",2026-07-11T17:30:00Z,2026-07-11T17:25:00Z,0.07511918318480043,Up,"[""1"", ""0""]",0.99,490.47169599999995,,0.495,0.01,resolved,0x2442e3138f7c23cb8a9125c5ecf3ace9479518a200ec08a762913407c1928091,https://data.chain.link/streams/doge-usd,,
eth-updown-5m-1783790700,ETH,"Ethereum Up or Down - July 11, 1:25PM-1:30PM ET",2026-07-11T17:30:00Z,2026-07-11T17:25:00Z,1818.282529468154,Up,"[""1"", ""0""]",0.99,4696.709277000002,1.960783,0.49,0.01,resolved,0xf92864f63a71ee48bc13c26fbf1d23b8171697a1584c9e8041051357adca5c2d,https://data.chain.link/streams/eth-usd,,
hype-updown-5m-1783790700,HYPE,"Hyperliquid Up or Down - July 11, 1:25PM-1:30PM ET",2026-07-11T17:30:00Z,2026-07-11T17:25:00Z,67.33132685452604,Up,"[""1"", ""0""]",0.89,262.226188,,0.445,0.11,resolved,0xacd9da52b75239944b473f1685a1a7b9795283569a0a3a40d0b81e3f71fd69ed,https://data.chain.link/streams/hype-usd,,
sol-updown-5m-1783790700,SOL,"Solana Up or Down - July 11, 1:25PM-1:30PM ET",2026-07-11T17:30:00Z,2026-07-11T17:25:00Z,77.82606260869012,Up,"[""1"", ""0""]",0.99,1962.8794720000005,,0.49,0.01,resolved,0xc47fbdbe0ab37e8c27aa643d32a70b5b62a2c4404405d7f5110f516bfbf41d21,https://data.chain.link/streams/sol-usd,,
xrp-updown-5m-1783790700,XRP,"XRP Up or Down - July 11, 1:25PM-1:30PM ET",2026-07-11T17:30:00Z,2026-07-11T17:25:00Z,1.1126040104545631,Up,"[""1"", ""0""]",0.999,1983.5328860000002,,0.4935,0.001,resolved,0x2bf359d76e41e9ba5cff765523a35affb596cc49b2bf8370fe990628200e8945,https://data.chain.link/streams/xrp-usd,,
bnb-updown-5m-1783791000,BNB,"BNB Up or Down - July 11, 1:30PM-1:35PM ET",2026-07-11T17:35:00Z,2026-07-11T17:30:00Z,580.247795932225,Up,"[""1"", ""0""]",0.99,270.2425,,0.49,0.01,resolved,0xaf44b2f15fdcc63cf62ce7893a62e3cce706ba5b9af47567b0f3e217183f2432,https://data.chain.link/streams/bnb-usd,,
btc-updown-5m-1783791000,BTC,"Bitcoin Up or Down - July 11, 1:30PM-1:35PM ET",2026-07-11T17:35:00Z,2026-07-11T17:30:00Z,64251.81493,Up,"[""1"", ""0""]",0.999,92188.5028099997,1.960783,0.4945,0.001,resolved,0xeba95f242260304a6e2285f8b94509142f5a4fddef307789802feec0c66cf58a,https://data.chain.link/streams/btc-usd,,
doge-updown-5m-1783791000,DOGE,"Dogecoin Up or Down - July 11, 1:30PM-1:35PM ET",2026-07-11T17:35:00Z,2026-07-11T17:30:00Z,0.07515762078283329,Up,"[""1"", ""0""]",0.99,1119.0179280000002,,0.495,0.01,resolved,0x5817787240dbe0a0ff0f61c0ca3f12dc5e23ca5d855548b2e2eddbd663e04bfa,https://data.chain.link/streams/doge-usd,,
eth-updown-5m-1783791000,ETH,"Ethereum Up or Down - July 11, 1:30PM-1:35PM ET",2026-07-11T17:35:00Z,2026-07-11T17:30:00Z,1821.2808735938686,Up,"[""1"", ""0""]",0.999,11400.976730999997,,0.4945,0.001,resolved,0xbb195b207a8999768217f45455a7836ffc90f461fe45f13bfb0e9a6c753f7d98,https://data.chain.link/streams/eth-usd,,
hype-updown-5m-1783791000,HYPE,"Hyperliquid Up or Down - July 11, 1:30PM-1:35PM ET",2026-07-11T17:35:00Z,2026-07-11T17:30:00Z,67.37146493930082,Up,"[""1"", ""0""]",0.99,742.834034,,0.495,0.01,resolved,0xcde9d1d47952e4a8d936d3c355f4425f322fe23f8d08cd74722a202a74ea762e,https://data.chain.link/streams/hype-usd,,
sol-updown-5m-1783791000,SOL,"Solana Up or Down - July 11, 1:30PM-1:35PM ET",2026-07-11T17:35:00Z,2026-07-11T17:30:00Z,77.96307299918075,Up,"[""1"", ""0""]",0.99,1951.8217789999997,,0.49,0.01,resolved,0xa98a3ae7fcf282a685bd1e2d7d6d74565868446566c10b299be2879a14036030,https://data.chain.link/streams/sol-usd,,
xrp-updown-5m-1783791000,XRP,"XRP Up or Down - July 11, 1:30PM-1:35PM ET",2026-07-11T17:35:00Z,2026-07-11T17:30:00Z,1.114204269871576,Down,"[""0"", ""1""]",0.25,3881.7354040000005,,-0.5,0.01,resolved,0xa5de90476682f668aa6de2a6be1ae46e4dc47630b398dfcb3f9279709c639dec,https://data.chain.link/streams/xrp-usd,,
bnb-updown-5m-1783791300,BNB,"BNB Up or Down - July 11, 1:35PM-1:40PM ET",2026-07-11T17:40:00Z,2026-07-11T17:35:00Z,,Down,"[""0"", ""1""]",0.61,316.503326,,-0.25,0.31,resolved,0xa866ef4f177ff0713099dc48e89b2bcd3c5e57d70913a19124031d7a1d7d4065,https://data.chain.link/streams/bnb-usd,,
btc-updown-5m-1783791300,BTC,"Bitcoin Up or Down - July 11, 1:35PM-1:40PM ET",2026-07-11T17:40:00Z,2026-07-11T17:35:00Z,,Down,"[""0"", ""1""]",0.001,116600.49273799958,1.960783,-0.49,0.01,resolved,0x8846922152297d5fe9f0a4d591eb263a64d35fd8a017a475f51fee15ef3a5966,https://data.chain.link/streams/btc-usd,,
doge-updown-5m-1783791300,DOGE,"Dogecoin Up or Down - July 11, 1:35PM-1:40PM ET",2026-07-11T17:40:00Z,2026-07-11T17:35:00Z,,Down,"[""0"", ""1""]",0.01,1100.913966,,0.195,0.09,resolved,0xc37ec9f5c01823b19d2b708b7deae0e192480049cd83dfdcdea166c202d55545,https://data.chain.link/streams/doge-usd,,
eth-updown-5m-1783791300,ETH,"Ethereum Up or Down - July 11, 1:35PM-1:40PM ET",2026-07-11T17:40:00Z,2026-07-11T17:35:00Z,,Up,"[""1"", ""0""]",0.99,10786.077111000008,1.960783,0.31,0.01,resolved,0xaee9a010847dbe6443767e99cafb7ef8e80a1bfcd49edae41eb70b8bc9a2ee2b,https://data.chain.link/streams/eth-usd,,
hype-updown-5m-1783791300,HYPE,"Hyperliquid Up or Down - July 11, 1:35PM-1:40PM ET",2026-07-11T17:40:00Z,2026-07-11T17:35:00Z,,Up,"[""1"", ""0""]",0.99,332.97518099999985,,0.495,0.01,resolved,0x4274a0de31d05623bf8e946ff42cd846edb442c4088705853eff771ebd07cb93,https://data.chain.link/streams/hype-usd,,
sol-updown-5m-1783791300,SOL,"Solana Up or Down - July 11, 1:35PM-1:40PM ET",2026-07-11T17:40:00Z,2026-07-11T17:35:00Z,,Up,"[""1"", ""0""]",0.99,4868.232173000003,,0.32,0.17,resolved,0x99d158642fbaccb57636a15a41eb598718224bab2add469ce221380787a862e0,https://data.chain.link/streams/sol-usd,,
xrp-updown-5m-1783791300,XRP,"XRP Up or Down - July 11, 1:35PM-1:40PM ET",2026-07-11T17:40:00Z,2026-07-11T17:35:00Z,,Up,"[""1"", ""0""]",0.99,1322.4610549999998,,0.48,0.01,resolved,0x1839530b27b975ef253e771d2de75d11692712e5148a1693de212abf406fb911,https://data.chain.link/streams/xrp-usd,,
bnb-updown-5m-1783791600,BNB,"BNB Up or Down - July 11, 1:40PM-1:45PM ET",2026-07-11T17:45:00Z,2026-07-11T17:40:00Z,,Down,"[""0"", ""1""]",0.17,257.012174,,-0.5,0.01,resolved,0x718803ba3d2b9c92a857656379f28e53bbaa488197edd21a531e87d2c2b74958,https://data.chain.link/streams/bnb-usd,,
btc-updown-5m-1783791600,BTC,"Bitcoin Up or Down - July 11, 1:40PM-1:45PM ET",2026-07-11T17:45:00Z,2026-07-11T17:40:00Z,,Down,"[""0"", ""1""]",0.01,78211.82079999994,2,-0.5,0.01,resolved,0x21a6de41f981ff81b41d14589cfffc4d24d47441356166288dea6627598623a5,https://data.chain.link/streams/btc-usd,,
doge-updown-5m-1783791600,DOGE,"Dogecoin Up or Down - July 11, 1:40PM-1:45PM ET",2026-07-11T17:45:00Z,2026-07-11T17:40:00Z,,Down,"[""0"", ""1""]",0.07,688.7323650000001,,-0.495,0.01,resolved,0x8a34b696f931992138f3a5e77932b48dd407ba9aa688cd81b02e164052932853,https://data.chain.link/streams/doge-usd,,
eth-updown-5m-1783791600,ETH,"Ethereum Up or Down - July 11, 1:40PM-1:45PM ET",2026-07-11T17:45:00Z,2026-07-11T17:40:00Z,,Down,"[""0"", ""1""]",0.01,8482.934887999994,,-0.5,0.01,resolved,0xecebdcf09e94171c8bce20c4f9a73fa59d60c3c28687e81c7636248106629a0b,https://data.chain.link/streams/eth-usd,,
hype-updown-5m-1783791600,HYPE,"Hyperliquid Up or Down - July 11, 1:40PM-1:45PM ET",2026-07-11T17:45:00Z,2026-07-11T17:40:00Z,,Up,"[""1"", ""0""]",0.99,264.4691079999999,,0.495,0.01,resolved,0x6c04024e969434dff51c038e17a7325dab91d107ad6197254a715dfef4cbdc0f,https://data.chain.link/streams/hype-usd,,
sol-updown-5m-1783791600,SOL,"Solana Up or Down - July 11, 1:40PM-1:45PM ET",2026-07-11T17:45:00Z,2026-07-11T17:40:00Z,,Down,"[""0"", ""1""]",0.1,3832.340407000002,,-0.5,0.01,resolved,0x0ae458e189d7583b56d46d6c94a70cc74ae955d2437ce9f9142775de941cba1e,https://data.chain.link/streams/sol-usd,,
xrp-updown-5m-1783791600,XRP,"XRP Up or Down - July 11, 1:40PM-1:45PM ET",2026-07-11T17:45:00Z,2026-07-11T17:40:00Z,,Up,"[""1"", ""0""]",0.99,1358.4730849999999,,0.49,0.01,resolved,0x1967bb0e353ec27e9fafacd5e40dc37006a45d275114aa1871979840c748be0a,https://data.chain.link/streams/xrp-usd,,
bnb-updown-5m-1783791900,BNB,"BNB Up or Down - July 11, 1:45PM-1:50PM ET",2026-07-11T17:50:00Z,2026-07-11T17:45:00Z,580.3677725316261,Down,"[""0"", ""1""]",0.17,217.84033499999998,,-0.05,0.89,resolved,0x8d6ca340d4b4efcf21a49b0bf445dd68a702187cf5c6b8bcab9cc98d4fb007e3,https://data.chain.link/streams/bnb-usd,,
btc-updown-5m-1783791900,BTC,"Bitcoin Up or Down - July 11, 1:45PM-1:50PM ET",2026-07-11T17:50:00Z,2026-07-11T17:45:00Z,64309.09620766379,Down,"[""0"", ""1""]",0.01,78779.81958199982,2,-0.49,0.01,resolved,0x2f30ee32e52630cb97bd669d4510b2ca775946cf9da2269c6744a7ba32fc456f,https://data.chain.link/streams/btc-usd,,
doge-updown-5m-1783791900,DOGE,"Dogecoin Up or Down - July 11, 1:45PM-1:50PM ET",2026-07-11T17:50:00Z,2026-07-11T17:45:00Z,0.0751467,Down,"[""0"", ""1""]",0.08,311.56428500000004,,-0.495,0.01,resolved,0x48db85e69740599b2519fe0c338b1c9a79146ca70ab310644b1080287b13cc92,https://data.chain.link/streams/doge-usd,,
eth-updown-5m-1783791900,ETH,"Ethereum Up or Down - July 11, 1:45PM-1:50PM ET",2026-07-11T17:50:00Z,2026-07-11T17:45:00Z,1825.2290917927764,Down,"[""0"", ""1""]",0.01,6338.798939999998,,-0.5,0.01,resolved,0xfb40555d257a808f8a5bd788107c024fd1cc04d47e5a2b0e933990cd8ed7660e,https://data.chain.link/streams/eth-usd,,
hype-updown-5m-1783791900,HYPE,"Hyperliquid Up or Down - July 11, 1:45PM-1:50PM ET",2026-07-11T17:50:00Z,2026-07-11T17:45:00Z,67.4647,Down,"[""0"", ""1""]",0.06,333.1117929999999,,-0.445,0.11,resolved,0x21c507d75314490809a4807ab2a43c49cab0330af01a05ce34b61b952aa1b6d1,https://data.chain.link/streams/hype-usd,,
sol-updown-5m-1783791900,SOL,"Solana Up or Down - July 11, 1:45PM-1:50PM ET",2026-07-11T17:50:00Z,2026-07-11T17:45:00Z,78.07400777199577,Down,"[""0"", ""1""]",0.04,1627.9239809999995,,-0.5,0.01,resolved,0x4c776f02db00a894830011fec1d145c3dd39ed4ceedf3094665bbb7e743fdfcb,https://data.chain.link/streams/sol-usd,,
xrp-updown-5m-1783791900,XRP,"XRP Up or Down - July 11, 1:45PM-1:50PM ET",2026-07-11T17:50:00Z,2026-07-11T17:45:00Z,1.11584975,Down,"[""0"", ""1""]",0.02,1184.144586,,-0.503,0.002,resolved,0x84de61a3082778e56a06554d922a52535c7e2140bf9e489aae9afa7d22160322,https://data.chain.link/streams/xrp-usd,,
bnb-updown-5m-1783792200,BNB,"BNB Up or Down - July 11, 1:50PM-1:55PM ET",2026-07-11T17:55:00Z,2026-07-11T17:50:00Z,580.1819899999999,Up,"[""1"", ""0""]",0.99,339.31850199999997,100,0.49,0.01,resolved,0xdcc6685189959d910041e9776acada92c5df51210b48e0ed2288bb3a5ad11f67,https://data.chain.link/streams/bnb-usd,,
btc-updown-5m-1783792200,BTC,"Bitcoin Up or Down - July 11, 1:50PM-1:55PM ET",2026-07-11T17:55:00Z,2026-07-11T17:50:00Z,64287.75542945737,Down,"[""0"", ""1""]",0.01,127961.31245100028,5940.066847,-0.5,0.01,resolved,0x81f3f7ef4d526b30b97f8758ea2c2c3abe84298d5b5b8fcf15b9d6adfdf8e2dc,https://data.chain.link/streams/btc-usd,,
doge-updown-5m-1783792200,DOGE,"Dogecoin Up or Down - July 11, 1:50PM-1:55PM ET",2026-07-11T17:55:00Z,2026-07-11T17:50:00Z,0.07507182976537445,Up,"[""1"", ""0""]",0.99,300.915134,100,0.495,0.01,resolved,0x3e1b82995211bc3d0ae7720b49b6af6e568b1b14d496347aa5ab2947e6f7366e,https://data.chain.link/streams/doge-usd,,
eth-updown-5m-1783792200,ETH,"Ethereum Up or Down - July 11, 1:50PM-1:55PM ET",2026-07-11T17:55:00Z,2026-07-11T17:50:00Z,1823.6210642691012,Up,"[""1"", ""0""]",0.99,5718.518869000005,2450.268732,0.49,0.01,resolved,0x1ab3c588e5d1a3cdd93e4a970f4172625afe20f28dd62a1eca9ab167d129486d,https://data.chain.link/streams/eth-usd,,
hype-updown-5m-1783792200,HYPE,"Hyperliquid Up or Down - July 11, 1:50PM-1:55PM ET",2026-07-11T17:55:00Z,2026-07-11T17:50:00Z,67.43482034470908,Down,"[""0"", ""1""]",0.13,229.59895500000005,146.339621,-0.495,0.01,resolved,0x318fc70bf58de97e348833f8d9ae7f190bdfbe39f795934cd587cafc1639c385,https://data.chain.link/streams/hype-usd,,
sol-updown-5m-1783792200,SOL,"Solana Up or Down - July 11, 1:50PM-1:55PM ET",2026-07-11T17:55:00Z,2026-07-11T17:50:00Z,77.98447645704793,Up,"[""1"", ""0""]",0.99,1836.1663339999996,556.030793,0.49,0.01,resolved,0xebdda8f907dbe8e7719cb84798bbb135b10d58f895678c58f3847ba96708fe10,https://data.chain.link/streams/sol-usd,,
xrp-updown-5m-1783792200,XRP,"XRP Up or Down - July 11, 1:50PM-1:55PM ET",2026-07-11T17:55:00Z,2026-07-11T17:50:00Z,1.1149760140814282,Down,"[""0"", ""1""]",0.18,1195.8447009999998,450,-0.5,0.01,resolved,0xaf6f6a60752ae6514b1350e0a5500189ed89a8f59b558306b247af53ecb86261,https://data.chain.link/streams/xrp-usd,,
bnb-updown-5m-1783792500,BNB,"BNB Up or Down - July 11, 1:55PM-2:00PM ET",2026-07-11T18:00:00Z,2026-07-11T17:55:00Z,580.3321506236321,Down,"[""0"", ""1""]",0.33,267.968046,,-0.47,0.03,resolved,0xd2cb354ebd0488e7b2953d08ed164e587a4a5a64f06fc9ab012db683d5cdee53,https://data.chain.link/streams/bnb-usd,,
btc-updown-5m-1783792500,BTC,"Bitcoin Up or Down - July 11, 1:55PM-2:00PM ET",2026-07-11T18:00:00Z,2026-07-11T17:55:00Z,64275.367942507655,Down,"[""0"", ""1""]",0.01,83983.77361500001,763.59,-0.29,0.03,resolved,0xd3a5964694e2be238bd0ff62c91e07983bcc5c069cf8ea423f9a7212cbe1bdf8,https://data.chain.link/streams/btc-usd,,
doge-updown-5m-1783792500,DOGE,"Dogecoin Up or Down - July 11, 1:55PM-2:00PM ET",2026-07-11T18:00:00Z,2026-07-11T17:55:00Z,0.0751455120086221,Down,"[""0"", ""1""]",0.03,318.108547,,-0.495,0.01,resolved,0xc486e685446737e75aca328b91ed41bfb85c15b1d88456db24788e9935b92674,https://data.chain.link/streams/doge-usd,,
eth-updown-5m-1783792500,ETH,"Ethereum Up or Down - July 11, 1:55PM-2:00PM ET",2026-07-11T18:00:00Z,2026-07-11T17:55:00Z,1823.8614888486634,Down,"[""0"", ""1""]",0.01,6654.449912000004,516,-0.5,0.01,resolved,0x3aa3c661a2caeabe7b46c966c5216a0530d40fa1d63a118889def1fb9df7f2e8,https://data.chain.link/streams/eth-usd,,
hype-updown-5m-1783792500,HYPE,"Hyperliquid Up or Down - July 11, 1:55PM-2:00PM ET",2026-07-11T18:00:00Z,2026-07-11T17:55:00Z,67.36679340408142,Down,"[""0"", ""1""]",0.03,183.2346,,-0.495,0.01,resolved,0xd8ef1593d0f5b7581170e9a7e1751b2aa26309368a53f356b84d47e4097e9623,https://data.chain.link/streams/hype-usd,,
sol-updown-5m-1783792500,SOL,"Solana Up or Down - July 11, 1:55PM-2:00PM ET",2026-07-11T18:00:00Z,2026-07-11T17:55:00Z,78.01963544508646,Up,"[""1"", ""0""]",0.99,3451.7243649999987,15,-0.44,0.03,resolved,0x85adb1ca3a54f6bdc3903d2266ae2dd7bbeb16b30d27ba644611e53f62f57b65,https://data.chain.link/streams/sol-usd,,
xrp-updown-5m-1783792500,XRP,"XRP Up or Down - July 11, 1:55PM-2:00PM ET",2026-07-11T18:00:00Z,2026-07-11T17:55:00Z,1.1149465079712972,Down,"[""0"", ""1""]",0.01,1066.0788229999996,,-0.5,0.01,resolved,0x61647cda7fd59c0cdc6f777ccc911b25d40586e765aa4af21ee02d8ef90fefd0,https://data.chain.link/streams/xrp-usd,,
bnb-updown-5m-1783792800,BNB,"BNB Up or Down - July 11, 2:00PM-2:05PM ET",2026-07-11T18:05:00Z,2026-07-11T18:00:00Z,580.1887932399222,Down,"[""0"", ""1""]",0.05,346.04233,,-0.5045,0.001,resolved,0xc5cfd6b58cf387d9b39cb83ef82dc95116ba64b2cdb8de93aeb27ca106195406,https://data.chain.link/streams/bnb-usd,,
btc-updown-5m-1783792800,BTC,"Bitcoin Up or Down - July 11, 2:00PM-2:05PM ET",2026-07-11T18:05:00Z,2026-07-11T18:00:00Z,64271.870384999995,Down,"[""0"", ""1""]",0.01,159783.443309,617.960783,-0.5,0.01,resolved,0x07636b97a82ee7fdca666bcf9a23b7f8ca5dd510faaf116620c6c3a6952c87d5,https://data.chain.link/streams/btc-usd,,
doge-updown-5m-1783792800,DOGE,"Dogecoin Up or Down - July 11, 2:00PM-2:05PM ET",2026-07-11T18:05:00Z,2026-07-11T18:00:00Z,0.075046915,Down,"[""0"", ""1""]",0.09,454.7299170000001,,-0.495,0.01,resolved,0x4f0ba4117e6f4f085eb41a13bafb833f7953d8ebf602d2d5981d7987d01d27e0,https://data.chain.link/streams/doge-usd,,
eth-updown-5m-1783792800,ETH,"Ethereum Up or Down - July 11, 2:00PM-2:05PM ET",2026-07-11T18:05:00Z,2026-07-11T18:00:00Z,1823.32113,Down,"[""0"", ""1""]",0.01,7722.502106000007,506,-0.5,0.01,resolved,0xc9c3a8fa6df4c817c6dda435159d18d8189289f62d3992ee8a858eb692baef3a,https://data.chain.link/streams/eth-usd,,
hype-updown-5m-1783792800,HYPE,"Hyperliquid Up or Down - July 11, 2:00PM-2:05PM ET",2026-07-11T18:05:00Z,2026-07-11T18:00:00Z,67.32181142121293,Down,"[""0"", ""1""]",0.01,665.224201,,-0.495,0.01,resolved,0x44eb79d9cc49e558d91cc28e23612bad276e5d12b6349bc32f81ca582c488d56,https://data.chain.link/streams/hype-usd,,
sol-updown-5m-1783792800,SOL,"Solana Up or Down - July 11, 2:00PM-2:05PM ET",2026-07-11T18:05:00Z,2026-07-11T18:00:00Z,78.02710646024299,Down,"[""0"", ""1""]",0.09,2613.1203660000015,15,-0.5045,0.001,resolved,0xf901457efb7761130c8f74816b01f8b359b519c7bd33ed5f965208493269fd14,https://data.chain.link/streams/sol-usd,,
xrp-updown-5m-1783792800,XRP,"XRP Up or Down - July 11, 2:00PM-2:05PM ET",2026-07-11T18:05:00Z,2026-07-11T18:00:00Z,1.11406,Down,"[""0"", ""1""]",0.04,1497.0448179999999,,-0.5,0.01,resolved,0xd9936ca4b9aa69dc216c19bb89bf0b72572fb2567637b4d44c4d4f05550fab83,https://data.chain.link/streams/xrp-usd,,
bnb-updown-5m-1783793100,BNB,"BNB Up or Down - July 11, 2:05PM-2:10PM ET",2026-07-11T18:10:00Z,2026-07-11T18:05:00Z,580.154542861091,Up,"[""1"", ""0""]",0.99,254.540655,,0.445,0.08,resolved,0xddcc3f20703395e8391b4c903aecfc77df3cdc7ce5d7caee078638c4ae13a4a5,https://data.chain.link/streams/bnb-usd,,
btc-updown-5m-1783793100,BTC,"Bitcoin Up or Down - July 11, 2:05PM-2:10PM ET",2026-07-11T18:10:00Z,2026-07-11T18:05:00Z,64258.29243,Up,"[""1"", ""0""]",0.99,105037.90638599986,2.960783,0.22,0.01,resolved,0x40949d223695b903d5cbcc792e02a5836ec7620781f5fe7cb6b184d90d4b9162,https://data.chain.link/streams/btc-usd,,
doge-updown-5m-1783793100,DOGE,"Dogecoin Up or Down - July 11, 2:05PM-2:10PM ET",2026-07-11T18:10:00Z,2026-07-11T18:05:00Z,0.0750061,Up,"[""1"", ""0""]",0.999,559.2020079999999,,0.495,0.01,resolved,0x90b16be62fdd36c0f2f379d4c2150649738959fccd1c1db44161ca51183166bd,https://data.chain.link/streams/doge-usd,,
eth-updown-5m-1783793100,ETH,"Ethereum Up or Down - July 11, 2:05PM-2:10PM ET",2026-07-11T18:10:00Z,2026-07-11T18:05:00Z,1823.1112033529685,Up,"[""1"", ""0""]",0.99,5217.831383000001,5,0.39,0.01,resolved,0xd63eeac6fe4fd955c80a0a85edbe246fc526bf3fcb6952cec3aac0792b3f308b,https://data.chain.link/streams/eth-usd,,
hype-updown-5m-1783793100,HYPE,"Hyperliquid Up or Down - July 11, 2:05PM-2:10PM ET",2026-07-11T18:10:00Z,2026-07-11T18:05:00Z,67.31228524409778,Up,"[""1"", ""0""]",0.99,147.89364299999994,,0.42,0.12,resolved,0x1ab0d507145e20d47f29dde0e86d41813c41b912a424a81433e3cc961f7543e6,https://data.chain.link/streams/hype-usd,,
sol-updown-5m-1783793100,SOL,"Solana Up or Down - July 11, 2:05PM-2:10PM ET",2026-07-11T18:10:00Z,2026-07-11T18:05:00Z,77.97262169217424,Up,"[""1"", ""0""]",0.99,2454.853643999999,,0.26,0.01,resolved,0x179d5274d3df61847b7c45836b34f0c7e0fb5deab0d17728214559314297cd89,https://data.chain.link/streams/sol-usd,,
xrp-updown-5m-1783793100,XRP,"XRP Up or Down - July 11, 2:05PM-2:10PM ET",2026-07-11T18:10:00Z,2026-07-11T18:05:00Z,1.1134309197173935,Up,"[""1"", ""0""]",0.99,1119.1651309999993,,0.48,0.01,resolved,0xcec17cd767f033814eafa22cf7dd701fb462a19fa840329cc1c7f45fdb3bcca8,https://data.chain.link/streams/xrp-usd,,
bnb-updown-5m-1783793400,BNB,"BNB Up or Down - July 11, 2:10PM-2:15PM ET",2026-07-11T18:15:00Z,2026-07-11T18:10:00Z,580.3805032784658,Down,"[""0"", ""1""]",0.03,415.050006,,-0.5,0.01,resolved,0x9869f13e7fe9e43d69a4c640440079bf12d692c124920b056e74653bc92e4c16,https://data.chain.link/streams/bnb-usd,,
btc-updown-5m-1783793400,BTC,"Bitcoin Up or Down - July 11, 2:10PM-2:15PM ET",2026-07-11T18:15:00Z,2026-07-11T18:10:00Z,64265.9335,Down,"[""0"", ""1""]",0.01,147186.79718099977,2.960783,-0.5,0.01,resolved,0xdbc13f677c850cb6a3a7e3ce8e461e53b6661410da28bbcf7c66b2ae08faac9a,https://data.chain.link/streams/btc-usd,,
doge-updown-5m-1783793400,DOGE,"Dogecoin Up or Down - July 11, 2:10PM-2:15PM ET",2026-07-11T18:15:00Z,2026-07-11T18:10:00Z,0.07512342609016706,Down,"[""0"", ""1""]",0.01,1392.965481,,-0.495,0.01,resolved,0x4ad06df81315f41bec765d20940605441d5e5f66f44b5c33d3090be767888305,https://data.chain.link/streams/doge-usd,,
eth-updown-5m-1783793400,ETH,"Ethereum Up or Down - July 11, 2:10PM-2:15PM ET",2026-07-11T18:15:00Z,2026-07-11T18:10:00Z,1823.543345,Down,"[""0"", ""1""]",0.15,8459.239591,5,-0.5,0.01,resolved,0x47dfdc907e9e8134a25dd7cfab5143b150b1e4645f8603b9abca4dff58813c2e,https://data.chain.link/streams/eth-usd,,
hype-updown-5m-1783793400,HYPE,"Hyperliquid Up or Down - July 11, 2:10PM-2:15PM ET",2026-07-11T18:15:00Z,2026-07-11T18:10:00Z,67.324685,Down,"[""0"", ""1""]",0.41,117.45538900000001,,-0.495,0.01,resolved,0x4e5ee2af413071769d1fe8e08bfb8aebac26eac7cdab245719846e3e0863dcf3,https://data.chain.link/streams/hype-usd,,
sol-updown-5m-1783793400,SOL,"Solana Up or Down - July 11, 2:10PM-2:15PM ET",2026-07-11T18:15:00Z,2026-07-11T18:10:00Z,77.98334750000001,Up,"[""1"", ""0""]",0.999,2703.7516840000008,,0.49,0.01,resolved,0xd2bb901e2e6ea359ab559de94699649d89f67e593c2cdfe4026bb85a4a9be8e9,https://data.chain.link/streams/sol-usd,,
xrp-updown-5m-1783793400,XRP,"XRP Up or Down - July 11, 2:10PM-2:15PM ET",2026-07-11T18:15:00Z,2026-07-11T18:10:00Z,1.114159966983348,Down,"[""0"", ""1""]",0.01,3408.7905819999996,,-0.5,0.01,resolved,0x63708990ca740f73f4e6057b1db41a267a329bdea7da62fb65244f3ca62ffd87,https://data.chain.link/streams/xrp-usd,,
bnb-updown-5m-1783793700,BNB,"BNB Up or Down - July 11, 2:15PM-2:20PM ET",2026-07-11T18:20:00Z,2026-07-11T18:15:00Z,,Up,"[""1"", ""0""]",0.99,257.985779,,0.44,0.07,resolved,0x86807390f94eb98946327eb67688f7b7de3c273e596423f9544d43408018db59,https://data.chain.link/streams/bnb-usd,,
btc-updown-5m-1783793700,BTC,"Bitcoin Up or Down - July 11, 2:15PM-2:20PM ET",2026-07-11T18:20:00Z,2026-07-11T18:15:00Z,,Up,"[""1"", ""0""]",0.99,82639.90993299987,21.615685,0.49,0.01,resolved,0x52f74670a2fd701213eb0ce84473220d97449de5d06fff67b058413f31569bab,https://data.chain.link/streams/btc-usd,,
doge-updown-5m-1783793700,DOGE,"Dogecoin Up or Down - July 11, 2:15PM-2:20PM ET",2026-07-11T18:20:00Z,2026-07-11T18:15:00Z,,Up,"[""1"", ""0""]",0.999,368.85266700000005,,0.495,0.01,resolved,0xc84a207077a5b5667b28c60efb6bc3ea4e9f9dc46a50daec53e1112df6cbfeae,https://data.chain.link/streams/doge-usd,,
eth-updown-5m-1783793700,ETH,"Ethereum Up or Down - July 11, 2:15PM-2:20PM ET",2026-07-11T18:20:00Z,2026-07-11T18:15:00Z,,Up,"[""1"", ""0""]",0.99,5267.336566000003,5,0.49,0.01,resolved,0xb7d192ee0bc84c79e3566bc873bda3e76cbf213fd8dc8fb1fc9120533a9247c0,https://data.chain.link/streams/eth-usd,,
hype-updown-5m-1783793700,HYPE,"Hyperliquid Up or Down - July 11, 2:15PM-2:20PM ET",2026-07-11T18:20:00Z,2026-07-11T18:15:00Z,,Up,"[""1"", ""0""]",0.999,340.51638800000006,,0.495,0.008,resolved,0x7cbbb6f2c3416f26be4bc0fdd2a82390d5397ab9f661e4e389ab80a2cc164fdc,https://data.chain.link/streams/hype-usd,,
sol-updown-5m-1783793700,SOL,"Solana Up or Down - July 11, 2:15PM-2:20PM ET",2026-07-11T18:20:00Z,2026-07-11T18:15:00Z,,Up,"[""1"", ""0""]",0.998,2755.1784329999996,,0.4945,0.001,resolved,0x0e7d627433c293de7a47d0da20d99a94d700e3aa28fa77159f0db549d8043847,https://data.chain.link/streams/sol-usd,,
xrp-updown-5m-1783793700,XRP,"XRP Up or Down - July 11, 2:15PM-2:20PM ET",2026-07-11T18:20:00Z,2026-07-11T18:15:00Z,,Up,"[""1"", ""0""]",0.99,1294.738903,,0.49,0.01,resolved,0xff51d79bf3c0d73adb48dc12730dc48f538bb2ad86a9fb2051f97973d0f7fada,https://data.chain.link/streams/xrp-usd,,
bnb-updown-5m-1783794000,BNB,"BNB Up or Down - July 11, 2:20PM-2:25PM ET",2026-07-11T18:25:00Z,2026-07-11T18:20:00Z,,Up,"[""1"", ""0""]",0.99,355.410656,,0.49,0.01,resolved,0xdc5313463c3ecb007f9283320f9cb780a948c23d1e1babece9dd8a6d9631916f,https://data.chain.link/streams/bnb-usd,,
btc-updown-5m-1783794000,BTC,"Bitcoin Up or Down - July 11, 2:20PM-2:25PM ET",2026-07-11T18:25:00Z,2026-07-11T18:20:00Z,,Up,"[""1"", ""0""]",0.99,93673.22798100008,,0.49,0.01,resolved,0xa3098a9684fb1db0d92a43fcb150b02b24b93eb47c9ead0247f6a067771abe15,https://data.chain.link/streams/btc-usd,,
doge-updown-5m-1783794000,DOGE,"Dogecoin Up or Down - July 11, 2:20PM-2:25PM ET",2026-07-11T18:25:00Z,2026-07-11T18:20:00Z,,Down,"[""0"", ""1""]",0.03,736.2514239999999,,-0.495,0.01,resolved,0x0ceeeefa5889735598a063c99170465442dce4ddb9c98c7362215bc3ae95e535,https://data.chain.link/streams/doge-usd,,
eth-updown-5m-1783794000,ETH,"Ethereum Up or Down - July 11, 2:20PM-2:25PM ET",2026-07-11T18:25:00Z,2026-07-11T18:20:00Z,,Up,"[""1"", ""0""]",0.99,9472.135706000005,,0.49,0.01,resolved,0xae7cec56658c4e86a6d0815b62c1d9e46058ee3e73850800f68de891e5945865,https://data.chain.link/streams/eth-usd,,
hype-updown-5m-1783794000,HYPE,"Hyperliquid Up or Down - July 11, 2:20PM-2:25PM ET",2026-07-11T18:25:00Z,2026-07-11T18:20:00Z,,Up,"[""1"", ""0""]",0.99,235.008634,,0.495,0.01,resolved,0x74d97b909f204e60f722ebecbf0ad25e64ac7599dcc6efae73a75b34243ca631,https://data.chain.link/streams/hype-usd,,
sol-updown-5m-1783794000,SOL,"Solana Up or Down - July 11, 2:20PM-2:25PM ET",2026-07-11T18:25:00Z,2026-07-11T18:20:00Z,,Up,"[""1"", ""0""]",0.99,3745.0171729999993,,0.49,0.01,resolved,0xb16708e8270f984f98920bc18c1fbde43b67538b0b3a133081b0fa3a63a3f421,https://data.chain.link/streams/sol-usd,,
xrp-updown-5m-1783794000,XRP,"XRP Up or Down - July 11, 2:20PM-2:25PM ET",2026-07-11T18:25:00Z,2026-07-11T18:20:00Z,,Up,"[""1"", ""0""]",0.99,1384.535691999999,,0.49,0.01,resolved,0xdd48ded30f4c93dafb390642aa9a339d0fba76f29b7bdcb882705f833309fee5,https://data.chain.link/streams/xrp-usd,,
bnb-updown-5m-1783794300,BNB,"BNB Up or Down - July 11, 2:25PM-2:30PM ET",2026-07-11T18:30:00Z,2026-07-11T18:25:00Z,,Down,"[""0"", ""1""]",0.2,219.600871,,-0.39,0.19,resolved,0xd1b8ff97599a98abebec6e3234dc441005f81b6f47d33017f3d11a63a3a6d46f,https://data.chain.link/streams/bnb-usd,,
btc-updown-5m-1783794300,BTC,"Bitcoin Up or Down - July 11, 2:25PM-2:30PM ET",2026-07-11T18:30:00Z,2026-07-11T18:25:00Z,,Down,"[""0"", ""1""]",0.01,78416.6389879999,3,-0.5,0.01,resolved,0xfe5195d6a73ef3eef9d96a914fe4c3310f8b70ba0d0837ccfc0b4ce4a65b2e3d,https://data.chain.link/streams/btc-usd,,
doge-updown-5m-1783794300,DOGE,"Dogecoin Up or Down - July 11, 2:25PM-2:30PM ET",2026-07-11T18:30:00Z,2026-07-11T18:25:00Z,,Up,"[""1"", ""0""]",0.99,463.2885669999999,,0.465,0.01,resolved,0xf4e77037dd0d1c35989382fefabdc13dabd554f662aae1cfa9d80cf138e88bb8,https://data.chain.link/streams/doge-usd,,
eth-updown-5m-1783794300,ETH,"Ethereum Up or Down - July 11, 2:25PM-2:30PM ET",2026-07-11T18:30:00Z,2026-07-11T18:25:00Z,,Down,"[""0"", ""1""]",0.01,3641.1319820000026,,-0.5,0.01,resolved,0x6692a410da341a6c57d4bd702e6dd49967cca1d2e69d7d7972d24d35e594fad6,https://data.chain.link/streams/eth-usd,,
hype-updown-5m-1783794300,HYPE,"Hyperliquid Up or Down - July 11, 2:25PM-2:30PM ET",2026-07-11T18:30:00Z,2026-07-11T18:25:00Z,,Up,"[""1"", ""0""]",0.98,139.236382,,0.21,0.2,resolved,0x9e6752f039fdc2bea44ea6efd0062936b928856f846d3f5e5760028534d632ab,https://data.chain.link/streams/hype-usd,,
sol-updown-5m-1783794300,SOL,"Solana Up or Down - July 11, 2:25PM-2:30PM ET",2026-07-11T18:30:00Z,2026-07-11T18:25:00Z,,Down,"[""0"", ""1""]",0.01,3085.2512889999957,,-0.145,0.13,resolved,0xd792ac14808122d1c07ed9ef6cd4aee7d0c530859ced127f68b9b515851e7e78,https://data.chain.link/streams/sol-usd,,
xrp-updown-5m-1783794300,XRP,"XRP Up or Down - July 11, 2:25PM-2:30PM ET",2026-07-11T18:30:00Z,2026-07-11T18:25:00Z,,Up,"[""1"", ""0""]",0.99,1921.0277269999992,,0.42,0.01,resolved,0x21646d4ef5798358c2f077e4ab854f94f4e6963c3e73ccdb1b2bd1dc748d8361,https://data.chain.link/streams/xrp-usd,,
bnb-updown-5m-1783794600,BNB,"BNB Up or Down - July 11, 2:30PM-2:35PM ET",2026-07-11T18:35:00Z,2026-07-11T18:30:00Z,,Down,"[""0"", ""1""]",0.45,226.43668399999999,,-0.5,0.01,resolved,0x1acde73999700e242c9e7c6f4d6f1ff986a9c08cb634328bcec52424cacfddff,https://data.chain.link/streams/bnb-usd,,
btc-updown-5m-1783794600,BTC,"Bitcoin Up or Down - July 11, 2:30PM-2:35PM ET",2026-07-11T18:35:00Z,2026-07-11T18:30:00Z,,Up,"[""1"", ""0""]",0.99,70042.08738299982,1.960783,0.49,0.01,resolved,0x8203eb83c54f3862e94714cf6516b5051344326528aec4d76ddb93f005602e2d,https://data.chain.link/streams/btc-usd,,
doge-updown-5m-1783794600,DOGE,"Dogecoin Up or Down - July 11, 2:30PM-2:35PM ET",2026-07-11T18:35:00Z,2026-07-11T18:30:00Z,,Up,"[""1"", ""0""]",0.99,486.6768969999998,,0.495,0.01,resolved,0x63ef0dd7b7003e3d5eb3aa33e01bb99e12df3e68e0e48a28747caa89b68b8388,https://data.chain.link/streams/doge-usd,,
eth-updown-5m-1783794600,ETH,"Ethereum Up or Down - July 11, 2:30PM-2:35PM ET",2026-07-11T18:35:00Z,2026-07-11T18:30:00Z,,Up,"[""1"", ""0""]",0.99,7414.743968999999,,0.49,0.01,resolved,0xbea14e419abebe1516766ad098335513ccef32e5eca0cbde07ff087e3a94d413,https://data.chain.link/streams/eth-usd,,
hype-updown-5m-1783794600,HYPE,"Hyperliquid Up or Down - July 11, 2:30PM-2:35PM ET",2026-07-11T18:35:00Z,2026-07-11T18:30:00Z,,Up,"[""1"", ""0""]",0.999,136.681983,,0.4995,0.001,resolved,0x6ff0ec836dc4d64d586221e44b34f84ba162e4d08f13ea6ae83b5cbe2110e4f3,https://data.chain.link/streams/hype-usd,,
sol-updown-5m-1783794600,SOL,"Solana Up or Down - July 11, 2:30PM-2:35PM ET",2026-07-11T18:35:00Z,2026-07-11T18:30:00Z,,Down,"[""0"", ""1""]",0.1,2089.7382849999995,,-0.5,0.01,resolved,0x8b6124a6920d80ca3418f2ceab63109454c6b154753e374abd45e2b0e9b76729,https://data.chain.link/streams/sol-usd,,
xrp-updown-5m-1783794600,XRP,"XRP Up or Down - July 11, 2:30PM-2:35PM ET",2026-07-11T18:35:00Z,2026-07-11T18:30:00Z,,Up,"[""1"", ""0""]",0.99,1241.663178,,0.49,0.01,resolved,0xdad29cd49ce8a51853a3a1cfbc5245f5cbb959ad6da94b0cec4947cc0e8ec307,https://data.chain.link/streams/xrp-usd,,
bnb-updown-5m-1783794900,BNB,"BNB Up or Down - July 11, 2:35PM-2:40PM ET",2026-07-11T18:40:00Z,2026-07-11T18:35:00Z,,Down,"[""0"", ""1""]",,199.14549799999998,,-0.44,0.09,resolved,0x30d1b679ca0358d00d37e538e0bde37dd47fe89a5e148047daa16a44d2c1e75d,https://data.chain.link/streams/bnb-usd,,
btc-updown-5m-1783794900,BTC,"Bitcoin Up or Down - July 11, 2:35PM-2:40PM ET",2026-07-11T18:40:00Z,2026-07-11T18:35:00Z,,Down,"[""0"", ""1""]",0.01,62073.89449900003,2,-0.5,0.01,resolved,0x0a487f985ac5442d31e4e18bbdab407ac9412749ef76d37fc2e1546a490142bf,https://data.chain.link/streams/btc-usd,,
doge-updown-5m-1783794900,DOGE,"Dogecoin Up or Down - July 11, 2:35PM-2:40PM ET",2026-07-11T18:40:00Z,2026-07-11T18:35:00Z,,Down,"[""0"", ""1""]",0.01,748.3840729999998,,-0.375,0.15,resolved,0x29a74af43c4e8f1413b013f412277b544eea1f5c39afbbbad8a198108c861d64,https://data.chain.link/streams/doge-usd,,
eth-updown-5m-1783794900,ETH,"Ethereum Up or Down - July 11, 2:35PM-2:40PM ET",2026-07-11T18:40:00Z,2026-07-11T18:35:00Z,,Up,"[""1"", ""0""]",0.99,5108.346952,,0.405,0.04,resolved,0xf8718e15a3524e541d09b5493f9de12766a70b0b58630dfb6086963caf691a0f,https://data.chain.link/streams/eth-usd,,
hype-updown-5m-1783794900,HYPE,"Hyperliquid Up or Down - July 11, 2:35PM-2:40PM ET",2026-07-11T18:40:00Z,2026-07-11T18:35:00Z,,Down,"[""0"", ""1""]",0.61,98.84027300000001,,-0.315,0.13,resolved,0x0168ce6d817ebf56fda6b685127c3508f0a5c4be534b91da41a93dc19c9006d9,https://data.chain.link/streams/hype-usd,,
sol-updown-5m-1783794900,SOL,"Solana Up or Down - July 11, 2:35PM-2:40PM ET",2026-07-11T18:40:00Z,2026-07-11T18:35:00Z,,Down,"[""0"", ""1""]",0.02,2431.4527379999977,,-0.5,0.01,resolved,0xaef736fe4d3a436887a1fd20208564ec337f408dc98ed1cfbd52a096d05af3e9,https://data.chain.link/streams/sol-usd,,
xrp-updown-5m-1783794900,XRP,"XRP Up or Down - July 11, 2:35PM-2:40PM ET",2026-07-11T18:40:00Z,2026-07-11T18:35:00Z,,Up,"[""1"", ""0""]",0.99,1858.984308000001,,0.48,0.01,resolved,0xe477424b628762d355a8db0f697f15ca1e5994a646ce867e9f3f108041971c7f,https://data.chain.link/streams/xrp-usd,,
bnb-updown-5m-1783795200,BNB,"BNB Up or Down - July 11, 2:40PM-2:45PM ET",2026-07-11T18:45:00Z,2026-07-11T18:40:00Z,580.3130613771914,Up,"[""1"", ""0""]",0.99,221.365959,,0.4945,0.001,resolved,0x662e75af331b87d5d3daef971bbfa9a743414c1aa8ae3fdb5afc55599be2e83e,https://data.chain.link/streams/bnb-usd,,
btc-updown-5m-1783795200,BTC,"Bitcoin Up or Down - July 11, 2:40PM-2:45PM ET",2026-07-11T18:45:00Z,2026-07-11T18:40:00Z,64280.48056947706,Up,"[""1"", ""0""]",0.99,49681.71828999988,4,0.49,0.01,resolved,0xd693478939da74d4701917ea1f8ba6469d73e627fd8ecd9ec160d1882cca640b,https://data.chain.link/streams/btc-usd,,
doge-updown-5m-1783795200,DOGE,"Dogecoin Up or Down - July 11, 2:40PM-2:45PM ET",2026-07-11T18:45:00Z,2026-07-11T18:40:00Z,0.075156,Down,"[""0"", ""1""]",0.36,502.99457399999983,,-0.495,0.01,resolved,0xc9a624f89b2dcdb083601f632bceae9325a5c8f695c5b707e43dafd4f5f5f03a,https://data.chain.link/streams/doge-usd,,
eth-updown-5m-1783795200,ETH,"Ethereum Up or Down - July 11, 2:40PM-2:45PM ET",2026-07-11T18:45:00Z,2026-07-11T18:40:00Z,1825.6596181691348,Up,"[""1"", ""0""]",0.99,6254.024061999996,,0.49,0.01,resolved,0x2a3226b13a46f7e79584d5c1938c9b4998a33b4b79f6119f82851f9d3da485f9,https://data.chain.link/streams/eth-usd,,
hype-updown-5m-1783795200,HYPE,"Hyperliquid Up or Down - July 11, 2:40PM-2:45PM ET",2026-07-11T18:45:00Z,2026-07-11T18:40:00Z,67.57577363458867,Up,"[""1"", ""0""]",0.99,94.45451700000001,,0.4995,0.001,resolved,0x1523adf9cb66aab9833220092e47f9540e701db95c8b243a70dbbf8ab0a3eeef,https://data.chain.link/streams/hype-usd,,
sol-updown-5m-1783795200,SOL,"Solana Up or Down - July 11, 2:40PM-2:45PM ET",2026-07-11T18:45:00Z,2026-07-11T18:40:00Z,78.06414282743498,Up,"[""1"", ""0""]",0.99,2734.2247809999985,,0.49,0.01,resolved,0x5e763ec0321aac9bcf3d00e9e1d4abe2d9c3ff43438e3f70c23bea7f50fdde81,https://data.chain.link/streams/sol-usd,,
xrp-updown-5m-1783795200,XRP,"XRP Up or Down - July 11, 2:40PM-2:45PM ET",2026-07-11T18:45:00Z,2026-07-11T18:40:00Z,1.11688,Down,"[""0"", ""1""]",0.04,1966.9592740000003,,-0.5,0.01,resolved,0x429b955e0454beafbf2ae58244bc093fe24c08c20a00cd20b42377138e2c45cc,https://data.chain.link/streams/xrp-usd,,
bnb-updown-5m-1783795500,BNB,"BNB Up or Down - July 11, 2:45PM-2:50PM ET",2026-07-11T18:50:00Z,2026-07-11T18:45:00Z,580.7247219550561,Down,"[""0"", ""1""]",0.2,268.00405100000006,,-0.49,0.01,resolved,0x6dc5c9c608951096e1589bd53a3976e8e791305f931788cfbcb0d61047cd0db8,https://data.chain.link/streams/bnb-usd,,
btc-updown-5m-1783795500,BTC,"Bitcoin Up or Down - July 11, 2:45PM-2:50PM ET",2026-07-11T18:50:00Z,2026-07-11T18:45:00Z,64308.532994748646,Down,"[""0"", ""1""]",0.01,51440.639887999976,1.960783,-0.49,0.01,resolved,0x168705d2cf3d5dc421a693a82bfeb24fb6ecb7eeeb0c344aaef09c57c7dd4e7c,https://data.chain.link/streams/btc-usd,,
doge-updown-5m-1783795500,DOGE,"Dogecoin Up or Down - July 11, 2:45PM-2:50PM ET",2026-07-11T18:50:00Z,2026-07-11T18:45:00Z,0.07514838050810535,Down,"[""0"", ""1""]",0.13,376.56500900000003,,-0.495,0.01,resolved,0x88875c55eaf646161ddf498b178d35adfcd6f010e1e80f840106a045ea62b8eb,https://data.chain.link/streams/doge-usd,,
eth-updown-5m-1783795500,ETH,"Ethereum Up or Down - July 11, 2:45PM-2:50PM ET",2026-07-11T18:50:00Z,2026-07-11T18:45:00Z,1827.1224650000001,Down,"[""0"", ""1""]",0.01,6989.454833000009,,-0.5,0.01,resolved,0xdc592acc1e58b71f08e3c8f969de1553d72eba84669b553725450c1223bfa748,https://data.chain.link/streams/eth-usd,,
hype-updown-5m-1783795500,HYPE,"Hyperliquid Up or Down - July 11, 2:45PM-2:50PM ET",2026-07-11T18:50:00Z,2026-07-11T18:45:00Z,67.68406499999999,Down,"[""0"", ""1""]",0.1,114.45972500000003,,-0.495,0.01,resolved,0xf32d99460835463b9e4c336b778def082ff8db54e6d01242383ae79d4b497625,https://data.chain.link/streams/hype-usd,,
sol-updown-5m-1783795500,SOL,"Solana Up or Down - July 11, 2:45PM-2:50PM ET",2026-07-11T18:50:00Z,2026-07-11T18:45:00Z,78.09327019338441,Down,"[""0"", ""1""]",0.04,2153.133628999999,,-0.5,0.01,resolved,0xa723cc6852253721259ffe808f8283facf208d1bdd3c76781c14007e87e88e6f,https://data.chain.link/streams/sol-usd,,
xrp-updown-5m-1783795500,XRP,"XRP Up or Down - July 11, 2:45PM-2:50PM ET",2026-07-11T18:50:00Z,2026-07-11T18:45:00Z,1.1166937802000396,Up,"[""1"", ""0""]",0.99,1740.2015810000005,,0.435,0.02,resolved,0xef00b85fec6bb7457e6c987eadd2cc1729b2927f44f25d1eab318e60872d49f3,https://data.chain.link/streams/xrp-usd,,
bnb-updown-5m-1783795800,BNB,"BNB Up or Down - July 11, 2:50PM-2:55PM ET",2026-07-11T18:55:00Z,2026-07-11T18:50:00Z,580.4786346863391,Down,"[""0"", ""1""]",0.1,389.40770299999997,100,-0.5045,0.001,resolved,0x55d78d8ff28e4c18b9f06eb44483fb74ca49ad6bc07854eabb610a9540138202,https://data.chain.link/streams/bnb-usd,,
btc-updown-5m-1783795800,BTC,"Bitcoin Up or Down - July 11, 2:50PM-2:55PM ET",2026-07-11T18:55:00Z,2026-07-11T18:50:00Z,64285.38268,Down,"[""0"", ""1""]",0.001,41972.1021720001,4986.211156,-0.5045,0.001,resolved,0xa11d6e8ef5593b9f3833f3d253098d87a64b04161aba804444ed2eb465efb37c,https://data.chain.link/streams/btc-usd,,
doge-updown-5m-1783795800,DOGE,"Dogecoin Up or Down - July 11, 2:50PM-2:55PM ET",2026-07-11T18:55:00Z,2026-07-11T18:50:00Z,0.07509263071236072,Up,"[""1"", ""0""]",0.99,988.7178299999999,100,0.495,0.01,resolved,0x5dcfcd679f347c03c6e2fb5e6245654ab43b4f0a9b8e22dd867d003ed2b1eac6,https://data.chain.link/streams/doge-usd,,
eth-updown-5m-1783795800,ETH,"Ethereum Up or Down - July 11, 2:50PM-2:55PM ET",2026-07-11T18:55:00Z,2026-07-11T18:50:00Z,1824.8647999999998,Down,"[""0"", ""1""]",0.01,5729.852734,2106.378759,-0.5,0.01,resolved,0x568877913b0574695ab4d38445773f21a91e06123fc65d4ff0928f5014a05263,https://data.chain.link/streams/eth-usd,,
hype-updown-5m-1783795800,HYPE,"Hyperliquid Up or Down - July 11, 2:50PM-2:55PM ET",2026-07-11T18:55:00Z,2026-07-11T18:50:00Z,67.62311295578633,Down,"[""0"", ""1""]",0.21,163.077364,100,-0.495,0.01,resolved,0xd3c6d6f0be193b7f9eb65973b65f18a3f626792f43e81891bc5b35a3554e27bc,https://data.chain.link/streams/hype-usd,,
sol-updown-5m-1783795800,SOL,"Solana Up or Down - July 11, 2:50PM-2:55PM ET",2026-07-11T18:55:00Z,2026-07-11T18:50:00Z,78.04556819651576,Down,"[""0"", ""1""]",0.07,2206.5697549999977,511,-0.5,0.01,resolved,0x83b33964d014c5dbea72f13803034ffe013145d1b4af2450e8759a42ac9958c6,https://data.chain.link/streams/sol-usd,,
xrp-updown-5m-1783795800,XRP,"XRP Up or Down - July 11, 2:50PM-2:55PM ET",2026-07-11T18:55:00Z,2026-07-11T18:50:00Z,1.1169634477035912,Down,"[""0"", ""1""]",0.12,1406.7863559999998,763.178461,-0.5,0.01,resolved,0x20d4e145e7cc4ed24ce1621ef204a41b9e7d44a76d857955aa3a6bde661fe5d5,https://data.chain.link/streams/xrp-usd,,
bnb-updown-5m-1783796100,BNB,"BNB Up or Down - July 11, 2:55PM-3:00PM ET",2026-07-11T19:00:00Z,2026-07-11T18:55:00Z,580.2413693704528,Up,"[""1"", ""0""]",0.99,270.79106,,0.325,0.3,resolved,0x291e8f08f4fe67f9fefbcfdf1262dd61409996a5334fa2e14eb86a1239952638,https://data.chain.link/streams/bnb-usd,,
btc-updown-5m-1783796100,BTC,"Bitcoin Up or Down - July 11, 2:55PM-3:00PM ET",2026-07-11T19:00:00Z,2026-07-11T18:55:00Z,64253.296845,Up,"[""1"", ""0""]",0.999,37424.51515399997,632.960783,0.49,0.01,resolved,0x206aa7f5dfc06a98f094611afaceccc350812677df7c690ed6969296c28d38c8,https://data.chain.link/streams/btc-usd,,
doge-updown-5m-1783796100,DOGE,"Dogecoin Up or Down - July 11, 2:55PM-3:00PM ET",2026-07-11T19:00:00Z,2026-07-11T18:55:00Z,0.075094995,Up,"[""1"", ""0""]",0.999,377.08063599999997,,0.495,0.01,resolved,0xf2668770de5e9b9c5e2ff9b98108ad2d1d1bd4d6120eb26e9061e153e17facc8,https://data.chain.link/streams/doge-usd,,
eth-updown-5m-1783796100,ETH,"Ethereum Up or Down - July 11, 2:55PM-3:00PM ET",2026-07-11T19:00:00Z,2026-07-11T18:55:00Z,1824.2167206705442,Up,"[""1"", ""0""]",0.99,5336.7879040000025,505,0.48,0.01,resolved,0x78046bbff3e361f36d771f6ea55619d1fa83afb899025f8e9f73417ab4ee8e3a,https://data.chain.link/streams/eth-usd,,
hype-updown-5m-1783796100,HYPE,"Hyperliquid Up or Down - July 11, 2:55PM-3:00PM ET",2026-07-11T19:00:00Z,2026-07-11T18:55:00Z,67.5571,Up,"[""1"", ""0""]",0.95,231.7626749999999,,0.455,0.09,resolved,0x5bf53c55f9618bc6df62e0871a266f102e818985f62ba2f568ee6952b8f19b03,https://data.chain.link/streams/hype-usd,,
sol-updown-5m-1783796100,SOL,"Solana Up or Down - July 11, 2:55PM-3:00PM ET",2026-07-11T19:00:00Z,2026-07-11T18:55:00Z,78.01347507611189,Up,"[""1"", ""0""]",0.99,2562.3134419999997,15,0.35,0.11,resolved,0xb500782a5b4c62de901333cd6f7be8312b7c164a417e05b88d8b628953681ade,https://data.chain.link/streams/sol-usd,,
xrp-updown-5m-1783796100,XRP,"XRP Up or Down - July 11, 2:55PM-3:00PM ET",2026-07-11T19:00:00Z,2026-07-11T18:55:00Z,1.116581099484147,Down,"[""0"", ""1""]",0.23,1175.1085699999999,,-0.49,0.01,resolved,0x089b9cc5e39b16b7e52d6ba141e243aa9a83f17434b5b692d1e59ccfb81dc549,https://data.chain.link/streams/xrp-usd,,
bnb-updown-5m-1783796400,BNB,"BNB Up or Down - July 11, 3:00PM-3:05PM ET",2026-07-11T19:05:00Z,2026-07-11T19:00:00Z,,Up,"[""1"", ""0""]",0.99,228.897849,,0.49,0.01,resolved,0xb9fac3861467c5761e34b9223fb5187068e2d2296561a7b7e92fc19c7b1c661e,https://data.chain.link/streams/bnb-usd,,
btc-updown-5m-1783796400,BTC,"Bitcoin Up or Down - July 11, 3:00PM-3:05PM ET",2026-07-11T19:05:00Z,2026-07-11T19:00:00Z,,Down,"[""0"", ""1""]",0.01,45369.390245999915,638,-0.5,0.01,resolved,0x7382691257ec98da11f1b695cc83747ef9c06916ae3d076cc406a56a5d73c60a,https://data.chain.link/streams/btc-usd,,
doge-updown-5m-1783796400,DOGE,"Dogecoin Up or Down - July 11, 3:00PM-3:05PM ET",2026-07-11T19:05:00Z,2026-07-11T19:00:00Z,,Up,"[""1"", ""0""]",0.99,573.6943529999999,,0.495,0.01,resolved,0x3be00405c0995842fd836fed7650bc466ad4b05e835a8f01f05131c6914376a8,https://data.chain.link/streams/doge-usd,,
eth-updown-5m-1783796400,ETH,"Ethereum Up or Down - July 11, 3:00PM-3:05PM ET",2026-07-11T19:05:00Z,2026-07-11T19:00:00Z,,Down,"[""0"", ""1""]",0.01,4413.223504000001,505,-0.5045,0.001,resolved,0x8d1d2d32fb99ca767678386906444b75929adb4506423975ac1447239114e87c,https://data.chain.link/streams/eth-usd,,
hype-updown-5m-1783796400,HYPE,"Hyperliquid Up or Down - July 11, 3:00PM-3:05PM ET",2026-07-11T19:05:00Z,2026-07-11T19:00:00Z,,Down,"[""0"", ""1""]",0.23,127.67982200000003,,-0.495,0.01,resolved,0x307b2851cefe1856e0ad97af690bb4fc1c3fa5462b0049dcb67758039b2d45a7,https://data.chain.link/streams/hype-usd,,
sol-updown-5m-1783796400,SOL,"Solana Up or Down - July 11, 3:00PM-3:05PM ET",2026-07-11T19:05:00Z,2026-07-11T19:00:00Z,,Down,"[""0"", ""1""]",0.01,2037.4040770000013,15,-0.5,0.01,resolved,0xd378d8d032ce51e11b3bb7fc927cf9449242d79237c1191f5bdc4cc3e3a32707,https://data.chain.link/streams/sol-usd,,
xrp-updown-5m-1783796400,XRP,"XRP Up or Down - July 11, 3:00PM-3:05PM ET",2026-07-11T19:05:00Z,2026-07-11T19:00:00Z,,Up,"[""1"", ""0""]",0.99,1455.8255770000003,,0.49,0.01,resolved,0x4e5d88d03fbac44fd5726c7f3b4168237108cd747d428782b2947d8215ed9a5b,https://data.chain.link/streams/xrp-usd,,
bnb-updown-5m-1783796700,BNB,"BNB Up or Down - July 11, 3:05PM-3:10PM ET",2026-07-11T19:10:00Z,2026-07-11T19:05:00Z,,Up,"[""1"", ""0""]",0.99,250.414312,,0.48,0.01,resolved,0x5047f26f94e793ea027fe9a1248b47df3e620e3c2d28e4c0a7def2374ea4b542,https://data.chain.link/streams/bnb-usd,,
btc-updown-5m-1783796700,BTC,"Bitcoin Up or Down - July 11, 3:05PM-3:10PM ET",2026-07-11T19:10:00Z,2026-07-11T19:05:00Z,,Down,"[""0"", ""1""]",0.01,75643.59336600009,3,0.43,0.01,resolved,0x76f935f652f80b6391ec8dfcb2ad29ca324aedc77bba11e6334be771ee8ca271,https://data.chain.link/streams/btc-usd,,
doge-updown-5m-1783796700,DOGE,"Dogecoin Up or Down - July 11, 3:05PM-3:10PM ET",2026-07-11T19:10:00Z,2026-07-11T19:05:00Z,,Up,"[""1"", ""0""]",0.999,796.3394100000002,,0.4995,0.001,resolved,0x45adef5eb5cba79effa16800983eed99b3de4d8627010f7874fdec7569ef7a91,https://data.chain.link/streams/doge-usd,,
eth-updown-5m-1783796700,ETH,"Ethereum Up or Down - July 11, 3:05PM-3:10PM ET",2026-07-11T19:10:00Z,2026-07-11T19:05:00Z,,Down,"[""0"", ""1""]",0.01,5733.977957000001,5.999999,-0.47,0.01,resolved,0xf370ec37a10e7cf8c69dcc8e86399f70c6e37dff7508814c0a031883678e508f,https://data.chain.link/streams/eth-usd,,
hype-updown-5m-1783796700,HYPE,"Hyperliquid Up or Down - July 11, 3:05PM-3:10PM ET",2026-07-11T19:10:00Z,2026-07-11T19:05:00Z,,Up,"[""1"", ""0""]",0.99,60.460187,,0.47,0.04,resolved,0x844ba4895f816a1543ed570e1224f5f82d60a23b38710a65b1c1e4608a273337,https://data.chain.link/streams/hype-usd,,
sol-updown-5m-1783796700,SOL,"Solana Up or Down - July 11, 3:05PM-3:10PM ET",2026-07-11T19:10:00Z,2026-07-11T19:05:00Z,,Up,"[""1"", ""0""]",0.99,2372.6654809999995,,0.2,0.01,resolved,0xdee0e73da6c07a778ffe98e3661aa36a2b2df28679837bba30f58f73929be6d5,https://data.chain.link/streams/sol-usd,,
xrp-updown-5m-1783796700,XRP,"XRP Up or Down - July 11, 3:05PM-3:10PM ET",2026-07-11T19:10:00Z,2026-07-11T19:05:00Z,,Up,"[""1"", ""0""]",0.99,1267.7820419999998,,0.49,0.01,resolved,0x69f0ccfc9f694cb16a08a60df7a964391073650a29fffcbc5b9a34a3bac3ba5d,https://data.chain.link/streams/xrp-usd,,
bnb-updown-5m-1783797000,BNB,"BNB Up or Down - July 11, 3:10PM-3:15PM ET",2026-07-11T19:15:00Z,2026-07-11T19:10:00Z,,Up,"[""1"", ""0""]",0.99,154.28658800000002,,0.49,0.01,resolved,0x12e12216cd48bcddd5115fc907c8ffc29d518d1499f42aa81febe58ba9789e9d,https://data.chain.link/streams/bnb-usd,,
btc-updown-5m-1783797000,BTC,"Bitcoin Up or Down - July 11, 3:10PM-3:15PM ET",2026-07-11T19:15:00Z,2026-07-11T19:10:00Z,,Up,"[""1"", ""0""]",0.99,69151.20847599984,2.960783,0.49,0.01,resolved,0xda2fef46c58d16d98f0c0f5272b9834bdeb48560ebdd7fbf5eb4028d631801d2,https://data.chain.link/streams/btc-usd,,
doge-updown-5m-1783797000,DOGE,"Dogecoin Up or Down - July 11, 3:10PM-3:15PM ET",2026-07-11T19:15:00Z,2026-07-11T19:10:00Z,,Up,"[""1"", ""0""]",0.99,769.7341450000002,,0.495,0.01,resolved,0xb878b5f926a1fcf8cad6806e59aae5c9b970c9f4d4444e15183d83522c80a13c,https://data.chain.link/streams/doge-usd,,
eth-updown-5m-1783797000,ETH,"Ethereum Up or Down - July 11, 3:10PM-3:15PM ET",2026-07-11T19:15:00Z,2026-07-11T19:10:00Z,,Up,"[""1"", ""0""]",0.99,5852.168169999998,5.999999,0.49,0.01,resolved,0x6e2addb512cb455a263fdd3d235184e94c0788f45dbb82e0fc7303c80d531066,https://data.chain.link/streams/eth-usd,,
hype-updown-5m-1783797000,HYPE,"Hyperliquid Up or Down - July 11, 3:10PM-3:15PM ET",2026-07-11T19:15:00Z,2026-07-11T19:10:00Z,,Up,"[""1"", ""0""]",0.98,135.04602500000001,,0.495,0.01,resolved,0x2d73993bf71c54b9f819ff1b83b8b9b3d321ab635766a62096fd9bca967ad0ee,https://data.chain.link/streams/hype-usd,,
sol-updown-5m-1783797000,SOL,"Solana Up or Down - July 11, 3:10PM-3:15PM ET",2026-07-11T19:15:00Z,2026-07-11T19:10:00Z,,Down,"[""0"", ""1""]",0.03,2273.904388999999,,-0.495,0.01,resolved,0x76e4b312745f571233fce22187e9cb0c3df0dbd8820be9606a8f36841344614c,https://data.chain.link/streams/sol-usd,,
xrp-updown-5m-1783797000,XRP,"XRP Up or Down - July 11, 3:10PM-3:15PM ET",2026-07-11T19:15:00Z,2026-07-11T19:10:00Z,,Up,"[""1"", ""0""]",0.999,1273.6200689999998,,0.4945,0.001,resolved,0x5738a8676a735e9f0cde024462d20b730a925e85922f2f290625ade71c9124cf,https://data.chain.link/streams/xrp-usd,,
bnb-updown-5m-1783797300,BNB,"BNB Up or Down - July 11, 3:15PM-3:20PM ET",2026-07-11T19:20:00Z,2026-07-11T19:15:00Z,580.9949722136474,Down,"[""0"", ""1""]",0.04,305.55068900000003,,-0.495,0.02,resolved,0x8dc0a69d33cfd89166fa3b78aac44a1019e90e1a98851718e3c59505b7303ff5,https://data.chain.link/streams/bnb-usd,,
btc-updown-5m-1783797300,BTC,"Bitcoin Up or Down - July 11, 3:15PM-3:20PM ET",2026-07-11T19:20:00Z,2026-07-11T19:15:00Z,64277.37970689376,Up,"[""1"", ""0""]",0.99,88791.31070499987,2.960783,0.17,0.01,resolved,0x1d2e1febde5d3eb8f18ab36d19adcb2f4ca211d31544fcfd0432ede6aebe8eed,https://data.chain.link/streams/btc-usd,,
doge-updown-5m-1783797300,DOGE,"Dogecoin Up or Down - July 11, 3:15PM-3:20PM ET",2026-07-11T19:20:00Z,2026-07-11T19:15:00Z,0.075402,Up,"[""1"", ""0""]",0.99,739.707018,,0.365,0.11,resolved,0x84f88cacc115aa6d33665a5be990784954da5111151c4d3e2c96917b1a56ea69,https://data.chain.link/streams/doge-usd,,
eth-updown-5m-1783797300,ETH,"Ethereum Up or Down - July 11, 3:15PM-3:20PM ET",2026-07-11T19:20:00Z,2026-07-11T19:15:00Z,1823.8598836582726,Up,"[""1"", ""0""]",0.99,4900.4792389999975,5,0.365,0.02,resolved,0xfb6b4bea81d8d61299c14ed025977b24e600a8b8d7b40e026bb207b9685b576a,https://data.chain.link/streams/eth-usd,,
hype-updown-5m-1783797300,HYPE,"Hyperliquid Up or Down - July 11, 3:15PM-3:20PM ET",2026-07-11T19:20:00Z,2026-07-11T19:15:00Z,67.69631,Up,"[""1"", ""0""]",0.99,306.41599599999995,,0.495,0.01,resolved,0x7c656e2756035983b71269fa8ff0351b7e025ecd17a379a9cebe7c80540c0a66,https://data.chain.link/streams/hype-usd,,
sol-updown-5m-1783797300,SOL,"Solana Up or Down - July 11, 3:15PM-3:20PM ET",2026-07-11T19:20:00Z,2026-07-11T19:15:00Z,78.00606489559792,Up,"[""1"", ""0""]",0.99,2301.5105710000003,,0.41,0.01,resolved,0xf3c4040eec98d161d6f60230a52925e1ce42f8fdcd10e6c96b34af673c3596cd,https://data.chain.link/streams/sol-usd,,
xrp-updown-5m-1783797300,XRP,"XRP Up or Down - July 11, 3:15PM-3:20PM ET",2026-07-11T19:20:00Z,2026-07-11T19:15:00Z,1.1177602801185655,Up,"[""1"", ""0""]",0.99,1339.0415899999996,,0.47,0.01,resolved,0x721574b57abab7d3fb5ed3c135fafbce6d2da7b0a937291c12375c03d7c6ed6f,https://data.chain.link/streams/xrp-usd,,
bnb-updown-5m-1783797600,BNB,"BNB Up or Down - July 11, 3:20PM-3:25PM ET",2026-07-11T19:25:00Z,2026-07-11T19:20:00Z,580.7950000000001,Down,"[""0"", ""1""]",0.36,186.73719300000002,,-0.5,0.01,resolved,0x1219c85deed3f340ddcc6b69012e4d984221b754e7aea793a0f7a2fa3e880df2,https://data.chain.link/streams/bnb-usd,,
btc-updown-5m-1783797600,BTC,"Bitcoin Up or Down - July 11, 3:20PM-3:25PM ET",2026-07-11T19:25:00Z,2026-07-11T19:20:00Z,64290.18022847251,Up,"[""1"", ""0""]",0.99,38311.09353800002,2.960783,0.49,0.01,resolved,0xe047f2d6c433ecfb73c771e216e151307513fbf26b88edb7bd0dc4d1cbcfd1c1,https://data.chain.link/streams/btc-usd,,
doge-updown-5m-1783797600,DOGE,"Dogecoin Up or Down - July 11, 3:20PM-3:25PM ET",2026-07-11T19:25:00Z,2026-07-11T19:20:00Z,0.075448449,Down,"[""0"", ""1""]",0.03,480.008126,,-0.4995,0.001,resolved,0x350db487475ade239bcb88394c9960e2e097740fa09a21848e218c0e5805872c,https://data.chain.link/streams/doge-usd,,
eth-updown-5m-1783797600,ETH,"Ethereum Up or Down - July 11, 3:20PM-3:25PM ET",2026-07-11T19:25:00Z,2026-07-11T19:20:00Z,1824.3644994056924,Down,"[""0"", ""1""]",0.01,4598.069381000003,5,-0.5045,0.001,resolved,0x0d9c804f0ac379a00ea6f6a497633c1c0bd91a51199a71f5821e62298daf2c9b,https://data.chain.link/streams/eth-usd,,
hype-updown-5m-1783797600,HYPE,"Hyperliquid Up or Down - July 11, 3:20PM-3:25PM ET",2026-07-11T19:25:00Z,2026-07-11T19:20:00Z,67.7948,Down,"[""0"", ""1""]",0.16,157.33402999999998,,-0.4995,0.001,resolved,0x19653f739888f076b32ecdeb2ad48d6cca43ac5f8d56bfbaaad0d0f3e023f44b,https://data.chain.link/streams/hype-usd,,
sol-updown-5m-1783797600,SOL,"Solana Up or Down - July 11, 3:20PM-3:25PM ET",2026-07-11T19:25:00Z,2026-07-11T19:20:00Z,78.043493,Down,"[""0"", ""1""]",0.03,2127.5987879999993,,-0.4995,0.001,resolved,0xef21c5106e009d7fb052ca2d1d6570d0bb612b794d6e7fed685bbf12ad17b915,https://data.chain.link/streams/sol-usd,,
xrp-updown-5m-1783797600,XRP,"XRP Up or Down - July 11, 3:20PM-3:25PM ET",2026-07-11T19:25:00Z,2026-07-11T19:20:00Z,1.1183664861848057,Down,"[""0"", ""1""]",0.02,1252.873876,,-0.5045,0.001,resolved,0x4ff28acbd54f3cf42a670686efc66406e9a56382bd144a5c197d70515ee6f60a,https://data.chain.link/streams/xrp-usd,,
bnb-updown-5m-1783797900,BNB,"BNB Up or Down - July 11, 3:25PM-3:30PM ET",2026-07-11T19:30:00Z,2026-07-11T19:25:00Z,,Down,"[""0"", ""1""]",,340.763116,,-0.5,0.008,resolved,0xc99cd8088ec8be6a44aa07e7d5f96de20d82fd79c6b7ec5c6e13ce08a511e9e5,https://data.chain.link/streams/bnb-usd,,
btc-updown-5m-1783797900,BTC,"Bitcoin Up or Down - July 11, 3:25PM-3:30PM ET",2026-07-11T19:30:00Z,2026-07-11T19:25:00Z,,Down,"[""0"", ""1""]",0.001,45990.60200499998,,-0.5005,0.009,resolved,0x09f6f093a03b9a21cff7f74bcdf8b43ee9c374731b3c87b612dcde26b36b5f7e,https://data.chain.link/streams/btc-usd,,
doge-updown-5m-1783797900,DOGE,"Dogecoin Up or Down - July 11, 3:25PM-3:30PM ET",2026-07-11T19:30:00Z,2026-07-11T19:25:00Z,,Down,"[""0"", ""1""]",0.01,617.0362970000001,,-0.4995,0.001,resolved,0x9314a629ad1b561fa0eafb35d0740609905205954077e8af9ae62217889e6050,https://data.chain.link/streams/doge-usd,,
eth-updown-5m-1783797900,ETH,"Ethereum Up or Down - July 11, 3:25PM-3:30PM ET",2026-07-11T19:30:00Z,2026-07-11T19:25:00Z,,Down,"[""0"", ""1""]",0.001,6423.769938999999,,-0.5045,0.001,resolved,0xa43f75807f033172f8ce10deb9cf08de6c7c17610ca0f3ca06c6ba78fc3b6319,https://data.chain.link/streams/eth-usd,,
hype-updown-5m-1783797900,HYPE,"Hyperliquid Up or Down - July 11, 3:25PM-3:30PM ET",2026-07-11T19:30:00Z,2026-07-11T19:25:00Z,,Down,"[""0"", ""1""]",0.06,75.251643,,-0.495,0.01,resolved,0x9b8e44240006d9c67a5860975fe42016e633ecef0ac35bba40c90ea32f13baeb,https://data.chain.link/streams/hype-usd,,
sol-updown-5m-1783797900,SOL,"Solana Up or Down - July 11, 3:25PM-3:30PM ET",2026-07-11T19:30:00Z,2026-07-11T19:25:00Z,,Down,"[""0"", ""1""]",0.01,3547.73465,,-0.5045,0.001,resolved,0xd49135327d48a49c564e9232b8bf4a908f562dc67baec3331d47fe30b0c57bee,https://data.chain.link/streams/sol-usd,,
xrp-updown-5m-1783797900,XRP,"XRP Up or Down - July 11, 3:25PM-3:30PM ET",2026-07-11T19:30:00Z,2026-07-11T19:25:00Z,,Down,"[""0"", ""1""]",0.01,2617.476969,,-0.5045,0.001,resolved,0x78cd12cf4aa55fd28683a0cbf6cc7141aa6c4bde05296a930c590050c770716a,https://data.chain.link/streams/xrp-usd,,
bnb-updown-5m-1783798200,BNB,"BNB Up or Down - July 11, 3:30PM-3:35PM ET",2026-07-11T19:35:00Z,2026-07-11T19:30:00Z,,Down,"[""0"", ""1""]",0.05,240.219718,,-0.5,0.01,resolved,0x266910c75a8c244314b506e151760454b3ef51f36dba9202498f5d9957468d7b,https://data.chain.link/streams/bnb-usd,,
btc-updown-5m-1783798200,BTC,"Bitcoin Up or Down - July 11, 3:30PM-3:35PM ET",2026-07-11T19:35:00Z,2026-07-11T19:30:00Z,,Up,"[""1"", ""0""]",0.99,76582.18693799998,,0.49,0.01,resolved,0xd7adc0b88d64e74a6364c8f89d4f44396819d0354e8c1df123f3fe21667e5ea8,https://data.chain.link/streams/btc-usd,,
doge-updown-5m-1783798200,DOGE,"Dogecoin Up or Down - July 11, 3:30PM-3:35PM ET",2026-07-11T19:35:00Z,2026-07-11T19:30:00Z,,Up,"[""1"", ""0""]",0.99,631.4028059999999,,0.495,0.01,resolved,0x9553b3675810ede70032ace94a6475f5deaa0e8ebedf133e821d3c2cdead1e9f,https://data.chain.link/streams/doge-usd,,
eth-updown-5m-1783798200,ETH,"Ethereum Up or Down - July 11, 3:30PM-3:35PM ET",2026-07-11T19:35:00Z,2026-07-11T19:30:00Z,,Up,"[""1"", ""0""]",0.99,7489.392507000003,,0.49,0.01,resolved,0x44a32747b6779f56643c58ed50334b62f52b29b0fb68f4169664b7f5e1fdabcf,https://data.chain.link/streams/eth-usd,,
hype-updown-5m-1783798200,HYPE,"Hyperliquid Up or Down - July 11, 3:30PM-3:35PM ET",2026-07-11T19:35:00Z,2026-07-11T19:30:00Z,,Up,"[""1"", ""0""]",0.98,149.43829300000002,,0.495,0.01,resolved,0x0b020669e9932f12e7d5f5ea2d974b376213bc749534b440cb67f372ac8faf0f,https://data.chain.link/streams/hype-usd,,
sol-updown-5m-1783798200,SOL,"Solana Up or Down - July 11, 3:30PM-3:35PM ET",2026-07-11T19:35:00Z,2026-07-11T19:30:00Z,,Up,"[""1"", ""0""]",0.99,2574.9214939999993,,0.49,0.01,resolved,0xae59c7fe7699078967676c41d17790c1fbdc1bfaae8c9819b08cb54b2d406538,https://data.chain.link/streams/sol-usd,,
xrp-updown-5m-1783798200,XRP,"XRP Up or Down - July 11, 3:30PM-3:35PM ET",2026-07-11T19:35:00Z,2026-07-11T19:30:00Z,,Down,"[""0"", ""1""]",0.02,2265.060619,,-0.5,0.01,resolved,0x7633d94ad1dc99a88ef33be8773c852b3da63fcaf2f39b2a2eb53a38c7b88c1a,https://data.chain.link/streams/xrp-usd,,
bnb-updown-5m-1783798500,BNB,"BNB Up or Down - July 11, 3:35PM-3:40PM ET",2026-07-11T19:40:00Z,2026-07-11T19:35:00Z,,Up,"[""1"", ""0""]",0.99,463.783328,,0.395,0.18,resolved,0x1c8591e8be72fee7c5486b01a9674511dfcb81022e6c0edb9d44a4a74b1154c7,https://data.chain.link/streams/bnb-usd,,
btc-updown-5m-1783798500,BTC,"Bitcoin Up or Down - July 11, 3:35PM-3:40PM ET",2026-07-11T19:40:00Z,2026-07-11T19:35:00Z,,Up,"[""1"", ""0""]",0.99,51096.12086099998,,0.47,0.01,resolved,0x41211e945a0262f61c9804fcd1eb95491362508788337a802cc065825c738a1f,https://data.chain.link/streams/btc-usd,,
doge-updown-5m-1783798500,DOGE,"Dogecoin Up or Down - July 11, 3:35PM-3:40PM ET",2026-07-11T19:40:00Z,2026-07-11T19:35:00Z,,Up,"[""1"", ""0""]",0.999,354.515463,,0.495,0.01,resolved,0x521cef3c1f5e2c04502851387b007de14167684f269415f8c2d24bad76a9b2b3,https://data.chain.link/streams/doge-usd,,
eth-updown-5m-1783798500,ETH,"Ethereum Up or Down - July 11, 3:35PM-3:40PM ET",2026-07-11T19:40:00Z,2026-07-11T19:35:00Z,,Up,"[""1"", ""0""]",0.99,4448.7695710000025,,0.37,0.07,resolved,0xc7df16a61ec2555b252369f64c1a60549d5adf696d150d92c2f959ef1adee279,https://data.chain.link/streams/eth-usd,,
hype-updown-5m-1783798500,HYPE,"Hyperliquid Up or Down - July 11, 3:35PM-3:40PM ET",2026-07-11T19:40:00Z,2026-07-11T19:35:00Z,,Down,"[""0"", ""1""]",0.15,325.62518,,-0.495,0.01,resolved,0xe8a17c0467d0676a82b85fdac8be054d5955c604d8a09bb39f18080e773de63e,https://data.chain.link/streams/hype-usd,,
sol-updown-5m-1783798500,SOL,"Solana Up or Down - July 11, 3:35PM-3:40PM ET",2026-07-11T19:40:00Z,2026-07-11T19:35:00Z,,Up,"[""1"", ""0""]",0.99,1846.1943770000003,,0.48,0.01,resolved,0xadfbf7ae9f85ddf9e305234aae94ae5d748f060fe8331a19ed8ef327a197cfed,https://data.chain.link/streams/sol-usd,,
xrp-updown-5m-1783798500,XRP,"XRP Up or Down - July 11, 3:35PM-3:40PM ET",2026-07-11T19:40:00Z,2026-07-11T19:35:00Z,,Up,"[""1"", ""0""]",0.99,1564.9074649999998,,0.48,0.01,resolved,0xc2a5a1706c4730d11c821dbffce39a3aed8641757ff8de3c9cbb4c2dc3e990e3,https://data.chain.link/streams/xrp-usd,,
bnb-updown-5m-1783798800,BNB,"BNB Up or Down - July 11, 3:40PM-3:45PM ET",2026-07-11T19:45:00Z,2026-07-11T19:40:00Z,,Up,"[""1"", ""0""]",0.99,163.262139,,0.49,0.01,resolved,0x1e1ec0123b6bd8e8387de71c05aec2429c4e0bceaf1f4fc14fdc703488b413a2,https://data.chain.link/streams/bnb-usd,,
btc-updown-5m-1783798800,BTC,"Bitcoin Up or Down - July 11, 3:40PM-3:45PM ET",2026-07-11T19:45:00Z,2026-07-11T19:40:00Z,,Up,"[""1"", ""0""]",0.99,38118.05011899996,,0.49,0.01,resolved,0xed35c738e3d42ef8329a16ca13ddaea4474d445866a8ec255a9d1ddcaccbbdee,https://data.chain.link/streams/btc-usd,,
doge-updown-5m-1783798800,DOGE,"Dogecoin Up or Down - July 11, 3:40PM-3:45PM ET",2026-07-11T19:45:00Z,2026-07-11T19:40:00Z,,Down,"[""0"", ""1""]",0.11,649.636057,,-0.495,0.01,resolved,0xefd4cfe3711e32834b8a60e2afd4472806d548aa3805a73090e711c34c1138ba,https://data.chain.link/streams/doge-usd,,
eth-updown-5m-1783798800,ETH,"Ethereum Up or Down - July 11, 3:40PM-3:45PM ET",2026-07-11T19:45:00Z,2026-07-11T19:40:00Z,,Up,"[""1"", ""0""]",0.99,4787.0914250000005,,0.49,0.01,resolved,0xf15bb02a4646dcb53b843fdd9bbef68879cba8aab4688d4eb5743a20a6513f87,https://data.chain.link/streams/eth-usd,,
hype-updown-5m-1783798800,HYPE,"Hyperliquid Up or Down - July 11, 3:40PM-3:45PM ET",2026-07-11T19:45:00Z,2026-07-11T19:40:00Z,,Up,"[""1"", ""0""]",0.99,113.23324800000002,,0.495,0.01,resolved,0x1f451061a29cb0250bba7f13c5032088f6f30253cca5e435fcf85c13fc8a824f,https://data.chain.link/streams/hype-usd,,
sol-updown-5m-1783798800,SOL,"Solana Up or Down - July 11, 3:40PM-3:45PM ET",2026-07-11T19:45:00Z,2026-07-11T19:40:00Z,,Up,"[""1"", ""0""]",0.99,3598.734699999999,,0.49,0.01,resolved,0xdaec740ea58012c4eb43bb06b4b2bf548c428bd1540c10a5a7b9b0ebcc8a6c8b,https://data.chain.link/streams/sol-usd,,
xrp-updown-5m-1783798800,XRP,"XRP Up or Down - July 11, 3:40PM-3:45PM ET",2026-07-11T19:45:00Z,2026-07-11T19:40:00Z,,Down,"[""0"", ""1""]",0.01,1226.5529769999996,,-0.5,0.01,resolved,0x634384791b067cdceab51e602904440232cda2f0725a2c7158b5233bd5d1b335,https://data.chain.link/streams/xrp-usd,,
bnb-updown-5m-1783799100,BNB,"BNB Up or Down - July 11, 3:45PM-3:50PM ET",2026-07-11T19:50:00Z,2026-07-11T19:45:00Z,580.2166793486422,Down,"[""0"", ""1""]",0.72,188.99928199999997,,-0.485,0.01,resolved,0xbd3488bd4deb05ed845a401e300eb7e4fd490267632a3813a6380552301d275d,https://data.chain.link/streams/bnb-usd,,
btc-updown-5m-1783799100,BTC,"Bitcoin Up or Down - July 11, 3:45PM-3:50PM ET",2026-07-11T19:50:00Z,2026-07-11T19:45:00Z,64225.386545,Down,"[""0"", ""1""]",0.01,50938.87652800004,,-0.365,0.02,resolved,0x18d1dda0a9108bc2719b70f34e55d089b89aad49a0d0fa3b3d35feca37016575,https://data.chain.link/streams/btc-usd,,
doge-updown-5m-1783799100,DOGE,"Dogecoin Up or Down - July 11, 3:45PM-3:50PM ET",2026-07-11T19:50:00Z,2026-07-11T19:45:00Z,0.07525320065487374,Down,"[""0"", ""1""]",0.01,453.208825,,-0.485,0.01,resolved,0xedd5edf613bd6fa3b513e2f5003cd01ec6bbf3f480926c728b89f51a2275703b,https://data.chain.link/streams/doge-usd,,
eth-updown-5m-1783799100,ETH,"Ethereum Up or Down - July 11, 3:45PM-3:50PM ET",2026-07-11T19:50:00Z,2026-07-11T19:45:00Z,1820.0709660699954,Up,"[""1"", ""0""]",0.99,8156.1377790000015,,0.49,0.01,resolved,0x969e919e149330bdef496329e680c8ba6c6d5640eca9d21e5972e1d46daea984,https://data.chain.link/streams/eth-usd,,
hype-updown-5m-1783799100,HYPE,"Hyperliquid Up or Down - July 11, 3:45PM-3:50PM ET",2026-07-11T19:50:00Z,2026-07-11T19:45:00Z,67.5906663303621,Down,"[""0"", ""1""]",0.01,255.02557499999998,,-0.495,0.01,resolved,0xa437b71078086ec2dada8c384b5816b1d7b66e2df502c3b6c65ca171cd303f05,https://data.chain.link/streams/hype-usd,,
sol-updown-5m-1783799100,SOL,"Solana Up or Down - July 11, 3:45PM-3:50PM ET",2026-07-11T19:50:00Z,2026-07-11T19:45:00Z,77.96178286295655,Down,"[""0"", ""1""]",0.03,2499.1651139999994,,-0.49,0.01,resolved,0x9f2096dadb4997fa6246dffee85fd4b80047657ab47b5ada0eda0978fde39c56,https://data.chain.link/streams/sol-usd,,
xrp-updown-5m-1783799100,XRP,"XRP Up or Down - July 11, 3:45PM-3:50PM ET",2026-07-11T19:50:00Z,2026-07-11T19:45:00Z,1.1140979326558544,Down,"[""0"", ""1""]",0.01,1144.5694989999997,,-0.44,0.01,resolved,0x2e97e23a2d240f3cf7284e5a92eb9dd32a7489898f1f647acf5f31df531f7a40,https://data.chain.link/streams/xrp-usd,,
bnb-updown-5m-1783799400,BNB,"BNB Up or Down - July 11, 3:50PM-3:55PM ET",2026-07-11T19:55:00Z,2026-07-11T19:50:00Z,580.0234325370175,Up,"[""1"", ""0""]",0.99,232.61083399999998,100,0.49,0.01,resolved,0xb9735c06a6fa1ab2983e855592d5e3336f49cef96e7c1415b936a4d1fa4b1a17,https://data.chain.link/streams/bnb-usd,,
btc-updown-5m-1783799400,BTC,"Bitcoin Up or Down - July 11, 3:50PM-3:55PM ET",2026-07-11T19:55:00Z,2026-07-11T19:50:00Z,64221.174660151686,Up,"[""1"", ""0""]",0.99,36613.18728100002,5085.15096,0.49,0.01,resolved,0xf283cd4a67fda6444369ab2d620520c17d5069034c731344fbb08d7743e5aa60,https://data.chain.link/streams/btc-usd,,
doge-updown-5m-1783799400,DOGE,"Dogecoin Up or Down - July 11, 3:50PM-3:55PM ET",2026-07-11T19:55:00Z,2026-07-11T19:50:00Z,0.0752118,Up,"[""1"", ""0""]",0.99,584.021756,101.960783,0.495,0.01,resolved,0xae9b839300f1cce843b377ad4cb772d25990d29ffe3c20874feda50bf43ba9ee,https://data.chain.link/streams/doge-usd,,
eth-updown-5m-1783799400,ETH,"Ethereum Up or Down - July 11, 3:50PM-3:55PM ET",2026-07-11T19:55:00Z,2026-07-11T19:50:00Z,1821.5211332700176,Up,"[""1"", ""0""]",0.99,7404.053352,3371.773595,0.49,0.01,resolved,0x2027c6449f1a3c75fbcd40488870729c6d1fe9b918a3eeb91683f49cfd691ec1,https://data.chain.link/streams/eth-usd,,
hype-updown-5m-1783799400,HYPE,"Hyperliquid Up or Down - July 11, 3:50PM-3:55PM ET",2026-07-11T19:55:00Z,2026-07-11T19:50:00Z,67.47914424109477,Down,"[""0"", ""1""]",0.19,127.96965500000003,100,-0.495,0.01,resolved,0x9cf9de4b443dab3affcb2540c69cb3a70799974aa469d405a6419f9c25a66637,https://data.chain.link/streams/hype-usd,,
sol-updown-5m-1783799400,SOL,"Solana Up or Down - July 11, 3:50PM-3:55PM ET",2026-07-11T19:55:00Z,2026-07-11T19:50:00Z,77.93246382894607,Up,"[""1"", ""0""]",0.99,3355.000324,512,0.4945,0.001,resolved,0xde694358e45fd25d40b7f2e5a81a71934f473fcd4e7f21956fffe32ae7c473f0,https://data.chain.link/streams/sol-usd,,
xrp-updown-5m-1783799400,XRP,"XRP Up or Down - July 11, 3:50PM-3:55PM ET",2026-07-11T19:55:00Z,2026-07-11T19:50:00Z,1.1138429348513315,Up,"[""1"", ""0""]",0.99,1427.459711,455,0.4945,0.001,resolved,0x10b8409b6f0f3d98cba645fe387a38a3cba32c06e503d6d4eaf3fd27605cd659,https://data.chain.link/streams/xrp-usd,,
bnb-updown-5m-1783799700,BNB,"BNB Up or Down - July 11, 3:55PM-4:00PM ET",2026-07-11T20:00:00Z,2026-07-11T19:55:00Z,580.1257429299537,Up,"[""1"", ""0""]",0.99,315.919389,,0.28,0.35,resolved,0xe2ca65833f395e3a6d57db6a7f3961f87b2d28eefabcfe7bbc087913017f276d,https://data.chain.link/streams/bnb-usd,,
btc-updown-5m-1783799700,BTC,"Bitcoin Up or Down - July 11, 3:55PM-4:00PM ET",2026-07-11T20:00:00Z,2026-07-11T19:55:00Z,64237.47782199738,Up,"[""1"", ""0""]",0.99,30983.49173400002,650.80392,0.45,0.01,resolved,0x43e4e7c77ec4d126abce87b3b3b13798da847492dec8836544ba92d14c8dd224,https://data.chain.link/streams/btc-usd,,
doge-updown-5m-1783799700,DOGE,"Dogecoin Up or Down - July 11, 3:55PM-4:00PM ET",2026-07-11T20:00:00Z,2026-07-11T19:55:00Z,0.075252,Up,"[""1"", ""0""]",0.99,473.17119,,0.485,0.01,resolved,0x5799b968e45adce411d4a44f9d8687db713788ebb3efe9a6d0038be7f8eb4b16,https://data.chain.link/streams/doge-usd,,
eth-updown-5m-1783799700,ETH,"Ethereum Up or Down - July 11, 3:55PM-4:00PM ET",2026-07-11T20:00:00Z,2026-07-11T19:55:00Z,1822.925210066985,Up,"[""1"", ""0""]",0.99,6631.427071999998,500,0.44,0.01,resolved,0xce4924beb238d596ab6a7338ce6bf5b5517daf6a10b0bed85cd4192cca533619,https://data.chain.link/streams/eth-usd,,
hype-updown-5m-1783799700,HYPE,"Hyperliquid Up or Down - July 11, 3:55PM-4:00PM ET",2026-07-11T20:00:00Z,2026-07-11T19:55:00Z,67.41621427001841,Up,"[""1"", ""0""]",0.99,189.203896,,0.495,0.01,resolved,0x7b45b1aba8194b8abf5afecc6891e7ccacfb40a08c2ab16d77f4a31710d4bbd6,https://data.chain.link/streams/hype-usd,,
sol-updown-5m-1783799700,SOL,"Solana Up or Down - July 11, 3:55PM-4:00PM ET",2026-07-11T20:00:00Z,2026-07-11T19:55:00Z,78.04137584456399,Up,"[""1"", ""0""]",0.99,3043.0831119999993,15,0.49,0.01,resolved,0xda1097f6d48dc39d9c9c37dc8d24b49a9ac6dd7a8a3ab0190583c8c2209c3a46,https://data.chain.link/streams/sol-usd,,
xrp-updown-5m-1783799700,XRP,"XRP Up or Down - July 11, 3:55PM-4:00PM ET",2026-07-11T20:00:00Z,2026-07-11T19:55:00Z,1.11483965,Up,"[""1"", ""0""]",0.99,744.1192100000001,,-0.005,0.06,resolved,0x5acb1f11ceb438bca04c456ffcdc37d4d5f5eb7ca7501838e037d026195942f0,https://data.chain.link/streams/xrp-usd,,
bnb-updown-5m-1783800000,BNB,"BNB Up or Down - July 11, 4:00PM-4:05PM ET",2026-07-11T20:05:00Z,2026-07-11T20:00:00Z,580.1586792773617,Up,"[""1"", ""0""]",0.99,251.705218,,0.49,0.01,resolved,0xf1d58e3f4dba1b53aa9b082a8a576fde76a3b3824ebaa967f0f40ee0bede88cb,https://data.chain.link/streams/bnb-usd,,
btc-updown-5m-1783800000,BTC,"Bitcoin Up or Down - July 11, 4:00PM-4:05PM ET",2026-07-11T20:05:00Z,2026-07-11T20:00:00Z,64244.63944519369,Up,"[""1"", ""0""]",0.99,45914.31501599994,616,0.49,0.01,resolved,0x2344476ef81f17d3738bbf4deeb09613245997f11edf937071d0543079ddde60,https://data.chain.link/streams/btc-usd,,
doge-updown-5m-1783800000,DOGE,"Dogecoin Up or Down - July 11, 4:00PM-4:05PM ET",2026-07-11T20:05:00Z,2026-07-11T20:00:00Z,0.075297,Up,"[""1"", ""0""]",0.99,555.107254,,0.495,0.01,resolved,0xecdc17b8203d8be7572229f1d7870308848fe736489dda11a05cabee70938d51,https://data.chain.link/streams/doge-usd,,
eth-updown-5m-1783800000,ETH,"Ethereum Up or Down - July 11, 4:00PM-4:05PM ET",2026-07-11T20:05:00Z,2026-07-11T20:00:00Z,1823.2706033168113,Up,"[""1"", ""0""]",0.99,6560.419497000002,500,0.49,0.01,resolved,0x08f4fc9e3d3510f20de70197295fe158e4df13a0f1ef10eeb3b95ff6a911ef7a,https://data.chain.link/streams/eth-usd,,
hype-updown-5m-1783800000,HYPE,"Hyperliquid Up or Down - July 11, 4:00PM-4:05PM ET",2026-07-11T20:05:00Z,2026-07-11T20:00:00Z,67.5233135,Up,"[""1"", ""0""]",0.999,318.648183,,0.4995,0.001,resolved,0xc0fca5e24fbc569fa21eeed6e7acd53cc264ea5407541790232c0174d679e8a2,https://data.chain.link/streams/hype-usd,,
sol-updown-5m-1783800000,SOL,"Solana Up or Down - July 11, 4:00PM-4:05PM ET",2026-07-11T20:05:00Z,2026-07-11T20:00:00Z,78.08819749999999,Up,"[""1"", ""0""]",0.99,3257.7096849999966,15,0.49,0.01,resolved,0xa19cfd8498dfb22722bd7118a7279d2cb7d80df7864172ab9e814f374f5c5853,https://data.chain.link/streams/sol-usd,,
xrp-updown-5m-1783800000,XRP,"XRP Up or Down - July 11, 4:00PM-4:05PM ET",2026-07-11T20:05:00Z,2026-07-11T20:00:00Z,1.1148493,Up,"[""1"", ""0""]",0.99,1510.7814870000002,,0.49,0.01,resolved,0x4ac70e8c5bde747c0637515d56885cdc346dedcb0160407c5ac4598eaf07e6ea,https://data.chain.link/streams/xrp-usd,,
bnb-updown-5m-1783800300,BNB,"BNB Up or Down - July 11, 4:05PM-4:10PM ET",2026-07-11T20:10:00Z,2026-07-11T20:05:00Z,580.4757255265113,Down,"[""0"", ""1""]",0.9,335.28974,,-0.39,0.19,resolved,0x568841a229b5772cec71fc7d4cd733228bf560827ddb73532a2409ffde6fcc72,https://data.chain.link/streams/bnb-usd,,
btc-updown-5m-1783800300,BTC,"Bitcoin Up or Down - July 11, 4:05PM-4:10PM ET",2026-07-11T20:10:00Z,2026-07-11T20:05:00Z,64271.48456266571,Down,"[""0"", ""1""]",0.01,86727.12881399998,,0.1,0.01,resolved,0x19455a34a9368cbf0a117ce0f6eaa0133190f0841826d6cce10a265d99b1ddf8,https://data.chain.link/streams/btc-usd,,
doge-updown-5m-1783800300,DOGE,"Dogecoin Up or Down - July 11, 4:05PM-4:10PM ET",2026-07-11T20:10:00Z,2026-07-11T20:05:00Z,0.075345,Down,"[""0"", ""1""]",0.01,455.35131099999995,,-0.495,0.01,resolved,0x4d066bd3cf76fdb3b735f52a454cb732d93f09b6998f6a7d46830cb50d7b9b46,https://data.chain.link/streams/doge-usd,,
eth-updown-5m-1783800300,ETH,"Ethereum Up or Down - July 11, 4:05PM-4:10PM ET",2026-07-11T20:10:00Z,2026-07-11T20:05:00Z,1824.0354089592988,Down,"[""0"", ""1""]",0.01,8184.6315620000005,,-0.49,0.01,resolved,0x4acf9bafc4e40d262c09ad2833e31cc0e95f40e79b45e447ee9cfd676af3a7c2,https://data.chain.link/streams/eth-usd,,
hype-updown-5m-1783800300,HYPE,"Hyperliquid Up or Down - July 11, 4:05PM-4:10PM ET",2026-07-11T20:10:00Z,2026-07-11T20:05:00Z,67.8142,Down,"[""0"", ""1""]",0.06,139.519334,,-0.495,0.01,resolved,0x58c1b5bfb7c1c535377d28c73db5894c400970fb10169b405576fb867a1157c1,https://data.chain.link/streams/hype-usd,,
sol-updown-5m-1783800300,SOL,"Solana Up or Down - July 11, 4:05PM-4:10PM ET",2026-07-11T20:10:00Z,2026-07-11T20:05:00Z,78.1113519338854,Down,"[""0"", ""1""]",0.01,3417.019456,,-0.49,0.01,resolved,0xfb472863c4ae1bb9e67b986527e2eecd3718e5b9d0041dee7fae4245f61ccf7f,https://data.chain.link/streams/sol-usd,,
xrp-updown-5m-1783800300,XRP,"XRP Up or Down - July 11, 4:05PM-4:10PM ET",2026-07-11T20:10:00Z,2026-07-11T20:05:00Z,1.1151156735197483,Down,"[""0"", ""1""]",0.01,1009.2325309999999,,-0.5,0.01,resolved,0x115a66507c04f537ba7a8a057c91e7846b203d3db020a42b7e0f855b3841c175,https://data.chain.link/streams/xrp-usd,,
bnb-updown-5m-1783800600,BNB,"BNB Up or Down - July 11, 4:10PM-4:15PM ET",2026-07-11T20:15:00Z,2026-07-11T20:10:00Z,580.3634987184472,Up,"[""1"", ""0""]",0.99,208.871041,,0.4945,0.001,resolved,0xd77d190c011ed45df36018f857062da8d9c87d72ede48daf51c0d34453fa03a7,https://data.chain.link/streams/bnb-usd,,
btc-updown-5m-1783800600,BTC,"Bitcoin Up or Down - July 11, 4:10PM-4:15PM ET",2026-07-11T20:15:00Z,2026-07-11T20:10:00Z,64268.88660798883,Up,"[""1"", ""0""]",0.99,94044.00977200031,,0.49,0.01,resolved,0x7894262e52c364ba58f2019dde32bbf987799455868fe69af483a9978b0fb656,https://data.chain.link/streams/btc-usd,,
doge-updown-5m-1783800600,DOGE,"Dogecoin Up or Down - July 11, 4:10PM-4:15PM ET",2026-07-11T20:15:00Z,2026-07-11T20:10:00Z,0.075255051276913,Up,"[""1"", ""0""]",0.99,340.377263,,0.495,0.01,resolved,0xcc4cb85f596096c64a6aed5a195e9729b75462b6ae2c0c5aad0a685371d71f06,https://data.chain.link/streams/doge-usd,,
eth-updown-5m-1783800600,ETH,"Ethereum Up or Down - July 11, 4:10PM-4:15PM ET",2026-07-11T20:15:00Z,2026-07-11T20:10:00Z,1823.3053,Up,"[""1"", ""0""]",0.99,5065.413217000001,,0.49,0.01,resolved,0x974b660fa5aeb8e4f9bd37d227e77c9e9ea55a0764e41a33467cc989025f2cc3,https://data.chain.link/streams/eth-usd,,
hype-updown-5m-1783800600,HYPE,"Hyperliquid Up or Down - July 11, 4:10PM-4:15PM ET",2026-07-11T20:15:00Z,2026-07-11T20:10:00Z,67.739192,Down,"[""0"", ""1""]",0.01,1219.589086,,-0.495,0.01,resolved,0xcccf3e9c55796f05bdd0e569df9f5acc8ba3b7a329a6294215101200d067b1bf,https://data.chain.link/streams/hype-usd,,
sol-updown-5m-1783800600,SOL,"Solana Up or Down - July 11, 4:10PM-4:15PM ET",2026-07-11T20:15:00Z,2026-07-11T20:10:00Z,78.0837485,Up,"[""1"", ""0""]",0.99,3792.9869580000004,,0.49,0.01,resolved,0xb9d5421c1b02b6e664ef1ad414c81725a99434ba156bbf3746436b04a52f6d4e,https://data.chain.link/streams/sol-usd,,
xrp-updown-5m-1783800600,XRP,"XRP Up or Down - July 11, 4:10PM-4:15PM ET",2026-07-11T20:15:00Z,2026-07-11T20:10:00Z,1.1142533,Up,"[""1"", ""0""]",0.99,889.867677,,0.4945,0.001,resolved,0xec6e1b8507015c2ef45066f74c262593d4e20eb160b8eb6bb0300a61f35e7acc,https://data.chain.link/streams/xrp-usd,,
bnb-updown-5m-1783800900,BNB,"BNB Up or Down - July 11, 4:15PM-4:20PM ET",2026-07-11T20:20:00Z,2026-07-11T20:15:00Z,,Down,"[""0"", ""1""]",0.6,270.38296399999996,,-0.47,0.03,resolved,0x43586f4129a5a13bc7d2c20798c9656bbaf4bf4fce48373556dcf0e3a14f9b75,https://data.chain.link/streams/bnb-usd,,
btc-updown-5m-1783800900,BTC,"Bitcoin Up or Down - July 11, 4:15PM-4:20PM ET",2026-07-11T20:20:00Z,2026-07-11T20:15:00Z,,Up,"[""1"", ""0""]",0.999,40673.91170699996,7.860783,0.48,0.01,resolved,0x4f6abfd3ebc9260f70dbff06ccfc4810866ca415ed28ff911916e69f266690fc,https://data.chain.link/streams/btc-usd,,
doge-updown-5m-1783800900,DOGE,"Dogecoin Up or Down - July 11, 4:15PM-4:20PM ET",2026-07-11T20:20:00Z,2026-07-11T20:15:00Z,,Down,"[""0"", ""1""]",0.02,408.753775,,-0.43,0.1,resolved,0x5b3df249f9e221250cded87bf6a6f48b94e80b1d32e9fde69d2c7dde6bba41a9,https://data.chain.link/streams/doge-usd,,
eth-updown-5m-1783800900,ETH,"Ethereum Up or Down - July 11, 4:15PM-4:20PM ET",2026-07-11T20:20:00Z,2026-07-11T20:15:00Z,,Up,"[""1"", ""0""]",0.99,3936.2652860000026,,0.48,0.01,resolved,0x9af552439f2de34fcff6f367fd6b156da1ba8e9e68e6acd76654ef587192eb15,https://data.chain.link/streams/eth-usd,,
hype-updown-5m-1783800900,HYPE,"Hyperliquid Up or Down - July 11, 4:15PM-4:20PM ET",2026-07-11T20:20:00Z,2026-07-11T20:15:00Z,,Up,"[""1"", ""0""]",0.99,175.27922599999994,,0.375,0.07,resolved,0x539d3cd233cfec0ad3ff2af218b5b58ae87ab9fd01c34ea7db48a05ae6059581,https://data.chain.link/streams/hype-usd,,
sol-updown-5m-1783800900,SOL,"Solana Up or Down - July 11, 4:15PM-4:20PM ET",2026-07-11T20:20:00Z,2026-07-11T20:15:00Z,,Up,"[""1"", ""0""]",0.99,3136.7452769999973,,0.48,0.01,resolved,0x7890af9070f8c1401bc0556acee137d71b643d39caacc07b46c55f79d3ddb10c,https://data.chain.link/streams/sol-usd,,
xrp-updown-5m-1783800900,XRP,"XRP Up or Down - July 11, 4:15PM-4:20PM ET",2026-07-11T20:20:00Z,2026-07-11T20:15:00Z,,Up,"[""1"", ""0""]",0.99,1129.5325070000001,,0.48,0.01,resolved,0x935954f01ca881cccfc8cfd3c95daad8ecd5484a1c6aa7a2ce7452b977730272,https://data.chain.link/streams/xrp-usd,,
bnb-updown-5m-1783801200,BNB,"BNB Up or Down - July 11, 4:20PM-4:25PM ET",2026-07-11T20:25:00Z,2026-07-11T20:20:00Z,,Down,"[""0"", ""1""]",0.9,257.1593899999999,,-0.5,0.01,resolved,0xbdb67cb93320ca8f28d9c95290b7bd7bbbb96713348c5e386986091b635ab35d,https://data.chain.link/streams/bnb-usd,,
btc-updown-5m-1783801200,BTC,"Bitcoin Up or Down - July 11, 4:20PM-4:25PM ET",2026-07-11T20:25:00Z,2026-07-11T20:20:00Z,,Down,"[""0"", ""1""]",0.01,59069.57137099991,7.960782,-0.5,0.01,resolved,0x5159ea6afe626d39236c9f750121d109f73a27d078bb297011a2fb40d777fbdb,https://data.chain.link/streams/btc-usd,,
doge-updown-5m-1783801200,DOGE,"Dogecoin Up or Down - July 11, 4:20PM-4:25PM ET",2026-07-11T20:25:00Z,2026-07-11T20:20:00Z,,Down,"[""0"", ""1""]",0.02,1040.6488089999998,,-0.495,0.01,resolved,0x847ecae6742b23b0f4b78259f043f8b67aff7fa11c145003b6bc7c679d8b5d23,https://data.chain.link/streams/doge-usd,,
eth-updown-5m-1783801200,ETH,"Ethereum Up or Down - July 11, 4:20PM-4:25PM ET",2026-07-11T20:25:00Z,2026-07-11T20:20:00Z,,Down,"[""0"", ""1""]",0.01,5919.5386180000005,,-0.5,0.01,resolved,0x648f89b589434ed1e29d7325626d12e2a8b799b99c6e7a799c3258fa0212249c,https://data.chain.link/streams/eth-usd,,
hype-updown-5m-1783801200,HYPE,"Hyperliquid Up or Down - July 11, 4:20PM-4:25PM ET",2026-07-11T20:25:00Z,2026-07-11T20:20:00Z,,Down,"[""0"", ""1""]",0.13,116.896575,,-0.495,0.01,resolved,0x4e6a861477d2a4121264b7e4541923c47190e2f07ca9e649827461dcdb26df0c,https://data.chain.link/streams/hype-usd,,
sol-updown-5m-1783801200,SOL,"Solana Up or Down - July 11, 4:20PM-4:25PM ET",2026-07-11T20:25:00Z,2026-07-11T20:20:00Z,,Down,"[""0"", ""1""]",0.01,2270.6564639999997,,-0.5,0.01,resolved,0xae52ee22d53e83b775bd50898f284ed0306c8109df266a9960a39ff6ef1dae46,https://data.chain.link/streams/sol-usd,,
xrp-updown-5m-1783801200,XRP,"XRP Up or Down - July 11, 4:20PM-4:25PM ET",2026-07-11T20:25:00Z,2026-07-11T20:20:00Z,,Down,"[""0"", ""1""]",0.13,1114.6947759999998,,-0.5,0.01,resolved,0xef781b3e7e83028c9e0409b81269832519154fa511586abcf3d1ebc817399a41,https://data.chain.link/streams/xrp-usd,,
bnb-updown-5m-1783801500,BNB,"BNB Up or Down - July 11, 4:25PM-4:30PM ET",2026-07-11T20:30:00Z,2026-07-11T20:25:00Z,,Up,"[""1"", ""0""]",0.99,289.9302,,0.045,0.86,resolved,0x25a74d0fa96d2deb678c49007e7269078dddb3974861f9c5b34c85ee729a431b,https://data.chain.link/streams/bnb-usd,,
btc-updown-5m-1783801500,BTC,"Bitcoin Up or Down - July 11, 4:25PM-4:30PM ET",2026-07-11T20:30:00Z,2026-07-11T20:25:00Z,,Up,"[""1"", ""0""]",0.999,45400.89906199992,2.960783,0.48,0.01,resolved,0xc177478941024638ba79d1d99151034db18c79cd5acb9a4123dd77cce287079b,https://data.chain.link/streams/btc-usd,,
doge-updown-5m-1783801500,DOGE,"Dogecoin Up or Down - July 11, 4:25PM-4:30PM ET",2026-07-11T20:30:00Z,2026-07-11T20:25:00Z,,Down,"[""0"", ""1""]",0.17,383.701048,,-0.48,0.02,resolved,0xf40e56431750447d88dcb1bc5094b75ac449a9d412a10078b29af952eedf3919,https://data.chain.link/streams/doge-usd,,
eth-updown-5m-1783801500,ETH,"Ethereum Up or Down - July 11, 4:25PM-4:30PM ET",2026-07-11T20:30:00Z,2026-07-11T20:25:00Z,,Up,"[""1"", ""0""]",0.99,4564.613673000001,,0.49,0.01,resolved,0x6bfe8caa60ade982e7feacabdb5539ec9e594c770cfaa86b8281a8a00410c13c,https://data.chain.link/streams/eth-usd,,
hype-updown-5m-1783801500,HYPE,"Hyperliquid Up or Down - July 11, 4:25PM-4:30PM ET",2026-07-11T20:30:00Z,2026-07-11T20:25:00Z,,Up,"[""1"", ""0""]",0,0,,0,1,resolved,0xe8c392dcdc1237db4afd35d6682e3744c690bbd58323f367e4e1a1c942dc7cee,https://data.chain.link/streams/hype-usd,,
sol-updown-5m-1783801500,SOL,"Solana Up or Down - July 11, 4:25PM-4:30PM ET",2026-07-11T20:30:00Z,2026-07-11T20:25:00Z,,Up,"[""1"", ""0""]",0.99,3251.7173279999975,,0.4945,0.001,resolved,0x2d93da47ca79881a72c5e7b5a9d60c58d6b9331db6125c092a1d4dc4ba84e336,https://data.chain.link/streams/sol-usd,,
xrp-updown-5m-1783801500,XRP,"XRP Up or Down - July 11, 4:25PM-4:30PM ET",2026-07-11T20:30:00Z,2026-07-11T20:25:00Z,,Up,"[""1"", ""0""]",0.99,1119.8065599999998,,0.085,0.06,resolved,0xeaeac6e229c8b65e7c6195ca19243c3610ba32338250b89cd1f7423022fdcc7d,https://data.chain.link/streams/xrp-usd,,
bnb-updown-5m-1783801800,BNB,"BNB Up or Down - July 11, 4:30PM-4:35PM ET",2026-07-11T20:35:00Z,2026-07-11T20:30:00Z,,Down,"[""0"", ""1""]",0.97,189.00329,,-0.5,0.01,resolved,0xb0f5cef8b15a758dc3c16c792b25d2b46826f6c11178579dbc8aa4139ff8173c,https://data.chain.link/streams/bnb-usd,,
btc-updown-5m-1783801800,BTC,"Bitcoin Up or Down - July 11, 4:30PM-4:35PM ET",2026-07-11T20:35:00Z,2026-07-11T20:30:00Z,,Down,"[""0"", ""1""]",0.01,71763.55373900004,8.960783,-0.5,0.01,resolved,0xa3245c6d12a7df33da75502ade8b940e35cb7851c39d9b20ef2fb3e4566ae2e4,https://data.chain.link/streams/btc-usd,,
doge-updown-5m-1783801800,DOGE,"Dogecoin Up or Down - July 11, 4:30PM-4:35PM ET",2026-07-11T20:35:00Z,2026-07-11T20:30:00Z,,Up,"[""1"", ""0""]",0.999,1569.350856,,0.4995,0.001,resolved,0x14c48a6d8a444eb16e62eb8e6b6c05adcb066de2276ef156bfde5a1c901c454e,https://data.chain.link/streams/doge-usd,,
eth-updown-5m-1783801800,ETH,"Ethereum Up or Down - July 11, 4:30PM-4:35PM ET",2026-07-11T20:35:00Z,2026-07-11T20:30:00Z,,Down,"[""0"", ""1""]",0.01,5720.266792000004,,-0.5,0.01,resolved,0x79b7dfa34651007e11d455f03c4e9b33d026fcd7e106efacf8fb875b0e1e2e4b,https://data.chain.link/streams/eth-usd,,
hype-updown-5m-1783801800,HYPE,"Hyperliquid Up or Down - July 11, 4:30PM-4:35PM ET",2026-07-11T20:35:00Z,2026-07-11T20:30:00Z,,Up,"[""1"", ""0""]",0.99,131.732659,,0.495,0.01,resolved,0xc71dfffa15ef31b2b2307014df26ff01fcb97051af3c6e0a8953fe2c8fc69604,https://data.chain.link/streams/hype-usd,,
sol-updown-5m-1783801800,SOL,"Solana Up or Down - July 11, 4:30PM-4:35PM ET",2026-07-11T20:35:00Z,2026-07-11T20:30:00Z,,Down,"[""0"", ""1""]",0.02,3539.4362459999998,,-0.5,0.01,resolved,0x21a2d467e4c0a13164611e10b39dbc3bdfc5335b4dd96bb1501b92017119ff6a,https://data.chain.link/streams/sol-usd,,
xrp-updown-5m-1783801800,XRP,"XRP Up or Down - July 11, 4:30PM-4:35PM ET",2026-07-11T20:35:00Z,2026-07-11T20:30:00Z,,Down,"[""0"", ""1""]",0.01,1941.194088,,-0.5,0.01,resolved,0xbd529eac730c1616697f1a19573ef5407f8acd21295d256fb566ff73a9509611,https://data.chain.link/streams/xrp-usd,,
bnb-updown-5m-1783802100,BNB,"BNB Up or Down - July 11, 4:35PM-4:40PM ET",2026-07-11T20:40:00Z,2026-07-11T20:35:00Z,580.567,Up,"[""1"", ""0""]",0.99,282.18805199999997,,0.46,0.03,resolved,0xc19fbfdec914058ccab333f31a683d526b88adb61e7d119ef3dfd917b97fc56e,https://data.chain.link/streams/bnb-usd,,
btc-updown-5m-1783802100,BTC,"Bitcoin Up or Down - July 11, 4:35PM-4:40PM ET",2026-07-11T20:40:00Z,2026-07-11T20:35:00Z,64305.43940785248,Up,"[""1"", ""0""]",0.99,61473.21152300005,,0.45,0.01,resolved,0x02e3899e950464bc46b5e6a0c87bc09f06c2a5cc90a1b03a039c04b77958717e,https://data.chain.link/streams/btc-usd,,
doge-updown-5m-1783802100,DOGE,"Dogecoin Up or Down - July 11, 4:35PM-4:40PM ET",2026-07-11T20:40:00Z,2026-07-11T20:35:00Z,0.0752212,Up,"[""1"", ""0""]",0.98,470.8432099999999,,0.485,0.01,resolved,0x3956c98c2fe1ac730b3fd4da15237bffd880e9b44956b1744e1f5de186f9b7fd,https://data.chain.link/streams/doge-usd,,
eth-updown-5m-1783802100,ETH,"Ethereum Up or Down - July 11, 4:35PM-4:40PM ET",2026-07-11T20:40:00Z,2026-07-11T20:35:00Z,1824.4904869288573,Up,"[""1"", ""0""]",0.99,4243.658462000003,,0.47,0.01,resolved,0xaa835f497f02431dc1d1cb713affd3b80f68347cc67d090b91af13c5d17fd614,https://data.chain.link/streams/eth-usd,,
hype-updown-5m-1783802100,HYPE,"Hyperliquid Up or Down - July 11, 4:35PM-4:40PM ET",2026-07-11T20:40:00Z,2026-07-11T20:35:00Z,67.75195566925335,Up,"[""1"", ""0""]",0.99,113.91160800000004,,0.44,0.08,resolved,0xfd6726ad754f081f2201b6edabe5430e0fdef085110f371aab30f2927e7066f4,https://data.chain.link/streams/hype-usd,,
sol-updown-5m-1783802100,SOL,"Solana Up or Down - July 11, 4:35PM-4:40PM ET",2026-07-11T20:40:00Z,2026-07-11T20:35:00Z,78.15947706880405,Down,"[""0"", ""1""]",0.01,3561.438165999997,,-0.31,0.15,resolved,0x15356f3346f3bd879d9295cc18c0d5e869fb7c8087c157a5f3eeaff37530a83f,https://data.chain.link/streams/sol-usd,,
xrp-updown-5m-1783802100,XRP,"XRP Up or Down - July 11, 4:35PM-4:40PM ET",2026-07-11T20:40:00Z,2026-07-11T20:35:00Z,1.114059882760254,Down,"[""0"", ""1""]",0.04,1300.042979,,-0.47,0.01,resolved,0x456656d99ed18ef7774f3876e170ec7b7dc38a93d82467c570b6042a3d7ddd91,https://data.chain.link/streams/xrp-usd,,
bnb-updown-5m-1783802400,BNB,"BNB Up or Down - July 11, 4:40PM-4:45PM ET",2026-07-11T20:45:00Z,2026-07-11T20:40:00Z,580.6942881287416,Up,"[""1"", ""0""]",0.99,318.096057,,0.49,0.01,resolved,0xbc74e214279ca25921fbe983658fe7b659a86a99a424a893af554585e0be6c79,https://data.chain.link/streams/bnb-usd,,
btc-updown-5m-1783802400,BTC,"Bitcoin Up or Down - July 11, 4:40PM-4:45PM ET",2026-07-11T20:45:00Z,2026-07-11T20:40:00Z,64317.299105000006,Up,"[""1"", ""0""]",0.999,81673.1420469999,1.960783,0.4945,0.001,resolved,0xf775e532b6d1b4a59bbebd64a2c844387d2c71f6060e754e4c7f0566ae7adee6,https://data.chain.link/streams/btc-usd,,
doge-updown-5m-1783802400,DOGE,"Dogecoin Up or Down - July 11, 4:40PM-4:45PM ET",2026-07-11T20:45:00Z,2026-07-11T20:40:00Z,0.0752530049213048,Down,"[""0"", ""1""]",0.01,532.53251,,-0.495,0.01,resolved,0x5ba0561ab421893362628b95fc4ee4d8f505eca784fef7d8fb542c708da7d48c,https://data.chain.link/streams/doge-usd,,
eth-updown-5m-1783802400,ETH,"Ethereum Up or Down - July 11, 4:40PM-4:45PM ET",2026-07-11T20:45:00Z,2026-07-11T20:40:00Z,1825.0800848838842,Up,"[""1"", ""0""]",0.99,6155.508241999994,,0.49,0.01,resolved,0x47e000fe82789894e80bc86ceefcdabf3d0a5eabf0fd6b5d69c55fcce12e5960,https://data.chain.link/streams/eth-usd,,
hype-updown-5m-1783802400,HYPE,"Hyperliquid Up or Down - July 11, 4:40PM-4:45PM ET",2026-07-11T20:45:00Z,2026-07-11T20:40:00Z,67.78542986689101,Up,"[""1"", ""0""]",0.99,167.68717099999998,,0.495,0.01,resolved,0x975533593cd241078fc87a7bb30e59981249083b2b395f5f76b4ef372f8165be,https://data.chain.link/streams/hype-usd,,
sol-updown-5m-1783802400,SOL,"Solana Up or Down - July 11, 4:40PM-4:45PM ET",2026-07-11T20:45:00Z,2026-07-11T20:40:00Z,78.14226215863702,Up,"[""1"", ""0""]",0.99,3347.0284150000007,,0.49,0.01,resolved,0x602a84cd9bc1196f25eb9a748b31cd8fc15476ff63903fb03710937cbb09c297,https://data.chain.link/streams/sol-usd,,
xrp-updown-5m-1783802400,XRP,"XRP Up or Down - July 11, 4:40PM-4:45PM ET",2026-07-11T20:45:00Z,2026-07-11T20:40:00Z,1.1136526,Up,"[""1"", ""0""]",0.99,1148.6600299999998,,0.49,0.01,resolved,0xce67ff4b5320727c8e8f2cc01620b421b61140c2ae9c00701ce8efb334a81a47,https://data.chain.link/streams/xrp-usd,,
bnb-updown-5m-1783802700,BNB,"BNB Up or Down - July 11, 4:45PM-4:50PM ET",2026-07-11T20:50:00Z,2026-07-11T20:45:00Z,,Down,"[""0"", ""1""]",,178.565704,,-0.495,0.02,resolved,0xa29db13648162315caa172d6e6ec42fa24b635019202854d638553ec450ae3dc,https://data.chain.link/streams/bnb-usd,,
btc-updown-5m-1783802700,BTC,"Bitcoin Up or Down - July 11, 4:45PM-4:50PM ET",2026-07-11T20:50:00Z,2026-07-11T20:45:00Z,,Down,"[""0"", ""1""]",0.01,65312.145198,2,-0.5,0.01,resolved,0xb1da5454b30749fb982043fb066c9b6bfa7460034eff556f31b47dd7b7c91625,https://data.chain.link/streams/btc-usd,,
doge-updown-5m-1783802700,DOGE,"Dogecoin Up or Down - July 11, 4:45PM-4:50PM ET",2026-07-11T20:50:00Z,2026-07-11T20:45:00Z,,Down,"[""0"", ""1""]",0.08,321.10543699999994,,-0.495,0.01,resolved,0x125de4d948640ed3c143e84ad6af7006a735a7297fb5945d70f4c488895c8c67,https://data.chain.link/streams/doge-usd,,
eth-updown-5m-1783802700,ETH,"Ethereum Up or Down - July 11, 4:45PM-4:50PM ET",2026-07-11T20:50:00Z,2026-07-11T20:45:00Z,,Down,"[""0"", ""1""]",0.01,6448.494563,,-0.5,0.01,resolved,0xf082cf79c63cae26419871a00768762d4ae21b6b1d98d0a1689e2773a78a54ae,https://data.chain.link/streams/eth-usd,,
hype-updown-5m-1783802700,HYPE,"Hyperliquid Up or Down - July 11, 4:45PM-4:50PM ET",2026-07-11T20:50:00Z,2026-07-11T20:45:00Z,,Down,"[""0"", ""1""]",0.04,135.86369,,-0.34,0.11,resolved,0xc3c9e2908ccb51b4983483072a978686299d5340494e6cc2b8065ce8fc36fb9c,https://data.chain.link/streams/hype-usd,,
sol-updown-5m-1783802700,SOL,"Solana Up or Down - July 11, 4:45PM-4:50PM ET",2026-07-11T20:50:00Z,2026-07-11T20:45:00Z,,Down,"[""0"", ""1""]",0.01,3846.9200860000033,,-0.49,0.01,resolved,0xb60eb1743385d74016d5a60816f307984b9b23bc5cbbdaddab44b53fa2d3674c,https://data.chain.link/streams/sol-usd,,
xrp-updown-5m-1783802700,XRP,"XRP Up or Down - July 11, 4:45PM-4:50PM ET",2026-07-11T20:50:00Z,2026-07-11T20:45:00Z,,Up,"[""1"", ""0""]",0.99,1530.540525,,-0.425,0.01,resolved,0x8a85898d6b5bf8755f1a68ab73f4c78c599c1ab1ff01c6ca2f814710ed16831f,https://data.chain.link/streams/xrp-usd,,
bnb-updown-5m-1783803000,BNB,"BNB Up or Down - July 11, 4:50PM-4:55PM ET",2026-07-11T20:55:00Z,2026-07-11T20:50:00Z,,Up,"[""1"", ""0""]",0.99,191.241531,100,0.49,0.01,resolved,0x7f487d49c886aaa5844f28df8be2289da48c8f893c3fbb68b2afec0038bb083d,https://data.chain.link/streams/bnb-usd,,
btc-updown-5m-1783803000,BTC,"Bitcoin Up or Down - July 11, 4:50PM-4:55PM ET",2026-07-11T20:55:00Z,2026-07-11T20:50:00Z,,Down,"[""0"", ""1""]",0.01,47482.147435999985,4885.36763,-0.5,0.01,resolved,0x34edceb0b4e86b18df3204a610e5db99999114aac85454175cdacbce9cf4aa36,https://data.chain.link/streams/btc-usd,,
doge-updown-5m-1783803000,DOGE,"Dogecoin Up or Down - July 11, 4:50PM-4:55PM ET",2026-07-11T20:55:00Z,2026-07-11T20:50:00Z,,Down,"[""0"", ""1""]",0.09,338.99049799999995,100,-0.495,0.01,resolved,0xb7e28be6977a80ec6a3effac7d1707e40250950979aff15753f00a7a6aac5fc0,https://data.chain.link/streams/doge-usd,,
eth-updown-5m-1783803000,ETH,"Ethereum Up or Down - July 11, 4:50PM-4:55PM ET",2026-07-11T20:55:00Z,2026-07-11T20:50:00Z,,Up,"[""1"", ""0""]",0.99,3819.261426000003,1961.563574,0.49,0.01,resolved,0x894de2a42d3a46c79193b643372cc82a177e5d9aef925459726726f5070b3d2c,https://data.chain.link/streams/eth-usd,,
hype-updown-5m-1783803000,HYPE,"Hyperliquid Up or Down - July 11, 4:50PM-4:55PM ET",2026-07-11T20:55:00Z,2026-07-11T20:50:00Z,,Down,"[""0"", ""1""]",0.12,161.41932699999998,100,-0.495,0.01,resolved,0x817aa14455b4129d0886498afb248849f85abf97ce40f81d770b119bc02e5b28,https://data.chain.link/streams/hype-usd,,
sol-updown-5m-1783803000,SOL,"Solana Up or Down - July 11, 4:50PM-4:55PM ET",2026-07-11T20:55:00Z,2026-07-11T20:50:00Z,,Down,"[""0"", ""1""]",0.01,2570.1708680000015,503,-0.5,0.01,resolved,0x374f5dab95edb0a7ff7eb48c37d571e0709487394b049a85b7f9f727c413a256,https://data.chain.link/streams/sol-usd,,
xrp-updown-5m-1783803000,XRP,"XRP Up or Down - July 11, 4:50PM-4:55PM ET",2026-07-11T20:55:00Z,2026-07-11T20:50:00Z,,Down,"[""0"", ""1""]",0.01,991.7747840000003,455,-0.5,0.01,resolved,0x3cbdb2615d9e65217b382d80b6b94449e5c475afe522593a8dc9a94a5eda2769,https://data.chain.link/streams/xrp-usd,,
bnb-updown-5m-1783803300,BNB,"BNB Up or Down - July 11, 4:55PM-5:00PM ET",2026-07-11T21:00:00Z,2026-07-11T20:55:00Z,,Down,"[""0"", ""1""]",0.4,426.938024,,-0.04,0.87,resolved,0xa7b76a234c005a5937a4364b6b8a6843258248f49f9999f9e81faca477531e46,https://data.chain.link/streams/bnb-usd,,
btc-updown-5m-1783803300,BTC,"Bitcoin Up or Down - July 11, 4:55PM-5:00PM ET",2026-07-11T21:00:00Z,2026-07-11T20:55:00Z,,Down,"[""0"", ""1""]",0.01,50290.30894199996,754.69392,-0.15,0.01,resolved,0xca8056e5282fa68ea14c19fa9f76ef99520702379c9d974d3d68d7fd4dd12a4a,https://data.chain.link/streams/btc-usd,,
doge-updown-5m-1783803300,DOGE,"Dogecoin Up or Down - July 11, 4:55PM-5:00PM ET",2026-07-11T21:00:00Z,2026-07-11T20:55:00Z,,Down,"[""0"", ""1""]",0.36,570.307939,,-0.175,0.01,resolved,0xa9966f2a6acffd8d5f74a866c573ac0c72b6022e8bf7294f8adab443f2025315,https://data.chain.link/streams/doge-usd,,
eth-updown-5m-1783803300,ETH,"Ethereum Up or Down - July 11, 4:55PM-5:00PM ET",2026-07-11T21:00:00Z,2026-07-11T20:55:00Z,,Down,"[""0"", ""1""]",0.04,3676.551736000001,510,-0.46,0.01,resolved,0x899a72764036bd888b7274d01364aee0804147c26f3500424b494df6dfea15f4,https://data.chain.link/streams/eth-usd,,
hype-updown-5m-1783803300,HYPE,"Hyperliquid Up or Down - July 11, 4:55PM-5:00PM ET",2026-07-11T21:00:00Z,2026-07-11T20:55:00Z,,Up,"[""1"", ""0""]",0.99,180.92725799999997,,0.43,0.11,resolved,0xcffdc0c1fd0d890dbc81b6774be1d5b3510f01c49106f9386f594994dc3a92d8,https://data.chain.link/streams/hype-usd,,
sol-updown-5m-1783803300,SOL,"Solana Up or Down - July 11, 4:55PM-5:00PM ET",2026-07-11T21:00:00Z,2026-07-11T20:55:00Z,,Down,"[""0"", ""1""]",0.43,3208.2166639999987,15,0.15,0.01,resolved,0xaa2796b3252bdb5ab7bf890e86988106b8fd5d16ecc06566802d4f3c8b19b3a6,https://data.chain.link/streams/sol-usd,,
xrp-updown-5m-1783803300,XRP,"XRP Up or Down - July 11, 4:55PM-5:00PM ET",2026-07-11T21:00:00Z,2026-07-11T20:55:00Z,,Down,"[""0"", ""1""]",0.2,1080.166537,,-0.41,0.01,resolved,0x9f39c664ef7e21e72d4dcfbc08621225e5aa1d612b8b1ac29188e041cc4cf3ec,https://data.chain.link/streams/xrp-usd,,
bnb-updown-5m-1783803600,BNB,"BNB Up or Down - July 11, 5:00PM-5:05PM ET",2026-07-11T21:05:00Z,2026-07-11T21:00:00Z,,Up,"[""1"", ""0""]",0.999,301.79779799999994,,0.4945,0.001,resolved,0xbc36f305a0f705fa217eda77d87303d4c904408bfdcc4c22c3f3c41b43dc1c6d,https://data.chain.link/streams/bnb-usd,,
btc-updown-5m-1783803600,BTC,"Bitcoin Up or Down - July 11, 5:00PM-5:05PM ET",2026-07-11T21:05:00Z,2026-07-11T21:00:00Z,,Up,"[""1"", ""0""]",0.999,47256.37361999995,656.470581,0.4945,0.001,resolved,0x5d64edab5ac173c6dbf04ec9764927dcda40bd76424c206395b0272cc1cbaa37,https://data.chain.link/streams/btc-usd,,
doge-updown-5m-1783803600,DOGE,"Dogecoin Up or Down - July 11, 5:00PM-5:05PM ET",2026-07-11T21:05:00Z,2026-07-11T21:00:00Z,,Up,"[""1"", ""0""]",0.99,293.62534200000005,,0.495,0.01,resolved,0xf2dc8cfe33eeb77c70e63f8630ef88874e599f249d7385de4291d8a6d3167ac9,https://data.chain.link/streams/doge-usd,,
eth-updown-5m-1783803600,ETH,"Ethereum Up or Down - July 11, 5:00PM-5:05PM ET",2026-07-11T21:05:00Z,2026-07-11T21:00:00Z,,Up,"[""1"", ""0""]",0.999,3668.0666550000005,500,0.4945,0.001,resolved,0x05239a6c1a6a05df02c408aa2012c9d0497b4318270f3861cba0c54d582089d1,https://data.chain.link/streams/eth-usd,,
hype-updown-5m-1783803600,HYPE,"Hyperliquid Up or Down - July 11, 5:00PM-5:05PM ET",2026-07-11T21:05:00Z,2026-07-11T21:00:00Z,,Up,"[""1"", ""0""]",0.999,474.09453999999994,,0.4995,0.001,resolved,0x9e208dd09acb1235d983b9cd4d48cd68e9ff577062aaa452c9612b3c69215ced,https://data.chain.link/streams/hype-usd,,
sol-updown-5m-1783803600,SOL,"Solana Up or Down - July 11, 5:00PM-5:05PM ET",2026-07-11T21:05:00Z,2026-07-11T21:00:00Z,,Up,"[""1"", ""0""]",0.999,2062.445792,15,0.4945,0.001,resolved,0x5ab0eea0f8e43ffba3e88f61e502138b3feb65c1100beab534f02d3003be54c8,https://data.chain.link/streams/sol-usd,,
xrp-updown-5m-1783803600,XRP,"XRP Up or Down - July 11, 5:00PM-5:05PM ET",2026-07-11T21:05:00Z,2026-07-11T21:00:00Z,,Up,"[""1"", ""0""]",0.999,796.1095650000001,,0.4945,0.001,resolved,0xced80b6ddc0680828544e2236529475167eaf25289f48d2c114cd7ff3c787946,https://data.chain.link/streams/xrp-usd,,
bnb-updown-5m-1783803900,BNB,"BNB Up or Down - July 11, 5:05PM-5:10PM ET",2026-07-11T21:10:00Z,2026-07-11T21:05:00Z,581.0408316218487,Down,"[""0"", ""1""]",0.31,566.626267,,-0.385,0.18,resolved,0xef47686f127f1c19250a706871bdfeb3a3f03c73ebbb5dae3843846900fe986f,https://data.chain.link/streams/bnb-usd,,
btc-updown-5m-1783803900,BTC,"Bitcoin Up or Down - July 11, 5:05PM-5:10PM ET",2026-07-11T21:10:00Z,2026-07-11T21:05:00Z,64383.89079,Down,"[""0"", ""1""]",0.01,36945.9341340001,,-0.49,0.01,resolved,0xba2e02168767d364186fa03d881f70c2e9587f7866ab6723e5d83b7a966daccb,https://data.chain.link/streams/btc-usd,,
doge-updown-5m-1783803900,DOGE,"Dogecoin Up or Down - July 11, 5:05PM-5:10PM ET",2026-07-11T21:10:00Z,2026-07-11T21:05:00Z,0.0751746,Up,"[""1"", ""0""]",0.99,1009.0191959999999,,-0.425,0.09,resolved,0xff221c8151772a52499dda7ac4ebdce1e52eca632ab2d6fbc666511c87938e05,https://data.chain.link/streams/doge-usd,,
eth-updown-5m-1783803900,ETH,"Ethereum Up or Down - July 11, 5:05PM-5:10PM ET",2026-07-11T21:10:00Z,2026-07-11T21:05:00Z,1827.1293782659723,Down,"[""0"", ""1""]",0.03,5771.318915999998,,-0.43,0.03,resolved,0x663dfb744bba4ddaa4a133b9715e8132c3dd4526f5c8f41178ab093cdb6db8ad,https://data.chain.link/streams/eth-usd,,
hype-updown-5m-1783803900,HYPE,"Hyperliquid Up or Down - July 11, 5:05PM-5:10PM ET",2026-07-11T21:10:00Z,2026-07-11T21:05:00Z,68.024013,Down,"[""0"", ""1""]",0.2,186.369856,,-0.445,0.09,resolved,0x8a99d5abae5bf806a6965a269c231296fe9541dd3b042c8e695d8c86745c486d,https://data.chain.link/streams/hype-usd,,
sol-updown-5m-1783803900,SOL,"Solana Up or Down - July 11, 5:05PM-5:10PM ET",2026-07-11T21:10:00Z,2026-07-11T21:05:00Z,78.21051185047958,Down,"[""0"", ""1""]",0.02,4561.318802,,-0.48,0.01,resolved,0xfb5e3755029c8917b1791ebda33183d22f295eb81d64c4546453805878210791,https://data.chain.link/streams/sol-usd,,
xrp-updown-5m-1783803900,XRP,"XRP Up or Down - July 11, 5:05PM-5:10PM ET",2026-07-11T21:10:00Z,2026-07-11T21:05:00Z,1.1152465391899211,Down,"[""0"", ""1""]",0.02,1478.608809,,-0.47,0.01,resolved,0x49df24fe69cbbcf14a6c776649b15249a58fccada439dc2d6e6d30953705f234,https://data.chain.link/streams/xrp-usd,,
bnb-updown-5m-1783804200,BNB,"BNB Up or Down - July 11, 5:10PM-5:15PM ET",2026-07-11T21:15:00Z,2026-07-11T21:10:00Z,580.9688927647728,Down,"[""0"", ""1""]",0.33,477.93388099999993,,-0.5,0.01,resolved,0x74fd38df2ad8cbf30b17d77c9d8012c581d4d217985aa2f21141329a4eeb6596,https://data.chain.link/streams/bnb-usd,,
btc-updown-5m-1783804200,BTC,"Bitcoin Up or Down - July 11, 5:10PM-5:15PM ET",2026-07-11T21:15:00Z,2026-07-11T21:10:00Z,64359.81349,Down,"[""0"", ""1""]",0.001,45773.15870900001,,-0.5045,0.001,resolved,0x2e6180ff891aad53581a0f700980bdc49313fccd6ee1061939c302f4860a08ba,https://data.chain.link/streams/btc-usd,,
doge-updown-5m-1783804200,DOGE,"Dogecoin Up or Down - July 11, 5:10PM-5:15PM ET",2026-07-11T21:15:00Z,2026-07-11T21:10:00Z,0.07518487324079991,Up,"[""1"", ""0""]",0.99,631.732466,,0.495,0.01,resolved,0xc369b9f36c16a490863d0db569a68969acfe7364aaa2fc5d5ac1c510c06643e9,https://data.chain.link/streams/doge-usd,,
eth-updown-5m-1783804200,ETH,"Ethereum Up or Down - July 11, 5:10PM-5:15PM ET",2026-07-11T21:15:00Z,2026-07-11T21:10:00Z,1826.9003150700194,Down,"[""0"", ""1""]",0.03,3927.136903000001,,-0.495,0.01,resolved,0x03e9440c4a2ed7a1bb58e1bbe6c76818c8ecb7f6dea55da3a26027254bae2486,https://data.chain.link/streams/eth-usd,,
hype-updown-5m-1783804200,HYPE,"Hyperliquid Up or Down - July 11, 5:10PM-5:15PM ET",2026-07-11T21:15:00Z,2026-07-11T21:10:00Z,68.013089,Down,"[""0"", ""1""]",0.1,146.58739999999997,,-0.495,0.01,resolved,0x50a0ae43b8f2cdf6e15e5da2a38dc9c88de9857dd6dfbbe24d84e74d4dd9d6c3,https://data.chain.link/streams/hype-usd,,
sol-updown-5m-1783804200,SOL,"Solana Up or Down - July 11, 5:10PM-5:15PM ET",2026-07-11T21:15:00Z,2026-07-11T21:10:00Z,78.18584551811891,Up,"[""1"", ""0""]",0.99,4239.581056000002,,0.49,0.01,resolved,0x47acda05edc8a5c825960b4f2c773ece8ebb3901a35d53bc591a992ada792317,https://data.chain.link/streams/sol-usd,,
xrp-updown-5m-1783804200,XRP,"XRP Up or Down - July 11, 5:10PM-5:15PM ET",2026-07-11T21:15:00Z,2026-07-11T21:10:00Z,1.1149494645715088,Up,"[""1"", ""0""]",0.99,1987.9083289999999,,0.49,0.01,resolved,0x067ee4b6de5fc5508e9d46a3734d081be1ad3e6bcc7b5326cc3b43dd9e04248c,https://data.chain.link/streams/xrp-usd,,
bnb-updown-5m-1783804500,BNB,"BNB Up or Down - July 11, 5:15PM-5:20PM ET",2026-07-11T21:20:00Z,2026-07-11T21:15:00Z,580.6680003163257,Up,"[""1"", ""0""]",0.99,223.68898399999998,,0.39,0.17,resolved,0x516d60fb2233a73b3597718b5a779a5c09f2d59b49680e813eed2c49070c8253,https://data.chain.link/streams/bnb-usd,,
btc-updown-5m-1783804500,BTC,"Bitcoin Up or Down - July 11, 5:15PM-5:20PM ET",2026-07-11T21:20:00Z,2026-07-11T21:15:00Z,64309.5872486303,Up,"[""1"", ""0""]",0.999,41751.329336999916,1.960783,0.48,0.01,resolved,0xf7705d5e978db610943171190f09b5a22baebd2965abbe84c0964a6933659826,https://data.chain.link/streams/btc-usd,,
doge-updown-5m-1783804500,DOGE,"Dogecoin Up or Down - July 11, 5:15PM-5:20PM ET",2026-07-11T21:20:00Z,2026-07-11T21:15:00Z,0.075231174,Down,"[""0"", ""1""]",0.16,520.157993,,-0.495,0.01,resolved,0xa2b02d467f7032400e012af863bf1bf672ce046c6801f61051702d9a21cbbe0d,https://data.chain.link/streams/doge-usd,,
eth-updown-5m-1783804500,ETH,"Ethereum Up or Down - July 11, 5:15PM-5:20PM ET",2026-07-11T21:20:00Z,2026-07-11T21:15:00Z,1825.4209173438985,Up,"[""1"", ""0""]",0.99,7155.421711999997,,0.45,0.03,resolved,0xc1eb44128841f39c5122d1259678eaeaa34c2b0e08b3c38f196dfb9579c93a3c,https://data.chain.link/streams/eth-usd,,
hype-updown-5m-1783804500,HYPE,"Hyperliquid Up or Down - July 11, 5:15PM-5:20PM ET",2026-07-11T21:20:00Z,2026-07-11T21:15:00Z,67.94882385049924,Down,"[""0"", ""1""]",0.2,216.51841299999998,,-0.495,0.01,resolved,0xc1aa1533c4b302fe89de75e2b3e54978567668bed51166787445396f51dea2d8,https://data.chain.link/streams/hype-usd,,
sol-updown-5m-1783804500,SOL,"Solana Up or Down - July 11, 5:15PM-5:20PM ET",2026-07-11T21:20:00Z,2026-07-11T21:15:00Z,78.232585,Down,"[""0"", ""1""]",0.03,4074.592845999997,,-0.485,0.02,resolved,0x6011d82ed45c2190cea4d91e4d3da434b207c8752a8cf3be1e2967287740550f,https://data.chain.link/streams/sol-usd,,
xrp-updown-5m-1783804500,XRP,"XRP Up or Down - July 11, 5:15PM-5:20PM ET",2026-07-11T21:20:00Z,2026-07-11T21:15:00Z,1.11511925,Down,"[""0"", ""1""]",0.01,2176.382926,,-0.475,0.02,resolved,0x53079b98b0266c218d427efaea3d119766abd5697704ef19eedd21697bda8467,https://data.chain.link/streams/xrp-usd,,
bnb-updown-5m-1783804800,BNB,"BNB Up or Down - July 11, 5:20PM-5:25PM ET",2026-07-11T21:25:00Z,2026-07-11T21:20:00Z,,Up,"[""1"", ""0""]",0.99,200.246587,,0.49,0.01,resolved,0x716da890a6646286d131b755baa10677a8bdf44abb9998d68eb3b0880802156d,https://data.chain.link/streams/bnb-usd,,
btc-updown-5m-1783804800,BTC,"Bitcoin Up or Down - July 11, 5:20PM-5:25PM ET",2026-07-11T21:25:00Z,2026-07-11T21:20:00Z,,Up,"[""1"", ""0""]",0.99,28885.91593999997,1.960783,0.49,0.01,resolved,0x035801b3a1fcf125c0feaf73a50632629e15285bbca7d45f2884eb76cb2875eb,https://data.chain.link/streams/btc-usd,,
doge-updown-5m-1783804800,DOGE,"Dogecoin Up or Down - July 11, 5:20PM-5:25PM ET",2026-07-11T21:25:00Z,2026-07-11T21:20:00Z,,Up,"[""1"", ""0""]",0.99,363.619727,,0.495,0.01,resolved,0x861869889fe3bcd368e9f1c0aa1e4f09129e3bbb23f82758325912195f4cf8e2,https://data.chain.link/streams/doge-usd,,
eth-updown-5m-1783804800,ETH,"Ethereum Up or Down - July 11, 5:20PM-5:25PM ET",2026-07-11T21:25:00Z,2026-07-11T21:20:00Z,,Up,"[""1"", ""0""]",0.99,6828.506713999999,,0.49,0.01,resolved,0xc4189e82f76eca5a8c84d20f460755460204f745d88280db25b8fa77054c7ccc,https://data.chain.link/streams/eth-usd,,
hype-updown-5m-1783804800,HYPE,"Hyperliquid Up or Down - July 11, 5:20PM-5:25PM ET",2026-07-11T21:25:00Z,2026-07-11T21:20:00Z,,Up,"[""1"", ""0""]",0.99,404.3342,,0.495,0.01,resolved,0xaccef8dbff047e6466b111b930ba305a21857cd5976141e7849cd7feb7ec5c8b,https://data.chain.link/streams/hype-usd,,
sol-updown-5m-1783804800,SOL,"Solana Up or Down - July 11, 5:20PM-5:25PM ET",2026-07-11T21:25:00Z,2026-07-11T21:20:00Z,,Up,"[""1"", ""0""]",0.99,2960.072182,,0.49,0.01,resolved,0x2fb16d2dd834a4e9664152776820771f6d461fa947b32b18cdb61fe92aff9a6b,https://data.chain.link/streams/sol-usd,,
xrp-updown-5m-1783804800,XRP,"XRP Up or Down - July 11, 5:20PM-5:25PM ET",2026-07-11T21:25:00Z,2026-07-11T21:20:00Z,,Down,"[""0"", ""1""]",0.1,1150.8942749999999,,-0.5,0.01,resolved,0x2ae8f6ca76e5f3c019a67a6fbd7d54e91509fc59a15c315c7edf46c630b9ec3c,https://data.chain.link/streams/xrp-usd,,
bnb-updown-5m-1783805100,BNB,"BNB Up or Down - July 11, 5:25PM-5:30PM ET",2026-07-11T21:30:00Z,2026-07-11T21:25:00Z,,Down,"[""0"", ""1""]",0.41,218.15009099999997,,-0.48,0.03,resolved,0x6f7ed969668c9f1bb5a22b9f2e1b372dec0c39dadb7edce0ecc9cec2ec81a581,https://data.chain.link/streams/bnb-usd,,
btc-updown-5m-1783805100,BTC,"Bitcoin Up or Down - July 11, 5:25PM-5:30PM ET",2026-07-11T21:30:00Z,2026-07-11T21:25:00Z,,Down,"[""0"", ""1""]",0.01,34339.147376,1.960783,-0.49,0.01,resolved,0xad27ee7475efb28ebf5a2db6c3eab7e2a7e023aa74a614891af2b51f3bda5736,https://data.chain.link/streams/btc-usd,,
doge-updown-5m-1783805100,DOGE,"Dogecoin Up or Down - July 11, 5:25PM-5:30PM ET",2026-07-11T21:30:00Z,2026-07-11T21:25:00Z,,Down,"[""0"", ""1""]",0.21,818.5511489999999,,-0.185,0.01,resolved,0xb6a1f3522dead6d84d1f5d67534160a21fb8f830af4f5255a590ecd934a20319,https://data.chain.link/streams/doge-usd,,
eth-updown-5m-1783805100,ETH,"Ethereum Up or Down - July 11, 5:25PM-5:30PM ET",2026-07-11T21:30:00Z,2026-07-11T21:25:00Z,,Down,"[""0"", ""1""]",0.02,3920.9820890000015,,-0.5,0.008,resolved,0xef5fb85c5e1abb762fc3bd3ead3feb4b8a5e425ef1286445600d7b62daa7fa9d,https://data.chain.link/streams/eth-usd,,
hype-updown-5m-1783805100,HYPE,"Hyperliquid Up or Down - July 11, 5:25PM-5:30PM ET",2026-07-11T21:30:00Z,2026-07-11T21:25:00Z,,Down,"[""0"", ""1""]",0.48,323.429,,-0.185,0.19,resolved,0x8848178354642f5a7f430038f45ace059c9330477db71835a97f33fd7b8970c5,https://data.chain.link/streams/hype-usd,,
sol-updown-5m-1783805100,SOL,"Solana Up or Down - July 11, 5:25PM-5:30PM ET",2026-07-11T21:30:00Z,2026-07-11T21:25:00Z,,Down,"[""0"", ""1""]",0.01,2948.157405,,-0.46,0.01,resolved,0x288926f22adaa4acdaf165aad7a6755aae4534a996afd50e720fb2256bf0ddd3,https://data.chain.link/streams/sol-usd,,
xrp-updown-5m-1783805100,XRP,"XRP Up or Down - July 11, 5:25PM-5:30PM ET",2026-07-11T21:30:00Z,2026-07-11T21:25:00Z,,Down,"[""0"", ""1""]",0.01,2357.1661139999997,,-0.44,0.01,resolved,0x9cacb0d2722c88c9ad4674d30ca6c57b914b5c36b3fd7a64389323092ae469f5,https://data.chain.link/streams/xrp-usd,,
bnb-updown-5m-1783805400,BNB,"BNB Up or Down - July 11, 5:30PM-5:35PM ET",2026-07-11T21:35:00Z,2026-07-11T21:30:00Z,,Down,"[""0"", ""1""]",0.56,749.562512,,-0.5,0.01,resolved,0x94e16e3bed19c3f9f64d7c089a47c4640a00f172d78bef75d28ee10dbd444e96,https://data.chain.link/streams/bnb-usd,,
btc-updown-5m-1783805400,BTC,"Bitcoin Up or Down - July 11, 5:30PM-5:35PM ET",2026-07-11T21:35:00Z,2026-07-11T21:30:00Z,,Down,"[""0"", ""1""]",0.01,42660.99878999997,,-0.5,0.01,resolved,0xcdf652b68cdb6e4ff326833a08936e251acc8f1b30213b2ca8b9997300967abf,https://data.chain.link/streams/btc-usd,,
doge-updown-5m-1783805400,DOGE,"Dogecoin Up or Down - July 11, 5:30PM-5:35PM ET",2026-07-11T21:35:00Z,2026-07-11T21:30:00Z,,Up,"[""1"", ""0""]",0.99,358.375943,,0.495,0.01,resolved,0xe2f230cce51c09e40630975a49604c7c3219052433321cadb592400f879372df,https://data.chain.link/streams/doge-usd,,
eth-updown-5m-1783805400,ETH,"Ethereum Up or Down - July 11, 5:30PM-5:35PM ET",2026-07-11T21:35:00Z,2026-07-11T21:30:00Z,,Down,"[""0"", ""1""]",0.04,5911.653022999996,,-0.5,0.01,resolved,0x736bdca7253a67bf85f32ce3837ff32792dd93c06d855fd238fc5dcfb49b17af,https://data.chain.link/streams/eth-usd,,
hype-updown-5m-1783805400,HYPE,"Hyperliquid Up or Down - July 11, 5:30PM-5:35PM ET",2026-07-11T21:35:00Z,2026-07-11T21:30:00Z,,Up,"[""1"", ""0""]",0.99,240.727242,,0.495,0.01,resolved,0x002c511c4a488db9ea786c7c67c84830854ee3be505f1871760501c7c0e4064a,https://data.chain.link/streams/hype-usd,,
sol-updown-5m-1783805400,SOL,"Solana Up or Down - July 11, 5:30PM-5:35PM ET",2026-07-11T21:35:00Z,2026-07-11T21:30:00Z,,Down,"[""0"", ""1""]",0.01,2851.2005669999994,,-0.5,0.01,resolved,0xfef4585110e1c081654831769282cd6e3f7ed5b2ae46fd55da96f40be99ce092,https://data.chain.link/streams/sol-usd,,
xrp-updown-5m-1783805400,XRP,"XRP Up or Down - July 11, 5:30PM-5:35PM ET",2026-07-11T21:35:00Z,2026-07-11T21:30:00Z,,Down,"[""0"", ""1""]",0.01,1560.3393599999993,,-0.5045,0.001,resolved,0xdf6c026222f81d6aaa6706704ff74bc89160f6398a939683868486c756786b90,https://data.chain.link/streams/xrp-usd,,
bnb-updown-5m-1783805700,BNB,"BNB Up or Down - July 11, 5:35PM-5:40PM ET",2026-07-11T21:40:00Z,2026-07-11T21:35:00Z,,Up,"[""1"", ""0""]",0.99,208.61131399999996,,0.33,0.25,resolved,0x0b57299d588985ac9c81f91f9050581777f5a974f1aa36e8060fc54f6dbc241c,https://data.chain.link/streams/bnb-usd,,
btc-updown-5m-1783805700,BTC,"Bitcoin Up or Down - July 11, 5:35PM-5:40PM ET",2026-07-11T21:40:00Z,2026-07-11T21:35:00Z,,Down,"[""0"", ""1""]",0.01,43313.14354,2,-0.325,0.02,resolved,0x171c62bfda44493162af5d0f1c828435897ff7c592bb51a59bc7ba366fef24bf,https://data.chain.link/streams/btc-usd,,
doge-updown-5m-1783805700,DOGE,"Dogecoin Up or Down - July 11, 5:35PM-5:40PM ET",2026-07-11T21:40:00Z,2026-07-11T21:35:00Z,,Up,"[""1"", ""0""]",0.99,456.398392,,0.495,0.01,resolved,0x7bb54d62e6e4f70764c63ee0be487227b3832efc84c949b9a9f0e0c1ca40d1a6,https://data.chain.link/streams/doge-usd,,
eth-updown-5m-1783805700,ETH,"Ethereum Up or Down - July 11, 5:35PM-5:40PM ET",2026-07-11T21:40:00Z,2026-07-11T21:35:00Z,,Down,"[""0"", ""1""]",0.01,7769.574489,,0.07,0.01,resolved,0xf7833cc93bd2e2f54fa87a35a0a604d9c5a7147609df3168ace64cd54f3dfeca,https://data.chain.link/streams/eth-usd,,
hype-updown-5m-1783805700,HYPE,"Hyperliquid Up or Down - July 11, 5:35PM-5:40PM ET",2026-07-11T21:40:00Z,2026-07-11T21:35:00Z,,Down,"[""0"", ""1""]",0.51,329.70728799999995,,-0.13,0.12,resolved,0x427ae00be9a6d86930b910aba2521f656bc2c360c39dec67304327684c3c5f92,https://data.chain.link/streams/hype-usd,,
sol-updown-5m-1783805700,SOL,"Solana Up or Down - July 11, 5:35PM-5:40PM ET",2026-07-11T21:40:00Z,2026-07-11T21:35:00Z,,Down,"[""0"", ""1""]",0.07,2641.5052999999994,,0.3,0.25,resolved,0x3624a2f536f1eaa7bbdddb10723460cd0ef94e1a202455620bcbb822edc84703,https://data.chain.link/streams/sol-usd,,
xrp-updown-5m-1783805700,XRP,"XRP Up or Down - July 11, 5:35PM-5:40PM ET",2026-07-11T21:40:00Z,2026-07-11T21:35:00Z,,Up,"[""1"", ""0""]",0.99,957.6537849999997,,0.48,0.01,resolved,0xac3cbfa11f0eb9fbeed18a5cb5335fcfd425a924b4d5cff5c054b96427558b43,https://data.chain.link/streams/xrp-usd,,
bnb-updown-5m-1783806000,BNB,"BNB Up or Down - July 11, 5:40PM-5:45PM ET",2026-07-11T21:45:00Z,2026-07-11T21:40:00Z,,Down,"[""0"", ""1""]",0.06,307.119329,,-0.5,0.01,resolved,0x8ac4ab9281f1d173e226a699b73edd2db69bd2a38d2112e5e8b669ce4c205be9,https://data.chain.link/streams/bnb-usd,,
btc-updown-5m-1783806000,BTC,"Bitcoin Up or Down - July 11, 5:40PM-5:45PM ET",2026-07-11T21:45:00Z,2026-07-11T21:40:00Z,,Down,"[""0"", ""1""]",0.01,54373.029764999854,2,-0.5,0.01,resolved,0x2d22896143a7f6dfa6beadd5fc9619462d3bf79bb0bee3cda8a16426937bdecd,https://data.chain.link/streams/btc-usd,,
doge-updown-5m-1783806000,DOGE,"Dogecoin Up or Down - July 11, 5:40PM-5:45PM ET",2026-07-11T21:45:00Z,2026-07-11T21:40:00Z,,Down,"[""0"", ""1""]",0.03,558.2006100000001,,-0.495,0.01,resolved,0x804961ec0841b129ebe504d80097c015b856e522267a7374d8196ef812d1931a,https://data.chain.link/streams/doge-usd,,
eth-updown-5m-1783806000,ETH,"Ethereum Up or Down - July 11, 5:40PM-5:45PM ET",2026-07-11T21:45:00Z,2026-07-11T21:40:00Z,,Down,"[""0"", ""1""]",0.02,7539.227513999998,,-0.5045,0.001,resolved,0xd10dd9eb51bcc770c1e53a71ff2336e45c89ac3bbaed1cfb40a3fa03fccebb91,https://data.chain.link/streams/eth-usd,,
hype-updown-5m-1783806000,HYPE,"Hyperliquid Up or Down - July 11, 5:40PM-5:45PM ET",2026-07-11T21:45:00Z,2026-07-11T21:40:00Z,,Up,"[""1"", ""0""]",0.99,199.604247,,0.495,0.01,resolved,0x9320bd095e86e5251cace7e95032e0ea38097af72087be0cac899063e5bfda76,https://data.chain.link/streams/hype-usd,,
sol-updown-5m-1783806000,SOL,"Solana Up or Down - July 11, 5:40PM-5:45PM ET",2026-07-11T21:45:00Z,2026-07-11T21:40:00Z,,Down,"[""0"", ""1""]",0.01,5880.485197000003,,-0.5045,0.001,resolved,0xb4a16dd4857a02a723fc1a5f620b1cd668c8cdfd445c5ef553f9a6a182875c82,https://data.chain.link/streams/sol-usd,,
xrp-updown-5m-1783806000,XRP,"XRP Up or Down - July 11, 5:40PM-5:45PM ET",2026-07-11T21:45:00Z,2026-07-11T21:40:00Z,,Up,"[""1"", ""0""]",0.99,1624.4584489999995,,0.49,0.01,resolved,0xf0a010bb09fe62ae03c7a0dcbff3e51e8ed6ed1fefb7a06a820ec5a17c08773e,https://data.chain.link/streams/xrp-usd,,
bnb-updown-5m-1783806300,BNB,"BNB Up or Down - July 11, 5:45PM-5:50PM ET",2026-07-11T21:50:00Z,2026-07-11T21:45:00Z,,Up,"[""1"", ""0""]",0.99,243.56002399999997,,0.39,0.17,resolved,0xe0b10a976899b665c77fafcfad2fbaa1115948ab7c4927fed43aaa38c0855ca1,https://data.chain.link/streams/bnb-usd,,
btc-updown-5m-1783806300,BTC,"Bitcoin Up or Down - July 11, 5:45PM-5:50PM ET",2026-07-11T21:50:00Z,2026-07-11T21:45:00Z,,Up,"[""1"", ""0""]",0.99,38387.43517099999,,0.46,0.01,resolved,0x3533f3bb8251d38ca12955224cd6bb94f8d21bda366ae7585d5ec7888eb897bd,https://data.chain.link/streams/btc-usd,,
doge-updown-5m-1783806300,DOGE,"Dogecoin Up or Down - July 11, 5:45PM-5:50PM ET",2026-07-11T21:50:00Z,2026-07-11T21:45:00Z,,Up,"[""1"", ""0""]",0.99,505.706838,,0.495,0.01,resolved,0x70a571714926483a07ce0d340961b89e5040425144b92343b9a70954eaf9634f,https://data.chain.link/streams/doge-usd,,
eth-updown-5m-1783806300,ETH,"Ethereum Up or Down - July 11, 5:45PM-5:50PM ET",2026-07-11T21:50:00Z,2026-07-11T21:45:00Z,,Up,"[""1"", ""0""]",0.99,6273.358375999996,,0.47,0.01,resolved,0xd2ee148d279a39e928f33baa04fd63f6d616121fc178ebb60201e43df79703fc,https://data.chain.link/streams/eth-usd,,
hype-updown-5m-1783806300,HYPE,"Hyperliquid Up or Down - July 11, 5:45PM-5:50PM ET",2026-07-11T21:50:00Z,2026-07-11T21:45:00Z,,Up,"[""1"", ""0""]",0.99,415.07057,,0.495,0.01,resolved,0x978dfef4a3fc09f0c98993ee8335ade097c8d1b0796c62db9e723cafaefa90ef,https://data.chain.link/streams/hype-usd,,
sol-updown-5m-1783806300,SOL,"Solana Up or Down - July 11, 5:45PM-5:50PM ET",2026-07-11T21:50:00Z,2026-07-11T21:45:00Z,,Up,"[""1"", ""0""]",0.99,4125.1421150000015,,0.49,0.01,resolved,0xeb4175bee885637cbe60282eeea928a140ea4a2b4ac1b3f7b3d04a2c8d3bbfcb,https://data.chain.link/streams/sol-usd,,
xrp-updown-5m-1783806300,XRP,"XRP Up or Down - July 11, 5:45PM-5:50PM ET",2026-07-11T21:50:00Z,2026-07-11T21:45:00Z,,Up,"[""1"", ""0""]",0.99,941.4482739999999,,0.49,0.01,resolved,0x605def52becf87c9cff4255227701e9a3bcc54463b0398752625d673da6ccf65,https://data.chain.link/streams/xrp-usd,,
bnb-updown-5m-1783806600,BNB,"BNB Up or Down - July 11, 5:50PM-5:55PM ET",2026-07-11T21:55:00Z,2026-07-11T21:50:00Z,580.69244,Up,"[""1"", ""0""]",0.99,269.04694,105.096151,0.49,0.01,resolved,0x7d32c0260eab4cc1f72e17160b6793ef04b24ba192eae1d9c7d877681b0c91fb,https://data.chain.link/streams/bnb-usd,,
btc-updown-5m-1783806600,BTC,"Bitcoin Up or Down - July 11, 5:50PM-5:55PM ET",2026-07-11T21:55:00Z,2026-07-11T21:50:00Z,64320.38569,Down,"[""0"", ""1""]",0.01,40344.83080199996,4775.465474,-0.5,0.01,resolved,0xc844c0e3a85e06755d2400d1106f5a068cabf31ca0d3f412eab77c0747183fce,https://data.chain.link/streams/btc-usd,,
doge-updown-5m-1783806600,DOGE,"Dogecoin Up or Down - July 11, 5:50PM-5:55PM ET",2026-07-11T21:55:00Z,2026-07-11T21:50:00Z,0.0752671,Down,"[""0"", ""1""]",0.1,473.8533019999999,101.960782,-0.495,0.01,resolved,0xdde4c450578208c4dd27be82efe6928a961a24189d959d9be228d07fac9ea00e,https://data.chain.link/streams/doge-usd,,
eth-updown-5m-1783806600,ETH,"Ethereum Up or Down - July 11, 5:50PM-5:55PM ET",2026-07-11T21:55:00Z,2026-07-11T21:50:00Z,1822.8095310851888,Up,"[""1"", ""0""]",0.99,5225.682444999996,1744.777249,0.49,0.01,resolved,0x347d6bd803c5daf226862a1267e11e688d511e60252838872626f6c0620baf56,https://data.chain.link/streams/eth-usd,,
hype-updown-5m-1783806600,HYPE,"Hyperliquid Up or Down - July 11, 5:50PM-5:55PM ET",2026-07-11T21:55:00Z,2026-07-11T21:50:00Z,68.10203299999999,Down,"[""0"", ""1""]",0.15,113.737152,100,-0.4995,0.001,resolved,0xabb44ef1d06dcdc811e89352f02ccfd2ff4a6ec8d70847342ed5cac7bcfb5575,https://data.chain.link/streams/hype-usd,,
sol-updown-5m-1783806600,SOL,"Solana Up or Down - July 11, 5:50PM-5:55PM ET",2026-07-11T21:55:00Z,2026-07-11T21:50:00Z,78.20901450000001,Down,"[""0"", ""1""]",0.01,4453.617159999996,500,-0.5,0.01,resolved,0x2cf9d9ff0da97a716e61a86b82369847b36a1ee0ac020afbcc56f0df97f3a51e,https://data.chain.link/streams/sol-usd,,
xrp-updown-5m-1783806600,XRP,"XRP Up or Down - July 11, 5:50PM-5:55PM ET",2026-07-11T21:55:00Z,2026-07-11T21:50:00Z,1.115402241134148,Down,"[""0"", ""1""]",0.09,1225.88847,455,-0.5,0.01,resolved,0xaa60c9845314e4b2e81e01d9c12cb0937db305015e4fae50b44e893834b2dc1a,https://data.chain.link/streams/xrp-usd,,
bnb-updown-5m-1783806900,BNB,"BNB Up or Down - July 11, 5:55PM-6:00PM ET",2026-07-11T22:00:00Z,2026-07-11T21:55:00Z,580.744,Up,"[""1"", ""0""]",0.99,306.606102,2.941175,-0.005,0.8,resolved,0xe4828f1df6045fecd909ba1f4e5470af5c343ae9f41ec37965e57b51d9656a5c,https://data.chain.link/streams/bnb-usd,,
btc-updown-5m-1783806900,BTC,"Bitcoin Up or Down - July 11, 5:55PM-6:00PM ET",2026-07-11T22:00:00Z,2026-07-11T21:55:00Z,64303.221695218206,Up,"[""1"", ""0""]",0.99,51007.763023999905,664.862744,0.45,0.01,resolved,0xfde405941fd883fa7320b779d7d66d52e7d8a9b917ece272780285b0edf43a29,https://data.chain.link/streams/btc-usd,,
doge-updown-5m-1783806900,DOGE,"Dogecoin Up or Down - July 11, 5:55PM-6:00PM ET",2026-07-11T22:00:00Z,2026-07-11T21:55:00Z,0.075146,Down,"[""0"", ""1""]",0.34,1309.8872450000001,,-0.085,0.01,resolved,0x575891cf8572ada5cdadc509188abb76fe8d60972acee7de2586621472d522dc,https://data.chain.link/streams/doge-usd,,
eth-updown-5m-1783806900,ETH,"Ethereum Up or Down - July 11, 5:55PM-6:00PM ET",2026-07-11T22:00:00Z,2026-07-11T21:55:00Z,1823.096568994088,Down,"[""0"", ""1""]",0.01,4512.926050999999,500,-0.445,0.02,resolved,0xc65871b298c7053a9bac7b3c2d6fa821e1f5bf4eef8f1b1bd7a58d416c29c110,https://data.chain.link/streams/eth-usd,,
hype-updown-5m-1783806900,HYPE,"Hyperliquid Up or Down - July 11, 5:55PM-6:00PM ET",2026-07-11T22:00:00Z,2026-07-11T21:55:00Z,67.964106618649,Up,"[""1"", ""0""]",0.99,259.968337,,0.4,0.16,resolved,0x2c20e17390e5f223dfd01747899024be61bfc378645f635f77abe799dd27437e,https://data.chain.link/streams/hype-usd,,
sol-updown-5m-1783806900,SOL,"Solana Up or Down - July 11, 5:55PM-6:00PM ET",2026-07-11T22:00:00Z,2026-07-11T21:55:00Z,78.19692523716044,Down,"[""0"", ""1""]",0.42,2976.170994999997,15,-0.39,0.17,resolved,0x067684b5170b4cf25bb6c938e56dfd0c18d5ceb963946907e470bdeee5114d15,https://data.chain.link/streams/sol-usd,,
xrp-updown-5m-1783806900,XRP,"XRP Up or Down - July 11, 5:55PM-6:00PM ET",2026-07-11T22:00:00Z,2026-07-11T21:55:00Z,1.1150226546397042,Down,"[""0"", ""1""]",0.12,1534.7999499999996,,-0.5,0.01,resolved,0xe879935162d7483f281cf4931dd53398fcb7de0f0518505ed66fe5e1f8cd5ab3,https://data.chain.link/streams/xrp-usd,,
bnb-updown-5m-1783807200,BNB,"BNB Up or Down - July 11, 6:00PM-6:05PM ET",2026-07-11T22:05:00Z,2026-07-11T22:00:00Z,580.78076,Down,"[""0"", ""1""]",0.08,477.370955,2.941175,-0.5,0.01,resolved,0x90ba6c8774f2699283f813f24a45cbf9b79f4a6db9283633b251c07948abd5d1,https://data.chain.link/streams/bnb-usd,,
btc-updown-5m-1783807200,BTC,"Bitcoin Up or Down - July 11, 6:00PM-6:05PM ET",2026-07-11T22:05:00Z,2026-07-11T22:00:00Z,64310.109435,Up,"[""1"", ""0""]",0.99,87183.01304299981,645.356861,0.49,0.01,resolved,0xee84ecd9332626730a51161172bdd9fb493a2b0bc716935df7c93c9deb1be1e1,https://data.chain.link/streams/btc-usd,,
doge-updown-5m-1783807200,DOGE,"Dogecoin Up or Down - July 11, 6:00PM-6:05PM ET",2026-07-11T22:05:00Z,2026-07-11T22:00:00Z,0.075140331,Down,"[""0"", ""1""]",0.01,1581.359901,,-0.495,0.01,resolved,0x21a27ad055d973e6208b1a84bcb41d7acbd1e88f50ef9fdd10de5b8fa275bfb5,https://data.chain.link/streams/doge-usd,,
eth-updown-5m-1783807200,ETH,"Ethereum Up or Down - July 11, 6:00PM-6:05PM ET",2026-07-11T22:05:00Z,2026-07-11T22:00:00Z,1822.716255,Down,"[""0"", ""1""]",0.01,4567.710671999998,500,-0.5,0.01,resolved,0x2a10b9517ca03fb87f4b461c88491b763b3933fabb92d4aa36313ae69f3fdd5c,https://data.chain.link/streams/eth-usd,,
hype-updown-5m-1783807200,HYPE,"Hyperliquid Up or Down - July 11, 6:00PM-6:05PM ET",2026-07-11T22:05:00Z,2026-07-11T22:00:00Z,67.981566,Down,"[""0"", ""1""]",0.07,311.85844299999997,,-0.495,0.01,resolved,0x77e55e17d868e22ed1d5a0024a3444ac95d412f863bea680545d14ebf4f6624f,https://data.chain.link/streams/hype-usd,,
sol-updown-5m-1783807200,SOL,"Solana Up or Down - July 11, 6:00PM-6:05PM ET",2026-07-11T22:05:00Z,2026-07-11T22:00:00Z,78.17322064416089,Down,"[""0"", ""1""]",0.01,5349.568002999992,15,-0.5,0.01,resolved,0xb3a9aef5f9ff27b12e3a3fa01ca47d969f9d4abcd1371f784c623fcd484fb6ed,https://data.chain.link/streams/sol-usd,,
xrp-updown-5m-1783807200,XRP,"XRP Up or Down - July 11, 6:00PM-6:05PM ET",2026-07-11T22:05:00Z,2026-07-11T22:00:00Z,1.1140844487566315,Down,"[""0"", ""1""]",0.01,1866.3450480000006,,-0.5,0.01,resolved,0xd43d643810a297268c8341adff409cc4f9f0d8b50ae60214a782bbc681ae3cd2,https://data.chain.link/streams/xrp-usd,,
bnb-updown-5m-1783807500,BNB,"BNB Up or Down - July 11, 6:05PM-6:10PM ET",2026-07-11T22:10:00Z,2026-07-11T22:05:00Z,580.6476980394874,Up,"[""1"", ""0""]",0.99,283.798408,,-0.25,0.09,resolved,0x88df3c41f22a20b4a45d52420e50070f163f1032879773486169f17819d62c4b,https://data.chain.link/streams/bnb-usd,,
btc-updown-5m-1783807500,BTC,"Bitcoin Up or Down - July 11, 6:05PM-6:10PM ET",2026-07-11T22:10:00Z,2026-07-11T22:05:00Z,64316.550627623816,Up,"[""1"", ""0""]",0.99,89591.88539899996,21,0.44,0.01,resolved,0x41e283198529171cda972e02aba16bdfc47c71b9acb354d3402aadf8750d76a8,https://data.chain.link/streams/btc-usd,,
doge-updown-5m-1783807500,DOGE,"Dogecoin Up or Down - July 11, 6:05PM-6:10PM ET",2026-07-11T22:10:00Z,2026-07-11T22:05:00Z,0.07506281683954989,Up,"[""1"", ""0""]",0.99,643.5575769999998,,0.28,0.12,resolved,0xe4d2dfb3fbd13097ee54489b8afd9d9cf23948f374f31d51baf383916e01ecf2,https://data.chain.link/streams/doge-usd,,
eth-updown-5m-1783807500,ETH,"Ethereum Up or Down - July 11, 6:05PM-6:10PM ET",2026-07-11T22:10:00Z,2026-07-11T22:05:00Z,1821.696424831741,Down,"[""0"", ""1""]",0.2,6555.182529,,-0.46,0.01,resolved,0x5c235a715425eb729fbb42875f41dd6e69627d8f43b1156732ffa23722dd6be6,https://data.chain.link/streams/eth-usd,,
hype-updown-5m-1783807500,HYPE,"Hyperliquid Up or Down - July 11, 6:05PM-6:10PM ET",2026-07-11T22:10:00Z,2026-07-11T22:05:00Z,67.933488,Up,"[""1"", ""0""]",0.99,144.00719300000003,,0.445,0.07,resolved,0x22c508fd35fd3cfa54d79976f071aeb7b3bd9f489c6078eed47f0db46406a6d7,https://data.chain.link/streams/hype-usd,,
sol-updown-5m-1783807500,SOL,"Solana Up or Down - July 11, 6:05PM-6:10PM ET",2026-07-11T22:10:00Z,2026-07-11T22:05:00Z,78.14518736842058,Down,"[""0"", ""1""]",0.33,4108.1667199999965,2,-0.285,0.06,resolved,0x1523fc8fead50c223638a04387b651c3db2f20e5e5a1b90c6b6d5b5ad52276de,https://data.chain.link/streams/sol-usd,,
xrp-updown-5m-1783807500,XRP,"XRP Up or Down - July 11, 6:05PM-6:10PM ET",2026-07-11T22:10:00Z,2026-07-11T22:05:00Z,1.1127034698431115,Up,"[""1"", ""0""]",0.99,1859.0507689999995,,0.46,0.01,resolved,0x2bf94dd6b72098125441dde8e512afc1dbc24add8ee535b050bc75508fa047e1,https://data.chain.link/streams/xrp-usd,,
bnb-updown-5m-1783807800,BNB,"BNB Up or Down - July 11, 6:10PM-6:15PM ET",2026-07-11T22:15:00Z,2026-07-11T22:10:00Z,580.6536833374128,Up,"[""1"", ""0""]",0.999,192.208788,,0.4945,0.001,resolved,0xa71800dc4c1897ee5f173b52316a260230d0013d203c4fd99831d311fd59523b,https://data.chain.link/streams/bnb-usd,,
btc-updown-5m-1783807800,BTC,"Bitcoin Up or Down - July 11, 6:10PM-6:15PM ET",2026-07-11T22:15:00Z,2026-07-11T22:10:00Z,64336.918336368675,Down,"[""0"", ""1""]",0.01,82058.0150830001,21,-0.5,0.01,resolved,0x7668dc24ff31563361c4126a3206119aff2badbfc4438fc936bbdcd60c8f88af,https://data.chain.link/streams/btc-usd,,
doge-updown-5m-1783807800,DOGE,"Dogecoin Up or Down - July 11, 6:10PM-6:15PM ET",2026-07-11T22:15:00Z,2026-07-11T22:10:00Z,0.075078,Down,"[""0"", ""1""]",0.05,741.137306,,-0.495,0.01,resolved,0x2329e1df37dd65a51a802d08b76da275b68ba1b8557845d7613197939918a3ea,https://data.chain.link/streams/doge-usd,,
eth-updown-5m-1783807800,ETH,"Ethereum Up or Down - July 11, 6:10PM-6:15PM ET",2026-07-11T22:15:00Z,2026-07-11T22:10:00Z,1821.493907722071,Down,"[""0"", ""1""]",0.01,5967.391555000008,,-0.5,0.01,resolved,0xcb67fe88404532b6040a1e383154102f37871d8ccc5d42856c61b5016020f850,https://data.chain.link/streams/eth-usd,,
hype-updown-5m-1783807800,HYPE,"Hyperliquid Up or Down - July 11, 6:10PM-6:15PM ET",2026-07-11T22:15:00Z,2026-07-11T22:10:00Z,67.973393,Up,"[""1"", ""0""]",0.99,368.3117899999999,,0.495,0.01,resolved,0xbe32bebfeb4d959fe5c8dba20df08a79158d52f31132951a3ae3dac0599c5a64,https://data.chain.link/streams/hype-usd,,
sol-updown-5m-1783807800,SOL,"Solana Up or Down - July 11, 6:10PM-6:15PM ET",2026-07-11T22:15:00Z,2026-07-11T22:10:00Z,78.14426422947074,Up,"[""1"", ""0""]",0.99,3020.693627000002,2,0.49,0.01,resolved,0xa25a29f7a20f0364c6a2b13c16cb49da8095a5a6368da2b501e3751523229f6c,https://data.chain.link/streams/sol-usd,,
xrp-updown-5m-1783807800,XRP,"XRP Up or Down - July 11, 6:10PM-6:15PM ET",2026-07-11T22:15:00Z,2026-07-11T22:10:00Z,1.11325727167807,Down,"[""0"", ""1""]",0.01,1927.524209,,-0.5,0.01,resolved,0x4af7de5eb40ace8261eb206573ae4cb4712a050442226461438c00262d04265b,https://data.chain.link/streams/xrp-usd,,
bnb-updown-5m-1783808100,BNB,"BNB Up or Down - July 11, 6:15PM-6:20PM ET",2026-07-11T22:20:00Z,2026-07-11T22:15:00Z,581.3430000000001,Down,"[""0"", ""1""]",0.02,232.50719499999997,,-0.42,0.11,resolved,0x35d8a0ce4c26f9b1b0317a277df1bc98342268e5c98d8db95dedab374df90242,https://data.chain.link/streams/bnb-usd,,
btc-updown-5m-1783808100,BTC,"Bitcoin Up or Down - July 11, 6:15PM-6:20PM ET",2026-07-11T22:20:00Z,2026-07-11T22:15:00Z,64314.78270509255,Up,"[""1"", ""0""]",0.99,109570.65856700012,20,0.49,0.01,resolved,0x7622ab16f65e740d06b2d21dfd50b1cc746fee356d74bc22a045a9c714680cac,https://data.chain.link/streams/btc-usd,,
doge-updown-5m-1783808100,DOGE,"Dogecoin Up or Down - July 11, 6:15PM-6:20PM ET",2026-07-11T22:20:00Z,2026-07-11T22:15:00Z,0.07505,Down,"[""0"", ""1""]",0.08,484.4999940000001,,-0.495,0.01,resolved,0x24bab26c0d629f61e5eb474065d7d8b8cba17cf9f8b9bdae73efc79138ff65fc,https://data.chain.link/streams/doge-usd,,
eth-updown-5m-1783808100,ETH,"Ethereum Up or Down - July 11, 6:15PM-6:20PM ET",2026-07-11T22:20:00Z,2026-07-11T22:15:00Z,1821.330343804046,Down,"[""0"", ""1""]",0.01,6092.444637000004,,-0.5045,0.001,resolved,0x4070bafbd173bf53cc6d1d4c6761509df72231f3cbb9dcb101884aaebf89a137,https://data.chain.link/streams/eth-usd,,
hype-updown-5m-1783808100,HYPE,"Hyperliquid Up or Down - July 11, 6:15PM-6:20PM ET",2026-07-11T22:20:00Z,2026-07-11T22:15:00Z,67.9926,Down,"[""0"", ""1""]",0.1,365.1560669999999,,-0.485,0.01,resolved,0x5fc1b4285a952bd3016968615a7b6d684535616b5ba76719a2ea57d1c826794b,https://data.chain.link/streams/hype-usd,,
sol-updown-5m-1783808100,SOL,"Solana Up or Down - July 11, 6:15PM-6:20PM ET",2026-07-11T22:20:00Z,2026-07-11T22:15:00Z,78.162893,Down,"[""0"", ""1""]",0.01,4705.377389,,-0.5045,0.001,resolved,0x94ee718d1450c64747e13d71b840d157a2e00b63b3de106bd33d41e3ae74aa34,https://data.chain.link/streams/sol-usd,,
xrp-updown-5m-1783808100,XRP,"XRP Up or Down - July 11, 6:15PM-6:20PM ET",2026-07-11T22:20:00Z,2026-07-11T22:15:00Z,1.1126455,Up,"[""1"", ""0""]",0.99,1956.141421,,0.49,0.01,resolved,0xf1056ebb6229ac81b0d3e4b839d9ebad96ff8920cf400447c41f55a1034fb4df,https://data.chain.link/streams/xrp-usd,,
bnb-updown-5m-1783808400,BNB,"BNB Up or Down - July 11, 6:20PM-6:25PM ET",2026-07-11T22:25:00Z,2026-07-11T22:20:00Z,581.2166320154881,Down,"[""0"", ""1""]",0.01,312.938663,,-0.5045,0.001,resolved,0xcae38d4d7830c02ad2593223a238d1e400d3633ab9bcb289b96083b32727c8aa,https://data.chain.link/streams/bnb-usd,,
btc-updown-5m-1783808400,BTC,"Bitcoin Up or Down - July 11, 6:20PM-6:25PM ET",2026-07-11T22:25:00Z,2026-07-11T22:20:00Z,64315.69600226577,Down,"[""0"", ""1""]",0.001,96242.55893700005,20,-0.5045,0.001,resolved,0xd42186c38d2911126b5d08a25468ba650c25e17f0a0f80eb38ceae2e69564478,https://data.chain.link/streams/btc-usd,,
doge-updown-5m-1783808400,DOGE,"Dogecoin Up or Down - July 11, 6:20PM-6:25PM ET",2026-07-11T22:25:00Z,2026-07-11T22:20:00Z,0.07495934134190523,Down,"[""0"", ""1""]",0.01,302.735754,,-0.4995,0.001,resolved,0x0d28342d60ef84fc59be0a755c6c27a2de03da41ecf169752d7911d5f78fcdf5,https://data.chain.link/streams/doge-usd,,
eth-updown-5m-1783808400,ETH,"Ethereum Up or Down - July 11, 6:20PM-6:25PM ET",2026-07-11T22:25:00Z,2026-07-11T22:20:00Z,1818.9005319971336,Down,"[""0"", ""1""]",0.009,11345.350442000003,,-0.5045,0.001,resolved,0xc177a53ab4e3b7a783c30bdc056e9657f508706b91d76163472c863953c19227,https://data.chain.link/streams/eth-usd,,
hype-updown-5m-1783808400,HYPE,"Hyperliquid Up or Down - July 11, 6:20PM-6:25PM ET",2026-07-11T22:25:00Z,2026-07-11T22:20:00Z,67.9088237427205,Down,"[""0"", ""1""]",0.05,68.50926600000001,,-0.4995,0.001,resolved,0x6a66a30f33342c0f29640311fa29ddd0f064f9b32050c5089b52f6efd4a9392b,https://data.chain.link/streams/hype-usd,,
sol-updown-5m-1783808400,SOL,"Solana Up or Down - July 11, 6:20PM-6:25PM ET",2026-07-11T22:25:00Z,2026-07-11T22:20:00Z,78.03025549544162,Down,"[""0"", ""1""]",0.01,6077.174485000002,2,-0.5045,0.001,resolved,0xb287b1e95d3966e147db6e1b40f0718d01a51813526a3e5a44c627352ca92775,https://data.chain.link/streams/sol-usd,,
xrp-updown-5m-1783808400,XRP,"XRP Up or Down - July 11, 6:20PM-6:25PM ET",2026-07-11T22:25:00Z,2026-07-11T22:20:00Z,1.1128997399126084,Down,"[""0"", ""1""]",0.002,5613.488694000001,,-0.5045,0.001,resolved,0x8f5d9dc2648d729bb00d39886bea61c9dcb6e3e994f097e76d09c60141d9d56e,https://data.chain.link/streams/xrp-usd,,
bnb-updown-5m-1783808700,BNB,"BNB Up or Down - July 11, 6:25PM-6:30PM ET",2026-07-11T22:30:00Z,2026-07-11T22:25:00Z,580.26845,Down,"[""0"", ""1""]",0.1,4169.009688,,0.205,0.4,resolved,0xea5a4f759f3f5f7aabd8b7e21daac26171d3d8165858176f1e69827f24cdc5f6,https://data.chain.link/streams/bnb-usd,,
btc-updown-5m-1783808700,BTC,"Bitcoin Up or Down - July 11, 6:25PM-6:30PM ET",2026-07-11T22:30:00Z,2026-07-11T22:25:00Z,64256.75641619938,Down,"[""0"", ""1""]",0.01,63504.96800099978,,-0.5,0.01,resolved,0xd1417c7b99351362283b5b49c52c963887cf5f210f25e827adf60f0299bcc226,https://data.chain.link/streams/btc-usd,,
doge-updown-5m-1783808700,DOGE,"Dogecoin Up or Down - July 11, 6:25PM-6:30PM ET",2026-07-11T22:30:00Z,2026-07-11T22:25:00Z,0.07476829319954333,Down,"[""0"", ""1""]",0.11,733.9260560000002,,-0.355,0.01,resolved,0x5f23b38b4ab9835c577faae3cd0045384812dde0f34d5addbc67ff27b2bcb317,https://data.chain.link/streams/doge-usd,,
eth-updown-5m-1783808700,ETH,"Ethereum Up or Down - July 11, 6:25PM-6:30PM ET",2026-07-11T22:30:00Z,2026-07-11T22:25:00Z,1812.861973828183,Down,"[""0"", ""1""]",0.01,7803.3107310000005,1.960783,-0.12,0.05,resolved,0x4626da81cfec1188574d62450f2f35e464bfa8862f4cb8fdd4f3f0b47e0890d9,https://data.chain.link/streams/eth-usd,,
hype-updown-5m-1783808700,HYPE,"Hyperliquid Up or Down - July 11, 6:25PM-6:30PM ET",2026-07-11T22:30:00Z,2026-07-11T22:25:00Z,67.73490012610205,Down,"[""0"", ""1""]",0.27,204.03798500000002,,-0.08,0.1,resolved,0x8914ef3477e453844fde4b717f4ee8cbb55825a8f01d04d9522aebaa0c49288c,https://data.chain.link/streams/hype-usd,,
sol-updown-5m-1783808700,SOL,"Solana Up or Down - July 11, 6:25PM-6:30PM ET",2026-07-11T22:30:00Z,2026-07-11T22:25:00Z,77.81461921322348,Up,"[""1"", ""0""]",0.99,4337.733172,,0.49,0.01,resolved,0x5393ef2e0dd1a8fcb63cb46fc37675a82c928f1ff3506df3b770594909164e55,https://data.chain.link/streams/sol-usd,,
xrp-updown-5m-1783808700,XRP,"XRP Up or Down - July 11, 6:25PM-6:30PM ET",2026-07-11T22:30:00Z,2026-07-11T22:25:00Z,1.1090149197353238,Down,"[""0"", ""1""]",0.31,1737.6082680000002,,-0.18,0.01,resolved,0x13992dff78f6660713ee896baa78ab8693592f981a2fa2497bc9400faeda20f6,https://data.chain.link/streams/xrp-usd,,
bnb-updown-5m-1783809000,BNB,"BNB Up or Down - July 11, 6:30PM-6:35PM ET",2026-07-11T22:35:00Z,2026-07-11T22:30:00Z,,Up,"[""1"", ""0""]",0.999,230.06735199999997,,0.4945,0.001,resolved,0x12aaabc9f1b6cff957f231cdc124fca74a9ffea8581e0c337e811f58a7f578f6,https://data.chain.link/streams/bnb-usd,,
btc-updown-5m-1783809000,BTC,"Bitcoin Up or Down - July 11, 6:30PM-6:35PM ET",2026-07-11T22:35:00Z,2026-07-11T22:30:00Z,,Up,"[""1"", ""0""]",0.999,42170.25489899997,1.960783,0.4945,0.001,resolved,0x92803c7bdd7ba5b31dc50a3c37fb5864058c51b088e6b399ccc423f72757079a,https://data.chain.link/streams/btc-usd,,
doge-updown-5m-1783809000,DOGE,"Dogecoin Up or Down - July 11, 6:30PM-6:35PM ET",2026-07-11T22:35:00Z,2026-07-11T22:30:00Z,,Up,"[""1"", ""0""]",0.99,617.566994,,0.495,0.01,resolved,0xa7f4db331f386b0dc4196528020452b6338910b5689af2b234c296e6e3464ee2,https://data.chain.link/streams/doge-usd,,
eth-updown-5m-1783809000,ETH,"Ethereum Up or Down - July 11, 6:30PM-6:35PM ET",2026-07-11T22:35:00Z,2026-07-11T22:30:00Z,,Up,"[""1"", ""0""]",0.99,4408.536138000001,,0.4945,0.001,resolved,0x6bcde4c302950ad1e311798687272911b072564e8fad1bb127a63b69690fbc21,https://data.chain.link/streams/eth-usd,,
hype-updown-5m-1783809000,HYPE,"Hyperliquid Up or Down - July 11, 6:30PM-6:35PM ET",2026-07-11T22:35:00Z,2026-07-11T22:30:00Z,,Up,"[""1"", ""0""]",0.999,199.49946599999998,,0.4995,0.001,resolved,0xfa1390456c1ef57664cc7c8f8bd8f80ecd72edc81bc36e35df3f1b963e733d45,https://data.chain.link/streams/hype-usd,,
sol-updown-5m-1783809000,SOL,"Solana Up or Down - July 11, 6:30PM-6:35PM ET",2026-07-11T22:35:00Z,2026-07-11T22:30:00Z,,Up,"[""1"", ""0""]",0.99,5222.060406000002,,0.49,0.01,resolved,0x4d56adf4031043778146b878f487774f82be24e5462f0f0b3e7c9f91607e4645,https://data.chain.link/streams/sol-usd,,
xrp-updown-5m-1783809000,XRP,"XRP Up or Down - July 11, 6:30PM-6:35PM ET",2026-07-11T22:35:00Z,2026-07-11T22:30:00Z,,Up,"[""1"", ""0""]",0.999,2295.658321,,0.4945,0.001,resolved,0x9917458ec4ddf44b07c245bf68bdd9bfccc59a5128d570ff82eff471c62ec8e2,https://data.chain.link/streams/xrp-usd,,
bnb-updown-5m-1783809300,BNB,"BNB Up or Down - July 11, 6:35PM-6:40PM ET",2026-07-11T22:40:00Z,2026-07-11T22:35:00Z,580.5934539203379,Down,"[""0"", ""1""]",0.28,283.960377,,-0.5,0.01,resolved,0xd6559922191836b56ce428c3ad9b09523f326c79405eeb9a9953a82051cdbbbc,https://data.chain.link/streams/bnb-usd,,
btc-updown-5m-1783809300,BTC,"Bitcoin Up or Down - July 11, 6:35PM-6:40PM ET",2026-07-11T22:40:00Z,2026-07-11T22:35:00Z,64245.77623087564,Down,"[""0"", ""1""]",0.01,54143.48824500001,,-0.5,0.01,resolved,0x0d6383c9e40db793c2347aba701132e714b1eb0e16a7774167ef1965d25f77a2,https://data.chain.link/streams/btc-usd,,
doge-updown-5m-1783809300,DOGE,"Dogecoin Up or Down - July 11, 6:35PM-6:40PM ET",2026-07-11T22:40:00Z,2026-07-11T22:35:00Z,0.07479289016405642,Down,"[""0"", ""1""]",0.1,519.56529,,-0.485,0.01,resolved,0x4975b7b1bc8af69ee627c76dd2f70541d664d5f08dcce4207ff4205e3308b3c7,https://data.chain.link/streams/doge-usd,,
eth-updown-5m-1783809300,ETH,"Ethereum Up or Down - July 11, 6:35PM-6:40PM ET",2026-07-11T22:40:00Z,2026-07-11T22:35:00Z,1815.3249969213994,Down,"[""0"", ""1""]",0.03,10838.157486000013,,-0.5,0.01,resolved,0xada30ba3c52d4edc37ee532950bb8367bc7ba225fff2d37c909cc3e6a8173980,https://data.chain.link/streams/eth-usd,,
hype-updown-5m-1783809300,HYPE,"Hyperliquid Up or Down - July 11, 6:35PM-6:40PM ET",2026-07-11T22:40:00Z,2026-07-11T22:35:00Z,67.8377,Down,"[""0"", ""1""]",0.06,210.25,,-0.495,0.01,resolved,0x857d1eb27eaebfa39280088a90c759f0a678e147f7397712e2f7ea0a68789297,https://data.chain.link/streams/hype-usd,,
sol-updown-5m-1783809300,SOL,"Solana Up or Down - July 11, 6:35PM-6:40PM ET",2026-07-11T22:40:00Z,2026-07-11T22:35:00Z,77.94498940304636,Down,"[""0"", ""1""]",0.01,3959.2544259999995,,-0.5,0.01,resolved,0x5ccf4b5916d41c7865ae60eb2433ef92d42510b76b93b50279315da88066aedd,https://data.chain.link/streams/sol-usd,,
xrp-updown-5m-1783809300,XRP,"XRP Up or Down - July 11, 6:35PM-6:40PM ET",2026-07-11T22:40:00Z,2026-07-11T22:35:00Z,1.1102106069626545,Down,"[""0"", ""1""]",0.09,2112.865113,1.960783,-0.5,0.01,resolved,0x57cd7dda9feb53d99a8f2015417efba971e68df7157fdf400ebf1159c12292ce,https://data.chain.link/streams/xrp-usd,,
bnb-updown-5m-1783809600,BNB,"BNB Up or Down - July 11, 6:40PM-6:45PM ET",2026-07-11T22:45:00Z,2026-07-11T22:40:00Z,579.6733001726069,Up,"[""1"", ""0""]",0.99,211.834476,,0.49,0.01,resolved,0xa9c35e41f26bb26e69fcedf34548f329f47a4a0a7037ef08e854da48e30ff740,https://data.chain.link/streams/bnb-usd,,
btc-updown-5m-1783809600,BTC,"Bitcoin Up or Down - July 11, 6:40PM-6:45PM ET",2026-07-11T22:45:00Z,2026-07-11T22:40:00Z,64171.14495416105,Up,"[""1"", ""0""]",0.99,80571.3997369998,,0.49,0.01,resolved,0x173713fbc0ce7df71f36d102d566963252434118b5879ec7b869789f63296ecf,https://data.chain.link/streams/btc-usd,,
doge-updown-5m-1783809600,DOGE,"Dogecoin Up or Down - July 11, 6:40PM-6:45PM ET",2026-07-11T22:45:00Z,2026-07-11T22:40:00Z,0.074704,Down,"[""0"", ""1""]",0.13,741.491744,,-0.495,0.01,resolved,0x65bcc796ad285eb8884d6eb26c13db832818b95bceceb71335ef33f0ac943374,https://data.chain.link/streams/doge-usd,,
eth-updown-5m-1783809600,ETH,"Ethereum Up or Down - July 11, 6:40PM-6:45PM ET",2026-07-11T22:45:00Z,2026-07-11T22:40:00Z,1811.808693998161,Up,"[""1"", ""0""]",0.99,5192.579762000003,,0.4945,0.001,resolved,0x5e61d77eda0089dbed481d9ebdb7892ab4adbb5cb7267afc92b1af1baa473653,https://data.chain.link/streams/eth-usd,,
hype-updown-5m-1783809600,HYPE,"Hyperliquid Up or Down - July 11, 6:40PM-6:45PM ET",2026-07-11T22:45:00Z,2026-07-11T22:40:00Z,67.70334487287512,Down,"[""0"", ""1""]",0.5,525.7477190000001,,-0.495,0.01,resolved,0xa5c55a4df3de89c683e82d6e282c5de0275655ec08a12fcb6b86763e6f83c8cb,https://data.chain.link/streams/hype-usd,,
sol-updown-5m-1783809600,SOL,"Solana Up or Down - July 11, 6:40PM-6:45PM ET",2026-07-11T22:45:00Z,2026-07-11T22:40:00Z,77.82487229636928,Up,"[""1"", ""0""]",0.999,2051.770228999999,,0.4945,0.001,resolved,0x340fb5a043dca11e33deb157f2e22445bf2901c057e250c1b50be9bb4bf22de3,https://data.chain.link/streams/sol-usd,,
xrp-updown-5m-1783809600,XRP,"XRP Up or Down - July 11, 6:40PM-6:45PM ET",2026-07-11T22:45:00Z,2026-07-11T22:40:00Z,1.1079918514254496,Up,"[""1"", ""0""]",0.99,882.6002859999998,1.960783,0.49,0.01,resolved,0x7418d0a02e49d5104e125eb2de8c2e177e04d6bc14cdd8c6ef1f05b1b7201dd9,https://data.chain.link/streams/xrp-usd,,
bnb-updown-5m-1783809900,BNB,"BNB Up or Down - July 11, 6:45PM-6:50PM ET",2026-07-11T22:50:00Z,2026-07-11T22:45:00Z,579.7899641393217,Down,"[""0"", ""1""]",0.07,130.614174,,-0.02,0.83,resolved,0x64e8c74e13c2530948e220e2aecaa8d794dbbea0e69573e073c662c5fe389431,https://data.chain.link/streams/bnb-usd,,
btc-updown-5m-1783809900,BTC,"Bitcoin Up or Down - July 11, 6:45PM-6:50PM ET",2026-07-11T22:50:00Z,2026-07-11T22:45:00Z,64172.00441141269,Down,"[""0"", ""1""]",0.01,46608.61194200005,,-0.5,0.01,resolved,0xf5d50cfca80de395752fd4f03ac9aaaa00d3c75aa654e65b8596082d3e197149,https://data.chain.link/streams/btc-usd,,
doge-updown-5m-1783809900,DOGE,"Dogecoin Up or Down - July 11, 6:45PM-6:50PM ET",2026-07-11T22:50:00Z,2026-07-11T22:45:00Z,0.0746418,Down,"[""0"", ""1""]",0.03,530.510515,,-0.465,0.01,resolved,0x8262d427c79b4eccda39200b037c1d88d15906a553d1935a68dcfed81be215e3,https://data.chain.link/streams/doge-usd,,
eth-updown-5m-1783809900,ETH,"Ethereum Up or Down - July 11, 6:45PM-6:50PM ET",2026-07-11T22:50:00Z,2026-07-11T22:45:00Z,1814.35208,Down,"[""0"", ""1""]",0.03,4459.096019000002,,-0.5,0.01,resolved,0xad17fe4f7978a9db4a10fcf22f8133471cddf016d0d46d5f5ce3eb6156e803c8,https://data.chain.link/streams/eth-usd,,
hype-updown-5m-1783809900,HYPE,"Hyperliquid Up or Down - July 11, 6:45PM-6:50PM ET",2026-07-11T22:50:00Z,2026-07-11T22:45:00Z,67.68400679973612,Down,"[""0"", ""1""]",0.22,71.95185000000002,,-0.445,0.07,resolved,0x67c1846775a94b19b84cb6f75608c7ff80114ed9a546ebe7aca254d53e445aaf,https://data.chain.link/streams/hype-usd,,
sol-updown-5m-1783809900,SOL,"Solana Up or Down - July 11, 6:45PM-6:50PM ET",2026-07-11T22:50:00Z,2026-07-11T22:45:00Z,77.91161639190834,Down,"[""0"", ""1""]",0.02,2180.9881849999992,,-0.5,0.01,resolved,0x4000814e8ce851e4026a877537213851edc9385c6d5a54d38e62b0cbb069b79d,https://data.chain.link/streams/sol-usd,,
xrp-updown-5m-1783809900,XRP,"XRP Up or Down - July 11, 6:45PM-6:50PM ET",2026-07-11T22:50:00Z,2026-07-11T22:45:00Z,1.108915013681671,Down,"[""0"", ""1""]",0.07,1231.8465709999998,1.960783,-0.5,0.01,resolved,0xc490cf21568b5424af2e3967da7d606e9108d5b04ac06d7dc7ed4c4ef50adc23,https://data.chain.link/streams/xrp-usd,,
bnb-updown-5m-1783810200,BNB,"BNB Up or Down - July 11, 6:50PM-6:55PM ET",2026-07-11T22:55:00Z,2026-07-11T22:50:00Z,579.51339,Up,"[""1"", ""0""]",0.98,337.903098,100,0.49,0.01,resolved,0x54fd3f4b853a0dec626abeb1387864eb66a9cea962ed45107a8443c4132ea5a6,https://data.chain.link/streams/bnb-usd,,
btc-updown-5m-1783810200,BTC,"Bitcoin Up or Down - July 11, 6:50PM-6:55PM ET",2026-07-11T22:55:00Z,2026-07-11T22:50:00Z,64116.51194167617,Up,"[""1"", ""0""]",0.99,55196.948173999896,9090.81769,0.49,0.01,resolved,0xff3882b4418240544e3883d70679839f24a3ef7b75eb5ea524a384efc8e00873,https://data.chain.link/streams/btc-usd,,
doge-updown-5m-1783810200,DOGE,"Dogecoin Up or Down - July 11, 6:50PM-6:55PM ET",2026-07-11T22:55:00Z,2026-07-11T22:50:00Z,0.0745904,Down,"[""0"", ""1""]",0.31,613.596756,151.972724,-0.495,0.01,resolved,0xc17d2b452b9e72e8143a967f08e9ee368e86b6cd37352186726b8334f890ccf3,https://data.chain.link/streams/doge-usd,,
eth-updown-5m-1783810200,ETH,"Ethereum Up or Down - July 11, 6:50PM-6:55PM ET",2026-07-11T22:55:00Z,2026-07-11T22:50:00Z,1812.175354114652,Down,"[""0"", ""1""]",0.01,4463.976550000006,2066.914405,-0.5,0.01,resolved,0x078409f9e34087548cfd48b21caa8121239b6f869ec3136a2f273bd55fe1e2d1,https://data.chain.link/streams/eth-usd,,
hype-updown-5m-1783810200,HYPE,"Hyperliquid Up or Down - July 11, 6:50PM-6:55PM ET",2026-07-11T22:55:00Z,2026-07-11T22:50:00Z,67.6292664302905,Down,"[""0"", ""1""]",0.24,102.345974,100,-0.495,0.01,resolved,0xd74621d22c2003622c6a2055008ca61fadba672e27cc81669f6bf11a06cb1723,https://data.chain.link/streams/hype-usd,,
sol-updown-5m-1783810200,SOL,"Solana Up or Down - July 11, 6:50PM-6:55PM ET",2026-07-11T22:55:00Z,2026-07-11T22:50:00Z,77.8096971222691,Down,"[""0"", ""1""]",0.29,1626.3881770000005,533.215383,-0.5,0.01,resolved,0x605e22085a28ce2d5ef8d97cebaccc3af77b74d6576a2758e1dc4ce11f1c48ea,https://data.chain.link/streams/sol-usd,,
xrp-updown-5m-1783810200,XRP,"XRP Up or Down - July 11, 6:50PM-6:55PM ET",2026-07-11T22:55:00Z,2026-07-11T22:50:00Z,1.10807775,Up,"[""1"", ""0""]",0.99,1321.658895,450,0.49,0.01,resolved,0xbb46cd011c06df1ee1c6d8aea98ad956713935b79ae016e9e2e947be6f2bd50b,https://data.chain.link/streams/xrp-usd,,
bnb-updown-5m-1783810500,BNB,"BNB Up or Down - July 11, 6:55PM-7:00PM ET",2026-07-11T23:00:00Z,2026-07-11T22:55:00Z,579.5842441590839,Up,"[""1"", ""0""]",0.99,125.664803,,0.4945,0.001,resolved,0x9d67630a2c1f3aee870d6a6ff6a4d0098fa0487ece6fb1e8416fb5dfbcde897a,https://data.chain.link/streams/bnb-usd,,
btc-updown-5m-1783810500,BTC,"Bitcoin Up or Down - July 11, 6:55PM-7:00PM ET",2026-07-11T23:00:00Z,2026-07-11T22:55:00Z,64119.782804454946,Up,"[""1"", ""0""]",0.99,39404.04534799996,634.117644,0.49,0.01,resolved,0x6ed9291fcb609e416637b228c9fa8d5f94a130dc86075be6032a16a594dd377a,https://data.chain.link/streams/btc-usd,,
doge-updown-5m-1783810500,DOGE,"Dogecoin Up or Down - July 11, 6:55PM-7:00PM ET",2026-07-11T23:00:00Z,2026-07-11T22:55:00Z,0.074574,Up,"[""1"", ""0""]",0.99,399.911097,,0.47,0.02,resolved,0x3ffa24d42fd31ef8a6f5a27885e91e3162dfa1d79ba74ed20e4efdc5b43ca8e2,https://data.chain.link/streams/doge-usd,,
eth-updown-5m-1783810500,ETH,"Ethereum Up or Down - July 11, 6:55PM-7:00PM ET",2026-07-11T23:00:00Z,2026-07-11T22:55:00Z,1811.0679631316239,Up,"[""1"", ""0""]",0.99,16729.879856999996,500,0.49,0.01,resolved,0xad765436ccf2b470984434907f221c0b9a0fa914c1a5242f799aa7cd58d2e9de,https://data.chain.link/streams/eth-usd,,
hype-updown-5m-1783810500,HYPE,"Hyperliquid Up or Down - July 11, 6:55PM-7:00PM ET",2026-07-11T23:00:00Z,2026-07-11T22:55:00Z,67.6061,Down,"[""0"", ""1""]",0.71,290.782529,,-0.05,0.3,resolved,0x2bec3ccd2767e476a46f2f52079cfa23644c3b64fd907bce98fafd304eca1cb5,https://data.chain.link/streams/hype-usd,,
sol-updown-5m-1783810500,SOL,"Solana Up or Down - July 11, 6:55PM-7:00PM ET",2026-07-11T23:00:00Z,2026-07-11T22:55:00Z,77.79049871565454,Up,"[""1"", ""0""]",0.99,2340.759991999999,17,0.48,0.01,resolved,0x6c7af3a558c0037f87b9c09a19e3974ac153ff31a541827013ccb514f25a290e,https://data.chain.link/streams/sol-usd,,
xrp-updown-5m-1783810500,XRP,"XRP Up or Down - July 11, 6:55PM-7:00PM ET",2026-07-11T23:00:00Z,2026-07-11T22:55:00Z,1.1082580683475247,Up,"[""1"", ""0""]",0.99,1755.7479109999997,,0.34,0.03,resolved,0xf15e8e2b5d2345bc85264f8614b0569980c76b8d5dcf458fa457505ef2209365,https://data.chain.link/streams/xrp-usd,,
bnb-updown-5m-1783810800,BNB,"BNB Up or Down - July 11, 7:00PM-7:05PM ET",2026-07-11T23:05:00Z,2026-07-11T23:00:00Z,,Up,"[""1"", ""0""]",0.99,180.22474599999998,,0.4945,0.001,resolved,0xe23b80c8eb57a499b2c891566eb61e1322d564edf986006d0cbff8fee19006d5,https://data.chain.link/streams/bnb-usd,,
btc-updown-5m-1783810800,BTC,"Bitcoin Up or Down - July 11, 7:00PM-7:05PM ET",2026-07-11T23:05:00Z,2026-07-11T23:00:00Z,,Up,"[""1"", ""0""]",0.999,39439.87773899996,615,0.4945,0.001,resolved,0xe16e06044744434d03d1d14d05231d8415fb16648235a6e72a8314fe34f2cae3,https://data.chain.link/streams/btc-usd,,
doge-updown-5m-1783810800,DOGE,"Dogecoin Up or Down - July 11, 7:00PM-7:05PM ET",2026-07-11T23:05:00Z,2026-07-11T23:00:00Z,,Up,"[""1"", ""0""]",0.99,520.137613,,0.495,0.01,resolved,0x22257b1e7aeaffd5ee5c4cbdf2050379d738e27d187779c3b6a70521a65d6b15,https://data.chain.link/streams/doge-usd,,
eth-updown-5m-1783810800,ETH,"Ethereum Up or Down - July 11, 7:00PM-7:05PM ET",2026-07-11T23:05:00Z,2026-07-11T23:00:00Z,,Up,"[""1"", ""0""]",0.99,5987.620743,500,0.4945,0.001,resolved,0xe8611f50b360fa5eb87e7fc5691768c56f35ce3a3b6022cd74f9f780aee3310c,https://data.chain.link/streams/eth-usd,,
hype-updown-5m-1783810800,HYPE,"Hyperliquid Up or Down - July 11, 7:00PM-7:05PM ET",2026-07-11T23:05:00Z,2026-07-11T23:00:00Z,,Up,"[""1"", ""0""]",0.99,185.061496,,0.4995,0.001,resolved,0x98114b0717215c0056662e940843bb82e0f7df88ae05c08b678c33b621526915,https://data.chain.link/streams/hype-usd,,
sol-updown-5m-1783810800,SOL,"Solana Up or Down - July 11, 7:00PM-7:05PM ET",2026-07-11T23:05:00Z,2026-07-11T23:00:00Z,,Up,"[""1"", ""0""]",0.99,3141.864885999997,15,0.49,0.01,resolved,0xaa4608b34e0da26cddf4e0b7c72a58f330ad9aedf9a4d8d0398a61ca0bb1c952,https://data.chain.link/streams/sol-usd,,
xrp-updown-5m-1783810800,XRP,"XRP Up or Down - July 11, 7:00PM-7:05PM ET",2026-07-11T23:05:00Z,2026-07-11T23:00:00Z,,Up,"[""1"", ""0""]",0.99,1161.7558949999998,,0.49,0.01,resolved,0x34da8563df1cd8df464cb272975b75fd40d80616908047835a7141dab204bda1,https://data.chain.link/streams/xrp-usd,,
bnb-updown-5m-1783811100,BNB,"BNB Up or Down - July 11, 7:05PM-7:10PM ET",2026-07-11T23:10:00Z,2026-07-11T23:05:00Z,,Down,"[""0"", ""1""]",0.41,156.536721,,-0.5,0.01,resolved,0xdc2b6400157c147aa285a2933974d4a74cc48a1ae337ef0621967c0dba3e8553,https://data.chain.link/streams/bnb-usd,,
btc-updown-5m-1783811100,BTC,"Bitcoin Up or Down - July 11, 7:05PM-7:10PM ET",2026-07-11T23:10:00Z,2026-07-11T23:05:00Z,,Down,"[""0"", ""1""]",0.01,52276.33997799999,,-0.5,0.01,resolved,0x70a26a086b5dc3bec79c8698e57d06bf27af15e78657652e89683ae3602ab5c3,https://data.chain.link/streams/btc-usd,,
doge-updown-5m-1783811100,DOGE,"Dogecoin Up or Down - July 11, 7:05PM-7:10PM ET",2026-07-11T23:10:00Z,2026-07-11T23:05:00Z,,Down,"[""0"", ""1""]",0.1,349.41604099999995,,-0.495,0.01,resolved,0x574a43b810b23b4a6cf14ae3ae378c4f5ebc8c9978a216849586e57e4e7969ae,https://data.chain.link/streams/doge-usd,,
eth-updown-5m-1783811100,ETH,"Ethereum Up or Down - July 11, 7:05PM-7:10PM ET",2026-07-11T23:10:00Z,2026-07-11T23:05:00Z,,Down,"[""0"", ""1""]",0.01,4248.367931000002,,-0.5,0.01,resolved,0xacb834eacf26aff5974cf3585d71bedcc4909601800ca6e933c343d33d5c860e,https://data.chain.link/streams/eth-usd,,
hype-updown-5m-1783811100,HYPE,"Hyperliquid Up or Down - July 11, 7:05PM-7:10PM ET",2026-07-11T23:10:00Z,2026-07-11T23:05:00Z,,Down,"[""0"", ""1""]",0.04,215.04405000000003,,-0.495,0.01,resolved,0x29aed66ce234c4d7464868ca373a52c15f16c168640aa585ca406fd422d3a273,https://data.chain.link/streams/hype-usd,,
sol-updown-5m-1783811100,SOL,"Solana Up or Down - July 11, 7:05PM-7:10PM ET",2026-07-11T23:10:00Z,2026-07-11T23:05:00Z,,Down,"[""0"", ""1""]",0.01,2166.3472859999983,2,-0.5,0.01,resolved,0xfb43558588abe6e8326f1ffe420f02eab11c5a68941a8caff108e2e9542e9509,https://data.chain.link/streams/sol-usd,,
xrp-updown-5m-1783811100,XRP,"XRP Up or Down - July 11, 7:05PM-7:10PM ET",2026-07-11T23:10:00Z,2026-07-11T23:05:00Z,,Down,"[""0"", ""1""]",0.01,2439.6290369999997,,-0.5,0.01,resolved,0x7ae6d49288eff26dc27775040c673230e3673f6bdbdf45b47b30c24f8cb8288b,https://data.chain.link/streams/xrp-usd,,
bnb-updown-5m-1783811400,BNB,"BNB Up or Down - July 11, 7:10PM-7:15PM ET",2026-07-11T23:15:00Z,2026-07-11T23:10:00Z,579.0181805728678,Down,"[""0"", ""1""]",0.05,406.377067,,-0.5045,0.001,resolved,0x03fc47ef5099ebc267c3563402cbe216542edb691a34227974f7909ca7b3e95f,https://data.chain.link/streams/bnb-usd,,
btc-updown-5m-1783811400,BTC,"Bitcoin Up or Down - July 11, 7:10PM-7:15PM ET",2026-07-11T23:15:00Z,2026-07-11T23:10:00Z,64078.214496437846,Up,"[""1"", ""0""]",0.99,96557.21836300002,,0.49,0.01,resolved,0x87eaf41f822a8b3c6cde712d2e20440ac7dc542768d3c1d6ed8432dbfa77241c,https://data.chain.link/streams/btc-usd,,
doge-updown-5m-1783811400,DOGE,"Dogecoin Up or Down - July 11, 7:10PM-7:15PM ET",2026-07-11T23:15:00Z,2026-07-11T23:10:00Z,0.074341959,Down,"[""0"", ""1""]",0.023,1354.513109,,-0.4995,0.001,resolved,0x3b6754f3abb37b63da6bab6387ea147fa5874a9a69f64c00cf823810959efc3a,https://data.chain.link/streams/doge-usd,,
eth-updown-5m-1783811400,ETH,"Ethereum Up or Down - July 11, 7:10PM-7:15PM ET",2026-07-11T23:15:00Z,2026-07-11T23:10:00Z,1807.8611470946314,Down,"[""0"", ""1""]",0.01,6787.745714000002,,-0.5,0.01,resolved,0x140c48b55b2ad3781cddcb60d00751e49b3d97d2c0550fd00f6e00629b10ffe4,https://data.chain.link/streams/eth-usd,,
hype-updown-5m-1783811400,HYPE,"Hyperliquid Up or Down - July 11, 7:10PM-7:15PM ET",2026-07-11T23:15:00Z,2026-07-11T23:10:00Z,67.450704,Up,"[""1"", ""0""]",0.99,97.06191400000002,,0.495,0.01,resolved,0xf6ce5559d720bc697588110d341dec60bb07f5f7c85febf2b187760d3a946bf8,https://data.chain.link/streams/hype-usd,,
sol-updown-5m-1783811400,SOL,"Solana Up or Down - July 11, 7:10PM-7:15PM ET",2026-07-11T23:15:00Z,2026-07-11T23:10:00Z,77.54330963167314,Up,"[""1"", ""0""]",0.99,5234.979744999998,,0.49,0.01,resolved,0x4c68296e1f05721c72e3d2cc4ba70fa11211172c43e13f55d3be8db2cd21ecf0,https://data.chain.link/streams/sol-usd,,
xrp-updown-5m-1783811400,XRP,"XRP Up or Down - July 11, 7:10PM-7:15PM ET",2026-07-11T23:15:00Z,2026-07-11T23:10:00Z,1.1043536,Up,"[""1"", ""0""]",0.99,1963.8127269999995,1.960783,0.49,0.01,resolved,0x95563edf97f732cab63db2dd60ce6bdeece798ccdc129ebe65e52a294278ec3f,https://data.chain.link/streams/xrp-usd,,
bnb-updown-5m-1783811700,BNB,"BNB Up or Down - July 11, 7:15PM-7:20PM ET",2026-07-11T23:20:00Z,2026-07-11T23:15:00Z,578.8304682921532,Down,"[""0"", ""1""]",0.6,394.082573,,-0.005,0.8,resolved,0x0341494235a4fd79e5df78a07d72fe65502f3c67fd85da68d89fc6302b7f9ff3,https://data.chain.link/streams/bnb-usd,,
btc-updown-5m-1783811700,BTC,"Bitcoin Up or Down - July 11, 7:15PM-7:20PM ET",2026-07-11T23:20:00Z,2026-07-11T23:15:00Z,64094.59027275463,Up,"[""1"", ""0""]",0.99,64583.72561300018,,0.44,0.01,resolved,0x06431b9375517ccdfd95ee48e074f3e07a4684fc55f5ec81d5429a0536b008c6,https://data.chain.link/streams/btc-usd,,
doge-updown-5m-1783811700,DOGE,"Dogecoin Up or Down - July 11, 7:15PM-7:20PM ET",2026-07-11T23:20:00Z,2026-07-11T23:15:00Z,0.07423160414897022,Up,"[""1"", ""0""]",0.98,409.43194700000004,,0.43,0.04,resolved,0x000b17604edc2d759ba687467cbdba07c625c9932998bb7b66d904791097fe73,https://data.chain.link/streams/doge-usd,,
eth-updown-5m-1783811700,ETH,"Ethereum Up or Down - July 11, 7:15PM-7:20PM ET",2026-07-11T23:20:00Z,2026-07-11T23:15:00Z,1807.3513509011589,Up,"[""1"", ""0""]",0.99,5006.378728000003,,0.46,0.01,resolved,0x5eea6855b7002708f01c7e64329df9bdabca45a6fac5ccd38e29c025769e2009,https://data.chain.link/streams/eth-usd,,
hype-updown-5m-1783811700,HYPE,"Hyperliquid Up or Down - July 11, 7:15PM-7:20PM ET",2026-07-11T23:20:00Z,2026-07-11T23:15:00Z,67.4662,Down,"[""0"", ""1""]",0.32,66.879188,,-0.14,0.11,resolved,0xca9676d9b52f46528bdc87be82d1b06fb90e28b42c05169d8b1cded8bc0f36de,https://data.chain.link/streams/hype-usd,,
sol-updown-5m-1783811700,SOL,"Solana Up or Down - July 11, 7:15PM-7:20PM ET",2026-07-11T23:20:00Z,2026-07-11T23:15:00Z,77.54684187526027,Down,"[""0"", ""1""]",0.05,2931.8350490000007,,-0.49,0.01,resolved,0xa6754280ce4a5c63298b9bd716ad09183b723d8a94eab74599e478d99dde1ded,https://data.chain.link/streams/sol-usd,,
xrp-updown-5m-1783811700,XRP,"XRP Up or Down - July 11, 7:15PM-7:20PM ET",2026-07-11T23:20:00Z,2026-07-11T23:15:00Z,1.105133299166439,Up,"[""1"", ""0""]",0.99,1263.5856150000002,,0.405,0.08,resolved,0xd78b8475f9705347b967f2461273fa589ccea6f8914fd8f1d4cf8faa8b5d97b9,https://data.chain.link/streams/xrp-usd,,
bnb-updown-5m-1783812000,BNB,"BNB Up or Down - July 11, 7:20PM-7:25PM ET",2026-07-11T23:25:00Z,2026-07-11T23:20:00Z,578.72404,Down,"[""0"", ""1""]",0.02,371.886662,,-0.5045,0.001,resolved,0x26fede3751635c072dcafcefd819d67d4a11991ba5d6e9de7593d31454dfe013,https://data.chain.link/streams/bnb-usd,,
btc-updown-5m-1783812000,BTC,"Bitcoin Up or Down - July 11, 7:20PM-7:25PM ET",2026-07-11T23:25:00Z,2026-07-11T23:20:00Z,64115.42365453021,Down,"[""0"", ""1""]",0.001,162699.51989699996,,-0.5045,0.001,resolved,0x53e9e7bd4f2f5e29ac4db8943e872d368300f9c6aca6459466912084c01a467d,https://data.chain.link/streams/btc-usd,,
doge-updown-5m-1783812000,DOGE,"Dogecoin Up or Down - July 11, 7:20PM-7:25PM ET",2026-07-11T23:25:00Z,2026-07-11T23:20:00Z,0.07423366139661626,Down,"[""0"", ""1""]",0.02,632.9986050000001,,-0.4995,0.001,resolved,0x8c3f8575be06fd02b058dd934f27ab1d075260f7bb763a25249a529c8af0f6c8,https://data.chain.link/streams/doge-usd,,
eth-updown-5m-1783812000,ETH,"Ethereum Up or Down - July 11, 7:20PM-7:25PM ET",2026-07-11T23:25:00Z,2026-07-11T23:20:00Z,1808.1331290147414,Down,"[""0"", ""1""]",0.001,17995.094486000005,,-0.5045,0.001,resolved,0xddecb728facd9e58e9444c0de3b635e6c10141a92f23bc58adbd15bced0a0cda,https://data.chain.link/streams/eth-usd,,
hype-updown-5m-1783812000,HYPE,"Hyperliquid Up or Down - July 11, 7:20PM-7:25PM ET",2026-07-11T23:25:00Z,2026-07-11T23:20:00Z,67.46019796357545,Down,"[""0"", ""1""]",0.06,228.34255000000002,,-0.4995,0.001,resolved,0x95c1f7e8444cc542dc0f25a98d84b8c80a57c430cb052b695fe3b34a4f104ee2,https://data.chain.link/streams/hype-usd,,
sol-updown-5m-1783812000,SOL,"Solana Up or Down - July 11, 7:20PM-7:25PM ET",2026-07-11T23:25:00Z,2026-07-11T23:20:00Z,77.50747260059656,Down,"[""0"", ""1""]",0.002,3039.186312999998,,-0.5045,0.001,resolved,0x791d15ac7b04648a8cc444aef6e52a86e44fb411d5bfd309dff9955468ea8eed,https://data.chain.link/streams/sol-usd,,
xrp-updown-5m-1783812000,XRP,"XRP Up or Down - July 11, 7:20PM-7:25PM ET",2026-07-11T23:25:00Z,2026-07-11T23:20:00Z,1.1053144154723598,Down,"[""0"", ""1""]",0.01,2975.1850010000003,1.960783,-0.5045,0.001,resolved,0x70c2e6111e7d1e9fb974d77bbc4f97970c33bc43ea1f3e7e17625a81577506d2,https://data.chain.link/streams/xrp-usd,,
bnb-updown-5m-1783812300,BNB,"BNB Up or Down - July 11, 7:25PM-7:30PM ET",2026-07-11T23:30:00Z,2026-07-11T23:25:00Z,576.54286,Down,"[""0"", ""1""]",0.01,1249.015418,,-0.475,0.04,resolved,0xe3454908353ae5963dd4f92a567b6bac13065869572dc1c749c51c2174e74d50,https://data.chain.link/streams/bnb-usd,,
btc-updown-5m-1783812300,BTC,"Bitcoin Up or Down - July 11, 7:25PM-7:30PM ET",2026-07-11T23:30:00Z,2026-07-11T23:25:00Z,63876.69720787636,Up,"[""1"", ""0""]",0.99,100253.16508299984,,0.39,0.07,resolved,0x308198307362d01156e67c8e285e3ff6df46cd7e425149409b701cf7fdb8c166,https://data.chain.link/streams/btc-usd,,
doge-updown-5m-1783812300,DOGE,"Dogecoin Up or Down - July 11, 7:25PM-7:30PM ET",2026-07-11T23:30:00Z,2026-07-11T23:25:00Z,0.0736671937243889,Down,"[""0"", ""1""]",0.61,716.6576210000001,,-0.055,0.01,resolved,0x28755ae3d8e7cfabd063d93de915d75c25758902c2117fb20cc679f067882312,https://data.chain.link/streams/doge-usd,,
eth-updown-5m-1783812300,ETH,"Ethereum Up or Down - July 11, 7:25PM-7:30PM ET",2026-07-11T23:30:00Z,2026-07-11T23:25:00Z,1797.1395132677308,Down,"[""0"", ""1""]",0.01,12890.794368000012,,-0.5,0.01,resolved,0x14db90c15fc24eab62719bf90f970d45a1e86149ec6db0bda7d6eb141afb91f2,https://data.chain.link/streams/eth-usd,,
hype-updown-5m-1783812300,HYPE,"Hyperliquid Up or Down - July 11, 7:25PM-7:30PM ET",2026-07-11T23:30:00Z,2026-07-11T23:25:00Z,67.248751,Down,"[""0"", ""1""]",0.06,280.1266409999999,,-0.4945,0.009,resolved,0xdeb4d4ac7d26d4fe753fdb4b327063c01d9addf3536b03bd07d553a6edec954f,https://data.chain.link/streams/hype-usd,,
sol-updown-5m-1783812300,SOL,"Solana Up or Down - July 11, 7:25PM-7:30PM ET",2026-07-11T23:30:00Z,2026-07-11T23:25:00Z,77.13566423839187,Down,"[""0"", ""1""]",0.04,4479.285919999997,,-0.5045,0.001,resolved,0xfc3e05ef21ad2c58803005635e51944b60a26f329f624cbf7140961586dc582a,https://data.chain.link/streams/sol-usd,,
xrp-updown-5m-1783812300,XRP,"XRP Up or Down - July 11, 7:25PM-7:30PM ET",2026-07-11T23:30:00Z,2026-07-11T23:25:00Z,1.1002909157770218,Up,"[""1"", ""0""]",0.99,2074.297659,,0.455,0.02,resolved,0x6386c1077ae870fc65c76b2802604fa593476e072e794f6249a761332fc05b23,https://data.chain.link/streams/xrp-usd,,
bnb-updown-5m-1783812600,BNB,"BNB Up or Down - July 11, 7:30PM-7:35PM ET",2026-07-11T23:35:00Z,2026-07-11T23:30:00Z,576.1266533512596,Down,"[""0"", ""1""]",0.02,632.3149559999999,,-0.495,0.02,resolved,0xd0fc22d6a5a37e82f5d6b22e305459393d136c41912c217bfb03bf20ee898eb0,https://data.chain.link/streams/bnb-usd,,
btc-updown-5m-1783812600,BTC,"Bitcoin Up or Down - July 11, 7:30PM-7:35PM ET",2026-07-11T23:35:00Z,2026-07-11T23:30:00Z,63888.16380175823,Down,"[""0"", ""1""]",0.01,157174.53432500013,,-0.19,0.01,resolved,0x87786444f76f86c26e2dc5574070d556e8ebc449de98d291e3606a25767bbb84,https://data.chain.link/streams/btc-usd,,
doge-updown-5m-1783812600,DOGE,"Dogecoin Up or Down - July 11, 7:30PM-7:35PM ET",2026-07-11T23:35:00Z,2026-07-11T23:30:00Z,0.0736646058576704,Down,"[""0"", ""1""]",0.05,631.2696799999999,,-0.4995,0.001,resolved,0x798d1c146717bdf1a476e0bd0577f122fd354adfd2b2708eb0af22f32ebdc3d7,https://data.chain.link/streams/doge-usd,,
eth-updown-5m-1783812600,ETH,"Ethereum Up or Down - July 11, 7:30PM-7:35PM ET",2026-07-11T23:35:00Z,2026-07-11T23:30:00Z,1794.5176709464254,Down,"[""0"", ""1""]",0.01,14235.942113,1.960783,-0.46,0.01,resolved,0x2bd6e98b5533f6a0931367b399037aac3ec0de1eddb3173c73702951ae4fae91,https://data.chain.link/streams/eth-usd,,
hype-updown-5m-1783812600,HYPE,"Hyperliquid Up or Down - July 11, 7:30PM-7:35PM ET",2026-07-11T23:35:00Z,2026-07-11T23:30:00Z,67.16843729034571,Down,"[""0"", ""1""]",0.11,247.857047,,-0.495,0.01,resolved,0xe0e7a398c52d0001e93391a18301faa614a113cd7c038dc055c7782fdbcdc4a2,https://data.chain.link/streams/hype-usd,,
sol-updown-5m-1783812600,SOL,"Solana Up or Down - July 11, 7:30PM-7:35PM ET",2026-07-11T23:35:00Z,2026-07-11T23:30:00Z,76.95165238849793,Down,"[""0"", ""1""]",0.02,4694.390287000001,,-0.5,0.01,resolved,0xb1daba2dc13c38f4baa284884337bf5a13942ec6702a23e8f9223e66166a366d,https://data.chain.link/streams/sol-usd,,
xrp-updown-5m-1783812600,XRP,"XRP Up or Down - July 11, 7:30PM-7:35PM ET",2026-07-11T23:35:00Z,2026-07-11T23:30:00Z,1.100747825732219,Down,"[""0"", ""1""]",0.01,1737.7304369999986,,-0.5045,0.001,resolved,0x1b549b5fe300b772df68e4fb3f8829af35b69e38c81d734cca7598218f2408d0,https://data.chain.link/streams/xrp-usd,,
bnb-updown-5m-1783812900,BNB,"BNB Up or Down - July 11, 7:35PM-7:40PM ET",2026-07-11T23:40:00Z,2026-07-11T23:35:00Z,575.279982519139,Down,"[""0"", ""1""]",0.5,341.967703,,-0.31,0.21,resolved,0xa3248035fb1028fa4046f4fb919b36599ffe2a79f3f1fd898fed160d5b32f7f8,https://data.chain.link/streams/bnb-usd,,
btc-updown-5m-1783812900,BTC,"Bitcoin Up or Down - July 11, 7:35PM-7:40PM ET",2026-07-11T23:40:00Z,2026-07-11T23:35:00Z,63826.420285,Down,"[""0"", ""1""]",0.01,124721.82791499986,,0.2,0.01,resolved,0xaea3e7db8919a4b0efc9dca2b6507770f401230279b0a6af1f833720c37ceb58,https://data.chain.link/streams/btc-usd,,
doge-updown-5m-1783812900,DOGE,"Dogecoin Up or Down - July 11, 7:35PM-7:40PM ET",2026-07-11T23:40:00Z,2026-07-11T23:35:00Z,0.07341401103777731,Down,"[""0"", ""1""]",0.11,703.1566959999999,,0.205,0.01,resolved,0x85b8fe4730a0c0a7e5352b8a49f3ea2a3fc6ba6ea68ab47582b6e8e5d1ed9323,https://data.chain.link/streams/doge-usd,,
eth-updown-5m-1783812900,ETH,"Ethereum Up or Down - July 11, 7:35PM-7:40PM ET",2026-07-11T23:40:00Z,2026-07-11T23:35:00Z,1789.2433154014154,Down,"[""0"", ""1""]",0.01,13127.07531600001,,0.12,0.01,resolved,0x375faf7f5c20445ead5f0bbb37f2363c3a0b8ccec9038f1b739ef01457217c02,https://data.chain.link/streams/eth-usd,,
hype-updown-5m-1783812900,HYPE,"Hyperliquid Up or Down - July 11, 7:35PM-7:40PM ET",2026-07-11T23:40:00Z,2026-07-11T23:35:00Z,67.079537,Down,"[""0"", ""1""]",0.51,52.76535700000002,,-0.435,0.09,resolved,0x5b1c7346d975fb5d1d1e3f6d509a62cd01f35de63d0d5c9b78a283c301623bd8,https://data.chain.link/streams/hype-usd,,
sol-updown-5m-1783812900,SOL,"Solana Up or Down - July 11, 7:35PM-7:40PM ET",2026-07-11T23:40:00Z,2026-07-11T23:35:00Z,76.86169675196734,Up,"[""1"", ""0""]",0.99,6206.614262000001,,0.48,0.01,resolved,0xbdf758fbb76a36237cbefd45c6a602e6451f3a437fd4dbdedd41bee2bc48a63e,https://data.chain.link/streams/sol-usd,,
xrp-updown-5m-1783812900,XRP,"XRP Up or Down - July 11, 7:35PM-7:40PM ET",2026-07-11T23:40:00Z,2026-07-11T23:35:00Z,1.0981373881898475,Down,"[""0"", ""1""]",0.01,4445.732489000001,,0.37,0.15,resolved,0x79d5515cf4d994cb865fbe0167ed070442913c1b40e42f4e0eb543e2ac6a6bdc,https://data.chain.link/streams/xrp-usd,,
bnb-updown-5m-1783813200,BNB,"BNB Up or Down - July 11, 7:40PM-7:45PM ET",2026-07-11T23:45:00Z,2026-07-11T23:40:00Z,574.8459362666164,Up,"[""1"", ""0""]",0.99,155.74177400000002,,0.4945,0.001,resolved,0xb95d4f2e6983789dd99f4fca9e4c179e4bf4f14896a894d494a56273da809baf,https://data.chain.link/streams/bnb-usd,,
btc-updown-5m-1783813200,BTC,"Bitcoin Up or Down - July 11, 7:40PM-7:45PM ET",2026-07-11T23:45:00Z,2026-07-11T23:40:00Z,63815.51423,Up,"[""1"", ""0""]",0.999,100150.69398899999,,0.4945,0.001,resolved,0x1dcddcd3b4ab07324aac2c8afabb2d5c2b6e3418f8afb0e9b4f306536f834db0,https://data.chain.link/streams/btc-usd,,
doge-updown-5m-1783813200,DOGE,"Dogecoin Up or Down - July 11, 7:40PM-7:45PM ET",2026-07-11T23:45:00Z,2026-07-11T23:40:00Z,0.073355,Up,"[""1"", ""0""]",0.99,571.841554,,0.495,0.01,resolved,0x8248ad2905a7d536fe034cc8019f5edf8406e7d41316f9efe0373c39bfc63608,https://data.chain.link/streams/doge-usd,,
eth-updown-5m-1783813200,ETH,"Ethereum Up or Down - July 11, 7:40PM-7:45PM ET",2026-07-11T23:45:00Z,2026-07-11T23:40:00Z,1788.1649440830906,Up,"[""1"", ""0""]",0.99,7006.119109,,0.49,0.01,resolved,0xd112c09ac20e9cc6f978a6cbc5defe02732ecd6ed0a5ae25152f8c0667139afa,https://data.chain.link/streams/eth-usd,,
hype-updown-5m-1783813200,HYPE,"Hyperliquid Up or Down - July 11, 7:40PM-7:45PM ET",2026-07-11T23:45:00Z,2026-07-11T23:40:00Z,66.99482446343302,Up,"[""1"", ""0""]",0.99,91.86207599999999,,0.495,0.01,resolved,0x28050664e574e871d886fe104d3aa769f16e05c2f67b40878b017bd599bb0b45,https://data.chain.link/streams/hype-usd,,
sol-updown-5m-1783813200,SOL,"Solana Up or Down - July 11, 7:40PM-7:45PM ET",2026-07-11T23:45:00Z,2026-07-11T23:40:00Z,76.87430973709189,Up,"[""1"", ""0""]",0.99,3344.954404000001,,0.4945,0.001,resolved,0x85de4864ff9954ba07f6234d91e2ad8131c06a47f4bb53ddfd6dfc87d6b73d9e,https://data.chain.link/streams/sol-usd,,
xrp-updown-5m-1783813200,XRP,"XRP Up or Down - July 11, 7:40PM-7:45PM ET",2026-07-11T23:45:00Z,2026-07-11T23:40:00Z,1.0975172,Up,"[""1"", ""0""]",0.99,1366.5552229999996,,0.4945,0.001,resolved,0xe2e0b8e4828b8e05e676883f1589977a327f36765c729f49a7061e26a669fa0d,https://data.chain.link/streams/xrp-usd,,
bnb-updown-5m-1783813500,BNB,"BNB Up or Down - July 11, 7:45PM-7:50PM ET",2026-07-11T23:50:00Z,2026-07-11T23:45:00Z,,Up,"[""1"", ""0""]",0.99,323.62792299999995,,0.445,0.06,resolved,0x345b88307858ce7c2d176b08cc1b16f3e3cb80a733bc1d7f327ba97971bd22cf,https://data.chain.link/streams/bnb-usd,,
btc-updown-5m-1783813500,BTC,"Bitcoin Up or Down - July 11, 7:45PM-7:50PM ET",2026-07-11T23:50:00Z,2026-07-11T23:45:00Z,,Up,"[""1"", ""0""]",0.999,119277.60263599979,,0.49,0.01,resolved,0xbed0064db36989bc7df6907b632a425f86ebf361a9fb4b966751dbba892480aa,https://data.chain.link/streams/btc-usd,,
doge-updown-5m-1783813500,DOGE,"Dogecoin Up or Down - July 11, 7:45PM-7:50PM ET",2026-07-11T23:50:00Z,2026-07-11T23:45:00Z,,Up,"[""1"", ""0""]",0.999,382.9174339999999,,0.495,0.01,resolved,0x532e472dde30de216dbea9cbbb7691b067011c2e7af94b5bb8591345830a44bf,https://data.chain.link/streams/doge-usd,,
eth-updown-5m-1783813500,ETH,"Ethereum Up or Down - July 11, 7:45PM-7:50PM ET",2026-07-11T23:50:00Z,2026-07-11T23:45:00Z,,Up,"[""1"", ""0""]",0.999,10253.097520999996,,0.49,0.01,resolved,0x0828b72c266a0db4f1d6f3c6053cf6bde37f628919611c87babb72a4a7c8c4bf,https://data.chain.link/streams/eth-usd,,
hype-updown-5m-1783813500,HYPE,"Hyperliquid Up or Down - July 11, 7:45PM-7:50PM ET",2026-07-11T23:50:00Z,2026-07-11T23:45:00Z,,Up,"[""1"", ""0""]",0.99,37.98626000000001,,0.445,0.07,resolved,0x07700166ad39113f4df2ee32720d5e1d7455a3477927352fa431e0edec3a8ef9,https://data.chain.link/streams/hype-usd,,
sol-updown-5m-1783813500,SOL,"Solana Up or Down - July 11, 7:45PM-7:50PM ET",2026-07-11T23:50:00Z,2026-07-11T23:45:00Z,,Up,"[""1"", ""0""]",0.99,3134.5608569999995,,0.49,0.01,resolved,0x6c9cad98432d51b60ef5c18bdacb3a05bc0bc242a36275e2606994c5e6c68b79,https://data.chain.link/streams/sol-usd,,
xrp-updown-5m-1783813500,XRP,"XRP Up or Down - July 11, 7:45PM-7:50PM ET",2026-07-11T23:50:00Z,2026-07-11T23:45:00Z,,Up,"[""1"", ""0""]",0.99,1833.8498920000006,,0.42,0.01,resolved,0x451cbacc14ca9505a4743b5afb05379bfc3dfd4f9025f26cfe60215825d953d2,https://data.chain.link/streams/xrp-usd,,
bnb-updown-5m-1783813800,BNB,"BNB Up or Down - July 11, 7:50PM-7:55PM ET",2026-07-11T23:55:00Z,2026-07-11T23:50:00Z,,Down,"[""0"", ""1""]",0.001,558.112232,100,-0.5045,0.001,resolved,0xe160345ea8e1157eeedec40688924a7be1744e66d8dfdcf3ae09987d0290397c,https://data.chain.link/streams/bnb-usd,,
btc-updown-5m-1783813800,BTC,"Bitcoin Up or Down - July 11, 7:50PM-7:55PM ET",2026-07-11T23:55:00Z,2026-07-11T23:50:00Z,,Down,"[""0"", ""1""]",0.001,45072.77394800003,5217.769987,-0.5045,0.001,resolved,0xb5cc637137a73c8baa3f8c42c05820b0878f37417e5e50a48f959462201b7a4c,https://data.chain.link/streams/btc-usd,,
doge-updown-5m-1783813800,DOGE,"Dogecoin Up or Down - July 11, 7:50PM-7:55PM ET",2026-07-11T23:55:00Z,2026-07-11T23:50:00Z,,Down,"[""0"", ""1""]",0.05,420.308844,100,-0.4995,0.001,resolved,0x9843dc3bce536ecb3ed2c1192a7d9678f9a102470c42596c19308c104911676c,https://data.chain.link/streams/doge-usd,,
eth-updown-5m-1783813800,ETH,"Ethereum Up or Down - July 11, 7:50PM-7:55PM ET",2026-07-11T23:55:00Z,2026-07-11T23:50:00Z,,Down,"[""0"", ""1""]",0.02,3874.827065000003,1751.953455,-0.5045,0.001,resolved,0x4be679d43facda9ef4967a224eabb3fde0b5a3e85c3389feccf401861aea430b,https://data.chain.link/streams/eth-usd,,
hype-updown-5m-1783813800,HYPE,"Hyperliquid Up or Down - July 11, 7:50PM-7:55PM ET",2026-07-11T23:55:00Z,2026-07-11T23:50:00Z,,Down,"[""0"", ""1""]",0.18,432.0900109999999,100,-0.4995,0.001,resolved,0x11ac809a7b17e1f9fa71019cc67cec9c4ac7ab37555e85611fc7628293822926,https://data.chain.link/streams/hype-usd,,
sol-updown-5m-1783813800,SOL,"Solana Up or Down - July 11, 7:50PM-7:55PM ET",2026-07-11T23:55:00Z,2026-07-11T23:50:00Z,,Down,"[""0"", ""1""]",0.001,2886.5588600000015,521.14,-0.5045,0.001,resolved,0xbce24b5b30c4fbb24f8862608e0cd17758e27492f1a8d601f7273d8d477288c5,https://data.chain.link/streams/sol-usd,,
xrp-updown-5m-1783813800,XRP,"XRP Up or Down - July 11, 7:50PM-7:55PM ET",2026-07-11T23:55:00Z,2026-07-11T23:50:00Z,,Down,"[""0"", ""1""]",0.02,1255.283559,450,-0.5045,0.001,resolved,0xb6b4ac077e7fee94c9b9a2d8805c197c8259f7c0157e157dfe984a823a7d0e40,https://data.chain.link/streams/xrp-usd,,
bnb-updown-5m-1783814100,BNB,"BNB Up or Down - July 11, 7:55PM-8:00PM ET",2026-07-12T00:00:00Z,2026-07-11T23:55:00Z,575.342,Down,"[""0"", ""1""]",0.19,212.01356299999998,,-0.5,0.01,resolved,0x3e6642c18772d0d4bf58c4f5c910d3e6a0671dd8a0915323f2db13522a199e98,https://data.chain.link/streams/bnb-usd,,
btc-updown-5m-1783814100,BTC,"Bitcoin Up or Down - July 11, 7:55PM-8:00PM ET",2026-07-12T00:00:00Z,2026-07-11T23:55:00Z,63854.871412467844,Down,"[""0"", ""1""]",0.01,65334.078918999956,647.372547,-0.5,0.01,resolved,0x979e31f20b1aca95f063b8ee20dd5c4d58ed6185818c5f7ce9d7f83e6d63848d,https://data.chain.link/streams/btc-usd,,
doge-updown-5m-1783814100,DOGE,"Dogecoin Up or Down - July 11, 7:55PM-8:00PM ET",2026-07-12T00:00:00Z,2026-07-11T23:55:00Z,0.07335929466400301,Down,"[""0"", ""1""]",0.23,494.833757,,-0.4995,0.001,resolved,0xf269193fd083261b830c943e0b78dbb32bb60d1e6d82022cc0b28a8787687ff1,https://data.chain.link/streams/doge-usd,,
eth-updown-5m-1783814100,ETH,"Ethereum Up or Down - July 11, 7:55PM-8:00PM ET",2026-07-12T00:00:00Z,2026-07-11T23:55:00Z,1789.571215,Down,"[""0"", ""1""]",0.02,5173.7173809999995,500,-0.5,0.01,resolved,0xddf3deda7e1dc9b28875abf3410624f3ffb0d1d5fc35ae8e460e23770062c4e1,https://data.chain.link/streams/eth-usd,,
hype-updown-5m-1783814100,HYPE,"Hyperliquid Up or Down - July 11, 7:55PM-8:00PM ET",2026-07-12T00:00:00Z,2026-07-11T23:55:00Z,66.96897299999999,Down,"[""0"", ""1""]",0.06,86.52013300000004,,-0.44,0.09,resolved,0xf2aa7e4184a25b97d808de2790e7092152f3b3404dc64d55eef8d2c80c768e6a,https://data.chain.link/streams/hype-usd,,
sol-updown-5m-1783814100,SOL,"Solana Up or Down - July 11, 7:55PM-8:00PM ET",2026-07-12T00:00:00Z,2026-07-11T23:55:00Z,76.86396601860216,Down,"[""0"", ""1""]",0.02,3382.0149930000025,17,-0.5,0.01,resolved,0x8b530405d05d8a9470b3e2c20434ad4184c541b4ac43b79289cb4e52032d89ed,https://data.chain.link/streams/sol-usd,,
xrp-updown-5m-1783814100,XRP,"XRP Up or Down - July 11, 7:55PM-8:00PM ET",2026-07-12T00:00:00Z,2026-07-11T23:55:00Z,1.09824,Down,"[""0"", ""1""]",0.009,2559.9083299999993,,-0.5045,0.001,resolved,0x4ecbe992ee00ed2b5c3f4ee9d00ba9eb3f91c504ea2b2d8e6a45a04e3481ebd2,https://data.chain.link/streams/xrp-usd,,
