slug,asset,question,endDate,eventStartTime,priceToBeat,winningOutcome,outcomePrices,lastTradePrice,volume,openInterest,oneHourPriceChange,spread,umaResolutionStatus,conditionId,resolutionSource,finalPrice,closedTime
bnb-updown-15m-1789689600,BNB,"BNB Up or Down - September 17, 8:00PM-8:15PM ET",2026-09-18T00:15:00Z,2026-09-18T00:00:00Z,738.1374416797337,Down,"[""0"", ""1""]",0.25,326.28715500000004,,-0.5045,0.001,resolved,0x96f7a183f52d9c449323318a3979aae178ea9d64e2ebed98df98b4590b69dea1,https://data.chain.link/streams/bnb-usd-twap-60s-streams,737.3615437629943,2026-09-18 00:16:27+00
btc-updown-15m-1789689600,BTC,"Bitcoin Up or Down - September 17, 8:00PM-8:15PM ET",2026-09-18T00:15:00Z,2026-09-18T00:00:00Z,76389.76027635072,Up,"[""1"", ""0""]",0.99,74926.63957500007,2866.23,0.49,0.01,resolved,0xc6be70074737e82ab0d048cddb185ddd5b588725d43d15302ba591560e84a46d,https://data.chain.link/streams/btc-usd-twap-60s-streams,76396.1207693966,2026-09-18 00:16:27+00
doge-updown-15m-1789689600,DOGE,"Dogecoin Up or Down - September 17, 8:00PM-8:15PM ET",2026-09-18T00:15:00Z,2026-09-18T00:00:00Z,0.08172834600701227,Down,"[""0"", ""1""]",0.07,323.78595100000007,,-0.4995,0.001,resolved,0x4f5d55d45a6b9af768d08567c10345dadbcfe0a3d4917879d8a9e768303cf711,https://data.chain.link/streams/doge-usd-twap-60s-streams,0.08154149921543119,2026-09-18 00:16:27+00
eth-updown-15m-1789689600,ETH,"Ethereum Up or Down - September 17, 8:00PM-8:15PM ET",2026-09-18T00:15:00Z,2026-09-18T00:00:00Z,2446.803275587133,Down,"[""0"", ""1""]",0.01,2285.2850430000003,,-0.5045,0.001,resolved,0xc0ab8f91d570bdc041e41f0de636e03ed95cd92a2b34372c310c45fd1e34e65e,https://data.chain.link/streams/eth-usd-twap-60s-streams,2442.0152847211907,2026-09-18 00:16:27+00
hype-updown-15m-1789689600,HYPE,"Hyperliquid Up or Down - September 17, 8:00PM-8:15PM ET",2026-09-18T00:15:00Z,2026-09-18T00:00:00Z,85.1370878041606,Up,"[""1"", ""0""]",0.999,129.477782,,0.4945,0.001,resolved,0xbb1382ff360cc8df7701dfa767640d69712d61485e1e901cc80085d35cdaa660,https://data.chain.link/streams/hype-usd-twap-60s-streams,85.55357538613559,2026-09-18 00:16:27+00
sol-updown-15m-1789689600,SOL,"Solana Up or Down - September 17, 8:00PM-8:15PM ET",2026-09-18T00:15:00Z,2026-09-18T00:00:00Z,101.60675020194336,Down,"[""0"", ""1""]",0.04,1034.326908,,-0.5045,0.001,resolved,0xaba4d120929a30b982f6f191c19d6cf7df755a5968d7d0326d191901b09a7ebf,https://data.chain.link/streams/sol-usd-twap-60s-streams,101.36325540169749,2026-09-18 00:16:27+00
xrp-updown-15m-1789689600,XRP,"XRP Up or Down - September 17, 8:00PM-8:15PM ET",2026-09-18T00:15:00Z,2026-09-18T00:00:00Z,1.2960846065053242,Down,"[""0"", ""1""]",0.12,492.034143,,-0.5045,0.001,resolved,0x662290735fb681c426c45a233fff02315cc715e02c0b09700cec7d1ec480f614,https://data.chain.link/streams/xrp-usd-twap-60s-streams,1.2945547731130562,2026-09-18 00:16:27+00
zec-updown-15m-1789689600,ZEC,"ZCash Up or Down - September 17, 8:00PM-8:15PM ET",2026-09-18T00:15:00Z,2026-09-18T00:00:00Z,1467.8803299929248,Down,"[""0"", ""1""]",,,,-0.495,0.01,resolved,0xa4246f53c0c2628bc1ea95f1d4595fac4d639fe7861305157bd74960173e534d,https://data.chain.link/streams/zec-usd-twap-60s-streams,1460.0830840534843,2026-09-18 00:16:27+00
bnb-updown-15m-1789690500,BNB,"BNB Up or Down - September 17, 8:15PM-8:30PM ET",2026-09-18T00:30:00Z,2026-09-18T00:15:00Z,737.3615437629943,Down,"[""0"", ""1""]",0.05,171.37744600000002,,-0.5045,0.001,resolved,0x3aad058f698fdd1ad82258eda97207f316b563636317dd466304655e5ba9b25c,https://data.chain.link/streams/bnb-usd-twap-60s-streams,734.8311965607121,2026-09-18 00:31:27+00
btc-updown-15m-1789690500,BTC,"Bitcoin Up or Down - September 17, 8:15PM-8:30PM ET",2026-09-18T00:30:00Z,2026-09-18T00:15:00Z,76396.1207693966,Down,"[""0"", ""1""]",0.001,16887.500699000007,,-0.5045,0.001,resolved,0x5febcdb51990ae856f314fcd3a5c6cebbfea8f58e1670320ad257dbf167c6a53,https://data.chain.link/streams/btc-usd-twap-60s-streams,76258.83380846815,2026-09-18 00:31:28+00
doge-updown-15m-1789690500,DOGE,"Dogecoin Up or Down - September 17, 8:15PM-8:30PM ET",2026-09-18T00:30:00Z,2026-09-18T00:15:00Z,0.08154149921543119,Down,"[""0"", ""1""]",0.01,322.46445,,-0.4995,0.001,resolved,0x8752b96707275e7995e1bd5e6a4820b426a0b55c947799aa4fdfe1b4bb420a2f,https://data.chain.link/streams/doge-usd-twap-60s-streams,0.08133532920066185,2026-09-18 00:31:28+00
eth-updown-15m-1789690500,ETH,"Ethereum Up or Down - September 17, 8:15PM-8:30PM ET",2026-09-18T00:30:00Z,2026-09-18T00:15:00Z,2442.0152847211907,Down,"[""0"", ""1""]",0.01,2076.188034,,-0.5045,0.001,resolved,0x372f53f03df1aceae2eda83ecfde89e296d05ff4f71bae59e4ed73fb7dc5572a,https://data.chain.link/streams/eth-usd-twap-60s-streams,2436.2343761809384,2026-09-18 00:31:27+00
hype-updown-15m-1789690500,HYPE,"Hyperliquid Up or Down - September 17, 8:15PM-8:30PM ET",2026-09-18T00:30:00Z,2026-09-18T00:15:00Z,85.55357538613559,Down,"[""0"", ""1""]",0.01,415.36034800000004,,-0.5045,0.001,resolved,0x141831910a984173d93d2b12b81e76be1b540171e3183e2f73e78171dbe4c3c6,https://data.chain.link/streams/hype-usd-twap-60s-streams,85.34802168483681,2026-09-18 00:31:27+00
sol-updown-15m-1789690500,SOL,"Solana Up or Down - September 17, 8:15PM-8:30PM ET",2026-09-18T00:30:00Z,2026-09-18T00:15:00Z,101.36325540169749,Down,"[""0"", ""1""]",0.04,925.5128419999998,,-0.5045,0.001,resolved,0x937b222493d2e54e76f1ca835f503235577bba6dbc089714ba3338d2be5c9ed5,https://data.chain.link/streams/sol-usd-twap-60s-streams,100.86192549536149,2026-09-18 00:31:28+00
xrp-updown-15m-1789690500,XRP,"XRP Up or Down - September 17, 8:15PM-8:30PM ET",2026-09-18T00:30:00Z,2026-09-18T00:15:00Z,1.2945547731130562,Down,"[""0"", ""1""]",0.001,1961.600932,,-0.5045,0.001,resolved,0x65adc2d89eddefad6ac0a68dde98925a9f2ceae19eb85093217473804fe5cb99,https://data.chain.link/streams/xrp-usd-twap-60s-streams,1.2914425191973002,2026-09-18 00:31:27+00
zec-updown-15m-1789690500,ZEC,"ZCash Up or Down - September 17, 8:15PM-8:30PM ET",2026-09-18T00:30:00Z,2026-09-18T00:15:00Z,1460.0830840534843,Down,"[""0"", ""1""]",,,,-0.4995,0.001,resolved,0x33416cd9e834b2a9e0a3e7b4441b8a92f4ae780568d52dac01b526ef65a16630,https://data.chain.link/streams/zec-usd-twap-60s-streams,1448.5781859487204,2026-09-18 00:31:27+00
bnb-updown-15m-1789691400,BNB,"BNB Up or Down - September 17, 8:30PM-8:45PM ET",2026-09-18T00:45:00Z,2026-09-18T00:30:00Z,734.8311965607121,Up,"[""1"", ""0""]",0.99,571.509892,,0.49,0.01,resolved,0x9161d7a9ee9268c32f9ac2a05e02b72b35c307db3098ed1bb34ace5b38f19ecd,https://data.chain.link/streams/bnb-usd-twap-60s-streams,735.0919035724934,2026-09-18 00:45:54+00
btc-updown-15m-1789691400,BTC,"Bitcoin Up or Down - September 17, 8:30PM-8:45PM ET",2026-09-18T00:45:00Z,2026-09-18T00:30:00Z,76258.83380846815,Up,"[""1"", ""0""]",0.999,30842.05759699998,,0.5045,0.001,resolved,0x63374340a63eb261f0e4a284f9689b8ee509ef9e7091c1924721855fa13d0242,https://data.chain.link/streams/btc-usd-twap-60s-streams,76355.3239260325,2026-09-18 00:45:54+00
doge-updown-15m-1789691400,DOGE,"Dogecoin Up or Down - September 17, 8:30PM-8:45PM ET",2026-09-18T00:45:00Z,2026-09-18T00:30:00Z,0.08133532920066185,Up,"[""1"", ""0""]",0.99,520.51123,,0.4995,0.001,resolved,0x4b419e1580ea855f61da32b155121d4c0a53fc5057496440f8da7dc3d426cef1,https://data.chain.link/streams/doge-usd-twap-60s-streams,0.0814222203972949,2026-09-18 00:45:54+00
eth-updown-15m-1789691400,ETH,"Ethereum Up or Down - September 17, 8:30PM-8:45PM ET",2026-09-18T00:45:00Z,2026-09-18T00:30:00Z,2436.2343761809384,Up,"[""1"", ""0""]",0.999,2490.7818930000003,,0.4945,0.001,resolved,0x5370a5714e11ba13e1c392f7ea8ae406a28e2b42fbde2dd20602c6cd6878fa99,https://data.chain.link/streams/eth-usd-twap-60s-streams,2440.344866278134,2026-09-18 00:45:54+00
hype-updown-15m-1789691400,HYPE,"Hyperliquid Up or Down - September 17, 8:30PM-8:45PM ET",2026-09-18T00:45:00Z,2026-09-18T00:30:00Z,85.34802168483681,Up,"[""1"", ""0""]",0.999,103.14382900000001,,0.4945,0.001,resolved,0x334017e6345599b5a3088d9cc2f49f9f2034f755944dba708f78eac8f5873c05,https://data.chain.link/streams/hype-usd-twap-60s-streams,85.88178711875543,2026-09-18 00:45:54+00
sol-updown-15m-1789691400,SOL,"Solana Up or Down - September 17, 8:30PM-8:45PM ET",2026-09-18T00:45:00Z,2026-09-18T00:30:00Z,100.86192549536149,Up,"[""1"", ""0""]",0.999,999.95271,,0.4945,0.001,resolved,0x07f2917cce5d8c148ebf0431d68008b8f47ec464acb57885cbe8aa91be6987be,https://data.chain.link/streams/sol-usd-twap-60s-streams,101.17826780871869,2026-09-18 00:45:54+00
xrp-updown-15m-1789691400,XRP,"XRP Up or Down - September 17, 8:30PM-8:45PM ET",2026-09-18T00:45:00Z,2026-09-18T00:30:00Z,1.2914425191973002,Up,"[""1"", ""0""]",0.999,1493.3132110000001,,0.4945,0.001,resolved,0x338c24d3c2d35a17b1a7a1f714bcf492722b71f4ae3f51ae9abd7ce5ec7c5267,https://data.chain.link/streams/xrp-usd-twap-60s-streams,1.2931249020627362,2026-09-18 00:45:54+00
zec-updown-15m-1789691400,ZEC,"ZCash Up or Down - September 17, 8:30PM-8:45PM ET",2026-09-18T00:45:00Z,2026-09-18T00:30:00Z,1448.5781859487204,Up,"[""1"", ""0""]",0.98,,,0.495,0.01,resolved,0xfca35a9bd4ec634cebe26a06af81b9e82a77079065ade55f34ab44b2f9623480,https://data.chain.link/streams/zec-usd-twap-60s-streams,1453.2937889103687,2026-09-18 00:45:54+00
bnb-updown-15m-1789692300,BNB,"BNB Up or Down - September 17, 8:45PM-9:00PM ET",2026-09-18T01:00:00Z,2026-09-18T00:45:00Z,735.0919035724934,Up,"[""1"", ""0""]",0.999,609.111078,,0.4945,0.001,resolved,0x605195bbe020cd9c8a875f49904286471ccedb8b4965322dbd55b000c62f8da7,https://data.chain.link/streams/bnb-usd-twap-60s-streams,737.4884286048011,2026-09-18 01:00:54+00
btc-updown-15m-1789692300,BTC,"Bitcoin Up or Down - September 17, 8:45PM-9:00PM ET",2026-09-18T01:00:00Z,2026-09-18T00:45:00Z,76355.3239260325,Up,"[""1"", ""0""]",0.999,11233.893298000005,,0.4945,0.001,resolved,0xeb8111271eec6fdd8baafe734b37c7f9bfa5532fc38cb1f5dfbb9bfed6a64719,https://data.chain.link/streams/btc-usd-twap-60s-streams,76517.75829650469,2026-09-18 01:00:54+00
doge-updown-15m-1789692300,DOGE,"Dogecoin Up or Down - September 17, 8:45PM-9:00PM ET",2026-09-18T01:00:00Z,2026-09-18T00:45:00Z,0.0814222203972949,Up,"[""1"", ""0""]",0.999,497.881849,,0.4995,0.001,resolved,0x5f27fd9ed0b80075124ba8c1faf365a06be7be5fd99da5c300e79b92f90436c3,https://data.chain.link/streams/doge-usd-twap-60s-streams,0.08174746809471563,2026-09-18 01:00:55+00
eth-updown-15m-1789692300,ETH,"Ethereum Up or Down - September 17, 8:45PM-9:00PM ET",2026-09-18T01:00:00Z,2026-09-18T00:45:00Z,2440.344866278134,Up,"[""1"", ""0""]",0.999,1848.2326909999995,,0.4945,0.001,resolved,0x88ce40ea6e69592b5f33d61c5d9c94442914d654c0e34e06f6be705c87ed8d2c,https://data.chain.link/streams/eth-usd-twap-60s-streams,2445.9898842664848,2026-09-18 01:00:55+00
hype-updown-15m-1789692300,HYPE,"Hyperliquid Up or Down - September 17, 8:45PM-9:00PM ET",2026-09-18T01:00:00Z,2026-09-18T00:45:00Z,85.88178711875543,Up,"[""1"", ""0""]",0.999,215.042819,,0.4945,0.001,resolved,0xcf89f6a009a49de9203d3c5c7df837754542b825d5607439625cebbfecae59be,https://data.chain.link/streams/hype-usd-twap-60s-streams,86.304812771767,2026-09-18 01:00:54+00
sol-updown-15m-1789692300,SOL,"Solana Up or Down - September 17, 8:45PM-9:00PM ET",2026-09-18T01:00:00Z,2026-09-18T00:45:00Z,101.17826780871869,Up,"[""1"", ""0""]",0.999,867.310773,,0.4945,0.001,resolved,0xdd5ef9028ccd9bdc8bdd8a592a690c4a853d4d8c59d27a0aceb57d6f45c997ab,https://data.chain.link/streams/sol-usd-twap-60s-streams,101.3491752647687,2026-09-18 01:00:54+00
xrp-updown-15m-1789692300,XRP,"XRP Up or Down - September 17, 8:45PM-9:00PM ET",2026-09-18T01:00:00Z,2026-09-18T00:45:00Z,1.2931249020627362,Up,"[""1"", ""0""]",0.999,831.1627679999998,,0.4945,0.001,resolved,0x3ea5331f47bd89974c3d1593664924fe62790870746b3fc115dfaeb45eecd3c0,https://data.chain.link/streams/xrp-usd-twap-60s-streams,1.2996287694143294,2026-09-18 01:00:55+00
zec-updown-15m-1789692300,ZEC,"ZCash Up or Down - September 17, 8:45PM-9:00PM ET",2026-09-18T01:00:00Z,2026-09-18T00:45:00Z,1453.2937889103687,Up,"[""1"", ""0""]",0.999,,,0.4995,0.001,resolved,0xa146fe2450f7a9f331316529a28b16eb8e3bbbb21e812db7d966bc69bde93fc5,https://data.chain.link/streams/zec-usd-twap-60s-streams,1462.930514394137,2026-09-18 01:00:54+00
bnb-updown-15m-1789693200,BNB,"BNB Up or Down - September 17, 9:00PM-9:15PM ET",2026-09-18T01:15:00Z,2026-09-18T01:00:00Z,737.4884286048011,Up,"[""1"", ""0""]",0.999,264.61269000000004,,0.4945,0.001,resolved,0x5675451249c6df5f025084ed545d51afba81b20fbdd6e31f075cd0f9ab9f2762,https://data.chain.link/streams/bnb-usd-twap-60s-streams,740.6193928128048,2026-09-18 01:15:54+00
btc-updown-15m-1789693200,BTC,"Bitcoin Up or Down - September 17, 9:00PM-9:15PM ET",2026-09-18T01:15:00Z,2026-09-18T01:00:00Z,76517.75829650469,Down,"[""0"", ""1""]",0.01,82371.54696500003,2769.81,-0.5,0.01,resolved,0xeb5fd6bbaa0f13b3f956dabbb8838db99b71a88ff651ae22e7e371bb56204b15,https://data.chain.link/streams/btc-usd-twap-60s-streams,76503.87652004125,2026-09-18 01:15:54+00
doge-updown-15m-1789693200,DOGE,"Dogecoin Up or Down - September 17, 9:00PM-9:15PM ET",2026-09-18T01:15:00Z,2026-09-18T01:00:00Z,0.08174746809471563,Up,"[""1"", ""0""]",0.999,990.604976,,0.4995,0.001,resolved,0x31a2a94c787ff66d6c7244c0c69f783a3412af68decd60613956a4a1af84c517,https://data.chain.link/streams/doge-usd-twap-60s-streams,0.08188324521010165,2026-09-18 01:15:54+00
eth-updown-15m-1789693200,ETH,"Ethereum Up or Down - September 17, 9:00PM-9:15PM ET",2026-09-18T01:15:00Z,2026-09-18T01:00:00Z,2445.9898842664848,Up,"[""1"", ""0""]",0.999,4555.103845000001,,0.4945,0.001,resolved,0xad12aefd3a0291f7d667a9b13399aabaf2bea3c92c6d0f116d95045cab0de5ae,https://data.chain.link/streams/eth-usd-twap-60s-streams,2448.663657784177,2026-09-18 01:15:54+00
hype-updown-15m-1789693200,HYPE,"Hyperliquid Up or Down - September 17, 9:00PM-9:15PM ET",2026-09-18T01:15:00Z,2026-09-18T01:00:00Z,86.304812771767,Up,"[""1"", ""0""]",0.999,98.288745,,0.4945,0.001,resolved,0x35fef0565de7b05ffafca583efe6145fd9734193e68e169d8125e2711ab791a9,https://data.chain.link/streams/hype-usd-twap-60s-streams,86.7282151216878,2026-09-18 01:15:54+00
sol-updown-15m-1789693200,SOL,"Solana Up or Down - September 17, 9:00PM-9:15PM ET",2026-09-18T01:15:00Z,2026-09-18T01:00:00Z,101.3491752647687,Up,"[""1"", ""0""]",0.999,1473.2580490000003,,0.4945,0.001,resolved,0x56dacf419fcb3c06a2a371bf7c970ce830bd95763bd1495c9e36fb324d460d3f,https://data.chain.link/streams/sol-usd-twap-60s-streams,101.47319943127387,2026-09-18 01:15:54+00
xrp-updown-15m-1789693200,XRP,"XRP Up or Down - September 17, 9:00PM-9:15PM ET",2026-09-18T01:15:00Z,2026-09-18T01:00:00Z,1.2996287694143294,Up,"[""1"", ""0""]",0.99,2084.7978059999996,,0.4945,0.001,resolved,0x55cd6e321cf69c1e8f6a9c09442ca7efef92121761eb62298ea8b9c728f62c4d,https://data.chain.link/streams/xrp-usd-twap-60s-streams,1.3004035085810073,2026-09-18 01:15:54+00
zec-updown-15m-1789693200,ZEC,"ZCash Up or Down - September 17, 9:00PM-9:15PM ET",2026-09-18T01:15:00Z,2026-09-18T01:00:00Z,1462.930514394137,Up,"[""1"", ""0""]",,,,0.495,0.01,resolved,0x36a24f731e1b142586ba9a4db0b2882e574b3771154d7c74e9eab0798b1a40ae,https://data.chain.link/streams/zec-usd-twap-60s-streams,1463.1410801541779,2026-09-18 01:15:54+00
bnb-updown-15m-1789694100,BNB,"BNB Up or Down - September 17, 9:15PM-9:30PM ET",2026-09-18T01:30:00Z,2026-09-18T01:15:00Z,740.6193928128048,Up,"[""1"", ""0""]",0.98,387.30932199999995,,0.49,0.01,resolved,0x77afd98e8f9222ed4313e04a6009b057845fdc6e7b7a0462fdec70e928009e03,https://data.chain.link/streams/bnb-usd-twap-60s-streams,741.0890381497513,2026-09-18 01:30:54+00
btc-updown-15m-1789694100,BTC,"Bitcoin Up or Down - September 17, 9:15PM-9:30PM ET",2026-09-18T01:30:00Z,2026-09-18T01:15:00Z,76503.87652004125,Up,"[""1"", ""0""]",0.99,29637.57212100001,,0.49,0.01,resolved,0x4200fe69da12546a7a706bdd1baa808f6a7a03b565db9e99c8b3fa2f635ecc1f,https://data.chain.link/streams/btc-usd-twap-60s-streams,76524.73178142204,2026-09-18 01:30:54+00
doge-updown-15m-1789694100,DOGE,"Dogecoin Up or Down - September 17, 9:15PM-9:30PM ET",2026-09-18T01:30:00Z,2026-09-18T01:15:00Z,0.08188324521010165,Up,"[""1"", ""0""]",0.98,857.0506349999998,,0.495,0.01,resolved,0xf821ff514109faaea34416cb6bae437003baf61795efe51132d09c921674e915,https://data.chain.link/streams/doge-usd-twap-60s-streams,0.08201568580696317,2026-09-18 01:30:54+00
eth-updown-15m-1789694100,ETH,"Ethereum Up or Down - September 17, 9:15PM-9:30PM ET",2026-09-18T01:30:00Z,2026-09-18T01:15:00Z,2448.663657784177,Up,"[""1"", ""0""]",0.99,5366.8234250000005,,0.49,0.01,resolved,0x41e582d6bb47058233845c48572ae2e9817f1b7ad64b4ca57aee492220be6092,https://data.chain.link/streams/eth-usd-twap-60s-streams,2448.893438778913,2026-09-18 01:30:54+00
hype-updown-15m-1789694100,HYPE,"Hyperliquid Up or Down - September 17, 9:15PM-9:30PM ET",2026-09-18T01:30:00Z,2026-09-18T01:15:00Z,86.7282151216878,Up,"[""1"", ""0""]",0.85,426.3023179999999,,0.49,0.01,resolved,0xbc9872207e4f1ff5008e1745324027f254c54ceb28d17e282ef66f09c2177171,https://data.chain.link/streams/hype-usd-twap-60s-streams,86.81473375659499,2026-09-18 01:30:54+00
sol-updown-15m-1789694100,SOL,"Solana Up or Down - September 17, 9:15PM-9:30PM ET",2026-09-18T01:30:00Z,2026-09-18T01:15:00Z,101.47319943127387,Up,"[""1"", ""0""]",0.999,750.6718279999999,,0.4945,0.001,resolved,0xca0f3ab894d6154a3e31c43bf16c2b4c6c20acb17588838699fc692d371a35ea,https://data.chain.link/streams/sol-usd-twap-60s-streams,101.72780384411978,2026-09-18 01:30:54+00
xrp-updown-15m-1789694100,XRP,"XRP Up or Down - September 17, 9:15PM-9:30PM ET",2026-09-18T01:30:00Z,2026-09-18T01:15:00Z,1.3004035085810073,Down,"[""0"", ""1""]",0.11,1147.9899220000004,,-0.5,0.01,resolved,0x8f45f055cfcc7ccafafbba6097fb6d7bec43ede334505412f666d79563ffb29b,https://data.chain.link/streams/xrp-usd-twap-60s-streams,1.2999390532126138,2026-09-18 01:30:54+00
zec-updown-15m-1789694100,ZEC,"ZCash Up or Down - September 17, 9:15PM-9:30PM ET",2026-09-18T01:30:00Z,2026-09-18T01:15:00Z,1463.1410801541779,Up,"[""1"", ""0""]",,,,0.495,0.01,resolved,0x78ac4faea9a8f413bed4d926e0b2f340e7f24ffa23936268825266818966a48c,https://data.chain.link/streams/zec-usd-twap-60s-streams,1467.2454064280555,2026-09-18 01:30:54+00
bnb-updown-15m-1789695000,BNB,"BNB Up or Down - September 17, 9:30PM-9:45PM ET",2026-09-18T01:45:00Z,2026-09-18T01:30:00Z,741.0890381497513,Up,"[""1"", ""0""]",0.999,224.875787,,0.4945,0.001,resolved,0x14cc0e8e29eaa7c995451656f3c4ff3f67a433e817ae3896164b84b2841f14fa,https://data.chain.link/streams/bnb-usd-twap-60s-streams,743.1151345380233,2026-09-18 01:45:55+00
btc-updown-15m-1789695000,BTC,"Bitcoin Up or Down - September 17, 9:30PM-9:45PM ET",2026-09-18T01:45:00Z,2026-09-18T01:30:00Z,76524.73178142204,Up,"[""1"", ""0""]",0.99,13798.604780999998,,0.4945,0.001,resolved,0x8284d0404c6b1ffc15f81e3f92005232b3846de449eebd8eabb8b3dd99c8d797,https://data.chain.link/streams/btc-usd-twap-60s-streams,76640.66201834635,2026-09-18 01:45:54+00
doge-updown-15m-1789695000,DOGE,"Dogecoin Up or Down - September 17, 9:30PM-9:45PM ET",2026-09-18T01:45:00Z,2026-09-18T01:30:00Z,0.08201568580696317,Up,"[""1"", ""0""]",0.999,620.733219,,0.4995,0.001,resolved,0x3ffa333a849ca88f5a4a25143ba17881cde0aa49db8139767c70e0d16bee2967,https://data.chain.link/streams/doge-usd-twap-60s-streams,0.0822430434427336,2026-09-18 01:45:54+00
eth-updown-15m-1789695000,ETH,"Ethereum Up or Down - September 17, 9:30PM-9:45PM ET",2026-09-18T01:45:00Z,2026-09-18T01:30:00Z,2448.893438778913,Up,"[""1"", ""0""]",0.999,2649.458517,,0.4945,0.001,resolved,0x2066bc1995f1d9c8c2b65538884864fd7138bb1755013bfe5c00286aa1443dff,https://data.chain.link/streams/eth-usd-twap-60s-streams,2454.384399422491,2026-09-18 01:45:54+00
hype-updown-15m-1789695000,HYPE,"Hyperliquid Up or Down - September 17, 9:30PM-9:45PM ET",2026-09-18T01:45:00Z,2026-09-18T01:30:00Z,86.81473375659499,Down,"[""0"", ""1""]",0.13,202.12754700000002,,-0.5,0.01,resolved,0xbed07e172437a4c464da46c341f5940bca2c6c2bd43bbd36d05111abd677687e,https://data.chain.link/streams/hype-usd-twap-60s-streams,86.6773808124645,2026-09-18 01:45:54+00
sol-updown-15m-1789695000,SOL,"Solana Up or Down - September 17, 9:30PM-9:45PM ET",2026-09-18T01:45:00Z,2026-09-18T01:30:00Z,101.72780384411978,Up,"[""1"", ""0""]",0.999,1425.327333,,0.4945,0.001,resolved,0x8744bc059d99aa52de86d4c97a03b32c22a8bdd8a342447075abd38bad8eec36,https://data.chain.link/streams/sol-usd-twap-60s-streams,102.14914042974416,2026-09-18 01:45:54+00
xrp-updown-15m-1789695000,XRP,"XRP Up or Down - September 17, 9:30PM-9:45PM ET",2026-09-18T01:45:00Z,2026-09-18T01:30:00Z,1.2999390532126138,Up,"[""1"", ""0""]",0.999,722.528577,,0.4945,0.001,resolved,0x53f7609df2f5490b0cbdd7e776a7a9caff9739fe0b10da513fa4294a1711780c,https://data.chain.link/streams/xrp-usd-twap-60s-streams,1.3023002177784808,2026-09-18 01:45:54+00
zec-updown-15m-1789695000,ZEC,"ZCash Up or Down - September 17, 9:30PM-9:45PM ET",2026-09-18T01:45:00Z,2026-09-18T01:30:00Z,1467.2454064280555,Up,"[""1"", ""0""]",0.94,,,0.4995,0.001,resolved,0xef78b252b8a0687978d8727f50157b6c0ed756de0d145f2b4bd39567674193e2,https://data.chain.link/streams/zec-usd-twap-60s-streams,1471.1650728767136,2026-09-18 01:45:54+00
bnb-updown-15m-1789695900,BNB,"BNB Up or Down - September 17, 9:45PM-10:00PM ET",2026-09-18T02:00:00Z,2026-09-18T01:45:00Z,743.1151345380233,Down,"[""0"", ""1""]",0.26,665.3789549999999,,-0.5,0.01,resolved,0x8af0b676e15dd4176d50c7e65b74d1423d8aaba3b2517d8f43ea0c95e07408f7,https://data.chain.link/streams/bnb-usd-twap-60s-streams,742.9767268375098,2026-09-18 02:00:54+00
btc-updown-15m-1789695900,BTC,"Bitcoin Up or Down - September 17, 9:45PM-10:00PM ET",2026-09-18T02:00:00Z,2026-09-18T01:45:00Z,76640.66201834635,Up,"[""1"", ""0""]",0.99,29922.777223999994,,0.49,0.01,resolved,0x7129fea3c950a46e1df11a411e3f1350a2ee5f1bf12432baacbecc8ac996f481,https://data.chain.link/streams/btc-usd-twap-60s-streams,76687.91193806412,2026-09-18 02:00:54+00
doge-updown-15m-1789695900,DOGE,"Dogecoin Up or Down - September 17, 9:45PM-10:00PM ET",2026-09-18T02:00:00Z,2026-09-18T01:45:00Z,0.0822430434427336,Up,"[""1"", ""0""]",0.999,957.531519,,0.4995,0.001,resolved,0x98258ae552fb2a153324c66eb113b365f4e0e43962ff7910a9b95989df6650e2,https://data.chain.link/streams/doge-usd-twap-60s-streams,0.08236728946667382,2026-09-18 02:00:54+00
eth-updown-15m-1789695900,ETH,"Ethereum Up or Down - September 17, 9:45PM-10:00PM ET",2026-09-18T02:00:00Z,2026-09-18T01:45:00Z,2454.384399422491,Up,"[""1"", ""0""]",0.99,5090.930822999999,,0.49,0.01,resolved,0x4b161c28d795a0c0135c57c7261f42a7c42116bebd35c453a861288557d5ccc0,https://data.chain.link/streams/eth-usd-twap-60s-streams,2456.747983918111,2026-09-18 02:00:54+00
hype-updown-15m-1789695900,HYPE,"Hyperliquid Up or Down - September 17, 9:45PM-10:00PM ET",2026-09-18T02:00:00Z,2026-09-18T01:45:00Z,86.6773808124645,Up,"[""1"", ""0""]",0.999,445.853961,,0.4945,0.001,resolved,0x5b4ce6acfc40783971b1460aec19e95ec19ab102dce569a46022c428c1903ad2,https://data.chain.link/streams/hype-usd-twap-60s-streams,86.7381942715958,2026-09-18 02:00:54+00
sol-updown-15m-1789695900,SOL,"Solana Up or Down - September 17, 9:45PM-10:00PM ET",2026-09-18T02:00:00Z,2026-09-18T01:45:00Z,102.14914042974416,Up,"[""1"", ""0""]",0.999,1769.1811889999997,,0.4945,0.001,resolved,0xef8ee50f7ffebd9b33a962012b763ebdb1a99b548fd6737ed17ecca60f529f77,https://data.chain.link/streams/sol-usd-twap-60s-streams,102.39454954095915,2026-09-18 02:00:54+00
xrp-updown-15m-1789695900,XRP,"XRP Up or Down - September 17, 9:45PM-10:00PM ET",2026-09-18T02:00:00Z,2026-09-18T01:45:00Z,1.3023002177784808,Up,"[""1"", ""0""]",0.999,1614.2575170000002,,0.4945,0.001,resolved,0x3361a9bd913590ae6145703795d5f3a8d8455ebff08bc382e5a234f3462b29ad,https://data.chain.link/streams/xrp-usd-twap-60s-streams,1.304268283087943,2026-09-18 02:00:54+00
zec-updown-15m-1789695900,ZEC,"ZCash Up or Down - September 17, 9:45PM-10:00PM ET",2026-09-18T02:00:00Z,2026-09-18T01:45:00Z,1471.1650728767136,Up,"[""1"", ""0""]",0.999,,,0.4995,0.001,resolved,0xc7eb3cab3190f86db169eaf7de3cdcfd4aa442a13222798144855fe507804b06,https://data.chain.link/streams/zec-usd-twap-60s-streams,1481.2713032340082,2026-09-18 02:00:54+00
bnb-updown-15m-1789696800,BNB,"BNB Up or Down - September 17, 10:00PM-10:15PM ET",2026-09-18T02:15:00Z,2026-09-18T02:00:00Z,742.9767268375098,Up,"[""1"", ""0""]",0.999,430.56981299999995,,0.4945,0.001,resolved,0x6290c2f601a3d4bbf70461a741f81022bcdc922176f94606073fd5a61cc657c0,https://data.chain.link/streams/bnb-usd-twap-60s-streams,744.5972674708321,2026-09-18 02:15:55+00
btc-updown-15m-1789696800,BTC,"Bitcoin Up or Down - September 17, 10:00PM-10:15PM ET",2026-09-18T02:15:00Z,2026-09-18T02:00:00Z,76687.91193806412,Up,"[""1"", ""0""]",0.99,41959.275563999996,2913.48,0.49,0.01,resolved,0xcad1a410bf798a0884ab0fb76707fef8b8771ecb2aecce338658a15cf52ddd7c,https://data.chain.link/streams/btc-usd-twap-60s-streams,76695.04916349931,2026-09-18 02:15:54+00
doge-updown-15m-1789696800,DOGE,"Dogecoin Up or Down - September 17, 10:00PM-10:15PM ET",2026-09-18T02:15:00Z,2026-09-18T02:00:00Z,0.08236728946667382,Up,"[""1"", ""0""]",0.99,852.900158,,0.4995,0.001,resolved,0x02591f9f8cf38597a0decda17a0b9e7ab3625acd26f741596c4f346467fb890e,https://data.chain.link/streams/doge-usd-twap-60s-streams,0.08244510227798965,2026-09-18 02:15:54+00
eth-updown-15m-1789696800,ETH,"Ethereum Up or Down - September 17, 10:00PM-10:15PM ET",2026-09-18T02:15:00Z,2026-09-18T02:00:00Z,2456.747983918111,Down,"[""0"", ""1""]",0.056,7916.235093000001,160,-0.5045,0.001,resolved,0xf28c1cb32ad64e2d17798cddb3df63b1014fbf71091049d0f5f833140ef7f423,https://data.chain.link/streams/eth-usd-twap-60s-streams,2453.913038104069,2026-09-18 02:15:54+00
hype-updown-15m-1789696800,HYPE,"Hyperliquid Up or Down - September 17, 10:00PM-10:15PM ET",2026-09-18T02:15:00Z,2026-09-18T02:00:00Z,86.7381942715958,Down,"[""0"", ""1""]",0.06,425.9072689999999,,-0.5,0.01,resolved,0x2949654441a7143f432d1d3edebb7fd733f7ffd212b044d3ebfa0b0d8abc82c9,https://data.chain.link/streams/hype-usd-twap-60s-streams,86.64104736954282,2026-09-18 02:15:55+00
sol-updown-15m-1789696800,SOL,"Solana Up or Down - September 17, 10:00PM-10:15PM ET",2026-09-18T02:15:00Z,2026-09-18T02:00:00Z,102.39454954095915,Up,"[""1"", ""0""]",0.999,2202.677436000001,25,0.4945,0.001,resolved,0x1c60b72ce0159eaa98e90798cd71f5858eb425b6a87c72015150df2f685e6867,https://data.chain.link/streams/sol-usd-twap-60s-streams,102.40221492055419,2026-09-18 02:15:54+00
xrp-updown-15m-1789696800,XRP,"XRP Up or Down - September 17, 10:00PM-10:15PM ET",2026-09-18T02:15:00Z,2026-09-18T02:00:00Z,1.304268283087943,Down,"[""0"", ""1""]",0.16,1879.807751,,-0.5045,0.001,resolved,0x32c65727b7fd36038ccd405496b28c2e075a58419a30cd74088d804842f0b35d,https://data.chain.link/streams/xrp-usd-twap-60s-streams,1.3033947239818688,2026-09-18 02:15:54+00
zec-updown-15m-1789696800,ZEC,"ZCash Up or Down - September 17, 10:00PM-10:15PM ET",2026-09-18T02:15:00Z,2026-09-18T02:00:00Z,1481.2713032340082,Up,"[""1"", ""0""]",,,,0.495,0.01,resolved,0xc844d102712369b708d43da05418065746c67a2efd78918c5abba03a55d6de2a,https://data.chain.link/streams/zec-usd-twap-60s-streams,1484.6907834632066,2026-09-18 02:15:55+00
bnb-updown-15m-1789697700,BNB,"BNB Up or Down - September 17, 10:15PM-10:30PM ET",2026-09-18T02:30:00Z,2026-09-18T02:15:00Z,744.5972674708321,Up,"[""1"", ""0""]",0.999,318.300584,19.705884,0.5045,0.001,resolved,0x9178b926598bc8aad3bd10e29bf14ae533e9c16b17219772b43064f0e54cf955,https://data.chain.link/streams/bnb-usd-twap-60s-streams,748.4278963639881,2026-09-18 02:30:54+00
btc-updown-15m-1789697700,BTC,"Bitcoin Up or Down - September 17, 10:15PM-10:30PM ET",2026-09-18T02:30:00Z,2026-09-18T02:15:00Z,76695.04916349931,Up,"[""1"", ""0""]",0.99,34316.544314000006,,0.4945,0.001,resolved,0xd7ecacd9976227c10997bfac0b86ae80851c3f2c47614f92765b27a3a50f6259,https://data.chain.link/streams/btc-usd-twap-60s-streams,76834.51595405082,2026-09-18 02:30:54+00
doge-updown-15m-1789697700,DOGE,"Dogecoin Up or Down - September 17, 10:15PM-10:30PM ET",2026-09-18T02:30:00Z,2026-09-18T02:15:00Z,0.08244510227798965,Up,"[""1"", ""0""]",0.999,817.6906759999999,,0.4995,0.001,resolved,0xf08ae41a12e55427831a9ae36ba5fb137854f7e3316e07f887a56a13aa89e7d6,https://data.chain.link/streams/doge-usd-twap-60s-streams,0.08258797559965285,2026-09-18 02:30:54+00
eth-updown-15m-1789697700,ETH,"Ethereum Up or Down - September 17, 10:15PM-10:30PM ET",2026-09-18T02:30:00Z,2026-09-18T02:15:00Z,2453.913038104069,Up,"[""1"", ""0""]",0.999,4529.631110999998,,0.4945,0.001,resolved,0xbfd4e06a7a6ba79ac14d0d48d6b5fb08ca76d3c8a4382e8a1f0288a48895f64c,https://data.chain.link/streams/eth-usd-twap-60s-streams,2457.84554396451,2026-09-18 02:30:54+00
hype-updown-15m-1789697700,HYPE,"Hyperliquid Up or Down - September 17, 10:15PM-10:30PM ET",2026-09-18T02:30:00Z,2026-09-18T02:15:00Z,86.64104736954282,Down,"[""0"", ""1""]",0.06,160.037826,,-0.5045,0.001,resolved,0xbfeccbc3dd908025a44374127ff79ecd35210dcd724206d4e95b137bdfe5d7a0,https://data.chain.link/streams/hype-usd-twap-60s-streams,86.10566474726403,2026-09-18 02:30:54+00
sol-updown-15m-1789697700,SOL,"Solana Up or Down - September 17, 10:15PM-10:30PM ET",2026-09-18T02:30:00Z,2026-09-18T02:15:00Z,102.40221492055419,Up,"[""1"", ""0""]",0.99,2985.1677230000005,,0.49,0.01,resolved,0x518828c4ba2ce911ca9b8a6869943dbb88554e5b78570f2672824d734ac61683,https://data.chain.link/streams/sol-usd-twap-60s-streams,102.44039393215205,2026-09-18 02:30:54+00
xrp-updown-15m-1789697700,XRP,"XRP Up or Down - September 17, 10:15PM-10:30PM ET",2026-09-18T02:30:00Z,2026-09-18T02:15:00Z,1.3033947239818688,Up,"[""1"", ""0""]",0.99,770.631907,,0.4945,0.001,resolved,0x43473dd331a2f7e49b97750f77ad09b1570aecfdc80878a51a0d6ef54deb4b2b,https://data.chain.link/streams/xrp-usd-twap-60s-streams,1.3055758243224445,2026-09-18 02:30:54+00
zec-updown-15m-1789697700,ZEC,"ZCash Up or Down - September 17, 10:15PM-10:30PM ET",2026-09-18T02:30:00Z,2026-09-18T02:15:00Z,1484.6907834632066,Up,"[""1"", ""0""]",0.999,,,0.4995,0.001,resolved,0xd0a99fb23e198ab193bc3b026f0694d0d9e30b9996c565976ea4d4ef55411c66,https://data.chain.link/streams/zec-usd-twap-60s-streams,1488.923744415006,2026-09-18 02:30:54+00
bnb-updown-15m-1789698600,BNB,"BNB Up or Down - September 17, 10:30PM-10:45PM ET",2026-09-18T02:45:00Z,2026-09-18T02:30:00Z,748.4278963639881,Down,"[""0"", ""1""]",0.09,585.4031689999999,,-0.5045,0.001,resolved,0x98b990f1431a68815b05406e7bf600f467134f46d0eb5cc031c2adde50fe37fd,https://data.chain.link/streams/bnb-usd-twap-60s-streams,748.1309790112862,2026-09-18 02:45:54+00
btc-updown-15m-1789698600,BTC,"Bitcoin Up or Down - September 17, 10:30PM-10:45PM ET",2026-09-18T02:45:00Z,2026-09-18T02:30:00Z,76834.51595405082,Up,"[""1"", ""0""]",0.999,44437.63728000002,,0.4945,0.001,resolved,0xeb4b5a3fa1ca7f471bb766e3acb67a18a07c51464788495d238bfca7097d3644,https://data.chain.link/streams/btc-usd-twap-60s-streams,76890.86763677612,2026-09-18 02:45:54+00
doge-updown-15m-1789698600,DOGE,"Dogecoin Up or Down - September 17, 10:30PM-10:45PM ET",2026-09-18T02:45:00Z,2026-09-18T02:30:00Z,0.08258797559965285,Up,"[""1"", ""0""]",0.999,1076.408475,,0.4995,0.001,resolved,0x548d8f8ffde7fb9fdc87c4d1f907527438919fa38a31220793856b80783e29b6,https://data.chain.link/streams/doge-usd-twap-60s-streams,0.0828017703558257,2026-09-18 02:45:54+00
eth-updown-15m-1789698600,ETH,"Ethereum Up or Down - September 17, 10:30PM-10:45PM ET",2026-09-18T02:45:00Z,2026-09-18T02:30:00Z,2457.84554396451,Up,"[""1"", ""0""]",0.999,4855.277596999998,,0.4945,0.001,resolved,0x9c4718668dd3494a32a3909f58c8f97d29b6b3038a8b75bbce5c8a94365ff972,https://data.chain.link/streams/eth-usd-twap-60s-streams,2460.744087759573,2026-09-18 02:45:55+00
hype-updown-15m-1789698600,HYPE,"Hyperliquid Up or Down - September 17, 10:30PM-10:45PM ET",2026-09-18T02:45:00Z,2026-09-18T02:30:00Z,86.10566474726403,Up,"[""1"", ""0""]",0.999,328.396421,,0.4945,0.001,resolved,0xaa4dfad2529780af8980ee4c75e1b08a935329284b83e3c0e7e00b7b0c0a97cc,https://data.chain.link/streams/hype-usd-twap-60s-streams,86.18177335036434,2026-09-18 02:45:54+00
sol-updown-15m-1789698600,SOL,"Solana Up or Down - September 17, 10:30PM-10:45PM ET",2026-09-18T02:45:00Z,2026-09-18T02:30:00Z,102.44039393215205,Up,"[""1"", ""0""]",0.99,2238.5941950000006,,0.4945,0.001,resolved,0x1c03023bf73b3ad0b8f31d01a4eb4eba0dde1c0766c6f8e44bbb688aa406155d,https://data.chain.link/streams/sol-usd-twap-60s-streams,102.51945903063034,2026-09-18 02:45:55+00
xrp-updown-15m-1789698600,XRP,"XRP Up or Down - September 17, 10:30PM-10:45PM ET",2026-09-18T02:45:00Z,2026-09-18T02:30:00Z,1.3055758243224445,Down,"[""0"", ""1""]",0.01,1837.9456260000006,,-0.5045,0.001,resolved,0x1d4c9d59816be33be34b3b878584fc44f23b62adc995a3a3acfd1286e2f87f05,https://data.chain.link/streams/xrp-usd-twap-60s-streams,1.305516430359008,2026-09-18 02:45:54+00
zec-updown-15m-1789698600,ZEC,"ZCash Up or Down - September 17, 10:30PM-10:45PM ET",2026-09-18T02:45:00Z,2026-09-18T02:30:00Z,1488.923744415006,Down,"[""0"", ""1""]",,,,-0.495,0.01,resolved,0x175cd15f4a620aa21c7f5a77b5db3b388a0b2e4a9eb769206b5e4bf1ce3cc78b,https://data.chain.link/streams/zec-usd-twap-60s-streams,1484.5881104828686,2026-09-18 02:45:55+00
bnb-updown-15m-1789699500,BNB,"BNB Up or Down - September 17, 10:45PM-11:00PM ET",2026-09-18T03:00:00Z,2026-09-18T02:45:00Z,748.1309790112862,Down,"[""0"", ""1""]",0.01,353.02936900000003,,-0.5,0.01,resolved,0xf25bff75a539d363b728931a0bc4a3c1f7140799c0f7eb8089debc4e535724e2,https://data.chain.link/streams/bnb-usd-twap-60s-streams,747.8042690258553,2026-09-18 03:01:01+00
btc-updown-15m-1789699500,BTC,"Bitcoin Up or Down - September 17, 10:45PM-11:00PM ET",2026-09-18T03:00:00Z,2026-09-18T02:45:00Z,76890.86763677612,Up,"[""1"", ""0""]",0.999,28739.605989000003,20,0.5,0.01,resolved,0x8f8595e5dbcdca41145b1ac39e3ae532ac3258bbd8e641e5a07a73ef1aca56b7,https://data.chain.link/streams/btc-usd-twap-60s-streams,76924.68468587573,2026-09-18 03:00:55+00
doge-updown-15m-1789699500,DOGE,"Dogecoin Up or Down - September 17, 10:45PM-11:00PM ET",2026-09-18T03:00:00Z,2026-09-18T02:45:00Z,0.0828017703558257,Down,"[""0"", ""1""]",0.01,1375.532233,,-0.495,0.01,resolved,0x2c59910a61391771bb522a3189e43ca361f8a1442b71819991be887f5a1aaf6a,https://data.chain.link/streams/doge-usd-twap-60s-streams,0.08277272028143776,2026-09-18 03:00:55+00
eth-updown-15m-1789699500,ETH,"Ethereum Up or Down - September 17, 10:45PM-11:00PM ET",2026-09-18T03:00:00Z,2026-09-18T02:45:00Z,2460.744087759573,Down,"[""0"", ""1""]",0.54,7012.520290999995,,-0.5,0.01,resolved,0xf689dde92820392ebe625c83d19defc29d65717762a45f6705a1f27512576638,https://data.chain.link/streams/eth-usd-twap-60s-streams,2460.7300034506616,2026-09-18 03:00:55+00
hype-updown-15m-1789699500,HYPE,"Hyperliquid Up or Down - September 17, 10:45PM-11:00PM ET",2026-09-18T03:00:00Z,2026-09-18T02:45:00Z,86.18177335036434,Up,"[""1"", ""0""]",0.97,382.389359,,0.49,0.01,resolved,0xb36cbfed5d058c009cfd6097ec25640ab074cd7efaf04ec41d5bbc793208fb22,https://data.chain.link/streams/hype-usd-twap-60s-streams,86.25730344912857,2026-09-18 03:00:54+00
sol-updown-15m-1789699500,SOL,"Solana Up or Down - September 17, 10:45PM-11:00PM ET",2026-09-18T03:00:00Z,2026-09-18T02:45:00Z,102.51945903063034,Up,"[""1"", ""0""]",0.999,1472.5341550000003,,0.4945,0.001,resolved,0x58f88e198bfb1f2c3aefcc9faa9a77e53edc9b0c7b796fad8c7d007c803b2784,https://data.chain.link/streams/sol-usd-twap-60s-streams,102.65421934311487,2026-09-18 03:00:55+00
xrp-updown-15m-1789699500,XRP,"XRP Up or Down - September 17, 10:45PM-11:00PM ET",2026-09-18T03:00:00Z,2026-09-18T02:45:00Z,1.305516430359008,Down,"[""0"", ""1""]",0.04,1148.6321279999997,,-0.5,0.01,resolved,0x29a5b65de793764faebd4c12e47c38d6893143a3e770bca9499bfd97bd74241b,https://data.chain.link/streams/xrp-usd-twap-60s-streams,1.3052406300937287,2026-09-18 03:00:55+00
zec-updown-15m-1789699500,ZEC,"ZCash Up or Down - September 17, 10:45PM-11:00PM ET",2026-09-18T03:00:00Z,2026-09-18T02:45:00Z,1484.5881104828686,Up,"[""1"", ""0""]",,,,0.495,0.01,resolved,0xb0e3f487406b5fab8a3c4dd734434e30be3fcb737d2433d8ee92df6fc5afed21,https://data.chain.link/streams/zec-usd-twap-60s-streams,1484.6932311991684,2026-09-18 03:00:55+00
bnb-updown-15m-1789700400,BNB,"BNB Up or Down - September 17, 11:00PM-11:15PM ET",2026-09-18T03:15:00Z,2026-09-18T03:00:00Z,747.8042690258553,Up,"[""1"", ""0""]",0.999,208.752243,,0.4945,0.001,resolved,0x9811b234a9fda74801b7fdf687e1417dc5da5c2456f47f13b416b100d43d0070,https://data.chain.link/streams/bnb-usd-twap-60s-streams,750.8830860183393,2026-09-18 03:16:27+00
btc-updown-15m-1789700400,BTC,"Bitcoin Up or Down - September 17, 11:00PM-11:15PM ET",2026-09-18T03:15:00Z,2026-09-18T03:00:00Z,76924.68468587573,Up,"[""1"", ""0""]",0.999,43785.322835000006,3392.36,0.4945,0.001,resolved,0x68f39a3c81330dd28566fac02c05d64462bde6b6bb08e973f4d9a2ba83775575,https://data.chain.link/streams/btc-usd-twap-60s-streams,77229.52853274482,2026-09-18 03:16:27+00
doge-updown-15m-1789700400,DOGE,"Dogecoin Up or Down - September 17, 11:00PM-11:15PM ET",2026-09-18T03:15:00Z,2026-09-18T03:00:00Z,0.08277272028143776,Up,"[""1"", ""0""]",0.999,1000.6060340000001,,0.4995,0.001,resolved,0x29f89ee265eb0ee260e277e234340b68e1a641fab77e44e7fede0e8de62d280a,https://data.chain.link/streams/doge-usd-twap-60s-streams,0.0833457343515335,2026-09-18 03:16:27+00
eth-updown-15m-1789700400,ETH,"Ethereum Up or Down - September 17, 11:00PM-11:15PM ET",2026-09-18T03:15:00Z,2026-09-18T03:00:00Z,2460.7300034506616,Up,"[""1"", ""0""]",0.999,2124.6159240000006,55,0.4945,0.001,resolved,0x4b240e6d96ed1932c1c5423b5a066e722b7f9ab715866b726c3c1421bd6bd55e,https://data.chain.link/streams/eth-usd-twap-60s-streams,2470.8014845427706,2026-09-18 03:16:27+00
hype-updown-15m-1789700400,HYPE,"Hyperliquid Up or Down - September 17, 11:00PM-11:15PM ET",2026-09-18T03:15:00Z,2026-09-18T03:00:00Z,86.25730344912857,Up,"[""1"", ""0""]",0.999,526.696643,,0.4945,0.001,resolved,0x9cc5c0dead0687f8642f1ef6bf0b28a286b8ec9f34773c5cc372c94b67a74249,https://data.chain.link/streams/hype-usd-twap-60s-streams,86.65537821557217,2026-09-18 03:16:27+00
sol-updown-15m-1789700400,SOL,"Solana Up or Down - September 17, 11:00PM-11:15PM ET",2026-09-18T03:15:00Z,2026-09-18T03:00:00Z,102.65421934311487,Up,"[""1"", ""0""]",0.999,1372.235716,,0.4945,0.001,resolved,0xda89d0b4cb32bcde2defe7e751e92331dad0703310f2f119c0f1bc2c26f83fc5,https://data.chain.link/streams/sol-usd-twap-60s-streams,103.46357730828065,2026-09-18 03:16:27+00
xrp-updown-15m-1789700400,XRP,"XRP Up or Down - September 17, 11:00PM-11:15PM ET",2026-09-18T03:15:00Z,2026-09-18T03:00:00Z,1.3052406300937287,Up,"[""1"", ""0""]",0.999,1316.675892,,0.4945,0.001,resolved,0x0e19a0c124246bffff541d5301f5eb7713f1910624f6a6786577cc4c1f3826e2,https://data.chain.link/streams/xrp-usd-twap-60s-streams,1.314386002192717,2026-09-18 03:16:27+00
zec-updown-15m-1789700400,ZEC,"ZCash Up or Down - September 17, 11:00PM-11:15PM ET",2026-09-18T03:15:00Z,2026-09-18T03:00:00Z,1484.6932311991684,Up,"[""1"", ""0""]",,,,0.4995,0.001,resolved,0xb913cdb9956036505997b264139a80f8919ba07cf2a1245a81c89f1e090d0610,https://data.chain.link/streams/zec-usd-twap-60s-streams,1492.8803933347144,2026-09-18 03:16:27+00
bnb-updown-15m-1789701300,BNB,"BNB Up or Down - September 17, 11:15PM-11:30PM ET",2026-09-18T03:30:00Z,2026-09-18T03:15:00Z,750.8830860183393,Down,"[""0"", ""1""]",0.31,513.743485,,-0.5,0.01,resolved,0x9f1e6ec9afe9a0605369c26d4afd52c28aca73a562780931da70f5c5d1fb63f8,https://data.chain.link/streams/bnb-usd-twap-60s-streams,750.4292055512279,2026-09-18 03:30:55+00
btc-updown-15m-1789701300,BTC,"Bitcoin Up or Down - September 17, 11:15PM-11:30PM ET",2026-09-18T03:30:00Z,2026-09-18T03:15:00Z,77229.52853274482,Up,"[""1"", ""0""]",0.999,71858.00971900004,39.81,0.4945,0.001,resolved,0x4a4a77b1c37b4a9a794a35d6a7c7132cd0ff1521e33992af164a7a2207017b7b,https://data.chain.link/streams/btc-usd-twap-60s-streams,77399.89039955196,2026-09-18 03:30:54+00
doge-updown-15m-1789701300,DOGE,"Dogecoin Up or Down - September 17, 11:15PM-11:30PM ET",2026-09-18T03:30:00Z,2026-09-18T03:15:00Z,0.0833457343515335,Up,"[""1"", ""0""]",0.999,1096.0549379999998,,0.4995,0.001,resolved,0x184fe401207b3eb9479a204bcee05f4416fa87817c854dd602190cb016298221,https://data.chain.link/streams/doge-usd-twap-60s-streams,0.08377132775924778,2026-09-18 03:30:55+00
eth-updown-15m-1789701300,ETH,"Ethereum Up or Down - September 17, 11:15PM-11:30PM ET",2026-09-18T03:30:00Z,2026-09-18T03:15:00Z,2470.8014845427706,Up,"[""1"", ""0""]",0.99,9498.054207999998,,0.49,0.01,resolved,0x15b985258c50011671820cbfd6f33865895dd0dcea49da82fdd1291186b222e0,https://data.chain.link/streams/eth-usd-twap-60s-streams,2473.9370926085126,2026-09-18 03:30:55+00
hype-updown-15m-1789701300,HYPE,"Hyperliquid Up or Down - September 17, 11:15PM-11:30PM ET",2026-09-18T03:30:00Z,2026-09-18T03:15:00Z,86.65537821557217,Down,"[""0"", ""1""]",0.21,207.66577600000002,,-0.5,0.01,resolved,0x3d63c7a75715230ccdc338518de609afd01a2096630f79b90b3caee7f5c164d8,https://data.chain.link/streams/hype-usd-twap-60s-streams,86.6208214241181,2026-09-18 03:30:54+00
sol-updown-15m-1789701300,SOL,"Solana Up or Down - September 17, 11:15PM-11:30PM ET",2026-09-18T03:30:00Z,2026-09-18T03:15:00Z,103.46357730828065,Up,"[""1"", ""0""]",0.999,3852.6712769999995,,0.4945,0.001,resolved,0x238c2dbb189f1f2f4faa690890087b8c0b234b8cefab90e7bbbd5e1cb519e3af,https://data.chain.link/streams/sol-usd-twap-60s-streams,103.97965854812222,2026-09-18 03:30:55+00
xrp-updown-15m-1789701300,XRP,"XRP Up or Down - September 17, 11:15PM-11:30PM ET",2026-09-18T03:30:00Z,2026-09-18T03:15:00Z,1.314386002192717,Up,"[""1"", ""0""]",0.999,2083.475342,,0.4945,0.001,resolved,0x616fbadd8d6fcbceefac24065db9bb4fa4150e2d4e4842ed698b381fcc54f90c,https://data.chain.link/streams/xrp-usd-twap-60s-streams,1.321079257643642,2026-09-18 03:30:55+00
zec-updown-15m-1789701300,ZEC,"ZCash Up or Down - September 17, 11:15PM-11:30PM ET",2026-09-18T03:30:00Z,2026-09-18T03:15:00Z,1492.8803933347144,Down,"[""0"", ""1""]",,,,-0.495,0.01,resolved,0x636b2fed7ad94b2e170a1d264fa0c58d6ca4400e36f4bc09ff66fff65ebb0f25,https://data.chain.link/streams/zec-usd-twap-60s-streams,1486.8257305891539,2026-09-18 03:30:54+00
bnb-updown-15m-1789702200,BNB,"BNB Up or Down - September 17, 11:30PM-11:45PM ET",2026-09-18T03:45:00Z,2026-09-18T03:30:00Z,750.4292055512279,Down,"[""0"", ""1""]",0.07,410.93526999999995,,-0.5045,0.001,resolved,0xfab15f583fd7655ea3fc884ab239ab17d0910e371a064eddc11d06fc264c72f0,https://data.chain.link/streams/bnb-usd-twap-60s-streams,749.8199999452451,2026-09-18 03:46:27+00
btc-updown-15m-1789702200,BTC,"Bitcoin Up or Down - September 17, 11:30PM-11:45PM ET",2026-09-18T03:45:00Z,2026-09-18T03:30:00Z,77399.89039955196,Down,"[""0"", ""1""]",0.001,47548.47922599998,20,-0.5045,0.001,resolved,0xdd3469331d570643b5e71bb5f3945c738c8a6c39086668d53ddf9caeee90efcc,https://data.chain.link/streams/btc-usd-twap-60s-streams,77270.32833664292,2026-09-18 03:46:27+00
doge-updown-15m-1789702200,DOGE,"Dogecoin Up or Down - September 17, 11:30PM-11:45PM ET",2026-09-18T03:45:00Z,2026-09-18T03:30:00Z,0.08377132775924778,Up,"[""1"", ""0""]",0.99,802.3892950000002,,0.495,0.01,resolved,0x331df9efed4286944e095bec8d41bad03bfcf544a5b7cb4b6dcc834776e7f5e2,https://data.chain.link/streams/doge-usd-twap-60s-streams,0.08380776294406136,2026-09-18 03:46:27+00
eth-updown-15m-1789702200,ETH,"Ethereum Up or Down - September 17, 11:30PM-11:45PM ET",2026-09-18T03:45:00Z,2026-09-18T03:30:00Z,2473.9370926085126,Down,"[""0"", ""1""]",0.03,3933.4978330000004,,-0.5045,0.001,resolved,0x0271f797aa5bfc1ab0c24b648be74d80e1193b04fe51b1bd6b66db880eba3ff6,https://data.chain.link/streams/eth-usd-twap-60s-streams,2470.423128370792,2026-09-18 03:46:27+00
hype-updown-15m-1789702200,HYPE,"Hyperliquid Up or Down - September 17, 11:30PM-11:45PM ET",2026-09-18T03:45:00Z,2026-09-18T03:30:00Z,86.6208214241181,Down,"[""0"", ""1""]",0.13,314.231468,,-0.5045,0.001,resolved,0x6dd6a8ee60eed5878f4d2be0f90ec58d177cb4ad5df792bb0adc2b5b3d009ece,https://data.chain.link/streams/hype-usd-twap-60s-streams,86.52596242254255,2026-09-18 03:46:27+00
sol-updown-15m-1789702200,SOL,"Solana Up or Down - September 17, 11:30PM-11:45PM ET",2026-09-18T03:45:00Z,2026-09-18T03:30:00Z,103.97965854812222,Down,"[""0"", ""1""]",0.01,5472.939301999999,,-0.5,0.01,resolved,0x7cd59e83ffe73eb02aa826e14fb92189a1d92284c509503846abe1f467f17aad,https://data.chain.link/streams/sol-usd-twap-60s-streams,103.94783727466768,2026-09-18 03:46:27+00
xrp-updown-15m-1789702200,XRP,"XRP Up or Down - September 17, 11:30PM-11:45PM ET",2026-09-18T03:45:00Z,2026-09-18T03:30:00Z,1.321079257643642,Down,"[""0"", ""1""]",0.06,931.7349669999999,,-0.5045,0.001,resolved,0x4a1b64bb602284cac056f1f670e46b5282e77ec3f29e171e17ee5e11a3185572,https://data.chain.link/streams/xrp-usd-twap-60s-streams,1.318942000010748,2026-09-18 03:46:27+00
zec-updown-15m-1789702200,ZEC,"ZCash Up or Down - September 17, 11:30PM-11:45PM ET",2026-09-18T03:45:00Z,2026-09-18T03:30:00Z,1486.8257305891539,Up,"[""1"", ""0""]",,,,0.4995,0.001,resolved,0x9f321677c187c94d313f76af8ce08947356f91232daccf57e4a29021cd8b753a,https://data.chain.link/streams/zec-usd-twap-60s-streams,1495.6657667636266,2026-09-18 03:46:27+00
bnb-updown-15m-1789703100,BNB,"BNB Up or Down - September 17, 11:45PM-12:00AM ET",2026-09-18T04:00:00Z,2026-09-18T03:45:00Z,749.8199999452451,Up,"[""1"", ""0""]",0.999,95.32146300000001,,0.4945,0.001,resolved,0x4f5669f8122319a9c181937050625016f991f8bc48cec6bc53bcf99d99d69f89,https://data.chain.link/streams/bnb-usd-twap-60s-streams,750.3902746521871,2026-09-18 04:01:28+00
btc-updown-15m-1789703100,BTC,"Bitcoin Up or Down - September 17, 11:45PM-12:00AM ET",2026-09-18T04:00:00Z,2026-09-18T03:45:00Z,77270.32833664292,Up,"[""1"", ""0""]",0.99,20495.565138000016,,0.49,0.01,resolved,0x2d022b2e7c019046cfad51579d6b1b875564c92134506b10a4eb9a6fe16691ce,https://data.chain.link/streams/btc-usd-twap-60s-streams,77301.91227351835,2026-09-18 04:01:28+00
doge-updown-15m-1789703100,DOGE,"Dogecoin Up or Down - September 17, 11:45PM-12:00AM ET",2026-09-18T04:00:00Z,2026-09-18T03:45:00Z,0.08380776294406136,Up,"[""1"", ""0""]",0.999,788.9687209999998,,0.4995,0.001,resolved,0x5068173cd6d3182bc7d95c71baf173dcbd3f7f74ca0baf6d169cb4634d9929a8,https://data.chain.link/streams/doge-usd-twap-60s-streams,0.08421892956496581,2026-09-18 04:01:37+00
eth-updown-15m-1789703100,ETH,"Ethereum Up or Down - September 17, 11:45PM-12:00AM ET",2026-09-18T04:00:00Z,2026-09-18T03:45:00Z,2470.423128370792,Up,"[""1"", ""0""]",0.999,5601.199564999999,,0.4945,0.001,resolved,0xa8c4b7b6854136b96a24ba52540f7147e9452b9978622da314438257682679f8,https://data.chain.link/streams/eth-usd-twap-60s-streams,2475.9782719175723,2026-09-18 04:01:37+00
hype-updown-15m-1789703100,HYPE,"Hyperliquid Up or Down - September 17, 11:45PM-12:00AM ET",2026-09-18T04:00:00Z,2026-09-18T03:45:00Z,86.52596242254255,Up,"[""1"", ""0""]",0.999,92.67938300000002,,0.4945,0.001,resolved,0xd86df4adaac80c0e608019acdebfa63f33a053338b8cde54627d3707ea61dab0,https://data.chain.link/streams/hype-usd-twap-60s-streams,86.91437152936517,2026-09-18 04:01:37+00
sol-updown-15m-1789703100,SOL,"Solana Up or Down - September 17, 11:45PM-12:00AM ET",2026-09-18T04:00:00Z,2026-09-18T03:45:00Z,103.94783727466768,Up,"[""1"", ""0""]",0.999,1401.1176859999998,,0.4945,0.001,resolved,0xc006d350bda962a5653abea0af9ee264062d9d491592689bb35be2c737fdbece,https://data.chain.link/streams/sol-usd-twap-60s-streams,104.45042968184615,2026-09-18 04:01:28+00
xrp-updown-15m-1789703100,XRP,"XRP Up or Down - September 17, 11:45PM-12:00AM ET",2026-09-18T04:00:00Z,2026-09-18T03:45:00Z,1.318942000010748,Up,"[""1"", ""0""]",0.999,729.9894679999999,,0.4945,0.001,resolved,0x37d93efa53201176acf1f302aadf7d3e98440d20ed0bfb1dd9aaf4318dce00a7,https://data.chain.link/streams/xrp-usd-twap-60s-streams,1.323382351051525,2026-09-18 04:01:28+00
zec-updown-15m-1789703100,ZEC,"ZCash Up or Down - September 17, 11:45PM-12:00AM ET",2026-09-18T04:00:00Z,2026-09-18T03:45:00Z,1495.6657667636266,Up,"[""1"", ""0""]",,,,0.4995,0.001,resolved,0x7b08a013c9c24c46fadc6acfcf5cb80822bd2411f693202b01636ed93927416e,https://data.chain.link/streams/zec-usd-twap-60s-streams,1517.0511852063248,2026-09-18 04:01:28+00
bnb-updown-15m-1789704000,BNB,"BNB Up or Down - September 18, 12:00AM-12:15AM ET",2026-09-18T04:15:00Z,2026-09-18T04:00:00Z,750.3902746521871,Down,"[""0"", ""1""]",0.12,253.009887,,-0.5045,0.001,resolved,0xc41f58c56a398f2f92a6372e0bb1d04dfb9bf06b9aa0dcef058c560203d38163,https://data.chain.link/streams/bnb-usd-twap-60s-streams,749.1175598463897,2026-09-18 04:15:54+00
btc-updown-15m-1789704000,BTC,"Bitcoin Up or Down - September 18, 12:00AM-12:15AM ET",2026-09-18T04:15:00Z,2026-09-18T04:00:00Z,77301.91227351835,Down,"[""0"", ""1""]",0.001,18302.970742000005,2810.21,-0.5045,0.001,resolved,0x1c868a56054d0832c18fecbe1a8f6ea5cfdde6dd6c9fc17b41ec1b792f418ff7,https://data.chain.link/streams/btc-usd-twap-60s-streams,77237.66952560941,2026-09-18 04:15:54+00
doge-updown-15m-1789704000,DOGE,"Dogecoin Up or Down - September 18, 12:00AM-12:15AM ET",2026-09-18T04:15:00Z,2026-09-18T04:00:00Z,0.08421892956496581,Down,"[""0"", ""1""]",0.36,1392.908236,,-0.495,0.01,resolved,0x270bd0e5c3142dde5f576da10a173d617750b1a6fd3c9043ca6b9a8b71db39b9,https://data.chain.link/streams/doge-usd-twap-60s-streams,0.08420726019266475,2026-09-18 04:15:54+00
eth-updown-15m-1789704000,ETH,"Ethereum Up or Down - September 18, 12:00AM-12:15AM ET",2026-09-18T04:15:00Z,2026-09-18T04:00:00Z,2475.9782719175723,Down,"[""0"", ""1""]",0.01,5084.045360999999,,-0.5045,0.001,resolved,0x425cf7088bcc2d7b6f9df74bf67f8492a71b69f5a65a5340c9d130f2568d3b93,https://data.chain.link/streams/eth-usd-twap-60s-streams,2473.4945372524826,2026-09-18 04:15:54+00
hype-updown-15m-1789704000,HYPE,"Hyperliquid Up or Down - September 18, 12:00AM-12:15AM ET",2026-09-18T04:15:00Z,2026-09-18T04:00:00Z,86.91437152936517,Down,"[""0"", ""1""]",0.09,208.497742,49.019608,-0.5045,0.001,resolved,0x0e6784642ec53a4816ee379cf4ca2ce93c85f2acbbcf3068f26043eef426de5d,https://data.chain.link/streams/hype-usd-twap-60s-streams,86.57182340557905,2026-09-18 04:15:55+00
sol-updown-15m-1789704000,SOL,"Solana Up or Down - September 18, 12:00AM-12:15AM ET",2026-09-18T04:15:00Z,2026-09-18T04:00:00Z,104.45042968184615,Up,"[""1"", ""0""]",0.999,2065.338047,,0.4945,0.001,resolved,0x37457c0a165aa37fba86cb13b78b8718dde3b82b0f1279cfc9a50859c7ac1316,https://data.chain.link/streams/sol-usd-twap-60s-streams,104.69908792066468,2026-09-18 04:15:54+00
xrp-updown-15m-1789704000,XRP,"XRP Up or Down - September 18, 12:00AM-12:15AM ET",2026-09-18T04:15:00Z,2026-09-18T04:00:00Z,1.323382351051525,Down,"[""0"", ""1""]",0.01,1036.7554989999999,,-0.5045,0.001,resolved,0x5043000e113800cde75b580588e20f426c66444ce65c54e7f39384a8e85bc1fd,https://data.chain.link/streams/xrp-usd-twap-60s-streams,1.3187469020733855,2026-09-18 04:15:54+00
zec-updown-15m-1789704000,ZEC,"ZCash Up or Down - September 18, 12:00AM-12:15AM ET",2026-09-18T04:15:00Z,2026-09-18T04:00:00Z,1517.0511852063248,Down,"[""0"", ""1""]",,,,-0.495,0.01,resolved,0x94ed3b9839eeeecf86e188e8de3e656bed1403870d8358392900bdd196f8b4b0,https://data.chain.link/streams/zec-usd-twap-60s-streams,1512.3522513274272,2026-09-18 04:15:54+00
bnb-updown-15m-1789704900,BNB,"BNB Up or Down - September 18, 12:15AM-12:30AM ET",2026-09-18T04:30:00Z,2026-09-18T04:15:00Z,749.1175598463897,Up,"[""1"", ""0""]",0.999,428.387471,,0.4945,0.001,resolved,0x0a90649328775fcb190023ec225250ef9d71d332b54c43a8ddbf7d0fdfd67097,https://data.chain.link/streams/bnb-usd-twap-60s-streams,749.9955367412978,2026-09-18 04:30:55+00
btc-updown-15m-1789704900,BTC,"Bitcoin Up or Down - September 18, 12:15AM-12:30AM ET",2026-09-18T04:30:00Z,2026-09-18T04:15:00Z,77237.66952560941,Down,"[""0"", ""1""]",0.01,29355.702238000005,,-0.5,0.01,resolved,0x84a4a6f74f517a5623c1cfc245238d325fec3996298731ac5fa7e2aea599ec55,https://data.chain.link/streams/btc-usd-twap-60s-streams,77200.44735761483,2026-09-18 04:30:57+00
doge-updown-15m-1789704900,DOGE,"Dogecoin Up or Down - September 18, 12:15AM-12:30AM ET",2026-09-18T04:30:00Z,2026-09-18T04:15:00Z,0.08420726019266475,Down,"[""0"", ""1""]",0.24,535.1500950000001,,-0.495,0.01,resolved,0xec5848779a69102e5729bd05b93413996e4834c14d56bd1a161f3004dc21dea3,https://data.chain.link/streams/doge-usd-twap-60s-streams,0.08399871914465079,2026-09-18 04:30:55+00
eth-updown-15m-1789704900,ETH,"Ethereum Up or Down - September 18, 12:15AM-12:30AM ET",2026-09-18T04:30:00Z,2026-09-18T04:15:00Z,2473.4945372524826,Down,"[""0"", ""1""]",0.06,2388.81817,,-0.5045,0.001,resolved,0x32b210f4f7c714ee19000af9a63dcdee2b37fd6ddf55aabfe339911f26e12eb2,https://data.chain.link/streams/eth-usd-twap-60s-streams,2470.325218521894,2026-09-18 04:30:55+00
hype-updown-15m-1789704900,HYPE,"Hyperliquid Up or Down - September 18, 12:15AM-12:30AM ET",2026-09-18T04:30:00Z,2026-09-18T04:15:00Z,86.57182340557905,Down,"[""0"", ""1""]",0.17,392.537551,,-0.5045,0.001,resolved,0x8cf8bb924678bde6702327f2de2e90af9c71e786fb396463321a6f48e642b3b5,https://data.chain.link/streams/hype-usd-twap-60s-streams,86.33462201727217,2026-09-18 04:30:55+00
sol-updown-15m-1789704900,SOL,"Solana Up or Down - September 18, 12:15AM-12:30AM ET",2026-09-18T04:30:00Z,2026-09-18T04:15:00Z,104.69908792066468,Up,"[""1"", ""0""]",0.999,3062.930069,,0.4945,0.001,resolved,0x4c75a41235d4c1341003523d0011d089adb9bbbaf1d1adf9a6bff0674f37797b,https://data.chain.link/streams/sol-usd-twap-60s-streams,104.71268018806077,2026-09-18 04:30:57+00
xrp-updown-15m-1789704900,XRP,"XRP Up or Down - September 18, 12:15AM-12:30AM ET",2026-09-18T04:30:00Z,2026-09-18T04:15:00Z,1.3187469020733855,Down,"[""0"", ""1""]",0.25,1277.537793,,-0.5,0.01,resolved,0x73df6a525e0615c103af0e0f62bdc71a8d06ddc5769c2bdfa79a2ed25e80a403,https://data.chain.link/streams/xrp-usd-twap-60s-streams,1.3170173104114202,2026-09-18 04:30:57+00
zec-updown-15m-1789704900,ZEC,"ZCash Up or Down - September 18, 12:15AM-12:30AM ET",2026-09-18T04:30:00Z,2026-09-18T04:15:00Z,1512.3522513274272,Down,"[""0"", ""1""]",,,,-0.495,0.01,resolved,0x6eee4422da25a75c84872aba10fbb849143340f207d9c3804b0a7b856c52ed6e,https://data.chain.link/streams/zec-usd-twap-60s-streams,1489.1225433150996,2026-09-18 04:30:55+00
bnb-updown-15m-1789705800,BNB,"BNB Up or Down - September 18, 12:30AM-12:45AM ET",2026-09-18T04:45:00Z,2026-09-18T04:30:00Z,749.9955367412978,Up,"[""1"", ""0""]",0.999,187.60958699999998,,0.4945,0.001,resolved,0x990ca3ab76d3a18316b658a924a4641669993d9bdc645c7a9d0d81bfd3840927,https://data.chain.link/streams/bnb-usd-twap-60s-streams,751.8196457998164,2026-09-18 04:45:54+00
btc-updown-15m-1789705800,BTC,"Bitcoin Up or Down - September 18, 12:30AM-12:45AM ET",2026-09-18T04:45:00Z,2026-09-18T04:30:00Z,77200.44735761483,Up,"[""1"", ""0""]",0.999,16801.114449,,0.4945,0.001,resolved,0xbbb163160f91e9e1f751e464eb93b7a5b0959f34a9e4da88d95542466888ce2e,https://data.chain.link/streams/btc-usd-twap-60s-streams,77332.09341586598,2026-09-18 04:45:55+00
doge-updown-15m-1789705800,DOGE,"Dogecoin Up or Down - September 18, 12:30AM-12:45AM ET",2026-09-18T04:45:00Z,2026-09-18T04:30:00Z,0.08399871914465079,Up,"[""1"", ""0""]",0.99,527.1313050000001,,0.4995,0.001,resolved,0x669aa46338d32f94416994f7fe56c8a6fe41720e89f32bac3b85b275d27eb9be,https://data.chain.link/streams/doge-usd-twap-60s-streams,0.08417784851100515,2026-09-18 04:45:54+00
eth-updown-15m-1789705800,ETH,"Ethereum Up or Down - September 18, 12:30AM-12:45AM ET",2026-09-18T04:45:00Z,2026-09-18T04:30:00Z,2470.325218521894,Up,"[""1"", ""0""]",0.999,2813.038158,,0.4945,0.001,resolved,0x05fe33e845022ed6cfd7c242ed735b4f37b29fa30e93a3e54ed618a60a4ce7c6,https://data.chain.link/streams/eth-usd-twap-60s-streams,2474.0068996121818,2026-09-18 04:45:55+00
hype-updown-15m-1789705800,HYPE,"Hyperliquid Up or Down - September 18, 12:30AM-12:45AM ET",2026-09-18T04:45:00Z,2026-09-18T04:30:00Z,86.33462201727217,Up,"[""1"", ""0""]",0.999,327.6823830000001,,0.4945,0.001,resolved,0xb9bd07d57b8a64474b9b1c382d8229869e7d68529bc89fc894e0d989a729f4f3,https://data.chain.link/streams/hype-usd-twap-60s-streams,86.70179084716611,2026-09-18 04:45:54+00
sol-updown-15m-1789705800,SOL,"Solana Up or Down - September 18, 12:30AM-12:45AM ET",2026-09-18T04:45:00Z,2026-09-18T04:30:00Z,104.71268018806077,Up,"[""1"", ""0""]",0.99,3267.1089370000004,,0.4945,0.001,resolved,0x802cb7fa53741b48ebaf4003ab00fde921e05c09b076660af5647415e13699df,https://data.chain.link/streams/sol-usd-twap-60s-streams,104.89008648680506,2026-09-18 04:45:54+00
xrp-updown-15m-1789705800,XRP,"XRP Up or Down - September 18, 12:30AM-12:45AM ET",2026-09-18T04:45:00Z,2026-09-18T04:30:00Z,1.3170173104114202,Up,"[""1"", ""0""]",0.99,1020.958434,,0.49,0.01,resolved,0xbeedc88b4d59772a5e8d4e0358127aa33e4d81d3be60242ac7bc9622b2b54b03,https://data.chain.link/streams/xrp-usd-twap-60s-streams,1.3185587874681495,2026-09-18 04:45:54+00
zec-updown-15m-1789705800,ZEC,"ZCash Up or Down - September 18, 12:30AM-12:45AM ET",2026-09-18T04:45:00Z,2026-09-18T04:30:00Z,1489.1225433150996,Up,"[""1"", ""0""]",0.999,87.41,,0.4995,0.001,resolved,0xaf27660875493c88fc729b0f893d7f4dd784f20326319727e40a4eec671a4548,https://data.chain.link/streams/zec-usd-twap-60s-streams,1506.5943307702423,2026-09-18 04:45:54+00
bnb-updown-15m-1789706700,BNB,"BNB Up or Down - September 18, 12:45AM-1:00AM ET",2026-09-18T05:00:00Z,2026-09-18T04:45:00Z,751.8196457998164,Down,"[""0"", ""1""]",0.16,885.3790990000001,,-0.5,0.01,resolved,0xb3c78f686837ed4c27c879dd631f27225565f1d88fe53f68170e99750ff22422,https://data.chain.link/streams/bnb-usd-twap-60s-streams,751.3935218330842,2026-09-18 05:01:03+00
btc-updown-15m-1789706700,BTC,"Bitcoin Up or Down - September 18, 12:45AM-1:00AM ET",2026-09-18T05:00:00Z,2026-09-18T04:45:00Z,77332.09341586598,Up,"[""1"", ""0""]",0.999,16275.575704999996,,0.4945,0.001,resolved,0xf7d3d0eabb95439fcdfa3eb1781c62f4683e2f03c17987447740ce13f9bdd0a9,https://data.chain.link/streams/btc-usd-twap-60s-streams,77467.06175906926,2026-09-18 05:00:55+00
doge-updown-15m-1789706700,DOGE,"Dogecoin Up or Down - September 18, 12:45AM-1:00AM ET",2026-09-18T05:00:00Z,2026-09-18T04:45:00Z,0.08417784851100515,Up,"[""1"", ""0""]",0.99,311.732277,,0.4995,0.001,resolved,0x8d50712b0d16933cbb74023e22930f96988a0e754b82bb325a6955a6981c8edf,https://data.chain.link/streams/doge-usd-twap-60s-streams,0.08441234497517086,2026-09-18 05:00:55+00
eth-updown-15m-1789706700,ETH,"Ethereum Up or Down - September 18, 12:45AM-1:00AM ET",2026-09-18T05:00:00Z,2026-09-18T04:45:00Z,2474.0068996121818,Up,"[""1"", ""0""]",0.999,1499.302766,,0.4945,0.001,resolved,0xaa5fe192dd3c5388214679055f75f5b1d0355d3e1a8a02522d40e4587f4e895d,https://data.chain.link/streams/eth-usd-twap-60s-streams,2479.521121074176,2026-09-18 05:00:54+00
hype-updown-15m-1789706700,HYPE,"Hyperliquid Up or Down - September 18, 12:45AM-1:00AM ET",2026-09-18T05:00:00Z,2026-09-18T04:45:00Z,86.70179084716611,Up,"[""1"", ""0""]",0.999,59.97,,0.4945,0.001,resolved,0x3541acaaee683cb5535d1f56310c3c001ca5f0cc239aa9a2914a9c5e4b76c8c4,https://data.chain.link/streams/hype-usd-twap-60s-streams,87.28485404915527,2026-09-18 05:00:55+00
sol-updown-15m-1789706700,SOL,"Solana Up or Down - September 18, 12:45AM-1:00AM ET",2026-09-18T05:00:00Z,2026-09-18T04:45:00Z,104.89008648680506,Up,"[""1"", ""0""]",0.999,1254.4732569999999,,0.4945,0.001,resolved,0xcf72beadafe6a505d8a36f138789bba2c53a4f3a4282bbcd87b3265109ac425f,https://data.chain.link/streams/sol-usd-twap-60s-streams,105.7300076298413,2026-09-18 05:00:55+00
xrp-updown-15m-1789706700,XRP,"XRP Up or Down - September 18, 12:45AM-1:00AM ET",2026-09-18T05:00:00Z,2026-09-18T04:45:00Z,1.3185587874681495,Up,"[""1"", ""0""]",0.999,626.85607,,0.4945,0.001,resolved,0x6cfd332b6806d3f653e13056d92a4a2a586a6dab9d1634396b22b173afd84580,https://data.chain.link/streams/xrp-usd-twap-60s-streams,1.3239360135917346,2026-09-18 05:00:55+00
zec-updown-15m-1789706700,ZEC,"ZCash Up or Down - September 18, 12:45AM-1:00AM ET",2026-09-18T05:00:00Z,2026-09-18T04:45:00Z,1506.5943307702423,Up,"[""1"", ""0""]",0.89,2.786509,,0.495,0.01,resolved,0xea0e388e259ec1fe0fb220ffe43b1c7c64bc3906df74b6ffb1d323a405354c30,https://data.chain.link/streams/zec-usd-twap-60s-streams,1520.2973374224064,2026-09-18 05:00:55+00
bnb-updown-15m-1789707600,BNB,"BNB Up or Down - September 18, 1:00AM-1:15AM ET",2026-09-18T05:15:00Z,2026-09-18T05:00:00Z,751.3935218330842,Up,"[""1"", ""0""]",0.99,383.360794,,0.4945,0.001,resolved,0x5b6eea22549fe67b81364de5dd6f8fe9f4f0b183a3cfc1d3858b86dea535b3fd,https://data.chain.link/streams/bnb-usd-twap-60s-streams,753.1153094874852,2026-09-18 05:16:27+00
btc-updown-15m-1789707600,BTC,"Bitcoin Up or Down - September 18, 1:00AM-1:15AM ET",2026-09-18T05:15:00Z,2026-09-18T05:00:00Z,77467.06175906926,Up,"[""1"", ""0""]",0.99,38833.395298999974,2775.81,0.49,0.01,resolved,0x30c0e87b0381ffd22ac3ce6dd2e6549f38b5dc73176681a540fb810c6ae86dd4,https://data.chain.link/streams/btc-usd-twap-60s-streams,77486.12693816156,2026-09-18 05:16:27+00
doge-updown-15m-1789707600,DOGE,"Dogecoin Up or Down - September 18, 1:00AM-1:15AM ET",2026-09-18T05:15:00Z,2026-09-18T05:00:00Z,0.08441234497517086,Down,"[""0"", ""1""]",0.4,1341.19737,,-0.495,0.01,resolved,0x5b96324a310b2bd46d00aa08cab8e37bf11a09d8bac5f138c455278d17faae73,https://data.chain.link/streams/doge-usd-twap-60s-streams,0.08440128528166907,2026-09-18 05:16:27+00
eth-updown-15m-1789707600,ETH,"Ethereum Up or Down - September 18, 1:00AM-1:15AM ET",2026-09-18T05:15:00Z,2026-09-18T05:00:00Z,2479.521121074176,Up,"[""1"", ""0""]",0.999,10374.928735000001,,0.4945,0.001,resolved,0x030341b93085aa9f3ba5540e7cb388d0f44f055fd817bbc3fffa538655f2e9cc,https://data.chain.link/streams/eth-usd-twap-60s-streams,2486.0349473949445,2026-09-18 05:16:27+00
hype-updown-15m-1789707600,HYPE,"Hyperliquid Up or Down - September 18, 1:00AM-1:15AM ET",2026-09-18T05:15:00Z,2026-09-18T05:00:00Z,87.28485404915527,Up,"[""1"", ""0""]",0.999,179.27100000000002,,0.4945,0.001,resolved,0xcc92f229098adf3bee9e30ec104ab0c605567d1a0c958228db9044e8f359760e,https://data.chain.link/streams/hype-usd-twap-60s-streams,87.65740086521278,2026-09-18 05:16:27+00
sol-updown-15m-1789707600,SOL,"Solana Up or Down - September 18, 1:00AM-1:15AM ET",2026-09-18T05:15:00Z,2026-09-18T05:00:00Z,105.7300076298413,Down,"[""0"", ""1""]",0.08,4081.2213549999997,1.960785,-0.5045,0.001,resolved,0xb0c395e47cd44fafeeb0fae34dbabf34df91228dd34825c5ab65791fb7a0c77a,https://data.chain.link/streams/sol-usd-twap-60s-streams,105.4766137841086,2026-09-18 05:16:27+00
xrp-updown-15m-1789707600,XRP,"XRP Up or Down - September 18, 1:00AM-1:15AM ET",2026-09-18T05:15:00Z,2026-09-18T05:00:00Z,1.3239360135917346,Down,"[""0"", ""1""]",0.14,1616.6960089999998,,-0.5045,0.001,resolved,0xd24a5e379457510daa6e7971ffb38daece7c1690741dd4ae24e86262de3e0142,https://data.chain.link/streams/xrp-usd-twap-60s-streams,1.32207189804243,2026-09-18 05:16:27+00
zec-updown-15m-1789707600,ZEC,"ZCash Up or Down - September 18, 1:00AM-1:15AM ET",2026-09-18T05:15:00Z,2026-09-18T05:00:00Z,1520.2973374224064,Down,"[""0"", ""1""]",,,,-0.495,0.01,resolved,0x81464cc0995c6d0d9f73a843dab9f0a7fe89a694cf9bc5935f1968406719eb97,https://data.chain.link/streams/zec-usd-twap-60s-streams,1518.3361317355118,2026-09-18 05:16:27+00
bnb-updown-15m-1789708500,BNB,"BNB Up or Down - September 18, 1:15AM-1:30AM ET",2026-09-18T05:30:00Z,2026-09-18T05:15:00Z,753.1153094874852,Down,"[""0"", ""1""]",0.03,196.855063,,-0.5045,0.001,resolved,0xe7f64b39921718232831fb92bb6457ddc41ab9e7ef3aa7671a43ccfe505aa3f2,https://data.chain.link/streams/bnb-usd-twap-60s-streams,752.2195704725472,2026-09-18 05:30:54+00
btc-updown-15m-1789708500,BTC,"Bitcoin Up or Down - September 18, 1:15AM-1:30AM ET",2026-09-18T05:30:00Z,2026-09-18T05:15:00Z,77486.12693816156,Up,"[""1"", ""0""]",0.999,49785.26766099999,,0.4945,0.001,resolved,0xf4702daaff27e0d206206fb70c18b3a18d061db8035a3862bf6c478c758ee12e,https://data.chain.link/streams/btc-usd-twap-60s-streams,77523.39703806164,2026-09-18 05:30:54+00
doge-updown-15m-1789708500,DOGE,"Dogecoin Up or Down - September 18, 1:15AM-1:30AM ET",2026-09-18T05:30:00Z,2026-09-18T05:15:00Z,0.08440128528166907,Down,"[""0"", ""1""]",0.34,876.667443,,-0.4995,0.001,resolved,0x557274a31b47540602bf0eae3febde7c9d6bb5448f1e801e75e56bd30b602ff1,https://data.chain.link/streams/doge-usd-twap-60s-streams,0.08438736860743475,2026-09-18 05:30:54+00
eth-updown-15m-1789708500,ETH,"Ethereum Up or Down - September 18, 1:15AM-1:30AM ET",2026-09-18T05:30:00Z,2026-09-18T05:15:00Z,2486.0349473949445,Down,"[""0"", ""1""]",0.05,5702.975268999999,,-0.5045,0.001,resolved,0xfb51a138e396ddb791dfbc95965af7ab80b4359e790cc19c6c057b4ff76f197e,https://data.chain.link/streams/eth-usd-twap-60s-streams,2482.851122799867,2026-09-18 05:30:54+00
hype-updown-15m-1789708500,HYPE,"Hyperliquid Up or Down - September 18, 1:15AM-1:30AM ET",2026-09-18T05:30:00Z,2026-09-18T05:15:00Z,87.65740086521278,Down,"[""0"", ""1""]",0.08,306.632475,,-0.5045,0.001,resolved,0xcd7deef5a46c3a3c3f67bb1894403c4c2305ca98834cf8648747911f24cca592,https://data.chain.link/streams/hype-usd-twap-60s-streams,87.47241700891765,2026-09-18 05:30:54+00
sol-updown-15m-1789708500,SOL,"Solana Up or Down - September 18, 1:15AM-1:30AM ET",2026-09-18T05:30:00Z,2026-09-18T05:15:00Z,105.4766137841086,Up,"[""1"", ""0""]",0.99,2181.398072,,0.49,0.01,resolved,0x9ab8ee1bec8690a07da29ce4937e86ec528aca2f4fdeaa086ed1a4a906fd2aec,https://data.chain.link/streams/sol-usd-twap-60s-streams,105.54900079347787,2026-09-18 05:30:54+00
xrp-updown-15m-1789708500,XRP,"XRP Up or Down - September 18, 1:15AM-1:30AM ET",2026-09-18T05:30:00Z,2026-09-18T05:15:00Z,1.32207189804243,Down,"[""0"", ""1""]",0.066,1200.793549,,-0.5045,0.001,resolved,0x4b349f5a3b8e0dae5372aca4db81710f87f165dde732a3c2d1b5f1ef293dd909,https://data.chain.link/streams/xrp-usd-twap-60s-streams,1.3209468440934278,2026-09-18 05:30:54+00
zec-updown-15m-1789708500,ZEC,"ZCash Up or Down - September 18, 1:15AM-1:30AM ET",2026-09-18T05:30:00Z,2026-09-18T05:15:00Z,1518.3361317355118,Down,"[""0"", ""1""]",,,,-0.495,0.01,resolved,0xc5bbb7954edc7c1ea477fe8e75100c3b6e3b436e834a5c0b2faaebd4a9c7964d,https://data.chain.link/streams/zec-usd-twap-60s-streams,1509.1355657312433,2026-09-18 05:30:54+00
bnb-updown-15m-1789709400,BNB,"BNB Up or Down - September 18, 1:30AM-1:45AM ET",2026-09-18T05:45:00Z,2026-09-18T05:30:00Z,752.2195704725472,Up,"[""1"", ""0""]",0.999,317.908526,,0.4945,0.001,resolved,0x56f1381ad48b5ae354f9246dc1b976b5d57868ef10fbb0e3b2277b2d08a8505a,https://data.chain.link/streams/bnb-usd-twap-60s-streams,752.850398578602,2026-09-18 05:46:28+00
btc-updown-15m-1789709400,BTC,"Bitcoin Up or Down - September 18, 1:30AM-1:45AM ET",2026-09-18T05:45:00Z,2026-09-18T05:30:00Z,77523.39703806164,Up,"[""1"", ""0""]",0.99,35505.141925,,0.49,0.01,resolved,0x939412ec71b846f17d47282532be91708c67b138250726835c335909ae383233,https://data.chain.link/streams/btc-usd-twap-60s-streams,77525.896930031,2026-09-18 05:46:28+00
doge-updown-15m-1789709400,DOGE,"Dogecoin Up or Down - September 18, 1:30AM-1:45AM ET",2026-09-18T05:45:00Z,2026-09-18T05:30:00Z,0.08438736860743475,Down,"[""0"", ""1""]",0.08,550.534258,,-0.4995,0.001,resolved,0x204dff515ef18ee4c6bbdb46933d7c7dd972e9752dafc05f320d9857eae0f748,https://data.chain.link/streams/doge-usd-twap-60s-streams,0.08416281766478961,2026-09-18 05:46:28+00
eth-updown-15m-1789709400,ETH,"Ethereum Up or Down - September 18, 1:30AM-1:45AM ET",2026-09-18T05:45:00Z,2026-09-18T05:30:00Z,2482.851122799867,Down,"[""0"", ""1""]",0.05,4587.303657,,-0.5,0.01,resolved,0x8cf6929cf40b7fc593b6488c7fa5a05defcae91a716dd87ae1d31e78b34e2838,https://data.chain.link/streams/eth-usd-twap-60s-streams,2482.3504658190523,2026-09-18 05:46:28+00
hype-updown-15m-1789709400,HYPE,"Hyperliquid Up or Down - September 18, 1:30AM-1:45AM ET",2026-09-18T05:45:00Z,2026-09-18T05:30:00Z,87.47241700891765,Up,"[""1"", ""0""]",0.99,316.12737300000003,,0.49,0.01,resolved,0xc029e6d98da0b02988451065d7a912434efa853e5a4bbdb9aafda47c98116335,https://data.chain.link/streams/hype-usd-twap-60s-streams,87.48669602112005,2026-09-18 05:46:28+00
sol-updown-15m-1789709400,SOL,"Solana Up or Down - September 18, 1:30AM-1:45AM ET",2026-09-18T05:45:00Z,2026-09-18T05:30:00Z,105.54900079347787,Down,"[""0"", ""1""]",0.12,2096.7858140000003,,-0.5,0.01,resolved,0x26e4f8a7e040f3decb44bdc8303e45c8c576637d13f3df931807ae55c625cba8,https://data.chain.link/streams/sol-usd-twap-60s-streams,105.45514946039233,2026-09-18 05:46:28+00
xrp-updown-15m-1789709400,XRP,"XRP Up or Down - September 18, 1:30AM-1:45AM ET",2026-09-18T05:45:00Z,2026-09-18T05:30:00Z,1.3209468440934278,Down,"[""0"", ""1""]",0.12,933.7820310000001,,-0.5045,0.001,resolved,0x04208db20c947997d5ece6ed98fd468f71bd0075b80bdb1d66c7f18085ac0454,https://data.chain.link/streams/xrp-usd-twap-60s-streams,1.3188104840313024,2026-09-18 05:46:28+00
zec-updown-15m-1789709400,ZEC,"ZCash Up or Down - September 18, 1:30AM-1:45AM ET",2026-09-18T05:45:00Z,2026-09-18T05:30:00Z,1509.1355657312433,Up,"[""1"", ""0""]",0.79,27,,0.495,0.01,resolved,0x0eb58f9457d4cba83193e0cfc3be6d5926493773e5b5bd7d710f09d15d797ae7,https://data.chain.link/streams/zec-usd-twap-60s-streams,1510.867443339052,2026-09-18 05:46:30+00
bnb-updown-15m-1789710300,BNB,"BNB Up or Down - September 18, 1:45AM-2:00AM ET",2026-09-18T06:00:00Z,2026-09-18T05:45:00Z,752.850398578602,Down,"[""0"", ""1""]",0.13,178.60729099999998,,-0.5045,0.001,resolved,0x695f05c3813329223e242546b067af10f117a763a39e77a098eac94d7b6a39e2,https://data.chain.link/streams/bnb-usd-twap-60s-streams,751.6024137152015,2026-09-18 06:00:54+00
btc-updown-15m-1789710300,BTC,"Bitcoin Up or Down - September 18, 1:45AM-2:00AM ET",2026-09-18T06:00:00Z,2026-09-18T05:45:00Z,77525.896930031,Down,"[""0"", ""1""]",0.001,29807.725585000015,,-0.5045,0.001,resolved,0xa21558461eb10d3204dfdf1e735949679e85cf730f422eab7ea0338de1ca2dd7,https://data.chain.link/streams/btc-usd-twap-60s-streams,77422.68847172635,2026-09-18 06:00:54+00
doge-updown-15m-1789710300,DOGE,"Dogecoin Up or Down - September 18, 1:45AM-2:00AM ET",2026-09-18T06:00:00Z,2026-09-18T05:45:00Z,0.08416281766478961,Down,"[""0"", ""1""]",0.11,506.517199,,-0.4995,0.001,resolved,0xcd7a47d6f9941c97c4acb96f957622b2a2940f17c82900c306d01acce1149871,https://data.chain.link/streams/doge-usd-twap-60s-streams,0.0840919267257848,2026-09-18 06:00:55+00
eth-updown-15m-1789710300,ETH,"Ethereum Up or Down - September 18, 1:45AM-2:00AM ET",2026-09-18T06:00:00Z,2026-09-18T05:45:00Z,2482.3504658190523,Down,"[""0"", ""1""]",0.09,2320.9119819999996,,-0.5045,0.001,resolved,0xb1261b64ae090a649a70ee4d35f6a09c549c566273f332f408171c428babf6ec,https://data.chain.link/streams/eth-usd-twap-60s-streams,2477.629431611384,2026-09-18 06:00:54+00
hype-updown-15m-1789710300,HYPE,"Hyperliquid Up or Down - September 18, 1:45AM-2:00AM ET",2026-09-18T06:00:00Z,2026-09-18T05:45:00Z,87.48669602112005,Up,"[""1"", ""0""]",0.999,185.092725,,0.4945,0.001,resolved,0x000815f9d55c36ab5ad2ccc04bca470d46bac3666092439d3cd3da92053b9426,https://data.chain.link/streams/hype-usd-twap-60s-streams,87.68679254754592,2026-09-18 06:00:54+00
sol-updown-15m-1789710300,SOL,"Solana Up or Down - September 18, 1:45AM-2:00AM ET",2026-09-18T06:00:00Z,2026-09-18T05:45:00Z,105.45514946039233,Down,"[""0"", ""1""]",0.35,2018.0194679999995,,-0.495,0.01,resolved,0x3d15b57c1c1bc87af592a26ea4379f184a610ffe65e6fb54679a21d850d18d2a,https://data.chain.link/streams/sol-usd-twap-60s-streams,105.36974356399816,2026-09-18 06:00:54+00
xrp-updown-15m-1789710300,XRP,"XRP Up or Down - September 18, 1:45AM-2:00AM ET",2026-09-18T06:00:00Z,2026-09-18T05:45:00Z,1.3188104840313024,Down,"[""0"", ""1""]",0.059,794.468493,,-0.5045,0.001,resolved,0xe9857e3ae01bfcacdc8d652ceda5d89745a7d47fc787eb1edd517417418e7f4d,https://data.chain.link/streams/xrp-usd-twap-60s-streams,1.317065878574263,2026-09-18 06:00:54+00
zec-updown-15m-1789710300,ZEC,"ZCash Up or Down - September 18, 1:45AM-2:00AM ET",2026-09-18T06:00:00Z,2026-09-18T05:45:00Z,1510.867443339052,Up,"[""1"", ""0""]",,,,0.495,0.01,resolved,0xeef8c1fa4e4d3d6b8b96baf50d6ed3a778b26bffd46f1c3108d0c5377c88bbc9,https://data.chain.link/streams/zec-usd-twap-60s-streams,1511.7739281742947,2026-09-18 06:00:54+00
bnb-updown-15m-1789711200,BNB,"BNB Up or Down - September 18, 2:00AM-2:15AM ET",2026-09-18T06:15:00Z,2026-09-18T06:00:00Z,751.6024137152015,Up,"[""1"", ""0""]",0.999,348.27014199999996,,0.4945,0.001,resolved,0x382bfd0edc0c1ba76550b55a9c6c42885cb405d89e229356e3a7d317c56555b2,https://data.chain.link/streams/bnb-usd-twap-60s-streams,752.7184005668438,2026-09-18 06:16:27+00
btc-updown-15m-1789711200,BTC,"Bitcoin Up or Down - September 18, 2:00AM-2:15AM ET",2026-09-18T06:15:00Z,2026-09-18T06:00:00Z,77422.68847172635,Up,"[""1"", ""0""]",0.99,25049.506811000003,3036.139217,0.49,0.01,resolved,0x5f334cc6c0bdec5dfa5af02587c82140e0668d116f11f705e9bfc8eae2fd9eba,https://data.chain.link/streams/btc-usd-twap-60s-streams,77428.65472902771,2026-09-18 06:16:27+00
doge-updown-15m-1789711200,DOGE,"Dogecoin Up or Down - September 18, 2:00AM-2:15AM ET",2026-09-18T06:15:00Z,2026-09-18T06:00:00Z,0.0840919267257848,Up,"[""1"", ""0""]",0.999,673.982521,1.960785,0.4995,0.001,resolved,0x72d8d74d7a607e771b67a1238bdc43290d198b9bb2030259515fa652596f7583,https://data.chain.link/streams/doge-usd-twap-60s-streams,0.08423769277267376,2026-09-18 06:16:27+00
eth-updown-15m-1789711200,ETH,"Ethereum Up or Down - September 18, 2:00AM-2:15AM ET",2026-09-18T06:15:00Z,2026-09-18T06:00:00Z,2477.629431611384,Up,"[""1"", ""0""]",0.999,3776.493594999999,,0.4945,0.001,resolved,0x452e3b30af6f5e9f56bc1687bb3c8a34e2683b7307e482732d1098ac287951d4,https://data.chain.link/streams/eth-usd-twap-60s-streams,2481.0033125672826,2026-09-18 06:16:27+00
hype-updown-15m-1789711200,HYPE,"Hyperliquid Up or Down - September 18, 2:00AM-2:15AM ET",2026-09-18T06:15:00Z,2026-09-18T06:00:00Z,87.68679254754592,Down,"[""0"", ""1""]",0.05,497.245048,,-0.5045,0.001,resolved,0xf808de02b7dc93aa14f011f7f64eec6f56a0642f381d38da66c034d4379b0b0e,https://data.chain.link/streams/hype-usd-twap-60s-streams,87.59003282822628,2026-09-18 06:16:27+00
sol-updown-15m-1789711200,SOL,"Solana Up or Down - September 18, 2:00AM-2:15AM ET",2026-09-18T06:15:00Z,2026-09-18T06:00:00Z,105.36974356399816,Up,"[""1"", ""0""]",0.99,2359.912991,,0.49,0.01,resolved,0x1cd0e2e8e65a3df740ae3da9ea601835790263cf0bce4121b57cfe1098f181d9,https://data.chain.link/streams/sol-usd-twap-60s-streams,105.41550311749401,2026-09-18 06:16:27+00
xrp-updown-15m-1789711200,XRP,"XRP Up or Down - September 18, 2:00AM-2:15AM ET",2026-09-18T06:15:00Z,2026-09-18T06:00:00Z,1.317065878574263,Up,"[""1"", ""0""]",0.999,2684.4002709999995,1.960785,0.4945,0.001,resolved,0xfce1e5b375945f03a44481749e72b506c613143797828657e0d52331c28561b6,https://data.chain.link/streams/xrp-usd-twap-60s-streams,1.3183856251525943,2026-09-18 06:16:27+00
zec-updown-15m-1789711200,ZEC,"ZCash Up or Down - September 18, 2:00AM-2:15AM ET",2026-09-18T06:15:00Z,2026-09-18T06:00:00Z,1511.7739281742947,Down,"[""0"", ""1""]",,,,-0.4995,0.001,resolved,0x9cc3b6250ac760a5d55616eef743143044364b91f3fcaaa380793884553a5b12,https://data.chain.link/streams/zec-usd-twap-60s-streams,1505.0840478097496,2026-09-18 06:16:27+00
bnb-updown-15m-1789712100,BNB,"BNB Up or Down - September 18, 2:15AM-2:30AM ET",2026-09-18T06:30:00Z,2026-09-18T06:15:00Z,752.7184005668438,Down,"[""0"", ""1""]",0.2,437.18518,,-0.5045,0.001,resolved,0xc4671ae6ce09ad9cadd1b4014683f32142bd7b6189e5d18e2f177149091dda55,https://data.chain.link/streams/bnb-usd-twap-60s-streams,752.0900346193522,2026-09-18 06:31:27+00
btc-updown-15m-1789712100,BTC,"Bitcoin Up or Down - September 18, 2:15AM-2:30AM ET",2026-09-18T06:30:00Z,2026-09-18T06:15:00Z,77428.65472902771,Up,"[""1"", ""0""]",0.999,32407.47463300001,29.803922,0.5045,0.001,resolved,0x271c774d92b8f8b37a794a14bce6c0b5617e280b1b3bee7ee1a8b8fcf48a2b49,https://data.chain.link/streams/btc-usd-twap-60s-streams,77481.60115619321,2026-09-18 06:31:27+00
doge-updown-15m-1789712100,DOGE,"Dogecoin Up or Down - September 18, 2:15AM-2:30AM ET",2026-09-18T06:30:00Z,2026-09-18T06:15:00Z,0.08423769277267376,Down,"[""0"", ""1""]",0.04,1054.176344,,-0.4995,0.001,resolved,0x7a9e2c296adb6a2057b2baf733fe468acff4166d58134c24e4e50be80a4ea059,https://data.chain.link/streams/doge-usd-twap-60s-streams,0.0841842953079851,2026-09-18 06:31:27+00
eth-updown-15m-1789712100,ETH,"Ethereum Up or Down - September 18, 2:15AM-2:30AM ET",2026-09-18T06:30:00Z,2026-09-18T06:15:00Z,2481.0033125672826,Up,"[""1"", ""0""]",0.999,3464.6238649999996,,0.4945,0.001,resolved,0xee6b22e97a4d2679a744ea77e7f537176b89285aa27dde98bc60199946a1c2e4,https://data.chain.link/streams/eth-usd-twap-60s-streams,2481.6860380246726,2026-09-18 06:31:27+00
hype-updown-15m-1789712100,HYPE,"Hyperliquid Up or Down - September 18, 2:15AM-2:30AM ET",2026-09-18T06:30:00Z,2026-09-18T06:15:00Z,87.59003282822628,Up,"[""1"", ""0""]",0.999,423.85246399999994,,0.4945,0.001,resolved,0xac00b7c884d2423f2530382dda93a134c5f285fb13304a67e6be4358eeec26a9,https://data.chain.link/streams/hype-usd-twap-60s-streams,87.66058529840076,2026-09-18 06:31:27+00
sol-updown-15m-1789712100,SOL,"Solana Up or Down - September 18, 2:15AM-2:30AM ET",2026-09-18T06:30:00Z,2026-09-18T06:15:00Z,105.41550311749401,Up,"[""1"", ""0""]",0.999,1213.743539,,0.4945,0.001,resolved,0xaade195dc583f61649fca7b3821ed2dc1697f19f0d7e0688f2b154632b7af31c,https://data.chain.link/streams/sol-usd-twap-60s-streams,105.52637558182545,2026-09-18 06:31:27+00
xrp-updown-15m-1789712100,XRP,"XRP Up or Down - September 18, 2:15AM-2:30AM ET",2026-09-18T06:30:00Z,2026-09-18T06:15:00Z,1.3183856251525943,Up,"[""1"", ""0""]",0.999,505.00177899999994,,0.4945,0.001,resolved,0x19af2d22b813b3d262eae7e8842c822f09a6c60bd6b915a53f00da7d3db062e2,https://data.chain.link/streams/xrp-usd-twap-60s-streams,1.3201816647218214,2026-09-18 06:31:27+00
zec-updown-15m-1789712100,ZEC,"ZCash Up or Down - September 18, 2:15AM-2:30AM ET",2026-09-18T06:30:00Z,2026-09-18T06:15:00Z,1505.0840478097496,Down,"[""0"", ""1""]",,,,-0.4995,0.001,resolved,0xbdbaeacab667eb94388c848444ca075072e61bc5899052db84b54932fc07e83c,https://data.chain.link/streams/zec-usd-twap-60s-streams,1499.387707685168,2026-09-18 06:31:27+00
bnb-updown-15m-1789713000,BNB,"BNB Up or Down - September 18, 2:30AM-2:45AM ET",2026-09-18T06:45:00Z,2026-09-18T06:30:00Z,752.0900346193522,Up,"[""1"", ""0""]",0.99,464.30154699999997,,0.4945,0.001,resolved,0xba63a60f57e9d7f0513a4137da51799b5ecccc919ecbc7b5ce5f24d2b725265f,https://data.chain.link/streams/bnb-usd-twap-60s-streams,752.5110253743584,2026-09-18 06:46:27+00
btc-updown-15m-1789713000,BTC,"Bitcoin Up or Down - September 18, 2:30AM-2:45AM ET",2026-09-18T06:45:00Z,2026-09-18T06:30:00Z,77481.60115619321,Down,"[""0"", ""1""]",0.01,25739.492847999998,,-0.5045,0.001,resolved,0xefb0b913fbc176f5afe8448ae615419f873c09bc07fd336f09349ff9d6bd1769,https://data.chain.link/streams/btc-usd-twap-60s-streams,77452.80039487775,2026-09-18 06:46:27+00
doge-updown-15m-1789713000,DOGE,"Dogecoin Up or Down - September 18, 2:30AM-2:45AM ET",2026-09-18T06:45:00Z,2026-09-18T06:30:00Z,0.0841842953079851,Up,"[""1"", ""0""]",0.99,743.340992,,0.495,0.01,resolved,0xe19a6170e8cbe174a7a5351a185670c09a4d1797d6ac7c34a282c9bce5210ad1,https://data.chain.link/streams/doge-usd-twap-60s-streams,0.08421638030034564,2026-09-18 06:46:27+00
eth-updown-15m-1789713000,ETH,"Ethereum Up or Down - September 18, 2:30AM-2:45AM ET",2026-09-18T06:45:00Z,2026-09-18T06:30:00Z,2481.6860380246726,Up,"[""1"", ""0""]",0.999,3651.874445000001,,0.4945,0.001,resolved,0x954dba11d766596a3a746cc732ef3c44d8e1d33d089496cebcb0e4fac420a2d1,https://data.chain.link/streams/eth-usd-twap-60s-streams,2483.2977848907167,2026-09-18 06:46:27+00
hype-updown-15m-1789713000,HYPE,"Hyperliquid Up or Down - September 18, 2:30AM-2:45AM ET",2026-09-18T06:45:00Z,2026-09-18T06:30:00Z,87.66058529840076,Up,"[""1"", ""0""]",0.999,325.102908,,0.4945,0.001,resolved,0xcdc3eb7d06fa86ea79d9964a7c0291433f23fe7155f9c6974b3f01704f335005,https://data.chain.link/streams/hype-usd-twap-60s-streams,87.87833954226373,2026-09-18 06:46:27+00
sol-updown-15m-1789713000,SOL,"Solana Up or Down - September 18, 2:30AM-2:45AM ET",2026-09-18T06:45:00Z,2026-09-18T06:30:00Z,105.52637558182545,Down,"[""0"", ""1""]",0.01,2438.1213750000006,,-0.5,0.01,resolved,0x4898fd1ef935ffbf806f2dc79617510551c5b0d2e3efbcd04ddae8c536d62e4b,https://data.chain.link/streams/sol-usd-twap-60s-streams,105.49688153901299,2026-09-18 06:46:27+00
xrp-updown-15m-1789713000,XRP,"XRP Up or Down - September 18, 2:30AM-2:45AM ET",2026-09-18T06:45:00Z,2026-09-18T06:30:00Z,1.3201816647218214,Up,"[""1"", ""0""]",0.999,923.4844920000002,,0.4945,0.001,resolved,0x221ba914ac1077f6c325679b2df3a4f652e5270801b4833934bfc281d15f2925,https://data.chain.link/streams/xrp-usd-twap-60s-streams,1.3223382670125534,2026-09-18 06:46:27+00
zec-updown-15m-1789713000,ZEC,"ZCash Up or Down - September 18, 2:30AM-2:45AM ET",2026-09-18T06:45:00Z,2026-09-18T06:30:00Z,1499.387707685168,Up,"[""1"", ""0""]",,,,0.495,0.01,resolved,0xd750c2428e8a4670322ae92c07a626a9ce936b83546495a99c427ca46c56857f,https://data.chain.link/streams/zec-usd-twap-60s-streams,1500.2307646000047,2026-09-18 06:46:27+00
bnb-updown-15m-1789713900,BNB,"BNB Up or Down - September 18, 2:45AM-3:00AM ET",2026-09-18T07:00:00Z,2026-09-18T06:45:00Z,752.5110253743584,Up,"[""1"", ""0""]",0.999,348.057007,,0.4945,0.001,resolved,0xafe092fc5fd78847c87661c100b7543bb4754b8018d58dddd6b1b506170f29a3,https://data.chain.link/streams/bnb-usd-twap-60s-streams,754.412528491147,2026-09-18 07:00:54+00
btc-updown-15m-1789713900,BTC,"Bitcoin Up or Down - September 18, 2:45AM-3:00AM ET",2026-09-18T07:00:00Z,2026-09-18T06:45:00Z,77452.80039487775,Up,"[""1"", ""0""]",0.999,35959.66760199999,,0.4945,0.001,resolved,0x569b31230bd8d3ffb7da36f7da9fcef428395d5b3873a6faa1978858d3ca4eff,https://data.chain.link/streams/btc-usd-twap-60s-streams,77522.24226657652,2026-09-18 07:00:54+00
doge-updown-15m-1789713900,DOGE,"Dogecoin Up or Down - September 18, 2:45AM-3:00AM ET",2026-09-18T07:00:00Z,2026-09-18T06:45:00Z,0.08421638030034564,Down,"[""0"", ""1""]",0.011,339.00208999999995,,-0.4995,0.001,resolved,0x493ef40a6e8cdbe6cdba2b6ce15b0c552db71aef7cba2c858d5ece0acd4502cf,https://data.chain.link/streams/doge-usd-twap-60s-streams,0.08416198558896104,2026-09-18 07:00:55+00
eth-updown-15m-1789713900,ETH,"Ethereum Up or Down - September 18, 2:45AM-3:00AM ET",2026-09-18T07:00:00Z,2026-09-18T06:45:00Z,2483.2977848907167,Up,"[""1"", ""0""]",0.99,4746.153284,,0.49,0.01,resolved,0x575014d164c4094218142795c96a3b6cff3aa4f75c75f0d73262f94dc8666a46,https://data.chain.link/streams/eth-usd-twap-60s-streams,2485.28963519194,2026-09-18 07:00:54+00
hype-updown-15m-1789713900,HYPE,"Hyperliquid Up or Down - September 18, 2:45AM-3:00AM ET",2026-09-18T07:00:00Z,2026-09-18T06:45:00Z,87.87833954226373,Down,"[""0"", ""1""]",0.17,493.46620799999994,,-0.5045,0.001,resolved,0x6056a4848be72919ecf5a2cfdd33167d4f846cf8e03532a0b1db63c2255ee25e,https://data.chain.link/streams/hype-usd-twap-60s-streams,87.83825952123294,2026-09-18 07:00:54+00
sol-updown-15m-1789713900,SOL,"Solana Up or Down - September 18, 2:45AM-3:00AM ET",2026-09-18T07:00:00Z,2026-09-18T06:45:00Z,105.49688153901299,Down,"[""0"", ""1""]",0.35,2055.2453340000006,,-0.5045,0.001,resolved,0x1cbf6ba5453f8d4944f457fa9f4d1a3c3749e40a8c1e9eab78cd4f987aca54b2,https://data.chain.link/streams/sol-usd-twap-60s-streams,105.48680683502323,2026-09-18 07:00:54+00
xrp-updown-15m-1789713900,XRP,"XRP Up or Down - September 18, 2:45AM-3:00AM ET",2026-09-18T07:00:00Z,2026-09-18T06:45:00Z,1.3223382670125534,Down,"[""0"", ""1""]",0.01,949.809766,,-0.5045,0.001,resolved,0x1f6e1c9274458c9fa3d107a4b9634b862efa75220e6418d1774096a93958b417,https://data.chain.link/streams/xrp-usd-twap-60s-streams,1.3210680973309028,2026-09-18 07:00:54+00
zec-updown-15m-1789713900,ZEC,"ZCash Up or Down - September 18, 2:45AM-3:00AM ET",2026-09-18T07:00:00Z,2026-09-18T06:45:00Z,1500.2307646000047,Down,"[""0"", ""1""]",,,,-0.495,0.01,resolved,0x7d0bf3bdccee33e59ae775cc2ae017459d3402b390798f55e7cd6a5cb226af02,https://data.chain.link/streams/zec-usd-twap-60s-streams,1495.1405900873292,2026-09-18 07:00:54+00
bnb-updown-15m-1789714800,BNB,"BNB Up or Down - September 18, 3:00AM-3:15AM ET",2026-09-18T07:15:00Z,2026-09-18T07:00:00Z,754.412528491147,Up,"[""1"", ""0""]",0.99,453.151031,,0.49,0.01,resolved,0xf08b820ac77c368ace7783286801af5492ec276d1bdba5d3aa9a69099f5ec8b3,https://data.chain.link/streams/bnb-usd-twap-60s-streams,754.7746537240866,2026-09-18 07:15:54+00
btc-updown-15m-1789714800,BTC,"Bitcoin Up or Down - September 18, 3:00AM-3:15AM ET",2026-09-18T07:15:00Z,2026-09-18T07:00:00Z,77522.24226657652,Up,"[""1"", ""0""]",0.99,31484.778044999992,2835.508432,0.49,0.01,resolved,0xe6c7cf06f346e829b3adb1919877d148d32847d54692c68af9d6717bb3189f9e,https://data.chain.link/streams/btc-usd-twap-60s-streams,77554.07016321861,2026-09-18 07:15:54+00
doge-updown-15m-1789714800,DOGE,"Dogecoin Up or Down - September 18, 3:00AM-3:15AM ET",2026-09-18T07:15:00Z,2026-09-18T07:00:00Z,0.08416198558896104,Up,"[""1"", ""0""]",0.999,684.2513409999999,,0.4995,0.001,resolved,0x4c8e33af23e2b64b5d6c18f3a46d6d5cb579b3375dce9953e75bd49bb0aec187,https://data.chain.link/streams/doge-usd-twap-60s-streams,0.08422451643130915,2026-09-18 07:15:55+00
eth-updown-15m-1789714800,ETH,"Ethereum Up or Down - September 18, 3:00AM-3:15AM ET",2026-09-18T07:15:00Z,2026-09-18T07:00:00Z,2485.28963519194,Up,"[""1"", ""0""]",0.999,7132.416964000002,6.960785,0.4945,0.001,resolved,0xf0b8a8e10c73c310edd79183b32ef4969a3be269b0e24e4ec139bb9bd786e56a,https://data.chain.link/streams/eth-usd-twap-60s-streams,2487.461113241025,2026-09-18 07:15:54+00
hype-updown-15m-1789714800,HYPE,"Hyperliquid Up or Down - September 18, 3:00AM-3:15AM ET",2026-09-18T07:15:00Z,2026-09-18T07:00:00Z,87.83825952123294,Down,"[""0"", ""1""]",0.11,743.34716,,-0.5,0.01,resolved,0x137e0295d573615f77ecc2959dc8bd512d569d7287f08100ea45ab7cda9a14ae,https://data.chain.link/streams/hype-usd-twap-60s-streams,87.76809961072864,2026-09-18 07:15:54+00
sol-updown-15m-1789714800,SOL,"Solana Up or Down - September 18, 3:00AM-3:15AM ET",2026-09-18T07:15:00Z,2026-09-18T07:00:00Z,105.48680683502323,Up,"[""1"", ""0""]",0.999,2043.7738250000007,9.803922,0.4945,0.001,resolved,0x0cbde9c068f565c4616a7652742713796ce6b2e63437350c52faee74a9632101,https://data.chain.link/streams/sol-usd-twap-60s-streams,105.73676760851257,2026-09-18 07:15:54+00
xrp-updown-15m-1789714800,XRP,"XRP Up or Down - September 18, 3:00AM-3:15AM ET",2026-09-18T07:15:00Z,2026-09-18T07:00:00Z,1.3210680973309028,Up,"[""1"", ""0""]",0.999,1455.4037919999998,11.764707,0.4945,0.001,resolved,0x6d13e3ff443b1cbe4c54ecfc55cc1c96cdaa78b92e9981c608cce7df53e4c600,https://data.chain.link/streams/xrp-usd-twap-60s-streams,1.3249948164890912,2026-09-18 07:15:55+00
zec-updown-15m-1789714800,ZEC,"ZCash Up or Down - September 18, 3:00AM-3:15AM ET",2026-09-18T07:15:00Z,2026-09-18T07:00:00Z,1495.1405900873292,Down,"[""0"", ""1""]",0.56,28.267856000000002,,-0.495,0.01,resolved,0xc467f8da00683e3229e15985cc73a904dfae662ce0431dd5f1f4f45e279078f3,https://data.chain.link/streams/zec-usd-twap-60s-streams,1490.7334770922769,2026-09-18 07:15:54+00
bnb-updown-15m-1789715700,BNB,"BNB Up or Down - September 18, 3:15AM-3:30AM ET",2026-09-18T07:30:00Z,2026-09-18T07:15:00Z,754.7746537240866,Down,"[""0"", ""1""]",0.04,607.288169,,-0.5045,0.001,resolved,0x824a6d93d5fdf31f37ac93486b8b604378c2e4fa124f4b4fd01aad95136c2483,https://data.chain.link/streams/bnb-usd-twap-60s-streams,754.4687989386838,2026-09-18 07:31:27+00
btc-updown-15m-1789715700,BTC,"Bitcoin Up or Down - September 18, 3:15AM-3:30AM ET",2026-09-18T07:30:00Z,2026-09-18T07:15:00Z,77554.07016321861,Up,"[""1"", ""0""]",0.999,22145.111426000007,26.078432,0.4945,0.001,resolved,0xbc996a6dfbb203ae1c4eed39f88e9de9ee7590a3b7e7b346953c764851b2be12,https://data.chain.link/streams/btc-usd-twap-60s-streams,77712.48154650594,2026-09-18 07:31:36+00
doge-updown-15m-1789715700,DOGE,"Dogecoin Up or Down - September 18, 3:15AM-3:30AM ET",2026-09-18T07:30:00Z,2026-09-18T07:15:00Z,0.08422451643130915,Up,"[""1"", ""0""]",0.999,441.492932,,0.4995,0.001,resolved,0x3c10d701f7a93d1eb391ee429058d88a4d49e5e3c419e6c77e22340a76b23baa,https://data.chain.link/streams/doge-usd-twap-60s-streams,0.08431662737998269,2026-09-18 07:31:27+00
eth-updown-15m-1789715700,ETH,"Ethereum Up or Down - September 18, 3:15AM-3:30AM ET",2026-09-18T07:30:00Z,2026-09-18T07:15:00Z,2487.461113241025,Up,"[""1"", ""0""]",0.999,4640.172011999999,,0.4945,0.001,resolved,0xbb12c78abd1d8e35e246faca55773288494d0ebc8d91e4b7337e7e3bd0a428ca,https://data.chain.link/streams/eth-usd-twap-60s-streams,2490.9573366914183,2026-09-18 07:31:27+00
hype-updown-15m-1789715700,HYPE,"Hyperliquid Up or Down - September 18, 3:15AM-3:30AM ET",2026-09-18T07:30:00Z,2026-09-18T07:15:00Z,87.76809961072864,Down,"[""0"", ""1""]",0.04,366.686781,,-0.4995,0.001,resolved,0x4d5523fda1afabb414684c4ab150b68205cc6f17daaebb43ad895cc17499a348,https://data.chain.link/streams/hype-usd-twap-60s-streams,87.56924504823871,2026-09-18 07:31:27+00
sol-updown-15m-1789715700,SOL,"Solana Up or Down - September 18, 3:15AM-3:30AM ET",2026-09-18T07:30:00Z,2026-09-18T07:15:00Z,105.73676760851257,Up,"[""1"", ""0""]",0.999,2103.255993,,0.4945,0.001,resolved,0x357cdaec46b2ed0b7e06cc71ce052a23f8daf6fe38250ad5557ef97ae2414662,https://data.chain.link/streams/sol-usd-twap-60s-streams,105.74509863143746,2026-09-18 07:31:27+00
xrp-updown-15m-1789715700,XRP,"XRP Up or Down - September 18, 3:15AM-3:30AM ET",2026-09-18T07:30:00Z,2026-09-18T07:15:00Z,1.3249948164890912,Up,"[""1"", ""0""]",0.999,1117.307088,,0.4945,0.001,resolved,0x86a4351261fe4d1b1186152d960912a838933cbd9a96df5244536a15d45a1eec,https://data.chain.link/streams/xrp-usd-twap-60s-streams,1.328189366832754,2026-09-18 07:31:36+00
zec-updown-15m-1789715700,ZEC,"ZCash Up or Down - September 18, 3:15AM-3:30AM ET",2026-09-18T07:30:00Z,2026-09-18T07:15:00Z,1490.7334770922769,Down,"[""0"", ""1""]",0.51,138.452738,,-0.4995,0.001,resolved,0x3ca4f7ab89006cecb7997c9ef98b2e5b1a728268dc77325e866184a99294fef8,https://data.chain.link/streams/zec-usd-twap-60s-streams,1486.0337304481573,2026-09-18 07:31:27+00
bnb-updown-15m-1789716600,BNB,"BNB Up or Down - September 18, 3:30AM-3:45AM ET",2026-09-18T07:45:00Z,2026-09-18T07:30:00Z,754.4687989386838,Up,"[""1"", ""0""]",0.999,270.08266599999996,,0.4945,0.001,resolved,0xbd177021188502f60054e30228246f2d489149c8e97846ec6bf205d3467d016c,https://data.chain.link/streams/bnb-usd-twap-60s-streams,755.2325210025316,2026-09-18 07:46:36+00
btc-updown-15m-1789716600,BTC,"Bitcoin Up or Down - September 18, 3:30AM-3:45AM ET",2026-09-18T07:45:00Z,2026-09-18T07:30:00Z,77712.48154650594,Up,"[""1"", ""0""]",0.99,83144.22635000001,,0.49,0.01,resolved,0xfe1ae6aead98d081b732c43539c896a19885690d43c14e93fceb82c3ec58422c,https://data.chain.link/streams/btc-usd-twap-60s-streams,77752.7426773788,2026-09-18 07:46:27+00
doge-updown-15m-1789716600,DOGE,"Dogecoin Up or Down - September 18, 3:30AM-3:45AM ET",2026-09-18T07:45:00Z,2026-09-18T07:30:00Z,0.08431662737998269,Up,"[""1"", ""0""]",0.99,703.835099,,0.495,0.01,resolved,0xb4753016f965954430cb85bda879a38297fe74d9e25877ccbb58c445c6787288,https://data.chain.link/streams/doge-usd-twap-60s-streams,0.08435851297562141,2026-09-18 07:46:27+00
eth-updown-15m-1789716600,ETH,"Ethereum Up or Down - September 18, 3:30AM-3:45AM ET",2026-09-18T07:45:00Z,2026-09-18T07:30:00Z,2490.9573366914183,Down,"[""0"", ""1""]",0.05,3949.601765,,-0.5045,0.001,resolved,0xdf6d0c271a7ef41218195829f1bc61f74ad55eb402747ebe68988d06d367a279,https://data.chain.link/streams/eth-usd-twap-60s-streams,2489.3284529896832,2026-09-18 07:46:27+00
hype-updown-15m-1789716600,HYPE,"Hyperliquid Up or Down - September 18, 3:30AM-3:45AM ET",2026-09-18T07:45:00Z,2026-09-18T07:30:00Z,87.56924504823871,Up,"[""1"", ""0""]",0.999,368.27462,,0.4945,0.001,resolved,0xb0b304a8cea7046b024d59e61c830a3cc422272ee8bc921f005c459c0ace5a5a,https://data.chain.link/streams/hype-usd-twap-60s-streams,88.25129742055687,2026-09-18 07:46:27+00
sol-updown-15m-1789716600,SOL,"Solana Up or Down - September 18, 3:30AM-3:45AM ET",2026-09-18T07:45:00Z,2026-09-18T07:30:00Z,105.74509863143746,Up,"[""1"", ""0""]",0.99,1187.2404179999999,,0.4945,0.001,resolved,0xe86fd57902c265662b8888da296594ad2877981c307304a4aba062cb06cfcb79,https://data.chain.link/streams/sol-usd-twap-60s-streams,105.90765368238695,2026-09-18 07:46:27+00
xrp-updown-15m-1789716600,XRP,"XRP Up or Down - September 18, 3:30AM-3:45AM ET",2026-09-18T07:45:00Z,2026-09-18T07:30:00Z,1.328189366832754,Down,"[""0"", ""1""]",0.11,888.5256320000001,,-0.5045,0.001,resolved,0x430fcbf7ff08300e65216a9f6fcafa94c1cd674e064e98084f72952d466d6b0b,https://data.chain.link/streams/xrp-usd-twap-60s-streams,1.3258733870540653,2026-09-18 07:46:27+00
zec-updown-15m-1789716600,ZEC,"ZCash Up or Down - September 18, 3:30AM-3:45AM ET",2026-09-18T07:45:00Z,2026-09-18T07:30:00Z,1486.0337304481573,Down,"[""0"", ""1""]",,,,-0.495,0.01,resolved,0x7f0c60556ba9a2b3faae42cad2959ec2d69bd7fba2c2dd7ce02f0b23f9ae8fb2,https://data.chain.link/streams/zec-usd-twap-60s-streams,1482.6732480687663,2026-09-18 07:46:36+00
bnb-updown-15m-1789717500,BNB,"BNB Up or Down - September 18, 3:45AM-4:00AM ET",2026-09-18T08:00:00Z,2026-09-18T07:45:00Z,755.2325210025316,Down,"[""0"", ""1""]",0.27,321.866406,,-0.5045,0.001,resolved,0x1473d229d7aabf5e0d712a39a5169a9a8d45c183fda18c934ffd18ab0512a24e,https://data.chain.link/streams/bnb-usd-twap-60s-streams,752.5631436807299,2026-09-18 08:00:54+00
btc-updown-15m-1789717500,BTC,"Bitcoin Up or Down - September 18, 3:45AM-4:00AM ET",2026-09-18T08:00:00Z,2026-09-18T07:45:00Z,77752.7426773788,Down,"[""0"", ""1""]",0.01,35287.642285,,-0.4945,0.001,resolved,0xc1f328e5a38fbb131b7dc6abb44de9bf0d4513418048957ec8866f99e9f7717c,https://data.chain.link/streams/btc-usd-twap-60s-streams,77712.79936622802,2026-09-18 08:00:54+00
doge-updown-15m-1789717500,DOGE,"Dogecoin Up or Down - September 18, 3:45AM-4:00AM ET",2026-09-18T08:00:00Z,2026-09-18T07:45:00Z,0.08435851297562141,Up,"[""1"", ""0""]",0.99,800.444508,,0.495,0.01,resolved,0xe87ed6cc9cdac7a1c361d5d5457e44439c8d9e87680aad2f957ef942b6b6e4fd,https://data.chain.link/streams/doge-usd-twap-60s-streams,0.08437448039736493,2026-09-18 08:00:54+00
eth-updown-15m-1789717500,ETH,"Ethereum Up or Down - September 18, 3:45AM-4:00AM ET",2026-09-18T08:00:00Z,2026-09-18T07:45:00Z,2489.3284529896832,Down,"[""0"", ""1""]",0.01,3232.964398,,-0.5045,0.001,resolved,0x15d6dd5c91acbc9ca896b8606b07df6118d5f3f495f24d09a21ea45d42c28a1b,https://data.chain.link/streams/eth-usd-twap-60s-streams,2486.9342230148445,2026-09-18 08:00:54+00
hype-updown-15m-1789717500,HYPE,"Hyperliquid Up or Down - September 18, 3:45AM-4:00AM ET",2026-09-18T08:00:00Z,2026-09-18T07:45:00Z,88.25129742055687,Down,"[""0"", ""1""]",0.13,528.280603,,-0.495,0.01,resolved,0x0c7f8dd4c9bc8090e517bcd722db5b0cf70a86cfc8dc6a839ac503566b2af988,https://data.chain.link/streams/hype-usd-twap-60s-streams,88.21894591936737,2026-09-18 08:00:54+00
sol-updown-15m-1789717500,SOL,"Solana Up or Down - September 18, 3:45AM-4:00AM ET",2026-09-18T08:00:00Z,2026-09-18T07:45:00Z,105.90765368238695,Down,"[""0"", ""1""]",0.021,1129.2306119999998,,-0.5045,0.001,resolved,0x839bff753f2fed792b45e9cd6cd840f2583d6391e7238f4232c0618135f88c58,https://data.chain.link/streams/sol-usd-twap-60s-streams,105.67780816493904,2026-09-18 08:00:54+00
xrp-updown-15m-1789717500,XRP,"XRP Up or Down - September 18, 3:45AM-4:00AM ET",2026-09-18T08:00:00Z,2026-09-18T07:45:00Z,1.3258733870540653,Up,"[""1"", ""0""]",0.99,1301.686075,,0.495,0.01,resolved,0x1231eb29cd7ae8d6451ff11e928b71677001be646b9cc4fda23d9de613c3670d,https://data.chain.link/streams/xrp-usd-twap-60s-streams,1.3275960545685128,2026-09-18 08:00:54+00
zec-updown-15m-1789717500,ZEC,"ZCash Up or Down - September 18, 3:45AM-4:00AM ET",2026-09-18T08:00:00Z,2026-09-18T07:45:00Z,1482.6732480687663,Down,"[""0"", ""1""]",,,,-0.495,0.01,resolved,0x7e02495b349ab58c9b1fbdb989a9bce0e004626bc2d3b2f6a8266ea7741bbbe9,https://data.chain.link/streams/zec-usd-twap-60s-streams,1481.6709822327866,2026-09-18 08:00:54+00
bnb-updown-15m-1789718400,BNB,"BNB Up or Down - September 18, 4:00AM-4:15AM ET",2026-09-18T08:15:00Z,2026-09-18T08:00:00Z,752.5631436807299,Down,"[""0"", ""1""]",0.01,325.78127,,-0.5045,0.001,resolved,0xec8e91f5525e7894dce3df5e1555c3285212b5ca22e720811dcd66fcb1331b5d,https://data.chain.link/streams/bnb-usd-twap-60s-streams,752.3310556626321,2026-09-18 08:15:54+00
btc-updown-15m-1789718400,BTC,"Bitcoin Up or Down - September 18, 4:00AM-4:15AM ET",2026-09-18T08:15:00Z,2026-09-18T08:00:00Z,77712.79936622802,Up,"[""1"", ""0""]",0.999,79751.57678499997,3044.263335,0.5045,0.001,resolved,0x16ee80aeaffc25a6d46dc16589056318842568fb6bbe5b3a4625b764eb9ef1f2,https://data.chain.link/streams/btc-usd-twap-60s-streams,77735.0484557611,2026-09-18 08:15:54+00
doge-updown-15m-1789718400,DOGE,"Dogecoin Up or Down - September 18, 4:00AM-4:15AM ET",2026-09-18T08:15:00Z,2026-09-18T08:00:00Z,0.08437448039736493,Down,"[""0"", ""1""]",0.07,841.3660410000001,1.960785,-0.4995,0.001,resolved,0x2479f96ee4ddbfdde25bd2674ff85d2ea1fbe7998c90aa52616ca3fb9bde5650,https://data.chain.link/streams/doge-usd-twap-60s-streams,0.08427568215121589,2026-09-18 08:15:54+00
eth-updown-15m-1789718400,ETH,"Ethereum Up or Down - September 18, 4:00AM-4:15AM ET",2026-09-18T08:15:00Z,2026-09-18T08:00:00Z,2486.9342230148445,Up,"[""1"", ""0""]",0.999,5158.138060000001,,0.4945,0.001,resolved,0x7a23e5031b20435b05670fbf0bf921058dfba8084727cba09f273b8880862e07,https://data.chain.link/streams/eth-usd-twap-60s-streams,2487.7422944174514,2026-09-18 08:15:54+00
hype-updown-15m-1789718400,HYPE,"Hyperliquid Up or Down - September 18, 4:00AM-4:15AM ET",2026-09-18T08:15:00Z,2026-09-18T08:00:00Z,88.21894591936737,Down,"[""0"", ""1""]",0.06,363.716049,,-0.4995,0.001,resolved,0xb0181b379f9f001cb7ed3482ab1d226589224acf5eeebcaa7e11696f39f95e2c,https://data.chain.link/streams/hype-usd-twap-60s-streams,88.13203351108223,2026-09-18 08:15:54+00
sol-updown-15m-1789718400,SOL,"Solana Up or Down - September 18, 4:00AM-4:15AM ET",2026-09-18T08:15:00Z,2026-09-18T08:00:00Z,105.67780816493904,Down,"[""0"", ""1""]",0.03,1974.9530530000002,31.372551,-0.4995,0.001,resolved,0xd805e7b086ab1af501d2bb1e990751929efde3c66df05b52f09fe73171441543,https://data.chain.link/streams/sol-usd-twap-60s-streams,105.55021827174828,2026-09-18 08:15:54+00
xrp-updown-15m-1789718400,XRP,"XRP Up or Down - September 18, 4:00AM-4:15AM ET",2026-09-18T08:15:00Z,2026-09-18T08:00:00Z,1.3275960545685128,Down,"[""0"", ""1""]",0.03,850.644861,,-0.4995,0.001,resolved,0x36f81fbea3315f8a14d2a131b82f46e40d520e7c0c4c33cab744d6904b8b7839,https://data.chain.link/streams/xrp-usd-twap-60s-streams,1.3249834613879914,2026-09-18 08:15:54+00
zec-updown-15m-1789718400,ZEC,"ZCash Up or Down - September 18, 4:00AM-4:15AM ET",2026-09-18T08:15:00Z,2026-09-18T08:00:00Z,1481.6709822327866,Up,"[""1"", ""0""]",,46,,0.4995,0.001,resolved,0xaebf4019a5e1589f8d427f3263ae8447f1e566d42e3ea5bfe92a6337f2534c79,https://data.chain.link/streams/zec-usd-twap-60s-streams,1486.287323230115,2026-09-18 08:15:54+00
bnb-updown-15m-1789719300,BNB,"BNB Up or Down - September 18, 4:15AM-4:30AM ET",2026-09-18T08:30:00Z,2026-09-18T08:15:00Z,752.3310556626321,Up,"[""1"", ""0""]",0.999,259.035553,,0.4945,0.001,resolved,0x3a14f221abbb1e399352dace17262e9930388778f1c53c4422d1f4d1adab5d09,https://data.chain.link/streams/bnb-usd-twap-60s-streams,752.9191028295079,2026-09-18 08:30:54+00
btc-updown-15m-1789719300,BTC,"Bitcoin Up or Down - September 18, 4:15AM-4:30AM ET",2026-09-18T08:30:00Z,2026-09-18T08:15:00Z,77735.0484557611,Up,"[""1"", ""0""]",0.999,29141.694856999995,24.27451,0.4945,0.001,resolved,0xef4ddf5340ed266a4f690ede14635a74c8f0aed528313271906335becff3b36b,https://data.chain.link/streams/btc-usd-twap-60s-streams,77889.05931241966,2026-09-18 08:30:54+00
doge-updown-15m-1789719300,DOGE,"Dogecoin Up or Down - September 18, 4:15AM-4:30AM ET",2026-09-18T08:30:00Z,2026-09-18T08:15:00Z,0.08427568215121589,Up,"[""1"", ""0""]",0.999,281.967507,,0.4995,0.001,resolved,0xe450580e1f9c04e48fce352c520658a115adeeb66eafbe04f45165a6be482d86,https://data.chain.link/streams/doge-usd-twap-60s-streams,0.08451606725362332,2026-09-18 08:30:54+00
eth-updown-15m-1789719300,ETH,"Ethereum Up or Down - September 18, 4:15AM-4:30AM ET",2026-09-18T08:30:00Z,2026-09-18T08:15:00Z,2487.7422944174514,Up,"[""1"", ""0""]",0.999,2650.009999,,0.4945,0.001,resolved,0x48898db1ece2979f1a7879ae14e1e6c84901d7581268c01da655204de00fde9c,https://data.chain.link/streams/eth-usd-twap-60s-streams,2495.662212933285,2026-09-18 08:30:54+00
hype-updown-15m-1789719300,HYPE,"Hyperliquid Up or Down - September 18, 4:15AM-4:30AM ET",2026-09-18T08:30:00Z,2026-09-18T08:15:00Z,88.13203351108223,Down,"[""0"", ""1""]",0.44,498.06276099999997,,-0.5,0.01,resolved,0x5f156bd7940a6b78a047f492018ed408cb8b30222baca8edff32c2a8096f0f11,https://data.chain.link/streams/hype-usd-twap-60s-streams,87.99173610812433,2026-09-18 08:30:54+00
sol-updown-15m-1789719300,SOL,"Solana Up or Down - September 18, 4:15AM-4:30AM ET",2026-09-18T08:30:00Z,2026-09-18T08:15:00Z,105.55021827174828,Up,"[""1"", ""0""]",0.999,388.664366,,0.4945,0.001,resolved,0x97fa3a3185f9f299de865cae1e87e22bab532dc9c373b96f45a00a4809e4eefd,https://data.chain.link/streams/sol-usd-twap-60s-streams,105.88120949875149,2026-09-18 08:30:54+00
xrp-updown-15m-1789719300,XRP,"XRP Up or Down - September 18, 4:15AM-4:30AM ET",2026-09-18T08:30:00Z,2026-09-18T08:15:00Z,1.3249834613879914,Up,"[""1"", ""0""]",0.999,621.185471,,0.4945,0.001,resolved,0x85ceb80bf234eb2ef6a114fada1ca7f8c09d2a0647910e1c0413080a72915dd1,https://data.chain.link/streams/xrp-usd-twap-60s-streams,1.3325918728306692,2026-09-18 08:30:54+00
zec-updown-15m-1789719300,ZEC,"ZCash Up or Down - September 18, 4:15AM-4:30AM ET",2026-09-18T08:30:00Z,2026-09-18T08:15:00Z,1486.287323230115,Down,"[""0"", ""1""]",0.91,92.26111,,-0.495,0.01,resolved,0x15ef1a4707abaa4fe2beb63e1a78a16cd22e8c59dc292fe9080d36ed1ed2ae96,https://data.chain.link/streams/zec-usd-twap-60s-streams,1478.5265510451777,2026-09-18 08:30:54+00
bnb-updown-15m-1789720200,BNB,"BNB Up or Down - September 18, 4:30AM-4:45AM ET",2026-09-18T08:45:00Z,2026-09-18T08:30:00Z,752.9191028295079,Down,"[""0"", ""1""]",0.01,846.2178529999999,,-0.5,0.01,resolved,0x76877d6e65b421332641abc3ba38e29f997972d86235ca3dc70c66e5013717ff,https://data.chain.link/streams/bnb-usd-twap-60s-streams,752.8857833946668,2026-09-18 08:46:03+00
btc-updown-15m-1789720200,BTC,"Bitcoin Up or Down - September 18, 4:30AM-4:45AM ET",2026-09-18T08:45:00Z,2026-09-18T08:30:00Z,77889.05931241966,Up,"[""1"", ""0""]",0.99,27248.809849000012,,0.49,0.01,resolved,0x7cbf82b995767c127a494cdd9b427c79d436dff6d9ca2dd783f6ab6eed1505f2,https://data.chain.link/streams/btc-usd-twap-60s-streams,77901.63094005713,2026-09-18 08:45:54+00
doge-updown-15m-1789720200,DOGE,"Dogecoin Up or Down - September 18, 4:30AM-4:45AM ET",2026-09-18T08:45:00Z,2026-09-18T08:30:00Z,0.08451606725362332,Up,"[""1"", ""0""]",0.99,830.9239940000001,,0.495,0.01,resolved,0x5597e46b45007b6d34426240289ecb974a5b1b1a3ba93af13a6aefdb60b453db,https://data.chain.link/streams/doge-usd-twap-60s-streams,0.08453804380746344,2026-09-18 08:45:54+00
eth-updown-15m-1789720200,ETH,"Ethereum Up or Down - September 18, 4:30AM-4:45AM ET",2026-09-18T08:45:00Z,2026-09-18T08:30:00Z,2495.662212933285,Down,"[""0"", ""1""]",0.07,5883.950963,,-0.5045,0.001,resolved,0x99b1998a2f52374bbcdabd98a161fa9c40603584c9db73df17fbcd560b9f1021,https://data.chain.link/streams/eth-usd-twap-60s-streams,2494.5858802124612,2026-09-18 08:45:54+00
hype-updown-15m-1789720200,HYPE,"Hyperliquid Up or Down - September 18, 4:30AM-4:45AM ET",2026-09-18T08:45:00Z,2026-09-18T08:30:00Z,87.99173610812433,Up,"[""1"", ""0""]",0.999,247.37008200000002,,0.4945,0.001,resolved,0xfb3d49d6437f62a3831d5cd2434e14935ab232c3d5d49a70bbdc49b8421683d7,https://data.chain.link/streams/hype-usd-twap-60s-streams,88.34017839741786,2026-09-18 08:45:54+00
sol-updown-15m-1789720200,SOL,"Solana Up or Down - September 18, 4:30AM-4:45AM ET",2026-09-18T08:45:00Z,2026-09-18T08:30:00Z,105.88120949875149,Down,"[""0"", ""1""]",0.01,1090.6096360000001,,-0.5045,0.001,resolved,0xbe8f70f301b0a07a5cb8d88a78d97379fcf056cfe2b916c572648ddf23891543,https://data.chain.link/streams/sol-usd-twap-60s-streams,105.71968959360255,2026-09-18 08:45:54+00
xrp-updown-15m-1789720200,XRP,"XRP Up or Down - September 18, 4:30AM-4:45AM ET",2026-09-18T08:45:00Z,2026-09-18T08:30:00Z,1.3325918728306692,Down,"[""0"", ""1""]",0.55,909.8432690000001,,-0.5,0.01,resolved,0xba2b563a31d64517884acd94bda469964a0fa1ff660637c99b569c949f578528,https://data.chain.link/streams/xrp-usd-twap-60s-streams,1.3310840170173048,2026-09-18 08:45:54+00
zec-updown-15m-1789720200,ZEC,"ZCash Up or Down - September 18, 4:30AM-4:45AM ET",2026-09-18T08:45:00Z,2026-09-18T08:30:00Z,1478.5265510451777,Down,"[""0"", ""1""]",,,,-0.495,0.01,resolved,0x78850919c4f7320366ce039da1b0b7603d6aaa4da6800b3980cfbca57a577b29,https://data.chain.link/streams/zec-usd-twap-60s-streams,1476.3516921804705,2026-09-18 08:45:54+00
bnb-updown-15m-1789721100,BNB,"BNB Up or Down - September 18, 4:45AM-5:00AM ET",2026-09-18T09:00:00Z,2026-09-18T08:45:00Z,752.8857833946668,Up,"[""1"", ""0""]",0.99,334.5776239999999,,0.4945,0.001,resolved,0xb1e8ac2be7feead2e517cb8639ea28142023e6127b8258de6916313a1e178cd2,https://data.chain.link/streams/bnb-usd-twap-60s-streams,753.8977319093302,2026-09-18 09:00:55+00
btc-updown-15m-1789721100,BTC,"Bitcoin Up or Down - September 18, 4:45AM-5:00AM ET",2026-09-18T09:00:00Z,2026-09-18T08:45:00Z,77901.63094005713,Up,"[""1"", ""0""]",0.999,29200.724212999994,,0.4945,0.001,resolved,0xfa16b1b4796e6ea80dc7dba66520a2e9f3b819c6ce7b86272c6b0f168eeaf8ab,https://data.chain.link/streams/btc-usd-twap-60s-streams,78151.97341340546,2026-09-18 09:00:55+00
doge-updown-15m-1789721100,DOGE,"Dogecoin Up or Down - September 18, 4:45AM-5:00AM ET",2026-09-18T09:00:00Z,2026-09-18T08:45:00Z,0.08453804380746344,Up,"[""1"", ""0""]",0.999,451.70407100000006,,0.4995,0.001,resolved,0xe7a76ece16337bec3b644e9fe88d9c61078a3aface6515dd9e2c7fc19ed1f037,https://data.chain.link/streams/doge-usd-twap-60s-streams,0.08478325852661958,2026-09-18 09:00:55+00
eth-updown-15m-1789721100,ETH,"Ethereum Up or Down - September 18, 4:45AM-5:00AM ET",2026-09-18T09:00:00Z,2026-09-18T08:45:00Z,2494.5858802124612,Up,"[""1"", ""0""]",0.99,2947.6082680000004,,0.4945,0.001,resolved,0x097661f6f51e59fa6757f985c662e59dde545761027fd8384a511b60e015def5,https://data.chain.link/streams/eth-usd-twap-60s-streams,2501.515295823548,2026-09-18 09:00:54+00
hype-updown-15m-1789721100,HYPE,"Hyperliquid Up or Down - September 18, 4:45AM-5:00AM ET",2026-09-18T09:00:00Z,2026-09-18T08:45:00Z,88.34017839741786,Up,"[""1"", ""0""]",0.999,202.38644300000004,,0.4945,0.001,resolved,0xf86aa21abcc69a857d6e3614913240235fe1204bb35c3400b1fcffec8e167379,https://data.chain.link/streams/hype-usd-twap-60s-streams,88.58365177106513,2026-09-18 09:00:55+00
sol-updown-15m-1789721100,SOL,"Solana Up or Down - September 18, 4:45AM-5:00AM ET",2026-09-18T09:00:00Z,2026-09-18T08:45:00Z,105.71968959360255,Up,"[""1"", ""0""]",0.999,856.199403,,0.4945,0.001,resolved,0xcc7d787de4caec254057ccd38147429699032708eb13d7dcf3fc9c94d943278f,https://data.chain.link/streams/sol-usd-twap-60s-streams,106.0941420977103,2026-09-18 09:00:55+00
xrp-updown-15m-1789721100,XRP,"XRP Up or Down - September 18, 4:45AM-5:00AM ET",2026-09-18T09:00:00Z,2026-09-18T08:45:00Z,1.3310840170173048,Up,"[""1"", ""0""]",0.999,858.64119,,0.4945,0.001,resolved,0x0018a4478ec79ee55649f0c4491b0a77f43a59f1815dddd540da5fb13596474f,https://data.chain.link/streams/xrp-usd-twap-60s-streams,1.3353722122147436,2026-09-18 09:00:55+00
zec-updown-15m-1789721100,ZEC,"ZCash Up or Down - September 18, 4:45AM-5:00AM ET",2026-09-18T09:00:00Z,2026-09-18T08:45:00Z,1476.3516921804705,Up,"[""1"", ""0""]",0.99,40.0505,,0.495,0.01,resolved,0xf31b666836835089d55913461447a8c59e14358ee7b4b66487308a0af0031f96,https://data.chain.link/streams/zec-usd-twap-60s-streams,1483.309906809371,2026-09-18 09:00:55+00
bnb-updown-15m-1789722000,BNB,"BNB Up or Down - September 18, 5:00AM-5:15AM ET",2026-09-18T09:15:00Z,2026-09-18T09:00:00Z,753.8977319093302,Down,"[""0"", ""1""]",0.04,711.7991109999999,,-0.5,0.01,resolved,0x79cc3374f6b8533ab7f86395589df996770e9b5832f2dc6e9d34c875804881aa,https://data.chain.link/streams/bnb-usd-twap-60s-streams,753.7117745458908,2026-09-18 09:16:36+00
btc-updown-15m-1789722000,BTC,"Bitcoin Up or Down - September 18, 5:00AM-5:15AM ET",2026-09-18T09:15:00Z,2026-09-18T09:00:00Z,78151.97341340546,Up,"[""1"", ""0""]",0.99,28526.576362000025,3576.220785,0.4945,0.001,resolved,0xe2a234cb883d9b6052852a20d307db644207dc98522e594d2cd8d6a490b84350,https://data.chain.link/streams/btc-usd-twap-60s-streams,78281.73139411253,2026-09-18 09:16:27+00
doge-updown-15m-1789722000,DOGE,"Dogecoin Up or Down - September 18, 5:00AM-5:15AM ET",2026-09-18T09:15:00Z,2026-09-18T09:00:00Z,0.08478325852661958,Up,"[""1"", ""0""]",0.999,344.313754,,0.4995,0.001,resolved,0x7129de5d6cbf06551f1c5721f655aa0c0e6646d0f01c8a0cb788d41584234481,https://data.chain.link/streams/doge-usd-twap-60s-streams,0.08508583851276906,2026-09-18 09:16:27+00
eth-updown-15m-1789722000,ETH,"Ethereum Up or Down - September 18, 5:00AM-5:15AM ET",2026-09-18T09:15:00Z,2026-09-18T09:00:00Z,2501.515295823548,Up,"[""1"", ""0""]",0.999,4864.082451,,0.4945,0.001,resolved,0x6eaf542cf73cf0212ac09900650461302ab3615529319f2d20e9de6a55fab6f8,https://data.chain.link/streams/eth-usd-twap-60s-streams,2509.720797648189,2026-09-18 09:16:27+00
hype-updown-15m-1789722000,HYPE,"Hyperliquid Up or Down - September 18, 5:00AM-5:15AM ET",2026-09-18T09:15:00Z,2026-09-18T09:00:00Z,88.58365177106513,Down,"[""0"", ""1""]",0.18,579.737841,,-0.5,0.01,resolved,0x40f5dcb2c884908ecc17ea962c03e0488a00b4787e8a28f82d693235477049bd,https://data.chain.link/streams/hype-usd-twap-60s-streams,88.53497104366186,2026-09-18 09:16:27+00
sol-updown-15m-1789722000,SOL,"Solana Up or Down - September 18, 5:00AM-5:15AM ET",2026-09-18T09:15:00Z,2026-09-18T09:00:00Z,106.0941420977103,Down,"[""0"", ""1""]",0.04,2350.1588819999993,,-0.495,0.01,resolved,0xfc6c2ed443ff42079454feef25d20d973dae8a2014b8448ff0742e8dd2b934c1,https://data.chain.link/streams/sol-usd-twap-60s-streams,106.06469908018158,2026-09-18 09:16:27+00
xrp-updown-15m-1789722000,XRP,"XRP Up or Down - September 18, 5:00AM-5:15AM ET",2026-09-18T09:15:00Z,2026-09-18T09:00:00Z,1.3353722122147436,Up,"[""1"", ""0""]",0.99,3055.0384980000013,,0.495,0.01,resolved,0xb1a2099d8a83432adde89469fa9249cf779b6d533b4ea8dbd1696b8a80e07c7d,https://data.chain.link/streams/xrp-usd-twap-60s-streams,1.3354361696330315,2026-09-18 09:16:27+00
zec-updown-15m-1789722000,ZEC,"ZCash Up or Down - September 18, 5:00AM-5:15AM ET",2026-09-18T09:15:00Z,2026-09-18T09:00:00Z,1483.309906809371,Down,"[""0"", ""1""]",0.51,63.666667000000004,,-0.4995,0.001,resolved,0x3f8490c61bb306e306efae4da7b5748f72510f84b62a32ec245185f79a0a3439,https://data.chain.link/streams/zec-usd-twap-60s-streams,1468.7868116696002,2026-09-18 09:16:36+00
bnb-updown-15m-1789722900,BNB,"BNB Up or Down - September 18, 5:15AM-5:30AM ET",2026-09-18T09:30:00Z,2026-09-18T09:15:00Z,753.7117745458908,Down,"[""0"", ""1""]",0.07,437.274103,,-0.5045,0.001,resolved,0x23d1069000c6568fa04b2c258b99da52b174dceebe8e0d44c48d028ee2084001,https://data.chain.link/streams/bnb-usd-twap-60s-streams,751.8025378934999,2026-09-18 09:31:27+00
btc-updown-15m-1789722900,BTC,"Bitcoin Up or Down - September 18, 5:15AM-5:30AM ET",2026-09-18T09:30:00Z,2026-09-18T09:15:00Z,78281.73139411253,Down,"[""0"", ""1""]",0.001,22421.902425000004,39.81,-0.5045,0.001,resolved,0x4c6b5106f5b8cab891d4d9a5d57edbd520ae7e51bbb1af1b7e835853d88642c6,https://data.chain.link/streams/btc-usd-twap-60s-streams,78104.60940239474,2026-09-18 09:31:27+00
doge-updown-15m-1789722900,DOGE,"Dogecoin Up or Down - September 18, 5:15AM-5:30AM ET",2026-09-18T09:30:00Z,2026-09-18T09:15:00Z,0.08508583851276906,Up,"[""1"", ""0""]",0.99,1296.178253,,0.4995,0.001,resolved,0x57f78a2e3416d3348941b9d681f10909de6710244c6e2e039232169150ebae78,https://data.chain.link/streams/doge-usd-twap-60s-streams,0.0851286612199498,2026-09-18 09:31:27+00
eth-updown-15m-1789722900,ETH,"Ethereum Up or Down - September 18, 5:15AM-5:30AM ET",2026-09-18T09:30:00Z,2026-09-18T09:15:00Z,2509.720797648189,Down,"[""0"", ""1""]",0.001,10264.487779,,-0.5045,0.001,resolved,0xd0d5e4564882084a76ce6553e9bc81c69459d39ee42751557bccbb6f80a9c788,https://data.chain.link/streams/eth-usd-twap-60s-streams,2505.076245384455,2026-09-18 09:31:27+00
hype-updown-15m-1789722900,HYPE,"Hyperliquid Up or Down - September 18, 5:15AM-5:30AM ET",2026-09-18T09:30:00Z,2026-09-18T09:15:00Z,88.53497104366186,Up,"[""1"", ""0""]",0.75,414.175936,,0.4945,0.001,resolved,0xce68f248a579fa5edfa147cddb460e68f64695295b0e652272f209bf4feefad6,https://data.chain.link/streams/hype-usd-twap-60s-streams,88.63860504356722,2026-09-18 09:31:27+00
sol-updown-15m-1789722900,SOL,"Solana Up or Down - September 18, 5:15AM-5:30AM ET",2026-09-18T09:30:00Z,2026-09-18T09:15:00Z,106.06469908018158,Down,"[""0"", ""1""]",0.02,1981.984929,,-0.5045,0.001,resolved,0x234dcead410b6b94c9918d8986a3f8eb38f05b34440e689b99fc1d63732315d2,https://data.chain.link/streams/sol-usd-twap-60s-streams,105.96930230922538,2026-09-18 09:31:27+00
xrp-updown-15m-1789722900,XRP,"XRP Up or Down - September 18, 5:15AM-5:30AM ET",2026-09-18T09:30:00Z,2026-09-18T09:15:00Z,1.3354361696330315,Down,"[""0"", ""1""]",0.1,1487.625178,,-0.5045,0.001,resolved,0x4f62c4150e3f4b2cf9d1e5fd4a6730906f571649403559d802068e7053c2e37c,https://data.chain.link/streams/xrp-usd-twap-60s-streams,1.331113644564307,2026-09-18 09:31:27+00
zec-updown-15m-1789722900,ZEC,"ZCash Up or Down - September 18, 5:15AM-5:30AM ET",2026-09-18T09:30:00Z,2026-09-18T09:15:00Z,1468.7868116696002,Up,"[""1"", ""0""]",0.999,,,0.4995,0.001,resolved,0x9e425d549951adc18e239e3a3d21a855870441f2da1e0b2cd6cdcf3f8692fab3,https://data.chain.link/streams/zec-usd-twap-60s-streams,1479.6489178873833,2026-09-18 09:31:27+00
bnb-updown-15m-1789723800,BNB,"BNB Up or Down - September 18, 5:30AM-5:45AM ET",2026-09-18T09:45:00Z,2026-09-18T09:30:00Z,751.8025378934999,Down,"[""0"", ""1""]",0.001,283.757026,,-0.5045,0.001,resolved,0x20c8d544865ab2a6308a5d025788b290647d51e6e1b07b75d8c4512e3cce1e3a,https://data.chain.link/streams/bnb-usd-twap-60s-streams,749.7181054091285,2026-09-18 09:45:54+00
btc-updown-15m-1789723800,BTC,"Bitcoin Up or Down - September 18, 5:30AM-5:45AM ET",2026-09-18T09:45:00Z,2026-09-18T09:30:00Z,78104.60940239474,Down,"[""0"", ""1""]",0.001,16037.744664999998,3.960785,-0.5045,0.001,resolved,0x314acc8a45a3710595a5b601af0a46d30ea963619a4f4b72d2c770f86015ccb2,https://data.chain.link/streams/btc-usd-twap-60s-streams,77978.81077979087,2026-09-18 09:45:54+00
doge-updown-15m-1789723800,DOGE,"Dogecoin Up or Down - September 18, 5:30AM-5:45AM ET",2026-09-18T09:45:00Z,2026-09-18T09:30:00Z,0.0851286612199498,Up,"[""1"", ""0""]",0.999,1002.0806500000001,,0.4995,0.001,resolved,0xea219cfd0ff7244461c4f91ec0b933032918dd32cd9b57ada31e961ece12a281,https://data.chain.link/streams/doge-usd-twap-60s-streams,0.08559302081506877,2026-09-18 09:45:54+00
eth-updown-15m-1789723800,ETH,"Ethereum Up or Down - September 18, 5:30AM-5:45AM ET",2026-09-18T09:45:00Z,2026-09-18T09:30:00Z,2505.076245384455,Down,"[""0"", ""1""]",0.001,2521.4129600000006,,-0.5045,0.001,resolved,0x673cc0b3c7a91c8f693dcdc271bbf7e2634d4daf178889cd9e64f41d55224372,https://data.chain.link/streams/eth-usd-twap-60s-streams,2501.3223568227354,2026-09-18 09:45:54+00
hype-updown-15m-1789723800,HYPE,"Hyperliquid Up or Down - September 18, 5:30AM-5:45AM ET",2026-09-18T09:45:00Z,2026-09-18T09:30:00Z,88.63860504356722,Up,"[""1"", ""0""]",0.99,497.42901199999994,,0.49,0.01,resolved,0x1ad35bbbb84cfe317f3a629ea2e912bed990d64fe0619ce824762768ad60d2f2,https://data.chain.link/streams/hype-usd-twap-60s-streams,88.64137447439072,2026-09-18 09:45:54+00
sol-updown-15m-1789723800,SOL,"Solana Up or Down - September 18, 5:30AM-5:45AM ET",2026-09-18T09:45:00Z,2026-09-18T09:30:00Z,105.96930230922538,Up,"[""1"", ""0""]",0.99,2892.1577130000005,,0.49,0.01,resolved,0xaead208da6c7fcc686558d6dae55f1a674b075a0be9b099d54a141e49395f808,https://data.chain.link/streams/sol-usd-twap-60s-streams,106.00298191728933,2026-09-18 09:45:54+00
xrp-updown-15m-1789723800,XRP,"XRP Up or Down - September 18, 5:30AM-5:45AM ET",2026-09-18T09:45:00Z,2026-09-18T09:30:00Z,1.331113644564307,Down,"[""0"", ""1""]",0.01,886.73606,,-0.5,0.01,resolved,0xa48f02a5c07149e5e2655b30a339b5b13341933915200c9dcc6813d24aba9226,https://data.chain.link/streams/xrp-usd-twap-60s-streams,1.3307594318223754,2026-09-18 09:45:54+00
zec-updown-15m-1789723800,ZEC,"ZCash Up or Down - September 18, 5:30AM-5:45AM ET",2026-09-18T09:45:00Z,2026-09-18T09:30:00Z,1479.6489178873833,Down,"[""0"", ""1""]",0.21,,,-0.4995,0.001,resolved,0xf7ea4365ceb483c9db47f13e14edb498817497276c202b7c971f5ca79a3fd427,https://data.chain.link/streams/zec-usd-twap-60s-streams,1476.7967289820865,2026-09-18 09:45:54+00
bnb-updown-15m-1789724700,BNB,"BNB Up or Down - September 18, 5:45AM-6:00AM ET",2026-09-18T10:00:00Z,2026-09-18T09:45:00Z,749.7181054091285,Up,"[""1"", ""0""]",0.83,221.268584,,0.4945,0.001,resolved,0xafc9cc1e0cfb9f86a41b4cafb1bce45bf877f2662d2ece5cb9ff1068be89c5f8,https://data.chain.link/streams/bnb-usd-twap-60s-streams,750.7774518007581,2026-09-18 10:00:54+00
btc-updown-15m-1789724700,BTC,"Bitcoin Up or Down - September 18, 5:45AM-6:00AM ET",2026-09-18T10:00:00Z,2026-09-18T09:45:00Z,77978.81077979087,Up,"[""1"", ""0""]",0.999,17568.254515,7.92157,0.4945,0.001,resolved,0x64f023129f7bffff7ba388654ec76c2cb10adeedb728cc25a4d3904f09212930,https://data.chain.link/streams/btc-usd-twap-60s-streams,78140.23377532444,2026-09-18 10:00:54+00
doge-updown-15m-1789724700,DOGE,"Dogecoin Up or Down - September 18, 5:45AM-6:00AM ET",2026-09-18T10:00:00Z,2026-09-18T09:45:00Z,0.08559302081506877,Up,"[""1"", ""0""]",0.999,664.5991190000001,,0.4995,0.001,resolved,0xbe1bd279e8965a26fe02a55733ee47de508f65049b5965993e3fe92bb30640c4,https://data.chain.link/streams/doge-usd-twap-60s-streams,0.08568778571001957,2026-09-18 10:00:54+00
eth-updown-15m-1789724700,ETH,"Ethereum Up or Down - September 18, 5:45AM-6:00AM ET",2026-09-18T10:00:00Z,2026-09-18T09:45:00Z,2501.3223568227354,Up,"[""1"", ""0""]",0.999,2958.581644,,0.4945,0.001,resolved,0x291251b9826a62df6975bc3e1404d832b87e9b69f5b372a29a3af33fea578551,https://data.chain.link/streams/eth-usd-twap-60s-streams,2505.8401161938773,2026-09-18 10:00:54+00
hype-updown-15m-1789724700,HYPE,"Hyperliquid Up or Down - September 18, 5:45AM-6:00AM ET",2026-09-18T10:00:00Z,2026-09-18T09:45:00Z,88.64137447439072,Up,"[""1"", ""0""]",0.999,371.19778900000006,,0.4945,0.001,resolved,0x0cfad137b7b7e98d8ee3553456dd312cc9cae582450592103d5abd34e93d1958,https://data.chain.link/streams/hype-usd-twap-60s-streams,88.9417156211319,2026-09-18 10:00:54+00
sol-updown-15m-1789724700,SOL,"Solana Up or Down - September 18, 5:45AM-6:00AM ET",2026-09-18T10:00:00Z,2026-09-18T09:45:00Z,106.00298191728933,Up,"[""1"", ""0""]",0.999,789.7420659999999,,0.4945,0.001,resolved,0x2c7ebd222efea4f1deedb4167154e4f73d945e8ed662d50f46a410d492b5ab8f,https://data.chain.link/streams/sol-usd-twap-60s-streams,106.30894275844369,2026-09-18 10:00:54+00
xrp-updown-15m-1789724700,XRP,"XRP Up or Down - September 18, 5:45AM-6:00AM ET",2026-09-18T10:00:00Z,2026-09-18T09:45:00Z,1.3307594318223754,Up,"[""1"", ""0""]",0.999,937.7081880000001,,0.4945,0.001,resolved,0x5594c3ea9ff40f2ba29cf58fe259542278d01db710ef3482591021139526ac55,https://data.chain.link/streams/xrp-usd-twap-60s-streams,1.3329975658774689,2026-09-18 10:00:54+00
zec-updown-15m-1789724700,ZEC,"ZCash Up or Down - September 18, 5:45AM-6:00AM ET",2026-09-18T10:00:00Z,2026-09-18T09:45:00Z,1476.7967289820865,Up,"[""1"", ""0""]",0.99,51.0505,,0.495,0.01,resolved,0x76ca194ce50db7d54a59ecb43c86e7bdbfbc6ce9959a3f384bae5de03d2e4e83,https://data.chain.link/streams/zec-usd-twap-60s-streams,1480.5773131996978,2026-09-18 10:00:54+00
bnb-updown-15m-1789725600,BNB,"BNB Up or Down - September 18, 6:00AM-6:15AM ET",2026-09-18T10:15:00Z,2026-09-18T10:00:00Z,750.7774518007581,Down,"[""0"", ""1""]",0.2,245.387963,1.960785,-0.4995,0.001,resolved,0x61276efd1fe5b3b89f17054d2774a9db4c3c56e2b969c7233adc75fad404be3f,https://data.chain.link/streams/bnb-usd-twap-60s-streams,749.5740057691644,2026-09-18 10:15:54+00
btc-updown-15m-1789725600,BTC,"Bitcoin Up or Down - September 18, 6:00AM-6:15AM ET",2026-09-18T10:15:00Z,2026-09-18T10:00:00Z,78140.23377532444,Down,"[""0"", ""1""]",0.01,19136.727001,3142.454707,-0.4945,0.001,resolved,0xf00571a919a41b733747a78d343279e98e26f4fde92f0f2b3a032d964ac730c9,https://data.chain.link/streams/btc-usd-twap-60s-streams,78062.16238469904,2026-09-18 10:16:03+00
doge-updown-15m-1789725600,DOGE,"Dogecoin Up or Down - September 18, 6:00AM-6:15AM ET",2026-09-18T10:15:00Z,2026-09-18T10:00:00Z,0.08568778571001957,Up,"[""1"", ""0""]",0.999,558.073173,1.960785,0.4995,0.001,resolved,0xe1daaeef413dd3fa47509b5ba8e647c4473f1cf97213971f2178fc2ce677dcc4,https://data.chain.link/streams/doge-usd-twap-60s-streams,0.08580389101097029,2026-09-18 10:15:54+00
eth-updown-15m-1789725600,ETH,"Ethereum Up or Down - September 18, 6:00AM-6:15AM ET",2026-09-18T10:15:00Z,2026-09-18T10:00:00Z,2505.8401161938773,Up,"[""1"", ""0""]",0.999,4101.458509,,0.4945,0.001,resolved,0xf4e53af992b0f9eab051a1ae84fdb05cc635fdba72435d908eb5fac53ce64229,https://data.chain.link/streams/eth-usd-twap-60s-streams,2509.9628168631375,2026-09-18 10:15:54+00
hype-updown-15m-1789725600,HYPE,"Hyperliquid Up or Down - September 18, 6:00AM-6:15AM ET",2026-09-18T10:15:00Z,2026-09-18T10:00:00Z,88.9417156211319,Up,"[""1"", ""0""]",0.999,92.06329,,0.4945,0.001,resolved,0x01bf72c33d25c0c1f6835a6a5337f39ac32242df2d5d89aa533c70cd153ab072,https://data.chain.link/streams/hype-usd-twap-60s-streams,89.11202945883477,2026-09-18 10:15:54+00
sol-updown-15m-1789725600,SOL,"Solana Up or Down - September 18, 6:00AM-6:15AM ET",2026-09-18T10:15:00Z,2026-09-18T10:00:00Z,106.30894275844369,Down,"[""0"", ""1""]",0.02,1771.1463350000001,,-0.5045,0.001,resolved,0x6d190aac78cc9e8d5a9449a893816102683c7cda0d84b641d34f6591e6d62087,https://data.chain.link/streams/sol-usd-twap-60s-streams,106.20481065983654,2026-09-18 10:16:03+00
xrp-updown-15m-1789725600,XRP,"XRP Up or Down - September 18, 6:00AM-6:15AM ET",2026-09-18T10:15:00Z,2026-09-18T10:00:00Z,1.3329975658774689,Down,"[""0"", ""1""]",0.02,1227.948453,,-0.5045,0.001,resolved,0xb60a0ab037452456b16360780878c64f71a69d9fcba53e01bd7a4d5c3ce1875c,https://data.chain.link/streams/xrp-usd-twap-60s-streams,1.330582090671779,2026-09-18 10:15:54+00
zec-updown-15m-1789725600,ZEC,"ZCash Up or Down - September 18, 6:00AM-6:15AM ET",2026-09-18T10:15:00Z,2026-09-18T10:00:00Z,1480.5773131996978,Down,"[""0"", ""1""]",0.19,19.527273,,-0.495,0.01,resolved,0x0723b043a1c6a1f41d17dc6c8b7a2c31521d118ab0a3135d397fd16588b861e0,https://data.chain.link/streams/zec-usd-twap-60s-streams,1478.2739626934924,2026-09-18 10:15:54+00
bnb-updown-15m-1789726500,BNB,"BNB Up or Down - September 18, 6:15AM-6:30AM ET",2026-09-18T10:30:00Z,2026-09-18T10:15:00Z,749.5740057691644,Up,"[""1"", ""0""]",0.99,444.14505900000006,,0.4945,0.001,resolved,0x4e2939ae5fe16c3c89b910f775554ae49254adabbdc1d8c69ff38810ab9f5036,https://data.chain.link/streams/bnb-usd-twap-60s-streams,751.0749394677733,2026-09-18 10:31:27+00
btc-updown-15m-1789726500,BTC,"Bitcoin Up or Down - September 18, 6:15AM-6:30AM ET",2026-09-18T10:30:00Z,2026-09-18T10:15:00Z,78062.16238469904,Up,"[""1"", ""0""]",0.999,39761.867563999986,11.960785,0.4945,0.001,resolved,0x65e3a3bf1a7b881415146429649b58523454a2b5d65e6b972f34cf1b229e6534,https://data.chain.link/streams/btc-usd-twap-60s-streams,78206.36911098109,2026-09-18 10:31:27+00
doge-updown-15m-1789726500,DOGE,"Dogecoin Up or Down - September 18, 6:15AM-6:30AM ET",2026-09-18T10:30:00Z,2026-09-18T10:15:00Z,0.08580389101097029,Up,"[""1"", ""0""]",0.999,653.4045920000001,,0.4995,0.001,resolved,0xcb3b872ab5b02a598a148346941b285e84bc3b4e09621b50741af50ac2cb9d39,https://data.chain.link/streams/doge-usd-twap-60s-streams,0.08667871552541936,2026-09-18 10:31:27+00
eth-updown-15m-1789726500,ETH,"Ethereum Up or Down - September 18, 6:15AM-6:30AM ET",2026-09-18T10:30:00Z,2026-09-18T10:15:00Z,2509.9628168631375,Up,"[""1"", ""0""]",0.999,4288.681681000001,,0.4945,0.001,resolved,0x1252e67e68de9afd880b493e4f74892e664a878b5a749d313f9a1fd644f7d466,https://data.chain.link/streams/eth-usd-twap-60s-streams,2515.1835201211634,2026-09-18 10:31:27+00
hype-updown-15m-1789726500,HYPE,"Hyperliquid Up or Down - September 18, 6:15AM-6:30AM ET",2026-09-18T10:30:00Z,2026-09-18T10:15:00Z,89.11202945883477,Up,"[""1"", ""0""]",0.999,108.14099999999999,,0.4945,0.001,resolved,0xa7673b80ef44d4edfeac9eb14b3310f656e0536a22a6bb30036b8378a36e66ac,https://data.chain.link/streams/hype-usd-twap-60s-streams,89.98138895095302,2026-09-18 10:31:36+00
sol-updown-15m-1789726500,SOL,"Solana Up or Down - September 18, 6:15AM-6:30AM ET",2026-09-18T10:30:00Z,2026-09-18T10:15:00Z,106.20481065983654,Up,"[""1"", ""0""]",0.999,728.12038,,0.4945,0.001,resolved,0xf751d3ce638eb628cf3b94622f2986af1bb8e781b3d3046647cf25030c2b043c,https://data.chain.link/streams/sol-usd-twap-60s-streams,106.53420234440247,2026-09-18 10:31:27+00
xrp-updown-15m-1789726500,XRP,"XRP Up or Down - September 18, 6:15AM-6:30AM ET",2026-09-18T10:30:00Z,2026-09-18T10:15:00Z,1.330582090671779,Up,"[""1"", ""0""]",0.999,755.88805,,0.4945,0.001,resolved,0x2503290e0fd8f604e9e5e4f4a380781abfd2b322fbdf4104d322b443c1924327,https://data.chain.link/streams/xrp-usd-twap-60s-streams,1.3362733132040892,2026-09-18 10:31:27+00
zec-updown-15m-1789726500,ZEC,"ZCash Up or Down - September 18, 6:15AM-6:30AM ET",2026-09-18T10:30:00Z,2026-09-18T10:15:00Z,1478.2739626934924,Up,"[""1"", ""0""]",0.78,12.234043,,0.495,0.01,resolved,0x463188186098af2048cc3714a4bf07708ad6a4a7468c48d9af91f604b2f66b73,https://data.chain.link/streams/zec-usd-twap-60s-streams,1486.8541019480544,2026-09-18 10:31:27+00
bnb-updown-15m-1789727400,BNB,"BNB Up or Down - September 18, 6:30AM-6:45AM ET",2026-09-18T10:45:00Z,2026-09-18T10:30:00Z,751.0749394677733,Up,"[""1"", ""0""]",0.999,429.234357,,0.4945,0.001,resolved,0x4050b3c65619ffd8389f0b8448c691186698b2fbf752b4776180c59a329f4767,https://data.chain.link/streams/bnb-usd-twap-60s-streams,751.6504785243657,2026-09-18 10:45:54+00
btc-updown-15m-1789727400,BTC,"Bitcoin Up or Down - September 18, 6:30AM-6:45AM ET",2026-09-18T10:45:00Z,2026-09-18T10:30:00Z,78206.36911098109,Down,"[""0"", ""1""]",0.001,19417.655545,1.960785,-0.5045,0.001,resolved,0x53b4ebb60e635aeed040a5454a7ed87e7ff064725efc0658cca216686bb618e8,https://data.chain.link/streams/btc-usd-twap-60s-streams,78141.42390176657,2026-09-18 10:45:54+00
doge-updown-15m-1789727400,DOGE,"Dogecoin Up or Down - September 18, 6:30AM-6:45AM ET",2026-09-18T10:45:00Z,2026-09-18T10:30:00Z,0.08667871552541936,Down,"[""0"", ""1""]",0.04,600.141746,,-0.4995,0.001,resolved,0x01c574a35bc02fa08624bd9b70015e218292d1a8735ee6ed553b1c4d5b53fcb2,https://data.chain.link/streams/doge-usd-twap-60s-streams,0.0862965855018104,2026-09-18 10:45:54+00
eth-updown-15m-1789727400,ETH,"Ethereum Up or Down - September 18, 6:30AM-6:45AM ET",2026-09-18T10:45:00Z,2026-09-18T10:30:00Z,2515.1835201211634,Down,"[""0"", ""1""]",0.04,3670.3739189999997,,-0.5045,0.001,resolved,0xbd2b85f7fbf6fb3a18899dacdacb0e02a0c908a3352666403a189d03fb81c282,https://data.chain.link/streams/eth-usd-twap-60s-streams,2513.6816955263553,2026-09-18 10:45:54+00
hype-updown-15m-1789727400,HYPE,"Hyperliquid Up or Down - September 18, 6:30AM-6:45AM ET",2026-09-18T10:45:00Z,2026-09-18T10:30:00Z,89.98138895095302,Up,"[""1"", ""0""]",0.999,465.52843700000005,,0.4945,0.001,resolved,0x6ef1089f18d37249fac223d80b7338d098d4e4868aafd968db979c29879dcd2d,https://data.chain.link/streams/hype-usd-twap-60s-streams,90.28576860239745,2026-09-18 10:45:54+00
sol-updown-15m-1789727400,SOL,"Solana Up or Down - September 18, 6:30AM-6:45AM ET",2026-09-18T10:45:00Z,2026-09-18T10:30:00Z,106.53420234440247,Down,"[""0"", ""1""]",0.07,810.679277,,-0.5045,0.001,resolved,0xa83c4b9005be3997bd853aa63fb79f95f76f19c4ed7080b1edd1fff12a84bc83,https://data.chain.link/streams/sol-usd-twap-60s-streams,106.45516638478178,2026-09-18 10:45:54+00
xrp-updown-15m-1789727400,XRP,"XRP Up or Down - September 18, 6:30AM-6:45AM ET",2026-09-18T10:45:00Z,2026-09-18T10:30:00Z,1.3362733132040892,Down,"[""0"", ""1""]",0.09,789.6739210000001,,-0.5045,0.001,resolved,0x73f56a12b718d052aa8ae0b887ea969b7b58ded59f49822fb972e6bea4daa2ab,https://data.chain.link/streams/xrp-usd-twap-60s-streams,1.3346932709521482,2026-09-18 10:45:54+00
zec-updown-15m-1789727400,ZEC,"ZCash Up or Down - September 18, 6:30AM-6:45AM ET",2026-09-18T10:45:00Z,2026-09-18T10:30:00Z,1486.8541019480544,Down,"[""0"", ""1""]",,,,-0.4995,0.001,resolved,0x6c0ef8fc2336133db41e9e879c058db8afb4cdd22a48ce1a0b5ba3ef8dd2abc5,https://data.chain.link/streams/zec-usd-twap-60s-streams,1484.139688903619,2026-09-18 10:45:54+00
bnb-updown-15m-1789728300,BNB,"BNB Up or Down - September 18, 6:45AM-7:00AM ET",2026-09-18T11:00:00Z,2026-09-18T10:45:00Z,751.6504785243657,Up,"[""1"", ""0""]",0.99,295.062759,,0.49,0.01,resolved,0x5f2a2183f96e08cbcf1652b24aa950a776cc29d6f6ea49c6a703df8cdc3fe874,https://data.chain.link/streams/bnb-usd-twap-60s-streams,751.8980447787998,2026-09-18 11:01:36+00
btc-updown-15m-1789728300,BTC,"Bitcoin Up or Down - September 18, 6:45AM-7:00AM ET",2026-09-18T11:00:00Z,2026-09-18T10:45:00Z,78141.42390176657,Up,"[""1"", ""0""]",0.999,13352.597232,1.960785,0.4945,0.001,resolved,0x3ee00fc0c1ab96c5699062479174b5a627ae34bee572996dd27ae36d277d49f1,https://data.chain.link/streams/btc-usd-twap-60s-streams,78204.20947805046,2026-09-18 11:01:36+00
doge-updown-15m-1789728300,DOGE,"Dogecoin Up or Down - September 18, 6:45AM-7:00AM ET",2026-09-18T11:00:00Z,2026-09-18T10:45:00Z,0.0862965855018104,Down,"[""0"", ""1""]",0.08,378.45420999999993,,-0.4995,0.001,resolved,0xb8b2b5b3f28f1514ebbb110202772acd74514a126926b6e79d3d02025eba99ca,https://data.chain.link/streams/doge-usd-twap-60s-streams,0.0857014777333805,2026-09-18 11:01:27+00
eth-updown-15m-1789728300,ETH,"Ethereum Up or Down - September 18, 6:45AM-7:00AM ET",2026-09-18T11:00:00Z,2026-09-18T10:45:00Z,2513.6816955263553,Down,"[""0"", ""1""]",0.03,4440.540017000001,,-0.5045,0.001,resolved,0xc9d97e95db15ef70a852beb20251c63b14d76fc53dcb78296780d9808972df93,https://data.chain.link/streams/eth-usd-twap-60s-streams,2511.0682057232834,2026-09-18 11:01:36+00
hype-updown-15m-1789728300,HYPE,"Hyperliquid Up or Down - September 18, 6:45AM-7:00AM ET",2026-09-18T11:00:00Z,2026-09-18T10:45:00Z,90.28576860239745,Up,"[""1"", ""0""]",0.999,141.502915,,0.4945,0.001,resolved,0x805966ac66c769905f00a8989a21ed8f833131e52e70d32d89cf14f057a08311,https://data.chain.link/streams/hype-usd-twap-60s-streams,90.49153212422065,2026-09-18 11:01:34+00
sol-updown-15m-1789728300,SOL,"Solana Up or Down - September 18, 6:45AM-7:00AM ET",2026-09-18T11:00:00Z,2026-09-18T10:45:00Z,106.45516638478178,Down,"[""0"", ""1""]",0.06,1072.3098960000002,,-0.5045,0.001,resolved,0xeff744a058e10f96795b72b3cfb6030ab4fc803fd3a0cf2f17cc8a46b1dc0998,https://data.chain.link/streams/sol-usd-twap-60s-streams,106.18556706907366,2026-09-18 11:01:27+00
xrp-updown-15m-1789728300,XRP,"XRP Up or Down - September 18, 6:45AM-7:00AM ET",2026-09-18T11:00:00Z,2026-09-18T10:45:00Z,1.3346932709521482,Down,"[""0"", ""1""]",0.01,841.5180710000001,,-0.5045,0.001,resolved,0x4b2275597121240193c2d84f68592140f14970f9e9dd706d260ab12e8d74e424,https://data.chain.link/streams/xrp-usd-twap-60s-streams,1.3306442951900326,2026-09-18 11:01:27+00
zec-updown-15m-1789728300,ZEC,"ZCash Up or Down - September 18, 6:45AM-7:00AM ET",2026-09-18T11:00:00Z,2026-09-18T10:45:00Z,1484.139688903619,Down,"[""0"", ""1""]",,,,-0.495,0.01,resolved,0xfc51253fa7a45116d21de1ecc3a57f5e2055cc317c8a200700d84d7a52e0f9b3,https://data.chain.link/streams/zec-usd-twap-60s-streams,1475.7381902514578,2026-09-18 11:01:36+00
bnb-updown-15m-1789729200,BNB,"BNB Up or Down - September 18, 7:00AM-7:15AM ET",2026-09-18T11:15:00Z,2026-09-18T11:00:00Z,751.8980447787998,Down,"[""0"", ""1""]",0.13,386.245213,,-0.5045,0.001,resolved,0xb62f20c705e8d037c45142b5056d09e22bb12762525104458db8da1f254c40fc,https://data.chain.link/streams/bnb-usd-twap-60s-streams,748.9452152179399,2026-09-18 11:16:27+00
btc-updown-15m-1789729200,BTC,"Bitcoin Up or Down - September 18, 7:00AM-7:15AM ET",2026-09-18T11:15:00Z,2026-09-18T11:00:00Z,78204.20947805046,Down,"[""0"", ""1""]",0.05,35256.734859,2978.218432,-0.5045,0.001,resolved,0x13ac2fbc6e50fe1f37671263795311c315d328bafa74917b63d34e2d11653854,https://data.chain.link/streams/btc-usd-twap-60s-streams,78015.2962905538,2026-09-18 11:16:27+00
doge-updown-15m-1789729200,DOGE,"Dogecoin Up or Down - September 18, 7:00AM-7:15AM ET",2026-09-18T11:15:00Z,2026-09-18T11:00:00Z,0.0857014777333805,Down,"[""0"", ""1""]",0.08,276.78587400000004,,-0.4995,0.001,resolved,0x91366c608d807f139a2d3d003826b44f2384f2573c42150c26b143342cccb7ce,https://data.chain.link/streams/doge-usd-twap-60s-streams,0.08504215604087166,2026-09-18 11:16:27+00
eth-updown-15m-1789729200,ETH,"Ethereum Up or Down - September 18, 7:00AM-7:15AM ET",2026-09-18T11:15:00Z,2026-09-18T11:00:00Z,2511.0682057232834,Down,"[""0"", ""1""]",0.05,5165.915647000001,,-0.5045,0.001,resolved,0x69dcc4dc89f2801f2a8c18a326f2bbdf4e3ec2c083f7e8971ba46f8b170d0e85,https://data.chain.link/streams/eth-usd-twap-60s-streams,2499.4222474072017,2026-09-18 11:16:27+00
hype-updown-15m-1789729200,HYPE,"Hyperliquid Up or Down - September 18, 7:00AM-7:15AM ET",2026-09-18T11:15:00Z,2026-09-18T11:00:00Z,90.49153212422065,Down,"[""0"", ""1""]",0.23,180.4168,,-0.5045,0.001,resolved,0x9f8182893e564e5dc725f41f90f0fad18c0cddc4740f9c137434b806991fb51d,https://data.chain.link/streams/hype-usd-twap-60s-streams,90.09066413622527,2026-09-18 11:16:27+00
sol-updown-15m-1789729200,SOL,"Solana Up or Down - September 18, 7:00AM-7:15AM ET",2026-09-18T11:15:00Z,2026-09-18T11:00:00Z,106.18556706907366,Down,"[""0"", ""1""]",0.01,3499.8727720000006,,-0.5045,0.001,resolved,0x53d3755cb588bb7d731dffbdcc6f45eb8128c7d7d20933092c1d417dc3d00c9e,https://data.chain.link/streams/sol-usd-twap-60s-streams,105.46431554948335,2026-09-18 11:16:27+00
xrp-updown-15m-1789729200,XRP,"XRP Up or Down - September 18, 7:00AM-7:15AM ET",2026-09-18T11:15:00Z,2026-09-18T11:00:00Z,1.3306442951900326,Down,"[""0"", ""1""]",0.01,1061.6715330000002,,-0.5045,0.001,resolved,0xcc6e81d172060409c856af9bf7d0ebf12532945a1e8f524719b924452226a6d8,https://data.chain.link/streams/xrp-usd-twap-60s-streams,1.3194782001815433,2026-09-18 11:16:27+00
zec-updown-15m-1789729200,ZEC,"ZCash Up or Down - September 18, 7:00AM-7:15AM ET",2026-09-18T11:15:00Z,2026-09-18T11:00:00Z,1475.7381902514578,Down,"[""0"", ""1""]",,,,-0.4995,0.001,resolved,0x050ee060e98ab7b433cb8db5c3eb6cbae53d39d708a0d7af5b779c4e993a7a51,https://data.chain.link/streams/zec-usd-twap-60s-streams,1471.2458538157505,2026-09-18 11:16:27+00
bnb-updown-15m-1789730100,BNB,"BNB Up or Down - September 18, 7:15AM-7:30AM ET",2026-09-18T11:30:00Z,2026-09-18T11:15:00Z,748.9452152179399,Up,"[""1"", ""0""]",0.99,210.470835,,0.4945,0.001,resolved,0x1269a8c5caaac892b8840a908092cbe4acaa6f030ad2bd13bd38eff7e199ddb7,https://data.chain.link/streams/bnb-usd-twap-60s-streams,750.019926201081,2026-09-18 11:31:27+00
btc-updown-15m-1789730100,BTC,"Bitcoin Up or Down - September 18, 7:15AM-7:30AM ET",2026-09-18T11:30:00Z,2026-09-18T11:15:00Z,78015.2962905538,Down,"[""0"", ""1""]",0.01,30289.323798999998,24.078432,-0.5045,0.001,resolved,0x09f2cf33a02bed67437de6c8062ac72244ffba6c55fa3a34a0c00fd15d488e35,https://data.chain.link/streams/btc-usd-twap-60s-streams,78001.81365064211,2026-09-18 11:31:27+00
doge-updown-15m-1789730100,DOGE,"Dogecoin Up or Down - September 18, 7:15AM-7:30AM ET",2026-09-18T11:30:00Z,2026-09-18T11:15:00Z,0.08504215604087166,Down,"[""0"", ""1""]",0.26,404.807637,,-0.4995,0.001,resolved,0x312465ed23349ff36f362e9b5335bc25438b6a0a0cbc606aa26b3407710f38ba,https://data.chain.link/streams/doge-usd-twap-60s-streams,0.08497382346181533,2026-09-18 11:31:27+00
eth-updown-15m-1789730100,ETH,"Ethereum Up or Down - September 18, 7:15AM-7:30AM ET",2026-09-18T11:30:00Z,2026-09-18T11:15:00Z,2499.4222474072017,Up,"[""1"", ""0""]",0.999,3181.2569829999998,,0.4945,0.001,resolved,0x9f3be55f75ca2efa8f7b3a82daa5ab02606a2b6d7f403f29a12a6435ffa01a96,https://data.chain.link/streams/eth-usd-twap-60s-streams,2502.153441165547,2026-09-18 11:31:27+00
hype-updown-15m-1789730100,HYPE,"Hyperliquid Up or Down - September 18, 7:15AM-7:30AM ET",2026-09-18T11:30:00Z,2026-09-18T11:15:00Z,90.09066413622527,Down,"[""0"", ""1""]",0.59,68.21177800000001,,-0.5045,0.001,resolved,0xf71c912a9739aad66e195e79d5784b41a6cc27a90e066c0eb8081d49acc85045,https://data.chain.link/streams/hype-usd-twap-60s-streams,89.64188385449937,2026-09-18 11:31:27+00
sol-updown-15m-1789730100,SOL,"Solana Up or Down - September 18, 7:15AM-7:30AM ET",2026-09-18T11:30:00Z,2026-09-18T11:15:00Z,105.46431554948335,Down,"[""0"", ""1""]",0.03,1578.568154,,-0.5045,0.001,resolved,0x5b0c351fa02842949c2fab0d030c31023bbfeef21c12f8eca0ba989e674526d9,https://data.chain.link/streams/sol-usd-twap-60s-streams,105.41745825519531,2026-09-18 11:31:27+00
xrp-updown-15m-1789730100,XRP,"XRP Up or Down - September 18, 7:15AM-7:30AM ET",2026-09-18T11:30:00Z,2026-09-18T11:15:00Z,1.3194782001815433,Down,"[""0"", ""1""]",0.19,1602.40007,,-0.5045,0.001,resolved,0x57c791f34bc81e5acb76d2e1afb56636d77de0017e776b29e92d9d43f8efdac4,https://data.chain.link/streams/xrp-usd-twap-60s-streams,1.3188694666163086,2026-09-18 11:31:27+00
zec-updown-15m-1789730100,ZEC,"ZCash Up or Down - September 18, 7:15AM-7:30AM ET",2026-09-18T11:30:00Z,2026-09-18T11:15:00Z,1471.2458538157505,Down,"[""0"", ""1""]",0.43,45.24,,-0.4995,0.001,resolved,0xbeeaae1c14845869ff91b5bf18d04b1840c543f16d341b7e841f2ae330b15ca7,https://data.chain.link/streams/zec-usd-twap-60s-streams,1459.3390706683772,2026-09-18 11:31:36+00
bnb-updown-15m-1789731000,BNB,"BNB Up or Down - September 18, 7:30AM-7:45AM ET",2026-09-18T11:45:00Z,2026-09-18T11:30:00Z,750.019926201081,Down,"[""0"", ""1""]",0.06,1001.7257360000001,,-0.5045,0.001,resolved,0xa8d0520d6bda7c54215257528355e42304d3284dde99a3ab446341e627c46dee,https://data.chain.link/streams/bnb-usd-twap-60s-streams,748.4894743225422,2026-09-18 11:46:27+00
btc-updown-15m-1789731000,BTC,"Bitcoin Up or Down - September 18, 7:30AM-7:45AM ET",2026-09-18T11:45:00Z,2026-09-18T11:30:00Z,78001.81365064211,Down,"[""0"", ""1""]",0.01,50398.32020199999,,-0.5045,0.001,resolved,0xc4d0f88973738ec6e7039c87cd29c3e7b69968c54ae167169f512732c3c3455c,https://data.chain.link/streams/btc-usd-twap-60s-streams,77960.71807775463,2026-09-18 11:46:27+00
doge-updown-15m-1789731000,DOGE,"Dogecoin Up or Down - September 18, 7:30AM-7:45AM ET",2026-09-18T11:45:00Z,2026-09-18T11:30:00Z,0.08497382346181533,Up,"[""1"", ""0""]",0.998,367.80635099999995,,0.4995,0.001,resolved,0x3563dd378487c9a62501272e1ab49c5df0e1d7577036ca7292df4a0ecf897a97,https://data.chain.link/streams/doge-usd-twap-60s-streams,0.08507254442265812,2026-09-18 11:46:27+00
eth-updown-15m-1789731000,ETH,"Ethereum Up or Down - September 18, 7:30AM-7:45AM ET",2026-09-18T11:45:00Z,2026-09-18T11:30:00Z,2502.153441165547,Up,"[""1"", ""0""]",0.999,2567.540945000001,,0.4945,0.001,resolved,0x70d8b7fc54eb85781d99eca6f78d0675f260d3706f7d8c9881dd0bad6af4d8ea,https://data.chain.link/streams/eth-usd-twap-60s-streams,2503.908412491052,2026-09-18 11:46:27+00
hype-updown-15m-1789731000,HYPE,"Hyperliquid Up or Down - September 18, 7:30AM-7:45AM ET",2026-09-18T11:45:00Z,2026-09-18T11:30:00Z,89.64188385449937,Up,"[""1"", ""0""]",0.999,67.819175,,0.4945,0.001,resolved,0xb81a58e85f1c0fcb348f5692250b4ad0298b2c386e910f0410ea33d51f43aa62,https://data.chain.link/streams/hype-usd-twap-60s-streams,89.86591923286834,2026-09-18 11:46:27+00
sol-updown-15m-1789731000,SOL,"Solana Up or Down - September 18, 7:30AM-7:45AM ET",2026-09-18T11:45:00Z,2026-09-18T11:30:00Z,105.41745825519531,Up,"[""1"", ""0""]",0.999,1583.3925019999997,,0.4945,0.001,resolved,0x787c821eae3beb571619a2666e17f2c86c3d0a78c1e40a1d0e4ddf0aa3200b88,https://data.chain.link/streams/sol-usd-twap-60s-streams,105.51542718042462,2026-09-18 11:46:27+00
xrp-updown-15m-1789731000,XRP,"XRP Up or Down - September 18, 7:30AM-7:45AM ET",2026-09-18T11:45:00Z,2026-09-18T11:30:00Z,1.3188694666163086,Up,"[""1"", ""0""]",0.999,1450.8100589999997,,0.4945,0.001,resolved,0xf5009e54ccc2d060bbe1be03c5badfc4c6fcf775952bf5d5cf65d16dd32cf724,https://data.chain.link/streams/xrp-usd-twap-60s-streams,1.3203961753156224,2026-09-18 11:46:27+00
zec-updown-15m-1789731000,ZEC,"ZCash Up or Down - September 18, 7:30AM-7:45AM ET",2026-09-18T11:45:00Z,2026-09-18T11:30:00Z,1459.3390706683772,Up,"[""1"", ""0""]",,,,0.495,0.01,resolved,0x44969ae5401513345a03bdf01ff3d09a4420579031f2bd2ccb109aa1b168c5aa,https://data.chain.link/streams/zec-usd-twap-60s-streams,1459.908410607169,2026-09-18 11:46:27+00
bnb-updown-15m-1789731900,BNB,"BNB Up or Down - September 18, 7:45AM-8:00AM ET",2026-09-18T12:00:00Z,2026-09-18T11:45:00Z,748.4894743225422,Down,"[""0"", ""1""]",0.13,274.552509,,-0.5045,0.001,resolved,0x9f6ca36ec155971e1201b88551ec6899b7866333f228b4e10bb1707b78544b3b,https://data.chain.link/streams/bnb-usd-twap-60s-streams,748.434705176704,2026-09-18 12:01:28+00
btc-updown-15m-1789731900,BTC,"Bitcoin Up or Down - September 18, 7:45AM-8:00AM ET",2026-09-18T12:00:00Z,2026-09-18T11:45:00Z,77960.71807775463,Up,"[""1"", ""0""]",0.999,21385.37964900001,,0.4945,0.001,resolved,0xb0435b7cdd60d7d6d324137c27d3e0af6f9549e79fb580c65ebe7f61c91a4434,https://data.chain.link/streams/btc-usd-twap-60s-streams,77988.6252275063,2026-09-18 12:01:36+00
doge-updown-15m-1789731900,DOGE,"Dogecoin Up or Down - September 18, 7:45AM-8:00AM ET",2026-09-18T12:00:00Z,2026-09-18T11:45:00Z,0.08507254442265812,Up,"[""1"", ""0""]",0.999,415.63177900000005,,0.4995,0.001,resolved,0x8770d3a503a29dd421cf616365ea79471e2b1607e0ac159f56eaaf1771d986a5,https://data.chain.link/streams/doge-usd-twap-60s-streams,0.08524857994773219,2026-09-18 12:01:28+00
eth-updown-15m-1789731900,ETH,"Ethereum Up or Down - September 18, 7:45AM-8:00AM ET",2026-09-18T12:00:00Z,2026-09-18T11:45:00Z,2503.908412491052,Up,"[""1"", ""0""]",0.999,3042.8640659999996,,0.4945,0.001,resolved,0xaec93db17a45d3668d572a3df3e9f0d538619eecd9dc1775293eceaf5282299a,https://data.chain.link/streams/eth-usd-twap-60s-streams,2505.569960795497,2026-09-18 12:01:27+00
hype-updown-15m-1789731900,HYPE,"Hyperliquid Up or Down - September 18, 7:45AM-8:00AM ET",2026-09-18T12:00:00Z,2026-09-18T11:45:00Z,89.86591923286834,Down,"[""0"", ""1""]",0.53,214.078058,,-0.5045,0.001,resolved,0xdda232b228617e94f137e4c2c015b1b75285858abfef1dd2c2c63fa44e41b5dc,https://data.chain.link/streams/hype-usd-twap-60s-streams,89.81515757866514,2026-09-18 12:01:27+00
sol-updown-15m-1789731900,SOL,"Solana Up or Down - September 18, 7:45AM-8:00AM ET",2026-09-18T12:00:00Z,2026-09-18T11:45:00Z,105.51542718042462,Up,"[""1"", ""0""]",0.999,1173.0992270000002,,0.4945,0.001,resolved,0xa382ec326fb167f5d16de522ad37d648752a21c95a9dc9088f9fd565d37d9848,https://data.chain.link/streams/sol-usd-twap-60s-streams,105.64781597979655,2026-09-18 12:01:36+00
xrp-updown-15m-1789731900,XRP,"XRP Up or Down - September 18, 7:45AM-8:00AM ET",2026-09-18T12:00:00Z,2026-09-18T11:45:00Z,1.3203961753156224,Up,"[""1"", ""0""]",0.999,855.6509739999999,,0.4945,0.001,resolved,0xba02708e8caed1389f5c70d1e97ec1973bbece3690880f9d262cd8cf6d57edc9,https://data.chain.link/streams/xrp-usd-twap-60s-streams,1.3224213145214156,2026-09-18 12:01:28+00
zec-updown-15m-1789731900,ZEC,"ZCash Up or Down - September 18, 7:45AM-8:00AM ET",2026-09-18T12:00:00Z,2026-09-18T11:45:00Z,1459.908410607169,Down,"[""0"", ""1""]",0.29,,,-0.4995,0.001,resolved,0xa903783c6ce8ab0d5ee2f336e779572feaa44ec9fbf55f395b0a2eb782d817d8,https://data.chain.link/streams/zec-usd-twap-60s-streams,1456.229643354386,2026-09-18 12:01:28+00
bnb-updown-15m-1789732800,BNB,"BNB Up or Down - September 18, 8:00AM-8:15AM ET",2026-09-18T12:15:00Z,2026-09-18T12:00:00Z,748.434705176704,Down,"[""0"", ""1""]",0.11,413.04406800000004,,-0.5045,0.001,resolved,0x8ac589eb0d08261528b424cd493508787e6a62be7bf3321e4f8c7f543f1d4f67,https://data.chain.link/streams/bnb-usd-twap-60s-streams,746.7326644982141,2026-09-18 12:16:26+00
btc-updown-15m-1789732800,BTC,"Bitcoin Up or Down - September 18, 8:00AM-8:15AM ET",2026-09-18T12:15:00Z,2026-09-18T12:00:00Z,77988.6252275063,Up,"[""1"", ""0""]",0.99,59402.01578000003,3078.584707,0.49,0.01,resolved,0xbe83a1217d2e6e6769788d05f6de13a90fbe203b0ed99f8499c12db58e927661,https://data.chain.link/streams/btc-usd-twap-60s-streams,78017.79573022608,2026-09-18 12:16:26+00
doge-updown-15m-1789732800,DOGE,"Dogecoin Up or Down - September 18, 8:00AM-8:15AM ET",2026-09-18T12:15:00Z,2026-09-18T12:00:00Z,0.08524857994773219,Down,"[""0"", ""1""]",0.21,311.95184800000004,,-0.4995,0.001,resolved,0x6843dd0f8d8685f0dbd60c06709cfc65ef98e30bbd98b17b99150c4e1fbc567c,https://data.chain.link/streams/doge-usd-twap-60s-streams,0.08511463867490904,2026-09-18 12:16:26+00
eth-updown-15m-1789732800,ETH,"Ethereum Up or Down - September 18, 8:00AM-8:15AM ET",2026-09-18T12:15:00Z,2026-09-18T12:00:00Z,2505.569960795497,Down,"[""0"", ""1""]",0.04,3312.0906550000004,,-0.5045,0.001,resolved,0x4ef7c7856be9546e91b96804ac19eafe12214c0b09551f41b6d0a4fe7f4adb12,https://data.chain.link/streams/eth-usd-twap-60s-streams,2502.3235595229844,2026-09-18 12:16:26+00
hype-updown-15m-1789732800,HYPE,"Hyperliquid Up or Down - September 18, 8:00AM-8:15AM ET",2026-09-18T12:15:00Z,2026-09-18T12:00:00Z,89.81515757866514,Up,"[""1"", ""0""]",0.85,439.48801999999995,,0.4945,0.001,resolved,0x5bf381c951f6344392c160c02928e360918c65f5c5fa5e2a3672e10fb7e544bf,https://data.chain.link/streams/hype-usd-twap-60s-streams,90.0093592276676,2026-09-18 12:16:26+00
sol-updown-15m-1789732800,SOL,"Solana Up or Down - September 18, 8:00AM-8:15AM ET",2026-09-18T12:15:00Z,2026-09-18T12:00:00Z,105.64781597979655,Down,"[""0"", ""1""]",0.04,750.3860020000001,,-0.5045,0.001,resolved,0x30162db0585ae2da916c9e4014c9350b62240255cf420579d1f63f783398b03a,https://data.chain.link/streams/sol-usd-twap-60s-streams,105.44754019371672,2026-09-18 12:16:26+00
xrp-updown-15m-1789732800,XRP,"XRP Up or Down - September 18, 8:00AM-8:15AM ET",2026-09-18T12:15:00Z,2026-09-18T12:00:00Z,1.3224213145214156,Down,"[""0"", ""1""]",0.03,523.206771,,-0.5045,0.001,resolved,0xe019ea2dc56bdc6f6e67ae31d56378cba74dc40c16711ca9f8babfd0ec532766,https://data.chain.link/streams/xrp-usd-twap-60s-streams,1.3199694158401696,2026-09-18 12:16:26+00
zec-updown-15m-1789732800,ZEC,"ZCash Up or Down - September 18, 8:00AM-8:15AM ET",2026-09-18T12:15:00Z,2026-09-18T12:00:00Z,1456.229643354386,Down,"[""0"", ""1""]",,,,-0.495,0.01,resolved,0x44afc7f38d7d4341c0e7933ebf215cd0335e1bbb16884c8caa1e55145e274b8e,https://data.chain.link/streams/zec-usd-twap-60s-streams,1454.6869491201464,2026-09-18 12:16:26+00
bnb-updown-15m-1789733700,BNB,"BNB Up or Down - September 18, 8:15AM-8:30AM ET",2026-09-18T12:30:00Z,2026-09-18T12:15:00Z,746.7326644982141,Down,"[""0"", ""1""]",0.07,541.481179,,-0.5045,0.001,resolved,0xecf1330620e9632b3e18485a44bf84b3ee353765a512d07d4a04413f7a1c85d6,https://data.chain.link/streams/bnb-usd-twap-60s-streams,744.8761558023988,2026-09-18 12:30:54+00
btc-updown-15m-1789733700,BTC,"Bitcoin Up or Down - September 18, 8:15AM-8:30AM ET",2026-09-18T12:30:00Z,2026-09-18T12:15:00Z,78017.79573022608,Down,"[""0"", ""1""]",0.001,30671.676854999994,24.27451,-0.5045,0.001,resolved,0x66791e978af84fe5023f0711346138bd4679a0b7732db31772353bcd12ba42d6,https://data.chain.link/streams/btc-usd-twap-60s-streams,77961.60817454524,2026-09-18 12:30:53+00
doge-updown-15m-1789733700,DOGE,"Dogecoin Up or Down - September 18, 8:15AM-8:30AM ET",2026-09-18T12:30:00Z,2026-09-18T12:15:00Z,0.08511463867490904,Up,"[""1"", ""0""]",0.99,400.693268,,0.495,0.01,resolved,0x33d6a763d437e9c3ada5731817041360df4821fa9471ccc9907132c896f6105f,https://data.chain.link/streams/doge-usd-twap-60s-streams,0.08525425296014061,2026-09-18 12:30:54+00
eth-updown-15m-1789733700,ETH,"Ethereum Up or Down - September 18, 8:15AM-8:30AM ET",2026-09-18T12:30:00Z,2026-09-18T12:15:00Z,2502.3235595229844,Up,"[""1"", ""0""]",0.99,5616.445646000001,,0.49,0.01,resolved,0xcae758ca701614290743942bb86a26671c7172f98e686a7f1389c0d138236772,https://data.chain.link/streams/eth-usd-twap-60s-streams,2503.013427461809,2026-09-18 12:30:53+00
hype-updown-15m-1789733700,HYPE,"Hyperliquid Up or Down - September 18, 8:15AM-8:30AM ET",2026-09-18T12:30:00Z,2026-09-18T12:15:00Z,90.0093592276676,Up,"[""1"", ""0""]",0.87,132.31378199999997,,0.4945,0.001,resolved,0x0eb826f037b2ccbdd0b0834d910f26f7d7e8922dbc438b0d56e3b499f74c8147,https://data.chain.link/streams/hype-usd-twap-60s-streams,90.54089498665651,2026-09-18 12:30:54+00
sol-updown-15m-1789733700,SOL,"Solana Up or Down - September 18, 8:15AM-8:30AM ET",2026-09-18T12:30:00Z,2026-09-18T12:15:00Z,105.44754019371672,Up,"[""1"", ""0""]",0.99,1072.8456959999996,,0.49,0.01,resolved,0xca58eac0e15d2297239b789cc05b652c269374f31a77d6cd959a6b05d8795534,https://data.chain.link/streams/sol-usd-twap-60s-streams,105.6150985471826,2026-09-18 12:30:54+00
xrp-updown-15m-1789733700,XRP,"XRP Up or Down - September 18, 8:15AM-8:30AM ET",2026-09-18T12:30:00Z,2026-09-18T12:15:00Z,1.3199694158401696,Up,"[""1"", ""0""]",0.99,1553.194156,,0.49,0.01,resolved,0xfc9594be0e300022245ec620aa7ff8a9037f3c3dbdf8c0e9f48994131e5fa0dd,https://data.chain.link/streams/xrp-usd-twap-60s-streams,1.322369805314547,2026-09-18 12:30:53+00
zec-updown-15m-1789733700,ZEC,"ZCash Up or Down - September 18, 8:15AM-8:30AM ET",2026-09-18T12:30:00Z,2026-09-18T12:15:00Z,1454.6869491201464,Up,"[""1"", ""0""]",0.82,,,0.495,0.01,resolved,0xf211f877c68221f371236a98974dce532c399dc0c88bab407b41ce39db6d33ee,https://data.chain.link/streams/zec-usd-twap-60s-streams,1456.3112469408143,2026-09-18 12:30:53+00
bnb-updown-15m-1789734600,BNB,"BNB Up or Down - September 18, 8:30AM-8:45AM ET",2026-09-18T12:45:00Z,2026-09-18T12:30:00Z,744.8761558023988,Up,"[""1"", ""0""]",0.99,330.33804299999997,,0.4945,0.001,resolved,0x6a84e9a1a7bf7575e8435734866f92be1d51346070e5e2d30834b20efe407af3,https://data.chain.link/streams/bnb-usd-twap-60s-streams,745.6537318185674,2026-09-18 12:45:53+00
btc-updown-15m-1789734600,BTC,"Bitcoin Up or Down - September 18, 8:30AM-8:45AM ET",2026-09-18T12:45:00Z,2026-09-18T12:30:00Z,77961.60817454524,Up,"[""1"", ""0""]",0.999,22210.49011400001,,0.4945,0.001,resolved,0xce085b67ca5ddb5901f8331e9dd3a699922a220f8dd6fe3340fa4f91b1413a41,https://data.chain.link/streams/btc-usd-twap-60s-streams,78074.39366181906,2026-09-18 12:45:53+00
doge-updown-15m-1789734600,DOGE,"Dogecoin Up or Down - September 18, 8:30AM-8:45AM ET",2026-09-18T12:45:00Z,2026-09-18T12:30:00Z,0.08525425296014061,Up,"[""1"", ""0""]",0.999,288.06755200000003,,0.4995,0.001,resolved,0xfd0c9e1113a2660c5c055ac88083132ee7a1b981075d64f016fd0d1f0c905ed5,https://data.chain.link/streams/doge-usd-twap-60s-streams,0.0854581899372076,2026-09-18 12:45:53+00
eth-updown-15m-1789734600,ETH,"Ethereum Up or Down - September 18, 8:30AM-8:45AM ET",2026-09-18T12:45:00Z,2026-09-18T12:30:00Z,2503.013427461809,Up,"[""1"", ""0""]",0.999,3859.6911099999993,19.705884,0.5045,0.001,resolved,0x1f0201c18c6d7df2e8f26b9e377951d161003f93be760dff507e4abee2a8f520,https://data.chain.link/streams/eth-usd-twap-60s-streams,2503.6393855191855,2026-09-18 12:45:53+00
hype-updown-15m-1789734600,HYPE,"Hyperliquid Up or Down - September 18, 8:30AM-8:45AM ET",2026-09-18T12:45:00Z,2026-09-18T12:30:00Z,90.54089498665651,Up,"[""1"", ""0""]",0.99,64.076922,,0.4945,0.001,resolved,0x89c7cdf845dbff4890a061af29dde062801a853f056735484530c961fb03aa88,https://data.chain.link/streams/hype-usd-twap-60s-streams,91.2297293719457,2026-09-18 12:45:53+00
sol-updown-15m-1789734600,SOL,"Solana Up or Down - September 18, 8:30AM-8:45AM ET",2026-09-18T12:45:00Z,2026-09-18T12:30:00Z,105.6150985471826,Up,"[""1"", ""0""]",0.999,829.368383,,0.4945,0.001,resolved,0xf7d8f34a9744a64054985104bd25035e9cb8917897884a859c579c1dabd2d2d9,https://data.chain.link/streams/sol-usd-twap-60s-streams,105.87806183192704,2026-09-18 12:45:53+00
xrp-updown-15m-1789734600,XRP,"XRP Up or Down - September 18, 8:30AM-8:45AM ET",2026-09-18T12:45:00Z,2026-09-18T12:30:00Z,1.322369805314547,Up,"[""1"", ""0""]",0.999,503.269492,,0.4945,0.001,resolved,0xa85475b98f3246d6ba71e083184e2e1a7344dabc82d5621e7f826a326e2f605b,https://data.chain.link/streams/xrp-usd-twap-60s-streams,1.3242853212675447,2026-09-18 12:45:53+00
zec-updown-15m-1789734600,ZEC,"ZCash Up or Down - September 18, 8:30AM-8:45AM ET",2026-09-18T12:45:00Z,2026-09-18T12:30:00Z,1456.3112469408143,Down,"[""0"", ""1""]",,,,-0.495,0.01,resolved,0x162a0a67eabe327652e7b2302bf510a257b6b5346f3e186cf39c52ff8ea63e22,https://data.chain.link/streams/zec-usd-twap-60s-streams,1451.1835870986629,2026-09-18 12:45:53+00
bnb-updown-15m-1789735500,BNB,"BNB Up or Down - September 18, 8:45AM-9:00AM ET",2026-09-18T13:00:00Z,2026-09-18T12:45:00Z,745.6537318185674,Down,"[""0"", ""1""]",0.06,1009.2980709999999,,-0.5,0.01,resolved,0xe754681c310b904a6204cf5376a9e9dd9ebabb39655e06fd38b0f0c5f2bbb805,https://data.chain.link/streams/bnb-usd-twap-60s-streams,745.4993914396147,2026-09-18 13:00:54+00
btc-updown-15m-1789735500,BTC,"Bitcoin Up or Down - September 18, 8:45AM-9:00AM ET",2026-09-18T13:00:00Z,2026-09-18T12:45:00Z,78074.39366181906,Down,"[""0"", ""1""]",0.001,15231.176454,50,-0.4945,0.001,resolved,0x785bbfd76937ca05507533e2cc4d0b6e825e5fe1ab01a70821701f7e65b37489,https://data.chain.link/streams/btc-usd-twap-60s-streams,77969.42465621541,2026-09-18 13:00:53+00
doge-updown-15m-1789735500,DOGE,"Dogecoin Up or Down - September 18, 8:45AM-9:00AM ET",2026-09-18T13:00:00Z,2026-09-18T12:45:00Z,0.0854581899372076,Down,"[""0"", ""1""]",0.17,379.040628,,-0.495,0.01,resolved,0x170422eff0c5cc72e1f9acdaca2500d6b8097496902c240cbc8855b271e82544,https://data.chain.link/streams/doge-usd-twap-60s-streams,0.08537737485397544,2026-09-18 13:00:54+00
eth-updown-15m-1789735500,ETH,"Ethereum Up or Down - September 18, 8:45AM-9:00AM ET",2026-09-18T13:00:00Z,2026-09-18T12:45:00Z,2503.6393855191855,Down,"[""0"", ""1""]",0.02,2674.2844790000004,,-0.5045,0.001,resolved,0x90028097a6e5d1eeba85878a3de0c15fed2f70ea2b1afa3dca723c27b00c7732,https://data.chain.link/streams/eth-usd-twap-60s-streams,2499.6440050783103,2026-09-18 13:00:53+00
hype-updown-15m-1789735500,HYPE,"Hyperliquid Up or Down - September 18, 8:45AM-9:00AM ET",2026-09-18T13:00:00Z,2026-09-18T12:45:00Z,91.2297293719457,Down,"[""0"", ""1""]",0.56,28.447015000000004,,-0.5045,0.001,resolved,0x0df47975ffbdc3e56cd12acd6f4ca789e4bccc9786e3ba9d1c0297cb576a2cba,https://data.chain.link/streams/hype-usd-twap-60s-streams,90.95919526309756,2026-09-18 13:00:53+00
sol-updown-15m-1789735500,SOL,"Solana Up or Down - September 18, 8:45AM-9:00AM ET",2026-09-18T13:00:00Z,2026-09-18T12:45:00Z,105.87806183192704,Down,"[""0"", ""1""]",0.05,1016.271299,,-0.5045,0.001,resolved,0xf72cc4f66bde2d1035139d389fb89fb0b17fff1347aa1dd52b9dee91b5d44322,https://data.chain.link/streams/sol-usd-twap-60s-streams,105.67529572302064,2026-09-18 13:00:54+00
xrp-updown-15m-1789735500,XRP,"XRP Up or Down - September 18, 8:45AM-9:00AM ET",2026-09-18T13:00:00Z,2026-09-18T12:45:00Z,1.3242853212675447,Down,"[""0"", ""1""]",0.12,1078.4380899999999,,-0.5045,0.001,resolved,0x43ae028bbe71108b67b839be932425bc67fb85d5ed2a32c029ad899b2cf77213,https://data.chain.link/streams/xrp-usd-twap-60s-streams,1.322661051050914,2026-09-18 13:00:53+00
zec-updown-15m-1789735500,ZEC,"ZCash Up or Down - September 18, 8:45AM-9:00AM ET",2026-09-18T13:00:00Z,2026-09-18T12:45:00Z,1451.1835870986629,Up,"[""1"", ""0""]",0.99,,,0.495,0.01,resolved,0x4bb6d5e2fcf5082adfda606292c6680ce2da435f0ffa90247e5443c23df68e1c,https://data.chain.link/streams/zec-usd-twap-60s-streams,1461.1969588130307,2026-09-18 13:00:53+00
bnb-updown-15m-1789736400,BNB,"BNB Up or Down - September 18, 9:00AM-9:15AM ET",2026-09-18T13:15:00Z,2026-09-18T13:00:00Z,745.4993914396147,Up,"[""1"", ""0""]",0.999,652.690286,,0.4945,0.001,resolved,0x0b6dd1ad4487108ff0460eb496d4b0cf68e1e7e790365a658cb96fe09c0ca1f3,https://data.chain.link/streams/bnb-usd-twap-60s-streams,746.93931913105,2026-09-18 13:15:53+00
btc-updown-15m-1789736400,BTC,"Bitcoin Up or Down - September 18, 9:00AM-9:15AM ET",2026-09-18T13:15:00Z,2026-09-18T13:00:00Z,77969.42465621541,Down,"[""0"", ""1""]",0.01,25381.752161999997,4093.453921,-0.49,0.01,resolved,0x048496182235bfe824b7ff84fb3cb7f6be6b336000ef24e3b02b99550e939db3,https://data.chain.link/streams/btc-usd-twap-60s-streams,77954.71608978952,2026-09-18 13:15:53+00
doge-updown-15m-1789736400,DOGE,"Dogecoin Up or Down - September 18, 9:00AM-9:15AM ET",2026-09-18T13:15:00Z,2026-09-18T13:00:00Z,0.08537737485397544,Down,"[""0"", ""1""]",0.06,709.577008,,-0.4995,0.001,resolved,0x5ce1670e49f82f64e1aae1180cb1343fc14472788966c7e66969771ce922d183,https://data.chain.link/streams/doge-usd-twap-60s-streams,0.08508441369591391,2026-09-18 13:15:53+00
eth-updown-15m-1789736400,ETH,"Ethereum Up or Down - September 18, 9:00AM-9:15AM ET",2026-09-18T13:15:00Z,2026-09-18T13:00:00Z,2499.6440050783103,Down,"[""0"", ""1""]",0.09,2844.998399,,-0.5045,0.001,resolved,0x17d4e2edbf8b93c3b21aa4fe4d2814b935955b299746996cdc5db4655ea42555,https://data.chain.link/streams/eth-usd-twap-60s-streams,2496.7901895951372,2026-09-18 13:15:53+00
hype-updown-15m-1789736400,HYPE,"Hyperliquid Up or Down - September 18, 9:00AM-9:15AM ET",2026-09-18T13:15:00Z,2026-09-18T13:00:00Z,90.95919526309756,Down,"[""0"", ""1""]",0.04,170.99200000000002,,-0.5045,0.001,resolved,0x49f969b767ed97de3c57b0780dacfb799a57e44d64caaa07660ef5dec7af3210,https://data.chain.link/streams/hype-usd-twap-60s-streams,90.78448414556715,2026-09-18 13:15:53+00
sol-updown-15m-1789736400,SOL,"Solana Up or Down - September 18, 9:00AM-9:15AM ET",2026-09-18T13:15:00Z,2026-09-18T13:00:00Z,105.67529572302064,Down,"[""0"", ""1""]",0.01,1663.144526,,-0.5045,0.001,resolved,0xccf67893fd4d66b481db56109dee291e1c8a02caada8616640e7057cdf18a74b,https://data.chain.link/streams/sol-usd-twap-60s-streams,105.56320894237854,2026-09-18 13:15:53+00
xrp-updown-15m-1789736400,XRP,"XRP Up or Down - September 18, 9:00AM-9:15AM ET",2026-09-18T13:15:00Z,2026-09-18T13:00:00Z,1.322661051050914,Down,"[""0"", ""1""]",0.13,926.2691310000001,,-0.5045,0.001,resolved,0x54cc500b827b8e72b02c2835b7b3b9f0cd5770bd5fa70023b75e0e4f75a70dc9,https://data.chain.link/streams/xrp-usd-twap-60s-streams,1.3209769963270674,2026-09-18 13:16:02+00
zec-updown-15m-1789736400,ZEC,"ZCash Up or Down - September 18, 9:00AM-9:15AM ET",2026-09-18T13:15:00Z,2026-09-18T13:00:00Z,1461.1969588130307,Up,"[""1"", ""0""]",0.98,13.618182000000001,,0.495,0.01,resolved,0x7a1cf94aa01c3a580b90b9df3de9a6d900f7dc9c1deeab7230874f1807f44938,https://data.chain.link/streams/zec-usd-twap-60s-streams,1463.18881905907,2026-09-18 13:15:53+00
bnb-updown-15m-1789737300,BNB,"BNB Up or Down - September 18, 9:15AM-9:30AM ET",2026-09-18T13:30:00Z,2026-09-18T13:15:00Z,746.93931913105,Up,"[""1"", ""0""]",0.999,218.61922599999997,,0.4945,0.001,resolved,0x2adbf63f1efded9b5f5041697538e296ef919ad66ebadff783135b70a27fcf74,https://data.chain.link/streams/bnb-usd-twap-60s-streams,750.296823865447,2026-09-18 13:30:53+00
btc-updown-15m-1789737300,BTC,"Bitcoin Up or Down - September 18, 9:15AM-9:30AM ET",2026-09-18T13:30:00Z,2026-09-18T13:15:00Z,77954.71608978952,Up,"[""1"", ""0""]",0.999,20046.562422,29.803922,0.5045,0.001,resolved,0x2f7177f0d76a227d14347b6af00edceb8a91afb62b0e83ae1f3bcd586b4356fe,https://data.chain.link/streams/btc-usd-twap-60s-streams,78107.9187033771,2026-09-18 13:30:53+00
doge-updown-15m-1789737300,DOGE,"Dogecoin Up or Down - September 18, 9:15AM-9:30AM ET",2026-09-18T13:30:00Z,2026-09-18T13:15:00Z,0.08508441369591391,Up,"[""1"", ""0""]",0.999,310.32245,,0.4995,0.001,resolved,0x267c4106d2ae5383a3525ac042af17bbbb35891222cbe9e7f780350e2150d9dc,https://data.chain.link/streams/doge-usd-twap-60s-streams,0.08537933319240881,2026-09-18 13:30:53+00
eth-updown-15m-1789737300,ETH,"Ethereum Up or Down - September 18, 9:15AM-9:30AM ET",2026-09-18T13:30:00Z,2026-09-18T13:15:00Z,2496.7901895951372,Up,"[""1"", ""0""]",0.999,4716.211337000001,,0.4945,0.001,resolved,0x4c9d4bfb0224428d171c97e4aedfc1b150bac29c771c29c258ba223af1541784,https://data.chain.link/streams/eth-usd-twap-60s-streams,2504.083916504697,2026-09-18 13:30:53+00
hype-updown-15m-1789737300,HYPE,"Hyperliquid Up or Down - September 18, 9:15AM-9:30AM ET",2026-09-18T13:30:00Z,2026-09-18T13:15:00Z,90.78448414556715,Up,"[""1"", ""0""]",0.999,220.624721,,0.4945,0.001,resolved,0x577a72594542b45127b3128bd4afed2057ad4fa27f7318da47f3ffa02fa495e8,https://data.chain.link/streams/hype-usd-twap-60s-streams,91.26466956027438,2026-09-18 13:30:53+00
sol-updown-15m-1789737300,SOL,"Solana Up or Down - September 18, 9:15AM-9:30AM ET",2026-09-18T13:30:00Z,2026-09-18T13:15:00Z,105.56320894237854,Up,"[""1"", ""0""]",0.999,2565.1605529999997,,0.4945,0.001,resolved,0xd567940d56138fa74736770c21d6989eaeec898be460c772359997e4d00bd5e5,https://data.chain.link/streams/sol-usd-twap-60s-streams,105.88367630998421,2026-09-18 13:30:53+00
xrp-updown-15m-1789737300,XRP,"XRP Up or Down - September 18, 9:15AM-9:30AM ET",2026-09-18T13:30:00Z,2026-09-18T13:15:00Z,1.3209769963270674,Up,"[""1"", ""0""]",0.999,994.2186640000001,,0.4945,0.001,resolved,0xbfc84ed34db59501882242a9b897c07f4ed593a0a05a835b8e4ed1d623c3ec32,https://data.chain.link/streams/xrp-usd-twap-60s-streams,1.3255177190699665,2026-09-18 13:30:53+00
zec-updown-15m-1789737300,ZEC,"ZCash Up or Down - September 18, 9:15AM-9:30AM ET",2026-09-18T13:30:00Z,2026-09-18T13:15:00Z,1463.18881905907,Up,"[""1"", ""0""]",0.85,22.897646,,0.495,0.01,resolved,0x10df19e370103069f4e68e26fff01d04724f497648985478b58234ab09bf20af,https://data.chain.link/streams/zec-usd-twap-60s-streams,1467.7567576704294,2026-09-18 13:30:53+00
bnb-updown-15m-1789738200,BNB,"BNB Up or Down - September 18, 9:30AM-9:45AM ET",2026-09-18T13:45:00Z,2026-09-18T13:30:00Z,750.296823865447,Up,"[""1"", ""0""]",0.999,318.47685999999993,,0.4995,0.001,resolved,0xeaebf5514dfe4ee0728a750f1c3f556cd75a4f99ae6482f38aff0f0ecb466a25,https://data.chain.link/streams/bnb-usd-twap-60s-streams,757.0715095062867,2026-09-18 13:46:27+00
btc-updown-15m-1789738200,BTC,"Bitcoin Up or Down - September 18, 9:30AM-9:45AM ET",2026-09-18T13:45:00Z,2026-09-18T13:30:00Z,78107.9187033771,Up,"[""1"", ""0""]",0.999,27381.46474400001,20,0.5045,0.001,resolved,0x7e75490d6218e8155cb25ee52113ee7a09dab3a0c2834e59c79b0e9b1855d2bb,https://data.chain.link/streams/btc-usd-twap-60s-streams,79199.1994967942,2026-09-18 13:46:27+00
doge-updown-15m-1789738200,DOGE,"Dogecoin Up or Down - September 18, 9:30AM-9:45AM ET",2026-09-18T13:45:00Z,2026-09-18T13:30:00Z,0.08537933319240881,Up,"[""1"", ""0""]",0.999,466.862689,,0.4995,0.001,resolved,0xf22decfe38ac1193b22b2928ea8bf70f7ee5facfa07910266336b627f53ad2b7,https://data.chain.link/streams/doge-usd-twap-60s-streams,0.0864668057808412,2026-09-18 13:45:54+00
eth-updown-15m-1789738200,ETH,"Ethereum Up or Down - September 18, 9:30AM-9:45AM ET",2026-09-18T13:45:00Z,2026-09-18T13:30:00Z,2504.083916504697,Up,"[""1"", ""0""]",0.999,5413.4661670000005,,0.4945,0.001,resolved,0x04d02ab443c05f1286b1b39bcd4eefd8d05674875746b75bc8eef878cf4b22af,https://data.chain.link/streams/eth-usd-twap-60s-streams,2535.4485964146193,2026-09-18 13:45:54+00
hype-updown-15m-1789738200,HYPE,"Hyperliquid Up or Down - September 18, 9:30AM-9:45AM ET",2026-09-18T13:45:00Z,2026-09-18T13:30:00Z,91.26466956027438,Up,"[""1"", ""0""]",0.98,542.362613,,0.49,0.01,resolved,0xe94ab36106782b3278adb8182daab9951f1b05e3af53b7197ccd4cb9ad85433b,https://data.chain.link/streams/hype-usd-twap-60s-streams,91.34453131466556,2026-09-18 13:46:26+00
sol-updown-15m-1789738200,SOL,"Solana Up or Down - September 18, 9:30AM-9:45AM ET",2026-09-18T13:45:00Z,2026-09-18T13:30:00Z,105.88367630998421,Up,"[""1"", ""0""]",0.999,1014.735327,,0.4945,0.001,resolved,0x0e04162efc531d3b51a3ffc5dbf5ac21baf8e2d12060c6e1ee23eddb52d72432,https://data.chain.link/streams/sol-usd-twap-60s-streams,107.67506398935092,2026-09-18 13:46:27+00
xrp-updown-15m-1789738200,XRP,"XRP Up or Down - September 18, 9:30AM-9:45AM ET",2026-09-18T13:45:00Z,2026-09-18T13:30:00Z,1.3255177190699665,Up,"[""1"", ""0""]",0.999,1150.835799,,0.4945,0.001,resolved,0x30502fe4e206e244c7ff56b140c2556e1514a654f709cef9555575a807f52fd0,https://data.chain.link/streams/xrp-usd-twap-60s-streams,1.346020244134086,2026-09-18 13:46:27+00
zec-updown-15m-1789738200,ZEC,"ZCash Up or Down - September 18, 9:30AM-9:45AM ET",2026-09-18T13:45:00Z,2026-09-18T13:30:00Z,1467.7567576704294,Up,"[""1"", ""0""]",,,,0.495,0.01,resolved,0xaad8eb0f9d43e545e6d26d49fabc25126a772e4ca39ad824f54a1ecba9f96d09,https://data.chain.link/streams/zec-usd-twap-60s-streams,1473.8005774458704,2026-09-18 13:46:26+00
bnb-updown-15m-1789739100,BNB,"BNB Up or Down - September 18, 9:45AM-10:00AM ET",2026-09-18T14:00:00Z,2026-09-18T13:45:00Z,757.0715095062867,Up,"[""1"", ""0""]",0.999,1138.0462920000002,,0.4945,0.001,resolved,0x679b8f8c8f1cb0501ddc0a1b7cd6a33cef3ffd3930a686dba7cda78ea6ea1e1d,https://data.chain.link/streams/bnb-usd-twap-60s-streams,757.1918280666971,2026-09-18 14:01:35+00
btc-updown-15m-1789739100,BTC,"Bitcoin Up or Down - September 18, 9:45AM-10:00AM ET",2026-09-18T14:00:00Z,2026-09-18T13:45:00Z,79199.1994967942,Up,"[""1"", ""0""]",0.999,43198.08918899999,,0.4945,0.001,resolved,0x9dcdc9a2af0d1296e29b9265c88a5402cd4d5151028e351f2d54cd923422f503,https://data.chain.link/streams/btc-usd-twap-60s-streams,79947.40337999332,2026-09-18 14:01:26+00
doge-updown-15m-1789739100,DOGE,"Dogecoin Up or Down - September 18, 9:45AM-10:00AM ET",2026-09-18T14:00:00Z,2026-09-18T13:45:00Z,0.0864668057808412,Up,"[""1"", ""0""]",0.999,1596.4081999999994,,0.4995,0.001,resolved,0x1c2f925e59d01e75f445b70e5bd9b7cee38a0938ca832604fa81d8fc82638497,https://data.chain.link/streams/doge-usd-twap-60s-streams,0.08721330441501411,2026-09-18 14:01:26+00
eth-updown-15m-1789739100,ETH,"Ethereum Up or Down - September 18, 9:45AM-10:00AM ET",2026-09-18T14:00:00Z,2026-09-18T13:45:00Z,2535.4485964146193,Up,"[""1"", ""0""]",0.999,6356.78017,,0.4945,0.001,resolved,0x89fdfc94f33b9da106146f4e54a15c0c8b5e3636a3b823c667fdf0ba36b70c17,https://data.chain.link/streams/eth-usd-twap-60s-streams,2549.6251587507995,2026-09-18 14:01:26+00
hype-updown-15m-1789739100,HYPE,"Hyperliquid Up or Down - September 18, 9:45AM-10:00AM ET",2026-09-18T14:00:00Z,2026-09-18T13:45:00Z,91.34453131466556,Down,"[""0"", ""1""]",0.09,443.798757,,-0.5045,0.001,resolved,0x1d2ca67af9964ddf5c3a50eb3fbe536a8633e32ae0a0daba038afcfa50a92158,https://data.chain.link/streams/hype-usd-twap-60s-streams,90.47838699819977,2026-09-18 14:01:35+00
sol-updown-15m-1789739100,SOL,"Solana Up or Down - September 18, 9:45AM-10:00AM ET",2026-09-18T14:00:00Z,2026-09-18T13:45:00Z,107.67506398935092,Up,"[""1"", ""0""]",0.999,2206.0505760000005,,0.4945,0.001,resolved,0x8f0ebf56a612d94060975e378397d9ba3166784d49dcd62f4de4fe0e4508cb92,https://data.chain.link/streams/sol-usd-twap-60s-streams,108.26554775762014,2026-09-18 14:01:26+00
xrp-updown-15m-1789739100,XRP,"XRP Up or Down - September 18, 9:45AM-10:00AM ET",2026-09-18T14:00:00Z,2026-09-18T13:45:00Z,1.346020244134086,Up,"[""1"", ""0""]",0.999,2481.785105,,0.4945,0.001,resolved,0x02f22eedbbc2bb589375848047d64ff4218bcae56ac2a0f06a00d3395ea3b471,https://data.chain.link/streams/xrp-usd-twap-60s-streams,1.3594910075448015,2026-09-18 14:01:26+00
zec-updown-15m-1789739100,ZEC,"ZCash Up or Down - September 18, 9:45AM-10:00AM ET",2026-09-18T14:00:00Z,2026-09-18T13:45:00Z,1473.8005774458704,Down,"[""0"", ""1""]",,,,-0.4995,0.001,resolved,0xd0b9d4e2ddd9c55e42aa78219db1d092e950844e3fa2b2fc7bc2f18eea9d718a,https://data.chain.link/streams/zec-usd-twap-60s-streams,1448.4413956465125,2026-09-18 14:01:35+00
bnb-updown-15m-1789740000,BNB,"BNB Up or Down - September 18, 10:00AM-10:15AM ET",2026-09-18T14:15:00Z,2026-09-18T14:00:00Z,757.1918280666971,Down,"[""0"", ""1""]",0.17,921.1520920000002,1.960785,-0.5,0.01,resolved,0x1c6a9c376d6440c1679a46d2a3f6bd8cb50db9801f40ea97a707ede9190b0a20,https://data.chain.link/streams/bnb-usd-twap-60s-streams,756.8591778485393,2026-09-18 14:15:53+00
btc-updown-15m-1789740000,BTC,"Bitcoin Up or Down - September 18, 10:00AM-10:15AM ET",2026-09-18T14:15:00Z,2026-09-18T14:00:00Z,79947.40337999332,Up,"[""1"", ""0""]",0.999,41988.32987100002,1733.526276,0.4945,0.001,resolved,0x68cb2d458749bfb8bcd8917d9599663d9520a3a3d3a99bf235a13cd6aea57ae5,https://data.chain.link/streams/btc-usd-twap-60s-streams,80232.83863496107,2026-09-18 14:15:53+00
doge-updown-15m-1789740000,DOGE,"Dogecoin Up or Down - September 18, 10:00AM-10:15AM ET",2026-09-18T14:15:00Z,2026-09-18T14:00:00Z,0.08721330441501411,Down,"[""0"", ""1""]",0.25,1135.3940590000002,,-0.4995,0.001,resolved,0x87dcbd6bd077debdf43558da911819313ce281b1ac36b5cf87f252f61353ee5f,https://data.chain.link/streams/doge-usd-twap-60s-streams,0.08698924093973749,2026-09-18 14:15:53+00
eth-updown-15m-1789740000,ETH,"Ethereum Up or Down - September 18, 10:00AM-10:15AM ET",2026-09-18T14:15:00Z,2026-09-18T14:00:00Z,2549.6251587507995,Up,"[""1"", ""0""]",0.999,5575.770897000001,155.836602,0.4945,0.001,resolved,0xd62a5536f23b675cf52a5b3de8c210fac3c5a4a837d51efab30fcc34701f1030,https://data.chain.link/streams/eth-usd-twap-60s-streams,2559.357753782063,2026-09-18 14:15:53+00
hype-updown-15m-1789740000,HYPE,"Hyperliquid Up or Down - September 18, 10:00AM-10:15AM ET",2026-09-18T14:15:00Z,2026-09-18T14:00:00Z,90.47838699819977,Up,"[""1"", ""0""]",0.74,116.3,,0.4945,0.001,resolved,0x1129f5225e6b4c67f1948db8db236e7ca87d8fc720fe352fbeea1b65a1c2232b,https://data.chain.link/streams/hype-usd-twap-60s-streams,91.17141796744687,2026-09-18 14:15:53+00
sol-updown-15m-1789740000,SOL,"Solana Up or Down - September 18, 10:00AM-10:15AM ET",2026-09-18T14:15:00Z,2026-09-18T14:00:00Z,108.26554775762014,Up,"[""1"", ""0""]",0.999,1369.4019460000002,,0.4945,0.001,resolved,0x31cad7d950d6fda8cec231eeff45539aa26f3bb731c616a0ed580b0da834c814,https://data.chain.link/streams/sol-usd-twap-60s-streams,108.89601222401848,2026-09-18 14:15:53+00
xrp-updown-15m-1789740000,XRP,"XRP Up or Down - September 18, 10:00AM-10:15AM ET",2026-09-18T14:15:00Z,2026-09-18T14:00:00Z,1.3594910075448015,Up,"[""1"", ""0""]",0.999,1426.4843210000001,,0.4945,0.001,resolved,0x385484d119f1abcac46fc2746b2ced3f1312af44d9fc6113b3215b9331bdefbf,https://data.chain.link/streams/xrp-usd-twap-60s-streams,1.3644104509173767,2026-09-18 14:15:53+00
zec-updown-15m-1789740000,ZEC,"ZCash Up or Down - September 18, 10:00AM-10:15AM ET",2026-09-18T14:15:00Z,2026-09-18T14:00:00Z,1448.4413956465125,Up,"[""1"", ""0""]",0.999,,,0.4995,0.001,resolved,0x9643052c5aa9e0946fbc55752082841806a37bb3a7dff1d5909c1edca41aa7ed,https://data.chain.link/streams/zec-usd-twap-60s-streams,1477.7174222018518,2026-09-18 14:15:53+00
bnb-updown-15m-1789740900,BNB,"BNB Up or Down - September 18, 10:15AM-10:30AM ET",2026-09-18T14:30:00Z,2026-09-18T14:15:00Z,756.8591778485393,Up,"[""1"", ""0""]",0.999,200.95238600000002,,0.4945,0.001,resolved,0x966067c9ad3b9472aa00e23ee9e11aa775961663f8f4197780dcb947324e5ca2,https://data.chain.link/streams/bnb-usd-twap-60s-streams,759.2355228878562,2026-09-18 14:31:28+00
btc-updown-15m-1789740900,BTC,"Bitcoin Up or Down - September 18, 10:15AM-10:30AM ET",2026-09-18T14:30:00Z,2026-09-18T14:15:00Z,80232.83863496107,Up,"[""1"", ""0""]",0.999,55986.300488999994,24.078432,0.4945,0.001,resolved,0x614f78f1d866c348b99be1f146c79dc3e8ed7655187f9675467702a7fac9935a,https://data.chain.link/streams/btc-usd-twap-60s-streams,80722.87369188032,2026-09-18 14:31:28+00
doge-updown-15m-1789740900,DOGE,"Dogecoin Up or Down - September 18, 10:15AM-10:30AM ET",2026-09-18T14:30:00Z,2026-09-18T14:15:00Z,0.08698924093973749,Up,"[""1"", ""0""]",0.999,398.127073,,0.4995,0.001,resolved,0xa3d282e30a93ce9b97c8746e580d56bfbf5215534588292d84b04b2b0d679cd2,https://data.chain.link/streams/doge-usd-twap-60s-streams,0.08768666618506703,2026-09-18 14:31:28+00
eth-updown-15m-1789740900,ETH,"Ethereum Up or Down - September 18, 10:15AM-10:30AM ET",2026-09-18T14:30:00Z,2026-09-18T14:15:00Z,2559.357753782063,Up,"[""1"", ""0""]",0.999,7479.845770999998,,0.4945,0.001,resolved,0xadda306532a4704c14269b5919a8967a5566bd7ccb255b3298bb1bb631bc2099,https://data.chain.link/streams/eth-usd-twap-60s-streams,2570.139063175849,2026-09-18 14:31:28+00
hype-updown-15m-1789740900,HYPE,"Hyperliquid Up or Down - September 18, 10:15AM-10:30AM ET",2026-09-18T14:30:00Z,2026-09-18T14:15:00Z,91.17141796744687,Up,"[""1"", ""0""]",0.999,518.144259,,0.4945,0.001,resolved,0xf1f498774bb44b5e7f67556295edc88903986dce336cd95a317b4cc52b7a4541,https://data.chain.link/streams/hype-usd-twap-60s-streams,91.73468486150765,2026-09-18 14:31:28+00
sol-updown-15m-1789740900,SOL,"Solana Up or Down - September 18, 10:15AM-10:30AM ET",2026-09-18T14:30:00Z,2026-09-18T14:15:00Z,108.89601222401848,Up,"[""1"", ""0""]",0.999,2380.4160469999997,,0.4945,0.001,resolved,0x353110adcc708eca92a378b90a00e16f64bdd675fb33dab7aca4a1fb740b2bb1,https://data.chain.link/streams/sol-usd-twap-60s-streams,109.41993747726711,2026-09-18 14:31:28+00
xrp-updown-15m-1789740900,XRP,"XRP Up or Down - September 18, 10:15AM-10:30AM ET",2026-09-18T14:30:00Z,2026-09-18T14:15:00Z,1.3644104509173767,Up,"[""1"", ""0""]",0.999,1044.8956429999998,,0.4945,0.001,resolved,0xed1458631c929b558807c2ca0c844e2372bac208bbfd68f3490717ae689ddcae,https://data.chain.link/streams/xrp-usd-twap-60s-streams,1.3727710966584776,2026-09-18 14:31:36+00
zec-updown-15m-1789740900,ZEC,"ZCash Up or Down - September 18, 10:15AM-10:30AM ET",2026-09-18T14:30:00Z,2026-09-18T14:15:00Z,1477.7174222018518,Down,"[""0"", ""1""]",0.19,,,-0.4995,0.001,resolved,0xf0b0502123e44f8380b91e9fa429b111da7d7ed65f7a49547d71038f7e4ef111,https://data.chain.link/streams/zec-usd-twap-60s-streams,1470.7002764290717,2026-09-18 14:31:27+00
bnb-updown-15m-1789741800,BNB,"BNB Up or Down - September 18, 10:30AM-10:45AM ET",2026-09-18T14:45:00Z,2026-09-18T14:30:00Z,759.2355228878562,Down,"[""0"", ""1""]",0.29,592.799422,,-0.4995,0.001,resolved,0x89c0131aa5188d60c583cb5b36a33ec7593d767e8b7af982fa9c458d71bc777b,https://data.chain.link/streams/bnb-usd-twap-60s-streams,758.7945426988293,2026-09-18 14:45:54+00
btc-updown-15m-1789741800,BTC,"Bitcoin Up or Down - September 18, 10:30AM-10:45AM ET",2026-09-18T14:45:00Z,2026-09-18T14:30:00Z,80722.87369188032,Down,"[""0"", ""1""]",0.01,38115.86922299999,20,-0.49,0.01,resolved,0xfb872f3710a6059f02e621dbc83560e4a71a381573b351cf898e6c7963b80113,https://data.chain.link/streams/btc-usd-twap-60s-streams,80718.10215612891,2026-09-18 14:45:54+00
doge-updown-15m-1789741800,DOGE,"Dogecoin Up or Down - September 18, 10:30AM-10:45AM ET",2026-09-18T14:45:00Z,2026-09-18T14:30:00Z,0.08768666618506703,Up,"[""1"", ""0""]",0.99,547.856951,,0.495,0.01,resolved,0x543d71614234fcd24a6b857436271b6832df020782e152837833c8354a8a0d86,https://data.chain.link/streams/doge-usd-twap-60s-streams,0.08778322672944588,2026-09-18 14:45:54+00
eth-updown-15m-1789741800,ETH,"Ethereum Up or Down - September 18, 10:30AM-10:45AM ET",2026-09-18T14:45:00Z,2026-09-18T14:30:00Z,2570.139063175849,Up,"[""1"", ""0""]",0.999,9590.832745999996,,0.4945,0.001,resolved,0x2133f31d265642c14bb73d31e94ad8ae7dca9c454cb07ffa51c0190272474c81,https://data.chain.link/streams/eth-usd-twap-60s-streams,2575.173910544848,2026-09-18 14:45:54+00
hype-updown-15m-1789741800,HYPE,"Hyperliquid Up or Down - September 18, 10:30AM-10:45AM ET",2026-09-18T14:45:00Z,2026-09-18T14:30:00Z,91.73468486150765,Up,"[""1"", ""0""]",0.89,375.03223,,0.49,0.01,resolved,0xfac31f4d407e847ac9b718532e997696e8d3baa1cfec826aa15bf0bd27177c73,https://data.chain.link/streams/hype-usd-twap-60s-streams,91.86137912878822,2026-09-18 14:45:54+00
sol-updown-15m-1789741800,SOL,"Solana Up or Down - September 18, 10:30AM-10:45AM ET",2026-09-18T14:45:00Z,2026-09-18T14:30:00Z,109.41993747726711,Up,"[""1"", ""0""]",0.999,1466.2485590000001,,0.4945,0.001,resolved,0x917e00139e93509676a4c9fa7a4d33412b14ac3c0873d030bdb463901d4f9986,https://data.chain.link/streams/sol-usd-twap-60s-streams,109.99741508170862,2026-09-18 14:45:54+00
xrp-updown-15m-1789741800,XRP,"XRP Up or Down - September 18, 10:30AM-10:45AM ET",2026-09-18T14:45:00Z,2026-09-18T14:30:00Z,1.3727710966584776,Up,"[""1"", ""0""]",0.999,1645.8310030000002,,0.4945,0.001,resolved,0xcab4ed8cec2903bbe8fd1680f6e36eabc48d0e7d40ab6ddb923679f6784ed3a6,https://data.chain.link/streams/xrp-usd-twap-60s-streams,1.3827759706267462,2026-09-18 14:45:54+00
zec-updown-15m-1789741800,ZEC,"ZCash Up or Down - September 18, 10:30AM-10:45AM ET",2026-09-18T14:45:00Z,2026-09-18T14:30:00Z,1470.7002764290717,Up,"[""1"", ""0""]",,,,0.495,0.01,resolved,0x05910a9f1f02bdac9f77c67a02ac770826590fd11123b377892af11c0d6b254a,https://data.chain.link/streams/zec-usd-twap-60s-streams,1485.1862537895388,2026-09-18 14:45:54+00
bnb-updown-15m-1789742700,BNB,"BNB Up or Down - September 18, 10:45AM-11:00AM ET",2026-09-18T15:00:00Z,2026-09-18T14:45:00Z,758.7945426988293,Up,"[""1"", ""0""]",0.999,482.27990700000004,,0.4945,0.001,resolved,0x313a62830058deaeca0dfca1227df4c27ad09e2763d841c4c24585aacbbf3545,https://data.chain.link/streams/bnb-usd-twap-60s-streams,759.7819755011526,2026-09-18 15:00:55+00
btc-updown-15m-1789742700,BTC,"Bitcoin Up or Down - September 18, 10:45AM-11:00AM ET",2026-09-18T15:00:00Z,2026-09-18T14:45:00Z,80718.10215612891,Up,"[""1"", ""0""]",0.99,38517.160701,20,0.5,0.01,resolved,0xdb2250b3a6e3dcaf9b14cf9ee5e826f06e8fb9d4c0481e77dcf3bad1720e9a54,https://data.chain.link/streams/btc-usd-twap-60s-streams,80853.8804761886,2026-09-18 15:00:54+00
doge-updown-15m-1789742700,DOGE,"Dogecoin Up or Down - September 18, 10:45AM-11:00AM ET",2026-09-18T15:00:00Z,2026-09-18T14:45:00Z,0.08778322672944588,Up,"[""1"", ""0""]",0.99,882.553977,,0.495,0.01,resolved,0xf25b9fe21c5295e2ccd196cc16b77b6221f9b3f9f8e96759c69c2c253f25aa77,https://data.chain.link/streams/doge-usd-twap-60s-streams,0.08794598754539835,2026-09-18 15:00:55+00
eth-updown-15m-1789742700,ETH,"Ethereum Up or Down - September 18, 10:45AM-11:00AM ET",2026-09-18T15:00:00Z,2026-09-18T14:45:00Z,2575.173910544848,Up,"[""1"", ""0""]",0.99,7563.7300529999975,,0.49,0.01,resolved,0x9625c3f8f7d7e5f520d33b47e81ec43a66ce8a8ceb7c9e36c0844233d561244c,https://data.chain.link/streams/eth-usd-twap-60s-streams,2580.3107465239377,2026-09-18 15:00:55+00
hype-updown-15m-1789742700,HYPE,"Hyperliquid Up or Down - September 18, 10:45AM-11:00AM ET",2026-09-18T15:00:00Z,2026-09-18T14:45:00Z,91.86137912878822,Up,"[""1"", ""0""]",0.999,226.036351,,0.4945,0.001,resolved,0x45d33ff816ecfecdf7e0f6a8c5ad9cde3b7cb8cd00b923638a9d93eaf3098488,https://data.chain.link/streams/hype-usd-twap-60s-streams,92.34674925974207,2026-09-18 15:00:54+00
sol-updown-15m-1789742700,SOL,"Solana Up or Down - September 18, 10:45AM-11:00AM ET",2026-09-18T15:00:00Z,2026-09-18T14:45:00Z,109.99741508170862,Up,"[""1"", ""0""]",0.999,2000.598747,,0.4945,0.001,resolved,0x297840221971ebf3e1951565e173808d35677f0c40d9a921a4fdad11747faffb,https://data.chain.link/streams/sol-usd-twap-60s-streams,110.62475596157606,2026-09-18 15:00:55+00
xrp-updown-15m-1789742700,XRP,"XRP Up or Down - September 18, 10:45AM-11:00AM ET",2026-09-18T15:00:00Z,2026-09-18T14:45:00Z,1.3827759706267462,Up,"[""1"", ""0""]",0.999,648.5408889999997,,0.4945,0.001,resolved,0xb49f5c176e4dd8decc011fae597dea841057e86c1069739cf647e6bc2bebbe00,https://data.chain.link/streams/xrp-usd-twap-60s-streams,1.3978476589794369,2026-09-18 15:00:54+00
zec-updown-15m-1789742700,ZEC,"ZCash Up or Down - September 18, 10:45AM-11:00AM ET",2026-09-18T15:00:00Z,2026-09-18T14:45:00Z,1485.1862537895388,Down,"[""0"", ""1""]",,,,-0.495,0.01,resolved,0x85298120879ff2b4f7f948d4df00f8787563c3dd57c44648377f1665ec623415,https://data.chain.link/streams/zec-usd-twap-60s-streams,1481.0395312804976,2026-09-18 15:00:54+00
bnb-updown-15m-1789743600,BNB,"BNB Up or Down - September 18, 11:00AM-11:15AM ET",2026-09-18T15:15:00Z,2026-09-18T15:00:00Z,759.7819755011526,Down,"[""0"", ""1""]",0.09,433.53589,,-0.5045,0.001,resolved,0xaf99874f5c61a5ad86e79c6d855af3c62e884151989a57ad8712f7019108d7de,https://data.chain.link/streams/bnb-usd-twap-60s-streams,756.408712111591,2026-09-18 15:16:27+00
btc-updown-15m-1789743600,BTC,"Bitcoin Up or Down - September 18, 11:00AM-11:15AM ET",2026-09-18T15:15:00Z,2026-09-18T15:00:00Z,80853.8804761886,Down,"[""0"", ""1""]",0.01,21999.28430200001,3987.764707,-0.5045,0.001,resolved,0xd650679f6a30cf6825c53a54cd43023ce4c25aa3656c8b81e8f8f4c2ccc7f5e2,https://data.chain.link/streams/btc-usd-twap-60s-streams,80697.62434435212,2026-09-18 15:16:27+00
doge-updown-15m-1789743600,DOGE,"Dogecoin Up or Down - September 18, 11:00AM-11:15AM ET",2026-09-18T15:15:00Z,2026-09-18T15:00:00Z,0.08794598754539835,Down,"[""0"", ""1""]",0.02,421.029511,,-0.4995,0.001,resolved,0xd0691dd4bb680ec5227dede23e454b64e3c11b23964de9d18503d20e6ef6d4bf,https://data.chain.link/streams/doge-usd-twap-60s-streams,0.08758423779119155,2026-09-18 15:16:36+00
eth-updown-15m-1789743600,ETH,"Ethereum Up or Down - September 18, 11:00AM-11:15AM ET",2026-09-18T15:15:00Z,2026-09-18T15:00:00Z,2580.3107465239377,Down,"[""0"", ""1""]",0.05,10126.68505,161.469231,-0.5045,0.001,resolved,0x653f22ea3047e62568ff863d777ad4115eba8db8a1bcafc2489fa4bc778f299f,https://data.chain.link/streams/eth-usd-twap-60s-streams,2572.7543285769684,2026-09-18 15:16:27+00
hype-updown-15m-1789743600,HYPE,"Hyperliquid Up or Down - September 18, 11:00AM-11:15AM ET",2026-09-18T15:15:00Z,2026-09-18T15:00:00Z,92.34674925974207,Down,"[""0"", ""1""]",0.3,198.89248,,-0.5045,0.001,resolved,0xd525f17aa719cd86b7277940e90be89330777c06b54034b74cd4973f43326155,https://data.chain.link/streams/hype-usd-twap-60s-streams,91.84680645841546,2026-09-18 15:16:28+00
sol-updown-15m-1789743600,SOL,"Solana Up or Down - September 18, 11:00AM-11:15AM ET",2026-09-18T15:15:00Z,2026-09-18T15:00:00Z,110.62475596157606,Down,"[""0"", ""1""]",0.01,1520.5726709999997,11.960785,-0.5045,0.001,resolved,0xdab5e24b45fcb8cdc53bc6406462fee852cd896930b042e861b7fa85309c34d4,https://data.chain.link/streams/sol-usd-twap-60s-streams,109.9534645362322,2026-09-18 15:16:27+00
xrp-updown-15m-1789743600,XRP,"XRP Up or Down - September 18, 11:00AM-11:15AM ET",2026-09-18T15:15:00Z,2026-09-18T15:00:00Z,1.3978476589794369,Down,"[""0"", ""1""]",0.006,1398.2697390000003,12.156864,-0.5045,0.001,resolved,0x2c5bcab7605a839c55d56ce8352c4c5ea6ecffd9e4a4cb03e00e361c91cf63ea,https://data.chain.link/streams/xrp-usd-twap-60s-streams,1.3868927971179263,2026-09-18 15:16:27+00
zec-updown-15m-1789743600,ZEC,"ZCash Up or Down - September 18, 11:00AM-11:15AM ET",2026-09-18T15:15:00Z,2026-09-18T15:00:00Z,1481.0395312804976,Up,"[""1"", ""0""]",,12,,0.495,0.01,resolved,0x6fc877ec0b9652f8da6e6667382e54f455bffae8a7b84d8aa4b0da742debaa71,https://data.chain.link/streams/zec-usd-twap-60s-streams,1481.8793592969287,2026-09-18 15:16:27+00
bnb-updown-15m-1789744500,BNB,"BNB Up or Down - September 18, 11:15AM-11:30AM ET",2026-09-18T15:30:00Z,2026-09-18T15:15:00Z,756.408712111591,Up,"[""1"", ""0""]",0.999,183.6397,,0.4945,0.001,resolved,0xc32be3c684d8bacbae22f10b71ccb0e539525677c1895967ce803d78f65c9ad3,https://data.chain.link/streams/bnb-usd-twap-60s-streams,758.0480848448453,2026-09-18 15:30:55+00
btc-updown-15m-1789744500,BTC,"Bitcoin Up or Down - September 18, 11:15AM-11:30AM ET",2026-09-18T15:30:00Z,2026-09-18T15:15:00Z,80697.62434435212,Up,"[""1"", ""0""]",0.999,25919.280221999998,1.960785,0.4945,0.001,resolved,0x04ac27e25713d84d282dd0020b3efd8b86119b2e3b1d2e9bdd6af8d5d21cf173,https://data.chain.link/streams/btc-usd-twap-60s-streams,80880.04813002904,2026-09-18 15:30:55+00
doge-updown-15m-1789744500,DOGE,"Dogecoin Up or Down - September 18, 11:15AM-11:30AM ET",2026-09-18T15:30:00Z,2026-09-18T15:15:00Z,0.08758423779119155,Up,"[""1"", ""0""]",0.999,389.965827,,0.4995,0.001,resolved,0x885f1b5c768f355e686b7d9e4af8e5e968077083c679d872c4b38bac9f6228d4,https://data.chain.link/streams/doge-usd-twap-60s-streams,0.08770365596281215,2026-09-18 15:30:54+00
eth-updown-15m-1789744500,ETH,"Ethereum Up or Down - September 18, 11:15AM-11:30AM ET",2026-09-18T15:30:00Z,2026-09-18T15:15:00Z,2572.7543285769684,Up,"[""1"", ""0""]",0.999,3094.837594,,0.4945,0.001,resolved,0x4c16c544050664299134b1c105047ad8d75e7b7e45dad6be4b24205bf5f14c9f,https://data.chain.link/streams/eth-usd-twap-60s-streams,2584.8060695694553,2026-09-18 15:30:54+00
hype-updown-15m-1789744500,HYPE,"Hyperliquid Up or Down - September 18, 11:15AM-11:30AM ET",2026-09-18T15:30:00Z,2026-09-18T15:15:00Z,91.84680645841546,Down,"[""0"", ""1""]",0.38,687.328721,,-0.5,0.01,resolved,0xcc83da0cc2177d241d997cd1ab3f7911b3b778cf3fbad02ad6c6feac01830a89,https://data.chain.link/streams/hype-usd-twap-60s-streams,91.60069552737264,2026-09-18 15:30:54+00
sol-updown-15m-1789744500,SOL,"Solana Up or Down - September 18, 11:15AM-11:30AM ET",2026-09-18T15:30:00Z,2026-09-18T15:15:00Z,109.9534645362322,Up,"[""1"", ""0""]",0.999,1150.7043310000004,,0.4945,0.001,resolved,0x53bde7a46acd60a0ad9507bdd99c9960150fc921439d0aa5c8686922f7fb94e6,https://data.chain.link/streams/sol-usd-twap-60s-streams,110.4301028367704,2026-09-18 15:30:54+00
xrp-updown-15m-1789744500,XRP,"XRP Up or Down - September 18, 11:15AM-11:30AM ET",2026-09-18T15:30:00Z,2026-09-18T15:15:00Z,1.3868927971179263,Down,"[""0"", ""1""]",0.09,1440.46001,,-0.5,0.01,resolved,0x81235b0eeba1d1e6a679bde28d764f4c9c61076ef91aa856daebcdf538ad05cb,https://data.chain.link/streams/xrp-usd-twap-60s-streams,1.3858482117221422,2026-09-18 15:30:55+00
zec-updown-15m-1789744500,ZEC,"ZCash Up or Down - September 18, 11:15AM-11:30AM ET",2026-09-18T15:30:00Z,2026-09-18T15:15:00Z,1481.8793592969287,Up,"[""1"", ""0""]",,,,0.495,0.01,resolved,0x4dd399022a778ea56c34fc6a49de4dce7480eff470e351f8d95c9ae0407e935a,https://data.chain.link/streams/zec-usd-twap-60s-streams,1488.7945597586736,2026-09-18 15:30:55+00
bnb-updown-15m-1789745400,BNB,"BNB Up or Down - September 18, 11:30AM-11:45AM ET",2026-09-18T15:45:00Z,2026-09-18T15:30:00Z,758.0480848448453,Down,"[""0"", ""1""]",0.05,214.21152700000005,,-0.5045,0.001,resolved,0x078f53a521fdffc05de17b81dd8424230b9d47a8e9023587ab233e8b7d524faf,https://data.chain.link/streams/bnb-usd-twap-60s-streams,755.3189619945493,2026-09-18 15:45:54+00
btc-updown-15m-1789745400,BTC,"Bitcoin Up or Down - September 18, 11:30AM-11:45AM ET",2026-09-18T15:45:00Z,2026-09-18T15:30:00Z,80880.04813002904,Down,"[""0"", ""1""]",0.01,17902.315876,2,-0.5045,0.001,resolved,0xd7a92a2f66ecad5099d295f9d4b86a3003c5c406cfe7d55cf8497fde692c5b80,https://data.chain.link/streams/btc-usd-twap-60s-streams,80644.32050052194,2026-09-18 15:45:54+00
doge-updown-15m-1789745400,DOGE,"Dogecoin Up or Down - September 18, 11:30AM-11:45AM ET",2026-09-18T15:45:00Z,2026-09-18T15:30:00Z,0.08770365596281215,Down,"[""0"", ""1""]",0.05,309.72427600000003,,-0.4995,0.001,resolved,0x72d4b48c31d1874763221f7f7be94c55f31cd3597aa1ff87405f9a6df40fe854,https://data.chain.link/streams/doge-usd-twap-60s-streams,0.08705615863418353,2026-09-18 15:46:03+00
eth-updown-15m-1789745400,ETH,"Ethereum Up or Down - September 18, 11:30AM-11:45AM ET",2026-09-18T15:45:00Z,2026-09-18T15:30:00Z,2584.8060695694553,Down,"[""0"", ""1""]",0.05,2489.2149199999994,,-0.5045,0.001,resolved,0x34963b718a91fd8f54e31231b34cfdd8b2bf8ce054deac7dd88a230f2099b958,https://data.chain.link/streams/eth-usd-twap-60s-streams,2573.6351670441136,2026-09-18 15:45:54+00
hype-updown-15m-1789745400,HYPE,"Hyperliquid Up or Down - September 18, 11:30AM-11:45AM ET",2026-09-18T15:45:00Z,2026-09-18T15:30:00Z,91.60069552737264,Down,"[""0"", ""1""]",0.15,429.831875,,-0.5045,0.001,resolved,0x7a916d8e94546167b34898ef67c59f3c3d76c59ddb0fc6ded3c5be3d64cc49ac,https://data.chain.link/streams/hype-usd-twap-60s-streams,91.21115058852588,2026-09-18 15:45:54+00
sol-updown-15m-1789745400,SOL,"Solana Up or Down - September 18, 11:30AM-11:45AM ET",2026-09-18T15:45:00Z,2026-09-18T15:30:00Z,110.4301028367704,Down,"[""0"", ""1""]",0.01,3249.686126999999,,-0.5,0.01,resolved,0x83209f3e9a23411f36b53cead3b41caf10e879f76b1720c509190d2eb61feff9,https://data.chain.link/streams/sol-usd-twap-60s-streams,110.30866603647188,2026-09-18 15:45:54+00
xrp-updown-15m-1789745400,XRP,"XRP Up or Down - September 18, 11:30AM-11:45AM ET",2026-09-18T15:45:00Z,2026-09-18T15:30:00Z,1.3858482117221422,Down,"[""0"", ""1""]",0.01,722.73925,,-0.5045,0.001,resolved,0xe1e5ae8d01e979c9cd465d7cee883757a3af982571fd176e56ff458e8fd05251,https://data.chain.link/streams/xrp-usd-twap-60s-streams,1.3735343482795113,2026-09-18 15:45:54+00
zec-updown-15m-1789745400,ZEC,"ZCash Up or Down - September 18, 11:30AM-11:45AM ET",2026-09-18T15:45:00Z,2026-09-18T15:30:00Z,1488.7945597586736,Down,"[""0"", ""1""]",,,,-0.495,0.01,resolved,0xb47edc1ac92ee3b0d79e80181151d46293d24a6b92993449064117a953a7d0fe,https://data.chain.link/streams/zec-usd-twap-60s-streams,1476.796695546063,2026-09-18 15:45:54+00
bnb-updown-15m-1789746300,BNB,"BNB Up or Down - September 18, 11:45AM-12:00PM ET",2026-09-18T16:00:00Z,2026-09-18T15:45:00Z,755.3189619945493,Up,"[""1"", ""0""]",0.999,533.912074,,0.4945,0.001,resolved,0x73d2a9c1b661342464aac052a9893acb214d4cae17d34a13e9e37a309e015839,https://data.chain.link/streams/bnb-usd-twap-60s-streams,756.4551786519406,2026-09-18 16:01:28+00
btc-updown-15m-1789746300,BTC,"Bitcoin Up or Down - September 18, 11:45AM-12:00PM ET",2026-09-18T16:00:00Z,2026-09-18T15:45:00Z,80644.32050052194,Up,"[""1"", ""0""]",0.99,41291.09449399999,,0.49,0.01,resolved,0x582d469051d33d8d365aeb3f441025f16e20efdf71757fa77efe5f6e80495291,https://data.chain.link/streams/btc-usd-twap-60s-streams,80652.76833237176,2026-09-18 16:01:28+00
doge-updown-15m-1789746300,DOGE,"Dogecoin Up or Down - September 18, 11:45AM-12:00PM ET",2026-09-18T16:00:00Z,2026-09-18T15:45:00Z,0.08705615863418353,Up,"[""1"", ""0""]",0.999,617.331723,19.607844,0.4995,0.001,resolved,0xb1dfe0c80d086b3b21a13c936aa834fefadc6e3986a04f4693fa473a028b044b,https://data.chain.link/streams/doge-usd-twap-60s-streams,0.0873942616618709,2026-09-18 16:01:27+00
eth-updown-15m-1789746300,ETH,"Ethereum Up or Down - September 18, 11:45AM-12:00PM ET",2026-09-18T16:00:00Z,2026-09-18T15:45:00Z,2573.6351670441136,Up,"[""1"", ""0""]",0.999,3452.4738709999997,,0.4945,0.001,resolved,0xf4cdc1f90c3f349fceaead862eebf80b812159452e088924f598d9e6d5ce0296,https://data.chain.link/streams/eth-usd-twap-60s-streams,2581.4936699493014,2026-09-18 16:01:28+00
hype-updown-15m-1789746300,HYPE,"Hyperliquid Up or Down - September 18, 11:45AM-12:00PM ET",2026-09-18T16:00:00Z,2026-09-18T15:45:00Z,91.21115058852588,Up,"[""1"", ""0""]",0.92,388.76995900000003,,0.49,0.01,resolved,0x9f6f4f9113266dbb47f3a0b686ce95ff69d4d94e5efe80edb72dc6a6fa76728c,https://data.chain.link/streams/hype-usd-twap-60s-streams,91.28537699332925,2026-09-18 16:01:27+00
sol-updown-15m-1789746300,SOL,"Solana Up or Down - September 18, 11:45AM-12:00PM ET",2026-09-18T16:00:00Z,2026-09-18T15:45:00Z,110.30866603647188,Up,"[""1"", ""0""]",0.999,1277.1501989999997,,0.4945,0.001,resolved,0x3aa50ddf1dfc837b8ad58a1c17a70df967a73e07fde3ab419f578c4b6b4182b7,https://data.chain.link/streams/sol-usd-twap-60s-streams,111.16380702685335,2026-09-18 16:01:28+00
xrp-updown-15m-1789746300,XRP,"XRP Up or Down - September 18, 11:45AM-12:00PM ET",2026-09-18T16:00:00Z,2026-09-18T15:45:00Z,1.3735343482795113,Up,"[""1"", ""0""]",0.999,803.2574609999999,,0.4995,0.001,resolved,0xb9d85e603db6cc41e42b054953fb19fea141f3ddce7e576b4b8a865a4d09d204,https://data.chain.link/streams/xrp-usd-twap-60s-streams,1.3832534723979972,2026-09-18 16:01:28+00
zec-updown-15m-1789746300,ZEC,"ZCash Up or Down - September 18, 11:45AM-12:00PM ET",2026-09-18T16:00:00Z,2026-09-18T15:45:00Z,1476.796695546063,Up,"[""1"", ""0""]",,,,0.495,0.01,resolved,0xaf7b83dc7f2aab218a7faa109911853c5009383a71a9ebab4a79ee4580fa6bcc,https://data.chain.link/streams/zec-usd-twap-60s-streams,1482.9593308532856,2026-09-18 16:01:28+00
bnb-updown-15m-1789747200,BNB,"BNB Up or Down - September 18, 12:00PM-12:15PM ET",2026-09-18T16:15:00Z,2026-09-18T16:00:00Z,756.4551786519406,Up,"[""1"", ""0""]",0.999,160.33853799999997,,0.4995,0.001,resolved,0x2ae7c6e7e0db8939c1485743d135dafed70346f8b6277d924138fe5226a06ba5,https://data.chain.link/streams/bnb-usd-twap-60s-streams,759.7602298609652,2026-09-18 16:16:36+00
btc-updown-15m-1789747200,BTC,"Bitcoin Up or Down - September 18, 12:00PM-12:15PM ET",2026-09-18T16:15:00Z,2026-09-18T16:00:00Z,80652.76833237176,Up,"[""1"", ""0""]",0.999,17043.593967999994,4138.47,0.4945,0.001,resolved,0xdc823a59e610c3c2514cafafcb786ff453fee9d60b8afe54936a3aa030147662,https://data.chain.link/streams/btc-usd-twap-60s-streams,80873.82532040698,2026-09-18 16:16:28+00
doge-updown-15m-1789747200,DOGE,"Dogecoin Up or Down - September 18, 12:00PM-12:15PM ET",2026-09-18T16:15:00Z,2026-09-18T16:00:00Z,0.0873942616618709,Up,"[""1"", ""0""]",0.99,1142.2583089999998,,0.495,0.01,resolved,0x2278a1e5d39a23d004969fc565f8172a1f3fb61918516d0b157f5f5d6b697bb4,https://data.chain.link/streams/doge-usd-twap-60s-streams,0.08740281500535843,2026-09-18 16:16:27+00
eth-updown-15m-1789747200,ETH,"Ethereum Up or Down - September 18, 12:00PM-12:15PM ET",2026-09-18T16:15:00Z,2026-09-18T16:00:00Z,2581.4936699493014,Up,"[""1"", ""0""]",0.999,4582.953074,,0.4945,0.001,resolved,0x290a0f1f130e33f156c61f0dcd5dd633c78e6031aac6a91b946a20f9b68e3c32,https://data.chain.link/streams/eth-usd-twap-60s-streams,2593.98665290998,2026-09-18 16:16:27+00
hype-updown-15m-1789747200,HYPE,"Hyperliquid Up or Down - September 18, 12:00PM-12:15PM ET",2026-09-18T16:15:00Z,2026-09-18T16:00:00Z,91.28537699332925,Up,"[""1"", ""0""]",0.999,218.18743999999998,,0.4945,0.001,resolved,0xa2ba5f1b8dc22d0af609f62883f08da8bdd201139eef23e26a5f6c3a2809401a,https://data.chain.link/streams/hype-usd-twap-60s-streams,91.50912540179512,2026-09-18 16:16:37+00
sol-updown-15m-1789747200,SOL,"Solana Up or Down - September 18, 12:00PM-12:15PM ET",2026-09-18T16:15:00Z,2026-09-18T16:00:00Z,111.16380702685335,Up,"[""1"", ""0""]",0.999,2719.4118980000003,,0.4945,0.001,resolved,0x77d3e0247b69a1465575f7b0ad0b54194036b7aae85f6f01ad346723c401123d,https://data.chain.link/streams/sol-usd-twap-60s-streams,111.39112530084074,2026-09-18 16:16:27+00
xrp-updown-15m-1789747200,XRP,"XRP Up or Down - September 18, 12:00PM-12:15PM ET",2026-09-18T16:15:00Z,2026-09-18T16:00:00Z,1.3832534723979972,Down,"[""0"", ""1""]",0.01,1160.338433,1.960785,-0.5045,0.001,resolved,0xb2dce5614171901ebf8842b5aa4e0f4ce59ac712193b19d723401fb0be02739e,https://data.chain.link/streams/xrp-usd-twap-60s-streams,1.3808776345193106,2026-09-18 16:16:28+00
zec-updown-15m-1789747200,ZEC,"ZCash Up or Down - September 18, 12:00PM-12:15PM ET",2026-09-18T16:15:00Z,2026-09-18T16:00:00Z,1482.9593308532856,Down,"[""0"", ""1""]",,,,-0.495,0.01,resolved,0x7f947946e1d3ca506f3d56dbad180210e57cbb28ffe8c022b385e999c1925026,https://data.chain.link/streams/zec-usd-twap-60s-streams,1476.2038518146435,2026-09-18 16:16:27+00
bnb-updown-15m-1789748100,BNB,"BNB Up or Down - September 18, 12:15PM-12:30PM ET",2026-09-18T16:30:00Z,2026-09-18T16:15:00Z,759.7602298609652,Down,"[""0"", ""1""]",0.31,636.092165,,-0.5045,0.001,resolved,0x5b44131a39571dd35a1f97fc71709c9b009a61bbbbdb33b5a223a271efad2337,https://data.chain.link/streams/bnb-usd-twap-60s-streams,759.2204059205723,2026-09-18 16:30:57+00
btc-updown-15m-1789748100,BTC,"Bitcoin Up or Down - September 18, 12:15PM-12:30PM ET",2026-09-18T16:30:00Z,2026-09-18T16:15:00Z,80873.82532040698,Up,"[""1"", ""0""]",0.999,41625.541066000005,,0.4945,0.001,resolved,0x443162a293ab05e9985d26c1f2a4b38703d31ef2b7a205f2a811974bb06bd282,https://data.chain.link/streams/btc-usd-twap-60s-streams,80991.64674170871,2026-09-18 16:30:55+00
doge-updown-15m-1789748100,DOGE,"Dogecoin Up or Down - September 18, 12:15PM-12:30PM ET",2026-09-18T16:30:00Z,2026-09-18T16:15:00Z,0.08740281500535843,Up,"[""1"", ""0""]",0.999,552.020376,,0.4995,0.001,resolved,0xb184c26b45cc4b06c31549b883b6077cadfc17c56140d885319a2411337002a5,https://data.chain.link/streams/doge-usd-twap-60s-streams,0.08779405303053747,2026-09-18 16:30:57+00
eth-updown-15m-1789748100,ETH,"Ethereum Up or Down - September 18, 12:15PM-12:30PM ET",2026-09-18T16:30:00Z,2026-09-18T16:15:00Z,2593.98665290998,Up,"[""1"", ""0""]",0.99,15258.857870000003,,0.4945,0.001,resolved,0x15f09ed1cbb2e11f731ca68f5f458f3598bfeb90f521cfa849ccf2c1f3af9800,https://data.chain.link/streams/eth-usd-twap-60s-streams,2597.460417254689,2026-09-18 16:30:55+00
hype-updown-15m-1789748100,HYPE,"Hyperliquid Up or Down - September 18, 12:15PM-12:30PM ET",2026-09-18T16:30:00Z,2026-09-18T16:15:00Z,91.50912540179512,Down,"[""0"", ""1""]",0.17,496.35652,6.647059,-0.5045,0.001,resolved,0x4d5d7904b746d662aa27f864a6ede3edf8514fd20e18cb6b4df1d957608d2449,https://data.chain.link/streams/hype-usd-twap-60s-streams,91.35017249676697,2026-09-18 16:31:04+00
sol-updown-15m-1789748100,SOL,"Solana Up or Down - September 18, 12:15PM-12:30PM ET",2026-09-18T16:30:00Z,2026-09-18T16:15:00Z,111.39112530084074,Up,"[""1"", ""0""]",0.999,2363.567194,,0.4945,0.001,resolved,0xf6b72f680f2f7544f6344684c9b709e7bc2952416f28aaddf017b55dafae6c7b,https://data.chain.link/streams/sol-usd-twap-60s-streams,111.67904811286114,2026-09-18 16:30:57+00
xrp-updown-15m-1789748100,XRP,"XRP Up or Down - September 18, 12:15PM-12:30PM ET",2026-09-18T16:30:00Z,2026-09-18T16:15:00Z,1.3808776345193106,Up,"[""1"", ""0""]",0.99,791.4660160000001,,0.4945,0.001,resolved,0xf2466a28262f094f2a7f8db5097b8946ec6cc47f786c593832f9a006b1829ba3,https://data.chain.link/streams/xrp-usd-twap-60s-streams,1.3836763490441109,2026-09-18 16:30:57+00
zec-updown-15m-1789748100,ZEC,"ZCash Up or Down - September 18, 12:15PM-12:30PM ET",2026-09-18T16:30:00Z,2026-09-18T16:15:00Z,1476.2038518146435,Down,"[""0"", ""1""]",,31.67,,-0.4995,0.001,resolved,0xa89a9f4265eaeb08af31ce34c4c94dc70c772e35eca1c7960a91ba93737e88f8,https://data.chain.link/streams/zec-usd-twap-60s-streams,1472.6630756353775,2026-09-18 16:30:57+00
bnb-updown-15m-1789749000,BNB,"BNB Up or Down - September 18, 12:30PM-12:45PM ET",2026-09-18T16:45:00Z,2026-09-18T16:30:00Z,759.2204059205723,Up,"[""1"", ""0""]",0.98,924.847754,,0.49,0.01,resolved,0xb06385ebdfd50e9d2aa8da91bcf81afb1f3b3817d794db556677cf5bebddf067,https://data.chain.link/streams/bnb-usd-twap-60s-streams,759.9281408900674,2026-09-18 16:46:28+00
btc-updown-15m-1789749000,BTC,"Bitcoin Up or Down - September 18, 12:30PM-12:45PM ET",2026-09-18T16:45:00Z,2026-09-18T16:30:00Z,80991.64674170871,Down,"[""0"", ""1""]",0.03,41534.22257499999,,-0.5,0.01,resolved,0x30ca59f940043249a5e49054ee9c8cfb1c7462e55dbf0b254957b3055169a02a,https://data.chain.link/streams/btc-usd-twap-60s-streams,80954.49394354531,2026-09-18 16:46:28+00
doge-updown-15m-1789749000,DOGE,"Dogecoin Up or Down - September 18, 12:30PM-12:45PM ET",2026-09-18T16:45:00Z,2026-09-18T16:30:00Z,0.08779405303053747,Up,"[""1"", ""0""]",0.94,802.6461979999999,,0.495,0.01,resolved,0xb996c17775061abf87939bc2516c7ceca654b7f341f45640e9c4712c4b695c82,https://data.chain.link/streams/doge-usd-twap-60s-streams,0.08788599373520245,2026-09-18 16:46:28+00
eth-updown-15m-1789749000,ETH,"Ethereum Up or Down - September 18, 12:30PM-12:45PM ET",2026-09-18T16:45:00Z,2026-09-18T16:30:00Z,2597.460417254689,Up,"[""1"", ""0""]",0.999,7170.7008000000005,,0.4945,0.001,resolved,0x9e2417430021224535314df8b86fed5da67919b6ec0058995644d056a82fcd29,https://data.chain.link/streams/eth-usd-twap-60s-streams,2600.7415629210095,2026-09-18 16:46:28+00
hype-updown-15m-1789749000,HYPE,"Hyperliquid Up or Down - September 18, 12:30PM-12:45PM ET",2026-09-18T16:45:00Z,2026-09-18T16:30:00Z,91.35017249676697,Up,"[""1"", ""0""]",0.999,471.67246800000004,,0.4945,0.001,resolved,0xe2c45222dfaab54305e72a28b673cbc55208f9bf9a8a4199ab6559ba780527c0,https://data.chain.link/streams/hype-usd-twap-60s-streams,91.72236114389752,2026-09-18 16:46:28+00
sol-updown-15m-1789749000,SOL,"Solana Up or Down - September 18, 12:30PM-12:45PM ET",2026-09-18T16:45:00Z,2026-09-18T16:30:00Z,111.67904811286114,Up,"[""1"", ""0""]",0.99,1494.7219000000002,,0.49,0.01,resolved,0xa148b5cf7654025c2a5bde754114bf5ec587e86fc0c70f68826fdd2c4309ccd7,https://data.chain.link/streams/sol-usd-twap-60s-streams,111.92654102573127,2026-09-18 16:46:28+00
xrp-updown-15m-1789749000,XRP,"XRP Up or Down - September 18, 12:30PM-12:45PM ET",2026-09-18T16:45:00Z,2026-09-18T16:30:00Z,1.3836763490441109,Up,"[""1"", ""0""]",0.99,1976.0063239999997,,0.49,0.01,resolved,0x2353574cbc05815a95a4922fd8e22c1296e6e111d7bb0b9973fc850d01ff4065,https://data.chain.link/streams/xrp-usd-twap-60s-streams,1.3843381558342138,2026-09-18 16:46:27+00
zec-updown-15m-1789749000,ZEC,"ZCash Up or Down - September 18, 12:30PM-12:45PM ET",2026-09-18T16:45:00Z,2026-09-18T16:30:00Z,1472.6630756353775,Down,"[""0"", ""1""]",0.53,43.507009000000004,,-0.495,0.01,resolved,0x724396d2e56bed33e79e820b9d0deaa8907bc189dcc38132cf7c33dc73a412de,https://data.chain.link/streams/zec-usd-twap-60s-streams,1463.4408970109366,2026-09-18 16:46:28+00
bnb-updown-15m-1789749900,BNB,"BNB Up or Down - September 18, 12:45PM-1:00PM ET",2026-09-18T17:00:00Z,2026-09-18T16:45:00Z,759.9281408900674,Down,"[""0"", ""1""]",0.1,291.96141399999993,,-0.5045,0.001,resolved,0xac0b510cfacd9f272abeec98d48d4cb7a8fd17b7f1c8620c7c268b52567dc5a0,https://data.chain.link/streams/bnb-usd-twap-60s-streams,758.3602294786454,2026-09-18 17:00:55+00
btc-updown-15m-1789749900,BTC,"Bitcoin Up or Down - September 18, 12:45PM-1:00PM ET",2026-09-18T17:00:00Z,2026-09-18T16:45:00Z,80954.49394354531,Down,"[""0"", ""1""]",0.03,22068.77030300001,,-0.5,0.01,resolved,0x5e1551790d37c9ed3f734f979ff09ef61e489b8e9a0557bdc1ff3f466439b95f,https://data.chain.link/streams/btc-usd-twap-60s-streams,80821.44641434425,2026-09-18 17:00:55+00
doge-updown-15m-1789749900,DOGE,"Dogecoin Up or Down - September 18, 12:45PM-1:00PM ET",2026-09-18T17:00:00Z,2026-09-18T16:45:00Z,0.08788599373520245,Down,"[""0"", ""1""]",0.25,402.224414,,-0.495,0.01,resolved,0x9b1b47845a662fb75bee1f3f2d466379d9dfa6809e6886201458ded5be5757cb,https://data.chain.link/streams/doge-usd-twap-60s-streams,0.08772048136317065,2026-09-18 17:00:54+00
eth-updown-15m-1789749900,ETH,"Ethereum Up or Down - September 18, 12:45PM-1:00PM ET",2026-09-18T17:00:00Z,2026-09-18T16:45:00Z,2600.7415629210095,Down,"[""0"", ""1""]",0.28,6056.385341999998,,-0.5045,0.001,resolved,0x7a1d4c77d48ee32f37631e4c32d6110e5249525b4b43b0a26841a3214f556004,https://data.chain.link/streams/eth-usd-twap-60s-streams,2596.1285059566517,2026-09-18 17:00:55+00
hype-updown-15m-1789749900,HYPE,"Hyperliquid Up or Down - September 18, 12:45PM-1:00PM ET",2026-09-18T17:00:00Z,2026-09-18T16:45:00Z,91.72236114389752,Down,"[""0"", ""1""]",0.09,106.86188899999999,,-0.4995,0.001,resolved,0x0664cc16f47638c3f45316c35b5b741531b1283de9eafaa62bcaee99bcdfb24d,https://data.chain.link/streams/hype-usd-twap-60s-streams,90.83255873493786,2026-09-18 17:00:55+00
sol-updown-15m-1789749900,SOL,"Solana Up or Down - September 18, 12:45PM-1:00PM ET",2026-09-18T17:00:00Z,2026-09-18T16:45:00Z,111.92654102573127,Down,"[""0"", ""1""]",0.06,524.0257189999999,,-0.5045,0.001,resolved,0x0f7a1ec7eaafe91ba68ae4ee181752d7abe0e8ab3770f8e443d12bce1173d650,https://data.chain.link/streams/sol-usd-twap-60s-streams,111.65186830977339,2026-09-18 17:00:55+00
xrp-updown-15m-1789749900,XRP,"XRP Up or Down - September 18, 12:45PM-1:00PM ET",2026-09-18T17:00:00Z,2026-09-18T16:45:00Z,1.3843381558342138,Down,"[""0"", ""1""]",0.1,407.8218510000001,,-0.4995,0.001,resolved,0x3480f6d654e6066fed4750528c90234851a0ac199db499a6374d9955b0acd0ce,https://data.chain.link/streams/xrp-usd-twap-60s-streams,1.3803359596510074,2026-09-18 17:00:55+00
zec-updown-15m-1789749900,ZEC,"ZCash Up or Down - September 18, 12:45PM-1:00PM ET",2026-09-18T17:00:00Z,2026-09-18T16:45:00Z,1463.4408970109366,Down,"[""0"", ""1""]",,65.32991200000001,,-0.4945,0.009,resolved,0xa7a387b13e30fe95fd823b4ef36816ca33e2b90478cbeba75ee4564a110ca287,https://data.chain.link/streams/zec-usd-twap-60s-streams,1445.2187957943304,2026-09-18 17:00:55+00
bnb-updown-15m-1789750800,BNB,"BNB Up or Down - September 18, 1:00PM-1:15PM ET",2026-09-18T17:15:00Z,2026-09-18T17:00:00Z,758.3602294786454,Down,"[""0"", ""1""]",0.05,316.197337,,-0.5045,0.001,resolved,0xfcc1680eccf52ce90f10ba31d30647ddb1631c4ddada9903ce78be9135c29636,https://data.chain.link/streams/bnb-usd-twap-60s-streams,757.752403696537,2026-09-18 17:16:28+00
btc-updown-15m-1789750800,BTC,"Bitcoin Up or Down - September 18, 1:00PM-1:15PM ET",2026-09-18T17:15:00Z,2026-09-18T17:00:00Z,80821.44641434425,Up,"[""1"", ""0""]",0.99,31267.26034900002,4122.841763,0.49,0.01,resolved,0x8da5a1d276c9427a6603967b413de9a90b0c48959afed4eebfd5b4a38fc19fbf,https://data.chain.link/streams/btc-usd-twap-60s-streams,80848.27521965618,2026-09-18 17:16:27+00
doge-updown-15m-1789750800,DOGE,"Dogecoin Up or Down - September 18, 1:00PM-1:15PM ET",2026-09-18T17:15:00Z,2026-09-18T17:00:00Z,0.08772048136317065,Down,"[""0"", ""1""]",0.01,580.000594,1.960785,-0.4995,0.001,resolved,0x497eabdd6711b242e5c81a2ff9bda09a31c6fcd826c05f578f28090e63d03a7b,https://data.chain.link/streams/doge-usd-twap-60s-streams,0.08754232586024528,2026-09-18 17:16:27+00
eth-updown-15m-1789750800,ETH,"Ethereum Up or Down - September 18, 1:00PM-1:15PM ET",2026-09-18T17:15:00Z,2026-09-18T17:00:00Z,2596.1285059566517,Down,"[""0"", ""1""]",0.01,4637.727496000001,59.287707,-0.5045,0.001,resolved,0x2e7680b985d6b71448f523fa8515fb61766411d59ad9547fe79898c9381b1263,https://data.chain.link/streams/eth-usd-twap-60s-streams,2594.435840232363,2026-09-18 17:16:27+00
hype-updown-15m-1789750800,HYPE,"Hyperliquid Up or Down - September 18, 1:00PM-1:15PM ET",2026-09-18T17:15:00Z,2026-09-18T17:00:00Z,90.83255873493786,Up,"[""1"", ""0""]",0.999,437.988894,,0.4945,0.001,resolved,0xe6c51eab1bd7405087a30c080f9861a54704590a6b4f3cce705a0574ab5e144c,https://data.chain.link/streams/hype-usd-twap-60s-streams,91.04593886174081,2026-09-18 17:16:28+00
sol-updown-15m-1789750800,SOL,"Solana Up or Down - September 18, 1:00PM-1:15PM ET",2026-09-18T17:15:00Z,2026-09-18T17:00:00Z,111.65186830977339,Up,"[""1"", ""0""]",0.99,2722.829416,1.960785,0.49,0.01,resolved,0xa756c4e02b546c269e17b739ac1d8e75e24acb59562421d36a96b7aa5f700b4a,https://data.chain.link/streams/sol-usd-twap-60s-streams,111.80346534624336,2026-09-18 17:16:27+00
xrp-updown-15m-1789750800,XRP,"XRP Up or Down - September 18, 1:00PM-1:15PM ET",2026-09-18T17:15:00Z,2026-09-18T17:00:00Z,1.3803359596510074,Up,"[""1"", ""0""]",0.999,3316.0646939999997,29.411766,0.4945,0.001,resolved,0xa9464e068ee6671ff95c1c5e77404e4001028266c2bc13a629de40ef7b6592f6,https://data.chain.link/streams/xrp-usd-twap-60s-streams,1.3814095171248837,2026-09-18 17:16:27+00
zec-updown-15m-1789750800,ZEC,"ZCash Up or Down - September 18, 1:00PM-1:15PM ET",2026-09-18T17:15:00Z,2026-09-18T17:00:00Z,1445.2187957943304,Up,"[""1"", ""0""]",0.75,,,0.495,0.01,resolved,0xc9cacd883750ea1f21d295c54a9e9657d223c2d30f9a6827932223c2cb84e6b8,https://data.chain.link/streams/zec-usd-twap-60s-streams,1450.186367379596,2026-09-18 17:16:27+00
bnb-updown-15m-1789751700,BNB,"BNB Up or Down - September 18, 1:15PM-1:30PM ET",2026-09-18T17:30:00Z,2026-09-18T17:15:00Z,757.752403696537,Up,"[""1"", ""0""]",0.99,697.695897,,0.49,0.01,resolved,0xf1eef9e3926b1d959acea9eb6f1fc201a9ff868c7cb10074c87d0d6341162d37,https://data.chain.link/streams/bnb-usd-twap-60s-streams,757.9927631004384,2026-09-18 17:30:54+00
btc-updown-15m-1789751700,BTC,"Bitcoin Up or Down - September 18, 1:15PM-1:30PM ET",2026-09-18T17:30:00Z,2026-09-18T17:15:00Z,80848.27521965618,Down,"[""0"", ""1""]",0.001,20952.48647699999,5,-0.5045,0.001,resolved,0xa86a76f030d5d919a6b41c8be5f33159ba0574d8d04d930548de2b3fe4c95947,https://data.chain.link/streams/btc-usd-twap-60s-streams,80718.87320631232,2026-09-18 17:30:54+00
doge-updown-15m-1789751700,DOGE,"Dogecoin Up or Down - September 18, 1:15PM-1:30PM ET",2026-09-18T17:30:00Z,2026-09-18T17:15:00Z,0.08754232586024528,Down,"[""0"", ""1""]",0.17,987.0176410000001,,-0.4995,0.001,resolved,0x96badafb9f4fffb78347a198a119cba34a34ac28ca510994e11b85cc326a5bb3,https://data.chain.link/streams/doge-usd-twap-60s-streams,0.0874543117093662,2026-09-18 17:30:54+00
eth-updown-15m-1789751700,ETH,"Ethereum Up or Down - September 18, 1:15PM-1:30PM ET",2026-09-18T17:30:00Z,2026-09-18T17:15:00Z,2594.435840232363,Down,"[""0"", ""1""]",0.01,5384.272135000002,,-0.5045,0.001,resolved,0xa294f28b412d5ce046d77d8e75b55c2d9fbb3bde3348b5461a2916740e721dbc,https://data.chain.link/streams/eth-usd-twap-60s-streams,2591.182561143713,2026-09-18 17:30:54+00
hype-updown-15m-1789751700,HYPE,"Hyperliquid Up or Down - September 18, 1:15PM-1:30PM ET",2026-09-18T17:30:00Z,2026-09-18T17:15:00Z,91.04593886174081,Down,"[""0"", ""1""]",0.09,826.387196,,-0.5045,0.001,resolved,0x1a0c9ce3c4ca92209d025e7527ad61d21b4a64878266daf4fb3f7c0514fc77b3,https://data.chain.link/streams/hype-usd-twap-60s-streams,91.01095408185883,2026-09-18 17:30:54+00
sol-updown-15m-1789751700,SOL,"Solana Up or Down - September 18, 1:15PM-1:30PM ET",2026-09-18T17:30:00Z,2026-09-18T17:15:00Z,111.80346534624336,Up,"[""1"", ""0""]",0.99,2865.2699960000014,,0.4945,0.001,resolved,0x6ae2c5ab4bc867547f9267b6c31ad3e117f7e3f7422003dbae3db17bd4910da1,https://data.chain.link/streams/sol-usd-twap-60s-streams,112.18755980836463,2026-09-18 17:30:54+00
xrp-updown-15m-1789751700,XRP,"XRP Up or Down - September 18, 1:15PM-1:30PM ET",2026-09-18T17:30:00Z,2026-09-18T17:15:00Z,1.3814095171248837,Up,"[""1"", ""0""]",0.99,1022.7276469999999,,0.4945,0.001,resolved,0xe7802e388bd8e66346d96cf429d0d6c23cea040704e487982a4cbcc7846b882a,https://data.chain.link/streams/xrp-usd-twap-60s-streams,1.384153635041201,2026-09-18 17:30:54+00
zec-updown-15m-1789751700,ZEC,"ZCash Up or Down - September 18, 1:15PM-1:30PM ET",2026-09-18T17:30:00Z,2026-09-18T17:15:00Z,1450.186367379596,Down,"[""0"", ""1""]",,,,-0.495,0.01,resolved,0xf1b33c860c7165a41de531e385e0f39dd04eb83b87dcbfd959287be9fefdff20,https://data.chain.link/streams/zec-usd-twap-60s-streams,1442.1691173792146,2026-09-18 17:30:54+00
bnb-updown-15m-1789752600,BNB,"BNB Up or Down - September 18, 1:30PM-1:45PM ET",2026-09-18T17:45:00Z,2026-09-18T17:30:00Z,757.9927631004384,Up,"[""1"", ""0""]",0.99,1615.8648099999998,,0.49,0.01,resolved,0x62074bf3a308e1d594e2758026a02c8aece17111756a1558fde68bb258b1fbbc,https://data.chain.link/streams/bnb-usd-twap-60s-streams,758.6992912031518,2026-09-18 17:46:27+00
btc-updown-15m-1789752600,BTC,"Bitcoin Up or Down - September 18, 1:30PM-1:45PM ET",2026-09-18T17:45:00Z,2026-09-18T17:30:00Z,80718.87320631232,Up,"[""1"", ""0""]",0.99,36663.11933999999,,0.49,0.01,resolved,0x9468ce6f08dc3501a53bb9bc584e91fae703d65f2f94ae8cc7cf03fbfd0fe52f,https://data.chain.link/streams/btc-usd-twap-60s-streams,80732.41409223221,2026-09-18 17:46:27+00
doge-updown-15m-1789752600,DOGE,"Dogecoin Up or Down - September 18, 1:30PM-1:45PM ET",2026-09-18T17:45:00Z,2026-09-18T17:30:00Z,0.0874543117093662,Up,"[""1"", ""0""]",0.99,1058.564912,,0.495,0.01,resolved,0x01a9861e9c3c88c4edfa1026922859dd8a38db1d5a3fa6f5f72a4085eddf00d0,https://data.chain.link/streams/doge-usd-twap-60s-streams,0.08753361020162059,2026-09-18 17:46:27+00
eth-updown-15m-1789752600,ETH,"Ethereum Up or Down - September 18, 1:30PM-1:45PM ET",2026-09-18T17:45:00Z,2026-09-18T17:30:00Z,2591.182561143713,Up,"[""1"", ""0""]",0.99,7109.538525,,0.49,0.01,resolved,0x99b65c00b68d9adee871070bf361c4da5f041579cd636e38e08e27498bd6d17f,https://data.chain.link/streams/eth-usd-twap-60s-streams,2592.853146654854,2026-09-18 17:46:27+00
hype-updown-15m-1789752600,HYPE,"Hyperliquid Up or Down - September 18, 1:30PM-1:45PM ET",2026-09-18T17:45:00Z,2026-09-18T17:30:00Z,91.01095408185883,Down,"[""0"", ""1""]",0.23,448.04923799999995,,-0.5,0.01,resolved,0x8d6ca8a8eed8f453c561644ee55a6aa9bb35f027641efde597beef276a5ec0f7,https://data.chain.link/streams/hype-usd-twap-60s-streams,90.93244123565259,2026-09-18 17:46:27+00
sol-updown-15m-1789752600,SOL,"Solana Up or Down - September 18, 1:30PM-1:45PM ET",2026-09-18T17:45:00Z,2026-09-18T17:30:00Z,112.18755980836463,Up,"[""1"", ""0""]",0.99,2468.5464799999995,,0.49,0.01,resolved,0x66b1052dbaa5d8b3c8576d883029317461feab4d6b74d3b17cca0dfbe805c47f,https://data.chain.link/streams/sol-usd-twap-60s-streams,112.50682164497208,2026-09-18 17:46:27+00
xrp-updown-15m-1789752600,XRP,"XRP Up or Down - September 18, 1:30PM-1:45PM ET",2026-09-18T17:45:00Z,2026-09-18T17:30:00Z,1.384153635041201,Up,"[""1"", ""0""]",0.99,872.006347,,0.49,0.01,resolved,0x7d831bd6eb3383c27caf02d838aa2c55fd2b7b8e940b83398147628d74459b15,https://data.chain.link/streams/xrp-usd-twap-60s-streams,1.385243847592433,2026-09-18 17:46:27+00
zec-updown-15m-1789752600,ZEC,"ZCash Up or Down - September 18, 1:30PM-1:45PM ET",2026-09-18T17:45:00Z,2026-09-18T17:30:00Z,1442.1691173792146,Up,"[""1"", ""0""]",0.88,12.440556,,0.495,0.01,resolved,0x2ee29f5da1a66b2f77c78f05bceb1e762e364c6d5729b2d8823b72f03f2b94f0,https://data.chain.link/streams/zec-usd-twap-60s-streams,1451.4310050568256,2026-09-18 17:46:27+00
bnb-updown-15m-1789753500,BNB,"BNB Up or Down - September 18, 1:45PM-2:00PM ET",2026-09-18T18:00:00Z,2026-09-18T17:45:00Z,758.6992912031518,Up,"[""1"", ""0""]",0.999,366.956149,,0.4945,0.001,resolved,0x3b52e7fbe13c004873c2576611689da3ee54ebcf50caa87d627955f5119b356f,https://data.chain.link/streams/bnb-usd-twap-60s-streams,761.3062246764088,2026-09-18 18:01:27+00
btc-updown-15m-1789753500,BTC,"Bitcoin Up or Down - September 18, 1:45PM-2:00PM ET",2026-09-18T18:00:00Z,2026-09-18T17:45:00Z,80732.41409223221,Up,"[""1"", ""0""]",0.99,15676.271044000001,3.745097,0.4945,0.001,resolved,0x9e2dd1d028854cea5676b1dd5a5ea49239b93ba64899ae3c7775c5b5b2355f7b,https://data.chain.link/streams/btc-usd-twap-60s-streams,80974.85259839312,2026-09-18 18:01:27+00
doge-updown-15m-1789753500,DOGE,"Dogecoin Up or Down - September 18, 1:45PM-2:00PM ET",2026-09-18T18:00:00Z,2026-09-18T17:45:00Z,0.08753361020162059,Up,"[""1"", ""0""]",0.99,1851.7910610000001,,0.495,0.01,resolved,0x15883663571d96f22e90908537c03fffcf3c4b3084c91013d5f18e4eaef79312,https://data.chain.link/streams/doge-usd-twap-60s-streams,0.08758435245853388,2026-09-18 18:01:27+00
eth-updown-15m-1789753500,ETH,"Ethereum Up or Down - September 18, 1:45PM-2:00PM ET",2026-09-18T18:00:00Z,2026-09-18T17:45:00Z,2592.853146654854,Up,"[""1"", ""0""]",0.999,4406.713522999999,,0.4945,0.001,resolved,0x12c3c817c71943f229748f7a6d2c2532d529172150367f5df3541ddaac70a21d,https://data.chain.link/streams/eth-usd-twap-60s-streams,2607.039613170695,2026-09-18 18:01:27+00
hype-updown-15m-1789753500,HYPE,"Hyperliquid Up or Down - September 18, 1:45PM-2:00PM ET",2026-09-18T18:00:00Z,2026-09-18T17:45:00Z,90.93244123565259,Up,"[""1"", ""0""]",0.999,297.20748199999997,,0.4945,0.001,resolved,0xa1fa1da9200ebb7a5fb9aa48d769514f24b03a9ee9b997379468fd20cae891cb,https://data.chain.link/streams/hype-usd-twap-60s-streams,91.28048699099392,2026-09-18 18:01:27+00
sol-updown-15m-1789753500,SOL,"Solana Up or Down - September 18, 1:45PM-2:00PM ET",2026-09-18T18:00:00Z,2026-09-18T17:45:00Z,112.50682164497208,Up,"[""1"", ""0""]",0.999,2274.9841830000005,,0.4945,0.001,resolved,0x678cf7b87c4c5786404794a67871ce5715949415dbb037ca39f1509167bac699,https://data.chain.link/streams/sol-usd-twap-60s-streams,112.5837516650509,2026-09-18 18:01:27+00
xrp-updown-15m-1789753500,XRP,"XRP Up or Down - September 18, 1:45PM-2:00PM ET",2026-09-18T18:00:00Z,2026-09-18T17:45:00Z,1.385243847592433,Up,"[""1"", ""0""]",0.99,898.356293,,0.4945,0.001,resolved,0x541babb77e4daa0027b00664f6d7642a5a255dff64c4be0a4d5b101a977bb769,https://data.chain.link/streams/xrp-usd-twap-60s-streams,1.3907655771820002,2026-09-18 18:01:28+00
zec-updown-15m-1789753500,ZEC,"ZCash Up or Down - September 18, 1:45PM-2:00PM ET",2026-09-18T18:00:00Z,2026-09-18T17:45:00Z,1451.4310050568256,Up,"[""1"", ""0""]",0.86,6.213721,,0.495,0.01,resolved,0x743ffe1a9c5d4947a98dbbbd60f031c1c287c319007e5bd9e05def3e5d24b70d,https://data.chain.link/streams/zec-usd-twap-60s-streams,1452.1217065788496,2026-09-18 18:01:27+00
bnb-updown-15m-1789754400,BNB,"BNB Up or Down - September 18, 2:00PM-2:15PM ET",2026-09-18T18:15:00Z,2026-09-18T18:00:00Z,761.3062246764088,Up,"[""1"", ""0""]",0.99,805.9071950000002,,0.49,0.01,resolved,0xa3e9450627b6b52fd289e2cf15da3fc10db1582c51184aaa27760c596da785f7,https://data.chain.link/streams/bnb-usd-twap-60s-streams,761.6404004929752,2026-09-18 18:15:55+00
btc-updown-15m-1789754400,BTC,"Bitcoin Up or Down - September 18, 2:00PM-2:15PM ET",2026-09-18T18:15:00Z,2026-09-18T18:00:00Z,80974.85259839312,Down,"[""0"", ""1""]",0.04,15458.729425999996,3990.692353,-0.5045,0.001,resolved,0xf5ee533a85332d8ed272db955c43863f8fd48f52359c72bace2bb155615d51ef,https://data.chain.link/streams/btc-usd-twap-60s-streams,80828.6021702869,2026-09-18 18:15:55+00
doge-updown-15m-1789754400,DOGE,"Dogecoin Up or Down - September 18, 2:00PM-2:15PM ET",2026-09-18T18:15:00Z,2026-09-18T18:00:00Z,0.08758435245853388,Down,"[""0"", ""1""]",0.13,461.749135,,-0.4995,0.001,resolved,0xffa6eac288697c02e7587971d4cef9be1782c8bba7185ec216a4e7c903587d92,https://data.chain.link/streams/doge-usd-twap-60s-streams,0.08728391672925957,2026-09-18 18:15:55+00
eth-updown-15m-1789754400,ETH,"Ethereum Up or Down - September 18, 2:00PM-2:15PM ET",2026-09-18T18:15:00Z,2026-09-18T18:00:00Z,2607.039613170695,Down,"[""0"", ""1""]",0.01,4615.437255000001,29.509805,-0.5045,0.001,resolved,0xf214cdb795740ca138df8b16a3c88cb0df6c5451a9f5057032b31683b9d6ae2f,https://data.chain.link/streams/eth-usd-twap-60s-streams,2603.482743169488,2026-09-18 18:15:55+00
hype-updown-15m-1789754400,HYPE,"Hyperliquid Up or Down - September 18, 2:00PM-2:15PM ET",2026-09-18T18:15:00Z,2026-09-18T18:00:00Z,91.28048699099392,Up,"[""1"", ""0""]",0.69,544.3251769999999,,0.49,0.01,resolved,0xe9179b63c22ba9459939385f9b58e1925e3bbecff9dfddebb063a4a9c691a82a,https://data.chain.link/streams/hype-usd-twap-60s-streams,91.3688490528095,2026-09-18 18:15:55+00
sol-updown-15m-1789754400,SOL,"Solana Up or Down - September 18, 2:00PM-2:15PM ET",2026-09-18T18:15:00Z,2026-09-18T18:00:00Z,112.5837516650509,Down,"[""0"", ""1""]",0.03,788.4674019999999,11.764707,-0.5045,0.001,resolved,0xedc3c7ba2480c5f4c0891d16772d0c3d594296024040868ad8d721579cc22779,https://data.chain.link/streams/sol-usd-twap-60s-streams,112.2577318215498,2026-09-18 18:15:55+00
xrp-updown-15m-1789754400,XRP,"XRP Up or Down - September 18, 2:00PM-2:15PM ET",2026-09-18T18:15:00Z,2026-09-18T18:00:00Z,1.3907655771820002,Down,"[""0"", ""1""]",0.03,1245.4772810000002,11.764707,-0.5045,0.001,resolved,0x78e6c34d8356d4fbcbf77fe3559ef1c2a364832557c602ab0d574935aa06cba6,https://data.chain.link/streams/xrp-usd-twap-60s-streams,1.3894400576814159,2026-09-18 18:15:55+00
zec-updown-15m-1789754400,ZEC,"ZCash Up or Down - September 18, 2:00PM-2:15PM ET",2026-09-18T18:15:00Z,2026-09-18T18:00:00Z,1452.1217065788496,Up,"[""1"", ""0""]",0.99,37.562052,,0.495,0.01,resolved,0x8992c53e956740ef7487be383ed6da6c23c24463369f1cbf455ea0fbb9ad507e,https://data.chain.link/streams/zec-usd-twap-60s-streams,1454.3667704552477,2026-09-18 18:15:55+00
bnb-updown-15m-1789755300,BNB,"BNB Up or Down - September 18, 2:15PM-2:30PM ET",2026-09-18T18:30:00Z,2026-09-18T18:15:00Z,761.6404004929752,Up,"[""1"", ""0""]",0.99,865.532097,,0.49,0.01,resolved,0xa5264c45bcebc17c9ba8362906e0b06203e2cf4eb2a41aaa56c8d956894f05c3,https://data.chain.link/streams/bnb-usd-twap-60s-streams,761.9956338275634,2026-09-18 18:30:55+00
btc-updown-15m-1789755300,BTC,"Bitcoin Up or Down - September 18, 2:15PM-2:30PM ET",2026-09-18T18:30:00Z,2026-09-18T18:15:00Z,80828.6021702869,Up,"[""1"", ""0""]",0.99,22282.111320000004,,0.4945,0.001,resolved,0x8441d8daa8e64ce28cccb6ed7c899642a14da96287b089d40aa1c4128f57ed5c,https://data.chain.link/streams/btc-usd-twap-60s-streams,80943.65421635057,2026-09-18 18:30:55+00
doge-updown-15m-1789755300,DOGE,"Dogecoin Up or Down - September 18, 2:15PM-2:30PM ET",2026-09-18T18:30:00Z,2026-09-18T18:15:00Z,0.08728391672925957,Up,"[""1"", ""0""]",0.99,5508.134465,,0.495,0.01,resolved,0xc11fa2c3297eab99d1aba57ed726bc47801b6efed24fbf34d2ac5603ed6f939f,https://data.chain.link/streams/doge-usd-twap-60s-streams,0.08728955417463909,2026-09-18 18:30:54+00
eth-updown-15m-1789755300,ETH,"Ethereum Up or Down - September 18, 2:15PM-2:30PM ET",2026-09-18T18:30:00Z,2026-09-18T18:15:00Z,2603.482743169488,Up,"[""1"", ""0""]",0.999,3644.4958229999993,,0.4945,0.001,resolved,0x023a6e4aad2f5dfcf3165f3d8c0fd621d30b6b2016e076f813ced582f838271d,https://data.chain.link/streams/eth-usd-twap-60s-streams,2608.02615330973,2026-09-18 18:30:55+00
hype-updown-15m-1789755300,HYPE,"Hyperliquid Up or Down - September 18, 2:15PM-2:30PM ET",2026-09-18T18:30:00Z,2026-09-18T18:15:00Z,91.3688490528095,Down,"[""0"", ""1""]",0.2,391.36978600000003,,-0.5,0.01,resolved,0x4174f4b69d8e842888d17cace0ddaf621769ed3930d94086d68bab2302ed1a61,https://data.chain.link/streams/hype-usd-twap-60s-streams,91.35255838093452,2026-09-18 18:30:54+00
sol-updown-15m-1789755300,SOL,"Solana Up or Down - September 18, 2:15PM-2:30PM ET",2026-09-18T18:30:00Z,2026-09-18T18:15:00Z,112.2577318215498,Up,"[""1"", ""0""]",0.999,955.032568,,0.4945,0.001,resolved,0x90be7d834177b91959f8439910f944f2a9c717420f59be773aaecabb7381a7b7,https://data.chain.link/streams/sol-usd-twap-60s-streams,112.687571141424,2026-09-18 18:30:55+00
xrp-updown-15m-1789755300,XRP,"XRP Up or Down - September 18, 2:15PM-2:30PM ET",2026-09-18T18:30:00Z,2026-09-18T18:15:00Z,1.3894400576814159,Up,"[""1"", ""0""]",0.99,3038.432149,,0.49,0.01,resolved,0xe5b2d7f1a9ebf868dc914c6b272cd8c3db2ba7d933abacc466a806860ff338df,https://data.chain.link/streams/xrp-usd-twap-60s-streams,1.390220838758794,2026-09-18 18:30:55+00
zec-updown-15m-1789755300,ZEC,"ZCash Up or Down - September 18, 2:15PM-2:30PM ET",2026-09-18T18:30:00Z,2026-09-18T18:15:00Z,1454.3667704552477,Down,"[""0"", ""1""]",0.85,12.917646,,-0.495,0.01,resolved,0x71ab5b56a52edca449b452c75eb42c5c63f16e2149293cc5d7faedb3d2dd54ad,https://data.chain.link/streams/zec-usd-twap-60s-streams,1452.9710278229425,2026-09-18 18:30:54+00
bnb-updown-15m-1789756200,BNB,"BNB Up or Down - September 18, 2:30PM-2:45PM ET",2026-09-18T18:45:00Z,2026-09-18T18:30:00Z,761.9956338275634,Up,"[""1"", ""0""]",0.999,351.184969,5.882355,0.4945,0.001,resolved,0x9eac5d6f5769d50ca72e00b8d7bb97e6a46d538aaade72d36f99145af9acfc29,https://data.chain.link/streams/bnb-usd-twap-60s-streams,763.0723406315271,2026-09-18 18:45:54+00
btc-updown-15m-1789756200,BTC,"Bitcoin Up or Down - September 18, 2:30PM-2:45PM ET",2026-09-18T18:45:00Z,2026-09-18T18:30:00Z,80943.65421635057,Down,"[""0"", ""1""]",0.01,43111.09006399998,,-0.5,0.01,resolved,0x631da9c8245cf86f9439b86cdb588802fe9ea1f3b19f7382ee76d4a1d448b47b,https://data.chain.link/streams/btc-usd-twap-60s-streams,80930.30697099981,2026-09-18 18:45:54+00
doge-updown-15m-1789756200,DOGE,"Dogecoin Up or Down - September 18, 2:30PM-2:45PM ET",2026-09-18T18:45:00Z,2026-09-18T18:30:00Z,0.08728955417463909,Up,"[""1"", ""0""]",0.999,714.5433840000001,,0.495,0.01,resolved,0xf41b218bda50d2df745b71c1953bfe5777f5feacd828ec327b42f25fed308f15,https://data.chain.link/streams/doge-usd-twap-60s-streams,0.08740743614758138,2026-09-18 18:45:54+00
eth-updown-15m-1789756200,ETH,"Ethereum Up or Down - September 18, 2:30PM-2:45PM ET",2026-09-18T18:45:00Z,2026-09-18T18:30:00Z,2608.02615330973,Up,"[""1"", ""0""]",0.999,10183.681805,,0.4945,0.001,resolved,0x81af1be271964bae7f399e379e4ce514283a8860736ccd96edae8d77d7ef5240,https://data.chain.link/streams/eth-usd-twap-60s-streams,2610.178563770369,2026-09-18 18:45:54+00
hype-updown-15m-1789756200,HYPE,"Hyperliquid Up or Down - September 18, 2:30PM-2:45PM ET",2026-09-18T18:45:00Z,2026-09-18T18:30:00Z,91.35255838093452,Down,"[""0"", ""1""]",0.08,428.144859,,-0.5,0.01,resolved,0x92a3b9198b42a39b4462f624b640d6f3be3bfb47bab853c32fbb6e2d384b313d,https://data.chain.link/streams/hype-usd-twap-60s-streams,91.24862400287032,2026-09-18 18:45:52+00
sol-updown-15m-1789756200,SOL,"Solana Up or Down - September 18, 2:30PM-2:45PM ET",2026-09-18T18:45:00Z,2026-09-18T18:30:00Z,112.687571141424,Down,"[""0"", ""1""]",0.01,1661.3602050000004,,-0.5,0.01,resolved,0x8beaff8a0dec46af169ca6eac2fcf6c9335c332ed64db3908788841958342771,https://data.chain.link/streams/sol-usd-twap-60s-streams,112.40168291442643,2026-09-18 18:45:54+00
xrp-updown-15m-1789756200,XRP,"XRP Up or Down - September 18, 2:30PM-2:45PM ET",2026-09-18T18:45:00Z,2026-09-18T18:30:00Z,1.390220838758794,Down,"[""0"", ""1""]",0.01,1161.7067769999999,,-0.5,0.01,resolved,0x273d6d9f050bbcda136d78bf3943b066f12f459e0555ce70a542e4aeeac29f43,https://data.chain.link/streams/xrp-usd-twap-60s-streams,1.3885576183960886,2026-09-18 18:45:54+00
zec-updown-15m-1789756200,ZEC,"ZCash Up or Down - September 18, 2:30PM-2:45PM ET",2026-09-18T18:45:00Z,2026-09-18T18:30:00Z,1452.9710278229425,Down,"[""0"", ""1""]",0.33,,,-0.005,0.99,resolved,0x379a6a675a583c7eaa6df5b5a7ed1a27d2c30a68a32a240fd8dde1e1629545fc,https://data.chain.link/streams/zec-usd-twap-60s-streams,1452.3443998485802,2026-09-18 18:45:54+00
bnb-updown-15m-1789757100,BNB,"BNB Up or Down - September 18, 2:45PM-3:00PM ET",2026-09-18T19:00:00Z,2026-09-18T18:45:00Z,763.0723406315271,Up,"[""1"", ""0""]",0.99,548.1582559999999,,0.49,0.001,resolved,0x32cdf6bd090e745349ad0e713efb90d622768b7fa3906c04a004794580d39998,https://data.chain.link/streams/bnb-usd-twap-60s-streams,764.3161906414045,2026-09-18 19:00:54+00
btc-updown-15m-1789757100,BTC,"Bitcoin Up or Down - September 18, 2:45PM-3:00PM ET",2026-09-18T19:00:00Z,2026-09-18T18:45:00Z,80930.30697099981,Down,"[""0"", ""1""]",0.01,42542.953935000034,6.960785,0.06,0.01,resolved,0xb4fd4f25989694396cbb623fe16b672f3d8a82f82aa6b3c6ede65ebf5bab82bf,https://data.chain.link/streams/btc-usd-twap-60s-streams,80925.8092277975,2026-09-18 19:00:54+00
doge-updown-15m-1789757100,DOGE,"Dogecoin Up or Down - September 18, 2:45PM-3:00PM ET",2026-09-18T19:00:00Z,2026-09-18T18:45:00Z,0.08740743614758138,Down,"[""0"", ""1""]",0.001,610.483345,,-0.405,0.001,resolved,0x29415aee857cab8d0c2f52b33e7719c1de47f82e23d9943d9a2c4d6e84ea4e23,https://data.chain.link/streams/doge-usd-twap-60s-streams,0.08733981406064699,2026-09-18 19:00:54+00
eth-updown-15m-1789757100,ETH,"Ethereum Up or Down - September 18, 2:45PM-3:00PM ET",2026-09-18T19:00:00Z,2026-09-18T18:45:00Z,2610.178563770369,Up,"[""1"", ""0""]",0.99,5089.428200999999,,0.48,0.001,resolved,0x7e4216520f1dc269c3d47250039c00e7884c2053d43522806152671a4a325fcb,https://data.chain.link/streams/eth-usd-twap-60s-streams,2612.8562785451695,2026-09-18 19:00:54+00
hype-updown-15m-1789757100,HYPE,"Hyperliquid Up or Down - September 18, 2:45PM-3:00PM ET",2026-09-18T19:00:00Z,2026-09-18T18:45:00Z,91.24862400287032,Down,"[""0"", ""1""]",0.1,479.277911,,-0.5,0.001,resolved,0xc131d58efe052e374c033da7a65c89a1ca53f6ed626ee3a506ee8ec1a2509b4d,https://data.chain.link/streams/hype-usd-twap-60s-streams,90.89258238981638,2026-09-18 19:00:54+00
sol-updown-15m-1789757100,SOL,"Solana Up or Down - September 18, 2:45PM-3:00PM ET",2026-09-18T19:00:00Z,2026-09-18T18:45:00Z,112.40168291442643,Down,"[""0"", ""1""]",0.01,1357.0921560000002,,-0.5,0.001,resolved,0x59207956ca5898a05aaa5a9b9a8b9eca39a1964ac75132eae3ffdb69c4e63573,https://data.chain.link/streams/sol-usd-twap-60s-streams,112.10271528304557,2026-09-18 19:00:55+00
xrp-updown-15m-1789757100,XRP,"XRP Up or Down - September 18, 2:45PM-3:00PM ET",2026-09-18T19:00:00Z,2026-09-18T18:45:00Z,1.3885576183960886,Down,"[""0"", ""1""]",0.01,772.7535090000002,,-0.5,0.001,resolved,0xae263f01cf1cbdf9c8399045d19b77439ece7aa5c7f0854522bf146db57e788e,https://data.chain.link/streams/xrp-usd-twap-60s-streams,1.3860364067031437,2026-09-18 19:00:54+00
zec-updown-15m-1789757100,ZEC,"ZCash Up or Down - September 18, 2:45PM-3:00PM ET",2026-09-18T19:00:00Z,2026-09-18T18:45:00Z,1452.3443998485802,Up,"[""1"", ""0""]",,27.758889000000003,,0.395,0.01,resolved,0xe370b19b31a9c0346b3831282709e7edd5850f1f56433539ae3ed704a01ecc52,https://data.chain.link/streams/zec-usd-twap-60s-streams,1456.3669615689487,2026-09-18 19:00:55+00
bnb-updown-15m-1789758000,BNB,"BNB Up or Down - September 18, 3:00PM-3:15PM ET",2026-09-18T19:15:00Z,2026-09-18T19:00:00Z,764.3161906414045,Up,"[""1"", ""0""]",0.999,290.32392899999996,1.960785,0.4945,0.001,resolved,0xe07cf806d2440abe224adc551951591f43aa078b55bb57ee49dd7f90d5b2431d,https://data.chain.link/streams/bnb-usd-twap-60s-streams,766.9802269033755,2026-09-18 19:15:54+00
btc-updown-15m-1789758000,BTC,"Bitcoin Up or Down - September 18, 3:00PM-3:15PM ET",2026-09-18T19:15:00Z,2026-09-18T19:00:00Z,80925.8092277975,Up,"[""1"", ""0""]",0.999,18455.19971,4120,0.4945,0.001,resolved,0x0507cc2e9236716bdd29b4b6e871c7922f859e2ca68dab5c743dffeef5f6b7c2,https://data.chain.link/streams/btc-usd-twap-60s-streams,81148.03957889533,2026-09-18 19:15:54+00
doge-updown-15m-1789758000,DOGE,"Dogecoin Up or Down - September 18, 3:00PM-3:15PM ET",2026-09-18T19:15:00Z,2026-09-18T19:00:00Z,0.08733981406064699,Up,"[""1"", ""0""]",0.999,509.597034,,0.4995,0.001,resolved,0xc5778e031a7d58d0f7288668e4b311b70c7b88f8389a9aa8d5c476224b4a21f4,https://data.chain.link/streams/doge-usd-twap-60s-streams,0.08772768709687988,2026-09-18 19:15:54+00
eth-updown-15m-1789758000,ETH,"Ethereum Up or Down - September 18, 3:00PM-3:15PM ET",2026-09-18T19:15:00Z,2026-09-18T19:00:00Z,2612.8562785451695,Up,"[""1"", ""0""]",0.999,2907.5192879999986,,0.4945,0.001,resolved,0xc06158d47bb0d525da1a94b01963b90ed4108248341f7b7b100ba287503d4e70,https://data.chain.link/streams/eth-usd-twap-60s-streams,2624.6632510587287,2026-09-18 19:15:54+00
hype-updown-15m-1789758000,HYPE,"Hyperliquid Up or Down - September 18, 3:00PM-3:15PM ET",2026-09-18T19:15:00Z,2026-09-18T19:00:00Z,90.89258238981638,Up,"[""1"", ""0""]",0.999,302.777509,,0.4935,0.001,resolved,0x0215acbf1060f5609e31129260bc3d6427cb69cf1f284a9e8f22e9983810aef1,https://data.chain.link/streams/hype-usd-twap-60s-streams,91.57629313248451,2026-09-18 19:15:54+00
sol-updown-15m-1789758000,SOL,"Solana Up or Down - September 18, 3:00PM-3:15PM ET",2026-09-18T19:15:00Z,2026-09-18T19:00:00Z,112.10271528304557,Up,"[""1"", ""0""]",0.999,1492.1162660000005,,0.4945,0.001,resolved,0x1ba9307cc76a55bf13160b25223685a94f331f00ce1d39b11fde0de41c685fe5,https://data.chain.link/streams/sol-usd-twap-60s-streams,112.87065607712313,2026-09-18 19:15:54+00
xrp-updown-15m-1789758000,XRP,"XRP Up or Down - September 18, 3:00PM-3:15PM ET",2026-09-18T19:15:00Z,2026-09-18T19:00:00Z,1.3860364067031437,Up,"[""1"", ""0""]",0.999,780.4233879999999,,0.4945,0.001,resolved,0xb8a2193ef0f8e8feadd925762e9bf34a7b0a96b29c8ad0c0ba73cb2ad8be64f0,https://data.chain.link/streams/xrp-usd-twap-60s-streams,1.3974499851429072,2026-09-18 19:15:54+00
zec-updown-15m-1789758000,ZEC,"ZCash Up or Down - September 18, 3:00PM-3:15PM ET",2026-09-18T19:15:00Z,2026-09-18T19:00:00Z,1456.3669615689487,Up,"[""1"", ""0""]",0.99,17.240000000000002,,0.495,0.01,resolved,0xcfd96badc7830437b2975e2a29dfe2ced598e4d1509de1fa246709d535e70ee4,https://data.chain.link/streams/zec-usd-twap-60s-streams,1463.5080526884406,2026-09-18 19:15:54+00
bnb-updown-15m-1789758900,BNB,"BNB Up or Down - September 18, 3:15PM-3:30PM ET",2026-09-18T19:30:00Z,2026-09-18T19:15:00Z,766.9802269033755,Up,"[""1"", ""0""]",0.99,1382.2728730000001,,0.4945,0.001,resolved,0x76c7b458f6e0d36b43c842b9c6d612830597e487882411fc7b74d7f94ee6cdb7,https://data.chain.link/streams/bnb-usd-twap-60s-streams,767.4078416704095,2026-09-18 19:30:55+00
btc-updown-15m-1789758900,BTC,"Bitcoin Up or Down - September 18, 3:15PM-3:30PM ET",2026-09-18T19:30:00Z,2026-09-18T19:15:00Z,81148.03957889533,Up,"[""1"", ""0""]",0.999,52223.766310000006,1.960785,0.4945,0.001,resolved,0x4b1488bedfc716eb16a83b7c34436f1ae95809d9a3f3f4daf24365522b678a48,https://data.chain.link/streams/btc-usd-twap-60s-streams,81240.00795728191,2026-09-18 19:30:55+00
doge-updown-15m-1789758900,DOGE,"Dogecoin Up or Down - September 18, 3:15PM-3:30PM ET",2026-09-18T19:30:00Z,2026-09-18T19:15:00Z,0.08772768709687988,Up,"[""1"", ""0""]",0.999,1056.803378,,0.4995,0.001,resolved,0x6ea3ff26fce350c5096a35905fa2eaba3334f53f298e1696c049fa2da0431ad4,https://data.chain.link/streams/doge-usd-twap-60s-streams,0.08801318866399717,2026-09-18 19:30:55+00
eth-updown-15m-1789758900,ETH,"Ethereum Up or Down - September 18, 3:15PM-3:30PM ET",2026-09-18T19:30:00Z,2026-09-18T19:15:00Z,2624.6632510587287,Up,"[""1"", ""0""]",0.999,6910.2863069999985,,0.4945,0.001,resolved,0x647d04bdd6b57df0f203ca2dbbb8ebe0441ac9a184d68ef1afc6b45ef3a69c7a,https://data.chain.link/streams/eth-usd-twap-60s-streams,2636.102064761643,2026-09-18 19:30:55+00
hype-updown-15m-1789758900,HYPE,"Hyperliquid Up or Down - September 18, 3:15PM-3:30PM ET",2026-09-18T19:30:00Z,2026-09-18T19:15:00Z,91.57629313248451,Up,"[""1"", ""0""]",0.999,337.030792,,0.4945,0.001,resolved,0xe4dd0da9f46a9b84e1d0f3651fed814f811703493211fddc4eb304116bdadbac,https://data.chain.link/streams/hype-usd-twap-60s-streams,92.11523598111813,2026-09-18 19:30:55+00
sol-updown-15m-1789758900,SOL,"Solana Up or Down - September 18, 3:15PM-3:30PM ET",2026-09-18T19:30:00Z,2026-09-18T19:15:00Z,112.87065607712313,Up,"[""1"", ""0""]",0.999,1509.1262219999999,,0.4945,0.001,resolved,0xbd6ba5e48afa4691beb864af0fe023c007e108c32e6aa719cf1480a57499ffda,https://data.chain.link/streams/sol-usd-twap-60s-streams,113.94141635670042,2026-09-18 19:30:54+00
xrp-updown-15m-1789758900,XRP,"XRP Up or Down - September 18, 3:15PM-3:30PM ET",2026-09-18T19:30:00Z,2026-09-18T19:15:00Z,1.3974499851429072,Up,"[""1"", ""0""]",0.99,1630.6655770000002,,0.4945,0.001,resolved,0x1402f8cb7839a254ce8f2013808588be3b6c17e16a38898fb04e1bddd2162473,https://data.chain.link/streams/xrp-usd-twap-60s-streams,1.4011480873116813,2026-09-18 19:30:55+00
zec-updown-15m-1789758900,ZEC,"ZCash Up or Down - September 18, 3:15PM-3:30PM ET",2026-09-18T19:30:00Z,2026-09-18T19:15:00Z,1463.5080526884406,Up,"[""1"", ""0""]",0.999,44.9905,,0.4995,0.001,resolved,0x77b48999577ebaa481d115a67d4af46f31d1c1a12f22aa48667ca1c731c86654,https://data.chain.link/streams/zec-usd-twap-60s-streams,1477.4754769256933,2026-09-18 19:30:54+00
bnb-updown-15m-1789759800,BNB,"BNB Up or Down - September 18, 3:30PM-3:45PM ET",2026-09-18T19:45:00Z,2026-09-18T19:30:00Z,767.4078416704095,Down,"[""0"", ""1""]",0.41,602.028982,,-0.5,0.01,resolved,0x6e454ecf29de4b483ba9965e780489ba32b5f30bf0bdd290933eac70a63ec7f5,https://data.chain.link/streams/bnb-usd-twap-60s-streams,767.0788296821305,2026-09-18 19:45:54+00
btc-updown-15m-1789759800,BTC,"Bitcoin Up or Down - September 18, 3:30PM-3:45PM ET",2026-09-18T19:45:00Z,2026-09-18T19:30:00Z,81240.00795728191,Down,"[""0"", ""1""]",0.01,31794.194351999995,,-0.5,0.01,resolved,0x4379a6c1f6f7fe9faf010fe525a387f77dc3d52a4778fb12ff747f6d93fccc70,https://data.chain.link/streams/btc-usd-twap-60s-streams,81195.15360154648,2026-09-18 19:45:55+00
doge-updown-15m-1789759800,DOGE,"Dogecoin Up or Down - September 18, 3:30PM-3:45PM ET",2026-09-18T19:45:00Z,2026-09-18T19:30:00Z,0.08801318866399717,Down,"[""0"", ""1""]",0.11,498.9353500000001,,-0.495,0.01,resolved,0x3fa12eea9abe4a08101959bf1c091fa5f3387479d3820470874b2f45d925ea32,https://data.chain.link/streams/doge-usd-twap-60s-streams,0.08790749585740201,2026-09-18 19:45:54+00
eth-updown-15m-1789759800,ETH,"Ethereum Up or Down - September 18, 3:30PM-3:45PM ET",2026-09-18T19:45:00Z,2026-09-18T19:30:00Z,2636.102064761643,Up,"[""1"", ""0""]",0.99,6406.6426200000005,,0.495,0.01,resolved,0x40b9ea6cec4c55e9ea696b04c2283fb70b6a29fbe4e823ac772e64fe32e02c6e,https://data.chain.link/streams/eth-usd-twap-60s-streams,2638.7528674431173,2026-09-18 19:45:55+00
hype-updown-15m-1789759800,HYPE,"Hyperliquid Up or Down - September 18, 3:30PM-3:45PM ET",2026-09-18T19:45:00Z,2026-09-18T19:30:00Z,92.11523598111813,Down,"[""0"", ""1""]",0.14,311.128332,,-0.504,0.002,resolved,0x596ec8a0f2be370dac9bd2eba42a8fa37cea9887fac3579ed1f86410e34b2f2a,https://data.chain.link/streams/hype-usd-twap-60s-streams,91.94039291025075,2026-09-18 19:45:55+00
sol-updown-15m-1789759800,SOL,"Solana Up or Down - September 18, 3:30PM-3:45PM ET",2026-09-18T19:45:00Z,2026-09-18T19:30:00Z,113.94141635670042,Up,"[""1"", ""0""]",0.99,1829.5026040000002,,0.49,0.01,resolved,0x7675774c68d5e29de571e18ebeb76f1f92ceb1c9e2a87448188012f275faa00a,https://data.chain.link/streams/sol-usd-twap-60s-streams,114.016067717076,2026-09-18 19:45:54+00
xrp-updown-15m-1789759800,XRP,"XRP Up or Down - September 18, 3:30PM-3:45PM ET",2026-09-18T19:45:00Z,2026-09-18T19:30:00Z,1.4011480873116813,Up,"[""1"", ""0""]",0.998,1927.517597,,0.4945,0.001,resolved,0x4de59e70f08ee723949b9917415e5c9c1bdbec70421ed277c448065ae95d6a8d,https://data.chain.link/streams/xrp-usd-twap-60s-streams,1.4062848164738295,2026-09-18 19:45:55+00
zec-updown-15m-1789759800,ZEC,"ZCash Up or Down - September 18, 3:30PM-3:45PM ET",2026-09-18T19:45:00Z,2026-09-18T19:30:00Z,1477.4754769256933,Up,"[""1"", ""0""]",0.99,60.520114,,0.495,0.01,resolved,0x974c57044d0f6f86800c3adc0915e53209a23cffe7050c70b5a04a6b07f62088,https://data.chain.link/streams/zec-usd-twap-60s-streams,1485.1507772174155,2026-09-18 19:45:54+00
bnb-updown-15m-1789760700,BNB,"BNB Up or Down - September 18, 3:45PM-4:00PM ET",2026-09-18T20:00:00Z,2026-09-18T19:45:00Z,767.0788296821305,Down,"[""0"", ""1""]",0.2,626.788153,,-0.4995,0.001,resolved,0xee82de8a349744a96323e38bf00d54c2124ccda57681899785b95fd117ed6aa9,https://data.chain.link/streams/bnb-usd-twap-60s-streams,766.0631507105833,2026-09-18 20:00:55+00
btc-updown-15m-1789760700,BTC,"Bitcoin Up or Down - September 18, 3:45PM-4:00PM ET",2026-09-18T20:00:00Z,2026-09-18T19:45:00Z,81195.15360154648,Up,"[""1"", ""0""]",0.99,45994.89486599999,,-0.16,0.01,resolved,0x14727bc1ce7c38cfe84b6a63d4eeda5a99971a11cd8356b0b7e180c0cce9387c,https://data.chain.link/streams/btc-usd-twap-60s-streams,81203.99247214061,2026-09-18 20:00:54+00
doge-updown-15m-1789760700,DOGE,"Dogecoin Up or Down - September 18, 3:45PM-4:00PM ET",2026-09-18T20:00:00Z,2026-09-18T19:45:00Z,0.08790749585740201,Down,"[""0"", ""1""]",0.1,613.197823,,-0.405,0.01,resolved,0x8ccd0edbbb3dfbd50071a6f9207df984a99190294aa3f5621392d594b456c164,https://data.chain.link/streams/doge-usd-twap-60s-streams,0.08790634417661149,2026-09-18 20:00:55+00
eth-updown-15m-1789760700,ETH,"Ethereum Up or Down - September 18, 3:45PM-4:00PM ET",2026-09-18T20:00:00Z,2026-09-18T19:45:00Z,2638.7528674431173,Down,"[""0"", ""1""]",0.05,9051.000842,,-0.28,0.01,resolved,0x8df42190d24d0d092a6d40330121678a13839ba25671c8362e4e66b561e30a87,https://data.chain.link/streams/eth-usd-twap-60s-streams,2637.5761785564664,2026-09-18 20:00:55+00
hype-updown-15m-1789760700,HYPE,"Hyperliquid Up or Down - September 18, 3:45PM-4:00PM ET",2026-09-18T20:00:00Z,2026-09-18T19:45:00Z,91.94039291025075,Up,"[""1"", ""0""]",0.999,794.707204,,0.4945,0.001,resolved,0x75930626d84eab13e55aed494e960a72477fbea013063252ed7792056cc34478,https://data.chain.link/streams/hype-usd-twap-60s-streams,92.36668744664021,2026-09-18 20:00:55+00
sol-updown-15m-1789760700,SOL,"Solana Up or Down - September 18, 3:45PM-4:00PM ET",2026-09-18T20:00:00Z,2026-09-18T19:45:00Z,114.016067717076,Up,"[""1"", ""0""]",0.99,1988.4359380000003,,-0.33,0.01,resolved,0x3202a66975dd69fddaa54c88ea94b6e4b32048fa9a2c2eeac694bf94d7fd4543,https://data.chain.link/streams/sol-usd-twap-60s-streams,114.08619421232216,2026-09-18 20:00:55+00
xrp-updown-15m-1789760700,XRP,"XRP Up or Down - September 18, 3:45PM-4:00PM ET",2026-09-18T20:00:00Z,2026-09-18T19:45:00Z,1.4062848164738295,Up,"[""1"", ""0""]",0.999,922.115608,,0.07,0.001,resolved,0xd9ff62421e578c4403213483d3a4a71cd8b57ce23052d3fd06954b531a62efb4,https://data.chain.link/streams/xrp-usd-twap-60s-streams,1.4098212575535198,2026-09-18 20:00:55+00
zec-updown-15m-1789760700,ZEC,"ZCash Up or Down - September 18, 3:45PM-4:00PM ET",2026-09-18T20:00:00Z,2026-09-18T19:45:00Z,1485.1507772174155,Down,"[""0"", ""1""]",,16.786509,,-0.395,0.01,resolved,0x7880fee34609fe3569f585caf8f85da9b28f0dd48871bc180bab4c156bf849db,https://data.chain.link/streams/zec-usd-twap-60s-streams,1471.0699005900767,2026-09-18 20:00:55+00
bnb-updown-15m-1789761600,BNB,"BNB Up or Down - September 18, 4:00PM-4:15PM ET",2026-09-18T20:15:00Z,2026-09-18T20:00:00Z,766.0631507105833,Down,"[""0"", ""1""]",0.16,430.198073,,-0.5045,0.001,resolved,0x4155631610983f6b7eedaa527d07bd02829ca137be776255ed6d2a931cfbd2c6,https://data.chain.link/streams/bnb-usd-twap-60s-streams,764.4444804682987,2026-09-18 20:15:55+00
btc-updown-15m-1789761600,BTC,"Bitcoin Up or Down - September 18, 4:00PM-4:15PM ET",2026-09-18T20:15:00Z,2026-09-18T20:00:00Z,81203.99247214061,Down,"[""0"", ""1""]",0.001,44779.345806,3994.975097,-0.5045,0.001,resolved,0xf50193d46f84d3ea74c8e7af86e80eacfb62026db0e17168034dc239d58cbaa3,https://data.chain.link/streams/btc-usd-twap-60s-streams,81072.17889893155,2026-09-18 20:16:03+00
doge-updown-15m-1789761600,DOGE,"Dogecoin Up or Down - September 18, 4:00PM-4:15PM ET",2026-09-18T20:15:00Z,2026-09-18T20:00:00Z,0.08790634417661149,Down,"[""0"", ""1""]",0.16,163.66481399999998,,-0.4995,0.001,resolved,0x06bee0b1f266dcb9b26ff5ce65a76921aec5cd807b2d7243c43566dce036d9d7,https://data.chain.link/streams/doge-usd-twap-60s-streams,0.08785092188700945,2026-09-18 20:16:03+00
eth-updown-15m-1789761600,ETH,"Ethereum Up or Down - September 18, 4:00PM-4:15PM ET",2026-09-18T20:15:00Z,2026-09-18T20:00:00Z,2637.5761785564664,Down,"[""0"", ""1""]",0.05,4596.083581999999,149.942553,-0.5045,0.001,resolved,0xd6873752d6dec45e678c9a94c520c9191ecfa435acdb493043fad165034cbd3d,https://data.chain.link/streams/eth-usd-twap-60s-streams,2634.511330274631,2026-09-18 20:15:55+00
hype-updown-15m-1789761600,HYPE,"Hyperliquid Up or Down - September 18, 4:00PM-4:15PM ET",2026-09-18T20:15:00Z,2026-09-18T20:00:00Z,92.36668744664021,Down,"[""0"", ""1""]",0.12,348.664678,,-0.5,0.01,resolved,0x1bf27e251ed065946dfe3fd46ec0498509ad7532b7e9c8d506c1a468af413d1e,https://data.chain.link/streams/hype-usd-twap-60s-streams,92.10496098686613,2026-09-18 20:15:55+00
sol-updown-15m-1789761600,SOL,"Solana Up or Down - September 18, 4:00PM-4:15PM ET",2026-09-18T20:15:00Z,2026-09-18T20:00:00Z,114.08619421232216,Down,"[""0"", ""1""]",0.05,1094.067924,,-0.5045,0.001,resolved,0xffc4c65ea9dcbfc5a0e7d142fb4adf57fbe300b0e1b74576725acb706f463e0c,https://data.chain.link/streams/sol-usd-twap-60s-streams,113.89345995326119,2026-09-18 20:16:03+00
xrp-updown-15m-1789761600,XRP,"XRP Up or Down - September 18, 4:00PM-4:15PM ET",2026-09-18T20:15:00Z,2026-09-18T20:00:00Z,1.4098212575535198,Down,"[""0"", ""1""]",0.06,1637.3604899999998,,-0.5045,0.001,resolved,0x34e1d848426575a584cc4c12878ab1274b36e84d89511cd76a478abc76c28c61,https://data.chain.link/streams/xrp-usd-twap-60s-streams,1.4074112327714083,2026-09-18 20:15:54+00
zec-updown-15m-1789761600,ZEC,"ZCash Up or Down - September 18, 4:00PM-4:15PM ET",2026-09-18T20:15:00Z,2026-09-18T20:00:00Z,1471.0699005900767,Up,"[""1"", ""0""]",0.99,23.920499999999997,,0.4995,0.001,resolved,0x3844aafd806ec69ff05b578434cf6c67e80b7f1d745c1effefd5b6d275f1ea8c,https://data.chain.link/streams/zec-usd-twap-60s-streams,1480.5125037834723,2026-09-18 20:16:03+00
bnb-updown-15m-1789762500,BNB,"BNB Up or Down - September 18, 4:15PM-4:30PM ET",2026-09-18T20:30:00Z,2026-09-18T20:15:00Z,764.4444804682987,Down,"[""0"", ""1""]",0.1,292.789366,,-0.5045,0.001,resolved,0x0e85aee45cf2456feefb7d219eabc251cf6a016faccb9acf7f85cdc3afa9a440,https://data.chain.link/streams/bnb-usd-twap-60s-streams,763.5029214252381,2026-09-18 20:30:54+00
btc-updown-15m-1789762500,BTC,"Bitcoin Up or Down - September 18, 4:15PM-4:30PM ET",2026-09-18T20:30:00Z,2026-09-18T20:15:00Z,81072.17889893155,Down,"[""0"", ""1""]",0.01,28702.74537,,-0.5045,0.001,resolved,0xa05b81ad3a4cb78528131f5aed93b45634734d82e8556fb567cdd5a9ddbf65e2,https://data.chain.link/streams/btc-usd-twap-60s-streams,80997.23745483176,2026-09-18 20:30:54+00
doge-updown-15m-1789762500,DOGE,"Dogecoin Up or Down - September 18, 4:15PM-4:30PM ET",2026-09-18T20:30:00Z,2026-09-18T20:15:00Z,0.08785092188700945,Down,"[""0"", ""1""]",0.2,270.40729,,-0.4995,0.001,resolved,0x485bdf0b1fbe764c90a13fe834e59afaafaec2492c18a92948f0f9626e06c1fd,https://data.chain.link/streams/doge-usd-twap-60s-streams,0.08771196805137153,2026-09-18 20:31:03+00
eth-updown-15m-1789762500,ETH,"Ethereum Up or Down - September 18, 4:15PM-4:30PM ET",2026-09-18T20:30:00Z,2026-09-18T20:15:00Z,2634.511330274631,Down,"[""0"", ""1""]",0.05,3958.5067299999996,,-0.5045,0.001,resolved,0xf636e6669e15f316165e21401ebac0731c06c0eab8207854a7a679c84da0b3c3,https://data.chain.link/streams/eth-usd-twap-60s-streams,2628.0161312616365,2026-09-18 20:30:54+00
hype-updown-15m-1789762500,HYPE,"Hyperliquid Up or Down - September 18, 4:15PM-4:30PM ET",2026-09-18T20:30:00Z,2026-09-18T20:15:00Z,92.10496098686613,Down,"[""0"", ""1""]",0.39,416.154585,,-0.5,0.01,resolved,0x04d924f84c76f2a203f664f655231888073eddec86de680cead7e565880d1cf0,https://data.chain.link/streams/hype-usd-twap-60s-streams,92.00100038607705,2026-09-18 20:30:54+00
sol-updown-15m-1789762500,SOL,"Solana Up or Down - September 18, 4:15PM-4:30PM ET",2026-09-18T20:30:00Z,2026-09-18T20:15:00Z,113.89345995326119,Down,"[""0"", ""1""]",0.01,1887.0211439999998,,-0.5045,0.001,resolved,0xe20d6ef563fc7b4aede2a44208f04a1e4efceda0823f7c461392726f3fa38010,https://data.chain.link/streams/sol-usd-twap-60s-streams,113.49095027526914,2026-09-18 20:30:54+00
xrp-updown-15m-1789762500,XRP,"XRP Up or Down - September 18, 4:15PM-4:30PM ET",2026-09-18T20:30:00Z,2026-09-18T20:15:00Z,1.4074112327714083,Down,"[""0"", ""1""]",0.11,1059.397973,,-0.5045,0.001,resolved,0x17aa06071614509f489aee65dafafaf9f392e52436eba10500fa686dbf4233ef,https://data.chain.link/streams/xrp-usd-twap-60s-streams,1.4033310545824236,2026-09-18 20:30:54+00
zec-updown-15m-1789762500,ZEC,"ZCash Up or Down - September 18, 4:15PM-4:30PM ET",2026-09-18T20:30:00Z,2026-09-18T20:15:00Z,1480.5125037834723,Up,"[""1"", ""0""]",0.87,,,0.495,0.01,resolved,0xe9806685cd424bb5a85e73e31e79f0e858a674c3e7a0067af600161c6c50e1cc,https://data.chain.link/streams/zec-usd-twap-60s-streams,1482.6480663972122,2026-09-18 20:30:54+00
bnb-updown-15m-1789763400,BNB,"BNB Up or Down - September 18, 4:30PM-4:45PM ET",2026-09-18T20:45:00Z,2026-09-18T20:30:00Z,763.5029214252381,Up,"[""1"", ""0""]",0.99,450.08910000000003,,0.4945,0.001,resolved,0x278cd5156fdb2842d0edb2871a42985013ae97667a2255b17a1982ab2531a3f1,https://data.chain.link/streams/bnb-usd-twap-60s-streams,764.6903407833603,2026-09-18 20:45:54+00
btc-updown-15m-1789763400,BTC,"Bitcoin Up or Down - September 18, 4:30PM-4:45PM ET",2026-09-18T20:45:00Z,2026-09-18T20:30:00Z,80997.23745483176,Up,"[""1"", ""0""]",0.99,15484.300854000006,,0.49,0.01,resolved,0xbe0badfb40a676fac51d090c8257d079e0561b0947036cbfd9fe463f585d6331,https://data.chain.link/streams/btc-usd-twap-60s-streams,81134.69941315621,2026-09-18 20:45:54+00
doge-updown-15m-1789763400,DOGE,"Dogecoin Up or Down - September 18, 4:30PM-4:45PM ET",2026-09-18T20:45:00Z,2026-09-18T20:30:00Z,0.08771196805137153,Up,"[""1"", ""0""]",0.999,672.9577830000001,,0.4995,0.001,resolved,0x565a621fd18633943f45932aebc614f5cdf2dbd39f27ebf01b9be833070dcc4a,https://data.chain.link/streams/doge-usd-twap-60s-streams,0.08816874318078748,2026-09-18 20:45:54+00
eth-updown-15m-1789763400,ETH,"Ethereum Up or Down - September 18, 4:30PM-4:45PM ET",2026-09-18T20:45:00Z,2026-09-18T20:30:00Z,2628.0161312616365,Up,"[""1"", ""0""]",0.999,4019.100031,,0.4945,0.001,resolved,0x9237eb325ec9e1159c0d3fa42bd3ca956f2532e893f852a365a537f147b8ee7c,https://data.chain.link/streams/eth-usd-twap-60s-streams,2633.6832189706465,2026-09-18 20:45:54+00
hype-updown-15m-1789763400,HYPE,"Hyperliquid Up or Down - September 18, 4:30PM-4:45PM ET",2026-09-18T20:45:00Z,2026-09-18T20:30:00Z,92.00100038607705,Down,"[""0"", ""1""]",0.01,319.496858,,-0.4995,0.009,resolved,0x4525bf220e8d5622601c9ff485dbef17507f916da8b456282cda96d570d6acff,https://data.chain.link/streams/hype-usd-twap-60s-streams,91.78145854111477,2026-09-18 20:45:54+00
sol-updown-15m-1789763400,SOL,"Solana Up or Down - September 18, 4:30PM-4:45PM ET",2026-09-18T20:45:00Z,2026-09-18T20:30:00Z,113.49095027526914,Up,"[""1"", ""0""]",0.99,2726.891318,,0.49,0.01,resolved,0x70595c864bca7d4ff7e5c4d8dcda68a70bb785f980aa31a41883d4bb2c0b14df,https://data.chain.link/streams/sol-usd-twap-60s-streams,113.68739092690416,2026-09-18 20:45:54+00
xrp-updown-15m-1789763400,XRP,"XRP Up or Down - September 18, 4:30PM-4:45PM ET",2026-09-18T20:45:00Z,2026-09-18T20:30:00Z,1.4033310545824236,Up,"[""1"", ""0""]",0.99,1290.403774,,0.49,0.01,resolved,0x941da1ef5f2c559fc9eaf0b3fe16d48faf72c2f40f56c78cb628a93b532f36d0,https://data.chain.link/streams/xrp-usd-twap-60s-streams,1.4055798234469528,2026-09-18 20:45:54+00
zec-updown-15m-1789763400,ZEC,"ZCash Up or Down - September 18, 4:30PM-4:45PM ET",2026-09-18T20:45:00Z,2026-09-18T20:30:00Z,1482.6480663972122,Up,"[""1"", ""0""]",0.99,33.3805,,0.495,0.01,resolved,0x62bc728613bcf21d56a59a3aa87b55f9345a68d8a77250789aa4810f0eee32e5,https://data.chain.link/streams/zec-usd-twap-60s-streams,1491.214754747868,2026-09-18 20:45:54+00
bnb-updown-15m-1789764300,BNB,"BNB Up or Down - September 18, 4:45PM-5:00PM ET",2026-09-18T21:00:00Z,2026-09-18T20:45:00Z,764.6903407833603,Down,"[""0"", ""1""]",0.03,619.724091,,-0.5035,0.001,resolved,0x0dff316d4f6e80b4b516018a94b7834d7e5cd530c4aa62f757058a51a6db30e6,https://data.chain.link/streams/bnb-usd-twap-60s-streams,763.3674264715266,2026-09-18 21:00:55+00
btc-updown-15m-1789764300,BTC,"Bitcoin Up or Down - September 18, 4:45PM-5:00PM ET",2026-09-18T21:00:00Z,2026-09-18T20:45:00Z,81134.69941315621,Down,"[""0"", ""1""]",0.02,57559.707593,3.745097,-0.485,0.001,resolved,0x8fd5e30f4fe2a3d24b63919c88d0d1b62b82f9c85d962bff0d72aea04c057b9e,https://data.chain.link/streams/btc-usd-twap-60s-streams,81073.47276896186,2026-09-18 21:00:55+00
doge-updown-15m-1789764300,DOGE,"Dogecoin Up or Down - September 18, 4:45PM-5:00PM ET",2026-09-18T21:00:00Z,2026-09-18T20:45:00Z,0.08816874318078748,Up,"[""1"", ""0""]",0.99,831.8684950000002,,0.285,0.01,resolved,0x02115da0f4e125fe7b80f4816bb8b9122ad519cb35d969e072a247f6ae76d020,https://data.chain.link/streams/doge-usd-twap-60s-streams,0.08820838388199542,2026-09-18 21:00:55+00
eth-updown-15m-1789764300,ETH,"Ethereum Up or Down - September 18, 4:45PM-5:00PM ET",2026-09-18T21:00:00Z,2026-09-18T20:45:00Z,2633.6832189706465,Down,"[""0"", ""1""]",0.03,3092.813663,,-0.495,0.001,resolved,0x293b9ff097f71a70c9e195dd9495f48b39ec8e042687b212cd73f400cc41cdf7,https://data.chain.link/streams/eth-usd-twap-60s-streams,2630.2180226334035,2026-09-18 21:00:55+00
hype-updown-15m-1789764300,HYPE,"Hyperliquid Up or Down - September 18, 4:45PM-5:00PM ET",2026-09-18T21:00:00Z,2026-09-18T20:45:00Z,91.78145854111477,Down,"[""0"", ""1""]",0.21,383.808574,,-0.485,0.001,resolved,0x35adac4673988f216bb31b8e0dcb4796a566fd97e0d820b193e7308a42931b5f,https://data.chain.link/streams/hype-usd-twap-60s-streams,91.56009069609479,2026-09-18 21:00:55+00
sol-updown-15m-1789764300,SOL,"Solana Up or Down - September 18, 4:45PM-5:00PM ET",2026-09-18T21:00:00Z,2026-09-18T20:45:00Z,113.68739092690416,Down,"[""0"", ""1""]",0.05,1769.085264,,-0.4995,0.001,resolved,0xeeb19eac5070579d722af80b74409ccdfd3dc78a3e3b78343840bc5e51701391,https://data.chain.link/streams/sol-usd-twap-60s-streams,113.4250877841759,2026-09-18 21:01:04+00
xrp-updown-15m-1789764300,XRP,"XRP Up or Down - September 18, 4:45PM-5:00PM ET",2026-09-18T21:00:00Z,2026-09-18T20:45:00Z,1.4055798234469528,Down,"[""0"", ""1""]",0.05,811.660122,,-0.4995,0.001,resolved,0xa4c02f07a441afed5f4642368becc21f0faadd81796fa5f82659b9234e820414,https://data.chain.link/streams/xrp-usd-twap-60s-streams,1.4005775586813425,2026-09-18 21:00:55+00
zec-updown-15m-1789764300,ZEC,"ZCash Up or Down - September 18, 4:45PM-5:00PM ET",2026-09-18T21:00:00Z,2026-09-18T20:45:00Z,1491.214754747868,Up,"[""1"", ""0""]",0.999,89.46000000000001,,0.4945,0.001,resolved,0xc6f0dc9404d4af9217f37c9270e9fcaeef2fbaf98c93aee9eff6814da20652ef,https://data.chain.link/streams/zec-usd-twap-60s-streams,1501.1627731847018,2026-09-18 21:00:55+00
bnb-updown-15m-1789765200,BNB,"BNB Up or Down - September 18, 5:00PM-5:15PM ET",2026-09-18T21:15:00Z,2026-09-18T21:00:00Z,763.3674264715266,Up,"[""1"", ""0""]",0.999,373.26897599999995,,0.4945,0.001,resolved,0x57e20de01eaf7c97e6aa006034a9c382fc7be2fa04d67368d92ef649093f931f,https://data.chain.link/streams/bnb-usd-twap-60s-streams,764.8276134871301,2026-09-18 21:15:54+00
btc-updown-15m-1789765200,BTC,"Bitcoin Up or Down - September 18, 5:00PM-5:15PM ET",2026-09-18T21:15:00Z,2026-09-18T21:00:00Z,81073.47276896186,Up,"[""1"", ""0""]",0.999,23572.928806,3983.653138,0.4945,0.001,resolved,0x4880d67875cac42cd4d1f1e8bb25e0f917bc2f722b062ba270f819396ca8cc0d,https://data.chain.link/streams/btc-usd-twap-60s-streams,81256.83074058536,2026-09-18 21:15:54+00
doge-updown-15m-1789765200,DOGE,"Dogecoin Up or Down - September 18, 5:00PM-5:15PM ET",2026-09-18T21:15:00Z,2026-09-18T21:00:00Z,0.08820838388199542,Up,"[""1"", ""0""]",0.999,316.43409299999996,,0.4995,0.001,resolved,0x0ff95deb8f99f7c744bbd899284adc84cbb1d44b72e3e5c3ba93574ba67bb67d,https://data.chain.link/streams/doge-usd-twap-60s-streams,0.08839467093204229,2026-09-18 21:15:54+00
eth-updown-15m-1789765200,ETH,"Ethereum Up or Down - September 18, 5:00PM-5:15PM ET",2026-09-18T21:15:00Z,2026-09-18T21:00:00Z,2630.2180226334035,Up,"[""1"", ""0""]",0.999,3502.3676990000004,,0.4945,0.001,resolved,0x8bef69fabf20db2bda13cdac2c261259c81a3e60951cb476e8e1b88e5615942c,https://data.chain.link/streams/eth-usd-twap-60s-streams,2638.4882034088237,2026-09-18 21:15:54+00
hype-updown-15m-1789765200,HYPE,"Hyperliquid Up or Down - September 18, 5:00PM-5:15PM ET",2026-09-18T21:15:00Z,2026-09-18T21:00:00Z,91.56009069609479,Up,"[""1"", ""0""]",0.999,123.331927,,0.49,0.01,resolved,0xb5aa1cb04a5c689d06641ea485a218b3b7bdb787c249a52b41ddf05eebdecba8,https://data.chain.link/streams/hype-usd-twap-60s-streams,91.7907138892431,2026-09-18 21:15:54+00
sol-updown-15m-1789765200,SOL,"Solana Up or Down - September 18, 5:00PM-5:15PM ET",2026-09-18T21:15:00Z,2026-09-18T21:00:00Z,113.4250877841759,Up,"[""1"", ""0""]",0.999,1940.252204,,0.4945,0.001,resolved,0x6af05eedd80a40b152e0273afa97a4f185c0975487fe2431a2b7042d67f8f0d7,https://data.chain.link/streams/sol-usd-twap-60s-streams,113.70959806351179,2026-09-18 21:15:54+00
xrp-updown-15m-1789765200,XRP,"XRP Up or Down - September 18, 5:00PM-5:15PM ET",2026-09-18T21:15:00Z,2026-09-18T21:00:00Z,1.4005775586813425,Up,"[""1"", ""0""]",0.999,1756.7634360000002,9.803922,0.4945,0.001,resolved,0x8bcb77595da7bbac28dcb2d195fda0ab8badba22a96b1d45a541bf2e4ff3e4e5,https://data.chain.link/streams/xrp-usd-twap-60s-streams,1.4071186360480412,2026-09-18 21:15:55+00
zec-updown-15m-1789765200,ZEC,"ZCash Up or Down - September 18, 5:00PM-5:15PM ET",2026-09-18T21:15:00Z,2026-09-18T21:00:00Z,1501.1627731847018,Down,"[""0"", ""1""]",0.59,3.33,,-0.005,0.99,resolved,0x84e1c8459bbb2ead575181f338c15a09d8cd602ca24378abc524332cd887d405,https://data.chain.link/streams/zec-usd-twap-60s-streams,1497.090393033478,2026-09-18 21:15:55+00
bnb-updown-15m-1789766100,BNB,"BNB Up or Down - September 18, 5:15PM-5:30PM ET",2026-09-18T21:30:00Z,2026-09-18T21:15:00Z,764.8276134871301,Down,"[""0"", ""1""]",0.21,510.920981,,-0.5045,0.001,resolved,0x19dedd66271bd0d6790300490ac2f6708b0a3f0cc13b42cae6e274cd6c8a7f60,https://data.chain.link/streams/bnb-usd-twap-60s-streams,763.9364630748339,2026-09-18 21:30:54+00
btc-updown-15m-1789766100,BTC,"Bitcoin Up or Down - September 18, 5:15PM-5:30PM ET",2026-09-18T21:30:00Z,2026-09-18T21:15:00Z,81256.83074058536,Down,"[""0"", ""1""]",0.04,33671.700744,1.960785,-0.5045,0.001,resolved,0xf18c1b114906b640e869d8ce00a8b4f6c0619ffa7103eecae1c538fa03277a96,https://data.chain.link/streams/btc-usd-twap-60s-streams,81162.94207870854,2026-09-18 21:30:54+00
doge-updown-15m-1789766100,DOGE,"Dogecoin Up or Down - September 18, 5:15PM-5:30PM ET",2026-09-18T21:30:00Z,2026-09-18T21:15:00Z,0.08839467093204229,Down,"[""0"", ""1""]",0.07,407.577696,,-0.4995,0.001,resolved,0x5151d470bf6ba207e8237c18872bc6f8e60d3061637e40305556a966dde80fd8,https://data.chain.link/streams/doge-usd-twap-60s-streams,0.08813647964006519,2026-09-18 21:30:54+00
eth-updown-15m-1789766100,ETH,"Ethereum Up or Down - September 18, 5:15PM-5:30PM ET",2026-09-18T21:30:00Z,2026-09-18T21:15:00Z,2638.4882034088237,Down,"[""0"", ""1""]",0.07,2724.440321,,-0.5045,0.001,resolved,0x2d2d195b5cdfb5953b3c0d1d31d7e5b562de1e30ba766c5f1aee9166d1cd121b,https://data.chain.link/streams/eth-usd-twap-60s-streams,2631.7459212824215,2026-09-18 21:30:54+00
hype-updown-15m-1789766100,HYPE,"Hyperliquid Up or Down - September 18, 5:15PM-5:30PM ET",2026-09-18T21:30:00Z,2026-09-18T21:15:00Z,91.7907138892431,Down,"[""0"", ""1""]",0.178,277.904709,,-0.5045,0.001,resolved,0x2545e4e977140ccbdd6292b0b1822aa15a81526cdaedd9974e91859e2a5ed7b7,https://data.chain.link/streams/hype-usd-twap-60s-streams,91.73773365000004,2026-09-18 21:30:54+00
sol-updown-15m-1789766100,SOL,"Solana Up or Down - September 18, 5:15PM-5:30PM ET",2026-09-18T21:30:00Z,2026-09-18T21:15:00Z,113.70959806351179,Down,"[""0"", ""1""]",0.01,1744.8122019999998,,-0.5045,0.001,resolved,0xc713331055fb9c5c2f8b97e5c553ba85f9ebd119be65fbcb854116699871b711,https://data.chain.link/streams/sol-usd-twap-60s-streams,113.4756152255494,2026-09-18 21:30:54+00
xrp-updown-15m-1789766100,XRP,"XRP Up or Down - September 18, 5:15PM-5:30PM ET",2026-09-18T21:30:00Z,2026-09-18T21:15:00Z,1.4071186360480412,Down,"[""0"", ""1""]",0.07,1604.343851,,-0.4995,0.001,resolved,0x6429e8d50ad90f3ec17d2b61905173310e1720ef1ac2ac1d5f1483f883a22ca1,https://data.chain.link/streams/xrp-usd-twap-60s-streams,1.4015741728962992,2026-09-18 21:30:55+00
zec-updown-15m-1789766100,ZEC,"ZCash Up or Down - September 18, 5:15PM-5:30PM ET",2026-09-18T21:30:00Z,2026-09-18T21:15:00Z,1497.090393033478,Down,"[""0"", ""1""]",0.017,,,-0.4995,0.001,resolved,0x6141bfe24fdc7784af4c9884e6b6ed84ab575331f772eb6f1b4b7b0d1c84e9a7,https://data.chain.link/streams/zec-usd-twap-60s-streams,1489.3383168187963,2026-09-18 21:30:55+00
bnb-updown-15m-1789767000,BNB,"BNB Up or Down - September 18, 5:30PM-5:45PM ET",2026-09-18T21:45:00Z,2026-09-18T21:30:00Z,763.9364630748339,Up,"[""1"", ""0""]",0.99,152.155206,,0.4945,0.001,resolved,0x031b6c4a80e3cdd4d46c60c3df69198820bb0066b7c3e6388a7623530c6a52d7,https://data.chain.link/streams/bnb-usd-twap-60s-streams,764.7115793751765,2026-09-18 21:45:54+00
btc-updown-15m-1789767000,BTC,"Bitcoin Up or Down - September 18, 5:30PM-5:45PM ET",2026-09-18T21:45:00Z,2026-09-18T21:30:00Z,81162.94207870854,Up,"[""1"", ""0""]",0.999,18506.17218,5.705882,0.4945,0.001,resolved,0xa121756164ab880a4827b7072fd819cf9a539aac3532bb822767580815e0e86f,https://data.chain.link/streams/btc-usd-twap-60s-streams,81208.92926575412,2026-09-18 21:45:54+00
doge-updown-15m-1789767000,DOGE,"Dogecoin Up or Down - September 18, 5:30PM-5:45PM ET",2026-09-18T21:45:00Z,2026-09-18T21:30:00Z,0.08813647964006519,Down,"[""0"", ""1""]",0.01,336.110014,,-0.495,0.01,resolved,0x69db182e556a711dc39ac654b33d233893259512a8d4f0b823f1edbf6313b33d,https://data.chain.link/streams/doge-usd-twap-60s-streams,0.0879675236923673,2026-09-18 21:45:54+00
eth-updown-15m-1789767000,ETH,"Ethereum Up or Down - September 18, 5:30PM-5:45PM ET",2026-09-18T21:45:00Z,2026-09-18T21:30:00Z,2631.7459212824215,Down,"[""0"", ""1""]",0.03,4359.777206999999,,-0.5,0.01,resolved,0x8a75bae6aec1ad5a3f56164f83e9ffd731b243ae43856edfcda1e8d22674e115,https://data.chain.link/streams/eth-usd-twap-60s-streams,2629.5995229241307,2026-09-18 21:45:54+00
hype-updown-15m-1789767000,HYPE,"Hyperliquid Up or Down - September 18, 5:30PM-5:45PM ET",2026-09-18T21:45:00Z,2026-09-18T21:30:00Z,91.73773365000004,Down,"[""0"", ""1""]",0.1,275.30280500000003,,-0.5,0.01,resolved,0x2f2e86b626de941aba51fb5c7748ec0e5689794d2217ad63e10f5932f7400144,https://data.chain.link/streams/hype-usd-twap-60s-streams,91.54450723768397,2026-09-18 21:45:54+00
sol-updown-15m-1789767000,SOL,"Solana Up or Down - September 18, 5:30PM-5:45PM ET",2026-09-18T21:45:00Z,2026-09-18T21:30:00Z,113.4756152255494,Down,"[""0"", ""1""]",0.2,1397.219102,,-0.5045,0.001,resolved,0x8a77c5cc6a403dbf1dbbff5a1e0ebb78a9ac736dca94b3b419bbfbdf913e186d,https://data.chain.link/streams/sol-usd-twap-60s-streams,113.18673213149836,2026-09-18 21:45:54+00
xrp-updown-15m-1789767000,XRP,"XRP Up or Down - September 18, 5:30PM-5:45PM ET",2026-09-18T21:45:00Z,2026-09-18T21:30:00Z,1.4015741728962992,Down,"[""0"", ""1""]",0.06,1097.475436,,-0.5,0.01,resolved,0xca0a6c018d50b561cc25bee7a391fcb85a3469071e72cb9ccf73c671da52ccdb,https://data.chain.link/streams/xrp-usd-twap-60s-streams,1.3990189041227892,2026-09-18 21:45:55+00
zec-updown-15m-1789767000,ZEC,"ZCash Up or Down - September 18, 5:30PM-5:45PM ET",2026-09-18T21:45:00Z,2026-09-18T21:30:00Z,1489.3383168187963,Up,"[""1"", ""0""]",0.999,26.7205,,0.4945,0.009,resolved,0x7ba14a5928578b742c1e916df816af7b1050b72d353d31376da56c8c17224b64,https://data.chain.link/streams/zec-usd-twap-60s-streams,1489.8290341642635,2026-09-18 21:45:54+00
bnb-updown-15m-1789767900,BNB,"BNB Up or Down - September 18, 5:45PM-6:00PM ET",2026-09-18T22:00:00Z,2026-09-18T21:45:00Z,764.7115793751765,Down,"[""0"", ""1""]",0.19,353.935358,,-0.5,0.001,resolved,0x59457d14b598fbf20aa275155de5c6e2786465239c811fb9658c91f8fc02f495,https://data.chain.link/streams/bnb-usd-twap-60s-streams,763.7671362515073,2026-09-18 22:00:54+00
btc-updown-15m-1789767900,BTC,"Bitcoin Up or Down - September 18, 5:45PM-6:00PM ET",2026-09-18T22:00:00Z,2026-09-18T21:45:00Z,81208.92926575412,Up,"[""1"", ""0""]",0.99,43701.547552,,0.32,0.01,resolved,0xac17228eccb42984eea35dbbe385bf7b9d7bfd8596f05d5a78445e9fb3734f92,https://data.chain.link/streams/btc-usd-twap-60s-streams,81219.13727985875,2026-09-18 22:00:55+00
doge-updown-15m-1789767900,DOGE,"Dogecoin Up or Down - September 18, 5:45PM-6:00PM ET",2026-09-18T22:00:00Z,2026-09-18T21:45:00Z,0.0879675236923673,Up,"[""1"", ""0""]",0.999,934.4001969999999,,0.4945,0.001,resolved,0xabe88111326b6e7731acef39ff84f775ae9f5af294156424b8d3f3a6dd8290ed,https://data.chain.link/streams/doge-usd-twap-60s-streams,0.08821593906868565,2026-09-18 22:00:54+00
eth-updown-15m-1789767900,ETH,"Ethereum Up or Down - September 18, 5:45PM-6:00PM ET",2026-09-18T22:00:00Z,2026-09-18T21:45:00Z,2629.5995229241307,Down,"[""0"", ""1""]",0.01,3906.9997369999996,,-0.5,0.001,resolved,0xf89a5233c4d883067de474c7c9ff2564d7603cfc983d7e61f7a658221ee7c482,https://data.chain.link/streams/eth-usd-twap-60s-streams,2626.1483709587105,2026-09-18 22:00:54+00
hype-updown-15m-1789767900,HYPE,"Hyperliquid Up or Down - September 18, 5:45PM-6:00PM ET",2026-09-18T22:00:00Z,2026-09-18T21:45:00Z,91.54450723768397,Down,"[""0"", ""1""]",0.17,271.398732,,-0.4,0.01,resolved,0x1ec3a3f3199718b2182877954ab1e0b6799661af95e2fe371773cf7568e14f6b,https://data.chain.link/streams/hype-usd-twap-60s-streams,91.5104200706834,2026-09-18 22:00:54+00
sol-updown-15m-1789767900,SOL,"Solana Up or Down - September 18, 5:45PM-6:00PM ET",2026-09-18T22:00:00Z,2026-09-18T21:45:00Z,113.18673213149836,Up,"[""1"", ""0""]",0.99,1759.4966569999997,,0.275,0.01,resolved,0x5ac1b6e16618393dc918c50788a000ff506989ce70468d0647af1326812cb687,https://data.chain.link/streams/sol-usd-twap-60s-streams,113.19479218441342,2026-09-18 22:00:54+00
xrp-updown-15m-1789767900,XRP,"XRP Up or Down - September 18, 5:45PM-6:00PM ET",2026-09-18T22:00:00Z,2026-09-18T21:45:00Z,1.3990189041227892,Up,"[""1"", ""0""]",0.999,785.204644,,0.4895,0.001,resolved,0x3ea9ff158e80e79edeea339aa030dc966826add41df6de56772299db6e7a7236,https://data.chain.link/streams/xrp-usd-twap-60s-streams,1.400921573832118,2026-09-18 22:00:55+00
zec-updown-15m-1789767900,ZEC,"ZCash Up or Down - September 18, 5:45PM-6:00PM ET",2026-09-18T22:00:00Z,2026-09-18T21:45:00Z,1489.8290341642635,Up,"[""1"", ""0""]",0.99,15.0505,,0.005,0.01,resolved,0x6da370cb5741e5f13f010407c4715de425937bbb601aff5f2f42a9ab550ddace,https://data.chain.link/streams/zec-usd-twap-60s-streams,1493.449312581148,2026-09-18 22:00:54+00
bnb-updown-15m-1789768800,BNB,"BNB Up or Down - September 18, 6:00PM-6:15PM ET",2026-09-18T22:15:00Z,2026-09-18T22:00:00Z,763.7671362515073,Down,"[""0"", ""1""]",0.14,1056.1216550000001,,-0.5,0.01,resolved,0x9218d65267aade01430c4450cff8e486acea59fa8b9bd41e282dcd8c31f54ce1,https://data.chain.link/streams/bnb-usd-twap-60s-streams,763.3838465971935,2026-09-18 22:15:54+00
btc-updown-15m-1789768800,BTC,"Bitcoin Up or Down - September 18, 6:00PM-6:15PM ET",2026-09-18T22:15:00Z,2026-09-18T22:00:00Z,81219.13727985875,Up,"[""1"", ""0""]",0.999,51221.04271599998,3969.81,0.4945,0.001,resolved,0x0097ba72e547962bcce905e39e0562da7fda7f87ae12295db200677f6afd4a2d,https://data.chain.link/streams/btc-usd-twap-60s-streams,81225.82787519958,2026-09-18 22:15:55+00
doge-updown-15m-1789768800,DOGE,"Dogecoin Up or Down - September 18, 6:00PM-6:15PM ET",2026-09-18T22:15:00Z,2026-09-18T22:00:00Z,0.08821593906868565,Up,"[""1"", ""0""]",0.999,724.6539010000001,,0.4995,0.001,resolved,0x09a0f77d3eed0f5b8cdf0c1cbbfa1bb6b8c1ccbd8e6bf9c1ea6ace5b7387fe5a,https://data.chain.link/streams/doge-usd-twap-60s-streams,0.08840595370410477,2026-09-18 22:15:54+00
eth-updown-15m-1789768800,ETH,"Ethereum Up or Down - September 18, 6:00PM-6:15PM ET",2026-09-18T22:15:00Z,2026-09-18T22:00:00Z,2626.1483709587105,Up,"[""1"", ""0""]",0.999,2600.6408800000004,,0.4945,0.001,resolved,0x19f344ccffda9b0ac847597ccf9a931a283e6aa2e0da149e7ba47205424d9d74,https://data.chain.link/streams/eth-usd-twap-60s-streams,2629.3067243784435,2026-09-18 22:15:54+00
hype-updown-15m-1789768800,HYPE,"Hyperliquid Up or Down - September 18, 6:00PM-6:15PM ET",2026-09-18T22:15:00Z,2026-09-18T22:00:00Z,91.5104200706834,Up,"[""1"", ""0""]",0.999,180.28922899999998,,0.4945,0.001,resolved,0x0a57bce70f3ad346cdc42287ef5e27cf1ffb121ffc4b1c4a4d406f78623cfc3e,https://data.chain.link/streams/hype-usd-twap-60s-streams,92.03737101001417,2026-09-18 22:15:54+00
sol-updown-15m-1789768800,SOL,"Solana Up or Down - September 18, 6:00PM-6:15PM ET",2026-09-18T22:15:00Z,2026-09-18T22:00:00Z,113.19479218441342,Up,"[""1"", ""0""]",0.999,2889.0672650000006,,0.4945,0.001,resolved,0xce12075dafd3443e45998a5d22b23b7ef4f27fcd4938a1559f8830f3b60adfad,https://data.chain.link/streams/sol-usd-twap-60s-streams,113.35851793112937,2026-09-18 22:15:54+00
xrp-updown-15m-1789768800,XRP,"XRP Up or Down - September 18, 6:00PM-6:15PM ET",2026-09-18T22:15:00Z,2026-09-18T22:00:00Z,1.400921573832118,Up,"[""1"", ""0""]",0.99,2022.195854,,0.49,0.01,resolved,0x21a113bb32a0517151cc8e8e274243c802b120359f7b18dd08a8abd5eea539b5,https://data.chain.link/streams/xrp-usd-twap-60s-streams,1.402451085160509,2026-09-18 22:15:54+00
zec-updown-15m-1789768800,ZEC,"ZCash Up or Down - September 18, 6:00PM-6:15PM ET",2026-09-18T22:15:00Z,2026-09-18T22:00:00Z,1493.449312581148,Up,"[""1"", ""0""]",0.999,68.3805,,0.495,0.01,resolved,0x7608861053ec2379fa1b58ca7d7a5a41c7c88723f231aa53a14e9de568e8938f,https://data.chain.link/streams/zec-usd-twap-60s-streams,1502.9022734570972,2026-09-18 22:15:54+00
bnb-updown-15m-1789769700,BNB,"BNB Up or Down - September 18, 6:15PM-6:30PM ET",2026-09-18T22:30:00Z,2026-09-18T22:15:00Z,763.3838465971935,Up,"[""1"", ""0""]",0.99,540.556244,,0.49,0.01,resolved,0xe26dc26e456c94249b456207011920e8cc55fbbc702bd99440a916596a5eff42,https://data.chain.link/streams/bnb-usd-twap-60s-streams,763.4609046091647,2026-09-18 22:30:54+00
btc-updown-15m-1789769700,BTC,"Bitcoin Up or Down - September 18, 6:15PM-6:30PM ET",2026-09-18T22:30:00Z,2026-09-18T22:15:00Z,81225.82787519958,Up,"[""1"", ""0""]",0.99,41553.00922800001,,0.49,0.01,resolved,0x8a3700f5ed39235de7d298a84810226bda793df04e3b0d0ec93936fd24b4d8e4,https://data.chain.link/streams/btc-usd-twap-60s-streams,81238.85399799875,2026-09-18 22:30:54+00
doge-updown-15m-1789769700,DOGE,"Dogecoin Up or Down - September 18, 6:15PM-6:30PM ET",2026-09-18T22:30:00Z,2026-09-18T22:15:00Z,0.08840595370410477,Down,"[""0"", ""1""]",0.06,859.7490069999999,,-0.495,0.01,resolved,0xc501329ccb58389889ee56f96da7f28630a7b2058ad7e1abd4e54d367e14b0b9,https://data.chain.link/streams/doge-usd-twap-60s-streams,0.08834301877582797,2026-09-18 22:31:00+00
eth-updown-15m-1789769700,ETH,"Ethereum Up or Down - September 18, 6:15PM-6:30PM ET",2026-09-18T22:30:00Z,2026-09-18T22:15:00Z,2629.3067243784435,Up,"[""1"", ""0""]",0.999,2427.809688,,0.4945,0.001,resolved,0x7a7b93525c69e08aaa877c4577da096eae7d0d6117c2b84917db9b5213d31479,https://data.chain.link/streams/eth-usd-twap-60s-streams,2631.528669982992,2026-09-18 22:30:54+00
hype-updown-15m-1789769700,HYPE,"Hyperliquid Up or Down - September 18, 6:15PM-6:30PM ET",2026-09-18T22:30:00Z,2026-09-18T22:15:00Z,92.03737101001417,Down,"[""0"", ""1""]",0.07,317.1603560000001,,-0.5045,0.001,resolved,0x1b43ee4e351c61f496a7cc87eafb0341ce4df46f79ef6b6071ae4fd13ca60900,https://data.chain.link/streams/hype-usd-twap-60s-streams,91.91727287453793,2026-09-18 22:30:54+00
sol-updown-15m-1789769700,SOL,"Solana Up or Down - September 18, 6:15PM-6:30PM ET",2026-09-18T22:30:00Z,2026-09-18T22:15:00Z,113.35851793112937,Down,"[""0"", ""1""]",0.07,1883.954226,,-0.5045,0.001,resolved,0xa7f2253c9ad31b70f0d089efb0b81d0b5498b18561b54e806544ae19664163e3,https://data.chain.link/streams/sol-usd-twap-60s-streams,113.20476546908624,2026-09-18 22:30:54+00
xrp-updown-15m-1789769700,XRP,"XRP Up or Down - September 18, 6:15PM-6:30PM ET",2026-09-18T22:30:00Z,2026-09-18T22:15:00Z,1.402451085160509,Down,"[""0"", ""1""]",0.16,796.159157,,-0.5045,0.001,resolved,0x81b2b63d4f983b326b1a2686e8b573145852f94d1fdfa37f875e8f4ddc3e56d2,https://data.chain.link/streams/xrp-usd-twap-60s-streams,1.3995117111963569,2026-09-18 22:30:54+00
zec-updown-15m-1789769700,ZEC,"ZCash Up or Down - September 18, 6:15PM-6:30PM ET",2026-09-18T22:30:00Z,2026-09-18T22:15:00Z,1502.9022734570972,Down,"[""0"", ""1""]",0.4,27.475,,-0.4995,0.001,resolved,0xbdb4c32e817465774bedb08a81a09cb546af90921edb42803001510e602806b4,https://data.chain.link/streams/zec-usd-twap-60s-streams,1496.025062808206,2026-09-18 22:30:52+00
bnb-updown-15m-1789770600,BNB,"BNB Up or Down - September 18, 6:30PM-6:45PM ET",2026-09-18T22:45:00Z,2026-09-18T22:30:00Z,763.4609046091647,Down,"[""0"", ""1""]",0.23,349.707283,,-0.5045,0.001,resolved,0xf69e52723b5acc6a3dc1e7f097bb57c114b3ea56d9803dcb5876136f9658ab27,https://data.chain.link/streams/bnb-usd-twap-60s-streams,762.8642667852877,2026-09-18 22:45:54+00
btc-updown-15m-1789770600,BTC,"Bitcoin Up or Down - September 18, 6:30PM-6:45PM ET",2026-09-18T22:45:00Z,2026-09-18T22:30:00Z,81238.85399799875,Down,"[""0"", ""1""]",0.01,44548.05667599999,,-0.5045,0.001,resolved,0x04e18748b692d86492a0979beaa6b6a93f5fe1e3bffc5f547a409e55c793ecc1,https://data.chain.link/streams/btc-usd-twap-60s-streams,81115.62894580649,2026-09-18 22:45:54+00
doge-updown-15m-1789770600,DOGE,"Dogecoin Up or Down - September 18, 6:30PM-6:45PM ET",2026-09-18T22:45:00Z,2026-09-18T22:30:00Z,0.08834301877582797,Down,"[""0"", ""1""]",0.51,213.52257200000003,,-0.4995,0.001,resolved,0x7192424c0cbb3ee296dd6a96f0d42df6aafdaf4c016454fed894e52eac1bdf09,https://data.chain.link/streams/doge-usd-twap-60s-streams,0.0882474876788268,2026-09-18 22:45:54+00
eth-updown-15m-1789770600,ETH,"Ethereum Up or Down - September 18, 6:30PM-6:45PM ET",2026-09-18T22:45:00Z,2026-09-18T22:30:00Z,2631.528669982992,Down,"[""0"", ""1""]",0.02,3921.4297560000005,,-0.5045,0.001,resolved,0xc85aa244fbbd782e939f80b7acb5d3d40ca6c5401c0befa5f4c7e14c5d352b56,https://data.chain.link/streams/eth-usd-twap-60s-streams,2619.45180462153,2026-09-18 22:45:54+00
hype-updown-15m-1789770600,HYPE,"Hyperliquid Up or Down - September 18, 6:30PM-6:45PM ET",2026-09-18T22:45:00Z,2026-09-18T22:30:00Z,91.91727287453793,Up,"[""1"", ""0""]",0.999,327.143575,,0.4945,0.001,resolved,0xffa2c8e8f64063b60c708a6b0e9a2d228fefbd98fc5ff303049728a4abf6a90f,https://data.chain.link/streams/hype-usd-twap-60s-streams,92.18133035264611,2026-09-18 22:45:54+00
sol-updown-15m-1789770600,SOL,"Solana Up or Down - September 18, 6:30PM-6:45PM ET",2026-09-18T22:45:00Z,2026-09-18T22:30:00Z,113.20476546908624,Down,"[""0"", ""1""]",0.06,729.5823670000002,,-0.5045,0.001,resolved,0x490b613fcee98ce26ee6582fce697c311226586f9e762f9c3894353b22cb5ebe,https://data.chain.link/streams/sol-usd-twap-60s-streams,112.90389201328115,2026-09-18 22:45:54+00
xrp-updown-15m-1789770600,XRP,"XRP Up or Down - September 18, 6:30PM-6:45PM ET",2026-09-18T22:45:00Z,2026-09-18T22:30:00Z,1.3995117111963569,Down,"[""0"", ""1""]",0.137,863.500434,,-0.5045,0.001,resolved,0xbacca6a45f029a527026ee279975e05cb636fe2fd3b9168a707e07e3ad733104,https://data.chain.link/streams/xrp-usd-twap-60s-streams,1.3967453458439092,2026-09-18 22:45:54+00
zec-updown-15m-1789770600,ZEC,"ZCash Up or Down - September 18, 6:30PM-6:45PM ET",2026-09-18T22:45:00Z,2026-09-18T22:30:00Z,1496.025062808206,Up,"[""1"", ""0""]",0.999,39.3905,,0.495,0.01,resolved,0x5e01a2391aaf110eb4084f9a50829cffb6a2161196055e1ec3fdf5ed28e7ed28,https://data.chain.link/streams/zec-usd-twap-60s-streams,1509.70750226982,2026-09-18 22:45:54+00
bnb-updown-15m-1789771500,BNB,"BNB Up or Down - September 18, 6:45PM-7:00PM ET",2026-09-18T23:00:00Z,2026-09-18T22:45:00Z,762.8642667852877,Up,"[""1"", ""0""]",0.99,337.36255800000004,,0.48,0.001,resolved,0xea6a2310ff724d29c5ff56c264da0df7f4016684cb0ec6c696845cdb1dcb4512,https://data.chain.link/streams/bnb-usd-twap-60s-streams,763.6114853834015,2026-09-18 23:01:27+00
btc-updown-15m-1789771500,BTC,"Bitcoin Up or Down - September 18, 6:45PM-7:00PM ET",2026-09-18T23:00:00Z,2026-09-18T22:45:00Z,81115.62894580649,Up,"[""1"", ""0""]",0.99,26828.938670999985,20,0.01,0.01,resolved,0x441ccf4fcdb302e36aebd8b04adc84e62bafdf7b884bfd162821d67c28e99c23,https://data.chain.link/streams/btc-usd-twap-60s-streams,81136.36858188764,2026-09-18 23:01:27+00
doge-updown-15m-1789771500,DOGE,"Dogecoin Up or Down - September 18, 6:45PM-7:00PM ET",2026-09-18T23:00:00Z,2026-09-18T22:45:00Z,0.0882474876788268,Down,"[""0"", ""1""]",0.04,356.63960499999996,,-0.475,0.001,resolved,0xf5d282bc1425b2a45c9c877dba75bf39e1ad929d2605e4e059c69d35ee8a071a,https://data.chain.link/streams/doge-usd-twap-60s-streams,0.08817166576539955,2026-09-18 23:01:34+00
eth-updown-15m-1789771500,ETH,"Ethereum Up or Down - September 18, 6:45PM-7:00PM ET",2026-09-18T23:00:00Z,2026-09-18T22:45:00Z,2619.45180462153,Up,"[""1"", ""0""]",0.99,4828.322069,,0.41,0.01,resolved,0x2afebb3bf9ea5311ee89b13e08551e1e1d12c396b0a3bbde966c03128114615c,https://data.chain.link/streams/eth-usd-twap-60s-streams,2620.746938720564,2026-09-18 23:01:27+00
hype-updown-15m-1789771500,HYPE,"Hyperliquid Up or Down - September 18, 6:45PM-7:00PM ET",2026-09-18T23:00:00Z,2026-09-18T22:45:00Z,92.18133035264611,Up,"[""1"", ""0""]",0.999,253.421939,,0.494,0.001,resolved,0x89135a879a344ad79302fdc24cd4b2ccf39c63ad2c2f1ccc353085f0a185d283,https://data.chain.link/streams/hype-usd-twap-60s-streams,92.64007486814221,2026-09-18 23:01:27+00
sol-updown-15m-1789771500,SOL,"Solana Up or Down - September 18, 6:45PM-7:00PM ET",2026-09-18T23:00:00Z,2026-09-18T22:45:00Z,112.90389201328115,Up,"[""1"", ""0""]",0.999,1580.1001099999996,,0.49,0.001,resolved,0x107af8e6991275112afd87b1f7fd8806f0d568d91910d1feb71f6fe094420762,https://data.chain.link/streams/sol-usd-twap-60s-streams,113.20605026575913,2026-09-18 23:01:27+00
xrp-updown-15m-1789771500,XRP,"XRP Up or Down - September 18, 6:45PM-7:00PM ET",2026-09-18T23:00:00Z,2026-09-18T22:45:00Z,1.3967453458439092,Up,"[""1"", ""0""]",0.999,518.112961,,0.49,0.001,resolved,0x05738e51d946a077c576acc925c07a4d544af51726c6fd162cc53ac7abd23147,https://data.chain.link/streams/xrp-usd-twap-60s-streams,1.3997374327626237,2026-09-18 23:01:27+00
zec-updown-15m-1789771500,ZEC,"ZCash Up or Down - September 18, 6:45PM-7:00PM ET",2026-09-18T23:00:00Z,2026-09-18T22:45:00Z,1509.70750226982,Up,"[""1"", ""0""]",0.999,21.67,,0.495,0.001,resolved,0xf4e1fd72ba3b5f6a762da4b2676c1af19b76ec3365b2c384e54570c75d10887d,https://data.chain.link/streams/zec-usd-twap-60s-streams,1543.8147374986627,2026-09-18 23:01:27+00
bnb-updown-15m-1789772400,BNB,"BNB Up or Down - September 18, 7:00PM-7:15PM ET",2026-09-18T23:15:00Z,2026-09-18T23:00:00Z,763.6114853834015,Down,"[""0"", ""1""]",0.19,493.118916,,-0.5045,0.001,resolved,0xe51d2d134f1c1397caa7fbaa2bc81194d73dc9973d4eacfb0044897bdc428fca,https://data.chain.link/streams/bnb-usd-twap-60s-streams,763.389483147275,2026-09-18 23:15:54+00
btc-updown-15m-1789772400,BTC,"Bitcoin Up or Down - September 18, 7:00PM-7:15PM ET",2026-09-18T23:15:00Z,2026-09-18T23:00:00Z,81136.36858188764,Up,"[""1"", ""0""]",0.999,47797.28519500002,4011.43,0.49,0.01,resolved,0xb706298c9a1e011b03ce2b8e44be4567a9f88d4b6f060abfc9037fcb1c292ce0,https://data.chain.link/streams/btc-usd-twap-60s-streams,81154.81484065959,2026-09-18 23:15:55+00
doge-updown-15m-1789772400,DOGE,"Dogecoin Up or Down - September 18, 7:00PM-7:15PM ET",2026-09-18T23:15:00Z,2026-09-18T23:00:00Z,0.08817166576539955,Down,"[""0"", ""1""]",0.01,748.852437,,-0.4995,0.001,resolved,0x736953be3aee6a23dafe2b49896929546e61c60a74a3cb22b74a930fa47ff287,https://data.chain.link/streams/doge-usd-twap-60s-streams,0.08793961731691435,2026-09-18 23:15:54+00
eth-updown-15m-1789772400,ETH,"Ethereum Up or Down - September 18, 7:00PM-7:15PM ET",2026-09-18T23:15:00Z,2026-09-18T23:00:00Z,2620.746938720564,Down,"[""0"", ""1""]",0.001,5024.345368999999,110.508824,-0.5,0.01,resolved,0x5e169be0ff10fa4a1376b357e9346c0856bf7bd0279bb30bd8e43fbb8b7fc13b,https://data.chain.link/streams/eth-usd-twap-60s-streams,2619.385509144744,2026-09-18 23:15:54+00
hype-updown-15m-1789772400,HYPE,"Hyperliquid Up or Down - September 18, 7:00PM-7:15PM ET",2026-09-18T23:15:00Z,2026-09-18T23:00:00Z,92.64007486814221,Up,"[""1"", ""0""]",0.999,205.375083,,0.4945,0.001,resolved,0x8cd1067476075578afc55428255629502e0a00462665d16aa182e8a944630854,https://data.chain.link/streams/hype-usd-twap-60s-streams,92.92820142549127,2026-09-18 23:15:54+00
sol-updown-15m-1789772400,SOL,"Solana Up or Down - September 18, 7:00PM-7:15PM ET",2026-09-18T23:15:00Z,2026-09-18T23:00:00Z,113.20605026575913,Up,"[""1"", ""0""]",0.999,1506.4337499999997,,0.4945,0.001,resolved,0xc4419f8836b23376f490448359614955c55c41cf8c4aa7a12bfe78442b91efe7,https://data.chain.link/streams/sol-usd-twap-60s-streams,113.3705177550193,2026-09-18 23:15:55+00
xrp-updown-15m-1789772400,XRP,"XRP Up or Down - September 18, 7:00PM-7:15PM ET",2026-09-18T23:15:00Z,2026-09-18T23:00:00Z,1.3997374327626237,Down,"[""0"", ""1""]",0.25,1323.8776070000001,,-0.5,0.01,resolved,0xe0cbca7c6a4df588c1b2ffc54491f004f486164a8635a28eeea05776f7b7218e,https://data.chain.link/streams/xrp-usd-twap-60s-streams,1.3991587657670292,2026-09-18 23:15:54+00
zec-updown-15m-1789772400,ZEC,"ZCash Up or Down - September 18, 7:00PM-7:15PM ET",2026-09-18T23:15:00Z,2026-09-18T23:00:00Z,1543.8147374986627,Up,"[""1"", ""0""]",,,,0.495,0.01,resolved,0x25db40598c409d97a7a9831784d48253cce9ff52a4318913d97c1f9089b7848a,https://data.chain.link/streams/zec-usd-twap-60s-streams,1563.3663222123846,2026-09-18 23:15:55+00
bnb-updown-15m-1789773300,BNB,"BNB Up or Down - September 18, 7:15PM-7:30PM ET",2026-09-18T23:30:00Z,2026-09-18T23:15:00Z,763.389483147275,Down,"[""0"", ""1""]",0.17,413.61304300000006,,-0.5045,0.001,resolved,0x2bf062d8ee1c08fb19d9a2764949c0122ff08d889b01fcb7d98c26ae3194091e,https://data.chain.link/streams/bnb-usd-twap-60s-streams,762.2179964046255,2026-09-18 23:31:27+00
btc-updown-15m-1789773300,BTC,"Bitcoin Up or Down - September 18, 7:15PM-7:30PM ET",2026-09-18T23:30:00Z,2026-09-18T23:15:00Z,81154.81484065959,Down,"[""0"", ""1""]",0.001,31664.224420999995,,-0.5045,0.001,resolved,0x40752362507e90b94b9e3862083f6e313ae6fa569c6335c2f6a697d140d2fa70,https://data.chain.link/streams/btc-usd-twap-60s-streams,80990.83531978735,2026-09-18 23:31:27+00
doge-updown-15m-1789773300,DOGE,"Dogecoin Up or Down - September 18, 7:15PM-7:30PM ET",2026-09-18T23:30:00Z,2026-09-18T23:15:00Z,0.08793961731691435,Down,"[""0"", ""1""]",0.17,195.406357,,-0.4995,0.001,resolved,0x78099af2c156c946c6bad1ee1f24e4b7563bec63c1733f68f46bbd2bf0c89985,https://data.chain.link/streams/doge-usd-twap-60s-streams,0.08772795133178914,2026-09-18 23:31:27+00
eth-updown-15m-1789773300,ETH,"Ethereum Up or Down - September 18, 7:15PM-7:30PM ET",2026-09-18T23:30:00Z,2026-09-18T23:15:00Z,2619.385509144744,Down,"[""0"", ""1""]",0.01,2655.013156,,-0.5045,0.001,resolved,0x70bf85a4e35d36b1533640e0a9e28aa301e929ee59c80e9983885ee3f2a4d45a,https://data.chain.link/streams/eth-usd-twap-60s-streams,2613.995033991409,2026-09-18 23:31:27+00
hype-updown-15m-1789773300,HYPE,"Hyperliquid Up or Down - September 18, 7:15PM-7:30PM ET",2026-09-18T23:30:00Z,2026-09-18T23:15:00Z,92.92820142549127,Up,"[""1"", ""0""]",0.6,438.32160999999996,,0.49,0.01,resolved,0xed2c85e3ab3dbd09944ff39548134242a01f1b62ccfabebf4e4d039902d129d8,https://data.chain.link/streams/hype-usd-twap-60s-streams,92.94924188521222,2026-09-18 23:31:27+00
sol-updown-15m-1789773300,SOL,"Solana Up or Down - September 18, 7:15PM-7:30PM ET",2026-09-18T23:30:00Z,2026-09-18T23:15:00Z,113.3705177550193,Down,"[""0"", ""1""]",0.03,353.39019299999995,,-0.5045,0.001,resolved,0xa423bbf3673e1c9262f78bf74d57eb9f943166d72d0ca4988b6eed8434ed9e16,https://data.chain.link/streams/sol-usd-twap-60s-streams,113.11340088853967,2026-09-18 23:31:27+00
xrp-updown-15m-1789773300,XRP,"XRP Up or Down - September 18, 7:15PM-7:30PM ET",2026-09-18T23:30:00Z,2026-09-18T23:15:00Z,1.3991587657670292,Down,"[""0"", ""1""]",0.08,893.118684,5,-0.5045,0.001,resolved,0x15818a86d6d84dd5e8483707b40b38e92082a91c672e2aa66aa2ab213c5d39c0,https://data.chain.link/streams/xrp-usd-twap-60s-streams,1.3977983252676163,2026-09-18 23:31:27+00
zec-updown-15m-1789773300,ZEC,"ZCash Up or Down - September 18, 7:15PM-7:30PM ET",2026-09-18T23:30:00Z,2026-09-18T23:15:00Z,1563.3663222123846,Up,"[""1"", ""0""]",0.999,,,0.4995,0.001,resolved,0xd2faaa3684e3dfeafdd96ceb3eb4b582d3176b7a18d5a1d1eda4e5b8a0f87777,https://data.chain.link/streams/zec-usd-twap-60s-streams,1574.9627286196067,2026-09-18 23:31:27+00
bnb-updown-15m-1789774200,BNB,"BNB Up or Down - September 18, 7:30PM-7:45PM ET",2026-09-18T23:45:00Z,2026-09-18T23:30:00Z,762.2179964046255,Down,"[""0"", ""1""]",0.17,253.976342,,-0.5045,0.001,resolved,0xbcd713e4adca1cfaf5c0990d369089facbc9853f51c841f53c0c730758756559,https://data.chain.link/streams/bnb-usd-twap-60s-streams,761.7174352830866,2026-09-18 23:45:54+00
btc-updown-15m-1789774200,BTC,"Bitcoin Up or Down - September 18, 7:30PM-7:45PM ET",2026-09-18T23:45:00Z,2026-09-18T23:30:00Z,80990.83531978735,Down,"[""0"", ""1""]",0.02,23567.034748000002,,-0.5045,0.001,resolved,0x12e6eb3f5a3e7ade4813e22f34fa04da92d1e03daec058bd00a4c1e77a881848,https://data.chain.link/streams/btc-usd-twap-60s-streams,80897.94147933922,2026-09-18 23:45:54+00
doge-updown-15m-1789774200,DOGE,"Dogecoin Up or Down - September 18, 7:30PM-7:45PM ET",2026-09-18T23:45:00Z,2026-09-18T23:30:00Z,0.08772795133178914,Down,"[""0"", ""1""]",0.24,261.83981600000004,,-0.495,0.01,resolved,0x803a0ee4e48e4fb36a95bf9e6ebbb5072937ef87fc86d726545e2decc31fcf1b,https://data.chain.link/streams/doge-usd-twap-60s-streams,0.08763291970517345,2026-09-18 23:45:54+00
eth-updown-15m-1789774200,ETH,"Ethereum Up or Down - September 18, 7:30PM-7:45PM ET",2026-09-18T23:45:00Z,2026-09-18T23:30:00Z,2613.995033991409,Down,"[""0"", ""1""]",0.06,2534.955304,,-0.5,0.01,resolved,0x9100ccacebfb748db95ae928ca41cbdd0ba86e070b913b837d918af4c9ec503e,https://data.chain.link/streams/eth-usd-twap-60s-streams,2612.0380699569355,2026-09-18 23:45:54+00
hype-updown-15m-1789774200,HYPE,"Hyperliquid Up or Down - September 18, 7:30PM-7:45PM ET",2026-09-18T23:45:00Z,2026-09-18T23:30:00Z,92.94924188521222,Down,"[""0"", ""1""]",0.13,116.428582,,-0.5,0.01,resolved,0xc96137ec3fa30f41ff61c45424e24fc03707d87663ceaa7656df192cbe08ced3,https://data.chain.link/streams/hype-usd-twap-60s-streams,92.77955920640186,2026-09-18 23:45:54+00
sol-updown-15m-1789774200,SOL,"Solana Up or Down - September 18, 7:30PM-7:45PM ET",2026-09-18T23:45:00Z,2026-09-18T23:30:00Z,113.11340088853967,Down,"[""0"", ""1""]",0.001,2156.2900959999997,,-0.5045,0.001,resolved,0x652d545fada9e3bbdc4bd79aa3a93fd6c12d5860c232855eace02a2a7527a15f,https://data.chain.link/streams/sol-usd-twap-60s-streams,112.8592669471874,2026-09-18 23:45:52+00
xrp-updown-15m-1789774200,XRP,"XRP Up or Down - September 18, 7:30PM-7:45PM ET",2026-09-18T23:45:00Z,2026-09-18T23:30:00Z,1.3977983252676163,Down,"[""0"", ""1""]",0.02,1286.1261840000002,,-0.5,0.01,resolved,0x4c989510dc9a1d00af09efc564cdc4c42782f607b6b663ad1d2cc35434b1d20f,https://data.chain.link/streams/xrp-usd-twap-60s-streams,1.396330410603719,2026-09-18 23:45:52+00
zec-updown-15m-1789774200,ZEC,"ZCash Up or Down - September 18, 7:30PM-7:45PM ET",2026-09-18T23:45:00Z,2026-09-18T23:30:00Z,1574.9627286196067,Down,"[""0"", ""1""]",,36,,-0.495,0.01,resolved,0x1aecc546de3ca40bb681483826e3909e48b379595e8cd1c87ee07063be52f18f,https://data.chain.link/streams/zec-usd-twap-60s-streams,1570.7206559752667,2026-09-18 23:45:52+00
bnb-updown-15m-1789775100,BNB,"BNB Up or Down - September 18, 7:45PM-8:00PM ET",2026-09-19T00:00:00Z,2026-09-18T23:45:00Z,761.7174352830866,Down,"[""0"", ""1""]",0.38,34.7501,,-0.41,0.01,resolved,0x50ec80e593726bdd626d48e07f13b3fadfa37ac6032fd5c2a6eb4950c0fe3ed2,https://data.chain.link/streams/bnb-usd-twap-60s-streams,761.1367102587697,2026-09-19 00:00:54+00
btc-updown-15m-1789775100,BTC,"Bitcoin Up or Down - September 18, 7:45PM-8:00PM ET",2026-09-19T00:00:00Z,2026-09-18T23:45:00Z,80897.94147933922,Down,"[""0"", ""1""]",0.06,39662.29799300001,,0.035,0.01,resolved,0xde6e0ebf5b4085c13973e8285746d6d4812b5e6dd5507820bf3f1502c9d5dfa9,https://data.chain.link/streams/btc-usd-twap-60s-streams,80877.30059534298,2026-09-19 00:00:54+00
doge-updown-15m-1789775100,DOGE,"Dogecoin Up or Down - September 18, 7:45PM-8:00PM ET",2026-09-19T00:00:00Z,2026-09-18T23:45:00Z,0.08763291970517345,Down,"[""0"", ""1""]",0.04,270.028463,,-0.4945,0.001,resolved,0x9cf1840d5b3b7753801381fee6d7ced5fbda6cf79e3f305fca70b6cf33c594b1,https://data.chain.link/streams/doge-usd-twap-60s-streams,0.08743791577951048,2026-09-19 00:00:54+00
eth-updown-15m-1789775100,ETH,"Ethereum Up or Down - September 18, 7:45PM-8:00PM ET",2026-09-19T00:00:00Z,2026-09-18T23:45:00Z,2612.0380699569355,Down,"[""0"", ""1""]",0.01,4771.5910619999995,,-0.13,0.01,resolved,0x18603be32e086cc613d23b6889b7ff3d31843acee0a0d5ef6cbc5f375c9e9fd6,https://data.chain.link/streams/eth-usd-twap-60s-streams,2611.465858442043,2026-09-19 00:00:54+00
hype-updown-15m-1789775100,HYPE,"Hyperliquid Up or Down - September 18, 7:45PM-8:00PM ET",2026-09-19T00:00:00Z,2026-09-18T23:45:00Z,92.77955920640186,Down,"[""0"", ""1""]",0.08,,,-0.4995,0.001,resolved,0xb7b8114b3dc8cdaa0f5ee1a9ca0fe2e7d1baa8c5d0177d9edd9180365a98bfbc,https://data.chain.link/streams/hype-usd-twap-60s-streams,92.53354976908099,2026-09-19 00:00:54+00
sol-updown-15m-1789775100,SOL,"Solana Up or Down - September 18, 7:45PM-8:00PM ET",2026-09-19T00:00:00Z,2026-09-18T23:45:00Z,112.8592669471874,Down,"[""0"", ""1""]",0.11,438.60759700000006,5,-0.4995,0.001,resolved,0x9a4f9b8a94aea55f51c74ffae0d2a53a6b15022570ce009a723dfd19f7b33667,https://data.chain.link/streams/sol-usd-twap-60s-streams,112.67389308984248,2026-09-19 00:00:54+00
xrp-updown-15m-1789775100,XRP,"XRP Up or Down - September 18, 7:45PM-8:00PM ET",2026-09-19T00:00:00Z,2026-09-18T23:45:00Z,1.396330410603719,Down,"[""0"", ""1""]",0.01,1183.6964090000001,5,0.08,0.01,resolved,0x5248a60ea6f5ca75aadfd67798f4b90f62832f48c0b337d53592ea745f7499bf,https://data.chain.link/streams/xrp-usd-twap-60s-streams,1.3962355879825834,2026-09-19 00:01:01+00
zec-updown-15m-1789775100,ZEC,"ZCash Up or Down - September 18, 7:45PM-8:00PM ET",2026-09-19T00:00:00Z,2026-09-18T23:45:00Z,1570.7206559752667,Down,"[""0"", ""1""]",,,,-0.005,0.01,resolved,0x6e966cd2c48bee3dbc299ea90a5a20cd7ec8bff30585914c64991f814bdd5579,https://data.chain.link/streams/zec-usd-twap-60s-streams,1560.571859436563,2026-09-19 00:00:54+00
