slug,asset,question,endDate,eventStartTime,priceToBeat,winningOutcome,outcomePrices,lastTradePrice,volume,openInterest,oneHourPriceChange,spread,umaResolutionStatus,conditionId,resolutionSource,finalPrice,closedTime
bnb-updown-15m-1786147200,BNB,"BNB Up or Down - August 7, 8:00PM-8:15PM ET",2026-08-08T00:15:00Z,2026-08-08T00:00:00Z,592.1909152163379,Down,"[""0"", ""1""]",0.11,404.367405,,-0.5045,0.001,resolved,0xc73a5c3c49328987b864917e5666b8fc315be56c8d4b1c131723a081b6e3cfc1,https://data.chain.link/streams/bnb-usd-twap-60s-streams,,
btc-updown-15m-1786147200,BTC,"Bitcoin Up or Down - August 7, 8:00PM-8:15PM ET",2026-08-08T00:15:00Z,2026-08-08T00:00:00Z,64889.55887289402,Down,"[""0"", ""1""]",0.01,20280.979863999997,51.603919,-0.5,0.01,resolved,0x6b6e294b1141c87fac4410ee96c1a74351d77f310df6fa9f7c9210554adf6f8c,https://data.chain.link/streams/btc-usd-twap-60s-streams,,
doge-updown-15m-1786147200,DOGE,"Dogecoin Up or Down - August 7, 8:00PM-8:15PM ET",2026-08-08T00:15:00Z,2026-08-08T00:00:00Z,0.06961308483833256,Up,"[""1"", ""0""]",0.999,394.8698589999999,,0.4995,0.001,resolved,0xdbb251968cadce3e23ffab11111a82b31ba79d0337cfd94b9fa5076486f86b0e,https://data.chain.link/streams/doge-usd-twap-60s-streams,,
eth-updown-15m-1786147200,ETH,"Ethereum Up or Down - August 7, 8:00PM-8:15PM ET",2026-08-08T00:15:00Z,2026-08-08T00:00:00Z,1913.0963990343828,Up,"[""1"", ""0""]",0.99,6165.610443,1.960783,0.49,0.01,resolved,0x41ebb485d964e399f3f338c4f0b283a6ec15f698884f0b588e66fcdf78c2c261,https://data.chain.link/streams/eth-usd-twap-60s-streams,,
hype-updown-15m-1786147200,HYPE,"Hyperliquid Up or Down - August 7, 8:00PM-8:15PM ET",2026-08-08T00:15:00Z,2026-08-08T00:00:00Z,54.08689762494471,Up,"[""1"", ""0""]",0.99,242.066238,,0.495,0.01,resolved,0x660f533adabf81e3ef57f0d069b5fd622885c8c6797000ccacd54cc125d87ac0,https://data.chain.link/streams/hype-usd-twap-60s-streams,,
sol-updown-15m-1786147200,SOL,"Solana Up or Down - August 7, 8:00PM-8:15PM ET",2026-08-08T00:15:00Z,2026-08-08T00:00:00Z,73.63874436220684,Down,"[""0"", ""1""]",0.02,2465.486467,1.960783,-0.5,0.01,resolved,0x1492d4c144f3c08ee90198d7e5c5a90a15a29f8a46b37fc2a483ccb8949977f3,https://data.chain.link/streams/sol-usd-twap-60s-streams,,
xrp-updown-15m-1786147200,XRP,"XRP Up or Down - August 7, 8:00PM-8:15PM ET",2026-08-08T00:15:00Z,2026-08-08T00:00:00Z,1.020898061629983,Up,"[""1"", ""0""]",0.999,1246.96191,1.960783,0.4945,0.001,resolved,0x85cd27e1fc45bced4d414a7d35a0cc9db620e388879ca84ae93f7665e791e495,https://data.chain.link/streams/xrp-usd-twap-60s-streams,,
zec-updown-15m-1786147200,ZEC,"ZCash Up or Down - August 7, 8:00PM-8:15PM ET",2026-08-08T00:15:00Z,2026-08-08T00:00:00Z,511.3135907498042,Down,"[""0"", ""1""]",,25,,-0.495,0.01,resolved,0x7afd6e6346ae651ee35c7162c4f72876cb991e91a448b6249683ce9d7f0031a4,https://data.chain.link/streams/zec-usd-twap-60s-streams,,
bnb-updown-15m-1786148100,BNB,"BNB Up or Down - August 7, 8:15PM-8:30PM ET",2026-08-08T00:30:00Z,2026-08-08T00:15:00Z,591.6403651340701,Down,"[""0"", ""1""]",0.032,339.91355699999997,,-0.5045,0.001,resolved,0x85e0187cca8e79d6d018b8d18506b66b8c8233f00cde3a3a0f43705e8ec9ee43,https://data.chain.link/streams/bnb-usd-twap-60s-streams,,
btc-updown-15m-1786148100,BTC,"Bitcoin Up or Down - August 7, 8:15PM-8:30PM ET",2026-08-08T00:30:00Z,2026-08-08T00:15:00Z,64870.716840322486,Down,"[""0"", ""1""]",0.002,27673.470687999987,,-0.5045,0.001,resolved,0xcd7bad8e2b5322b449251fd557ad6135e7f7ee36c73271a6e491ca6404a287d5,https://data.chain.link/streams/btc-usd-twap-60s-streams,,
doge-updown-15m-1786148100,DOGE,"Dogecoin Up or Down - August 7, 8:15PM-8:30PM ET",2026-08-08T00:30:00Z,2026-08-08T00:15:00Z,0.0696746164515632,Up,"[""1"", ""0""]",0.99,470.9098480000001,,0.4995,0.001,resolved,0xb7f7ae0da6386a8cfbd7e423ee8dff2e45f95198a89692fc7c2cc7c492732220,https://data.chain.link/streams/doge-usd-twap-60s-streams,,
eth-updown-15m-1786148100,ETH,"Ethereum Up or Down - August 7, 8:15PM-8:30PM ET",2026-08-08T00:30:00Z,2026-08-08T00:15:00Z,1913.3861207716457,Down,"[""0"", ""1""]",0.036,4494.665088000002,,-0.5045,0.001,resolved,0x71d3b327e03501a8ac16c08991ec5ec3589902981f96d7e03c43f8eb58fd4be3,https://data.chain.link/streams/eth-usd-twap-60s-streams,,
hype-updown-15m-1786148100,HYPE,"Hyperliquid Up or Down - August 7, 8:15PM-8:30PM ET",2026-08-08T00:30:00Z,2026-08-08T00:15:00Z,54.14195503326838,Down,"[""0"", ""1""]",0.05,203.357203,,-0.4995,0.001,resolved,0x0fd3bfc65c6b9a06ba952f0a71c75540c72e68e06037640c841bd6c5339e723f,https://data.chain.link/streams/hype-usd-twap-60s-streams,,
sol-updown-15m-1786148100,SOL,"Solana Up or Down - August 7, 8:15PM-8:30PM ET",2026-08-08T00:30:00Z,2026-08-08T00:15:00Z,73.62611889367798,Down,"[""0"", ""1""]",0.001,3512.6940170000003,,-0.5045,0.001,resolved,0x55b24ba041f7cc3dd6e0fcbd36b4f9d24b056e77440e884dcace05020c3abe15,https://data.chain.link/streams/sol-usd-twap-60s-streams,,
xrp-updown-15m-1786148100,XRP,"XRP Up or Down - August 7, 8:15PM-8:30PM ET",2026-08-08T00:30:00Z,2026-08-08T00:15:00Z,1.022908201734809,Up,"[""1"", ""0""]",0.99,695.988118,,0.4945,0.001,resolved,0xff9a6e66f805c74ab4fec784ca71b2b0371553e6aeaad08f732acdb92d83a5df,https://data.chain.link/streams/xrp-usd-twap-60s-streams,,
zec-updown-15m-1786148100,ZEC,"ZCash Up or Down - August 7, 8:15PM-8:30PM ET",2026-08-08T00:30:00Z,2026-08-08T00:15:00Z,510.0613148685867,Down,"[""0"", ""1""]",,25,,-0.495,0.01,resolved,0x1ebf5d3e9b73a47e4c36fbb427ce3b3956d280019a78654a145a81babc45d4e2,https://data.chain.link/streams/zec-usd-twap-60s-streams,,
bnb-updown-15m-1786149000,BNB,"BNB Up or Down - August 7, 8:30PM-8:45PM ET",2026-08-08T00:45:00Z,2026-08-08T00:30:00Z,591.1254057923423,Down,"[""0"", ""1""]",0.007,,,-0.5045,0.001,resolved,0xa14271df0ab19fac9c2b9f0ba88dd981f93600987948cddce6cafd0d012b8f62,https://data.chain.link/streams/bnb-usd-twap-60s-streams,,
btc-updown-15m-1786149000,BTC,"Bitcoin Up or Down - August 7, 8:30PM-8:45PM ET",2026-08-08T00:45:00Z,2026-08-08T00:30:00Z,64846.041845743406,Up,"[""1"", ""0""]",0.99,26224.85333500001,,0.49,0.01,resolved,0x84cec35e9e0d1fd25acceaf194f2de45e74ead1eb9e3afce8af5c8b53af366e0,https://data.chain.link/streams/btc-usd-twap-60s-streams,,
doge-updown-15m-1786149000,DOGE,"Dogecoin Up or Down - August 7, 8:30PM-8:45PM ET",2026-08-08T00:45:00Z,2026-08-08T00:30:00Z,0.0697062724695812,Up,"[""1"", ""0""]",0.999,367.271689,,0.4995,0.001,resolved,0xf7be37968478701a7f29803ac442051d0660c1041918f671d91df61c5eeb88a1,https://data.chain.link/streams/doge-usd-twap-60s-streams,,
eth-updown-15m-1786149000,ETH,"Ethereum Up or Down - August 7, 8:30PM-8:45PM ET",2026-08-08T00:45:00Z,2026-08-08T00:30:00Z,1913.1400024901038,Up,"[""1"", ""0""]",0.99,2933.9588009999998,,0.4945,0.001,resolved,0x89e92447b421653a8ae88515577bfe1d376558639d22ff0b84c982659a3ead01,https://data.chain.link/streams/eth-usd-twap-60s-streams,,
hype-updown-15m-1786149000,HYPE,"Hyperliquid Up or Down - August 7, 8:30PM-8:45PM ET",2026-08-08T00:45:00Z,2026-08-08T00:30:00Z,54.11079065316704,Down,"[""0"", ""1""]",0.15,,,-0.4995,0.001,resolved,0x945332b9098dcab9e7c05f833c064a716ff06769b9c924663a572c51caf448cb,https://data.chain.link/streams/hype-usd-twap-60s-streams,,
sol-updown-15m-1786149000,SOL,"Solana Up or Down - August 7, 8:30PM-8:45PM ET",2026-08-08T00:45:00Z,2026-08-08T00:30:00Z,73.6148864870685,Up,"[""1"", ""0""]",0.99,1755.5516909999997,,0.49,0.01,resolved,0x19f3a584123089dbc5f6ff002a1d978d4676e99ee0b3bfec689d3604b9947057,https://data.chain.link/streams/sol-usd-twap-60s-streams,,
xrp-updown-15m-1786149000,XRP,"XRP Up or Down - August 7, 8:30PM-8:45PM ET",2026-08-08T00:45:00Z,2026-08-08T00:30:00Z,1.023533041918171,Up,"[""1"", ""0""]",0.999,688.553498,,0.4945,0.001,resolved,0xb25acd38c4e47e7727fb2f786e0b13c0760b6d558cee24712fbfa05a5415a11e,https://data.chain.link/streams/xrp-usd-twap-60s-streams,,
zec-updown-15m-1786149000,ZEC,"ZCash Up or Down - August 7, 8:30PM-8:45PM ET",2026-08-08T00:45:00Z,2026-08-08T00:30:00Z,508.2459304817351,Up,"[""1"", ""0""]",0.98,,,0.495,0.01,resolved,0xde9b9941482eb488dd6c2f66386fe5a7fe098f32138c07e9ee37240f780bb729,https://data.chain.link/streams/zec-usd-twap-60s-streams,,
bnb-updown-15m-1786149900,BNB,"BNB Up or Down - August 7, 8:45PM-9:00PM ET",2026-08-08T01:00:00Z,2026-08-08T00:45:00Z,590.512555508745,Up,"[""1"", ""0""]",0.99,636.3361969999999,228.747436,0.495,0.01,resolved,0x2cced7489ac7bbcd34f5dbcf1e2e3b1c3ba27534ab33e94fd0dfedd8d5636a95,https://data.chain.link/streams/bnb-usd-twap-60s-streams,,
btc-updown-15m-1786149900,BTC,"Bitcoin Up or Down - August 7, 8:45PM-9:00PM ET",2026-08-08T01:00:00Z,2026-08-08T00:45:00Z,64860.14752602904,Up,"[""1"", ""0""]",0.999,18918.010843,7152.49798,0.4995,0.001,resolved,0xd1c08ccad1d45661883bf0904061aede6330c926955b95b46a2a434abd3300dd,https://data.chain.link/streams/btc-usd-twap-60s-streams,,
doge-updown-15m-1786149900,DOGE,"Dogecoin Up or Down - August 7, 8:45PM-9:00PM ET",2026-08-08T01:00:00Z,2026-08-08T00:45:00Z,0.06977224414328108,Down,"[""0"", ""1""]",0.12,688.3242539999999,253.44013,-0.4995,0.001,resolved,0x67d96901f46e1b7cd680113ed2acc7f974db64012c8f6c9a91f79e09472868e1,https://data.chain.link/streams/doge-usd-twap-60s-streams,,
eth-updown-15m-1786149900,ETH,"Ethereum Up or Down - August 7, 8:45PM-9:00PM ET",2026-08-08T01:00:00Z,2026-08-08T00:45:00Z,1913.6554549702316,Down,"[""0"", ""1""]",0.01,4153.529165000001,2296.529311,-0.5045,0.001,resolved,0xf16a845278901000ce405df5f66c18b857d16673824640d930536a0385fd9603,https://data.chain.link/streams/eth-usd-twap-60s-streams,,
hype-updown-15m-1786149900,HYPE,"Hyperliquid Up or Down - August 7, 8:45PM-9:00PM ET",2026-08-08T01:00:00Z,2026-08-08T00:45:00Z,53.886370878564655,Up,"[""1"", ""0""]",0.999,283.71798,116.666664,0.4995,0.001,resolved,0x69a7a228a466f5e72aa09b2c23c2e934ef57b5661b9f374373693432317e0147,https://data.chain.link/streams/hype-usd-twap-60s-streams,,
sol-updown-15m-1786149900,SOL,"Solana Up or Down - August 7, 8:45PM-9:00PM ET",2026-08-08T01:00:00Z,2026-08-08T00:45:00Z,73.64058743423018,Up,"[""1"", ""0""]",0.998,1697.5526459999999,1037.244596,0.5095,0.001,resolved,0x02b447aacd575db26579eecdfc2f41fda1e2bcdd2a47a8dbe820358bafa52f2b,https://data.chain.link/streams/sol-usd-twap-60s-streams,,
xrp-updown-15m-1786149900,XRP,"XRP Up or Down - August 7, 8:45PM-9:00PM ET",2026-08-08T01:00:00Z,2026-08-08T00:45:00Z,1.0243834467572668,Up,"[""1"", ""0""]",0.999,2102.030661999999,762.290234,0.4945,0.001,resolved,0xba57a1c354ef73d3bc19eca3fdce280a024c3e60620388613b01d81edfcbbd21,https://data.chain.link/streams/xrp-usd-twap-60s-streams,,
zec-updown-15m-1786149900,ZEC,"ZCash Up or Down - August 7, 8:45PM-9:00PM ET",2026-08-08T01:00:00Z,2026-08-08T00:45:00Z,508.2511788043146,Down,"[""0"", ""1""]",,25,,-0.495,0.01,resolved,0xa36f1eefb3efdfe54ca62f41d3f848e72d7ea8a98424c46466946df34008975e,https://data.chain.link/streams/zec-usd-twap-60s-streams,,
bnb-updown-15m-1786150800,BNB,"BNB Up or Down - August 7, 9:00PM-9:15PM ET",2026-08-08T01:15:00Z,2026-08-08T01:00:00Z,590.557859240611,Down,"[""0"", ""1""]",0.4,624.5538329999999,,-0.5,0.01,resolved,0x579ce8ea2fa95f0b22fbe2800b17aeba22ed61affb4f855609bcbb0006b786cc,https://data.chain.link/streams/bnb-usd-twap-60s-streams,,
btc-updown-15m-1786150800,BTC,"Bitcoin Up or Down - August 7, 9:00PM-9:15PM ET",2026-08-08T01:15:00Z,2026-08-08T01:00:00Z,64878.88284911744,Up,"[""1"", ""0""]",0.999,24908.803411999994,38.23529,0.4945,0.001,resolved,0x6f73040197630ba1fcd03012c68a471ae248bad5c289388d550d3ed0777aa760,https://data.chain.link/streams/btc-usd-twap-60s-streams,,
doge-updown-15m-1786150800,DOGE,"Dogecoin Up or Down - August 7, 9:00PM-9:15PM ET",2026-08-08T01:15:00Z,2026-08-08T01:00:00Z,0.06969583869500037,Up,"[""1"", ""0""]",0.999,313.571074,,0.4995,0.001,resolved,0x607fed46113cf8b4678f9a16be55f7028f42b72a3cf66ade18219bddbfd9f416,https://data.chain.link/streams/doge-usd-twap-60s-streams,,
eth-updown-15m-1786150800,ETH,"Ethereum Up or Down - August 7, 9:00PM-9:15PM ET",2026-08-08T01:15:00Z,2026-08-08T01:00:00Z,1913.3343998728096,Up,"[""1"", ""0""]",0.99,4648.008568,18.960783,0.49,0.01,resolved,0xf4bf689419c4efef30c9c2fbfa180ed5b5398dfe2261266cba77ba0158c4028b,https://data.chain.link/streams/eth-usd-twap-60s-streams,,
hype-updown-15m-1786150800,HYPE,"Hyperliquid Up or Down - August 7, 9:00PM-9:15PM ET",2026-08-08T01:15:00Z,2026-08-08T01:00:00Z,54.02137186621035,Up,"[""1"", ""0""]",0.999,203.688215,,0.4995,0.001,resolved,0x61ec38b4892c0f134fd66bf8732eeeba11771a3de2c9fee382092419e15722a2,https://data.chain.link/streams/hype-usd-twap-60s-streams,,
sol-updown-15m-1786150800,SOL,"Solana Up or Down - August 7, 9:00PM-9:15PM ET",2026-08-08T01:15:00Z,2026-08-08T01:00:00Z,73.67427764875197,Up,"[""1"", ""0""]",0.999,1967.4436010000002,3.921566,0.49,0.01,resolved,0x0c75adfb72a32be59a61e442b02f09ae2e46bcfc863ebf85e6b454604d859fe5,https://data.chain.link/streams/sol-usd-twap-60s-streams,,
xrp-updown-15m-1786150800,XRP,"XRP Up or Down - August 7, 9:00PM-9:15PM ET",2026-08-08T01:15:00Z,2026-08-08T01:00:00Z,1.0244291187532357,Up,"[""1"", ""0""]",0.999,977.646233,1.923075,0.4945,0.001,resolved,0xec2bf7fd6bf6dacc8691912ed4b4bf3a2de357a17a2aa6959bf9b534d838d134,https://data.chain.link/streams/xrp-usd-twap-60s-streams,,
zec-updown-15m-1786150800,ZEC,"ZCash Up or Down - August 7, 9:00PM-9:15PM ET",2026-08-08T01:15:00Z,2026-08-08T01:00:00Z,506.9306608681662,Up,"[""1"", ""0""]",0.98,,,0.495,0.01,resolved,0x79eea36a493a54015b56c964006f45e8cbc83e0ce2941f5afc932ce570627f3b,https://data.chain.link/streams/zec-usd-twap-60s-streams,,
bnb-updown-15m-1786151700,BNB,"BNB Up or Down - August 7, 9:15PM-9:30PM ET",2026-08-08T01:30:00Z,2026-08-08T01:15:00Z,590.5334863479778,Up,"[""1"", ""0""]",0.99,630.664708,5.882351,0.49,0.01,resolved,0x898bacfe56f0256dfefb7ffc271a016ed66e72e66ea799af8b2008e49d04ba7d,https://data.chain.link/streams/bnb-usd-twap-60s-streams,,
btc-updown-15m-1786151700,BTC,"Bitcoin Up or Down - August 7, 9:15PM-9:30PM ET",2026-08-08T01:30:00Z,2026-08-08T01:15:00Z,64920.48051400732,Down,"[""0"", ""1""]",0.001,16254.826523999996,,-0.5045,0.001,resolved,0x83a524eb57ae359d1d55e1162fc53c66f20fb237cac1f22951e3b74fa625aafc,https://data.chain.link/streams/btc-usd-twap-60s-streams,,
doge-updown-15m-1786151700,DOGE,"Dogecoin Up or Down - August 7, 9:15PM-9:30PM ET",2026-08-08T01:30:00Z,2026-08-08T01:15:00Z,0.06982305386734408,Up,"[""1"", ""0""]",0.99,256.485978,3.921567,0.4995,0.001,resolved,0xcfacd93a37d5ca0859a451e6650b1aecaf1c442a4ad9d69df1af03df52898dee,https://data.chain.link/streams/doge-usd-twap-60s-streams,,
eth-updown-15m-1786151700,ETH,"Ethereum Up or Down - August 7, 9:15PM-9:30PM ET",2026-08-08T01:30:00Z,2026-08-08T01:15:00Z,1913.6302486862137,Up,"[""1"", ""0""]",0.99,8007.637597999999,,0.49,0.01,resolved,0x667a8bf676c70ae753c4dfe48b0320abf82fb4b8b247baa0086a61285616baeb,https://data.chain.link/streams/eth-usd-twap-60s-streams,,
hype-updown-15m-1786151700,HYPE,"Hyperliquid Up or Down - August 7, 9:15PM-9:30PM ET",2026-08-08T01:30:00Z,2026-08-08T01:15:00Z,54.14968377834975,Down,"[""0"", ""1""]",0.001,1390.991114,,-0.495,0.01,resolved,0x2179ac202ae8ec38e37227e0e32290989b7cff11003e98fae9beca72056d9498,https://data.chain.link/streams/hype-usd-twap-60s-streams,,
sol-updown-15m-1786151700,SOL,"Solana Up or Down - August 7, 9:15PM-9:30PM ET",2026-08-08T01:30:00Z,2026-08-08T01:15:00Z,73.70924295209115,Up,"[""1"", ""0""]",0.999,1322.0525760000003,3.921567,0.4945,0.001,resolved,0xedcf91032a6c7f108b8644e7c2910f401d941f5991cd0699f2cbef1a05f5201e,https://data.chain.link/streams/sol-usd-twap-60s-streams,,
xrp-updown-15m-1786151700,XRP,"XRP Up or Down - August 7, 9:15PM-9:30PM ET",2026-08-08T01:30:00Z,2026-08-08T01:15:00Z,1.0255303085525476,Up,"[""1"", ""0""]",0.999,1226.7087820000002,,0.4945,0.001,resolved,0x386e1bc73c0d580cf946da918750bb202ecd2954226bf6b78ad45970f4b609a5,https://data.chain.link/streams/xrp-usd-twap-60s-streams,,
zec-updown-15m-1786151700,ZEC,"ZCash Up or Down - August 7, 9:15PM-9:30PM ET",2026-08-08T01:30:00Z,2026-08-08T01:15:00Z,507.61540520197275,Up,"[""1"", ""0""]",0.98,,,0.495,0.01,resolved,0xb7379414921a809b8ee2836290c522ca983415a1a52d29bdd2cc23b02de57fcf,https://data.chain.link/streams/zec-usd-twap-60s-streams,,
bnb-updown-15m-1786152600,BNB,"BNB Up or Down - August 7, 9:30PM-9:45PM ET",2026-08-08T01:45:00Z,2026-08-08T01:30:00Z,590.5408891996277,Up,"[""1"", ""0""]",0.98,805.817466,11.862741,0.5,0.01,resolved,0x0fc03f6a0c0da0e3fe936fd2278d17699957fa7f97638426ad1322ed47d79951,https://data.chain.link/streams/bnb-usd-twap-60s-streams,,
btc-updown-15m-1786152600,BTC,"Bitcoin Up or Down - August 7, 9:30PM-9:45PM ET",2026-08-08T01:45:00Z,2026-08-08T01:30:00Z,64878.163418380114,Up,"[""1"", ""0""]",0.99,32006.576579000004,,0.49,0.01,resolved,0x9e70a3eee6140fa29d00334d5c078c093c968d9a3483bdd83acfc19359c1ce1b,https://data.chain.link/streams/btc-usd-twap-60s-streams,,
doge-updown-15m-1786152600,DOGE,"Dogecoin Up or Down - August 7, 9:30PM-9:45PM ET",2026-08-08T01:45:00Z,2026-08-08T01:30:00Z,0.06987005791158987,Up,"[""1"", ""0""]",0.999,401.87651900000003,,0.4995,0.001,resolved,0xec3f48b092e0847f39d2d7f7c4ac05d2f90822cdcac757dfd85d66fef38c3ceb,https://data.chain.link/streams/doge-usd-twap-60s-streams,,
eth-updown-15m-1786152600,ETH,"Ethereum Up or Down - August 7, 9:30PM-9:45PM ET",2026-08-08T01:45:00Z,2026-08-08T01:30:00Z,1913.6712122960723,Up,"[""1"", ""0""]",0.999,2674.284407,,0.4945,0.001,resolved,0xd9ef64843f4abe11806d14e9cda0261a9cabfda1607f4e20ee6d0c82da1957c0,https://data.chain.link/streams/eth-usd-twap-60s-streams,,
hype-updown-15m-1786152600,HYPE,"Hyperliquid Up or Down - August 7, 9:30PM-9:45PM ET",2026-08-08T01:45:00Z,2026-08-08T01:30:00Z,54.14234690799847,Up,"[""1"", ""0""]",0.99,115.51091699999999,,0.4995,0.001,resolved,0xb63263fb595fa28d1796df102853e938a30c427cc0ea4fb5606ed0088eb15580,https://data.chain.link/streams/hype-usd-twap-60s-streams,,
sol-updown-15m-1786152600,SOL,"Solana Up or Down - August 7, 9:30PM-9:45PM ET",2026-08-08T01:45:00Z,2026-08-08T01:30:00Z,73.78058842819674,Up,"[""1"", ""0""]",0.999,1302.8982009999997,7.921567,0.4945,0.001,resolved,0x8a1b3c23de4beefd8604950a51ec8c22d4806b2f0704556761c0200ad12aba27,https://data.chain.link/streams/sol-usd-twap-60s-streams,,
xrp-updown-15m-1786152600,XRP,"XRP Up or Down - August 7, 9:30PM-9:45PM ET",2026-08-08T01:45:00Z,2026-08-08T01:30:00Z,1.026580517432667,Up,"[""1"", ""0""]",0.999,1344.789791,3.921567,0.4945,0.001,resolved,0x466ac370e03186a434a8b0e2d267676c73008621b25e08fb8d286fbeb63739b2,https://data.chain.link/streams/xrp-usd-twap-60s-streams,,
zec-updown-15m-1786152600,ZEC,"ZCash Up or Down - August 7, 9:30PM-9:45PM ET",2026-08-08T01:45:00Z,2026-08-08T01:30:00Z,507.88068562413514,Down,"[""0"", ""1""]",,,,-0.495,0.01,resolved,0xd5b48edf0fd3f903a390aba294a4b2e746a9aec9e6a79dd8cf6e418358ead25d,https://data.chain.link/streams/zec-usd-twap-60s-streams,,
bnb-updown-15m-1786153500,BNB,"BNB Up or Down - August 7, 9:45PM-10:00PM ET",2026-08-08T02:00:00Z,2026-08-08T01:45:00Z,590.5474338891709,Up,"[""1"", ""0""]",0.99,1611.055871,175.189328,0.49,0.01,resolved,0xeb24185c5e02f72bf6ec43c3125366f1daa8a652ce8fb8c30f66d4b073eefbc5,https://data.chain.link/streams/bnb-usd-twap-60s-streams,,
btc-updown-15m-1786153500,BTC,"Bitcoin Up or Down - August 7, 9:45PM-10:00PM ET",2026-08-08T02:00:00Z,2026-08-08T01:45:00Z,64894.6130103066,Down,"[""0"", ""1""]",0.03,27876.527444000003,15697.043735,-0.5045,0.001,resolved,0xc89f5395e30701b65eda51fb1f73158524a7a2f4b619f382931473bdfe7fa57a,https://data.chain.link/streams/btc-usd-twap-60s-streams,,
doge-updown-15m-1786153500,DOGE,"Dogecoin Up or Down - August 7, 9:45PM-10:00PM ET",2026-08-08T02:00:00Z,2026-08-08T01:45:00Z,0.06995472561326346,Down,"[""0"", ""1""]",0.11,340.820943,281.913123,-0.5195,0.001,resolved,0x2b4e5c68bee49de816c85005a33828860bf043dd228a7d9368049eb89dd6bf88,https://data.chain.link/streams/doge-usd-twap-60s-streams,,
eth-updown-15m-1786153500,ETH,"Ethereum Up or Down - August 7, 9:45PM-10:00PM ET",2026-08-08T02:00:00Z,2026-08-08T01:45:00Z,1914.2902521782112,Down,"[""0"", ""1""]",0.03,3711.334173,3475.20536,-0.5045,0.001,resolved,0xf1d12754fd459f32543ddbabd2e7c569ee10b626f896d5d84335018e31e28cd5,https://data.chain.link/streams/eth-usd-twap-60s-streams,,
hype-updown-15m-1786153500,HYPE,"Hyperliquid Up or Down - August 7, 9:45PM-10:00PM ET",2026-08-08T02:00:00Z,2026-08-08T01:45:00Z,54.237953979134126,Down,"[""0"", ""1""]",0.13,192.530383,82.028983,-0.4995,0.001,resolved,0x3e8084cb6b2951a25cc3af87f855fd6839ae87b6e3099b81647cfb33f1b75166,https://data.chain.link/streams/hype-usd-twap-60s-streams,,
sol-updown-15m-1786153500,SOL,"Solana Up or Down - August 7, 9:45PM-10:00PM ET",2026-08-08T02:00:00Z,2026-08-08T01:45:00Z,73.90411206232525,Down,"[""0"", ""1""]",0.003,1793.045093,1331.745186,-0.5045,0.001,resolved,0x7ea4aacefbe2b9e89a6e01e09076259a32a72c5bb8b3c93ae1a12ad5345e5a1a,https://data.chain.link/streams/sol-usd-twap-60s-streams,,
xrp-updown-15m-1786153500,XRP,"XRP Up or Down - August 7, 9:45PM-10:00PM ET",2026-08-08T02:00:00Z,2026-08-08T01:45:00Z,1.0304277015150969,Down,"[""0"", ""1""]",0.051,1136.0381579999998,1242.819272,-0.5045,0.001,resolved,0x5d0c29adde172d1db7ed9dacde882de8d2749f24e8fa1dfa027bf68c06dae71c,https://data.chain.link/streams/xrp-usd-twap-60s-streams,,
zec-updown-15m-1786153500,ZEC,"ZCash Up or Down - August 7, 9:45PM-10:00PM ET",2026-08-08T02:00:00Z,2026-08-08T01:45:00Z,507.65906997012604,Down,"[""0"", ""1""]",,25,,-0.5,0.01,resolved,0x68db09f9af30fd52a3690ca910775ba1c3aa7dee3d8e85134b86cf2bd3dcf4e7,https://data.chain.link/streams/zec-usd-twap-60s-streams,,
bnb-updown-15m-1786154400,BNB,"BNB Up or Down - August 7, 10:00PM-10:15PM ET",2026-08-08T02:15:00Z,2026-08-08T02:00:00Z,590.5674014457893,Up,"[""1"", ""0""]",0.999,418.829868,5.960783,0.4945,0.001,resolved,0x1d4bfa2df0f66d0b60afc8bbd4d1f942968405d51f27677927cafe69f81e0bd8,https://data.chain.link/streams/bnb-usd-twap-60s-streams,,
btc-updown-15m-1786154400,BTC,"Bitcoin Up or Down - August 7, 10:00PM-10:15PM ET",2026-08-08T02:15:00Z,2026-08-08T02:00:00Z,64878.60856573108,Down,"[""0"", ""1""]",0.001,32047.73262500001,99.941173,-0.5045,0.001,resolved,0xae6fe6b3264d6779075ebb43c7fad2bd0d2cf8224f86c6f1ab6317992d3ad892,https://data.chain.link/streams/btc-usd-twap-60s-streams,,
doge-updown-15m-1786154400,DOGE,"Dogecoin Up or Down - August 7, 10:00PM-10:15PM ET",2026-08-08T02:15:00Z,2026-08-08T02:00:00Z,0.06991293971587045,Down,"[""0"", ""1""]",0.001,1573.5141110000002,1.960783,-0.495,0.01,resolved,0x4567ac73c527f18bb17547e5e0856ed298e80e9c969b217295a82785772659c0,https://data.chain.link/streams/doge-usd-twap-60s-streams,,
eth-updown-15m-1786154400,ETH,"Ethereum Up or Down - August 7, 10:00PM-10:15PM ET",2026-08-08T02:15:00Z,2026-08-08T02:00:00Z,1913.6358262453705,Down,"[""0"", ""1""]",0.01,3577.6104910000004,36.960783,-0.5045,0.001,resolved,0x75abd71020a4fb46a001fc8e34dc520bd7cea5b4d3dddbe54f17cf6d474eb6d4,https://data.chain.link/streams/eth-usd-twap-60s-streams,,
hype-updown-15m-1786154400,HYPE,"Hyperliquid Up or Down - August 7, 10:00PM-10:15PM ET",2026-08-08T02:15:00Z,2026-08-08T02:00:00Z,54.181424231343996,Down,"[""0"", ""1""]",0.26,300.499062,,-0.495,0.01,resolved,0x10a9a66d0448fc3a74df2b7481d68e51624d2806b54b37f3ddf8dd685b562d6d,https://data.chain.link/streams/hype-usd-twap-60s-streams,,
sol-updown-15m-1786154400,SOL,"Solana Up or Down - August 7, 10:00PM-10:15PM ET",2026-08-08T02:15:00Z,2026-08-08T02:00:00Z,73.84637040258262,Up,"[""1"", ""0""]",0.999,1220.5564599999998,7.921566,0.4945,0.001,resolved,0x1a6c5792ef8f7bff5e36258bcde69e6b0a0f1d774ee4498e7622549bd88c7ee9,https://data.chain.link/streams/sol-usd-twap-60s-streams,,
xrp-updown-15m-1786154400,XRP,"XRP Up or Down - August 7, 10:00PM-10:15PM ET",2026-08-08T02:15:00Z,2026-08-08T02:00:00Z,1.0297181791744803,Up,"[""1"", ""0""]",0.99,1205.234344,5.960782,0.49,0.01,resolved,0x77a7db4bc4c7990c0190bb292feefad458fa701123fbb743684c149b0972a9b2,https://data.chain.link/streams/xrp-usd-twap-60s-streams,,
zec-updown-15m-1786154400,ZEC,"ZCash Up or Down - August 7, 10:00PM-10:15PM ET",2026-08-08T02:15:00Z,2026-08-08T02:00:00Z,506.9524854787153,Down,"[""0"", ""1""]",,,,-0.495,0.01,resolved,0xd9d8e812ca5b53d71652ec9b68395b0d3489a58cf3721bd2f70cbb96bc424583,https://data.chain.link/streams/zec-usd-twap-60s-streams,,
bnb-updown-15m-1786155300,BNB,"BNB Up or Down - August 7, 10:15PM-10:30PM ET",2026-08-08T02:30:00Z,2026-08-08T02:15:00Z,590.8662542188432,Up,"[""1"", ""0""]",0.999,344.702064,6.963134,0.4945,0.001,resolved,0x8faa7f6e1fcd177d9739d00a277a6d1080f26313e99e036dd4a75fd1dcdc573d,https://data.chain.link/streams/bnb-usd-twap-60s-streams,,
btc-updown-15m-1786155300,BTC,"Bitcoin Up or Down - August 7, 10:15PM-10:30PM ET",2026-08-08T02:30:00Z,2026-08-08T02:15:00Z,64861.42904166217,Up,"[""1"", ""0""]",0.99,25639.998973999995,29.647049,0.4945,0.001,resolved,0xb10db0bb36090b28f4e315c69d52a108b9b6d56dc59636963be7093964d8eca9,https://data.chain.link/streams/btc-usd-twap-60s-streams,,
doge-updown-15m-1786155300,DOGE,"Dogecoin Up or Down - August 7, 10:15PM-10:30PM ET",2026-08-08T02:30:00Z,2026-08-08T02:15:00Z,0.0699109416873606,Down,"[""0"", ""1""]",0.001,957.710182,,-0.4995,0.001,resolved,0xdb7888247e40eb9262bb1d49f9df619cccc408155b19e3bf0bb66be3fb74a8f7,https://data.chain.link/streams/doge-usd-twap-60s-streams,,
eth-updown-15m-1786155300,ETH,"Ethereum Up or Down - August 7, 10:15PM-10:30PM ET",2026-08-08T02:30:00Z,2026-08-08T02:15:00Z,1912.3865371441789,Down,"[""0"", ""1""]",0.001,8968.698326,2,-0.5045,0.001,resolved,0xe1bcbbad01a8dbf758a83d3522a83c7f683d499331143dfe97f245117e30b5b3,https://data.chain.link/streams/eth-usd-twap-60s-streams,,
hype-updown-15m-1786155300,HYPE,"Hyperliquid Up or Down - August 7, 10:15PM-10:30PM ET",2026-08-08T02:30:00Z,2026-08-08T02:15:00Z,54.16955881145351,Down,"[""0"", ""1""]",0.01,312.659133,,-0.4995,0.001,resolved,0xc0551a47a73fe3bba174e00dbe64b0aedefecad441e550c3ad5151d502b9d8b3,https://data.chain.link/streams/hype-usd-twap-60s-streams,,
sol-updown-15m-1786155300,SOL,"Solana Up or Down - August 7, 10:15PM-10:30PM ET",2026-08-08T02:30:00Z,2026-08-08T02:15:00Z,73.91186470681139,Down,"[""0"", ""1""]",0.02,2301.671298,258.962084,-0.4795,0.001,resolved,0x22f058f4579d84406b6770dedf6b164f54ebf9e3f35e02c64db08bfaabf7d0f6,https://data.chain.link/streams/sol-usd-twap-60s-streams,,
xrp-updown-15m-1786155300,XRP,"XRP Up or Down - August 7, 10:15PM-10:30PM ET",2026-08-08T02:30:00Z,2026-08-08T02:15:00Z,1.030004614287015,Up,"[""1"", ""0""]",0.98,3052.4414989999996,268.301879,0.515,0.01,resolved,0xf55a9b5a38eeecc9b9ce002feaa4d4e827dc17eb5318f3ba3c3be2f54db120ae,https://data.chain.link/streams/xrp-usd-twap-60s-streams,,
zec-updown-15m-1786155300,ZEC,"ZCash Up or Down - August 7, 10:15PM-10:30PM ET",2026-08-08T02:30:00Z,2026-08-08T02:15:00Z,506.14201048563496,Down,"[""0"", ""1""]",,,,-0.495,0.01,resolved,0x17abc215886fb5535cf61aeadd5ad46633fa95b8c9de4bf7c9f26854ebcc3237,https://data.chain.link/streams/zec-usd-twap-60s-streams,,
bnb-updown-15m-1786156200,BNB,"BNB Up or Down - August 7, 10:30PM-10:45PM ET",2026-08-08T02:45:00Z,2026-08-08T02:30:00Z,591.1786203100992,Up,"[""1"", ""0""]",0.999,636.168669,,0.4945,0.001,resolved,0x1fcc9ecce3bde839384d9b8380e7543f5a1804abc2dc3b5b166e7a6b85503fe3,https://data.chain.link/streams/bnb-usd-twap-60s-streams,,
btc-updown-15m-1786156200,BTC,"Bitcoin Up or Down - August 7, 10:30PM-10:45PM ET",2026-08-08T02:45:00Z,2026-08-08T02:30:00Z,64889.438256257075,Down,"[""0"", ""1""]",0.01,19716.304442999997,,-0.5,0.01,resolved,0x4e9df0ce1bda85eb9012903f1fc0a9b2708da5f2f2c489eb10ddf7b5bde23297,https://data.chain.link/streams/btc-usd-twap-60s-streams,,
doge-updown-15m-1786156200,DOGE,"Dogecoin Up or Down - August 7, 10:30PM-10:45PM ET",2026-08-08T02:45:00Z,2026-08-08T02:30:00Z,0.06989763534795061,Up,"[""1"", ""0""]",0.97,,,0.495,0.01,resolved,0x1e89184faaff71506e721d8e60f7a778a05691a3098a68761266e46875b2d386,https://data.chain.link/streams/doge-usd-twap-60s-streams,,
eth-updown-15m-1786156200,ETH,"Ethereum Up or Down - August 7, 10:30PM-10:45PM ET",2026-08-08T02:45:00Z,2026-08-08T02:30:00Z,1912.1735933898685,Down,"[""0"", ""1""]",0.01,5735.320717999999,,-0.5,0.01,resolved,0x5056707cf965db65323f14f8bd5f6d082c1433d713c1273ce4ba4af8bb29f050,https://data.chain.link/streams/eth-usd-twap-60s-streams,,
hype-updown-15m-1786156200,HYPE,"Hyperliquid Up or Down - August 7, 10:30PM-10:45PM ET",2026-08-08T02:45:00Z,2026-08-08T02:30:00Z,54.0625062623275,Up,"[""1"", ""0""]",0.28,,,0.495,0.01,resolved,0xb9be50afd8febe64670b336d8e33eea55bd40f04fbe0c58c970b22a10a8c34bf,https://data.chain.link/streams/hype-usd-twap-60s-streams,,
sol-updown-15m-1786156200,SOL,"Solana Up or Down - August 7, 10:30PM-10:45PM ET",2026-08-08T02:45:00Z,2026-08-08T02:30:00Z,73.90330846694351,Up,"[""1"", ""0""]",0.99,1950.4668789999998,,0.49,0.01,resolved,0x98b60d4738beaa4de3ce380dbbebb510756ee40a7032704b1c972658e1ba69b6,https://data.chain.link/streams/sol-usd-twap-60s-streams,,
xrp-updown-15m-1786156200,XRP,"XRP Up or Down - August 7, 10:30PM-10:45PM ET",2026-08-08T02:45:00Z,2026-08-08T02:30:00Z,1.0300508326965498,Up,"[""1"", ""0""]",0.99,1677.1577279999997,,0.49,0.01,resolved,0x9b059eddba583d187c8c7bea4fcb895c900bf39eab73736741458f625c9e03fa,https://data.chain.link/streams/xrp-usd-twap-60s-streams,,
zec-updown-15m-1786156200,ZEC,"ZCash Up or Down - August 7, 10:30PM-10:45PM ET",2026-08-08T02:45:00Z,2026-08-08T02:30:00Z,505.418914121995,Up,"[""1"", ""0""]",0.98,,,0.495,0.01,resolved,0xea8d2491325ceeef453f562fd950393861a966dc038a16268f8cd92b5cf7cad1,https://data.chain.link/streams/zec-usd-twap-60s-streams,,
bnb-updown-15m-1786157100,BNB,"BNB Up or Down - August 7, 10:45PM-11:00PM ET",2026-08-08T03:00:00Z,2026-08-08T02:45:00Z,591.3332214749348,Up,"[""1"", ""0""]",0.99,550.213208,155.452076,0.49,0.01,resolved,0xeb8030082b4872925e2566462c9b3a0ab1aee3e3e46d3634a5bfe27bed334c7c,https://data.chain.link/streams/bnb-usd-twap-60s-streams,,
btc-updown-15m-1786157100,BTC,"Bitcoin Up or Down - August 7, 10:45PM-11:00PM ET",2026-08-08T03:00:00Z,2026-08-08T02:45:00Z,64882.76919527425,Up,"[""1"", ""0""]",0.999,21744.165403000003,9492.661779,0.4995,0.001,resolved,0x31249868d7a68e5c8b854cb48e05ea82729932f275a69d722029915c83d24052,https://data.chain.link/streams/btc-usd-twap-60s-streams,,
doge-updown-15m-1786157100,DOGE,"Dogecoin Up or Down - August 7, 10:45PM-11:00PM ET",2026-08-08T03:00:00Z,2026-08-08T02:45:00Z,0.06991055682326369,Down,"[""0"", ""1""]",0.22,214.29025099999998,158.123074,-0.4995,0.001,resolved,0xb1f1f6251c2aa828aacb0f7df4b8700d781e7ebb3550a2965b87d26d0a6278c5,https://data.chain.link/streams/doge-usd-twap-60s-streams,,
eth-updown-15m-1786157100,ETH,"Ethereum Up or Down - August 7, 10:45PM-11:00PM ET",2026-08-08T03:00:00Z,2026-08-08T02:45:00Z,1912.0785453263256,Up,"[""1"", ""0""]",0.99,6357.525815,4273.970309,0.49,0.01,resolved,0x62364b81241b1702b8629906da62d1dd4d839beea731090c4112b7bf191b0a6a,https://data.chain.link/streams/eth-usd-twap-60s-streams,,
hype-updown-15m-1786157100,HYPE,"Hyperliquid Up or Down - August 7, 10:45PM-11:00PM ET",2026-08-08T03:00:00Z,2026-08-08T02:45:00Z,54.0770981214552,Up,"[""1"", ""0""]",0.999,193.19571600000003,87.06557,0.4995,0.001,resolved,0x82a997db7eec22878559327e6250c97a63ae72a51a2e72100eae71c7ecbc5acd,https://data.chain.link/streams/hype-usd-twap-60s-streams,,
sol-updown-15m-1786157100,SOL,"Solana Up or Down - August 7, 10:45PM-11:00PM ET",2026-08-08T03:00:00Z,2026-08-08T02:45:00Z,73.91824271469137,Down,"[""0"", ""1""]",0.022,1077.7986620000001,1015.863996,-0.5045,0.001,resolved,0x724f938e54208aacded735e3ff81441e1bb2593af7fb65eec6e296ca75a52503,https://data.chain.link/streams/sol-usd-twap-60s-streams,,
xrp-updown-15m-1786157100,XRP,"XRP Up or Down - August 7, 10:45PM-11:00PM ET",2026-08-08T03:00:00Z,2026-08-08T02:45:00Z,1.030486732171499,Down,"[""0"", ""1""]",0.07,1405.291738,917.842454,-0.5,0.01,resolved,0xe68de5970f1824d3f93a5b046a1a425a2fbc64c55ba43e5c79fd9fc8b2d66023,https://data.chain.link/streams/xrp-usd-twap-60s-streams,,
zec-updown-15m-1786157100,ZEC,"ZCash Up or Down - August 7, 10:45PM-11:00PM ET",2026-08-08T03:00:00Z,2026-08-08T02:45:00Z,506.10294686209056,Up,"[""1"", ""0""]",0.98,,,0.495,0.01,resolved,0x5bad54f6b28f0943dbc94956dd142425c29ddfe3d6a6dbcd9712f04e69b8d7de,https://data.chain.link/streams/zec-usd-twap-60s-streams,,
bnb-updown-15m-1786158000,BNB,"BNB Up or Down - August 7, 11:00PM-11:15PM ET",2026-08-08T03:15:00Z,2026-08-08T03:00:00Z,591.3939103407926,Up,"[""1"", ""0""]",0.999,335.51878199999993,9.901958,0.5045,0.001,resolved,0xa087e1b20be41de44d1fd40f17836e5c39e14ef8b1e7955c22abc0e173129f45,https://data.chain.link/streams/bnb-usd-twap-60s-streams,,
btc-updown-15m-1786158000,BTC,"Bitcoin Up or Down - August 7, 11:00PM-11:15PM ET",2026-08-08T03:15:00Z,2026-08-08T03:00:00Z,64887.45497135641,Up,"[""1"", ""0""]",0.999,17362.127597000002,177.884699,0.5045,0.001,resolved,0x271d23d67e1bcc12fe4ea57bab7580ced8ce89f5696eecbae27d436af5551f97,https://data.chain.link/streams/btc-usd-twap-60s-streams,,
doge-updown-15m-1786158000,DOGE,"Dogecoin Up or Down - August 7, 11:00PM-11:15PM ET",2026-08-08T03:15:00Z,2026-08-08T03:00:00Z,0.06984297641062506,Up,"[""1"", ""0""]",0.999,317.42519100000004,111.209879,0.5195,0.001,resolved,0x1f90860facf5f6f6e7d6377ab6bb83e5f1ac44b8f4d0386438d2ecabdfe96803,https://data.chain.link/streams/doge-usd-twap-60s-streams,,
eth-updown-15m-1786158000,ETH,"Ethereum Up or Down - August 7, 11:00PM-11:15PM ET",2026-08-08T03:15:00Z,2026-08-08T03:00:00Z,1912.1624145876178,Up,"[""1"", ""0""]",0.999,2230.526731000001,19.705876,0.5045,0.001,resolved,0x75cb7cba33b4b35cda5b596161d186c0169007a72e9dddcb9c826b766ea54020,https://data.chain.link/streams/eth-usd-twap-60s-streams,,
hype-updown-15m-1786158000,HYPE,"Hyperliquid Up or Down - August 7, 11:00PM-11:15PM ET",2026-08-08T03:15:00Z,2026-08-08T03:00:00Z,54.12444319135307,Up,"[""1"", ""0""]",0.99,,,0.495,0.01,resolved,0x539c5c35cbb3c234c877b91b7588cd7e72f1e36eaf69076e825621576ec4be21,https://data.chain.link/streams/hype-usd-twap-60s-streams,,
sol-updown-15m-1786158000,SOL,"Solana Up or Down - August 7, 11:00PM-11:15PM ET",2026-08-08T03:15:00Z,2026-08-08T03:00:00Z,73.82652797462288,Up,"[""1"", ""0""]",0.99,1466.451066,514.262661,0.4945,0.001,resolved,0x47a2d8a0091da091ebe89809377e4540df42e70accf94859b6a4067d6fcf5b24,https://data.chain.link/streams/sol-usd-twap-60s-streams,,
xrp-updown-15m-1786158000,XRP,"XRP Up or Down - August 7, 11:00PM-11:15PM ET",2026-08-08T03:15:00Z,2026-08-08T03:00:00Z,1.030429232647569,Up,"[""1"", ""0""]",0.999,663.348039,28.942299,0.4945,0.001,resolved,0x2048e6c8834abd3b6ad253e79d3c72d16191d08d1361f823d967cff841326855,https://data.chain.link/streams/xrp-usd-twap-60s-streams,,
zec-updown-15m-1786158000,ZEC,"ZCash Up or Down - August 7, 11:00PM-11:15PM ET",2026-08-08T03:15:00Z,2026-08-08T03:00:00Z,506.62329289057965,Up,"[""1"", ""0""]",0.98,,,0.495,0.01,resolved,0x7aef0e074b62d64e70b1875effcb2967b531e3a258c064e2151d47528e1a83d9,https://data.chain.link/streams/zec-usd-twap-60s-streams,,
bnb-updown-15m-1786158900,BNB,"BNB Up or Down - August 7, 11:15PM-11:30PM ET",2026-08-08T03:30:00Z,2026-08-08T03:15:00Z,591.5609068748502,Up,"[""1"", ""0""]",0.999,327.749036,14.807051,0.4945,0.001,resolved,0x54275cfb72d926b4b972212a22464b69bc5227e09e3513fafd699eb2ca5d23cc,https://data.chain.link/streams/bnb-usd-twap-60s-streams,,
btc-updown-15m-1786158900,BTC,"Bitcoin Up or Down - August 7, 11:15PM-11:30PM ET",2026-08-08T03:30:00Z,2026-08-08T03:15:00Z,64897.46750336739,Up,"[""1"", ""0""]",0.999,23047.487634000005,11.96235,0.5045,0.001,resolved,0xa5d45a73e5df80c9fc19970bbd5df7931b06bd4d58b14b84758585edf06d8a63,https://data.chain.link/streams/btc-usd-twap-60s-streams,,
doge-updown-15m-1786158900,DOGE,"Dogecoin Up or Down - August 7, 11:15PM-11:30PM ET",2026-08-08T03:30:00Z,2026-08-08T03:15:00Z,0.06992451356856139,Up,"[""1"", ""0""]",0.999,211.36705800000004,,0.4995,0.001,resolved,0x9ae163796742c44b8488ec830c42e2b625bd1a6f698602d10702346d53f85744,https://data.chain.link/streams/doge-usd-twap-60s-streams,,
eth-updown-15m-1786158900,ETH,"Ethereum Up or Down - August 7, 11:15PM-11:30PM ET",2026-08-08T03:30:00Z,2026-08-08T03:15:00Z,1913.3026531335172,Up,"[""1"", ""0""]",0.999,2652.660643,,0.4945,0.001,resolved,0xeccd448d067fd69da5a86ff47b8c5b749751d7b80a044daea267d9d21bee0f7c,https://data.chain.link/streams/eth-usd-twap-60s-streams,,
hype-updown-15m-1786158900,HYPE,"Hyperliquid Up or Down - August 7, 11:15PM-11:30PM ET",2026-08-08T03:30:00Z,2026-08-08T03:15:00Z,54.20107842387417,Up,"[""1"", ""0""]",0.99,89.683244,,0.4995,0.001,resolved,0xec2117852d616797394b3404dbe5f0b59941df3a4258583911884c4631b2ce83,https://data.chain.link/streams/hype-usd-twap-60s-streams,,
sol-updown-15m-1786158900,SOL,"Solana Up or Down - August 7, 11:15PM-11:30PM ET",2026-08-08T03:30:00Z,2026-08-08T03:15:00Z,73.92259065511519,Up,"[""1"", ""0""]",0.999,1016.149151,,0.4945,0.001,resolved,0xd601ca490a1881b6592d96fbecc7c97c22a67db2a28fdf82141be15f83193fc5,https://data.chain.link/streams/sol-usd-twap-60s-streams,,
xrp-updown-15m-1786158900,XRP,"XRP Up or Down - August 7, 11:15PM-11:30PM ET",2026-08-08T03:30:00Z,2026-08-08T03:15:00Z,1.031649202800734,Up,"[""1"", ""0""]",0.999,686.019952,,0.4945,0.001,resolved,0x6f0a4d6981a823073da86c392b7aabd98206364c30a38908540326ebc76fc7ac,https://data.chain.link/streams/xrp-usd-twap-60s-streams,,
zec-updown-15m-1786158900,ZEC,"ZCash Up or Down - August 7, 11:15PM-11:30PM ET",2026-08-08T03:30:00Z,2026-08-08T03:15:00Z,507.2764422897522,Up,"[""1"", ""0""]",0.98,,,0.495,0.01,resolved,0xf8fa771ad3c97513ff7a5d68ce9706556f7854d5011e04e03798d9e864d3f4fa,https://data.chain.link/streams/zec-usd-twap-60s-streams,,
bnb-updown-15m-1786159800,BNB,"BNB Up or Down - August 7, 11:30PM-11:45PM ET",2026-08-08T03:45:00Z,2026-08-08T03:30:00Z,592.0944917808959,Up,"[""1"", ""0""]",0.999,,,0.4945,0.001,resolved,0x6aa673f58b4fa0236c24626aefd6e37a8f75e7e52c3739082fb6725db4bff755,https://data.chain.link/streams/bnb-usd-twap-60s-streams,,
btc-updown-15m-1786159800,BTC,"Bitcoin Up or Down - August 7, 11:30PM-11:45PM ET",2026-08-08T03:45:00Z,2026-08-08T03:30:00Z,64988.22606655556,Down,"[""0"", ""1""]",0.01,23869.059981000017,17.843916,-0.5,0.01,resolved,0x84cce6edc805ead6484e7868dc25deb323a8251b0f87a3a3ae37aba0f2adf451,https://data.chain.link/streams/btc-usd-twap-60s-streams,,
doge-updown-15m-1786159800,DOGE,"Dogecoin Up or Down - August 7, 11:30PM-11:45PM ET",2026-08-08T03:45:00Z,2026-08-08T03:30:00Z,0.07000081507235721,Up,"[""1"", ""0""]",0.999,283.560958,1.960783,0.4995,0.001,resolved,0xeafb4a461d5f9007f8c16b2eadace59d75044687f307353b3f73b3bc04e6468d,https://data.chain.link/streams/doge-usd-twap-60s-streams,,
eth-updown-15m-1786159800,ETH,"Ethereum Up or Down - August 7, 11:30PM-11:45PM ET",2026-08-08T03:45:00Z,2026-08-08T03:30:00Z,1915.246476059459,Up,"[""1"", ""0""]",0.999,5365.925698999999,13.8,0.5045,0.001,resolved,0xb9a08a20af79ba111c2aaba633d0f5d3b38b9027e0ca3bd5f5610a2a2834ea40,https://data.chain.link/streams/eth-usd-twap-60s-streams,,
hype-updown-15m-1786159800,HYPE,"Hyperliquid Up or Down - August 7, 11:30PM-11:45PM ET",2026-08-08T03:45:00Z,2026-08-08T03:30:00Z,54.33891449036012,Up,"[""1"", ""0""]",0.999,,,0.4995,0.001,resolved,0xbcefb4c80466550870b6b508bf2b7199d073d77481c9daa50d2f0aec902fb6ed,https://data.chain.link/streams/hype-usd-twap-60s-streams,,
sol-updown-15m-1786159800,SOL,"Solana Up or Down - August 7, 11:30PM-11:45PM ET",2026-08-08T03:45:00Z,2026-08-08T03:30:00Z,74.11538932677723,Up,"[""1"", ""0""]",0.999,2404.611401,,0.4945,0.001,resolved,0xa006ada4b894dc7406758536268a6d894c28e92ee2edc2dfb4c8cf7f8ac750de,https://data.chain.link/streams/sol-usd-twap-60s-streams,,
xrp-updown-15m-1786159800,XRP,"XRP Up or Down - August 7, 11:30PM-11:45PM ET",2026-08-08T03:45:00Z,2026-08-08T03:30:00Z,1.0338268183108876,Up,"[""1"", ""0""]",0.999,1184.0886110000001,3.921566,0.4945,0.001,resolved,0xaa1c2cb79aec2bce722f33d11fcd828b5fe1a55e6b5ae96c7c7f7f640eeaacc6,https://data.chain.link/streams/xrp-usd-twap-60s-streams,,
zec-updown-15m-1786159800,ZEC,"ZCash Up or Down - August 7, 11:30PM-11:45PM ET",2026-08-08T03:45:00Z,2026-08-08T03:30:00Z,509.3370643291901,Down,"[""0"", ""1""]",,,,-0.495,0.01,resolved,0xde2ba9c1d296ff82a429824586c44cd5684d2589b73ee404c256b9b4b18cfafa,https://data.chain.link/streams/zec-usd-twap-60s-streams,,
bnb-updown-15m-1786160700,BNB,"BNB Up or Down - August 7, 11:45PM-12:00AM ET",2026-08-08T04:00:00Z,2026-08-08T03:45:00Z,592.6101540296564,Up,"[""1"", ""0""]",0.999,404.70433199999997,283.424331,0.4945,0.001,resolved,0xe453f3fd38962b0826bf394d55ca8691346945effc658a8a4cd0c3118ac6b9bb,https://data.chain.link/streams/bnb-usd-twap-60s-streams,,
btc-updown-15m-1786160700,BTC,"Bitcoin Up or Down - August 7, 11:45PM-12:00AM ET",2026-08-08T04:00:00Z,2026-08-08T03:45:00Z,64976.84317387652,Up,"[""1"", ""0""]",0.999,21794.85262899999,10891.858767,0.4945,0.001,resolved,0x36ebc44a4e792de3c9610f57f921564a14f7621966b4c783a15b52c8b30adc2c,https://data.chain.link/streams/btc-usd-twap-60s-streams,,
doge-updown-15m-1786160700,DOGE,"Dogecoin Up or Down - August 7, 11:45PM-12:00AM ET",2026-08-08T04:00:00Z,2026-08-08T03:45:00Z,0.07017811195872939,Up,"[""1"", ""0""]",0.99,182.97934500000002,196.812246,0.4995,0.001,resolved,0x8e38f2baf7ec8caf39511f5e029ea2d80e4343e4ae1cfd2d9926fb31273fad59,https://data.chain.link/streams/doge-usd-twap-60s-streams,,
eth-updown-15m-1786160700,ETH,"Ethereum Up or Down - August 7, 11:45PM-12:00AM ET",2026-08-08T04:00:00Z,2026-08-08T03:45:00Z,1916.4777599226427,Up,"[""1"", ""0""]",0.99,6043.454267000001,3447.3364,0.4945,0.001,resolved,0x03d82beded8b91781c0de422cf149235bdc0b0affd725b2b1a483a05433d9322,https://data.chain.link/streams/eth-usd-twap-60s-streams,,
hype-updown-15m-1786160700,HYPE,"Hyperliquid Up or Down - August 7, 11:45PM-12:00AM ET",2026-08-08T04:00:00Z,2026-08-08T03:45:00Z,54.36578641334395,Down,"[""0"", ""1""]",0.01,645.579301,82.127658,-0.495,0.01,resolved,0xfebc4e15b1e08ce77a516627b7b09755dc5087201d64aea30f5441d3b300e43c,https://data.chain.link/streams/hype-usd-twap-60s-streams,,
sol-updown-15m-1786160700,SOL,"Solana Up or Down - August 7, 11:45PM-12:00AM ET",2026-08-08T04:00:00Z,2026-08-08T03:45:00Z,74.37837677575607,Up,"[""1"", ""0""]",0.999,1428.5938670000003,1307.590062,0.4945,0.001,resolved,0xe2d68994b21c37e51ba5317491e532b5282ee2ba1d2ceb4a6cf236c70917f44c,https://data.chain.link/streams/sol-usd-twap-60s-streams,,
xrp-updown-15m-1786160700,XRP,"XRP Up or Down - August 7, 11:45PM-12:00AM ET",2026-08-08T04:00:00Z,2026-08-08T03:45:00Z,1.0364470186459664,Up,"[""1"", ""0""]",0.999,1244.1894109999996,956.881709,0.4945,0.001,resolved,0x469267f0b2eed067367cfa92f65952ceab99ca8973dd10cb5f244fa0114ab8c3,https://data.chain.link/streams/xrp-usd-twap-60s-streams,,
zec-updown-15m-1786160700,ZEC,"ZCash Up or Down - August 7, 11:45PM-12:00AM ET",2026-08-08T04:00:00Z,2026-08-08T03:45:00Z,508.5916154726214,Up,"[""1"", ""0""]",0.98,,,0.495,0.01,resolved,0xc3b2642d4b02ae28d12b8b9b1d706e13b19e73b2832aa7e4f9833d942cfc2a05,https://data.chain.link/streams/zec-usd-twap-60s-streams,,
bnb-updown-15m-1786161600,BNB,"BNB Up or Down - August 8, 12:00AM-12:15AM ET",2026-08-08T04:15:00Z,2026-08-08T04:00:00Z,593.2114018727408,Down,"[""0"", ""1""]",0.01,718.4127459999999,3.921566,-0.5045,0.001,resolved,0x1fb7da4546a164155c63f131befca989e7906a078c31d9e2cd45c98f482b7b13,https://data.chain.link/streams/bnb-usd-twap-60s-streams,,
btc-updown-15m-1786161600,BTC,"Bitcoin Up or Down - August 8, 12:00AM-12:15AM ET",2026-08-08T04:15:00Z,2026-08-08T04:00:00Z,64991.92862996748,Down,"[""0"", ""1""]",0.002,20999.768443000015,79.335383,-0.5045,0.001,resolved,0x140de4be6e3ba27d517dc9c6c6a20705a2b683ae9e58f640a014f78bce34c114,https://data.chain.link/streams/btc-usd-twap-60s-streams,,
doge-updown-15m-1786161600,DOGE,"Dogecoin Up or Down - August 8, 12:00AM-12:15AM ET",2026-08-08T04:15:00Z,2026-08-08T04:00:00Z,0.07028507727117989,Down,"[""0"", ""1""]",0.07,417.23661699999997,202.311742,-0.5245,0.001,resolved,0x741babca977423203ebca4ba01c8cba1af168c45146ba1ed4a4409c0591f9cd2,https://data.chain.link/streams/doge-usd-twap-60s-streams,,
eth-updown-15m-1786161600,ETH,"Ethereum Up or Down - August 8, 12:00AM-12:15AM ET",2026-08-08T04:15:00Z,2026-08-08T04:00:00Z,1917.0919228430953,Down,"[""0"", ""1""]",0.001,3655.540578,,-0.5045,0.001,resolved,0x264559d75e64a5a7e2beebe427ac59d792f1fab07a8f08cc59455dc798df8154,https://data.chain.link/streams/eth-usd-twap-60s-streams,,
hype-updown-15m-1786161600,HYPE,"Hyperliquid Up or Down - August 8, 12:00AM-12:15AM ET",2026-08-08T04:15:00Z,2026-08-08T04:00:00Z,54.352660850593736,Down,"[""0"", ""1""]",0.18,230.20906499999998,,-0.4995,0.001,resolved,0x615956a3e9b891e75c7dfe5caa199cebe47f86ea0fbf2db176edb829bc6b25ed,https://data.chain.link/streams/hype-usd-twap-60s-streams,,
sol-updown-15m-1786161600,SOL,"Solana Up or Down - August 8, 12:00AM-12:15AM ET",2026-08-08T04:15:00Z,2026-08-08T04:00:00Z,74.8297260666604,Down,"[""0"", ""1""]",0.013,3530.9437150000003,,-0.5045,0.001,resolved,0x42c8624e893d731c334bf5e6a8d821ff3b646a6c3d3394cdc8fecc0dfc61b962,https://data.chain.link/streams/sol-usd-twap-60s-streams,,
xrp-updown-15m-1786161600,XRP,"XRP Up or Down - August 8, 12:00AM-12:15AM ET",2026-08-08T04:15:00Z,2026-08-08T04:00:00Z,1.0369132823617753,Down,"[""0"", ""1""]",0.01,1085.324229,2,-0.5045,0.001,resolved,0xd08f257e46d12416c452a6a01eca518ed4b7e7894e5baf3ca61fa9d6dd878eca,https://data.chain.link/streams/xrp-usd-twap-60s-streams,,
zec-updown-15m-1786161600,ZEC,"ZCash Up or Down - August 8, 12:00AM-12:15AM ET",2026-08-08T04:15:00Z,2026-08-08T04:00:00Z,509.5956874139403,Down,"[""0"", ""1""]",,,,-0.495,0.01,resolved,0x0ff52677b5ba666b7d1476690902975fa6c7d6e8334c46c9caee81fca0cde1cf,https://data.chain.link/streams/zec-usd-twap-60s-streams,,
bnb-updown-15m-1786162500,BNB,"BNB Up or Down - August 8, 12:15AM-12:30AM ET",2026-08-08T04:30:00Z,2026-08-08T04:15:00Z,592.8854844941288,Down,"[""0"", ""1""]",0.01,202.448385,4,-0.5,0.01,resolved,0x5cbebfb5328929dd92840eeeda9306e55acf37a9ab85d02069f35c354342b570,https://data.chain.link/streams/bnb-usd-twap-60s-streams,,
btc-updown-15m-1786162500,BTC,"Bitcoin Up or Down - August 8, 12:15AM-12:30AM ET",2026-08-08T04:30:00Z,2026-08-08T04:15:00Z,64940.43169879202,Up,"[""1"", ""0""]",0.999,10598.996285000005,,0.4945,0.001,resolved,0x595d7fb7a2fecff18b6b64f82a799fcbb12c67a2b5fa10892ca95697cb60e126,https://data.chain.link/streams/btc-usd-twap-60s-streams,,
doge-updown-15m-1786162500,DOGE,"Dogecoin Up or Down - August 8, 12:15AM-12:30AM ET",2026-08-08T04:30:00Z,2026-08-08T04:15:00Z,0.0701133738906123,Down,"[""0"", ""1""]",0.14,449.227034,,-0.495,0.01,resolved,0x2c86f526400b187e1fb9f906b9b4a6416cefb47d36ed031d8023e0ec506c431b,https://data.chain.link/streams/doge-usd-twap-60s-streams,,
eth-updown-15m-1786162500,ETH,"Ethereum Up or Down - August 8, 12:15AM-12:30AM ET",2026-08-08T04:30:00Z,2026-08-08T04:15:00Z,1915.827810362239,Up,"[""1"", ""0""]",0.99,3227.6548380000004,,0.4945,0.001,resolved,0x33cf5eb778dda5568367c715d7a2d0760a4553115a24d44b80f5c13a8c39bcba,https://data.chain.link/streams/eth-usd-twap-60s-streams,,
hype-updown-15m-1786162500,HYPE,"Hyperliquid Up or Down - August 8, 12:15AM-12:30AM ET",2026-08-08T04:30:00Z,2026-08-08T04:15:00Z,54.24203832456368,Up,"[""1"", ""0""]",0.999,192.103491,,0.4995,0.001,resolved,0x887f43a80b4186e1b2030d086a7b3c070de820750f051d61b06fc0edf9f3cbcb,https://data.chain.link/streams/hype-usd-twap-60s-streams,,
sol-updown-15m-1786162500,SOL,"Solana Up or Down - August 8, 12:15AM-12:30AM ET",2026-08-08T04:30:00Z,2026-08-08T04:15:00Z,74.65949010795386,Down,"[""0"", ""1""]",0.01,2836.9185510000007,599.463684,-0.5245,0.001,resolved,0x8cd5359a799c2a9c5f5a73baadbee0dfd37c376c45bf5ecd9160892f360eda1b,https://data.chain.link/streams/sol-usd-twap-60s-streams,,
xrp-updown-15m-1786162500,XRP,"XRP Up or Down - August 8, 12:15AM-12:30AM ET",2026-08-08T04:30:00Z,2026-08-08T04:15:00Z,1.035791334123837,Down,"[""0"", ""1""]",0.02,801.32236,59.811021,-0.5145,0.001,resolved,0xddd56935d78342aac00791972aac8d7b1dbd20d39f429d245a9285fa2bc21231,https://data.chain.link/streams/xrp-usd-twap-60s-streams,,
zec-updown-15m-1786162500,ZEC,"ZCash Up or Down - August 8, 12:15AM-12:30AM ET",2026-08-08T04:30:00Z,2026-08-08T04:15:00Z,507.65914662165926,Up,"[""1"", ""0""]",0.98,25,,0.495,0.01,resolved,0x10d29cde3763b952fae7379681ae592f16c2b8d6889c242b2d82b4b3b6e1f754,https://data.chain.link/streams/zec-usd-twap-60s-streams,,
bnb-updown-15m-1786163400,BNB,"BNB Up or Down - August 8, 12:30AM-12:45AM ET",2026-08-08T04:45:00Z,2026-08-08T04:30:00Z,592.7845245415938,Up,"[""1"", ""0""]",0.99,89.491281,2,0.49,0.01,resolved,0x51f5a9682f40c4fb46a6652f8b9da3b87565b50d2be48c26a3ee49b21e7624cd,https://data.chain.link/streams/bnb-usd-twap-60s-streams,,
btc-updown-15m-1786163400,BTC,"Bitcoin Up or Down - August 8, 12:30AM-12:45AM ET",2026-08-08T04:45:00Z,2026-08-08T04:30:00Z,64963.915488390834,Up,"[""1"", ""0""]",0.999,14681.780778000006,,0.4945,0.001,resolved,0xd0aff90c740a58f4696da34e00626a9854dd647a9f99d7e85a154950677211b7,https://data.chain.link/streams/btc-usd-twap-60s-streams,,
doge-updown-15m-1786163400,DOGE,"Dogecoin Up or Down - August 8, 12:30AM-12:45AM ET",2026-08-08T04:45:00Z,2026-08-08T04:30:00Z,0.07010171204765524,Up,"[""1"", ""0""]",0.999,,,0.4995,0.001,resolved,0x2fd38f911e87be06f1613a7efccec25265bc0e0c722f6224635cceec6089f96b,https://data.chain.link/streams/doge-usd-twap-60s-streams,,
eth-updown-15m-1786163400,ETH,"Ethereum Up or Down - August 8, 12:30AM-12:45AM ET",2026-08-08T04:45:00Z,2026-08-08T04:30:00Z,1916.2569620292682,Up,"[""1"", ""0""]",0.999,3135.589018,,0.4945,0.001,resolved,0x0da4ff260cd7f9ffec7a1294f4951d32f68a7b03507ab6f9039b239bd7fad024,https://data.chain.link/streams/eth-usd-twap-60s-streams,,
hype-updown-15m-1786163400,HYPE,"Hyperliquid Up or Down - August 8, 12:30AM-12:45AM ET",2026-08-08T04:45:00Z,2026-08-08T04:30:00Z,54.27663186666349,Up,"[""1"", ""0""]",0.999,,,0.4995,0.001,resolved,0x9798bca578569b48b08e97611537d7c54bb570f122613d2c16ddefa112d80a96,https://data.chain.link/streams/hype-usd-twap-60s-streams,,
sol-updown-15m-1786163400,SOL,"Solana Up or Down - August 8, 12:30AM-12:45AM ET",2026-08-08T04:45:00Z,2026-08-08T04:30:00Z,74.57215189721478,Up,"[""1"", ""0""]",0.999,,,0.4945,0.001,resolved,0x451eb5981b66bbbba7c6c034382f39ed443e4af87ed15c8442e54088df98cb6c,https://data.chain.link/streams/sol-usd-twap-60s-streams,,
xrp-updown-15m-1786163400,XRP,"XRP Up or Down - August 8, 12:30AM-12:45AM ET",2026-08-08T04:45:00Z,2026-08-08T04:30:00Z,1.0353264294113713,Down,"[""0"", ""1""]",0.01,,,-0.5045,0.001,resolved,0x582708a013344ce8e15e5bc305f0a4ec22d6de20cfa721a39a73a8de0114483a,https://data.chain.link/streams/xrp-usd-twap-60s-streams,,
zec-updown-15m-1786163400,ZEC,"ZCash Up or Down - August 8, 12:30AM-12:45AM ET",2026-08-08T04:45:00Z,2026-08-08T04:30:00Z,507.9387923827152,Up,"[""1"", ""0""]",0.98,,,0.495,0.01,resolved,0xc32f7f596c6d797d32c5dfdcaf39ea94c1675892d94a4809b5ff5bf9c00e54d2,https://data.chain.link/streams/zec-usd-twap-60s-streams,,
bnb-updown-15m-1786164300,BNB,"BNB Up or Down - August 8, 12:45AM-1:00AM ET",2026-08-08T05:00:00Z,2026-08-08T04:45:00Z,592.9782912463152,Up,"[""1"", ""0""]",0.999,230.060228,144.24036,0.4945,0.001,resolved,0x3b4e6e4cbe3e95204cfe22a0e53665cdd40b5438e07d3a591722b5f53163d71c,https://data.chain.link/streams/bnb-usd-twap-60s-streams,,
btc-updown-15m-1786164300,BTC,"Bitcoin Up or Down - August 8, 12:45AM-1:00AM ET",2026-08-08T05:00:00Z,2026-08-08T04:45:00Z,64997.01505479416,Down,"[""0"", ""1""]",0.001,8361.281002999998,7031.584166,-0.5045,0.001,resolved,0xf88a97c73f364404c4d060d725efad72072ac2d4b4c8fd513ab8d4ec51decf67,https://data.chain.link/streams/btc-usd-twap-60s-streams,,
doge-updown-15m-1786164300,DOGE,"Dogecoin Up or Down - August 8, 12:45AM-1:00AM ET",2026-08-08T05:00:00Z,2026-08-08T04:45:00Z,0.07015149162733161,Down,"[""0"", ""1""]",0.08,205.59246600000003,152.323695,-0.4995,0.001,resolved,0xffa6aedabde13f4370b5912adbcec00375abbdd5f06eb9bf15d663639eb1b283,https://data.chain.link/streams/doge-usd-twap-60s-streams,,
eth-updown-15m-1786164300,ETH,"Ethereum Up or Down - August 8, 12:45AM-1:00AM ET",2026-08-08T05:00:00Z,2026-08-08T04:45:00Z,1917.0940445918332,Down,"[""0"", ""1""]",0.03,2006.2423610000003,2893.961665,-0.5045,0.001,resolved,0xce4f2d1a7158fa7ae5880d7aa3926d038fa80d995309aa6eb666cd1cf55f6a92,https://data.chain.link/streams/eth-usd-twap-60s-streams,,
hype-updown-15m-1786164300,HYPE,"Hyperliquid Up or Down - August 8, 12:45AM-1:00AM ET",2026-08-08T05:00:00Z,2026-08-08T04:45:00Z,54.38179225227886,Down,"[""0"", ""1""]",0.02,78.99372799999999,126.792302,-0.4995,0.001,resolved,0xfe313bbed0f4b279b487360759ad27311e4988b92f51344e76e07df11bd304e8,https://data.chain.link/streams/hype-usd-twap-60s-streams,,
sol-updown-15m-1786164300,SOL,"Solana Up or Down - August 8, 12:45AM-1:00AM ET",2026-08-08T05:00:00Z,2026-08-08T04:45:00Z,74.62107624928446,Down,"[""0"", ""1""]",0.07,832.8267219999999,855.711143,-0.5045,0.001,resolved,0x275c1b33b6a067f8d5450f3e2f5e5883c5f633d73c0e8dc93a4e2d83f86d85a0,https://data.chain.link/streams/sol-usd-twap-60s-streams,,
xrp-updown-15m-1786164300,XRP,"XRP Up or Down - August 8, 12:45AM-1:00AM ET",2026-08-08T05:00:00Z,2026-08-08T04:45:00Z,1.0341750450653608,Up,"[""1"", ""0""]",0.99,813.4363649999999,775.490569,0.4945,0.001,resolved,0x349de4a90cb5fa7bf8e9c90d4a9a7c9052f151989a5e0e5554089aa748f9454b,https://data.chain.link/streams/xrp-usd-twap-60s-streams,,
zec-updown-15m-1786164300,ZEC,"ZCash Up or Down - August 8, 12:45AM-1:00AM ET",2026-08-08T05:00:00Z,2026-08-08T04:45:00Z,509.4712649334901,Down,"[""0"", ""1""]",,25,,-0.49,0.01,resolved,0x5f31cdea85c1a48ce2418607db0a42472c010356d488da701fb6ce4fa93155ec,https://data.chain.link/streams/zec-usd-twap-60s-streams,,
bnb-updown-15m-1786165200,BNB,"BNB Up or Down - August 8, 1:00AM-1:15AM ET",2026-08-08T05:15:00Z,2026-08-08T05:00:00Z,593.2987502035338,Down,"[""0"", ""1""]",0.01,225.56372100000002,10.882409,-0.49,0.01,resolved,0x40487341a77792ddec5f7d447dc78f7fa3b9f859d8bfa7dca53424caf6e8b677,https://data.chain.link/streams/bnb-usd-twap-60s-streams,,
btc-updown-15m-1786165200,BTC,"Bitcoin Up or Down - August 8, 1:00AM-1:15AM ET",2026-08-08T05:15:00Z,2026-08-08T05:00:00Z,64969.76477677969,Down,"[""0"", ""1""]",0.001,25007.545019000034,117.980391,-0.5045,0.001,resolved,0xdb13fe7c10c2b06f79c7845d029cbd16cef48bfeb03f05e2bfabca2198df847d,https://data.chain.link/streams/btc-usd-twap-60s-streams,,
doge-updown-15m-1786165200,DOGE,"Dogecoin Up or Down - August 8, 1:00AM-1:15AM ET",2026-08-08T05:15:00Z,2026-08-08T05:00:00Z,0.07005910127597564,Up,"[""1"", ""0""]",0.999,,,0.4995,0.001,resolved,0xc2be56e539a13103837c9b2dcea6dbb07ccaee868cb270f1c4074f1d6691811e,https://data.chain.link/streams/doge-usd-twap-60s-streams,,
eth-updown-15m-1786165200,ETH,"Ethereum Up or Down - August 8, 1:00AM-1:15AM ET",2026-08-08T05:15:00Z,2026-08-08T05:00:00Z,1915.932915740472,Down,"[""0"", ""1""]",0.03,3617.853473,7.843136,-0.5,0.01,resolved,0x31217b915f98a9c6218c6ad7b0e93ba9b4627298fb9c98bdddcafba1938271c1,https://data.chain.link/streams/eth-usd-twap-60s-streams,,
hype-updown-15m-1786165200,HYPE,"Hyperliquid Up or Down - August 8, 1:00AM-1:15AM ET",2026-08-08T05:15:00Z,2026-08-08T05:00:00Z,54.23841258349407,Up,"[""1"", ""0""]",0.99,,,0.495,0.01,resolved,0xbaf2761f704d327c5b3855b7ddd4676a0952d47484ee1bc75d91af1fe92faf42,https://data.chain.link/streams/hype-usd-twap-60s-streams,,
sol-updown-15m-1786165200,SOL,"Solana Up or Down - August 8, 1:00AM-1:15AM ET",2026-08-08T05:15:00Z,2026-08-08T05:00:00Z,74.58750979327257,Down,"[""0"", ""1""]",0.11,1146.5447649999999,1.960783,-0.5045,0.001,resolved,0x3d7012004d8e04217d9e6821812fc7e08d3ca9335bd1a6ca75a64e40844c0428,https://data.chain.link/streams/sol-usd-twap-60s-streams,,
xrp-updown-15m-1786165200,XRP,"XRP Up or Down - August 8, 1:00AM-1:15AM ET",2026-08-08T05:15:00Z,2026-08-08T05:00:00Z,1.034332291168562,Down,"[""0"", ""1""]",0.02,801.1889100000001,,-0.5,0.01,resolved,0x53c3404278c4d4dba69620d50b1a4bb7e4cdc01fa8d281e123af08f304867c21,https://data.chain.link/streams/xrp-usd-twap-60s-streams,,
zec-updown-15m-1786165200,ZEC,"ZCash Up or Down - August 8, 1:00AM-1:15AM ET",2026-08-08T05:15:00Z,2026-08-08T05:00:00Z,507.81050260907773,Down,"[""0"", ""1""]",,,,-0.495,0.01,resolved,0x40dc77621764839f9f4ca9bb3a2dbfa17d2f7d228abd67a9a660a5920f1a9d84,https://data.chain.link/streams/zec-usd-twap-60s-streams,,
bnb-updown-15m-1786166100,BNB,"BNB Up or Down - August 8, 1:15AM-1:30AM ET",2026-08-08T05:30:00Z,2026-08-08T05:15:00Z,593.1722967601946,Down,"[""0"", ""1""]",0.01,236.92244499999998,6.962441,-0.4945,0.001,resolved,0x86951aaa38a1249023c07b7dccbd08d1dc7ff0a8f1f338eaf7fd9d9fdfb47e11,https://data.chain.link/streams/bnb-usd-twap-60s-streams,,
btc-updown-15m-1786166100,BTC,"Bitcoin Up or Down - August 8, 1:15AM-1:30AM ET",2026-08-08T05:30:00Z,2026-08-08T05:15:00Z,64955.54736089333,Up,"[""1"", ""0""]",0.999,9383.664885,,0.4945,0.001,resolved,0x6037b4ca10190c84a520ace8bc883d9a07a100937bc7d68f6af591c79a481d98,https://data.chain.link/streams/btc-usd-twap-60s-streams,,
doge-updown-15m-1786166100,DOGE,"Dogecoin Up or Down - August 8, 1:15AM-1:30AM ET",2026-08-08T05:30:00Z,2026-08-08T05:15:00Z,0.07011215780992833,Down,"[""0"", ""1""]",0.42,126.076081,1.960783,-0.4995,0.001,resolved,0x459e681493206f329cc45dc6236b1bc77dacae149656f3a91f2b0148e1c9be72,https://data.chain.link/streams/doge-usd-twap-60s-streams,,
eth-updown-15m-1786166100,ETH,"Ethereum Up or Down - August 8, 1:15AM-1:30AM ET",2026-08-08T05:30:00Z,2026-08-08T05:15:00Z,1915.7186529659589,Up,"[""1"", ""0""]",0.99,3249.3301480000005,15.686273,0.49,0.01,resolved,0x6467dac93d0aa606c568ddaea4297e89450f3b6126d9afa6b4831c1a15d8ef6e,https://data.chain.link/streams/eth-usd-twap-60s-streams,,
hype-updown-15m-1786166100,HYPE,"Hyperliquid Up or Down - August 8, 1:15AM-1:30AM ET",2026-08-08T05:30:00Z,2026-08-08T05:15:00Z,54.26292900624511,Up,"[""1"", ""0""]",0.99,21.040399999999998,,0.4995,0.001,resolved,0xb9e752f57261029b7e4f10916b9c9e3dac1806051dd5be575feb27d17a18df4f,https://data.chain.link/streams/hype-usd-twap-60s-streams,,
sol-updown-15m-1786166100,SOL,"Solana Up or Down - August 8, 1:15AM-1:30AM ET",2026-08-08T05:30:00Z,2026-08-08T05:15:00Z,74.54379623701946,Up,"[""1"", ""0""]",0.99,1014.3694740000001,,0.4945,0.001,resolved,0x7b9f90a886fab0616e8deb203396e2bf8262cdd30ceb64e3b1c7f0e096a5d638,https://data.chain.link/streams/sol-usd-twap-60s-streams,,
xrp-updown-15m-1786166100,XRP,"XRP Up or Down - August 8, 1:15AM-1:30AM ET",2026-08-08T05:30:00Z,2026-08-08T05:15:00Z,1.0341834465138475,Down,"[""0"", ""1""]",0.14,546.8462259999999,,-0.5045,0.001,resolved,0x5e522512af088c37848c9c1a08f963cdb8b3ae7acd0a9befde843bdba41cc75b,https://data.chain.link/streams/xrp-usd-twap-60s-streams,,
zec-updown-15m-1786166100,ZEC,"ZCash Up or Down - August 8, 1:15AM-1:30AM ET",2026-08-08T05:30:00Z,2026-08-08T05:15:00Z,507.4563874756383,Up,"[""1"", ""0""]",0.98,,,0.495,0.01,resolved,0x1f21969ac34c11ee20dedd596759646b1189e5caee0c3a7c16cf021d88708d2e,https://data.chain.link/streams/zec-usd-twap-60s-streams,,
bnb-updown-15m-1786167000,BNB,"BNB Up or Down - August 8, 1:30AM-1:45AM ET",2026-08-08T05:45:00Z,2026-08-08T05:30:00Z,593.0769201020248,Up,"[""1"", ""0""]",0.999,287.087779,5.921567,0.4945,0.001,resolved,0x00b8954219debc0973686b0d6c62347f8be3961f91c330b0010b68a4c448e389,https://data.chain.link/streams/bnb-usd-twap-60s-streams,,
btc-updown-15m-1786167000,BTC,"Bitcoin Up or Down - August 8, 1:30AM-1:45AM ET",2026-08-08T05:45:00Z,2026-08-08T05:30:00Z,64982.16553989624,Down,"[""0"", ""1""]",0.01,18773.520241,8,-0.5,0.01,resolved,0xd504fdbbcbc846b9ea7760792d2bbb55b4db9913ad8e366048d21890098929b7,https://data.chain.link/streams/btc-usd-twap-60s-streams,,
doge-updown-15m-1786167000,DOGE,"Dogecoin Up or Down - August 8, 1:30AM-1:45AM ET",2026-08-08T05:45:00Z,2026-08-08T05:30:00Z,0.07006253449561163,Up,"[""1"", ""0""]",0.999,210.305453,,0.4995,0.001,resolved,0x7c23424c32ab79e5bd1afdcd2567c083abc2d1290bfa5b05cc6d28d022db4830,https://data.chain.link/streams/doge-usd-twap-60s-streams,,
eth-updown-15m-1786167000,ETH,"Ethereum Up or Down - August 8, 1:30AM-1:45AM ET",2026-08-08T05:45:00Z,2026-08-08T05:30:00Z,1915.9026711151798,Up,"[""1"", ""0""]",0.999,2860.8858550000004,,0.4945,0.001,resolved,0xaf10739e87ecae196aa6a75a1c449eb77928c0a6bbe4e86debc83933eb17e327,https://data.chain.link/streams/eth-usd-twap-60s-streams,,
hype-updown-15m-1786167000,HYPE,"Hyperliquid Up or Down - August 8, 1:30AM-1:45AM ET",2026-08-08T05:45:00Z,2026-08-08T05:30:00Z,54.293836316666685,Up,"[""1"", ""0""]",0.999,225.021077,,0.4995,0.001,resolved,0x2af0a03a2f3c9276bf67b9856b4fc1fb339292dfab4cf57b3b3f97d6fe904c4b,https://data.chain.link/streams/hype-usd-twap-60s-streams,,
sol-updown-15m-1786167000,SOL,"Solana Up or Down - August 8, 1:30AM-1:45AM ET",2026-08-08T05:45:00Z,2026-08-08T05:30:00Z,74.61598971922265,Down,"[""0"", ""1""]",0.15,1966.4830510000002,3.921566,-0.5,0.01,resolved,0xcb97aadaac2a9832dd05c2cb533254c78e8577671c9ec9656708ddb59f6b4110,https://data.chain.link/streams/sol-usd-twap-60s-streams,,
xrp-updown-15m-1786167000,XRP,"XRP Up or Down - August 8, 1:30AM-1:45AM ET",2026-08-08T05:45:00Z,2026-08-08T05:30:00Z,1.0332788081214916,Down,"[""0"", ""1""]",0.38,1331.3962290000002,,-0.5,0.01,resolved,0xa645f47860e76336db51b7684068b3672624d1ea259e81925d4ba4f467acc232,https://data.chain.link/streams/xrp-usd-twap-60s-streams,,
zec-updown-15m-1786167000,ZEC,"ZCash Up or Down - August 8, 1:30AM-1:45AM ET",2026-08-08T05:45:00Z,2026-08-08T05:30:00Z,508.1537280021439,Down,"[""0"", ""1""]",,,,-0.495,0.01,resolved,0xa2d3355b8d2b251e3a174f803f2af75b3bfbbe0f7a8bf0485c25d0ae6892a1e7,https://data.chain.link/streams/zec-usd-twap-60s-streams,,
bnb-updown-15m-1786167900,BNB,"BNB Up or Down - August 8, 1:45AM-2:00AM ET",2026-08-08T06:00:00Z,2026-08-08T05:45:00Z,593.314911979823,Down,"[""0"", ""1""]",0.09,222.85225000000003,140.80235,-0.5045,0.001,resolved,0x4c45daa34c9f3009f81ded3966e35586e99a8422f670abe395bc507b2ab3aa64,https://data.chain.link/streams/bnb-usd-twap-60s-streams,,
btc-updown-15m-1786167900,BTC,"Bitcoin Up or Down - August 8, 1:45AM-2:00AM ET",2026-08-08T06:00:00Z,2026-08-08T05:45:00Z,64977.06266303796,Down,"[""0"", ""1""]",0.01,16390.540225999997,9575.595,-0.5045,0.001,resolved,0x4f28f7eb5c88316d308236ddbf8fc3b5d87e36d47e229869c1212c9696a2281f,https://data.chain.link/streams/btc-usd-twap-60s-streams,,
doge-updown-15m-1786167900,DOGE,"Dogecoin Up or Down - August 8, 1:45AM-2:00AM ET",2026-08-08T06:00:00Z,2026-08-08T05:45:00Z,0.07016226700041168,Up,"[""1"", ""0""]",0.99,295.91005299999995,148.336831,0.495,0.01,resolved,0x9c28eefb98874245a18dfb8ce7954283a7b5b4c4a49e12cee60c0684dc0a4f3c,https://data.chain.link/streams/doge-usd-twap-60s-streams,,
eth-updown-15m-1786167900,ETH,"Ethereum Up or Down - August 8, 1:45AM-2:00AM ET",2026-08-08T06:00:00Z,2026-08-08T05:45:00Z,1916.9802712605967,Down,"[""0"", ""1""]",0.016,2726.4908749999995,2742.747686,-0.5045,0.001,resolved,0xdfe224c2bfeb8dfa5e5b211cb1b51c4226dd67cbe81db35add5c46391cac30f0,https://data.chain.link/streams/eth-usd-twap-60s-streams,,
hype-updown-15m-1786167900,HYPE,"Hyperliquid Up or Down - August 8, 1:45AM-2:00AM ET",2026-08-08T06:00:00Z,2026-08-08T05:45:00Z,54.40847700892952,Up,"[""1"", ""0""]",0.99,76.720315,124.728812,0.4995,0.001,resolved,0x2d1b537a901dc87be90273f36c13715696338e803789b39c569a84c2cbc79b08,https://data.chain.link/streams/hype-usd-twap-60s-streams,,
sol-updown-15m-1786167900,SOL,"Solana Up or Down - August 8, 1:45AM-2:00AM ET",2026-08-08T06:00:00Z,2026-08-08T05:45:00Z,74.55202402258331,Up,"[""1"", ""0""]",0.99,1511.5948969999997,873.443929,0.49,0.01,resolved,0xb9e74b9d7423aab18b552b84b495ec1d6a3314bdc60646f0b3ba10cf2aec2d47,https://data.chain.link/streams/sol-usd-twap-60s-streams,,
xrp-updown-15m-1786167900,XRP,"XRP Up or Down - August 8, 1:45AM-2:00AM ET",2026-08-08T06:00:00Z,2026-08-08T05:45:00Z,1.0329778643584266,Down,"[""0"", ""1""]",0.28,869.1147620000002,676.244915,-0.5045,0.001,resolved,0xb44d6a67c61083d8858b8c8274d4669ed4836c5abee3d78e7b13169f4d2ccbeb,https://data.chain.link/streams/xrp-usd-twap-60s-streams,,
zec-updown-15m-1786167900,ZEC,"ZCash Up or Down - August 8, 1:45AM-2:00AM ET",2026-08-08T06:00:00Z,2026-08-08T05:45:00Z,507.2033437673028,Down,"[""0"", ""1""]",,,,,0.96,resolved,0x6b8a3dd4aafd7ddb36c0b52f2ba9bb97d1d417e8818b4ea48621ab1ad35eb3cd,https://data.chain.link/streams/zec-usd-twap-60s-streams,,
bnb-updown-15m-1786168800,BNB,"BNB Up or Down - August 8, 2:00AM-2:15AM ET",2026-08-08T06:15:00Z,2026-08-08T06:00:00Z,592.9372177886057,Up,"[""1"", ""0""]",0.999,271.070219,4,0.4945,0.001,resolved,0xac3a85f834ca2075f8fd0d75077e07d77944e6b0c6df519f279e5c0d4a89ca86,https://data.chain.link/streams/bnb-usd-twap-60s-streams,,
btc-updown-15m-1786168800,BTC,"Bitcoin Up or Down - August 8, 2:00AM-2:15AM ET",2026-08-08T06:15:00Z,2026-08-08T06:00:00Z,64954.86293109078,Down,"[""0"", ""1""]",0.01,18108.026295000003,30,-0.5,0.01,resolved,0x385d029f066c76966063fece5a1c6471abe76ab12442526c9598d0cb276b1d58,https://data.chain.link/streams/btc-usd-twap-60s-streams,,
doge-updown-15m-1786168800,DOGE,"Dogecoin Up or Down - August 8, 2:00AM-2:15AM ET",2026-08-08T06:15:00Z,2026-08-08T06:00:00Z,0.0701630894968151,Up,"[""1"", ""0""]",0.999,207.90681499999997,1.960783,0.4995,0.001,resolved,0xd700b17e26218a27d62805004c83e849b9877c7969c4fdfdf50e455a588dd857,https://data.chain.link/streams/doge-usd-twap-60s-streams,,
eth-updown-15m-1786168800,ETH,"Ethereum Up or Down - August 8, 2:00AM-2:15AM ET",2026-08-08T06:15:00Z,2026-08-08T06:00:00Z,1916.3212385782679,Up,"[""1"", ""0""]",0.99,4838.731236,35,0.49,0.01,resolved,0xc82f826d1a367996e8ea05b4fbfbd87a94b0183f53669421f134809c2ecf40dc,https://data.chain.link/streams/eth-usd-twap-60s-streams,,
hype-updown-15m-1786168800,HYPE,"Hyperliquid Up or Down - August 8, 2:00AM-2:15AM ET",2026-08-08T06:15:00Z,2026-08-08T06:00:00Z,54.42831994635915,Up,"[""1"", ""0""]",0.99,57.410237,,0.495,0.01,resolved,0xe44a8c6bbfaed67e3a785f46ea2f401b4c3601668df37fc4dfcc7b4154b9b615,https://data.chain.link/streams/hype-usd-twap-60s-streams,,
sol-updown-15m-1786168800,SOL,"Solana Up or Down - August 8, 2:00AM-2:15AM ET",2026-08-08T06:15:00Z,2026-08-08T06:00:00Z,74.58118480582121,Up,"[""1"", ""0""]",0.99,1202.798827,,0.49,0.01,resolved,0x5af8f41227dc00f5f0ae50e2812eaecb389a91ed994bf3953bceb44b2cef2c45,https://data.chain.link/streams/sol-usd-twap-60s-streams,,
xrp-updown-15m-1786168800,XRP,"XRP Up or Down - August 8, 2:00AM-2:15AM ET",2026-08-08T06:15:00Z,2026-08-08T06:00:00Z,1.0324438529216364,Up,"[""1"", ""0""]",0.999,813.991945,,0.4945,0.001,resolved,0xae6e828c2eaa614154fcfd6051090295233c01926ec6897e5130afd151e928fb,https://data.chain.link/streams/xrp-usd-twap-60s-streams,,
zec-updown-15m-1786168800,ZEC,"ZCash Up or Down - August 8, 2:00AM-2:15AM ET",2026-08-08T06:15:00Z,2026-08-08T06:00:00Z,507.1950743969337,Down,"[""0"", ""1""]",,,,,0.96,resolved,0xd3570dedfe35d32580ebc277e409ed34116df42250be575d58ad3d0257b8dd36,https://data.chain.link/streams/zec-usd-twap-60s-streams,,
bnb-updown-15m-1786169700,BNB,"BNB Up or Down - August 8, 2:15AM-2:30AM ET",2026-08-08T06:30:00Z,2026-08-08T06:15:00Z,593.5853476171368,Up,"[""1"", ""0""]",0.999,317.289916,1.960783,0.4945,0.001,resolved,0x44cc209831a77b2a8d5f55a1fdaff184898e75ce5e39c6ddd43d27a8a6fedd9b,https://data.chain.link/streams/bnb-usd-twap-60s-streams,,
btc-updown-15m-1786169700,BTC,"Bitcoin Up or Down - August 8, 2:15AM-2:30AM ET",2026-08-08T06:30:00Z,2026-08-08T06:15:00Z,64944.15821467043,Down,"[""0"", ""1""]",0.01,25623.579230999992,,-0.5,0.01,resolved,0x12df91090a8e7aaa275b3e5d7c4b081f720082b8f75e013c938ca54a8e0ecbc9,https://data.chain.link/streams/btc-usd-twap-60s-streams,,
doge-updown-15m-1786169700,DOGE,"Dogecoin Up or Down - August 8, 2:15AM-2:30AM ET",2026-08-08T06:30:00Z,2026-08-08T06:15:00Z,0.07020381816096921,Up,"[""1"", ""0""]",0.999,224.89461400000002,,0.4995,0.001,resolved,0x4f465ad266a4795912eaf9e8b51ae88004e2bf98df9ffa2fb5c5affb01e4800d,https://data.chain.link/streams/doge-usd-twap-60s-streams,,
eth-updown-15m-1786169700,ETH,"Ethereum Up or Down - August 8, 2:15AM-2:30AM ET",2026-08-08T06:30:00Z,2026-08-08T06:15:00Z,1916.335383577454,Down,"[""0"", ""1""]",0.04,3410.100743000001,1.960783,-0.5045,0.001,resolved,0xaaf3f13c9c20f9a9cf0e071c869e926ed3fc19cd983e7bd61679f37e21752dff,https://data.chain.link/streams/eth-usd-twap-60s-streams,,
hype-updown-15m-1786169700,HYPE,"Hyperliquid Up or Down - August 8, 2:15AM-2:30AM ET",2026-08-08T06:30:00Z,2026-08-08T06:15:00Z,54.428536674009855,Down,"[""0"", ""1""]",0.01,565.394005,,-0.495,0.01,resolved,0xad1e54c962862f2833c37a162d9765ea783b1a02e4f783664d6f728233dabd6a,https://data.chain.link/streams/hype-usd-twap-60s-streams,,
sol-updown-15m-1786169700,SOL,"Solana Up or Down - August 8, 2:15AM-2:30AM ET",2026-08-08T06:30:00Z,2026-08-08T06:15:00Z,74.59849740461263,Up,"[""1"", ""0""]",0.99,912.0506319999998,1.960783,0.4945,0.001,resolved,0xd1751399f3c99564251798779bab462df0fac0f11c5b1ff46bb2bf26a83103f4,https://data.chain.link/streams/sol-usd-twap-60s-streams,,
xrp-updown-15m-1786169700,XRP,"XRP Up or Down - August 8, 2:15AM-2:30AM ET",2026-08-08T06:30:00Z,2026-08-08T06:15:00Z,1.0338398885960227,Down,"[""0"", ""1""]",0.17,879.926699,,-0.5045,0.001,resolved,0x24e985611843a41c69ac724c7536adfef608e287ed6be90a1f3b3365bd008088,https://data.chain.link/streams/xrp-usd-twap-60s-streams,,
zec-updown-15m-1786169700,ZEC,"ZCash Up or Down - August 8, 2:15AM-2:30AM ET",2026-08-08T06:30:00Z,2026-08-08T06:15:00Z,506.7856352310907,Down,"[""0"", ""1""]",,,,-0.495,0.01,resolved,0xe93fd3ffa94d51ed68ae957f710ac277c8747b740c1e7b68b497bee8ceb3b21b,https://data.chain.link/streams/zec-usd-twap-60s-streams,,
bnb-updown-15m-1786170600,BNB,"BNB Up or Down - August 8, 2:30AM-2:45AM ET",2026-08-08T06:45:00Z,2026-08-08T06:30:00Z,593.8295782946352,Up,"[""1"", ""0""]",0.999,418.5522699999999,1.960783,0.4945,0.001,resolved,0x6191d956dae076fab370e1b2ca49ff93bf248789eacee4ca3972a378a253ed55,https://data.chain.link/streams/bnb-usd-twap-60s-streams,,
btc-updown-15m-1786170600,BTC,"Bitcoin Up or Down - August 8, 2:30AM-2:45AM ET",2026-08-08T06:45:00Z,2026-08-08T06:30:00Z,64936.436716161275,Down,"[""0"", ""1""]",0.001,21736.61943999999,1.960783,-0.5045,0.001,resolved,0xc75c2683d49ad03e316d7b3c582ef71a905983b811de54fb5ecba5676cf8ce06,https://data.chain.link/streams/btc-usd-twap-60s-streams,,
doge-updown-15m-1786170600,DOGE,"Dogecoin Up or Down - August 8, 2:30AM-2:45AM ET",2026-08-08T06:45:00Z,2026-08-08T06:30:00Z,0.07024245043091033,Up,"[""1"", ""0""]",0.999,644.7788600000001,,0.4995,0.001,resolved,0x671cf2d91644912d951fd2db44a71532fbb86478ea78fd2d6bf098a1683a85d9,https://data.chain.link/streams/doge-usd-twap-60s-streams,,
eth-updown-15m-1786170600,ETH,"Ethereum Up or Down - August 8, 2:30AM-2:45AM ET",2026-08-08T06:45:00Z,2026-08-08T06:30:00Z,1915.611935318099,Down,"[""0"", ""1""]",0.01,5233.591882,2,-0.5,0.01,resolved,0xdab749d80c3c342e301db00219781d898807ebe15be7d7695d85ca34af225501,https://data.chain.link/streams/eth-usd-twap-60s-streams,,
hype-updown-15m-1786170600,HYPE,"Hyperliquid Up or Down - August 8, 2:30AM-2:45AM ET",2026-08-08T06:45:00Z,2026-08-08T06:30:00Z,54.42554963274036,Down,"[""0"", ""1""]",0.22,24.565452999999998,,-0.495,0.01,resolved,0x7e4ac251fb8074b4532e593a81e60b406b26b70bb15502950a14d0919923afe2,https://data.chain.link/streams/hype-usd-twap-60s-streams,,
sol-updown-15m-1786170600,SOL,"Solana Up or Down - August 8, 2:30AM-2:45AM ET",2026-08-08T06:45:00Z,2026-08-08T06:30:00Z,74.69208452691984,Down,"[""0"", ""1""]",0.04,1853.560486,,-0.5,0.01,resolved,0xcb655ab6dde9aa07c101811f715dc19fdf222df80cc6986b25bd213a73a45ba1,https://data.chain.link/streams/sol-usd-twap-60s-streams,,
xrp-updown-15m-1786170600,XRP,"XRP Up or Down - August 8, 2:30AM-2:45AM ET",2026-08-08T06:45:00Z,2026-08-08T06:30:00Z,1.0333765322617021,Up,"[""1"", ""0""]",0.999,557.0080379999999,,0.4945,0.001,resolved,0x00d5eaa69e67ad59fae7aad7527600a246253c4c004bc95e6180dfd2a122f9a1,https://data.chain.link/streams/xrp-usd-twap-60s-streams,,
zec-updown-15m-1786170600,ZEC,"ZCash Up or Down - August 8, 2:30AM-2:45AM ET",2026-08-08T06:45:00Z,2026-08-08T06:30:00Z,505.9746250975844,Down,"[""0"", ""1""]",,,,-0.5,0.01,resolved,0x3d1d50fe7c945aca8553bc3d0a8677e26db3ae3c624617b7cd1f467339e325a1,https://data.chain.link/streams/zec-usd-twap-60s-streams,,
bnb-updown-15m-1786171500,BNB,"BNB Up or Down - August 8, 2:45AM-3:00AM ET",2026-08-08T07:00:00Z,2026-08-08T06:45:00Z,594.1255397989785,Up,"[""1"", ""0""]",0.99,190.95122899999996,189.606994,0.4945,0.001,resolved,0x922c119ca278686729671c4c75928336bf5dfd5326b8abe3c8746285cde8336f,https://data.chain.link/streams/bnb-usd-twap-60s-streams,,
btc-updown-15m-1786171500,BTC,"Bitcoin Up or Down - August 8, 2:45AM-3:00AM ET",2026-08-08T07:00:00Z,2026-08-08T06:45:00Z,64934.64527092857,Up,"[""1"", ""0""]",0.999,11684.766304000004,10492.967885,0.4945,0.001,resolved,0x7964382bc7e224d639cb50a6a27a7877b3ff1b534a4b21e21e87a1434bc1fd51,https://data.chain.link/streams/btc-usd-twap-60s-streams,,
doge-updown-15m-1786171500,DOGE,"Dogecoin Up or Down - August 8, 2:45AM-3:00AM ET",2026-08-08T07:00:00Z,2026-08-08T06:45:00Z,0.07027421530647078,Up,"[""1"", ""0""]",0.99,89.81108900000001,190.319186,0.4995,0.001,resolved,0xfad8418fabdf71ed155adbfee9e28391fed1e6739b665404dc3fe150986af00b,https://data.chain.link/streams/doge-usd-twap-60s-streams,,
eth-updown-15m-1786171500,ETH,"Ethereum Up or Down - August 8, 2:45AM-3:00AM ET",2026-08-08T07:00:00Z,2026-08-08T06:45:00Z,1915.538797677341,Down,"[""0"", ""1""]",0.13,3149.4536399999997,2678.000738,-0.5,0.01,resolved,0x7ad7043ea24a19a947af80a6dd3cbc0b509efdfeab8b3042d96217b593bf7cc9,https://data.chain.link/streams/eth-usd-twap-60s-streams,,
hype-updown-15m-1786171500,HYPE,"Hyperliquid Up or Down - August 8, 2:45AM-3:00AM ET",2026-08-08T07:00:00Z,2026-08-08T06:45:00Z,54.39078328668154,Down,"[""0"", ""1""]",0.45,42.092726,102.072726,-0.4995,0.001,resolved,0xe3159da9ed1398572af2b65a3a79fc265b5fe31ecd3627d0c5e8d2dcec4c167d,https://data.chain.link/streams/hype-usd-twap-60s-streams,,
sol-updown-15m-1786171500,SOL,"Solana Up or Down - August 8, 2:45AM-3:00AM ET",2026-08-08T07:00:00Z,2026-08-08T06:45:00Z,74.66487056725038,Up,"[""1"", ""0""]",0.99,2392.3269819999996,803.085187,0.49,0.01,resolved,0x8e95b502ed7417a7304e6400188056d9952b7ed3786c16741af16fe5f10713c0,https://data.chain.link/streams/sol-usd-twap-60s-streams,,
xrp-updown-15m-1786171500,XRP,"XRP Up or Down - August 8, 2:45AM-3:00AM ET",2026-08-08T07:00:00Z,2026-08-08T06:45:00Z,1.0345812242512258,Down,"[""0"", ""1""]",0.32,1009.5408799999999,720.442639,-0.5045,0.001,resolved,0x9b6142f4bf83674ee9bdc5d377a4d2440b50f31ca9186e26305b7da5b29a4f8b,https://data.chain.link/streams/xrp-usd-twap-60s-streams,,
zec-updown-15m-1786171500,ZEC,"ZCash Up or Down - August 8, 2:45AM-3:00AM ET",2026-08-08T07:00:00Z,2026-08-08T06:45:00Z,505.22449539676467,Up,"[""1"", ""0""]",0.98,,,0.495,0.01,resolved,0x5c23dbcc256ee113ca3fe6d3982611fad7aeb4f5120efee86f3629cf49f25682,https://data.chain.link/streams/zec-usd-twap-60s-streams,,
bnb-updown-15m-1786172400,BNB,"BNB Up or Down - August 8, 3:00AM-3:15AM ET",2026-08-08T07:15:00Z,2026-08-08T07:00:00Z,594.4871849320625,Down,"[""0"", ""1""]",0.03,461.26604599999996,5.921566,-0.5045,0.001,resolved,0x30446f149f50f01971495b8d7ba3849a98e27b1cbf13548d063766329bb6320d,https://data.chain.link/streams/bnb-usd-twap-60s-streams,,
btc-updown-15m-1786172400,BTC,"Bitcoin Up or Down - August 8, 3:00AM-3:15AM ET",2026-08-08T07:15:00Z,2026-08-08T07:00:00Z,64969.10163861759,Down,"[""0"", ""1""]",0.02,19006.893553999995,45.843133,-0.5,0.01,resolved,0x55f8ec0f3af5da742391df5ca2e6ed50e5127f2771c243c95c75c74df94b81a6,https://data.chain.link/streams/btc-usd-twap-60s-streams,,
doge-updown-15m-1786172400,DOGE,"Dogecoin Up or Down - August 8, 3:00AM-3:15AM ET",2026-08-08T07:15:00Z,2026-08-08T07:00:00Z,0.07032808495856875,Down,"[""0"", ""1""]",0.13,238.210383,,-0.4995,0.001,resolved,0x1a7c0fbc4af7d2369b216fd74667be3f2c8f9f9d9e07608933dbf58ab49575bb,https://data.chain.link/streams/doge-usd-twap-60s-streams,,
eth-updown-15m-1786172400,ETH,"Ethereum Up or Down - August 8, 3:00AM-3:15AM ET",2026-08-08T07:15:00Z,2026-08-08T07:00:00Z,1915.4239950026817,Down,"[""0"", ""1""]",0.03,2474.3306789999997,,-0.5045,0.001,resolved,0x4449d994144822af6590b3f1dc508722d8aacd9a2999b8ee9088b9f15963f483,https://data.chain.link/streams/eth-usd-twap-60s-streams,,
hype-updown-15m-1786172400,HYPE,"Hyperliquid Up or Down - August 8, 3:00AM-3:15AM ET",2026-08-08T07:15:00Z,2026-08-08T07:00:00Z,54.34846947437741,Down,"[""0"", ""1""]",0.52,47.055371,,-0.495,0.01,resolved,0xdf06ac07da6a37f46ca191660350a15ab31538f52b63191840c7265e81d8deb7,https://data.chain.link/streams/hype-usd-twap-60s-streams,,
sol-updown-15m-1786172400,SOL,"Solana Up or Down - August 8, 3:00AM-3:15AM ET",2026-08-08T07:15:00Z,2026-08-08T07:00:00Z,74.6706856460271,Up,"[""1"", ""0""]",0.99,1005.7207400000001,,0.49,0.01,resolved,0x329a216fb28d8fe46e515bd80e1b90f6fb965d047661cdbe56fb464708156810,https://data.chain.link/streams/sol-usd-twap-60s-streams,,
xrp-updown-15m-1786172400,XRP,"XRP Up or Down - August 8, 3:00AM-3:15AM ET",2026-08-08T07:15:00Z,2026-08-08T07:00:00Z,1.0342458672048371,Down,"[""0"", ""1""]",0.15,853.0550979999997,,-0.4995,0.001,resolved,0xb77a2b2a7bd1ee8b7e044282299e5d60d7b22ae714f0e2717a776d61d7b3666c,https://data.chain.link/streams/xrp-usd-twap-60s-streams,,
zec-updown-15m-1786172400,ZEC,"ZCash Up or Down - August 8, 3:00AM-3:15AM ET",2026-08-08T07:15:00Z,2026-08-08T07:00:00Z,505.36269489123686,Up,"[""1"", ""0""]",0.98,,,0.495,0.01,resolved,0xdb8e3849f476d7a50f7f218717a154e97b3457e3da01583b77480316e640e648,https://data.chain.link/streams/zec-usd-twap-60s-streams,,
bnb-updown-15m-1786173300,BNB,"BNB Up or Down - August 8, 3:15AM-3:30AM ET",2026-08-08T07:30:00Z,2026-08-08T07:15:00Z,594.048546371873,Up,"[""1"", ""0""]",0.99,156.229603,17.68627,0.4945,0.001,resolved,0x68937b4d39070e93864522f024a4791cb12a9c5b721d942f513780a203be7bd8,https://data.chain.link/streams/bnb-usd-twap-60s-streams,,
btc-updown-15m-1786173300,BTC,"Bitcoin Up or Down - August 8, 3:15AM-3:30AM ET",2026-08-08T07:30:00Z,2026-08-08T07:15:00Z,64959.45750325933,Up,"[""1"", ""0""]",0.99,15601.276816000001,,0.4945,0.001,resolved,0xf84116b395724842069cb637c7eae824f2d8d732ee8eafecce380b1faa634e6b,https://data.chain.link/streams/btc-usd-twap-60s-streams,,
doge-updown-15m-1786173300,DOGE,"Dogecoin Up or Down - August 8, 3:15AM-3:30AM ET",2026-08-08T07:30:00Z,2026-08-08T07:15:00Z,0.0702511319433668,Up,"[""1"", ""0""]",0.99,1169.402487,3.921632,0.495,0.01,resolved,0xe9dd6c9fa85d0bc7c752c3874b596d67807348d1143d0c6725e20fd19f4b4278,https://data.chain.link/streams/doge-usd-twap-60s-streams,,
eth-updown-15m-1786173300,ETH,"Ethereum Up or Down - August 8, 3:15AM-3:30AM ET",2026-08-08T07:30:00Z,2026-08-08T07:15:00Z,1914.9346021886386,Down,"[""0"", ""1""]",0.02,2622.722735,,-0.5045,0.001,resolved,0xbbf0d3e8d659294c63c34ee914d8ac0e0cad0f9d58818db0dc5188b0f43d2602,https://data.chain.link/streams/eth-usd-twap-60s-streams,,
hype-updown-15m-1786173300,HYPE,"Hyperliquid Up or Down - August 8, 3:15AM-3:30AM ET",2026-08-08T07:30:00Z,2026-08-08T07:15:00Z,54.28500776772968,Up,"[""1"", ""0""]",0.99,50.096967,,0.4995,0.001,resolved,0xeb0e4d285e7f2a212ee3f3ad5ae1a9f8c28c928a7a0b5db993a78cb67b9264c8,https://data.chain.link/streams/hype-usd-twap-60s-streams,,
sol-updown-15m-1786173300,SOL,"Solana Up or Down - August 8, 3:15AM-3:30AM ET",2026-08-08T07:30:00Z,2026-08-08T07:15:00Z,74.68083529901782,Down,"[""0"", ""1""]",0.01,1572.4342329999997,,-0.5045,0.001,resolved,0x0813856ba7f158dc59a45edc2378a2e094f463d0cb7a00b21f21d454e057dd2a,https://data.chain.link/streams/sol-usd-twap-60s-streams,,
xrp-updown-15m-1786173300,XRP,"XRP Up or Down - August 8, 3:15AM-3:30AM ET",2026-08-08T07:30:00Z,2026-08-08T07:15:00Z,1.033418528103073,Up,"[""1"", ""0""]",0.999,510.80614599999996,,0.4945,0.001,resolved,0xa283d68d8c945587038c04f4adebda1523883a681db4f29fee5ee83400b2dc00,https://data.chain.link/streams/xrp-usd-twap-60s-streams,,
zec-updown-15m-1786173300,ZEC,"ZCash Up or Down - August 8, 3:15AM-3:30AM ET",2026-08-08T07:30:00Z,2026-08-08T07:15:00Z,505.65434856787164,Down,"[""0"", ""1""]",,,,-0.495,0.01,resolved,0x9d38b4a823f1e0a7b4c85d7de53a49fef751fbae979630e57619b837fab8754a,https://data.chain.link/streams/zec-usd-twap-60s-streams,,
bnb-updown-15m-1786174200,BNB,"BNB Up or Down - August 8, 3:30AM-3:45AM ET",2026-08-08T07:45:00Z,2026-08-08T07:30:00Z,594.2463862474505,Up,"[""1"", ""0""]",0.999,289.72835200000003,7.843134,0.4945,0.001,resolved,0x369d6e43683a6ef604016f9768c658d7c389f4f67819d7f1be280a2fac3bbaf8,https://data.chain.link/streams/bnb-usd-twap-60s-streams,,
btc-updown-15m-1786174200,BTC,"Bitcoin Up or Down - August 8, 3:30AM-3:45AM ET",2026-08-08T07:45:00Z,2026-08-08T07:30:00Z,64966.062511320626,Down,"[""0"", ""1""]",0.021,17959.348438999987,3.921567,-0.5045,0.001,resolved,0xeaaa89a450f3c9bbb43f171cacbfdae939c492f08c1b58ab2048712aa9762927,https://data.chain.link/streams/btc-usd-twap-60s-streams,,
doge-updown-15m-1786174200,DOGE,"Dogecoin Up or Down - August 8, 3:30AM-3:45AM ET",2026-08-08T07:45:00Z,2026-08-08T07:30:00Z,0.07025193242454006,Down,"[""0"", ""1""]",0.05,92.73918399999998,1.960783,-0.4995,0.001,resolved,0x253b444ceab7c4c511adc2650786216d46031f560243dba5d523361ce381b22b,https://data.chain.link/streams/doge-usd-twap-60s-streams,,
eth-updown-15m-1786174200,ETH,"Ethereum Up or Down - August 8, 3:30AM-3:45AM ET",2026-08-08T07:45:00Z,2026-08-08T07:30:00Z,1914.8104517909646,Down,"[""0"", ""1""]",0.02,4611.063343000001,,-0.5045,0.001,resolved,0xeb37702ddde18b05cc0d18df2734b2f0385c3bf12733a00b8d1c5bb1fb626e76,https://data.chain.link/streams/eth-usd-twap-60s-streams,,
hype-updown-15m-1786174200,HYPE,"Hyperliquid Up or Down - August 8, 3:30AM-3:45AM ET",2026-08-08T07:45:00Z,2026-08-08T07:30:00Z,54.34730682062138,Up,"[""1"", ""0""]",0.99,28.214053,,0.495,0.01,resolved,0xdce611bb94cb70b5358b093ec88293b78b3059eb9872ec554ba0dd9f54792181,https://data.chain.link/streams/hype-usd-twap-60s-streams,,
sol-updown-15m-1786174200,SOL,"Solana Up or Down - August 8, 3:30AM-3:45AM ET",2026-08-08T07:45:00Z,2026-08-08T07:30:00Z,74.66272031432553,Up,"[""1"", ""0""]",0.99,4004.6931869999994,682.483046,0.52,0.01,resolved,0x68f1b9359087ae9daeaa02077278be49981d3e9138f79e35f9ce79c475d166af,https://data.chain.link/streams/sol-usd-twap-60s-streams,,
xrp-updown-15m-1786174200,XRP,"XRP Up or Down - August 8, 3:30AM-3:45AM ET",2026-08-08T07:45:00Z,2026-08-08T07:30:00Z,1.0340443397278967,Down,"[""0"", ""1""]",0.17,800.031745,,-0.5045,0.001,resolved,0x0f50a822b7fe15e3e4a2a7138c19a00c843c10991086617d2b6eaa2d4f4665e4,https://data.chain.link/streams/xrp-usd-twap-60s-streams,,
zec-updown-15m-1786174200,ZEC,"ZCash Up or Down - August 8, 3:30AM-3:45AM ET",2026-08-08T07:45:00Z,2026-08-08T07:30:00Z,504.30785893976986,Up,"[""1"", ""0""]",,,,,0.96,resolved,0xbba4a36a241e88ec1ff6f3f7df96f1f3df23ceb891453c44f71810e46b5d14d0,https://data.chain.link/streams/zec-usd-twap-60s-streams,,
bnb-updown-15m-1786175100,BNB,"BNB Up or Down - August 8, 3:45AM-4:00AM ET",2026-08-08T08:00:00Z,2026-08-08T07:45:00Z,594.6240492893014,Up,"[""1"", ""0""]",0.99,771.926074,155.417885,0.4945,0.001,resolved,0x828899ffca5f7cefd9e29fb9929d20f1bc4200dad93e5aa0a514d13675d4e4fe,https://data.chain.link/streams/bnb-usd-twap-60s-streams,,
btc-updown-15m-1786175100,BTC,"Bitcoin Up or Down - August 8, 3:45AM-4:00AM ET",2026-08-08T08:00:00Z,2026-08-08T07:45:00Z,64919.043190857745,Up,"[""1"", ""0""]",0.999,22137.025638000006,10711.265166,0.4945,0.001,resolved,0x662dde0e6f3695a24bcbd16771bef026726d3a79dd910a87d31124d6b0f8fe0d,https://data.chain.link/streams/btc-usd-twap-60s-streams,,
doge-updown-15m-1786175100,DOGE,"Dogecoin Up or Down - August 8, 3:45AM-4:00AM ET",2026-08-08T08:00:00Z,2026-08-08T07:45:00Z,0.07020124266508092,Up,"[""1"", ""0""]",0.99,552.687115,419.367812,0.4845,0.001,resolved,0x2b3d734de974d0f98a2e7705923972d82541da1942c7ca1a3909ea13a74999e5,https://data.chain.link/streams/doge-usd-twap-60s-streams,,
eth-updown-15m-1786175100,ETH,"Ethereum Up or Down - August 8, 3:45AM-4:00AM ET",2026-08-08T08:00:00Z,2026-08-08T07:45:00Z,1913.68288246941,Up,"[""1"", ""0""]",0.99,3190.773191999999,2974.845814,0.4995,0.001,resolved,0x1d8d9ec91bb6806399c0dcc5f52cf80e8ff6b99742ae84e64b5a5fb8c7d0f509,https://data.chain.link/streams/eth-usd-twap-60s-streams,,
hype-updown-15m-1786175100,HYPE,"Hyperliquid Up or Down - August 8, 3:45AM-4:00AM ET",2026-08-08T08:00:00Z,2026-08-08T07:45:00Z,54.3561544374635,Up,"[""1"", ""0""]",0.99,29.590771,82.592591,0.4995,0.001,resolved,0x48d8859cb5554b092b345132787198c83256ae5044a9271a1332c61409dc7fb0,https://data.chain.link/streams/hype-usd-twap-60s-streams,,
sol-updown-15m-1786175100,SOL,"Solana Up or Down - August 8, 3:45AM-4:00AM ET",2026-08-08T08:00:00Z,2026-08-08T07:45:00Z,74.67261361240887,Up,"[""1"", ""0""]",0.999,810.7644939999999,762.905574,0.4945,0.001,resolved,0x97ac5bd37ce675cd1e771d844517665771b646a17783bb6b36ea4bfec8c0a3f9,https://data.chain.link/streams/sol-usd-twap-60s-streams,,
xrp-updown-15m-1786175100,XRP,"XRP Up or Down - August 8, 3:45AM-4:00AM ET",2026-08-08T08:00:00Z,2026-08-08T07:45:00Z,1.0329897311761402,Up,"[""1"", ""0""]",0.999,1009.0983479999999,850.410298,0.4945,0.001,resolved,0xb52a010aca02d9115f5d2b65d59461008f0b993c76069c0488bed75d9a0dfcac,https://data.chain.link/streams/xrp-usd-twap-60s-streams,,
zec-updown-15m-1786175100,ZEC,"ZCash Up or Down - August 8, 3:45AM-4:00AM ET",2026-08-08T08:00:00Z,2026-08-08T07:45:00Z,504.7974643682574,Down,"[""0"", ""1""]",,,,,0.96,resolved,0x34ed6c8d58933e2f3aeda7fda4c1d7c465d8ec7d11a8528b630b6d52bd690103,https://data.chain.link/streams/zec-usd-twap-60s-streams,,
bnb-updown-15m-1786176000,BNB,"BNB Up or Down - August 8, 4:00AM-4:15AM ET",2026-08-08T08:15:00Z,2026-08-08T08:00:00Z,594.6721607533759,Down,"[""0"", ""1""]",0.001,607.082808,5.882351,-0.5045,0.001,resolved,0x805953193dbd390c295615f53363fe52bdc978fe41f14637d2d99c0c0d492166,https://data.chain.link/streams/bnb-usd-twap-60s-streams,,
btc-updown-15m-1786176000,BTC,"Bitcoin Up or Down - August 8, 4:00AM-4:15AM ET",2026-08-08T08:15:00Z,2026-08-08T08:00:00Z,64928.70996046198,Up,"[""1"", ""0""]",0.999,22111.547133999993,191,0.49,0.01,resolved,0xffbcde43da1ac713a25d4629c78e931227d3a29b3f81e63bfbe2c7ed6a8ea107,https://data.chain.link/streams/btc-usd-twap-60s-streams,,
doge-updown-15m-1786176000,DOGE,"Dogecoin Up or Down - August 8, 4:00AM-4:15AM ET",2026-08-08T08:15:00Z,2026-08-08T08:00:00Z,0.0702142441783268,Down,"[""0"", ""1""]",0.08,82.97015499999999,3.921567,-0.495,0.01,resolved,0xea29d6eedaf258173c20684e68e94291362b69d20cd9b0f3b4142a5343c2df4c,https://data.chain.link/streams/doge-usd-twap-60s-streams,,
eth-updown-15m-1786176000,ETH,"Ethereum Up or Down - August 8, 4:00AM-4:15AM ET",2026-08-08T08:15:00Z,2026-08-08T08:00:00Z,1914.2665520351093,Up,"[""1"", ""0""]",0.99,2587.1290329999993,37.72,0.49,0.01,resolved,0x2d4021e75d60326e02fe3561df1add0c1888e4bc49e4d991aa2805023b220fda,https://data.chain.link/streams/eth-usd-twap-60s-streams,,
hype-updown-15m-1786176000,HYPE,"Hyperliquid Up or Down - August 8, 4:00AM-4:15AM ET",2026-08-08T08:15:00Z,2026-08-08T08:00:00Z,54.386253733332104,Up,"[""1"", ""0""]",0.99,90.89010099999999,,0.495,0.01,resolved,0xd33f1f54cb76a9c48a46837305243994a29af1944ae2395f4e32cd7013292744,https://data.chain.link/streams/hype-usd-twap-60s-streams,,
sol-updown-15m-1786176000,SOL,"Solana Up or Down - August 8, 4:00AM-4:15AM ET",2026-08-08T08:15:00Z,2026-08-08T08:00:00Z,74.77099090087347,Down,"[""0"", ""1""]",0.35,1491.6188160000002,3.921566,-0.5,0.01,resolved,0x713dd38e02a40bcd1ec0c4ea79d820e7219cbf45054310b28fdf11315729b219,https://data.chain.link/streams/sol-usd-twap-60s-streams,,
xrp-updown-15m-1786176000,XRP,"XRP Up or Down - August 8, 4:00AM-4:15AM ET",2026-08-08T08:15:00Z,2026-08-08T08:00:00Z,1.0343238535048267,Up,"[""1"", ""0""]",0.99,1820.9108469999999,5.882351,0.49,0.01,resolved,0x9b71eed9ce2debc230cf751b29213ed6606039de291f067b2a962e83a6400a79,https://data.chain.link/streams/xrp-usd-twap-60s-streams,,
zec-updown-15m-1786176000,ZEC,"ZCash Up or Down - August 8, 4:00AM-4:15AM ET",2026-08-08T08:15:00Z,2026-08-08T08:00:00Z,504.2735480707161,Up,"[""1"", ""0""]",0.98,,,0.495,0.01,resolved,0x29562cc09cccd94c260ef3965ddf26d6cb77c8302d6ce67c7c3d483b20ed6a80,https://data.chain.link/streams/zec-usd-twap-60s-streams,,
bnb-updown-15m-1786176900,BNB,"BNB Up or Down - August 8, 4:15AM-4:30AM ET",2026-08-08T08:30:00Z,2026-08-08T08:15:00Z,593.795045691078,Down,"[""0"", ""1""]",0.7,146.147361,,-0.5,0.01,resolved,0xb66565986a1188583083629c5ee32ea850da2cfdb7a4f2553b2c818bd10d5efc,https://data.chain.link/streams/bnb-usd-twap-60s-streams,,
btc-updown-15m-1786176900,BTC,"Bitcoin Up or Down - August 8, 4:15AM-4:30AM ET",2026-08-08T08:30:00Z,2026-08-08T08:15:00Z,64933.72087729339,Up,"[""1"", ""0""]",0.99,16046.736616000011,5.88235,0.4945,0.001,resolved,0x2c9f8c4569e333247bd965cf1d37326e34a661f1fef8dadec28c1d5d7adf0f99,https://data.chain.link/streams/btc-usd-twap-60s-streams,,
doge-updown-15m-1786176900,DOGE,"Dogecoin Up or Down - August 8, 4:15AM-4:30AM ET",2026-08-08T08:30:00Z,2026-08-08T08:15:00Z,0.07018981780219721,Down,"[""0"", ""1""]",0.05,217.23087999999998,,-0.4995,0.001,resolved,0xee14557f7809a0ce04e2de9e466414c495aaff6e0e862f17749a57b9e71fabb2,https://data.chain.link/streams/doge-usd-twap-60s-streams,,
eth-updown-15m-1786176900,ETH,"Ethereum Up or Down - August 8, 4:15AM-4:30AM ET",2026-08-08T08:30:00Z,2026-08-08T08:15:00Z,1914.6042150039798,Up,"[""1"", ""0""]",0.99,3794.8976240000006,,0.4945,0.001,resolved,0x498ddd641a9229ec103155043eebf57644f53c93413ee99e4056c59d2fc7a44d,https://data.chain.link/streams/eth-usd-twap-60s-streams,,
hype-updown-15m-1786176900,HYPE,"Hyperliquid Up or Down - August 8, 4:15AM-4:30AM ET",2026-08-08T08:30:00Z,2026-08-08T08:15:00Z,54.39339120898748,Down,"[""0"", ""1""]",0.64,141.090861,,-0.495,0.01,resolved,0x7c4b52d62e35f231b52da308de4aef055952797e3627b5a3570381437e67c550,https://data.chain.link/streams/hype-usd-twap-60s-streams,,
sol-updown-15m-1786176900,SOL,"Solana Up or Down - August 8, 4:15AM-4:30AM ET",2026-08-08T08:30:00Z,2026-08-08T08:15:00Z,74.76352007906338,Up,"[""1"", ""0""]",0.99,1332.925292,,0.4945,0.001,resolved,0xc387e2571d376c9029e3ee13c7b2b65c2a2af793ce0902a62f6c6ea941e6f3a1,https://data.chain.link/streams/sol-usd-twap-60s-streams,,
xrp-updown-15m-1786176900,XRP,"XRP Up or Down - August 8, 4:15AM-4:30AM ET",2026-08-08T08:30:00Z,2026-08-08T08:15:00Z,1.0344196124678529,Up,"[""1"", ""0""]",0.99,797.742502,,0.49,0.01,resolved,0xbbb3d5c7f6952bb0380c0dc1394c1c3c23cf31917fbc9ddedc88c235ef9b3ab1,https://data.chain.link/streams/xrp-usd-twap-60s-streams,,
zec-updown-15m-1786176900,ZEC,"ZCash Up or Down - August 8, 4:15AM-4:30AM ET",2026-08-08T08:30:00Z,2026-08-08T08:15:00Z,504.9404068212336,Up,"[""1"", ""0""]",0.98,,,0.495,0.01,resolved,0x5c7439a73347e0209f03cb7ba888c49d2922cfd3b7519895416bee75e6532758,https://data.chain.link/streams/zec-usd-twap-60s-streams,,
bnb-updown-15m-1786177800,BNB,"BNB Up or Down - August 8, 4:30AM-4:45AM ET",2026-08-08T08:45:00Z,2026-08-08T08:30:00Z,593.7564362677638,Up,"[""1"", ""0""]",0.999,591.069276,1.960783,0.4945,0.001,resolved,0xa0d32af0a4c45cd922b0818ef12d2bf5ee6f2f18cc78a0556a3a4a7c99e30403,https://data.chain.link/streams/bnb-usd-twap-60s-streams,,
btc-updown-15m-1786177800,BTC,"Bitcoin Up or Down - August 8, 4:30AM-4:45AM ET",2026-08-08T08:45:00Z,2026-08-08T08:30:00Z,64945.37622100199,Up,"[""1"", ""0""]",0.999,13428.958899000001,,0.4945,0.001,resolved,0x39d4f4d9015cec1dcbf4dc1b0a1215cb7d258e644beef50612d20e28bebb5fc7,https://data.chain.link/streams/btc-usd-twap-60s-streams,,
doge-updown-15m-1786177800,DOGE,"Dogecoin Up or Down - August 8, 4:30AM-4:45AM ET",2026-08-08T08:45:00Z,2026-08-08T08:30:00Z,0.07015322081191024,Up,"[""1"", ""0""]",0.999,295.72628599999996,,0.4995,0.001,resolved,0x736acf57fbc024ee7c08297eb2c5782529755099d95ca10c1389fc8055aca880,https://data.chain.link/streams/doge-usd-twap-60s-streams,,
eth-updown-15m-1786177800,ETH,"Ethereum Up or Down - August 8, 4:30AM-4:45AM ET",2026-08-08T08:45:00Z,2026-08-08T08:30:00Z,1914.8675166481219,Up,"[""1"", ""0""]",0.999,2781.0863140000006,1.960783,0.4945,0.001,resolved,0x1807b4315222ed3f3d8adee44b97ac22c745df33fc1340bc4599700c572a1c02,https://data.chain.link/streams/eth-usd-twap-60s-streams,,
hype-updown-15m-1786177800,HYPE,"Hyperliquid Up or Down - August 8, 4:30AM-4:45AM ET",2026-08-08T08:45:00Z,2026-08-08T08:30:00Z,54.39338363333334,Up,"[""1"", ""0""]",0.99,1105.017724,,0.495,0.01,resolved,0x3601d3eef4188ef084bdf8cc7299cbe0e9d3d2e7597ab925cf100184110be12e,https://data.chain.link/streams/hype-usd-twap-60s-streams,,
sol-updown-15m-1786177800,SOL,"Solana Up or Down - August 8, 4:30AM-4:45AM ET",2026-08-08T08:45:00Z,2026-08-08T08:30:00Z,74.78243872050545,Down,"[""0"", ""1""]",0.01,2252.714198,3.921566,-0.5,0.01,resolved,0x90086e1700c3351bc3216ca88ddafb761a73cf9c8c8a8ea34d017f8bf64051da,https://data.chain.link/streams/sol-usd-twap-60s-streams,,
xrp-updown-15m-1786177800,XRP,"XRP Up or Down - August 8, 4:30AM-4:45AM ET",2026-08-08T08:45:00Z,2026-08-08T08:30:00Z,1.0345239645194964,Down,"[""0"", ""1""]",0.04,647.7060349999999,,-0.4995,0.001,resolved,0x0db20a3ad85c0a95ad97d5b565c393952601671d69b373e8c8537ba824f716c5,https://data.chain.link/streams/xrp-usd-twap-60s-streams,,
zec-updown-15m-1786177800,ZEC,"ZCash Up or Down - August 8, 4:30AM-4:45AM ET",2026-08-08T08:45:00Z,2026-08-08T08:30:00Z,505.46032065911055,Up,"[""1"", ""0""]",0.98,,,0.495,0.01,resolved,0x9604f359173b53495f5c0380e25ac9cd1ba61b105aef6f330bc491500e46029f,https://data.chain.link/streams/zec-usd-twap-60s-streams,,
bnb-updown-15m-1786178700,BNB,"BNB Up or Down - August 8, 4:45AM-5:00AM ET",2026-08-08T09:00:00Z,2026-08-08T08:45:00Z,594.2710143786655,Down,"[""0"", ""1""]",0.07,247.929443,172.370537,-0.5045,0.001,resolved,0xb3c509c4b8d6f8995174178f363e2911967417acec2b6c5395086f7282f996e4,https://data.chain.link/streams/bnb-usd-twap-60s-streams,,
btc-updown-15m-1786178700,BTC,"Bitcoin Up or Down - August 8, 4:45AM-5:00AM ET",2026-08-08T09:00:00Z,2026-08-08T08:45:00Z,64977.76165909008,Down,"[""0"", ""1""]",0.001,16289.682060999996,13092.281809,-0.5045,0.001,resolved,0x449113c87a58985a43f8e9184b069829e86483a6f11cf9c0e05aec2858c61bc1,https://data.chain.link/streams/btc-usd-twap-60s-streams,,
doge-updown-15m-1786178700,DOGE,"Dogecoin Up or Down - August 8, 4:45AM-5:00AM ET",2026-08-08T09:00:00Z,2026-08-08T08:45:00Z,0.07024286974912197,Up,"[""1"", ""0""]",0.999,523.228855,291.496053,0.4995,0.001,resolved,0x407db64c4f2b66605c9d75de55366c40b5348f72b2f8861b5b8021dd7cca595e,https://data.chain.link/streams/doge-usd-twap-60s-streams,,
eth-updown-15m-1786178700,ETH,"Ethereum Up or Down - August 8, 4:45AM-5:00AM ET",2026-08-08T09:00:00Z,2026-08-08T08:45:00Z,1916.5753296759965,Down,"[""0"", ""1""]",0.014,5247.540357000001,4443.421718,-0.5045,0.001,resolved,0x1aebe66410d05b2fbf5d24aaeb8c920555cf5b04da7282863e0d0a1b9dfbf305,https://data.chain.link/streams/eth-usd-twap-60s-streams,,
hype-updown-15m-1786178700,HYPE,"Hyperliquid Up or Down - August 8, 4:45AM-5:00AM ET",2026-08-08T09:00:00Z,2026-08-08T08:45:00Z,54.46194689611237,Up,"[""1"", ""0""]",0.99,149.401706,83.225805,0.4995,0.001,resolved,0xf6589ae4cab4c623e4c8579ae896f06d4d03b16f8d3ba1cb5de5fe868ccdcea3,https://data.chain.link/streams/hype-usd-twap-60s-streams,,
sol-updown-15m-1786178700,SOL,"Solana Up or Down - August 8, 4:45AM-5:00AM ET",2026-08-08T09:00:00Z,2026-08-08T08:45:00Z,74.75823607702135,Down,"[""0"", ""1""]",0.001,2712.7223319999994,928.103905,-0.5,0.01,resolved,0x0b0cf026fe8504d710b32dd7efe045795b511fc012cfd541646772a92dcefcba,https://data.chain.link/streams/sol-usd-twap-60s-streams,,
xrp-updown-15m-1786178700,XRP,"XRP Up or Down - August 8, 4:45AM-5:00AM ET",2026-08-08T09:00:00Z,2026-08-08T08:45:00Z,1.0338668483041258,Up,"[""1"", ""0""]",0.999,750.170535,828.54686,0.4945,0.001,resolved,0x79fd6012288675b035a997076fe3ffa61671741404a782efad4206bd7060bef6,https://data.chain.link/streams/xrp-usd-twap-60s-streams,,
zec-updown-15m-1786178700,ZEC,"ZCash Up or Down - August 8, 4:45AM-5:00AM ET",2026-08-08T09:00:00Z,2026-08-08T08:45:00Z,505.9446576622367,Up,"[""1"", ""0""]",0.98,,,0.495,0.01,resolved,0x462596e342ca7bbc95fd19d992ac354d32f1fcb93c6f3fa739f36c98a2105006,https://data.chain.link/streams/zec-usd-twap-60s-streams,,
bnb-updown-15m-1786179600,BNB,"BNB Up or Down - August 8, 5:00AM-5:15AM ET",2026-08-08T09:15:00Z,2026-08-08T09:00:00Z,594.1017401493909,Down,"[""0"", ""1""]",0.1,,,-0.5045,0.001,resolved,0xa689fd91a804c02b346bdf4de3f316199fc601f0f622a4f92b90da6c96f0c6cc,https://data.chain.link/streams/bnb-usd-twap-60s-streams,,
btc-updown-15m-1786179600,BTC,"Bitcoin Up or Down - August 8, 5:00AM-5:15AM ET",2026-08-08T09:15:00Z,2026-08-08T09:00:00Z,64955.93065619828,Up,"[""1"", ""0""]",0.999,16547.141588,197.980391,0.49,0.01,resolved,0xcc2f0964b25e12a4201d1afc7bbfffe612b0b49b16b375ac4bbc8503e9135d06,https://data.chain.link/streams/btc-usd-twap-60s-streams,,
doge-updown-15m-1786179600,DOGE,"Dogecoin Up or Down - August 8, 5:00AM-5:15AM ET",2026-08-08T09:15:00Z,2026-08-08T09:00:00Z,0.07035787831227107,Down,"[""0"", ""1""]",0.02,456.29795499999994,,-0.495,0.01,resolved,0xadb9fca36e2c48c99e787136bb30cd55b11b7de27b41c950243df27bf8bb842a,https://data.chain.link/streams/doge-usd-twap-60s-streams,,
eth-updown-15m-1786179600,ETH,"Ethereum Up or Down - August 8, 5:00AM-5:15AM ET",2026-08-08T09:15:00Z,2026-08-08T09:00:00Z,1915.7893843888914,Up,"[""1"", ""0""]",0.999,4382.001733,43.734692,0.49,0.01,resolved,0xebd6ac72ee18985168e53880b31da7934d7ab68324cb39214c2028a7b9b41468,https://data.chain.link/streams/eth-usd-twap-60s-streams,,
hype-updown-15m-1786179600,HYPE,"Hyperliquid Up or Down - August 8, 5:00AM-5:15AM ET",2026-08-08T09:15:00Z,2026-08-08T09:00:00Z,54.66558448112994,Down,"[""0"", ""1""]",0.15,,,-0.495,0.01,resolved,0x1cf87b58d108f3e2d89ad633cce351177fe5bb7820b790ce2000020df81b311a,https://data.chain.link/streams/hype-usd-twap-60s-streams,,
sol-updown-15m-1786179600,SOL,"Solana Up or Down - August 8, 5:00AM-5:15AM ET",2026-08-08T09:15:00Z,2026-08-08T09:00:00Z,74.75659298672677,Up,"[""1"", ""0""]",0.999,1530.2140510000006,3.921567,0.4945,0.001,resolved,0x31261ce1928df106fb776aecf5129589c2f44b1459348166d74c7aea13f3cc68,https://data.chain.link/streams/sol-usd-twap-60s-streams,,
xrp-updown-15m-1786179600,XRP,"XRP Up or Down - August 8, 5:00AM-5:15AM ET",2026-08-08T09:15:00Z,2026-08-08T09:00:00Z,1.03536464722886,Down,"[""0"", ""1""]",0.24,1243.630302,,-0.5,0.01,resolved,0x923ddc421b580b210506c1181b6cc9abd2cb9993bf0f16c1cd8cbe6b75e4210d,https://data.chain.link/streams/xrp-usd-twap-60s-streams,,
zec-updown-15m-1786179600,ZEC,"ZCash Up or Down - August 8, 5:00AM-5:15AM ET",2026-08-08T09:15:00Z,2026-08-08T09:00:00Z,506.41161426556755,Up,"[""1"", ""0""]",0.98,,,0.495,0.01,resolved,0x842df582081ac4ebd88ecbf752b32497a779a5974cce788f8dc280eae8e84821,https://data.chain.link/streams/zec-usd-twap-60s-streams,,
bnb-updown-15m-1786180500,BNB,"BNB Up or Down - August 8, 5:15AM-5:30AM ET",2026-08-08T09:30:00Z,2026-08-08T09:15:00Z,593.9150497813553,Up,"[""1"", ""0""]",0.999,241.36637000000002,,0.4945,0.001,resolved,0x42a7815ef888093ffde74aa46dd04f29fc97ebec97ae298d24b2d6357dcdb380,https://data.chain.link/streams/bnb-usd-twap-60s-streams,,
btc-updown-15m-1786180500,BTC,"Bitcoin Up or Down - August 8, 5:15AM-5:30AM ET",2026-08-08T09:30:00Z,2026-08-08T09:15:00Z,64966.67932860509,Up,"[""1"", ""0""]",0.999,13952.401382000002,,0.4945,0.001,resolved,0x4599deed04c15fa38fe9b7b5df6f02700503c4010dc4ab246beca0c7d67aae23,https://data.chain.link/streams/btc-usd-twap-60s-streams,,
doge-updown-15m-1786180500,DOGE,"Dogecoin Up or Down - August 8, 5:15AM-5:30AM ET",2026-08-08T09:30:00Z,2026-08-08T09:15:00Z,0.07033832749595993,Up,"[""1"", ""0""]",0.999,286.093812,,0.4995,0.001,resolved,0x047110d62e3961409445019cbb0222bca1ab9e76d513be85d45d2757e1d8a7b0,https://data.chain.link/streams/doge-usd-twap-60s-streams,,
eth-updown-15m-1786180500,ETH,"Ethereum Up or Down - August 8, 5:15AM-5:30AM ET",2026-08-08T09:30:00Z,2026-08-08T09:15:00Z,1915.8492929127444,Down,"[""0"", ""1""]",0.03,3171.060158999999,,-0.5045,0.001,resolved,0x4a98b8f86c82c0c8d156bb78ad9f47e1218ed58057d4a2eaa8d749aa887328cc,https://data.chain.link/streams/eth-usd-twap-60s-streams,,
hype-updown-15m-1786180500,HYPE,"Hyperliquid Up or Down - August 8, 5:15AM-5:30AM ET",2026-08-08T09:30:00Z,2026-08-08T09:15:00Z,54.62255204225497,Up,"[""1"", ""0""]",0.99,119.622947,,0.4995,0.001,resolved,0xae2023fbe4b6e71be9ae88fab50a3a570823b933bd3b0c9816673f64a79e58b8,https://data.chain.link/streams/hype-usd-twap-60s-streams,,
sol-updown-15m-1786180500,SOL,"Solana Up or Down - August 8, 5:15AM-5:30AM ET",2026-08-08T09:30:00Z,2026-08-08T09:15:00Z,74.79241392251662,Up,"[""1"", ""0""]",0.999,824.424371,,0.4995,0.001,resolved,0xb132d5e476db7e6ab40537fd776b9309cb125e835b54a6844cbb254d5ac50199,https://data.chain.link/streams/sol-usd-twap-60s-streams,,
xrp-updown-15m-1786180500,XRP,"XRP Up or Down - August 8, 5:15AM-5:30AM ET",2026-08-08T09:30:00Z,2026-08-08T09:15:00Z,1.0350254740662752,Up,"[""1"", ""0""]",0.999,427.71459600000003,,0.4945,0.001,resolved,0xd7f379cdd4e50f84a961b4cf3fe2cc4b3391d79dbb68d82f8113850576b16f04,https://data.chain.link/streams/xrp-usd-twap-60s-streams,,
zec-updown-15m-1786180500,ZEC,"ZCash Up or Down - August 8, 5:15AM-5:30AM ET",2026-08-08T09:30:00Z,2026-08-08T09:15:00Z,506.76869458890184,Up,"[""1"", ""0""]",0.98,26.0108,,0.495,0.01,resolved,0xe1933b4b4279b7d61f7028f8c2b0c92ff25ed07b954386e0c77b187e7f11aa62,https://data.chain.link/streams/zec-usd-twap-60s-streams,,
bnb-updown-15m-1786181400,BNB,"BNB Up or Down - August 8, 5:30AM-5:45AM ET",2026-08-08T09:45:00Z,2026-08-08T09:30:00Z,594.269739592554,Down,"[""0"", ""1""]",0.01,670.6433099999999,5.882351,-0.5045,0.001,resolved,0x7394e624190e2259efc2c70f69201ea5e42d7c8788ef52795b8ccac42bd63d09,https://data.chain.link/streams/bnb-usd-twap-60s-streams,,
btc-updown-15m-1786181400,BTC,"Bitcoin Up or Down - August 8, 5:30AM-5:45AM ET",2026-08-08T09:45:00Z,2026-08-08T09:30:00Z,64980.09057499144,Down,"[""0"", ""1""]",0.02,33570.47658099997,4,-0.5,0.01,resolved,0x102a3cf3e482a382b816418ac05484945b6cb566e6f6fb80b33ea0f3c80f2316,https://data.chain.link/streams/btc-usd-twap-60s-streams,,
doge-updown-15m-1786181400,DOGE,"Dogecoin Up or Down - August 8, 5:30AM-5:45AM ET",2026-08-08T09:45:00Z,2026-08-08T09:30:00Z,0.07043775234229874,Down,"[""0"", ""1""]",0.06,334.63771099999997,5.882351,-0.4995,0.001,resolved,0x2cc3d5597cfc8647d344072b25af287b7fb7296c8d64765f5c073397feeb345c,https://data.chain.link/streams/doge-usd-twap-60s-streams,,
eth-updown-15m-1786181400,ETH,"Ethereum Up or Down - August 8, 5:30AM-5:45AM ET",2026-08-08T09:45:00Z,2026-08-08T09:30:00Z,1915.3851352113936,Up,"[""1"", ""0""]",0.999,8659.297256999998,,0.4945,0.001,resolved,0xaebdd41280dad880dfd6c78a5c6f90ed8bdc67fc4c381bccf81ed221171109b7,https://data.chain.link/streams/eth-usd-twap-60s-streams,,
hype-updown-15m-1786181400,HYPE,"Hyperliquid Up or Down - August 8, 5:30AM-5:45AM ET",2026-08-08T09:45:00Z,2026-08-08T09:30:00Z,54.76982571374001,Down,"[""0"", ""1""]",0.11,,,-0.4995,0.001,resolved,0x0e9788b7cf0d53446d8ec8a27d45d2420faea408ce9496fd5bc24d8a5fc6a53c,https://data.chain.link/streams/hype-usd-twap-60s-streams,,
sol-updown-15m-1786181400,SOL,"Solana Up or Down - August 8, 5:30AM-5:45AM ET",2026-08-08T09:45:00Z,2026-08-08T09:30:00Z,74.89902450666571,Down,"[""0"", ""1""]",0.01,2455.9180069999998,,-0.5045,0.001,resolved,0xe39b801bec2762acc27f23c9fac2b0d2c0b18daf2079a03be62be3e28c2393ae,https://data.chain.link/streams/sol-usd-twap-60s-streams,,
xrp-updown-15m-1786181400,XRP,"XRP Up or Down - August 8, 5:30AM-5:45AM ET",2026-08-08T09:45:00Z,2026-08-08T09:30:00Z,1.0357004547861413,Down,"[""0"", ""1""]",0.39,1291.1315459999998,116.226282,-0.515,0.01,resolved,0xd0baeca8bc0c7fa4d0ff7357069d71c31c297a6690e5987827371f4eaaeb36a0,https://data.chain.link/streams/xrp-usd-twap-60s-streams,,
zec-updown-15m-1786181400,ZEC,"ZCash Up or Down - August 8, 5:30AM-5:45AM ET",2026-08-08T09:45:00Z,2026-08-08T09:30:00Z,506.7957755951597,Down,"[""0"", ""1""]",,,,-0.495,0.01,resolved,0x00a3c4bef41ffbef83defafb3a09f5235f2842a9f8f19610c6a772085c42627c,https://data.chain.link/streams/zec-usd-twap-60s-streams,,
bnb-updown-15m-1786182300,BNB,"BNB Up or Down - August 8, 5:45AM-6:00AM ET",2026-08-08T10:00:00Z,2026-08-08T09:45:00Z,594.1535723866949,Up,"[""1"", ""0""]",0.999,331.87500499999993,209.779711,0.4945,0.001,resolved,0x3889839275a20cd0013a7fef3d93f5e666d8799f0e4bc32392baa7b41967b4ac,https://data.chain.link/streams/bnb-usd-twap-60s-streams,,
btc-updown-15m-1786182300,BTC,"Bitcoin Up or Down - August 8, 5:45AM-6:00AM ET",2026-08-08T10:00:00Z,2026-08-08T09:45:00Z,64970.31991375155,Down,"[""0"", ""1""]",0.011,13792.505281,9217.612022,-0.5045,0.001,resolved,0x00077e2004a0db5bbd34055542559cd29bc954aedb8fe3e1d0eca77557e9226a,https://data.chain.link/streams/btc-usd-twap-60s-streams,,
doge-updown-15m-1786182300,DOGE,"Dogecoin Up or Down - August 8, 5:45AM-6:00AM ET",2026-08-08T10:00:00Z,2026-08-08T09:45:00Z,0.07029359881729334,Up,"[""1"", ""0""]",0.99,393.938877,212.567698,0.4995,0.001,resolved,0x6da78b7cdce4021889ead10604fd9b0c6cbc9985b859365581760ecceb3cf933,https://data.chain.link/streams/doge-usd-twap-60s-streams,,
eth-updown-15m-1786182300,ETH,"Ethereum Up or Down - August 8, 5:45AM-6:00AM ET",2026-08-08T10:00:00Z,2026-08-08T09:45:00Z,1918.1523545341208,Down,"[""0"", ""1""]",0.01,4261.818836000001,4618.722025,-0.5045,0.001,resolved,0x735284006e3c4a1a4b93e889dfdf26f6a9a36d8d2a9cff6ebb17ee965a011e57,https://data.chain.link/streams/eth-usd-twap-60s-streams,,
hype-updown-15m-1786182300,HYPE,"Hyperliquid Up or Down - August 8, 5:45AM-6:00AM ET",2026-08-08T10:00:00Z,2026-08-08T09:45:00Z,54.701696449523276,Down,"[""0"", ""1""]",,195.42094100000003,80,-0.4995,0.001,resolved,0x9b03740c5b9a2beb49c9c88ebd3a48cba28f68f1d6d7e68fb5f99255b59e683c,https://data.chain.link/streams/hype-usd-twap-60s-streams,,
sol-updown-15m-1786182300,SOL,"Solana Up or Down - August 8, 5:45AM-6:00AM ET",2026-08-08T10:00:00Z,2026-08-08T09:45:00Z,74.80767666674498,Up,"[""1"", ""0""]",0.99,1540.22031,823.135136,0.4945,0.001,resolved,0x7ef5244d6ec425030ed8e2d9c4338867efefcccbca056364ff27bdeece045eea,https://data.chain.link/streams/sol-usd-twap-60s-streams,,
xrp-updown-15m-1786182300,XRP,"XRP Up or Down - August 8, 5:45AM-6:00AM ET",2026-08-08T10:00:00Z,2026-08-08T09:45:00Z,1.0353155300656034,Down,"[""0"", ""1""]",0.72,1051.5801020000001,794.951297,-0.5,0.01,resolved,0xcf456249130d2696271d91a4388fff5afe4924bc65c035f9431582b661c02d9a,https://data.chain.link/streams/xrp-usd-twap-60s-streams,,
zec-updown-15m-1786182300,ZEC,"ZCash Up or Down - August 8, 5:45AM-6:00AM ET",2026-08-08T10:00:00Z,2026-08-08T09:45:00Z,506.1481618699463,Down,"[""0"", ""1""]",,,,-0.495,0.01,resolved,0xc68f77ea495564b5e6126823139e5ab7df9202c30e4de168e044d41dc296cb90,https://data.chain.link/streams/zec-usd-twap-60s-streams,,
bnb-updown-15m-1786183200,BNB,"BNB Up or Down - August 8, 6:00AM-6:15AM ET",2026-08-08T10:15:00Z,2026-08-08T10:00:00Z,594.3342088245837,Up,"[""1"", ""0""]",0.999,,,0.4945,0.001,resolved,0x808c54dfa8d72b9df80ee5e31405c5989b9ffb1f8cf66bec01ef7a389f84ebae,https://data.chain.link/streams/bnb-usd-twap-60s-streams,,
btc-updown-15m-1786183200,BTC,"Bitcoin Up or Down - August 8, 6:00AM-6:15AM ET",2026-08-08T10:15:00Z,2026-08-08T10:00:00Z,64954.59705922272,Up,"[""1"", ""0""]",0.999,15451.964269000013,221,0.4945,0.001,resolved,0xf55850d76b59ef28d169b70df8fe67ef1269083523ed1555e48a38fa790ff00c,https://data.chain.link/streams/btc-usd-twap-60s-streams,,
doge-updown-15m-1786183200,DOGE,"Dogecoin Up or Down - August 8, 6:00AM-6:15AM ET",2026-08-08T10:15:00Z,2026-08-08T10:00:00Z,0.07031976791989886,Down,"[""0"", ""1""]",0.01,275.711495,1.960783,-0.4995,0.001,resolved,0x918384d49725707c7bec719e28eccab45dbee8e3bd0f833e0beb9a06f7a0b649,https://data.chain.link/streams/doge-usd-twap-60s-streams,,
eth-updown-15m-1786183200,ETH,"Ethereum Up or Down - August 8, 6:00AM-6:15AM ET",2026-08-08T10:15:00Z,2026-08-08T10:00:00Z,1917.695225338541,Up,"[""1"", ""0""]",0.999,1691.0321319999998,101.372538,0.4995,0.001,resolved,0xad271c01ada1f678113a37430459d90807f5da73a088877e62c8d83bd8923f94,https://data.chain.link/streams/eth-usd-twap-60s-streams,,
hype-updown-15m-1786183200,HYPE,"Hyperliquid Up or Down - August 8, 6:00AM-6:15AM ET",2026-08-08T10:15:00Z,2026-08-08T10:00:00Z,54.61153405257185,Up,"[""1"", ""0""]",0.999,,,0.4995,0.001,resolved,0xcc05a9c567cdf76d4e3be9a4fd721834da592cfbb522a832859758f3ea521804,https://data.chain.link/streams/hype-usd-twap-60s-streams,,
sol-updown-15m-1786183200,SOL,"Solana Up or Down - August 8, 6:00AM-6:15AM ET",2026-08-08T10:15:00Z,2026-08-08T10:00:00Z,74.82989656316212,Up,"[""1"", ""0""]",0.999,3083.067040999999,683.967904,0.5245,0.001,resolved,0xf157792704fe29dd5126b23349b2dc99297148bac8bc758508d3fc15adbe7ee7,https://data.chain.link/streams/sol-usd-twap-60s-streams,,
xrp-updown-15m-1786183200,XRP,"XRP Up or Down - August 8, 6:00AM-6:15AM ET",2026-08-08T10:15:00Z,2026-08-08T10:00:00Z,1.0352973851305187,Down,"[""0"", ""1""]",0.01,1556.0745370000002,267.833156,-0.5,0.01,resolved,0x03ecc94e83b2900cb7c71ca48d2973453341802c569b167eb5a795e4749bb1d7,https://data.chain.link/streams/xrp-usd-twap-60s-streams,,
zec-updown-15m-1786183200,ZEC,"ZCash Up or Down - August 8, 6:00AM-6:15AM ET",2026-08-08T10:15:00Z,2026-08-08T10:00:00Z,505.5727490044839,Up,"[""1"", ""0""]",0.98,,,0.49,0.01,resolved,0xbb8e66dae6813b37f8b1acb7a2bf711a911d04e1891599605b48afc3d7c35782,https://data.chain.link/streams/zec-usd-twap-60s-streams,,
bnb-updown-15m-1786184100,BNB,"BNB Up or Down - August 8, 6:15AM-6:30AM ET",2026-08-08T10:30:00Z,2026-08-08T10:15:00Z,594.368196598493,Up,"[""1"", ""0""]",0.999,422.15687,,0.4945,0.001,resolved,0x0f6c896c8a4d95dbeb0adf693d7c0373beeccfe48b7ad78b1ef8b8303dcb6eaa,https://data.chain.link/streams/bnb-usd-twap-60s-streams,,
btc-updown-15m-1786184100,BTC,"Bitcoin Up or Down - August 8, 6:15AM-6:30AM ET",2026-08-08T10:30:00Z,2026-08-08T10:15:00Z,64958.81201568688,Up,"[""1"", ""0""]",0.999,12419.34789300001,,0.4945,0.001,resolved,0x395bbb724d997e178d1d9d5a46ed22b2899a2ffbbe257ca19918cb3ed70f2fbf,https://data.chain.link/streams/btc-usd-twap-60s-streams,,
doge-updown-15m-1786184100,DOGE,"Dogecoin Up or Down - August 8, 6:15AM-6:30AM ET",2026-08-08T10:30:00Z,2026-08-08T10:15:00Z,0.07028340656367564,Down,"[""0"", ""1""]",0.03,545.241559,,-0.5,0.01,resolved,0x311ea8ee37cc5eb825a5abc4cc3811c7d5fc05990e124882685577b07025a0d3,https://data.chain.link/streams/doge-usd-twap-60s-streams,,
eth-updown-15m-1786184100,ETH,"Ethereum Up or Down - August 8, 6:15AM-6:30AM ET",2026-08-08T10:30:00Z,2026-08-08T10:15:00Z,1919.1451460995966,Up,"[""1"", ""0""]",0.999,3717.915971999999,10,0.4995,0.001,resolved,0x2964ac192a6f06c07c1a4514be27c510cce8eabadd57aef9e5a584f63c71d1fc,https://data.chain.link/streams/eth-usd-twap-60s-streams,,
hype-updown-15m-1786184100,HYPE,"Hyperliquid Up or Down - August 8, 6:15AM-6:30AM ET",2026-08-08T10:30:00Z,2026-08-08T10:15:00Z,54.75267315342059,Up,"[""1"", ""0""]",0.99,1186.3353579999998,,0.495,0.01,resolved,0x8c9577782d3a686da9111da6e7dc906aba6ad3b925ecd4ea39094470103449a4,https://data.chain.link/streams/hype-usd-twap-60s-streams,,
sol-updown-15m-1786184100,SOL,"Solana Up or Down - August 8, 6:15AM-6:30AM ET",2026-08-08T10:30:00Z,2026-08-08T10:15:00Z,74.87284621893374,Up,"[""1"", ""0""]",0.999,1133.871885,,0.4945,0.001,resolved,0xf3c9c7ac38db3ac95ccc2fba5571befb8a230918f438f7fba30ae0499d770e2c,https://data.chain.link/streams/sol-usd-twap-60s-streams,,
xrp-updown-15m-1786184100,XRP,"XRP Up or Down - August 8, 6:15AM-6:30AM ET",2026-08-08T10:30:00Z,2026-08-08T10:15:00Z,1.0350388923512635,Up,"[""1"", ""0""]",0.999,872.0022339999998,,0.4945,0.001,resolved,0x5f8d4ed0686b9dae08afc0914f82d3d4b71f81b65ddaa58a7382dd1d64730f9d,https://data.chain.link/streams/xrp-usd-twap-60s-streams,,
zec-updown-15m-1786184100,ZEC,"ZCash Up or Down - August 8, 6:15AM-6:30AM ET",2026-08-08T10:30:00Z,2026-08-08T10:15:00Z,506.8662510951866,Up,"[""1"", ""0""]",0.98,25,,0.495,0.01,resolved,0x8e3464cd58452c1d8f576b49b357b39f8c37fa0f885fc3fbca2fb5a97a6c37a1,https://data.chain.link/streams/zec-usd-twap-60s-streams,,
bnb-updown-15m-1786185000,BNB,"BNB Up or Down - August 8, 6:30AM-6:45AM ET",2026-08-08T10:45:00Z,2026-08-08T10:30:00Z,595.4957212596071,Down,"[""0"", ""1""]",0.12,252.266976,,-0.4995,0.001,resolved,0x161eb659619eace7938c96903e018fff685b4e39ffaeb004b457dbebcbf048fc,https://data.chain.link/streams/bnb-usd-twap-60s-streams,,
btc-updown-15m-1786185000,BTC,"Bitcoin Up or Down - August 8, 6:30AM-6:45AM ET",2026-08-08T10:45:00Z,2026-08-08T10:30:00Z,64979.40176432878,Down,"[""0"", ""1""]",0.02,24802.410546,,-0.5,0.01,resolved,0x2d6e3b2744a37fb381a291515c16ee6d5bbcdf449681f0274f53f5ec603a409e,https://data.chain.link/streams/btc-usd-twap-60s-streams,,
doge-updown-15m-1786185000,DOGE,"Dogecoin Up or Down - August 8, 6:30AM-6:45AM ET",2026-08-08T10:45:00Z,2026-08-08T10:30:00Z,0.07028262864366551,Down,"[""0"", ""1""]",0.01,200.126861,,-0.495,0.01,resolved,0x01e1803b7ea6cb7c68a3c35539c7371ab180e5d20f57d295cc23d8c930ef1a66,https://data.chain.link/streams/doge-usd-twap-60s-streams,,
eth-updown-15m-1786185000,ETH,"Ethereum Up or Down - August 8, 6:30AM-6:45AM ET",2026-08-08T10:45:00Z,2026-08-08T10:30:00Z,1921.1066223997543,Down,"[""0"", ""1""]",0.04,2844.3298069999996,10,-0.4995,0.001,resolved,0x9fe5087a369330f6677d17ed246d9aa2deb760f0a42a7d865520bc2ebdb5b69c,https://data.chain.link/streams/eth-usd-twap-60s-streams,,
hype-updown-15m-1786185000,HYPE,"Hyperliquid Up or Down - August 8, 6:30AM-6:45AM ET",2026-08-08T10:45:00Z,2026-08-08T10:30:00Z,54.75611368333334,Up,"[""1"", ""0""]",0.99,245.571245,,0.495,0.01,resolved,0x39a14485d00c59bd64f5201bc6b90276ee49f066975a033c968833651031aef8,https://data.chain.link/streams/hype-usd-twap-60s-streams,,
sol-updown-15m-1786185000,SOL,"Solana Up or Down - August 8, 6:30AM-6:45AM ET",2026-08-08T10:45:00Z,2026-08-08T10:30:00Z,74.94026956514533,Up,"[""1"", ""0""]",0.99,1056.168154,,0.49,0.01,resolved,0x4892f83954ce3f71a2d13dcff4ed76166d4b29aaece3fe49d7a3d5a5ccabf67d,https://data.chain.link/streams/sol-usd-twap-60s-streams,,
xrp-updown-15m-1786185000,XRP,"XRP Up or Down - August 8, 6:30AM-6:45AM ET",2026-08-08T10:45:00Z,2026-08-08T10:30:00Z,1.036473625843177,Up,"[""1"", ""0""]",0.999,1344.534655,,0.49,0.01,resolved,0x2c77a94e720c0db0b7f54248d10d30e9fea2aee8918a0795f028a484a3552865,https://data.chain.link/streams/xrp-usd-twap-60s-streams,,
zec-updown-15m-1786185000,ZEC,"ZCash Up or Down - August 8, 6:30AM-6:45AM ET",2026-08-08T10:45:00Z,2026-08-08T10:30:00Z,507.8182062637085,Down,"[""0"", ""1""]",,,,-0.495,0.01,resolved,0x8c4b7668d65ec4ca0c85cd0b2979bc6be95a44b5579e73e52f7241ce72dd01c4,https://data.chain.link/streams/zec-usd-twap-60s-streams,,
bnb-updown-15m-1786185900,BNB,"BNB Up or Down - August 8, 6:45AM-7:00AM ET",2026-08-08T11:00:00Z,2026-08-08T10:45:00Z,594.7567793794016,Up,"[""1"", ""0""]",0.99,418.44904399999996,296.530357,0.49,0.01,resolved,0x135f501bd20b435ed7f42a437354f2efb2c41a9c60fa013517dda7550186c070,https://data.chain.link/streams/bnb-usd-twap-60s-streams,,
btc-updown-15m-1786185900,BTC,"Bitcoin Up or Down - August 8, 6:45AM-7:00AM ET",2026-08-08T11:00:00Z,2026-08-08T10:45:00Z,64975.27622361342,Down,"[""0"", ""1""]",0.01,26349.470121,8476.114975,-0.5,0.01,resolved,0x857ba08f61473d6c9f571291de48d0724fa2b8e74fb19b26629253ada8ee33ef,https://data.chain.link/streams/btc-usd-twap-60s-streams,,
doge-updown-15m-1786185900,DOGE,"Dogecoin Up or Down - August 8, 6:45AM-7:00AM ET",2026-08-08T11:00:00Z,2026-08-08T10:45:00Z,0.0702599587449943,Up,"[""1"", ""0""]",0.999,457.28376599999996,300.523561,0.4995,0.001,resolved,0xdb601b86acfd6e373ecc2ad1793918cc2842d8859b05b75cef6b113a4755fa17,https://data.chain.link/streams/doge-usd-twap-60s-streams,,
eth-updown-15m-1786185900,ETH,"Ethereum Up or Down - August 8, 6:45AM-7:00AM ET",2026-08-08T11:00:00Z,2026-08-08T10:45:00Z,1919.883408952501,Down,"[""0"", ""1""]",0.01,5146.089191,2952.416151,-0.49,0.01,resolved,0x40af5e12d6ed0692852b65ad727e9a31c9b22c65d0f7a27d34dd26dbb98ea957,https://data.chain.link/streams/eth-usd-twap-60s-streams,,
hype-updown-15m-1786185900,HYPE,"Hyperliquid Up or Down - August 8, 6:45AM-7:00AM ET",2026-08-08T11:00:00Z,2026-08-08T10:45:00Z,54.771689733333304,Up,"[""1"", ""0""]",0.999,359.49817099999996,124.728812,0.4995,0.001,resolved,0xb8f9ee264a7f53063557b7af2ff91534dd1f7c1b60feefae49efbcfc8bde4ff0,https://data.chain.link/streams/hype-usd-twap-60s-streams,,
sol-updown-15m-1786185900,SOL,"Solana Up or Down - August 8, 6:45AM-7:00AM ET",2026-08-08T11:00:00Z,2026-08-08T10:45:00Z,74.96030132579213,Up,"[""1"", ""0""]",0.999,1423.9498989999997,1400.812039,0.4945,0.001,resolved,0xeb061521c54576f9f67e0480a5fd222babf83257167332af97da998feb78a407,https://data.chain.link/streams/sol-usd-twap-60s-streams,,
xrp-updown-15m-1786185900,XRP,"XRP Up or Down - August 8, 6:45AM-7:00AM ET",2026-08-08T11:00:00Z,2026-08-08T10:45:00Z,1.036509499607526,Up,"[""1"", ""0""]",0.999,925.462853,1004.921188,0.4945,0.001,resolved,0x1adc32487c3578a33cd811357c188d1988afe4052efeea668fe3a5d7ecf2396a,https://data.chain.link/streams/xrp-usd-twap-60s-streams,,
zec-updown-15m-1786185900,ZEC,"ZCash Up or Down - August 8, 6:45AM-7:00AM ET",2026-08-08T11:00:00Z,2026-08-08T10:45:00Z,507.2797734733166,Down,"[""0"", ""1""]",,,,-0.495,0.01,resolved,0x784af9532252509745c8fd0876d99b31716d90dbd6393472978edbea5748210d,https://data.chain.link/streams/zec-usd-twap-60s-streams,,
bnb-updown-15m-1786186800,BNB,"BNB Up or Down - August 8, 7:00AM-7:15AM ET",2026-08-08T11:15:00Z,2026-08-08T11:00:00Z,594.758996592856,Up,"[""1"", ""0""]",0.999,344.4064819999999,,0.4945,0.001,resolved,0x58446f091c15d71bb5c15c751723e0a2539a7aa8c8d85b7d95837f7d3c608650,https://data.chain.link/streams/bnb-usd-twap-60s-streams,,
btc-updown-15m-1786186800,BTC,"Bitcoin Up or Down - August 8, 7:00AM-7:15AM ET",2026-08-08T11:15:00Z,2026-08-08T11:00:00Z,64969.051270568365,Up,"[""1"", ""0""]",0.99,34440.260163999985,262,0.49,0.01,resolved,0x094df79266fc1540e694fdc9663e31b92c9f584eecf5ea81c4d7b8f0f20642d9,https://data.chain.link/streams/btc-usd-twap-60s-streams,,
doge-updown-15m-1786186800,DOGE,"Dogecoin Up or Down - August 8, 7:00AM-7:15AM ET",2026-08-08T11:15:00Z,2026-08-08T11:00:00Z,0.07036180684157432,Up,"[""1"", ""0""]",0.99,351.17522799999995,,0.495,0.01,resolved,0x983b00863f88c1de2243126400a5f9badda24c6adfa9715f86e47ddfadebf7f0,https://data.chain.link/streams/doge-usd-twap-60s-streams,,
eth-updown-15m-1786186800,ETH,"Ethereum Up or Down - August 8, 7:00AM-7:15AM ET",2026-08-08T11:15:00Z,2026-08-08T11:00:00Z,1919.8577509744187,Up,"[""1"", ""0""]",0.999,3323.541281,40,0.5045,0.001,resolved,0xeaff591c90221e695fe7dba6d3509b8dbc7094ad7f3ec985b267fa86d5fd3dc7,https://data.chain.link/streams/eth-usd-twap-60s-streams,,
hype-updown-15m-1786186800,HYPE,"Hyperliquid Up or Down - August 8, 7:00AM-7:15AM ET",2026-08-08T11:15:00Z,2026-08-08T11:00:00Z,54.811875543417464,Down,"[""0"", ""1""]",0.35,143.607017,,-0.495,0.01,resolved,0x4b2cced4a35073e21b861d070e05c90bf46a7e1f147446a297705da92e21d948,https://data.chain.link/streams/hype-usd-twap-60s-streams,,
sol-updown-15m-1786186800,SOL,"Solana Up or Down - August 8, 7:00AM-7:15AM ET",2026-08-08T11:15:00Z,2026-08-08T11:00:00Z,75.03797663638987,Up,"[""1"", ""0""]",0.999,980.3765719999999,15,0.4945,0.001,resolved,0xeaed6e701336954a4eba9cd4cbc0378c644f1cdcf4b2812798551161ad130629,https://data.chain.link/streams/sol-usd-twap-60s-streams,,
xrp-updown-15m-1786186800,XRP,"XRP Up or Down - August 8, 7:00AM-7:15AM ET",2026-08-08T11:15:00Z,2026-08-08T11:00:00Z,1.0388618697047753,Down,"[""0"", ""1""]",0.01,1086.4680469999998,,-0.5,0.01,resolved,0xb035ee43eda2887cbefb4760f0ed1d966100b5378b6e6d58e660cbe2d482fa9f,https://data.chain.link/streams/xrp-usd-twap-60s-streams,,
zec-updown-15m-1786186800,ZEC,"ZCash Up or Down - August 8, 7:00AM-7:15AM ET",2026-08-08T11:15:00Z,2026-08-08T11:00:00Z,505.2416975556054,Down,"[""0"", ""1""]",,25,,-0.495,0.01,resolved,0x847f02188947073b4f3f6aba7a1268e94719b83d4661cf41476f3de1c7c89e0d,https://data.chain.link/streams/zec-usd-twap-60s-streams,,
bnb-updown-15m-1786187700,BNB,"BNB Up or Down - August 8, 7:15AM-7:30AM ET",2026-08-08T11:30:00Z,2026-08-08T11:15:00Z,595.1790846432996,Down,"[""0"", ""1""]",0.01,371.643379,3.960783,-0.5045,0.001,resolved,0xca54ae806ec4a970ab12a892bd1d1008e262b4cd30e5edd6320d4cb5313979a8,https://data.chain.link/streams/bnb-usd-twap-60s-streams,,
btc-updown-15m-1786187700,BTC,"Bitcoin Up or Down - August 8, 7:15AM-7:30AM ET",2026-08-08T11:30:00Z,2026-08-08T11:15:00Z,64974.85250050686,Down,"[""0"", ""1""]",0.001,9757.752866000003,,-0.5045,0.001,resolved,0x5b5cf0f0b7d1ba610a5320e63e6ff258e93925eacc105ab665847656032fb2a8,https://data.chain.link/streams/btc-usd-twap-60s-streams,,
doge-updown-15m-1786187700,DOGE,"Dogecoin Up or Down - August 8, 7:15AM-7:30AM ET",2026-08-08T11:30:00Z,2026-08-08T11:15:00Z,0.0704082490478501,Down,"[""0"", ""1""]",0.01,186.468929,,-0.4995,0.001,resolved,0x5afb1a5c8ca843cf9b8694a1da0c5f8bf5bb192ab69327429f64dc8bc4d4742b,https://data.chain.link/streams/doge-usd-twap-60s-streams,,
eth-updown-15m-1786187700,ETH,"Ethereum Up or Down - August 8, 7:15AM-7:30AM ET",2026-08-08T11:30:00Z,2026-08-08T11:15:00Z,1920.7772579349662,Down,"[""0"", ""1""]",0.001,2982.373324999999,5,-0.4945,0.001,resolved,0x07db684339e985f51f4d399935e3cf18a6937a45453bf407e41764a9a934b116,https://data.chain.link/streams/eth-usd-twap-60s-streams,,
hype-updown-15m-1786187700,HYPE,"Hyperliquid Up or Down - August 8, 7:15AM-7:30AM ET",2026-08-08T11:30:00Z,2026-08-08T11:15:00Z,54.787228721454134,Down,"[""0"", ""1""]",0.52,181.30682199999998,,-0.4995,0.001,resolved,0xc3471412ab23f0f2708e6dae61bbbc2ff1c16680c017043670585a59ac56cdc8,https://data.chain.link/streams/hype-usd-twap-60s-streams,,
sol-updown-15m-1786187700,SOL,"Solana Up or Down - August 8, 7:15AM-7:30AM ET",2026-08-08T11:30:00Z,2026-08-08T11:15:00Z,75.38987390885612,Down,"[""0"", ""1""]",0.1,1773.3461629999995,10,-0.5045,0.001,resolved,0x369dd49abdaa916694a81f620251968542bc7055b2588a02dfa9628310ebf116,https://data.chain.link/streams/sol-usd-twap-60s-streams,,
xrp-updown-15m-1786187700,XRP,"XRP Up or Down - August 8, 7:15AM-7:30AM ET",2026-08-08T11:30:00Z,2026-08-08T11:15:00Z,1.038492702561185,Down,"[""0"", ""1""]",0.24,671.951679,,-0.5045,0.001,resolved,0xbcf8e31f943dd9edc4638a1371d2182e5b5cead8b1ae0c7f8eec77d42bfc2ae4,https://data.chain.link/streams/xrp-usd-twap-60s-streams,,
zec-updown-15m-1786187700,ZEC,"ZCash Up or Down - August 8, 7:15AM-7:30AM ET",2026-08-08T11:30:00Z,2026-08-08T11:15:00Z,503.5010967419972,Down,"[""0"", ""1""]",,25,,-0.01,0.98,resolved,0xdfd6b3b4afbe1350a1f796cb7d6b233f52e74107ce6d307ddcf52b659585e55a,https://data.chain.link/streams/zec-usd-twap-60s-streams,,
bnb-updown-15m-1786188600,BNB,"BNB Up or Down - August 8, 7:30AM-7:45AM ET",2026-08-08T11:45:00Z,2026-08-08T11:30:00Z,595.0444074779874,Up,"[""1"", ""0""]",0.999,348.92392200000006,3.921567,0.4945,0.001,resolved,0x6bdb6e505f00e113fbe8b2b9b0323e1d43640df53b37d55718af276c1d2fcd2e,https://data.chain.link/streams/bnb-usd-twap-60s-streams,,
btc-updown-15m-1786188600,BTC,"Bitcoin Up or Down - August 8, 7:30AM-7:45AM ET",2026-08-08T11:45:00Z,2026-08-08T11:30:00Z,64936.50692688633,Down,"[""0"", ""1""]",0.02,22600.023059,,-0.5,0.01,resolved,0x1d473a10193d79a6bf17953d28650f8ff7f75d83d1a83966536ba952a49ffd54,https://data.chain.link/streams/btc-usd-twap-60s-streams,,
doge-updown-15m-1786188600,DOGE,"Dogecoin Up or Down - August 8, 7:30AM-7:45AM ET",2026-08-08T11:45:00Z,2026-08-08T11:30:00Z,0.0703805987307483,Down,"[""0"", ""1""]",0.01,420.20322500000003,,-0.4995,0.001,resolved,0x990fe3acdef63077606df622fa757bf6697cb59a3200fe3d4eba19b0eb4b786a,https://data.chain.link/streams/doge-usd-twap-60s-streams,,
eth-updown-15m-1786188600,ETH,"Ethereum Up or Down - August 8, 7:30AM-7:45AM ET",2026-08-08T11:45:00Z,2026-08-08T11:30:00Z,1918.7552571283834,Down,"[""0"", ""1""]",0.01,2285.128893,5,-0.49,0.01,resolved,0x522fff44bd96b39ee4374565beff3f1d4ad167e0071da27832a2e879cc933599,https://data.chain.link/streams/eth-usd-twap-60s-streams,,
hype-updown-15m-1786188600,HYPE,"Hyperliquid Up or Down - August 8, 7:30AM-7:45AM ET",2026-08-08T11:45:00Z,2026-08-08T11:30:00Z,54.57957108850559,Down,"[""0"", ""1""]",0.76,270.21662000000003,,-0.4995,0.001,resolved,0x09ba6264d6e465c1ed79513bbe44f0ae8043f2bd04991377fc6dc983f661ff40,https://data.chain.link/streams/hype-usd-twap-60s-streams,,
sol-updown-15m-1786188600,SOL,"Solana Up or Down - August 8, 7:30AM-7:45AM ET",2026-08-08T11:45:00Z,2026-08-08T11:30:00Z,75.21037609396605,Down,"[""0"", ""1""]",0.1,1048.6517519999998,,-0.5,0.01,resolved,0x7e848101e5fab5ebfe5d84c3967f412b584ad5327587a90e8738164792ff4c25,https://data.chain.link/streams/sol-usd-twap-60s-streams,,
xrp-updown-15m-1786188600,XRP,"XRP Up or Down - August 8, 7:30AM-7:45AM ET",2026-08-08T11:45:00Z,2026-08-08T11:30:00Z,1.0371435471110397,Down,"[""0"", ""1""]",0.28,714.550731,,-0.5045,0.001,resolved,0xcc9e32a3f25dfa3afb32dd196ab033a1ff5dec1b067c79f6dd31c10fab9f6230,https://data.chain.link/streams/xrp-usd-twap-60s-streams,,
zec-updown-15m-1786188600,ZEC,"ZCash Up or Down - August 8, 7:30AM-7:45AM ET",2026-08-08T11:45:00Z,2026-08-08T11:30:00Z,499.555830470563,Down,"[""0"", ""1""]",,,,-0.495,0.01,resolved,0xf792efc977db2241c42716f893f4b62c56161b5efa9ec8bc0840ef4f43a0efb9,https://data.chain.link/streams/zec-usd-twap-60s-streams,,
bnb-updown-15m-1786189500,BNB,"BNB Up or Down - August 8, 7:45AM-8:00AM ET",2026-08-08T12:00:00Z,2026-08-08T11:45:00Z,595.3061110421474,Up,"[""1"", ""0""]",0.999,268.490148,162.930147,0.4945,0.001,resolved,0xc270635aff6e72b82e5912c357fd0cbeea61444575462a999771a72dca797106,https://data.chain.link/streams/bnb-usd-twap-60s-streams,,
btc-updown-15m-1786189500,BTC,"Bitcoin Up or Down - August 8, 7:45AM-8:00AM ET",2026-08-08T12:00:00Z,2026-08-08T11:45:00Z,64930.47930901282,Down,"[""0"", ""1""]",0.001,17071.353116000002,9873.08747,-0.5,0.01,resolved,0x56d1b17acbb30427a08dd45d20584daa35192928383f28c146f56a257c81badb,https://data.chain.link/streams/btc-usd-twap-60s-streams,,
doge-updown-15m-1786189500,DOGE,"Dogecoin Up or Down - August 8, 7:45AM-8:00AM ET",2026-08-08T12:00:00Z,2026-08-08T11:45:00Z,0.07027920664004679,Up,"[""1"", ""0""]",0.999,212.03508499999998,179.937252,0.4995,0.001,resolved,0x11f0c8f0d8a1f16fbaf54b357c421b446504ee6fda56fd1598d22c9597045ed2,https://data.chain.link/streams/doge-usd-twap-60s-streams,,
eth-updown-15m-1786189500,ETH,"Ethereum Up or Down - August 8, 7:45AM-8:00AM ET",2026-08-08T12:00:00Z,2026-08-08T11:45:00Z,1918.5357972683607,Up,"[""1"", ""0""]",0.999,2197.754724,3115.296168,0.4945,0.001,resolved,0x90356dde3c61f65342da8ec684c3af049c6f22f77c2459b21603b61e9b095265,https://data.chain.link/streams/eth-usd-twap-60s-streams,,
hype-updown-15m-1786189500,HYPE,"Hyperliquid Up or Down - August 8, 7:45AM-8:00AM ET",2026-08-08T12:00:00Z,2026-08-08T11:45:00Z,54.513537946390535,Up,"[""1"", ""0""]",0.99,46.019999999999996,100,0.4995,0.001,resolved,0x65a35c19b726cf1a4ae81e8256eb6da4531b4f24da1b17b37797df18384e81ab,https://data.chain.link/streams/hype-usd-twap-60s-streams,,
sol-updown-15m-1786189500,SOL,"Solana Up or Down - August 8, 7:45AM-8:00AM ET",2026-08-08T12:00:00Z,2026-08-08T11:45:00Z,75.18374342260203,Up,"[""1"", ""0""]",0.999,1212.349469,936.291401,0.4945,0.001,resolved,0x634ff5425a4f1967635694a9a4659dbbe38e3061c4f309f0331534b82f53c914,https://data.chain.link/streams/sol-usd-twap-60s-streams,,
xrp-updown-15m-1786189500,XRP,"XRP Up or Down - August 8, 7:45AM-8:00AM ET",2026-08-08T12:00:00Z,2026-08-08T11:45:00Z,1.0363351901099862,Up,"[""1"", ""0""]",0.999,633.290008,787.507641,0.4945,0.001,resolved,0xcdffb9c4cbbc818d1306635e5543ee740b6d7d06a5824ddd2142023234f18106,https://data.chain.link/streams/xrp-usd-twap-60s-streams,,
zec-updown-15m-1786189500,ZEC,"ZCash Up or Down - August 8, 7:45AM-8:00AM ET",2026-08-08T12:00:00Z,2026-08-08T11:45:00Z,497.78901230222397,Up,"[""1"", ""0""]",,,,,0.96,resolved,0x2dbf73d902b5bb63acca24646b64189f94285dbbae12b8a6b01963980ddc53e5,https://data.chain.link/streams/zec-usd-twap-60s-streams,,
bnb-updown-15m-1786190400,BNB,"BNB Up or Down - August 8, 8:00AM-8:15AM ET",2026-08-08T12:15:00Z,2026-08-08T12:00:00Z,596.1823324995727,Down,"[""0"", ""1""]",0.14,235.06424799999996,7.843133,-0.4995,0.001,resolved,0x0e765ec757a2517b275d33915b5c6c20c9fad116d9fd3824caa732861076f05d,https://data.chain.link/streams/bnb-usd-twap-60s-streams,,
btc-updown-15m-1786190400,BTC,"Bitcoin Up or Down - August 8, 8:00AM-8:15AM ET",2026-08-08T12:15:00Z,2026-08-08T12:00:00Z,64928.71557580187,Up,"[""1"", ""0""]",0.999,45978.65879900001,104.60392,0.4945,0.001,resolved,0xb15568f546173bc28ed959da0d36f77c561baeba995a7f9e7a53ebac1aec3da6,https://data.chain.link/streams/btc-usd-twap-60s-streams,,
doge-updown-15m-1786190400,DOGE,"Dogecoin Up or Down - August 8, 8:00AM-8:15AM ET",2026-08-08T12:15:00Z,2026-08-08T12:00:00Z,0.07039907886782143,Up,"[""1"", ""0""]",0.99,200.720594,1.960783,0.495,0.01,resolved,0xedbe140078c5f3d3c1970fadac20188cc494f3389f91951b69e49f02f3d024a9,https://data.chain.link/streams/doge-usd-twap-60s-streams,,
eth-updown-15m-1786190400,ETH,"Ethereum Up or Down - August 8, 8:00AM-8:15AM ET",2026-08-08T12:15:00Z,2026-08-08T12:00:00Z,1919.7582817401512,Down,"[""0"", ""1""]",0.001,6264.263282,45,-0.4995,0.001,resolved,0x3f7c822cdcdf1ab02c95aacc8179b41ddfa1a7f8817e5cdc9c6386b176578340,https://data.chain.link/streams/eth-usd-twap-60s-streams,,
hype-updown-15m-1786190400,HYPE,"Hyperliquid Up or Down - August 8, 8:00AM-8:15AM ET",2026-08-08T12:15:00Z,2026-08-08T12:00:00Z,54.54165287109887,Down,"[""0"", ""1""]",,27.0308,,-0.495,0.01,resolved,0x7cc638ab101116299a2909a98b2b758f790c50fbb6c1b5453051492f800f5995,https://data.chain.link/streams/hype-usd-twap-60s-streams,,
sol-updown-15m-1786190400,SOL,"Solana Up or Down - August 8, 8:00AM-8:15AM ET",2026-08-08T12:15:00Z,2026-08-08T12:00:00Z,75.52563134631944,Down,"[""0"", ""1""]",0.01,2765.092169,78.245282,-0.5,0.01,resolved,0x95a0287d38799f429fd1028a7d2775841ab197d50314b1f7b4e7458d16f64bc7,https://data.chain.link/streams/sol-usd-twap-60s-streams,,
xrp-updown-15m-1786190400,XRP,"XRP Up or Down - August 8, 8:00AM-8:15AM ET",2026-08-08T12:15:00Z,2026-08-08T12:00:00Z,1.037284176427653,Up,"[""1"", ""0""]",0.999,685.781379,,0.4995,0.001,resolved,0xea0530476c91943c240aa2521763abe69075108716e0eab4e621faeedadd2d74,https://data.chain.link/streams/xrp-usd-twap-60s-streams,,
zec-updown-15m-1786190400,ZEC,"ZCash Up or Down - August 8, 8:00AM-8:15AM ET",2026-08-08T12:15:00Z,2026-08-08T12:00:00Z,498.63076734156544,Up,"[""1"", ""0""]",0.98,25,,0.495,0.01,resolved,0x38dd7aafe2297ec4ea1c2d4217896211d225a2a3c08d0f33413bb25ca731e341,https://data.chain.link/streams/zec-usd-twap-60s-streams,,
bnb-updown-15m-1786191300,BNB,"BNB Up or Down - August 8, 8:15AM-8:30AM ET",2026-08-08T12:30:00Z,2026-08-08T12:15:00Z,595.5201116031881,Up,"[""1"", ""0""]",0.999,490.60039200000006,,0.4945,0.001,resolved,0x2955d9cfebc9660228758a30dbd3d2c639aca6d74a392451ced3a72bb98b09c5,https://data.chain.link/streams/bnb-usd-twap-60s-streams,,
btc-updown-15m-1786191300,BTC,"Bitcoin Up or Down - August 8, 8:15AM-8:30AM ET",2026-08-08T12:30:00Z,2026-08-08T12:15:00Z,64946.89148725194,Down,"[""0"", ""1""]",0.01,22088.442032000003,27.372553,-0.5045,0.001,resolved,0x4835061b31af4cf7b2adc6e0b1439fd84c21eff279fbc429f955465f014a33f8,https://data.chain.link/streams/btc-usd-twap-60s-streams,,
doge-updown-15m-1786191300,DOGE,"Dogecoin Up or Down - August 8, 8:15AM-8:30AM ET",2026-08-08T12:30:00Z,2026-08-08T12:15:00Z,0.0704168680471196,Down,"[""0"", ""1""]",0.11,392.10746000000006,,-0.4995,0.001,resolved,0x66a76468d177c98f1a1b07744564ab1a51a32b7216ecdd60d2fb36adfe3ca170,https://data.chain.link/streams/doge-usd-twap-60s-streams,,
eth-updown-15m-1786191300,ETH,"Ethereum Up or Down - August 8, 8:15AM-8:30AM ET",2026-08-08T12:30:00Z,2026-08-08T12:15:00Z,1919.4897084391823,Down,"[""0"", ""1""]",0.06,3054.556688,5,-0.4945,0.001,resolved,0x076d68fb36742d56ce806286f7433f967ac4ad7ae2cb92d905dcea97d9df75dc,https://data.chain.link/streams/eth-usd-twap-60s-streams,,
hype-updown-15m-1786191300,HYPE,"Hyperliquid Up or Down - August 8, 8:15AM-8:30AM ET",2026-08-08T12:30:00Z,2026-08-08T12:15:00Z,54.47353041455652,Up,"[""1"", ""0""]",0.99,42.872418,,0.4995,0.001,resolved,0x9a5fc037479f4032610ec9f0d086830584c202e8967d6131173b194530412832,https://data.chain.link/streams/hype-usd-twap-60s-streams,,
sol-updown-15m-1786191300,SOL,"Solana Up or Down - August 8, 8:15AM-8:30AM ET",2026-08-08T12:30:00Z,2026-08-08T12:15:00Z,75.48650346189454,Down,"[""0"", ""1""]",0.001,884.786611,,-0.5045,0.001,resolved,0x5a4387c1c8fb36565e57eddca1f2ccbbf7fa59453365a483c087113291341d25,https://data.chain.link/streams/sol-usd-twap-60s-streams,,
xrp-updown-15m-1786191300,XRP,"XRP Up or Down - August 8, 8:15AM-8:30AM ET",2026-08-08T12:30:00Z,2026-08-08T12:15:00Z,1.038288617039792,Down,"[""0"", ""1""]",0.36,1054.07017,,-0.5045,0.001,resolved,0x852c060c4f8eb53bae7b386df534e25124154383c2dd18fbfee7979afcb6b3d1,https://data.chain.link/streams/xrp-usd-twap-60s-streams,,
zec-updown-15m-1786191300,ZEC,"ZCash Up or Down - August 8, 8:15AM-8:30AM ET",2026-08-08T12:30:00Z,2026-08-08T12:15:00Z,500.01240076015097,Down,"[""0"", ""1""]",,,,-0.495,0.01,resolved,0x2ebad7ab43b057bf7af65038b6eb31876cd51384684085d7860fcfcfdd617b5b,https://data.chain.link/streams/zec-usd-twap-60s-streams,,
bnb-updown-15m-1786192200,BNB,"BNB Up or Down - August 8, 8:30AM-8:45AM ET",2026-08-08T12:45:00Z,2026-08-08T12:30:00Z,595.6130213770995,Down,"[""0"", ""1""]",0.23,645.6339800000001,,-0.5045,0.001,resolved,0x9445d154716a4de2968c59130db3ce46926567dc64b88aac27ab0e74e9473711,https://data.chain.link/streams/bnb-usd-twap-60s-streams,,
btc-updown-15m-1786192200,BTC,"Bitcoin Up or Down - August 8, 8:30AM-8:45AM ET",2026-08-08T12:45:00Z,2026-08-08T12:30:00Z,64933.52499218474,Up,"[""1"", ""0""]",0.999,29292.208478,,0.4945,0.001,resolved,0x382aa373140b5fdd0d8410666f0fba607818fc256f477019c8de31e3ae9a2d13,https://data.chain.link/streams/btc-usd-twap-60s-streams,,
doge-updown-15m-1786192200,DOGE,"Dogecoin Up or Down - August 8, 8:30AM-8:45AM ET",2026-08-08T12:45:00Z,2026-08-08T12:30:00Z,0.07036016516635582,Up,"[""1"", ""0""]",0.99,385.869311,,0.4995,0.001,resolved,0x9fca13bde379ed975a3bef2ee8eafabf5a9ca3f85d4c638abb81eba3f2a0ccc9,https://data.chain.link/streams/doge-usd-twap-60s-streams,,
eth-updown-15m-1786192200,ETH,"Ethereum Up or Down - August 8, 8:30AM-8:45AM ET",2026-08-08T12:45:00Z,2026-08-08T12:30:00Z,1918.93342605897,Up,"[""1"", ""0""]",0.999,3785.89121,5,0.5045,0.001,resolved,0xe339ff46700f12c99658fcf7eb7d4752a30c1573bb762e671416087e20bbb303,https://data.chain.link/streams/eth-usd-twap-60s-streams,,
hype-updown-15m-1786192200,HYPE,"Hyperliquid Up or Down - August 8, 8:30AM-8:45AM ET",2026-08-08T12:45:00Z,2026-08-08T12:30:00Z,54.51914296666664,Up,"[""1"", ""0""]",0.99,78.03820400000001,,0.4995,0.001,resolved,0x77e09af1392958d3b3efb370c40e66626a3f5ba46a997f9ae0ab3e5d84cd054d,https://data.chain.link/streams/hype-usd-twap-60s-streams,,
sol-updown-15m-1786192200,SOL,"Solana Up or Down - August 8, 8:30AM-8:45AM ET",2026-08-08T12:45:00Z,2026-08-08T12:30:00Z,75.33233898379292,Up,"[""1"", ""0""]",0.99,1352.392436,,0.4945,0.001,resolved,0x4c39d56f4be945a6a3875fcdfc3a4e66593912951995fd69dc92be2372b755b1,https://data.chain.link/streams/sol-usd-twap-60s-streams,,
xrp-updown-15m-1786192200,XRP,"XRP Up or Down - August 8, 8:30AM-8:45AM ET",2026-08-08T12:45:00Z,2026-08-08T12:30:00Z,1.0381648758295179,Up,"[""1"", ""0""]",0.999,731.2749590000001,,0.4945,0.001,resolved,0xac9dff8da429461ce77c5aa8b6b6d6d67de6b12d414eb563fe9d8bded623eebe,https://data.chain.link/streams/xrp-usd-twap-60s-streams,,
zec-updown-15m-1786192200,ZEC,"ZCash Up or Down - August 8, 8:30AM-8:45AM ET",2026-08-08T12:45:00Z,2026-08-08T12:30:00Z,499.72259979199464,Down,"[""0"", ""1""]",0.98,1.0204,,-0.495,0.01,resolved,0x476f9c3bf4cbccc99c68397d200cfe39779ce7d8045c6ee113b1ff0d00e3fe49,https://data.chain.link/streams/zec-usd-twap-60s-streams,,
bnb-updown-15m-1786193100,BNB,"BNB Up or Down - August 8, 8:45AM-9:00AM ET",2026-08-08T13:00:00Z,2026-08-08T12:45:00Z,595.4651124378893,Up,"[""1"", ""0""]",0.99,496.28251900000004,261.445594,0.4945,0.001,resolved,0x0525f2ac6d61ed3f4109a4fb3b10aeceee7ca0cac8e149cbacae91dd2e7d185b,https://data.chain.link/streams/bnb-usd-twap-60s-streams,,
btc-updown-15m-1786193100,BTC,"Bitcoin Up or Down - August 8, 8:45AM-9:00AM ET",2026-08-08T13:00:00Z,2026-08-08T12:45:00Z,64965.55617179348,Down,"[""0"", ""1""]",0.1,21850.865044000016,9337.976982,-0.5,0.01,resolved,0x7876ade6551d97d40733096d451667997cc816ecd98e29de5a51a9f93df9d95c,https://data.chain.link/streams/btc-usd-twap-60s-streams,,
doge-updown-15m-1786193100,DOGE,"Dogecoin Up or Down - August 8, 8:45AM-9:00AM ET",2026-08-08T13:00:00Z,2026-08-08T12:45:00Z,0.07041535576108175,Down,"[""0"", ""1""]",0.08,499.1499770000001,193.072305,-0.4995,0.001,resolved,0x36a3ddc569baa8d1cc41a59052eee4c5d9dd08c272810dd60952f7a836ebb971,https://data.chain.link/streams/doge-usd-twap-60s-streams,,
eth-updown-15m-1786193100,ETH,"Ethereum Up or Down - August 8, 8:45AM-9:00AM ET",2026-08-08T13:00:00Z,2026-08-08T12:45:00Z,1919.0321863878353,Down,"[""0"", ""1""]",0.02,3025.586649,3070.118838,-0.5045,0.001,resolved,0xb2af22edea04d3e472364c385b768213538760464e2028ea1dda7d46a7063649,https://data.chain.link/streams/eth-usd-twap-60s-streams,,
hype-updown-15m-1786193100,HYPE,"Hyperliquid Up or Down - August 8, 8:45AM-9:00AM ET",2026-08-08T13:00:00Z,2026-08-08T12:45:00Z,54.55420487619276,Up,"[""1"", ""0""]",0.99,264.765537,97.045538,0.495,0.01,resolved,0xe8031552ec09050e746038e9f356c6160df9db9f3278f89147307433d8e247af,https://data.chain.link/streams/hype-usd-twap-60s-streams,,
sol-updown-15m-1786193100,SOL,"Solana Up or Down - August 8, 8:45AM-9:00AM ET",2026-08-08T13:00:00Z,2026-08-08T12:45:00Z,75.43362615743393,Down,"[""0"", ""1""]",0.02,1269.2699989999999,1077.78794,-0.5045,0.001,resolved,0x447767224f9fb77a53947ee237ea0f7bd9cb64b696046c737de6a58b4f43633c,https://data.chain.link/streams/sol-usd-twap-60s-streams,,
xrp-updown-15m-1786193100,XRP,"XRP Up or Down - August 8, 8:45AM-9:00AM ET",2026-08-08T13:00:00Z,2026-08-08T12:45:00Z,1.0412682731494578,Down,"[""0"", ""1""]",0.1,1051.952211,968.897802,-0.5045,0.001,resolved,0xdb262647924a1fbbb7fdbbbd5a4691ba71804d0e82032a9646509193bb22bdd3,https://data.chain.link/streams/xrp-usd-twap-60s-streams,,
zec-updown-15m-1786193100,ZEC,"ZCash Up or Down - August 8, 8:45AM-9:00AM ET",2026-08-08T13:00:00Z,2026-08-08T12:45:00Z,499.6553875815469,Up,"[""1"", ""0""]",0.98,25,,0.495,0.01,resolved,0x23820d88cc1c8f89130c36eaddbad51598c83ba069c943d931370d842966c729,https://data.chain.link/streams/zec-usd-twap-60s-streams,,
bnb-updown-15m-1786194000,BNB,"BNB Up or Down - August 8, 9:00AM-9:15AM ET",2026-08-08T13:15:00Z,2026-08-08T13:00:00Z,595.6213940285872,Up,"[""1"", ""0""]",0.999,288.742925,1.960783,0.4945,0.001,resolved,0x4c31cbf891f079c7c01d0fd75dab0f51706b550f052819575e4ef3f59ea77a85,https://data.chain.link/streams/bnb-usd-twap-60s-streams,,
btc-updown-15m-1786194000,BTC,"Bitcoin Up or Down - August 8, 9:00AM-9:15AM ET",2026-08-08T13:15:00Z,2026-08-08T13:00:00Z,64963.29957567554,Up,"[""1"", ""0""]",0.999,27271.829039000004,89,0.49,0.01,resolved,0xe62c69a6a7815d5e4d762b77962dba41f1187cc1440772ebef08dd819d617e81,https://data.chain.link/streams/btc-usd-twap-60s-streams,,
doge-updown-15m-1786194000,DOGE,"Dogecoin Up or Down - August 8, 9:00AM-9:15AM ET",2026-08-08T13:15:00Z,2026-08-08T13:00:00Z,0.07039101368354236,Up,"[""1"", ""0""]",0.99,168.36169199999998,,0.495,0.01,resolved,0x53b55ae711c4047bc2801c854fea4c9fd0e3c29f233aede240a6a0f4a3aa4a2c,https://data.chain.link/streams/doge-usd-twap-60s-streams,,
eth-updown-15m-1786194000,ETH,"Ethereum Up or Down - August 8, 9:00AM-9:15AM ET",2026-08-08T13:15:00Z,2026-08-08T13:00:00Z,1917.981385471964,Up,"[""1"", ""0""]",0.999,2330.5150849999995,,0.4945,0.001,resolved,0x23e8e902c279f0f9879e5541846365f2d948bd80513e6429dc96b14ee486d89f,https://data.chain.link/streams/eth-usd-twap-60s-streams,,
hype-updown-15m-1786194000,HYPE,"Hyperliquid Up or Down - August 8, 9:00AM-9:15AM ET",2026-08-08T13:15:00Z,2026-08-08T13:00:00Z,54.573712602014375,Up,"[""1"", ""0""]",0.99,154.28269,,0.4995,0.001,resolved,0xc3db52566d779aab40e0d9db63adac392e756aefd09e0f08c064107a58579489,https://data.chain.link/streams/hype-usd-twap-60s-streams,,
sol-updown-15m-1786194000,SOL,"Solana Up or Down - August 8, 9:00AM-9:15AM ET",2026-08-08T13:15:00Z,2026-08-08T13:00:00Z,75.38420995219192,Up,"[""1"", ""0""]",0.99,1363.7836649999997,1.960783,0.49,0.01,resolved,0x1fdc0c76d96a399425b6e173af8561ef3c2312c6ec4ec4e815ba7e1add29bc32,https://data.chain.link/streams/sol-usd-twap-60s-streams,,
xrp-updown-15m-1786194000,XRP,"XRP Up or Down - August 8, 9:00AM-9:15AM ET",2026-08-08T13:15:00Z,2026-08-08T13:00:00Z,1.0405079324475877,Down,"[""0"", ""1""]",0.07,868.17384,,-0.5,0.01,resolved,0x5730181f43e8f76d8e21d2798345d1b8d4cca92900520ac1bb7c57efce17beed,https://data.chain.link/streams/xrp-usd-twap-60s-streams,,
zec-updown-15m-1786194000,ZEC,"ZCash Up or Down - August 8, 9:00AM-9:15AM ET",2026-08-08T13:15:00Z,2026-08-08T13:00:00Z,500.0394470402707,Up,"[""1"", ""0""]",0.98,25,,0.495,0.01,resolved,0x249da1195d3328f25cbfed09559dd38c22d741299bdc9a9f1e11f53631d16f91,https://data.chain.link/streams/zec-usd-twap-60s-streams,,
bnb-updown-15m-1786194900,BNB,"BNB Up or Down - August 8, 9:15AM-9:30AM ET",2026-08-08T13:30:00Z,2026-08-08T13:15:00Z,595.9527188294675,Down,"[""0"", ""1""]",0.18,339.20171500000004,,-0.5045,0.001,resolved,0xfe52ca8a7218f14a624207bd5b305d8806dffb8dddfc7d8476e3e064724ba011,https://data.chain.link/streams/bnb-usd-twap-60s-streams,,
btc-updown-15m-1786194900,BTC,"Bitcoin Up or Down - August 8, 9:15AM-9:30AM ET",2026-08-08T13:30:00Z,2026-08-08T13:15:00Z,64965.62593700648,Up,"[""1"", ""0""]",0.999,14573.784365000003,,0.4945,0.001,resolved,0xf61aaba5f3e8245ed59fafb79f288fb7893c5a1c94984e01cc5e2b3bdb89ea59,https://data.chain.link/streams/btc-usd-twap-60s-streams,,
doge-updown-15m-1786194900,DOGE,"Dogecoin Up or Down - August 8, 9:15AM-9:30AM ET",2026-08-08T13:30:00Z,2026-08-08T13:15:00Z,0.07042202164790347,Up,"[""1"", ""0""]",0.999,508.55787500000014,,0.4995,0.001,resolved,0x7405d245dd3f6dd8b5ddb31e1f312948679dac63771f187dd2019502f6770556,https://data.chain.link/streams/doge-usd-twap-60s-streams,,
eth-updown-15m-1786194900,ETH,"Ethereum Up or Down - August 8, 9:15AM-9:30AM ET",2026-08-08T13:30:00Z,2026-08-08T13:15:00Z,1918.451484217464,Down,"[""0"", ""1""]",0.01,3494.3746570000008,2,-0.5045,0.001,resolved,0x760753148a0ee55e3199f1ffe232bad2d60e4279cae73cc97f81a2335bf83e0d,https://data.chain.link/streams/eth-usd-twap-60s-streams,,
hype-updown-15m-1786194900,HYPE,"Hyperliquid Up or Down - August 8, 9:15AM-9:30AM ET",2026-08-08T13:30:00Z,2026-08-08T13:15:00Z,54.69367826619554,Down,"[""0"", ""1""]",0.11,279.13087799999994,,-0.4995,0.001,resolved,0x7d839d9bc1558310c36f57fc07d48910b63345a0616f3c0f5817c12b602bd513,https://data.chain.link/streams/hype-usd-twap-60s-streams,,
sol-updown-15m-1786194900,SOL,"Solana Up or Down - August 8, 9:15AM-9:30AM ET",2026-08-08T13:30:00Z,2026-08-08T13:15:00Z,75.39250250455667,Up,"[""1"", ""0""]",0.999,3057.8812629999998,,0.4945,0.001,resolved,0x8a7ce5ec2e0cbe3f3d7070ca9113bdd876db3cdd476f869f42159471058d609e,https://data.chain.link/streams/sol-usd-twap-60s-streams,,
xrp-updown-15m-1786194900,XRP,"XRP Up or Down - August 8, 9:15AM-9:30AM ET",2026-08-08T13:30:00Z,2026-08-08T13:15:00Z,1.0399989801679117,Up,"[""1"", ""0""]",0.999,830.325333,,0.4945,0.001,resolved,0xaec79bb59b3b8503e5f8583896e3b51e8fd2eaf534b966cb0337c505aecc7657,https://data.chain.link/streams/xrp-usd-twap-60s-streams,,
zec-updown-15m-1786194900,ZEC,"ZCash Up or Down - August 8, 9:15AM-9:30AM ET",2026-08-08T13:30:00Z,2026-08-08T13:15:00Z,501.60990971489286,Up,"[""1"", ""0""]",0.98,,,0.495,0.01,resolved,0x6c173f29e7038ae892949fe4fc62e8f48ec637dcb5e3fe13f9a7d49e89a776e1,https://data.chain.link/streams/zec-usd-twap-60s-streams,,
bnb-updown-15m-1786195800,BNB,"BNB Up or Down - August 8, 9:30AM-9:45AM ET",2026-08-08T13:45:00Z,2026-08-08T13:30:00Z,595.6821564167278,Up,"[""1"", ""0""]",0.999,607.958935,11.843134,0.4995,0.001,resolved,0x367ea2107019350ad07684ab889bd2026548319f8c4875700f19430fb120b118,https://data.chain.link/streams/bnb-usd-twap-60s-streams,,
btc-updown-15m-1786195800,BTC,"Bitcoin Up or Down - August 8, 9:30AM-9:45AM ET",2026-08-08T13:45:00Z,2026-08-08T13:30:00Z,64981.12295140357,Down,"[""0"", ""1""]",0.01,18348.751153000012,,-0.5045,0.001,resolved,0x17fe912232a34abee7cd73d168b830c6d4f27efdacec137c3acc3b3ada6199c7,https://data.chain.link/streams/btc-usd-twap-60s-streams,,
doge-updown-15m-1786195800,DOGE,"Dogecoin Up or Down - August 8, 9:30AM-9:45AM ET",2026-08-08T13:45:00Z,2026-08-08T13:30:00Z,0.07050994144828733,Up,"[""1"", ""0""]",0.99,,,0.4995,0.001,resolved,0x6a5a35ba3c07818efdbb03322bce6bd7e1572d5d4df8aae990a0c40e7d386438,https://data.chain.link/streams/doge-usd-twap-60s-streams,,
eth-updown-15m-1786195800,ETH,"Ethereum Up or Down - August 8, 9:30AM-9:45AM ET",2026-08-08T13:45:00Z,2026-08-08T13:30:00Z,1918.1881272682167,Down,"[""0"", ""1""]",0.04,3100.3442950000003,,-0.5,0.01,resolved,0x4883088d9e46079a73c582cf893733e3cb5a2d1e84d0ffe4611d2fe9be86046b,https://data.chain.link/streams/eth-usd-twap-60s-streams,,
hype-updown-15m-1786195800,HYPE,"Hyperliquid Up or Down - August 8, 9:30AM-9:45AM ET",2026-08-08T13:45:00Z,2026-08-08T13:30:00Z,54.408803466666626,Up,"[""1"", ""0""]",0.99,,,0.495,0.01,resolved,0x2f46bbf43663ae5a7185d4e77e8895f3284209bbb418cd9bdbb5808eeb2e20db,https://data.chain.link/streams/hype-usd-twap-60s-streams,,
sol-updown-15m-1786195800,SOL,"Solana Up or Down - August 8, 9:30AM-9:45AM ET",2026-08-08T13:45:00Z,2026-08-08T13:30:00Z,75.45110636625618,Down,"[""0"", ""1""]",0.01,1279.3838690000002,,-0.5,0.01,resolved,0x6fe0b54080f18dd6d1622e8b04a5c5590f7566f65a0c3358b83b593f751fad72,https://data.chain.link/streams/sol-usd-twap-60s-streams,,
xrp-updown-15m-1786195800,XRP,"XRP Up or Down - August 8, 9:30AM-9:45AM ET",2026-08-08T13:45:00Z,2026-08-08T13:30:00Z,1.0409633529192304,Up,"[""1"", ""0""]",0.99,624.0203049999999,,0.49,0.01,resolved,0xdc1e611a26898fd2080c4945dd087d6f72cd398b07cb711566aec791272166fd,https://data.chain.link/streams/xrp-usd-twap-60s-streams,,
zec-updown-15m-1786195800,ZEC,"ZCash Up or Down - August 8, 9:30AM-9:45AM ET",2026-08-08T13:45:00Z,2026-08-08T13:30:00Z,501.7813654264591,Up,"[""1"", ""0""]",0.98,,,0.5,0.01,resolved,0x77163532963c7dc159b4c802573a23fabe9a19e77971800ead2ffd73a9990ef5,https://data.chain.link/streams/zec-usd-twap-60s-streams,,
bnb-updown-15m-1786196700,BNB,"BNB Up or Down - August 8, 9:45AM-10:00AM ET",2026-08-08T14:00:00Z,2026-08-08T13:45:00Z,596.134660976738,Up,"[""1"", ""0""]",0.999,584.4757910000001,142.246114,0.4945,0.001,resolved,0xdda4dee8e98b12cf3d72aa5923fa8b55a6a543898df6d259ab1cc2d699a0eaae,https://data.chain.link/streams/bnb-usd-twap-60s-streams,,
btc-updown-15m-1786196700,BTC,"Bitcoin Up or Down - August 8, 9:45AM-10:00AM ET",2026-08-08T14:00:00Z,2026-08-08T13:45:00Z,64969.70162061065,Up,"[""1"", ""0""]",0.999,27166.35578300002,7897.939853,0.4945,0.001,resolved,0xde31fee561057f66e7c49336c9ebf8995a80f3a5bb7b43148e3994d627720a6c,https://data.chain.link/streams/btc-usd-twap-60s-streams,,
doge-updown-15m-1786196700,DOGE,"Dogecoin Up or Down - August 8, 9:45AM-10:00AM ET",2026-08-08T14:00:00Z,2026-08-08T13:45:00Z,0.07055082480763733,Down,"[""0"", ""1""]",0.05,286.2334410000001,170.727765,-0.4945,0.001,resolved,0x4de1671d080a0480bdecee657286d9e113a4a995f711942fba8e061320eeac11,https://data.chain.link/streams/doge-usd-twap-60s-streams,,
eth-updown-15m-1786196700,ETH,"Ethereum Up or Down - August 8, 9:45AM-10:00AM ET",2026-08-08T14:00:00Z,2026-08-08T13:45:00Z,1918.0974840220413,Up,"[""1"", ""0""]",0.99,3809.1879300000005,2564.948058,0.4945,0.001,resolved,0x437cf0039ab5cb5982604cb726a4b18d4635f6591ba61509804f624f7a15577c,https://data.chain.link/streams/eth-usd-twap-60s-streams,,
hype-updown-15m-1786196700,HYPE,"Hyperliquid Up or Down - August 8, 9:45AM-10:00AM ET",2026-08-08T14:00:00Z,2026-08-08T13:45:00Z,54.46509143332993,Down,"[""0"", ""1""]",0.16,221.12766000000002,88.192664,-0.4995,0.001,resolved,0xe724346c7aa3fe3deffa15cfd2d5820ed639f43742d076a6243398efa7d5d13f,https://data.chain.link/streams/hype-usd-twap-60s-streams,,
sol-updown-15m-1786196700,SOL,"Solana Up or Down - August 8, 9:45AM-10:00AM ET",2026-08-08T14:00:00Z,2026-08-08T13:45:00Z,75.4342522558338,Up,"[""1"", ""0""]",0.999,1168.0882419999998,752.320202,0.4945,0.001,resolved,0x04a5de767d2750e093f749e2c32e44890e323050d2b4784d0515175470195e63,https://data.chain.link/streams/sol-usd-twap-60s-streams,,
xrp-updown-15m-1786196700,XRP,"XRP Up or Down - August 8, 9:45AM-10:00AM ET",2026-08-08T14:00:00Z,2026-08-08T13:45:00Z,1.0413278938903194,Down,"[""0"", ""1""]",0.3,1053.015169,844.814628,-0.4995,0.001,resolved,0x029f389b8b69fcb097de996bebda2c78b36fa7bde3d62dc69363b55111c11908,https://data.chain.link/streams/xrp-usd-twap-60s-streams,,
zec-updown-15m-1786196700,ZEC,"ZCash Up or Down - August 8, 9:45AM-10:00AM ET",2026-08-08T14:00:00Z,2026-08-08T13:45:00Z,502.27480203335665,Down,"[""0"", ""1""]",,,,-0.495,0.01,resolved,0xe4e85904c134d091ea921137322ea271bb61f244872c40e71a5b22829c49a351,https://data.chain.link/streams/zec-usd-twap-60s-streams,,
bnb-updown-15m-1786197600,BNB,"BNB Up or Down - August 8, 10:00AM-10:15AM ET",2026-08-08T14:15:00Z,2026-08-08T14:00:00Z,598.3358811144459,Up,"[""1"", ""0""]",0.999,559.538248,1.960783,0.4945,0.001,resolved,0x7864b8805c7c149a24dd286924975ce2ea265f9f7d746b595da5fe8cc616afab,https://data.chain.link/streams/bnb-usd-twap-60s-streams,,
btc-updown-15m-1786197600,BTC,"Bitcoin Up or Down - August 8, 10:00AM-10:15AM ET",2026-08-08T14:15:00Z,2026-08-08T14:00:00Z,64971.801475130895,Up,"[""1"", ""0""]",0.999,16660.273666,238.439999,0.4945,0.001,resolved,0x6460601692e56ef3c09f759c2c4fce6950494f10c2dce5fb07b732aee442bd3b,https://data.chain.link/streams/btc-usd-twap-60s-streams,,
doge-updown-15m-1786197600,DOGE,"Dogecoin Up or Down - August 8, 10:00AM-10:15AM ET",2026-08-08T14:15:00Z,2026-08-08T14:00:00Z,0.07047163230252552,Up,"[""1"", ""0""]",0.99,873.513646,,0.495,0.01,resolved,0x92114c626fa9ad1ba615228dc4fbe846b8476aea57f89514b14cc100a3b59655,https://data.chain.link/streams/doge-usd-twap-60s-streams,,
eth-updown-15m-1786197600,ETH,"Ethereum Up or Down - August 8, 10:00AM-10:15AM ET",2026-08-08T14:15:00Z,2026-08-08T14:00:00Z,1918.8277075018607,Up,"[""1"", ""0""]",0.999,4336.076579999999,3.921567,0.4945,0.001,resolved,0xb0347869213013475fb241bc1d0cca6ab917fbbd2f1bbc3ebdedfef45f9a76d1,https://data.chain.link/streams/eth-usd-twap-60s-streams,,
hype-updown-15m-1786197600,HYPE,"Hyperliquid Up or Down - August 8, 10:00AM-10:15AM ET",2026-08-08T14:15:00Z,2026-08-08T14:00:00Z,54.35111841215574,Up,"[""1"", ""0""]",0.99,88.87381900000001,,0.495,0.01,resolved,0xe6e6a88267b55b2292970455712bccb7a62ae19cec3d13a5b398ef80000ce289,https://data.chain.link/streams/hype-usd-twap-60s-streams,,
sol-updown-15m-1786197600,SOL,"Solana Up or Down - August 8, 10:00AM-10:15AM ET",2026-08-08T14:15:00Z,2026-08-08T14:00:00Z,75.48689729520216,Up,"[""1"", ""0""]",0.99,1406.447933,,0.4945,0.001,resolved,0x52c7a1070449dc0526b691000df98d97c2823794203bd3d3b5a11ffa3e9c88d4,https://data.chain.link/streams/sol-usd-twap-60s-streams,,
xrp-updown-15m-1786197600,XRP,"XRP Up or Down - August 8, 10:00AM-10:15AM ET",2026-08-08T14:15:00Z,2026-08-08T14:00:00Z,1.0409409179407016,Up,"[""1"", ""0""]",0.99,599.5406479999999,,0.4945,0.001,resolved,0x0ee4674ff54eef7fcff09026d786ccf5e59c93b5434b8685ba6738b9d76900d1,https://data.chain.link/streams/xrp-usd-twap-60s-streams,,
zec-updown-15m-1786197600,ZEC,"ZCash Up or Down - August 8, 10:00AM-10:15AM ET",2026-08-08T14:15:00Z,2026-08-08T14:00:00Z,502.2242420466207,Up,"[""1"", ""0""]",0.98,25,,0.495,0.01,resolved,0x2c3a59ccf44c473e90ea7ffed5d6a7c76befc4693231995430461b7a3994a0ba,https://data.chain.link/streams/zec-usd-twap-60s-streams,,
bnb-updown-15m-1786198500,BNB,"BNB Up or Down - August 8, 10:15AM-10:30AM ET",2026-08-08T14:30:00Z,2026-08-08T14:15:00Z,599.2151391032108,Up,"[""1"", ""0""]",0.999,417.81330499999996,16.372542,0.4995,0.001,resolved,0x953753c34f661b01f5a3d506ef6c9c705ee5417cd746289c8bb80c3105f99c0a,https://data.chain.link/streams/bnb-usd-twap-60s-streams,,
btc-updown-15m-1786198500,BTC,"Bitcoin Up or Down - August 8, 10:15AM-10:30AM ET",2026-08-08T14:30:00Z,2026-08-08T14:15:00Z,65016.15102612262,Up,"[""1"", ""0""]",0.999,40359.043997999994,5.921567,0.4945,0.001,resolved,0x540aede299efef2c953486e590af04f1f32a5c548c93313e7bd9cd56e25e9ae2,https://data.chain.link/streams/btc-usd-twap-60s-streams,,
doge-updown-15m-1786198500,DOGE,"Dogecoin Up or Down - August 8, 10:15AM-10:30AM ET",2026-08-08T14:30:00Z,2026-08-08T14:15:00Z,0.07047293773440858,Up,"[""1"", ""0""]",0.999,274.13602399999996,,0.4995,0.001,resolved,0x54f7161b9ee548fbc8ea140de9d1a2e02b640d92a0067addd45cec0fbc5f26a3,https://data.chain.link/streams/doge-usd-twap-60s-streams,,
eth-updown-15m-1786198500,ETH,"Ethereum Up or Down - August 8, 10:15AM-10:30AM ET",2026-08-08T14:30:00Z,2026-08-08T14:15:00Z,1920.219649264272,Up,"[""1"", ""0""]",0.999,7308.408336,,0.4945,0.001,resolved,0x30bf4886094f2715f4189cfdfa1520f7aefb5766cb94d32093366afaffbc3144,https://data.chain.link/streams/eth-usd-twap-60s-streams,,
hype-updown-15m-1786198500,HYPE,"Hyperliquid Up or Down - August 8, 10:15AM-10:30AM ET",2026-08-08T14:30:00Z,2026-08-08T14:15:00Z,54.39976029165749,Up,"[""1"", ""0""]",0.999,200.619763,,0.4995,0.001,resolved,0xccf35d85a48bf2d05a22377924aaae0af6db5f891e504c35d1ff6fa9ea0bca10,https://data.chain.link/streams/hype-usd-twap-60s-streams,,
sol-updown-15m-1786198500,SOL,"Solana Up or Down - August 8, 10:15AM-10:30AM ET",2026-08-08T14:30:00Z,2026-08-08T14:15:00Z,75.60016751364749,Up,"[""1"", ""0""]",0.999,2012.166636,,0.4945,0.001,resolved,0x44e82c305bdd4a5c254cbccdbc7b8fe301035f311a1a6d04cf9d46b0234d3065,https://data.chain.link/streams/sol-usd-twap-60s-streams,,
xrp-updown-15m-1786198500,XRP,"XRP Up or Down - August 8, 10:15AM-10:30AM ET",2026-08-08T14:30:00Z,2026-08-08T14:15:00Z,1.042741185565779,Down,"[""0"", ""1""]",0.01,796.2640839999999,,-0.5045,0.001,resolved,0xe822756a95fa09b4ab8d9650d6a42b4e4357c3b758fdafddf9ee6bd0dbab991a,https://data.chain.link/streams/xrp-usd-twap-60s-streams,,
zec-updown-15m-1786198500,ZEC,"ZCash Up or Down - August 8, 10:15AM-10:30AM ET",2026-08-08T14:30:00Z,2026-08-08T14:15:00Z,502.33793256609334,Up,"[""1"", ""0""]",0.98,25,,0.4945,0.009,resolved,0xdf7e786f2e36cd86e40d92fcb1814533d7b1206574b85ef310971c7d18243077,https://data.chain.link/streams/zec-usd-twap-60s-streams,,
bnb-updown-15m-1786199400,BNB,"BNB Up or Down - August 8, 10:30AM-10:45AM ET",2026-08-08T14:45:00Z,2026-08-08T14:30:00Z,606.8438455847512,Up,"[""1"", ""0""]",0.999,486.500299,5.921567,0.4945,0.001,resolved,0xeb130a90fea97880588d89f669dedb4f2a3ddd96ece964cdd1711ba10408ca40,https://data.chain.link/streams/bnb-usd-twap-60s-streams,,
btc-updown-15m-1786199400,BTC,"Bitcoin Up or Down - August 8, 10:30AM-10:45AM ET",2026-08-08T14:45:00Z,2026-08-08T14:30:00Z,65088.23882738401,Down,"[""0"", ""1""]",0.01,38735.690819,3.921567,-0.5,0.01,resolved,0xcab20ef326385f317c33fbffadc798b5cdcd4baffe2f4194f82358d0c7da1624,https://data.chain.link/streams/btc-usd-twap-60s-streams,,
doge-updown-15m-1786199400,DOGE,"Dogecoin Up or Down - August 8, 10:30AM-10:45AM ET",2026-08-08T14:45:00Z,2026-08-08T14:30:00Z,0.07080402961471109,Up,"[""1"", ""0""]",0.999,483.62725900000004,,0.4995,0.001,resolved,0x57d80421f4e9d0c7f1fe2698cda904496f137d602efcd957949d8c2f8b0ef9ef,https://data.chain.link/streams/doge-usd-twap-60s-streams,,
eth-updown-15m-1786199400,ETH,"Ethereum Up or Down - August 8, 10:30AM-10:45AM ET",2026-08-08T14:45:00Z,2026-08-08T14:30:00Z,1922.3007720762373,Down,"[""0"", ""1""]",0.02,6564.722443000001,,-0.5045,0.001,resolved,0xa02ce2a481afd14de388ef43c8537d7f2a4114264211d37530e821594aed43b4,https://data.chain.link/streams/eth-usd-twap-60s-streams,,
hype-updown-15m-1786199400,HYPE,"Hyperliquid Up or Down - August 8, 10:30AM-10:45AM ET",2026-08-08T14:45:00Z,2026-08-08T14:30:00Z,54.5712240068138,Down,"[""0"", ""1""]",0.15,,,-0.4995,0.001,resolved,0x106c82996ce48022a6e597688eff333d80cfc0d635872502793e8bebafe624a9,https://data.chain.link/streams/hype-usd-twap-60s-streams,,
sol-updown-15m-1786199400,SOL,"Solana Up or Down - August 8, 10:30AM-10:45AM ET",2026-08-08T14:45:00Z,2026-08-08T14:30:00Z,75.73873495217306,Up,"[""1"", ""0""]",0.999,2209.8405779999994,,0.4945,0.001,resolved,0xd93b94dfb4c6ac863f70695aa6434847bcd38c736be89762925a907d189d3931,https://data.chain.link/streams/sol-usd-twap-60s-streams,,
xrp-updown-15m-1786199400,XRP,"XRP Up or Down - August 8, 10:30AM-10:45AM ET",2026-08-08T14:45:00Z,2026-08-08T14:30:00Z,1.0417677252721247,Up,"[""1"", ""0""]",0.999,928.6254279999999,,0.4945,0.001,resolved,0x1817bafa07795c4ef225543d4954d0a4d0389b54c90f66fa4c01e11b50d915ec,https://data.chain.link/streams/xrp-usd-twap-60s-streams,,
zec-updown-15m-1786199400,ZEC,"ZCash Up or Down - August 8, 10:30AM-10:45AM ET",2026-08-08T14:45:00Z,2026-08-08T14:30:00Z,503.2730256622098,Down,"[""0"", ""1""]",,,,-0.495,0.01,resolved,0x4a39d1fb9ef86875ac3dcd545a9232b8339342d8d21e07da3c69a53e0254f42d,https://data.chain.link/streams/zec-usd-twap-60s-streams,,
bnb-updown-15m-1786200300,BNB,"BNB Up or Down - August 8, 10:45AM-11:00AM ET",2026-08-08T15:00:00Z,2026-08-08T14:45:00Z,608.905731396719,Down,"[""0"", ""1""]",0.06,664.5238280000001,315.267603,-0.5045,0.001,resolved,0x0a186de8314a4eab003eb461f9f644f185b142c7746f0386fa28da48403791c4,https://data.chain.link/streams/bnb-usd-twap-60s-streams,,
btc-updown-15m-1786200300,BTC,"Bitcoin Up or Down - August 8, 10:45AM-11:00AM ET",2026-08-08T15:00:00Z,2026-08-08T14:45:00Z,65066.99154658778,Up,"[""1"", ""0""]",0.999,18290.046577,11258.410354,0.4945,0.001,resolved,0xbad90e2158c2ef54542545a267b19fb48d93d6dc81f19ad2bc8d4b1979623e1e,https://data.chain.link/streams/btc-usd-twap-60s-streams,,
doge-updown-15m-1786200300,DOGE,"Dogecoin Up or Down - August 8, 10:45AM-11:00AM ET",2026-08-08T15:00:00Z,2026-08-08T14:45:00Z,0.07101207471278935,Up,"[""1"", ""0""]",0.999,434.77918300000005,356.751707,0.4995,0.001,resolved,0xa06db441765bac08da2c6e6ae9780d3d7db5f0f860ef5e5cb779eaf950c3d320,https://data.chain.link/streams/doge-usd-twap-60s-streams,,
eth-updown-15m-1786200300,ETH,"Ethereum Up or Down - August 8, 10:45AM-11:00AM ET",2026-08-08T15:00:00Z,2026-08-08T14:45:00Z,1920.8916509527019,Up,"[""1"", ""0""]",0.999,2551.6165410000003,2842.616395,0.4945,0.001,resolved,0x6cda2241c40a9383580d9ce5f652bcac58834ff5b1946ba6199bd46eff650d26,https://data.chain.link/streams/eth-usd-twap-60s-streams,,
hype-updown-15m-1786200300,HYPE,"Hyperliquid Up or Down - August 8, 10:45AM-11:00AM ET",2026-08-08T15:00:00Z,2026-08-08T14:45:00Z,54.47284948564665,Up,"[""1"", ""0""]",0.999,181.7324,80,0.4995,0.001,resolved,0x5eed5366381b6ffda505d679fe441ad511c9c6f66b56ab50dbe45035d3b36bff,https://data.chain.link/streams/hype-usd-twap-60s-streams,,
sol-updown-15m-1786200300,SOL,"Solana Up or Down - August 8, 10:45AM-11:00AM ET",2026-08-08T15:00:00Z,2026-08-08T14:45:00Z,75.90993161154333,Up,"[""1"", ""0""]",0.999,1023.0447290000002,998.998788,0.4945,0.001,resolved,0x1f76da2af039a4a4a6f155e14d3863fb7112516f4353a48a3c5b675d782d6b91,https://data.chain.link/streams/sol-usd-twap-60s-streams,,
xrp-updown-15m-1786200300,XRP,"XRP Up or Down - August 8, 10:45AM-11:00AM ET",2026-08-08T15:00:00Z,2026-08-08T14:45:00Z,1.0423705455249799,Up,"[""1"", ""0""]",0.999,700.2541460000001,833.700987,0.4945,0.001,resolved,0x14f785548f0f05e0f5bad545cfa960bf62bfac5b75eb15b896eaffa0995cb094,https://data.chain.link/streams/xrp-usd-twap-60s-streams,,
zec-updown-15m-1786200300,ZEC,"ZCash Up or Down - August 8, 10:45AM-11:00AM ET",2026-08-08T15:00:00Z,2026-08-08T14:45:00Z,501.7978237142784,Up,"[""1"", ""0""]",0.98,25,,0.4945,0.009,resolved,0x199cf391e13425127e5d9cf291d5348311bf7c3a179343578b0e55c83cb03c59,https://data.chain.link/streams/zec-usd-twap-60s-streams,,
bnb-updown-15m-1786201200,BNB,"BNB Up or Down - August 8, 11:00AM-11:15AM ET",2026-08-08T15:15:00Z,2026-08-08T15:00:00Z,602.4799607293256,Up,"[""1"", ""0""]",0.997,573.773766,,0.4945,0.001,resolved,0x79904606144d079a4a38f5911fe3e5c45e545d8d82e67e5db2b3603730d9dad7,https://data.chain.link/streams/bnb-usd-twap-60s-streams,,
btc-updown-15m-1786201200,BTC,"Bitcoin Up or Down - August 8, 11:00AM-11:15AM ET",2026-08-08T15:15:00Z,2026-08-08T15:00:00Z,65083.641561890676,Down,"[""0"", ""1""]",0.001,20714.516064000007,198.980389,-0.5045,0.001,resolved,0x06e5f88800ed5ef486070e559249c34d62ee6a87344dcc69f569bce018d5d38a,https://data.chain.link/streams/btc-usd-twap-60s-streams,,
doge-updown-15m-1786201200,DOGE,"Dogecoin Up or Down - August 8, 11:00AM-11:15AM ET",2026-08-08T15:15:00Z,2026-08-08T15:00:00Z,0.07122028449901949,Down,"[""0"", ""1""]",0.02,406.844206,,-0.4995,0.001,resolved,0x14578cb384d93739de7cab529902260e8789e870882dc4ce2faa73c832b4761c,https://data.chain.link/streams/doge-usd-twap-60s-streams,,
eth-updown-15m-1786201200,ETH,"Ethereum Up or Down - August 8, 11:00AM-11:15AM ET",2026-08-08T15:15:00Z,2026-08-08T15:00:00Z,1922.2659572065866,Down,"[""0"", ""1""]",0.01,4711.703291000001,20,-0.5,0.01,resolved,0x7e8e1c8a219666984965fe3b833ba5ca0e2cca4ff69cf8bf19d633fc92a54c7c,https://data.chain.link/streams/eth-usd-twap-60s-streams,,
hype-updown-15m-1786201200,HYPE,"Hyperliquid Up or Down - August 8, 11:00AM-11:15AM ET",2026-08-08T15:15:00Z,2026-08-08T15:00:00Z,54.61729227751694,Up,"[""1"", ""0""]",0.999,237.069339,,0.4995,0.001,resolved,0x8b509631d8fae5c18621c0c829c6c82ee5a5afa093f3c129ea63a90decfccd35,https://data.chain.link/streams/hype-usd-twap-60s-streams,,
sol-updown-15m-1786201200,SOL,"Solana Up or Down - August 8, 11:00AM-11:15AM ET",2026-08-08T15:15:00Z,2026-08-08T15:00:00Z,76.42116430243262,Up,"[""1"", ""0""]",0.99,2242.213319999999,,0.49,0.01,resolved,0x86aa0a2ef583daf9e99254cc61a4b5c45b670e59605ce809bdeca76763c430f5,https://data.chain.link/streams/sol-usd-twap-60s-streams,,
xrp-updown-15m-1786201200,XRP,"XRP Up or Down - August 8, 11:00AM-11:15AM ET",2026-08-08T15:15:00Z,2026-08-08T15:00:00Z,1.0437566722077356,Down,"[""0"", ""1""]",0.06,1108.873258,,-0.5,0.01,resolved,0xc2d15c181ae65fedbbb3b78ccfd70afbbe9ca12be51189f86d87572c3844fc70,https://data.chain.link/streams/xrp-usd-twap-60s-streams,,
zec-updown-15m-1786201200,ZEC,"ZCash Up or Down - August 8, 11:00AM-11:15AM ET",2026-08-08T15:15:00Z,2026-08-08T15:00:00Z,504.59458751201737,Up,"[""1"", ""0""]",0.98,,,0.495,0.01,resolved,0x5d12c37afe3a4372384103e3fde2f2b226ad71bca037135b7650478fcb387f4b,https://data.chain.link/streams/zec-usd-twap-60s-streams,,
bnb-updown-15m-1786202100,BNB,"BNB Up or Down - August 8, 11:15AM-11:30AM ET",2026-08-08T15:30:00Z,2026-08-08T15:15:00Z,604.7885915654382,Down,"[""0"", ""1""]",0.01,418.359611,5.882446,-0.4995,0.001,resolved,0x2dd90db645471bcaf8f0a276da4fa16b589626af99dedfcc5cceb73fd8bc01a7,https://data.chain.link/streams/bnb-usd-twap-60s-streams,,
btc-updown-15m-1786202100,BTC,"Bitcoin Up or Down - August 8, 11:15AM-11:30AM ET",2026-08-08T15:30:00Z,2026-08-08T15:15:00Z,65056.5389936025,Down,"[""0"", ""1""]",0.017,20191.720221000003,84.43137,-0.5045,0.001,resolved,0xe499d35863a16798cbb30c5c517f2c4bbb8de6dd4bbbc319b62dfb61588f4cff,https://data.chain.link/streams/btc-usd-twap-60s-streams,,
doge-updown-15m-1786202100,DOGE,"Dogecoin Up or Down - August 8, 11:15AM-11:30AM ET",2026-08-08T15:30:00Z,2026-08-08T15:15:00Z,0.07108214226241562,Down,"[""0"", ""1""]",0.02,309.77056999999996,1.960783,-0.4995,0.001,resolved,0xa60195f8a5af03a67777558fd60f85a330a79da19ee9d5668909dad625a18439,https://data.chain.link/streams/doge-usd-twap-60s-streams,,
eth-updown-15m-1786202100,ETH,"Ethereum Up or Down - August 8, 11:15AM-11:30AM ET",2026-08-08T15:30:00Z,2026-08-08T15:15:00Z,1922.1880406766847,Down,"[""0"", ""1""]",0.01,2914.1412760000003,20,-0.4995,0.001,resolved,0xa43856bbfc82fa4f3982a3911fb6d7cbe52dbd146178846edcedf68a515f6b30,https://data.chain.link/streams/eth-usd-twap-60s-streams,,
hype-updown-15m-1786202100,HYPE,"Hyperliquid Up or Down - August 8, 11:15AM-11:30AM ET",2026-08-08T15:30:00Z,2026-08-08T15:15:00Z,54.72789010814185,Down,"[""0"", ""1""]",0.66,237.708142,,-0.495,0.01,resolved,0x9128fcda2c96f13b8d63994231e9da0d3eb6e701670789226cd2f86beb6c2b92,https://data.chain.link/streams/hype-usd-twap-60s-streams,,
sol-updown-15m-1786202100,SOL,"Solana Up or Down - August 8, 11:15AM-11:30AM ET",2026-08-08T15:30:00Z,2026-08-08T15:15:00Z,76.55307186985384,Down,"[""0"", ""1""]",0.03,1961.8405940000005,,-0.5045,0.001,resolved,0x98536a5946c17d328529e2d2d27ec55116d9c16a3be12be8bcaed5c1792690f0,https://data.chain.link/streams/sol-usd-twap-60s-streams,,
xrp-updown-15m-1786202100,XRP,"XRP Up or Down - August 8, 11:15AM-11:30AM ET",2026-08-08T15:30:00Z,2026-08-08T15:15:00Z,1.0435977721265506,Down,"[""0"", ""1""]",0.078,1145.43286,3.921567,-0.5045,0.001,resolved,0x4cbe4558cd9f37df32609145fe2af3abb0db1dd3192841b3ddf4dedebc78ff97,https://data.chain.link/streams/xrp-usd-twap-60s-streams,,
zec-updown-15m-1786202100,ZEC,"ZCash Up or Down - August 8, 11:15AM-11:30AM ET",2026-08-08T15:30:00Z,2026-08-08T15:15:00Z,504.7856611342126,Down,"[""0"", ""1""]",,25,,-0.495,0.01,resolved,0x35a878c6ca7cff1c227576ddfd5287ef3786b01ecef475d2eb31455102b8ea10,https://data.chain.link/streams/zec-usd-twap-60s-streams,,
bnb-updown-15m-1786203000,BNB,"BNB Up or Down - August 8, 11:30AM-11:45AM ET",2026-08-08T15:45:00Z,2026-08-08T15:30:00Z,604.504840788026,Up,"[""1"", ""0""]",0.999,,,0.4945,0.001,resolved,0x51740596a4e5d6b1ee214189781c2594a0f17ec2d059045651348bf28f41a938,https://data.chain.link/streams/bnb-usd-twap-60s-streams,,
btc-updown-15m-1786203000,BTC,"Bitcoin Up or Down - August 8, 11:30AM-11:45AM ET",2026-08-08T15:45:00Z,2026-08-08T15:30:00Z,65045.35859463582,Down,"[""0"", ""1""]",0.01,16076.017453000004,3.960783,-0.5045,0.001,resolved,0x5ee327090de2646f2dba381b859de33740de3dff45d0ffb305f7a10c16d84965,https://data.chain.link/streams/btc-usd-twap-60s-streams,,
doge-updown-15m-1786203000,DOGE,"Dogecoin Up or Down - August 8, 11:30AM-11:45AM ET",2026-08-08T15:45:00Z,2026-08-08T15:30:00Z,0.07099982744145193,Down,"[""0"", ""1""]",0.02,,,-0.4995,0.001,resolved,0x7bd7e305ec2ac03a08360ee71e6f16b14b61ef53285f89db5d1cf86017ea690f,https://data.chain.link/streams/doge-usd-twap-60s-streams,,
eth-updown-15m-1786203000,ETH,"Ethereum Up or Down - August 8, 11:30AM-11:45AM ET",2026-08-08T15:45:00Z,2026-08-08T15:30:00Z,1921.5064171255033,Down,"[""0"", ""1""]",0.01,3625.885188,13.921567,-0.4995,0.001,resolved,0x5167bd08e00b07e071d8cccd4b5dc189cf8e28e644f0099c684c401568654783,https://data.chain.link/streams/eth-usd-twap-60s-streams,,
hype-updown-15m-1786203000,HYPE,"Hyperliquid Up or Down - August 8, 11:30AM-11:45AM ET",2026-08-08T15:45:00Z,2026-08-08T15:30:00Z,54.714131773549425,Up,"[""1"", ""0""]",0.99,434.34836299999995,,0.495,0.01,resolved,0x9f1515924938b7c7575b2b130c8ae0ee20bf8d693689bcad4cb0a4e546f28e07,https://data.chain.link/streams/hype-usd-twap-60s-streams,,
sol-updown-15m-1786203000,SOL,"Solana Up or Down - August 8, 11:30AM-11:45AM ET",2026-08-08T15:45:00Z,2026-08-08T15:30:00Z,76.45537899483848,Down,"[""0"", ""1""]",0.05,1003.8114540000001,,-0.5045,0.001,resolved,0xd6de18567acbbc1b3a16bded199b07a977ad52b7cf89049b30f4b98e94296f8d,https://data.chain.link/streams/sol-usd-twap-60s-streams,,
xrp-updown-15m-1786203000,XRP,"XRP Up or Down - August 8, 11:30AM-11:45AM ET",2026-08-08T15:45:00Z,2026-08-08T15:30:00Z,1.0429151469097449,Down,"[""0"", ""1""]",0.001,2258.607259,,-0.5,0.01,resolved,0x111abee8f710bad4167c922e1e1d65b52b49c8f2595c0bf589a3985d56ae4271,https://data.chain.link/streams/xrp-usd-twap-60s-streams,,
zec-updown-15m-1786203000,ZEC,"ZCash Up or Down - August 8, 11:30AM-11:45AM ET",2026-08-08T15:45:00Z,2026-08-08T15:30:00Z,504.1449719980263,Up,"[""1"", ""0""]",0.98,,,0.495,0.01,resolved,0xa344c8c57fd5fbee6b1a106c2b51539efdfbf8b5b2ffd4602c34d49ed888ae80,https://data.chain.link/streams/zec-usd-twap-60s-streams,,
bnb-updown-15m-1786203900,BNB,"BNB Up or Down - August 8, 11:45AM-12:00PM ET",2026-08-08T16:00:00Z,2026-08-08T15:45:00Z,604.8933191269492,Down,"[""0"", ""1""]",0.22,584.8824899999998,165.613828,-0.5,0.01,resolved,0x32b93b41757f761a1003861ef817320bd8cfaca7abf21fe620f611bb61b01bfa,https://data.chain.link/streams/bnb-usd-twap-60s-streams,,
btc-updown-15m-1786203900,BTC,"Bitcoin Up or Down - August 8, 11:45AM-12:00PM ET",2026-08-08T16:00:00Z,2026-08-08T15:45:00Z,65017.00200621189,Up,"[""1"", ""0""]",0.999,15334.127339000008,9856.127822,0.5045,0.001,resolved,0x8b098c3ceff277aa6137b6d5b93ab8895de0001b85c9b53f00b9136032ca7174,https://data.chain.link/streams/btc-usd-twap-60s-streams,,
doge-updown-15m-1786203900,DOGE,"Dogecoin Up or Down - August 8, 11:45AM-12:00PM ET",2026-08-08T16:00:00Z,2026-08-08T15:45:00Z,0.07096608008435118,Up,"[""1"", ""0""]",0.999,475.26379299999996,339.759224,0.4995,0.001,resolved,0x26d026ea3ec6c439bea6569ee3398102eb40d0aed5c3fde01c5d208c472ca1ca,https://data.chain.link/streams/doge-usd-twap-60s-streams,,
eth-updown-15m-1786203900,ETH,"Ethereum Up or Down - August 8, 11:45AM-12:00PM ET",2026-08-08T16:00:00Z,2026-08-08T15:45:00Z,1920.8480172458717,Up,"[""1"", ""0""]",0.999,3216.375389999999,3395.801985,0.5045,0.001,resolved,0xb816a94f9dada8e56895c872e98c1f56c7cc2246ca40f4b31ad15d47e165d687,https://data.chain.link/streams/eth-usd-twap-60s-streams,,
hype-updown-15m-1786203900,HYPE,"Hyperliquid Up or Down - August 8, 11:45AM-12:00PM ET",2026-08-08T16:00:00Z,2026-08-08T15:45:00Z,54.730270413611855,Up,"[""1"", ""0""]",0.99,1449.0858400000002,119.478504,0.495,0.01,resolved,0x82ad20e31266748cf94ea1c4d743954508dc8b9eb44c0660f94270087d29ce27,https://data.chain.link/streams/hype-usd-twap-60s-streams,,
sol-updown-15m-1786203900,SOL,"Solana Up or Down - August 8, 11:45AM-12:00PM ET",2026-08-08T16:00:00Z,2026-08-08T15:45:00Z,76.30120819070746,Up,"[""1"", ""0""]",0.999,1795.463747,915.882876,0.4945,0.001,resolved,0x7356f208d9ff69304a616e8eb79206a6e15ecefdb6e4a437e7a5318d8130a537,https://data.chain.link/streams/sol-usd-twap-60s-streams,,
xrp-updown-15m-1786203900,XRP,"XRP Up or Down - August 8, 11:45AM-12:00PM ET",2026-08-08T16:00:00Z,2026-08-08T15:45:00Z,1.0427752054721133,Up,"[""1"", ""0""]",0.999,920.4417119999998,882.305988,0.4945,0.001,resolved,0x237945fdc1aac6100c9ac8afe1b2175172e2f7bb88db80377d2acf818bbd43e8,https://data.chain.link/streams/xrp-usd-twap-60s-streams,,
zec-updown-15m-1786203900,ZEC,"ZCash Up or Down - August 8, 11:45AM-12:00PM ET",2026-08-08T16:00:00Z,2026-08-08T15:45:00Z,504.9729873310676,Down,"[""0"", ""1""]",,,,-0.495,0.01,resolved,0xd99028af62ec0b303895bb86b7ac124d40a3da6329765ba8cc738251c5b50859,https://data.chain.link/streams/zec-usd-twap-60s-streams,,
bnb-updown-15m-1786204800,BNB,"BNB Up or Down - August 8, 12:00PM-12:15PM ET",2026-08-08T16:15:00Z,2026-08-08T16:00:00Z,604.6277968608522,Up,"[""1"", ""0""]",0.999,429.409532,7.843134,0.4945,0.001,resolved,0x5e0ac6fc023bea70e76e74477af12752f0159c33ca121d23cb16bff4cd7a502e,https://data.chain.link/streams/bnb-usd-twap-60s-streams,,
btc-updown-15m-1786204800,BTC,"Bitcoin Up or Down - August 8, 12:00PM-12:15PM ET",2026-08-08T16:15:00Z,2026-08-08T16:00:00Z,65037.8663858876,Up,"[""1"", ""0""]",0.99,23477.611475000005,177.705877,0.49,0.01,resolved,0x93324f2bfc42ad1c32916c3a7d1cc7deafd1d7e7c06f2964c2e345f7f670bef9,https://data.chain.link/streams/btc-usd-twap-60s-streams,,
doge-updown-15m-1786204800,DOGE,"Dogecoin Up or Down - August 8, 12:00PM-12:15PM ET",2026-08-08T16:15:00Z,2026-08-08T16:00:00Z,0.07112519794857358,Up,"[""1"", ""0""]",0.999,442.77763400000003,3.921566,0.4995,0.001,resolved,0xf9c01d168fc6ca38803c9e893d53b7b0eb8d041861bc06f0df523a74aef470b3,https://data.chain.link/streams/doge-usd-twap-60s-streams,,
eth-updown-15m-1786204800,ETH,"Ethereum Up or Down - August 8, 12:00PM-12:15PM ET",2026-08-08T16:15:00Z,2026-08-08T16:00:00Z,1921.4446902682384,Up,"[""1"", ""0""]",0.999,5481.718772999998,10,0.5045,0.001,resolved,0x9accf9e1838d952b0282a5d1562a2ee0a5d4e41abce0c7490a3e1183610b2cbc,https://data.chain.link/streams/eth-usd-twap-60s-streams,,
hype-updown-15m-1786204800,HYPE,"Hyperliquid Up or Down - August 8, 12:00PM-12:15PM ET",2026-08-08T16:15:00Z,2026-08-08T16:00:00Z,54.74491015933706,Up,"[""1"", ""0""]",0.999,206.4909,,0.4995,0.001,resolved,0x19c890a1ee217e8a4668c12f51227e222dddae19026f10a1eb6b2e9d69ed0af7,https://data.chain.link/streams/hype-usd-twap-60s-streams,,
sol-updown-15m-1786204800,SOL,"Solana Up or Down - August 8, 12:00PM-12:15PM ET",2026-08-08T16:15:00Z,2026-08-08T16:00:00Z,76.31136549852046,Up,"[""1"", ""0""]",0.99,3889.466876,,0.49,0.01,resolved,0xc9778984ff26883543793a94b6d6fac6255ddefb1f71b27fa72360a6baf54c65,https://data.chain.link/streams/sol-usd-twap-60s-streams,,
xrp-updown-15m-1786204800,XRP,"XRP Up or Down - August 8, 12:00PM-12:15PM ET",2026-08-08T16:15:00Z,2026-08-08T16:00:00Z,1.044989772226813,Up,"[""1"", ""0""]",0.999,1042.259128,,0.4945,0.001,resolved,0x30af6de25e32e329a46a7064e88d3f7e5fffa708098741d719fa0a66b225cff9,https://data.chain.link/streams/xrp-usd-twap-60s-streams,,
zec-updown-15m-1786204800,ZEC,"ZCash Up or Down - August 8, 12:00PM-12:15PM ET",2026-08-08T16:15:00Z,2026-08-08T16:00:00Z,504.8711944026939,Down,"[""0"", ""1""]",,,,-0.495,0.01,resolved,0x40c5ff0e0d2d9c6f8d64eef892e2861f093da9075efc85677b925dc6d2dc7c3c,https://data.chain.link/streams/zec-usd-twap-60s-streams,,
bnb-updown-15m-1786205700,BNB,"BNB Up or Down - August 8, 12:15PM-12:30PM ET",2026-08-08T16:30:00Z,2026-08-08T16:15:00Z,605.7104958305086,Down,"[""0"", ""1""]",0.001,16006.984192,12.843976,-0.4995,0.001,resolved,0xdf22078c25fd8e7a55580728e4bab682563b75a2e32a19efa63676e6f8f3b508,https://data.chain.link/streams/bnb-usd-twap-60s-streams,,
btc-updown-15m-1786205700,BTC,"Bitcoin Up or Down - August 8, 12:15PM-12:30PM ET",2026-08-08T16:30:00Z,2026-08-08T16:15:00Z,65040.42455095784,Down,"[""0"", ""1""]",0.01,18374.516007999995,5.921566,-0.5045,0.001,resolved,0x472ea8710e61d9fe149e66f471e8edfd6b0dac4d4e3eac137b3fd7e88371ca2a,https://data.chain.link/streams/btc-usd-twap-60s-streams,,
doge-updown-15m-1786205700,DOGE,"Dogecoin Up or Down - August 8, 12:15PM-12:30PM ET",2026-08-08T16:30:00Z,2026-08-08T16:15:00Z,0.07130210749229467,Down,"[""0"", ""1""]",0.021,598.651017,,-0.4995,0.001,resolved,0x8b087dfecb21b996db1dcfc62728e0154542dd0892a2b9cd3734fe66a13b0e5b,https://data.chain.link/streams/doge-usd-twap-60s-streams,,
eth-updown-15m-1786205700,ETH,"Ethereum Up or Down - August 8, 12:15PM-12:30PM ET",2026-08-08T16:30:00Z,2026-08-08T16:15:00Z,1921.932903316735,Down,"[""0"", ""1""]",0.02,4246.0778980000005,10.00235,-0.4995,0.001,resolved,0x67a872c836323c6dd8624faeed5038de189c633e19e3fde8f103d03a41c17e03,https://data.chain.link/streams/eth-usd-twap-60s-streams,,
hype-updown-15m-1786205700,HYPE,"Hyperliquid Up or Down - August 8, 12:15PM-12:30PM ET",2026-08-08T16:30:00Z,2026-08-08T16:15:00Z,54.800643913718815,Down,"[""0"", ""1""]",0.4,264.295097,,-0.4995,0.001,resolved,0x4c9761662a08f8afc51c72b2187ac7e3418eb4df80d3a169966d51c4bf1b9b57,https://data.chain.link/streams/hype-usd-twap-60s-streams,,
sol-updown-15m-1786205700,SOL,"Solana Up or Down - August 8, 12:15PM-12:30PM ET",2026-08-08T16:30:00Z,2026-08-08T16:15:00Z,76.31407891567075,Down,"[""0"", ""1""]",0.01,1931.2226359999997,,-0.5045,0.001,resolved,0x3da11fdc523ecbbc43fd8463ac0f99a4e2a78cc406e1c006ee89ea1ffe3c9933,https://data.chain.link/streams/sol-usd-twap-60s-streams,,
xrp-updown-15m-1786205700,XRP,"XRP Up or Down - August 8, 12:15PM-12:30PM ET",2026-08-08T16:30:00Z,2026-08-08T16:15:00Z,1.047282747027982,Down,"[""0"", ""1""]",0.075,1202.994965,,-0.5045,0.001,resolved,0x600327cbd135edd613e76a1253f17b60b0538baff96c0b0b43e24b2a2daad074,https://data.chain.link/streams/xrp-usd-twap-60s-streams,,
zec-updown-15m-1786205700,ZEC,"ZCash Up or Down - August 8, 12:15PM-12:30PM ET",2026-08-08T16:30:00Z,2026-08-08T16:15:00Z,504.691011109848,Down,"[""0"", ""1""]",,25,,-0.495,0.01,resolved,0x678a3f95431ad489911cd5ed992d2e6b66458ab39e64e51fc3091210831c1fcf,https://data.chain.link/streams/zec-usd-twap-60s-streams,,
bnb-updown-15m-1786206600,BNB,"BNB Up or Down - August 8, 12:30PM-12:45PM ET",2026-08-08T16:45:00Z,2026-08-08T16:30:00Z,604.2355157850797,Down,"[""0"", ""1""]",0.06,418.519321,,-0.5045,0.001,resolved,0x176f9facc294e51e0cbc5e8e8b11e9204db177267d892b92aaec42cea0407992,https://data.chain.link/streams/bnb-usd-twap-60s-streams,,
btc-updown-15m-1786206600,BTC,"Bitcoin Up or Down - August 8, 12:30PM-12:45PM ET",2026-08-08T16:45:00Z,2026-08-08T16:30:00Z,65031.037699525776,Down,"[""0"", ""1""]",0.01,16951.844966999997,4,-0.5045,0.001,resolved,0x10cbf89974489f36a8a7c5743b4de4bcdaf40a522c0221e6c0679605db811c31,https://data.chain.link/streams/btc-usd-twap-60s-streams,,
doge-updown-15m-1786206600,DOGE,"Dogecoin Up or Down - August 8, 12:30PM-12:45PM ET",2026-08-08T16:45:00Z,2026-08-08T16:30:00Z,0.07128266592506362,Down,"[""0"", ""1""]",0.16,406.63789900000006,5.660376,-0.4995,0.001,resolved,0x7ab1749bb7da337d72067ab1f742cb327f1fa43a5a30cc3e394a63d1d466583d,https://data.chain.link/streams/doge-usd-twap-60s-streams,,
eth-updown-15m-1786206600,ETH,"Ethereum Up or Down - August 8, 12:30PM-12:45PM ET",2026-08-08T16:45:00Z,2026-08-08T16:30:00Z,1921.4277995899627,Down,"[""0"", ""1""]",0.02,1993.2204719999997,,-0.5045,0.001,resolved,0x40d6ac72eb30d1d1d7b80d077f522314af06a485caf20acae63f4ddd26c6e642,https://data.chain.link/streams/eth-usd-twap-60s-streams,,
hype-updown-15m-1786206600,HYPE,"Hyperliquid Up or Down - August 8, 12:30PM-12:45PM ET",2026-08-08T16:45:00Z,2026-08-08T16:30:00Z,54.76122556666664,Up,"[""1"", ""0""]",0.999,179.55599999999998,,0.4995,0.001,resolved,0x9a5dc821b4514c76c652562b20bcfcc605eb317a35014188b5bfd53a511ddb8d,https://data.chain.link/streams/hype-usd-twap-60s-streams,,
sol-updown-15m-1786206600,SOL,"Solana Up or Down - August 8, 12:30PM-12:45PM ET",2026-08-08T16:45:00Z,2026-08-08T16:30:00Z,76.26523123593356,Down,"[""0"", ""1""]",0.06,1930.177432,,-0.5045,0.001,resolved,0xd7ed5e490bdb3248160985d14ae9398be4dc057a1647dbe03fe7bcdb52dec4c7,https://data.chain.link/streams/sol-usd-twap-60s-streams,,
xrp-updown-15m-1786206600,XRP,"XRP Up or Down - August 8, 12:30PM-12:45PM ET",2026-08-08T16:45:00Z,2026-08-08T16:30:00Z,1.0463424778602994,Up,"[""1"", ""0""]",0.999,1229.747287,,0.4945,0.001,resolved,0xc5816e74d542fae02de3fc8c0017e73e0e22fd066f03dfbf19b29d07489372f9,https://data.chain.link/streams/xrp-usd-twap-60s-streams,,
zec-updown-15m-1786206600,ZEC,"ZCash Up or Down - August 8, 12:30PM-12:45PM ET",2026-08-08T16:45:00Z,2026-08-08T16:30:00Z,503.8390999769479,Up,"[""1"", ""0""]",0.98,25,,0.495,0.01,resolved,0xb792da59736a6859c1813b369d19b6fff44b8f02b8984276a7f40093dfc4e670,https://data.chain.link/streams/zec-usd-twap-60s-streams,,
bnb-updown-15m-1786207500,BNB,"BNB Up or Down - August 8, 12:45PM-1:00PM ET",2026-08-08T17:00:00Z,2026-08-08T16:45:00Z,603.7971465639471,Up,"[""1"", ""0""]",0.999,440.29724600000003,248.837446,0.4945,0.001,resolved,0x675f7a7e0fa69f7e6cc908390999856a32a79bbf116488b975cb65e9bbafe915,https://data.chain.link/streams/bnb-usd-twap-60s-streams,,
btc-updown-15m-1786207500,BTC,"Bitcoin Up or Down - August 8, 12:45PM-1:00PM ET",2026-08-08T17:00:00Z,2026-08-08T16:45:00Z,65015.89615297203,Up,"[""1"", ""0""]",0.999,19765.005222000003,8501.103878,0.4945,0.001,resolved,0xdeb6a3205b3d94f29bd381d1110d6269c238fcd9aa87b65b0fa8317e73aeacaf,https://data.chain.link/streams/btc-usd-twap-60s-streams,,
doge-updown-15m-1786207500,DOGE,"Dogecoin Up or Down - August 8, 12:45PM-1:00PM ET",2026-08-08T17:00:00Z,2026-08-08T16:45:00Z,0.07104314858668216,Up,"[""1"", ""0""]",0.999,451.16803,197.660091,0.4995,0.001,resolved,0xb5c5e144bc90895c8c3e26ee676f1bc11915350a6e5e9decc2f980d462f64d41,https://data.chain.link/streams/doge-usd-twap-60s-streams,,
eth-updown-15m-1786207500,ETH,"Ethereum Up or Down - August 8, 12:45PM-1:00PM ET",2026-08-08T17:00:00Z,2026-08-08T16:45:00Z,1920.624014486484,Up,"[""1"", ""0""]",0.999,2719.9191880000003,2829.78244,0.4945,0.001,resolved,0xb0e1e337ebf38fe1ab5612461cf5446dde68fa8a96781f78ed28d621ef6753ab,https://data.chain.link/streams/eth-usd-twap-60s-streams,,
hype-updown-15m-1786207500,HYPE,"Hyperliquid Up or Down - August 8, 12:45PM-1:00PM ET",2026-08-08T17:00:00Z,2026-08-08T16:45:00Z,54.83934472133696,Up,"[""1"", ""0""]",0.999,842.125371,98.886532,0.4995,0.001,resolved,0xdcd9466400ca1e1983730b34a0ad1fece06db7e0d96f20379c25814e5d06b27d,https://data.chain.link/streams/hype-usd-twap-60s-streams,,
sol-updown-15m-1786207500,SOL,"Solana Up or Down - August 8, 12:45PM-1:00PM ET",2026-08-08T17:00:00Z,2026-08-08T16:45:00Z,76.18234504568005,Up,"[""1"", ""0""]",0.999,1798.389301,1524.186033,0.4945,0.001,resolved,0xddc0fc365e70c9a8f743aa13145f9b6ad347b9363505089fe478a5d2321c76ed,https://data.chain.link/streams/sol-usd-twap-60s-streams,,
xrp-updown-15m-1786207500,XRP,"XRP Up or Down - August 8, 12:45PM-1:00PM ET",2026-08-08T17:00:00Z,2026-08-08T16:45:00Z,1.047197797502866,Down,"[""0"", ""1""]",0.26,832.7331949999999,769.815553,-0.5045,0.001,resolved,0x5aaa03aeea92e5528a17734a01a2f2160cbada180ac456ef77679b3ed1f75d64,https://data.chain.link/streams/xrp-usd-twap-60s-streams,,
zec-updown-15m-1786207500,ZEC,"ZCash Up or Down - August 8, 12:45PM-1:00PM ET",2026-08-08T17:00:00Z,2026-08-08T16:45:00Z,505.05954526668614,Up,"[""1"", ""0""]",0.98,25,,0.4995,0.001,resolved,0x321a29f0de57aac19f3904f528f95b8eb39852e18b9162319516371c8a70b459,https://data.chain.link/streams/zec-usd-twap-60s-streams,,
bnb-updown-15m-1786208400,BNB,"BNB Up or Down - August 8, 1:00PM-1:15PM ET",2026-08-08T17:15:00Z,2026-08-08T17:00:00Z,605.1123687140694,Up,"[""1"", ""0""]",0.99,179.68563099999997,3.921567,0.49,0.01,resolved,0x5dda20a59a0b496cd70bb65bb2a9b600d59a62f8ec0dd4a2bc5d265420f1e0dc,https://data.chain.link/streams/bnb-usd-twap-60s-streams,,
btc-updown-15m-1786208400,BTC,"Bitcoin Up or Down - August 8, 1:00PM-1:15PM ET",2026-08-08T17:15:00Z,2026-08-08T17:00:00Z,65040.779516166884,Up,"[""1"", ""0""]",0.999,34183.19940899999,140.607841,0.4945,0.001,resolved,0x51fd26afd85d3aa3d0e5ab3b60df3c0fcc4ddccd6998c358b8be118d69142a9a,https://data.chain.link/streams/btc-usd-twap-60s-streams,,
doge-updown-15m-1786208400,DOGE,"Dogecoin Up or Down - August 8, 1:00PM-1:15PM ET",2026-08-08T17:15:00Z,2026-08-08T17:00:00Z,0.07116916394737194,Down,"[""0"", ""1""]",0.96,269.85212,,-0.495,0.01,resolved,0x61425a132adfe504cbb332bd08eff450248f616d90039c5f9d10af2eeb03dec4,https://data.chain.link/streams/doge-usd-twap-60s-streams,,
eth-updown-15m-1786208400,ETH,"Ethereum Up or Down - August 8, 1:00PM-1:15PM ET",2026-08-08T17:15:00Z,2026-08-08T17:00:00Z,1921.2045444511455,Up,"[""1"", ""0""]",0.99,5046.918124000001,3.921567,0.49,0.01,resolved,0xe6242ae34cb1299521c555530b9626538b8e1c0b47a927f9035aaaad181b8459,https://data.chain.link/streams/eth-usd-twap-60s-streams,,
hype-updown-15m-1786208400,HYPE,"Hyperliquid Up or Down - August 8, 1:00PM-1:15PM ET",2026-08-08T17:15:00Z,2026-08-08T17:00:00Z,54.99566581759621,Up,"[""1"", ""0""]",0.99,128.07183300000003,,0.495,0.01,resolved,0xd2cc63a32660eadc411d2df8c4962e3aa5f9d814bcb7f3f10409da91348adf91,https://data.chain.link/streams/hype-usd-twap-60s-streams,,
sol-updown-15m-1786208400,SOL,"Solana Up or Down - August 8, 1:00PM-1:15PM ET",2026-08-08T17:15:00Z,2026-08-08T17:00:00Z,76.33552246318096,Down,"[""0"", ""1""]",0.01,2160.519821,,-0.5045,0.001,resolved,0x968e96bc696ecca678dc6496946b0658ebb61efad19fe4c1af026c9b75a2168a,https://data.chain.link/streams/sol-usd-twap-60s-streams,,
xrp-updown-15m-1786208400,XRP,"XRP Up or Down - August 8, 1:00PM-1:15PM ET",2026-08-08T17:15:00Z,2026-08-08T17:00:00Z,1.0467066395817304,Down,"[""0"", ""1""]",0.048,628.1948699999999,5.000783,-0.5045,0.001,resolved,0x6bc8e10f76158cb5abcba330e6e86ed8b1b31602304e94b6e34a4e7cb205c3d0,https://data.chain.link/streams/xrp-usd-twap-60s-streams,,
zec-updown-15m-1786208400,ZEC,"ZCash Up or Down - August 8, 1:00PM-1:15PM ET",2026-08-08T17:15:00Z,2026-08-08T17:00:00Z,507.37479118467104,Down,"[""0"", ""1""]",,25,,-0.495,0.01,resolved,0xaf4266833023dcb8144b3790e7697095e57522d09f675203bea8e97d0fa49a3b,https://data.chain.link/streams/zec-usd-twap-60s-streams,,
bnb-updown-15m-1786209300,BNB,"BNB Up or Down - August 8, 1:15PM-1:30PM ET",2026-08-08T17:30:00Z,2026-08-08T17:15:00Z,605.28989005597,Down,"[""0"", ""1""]",0.11,410.11429000000004,7.843133,-0.5045,0.001,resolved,0xf2aab7851b65a9eec44b67c209a6072d08354c3dd312f2b9da8133c92ac1dd6b,https://data.chain.link/streams/bnb-usd-twap-60s-streams,,
btc-updown-15m-1786209300,BTC,"Bitcoin Up or Down - August 8, 1:15PM-1:30PM ET",2026-08-08T17:30:00Z,2026-08-08T17:15:00Z,65080.37509372936,Down,"[""0"", ""1""]",0.01,27053.992138000012,10,-0.4945,0.001,resolved,0x2d899daacd8b355a453ac10932b8fc8f24b20afabdaa7ff57604faf2814194ee,https://data.chain.link/streams/btc-usd-twap-60s-streams,,
doge-updown-15m-1786209300,DOGE,"Dogecoin Up or Down - August 8, 1:15PM-1:30PM ET",2026-08-08T17:30:00Z,2026-08-08T17:15:00Z,0.07116853158756528,Up,"[""1"", ""0""]",0.999,369.62850599999996,3.921566,0.4995,0.001,resolved,0xd4fab89a3356a2e1d622aaebc5991b6428617a826ff2c8e768f57546cdbfa0b8,https://data.chain.link/streams/doge-usd-twap-60s-streams,,
eth-updown-15m-1786209300,ETH,"Ethereum Up or Down - August 8, 1:15PM-1:30PM ET",2026-08-08T17:30:00Z,2026-08-08T17:15:00Z,1921.8889731590677,Up,"[""1"", ""0""]",0.999,4017.1272780000004,,0.4945,0.001,resolved,0xd4a90032d61f140b4474151b6ef1d5233707b8cfc02b0033fcbe2d871bc444d6,https://data.chain.link/streams/eth-usd-twap-60s-streams,,
hype-updown-15m-1786209300,HYPE,"Hyperliquid Up or Down - August 8, 1:15PM-1:30PM ET",2026-08-08T17:30:00Z,2026-08-08T17:15:00Z,55.0976182562057,Down,"[""0"", ""1""]",0.32,243.284712,,-0.4995,0.001,resolved,0xef45ded7dcc721e27cd6e3fb4384142759e6cb342a4a0bc7ab69b842f384a745,https://data.chain.link/streams/hype-usd-twap-60s-streams,,
sol-updown-15m-1786209300,SOL,"Solana Up or Down - August 8, 1:15PM-1:30PM ET",2026-08-08T17:30:00Z,2026-08-08T17:15:00Z,76.30041871358026,Up,"[""1"", ""0""]",0.999,1448.881258,3.921567,0.4945,0.001,resolved,0x9df32eff7be8b7f9a0c92dd74f7874b60ab6128a95b148444b1ff041f142e669,https://data.chain.link/streams/sol-usd-twap-60s-streams,,
xrp-updown-15m-1786209300,XRP,"XRP Up or Down - August 8, 1:15PM-1:30PM ET",2026-08-08T17:30:00Z,2026-08-08T17:15:00Z,1.0462654092071908,Up,"[""1"", ""0""]",0.999,1208.545663,,0.4945,0.001,resolved,0xe64434c0498a229842d1536ac7d78251b2c805dee557ea764116a03e6f5133a8,https://data.chain.link/streams/xrp-usd-twap-60s-streams,,
zec-updown-15m-1786209300,ZEC,"ZCash Up or Down - August 8, 1:15PM-1:30PM ET",2026-08-08T17:30:00Z,2026-08-08T17:15:00Z,506.44902095924533,Down,"[""0"", ""1""]",,25,,-0.495,0.01,resolved,0x2286ac7d3f39d05f046e818c88c52e2b359e46c3531c1d85d75b191cbf47bece,https://data.chain.link/streams/zec-usd-twap-60s-streams,,
bnb-updown-15m-1786210200,BNB,"BNB Up or Down - August 8, 1:30PM-1:45PM ET",2026-08-08T17:45:00Z,2026-08-08T17:30:00Z,604.9452661796807,Down,"[""0"", ""1""]",0.05,441.37545199999994,5.882349,-0.5045,0.001,resolved,0x989b8e3dec59d3de2cae4a4803ce4f60003604ced0b35949e5991dd0bdf46896,https://data.chain.link/streams/bnb-usd-twap-60s-streams,,
btc-updown-15m-1786210200,BTC,"Bitcoin Up or Down - August 8, 1:30PM-1:45PM ET",2026-08-08T17:45:00Z,2026-08-08T17:30:00Z,65068.66253384633,Up,"[""1"", ""0""]",0.999,17947.044524999998,7.843132,0.4945,0.001,resolved,0x9b2bf4a7ae3a4e50d3d0f075597038719d828f1c8f269e404678c880cbf8efcb,https://data.chain.link/streams/btc-usd-twap-60s-streams,,
doge-updown-15m-1786210200,DOGE,"Dogecoin Up or Down - August 8, 1:30PM-1:45PM ET",2026-08-08T17:45:00Z,2026-08-08T17:30:00Z,0.0712293587759363,Up,"[""1"", ""0""]",0.99,284.597418,1.960783,0.4995,0.001,resolved,0x097faaa72b74eb5010cf6764df31ccc1e435ef0583ac7ccf7878c8beed0b83c4,https://data.chain.link/streams/doge-usd-twap-60s-streams,,
eth-updown-15m-1786210200,ETH,"Ethereum Up or Down - August 8, 1:30PM-1:45PM ET",2026-08-08T17:45:00Z,2026-08-08T17:30:00Z,1922.7228962823438,Up,"[""1"", ""0""]",0.999,5072.319138000002,,0.4945,0.001,resolved,0xe1a6b256dfed0cf170be03bff745931d45fc46a6eb0ee2d5a0513c614f96c54f,https://data.chain.link/streams/eth-usd-twap-60s-streams,,
hype-updown-15m-1786210200,HYPE,"Hyperliquid Up or Down - August 8, 1:30PM-1:45PM ET",2026-08-08T17:45:00Z,2026-08-08T17:30:00Z,54.926736772743155,Up,"[""1"", ""0""]",0.999,340.659591,,0.4995,0.001,resolved,0x65275fdbb3210bcdc03643bd6f59e6dc2f0aa8c4b7e2883e9de9679390b3a783,https://data.chain.link/streams/hype-usd-twap-60s-streams,,
sol-updown-15m-1786210200,SOL,"Solana Up or Down - August 8, 1:30PM-1:45PM ET",2026-08-08T17:45:00Z,2026-08-08T17:30:00Z,76.38761226429745,Down,"[""0"", ""1""]",0.11,1947.5351649999996,,-0.5,0.01,resolved,0x2282f9f47616d4e850d7e19180d0967359ce1915f8e7d7805e99d03e0837461a,https://data.chain.link/streams/sol-usd-twap-60s-streams,,
xrp-updown-15m-1786210200,XRP,"XRP Up or Down - August 8, 1:30PM-1:45PM ET",2026-08-08T17:45:00Z,2026-08-08T17:30:00Z,1.0467451252280866,Down,"[""0"", ""1""]",0.02,1156.2709189999998,,-0.5,0.01,resolved,0x34b0ea8ded6021db6b2a47ac1d0aecce0f1633e318d178f8cab35c1be45fcded,https://data.chain.link/streams/xrp-usd-twap-60s-streams,,
zec-updown-15m-1786210200,ZEC,"ZCash Up or Down - August 8, 1:30PM-1:45PM ET",2026-08-08T17:45:00Z,2026-08-08T17:30:00Z,506.12112594862583,Up,"[""1"", ""0""]",0.99,,,0.495,0.01,resolved,0x578359c26c0c80c071e92485698ac2981d1250e1380b2b9d8ec652a79de40a10,https://data.chain.link/streams/zec-usd-twap-60s-streams,,
bnb-updown-15m-1786211100,BNB,"BNB Up or Down - August 8, 1:45PM-2:00PM ET",2026-08-08T18:00:00Z,2026-08-08T17:45:00Z,604.4689657533031,Down,"[""0"", ""1""]",0.04,556.140527,282.234929,-0.4995,0.001,resolved,0x31678807a0fc6518a2c0e94b3d00814d6f1dc92cc83435372824113b6a33f9f8,https://data.chain.link/streams/bnb-usd-twap-60s-streams,,
btc-updown-15m-1786211100,BTC,"Bitcoin Up or Down - August 8, 1:45PM-2:00PM ET",2026-08-08T18:00:00Z,2026-08-08T17:45:00Z,65081.1035004856,Down,"[""0"", ""1""]",0.01,19672.412746,9753.660031,-0.5045,0.001,resolved,0xe910715c0c7d9653a177a2c38ff699fddce2c87d9628a42fd2aadfa098ab965d,https://data.chain.link/streams/btc-usd-twap-60s-streams,,
doge-updown-15m-1786211100,DOGE,"Dogecoin Up or Down - August 8, 1:45PM-2:00PM ET",2026-08-08T18:00:00Z,2026-08-08T17:45:00Z,0.071299269312168,Down,"[""0"", ""1""]",0.04,388.130267,299.518013,-0.4995,0.001,resolved,0xee0e33c0bb67c225768ba2d20fa18d8b546d3c1a511b30fb3afe9b22239987d1,https://data.chain.link/streams/doge-usd-twap-60s-streams,,
eth-updown-15m-1786211100,ETH,"Ethereum Up or Down - August 8, 1:45PM-2:00PM ET",2026-08-08T18:00:00Z,2026-08-08T17:45:00Z,1923.765091330389,Down,"[""0"", ""1""]",0.02,5047.306761,4171.054454,-0.5045,0.001,resolved,0x7f046e4e06113be6a31006fd45bd733bb4a791bb0de7fabd317a447c4f42f9f7,https://data.chain.link/streams/eth-usd-twap-60s-streams,,
hype-updown-15m-1786211100,HYPE,"Hyperliquid Up or Down - August 8, 1:45PM-2:00PM ET",2026-08-08T18:00:00Z,2026-08-08T17:45:00Z,55.11348059590456,Down,"[""0"", ""1""]",0.001,268.9299,80,-0.4995,0.001,resolved,0xccea1dac2f77c120ceef9defdc2b0d89275587d74b16631d4e2b4f6c45719c68,https://data.chain.link/streams/hype-usd-twap-60s-streams,,
sol-updown-15m-1786211100,SOL,"Solana Up or Down - August 8, 1:45PM-2:00PM ET",2026-08-08T18:00:00Z,2026-08-08T17:45:00Z,76.35019935738804,Down,"[""0"", ""1""]",0.56,2238.546672000001,883.617069,-0.5045,0.001,resolved,0xb541e16514137935916c9ac5ebc93c6870b0c3ab59e05a681b36d4e1950d6de0,https://data.chain.link/streams/sol-usd-twap-60s-streams,,
xrp-updown-15m-1786211100,XRP,"XRP Up or Down - August 8, 1:45PM-2:00PM ET",2026-08-08T18:00:00Z,2026-08-08T17:45:00Z,1.0464954202882262,Down,"[""0"", ""1""]",0.22,715.168706,759.226831,-0.5045,0.001,resolved,0x231486920432dd42cba373a9b7350898da36076f97e3f25f1a00455a6ea565fc,https://data.chain.link/streams/xrp-usd-twap-60s-streams,,
zec-updown-15m-1786211100,ZEC,"ZCash Up or Down - August 8, 1:45PM-2:00PM ET",2026-08-08T18:00:00Z,2026-08-08T17:45:00Z,506.5559299232447,Down,"[""0"", ""1""]",,,,-0.495,0.01,resolved,0x7059b62e4c5d7a9a011e1fcafcc91e6c76116fb3629a05ce30f05b48a2edf5df,https://data.chain.link/streams/zec-usd-twap-60s-streams,,
bnb-updown-15m-1786212000,BNB,"BNB Up or Down - August 8, 2:00PM-2:15PM ET",2026-08-08T18:15:00Z,2026-08-08T18:00:00Z,604.08647284281,Up,"[""1"", ""0""]",0.99,242.544117,1.960783,0.4945,0.001,resolved,0x0e01706950ceb69e10554a0a7e13ba26dc19fa85629d8b6bbb6426f566bdb2e7,https://data.chain.link/streams/bnb-usd-twap-60s-streams,,
btc-updown-15m-1786212000,BTC,"Bitcoin Up or Down - August 8, 2:00PM-2:15PM ET",2026-08-08T18:15:00Z,2026-08-08T18:00:00Z,65072.237402223625,Down,"[""0"", ""1""]",0.001,19659.914935999994,161.784311,-0.5045,0.001,resolved,0x934eeb140c47c89964d70bd8ad962243e723fa48a2d726255a6d023df176b555,https://data.chain.link/streams/btc-usd-twap-60s-streams,,
doge-updown-15m-1786212000,DOGE,"Dogecoin Up or Down - August 8, 2:00PM-2:15PM ET",2026-08-08T18:15:00Z,2026-08-08T18:00:00Z,0.07119156735527042,Up,"[""1"", ""0""]",0.99,560.434841,,0.4995,0.001,resolved,0x8d591090c940ceac4ca4056cbe1d8e8873b1019b8ae3e1f4404d9421b4f9357c,https://data.chain.link/streams/doge-usd-twap-60s-streams,,
eth-updown-15m-1786212000,ETH,"Ethereum Up or Down - August 8, 2:00PM-2:15PM ET",2026-08-08T18:15:00Z,2026-08-08T18:00:00Z,1922.6248575597265,Down,"[""0"", ""1""]",0.01,2227.731467,30,-0.5045,0.001,resolved,0x6cf48509da4a9cc0ba617a7b2c92ea055c828622d033694ced2d8c33efc8e1a7,https://data.chain.link/streams/eth-usd-twap-60s-streams,,
hype-updown-15m-1786212000,HYPE,"Hyperliquid Up or Down - August 8, 2:00PM-2:15PM ET",2026-08-08T18:15:00Z,2026-08-08T18:00:00Z,55.00654558468955,Down,"[""0"", ""1""]",0.02,182.59199999999998,,-0.4995,0.001,resolved,0xa489257f5085da747988b6733647a42187501788bf7532e0dcb18c6f02c76090,https://data.chain.link/streams/hype-usd-twap-60s-streams,,
sol-updown-15m-1786212000,SOL,"Solana Up or Down - August 8, 2:00PM-2:15PM ET",2026-08-08T18:15:00Z,2026-08-08T18:00:00Z,76.33407701068997,Down,"[""0"", ""1""]",0.06,872.9015959999999,,-0.5045,0.001,resolved,0x7e70e2217ef455e83dc3a6a05c04f48f34751b04862aff06e6bd5c4458212666,https://data.chain.link/streams/sol-usd-twap-60s-streams,,
xrp-updown-15m-1786212000,XRP,"XRP Up or Down - August 8, 2:00PM-2:15PM ET",2026-08-08T18:15:00Z,2026-08-08T18:00:00Z,1.0452399301966209,Down,"[""0"", ""1""]",0.001,748.195605,,-0.5045,0.001,resolved,0x56ea3ed97635c00378e5ad741e85b5f1d0b95852498b5226486054cdfd41f29f,https://data.chain.link/streams/xrp-usd-twap-60s-streams,,
zec-updown-15m-1786212000,ZEC,"ZCash Up or Down - August 8, 2:00PM-2:15PM ET",2026-08-08T18:15:00Z,2026-08-08T18:00:00Z,506.45950678620454,Down,"[""0"", ""1""]",,25,,-0.495,0.01,resolved,0x2f3d37de9f60d5d2cd2ef5a2678160d45a0231b7965b1294c4d12f5b3fb681e0,https://data.chain.link/streams/zec-usd-twap-60s-streams,,
bnb-updown-15m-1786212900,BNB,"BNB Up or Down - August 8, 2:15PM-2:30PM ET",2026-08-08T18:30:00Z,2026-08-08T18:15:00Z,604.301760027686,Down,"[""0"", ""1""]",0.04,304.881368,16.981131,-0.4995,0.001,resolved,0xe8ef8c793c9592437e4c9c4909959ba44bacc3f77dc5550bf505bf3ce69dd42e,https://data.chain.link/streams/bnb-usd-twap-60s-streams,,
btc-updown-15m-1786212900,BTC,"Bitcoin Up or Down - August 8, 2:15PM-2:30PM ET",2026-08-08T18:30:00Z,2026-08-08T18:15:00Z,65056.61987838578,Down,"[""0"", ""1""]",0.002,11478.280341000001,10,-0.4945,0.001,resolved,0x29d2d2fd4cc17e3198d57506138a4725a747c5a56ca5a73325917dcb4a755fdd,https://data.chain.link/streams/btc-usd-twap-60s-streams,,
doge-updown-15m-1786212900,DOGE,"Dogecoin Up or Down - August 8, 2:15PM-2:30PM ET",2026-08-08T18:30:00Z,2026-08-08T18:15:00Z,0.07121611239314064,Down,"[""0"", ""1""]",0.03,243.33163100000002,,-0.4995,0.001,resolved,0x15c376fc6469bbf0b5de672f15ac416ebf0f75061f09c9809df5b8b2fba9caaa,https://data.chain.link/streams/doge-usd-twap-60s-streams,,
eth-updown-15m-1786212900,ETH,"Ethereum Up or Down - August 8, 2:15PM-2:30PM ET",2026-08-08T18:30:00Z,2026-08-08T18:15:00Z,1921.408883594151,Down,"[""0"", ""1""]",0.001,4338.270420999999,20,-0.5045,0.001,resolved,0xffe8570c3abf610a1cd82cee19406e1d3a51c7a4c8d3e3426e937c5f65356027,https://data.chain.link/streams/eth-usd-twap-60s-streams,,
hype-updown-15m-1786212900,HYPE,"Hyperliquid Up or Down - August 8, 2:15PM-2:30PM ET",2026-08-08T18:30:00Z,2026-08-08T18:15:00Z,54.876627054102364,Down,"[""0"", ""1""]",0.17,118.819802,,-0.495,0.01,resolved,0x2c65982e84e2d19ee46a074a7a4e5cc685f73f7b4dabd0027ce310ea83c388cf,https://data.chain.link/streams/hype-usd-twap-60s-streams,,
sol-updown-15m-1786212900,SOL,"Solana Up or Down - August 8, 2:15PM-2:30PM ET",2026-08-08T18:30:00Z,2026-08-08T18:15:00Z,76.22447647161432,Down,"[""0"", ""1""]",0.026,1098.0690339999999,,-0.5045,0.001,resolved,0x6075e23c648b09c82dacbc1dd4c86bcb059eed8e40cb6ed93e5762e941236962,https://data.chain.link/streams/sol-usd-twap-60s-streams,,
xrp-updown-15m-1786212900,XRP,"XRP Up or Down - August 8, 2:15PM-2:30PM ET",2026-08-08T18:30:00Z,2026-08-08T18:15:00Z,1.043199057145402,Down,"[""0"", ""1""]",0.28,974.8123969999998,,-0.5045,0.001,resolved,0x5d0f173f02ed6942c59e26a788db809bc0527b48b4f0b1d4ab79a159d0dda660,https://data.chain.link/streams/xrp-usd-twap-60s-streams,,
zec-updown-15m-1786212900,ZEC,"ZCash Up or Down - August 8, 2:15PM-2:30PM ET",2026-08-08T18:30:00Z,2026-08-08T18:15:00Z,505.28736991441474,Down,"[""0"", ""1""]",,25,,-0.4945,0.009,resolved,0xcd736b7636321d13d4a6569dfcd5b454727424f2beb99522a84f0ada37f498ed,https://data.chain.link/streams/zec-usd-twap-60s-streams,,
bnb-updown-15m-1786213800,BNB,"BNB Up or Down - August 8, 2:30PM-2:45PM ET",2026-08-08T18:45:00Z,2026-08-08T18:30:00Z,603.626268140625,Up,"[""1"", ""0""]",0.999,343.74381900000003,3.843136,0.4945,0.001,resolved,0xcbf5c3b3a2e3a5ebf7e26d8e144aae65831e7a808eb9e5094b2b76dfdc50447e,https://data.chain.link/streams/bnb-usd-twap-60s-streams,,
btc-updown-15m-1786213800,BTC,"Bitcoin Up or Down - August 8, 2:30PM-2:45PM ET",2026-08-08T18:45:00Z,2026-08-08T18:30:00Z,64992.620281020936,Up,"[""1"", ""0""]",0.999,18765.52893,6,0.4945,0.001,resolved,0x8ebecf0c8bd935adcaaabe1113fadbc29c966e2c51414e95483cca005571f364,https://data.chain.link/streams/btc-usd-twap-60s-streams,,
doge-updown-15m-1786213800,DOGE,"Dogecoin Up or Down - August 8, 2:30PM-2:45PM ET",2026-08-08T18:45:00Z,2026-08-08T18:30:00Z,0.07091758908277329,Up,"[""1"", ""0""]",0.99,292.560413,,0.4995,0.001,resolved,0x9280f017261e78391eed8cc14a0d1881905fffe10f1143297f05d161d76a8e0c,https://data.chain.link/streams/doge-usd-twap-60s-streams,,
eth-updown-15m-1786213800,ETH,"Ethereum Up or Down - August 8, 2:30PM-2:45PM ET",2026-08-08T18:45:00Z,2026-08-08T18:30:00Z,1919.2779008164682,Up,"[""1"", ""0""]",0.99,3597.5298159999993,20,0.5045,0.001,resolved,0xd2aa7949218b0d9152b1a746bde4faa963a1674d1735d439d4fec0301dff3194,https://data.chain.link/streams/eth-usd-twap-60s-streams,,
hype-updown-15m-1786213800,HYPE,"Hyperliquid Up or Down - August 8, 2:30PM-2:45PM ET",2026-08-08T18:45:00Z,2026-08-08T18:30:00Z,54.847850873160624,Down,"[""0"", ""1""]",0.61,334.434552,,-0.4995,0.001,resolved,0xf78798760ee653fee4612e9126bd8884d97c5547d80811505157b00d00718207,https://data.chain.link/streams/hype-usd-twap-60s-streams,,
sol-updown-15m-1786213800,SOL,"Solana Up or Down - August 8, 2:30PM-2:45PM ET",2026-08-08T18:45:00Z,2026-08-08T18:30:00Z,76.03379683995446,Up,"[""1"", ""0""]",0.999,1620.362058,5.66,0.4945,0.001,resolved,0xceb38ab455cafa45e025f549e891a8fec625bc8904ad4cd4f70e873df069ed58,https://data.chain.link/streams/sol-usd-twap-60s-streams,,
xrp-updown-15m-1786213800,XRP,"XRP Up or Down - August 8, 2:30PM-2:45PM ET",2026-08-08T18:45:00Z,2026-08-08T18:30:00Z,1.0414012244562427,Up,"[""1"", ""0""]",0.999,1098.2350440000002,,0.4945,0.001,resolved,0xd4abc297a0945a321dcfd91375cb207e40f0beeefea9fbcbd58d4b884a5aad3f,https://data.chain.link/streams/xrp-usd-twap-60s-streams,,
zec-updown-15m-1786213800,ZEC,"ZCash Up or Down - August 8, 2:30PM-2:45PM ET",2026-08-08T18:45:00Z,2026-08-08T18:30:00Z,504.17775246610535,Up,"[""1"", ""0""]",0.98,,,0.495,0.01,resolved,0x3dd835ea91147a2719db82fb6f0a009912b3fd2a50f5228ef9a7b6083e7a3ddd,https://data.chain.link/streams/zec-usd-twap-60s-streams,,
bnb-updown-15m-1786214700,BNB,"BNB Up or Down - August 8, 2:45PM-3:00PM ET",2026-08-08T19:00:00Z,2026-08-08T18:45:00Z,604.0901078477885,Down,"[""0"", ""1""]",0.001,321.172102,146.541665,-0.5045,0.001,resolved,0xe2ec5f11905570ab56c3774fc47a072241819853c0f8e7ef1f35039681612883,https://data.chain.link/streams/bnb-usd-twap-60s-streams,,
btc-updown-15m-1786214700,BTC,"Bitcoin Up or Down - August 8, 2:45PM-3:00PM ET",2026-08-08T19:00:00Z,2026-08-08T18:45:00Z,65005.962120453216,Down,"[""0"", ""1""]",0.01,20846.489361,9286.20457,-0.5045,0.001,resolved,0xfa973a690d313d7b1405fadd0bc9c498dc98f2749b61a34ab32e84dee28b37da,https://data.chain.link/streams/btc-usd-twap-60s-streams,,
doge-updown-15m-1786214700,DOGE,"Dogecoin Up or Down - August 8, 2:45PM-3:00PM ET",2026-08-08T19:00:00Z,2026-08-08T18:45:00Z,0.07096972619327478,Down,"[""0"", ""1""]",0.05,355.07277300000004,172.946151,-0.4995,0.001,resolved,0x7a69ebd92d4ce3163421eb7113a76ed75e06caaa2e4c80dd36134b870486ff0c,https://data.chain.link/streams/doge-usd-twap-60s-streams,,
eth-updown-15m-1786214700,ETH,"Ethereum Up or Down - August 8, 2:45PM-3:00PM ET",2026-08-08T19:00:00Z,2026-08-08T18:45:00Z,1919.8919973949112,Down,"[""0"", ""1""]",0.001,6899.142908,2423.222181,-0.49,0.01,resolved,0x504116c341deabeeef151a98019ae1cfa7694cd79de947d6b11c0f3ad75190b7,https://data.chain.link/streams/eth-usd-twap-60s-streams,,
hype-updown-15m-1786214700,HYPE,"Hyperliquid Up or Down - August 8, 2:45PM-3:00PM ET",2026-08-08T19:00:00Z,2026-08-08T18:45:00Z,54.778959587279495,Up,"[""1"", ""0""]",0.99,256.249669,160.749452,0.495,0.01,resolved,0xcacf61efb20379b06592313949915c1cb302f45fab5d9a5066e593f8f4ec7566,https://data.chain.link/streams/hype-usd-twap-60s-streams,,
sol-updown-15m-1786214700,SOL,"Solana Up or Down - August 8, 2:45PM-3:00PM ET",2026-08-08T19:00:00Z,2026-08-08T18:45:00Z,76.08780696138543,Down,"[""0"", ""1""]",0.03,2150.638924,874.634403,-0.5045,0.001,resolved,0x03dc06ca84ef82902e00472de3f965c4bd57429e2369a6e51fd45ed6632166a8,https://data.chain.link/streams/sol-usd-twap-60s-streams,,
xrp-updown-15m-1786214700,XRP,"XRP Up or Down - August 8, 2:45PM-3:00PM ET",2026-08-08T19:00:00Z,2026-08-08T18:45:00Z,1.042563713770095,Down,"[""0"", ""1""]",0.006,1152.0953069999998,779.138157,-0.5045,0.001,resolved,0x976bc0990bf523e6d35da7bf6c198b422ffb847af53668055051140cea2bde57,https://data.chain.link/streams/xrp-usd-twap-60s-streams,,
zec-updown-15m-1786214700,ZEC,"ZCash Up or Down - August 8, 2:45PM-3:00PM ET",2026-08-08T19:00:00Z,2026-08-08T18:45:00Z,504.6415162857212,Up,"[""1"", ""0""]",0.99,50,,0.495,0.01,resolved,0x23923678efd18b06d95981facdd90b704b3dd43d7d9172c0d8b6f50b54d61dd9,https://data.chain.link/streams/zec-usd-twap-60s-streams,,
bnb-updown-15m-1786215600,BNB,"BNB Up or Down - August 8, 3:00PM-3:15PM ET",2026-08-08T19:15:00Z,2026-08-08T19:00:00Z,603.4754181092079,Down,"[""0"", ""1""]",0.01,470.35761499999995,4.313723,-0.5,0.01,resolved,0x27bcb8e1bd00133cf4788e266a57e11d5ca8d777cd3182c02f054cf411f807c0,https://data.chain.link/streams/bnb-usd-twap-60s-streams,,
btc-updown-15m-1786215600,BTC,"Bitcoin Up or Down - August 8, 3:00PM-3:15PM ET",2026-08-08T19:15:00Z,2026-08-08T19:00:00Z,64994.48943253341,Down,"[""0"", ""1""]",0.02,25098.867521999993,100.960783,-0.5045,0.001,resolved,0x185edcf22b4499a83ff89291829410ad0d5bc3c41b1453eeee43721d7cb85db9,https://data.chain.link/streams/btc-usd-twap-60s-streams,,
doge-updown-15m-1786215600,DOGE,"Dogecoin Up or Down - August 8, 3:00PM-3:15PM ET",2026-08-08T19:15:00Z,2026-08-08T19:00:00Z,0.07088949379682626,Up,"[""1"", ""0""]",0.99,339.139952,,0.495,0.01,resolved,0x8ae92743978b32678034611a5330726fa363da1e5cee185d174db0812f7a045a,https://data.chain.link/streams/doge-usd-twap-60s-streams,,
eth-updown-15m-1786215600,ETH,"Ethereum Up or Down - August 8, 3:00PM-3:15PM ET",2026-08-08T19:15:00Z,2026-08-08T19:00:00Z,1919.8654470160225,Down,"[""0"", ""1""]",0.001,8307.103668999996,181.47058,-0.5,0.01,resolved,0x8d15463263647a1dc8465aa16c4f89b5a91da973b78663b2a9873df469e80df4,https://data.chain.link/streams/eth-usd-twap-60s-streams,,
hype-updown-15m-1786215600,HYPE,"Hyperliquid Up or Down - August 8, 3:00PM-3:15PM ET",2026-08-08T19:15:00Z,2026-08-08T19:00:00Z,54.806428966005136,Down,"[""0"", ""1""]",0.42,,,-0.495,0.01,resolved,0x899cdda1781870bb11505d2a568d68ad06f42fac3c2a8fc824c7e1cbbe9df8c0,https://data.chain.link/streams/hype-usd-twap-60s-streams,,
sol-updown-15m-1786215600,SOL,"Solana Up or Down - August 8, 3:00PM-3:15PM ET",2026-08-08T19:15:00Z,2026-08-08T19:00:00Z,76.07933594610216,Down,"[""0"", ""1""]",0.001,1336.422452,1.960783,-0.5045,0.001,resolved,0x8207098080cb6d11d8c5b455021ce3ae7b395c8584e087ede1deece191b8cc17,https://data.chain.link/streams/sol-usd-twap-60s-streams,,
xrp-updown-15m-1786215600,XRP,"XRP Up or Down - August 8, 3:00PM-3:15PM ET",2026-08-08T19:15:00Z,2026-08-08T19:00:00Z,1.0413521410916877,Down,"[""0"", ""1""]",0.015,934.610384,,-0.5045,0.001,resolved,0x44a3dc3fe60d0cafca18def0340a71d20720901235bb83d14af7f8eecd345cff,https://data.chain.link/streams/xrp-usd-twap-60s-streams,,
zec-updown-15m-1786215600,ZEC,"ZCash Up or Down - August 8, 3:00PM-3:15PM ET",2026-08-08T19:15:00Z,2026-08-08T19:00:00Z,505.1000084605437,Up,"[""1"", ""0""]",0.98,,,0.495,0.01,resolved,0xaa16e38824fdf45f9a512598be18d7181e737716b03b11349cc874d99538404e,https://data.chain.link/streams/zec-usd-twap-60s-streams,,
bnb-updown-15m-1786216500,BNB,"BNB Up or Down - August 8, 3:15PM-3:30PM ET",2026-08-08T19:30:00Z,2026-08-08T19:15:00Z,603.2584498573965,Down,"[""0"", ""1""]",0.06,166.596367,1.960783,-0.5045,0.001,resolved,0xc61524756b9a8caf45a3a4ab64ef15f3d408458f85d8b064adde0c89abd30d17,https://data.chain.link/streams/bnb-usd-twap-60s-streams,,
btc-updown-15m-1786216500,BTC,"Bitcoin Up or Down - August 8, 3:15PM-3:30PM ET",2026-08-08T19:30:00Z,2026-08-08T19:15:00Z,64973.81462298606,Up,"[""1"", ""0""]",0.99,28889.05834399998,1.960783,0.49,0.01,resolved,0x17300ad7695c2551b47d89ffeea5307cc4a1a98309e75f93f9540e190aea8930,https://data.chain.link/streams/btc-usd-twap-60s-streams,,
doge-updown-15m-1786216500,DOGE,"Dogecoin Up or Down - August 8, 3:15PM-3:30PM ET",2026-08-08T19:30:00Z,2026-08-08T19:15:00Z,0.07091975949397555,Down,"[""0"", ""1""]",0.07,435.17367,1.960783,-0.4995,0.001,resolved,0x3fd2aa4a125817a8cf4265487634b0f6642f9aab60ff9e3a66dd00795aa5f6e4,https://data.chain.link/streams/doge-usd-twap-60s-streams,,
eth-updown-15m-1786216500,ETH,"Ethereum Up or Down - August 8, 3:15PM-3:30PM ET",2026-08-08T19:30:00Z,2026-08-08T19:15:00Z,1919.8602258130409,Down,"[""0"", ""1""]",0.07,5121.588209,,-0.5045,0.001,resolved,0xdcb1d76fd96d50f8a9ee80031806dc970c271162ae7fb22ccf7c64d794e19b4e,https://data.chain.link/streams/eth-usd-twap-60s-streams,,
hype-updown-15m-1786216500,HYPE,"Hyperliquid Up or Down - August 8, 3:15PM-3:30PM ET",2026-08-08T19:30:00Z,2026-08-08T19:15:00Z,54.78310446064941,Up,"[""1"", ""0""]",0.999,190.372075,,0.4995,0.001,resolved,0x78c87e595fc3a703ce423f5da107b6af22a0545c8cf3fe976bd4555397f9aafb,https://data.chain.link/streams/hype-usd-twap-60s-streams,,
sol-updown-15m-1786216500,SOL,"Solana Up or Down - August 8, 3:15PM-3:30PM ET",2026-08-08T19:30:00Z,2026-08-08T19:15:00Z,76.033108963746,Down,"[""0"", ""1""]",0.03,2166.9951119999996,,-0.5045,0.001,resolved,0x9fd2f167605422c6af10e921b18a2bf8df5a73afff844faf9353bfdde87ce07b,https://data.chain.link/streams/sol-usd-twap-60s-streams,,
xrp-updown-15m-1786216500,XRP,"XRP Up or Down - August 8, 3:15PM-3:30PM ET",2026-08-08T19:30:00Z,2026-08-08T19:15:00Z,1.0411195744665815,Down,"[""0"", ""1""]",0.12,764.419216,,-0.5045,0.001,resolved,0x5e57131abb2c4607d6aba32850d2350ce327867d9ec21b1539293079bc9356a9,https://data.chain.link/streams/xrp-usd-twap-60s-streams,,
zec-updown-15m-1786216500,ZEC,"ZCash Up or Down - August 8, 3:15PM-3:30PM ET",2026-08-08T19:30:00Z,2026-08-08T19:15:00Z,506.53929150828964,Up,"[""1"", ""0""]",0.98,25,,0.4945,0.009,resolved,0xe34667b6f346df349c3a4d9a5061293e9c8396bf159f9b4383376d9e56e1840a,https://data.chain.link/streams/zec-usd-twap-60s-streams,,
bnb-updown-15m-1786217400,BNB,"BNB Up or Down - August 8, 3:30PM-3:45PM ET",2026-08-08T19:45:00Z,2026-08-08T19:30:00Z,602.8955695233032,Down,"[""0"", ""1""]",0.07,,,-0.5,0.01,resolved,0x3020bb9df82f7ed3fb3a6308cd272d78d15c304d60a557e4adde995ca995ad56,https://data.chain.link/streams/bnb-usd-twap-60s-streams,,
btc-updown-15m-1786217400,BTC,"Bitcoin Up or Down - August 8, 3:30PM-3:45PM ET",2026-08-08T19:45:00Z,2026-08-08T19:30:00Z,64974.235421408084,Up,"[""1"", ""0""]",0.999,27085.220310000004,1.960783,0.4945,0.001,resolved,0x0571981f9d7ad27a5c626747dac3b65ae8f3d019c44b67a1a82ad6c8076206e8,https://data.chain.link/streams/btc-usd-twap-60s-streams,,
doge-updown-15m-1786217400,DOGE,"Dogecoin Up or Down - August 8, 3:30PM-3:45PM ET",2026-08-08T19:45:00Z,2026-08-08T19:30:00Z,0.07087206229380813,Up,"[""1"", ""0""]",0.99,,,0.4995,0.001,resolved,0x1258b632505432138552ee5f33ccaf8e7379f18f0b457c56604336f04c7a6dae,https://data.chain.link/streams/doge-usd-twap-60s-streams,,
eth-updown-15m-1786217400,ETH,"Ethereum Up or Down - August 8, 3:30PM-3:45PM ET",2026-08-08T19:45:00Z,2026-08-08T19:30:00Z,1919.0604154573796,Up,"[""1"", ""0""]",0.99,9568.640528000004,1.960783,0.49,0.01,resolved,0xa6972863a8bf085d63d99896730040a82561dae746d3c08a7c7bb5bc66b14f4e,https://data.chain.link/streams/eth-usd-twap-60s-streams,,
hype-updown-15m-1786217400,HYPE,"Hyperliquid Up or Down - August 8, 3:30PM-3:45PM ET",2026-08-08T19:45:00Z,2026-08-08T19:30:00Z,54.85855032437768,Up,"[""1"", ""0""]",0.999,,,0.4995,0.001,resolved,0xb68eb5178fdaa4eb948820ed7688f15bd6852bea563ccf9d8123254d8b6b5928,https://data.chain.link/streams/hype-usd-twap-60s-streams,,
sol-updown-15m-1786217400,SOL,"Solana Up or Down - August 8, 3:30PM-3:45PM ET",2026-08-08T19:45:00Z,2026-08-08T19:30:00Z,75.95791388232561,Up,"[""1"", ""0""]",0.99,1648.3090280000004,1.960783,0.4945,0.001,resolved,0x5e1640e7180131bd489176e11c18000cdb40d41433aefad4932601298743e9ec,https://data.chain.link/streams/sol-usd-twap-60s-streams,,
xrp-updown-15m-1786217400,XRP,"XRP Up or Down - August 8, 3:30PM-3:45PM ET",2026-08-08T19:45:00Z,2026-08-08T19:30:00Z,1.0402462051588945,Up,"[""1"", ""0""]",0.999,1431.838844,,0.4945,0.001,resolved,0x2417f6afc805404a10cdb1bfb7d004e7d130ef7eab1ecff386df1310b75a8c90,https://data.chain.link/streams/xrp-usd-twap-60s-streams,,
zec-updown-15m-1786217400,ZEC,"ZCash Up or Down - August 8, 3:30PM-3:45PM ET",2026-08-08T19:45:00Z,2026-08-08T19:30:00Z,509.2448816457968,Up,"[""1"", ""0""]",0.98,,,0.495,0.01,resolved,0x6649eb555665454ea98a3a914fa345b98c80d184c4723173ba1ac0f4e601dac0,https://data.chain.link/streams/zec-usd-twap-60s-streams,,
bnb-updown-15m-1786218300,BNB,"BNB Up or Down - August 8, 3:45PM-4:00PM ET",2026-08-08T20:00:00Z,2026-08-08T19:45:00Z,602.7149419818937,Up,"[""1"", ""0""]",0.999,383.07256600000005,150.286363,0.4945,0.001,resolved,0x4c20d3482a30c4044f5a4af5c6fc8ce8806546659ebe14f5a4d2709f15f552af,https://data.chain.link/streams/bnb-usd-twap-60s-streams,,
btc-updown-15m-1786218300,BTC,"Bitcoin Up or Down - August 8, 3:45PM-4:00PM ET",2026-08-08T20:00:00Z,2026-08-08T19:45:00Z,64995.45040776652,Up,"[""1"", ""0""]",0.999,25761.421512999998,15739.589009,0.4995,0.001,resolved,0xee62ee4e8880cfa412be4cb91cf3500e12a9fbb88d7e3cab0cd2aadd40412f5f,https://data.chain.link/streams/btc-usd-twap-60s-streams,,
doge-updown-15m-1786218300,DOGE,"Dogecoin Up or Down - August 8, 3:45PM-4:00PM ET",2026-08-08T20:00:00Z,2026-08-08T19:45:00Z,0.07095354774255572,Down,"[""0"", ""1""]",0.13,519.997006,225.18485,-0.4995,0.001,resolved,0x724ba992c03ea7df7ad003549bd5b874965d16d669645965c82413e618effcb5,https://data.chain.link/streams/doge-usd-twap-60s-streams,,
eth-updown-15m-1786218300,ETH,"Ethereum Up or Down - August 8, 3:45PM-4:00PM ET",2026-08-08T20:00:00Z,2026-08-08T19:45:00Z,1919.0639722751307,Up,"[""1"", ""0""]",0.999,7585.912099999999,4365.626944,0.4945,0.001,resolved,0xb143c5015f2b158ab083a52060f8d88938e1264acbb2f113eaea839b61702295,https://data.chain.link/streams/eth-usd-twap-60s-streams,,
hype-updown-15m-1786218300,HYPE,"Hyperliquid Up or Down - August 8, 3:45PM-4:00PM ET",2026-08-08T20:00:00Z,2026-08-08T19:45:00Z,54.91268756723383,Up,"[""1"", ""0""]",0.999,206.11100000000002,154.96,0.4995,0.001,resolved,0x67020166fdfee9bb6931e31f3c0bcc4c53b0114c14c693522d3ef0af2cab8fef,https://data.chain.link/streams/hype-usd-twap-60s-streams,,
sol-updown-15m-1786218300,SOL,"Solana Up or Down - August 8, 3:45PM-4:00PM ET",2026-08-08T20:00:00Z,2026-08-08T19:45:00Z,76.02332910710304,Up,"[""1"", ""0""]",0.999,2634.4383060000005,1546.222975,0.4945,0.001,resolved,0xdc2a570aec2e9cd2fe8aabad3766f26fc4eb3656ad90f509f6c5f19a1483204e,https://data.chain.link/streams/sol-usd-twap-60s-streams,,
xrp-updown-15m-1786218300,XRP,"XRP Up or Down - August 8, 3:45PM-4:00PM ET",2026-08-08T20:00:00Z,2026-08-08T19:45:00Z,1.0414774839453502,Up,"[""1"", ""0""]",0.999,1080.81035,916.40164,0.4945,0.001,resolved,0xca1db4eba47b7495cbe0c91e5357886c0776500a94921aaee7ba60aea0a5c31e,https://data.chain.link/streams/xrp-usd-twap-60s-streams,,
zec-updown-15m-1786218300,ZEC,"ZCash Up or Down - August 8, 3:45PM-4:00PM ET",2026-08-08T20:00:00Z,2026-08-08T19:45:00Z,509.4292308913157,Up,"[""1"", ""0""]",0.98,25,,0.495,0.01,resolved,0xb96e561faf2008e36908d41b47a1c3e8292ccb27740ca98401185f13c1a5d7f2,https://data.chain.link/streams/zec-usd-twap-60s-streams,,
bnb-updown-15m-1786219200,BNB,"BNB Up or Down - August 8, 4:00PM-4:15PM ET",2026-08-08T20:15:00Z,2026-08-08T20:00:00Z,602.8455257195142,Down,"[""0"", ""1""]",0.03,466.802607,,-0.5045,0.001,resolved,0x6e66e55cac1545991c75a55f0dcc5a2d463ee8e29fba2f8bfa062a5d8b6c7454,https://data.chain.link/streams/bnb-usd-twap-60s-streams,,
btc-updown-15m-1786219200,BTC,"Bitcoin Up or Down - August 8, 4:00PM-4:15PM ET",2026-08-08T20:15:00Z,2026-08-08T20:00:00Z,65027.384152703125,Up,"[""1"", ""0""]",0.99,28741.392454999997,348,0.49,0.01,resolved,0x96a63dd2c2bf76834df749cd61eebf15670ecf2794a0f36a630cb278ad06f709,https://data.chain.link/streams/btc-usd-twap-60s-streams,,
doge-updown-15m-1786219200,DOGE,"Dogecoin Up or Down - August 8, 4:00PM-4:15PM ET",2026-08-08T20:15:00Z,2026-08-08T20:00:00Z,0.07093057934281458,Up,"[""1"", ""0""]",0.99,109.626541,,0.4995,0.001,resolved,0xfc9ee97146ab3bc3efddb48bc45723362b5c906f124d62c5c33ba33bb274bdb8,https://data.chain.link/streams/doge-usd-twap-60s-streams,,
eth-updown-15m-1786219200,ETH,"Ethereum Up or Down - August 8, 4:00PM-4:15PM ET",2026-08-08T20:15:00Z,2026-08-08T20:00:00Z,1919.1181020574516,Down,"[""0"", ""1""]",0.01,2690.429117,,-0.5,0.01,resolved,0xebd2d14b0f0daca0d9f9d2ea1c2366b6038accb55a4c22d1dc46f458a20ff34b,https://data.chain.link/streams/eth-usd-twap-60s-streams,,
hype-updown-15m-1786219200,HYPE,"Hyperliquid Up or Down - August 8, 4:00PM-4:15PM ET",2026-08-08T20:15:00Z,2026-08-08T20:00:00Z,54.96086222565711,Up,"[""1"", ""0""]",0.999,441.162401,,0.4995,0.001,resolved,0x95e9235a16773f57ff0b562338d6f4f4e53491526a8095dd9c68cb15fa317e97,https://data.chain.link/streams/hype-usd-twap-60s-streams,,
sol-updown-15m-1786219200,SOL,"Solana Up or Down - August 8, 4:00PM-4:15PM ET",2026-08-08T20:15:00Z,2026-08-08T20:00:00Z,76.11001955470137,Up,"[""1"", ""0""]",0.999,1405.6093419999995,2,0.4945,0.001,resolved,0x1344bc14d87d1eb23f285d18bd20edfab4dc579cd0175dfaf4588a8564a00154,https://data.chain.link/streams/sol-usd-twap-60s-streams,,
xrp-updown-15m-1786219200,XRP,"XRP Up or Down - August 8, 4:00PM-4:15PM ET",2026-08-08T20:15:00Z,2026-08-08T20:00:00Z,1.04171110647396,Up,"[""1"", ""0""]",0.999,1202.7023820000002,,0.4945,0.001,resolved,0x562083f8d2f7b08f4d0a86fc9608acbcde3f71806db1198ee05b0bd1b2d5ab15,https://data.chain.link/streams/xrp-usd-twap-60s-streams,,
zec-updown-15m-1786219200,ZEC,"ZCash Up or Down - August 8, 4:00PM-4:15PM ET",2026-08-08T20:15:00Z,2026-08-08T20:00:00Z,509.87936794007845,Up,"[""1"", ""0""]",0.98,25,,0.5,0.01,resolved,0xc40d031b2c576ad0654434fe97bf4ed53422a929d8137301bc80e56263001234,https://data.chain.link/streams/zec-usd-twap-60s-streams,,
bnb-updown-15m-1786220100,BNB,"BNB Up or Down - August 8, 4:15PM-4:30PM ET",2026-08-08T20:30:00Z,2026-08-08T20:15:00Z,602.6538306324279,Down,"[""0"", ""1""]",0.04,368.489145,3.921566,-0.5045,0.001,resolved,0xd766cf9f0c820c32f43c9ce20d06d20ce89b4a3f43038f0e54c020458dd04708,https://data.chain.link/streams/bnb-usd-twap-60s-streams,,
btc-updown-15m-1786220100,BTC,"Bitcoin Up or Down - August 8, 4:15PM-4:30PM ET",2026-08-08T20:30:00Z,2026-08-08T20:15:00Z,65030.238692146646,Down,"[""0"", ""1""]",0.01,15020.148682999996,,-0.5045,0.001,resolved,0xde135d2c825d21c515afb95e1300055e7b7c5d4bc83d1923962337ff4204ad72,https://data.chain.link/streams/btc-usd-twap-60s-streams,,
doge-updown-15m-1786220100,DOGE,"Dogecoin Up or Down - August 8, 4:15PM-4:30PM ET",2026-08-08T20:30:00Z,2026-08-08T20:15:00Z,0.07100060648622707,Down,"[""0"", ""1""]",0.24,309.250823,,-0.495,0.01,resolved,0xbfc53b360549587b12e8ecb3886a74f9102712499b62a9a50c90669046bd5936,https://data.chain.link/streams/doge-usd-twap-60s-streams,,
eth-updown-15m-1786220100,ETH,"Ethereum Up or Down - August 8, 4:15PM-4:30PM ET",2026-08-08T20:30:00Z,2026-08-08T20:15:00Z,1918.9098556633858,Down,"[""0"", ""1""]",0.06,2757.393786,2.000391,-0.4945,0.001,resolved,0x4e4c07e0347de88f2633558ae455e25394ecdf137a6f1a636dc727e24b6bbb33,https://data.chain.link/streams/eth-usd-twap-60s-streams,,
hype-updown-15m-1786220100,HYPE,"Hyperliquid Up or Down - August 8, 4:15PM-4:30PM ET",2026-08-08T20:30:00Z,2026-08-08T20:15:00Z,55.08369885868072,Up,"[""1"", ""0""]",0.98,237.248473,,0.495,0.01,resolved,0x95e53cb5def431d14ac95ef9df396a5e7e8cc0a33b116d9d8fd19d59b8230fa5,https://data.chain.link/streams/hype-usd-twap-60s-streams,,
sol-updown-15m-1786220100,SOL,"Solana Up or Down - August 8, 4:15PM-4:30PM ET",2026-08-08T20:30:00Z,2026-08-08T20:15:00Z,76.18898422244773,Down,"[""0"", ""1""]",0.05,715.8306829999999,,-0.5045,0.001,resolved,0x356ff81e00ca31a669ae94b1c150f57d0c5ff08dc4cdb4043453edef190a74ba,https://data.chain.link/streams/sol-usd-twap-60s-streams,,
xrp-updown-15m-1786220100,XRP,"XRP Up or Down - August 8, 4:15PM-4:30PM ET",2026-08-08T20:30:00Z,2026-08-08T20:15:00Z,1.0423420825283654,Down,"[""0"", ""1""]",0.48,946.1456639999999,,-0.5045,0.001,resolved,0x12d49883048979a87163cc18f922fe104edd4f372cfe11858f7e57b3cc428fe2,https://data.chain.link/streams/xrp-usd-twap-60s-streams,,
zec-updown-15m-1786220100,ZEC,"ZCash Up or Down - August 8, 4:15PM-4:30PM ET",2026-08-08T20:30:00Z,2026-08-08T20:15:00Z,510.0676027383871,Down,"[""0"", ""1""]",,,,-0.495,0.01,resolved,0xf925c58f735c3868df0bba78482516ad0bd98bcb7ae2d565ac49fcc3cdb14dc3,https://data.chain.link/streams/zec-usd-twap-60s-streams,,
bnb-updown-15m-1786221000,BNB,"BNB Up or Down - August 8, 4:30PM-4:45PM ET",2026-08-08T20:45:00Z,2026-08-08T20:30:00Z,601.8182592849708,Up,"[""1"", ""0""]",0.999,1087.380003,3.960783,0.4945,0.001,resolved,0xa8a3368e9e721924aa5376deb5a527bab683b9b3726f77cd7387e1b367175830,https://data.chain.link/streams/bnb-usd-twap-60s-streams,,
btc-updown-15m-1786221000,BTC,"Bitcoin Up or Down - August 8, 4:30PM-4:45PM ET",2026-08-08T20:45:00Z,2026-08-08T20:30:00Z,65015.25748979361,Up,"[""1"", ""0""]",0.99,16890.836851000007,1.960783,0.49,0.01,resolved,0x758f0e280612c4f3f2168040f3dc4eaf5ae2cfe8a444395f0733315b88d7f126,https://data.chain.link/streams/btc-usd-twap-60s-streams,,
doge-updown-15m-1786221000,DOGE,"Dogecoin Up or Down - August 8, 4:30PM-4:45PM ET",2026-08-08T20:45:00Z,2026-08-08T20:30:00Z,0.07098506175177322,Down,"[""0"", ""1""]",0.61,167.39777999999998,,-0.495,0.01,resolved,0x75a40270270873fdc026438c777291172e9e9f57955f63a11a7e3eb01f06cdf8,https://data.chain.link/streams/doge-usd-twap-60s-streams,,
eth-updown-15m-1786221000,ETH,"Ethereum Up or Down - August 8, 4:30PM-4:45PM ET",2026-08-08T20:45:00Z,2026-08-08T20:30:00Z,1918.5723741110676,Up,"[""1"", ""0""]",0.999,3268.295819,1.960783,0.4945,0.001,resolved,0x3335d0c4f07a05fb8a67f4bf83d382c3a93e849d7c66a0ff4c72cce6c4cf1405,https://data.chain.link/streams/eth-usd-twap-60s-streams,,
hype-updown-15m-1786221000,HYPE,"Hyperliquid Up or Down - August 8, 4:30PM-4:45PM ET",2026-08-08T20:45:00Z,2026-08-08T20:30:00Z,55.11806472613134,Up,"[""1"", ""0""]",0.999,327.40957000000003,,0.4995,0.001,resolved,0x524f7e9f72c404b75924094495d9916602d4c287c901fb0f708ffbe23f578f78,https://data.chain.link/streams/hype-usd-twap-60s-streams,,
sol-updown-15m-1786221000,SOL,"Solana Up or Down - August 8, 4:30PM-4:45PM ET",2026-08-08T20:45:00Z,2026-08-08T20:30:00Z,76.10051081972388,Up,"[""1"", ""0""]",0.999,1151.46324,,0.4945,0.001,resolved,0x2c22880b930671d149c8f3964c860268ee808e62bbd2b4278435fe8542f88146,https://data.chain.link/streams/sol-usd-twap-60s-streams,,
xrp-updown-15m-1786221000,XRP,"XRP Up or Down - August 8, 4:30PM-4:45PM ET",2026-08-08T20:45:00Z,2026-08-08T20:30:00Z,1.0418790353634424,Down,"[""0"", ""1""]",0.49,1205.755662,,-0.5,0.01,resolved,0x51614bbc45d714ac5f68a891c9b457fca906c50a91e5ce116cc54000eaf19c09,https://data.chain.link/streams/xrp-usd-twap-60s-streams,,
zec-updown-15m-1786221000,ZEC,"ZCash Up or Down - August 8, 4:30PM-4:45PM ET",2026-08-08T20:45:00Z,2026-08-08T20:30:00Z,509.99801499960927,Up,"[""1"", ""0""]",0.98,25,,0.495,0.01,resolved,0xffe084bb060c2a8ba7242ade4a6aeaea95869b72ab858069e32719c99a3cec12,https://data.chain.link/streams/zec-usd-twap-60s-streams,,
bnb-updown-15m-1786221900,BNB,"BNB Up or Down - August 8, 4:45PM-5:00PM ET",2026-08-08T21:00:00Z,2026-08-08T20:45:00Z,601.9823369492813,Down,"[""0"", ""1""]",0.05,254.89165000000003,191.385754,-0.5045,0.001,resolved,0x67c940581dde0b696819d6a5845066676314cc51db67992fe4b149263725bd75,https://data.chain.link/streams/bnb-usd-twap-60s-streams,,
btc-updown-15m-1786221900,BTC,"Bitcoin Up or Down - August 8, 4:45PM-5:00PM ET",2026-08-08T21:00:00Z,2026-08-08T20:45:00Z,65024.36960596454,Up,"[""1"", ""0""]",0.999,34065.536383,22719.344132,0.4945,0.001,resolved,0x22a5b4790f8b45ce5b492ef1a28be6a66323dbe0d30b51accd9ce9ca64417370,https://data.chain.link/streams/btc-usd-twap-60s-streams,,
doge-updown-15m-1786221900,DOGE,"Dogecoin Up or Down - August 8, 4:45PM-5:00PM ET",2026-08-08T21:00:00Z,2026-08-08T20:45:00Z,0.07097066262265841,Down,"[""0"", ""1""]",0.22,379.72364400000004,289.368195,-0.4995,0.001,resolved,0x01666471a43555d43a1e1a84fd66939d0dc8b4d398ee81bee832bab00e833afd,https://data.chain.link/streams/doge-usd-twap-60s-streams,,
eth-updown-15m-1786221900,ETH,"Ethereum Up or Down - August 8, 4:45PM-5:00PM ET",2026-08-08T21:00:00Z,2026-08-08T20:45:00Z,1919.5685101669344,Down,"[""0"", ""1""]",0.02,3514.809739000001,3712.102359,-0.5045,0.001,resolved,0x764ff48db72176a1dd2a31231f8f8a9efb388bc8ecee3c801d8fa5ecf85abba5,https://data.chain.link/streams/eth-usd-twap-60s-streams,,
hype-updown-15m-1786221900,HYPE,"Hyperliquid Up or Down - August 8, 4:45PM-5:00PM ET",2026-08-08T21:00:00Z,2026-08-08T20:45:00Z,55.185873995659534,Down,"[""0"", ""1""]",0.54,196.488862,137.173912,-0.4995,0.001,resolved,0xfcd5b0d8f54190c6cff87f8ed26dd92046a26086bebe3c5f7e6e6fc2ef3a9f96,https://data.chain.link/streams/hype-usd-twap-60s-streams,,
sol-updown-15m-1786221900,SOL,"Solana Up or Down - August 8, 4:45PM-5:00PM ET",2026-08-08T21:00:00Z,2026-08-08T20:45:00Z,76.19825461895324,Down,"[""0"", ""1""]",0.01,1320.2214569999999,954.742562,-0.5,0.01,resolved,0x9c17a3667a2c8955a22bdbee731d4dd5c799c1d950bf45210a35daa4621a870d,https://data.chain.link/streams/sol-usd-twap-60s-streams,,
xrp-updown-15m-1786221900,XRP,"XRP Up or Down - August 8, 4:45PM-5:00PM ET",2026-08-08T21:00:00Z,2026-08-08T20:45:00Z,1.0418058795765857,Down,"[""0"", ""1""]",0.07,1128.222978,1109.124448,-0.5,0.01,resolved,0xca80230985fc22764eca1f12f36c481066e066a48d3a9b47159004eba6946ecd,https://data.chain.link/streams/xrp-usd-twap-60s-streams,,
zec-updown-15m-1786221900,ZEC,"ZCash Up or Down - August 8, 4:45PM-5:00PM ET",2026-08-08T21:00:00Z,2026-08-08T20:45:00Z,511.1422134300103,Down,"[""0"", ""1""]",,25,,-0.4945,0.009,resolved,0x0be703b3b6777a6c70a61c249194908e38e168632b4502cd25a017a33403c63f,https://data.chain.link/streams/zec-usd-twap-60s-streams,,
bnb-updown-15m-1786222800,BNB,"BNB Up or Down - August 8, 5:00PM-5:15PM ET",2026-08-08T21:15:00Z,2026-08-08T21:00:00Z,601.79487316814,Down,"[""0"", ""1""]",0.2,,,-0.5,0.01,resolved,0x6c211f8722a3d16343235af20f32a2a45684ef3cceceb3abb4c96b4f3ae3ec74,https://data.chain.link/streams/bnb-usd-twap-60s-streams,,
btc-updown-15m-1786222800,BTC,"Bitcoin Up or Down - August 8, 5:00PM-5:15PM ET",2026-08-08T21:15:00Z,2026-08-08T21:00:00Z,65030.93374791548,Down,"[""0"", ""1""]",0.01,21214.77475599999,548.566849,-0.5045,0.001,resolved,0x2c12906042e2c89da619fddd365c42f556027a5833102f0de5b82248d6e79497,https://data.chain.link/streams/btc-usd-twap-60s-streams,,
doge-updown-15m-1786222800,DOGE,"Dogecoin Up or Down - August 8, 5:00PM-5:15PM ET",2026-08-08T21:15:00Z,2026-08-08T21:00:00Z,0.0709633261250888,Down,"[""0"", ""1""]",0.17,,,-0.4995,0.001,resolved,0x4fa65f228d0553de9592cd8ce8e4f65e873103eba051f6d859aa4ac0601dd8e9,https://data.chain.link/streams/doge-usd-twap-60s-streams,,
eth-updown-15m-1786222800,ETH,"Ethereum Up or Down - August 8, 5:00PM-5:15PM ET",2026-08-08T21:15:00Z,2026-08-08T21:00:00Z,1918.798265370417,Up,"[""1"", ""0""]",0.999,4465.092902,,0.4945,0.001,resolved,0x5da7dbc36b758ee709150e076c0345efd18a96f129757f69b3f561e36bce20c8,https://data.chain.link/streams/eth-usd-twap-60s-streams,,
hype-updown-15m-1786222800,HYPE,"Hyperliquid Up or Down - August 8, 5:00PM-5:15PM ET",2026-08-08T21:15:00Z,2026-08-08T21:00:00Z,55.149837582100254,Down,"[""0"", ""1""]",0.3,185.714768,,-0.4995,0.001,resolved,0xd5dd676dc691593cc80220e841f87283b9a97ae4cf0496f1f990b7b655cc358b,https://data.chain.link/streams/hype-usd-twap-60s-streams,,
sol-updown-15m-1786222800,SOL,"Solana Up or Down - August 8, 5:00PM-5:15PM ET",2026-08-08T21:15:00Z,2026-08-08T21:00:00Z,76.19263122487406,Up,"[""1"", ""0""]",0.999,,,0.4945,0.001,resolved,0x9f6b3e68248a874c36f25dd6474909ae7956a334ff938701df8b74cb5f4cf778,https://data.chain.link/streams/sol-usd-twap-60s-streams,,
xrp-updown-15m-1786222800,XRP,"XRP Up or Down - August 8, 5:00PM-5:15PM ET",2026-08-08T21:15:00Z,2026-08-08T21:00:00Z,1.0417196289149786,Up,"[""1"", ""0""]",0.999,,,0.4945,0.001,resolved,0x099ccfa40279b8e39c4c03b0a530a1fb0ac5c16de980b56555eafba313aa326b,https://data.chain.link/streams/xrp-usd-twap-60s-streams,,
zec-updown-15m-1786222800,ZEC,"ZCash Up or Down - August 8, 5:00PM-5:15PM ET",2026-08-08T21:15:00Z,2026-08-08T21:00:00Z,509.88076336209684,Up,"[""1"", ""0""]",0.98,,,0.495,0.01,resolved,0x78e9942da932cb66f1bbcf0ac08a92bc491e8d56be13c7a6114ad8f04755f90a,https://data.chain.link/streams/zec-usd-twap-60s-streams,,
bnb-updown-15m-1786223700,BNB,"BNB Up or Down - August 8, 5:15PM-5:30PM ET",2026-08-08T21:30:00Z,2026-08-08T21:15:00Z,601.6588682953932,Up,"[""1"", ""0""]",0.999,274.4695,,0.4945,0.001,resolved,0x31f30a0397617ae7640a895a6c1429f35b95f42120ada3cd0f49b97a9ff8d2d0,https://data.chain.link/streams/bnb-usd-twap-60s-streams,,
btc-updown-15m-1786223700,BTC,"Bitcoin Up or Down - August 8, 5:15PM-5:30PM ET",2026-08-08T21:30:00Z,2026-08-08T21:15:00Z,64998.7748265559,Down,"[""0"", ""1""]",0.01,23998.067357000007,,-0.5045,0.001,resolved,0x04dbb9d2029080f4a22ec04a7971bec563486cf3ed16397202b333496d8f1890,https://data.chain.link/streams/btc-usd-twap-60s-streams,,
doge-updown-15m-1786223700,DOGE,"Dogecoin Up or Down - August 8, 5:15PM-5:30PM ET",2026-08-08T21:30:00Z,2026-08-08T21:15:00Z,0.0709203309463347,Up,"[""1"", ""0""]",0.999,181.859276,,0.4995,0.001,resolved,0xb61c551971d412189b5606dbe67a0301f12e50be8711820b7a6063a2f7de7fad,https://data.chain.link/streams/doge-usd-twap-60s-streams,,
eth-updown-15m-1786223700,ETH,"Ethereum Up or Down - August 8, 5:15PM-5:30PM ET",2026-08-08T21:30:00Z,2026-08-08T21:15:00Z,1919.0585543777152,Up,"[""1"", ""0""]",0.999,2127.0036860000005,,0.4945,0.001,resolved,0x348f031f724376a90f3d1ee7f3317c3cf882d9b4bfbb114ac2a10f4e5f0ea514,https://data.chain.link/streams/eth-usd-twap-60s-streams,,
hype-updown-15m-1786223700,HYPE,"Hyperliquid Up or Down - August 8, 5:15PM-5:30PM ET",2026-08-08T21:30:00Z,2026-08-08T21:15:00Z,55.06190146539058,Up,"[""1"", ""0""]",0.99,28.897190000000002,,0.495,0.01,resolved,0x62b145e967c1a0fbf4c9dd166ac208bdd41c52e9d5f71a47ef42ef92d53cdc86,https://data.chain.link/streams/hype-usd-twap-60s-streams,,
sol-updown-15m-1786223700,SOL,"Solana Up or Down - August 8, 5:15PM-5:30PM ET",2026-08-08T21:30:00Z,2026-08-08T21:15:00Z,76.22222207672965,Up,"[""1"", ""0""]",0.99,840.379519,,0.4945,0.001,resolved,0xc0c0af0d3c9fef9c77becfe3a08fef52b3ef678599629606ad2011e4a0364927,https://data.chain.link/streams/sol-usd-twap-60s-streams,,
xrp-updown-15m-1786223700,XRP,"XRP Up or Down - August 8, 5:15PM-5:30PM ET",2026-08-08T21:30:00Z,2026-08-08T21:15:00Z,1.0417350093744724,Up,"[""1"", ""0""]",0.999,686.9824980000001,,0.4945,0.001,resolved,0xc33253f21af04d976d554717ab1998ea95bd82d88b72409eac64f1bb269b8083,https://data.chain.link/streams/xrp-usd-twap-60s-streams,,
zec-updown-15m-1786223700,ZEC,"ZCash Up or Down - August 8, 5:15PM-5:30PM ET",2026-08-08T21:30:00Z,2026-08-08T21:15:00Z,510.0560396627178,Down,"[""0"", ""1""]",,25,,-0.4945,0.009,resolved,0x38dc8b9c1efe0e10eb00324532fdc3f89f0abd7fa791f5614cb5bdd571024e2f,https://data.chain.link/streams/zec-usd-twap-60s-streams,,
bnb-updown-15m-1786224600,BNB,"BNB Up or Down - August 8, 5:30PM-5:45PM ET",2026-08-08T21:45:00Z,2026-08-08T21:30:00Z,602.3216840914928,Down,"[""0"", ""1""]",0.03,151.29000000000002,,-0.4995,0.001,resolved,0x15e192b38d42984a8474501e83d9c2273bc8ebea9b39e3dc27fabef0f6b93f97,https://data.chain.link/streams/bnb-usd-twap-60s-streams,,
btc-updown-15m-1786224600,BTC,"Bitcoin Up or Down - August 8, 5:30PM-5:45PM ET",2026-08-08T21:45:00Z,2026-08-08T21:30:00Z,64988.01433733105,Up,"[""1"", ""0""]",0.99,29588.61499300001,,0.49,0.01,resolved,0xfe46925b6582081f3316f4913a933a81f0b93707577ff424dc0dfea405c67f50,https://data.chain.link/streams/btc-usd-twap-60s-streams,,
doge-updown-15m-1786224600,DOGE,"Dogecoin Up or Down - August 8, 5:30PM-5:45PM ET",2026-08-08T21:45:00Z,2026-08-08T21:30:00Z,0.07101301881054281,Down,"[""0"", ""1""]",0.02,289.42,,-0.4995,0.001,resolved,0xf09316225bcde16de6ff1fa215cc075e56974c3f9ce7f4ca675c85caf747f4bf,https://data.chain.link/streams/doge-usd-twap-60s-streams,,
eth-updown-15m-1786224600,ETH,"Ethereum Up or Down - August 8, 5:30PM-5:45PM ET",2026-08-08T21:45:00Z,2026-08-08T21:30:00Z,1919.7164996177332,Up,"[""1"", ""0""]",0.99,6436.873765,,0.4995,0.001,resolved,0x91b58e2975bc5682bc892ed32feb3427ab13cb7c419e97734d826c0ab14dfd91,https://data.chain.link/streams/eth-usd-twap-60s-streams,,
hype-updown-15m-1786224600,HYPE,"Hyperliquid Up or Down - August 8, 5:30PM-5:45PM ET",2026-08-08T21:45:00Z,2026-08-08T21:30:00Z,55.09354181437854,Up,"[""1"", ""0""]",0.999,185.46329999999998,,0.4995,0.001,resolved,0x45c3a36830d0d1aafec1f9eab3704e4d87556ae69b649ee2be11fb9e1ce8ecf4,https://data.chain.link/streams/hype-usd-twap-60s-streams,,
sol-updown-15m-1786224600,SOL,"Solana Up or Down - August 8, 5:30PM-5:45PM ET",2026-08-08T21:45:00Z,2026-08-08T21:30:00Z,76.26591660907246,Down,"[""0"", ""1""]",0.1,716.48919,,-0.5045,0.001,resolved,0x89d0bc161eb410b342de1d3392b7bf3635b236d09d5b177cea2fec5e369f7039,https://data.chain.link/streams/sol-usd-twap-60s-streams,,
xrp-updown-15m-1786224600,XRP,"XRP Up or Down - August 8, 5:30PM-5:45PM ET",2026-08-08T21:45:00Z,2026-08-08T21:30:00Z,1.0427067256428988,Up,"[""1"", ""0""]",0.99,980.2305699999998,,0.49,0.01,resolved,0xb5a4e00d042a5b075965283718f708db0d4b089c7dc62b2eae32085caede5546,https://data.chain.link/streams/xrp-usd-twap-60s-streams,,
zec-updown-15m-1786224600,ZEC,"ZCash Up or Down - August 8, 5:30PM-5:45PM ET",2026-08-08T21:45:00Z,2026-08-08T21:30:00Z,508.0656356469759,Up,"[""1"", ""0""]",0.98,25,,0.495,0.01,resolved,0x540cd01488c669d34ef65fb9e4dfbd1932e360a4ef74f29e8ea1135d99fd5486,https://data.chain.link/streams/zec-usd-twap-60s-streams,,
bnb-updown-15m-1786225500,BNB,"BNB Up or Down - August 8, 5:45PM-6:00PM ET",2026-08-08T22:00:00Z,2026-08-08T21:45:00Z,601.9712879817752,Down,"[""0"", ""1""]",0.01,374.015877,216.198058,-0.4945,0.001,resolved,0xb3431ba93ee9621fb665632a7a2e0862d2742095aa9b7162e8e678f1a05af3cf,https://data.chain.link/streams/bnb-usd-twap-60s-streams,,
btc-updown-15m-1786225500,BTC,"Bitcoin Up or Down - August 8, 5:45PM-6:00PM ET",2026-08-08T22:00:00Z,2026-08-08T21:45:00Z,65003.579985160046,Down,"[""0"", ""1""]",0.001,18726.015711,14714.582087,-0.5045,0.001,resolved,0xc25984e8f6a4b33681630120868cd13088e607c4da8b39be9d8a9b443ede898f,https://data.chain.link/streams/btc-usd-twap-60s-streams,,
doge-updown-15m-1786225500,DOGE,"Dogecoin Up or Down - August 8, 5:45PM-6:00PM ET",2026-08-08T22:00:00Z,2026-08-08T21:45:00Z,0.07094775120270047,Down,"[""0"", ""1""]",0.09,366.865295,195.919699,-0.4995,0.001,resolved,0xf700d18489f308c80183649705de1afc7210780f96a270ea76b15c8c99127eca,https://data.chain.link/streams/doge-usd-twap-60s-streams,,
eth-updown-15m-1786225500,ETH,"Ethereum Up or Down - August 8, 5:45PM-6:00PM ET",2026-08-08T22:00:00Z,2026-08-08T21:45:00Z,1920.8782997957346,Down,"[""0"", ""1""]",0.002,4470.337594,4135.105054,-0.5045,0.001,resolved,0x610d74880e340703c61447501e986f7067c43837d70aa892d6475abed5f192b8,https://data.chain.link/streams/eth-usd-twap-60s-streams,,
hype-updown-15m-1786225500,HYPE,"Hyperliquid Up or Down - August 8, 5:45PM-6:00PM ET",2026-08-08T22:00:00Z,2026-08-08T21:45:00Z,55.1990295247361,Down,"[""0"", ""1""]",0.26,260.257112,182.920112,-0.4995,0.001,resolved,0xc224376ea7fd2ab928f72dfe4005eee8c2dd90298fb74d1637631233ac145880,https://data.chain.link/streams/hype-usd-twap-60s-streams,,
sol-updown-15m-1786225500,SOL,"Solana Up or Down - August 8, 5:45PM-6:00PM ET",2026-08-08T22:00:00Z,2026-08-08T21:45:00Z,76.17591971542213,Down,"[""0"", ""1""]",0.015,1512.3295540000004,834.606699,-0.5045,0.001,resolved,0x630447c4948963abd22ffcaf4e1e94b068283f7644f4cf0db0cc42822e2e4d4f,https://data.chain.link/streams/sol-usd-twap-60s-streams,,
xrp-updown-15m-1786225500,XRP,"XRP Up or Down - August 8, 5:45PM-6:00PM ET",2026-08-08T22:00:00Z,2026-08-08T21:45:00Z,1.0428480223692895,Down,"[""0"", ""1""]",0.01,637.566348,905.059122,-0.5045,0.001,resolved,0xbb197ac4a34618116ac43a3f6f16df32cf0ed0198fd9f746ab95e3c6d98da275,https://data.chain.link/streams/xrp-usd-twap-60s-streams,,
zec-updown-15m-1786225500,ZEC,"ZCash Up or Down - August 8, 5:45PM-6:00PM ET",2026-08-08T22:00:00Z,2026-08-08T21:45:00Z,509.60106665353754,Up,"[""1"", ""0""]",0.98,25,,0.495,0.01,resolved,0x8f94180a063095911be5a47cb5ad6f59c2a5ba7fd2dcda9246a10b7a19e0eae3,https://data.chain.link/streams/zec-usd-twap-60s-streams,,
bnb-updown-15m-1786226400,BNB,"BNB Up or Down - August 8, 6:00PM-6:15PM ET",2026-08-08T22:15:00Z,2026-08-08T22:00:00Z,601.251335560953,Down,"[""0"", ""1""]",0.042,826.16016,,-0.5045,0.001,resolved,0xc9e329204b08e1459d222e4ff76f45af4372e1d6e13666301a9beeb73422ef93,https://data.chain.link/streams/bnb-usd-twap-60s-streams,,
btc-updown-15m-1786226400,BTC,"Bitcoin Up or Down - August 8, 6:00PM-6:15PM ET",2026-08-08T22:15:00Z,2026-08-08T22:00:00Z,64961.82223708358,Down,"[""0"", ""1""]",0.01,29998.748293000004,103.901958,-0.5,0.01,resolved,0xc6bd26437b703077045dc158bce2a8d5b378cac71b992d9c45dc5a55b5f56df6,https://data.chain.link/streams/btc-usd-twap-60s-streams,,
doge-updown-15m-1786226400,DOGE,"Dogecoin Up or Down - August 8, 6:00PM-6:15PM ET",2026-08-08T22:15:00Z,2026-08-08T22:00:00Z,0.0709011354777356,Down,"[""0"", ""1""]",0.06,365.408029,,-0.4995,0.001,resolved,0x66129f2ee8f650cd7a2621e39600a67b35b954f0d1d4a9ab46b55b0ed19fddfb,https://data.chain.link/streams/doge-usd-twap-60s-streams,,
eth-updown-15m-1786226400,ETH,"Ethereum Up or Down - August 8, 6:00PM-6:15PM ET",2026-08-08T22:15:00Z,2026-08-08T22:00:00Z,1919.2700969994114,Down,"[""0"", ""1""]",0.001,5000.774944000001,41,-0.5045,0.001,resolved,0x1b5744af81636fa52530ddb67466d0e6bd5cfe501370c339e11e07115ba75fdc,https://data.chain.link/streams/eth-usd-twap-60s-streams,,
hype-updown-15m-1786226400,HYPE,"Hyperliquid Up or Down - August 8, 6:00PM-6:15PM ET",2026-08-08T22:15:00Z,2026-08-08T22:00:00Z,55.11288432323001,Down,"[""0"", ""1""]",,277.92992200000003,,-0.4995,0.001,resolved,0x7ab9b7f5fc05b87f0b7155301d5d2e31413ee52bfde219a07fab4db0d4436339,https://data.chain.link/streams/hype-usd-twap-60s-streams,,
sol-updown-15m-1786226400,SOL,"Solana Up or Down - August 8, 6:00PM-6:15PM ET",2026-08-08T22:15:00Z,2026-08-08T22:00:00Z,76.14697430094692,Down,"[""0"", ""1""]",0.07,1842.5687489999998,,-0.5,0.01,resolved,0x3b829e145e099aad8aea17d618bd026862823f08143188645cab26f26b1dbe25,https://data.chain.link/streams/sol-usd-twap-60s-streams,,
xrp-updown-15m-1786226400,XRP,"XRP Up or Down - August 8, 6:00PM-6:15PM ET",2026-08-08T22:15:00Z,2026-08-08T22:00:00Z,1.0422747552619946,Down,"[""0"", ""1""]",0.1,795.8637449999999,,-0.5045,0.001,resolved,0xdd27966642910b0491daa81e5d442e75d0449ef942af17b43049dc748c4be5ed,https://data.chain.link/streams/xrp-usd-twap-60s-streams,,
zec-updown-15m-1786226400,ZEC,"ZCash Up or Down - August 8, 6:00PM-6:15PM ET",2026-08-08T22:15:00Z,2026-08-08T22:00:00Z,510.2174051099097,Down,"[""0"", ""1""]",,25,,-0.495,0.01,resolved,0x4f68e9b8254cd186a95b48b62c7fadee5f36d6c955d5f58ba239b78368a7746b,https://data.chain.link/streams/zec-usd-twap-60s-streams,,
bnb-updown-15m-1786227300,BNB,"BNB Up or Down - August 8, 6:15PM-6:30PM ET",2026-08-08T22:30:00Z,2026-08-08T22:15:00Z,599.5619765209594,Up,"[""1"", ""0""]",0.99,550.2343329999999,,0.4945,0.001,resolved,0x6c29e60e0befbb0706f619ff1db0186fb784f7abbae79c26011b4184b4002f6d,https://data.chain.link/streams/bnb-usd-twap-60s-streams,,
btc-updown-15m-1786227300,BTC,"Bitcoin Up or Down - August 8, 6:15PM-6:30PM ET",2026-08-08T22:30:00Z,2026-08-08T22:15:00Z,64952.87749354009,Down,"[""0"", ""1""]",0.03,23035.140536,,-0.5045,0.001,resolved,0xbab5ebe1305358a42140646e8cbd54eb8eb521118a7a270e7c0577190c256690,https://data.chain.link/streams/btc-usd-twap-60s-streams,,
doge-updown-15m-1786227300,DOGE,"Dogecoin Up or Down - August 8, 6:15PM-6:30PM ET",2026-08-08T22:30:00Z,2026-08-08T22:15:00Z,0.07069799947371416,Down,"[""0"", ""1""]",0.01,438.314319,,-0.4995,0.001,resolved,0x86876e2e5d97d4a471f5c37704ce125951194194b61358dafdab4dceb86300f0,https://data.chain.link/streams/doge-usd-twap-60s-streams,,
eth-updown-15m-1786227300,ETH,"Ethereum Up or Down - August 8, 6:15PM-6:30PM ET",2026-08-08T22:30:00Z,2026-08-08T22:15:00Z,1918.0785369082314,Up,"[""1"", ""0""]",0.99,3811.6283320000002,,0.4945,0.001,resolved,0xfd8b64e676ba49aa718912846b840062e521313ec6c10ba6c95f9337d9ea5981,https://data.chain.link/streams/eth-usd-twap-60s-streams,,
hype-updown-15m-1786227300,HYPE,"Hyperliquid Up or Down - August 8, 6:15PM-6:30PM ET",2026-08-08T22:30:00Z,2026-08-08T22:15:00Z,55.029484383332054,Down,"[""0"", ""1""]",0.43,177.988295,,-0.4995,0.001,resolved,0x5d2b833042a5798140879524ef36ffc6198e3b0d85f5a53233d3fa88f1f41162,https://data.chain.link/streams/hype-usd-twap-60s-streams,,
sol-updown-15m-1786227300,SOL,"Solana Up or Down - August 8, 6:15PM-6:30PM ET",2026-08-08T22:30:00Z,2026-08-08T22:15:00Z,76.1279521219341,Up,"[""1"", ""0""]",0.99,937.146004,,0.4945,0.001,resolved,0x1c60c19997207d90e35c152a50afffdd0f4f06643efa80b40732239f28e77486,https://data.chain.link/streams/sol-usd-twap-60s-streams,,
xrp-updown-15m-1786227300,XRP,"XRP Up or Down - August 8, 6:15PM-6:30PM ET",2026-08-08T22:30:00Z,2026-08-08T22:15:00Z,1.0412261811367682,Down,"[""0"", ""1""]",0.14,474.334314,,-0.5045,0.001,resolved,0x3152e2f375015bc3822068ff5e8fd093231a124a776526d4b9aba68ae91ed825,https://data.chain.link/streams/xrp-usd-twap-60s-streams,,
zec-updown-15m-1786227300,ZEC,"ZCash Up or Down - August 8, 6:15PM-6:30PM ET",2026-08-08T22:30:00Z,2026-08-08T22:15:00Z,509.4662778800067,Down,"[""0"", ""1""]",,25,,-0.4945,0.009,resolved,0xd92fa206ee6170b27b131d2a02555e934d6663a2632f0c88065eece38e09f282,https://data.chain.link/streams/zec-usd-twap-60s-streams,,
bnb-updown-15m-1786228200,BNB,"BNB Up or Down - August 8, 6:30PM-6:45PM ET",2026-08-08T22:45:00Z,2026-08-08T22:30:00Z,600.0903165680928,Down,"[""0"", ""1""]",0.01,664.98388,5.88235,-0.5,0.01,resolved,0xc6c982fd98d99dfe5b472b04c707a3d8e5b442df9ee55ea3b45fce5d10f1a5d0,https://data.chain.link/streams/bnb-usd-twap-60s-streams,,
btc-updown-15m-1786228200,BTC,"Bitcoin Up or Down - August 8, 6:30PM-6:45PM ET",2026-08-08T22:45:00Z,2026-08-08T22:30:00Z,64945.64072144269,Down,"[""0"", ""1""]",0.001,22173.132314000002,117.843163,-0.4945,0.001,resolved,0x587fbdd4739f752656465afe744994f86f3aa3ff15487d1568c1836df023f71b,https://data.chain.link/streams/btc-usd-twap-60s-streams,,
doge-updown-15m-1786228200,DOGE,"Dogecoin Up or Down - August 8, 6:30PM-6:45PM ET",2026-08-08T22:45:00Z,2026-08-08T22:30:00Z,0.07064575188567067,Down,"[""0"", ""1""]",0.14,393.094245,1.960783,-0.4995,0.001,resolved,0x395041e5a9c4615788cfa625875e6cae90caa5df55ef7eed07f4bf7a5679b506,https://data.chain.link/streams/doge-usd-twap-60s-streams,,
eth-updown-15m-1786228200,ETH,"Ethereum Up or Down - August 8, 6:30PM-6:45PM ET",2026-08-08T22:45:00Z,2026-08-08T22:30:00Z,1919.0590520512203,Down,"[""0"", ""1""]",0.011,2985.438706,19.705876,-0.4945,0.001,resolved,0xdd51cf1f80a11c01908b692a0a4be8158a39c2a526f71f20cd322444b976d56e,https://data.chain.link/streams/eth-usd-twap-60s-streams,,
hype-updown-15m-1786228200,HYPE,"Hyperliquid Up or Down - August 8, 6:30PM-6:45PM ET",2026-08-08T22:45:00Z,2026-08-08T22:30:00Z,54.998064340103646,Up,"[""1"", ""0""]",0.99,,,0.495,0.01,resolved,0x87442847915e679173545f597e6e8932f5e458320ebaed63041d2d0027ce398e,https://data.chain.link/streams/hype-usd-twap-60s-streams,,
sol-updown-15m-1786228200,SOL,"Solana Up or Down - August 8, 6:30PM-6:45PM ET",2026-08-08T22:45:00Z,2026-08-08T22:30:00Z,76.17686592053848,Down,"[""0"", ""1""]",0.02,1946.1757950000003,,-0.5045,0.001,resolved,0x14f2a7a580dc4e07df8392eb12d7b62c8b30b1fb477b69421073f27b4b5b3703,https://data.chain.link/streams/sol-usd-twap-60s-streams,,
xrp-updown-15m-1786228200,XRP,"XRP Up or Down - August 8, 6:30PM-6:45PM ET",2026-08-08T22:45:00Z,2026-08-08T22:30:00Z,1.0407115703358143,Down,"[""0"", ""1""]",0.15,,,-0.5045,0.001,resolved,0x38da463ce685004fd9e82c16f4bf852260b232f9bc15464dca405f7e0ea39553,https://data.chain.link/streams/xrp-usd-twap-60s-streams,,
zec-updown-15m-1786228200,ZEC,"ZCash Up or Down - August 8, 6:30PM-6:45PM ET",2026-08-08T22:45:00Z,2026-08-08T22:30:00Z,508.38082201694414,Down,"[""0"", ""1""]",,,,-0.495,0.01,resolved,0x8a32b5f9ee4eafe78a5dba4535516476bc7ff9b00ab40a648f8937741aba8306,https://data.chain.link/streams/zec-usd-twap-60s-streams,,
bnb-updown-15m-1786229100,BNB,"BNB Up or Down - August 8, 6:45PM-7:00PM ET",2026-08-08T23:00:00Z,2026-08-08T22:45:00Z,599.8955482368971,Down,"[""0"", ""1""]",0.29,251.099497,158.510218,-0.5,0.01,resolved,0x4f2fbfd6edec8a03b2ca8eafee99caf0f203b1a5a863847a35c716d473acd5f1,https://data.chain.link/streams/bnb-usd-twap-60s-streams,,
btc-updown-15m-1786229100,BTC,"Bitcoin Up or Down - August 8, 6:45PM-7:00PM ET",2026-08-08T23:00:00Z,2026-08-08T22:45:00Z,64922.310821087936,Down,"[""0"", ""1""]",0.02,11280.074134999995,7948.727447,-0.5045,0.001,resolved,0x24c4e92bf8aa60e7700f8f9babdfb665bd0672e0a837cea93941699534e6cf3e,https://data.chain.link/streams/btc-usd-twap-60s-streams,,
doge-updown-15m-1786229100,DOGE,"Dogecoin Up or Down - August 8, 6:45PM-7:00PM ET",2026-08-08T23:00:00Z,2026-08-08T22:45:00Z,0.07056214103627931,Down,"[""0"", ""1""]",0.06,502.2687229999999,256.143621,-0.4995,0.001,resolved,0x82f1ddc2ab1c9975001deb11fa93554b0bfca1ebad37d9bf05065cdbf3f02931,https://data.chain.link/streams/doge-usd-twap-60s-streams,,
eth-updown-15m-1786229100,ETH,"Ethereum Up or Down - August 8, 6:45PM-7:00PM ET",2026-08-08T23:00:00Z,2026-08-08T22:45:00Z,1918.070677378525,Down,"[""0"", ""1""]",0.02,3218.202109,2671.60444,-0.5045,0.001,resolved,0x7de0d57264be96f01b4fd6342d6d820726ceee0a4ea522b14c466b1b3be8c561,https://data.chain.link/streams/eth-usd-twap-60s-streams,,
hype-updown-15m-1786229100,HYPE,"Hyperliquid Up or Down - August 8, 6:45PM-7:00PM ET",2026-08-08T23:00:00Z,2026-08-08T22:45:00Z,55.00945316268408,Up,"[""1"", ""0""]",0.99,98.21643800000001,135,0.495,0.01,resolved,0x24e459201f72f1a90b575e9c83cf90f1d5238edf977ba9ad85b7b953d08e23e6,https://data.chain.link/streams/hype-usd-twap-60s-streams,,
sol-updown-15m-1786229100,SOL,"Solana Up or Down - August 8, 6:45PM-7:00PM ET",2026-08-08T23:00:00Z,2026-08-08T22:45:00Z,76.06864425218137,Down,"[""0"", ""1""]",0.06,712.895627,813.646448,-0.5045,0.001,resolved,0x0bb1a9a8582d06edc3ab8c7cc436d92b173fe558bb146c20d979c58ee08efaeb,https://data.chain.link/streams/sol-usd-twap-60s-streams,,
xrp-updown-15m-1786229100,XRP,"XRP Up or Down - August 8, 6:45PM-7:00PM ET",2026-08-08T23:00:00Z,2026-08-08T22:45:00Z,1.039055627975712,Down,"[""0"", ""1""]",0.36,1073.4895229999997,1106.251898,-0.5045,0.001,resolved,0x021a658392695bf0b0f88ffa5e3c6653df5a220dbe184b462c791e3c4f9ddfbd,https://data.chain.link/streams/xrp-usd-twap-60s-streams,,
zec-updown-15m-1786229100,ZEC,"ZCash Up or Down - August 8, 6:45PM-7:00PM ET",2026-08-08T23:00:00Z,2026-08-08T22:45:00Z,507.6539918773113,Down,"[""0"", ""1""]",,25,,-0.495,0.01,resolved,0x7a3bb2b88605f701468684dabfa8030dc015c9a875e9c0554c1987982beb831c,https://data.chain.link/streams/zec-usd-twap-60s-streams,,
bnb-updown-15m-1786230000,BNB,"BNB Up or Down - August 8, 7:00PM-7:15PM ET",2026-08-08T23:15:00Z,2026-08-08T23:00:00Z,599.8371951714961,Up,"[""1"", ""0""]",0.999,381.05855399999996,,0.4945,0.001,resolved,0x4d61e9b8f796501e19acbfab4393b7e373a046ebde1e6908958f764efdac6266,https://data.chain.link/streams/bnb-usd-twap-60s-streams,,
btc-updown-15m-1786230000,BTC,"Bitcoin Up or Down - August 8, 7:00PM-7:15PM ET",2026-08-08T23:15:00Z,2026-08-08T23:00:00Z,64897.22879635791,Down,"[""0"", ""1""]",0.02,14149.083217999998,264.521763,-0.5,0.01,resolved,0x7b99e6c46d0a26d1e3195865473026fcd79da919205c1cc3d027e7281eab8d73,https://data.chain.link/streams/btc-usd-twap-60s-streams,,
doge-updown-15m-1786230000,DOGE,"Dogecoin Up or Down - August 8, 7:00PM-7:15PM ET",2026-08-08T23:15:00Z,2026-08-08T23:00:00Z,0.07045642422350284,Down,"[""0"", ""1""]",0.06,332.65687199999996,,-0.4995,0.001,resolved,0xb95dad269dea9776137659f3f999134c3a1b5380599233aeb996f2d5e72ed8ad,https://data.chain.link/streams/doge-usd-twap-60s-streams,,
eth-updown-15m-1786230000,ETH,"Ethereum Up or Down - August 8, 7:00PM-7:15PM ET",2026-08-08T23:15:00Z,2026-08-08T23:00:00Z,1915.5180908934392,Down,"[""0"", ""1""]",0.02,3369.729979,,-0.5045,0.001,resolved,0x1568e89555f971799417343736ddcf1fba1cbbb0950ee62c5aad118e8ba50719,https://data.chain.link/streams/eth-usd-twap-60s-streams,,
hype-updown-15m-1786230000,HYPE,"Hyperliquid Up or Down - August 8, 7:00PM-7:15PM ET",2026-08-08T23:15:00Z,2026-08-08T23:00:00Z,55.0237212506154,Down,"[""0"", ""1""]",0.37,209.813263,,-0.495,0.01,resolved,0x73dffeb079c68c7039b7e5e0a9c187c92ade1d9e5e5fa642254a6a5fc1b5b083,https://data.chain.link/streams/hype-usd-twap-60s-streams,,
sol-updown-15m-1786230000,SOL,"Solana Up or Down - August 8, 7:00PM-7:15PM ET",2026-08-08T23:15:00Z,2026-08-08T23:00:00Z,75.84507182601823,Down,"[""0"", ""1""]",0.03,1661.5369289999994,,-0.5045,0.001,resolved,0xd64a0dc9c3705a0b582f67bd922979a1584623d268c23d7942c3b5ed9dcf5220,https://data.chain.link/streams/sol-usd-twap-60s-streams,,
xrp-updown-15m-1786230000,XRP,"XRP Up or Down - August 8, 7:00PM-7:15PM ET",2026-08-08T23:15:00Z,2026-08-08T23:00:00Z,1.0379748168466676,Down,"[""0"", ""1""]",0.27,1104.446386,,-0.5045,0.001,resolved,0xd6fa6622b8efb4c65aefa2cfd454feeb79d6423cb79fee67ef19047b672eac91,https://data.chain.link/streams/xrp-usd-twap-60s-streams,,
zec-updown-15m-1786230000,ZEC,"ZCash Up or Down - August 8, 7:00PM-7:15PM ET",2026-08-08T23:15:00Z,2026-08-08T23:00:00Z,506.6941949358754,Up,"[""1"", ""0""]",0.98,,,0.495,0.01,resolved,0xcbfb01d64065bd987203e192d8540b7d4847899844c0c65cdb78a7fd33bfb53e,https://data.chain.link/streams/zec-usd-twap-60s-streams,,
bnb-updown-15m-1786230900,BNB,"BNB Up or Down - August 8, 7:15PM-7:30PM ET",2026-08-08T23:30:00Z,2026-08-08T23:15:00Z,599.9541871004469,Up,"[""1"", ""0""]",0.999,475.89568800000006,1.960783,0.4945,0.001,resolved,0x5f59567e20f34af1c66ae60b23791770acb2a66314185fcc7708b763097d76a4,https://data.chain.link/streams/bnb-usd-twap-60s-streams,,
btc-updown-15m-1786230900,BTC,"Bitcoin Up or Down - August 8, 7:15PM-7:30PM ET",2026-08-08T23:30:00Z,2026-08-08T23:15:00Z,64889.25055472267,Up,"[""1"", ""0""]",0.999,22364.743462,,0.4945,0.001,resolved,0x0bf74d1d890ad5b0e9f6c0864b7a83eb757950db4011d7f21c54912944fa7bc9,https://data.chain.link/streams/btc-usd-twap-60s-streams,,
doge-updown-15m-1786230900,DOGE,"Dogecoin Up or Down - August 8, 7:15PM-7:30PM ET",2026-08-08T23:30:00Z,2026-08-08T23:15:00Z,0.07027431402152845,Up,"[""1"", ""0""]",0.999,371.90559899999994,,0.4995,0.001,resolved,0xbab532c66277c83188fdff11bba9ae1f16ccd3ade594f4374395ff357655b6bb,https://data.chain.link/streams/doge-usd-twap-60s-streams,,
eth-updown-15m-1786230900,ETH,"Ethereum Up or Down - August 8, 7:15PM-7:30PM ET",2026-08-08T23:30:00Z,2026-08-08T23:15:00Z,1914.0993219545237,Up,"[""1"", ""0""]",0.999,2883.9263849999993,,0.4945,0.001,resolved,0x75399b671f05f3b8aaec4cf38dd9933f71f618140c61905ccc06162f795b1244,https://data.chain.link/streams/eth-usd-twap-60s-streams,,
hype-updown-15m-1786230900,HYPE,"Hyperliquid Up or Down - August 8, 7:15PM-7:30PM ET",2026-08-08T23:30:00Z,2026-08-08T23:15:00Z,55.00643663475097,Up,"[""1"", ""0""]",0.99,248.05924599999997,,0.495,0.01,resolved,0xd3761efb361aead85374c27ecc8ec459edc8559ca33e9ae862076d2926214322,https://data.chain.link/streams/hype-usd-twap-60s-streams,,
sol-updown-15m-1786230900,SOL,"Solana Up or Down - August 8, 7:15PM-7:30PM ET",2026-08-08T23:30:00Z,2026-08-08T23:15:00Z,75.77771834453858,Up,"[""1"", ""0""]",0.999,1361.635028,,0.4945,0.001,resolved,0x1d1049aabe497604792f150a9e0ead4337a8bb8b61fbedd8ee75d27516d55014,https://data.chain.link/streams/sol-usd-twap-60s-streams,,
xrp-updown-15m-1786230900,XRP,"XRP Up or Down - August 8, 7:15PM-7:30PM ET",2026-08-08T23:30:00Z,2026-08-08T23:15:00Z,1.0371908838162855,Up,"[""1"", ""0""]",0.99,1160.398973,,0.4945,0.001,resolved,0xb4603a33d30832808f0413528ed20bad4ed9dea88972a8abeae5f04a9c842668,https://data.chain.link/streams/xrp-usd-twap-60s-streams,,
zec-updown-15m-1786230900,ZEC,"ZCash Up or Down - August 8, 7:15PM-7:30PM ET",2026-08-08T23:30:00Z,2026-08-08T23:15:00Z,506.69689763879205,Up,"[""1"", ""0""]",0.98,,,0.495,0.01,resolved,0xfa782c39436524d9434f363a846aae38a9077d15e86c12f78750ed421d79b26e,https://data.chain.link/streams/zec-usd-twap-60s-streams,,
bnb-updown-15m-1786231800,BNB,"BNB Up or Down - August 8, 7:30PM-7:45PM ET",2026-08-08T23:45:00Z,2026-08-08T23:30:00Z,600.401285397542,Up,"[""1"", ""0""]",0.999,442.95204400000006,3.921567,0.4945,0.001,resolved,0x512ff3064ecd44a5f7fbb6255e9af6f1b3e7bd182d0d2772347d392dab90b7a2,https://data.chain.link/streams/bnb-usd-twap-60s-streams,,
btc-updown-15m-1786231800,BTC,"Bitcoin Up or Down - August 8, 7:30PM-7:45PM ET",2026-08-08T23:45:00Z,2026-08-08T23:30:00Z,64891.84717586499,Up,"[""1"", ""0""]",0.999,12943.300543000003,,0.4995,0.001,resolved,0xb545cc30fc350d4da81dc0aa64c03282e34ab173a2054d991ccebec4573cbe21,https://data.chain.link/streams/btc-usd-twap-60s-streams,,
doge-updown-15m-1786231800,DOGE,"Dogecoin Up or Down - August 8, 7:30PM-7:45PM ET",2026-08-08T23:45:00Z,2026-08-08T23:30:00Z,0.07030262354559898,Up,"[""1"", ""0""]",0.999,304.42906,,0.4995,0.001,resolved,0x5436fcd255d862bc2f11da243691f7a593b7a2f3e943923e552f9a357959cd36,https://data.chain.link/streams/doge-usd-twap-60s-streams,,
eth-updown-15m-1786231800,ETH,"Ethereum Up or Down - August 8, 7:30PM-7:45PM ET",2026-08-08T23:45:00Z,2026-08-08T23:30:00Z,1915.4267431790408,Up,"[""1"", ""0""]",0.999,1805.0118750000001,,0.4945,0.001,resolved,0xb8a8cb086a7f95332c9cd64a0e625948160c79eb2820e04b8dd2a455f558a907,https://data.chain.link/streams/eth-usd-twap-60s-streams,,
hype-updown-15m-1786231800,HYPE,"Hyperliquid Up or Down - August 8, 7:30PM-7:45PM ET",2026-08-08T23:45:00Z,2026-08-08T23:30:00Z,55.039213875069144,Up,"[""1"", ""0""]",0.999,180.7409,,0.4995,0.001,resolved,0xd5434ada12b87dc1953bcabd44f55d1aea388780296fadf6400f51c72cb03f2d,https://data.chain.link/streams/hype-usd-twap-60s-streams,,
sol-updown-15m-1786231800,SOL,"Solana Up or Down - August 8, 7:30PM-7:45PM ET",2026-08-08T23:45:00Z,2026-08-08T23:30:00Z,75.84323609221501,Up,"[""1"", ""0""]",0.999,1435.8488239999997,6.215683,0.4945,0.001,resolved,0xcbf0f21a619f9b991b28d16088989400112cc85de3944f6e39f3a78176caea4f,https://data.chain.link/streams/sol-usd-twap-60s-streams,,
xrp-updown-15m-1786231800,XRP,"XRP Up or Down - August 8, 7:30PM-7:45PM ET",2026-08-08T23:45:00Z,2026-08-08T23:30:00Z,1.0374571959127807,Up,"[""1"", ""0""]",0.999,747.578888,,0.4945,0.001,resolved,0x4f3ec0d7ab5a52bd980dc2d48b9d70ede09d85e8f1a7fce96942c9f8547630a8,https://data.chain.link/streams/xrp-usd-twap-60s-streams,,
zec-updown-15m-1786231800,ZEC,"ZCash Up or Down - August 8, 7:30PM-7:45PM ET",2026-08-08T23:45:00Z,2026-08-08T23:30:00Z,507.43048442122944,Up,"[""1"", ""0""]",0.98,,,0.495,0.01,resolved,0x48c165c4bb571f47e5ee260d21ced538b51e4f56706a652935898b13ef37c22f,https://data.chain.link/streams/zec-usd-twap-60s-streams,,
bnb-updown-15m-1786232700,BNB,"BNB Up or Down - August 8, 7:45PM-8:00PM ET",2026-08-09T00:00:00Z,2026-08-08T23:45:00Z,600.8869970019324,Down,"[""0"", ""1""]",0.23,341.33690199999995,192.616135,-0.5045,0.001,resolved,0x1f71dc7c19d47e80323aa0c82b5647c5ce6fa735868953819eae3b93ac1423b6,https://data.chain.link/streams/bnb-usd-twap-60s-streams,,
btc-updown-15m-1786232700,BTC,"Bitcoin Up or Down - August 8, 7:45PM-8:00PM ET",2026-08-09T00:00:00Z,2026-08-08T23:45:00Z,64918.04030388495,Down,"[""0"", ""1""]",0.01,14132.530277999998,7983.324085,-0.5045,0.001,resolved,0x18a81d5f18e51c02f2403aed092feef4d6e94766a47efd67fcae4d8c2bf38e35,https://data.chain.link/streams/btc-usd-twap-60s-streams,,
doge-updown-15m-1786232700,DOGE,"Dogecoin Up or Down - August 8, 7:45PM-8:00PM ET",2026-08-09T00:00:00Z,2026-08-08T23:45:00Z,0.07041195395360852,Down,"[""0"", ""1""]",0.4,231.895003,284.275002,-0.4995,0.001,resolved,0x945822ccb5472503e054681f3e6848a07df0d3feb4cfe1ec10cfa9e7660a51ce,https://data.chain.link/streams/doge-usd-twap-60s-streams,,
eth-updown-15m-1786232700,ETH,"Ethereum Up or Down - August 8, 7:45PM-8:00PM ET",2026-08-09T00:00:00Z,2026-08-08T23:45:00Z,1917.083845854066,Down,"[""0"", ""1""]",0.03,3227.877993,2667.856461,-0.5045,0.001,resolved,0xaea3d1e434d8b22d86378b3192bf806b27c2868c5ca064a23966bdbb8d03d0d4,https://data.chain.link/streams/eth-usd-twap-60s-streams,,
hype-updown-15m-1786232700,HYPE,"Hyperliquid Up or Down - August 8, 7:45PM-8:00PM ET",2026-08-09T00:00:00Z,2026-08-08T23:45:00Z,55.10406181281711,Up,"[""1"", ""0""]",0.99,89.415784,130,0.495,0.01,resolved,0x69c6c41f6ec1d4c5f4804fdfeb18ff9f52a8196729434abdd1c12811f027453a,https://data.chain.link/streams/hype-usd-twap-60s-streams,,
sol-updown-15m-1786232700,SOL,"Solana Up or Down - August 8, 7:45PM-8:00PM ET",2026-08-09T00:00:00Z,2026-08-08T23:45:00Z,76.01889601092915,Down,"[""0"", ""1""]",0.06,884.588698,853.702863,-0.5045,0.001,resolved,0xcbd2daee33a7f668c174ede60eb2ff865d3bee2d8e2f853e153d934684c0d620,https://data.chain.link/streams/sol-usd-twap-60s-streams,,
xrp-updown-15m-1786232700,XRP,"XRP Up or Down - August 8, 7:45PM-8:00PM ET",2026-08-09T00:00:00Z,2026-08-08T23:45:00Z,1.0385622217214234,Up,"[""1"", ""0""]",0.99,1604.840948,937.508777,0.4945,0.001,resolved,0x9ec10837925d1d906b107aaa7dc1edb1c13f8abdbbf8d1a8c635c93717e597a8,https://data.chain.link/streams/xrp-usd-twap-60s-streams,,
zec-updown-15m-1786232700,ZEC,"ZCash Up or Down - August 8, 7:45PM-8:00PM ET",2026-08-09T00:00:00Z,2026-08-08T23:45:00Z,507.5395007889049,Up,"[""1"", ""0""]",0.98,25,,0.495,0.01,resolved,0x12a725bb6c4adce2571a366eb136862d364227608a1eb38d25f911eb0aed2aa9,https://data.chain.link/streams/zec-usd-twap-60s-streams,,
