slug,asset,question,endDate,eventStartTime,priceToBeat,winningOutcome,outcomePrices,lastTradePrice,volume,openInterest,oneHourPriceChange,spread,umaResolutionStatus,conditionId,resolutionSource,finalPrice,closedTime
bnb-updown-5m-1786492800,BNB,"BNB Up or Down - August 11, 8:00PM-8:05PM ET",2026-08-12T00:05:00Z,2026-08-12T00:00:00Z,616.2207597719629,Up,"[""1"", ""0""]",0.99,630.354096,,0.49,0.01,resolved,0xc69f141101939f7a2cfc6ad7a8dc47f6ed8739ac239a472227b9ccd76fcb5884,https://data.chain.link/streams/bnb-usd-twap-30s-streams,,
btc-updown-5m-1786492800,BTC,"Bitcoin Up or Down - August 11, 8:00PM-8:05PM ET",2026-08-12T00:05:00Z,2026-08-12T00:00:00Z,63541.71764859515,Down,"[""0"", ""1""]",0.01,48744.48178199998,61,-0.5,0.01,resolved,0x850759e6fc0c35e5cf154553fe11aa3ecf5fc55dd86689f328d39414096ff518,https://data.chain.link/streams/btc-usd-twap-30s-streams,,
doge-updown-5m-1786492800,DOGE,"Dogecoin Up or Down - August 11, 8:00PM-8:05PM ET",2026-08-12T00:05:00Z,2026-08-12T00:00:00Z,0.071837307850833,Up,"[""1"", ""0""]",0.99,,,0.495,0.01,resolved,0xbf38b7535b59e053e1a189682d137cbf5403892666d4e8ccc88466b1d7636e95,https://data.chain.link/streams/doge-usd-twap-30s-streams,,
eth-updown-5m-1786492800,ETH,"Ethereum Up or Down - August 11, 8:00PM-8:05PM ET",2026-08-12T00:05:00Z,2026-08-12T00:00:00Z,1881.03871115055,Down,"[""0"", ""1""]",0.03,3571.5189490000007,,-0.5,0.01,resolved,0x0ae03de391e2dace67c181dce352ef66b4c7c305ba1a277d2d05b398907ea8ac,https://data.chain.link/streams/eth-usd-twap-30s-streams,,
hype-updown-5m-1786492800,HYPE,"Hyperliquid Up or Down - August 11, 8:00PM-8:05PM ET",2026-08-12T00:05:00Z,2026-08-12T00:00:00Z,54.44637530733112,Down,"[""0"", ""1""]",0.08,,,-0.495,0.01,resolved,0x5fa14f85995acbde6b086e6b5704e44911c29c4d95e8e6a5502c0e559cbedea1,https://data.chain.link/streams/hype-usd-twap-30s-streams,,
sol-updown-5m-1786492800,SOL,"Solana Up or Down - August 11, 8:00PM-8:05PM ET",2026-08-12T00:05:00Z,2026-08-12T00:00:00Z,76.23533924223918,Down,"[""0"", ""1""]",0.02,868.4452940000001,,-0.5,0.01,resolved,0x1c172f81024205a271755afe9cef4ae52be4e94d33867c1e6b5c7f7a6e837267,https://data.chain.link/streams/sol-usd-twap-30s-streams,,
xrp-updown-5m-1786492800,XRP,"XRP Up or Down - August 11, 8:00PM-8:05PM ET",2026-08-12T00:05:00Z,2026-08-12T00:00:00Z,1.0221156563099028,Down,"[""0"", ""1""]",0.06,994.034201,,-0.5,0.01,resolved,0x90a519b634a0669801cafd3faa18f6e22a79b6de0a7307fe6fa725d90e47c7a5,https://data.chain.link/streams/xrp-usd-twap-30s-streams,,
zec-updown-5m-1786492800,ZEC,"ZCash Up or Down - August 11, 8:00PM-8:05PM ET",2026-08-12T00:05:00Z,2026-08-12T00:00:00Z,481.139370487834,Down,"[""0"", ""1""]",,,,-0.495,0.01,resolved,0x0c63c625af34bef0c6a35bb2b4b856719bdce70fa85b22cb2044e2fb804d19f5,https://data.chain.link/streams/zec-usd-twap-30s-streams,,
bnb-updown-5m-1786493100,BNB,"BNB Up or Down - August 11, 8:05PM-8:10PM ET",2026-08-12T00:10:00Z,2026-08-12T00:05:00Z,616.318552653254,Up,"[""1"", ""0""]",0.99,,,0.4945,0.001,resolved,0x3645a460a29d4812fb909bde3af0072b0f546a9b6c731880e8405582b17ea7ae,https://data.chain.link/streams/bnb-usd-twap-30s-streams,,
btc-updown-5m-1786493100,BTC,"Bitcoin Up or Down - August 11, 8:05PM-8:10PM ET",2026-08-12T00:10:00Z,2026-08-12T00:05:00Z,63520.577158564294,Down,"[""0"", ""1""]",0.001,49723.65149599996,61,-0.5045,0.001,resolved,0xfa314c2fde1f0a8968b50857af5c1be99feacf4bb5d229105b52f3f46206b988,https://data.chain.link/streams/btc-usd-twap-30s-streams,,
doge-updown-5m-1786493100,DOGE,"Dogecoin Up or Down - August 11, 8:05PM-8:10PM ET",2026-08-12T00:10:00Z,2026-08-12T00:05:00Z,0.0718600702932354,Up,"[""1"", ""0""]",0.99,,,0.4995,0.001,resolved,0x28b17b33edec905b457075c85691250566b768ef9720e78e03e5a1acdf5ee181,https://data.chain.link/streams/doge-usd-twap-30s-streams,,
eth-updown-5m-1786493100,ETH,"Ethereum Up or Down - August 11, 8:05PM-8:10PM ET",2026-08-12T00:10:00Z,2026-08-12T00:05:00Z,1879.835068418099,Up,"[""1"", ""0""]",0.99,2258.838878,,0.4945,0.001,resolved,0x2f01023dce64a56e4da959f3668a0fb26d297799f9c22502c1c5c0ed9d3305de,https://data.chain.link/streams/eth-usd-twap-30s-streams,,
hype-updown-5m-1786493100,HYPE,"Hyperliquid Up or Down - August 11, 8:05PM-8:10PM ET",2026-08-12T00:10:00Z,2026-08-12T00:05:00Z,54.37464268722225,Down,"[""0"", ""1""]",0.3,,,-0.4995,0.001,resolved,0xc37137b5563d1f58066b2116ec8715f4a5cc5a0429120205a900b0319f8dc02d,https://data.chain.link/streams/hype-usd-twap-30s-streams,,
sol-updown-5m-1786493100,SOL,"Solana Up or Down - August 11, 8:05PM-8:10PM ET",2026-08-12T00:10:00Z,2026-08-12T00:05:00Z,76.2095668151546,Up,"[""1"", ""0""]",0.99,,,0.4945,0.001,resolved,0x07e55081255d7057ccb4741eb3f632227eb26e2c0597f525b3cede33e741a4a8,https://data.chain.link/streams/sol-usd-twap-30s-streams,,
xrp-updown-5m-1786493100,XRP,"XRP Up or Down - August 11, 8:05PM-8:10PM ET",2026-08-12T00:10:00Z,2026-08-12T00:05:00Z,1.021088865398263,Up,"[""1"", ""0""]",0.99,,,0.4945,0.001,resolved,0xf53e0cedbe594f067f17f07e542cda49acb8b75cc512599ffa3038bec060af8d,https://data.chain.link/streams/xrp-usd-twap-30s-streams,,
zec-updown-5m-1786493100,ZEC,"ZCash Up or Down - August 11, 8:05PM-8:10PM ET",2026-08-12T00:10:00Z,2026-08-12T00:05:00Z,480.4940940570785,Up,"[""1"", ""0""]",0.98,,,0.495,0.01,resolved,0x0282c4715f18bc3178e710d1b3c474d52b01e4523849b43f7a86c4d4fe74510b,https://data.chain.link/streams/zec-usd-twap-30s-streams,,
bnb-updown-5m-1786493400,BNB,"BNB Up or Down - August 11, 8:10PM-8:15PM ET",2026-08-12T00:15:00Z,2026-08-12T00:10:00Z,616.6581240103966,Down,"[""0"", ""1""]",0.02,271.352794,,-0.5045,0.001,resolved,0x8310b19cb64bdd6131e07ada52c156618bf7d6117f18d138ff70e665eb3f790e,https://data.chain.link/streams/bnb-usd-twap-30s-streams,,
btc-updown-5m-1786493400,BTC,"Bitcoin Up or Down - August 11, 8:10PM-8:15PM ET",2026-08-12T00:15:00Z,2026-08-12T00:10:00Z,63510.30172622372,Up,"[""1"", ""0""]",0.99,36298.412631999956,6,0.49,0.01,resolved,0x348ed6cdcaa943937b584a6f4a53325e1d69e188ece95550c9a1638522d26be2,https://data.chain.link/streams/btc-usd-twap-30s-streams,,
doge-updown-5m-1786493400,DOGE,"Dogecoin Up or Down - August 11, 8:10PM-8:15PM ET",2026-08-12T00:15:00Z,2026-08-12T00:10:00Z,0.07187980072446075,Up,"[""1"", ""0""]",0.99,316.153049,,0.4995,0.001,resolved,0x518f1686c4a34c853844f75d1c302eacbf40077868c3dc942123b3b3fae7f454,https://data.chain.link/streams/doge-usd-twap-30s-streams,,
eth-updown-5m-1786493400,ETH,"Ethereum Up or Down - August 11, 8:10PM-8:15PM ET",2026-08-12T00:15:00Z,2026-08-12T00:10:00Z,1880.4567588824843,Up,"[""1"", ""0""]",0.99,1863.7411619999996,,0.49,0.01,resolved,0x1097f7dac726187a069e51729634da6ba24b8553935daa3a20cc2e16401b12b0,https://data.chain.link/streams/eth-usd-twap-30s-streams,,
hype-updown-5m-1786493400,HYPE,"Hyperliquid Up or Down - August 11, 8:10PM-8:15PM ET",2026-08-12T00:15:00Z,2026-08-12T00:10:00Z,54.364091659396486,Down,"[""0"", ""1""]",0.16,79.89836799999999,,-0.495,0.01,resolved,0xc21d6c4bba71d5c6e14721995578761415e3773513aebd339bfb3d48f2422b86,https://data.chain.link/streams/hype-usd-twap-30s-streams,,
sol-updown-5m-1786493400,SOL,"Solana Up or Down - August 11, 8:10PM-8:15PM ET",2026-08-12T00:15:00Z,2026-08-12T00:10:00Z,76.22614716778622,Up,"[""1"", ""0""]",0.99,900.74659,,0.49,0.01,resolved,0xbc2f2ec8ee6b8d830b476ba6895aeae4d964ec59a011054a8a96f7c3c8712a44,https://data.chain.link/streams/sol-usd-twap-30s-streams,,
xrp-updown-5m-1786493400,XRP,"XRP Up or Down - August 11, 8:10PM-8:15PM ET",2026-08-12T00:15:00Z,2026-08-12T00:10:00Z,1.0213308707860376,Down,"[""0"", ""1""]",0.03,635.644229,,-0.5,0.01,resolved,0xefed472366471185729b6ecd77c69d79bb1831703c629f502894d899cc75f701,https://data.chain.link/streams/xrp-usd-twap-30s-streams,,
zec-updown-5m-1786493400,ZEC,"ZCash Up or Down - August 11, 8:10PM-8:15PM ET",2026-08-12T00:15:00Z,2026-08-12T00:10:00Z,481.1165335352679,Down,"[""0"", ""1""]",,,,-0.495,0.01,resolved,0xc8a1a237871a64671fcab02400efa919c68718e8f996073018d4fd358f6f5bfe,https://data.chain.link/streams/zec-usd-twap-30s-streams,,
bnb-updown-5m-1786493700,BNB,"BNB Up or Down - August 11, 8:15PM-8:20PM ET",2026-08-12T00:20:00Z,2026-08-12T00:15:00Z,615.7628377366641,Down,"[""0"", ""1""]",0.17,,,-0.5045,0.001,resolved,0xd747eabeb30f33b15213fe2c86da83c867e52cadce67eae8147c6039cb778a32,https://data.chain.link/streams/bnb-usd-twap-30s-streams,,
btc-updown-5m-1786493700,BTC,"Bitcoin Up or Down - August 11, 8:15PM-8:20PM ET",2026-08-12T00:20:00Z,2026-08-12T00:15:00Z,63546.156391999546,Up,"[""1"", ""0""]",0.999,44745.701235999964,,0.4945,0.001,resolved,0x9dc4cc99f3e4f73abed80bcaca9a46167230d814f8e2b586251025494feb7090,https://data.chain.link/streams/btc-usd-twap-30s-streams,,
doge-updown-5m-1786493700,DOGE,"Dogecoin Up or Down - August 11, 8:15PM-8:20PM ET",2026-08-12T00:20:00Z,2026-08-12T00:15:00Z,0.07196575121888081,Down,"[""0"", ""1""]",0.15,,,-0.4995,0.001,resolved,0x288f4c9ea849979a1fe26c5df28fa32504387dc546e2bb492e773e47c09acd91,https://data.chain.link/streams/doge-usd-twap-30s-streams,,
eth-updown-5m-1786493700,ETH,"Ethereum Up or Down - August 11, 8:15PM-8:20PM ET",2026-08-12T00:20:00Z,2026-08-12T00:15:00Z,1880.4622965090764,Down,"[""0"", ""1""]",0.001,3434.638007,,-0.5045,0.001,resolved,0x2ed5d1934a21d18435053b834cd1d24e08e3b79c68c43ccd35c55de491596b16,https://data.chain.link/streams/eth-usd-twap-30s-streams,,
hype-updown-5m-1786493700,HYPE,"Hyperliquid Up or Down - August 11, 8:15PM-8:20PM ET",2026-08-12T00:20:00Z,2026-08-12T00:15:00Z,54.34917075080965,Up,"[""1"", ""0""]",0.99,,,0.4995,0.001,resolved,0xcf1fe49efb21f638fc32b54d310cef80778abf1bff898e93ce0dc831c8d07150,https://data.chain.link/streams/hype-usd-twap-30s-streams,,
sol-updown-5m-1786493700,SOL,"Solana Up or Down - August 11, 8:15PM-8:20PM ET",2026-08-12T00:20:00Z,2026-08-12T00:15:00Z,76.22771340883503,Down,"[""0"", ""1""]",0.02,,,-0.5045,0.001,resolved,0x3acdb4647789a7e28352435957bd8cbe00bc8b27f86daf8fa00a065a2d6cf506,https://data.chain.link/streams/sol-usd-twap-30s-streams,,
xrp-updown-5m-1786493700,XRP,"XRP Up or Down - August 11, 8:15PM-8:20PM ET",2026-08-12T00:20:00Z,2026-08-12T00:15:00Z,1.0211711311151301,Down,"[""0"", ""1""]",0.08,,,-0.5045,0.001,resolved,0x4d6e8c4e75825b581eaea74b61ffd9054093031cffa059f38c716f9c4709a709,https://data.chain.link/streams/xrp-usd-twap-30s-streams,,
zec-updown-5m-1786493700,ZEC,"ZCash Up or Down - August 11, 8:15PM-8:20PM ET",2026-08-12T00:20:00Z,2026-08-12T00:15:00Z,480.9484464412569,Up,"[""1"", ""0""]",0.99,,,0.495,0.01,resolved,0x9f5a2857157c636a2eaebed0ac5890047888bb61cc74e8c4cdea164a1e659798,https://data.chain.link/streams/zec-usd-twap-30s-streams,,
bnb-updown-5m-1786494000,BNB,"BNB Up or Down - August 11, 8:20PM-8:25PM ET",2026-08-12T00:25:00Z,2026-08-12T00:20:00Z,615.0188507224825,Down,"[""0"", ""1""]",0.02,,,-0.5,0.01,resolved,0x2a0ef13a31748ca21cef56611edf9f444d3ea15019213342e491227590c2cbde,https://data.chain.link/streams/bnb-usd-twap-30s-streams,,
btc-updown-5m-1786494000,BTC,"Bitcoin Up or Down - August 11, 8:20PM-8:25PM ET",2026-08-12T00:25:00Z,2026-08-12T00:20:00Z,63554.68928446037,Up,"[""1"", ""0""]",0.999,38442.14007399999,,0.4945,0.001,resolved,0x9614ab9066eff230d8fe8ab1e52207e11ee2383628c9b51c4821c8ebd593059f,https://data.chain.link/streams/btc-usd-twap-30s-streams,,
doge-updown-5m-1786494000,DOGE,"Dogecoin Up or Down - August 11, 8:20PM-8:25PM ET",2026-08-12T00:25:00Z,2026-08-12T00:20:00Z,0.07192196907287506,Up,"[""1"", ""0""]",0.99,,,0.4995,0.001,resolved,0xc6ecc5645210cc33587113dd817d1d0939b4958020cc0d067be901465368bd57,https://data.chain.link/streams/doge-usd-twap-30s-streams,,
eth-updown-5m-1786494000,ETH,"Ethereum Up or Down - August 11, 8:20PM-8:25PM ET",2026-08-12T00:25:00Z,2026-08-12T00:20:00Z,1879.1012858171116,Up,"[""1"", ""0""]",0.999,1765.6315069999998,,0.4945,0.001,resolved,0x45c3f08bdb50febb2c799e00f4af29dc54884d204517c43737e9d3d490247819,https://data.chain.link/streams/eth-usd-twap-30s-streams,,
hype-updown-5m-1786494000,HYPE,"Hyperliquid Up or Down - August 11, 8:20PM-8:25PM ET",2026-08-12T00:25:00Z,2026-08-12T00:20:00Z,54.40263570337405,Up,"[""1"", ""0""]",0.97,,,0.495,0.01,resolved,0xa55f10688ea87b6b5bc1bebbb1a00bcbefd7384057692e851e89a9d329ad286f,https://data.chain.link/streams/hype-usd-twap-30s-streams,,
sol-updown-5m-1786494000,SOL,"Solana Up or Down - August 11, 8:20PM-8:25PM ET",2026-08-12T00:25:00Z,2026-08-12T00:20:00Z,76.17308209243319,Up,"[""1"", ""0""]",0.99,,,0.4945,0.001,resolved,0xd5663c0fde1bc5112231ef3b943fd80f1ce8c0d0929c34c814c3078562676a31,https://data.chain.link/streams/sol-usd-twap-30s-streams,,
xrp-updown-5m-1786494000,XRP,"XRP Up or Down - August 11, 8:20PM-8:25PM ET",2026-08-12T00:25:00Z,2026-08-12T00:20:00Z,1.0208781858286822,Up,"[""1"", ""0""]",0.99,,,0.49,0.01,resolved,0x8505c955dbfcaacc2a5f02e69efe38f0debdd7ca6c9b8c55763e2a9f3e788139,https://data.chain.link/streams/xrp-usd-twap-30s-streams,,
zec-updown-5m-1786494000,ZEC,"ZCash Up or Down - August 11, 8:20PM-8:25PM ET",2026-08-12T00:25:00Z,2026-08-12T00:20:00Z,481.6077410766473,Up,"[""1"", ""0""]",0.99,,,0.495,0.01,resolved,0x339b6126aaf4c586b65de112ff253de73e5858df0a336d2ef062276b89c5791d,https://data.chain.link/streams/zec-usd-twap-30s-streams,,
bnb-updown-5m-1786494300,BNB,"BNB Up or Down - August 11, 8:25PM-8:30PM ET",2026-08-12T00:30:00Z,2026-08-12T00:25:00Z,614.6260514188239,Up,"[""1"", ""0""]",0.99,427.760629,,0.4945,0.001,resolved,0x0eb86cd6604878553505398069e2ff44ab6d62e09336de79609fd7a0e29ac016,https://data.chain.link/streams/bnb-usd-twap-30s-streams,,
btc-updown-5m-1786494300,BTC,"Bitcoin Up or Down - August 11, 8:25PM-8:30PM ET",2026-08-12T00:30:00Z,2026-08-12T00:25:00Z,63617.100474601386,Down,"[""0"", ""1""]",0.001,76183.31792300001,,-0.5045,0.001,resolved,0x0fc1f20a479e62065f389af4379c976f9763735127d8c767bcd7313ded3f50c4,https://data.chain.link/streams/btc-usd-twap-30s-streams,,
doge-updown-5m-1786494300,DOGE,"Dogecoin Up or Down - August 11, 8:25PM-8:30PM ET",2026-08-12T00:30:00Z,2026-08-12T00:25:00Z,0.07202392980624023,Down,"[""0"", ""1""]",0.12,612.966323,,-0.4995,0.001,resolved,0xf5680b6815c27dc784490e4d928c3cf022e3df4486e3377c85e3eb19e84bfd8a,https://data.chain.link/streams/doge-usd-twap-30s-streams,,
eth-updown-5m-1786494300,ETH,"Ethereum Up or Down - August 11, 8:25PM-8:30PM ET",2026-08-12T00:30:00Z,2026-08-12T00:25:00Z,1881.0488278699424,Down,"[""0"", ""1""]",0.01,3124.190339,,-0.5045,0.001,resolved,0x19307e448145fd17aa473747507d69e40d15ed361ccb266ef5c445be1caaeea3,https://data.chain.link/streams/eth-usd-twap-30s-streams,,
hype-updown-5m-1786494300,HYPE,"Hyperliquid Up or Down - August 11, 8:25PM-8:30PM ET",2026-08-12T00:30:00Z,2026-08-12T00:25:00Z,54.423890545445744,Up,"[""1"", ""0""]",0.98,99.67714500000001,,0.4995,0.001,resolved,0x5fc25c796726c63ab0badfdf837033211b632786be8a66900b5bf13c4844435f,https://data.chain.link/streams/hype-usd-twap-30s-streams,,
sol-updown-5m-1786494300,SOL,"Solana Up or Down - August 11, 8:25PM-8:30PM ET",2026-08-12T00:30:00Z,2026-08-12T00:25:00Z,76.24701595545896,Down,"[""0"", ""1""]",0.03,1647.0321020000001,,-0.5045,0.001,resolved,0x084a3208189b117d01522446d9f5fe846b4b5525770d81357878aac3cfb53c01,https://data.chain.link/streams/sol-usd-twap-30s-streams,,
xrp-updown-5m-1786494300,XRP,"XRP Up or Down - August 11, 8:25PM-8:30PM ET",2026-08-12T00:30:00Z,2026-08-12T00:25:00Z,1.0211874892909434,Down,"[""0"", ""1""]",0.1,1086.912577,,-0.5045,0.001,resolved,0x35c6b2ae2a830542a3715150dab8f382d749b4a30172200941742ae2c2a59336,https://data.chain.link/streams/xrp-usd-twap-30s-streams,,
zec-updown-5m-1786494300,ZEC,"ZCash Up or Down - August 11, 8:25PM-8:30PM ET",2026-08-12T00:30:00Z,2026-08-12T00:25:00Z,482.1323678124792,Down,"[""0"", ""1""]",,,,-0.495,0.01,resolved,0x225c77348521dbe763f413313358b03c116a7e1efe6136c1d59a0942bd522fc8,https://data.chain.link/streams/zec-usd-twap-30s-streams,,
bnb-updown-5m-1786494600,BNB,"BNB Up or Down - August 11, 8:30PM-8:35PM ET",2026-08-12T00:35:00Z,2026-08-12T00:30:00Z,615.0054577787838,Up,"[""1"", ""0""]",0.98,,,0.4945,0.001,resolved,0xfab8cee905380564593485e8a7381baf69e7a2b7a53d6cb9946e0fa71956c5fa,https://data.chain.link/streams/bnb-usd-twap-30s-streams,,
btc-updown-5m-1786494600,BTC,"Bitcoin Up or Down - August 11, 8:30PM-8:35PM ET",2026-08-12T00:35:00Z,2026-08-12T00:30:00Z,63611.81991580717,Up,"[""1"", ""0""]",0.999,36208.305355000026,,0.4945,0.001,resolved,0xdf0537ecddcb497f2afabd3e14d138fe65748d5520acb913c26e54dfc440195b,https://data.chain.link/streams/btc-usd-twap-30s-streams,,
doge-updown-5m-1786494600,DOGE,"Dogecoin Up or Down - August 11, 8:30PM-8:35PM ET",2026-08-12T00:35:00Z,2026-08-12T00:30:00Z,0.07189290361178613,Up,"[""1"", ""0""]",0.98,,,0.4995,0.001,resolved,0x237b3bcde379ffd7aaeba5188984bdd6b1ba1e847b20a3a7e64bba8eb8e38cf0,https://data.chain.link/streams/doge-usd-twap-30s-streams,,
eth-updown-5m-1786494600,ETH,"Ethereum Up or Down - August 11, 8:30PM-8:35PM ET",2026-08-12T00:35:00Z,2026-08-12T00:30:00Z,1880.461583876083,Up,"[""1"", ""0""]",0.99,3437.68644,,0.49,0.01,resolved,0x9c4bb8e2a7ffcc1226a19b79a7712ed9df91adc057f52fbf8f3acf247debdee2,https://data.chain.link/streams/eth-usd-twap-30s-streams,,
hype-updown-5m-1786494600,HYPE,"Hyperliquid Up or Down - August 11, 8:30PM-8:35PM ET",2026-08-12T00:35:00Z,2026-08-12T00:30:00Z,54.447393585272266,Up,"[""1"", ""0""]",0.98,,,0.495,0.01,resolved,0x84e102c11030cea47caa4d36ded65c5813c4b7a15afb17e74bf050ad38519b28,https://data.chain.link/streams/hype-usd-twap-30s-streams,,
sol-updown-5m-1786494600,SOL,"Solana Up or Down - August 11, 8:30PM-8:35PM ET",2026-08-12T00:35:00Z,2026-08-12T00:30:00Z,76.20377548396321,Up,"[""1"", ""0""]",0.99,,,0.49,0.01,resolved,0x446ef31bd3ac41e17f28fc0207e5dc49e827dd34fb0f01b8bbea9684bb76e1c4,https://data.chain.link/streams/sol-usd-twap-30s-streams,,
xrp-updown-5m-1786494600,XRP,"XRP Up or Down - August 11, 8:30PM-8:35PM ET",2026-08-12T00:35:00Z,2026-08-12T00:30:00Z,1.020360702049591,Up,"[""1"", ""0""]",0.99,974.83856,,0.49,0.01,resolved,0xf4d70948d78265b125f2278bf4156fd5f5ba5414c50e6a11e50d1876647aa2c4,https://data.chain.link/streams/xrp-usd-twap-30s-streams,,
zec-updown-5m-1786494600,ZEC,"ZCash Up or Down - August 11, 8:30PM-8:35PM ET",2026-08-12T00:35:00Z,2026-08-12T00:30:00Z,481.88549449827457,Up,"[""1"", ""0""]",0.99,,,0.495,0.01,resolved,0x91846e822eebfd4e9a364c319abf60db0184976c25e83a97df372ce22c3478de,https://data.chain.link/streams/zec-usd-twap-30s-streams,,
bnb-updown-5m-1786494900,BNB,"BNB Up or Down - August 11, 8:35PM-8:40PM ET",2026-08-12T00:40:00Z,2026-08-12T00:35:00Z,615.9051699275045,Up,"[""1"", ""0""]",0.99,,,0.4945,0.001,resolved,0xbda4085c412129e18b26ae43d8e39c0dca759e96c2d4c4dde1b19861abaa3313,https://data.chain.link/streams/bnb-usd-twap-30s-streams,,
btc-updown-5m-1786494900,BTC,"Bitcoin Up or Down - August 11, 8:35PM-8:40PM ET",2026-08-12T00:40:00Z,2026-08-12T00:35:00Z,63654.17890940938,Down,"[""0"", ""1""]",0.01,50223.02355099997,,-0.5045,0.001,resolved,0x1568f3b8a70db1aedb13210475dba1b10f27a79ca41a9d8b1126663c0be78ac6,https://data.chain.link/streams/btc-usd-twap-30s-streams,,
doge-updown-5m-1786494900,DOGE,"Dogecoin Up or Down - August 11, 8:35PM-8:40PM ET",2026-08-12T00:40:00Z,2026-08-12T00:35:00Z,0.07207888486013599,Up,"[""1"", ""0""]",0.999,,,0.4995,0.001,resolved,0x975ae202dd3205e0f75d615261ded8f5ea5728ce18da4d93d17a47cdf3cc526c,https://data.chain.link/streams/doge-usd-twap-30s-streams,,
eth-updown-5m-1786494900,ETH,"Ethereum Up or Down - August 11, 8:35PM-8:40PM ET",2026-08-12T00:40:00Z,2026-08-12T00:35:00Z,1881.59065770986,Down,"[""0"", ""1""]",0.07,1620.8363989999993,,-0.5045,0.001,resolved,0x1e2fae93a3309f545002a2b06626b4a160cb0da664fe2f73baea5c704b548d41,https://data.chain.link/streams/eth-usd-twap-30s-streams,,
hype-updown-5m-1786494900,HYPE,"Hyperliquid Up or Down - August 11, 8:35PM-8:40PM ET",2026-08-12T00:40:00Z,2026-08-12T00:35:00Z,54.46961034889098,Down,"[""0"", ""1""]",0.02,,,-0.4995,0.001,resolved,0x8a1a89fff04a5b6b9db478f16f94e82c1b78eafeb551a25181174a0b164f65a1,https://data.chain.link/streams/hype-usd-twap-30s-streams,,
sol-updown-5m-1786494900,SOL,"Solana Up or Down - August 11, 8:35PM-8:40PM ET",2026-08-12T00:40:00Z,2026-08-12T00:35:00Z,76.25040085708865,Down,"[""0"", ""1""]",0.08,,,-0.5045,0.001,resolved,0x59c5b75cdeda40bf560270581f74947bb5a49ea4e2f8ef105a9e285fc51120d9,https://data.chain.link/streams/sol-usd-twap-30s-streams,,
xrp-updown-5m-1786494900,XRP,"XRP Up or Down - August 11, 8:35PM-8:40PM ET",2026-08-12T00:40:00Z,2026-08-12T00:35:00Z,1.021575818994901,Down,"[""0"", ""1""]",0.07,,,-0.5045,0.001,resolved,0x34342aed6bfcd901c66d6a1bda574abdcfca856e29a9faa65e81c1dc9a811106,https://data.chain.link/streams/xrp-usd-twap-30s-streams,,
zec-updown-5m-1786494900,ZEC,"ZCash Up or Down - August 11, 8:35PM-8:40PM ET",2026-08-12T00:40:00Z,2026-08-12T00:35:00Z,482.40243582517195,Down,"[""0"", ""1""]",,,,-0.5,0.01,resolved,0x3d2d1ac92655b1fd50bbe51469e66736f36c899b9a502d8ff78bffe22f031ac7,https://data.chain.link/streams/zec-usd-twap-30s-streams,,
bnb-updown-5m-1786495200,BNB,"BNB Up or Down - August 11, 8:40PM-8:45PM ET",2026-08-12T00:45:00Z,2026-08-12T00:40:00Z,616.0987004679505,Down,"[""0"", ""1""]",0.02,198.47840599999995,,-0.5,0.01,resolved,0x12cdc1d14728a9251da74577debb24b3fcc01a252dd95e643fefbee696301f1a,https://data.chain.link/streams/bnb-usd-twap-30s-streams,,
btc-updown-5m-1786495200,BTC,"Bitcoin Up or Down - August 11, 8:40PM-8:45PM ET",2026-08-12T00:45:00Z,2026-08-12T00:40:00Z,63642.29636766061,Up,"[""1"", ""0""]",0.99,36790.48503399998,,0.49,0.01,resolved,0x501162a2f3006ee042dbcc6067c0164c81fe7c92aa4afdb24f4bd81f2e29a18a,https://data.chain.link/streams/btc-usd-twap-30s-streams,,
doge-updown-5m-1786495200,DOGE,"Dogecoin Up or Down - August 11, 8:40PM-8:45PM ET",2026-08-12T00:45:00Z,2026-08-12T00:40:00Z,0.07211184387241275,Down,"[""0"", ""1""]",0.34,569.657173,,-0.4995,0.001,resolved,0x7c2877fa48f08eb45db341091ccb9f89da037387581f028e396cca74112cda71,https://data.chain.link/streams/doge-usd-twap-30s-streams,,
eth-updown-5m-1786495200,ETH,"Ethereum Up or Down - August 11, 8:40PM-8:45PM ET",2026-08-12T00:45:00Z,2026-08-12T00:40:00Z,1879.8802411484603,Up,"[""1"", ""0""]",0.99,2952.1464689999984,,0.49,0.01,resolved,0xa68816dca358a6ae271698f3c982543ca7333843bd200b1ea5342d29cdc85cb1,https://data.chain.link/streams/eth-usd-twap-30s-streams,,
hype-updown-5m-1786495200,HYPE,"Hyperliquid Up or Down - August 11, 8:40PM-8:45PM ET",2026-08-12T00:45:00Z,2026-08-12T00:40:00Z,54.398213577362945,Up,"[""1"", ""0""]",0.99,235.048186,,0.495,0.01,resolved,0x5d0286f6acfc6796050419a3b99612feca0b223ca37c2bee88f9e6f1762ccfda,https://data.chain.link/streams/hype-usd-twap-30s-streams,,
sol-updown-5m-1786495200,SOL,"Solana Up or Down - August 11, 8:40PM-8:45PM ET",2026-08-12T00:45:00Z,2026-08-12T00:40:00Z,76.22449244065248,Down,"[""0"", ""1""]",0.01,1484.352542,,-0.5,0.01,resolved,0x66bf364751db97d5aa60348a45aead93754e06b1b686bce4482306880f06b55c,https://data.chain.link/streams/sol-usd-twap-30s-streams,,
xrp-updown-5m-1786495200,XRP,"XRP Up or Down - August 11, 8:40PM-8:45PM ET",2026-08-12T00:45:00Z,2026-08-12T00:40:00Z,1.0206016970286464,Up,"[""1"", ""0""]",0.99,899.595032,,0.4945,0.001,resolved,0xbffe12c1c205c8231c0eea6f77e0a9ff3daee02ace7737cd4b5bad6c9a832c88,https://data.chain.link/streams/xrp-usd-twap-30s-streams,,
zec-updown-5m-1786495200,ZEC,"ZCash Up or Down - August 11, 8:40PM-8:45PM ET",2026-08-12T00:45:00Z,2026-08-12T00:40:00Z,482.2020356526609,Up,"[""1"", ""0""]",0.98,,,0.495,0.01,resolved,0xcfbca0e867bb61bfd5c68309052d46fccd0d8f6f3cc49167f1b76bf41b37507a,https://data.chain.link/streams/zec-usd-twap-30s-streams,,
bnb-updown-5m-1786495500,BNB,"BNB Up or Down - August 11, 8:45PM-8:50PM ET",2026-08-12T00:50:00Z,2026-08-12T00:45:00Z,616.0467589201165,Up,"[""1"", ""0""]",0.99,,,0.4945,0.001,resolved,0xb670890a4f7247ab96b4e1c0bda2a4fa611111df1202b2b5faac65129df8d215,https://data.chain.link/streams/bnb-usd-twap-30s-streams,,
btc-updown-5m-1786495500,BTC,"Bitcoin Up or Down - August 11, 8:45PM-8:50PM ET",2026-08-12T00:50:00Z,2026-08-12T00:45:00Z,63658.16048796405,Up,"[""1"", ""0""]",0.99,42225.25235000003,,0.4945,0.001,resolved,0x7fa85a45f516e61d9136c9c9e848e73c26b07514a5cde8e3793e11c2cbebf134,https://data.chain.link/streams/btc-usd-twap-30s-streams,,
doge-updown-5m-1786495500,DOGE,"Dogecoin Up or Down - August 11, 8:45PM-8:50PM ET",2026-08-12T00:50:00Z,2026-08-12T00:45:00Z,0.07210063938126085,Up,"[""1"", ""0""]",0.99,166.40357600000002,,0.4995,0.001,resolved,0xa6ca5785c02b29fa7fae5d6c43fc97498ba455b1500331dd00c743a30e2d7c09,https://data.chain.link/streams/doge-usd-twap-30s-streams,,
eth-updown-5m-1786495500,ETH,"Ethereum Up or Down - August 11, 8:45PM-8:50PM ET",2026-08-12T00:50:00Z,2026-08-12T00:45:00Z,1880.053869348637,Up,"[""1"", ""0""]",0.99,3797.2522390000013,,0.4945,0.001,resolved,0x1b1ea9a1aaee5d70de83839dbd68ddcfa144e256aec7207063184ccebdd7c757,https://data.chain.link/streams/eth-usd-twap-30s-streams,,
hype-updown-5m-1786495500,HYPE,"Hyperliquid Up or Down - August 11, 8:45PM-8:50PM ET",2026-08-12T00:50:00Z,2026-08-12T00:45:00Z,54.47776072717814,Up,"[""1"", ""0""]",0.99,,,0.4995,0.001,resolved,0x39ab9cf96b0e3cfbeace3fced4ef0ff3439d5ef47435a23cd3821e66c25057bf,https://data.chain.link/streams/hype-usd-twap-30s-streams,,
sol-updown-5m-1786495500,SOL,"Solana Up or Down - August 11, 8:45PM-8:50PM ET",2026-08-12T00:50:00Z,2026-08-12T00:45:00Z,76.22344200393374,Up,"[""1"", ""0""]",0.99,,,0.49,0.01,resolved,0x0af4da1938456a270474a0e0f98bfbd5f57c5b9d7c3c897ba5b07d9467b2b0a8,https://data.chain.link/streams/sol-usd-twap-30s-streams,,
xrp-updown-5m-1786495500,XRP,"XRP Up or Down - August 11, 8:45PM-8:50PM ET",2026-08-12T00:50:00Z,2026-08-12T00:45:00Z,1.0211227216399503,Up,"[""1"", ""0""]",0.99,,,0.4945,0.001,resolved,0x356295115c2741795f74b1152605b32d95693df2f60963f4dfabfe039225bac3,https://data.chain.link/streams/xrp-usd-twap-30s-streams,,
zec-updown-5m-1786495500,ZEC,"ZCash Up or Down - August 11, 8:45PM-8:50PM ET",2026-08-12T00:50:00Z,2026-08-12T00:45:00Z,482.2905269440316,Down,"[""0"", ""1""]",,,,-0.495,0.01,resolved,0x3c3d3a28db18dbf1b26937c74431032a6e27be58e34c104d7f81a2c652789464,https://data.chain.link/streams/zec-usd-twap-30s-streams,,
bnb-updown-5m-1786495800,BNB,"BNB Up or Down - August 11, 8:50PM-8:55PM ET",2026-08-12T00:55:00Z,2026-08-12T00:50:00Z,616.1773788803536,Up,"[""1"", ""0""]",0.98,,,0.49,0.01,resolved,0x7ef1349032739c3a1042126f5846a83fa4f4d3a2898960a964e3ecbf9e92f198,https://data.chain.link/streams/bnb-usd-twap-30s-streams,,
btc-updown-5m-1786495800,BTC,"Bitcoin Up or Down - August 11, 8:50PM-8:55PM ET",2026-08-12T00:55:00Z,2026-08-12T00:50:00Z,63676.35371526063,Up,"[""1"", ""0""]",0.99,46759.32004,,0.49,0.01,resolved,0x3a42ffcb8e45a6837603949a390e747e66d4781faf4e6c91cc77d74ff4ff8f10,https://data.chain.link/streams/btc-usd-twap-30s-streams,,
doge-updown-5m-1786495800,DOGE,"Dogecoin Up or Down - August 11, 8:50PM-8:55PM ET",2026-08-12T00:55:00Z,2026-08-12T00:50:00Z,0.07219384490621099,Down,"[""0"", ""1""]",0.08,,,-0.495,0.01,resolved,0x9933d150664f3f3599a9e5abe0de5b227dc52bd952e3d966beb58e5d004ea22d,https://data.chain.link/streams/doge-usd-twap-30s-streams,,
eth-updown-5m-1786495800,ETH,"Ethereum Up or Down - August 11, 8:50PM-8:55PM ET",2026-08-12T00:55:00Z,2026-08-12T00:50:00Z,1881.1168209004964,Down,"[""0"", ""1""]",0.01,6825.6980060000005,,-0.5,0.01,resolved,0x49ddbb24bd7063bfc5e6fda82ebb85779d196bbe8aa09efab8e92b0885776aaa,https://data.chain.link/streams/eth-usd-twap-30s-streams,,
hype-updown-5m-1786495800,HYPE,"Hyperliquid Up or Down - August 11, 8:50PM-8:55PM ET",2026-08-12T00:55:00Z,2026-08-12T00:50:00Z,54.56173683589171,Down,"[""0"", ""1""]",0.27,,,-0.4995,0.001,resolved,0x4487375592341fb064c0953f4e62f9b598508307a759f77f118ece674e8a6c0b,https://data.chain.link/streams/hype-usd-twap-30s-streams,,
sol-updown-5m-1786495800,SOL,"Solana Up or Down - August 11, 8:50PM-8:55PM ET",2026-08-12T00:55:00Z,2026-08-12T00:50:00Z,76.22430839263,Up,"[""1"", ""0""]",0.99,,,0.49,0.01,resolved,0x9c7c6b188da0ef07238726ee7462a821c5f2d2376cdcd60b88c4c9d43994dc42,https://data.chain.link/streams/sol-usd-twap-30s-streams,,
xrp-updown-5m-1786495800,XRP,"XRP Up or Down - August 11, 8:50PM-8:55PM ET",2026-08-12T00:55:00Z,2026-08-12T00:50:00Z,1.0212315605967819,Down,"[""0"", ""1""]",0.06,,,-0.5,0.01,resolved,0x16ac38564e851c3b3cf45f11a1d580b31d7a7c554fa03d807d172c9a16e69c87,https://data.chain.link/streams/xrp-usd-twap-30s-streams,,
zec-updown-5m-1786495800,ZEC,"ZCash Up or Down - August 11, 8:50PM-8:55PM ET",2026-08-12T00:55:00Z,2026-08-12T00:50:00Z,481.9767910259236,Down,"[""0"", ""1""]",,,,-0.495,0.01,resolved,0x046a43cdcec40048390bb2870f47963e7f840e059cc2a31b8488544fdfbe0193,https://data.chain.link/streams/zec-usd-twap-30s-streams,,
bnb-updown-5m-1786496100,BNB,"BNB Up or Down - August 11, 8:55PM-9:00PM ET",2026-08-12T01:00:00Z,2026-08-12T00:55:00Z,616.4507058962826,Up,"[""1"", ""0""]",0.99,188.682604,,0.4945,0.001,resolved,0x82e7a9ab03ad3b509aa93cc7b5ca9be8971e09e555fa4e67417b97523a57fa05,https://data.chain.link/streams/bnb-usd-twap-30s-streams,,
btc-updown-5m-1786496100,BTC,"Bitcoin Up or Down - August 11, 8:55PM-9:00PM ET",2026-08-12T01:00:00Z,2026-08-12T00:55:00Z,63680.39458804671,Up,"[""1"", ""0""]",0.999,39179.25735699999,,0.4945,0.001,resolved,0x0362b30121fea4db07eb47bc3e75185db7b61a50a27c53b0d52bfa5e402e2be5,https://data.chain.link/streams/btc-usd-twap-30s-streams,,
doge-updown-5m-1786496100,DOGE,"Dogecoin Up or Down - August 11, 8:55PM-9:00PM ET",2026-08-12T01:00:00Z,2026-08-12T00:55:00Z,0.07216868095662225,Up,"[""1"", ""0""]",0.99,1188.0612409999999,5,0.4995,0.001,resolved,0x6106d48a0ee92e957a9bc52d73ee2223fef117ddd89600f42525fdbccc00f33a,https://data.chain.link/streams/doge-usd-twap-30s-streams,,
eth-updown-5m-1786496100,ETH,"Ethereum Up or Down - August 11, 8:55PM-9:00PM ET",2026-08-12T01:00:00Z,2026-08-12T00:55:00Z,1881.1151652897431,Down,"[""0"", ""1""]",0.01,2345.8503360000004,18.901958,-0.5045,0.001,resolved,0x5cb95499d29cc70cc3279a2977ee21ee2f7c05caafe95b61dc96e57954a300ca,https://data.chain.link/streams/eth-usd-twap-30s-streams,,
hype-updown-5m-1786496100,HYPE,"Hyperliquid Up or Down - August 11, 8:55PM-9:00PM ET",2026-08-12T01:00:00Z,2026-08-12T00:55:00Z,54.389874803150505,Down,"[""0"", ""1""]",0.06,118.692583,,-0.4995,0.001,resolved,0x0956f9a8f9c2618d0ed0879028169855549bf32a3863bcf2a5d190866751b1f3,https://data.chain.link/streams/hype-usd-twap-30s-streams,,
sol-updown-5m-1786496100,SOL,"Solana Up or Down - August 11, 8:55PM-9:00PM ET",2026-08-12T01:00:00Z,2026-08-12T00:55:00Z,76.28230814289654,Up,"[""1"", ""0""]",0.99,1743.499435,,0.4945,0.001,resolved,0xaaa9096ac1bdfe218156f111869c748c13d94fdd15b52856922bc6f3dc3e2840,https://data.chain.link/streams/sol-usd-twap-30s-streams,,
xrp-updown-5m-1786496100,XRP,"XRP Up or Down - August 11, 8:55PM-9:00PM ET",2026-08-12T01:00:00Z,2026-08-12T00:55:00Z,1.020997572347548,Up,"[""1"", ""0""]",0.999,1294.1983679999996,,0.4945,0.001,resolved,0x6334368be42228106024b029b43ae85ee6a0a6305c28f16161d755dd64bac673,https://data.chain.link/streams/xrp-usd-twap-30s-streams,,
zec-updown-5m-1786496100,ZEC,"ZCash Up or Down - August 11, 8:55PM-9:00PM ET",2026-08-12T01:00:00Z,2026-08-12T00:55:00Z,481.6431972575342,Up,"[""1"", ""0""]",0.99,,,0.495,0.01,resolved,0x20bd4090135e7d1eba72d03feb86fe8034f726d709ec62f98c19d41f2a79f340,https://data.chain.link/streams/zec-usd-twap-30s-streams,,
bnb-updown-5m-1786496400,BNB,"BNB Up or Down - August 11, 9:00PM-9:05PM ET",2026-08-12T01:05:00Z,2026-08-12T01:00:00Z,617.1747902668637,Up,"[""1"", ""0""]",0.99,,,0.49,0.01,resolved,0xb0aff6bab18ffd1a68ff154aeb26588a67995a1dbc4449e48d4e8772cac67d46,https://data.chain.link/streams/bnb-usd-twap-30s-streams,,
btc-updown-5m-1786496400,BTC,"Bitcoin Up or Down - August 11, 9:00PM-9:05PM ET",2026-08-12T01:05:00Z,2026-08-12T01:00:00Z,63683.93156889445,Down,"[""0"", ""1""]",0.001,98079.87832299988,6,-0.5045,0.001,resolved,0x68be6ffb922520b60dd1206644f3ae1fbe99524279e6f2c3267be18cd3b208f5,https://data.chain.link/streams/btc-usd-twap-30s-streams,,
doge-updown-5m-1786496400,DOGE,"Dogecoin Up or Down - August 11, 9:00PM-9:05PM ET",2026-08-12T01:05:00Z,2026-08-12T01:00:00Z,0.07225208447857281,Up,"[""1"", ""0""]",0.99,,,0.495,0.01,resolved,0x3db0fbb2c8a39aa7b55dfd25b1a1f584518123762ea01d36bae4ae545645eaa0,https://data.chain.link/streams/doge-usd-twap-30s-streams,,
eth-updown-5m-1786496400,ETH,"Ethereum Up or Down - August 11, 9:00PM-9:05PM ET",2026-08-12T01:05:00Z,2026-08-12T01:00:00Z,1880.7023143222225,Up,"[""1"", ""0""]",0.99,3912.746046,,0.49,0.01,resolved,0xc9ea9bc9e634adab6da709f7b7a687058ee0551244dff2e1d54f303983c17741,https://data.chain.link/streams/eth-usd-twap-30s-streams,,
hype-updown-5m-1786496400,HYPE,"Hyperliquid Up or Down - August 11, 9:00PM-9:05PM ET",2026-08-12T01:05:00Z,2026-08-12T01:00:00Z,54.33304646563852,Up,"[""1"", ""0""]",0.98,,,0.495,0.01,resolved,0x0252b538aef1ade1f7be8249fa489ef4fad1c5b25e97d540460932a2f9b7bf28,https://data.chain.link/streams/hype-usd-twap-30s-streams,,
sol-updown-5m-1786496400,SOL,"Solana Up or Down - August 11, 9:00PM-9:05PM ET",2026-08-12T01:05:00Z,2026-08-12T01:00:00Z,76.3044232707997,Down,"[""0"", ""1""]",0.07,2246.543243,,-0.5,0.01,resolved,0x9547ef6e7d9ff254f925f6b9cc24e74ac5db4b1bf02922209c56d36733aaf105,https://data.chain.link/streams/sol-usd-twap-30s-streams,,
xrp-updown-5m-1786496400,XRP,"XRP Up or Down - August 11, 9:00PM-9:05PM ET",2026-08-12T01:05:00Z,2026-08-12T01:00:00Z,1.0212221234785415,Up,"[""1"", ""0""]",0.99,1987.16218,,0.49,0.01,resolved,0x66468936cb60b35c4673d520099edad43533a56f3f03b2147babab10860f162a,https://data.chain.link/streams/xrp-usd-twap-30s-streams,,
zec-updown-5m-1786496400,ZEC,"ZCash Up or Down - August 11, 9:00PM-9:05PM ET",2026-08-12T01:05:00Z,2026-08-12T01:00:00Z,482.2194137112012,Down,"[""0"", ""1""]",,,,-0.495,0.01,resolved,0xac76dbad4aaab58712f51eabb7e7c9e75a0f4796b53cfd0caf24c439fb270581,https://data.chain.link/streams/zec-usd-twap-30s-streams,,
bnb-updown-5m-1786496700,BNB,"BNB Up or Down - August 11, 9:05PM-9:10PM ET",2026-08-12T01:10:00Z,2026-08-12T01:05:00Z,618.0630458638251,Up,"[""1"", ""0""]",0.99,,,0.4995,0.001,resolved,0x2aa2868bc58f274f9f48db7b0ca8f8595c510c9455262338da656fb536addecb,https://data.chain.link/streams/bnb-usd-twap-30s-streams,,
btc-updown-5m-1786496700,BTC,"Bitcoin Up or Down - August 11, 9:05PM-9:10PM ET",2026-08-12T01:10:00Z,2026-08-12T01:05:00Z,63667.08518365167,Up,"[""1"", ""0""]",0.999,63198.465135000006,6,0.4945,0.001,resolved,0x71c4f3a59587309fcdc8729acf6d183c790d0042313cf8eeeef1bb480da18407,https://data.chain.link/streams/btc-usd-twap-30s-streams,,
doge-updown-5m-1786496700,DOGE,"Dogecoin Up or Down - August 11, 9:05PM-9:10PM ET",2026-08-12T01:10:00Z,2026-08-12T01:05:00Z,0.07233967236976625,Up,"[""1"", ""0""]",0.99,,,0.4995,0.001,resolved,0x144bd3759f5fba394e693967d5df75b56f5e3bf12bb426b9e344aac4686a133c,https://data.chain.link/streams/doge-usd-twap-30s-streams,,
eth-updown-5m-1786496700,ETH,"Ethereum Up or Down - August 11, 9:05PM-9:10PM ET",2026-08-12T01:10:00Z,2026-08-12T01:05:00Z,1881.5686897946264,Down,"[""0"", ""1""]",0.01,5502.407976000001,,-0.4995,0.001,resolved,0xa88180c74e0f06456038e039d2bb7f50e7b323124ebe6a88ee332efa887e9f41,https://data.chain.link/streams/eth-usd-twap-30s-streams,,
hype-updown-5m-1786496700,HYPE,"Hyperliquid Up or Down - August 11, 9:05PM-9:10PM ET",2026-08-12T01:10:00Z,2026-08-12T01:05:00Z,54.34341743634355,Up,"[""1"", ""0""]",0.999,,,0.4995,0.001,resolved,0x64eceb44ab69fafe6133bb7310a10cef767b14591c2ff12fd0e3657d595a3e06,https://data.chain.link/streams/hype-usd-twap-30s-streams,,
sol-updown-5m-1786496700,SOL,"Solana Up or Down - August 11, 9:05PM-9:10PM ET",2026-08-12T01:10:00Z,2026-08-12T01:05:00Z,76.29069635026804,Up,"[""1"", ""0""]",0.99,,,0.4945,0.001,resolved,0xdc08149a9a01a55d8c9fe3335716ffbe4c36010fd1e5db590a36b844c66b1fb8,https://data.chain.link/streams/sol-usd-twap-30s-streams,,
xrp-updown-5m-1786496700,XRP,"XRP Up or Down - August 11, 9:05PM-9:10PM ET",2026-08-12T01:10:00Z,2026-08-12T01:05:00Z,1.0218782173304102,Up,"[""1"", ""0""]",0.99,,,0.4945,0.001,resolved,0x2409c293414182d8a8f6ccaa4a8946b243dc1ac818aaedb392013ebf9efb47f6,https://data.chain.link/streams/xrp-usd-twap-30s-streams,,
zec-updown-5m-1786496700,ZEC,"ZCash Up or Down - August 11, 9:05PM-9:10PM ET",2026-08-12T01:10:00Z,2026-08-12T01:05:00Z,481.1228821711918,Up,"[""1"", ""0""]",0.99,,,0.495,0.01,resolved,0x0482342291c393905d0af63f430c917d36bc9519c8ecc1a03178bed8ac436ac8,https://data.chain.link/streams/zec-usd-twap-30s-streams,,
bnb-updown-5m-1786497000,BNB,"BNB Up or Down - August 11, 9:10PM-9:15PM ET",2026-08-12T01:15:00Z,2026-08-12T01:10:00Z,619.5946102537455,Down,"[""0"", ""1""]",0.04,275.853952,,-0.5,0.01,resolved,0x103dd06239e37047e7b0e7c4bea118c7e5f00427fe50c2968cee39cc54bcd054,https://data.chain.link/streams/bnb-usd-twap-30s-streams,,
btc-updown-5m-1786497000,BTC,"Bitcoin Up or Down - August 11, 9:10PM-9:15PM ET",2026-08-12T01:15:00Z,2026-08-12T01:10:00Z,63674.85348625564,Up,"[""1"", ""0""]",0.999,37103.02162700001,6,0.4945,0.001,resolved,0xa3fc567c8badb05619a5544f7c91193007dcee969e5a0d192d956b85f3319452,https://data.chain.link/streams/btc-usd-twap-30s-streams,,
doge-updown-5m-1786497000,DOGE,"Dogecoin Up or Down - August 11, 9:10PM-9:15PM ET",2026-08-12T01:15:00Z,2026-08-12T01:10:00Z,0.07236530682787409,Up,"[""1"", ""0""]",0.98,265.746426,,0.495,0.01,resolved,0xda66a91e56de7a39549203dcbb2549359a56c04d4b18559af6b761e66362e089,https://data.chain.link/streams/doge-usd-twap-30s-streams,,
eth-updown-5m-1786497000,ETH,"Ethereum Up or Down - August 11, 9:10PM-9:15PM ET",2026-08-12T01:15:00Z,2026-08-12T01:10:00Z,1881.3143443119889,Up,"[""1"", ""0""]",0.99,1889.6897869999993,,0.4945,0.001,resolved,0xe6bc6da84f5076ad7413b947c52d87938924f8fe254f7163ff27540f464cae97,https://data.chain.link/streams/eth-usd-twap-30s-streams,,
hype-updown-5m-1786497000,HYPE,"Hyperliquid Up or Down - August 11, 9:10PM-9:15PM ET",2026-08-12T01:15:00Z,2026-08-12T01:10:00Z,54.4481219807399,Down,"[""0"", ""1""]",0.19,74.952348,,-0.4995,0.001,resolved,0x67c6b23a4bca9319c0a58a66746040d11958072661cb119f0bda578a3279bbe2,https://data.chain.link/streams/hype-usd-twap-30s-streams,,
sol-updown-5m-1786497000,SOL,"Solana Up or Down - August 11, 9:10PM-9:15PM ET",2026-08-12T01:15:00Z,2026-08-12T01:10:00Z,76.34117256665675,Up,"[""1"", ""0""]",0.99,883.2442689999999,,0.4945,0.001,resolved,0x44fc36f66fecb691e9d75ee415bd212313c73d589a6a5c48e4fd114c3cf6bcfd,https://data.chain.link/streams/sol-usd-twap-30s-streams,,
xrp-updown-5m-1786497000,XRP,"XRP Up or Down - August 11, 9:10PM-9:15PM ET",2026-08-12T01:15:00Z,2026-08-12T01:10:00Z,1.02225131876939,Up,"[""1"", ""0""]",0.99,782.4488820000001,,0.4945,0.001,resolved,0xc2bc3a237892e5a40074acf2224c3efa14aac0a3c0f9d5cd9ddfdf642e8262fc,https://data.chain.link/streams/xrp-usd-twap-30s-streams,,
zec-updown-5m-1786497000,ZEC,"ZCash Up or Down - August 11, 9:10PM-9:15PM ET",2026-08-12T01:15:00Z,2026-08-12T01:10:00Z,482.36489269333964,Up,"[""1"", ""0""]",0.99,,,0.495,0.01,resolved,0x05885d83318b5078f04f06546e540ae4eaf250f8c04787e305b846f6d5ca498a,https://data.chain.link/streams/zec-usd-twap-30s-streams,,
bnb-updown-5m-1786497300,BNB,"BNB Up or Down - August 11, 9:15PM-9:20PM ET",2026-08-12T01:20:00Z,2026-08-12T01:15:00Z,619.0125677792577,Down,"[""0"", ""1""]",0.03,349.183746,,-0.5045,0.001,resolved,0x6ccfddae6d6cbf19372e79403e19c486fd785da4f4a9df1339f055bab2846924,https://data.chain.link/streams/bnb-usd-twap-30s-streams,,
btc-updown-5m-1786497300,BTC,"Bitcoin Up or Down - August 11, 9:15PM-9:20PM ET",2026-08-12T01:20:00Z,2026-08-12T01:15:00Z,63725.82196024143,Down,"[""0"", ""1""]",0.01,42779.577111999984,,-0.5045,0.001,resolved,0xaed3cc945e562c0b4eb0ad058e64554735aceefdd1da069911175290bde69cbd,https://data.chain.link/streams/btc-usd-twap-30s-streams,,
doge-updown-5m-1786497300,DOGE,"Dogecoin Up or Down - August 11, 9:15PM-9:20PM ET",2026-08-12T01:20:00Z,2026-08-12T01:15:00Z,0.07241372354762429,Down,"[""0"", ""1""]",0.04,297.317895,,-0.4995,0.001,resolved,0x92291ba582137bb757c1a864f61b71785cc8f62840af3718d913180e13a3d4ac,https://data.chain.link/streams/doge-usd-twap-30s-streams,,
eth-updown-5m-1786497300,ETH,"Ethereum Up or Down - August 11, 9:15PM-9:20PM ET",2026-08-12T01:20:00Z,2026-08-12T01:15:00Z,1883.9523356910972,Down,"[""0"", ""1""]",0.05,2951.499460000001,,-0.5045,0.001,resolved,0x47e67f7bbc3cbf5c0b3086f91bad60f597aa0fe94761a1d2cab22ebddecb284e,https://data.chain.link/streams/eth-usd-twap-30s-streams,,
hype-updown-5m-1786497300,HYPE,"Hyperliquid Up or Down - August 11, 9:15PM-9:20PM ET",2026-08-12T01:20:00Z,2026-08-12T01:15:00Z,54.389050664077125,Down,"[""0"", ""1""]",0.01,339.76045,,-0.495,0.01,resolved,0x6ad41459fc10aaddbd95dd4d01444d990ae67f165f6ab963e100c05e89fbca00,https://data.chain.link/streams/hype-usd-twap-30s-streams,,
sol-updown-5m-1786497300,SOL,"Solana Up or Down - August 11, 9:15PM-9:20PM ET",2026-08-12T01:20:00Z,2026-08-12T01:15:00Z,76.44194755330992,Down,"[""0"", ""1""]",0.008,2800.4251510000013,,-0.5045,0.001,resolved,0x04ab38926c96111f3913287441541f6741a4cb2fb3332cbea8787c5960f35697,https://data.chain.link/streams/sol-usd-twap-30s-streams,,
xrp-updown-5m-1786497300,XRP,"XRP Up or Down - August 11, 9:15PM-9:20PM ET",2026-08-12T01:20:00Z,2026-08-12T01:15:00Z,1.0237784583774805,Down,"[""0"", ""1""]",0.03,,,-0.5045,0.001,resolved,0x803ce1bd82ad074c592bc3b1065f658eef6a5a6b4e04cff6495ea7afb87ac069,https://data.chain.link/streams/xrp-usd-twap-30s-streams,,
zec-updown-5m-1786497300,ZEC,"ZCash Up or Down - August 11, 9:15PM-9:20PM ET",2026-08-12T01:20:00Z,2026-08-12T01:15:00Z,483.72943647468725,Down,"[""0"", ""1""]",,,,-0.495,0.01,resolved,0xdedc78a4dc3187ff9106ca3c77c233db12570b2396f60d20de22c22556396f44,https://data.chain.link/streams/zec-usd-twap-30s-streams,,
bnb-updown-5m-1786497600,BNB,"BNB Up or Down - August 11, 9:20PM-9:25PM ET",2026-08-12T01:25:00Z,2026-08-12T01:20:00Z,616.7012871646256,Down,"[""0"", ""1""]",0.02,,,-0.5,0.01,resolved,0x6b418eadf1f4d2a167797c499abddbf5c1e99e5cc83d6e779a1dc37dbb27260a,https://data.chain.link/streams/bnb-usd-twap-30s-streams,,
btc-updown-5m-1786497600,BTC,"Bitcoin Up or Down - August 11, 9:20PM-9:25PM ET",2026-08-12T01:25:00Z,2026-08-12T01:20:00Z,63704.93629903359,Down,"[""0"", ""1""]",0.01,27549.742786000003,,-0.5,0.01,resolved,0xfd92fc8b16b6be94da909b966604e2f47ed2353aaded1b29158be9e5809ede5e,https://data.chain.link/streams/btc-usd-twap-30s-streams,,
doge-updown-5m-1786497600,DOGE,"Dogecoin Up or Down - August 11, 9:20PM-9:25PM ET",2026-08-12T01:25:00Z,2026-08-12T01:20:00Z,0.0723111602067287,Down,"[""0"", ""1""]",0.08,,,-0.4995,0.001,resolved,0x637dceebfbe4a888f51648734dcb3612e1b66362d10f8f049a019b797ab95b53,https://data.chain.link/streams/doge-usd-twap-30s-streams,,
eth-updown-5m-1786497600,ETH,"Ethereum Up or Down - August 11, 9:20PM-9:25PM ET",2026-08-12T01:25:00Z,2026-08-12T01:20:00Z,1881.4406671752897,Up,"[""1"", ""0""]",0.99,11677.519126999992,,0.49,0.01,resolved,0x9d325cf094edbc305f73ba54d164822d65da7e4e2b2f42dce8eebc329526a766,https://data.chain.link/streams/eth-usd-twap-30s-streams,,
hype-updown-5m-1786497600,HYPE,"Hyperliquid Up or Down - August 11, 9:20PM-9:25PM ET",2026-08-12T01:25:00Z,2026-08-12T01:20:00Z,54.382176619982694,Down,"[""0"", ""1""]",,,,-0.4995,0.001,resolved,0x4fd119876d325a2f44a16a97f4200efe40298cc991ee34a74ae68a4bc629fdb3,https://data.chain.link/streams/hype-usd-twap-30s-streams,,
sol-updown-5m-1786497600,SOL,"Solana Up or Down - August 11, 9:20PM-9:25PM ET",2026-08-12T01:25:00Z,2026-08-12T01:20:00Z,76.36959767521607,Down,"[""0"", ""1""]",0.01,,,-0.5045,0.001,resolved,0x37908affe06b173140584d449d69284c0f43caa3940538e1b3e6df4505512e02,https://data.chain.link/streams/sol-usd-twap-30s-streams,,
xrp-updown-5m-1786497600,XRP,"XRP Up or Down - August 11, 9:20PM-9:25PM ET",2026-08-12T01:25:00Z,2026-08-12T01:20:00Z,1.0228431809673517,Down,"[""0"", ""1""]",0.03,,,-0.5045,0.001,resolved,0x58dd524991353214b7acb5ff2ed0844518efebfeedb1b776b2de3094b51002e5,https://data.chain.link/streams/xrp-usd-twap-30s-streams,,
zec-updown-5m-1786497600,ZEC,"ZCash Up or Down - August 11, 9:20PM-9:25PM ET",2026-08-12T01:25:00Z,2026-08-12T01:20:00Z,482.7191536261397,Down,"[""0"", ""1""]",,,,-0.495,0.01,resolved,0xf2eede0fdcee67f333fbb12814ab40921473f03ac80275b2508dfd0daf2b4a2e,https://data.chain.link/streams/zec-usd-twap-30s-streams,,
bnb-updown-5m-1786497900,BNB,"BNB Up or Down - August 11, 9:25PM-9:30PM ET",2026-08-12T01:30:00Z,2026-08-12T01:25:00Z,616.5711600152106,Down,"[""0"", ""1""]",0.09,180.08846999999997,,-0.5045,0.001,resolved,0x5f9c9d79ade7995c5fe06f10739b7ee63c51ac7298fa4d633faf487d09043fa0,https://data.chain.link/streams/bnb-usd-twap-30s-streams,,
btc-updown-5m-1786497900,BTC,"Bitcoin Up or Down - August 11, 9:25PM-9:30PM ET",2026-08-12T01:30:00Z,2026-08-12T01:25:00Z,63696.30280907122,Up,"[""1"", ""0""]",0.99,49923.847912000005,,0.49,0.01,resolved,0xaec2ea442019b8179ec4b1ec1f1ed620c753dcc4fd0ba09f50b128adcf71fc27,https://data.chain.link/streams/btc-usd-twap-30s-streams,,
doge-updown-5m-1786497900,DOGE,"Dogecoin Up or Down - August 11, 9:25PM-9:30PM ET",2026-08-12T01:30:00Z,2026-08-12T01:25:00Z,0.07225753076262742,Up,"[""1"", ""0""]",0.99,159.552462,,0.4995,0.001,resolved,0x5e24ee319d029547a88d31cc5d50abd39783672495d19a0782595d6731a4c55e,https://data.chain.link/streams/doge-usd-twap-30s-streams,,
eth-updown-5m-1786497900,ETH,"Ethereum Up or Down - August 11, 9:25PM-9:30PM ET",2026-08-12T01:30:00Z,2026-08-12T01:25:00Z,1881.4509133136,Down,"[""0"", ""1""]",0.05,4113.206946000001,,-0.5,0.01,resolved,0x6f0032d29c75a9eabe934bc7c661002b87bdb85ee7558300d4af76c7052fbde1,https://data.chain.link/streams/eth-usd-twap-30s-streams,,
hype-updown-5m-1786497900,HYPE,"Hyperliquid Up or Down - August 11, 9:25PM-9:30PM ET",2026-08-12T01:30:00Z,2026-08-12T01:25:00Z,54.34423077515924,Down,"[""0"", ""1""]",0.16,48.897817,,-0.4995,0.001,resolved,0xd3a041304c1119aed25ed63d4a76a3a71b5bb055d9575f1e764c44d81fbca2fa,https://data.chain.link/streams/hype-usd-twap-30s-streams,,
sol-updown-5m-1786497900,SOL,"Solana Up or Down - August 11, 9:25PM-9:30PM ET",2026-08-12T01:30:00Z,2026-08-12T01:25:00Z,76.34998446651,Down,"[""0"", ""1""]",0.12,732.6375779999998,,-0.5045,0.001,resolved,0x11392bf397ccc75f25bbae4e8b9cfe0b40f7fd046c22bf1483c55bd8488cb983,https://data.chain.link/streams/sol-usd-twap-30s-streams,,
xrp-updown-5m-1786497900,XRP,"XRP Up or Down - August 11, 9:25PM-9:30PM ET",2026-08-12T01:30:00Z,2026-08-12T01:25:00Z,1.0224988939314004,Up,"[""1"", ""0""]",0.99,586.904998,,0.4945,0.001,resolved,0x2c24ee52471b3cfc48b9a8905482f4e8015876f25185c5bac5883f4ae6b47117,https://data.chain.link/streams/xrp-usd-twap-30s-streams,,
zec-updown-5m-1786497900,ZEC,"ZCash Up or Down - August 11, 9:25PM-9:30PM ET",2026-08-12T01:30:00Z,2026-08-12T01:25:00Z,482.03093897988845,Down,"[""0"", ""1""]",,,,-0.495,0.01,resolved,0x087a4dc004e896e8f176771e87bc2e99b858d8d4e99bb7596352d91e6de2f3a8,https://data.chain.link/streams/zec-usd-twap-30s-streams,,
bnb-updown-5m-1786498200,BNB,"BNB Up or Down - August 11, 9:30PM-9:35PM ET",2026-08-12T01:35:00Z,2026-08-12T01:30:00Z,615.8377467004871,Up,"[""1"", ""0""]",0.99,453.65996800000005,,0.49,0.01,resolved,0x0f65cba0bef13eaabba06896b1aca3619f14a1ce8cc22dc388cb40bd830d8bb2,https://data.chain.link/streams/bnb-usd-twap-30s-streams,,
btc-updown-5m-1786498200,BTC,"Bitcoin Up or Down - August 11, 9:30PM-9:35PM ET",2026-08-12T01:35:00Z,2026-08-12T01:30:00Z,63698.095029007825,Down,"[""0"", ""1""]",0.01,32152.05953000003,,-0.5045,0.001,resolved,0xb23143646953c85d527cea6fdd8a7321e2a07f20ef89fc213f611efab1b03237,https://data.chain.link/streams/btc-usd-twap-30s-streams,,
doge-updown-5m-1786498200,DOGE,"Dogecoin Up or Down - August 11, 9:30PM-9:35PM ET",2026-08-12T01:35:00Z,2026-08-12T01:30:00Z,0.07228787280776344,Down,"[""0"", ""1""]",0.11,,,-0.4995,0.001,resolved,0xef2f43dfcb1dcc79f3f7e6b490a4dc21c0460a159ca7b53d4274ee58fadeeebc,https://data.chain.link/streams/doge-usd-twap-30s-streams,,
eth-updown-5m-1786498200,ETH,"Ethereum Up or Down - August 11, 9:30PM-9:35PM ET",2026-08-12T01:35:00Z,2026-08-12T01:30:00Z,1881.4287036515486,Down,"[""0"", ""1""]",0.01,3881.7925010000004,,-0.5,0.01,resolved,0x53ed819e15332b8a3df2b7c8669dd7bc279d20af6416be8515a10339f713fa69,https://data.chain.link/streams/eth-usd-twap-30s-streams,,
hype-updown-5m-1786498200,HYPE,"Hyperliquid Up or Down - August 11, 9:30PM-9:35PM ET",2026-08-12T01:35:00Z,2026-08-12T01:30:00Z,54.27858421009913,Down,"[""0"", ""1""]",0.01,327.519368,,-0.495,0.01,resolved,0x5e42d4a073afe2087ac29a9d6f7c89fb8a2a702dacd15fd355882bb2453731ba,https://data.chain.link/streams/hype-usd-twap-30s-streams,,
sol-updown-5m-1786498200,SOL,"Solana Up or Down - August 11, 9:30PM-9:35PM ET",2026-08-12T01:35:00Z,2026-08-12T01:30:00Z,76.31928788725045,Down,"[""0"", ""1""]",0.07,,,-0.5045,0.001,resolved,0x8fcafb00b1824964fa709c47f83630cfc081c8cee4c7a335f3dea48a1d4d374b,https://data.chain.link/streams/sol-usd-twap-30s-streams,,
xrp-updown-5m-1786498200,XRP,"XRP Up or Down - August 11, 9:30PM-9:35PM ET",2026-08-12T01:35:00Z,2026-08-12T01:30:00Z,1.02266486539286,Down,"[""0"", ""1""]",0.07,,,-0.4995,0.001,resolved,0x57425dddd57ca96ae39559fa516a5544a662825aa2c628a408fdc99a4d6f1556,https://data.chain.link/streams/xrp-usd-twap-30s-streams,,
zec-updown-5m-1786498200,ZEC,"ZCash Up or Down - August 11, 9:30PM-9:35PM ET",2026-08-12T01:35:00Z,2026-08-12T01:30:00Z,481.4152710497667,Up,"[""1"", ""0""]",0.99,,,0.495,0.01,resolved,0xcfa976740f9ca54160f991d5db8843a69697ec4b95614ce0380e33b80247f45e,https://data.chain.link/streams/zec-usd-twap-30s-streams,,
bnb-updown-5m-1786498500,BNB,"BNB Up or Down - August 11, 9:35PM-9:40PM ET",2026-08-12T01:40:00Z,2026-08-12T01:35:00Z,616.4086602076945,Up,"[""1"", ""0""]",0.99,,,0.4945,0.001,resolved,0x9b2b02b786bc0adbfbc7b34360d7a290709ba17f12951791dbafffac6ef3d9af,https://data.chain.link/streams/bnb-usd-twap-30s-streams,,
btc-updown-5m-1786498500,BTC,"Bitcoin Up or Down - August 11, 9:35PM-9:40PM ET",2026-08-12T01:40:00Z,2026-08-12T01:35:00Z,63670.50653971945,Up,"[""1"", ""0""]",0.999,23598.563169000012,,0.4945,0.001,resolved,0x4683da0dd3e734fc0d4abbb74c6d399b634bca76b3d9f1cf124eb7ea409f650c,https://data.chain.link/streams/btc-usd-twap-30s-streams,,
doge-updown-5m-1786498500,DOGE,"Dogecoin Up or Down - August 11, 9:35PM-9:40PM ET",2026-08-12T01:40:00Z,2026-08-12T01:35:00Z,0.07227048351030217,Down,"[""0"", ""1""]",0.01,,,-0.4995,0.001,resolved,0x2bcf81c02bc8c8056d8c3ea428b9cdcfc92eac275b3a2d331c1e5833c6df12fb,https://data.chain.link/streams/doge-usd-twap-30s-streams,,
eth-updown-5m-1786498500,ETH,"Ethereum Up or Down - August 11, 9:35PM-9:40PM ET",2026-08-12T01:40:00Z,2026-08-12T01:35:00Z,1880.9850502573408,Up,"[""1"", ""0""]",0.99,2396.485542000001,,0.49,0.01,resolved,0x5d127ae268d65fd5605ef37e92ab3d70315fb5010fd73d9a3510b8532c627de7,https://data.chain.link/streams/eth-usd-twap-30s-streams,,
hype-updown-5m-1786498500,HYPE,"Hyperliquid Up or Down - August 11, 9:35PM-9:40PM ET",2026-08-12T01:40:00Z,2026-08-12T01:35:00Z,54.274787409713596,Up,"[""1"", ""0""]",0.99,,,0.4995,0.001,resolved,0x08c45e36ad0dcbb2f3d756addcb35dbb9a2a723acab011d80f3e66fd6ce12b0b,https://data.chain.link/streams/hype-usd-twap-30s-streams,,
sol-updown-5m-1786498500,SOL,"Solana Up or Down - August 11, 9:35PM-9:40PM ET",2026-08-12T01:40:00Z,2026-08-12T01:35:00Z,76.296148867268,Up,"[""1"", ""0""]",0.99,,,0.4945,0.001,resolved,0x285a979348c2221a8cf7c87821559ab8ec7dda8fe52a4309cd4b88e51537d369,https://data.chain.link/streams/sol-usd-twap-30s-streams,,
xrp-updown-5m-1786498500,XRP,"XRP Up or Down - August 11, 9:35PM-9:40PM ET",2026-08-12T01:40:00Z,2026-08-12T01:35:00Z,1.0223297723333333,Down,"[""0"", ""1""]",0.04,,,-0.5,0.01,resolved,0x793ea05e7bd966bebb728cddafdf4f34780cd7330428ffd3395e2cf3f1685b57,https://data.chain.link/streams/xrp-usd-twap-30s-streams,,
zec-updown-5m-1786498500,ZEC,"ZCash Up or Down - August 11, 9:35PM-9:40PM ET",2026-08-12T01:40:00Z,2026-08-12T01:35:00Z,481.5586192235419,Down,"[""0"", ""1""]",,,,-0.495,0.01,resolved,0x84c19c948463b97e91261438a581800c01c7a4940be6c7f45889cb3f7322c24e,https://data.chain.link/streams/zec-usd-twap-30s-streams,,
bnb-updown-5m-1786498800,BNB,"BNB Up or Down - August 11, 9:40PM-9:45PM ET",2026-08-12T01:45:00Z,2026-08-12T01:40:00Z,617.0361547841417,Up,"[""1"", ""0""]",0.99,300.887479,,0.4995,0.001,resolved,0xa88196b5231a497e8f2e67df8d438e0c1a872f81a65eb7c6382b55b1ab41bf2a,https://data.chain.link/streams/bnb-usd-twap-30s-streams,,
btc-updown-5m-1786498800,BTC,"Bitcoin Up or Down - August 11, 9:40PM-9:45PM ET",2026-08-12T01:45:00Z,2026-08-12T01:40:00Z,63704.14575755583,Up,"[""1"", ""0""]",0.999,26519.48002799999,,0.4945,0.001,resolved,0x8c7618983199fdacab4a28614d15f58121bf33535f5755c3d9162a1cd1873288,https://data.chain.link/streams/btc-usd-twap-30s-streams,,
doge-updown-5m-1786498800,DOGE,"Dogecoin Up or Down - August 11, 9:40PM-9:45PM ET",2026-08-12T01:45:00Z,2026-08-12T01:40:00Z,0.07216816425914799,Up,"[""1"", ""0""]",0.99,280.394442,,0.4995,0.001,resolved,0xd9374428d11f3dc03db5ece7ab8cd1a584843bd10d6d9e9ff7d06fc7db745cf7,https://data.chain.link/streams/doge-usd-twap-30s-streams,,
eth-updown-5m-1786498800,ETH,"Ethereum Up or Down - August 11, 9:40PM-9:45PM ET",2026-08-12T01:45:00Z,2026-08-12T01:40:00Z,1881.0423583723837,Up,"[""1"", ""0""]",0.99,1661.4457159999997,,0.4945,0.001,resolved,0x28e08520b08c176645ac6f5ebb5e373162ae1e04429b4e7255cca68e708b3c70,https://data.chain.link/streams/eth-usd-twap-30s-streams,,
hype-updown-5m-1786498800,HYPE,"Hyperliquid Up or Down - August 11, 9:40PM-9:45PM ET",2026-08-12T01:45:00Z,2026-08-12T01:40:00Z,54.39533451550345,Up,"[""1"", ""0""]",0.99,240.13168700000006,,0.4995,0.001,resolved,0x1dada131de0a2105aefd2b0589dfdf1e2e3af24ee1c619e1c3983693713b247d,https://data.chain.link/streams/hype-usd-twap-30s-streams,,
sol-updown-5m-1786498800,SOL,"Solana Up or Down - August 11, 9:40PM-9:45PM ET",2026-08-12T01:45:00Z,2026-08-12T01:40:00Z,76.31236795320805,Up,"[""1"", ""0""]",0.98,1015.3984709999997,,0.4945,0.001,resolved,0x54d7f0690be70276de0f79ae2a12eb267e428add0e44324cf386bcd66b702f9b,https://data.chain.link/streams/sol-usd-twap-30s-streams,,
xrp-updown-5m-1786498800,XRP,"XRP Up or Down - August 11, 9:40PM-9:45PM ET",2026-08-12T01:45:00Z,2026-08-12T01:40:00Z,1.0222686847499092,Up,"[""1"", ""0""]",0.98,477.136348,,0.4945,0.001,resolved,0xc8e7f702ead1af2bbe40aefe324821e1702fe9e86cc688494596853e72b2e1ba,https://data.chain.link/streams/xrp-usd-twap-30s-streams,,
zec-updown-5m-1786498800,ZEC,"ZCash Up or Down - August 11, 9:40PM-9:45PM ET",2026-08-12T01:45:00Z,2026-08-12T01:40:00Z,480.71055960825163,Up,"[""1"", ""0""]",0.99,,,0.495,0.01,resolved,0x7c5d7a7690ff3e0243ca926d9753d19d7ebf372e4fd53e496d6394927d458eb7,https://data.chain.link/streams/zec-usd-twap-30s-streams,,
bnb-updown-5m-1786499100,BNB,"BNB Up or Down - August 11, 9:45PM-9:50PM ET",2026-08-12T01:50:00Z,2026-08-12T01:45:00Z,617.9071007709356,Up,"[""1"", ""0""]",0.99,,,0.4945,0.001,resolved,0xb99548e63b1b6a241b13dd31af62e64e949ebfbdfa9acc047eb5b119b5cca9fb,https://data.chain.link/streams/bnb-usd-twap-30s-streams,,
btc-updown-5m-1786499100,BTC,"Bitcoin Up or Down - August 11, 9:45PM-9:50PM ET",2026-08-12T01:50:00Z,2026-08-12T01:45:00Z,63760.07496104492,Up,"[""1"", ""0""]",0.999,38881.17705199998,,0.4945,0.001,resolved,0xe66f6014cfcc463ecb52e0350e096e9c0ff6946fc276afa698c6c6cb87fb796f,https://data.chain.link/streams/btc-usd-twap-30s-streams,,
doge-updown-5m-1786499100,DOGE,"Dogecoin Up or Down - August 11, 9:45PM-9:50PM ET",2026-08-12T01:50:00Z,2026-08-12T01:45:00Z,0.07231982850035797,Up,"[""1"", ""0""]",0.98,,,0.4995,0.001,resolved,0xcb212e142d91e4021e4b001cde0dd5008dba61dba4f338349cf95877d5c54a11,https://data.chain.link/streams/doge-usd-twap-30s-streams,,
eth-updown-5m-1786499100,ETH,"Ethereum Up or Down - August 11, 9:45PM-9:50PM ET",2026-08-12T01:50:00Z,2026-08-12T01:45:00Z,1883.7499533585028,Up,"[""1"", ""0""]",0.99,3211.1411190000013,,0.4945,0.001,resolved,0x7d60c3378074f6bf3d3cf909d8cd484c686fe99a753270da1a7dc74164d11a27,https://data.chain.link/streams/eth-usd-twap-30s-streams,,
hype-updown-5m-1786499100,HYPE,"Hyperliquid Up or Down - August 11, 9:45PM-9:50PM ET",2026-08-12T01:50:00Z,2026-08-12T01:45:00Z,54.499606507093475,Up,"[""1"", ""0""]",0.99,150.078604,,0.4995,0.001,resolved,0x1dd0f53bbf321aa85ff2c1ce722c18d6da5df2aa9b5134a613222834a0ad6f93,https://data.chain.link/streams/hype-usd-twap-30s-streams,,
sol-updown-5m-1786499100,SOL,"Solana Up or Down - August 11, 9:45PM-9:50PM ET",2026-08-12T01:50:00Z,2026-08-12T01:45:00Z,76.4104690135553,Up,"[""1"", ""0""]",0.99,3670.556052,,0.4945,0.001,resolved,0xfc4f0d7716f905c44169ff0c620ae1de86deae937c70f0e024a4341a38bcefa7,https://data.chain.link/streams/sol-usd-twap-30s-streams,,
xrp-updown-5m-1786499100,XRP,"XRP Up or Down - August 11, 9:45PM-9:50PM ET",2026-08-12T01:50:00Z,2026-08-12T01:45:00Z,1.0230968304299501,Up,"[""1"", ""0""]",0.999,,,0.4945,0.001,resolved,0x7627245354ff372f9325cdbe2a67ef4f9f917923c9d7bc285bad975ecc385c8a,https://data.chain.link/streams/xrp-usd-twap-30s-streams,,
zec-updown-5m-1786499100,ZEC,"ZCash Up or Down - August 11, 9:45PM-9:50PM ET",2026-08-12T01:50:00Z,2026-08-12T01:45:00Z,481.84464253450705,Down,"[""0"", ""1""]",,,,-0.495,0.01,resolved,0xc62e2d1fd2ef4a088f71e91aed5ab27762ba210dacba003c797f55c4e8eba822,https://data.chain.link/streams/zec-usd-twap-30s-streams,,
bnb-updown-5m-1786499400,BNB,"BNB Up or Down - August 11, 9:50PM-9:55PM ET",2026-08-12T01:55:00Z,2026-08-12T01:50:00Z,618.1371752177898,Up,"[""1"", ""0""]",0.94,,,0.495,0.01,resolved,0xf5db0b90393aa6954f03be6e6e96e4da3c98cffce2e5c4982e289910729bdc57,https://data.chain.link/streams/bnb-usd-twap-30s-streams,,
btc-updown-5m-1786499400,BTC,"Bitcoin Up or Down - August 11, 9:50PM-9:55PM ET",2026-08-12T01:55:00Z,2026-08-12T01:50:00Z,63787.856103126134,Down,"[""0"", ""1""]",0.01,60452.34909599995,,-0.5,0.01,resolved,0x2c082317bfc3a1ea57eb2cbb8819a8eb7fc0bf4672d02309afbb770a8cc73840,https://data.chain.link/streams/btc-usd-twap-30s-streams,,
doge-updown-5m-1786499400,DOGE,"Dogecoin Up or Down - August 11, 9:50PM-9:55PM ET",2026-08-12T01:55:00Z,2026-08-12T01:50:00Z,0.07239957817141969,Down,"[""0"", ""1""]",0.2,,,-0.4995,0.001,resolved,0x98bab7ff22b09962a628d728f715317da796201be13a0ac4e1513339792fc95d,https://data.chain.link/streams/doge-usd-twap-30s-streams,,
eth-updown-5m-1786499400,ETH,"Ethereum Up or Down - August 11, 9:50PM-9:55PM ET",2026-08-12T01:55:00Z,2026-08-12T01:50:00Z,1884.5566800689153,Down,"[""0"", ""1""]",0.01,,,-0.5045,0.001,resolved,0xb8e72024afee93ae073587e369198ffeff28a3d6d3c163201ebbd2b38f0e7b4b,https://data.chain.link/streams/eth-usd-twap-30s-streams,,
hype-updown-5m-1786499400,HYPE,"Hyperliquid Up or Down - August 11, 9:50PM-9:55PM ET",2026-08-12T01:55:00Z,2026-08-12T01:50:00Z,54.632294331411856,Down,"[""0"", ""1""]",0.53,,,-0.495,0.01,resolved,0x118541dea14a6e07e28b157775692a1e54ea463af86e9863c6962c13e1719f28,https://data.chain.link/streams/hype-usd-twap-30s-streams,,
sol-updown-5m-1786499400,SOL,"Solana Up or Down - August 11, 9:50PM-9:55PM ET",2026-08-12T01:55:00Z,2026-08-12T01:50:00Z,76.48006967025951,Down,"[""0"", ""1""]",0.03,,,-0.5,0.01,resolved,0x71f119e30c7e1aad59be87d9a05de2255ab4f58eec3065a622eec5e413762979,https://data.chain.link/streams/sol-usd-twap-30s-streams,,
xrp-updown-5m-1786499400,XRP,"XRP Up or Down - August 11, 9:50PM-9:55PM ET",2026-08-12T01:55:00Z,2026-08-12T01:50:00Z,1.0237172117780275,Down,"[""0"", ""1""]",0.01,,,-0.5045,0.001,resolved,0x1498a4fd1b403a45513e478df3f03d5a6405940ffebf3fdf07e18f3ec292a863,https://data.chain.link/streams/xrp-usd-twap-30s-streams,,
zec-updown-5m-1786499400,ZEC,"ZCash Up or Down - August 11, 9:50PM-9:55PM ET",2026-08-12T01:55:00Z,2026-08-12T01:50:00Z,481.4328007426952,Down,"[""0"", ""1""]",,,,-0.495,0.01,resolved,0x0490c186842504340802cb9ce9f66f404326089403eedc119a9247d9f2ab695d,https://data.chain.link/streams/zec-usd-twap-30s-streams,,
bnb-updown-5m-1786499700,BNB,"BNB Up or Down - August 11, 9:55PM-10:00PM ET",2026-08-12T02:00:00Z,2026-08-12T01:55:00Z,618.4761701643414,Down,"[""0"", ""1""]",0.09,221.170085,,-0.5045,0.001,resolved,0x619afdb99e068ab93fd737170040b2504308fa62564fa494f0fdcd8b8027db2b,https://data.chain.link/streams/bnb-usd-twap-30s-streams,,
btc-updown-5m-1786499700,BTC,"Bitcoin Up or Down - August 11, 9:55PM-10:00PM ET",2026-08-12T02:00:00Z,2026-08-12T01:55:00Z,63782.98511114201,Down,"[""0"", ""1""]",0.01,42655.797375999995,145.823528,-0.5045,0.001,resolved,0x43f566e9cc4dcec6d08f7789bb9fea98936c0b083ccd3071a373acb3eb0ebdee,https://data.chain.link/streams/btc-usd-twap-30s-streams,,
doge-updown-5m-1786499700,DOGE,"Dogecoin Up or Down - August 11, 9:55PM-10:00PM ET",2026-08-12T02:00:00Z,2026-08-12T01:55:00Z,0.07225474866121469,Down,"[""0"", ""1""]",0.07,657.109242,,-0.4995,0.001,resolved,0xde2dc48de1abf92e9d1800f2cf3baeefc84022d3c4f9dda700f4a1f5bcc46be1,https://data.chain.link/streams/doge-usd-twap-30s-streams,,
eth-updown-5m-1786499700,ETH,"Ethereum Up or Down - August 11, 9:55PM-10:00PM ET",2026-08-12T02:00:00Z,2026-08-12T01:55:00Z,1882.7271813379868,Up,"[""1"", ""0""]",0.99,4373.263652000001,,0.4945,0.001,resolved,0xd00a5987cbc4ce410809d08f1bff6b1be18ee9d650f94bb55060492dcdb070c3,https://data.chain.link/streams/eth-usd-twap-30s-streams,,
hype-updown-5m-1786499700,HYPE,"Hyperliquid Up or Down - August 11, 9:55PM-10:00PM ET",2026-08-12T02:00:00Z,2026-08-12T01:55:00Z,54.57661563754516,Down,"[""0"", ""1""]",0.07,117.66266399999999,,-0.4995,0.001,resolved,0x62e48caa28b8b13e60de4df346d7831a2e956973fb17382e799826a087279af7,https://data.chain.link/streams/hype-usd-twap-30s-streams,,
sol-updown-5m-1786499700,SOL,"Solana Up or Down - August 11, 9:55PM-10:00PM ET",2026-08-12T02:00:00Z,2026-08-12T01:55:00Z,76.41724396601087,Down,"[""0"", ""1""]",0.01,2974.1282309999992,,-0.5045,0.001,resolved,0xd42381ed616fd87127ab4720a742bf3fb082331f07581cf81615e1279e1ba949,https://data.chain.link/streams/sol-usd-twap-30s-streams,,
xrp-updown-5m-1786499700,XRP,"XRP Up or Down - August 11, 9:55PM-10:00PM ET",2026-08-12T02:00:00Z,2026-08-12T01:55:00Z,1.0221483404112597,Down,"[""0"", ""1""]",0.01,1500.2412120000001,,-0.5,0.01,resolved,0xefb028c5eab340a5e81ca8be9f483025518f1be14633c7490da9561b1dd89c1a,https://data.chain.link/streams/xrp-usd-twap-30s-streams,,
zec-updown-5m-1786499700,ZEC,"ZCash Up or Down - August 11, 9:55PM-10:00PM ET",2026-08-12T02:00:00Z,2026-08-12T01:55:00Z,480.48451300853384,Down,"[""0"", ""1""]",,,,-0.495,0.01,resolved,0xfcee9289b091f73ddd641ebef678904a4af5eb83dd13a1c83480b7cf0c142b55,https://data.chain.link/streams/zec-usd-twap-30s-streams,,
bnb-updown-5m-1786500000,BNB,"BNB Up or Down - August 11, 10:00PM-10:05PM ET",2026-08-12T02:05:00Z,2026-08-12T02:00:00Z,617.8928960052904,Up,"[""1"", ""0""]",0.999,,,0.4995,0.001,resolved,0x60300dcfe71f3a04a0a706f836f34106102868d204c922396425ff4268e6ea3b,https://data.chain.link/streams/bnb-usd-twap-30s-streams,,
btc-updown-5m-1786500000,BTC,"Bitcoin Up or Down - August 11, 10:00PM-10:05PM ET",2026-08-12T02:05:00Z,2026-08-12T02:00:00Z,63758.647075324756,Up,"[""1"", ""0""]",0.999,50513.69750699998,66,0.49,0.01,resolved,0x8292b582d90124b50b945c6eb54a089e880a8acb18ad429fecf3cdb2f18bcdb4,https://data.chain.link/streams/btc-usd-twap-30s-streams,,
doge-updown-5m-1786500000,DOGE,"Dogecoin Up or Down - August 11, 10:00PM-10:05PM ET",2026-08-12T02:05:00Z,2026-08-12T02:00:00Z,0.07222785814250525,Up,"[""1"", ""0""]",0.99,,,0.495,0.01,resolved,0x8a150c8a1aa8803afd64b4967b20dbb315d4b3f5f6460995fe782f3353911daf,https://data.chain.link/streams/doge-usd-twap-30s-streams,,
eth-updown-5m-1786500000,ETH,"Ethereum Up or Down - August 11, 10:00PM-10:05PM ET",2026-08-12T02:05:00Z,2026-08-12T02:00:00Z,1882.933159500459,Up,"[""1"", ""0""]",0.99,3901.786578999999,,0.49,0.01,resolved,0xbdd0d3ebc0efedf0c99173bf6b7d087f5b5123d9d26a256640881bdc46857bfa,https://data.chain.link/streams/eth-usd-twap-30s-streams,,
hype-updown-5m-1786500000,HYPE,"Hyperliquid Up or Down - August 11, 10:00PM-10:05PM ET",2026-08-12T02:05:00Z,2026-08-12T02:00:00Z,54.50667307935927,Up,"[""1"", ""0""]",0.99,63.69545,,0.495,0.01,resolved,0xd75a1088bdfb060bbd63416906addffe29a558c7682962e249f8550474c53144,https://data.chain.link/streams/hype-usd-twap-30s-streams,,
sol-updown-5m-1786500000,SOL,"Solana Up or Down - August 11, 10:00PM-10:05PM ET",2026-08-12T02:05:00Z,2026-08-12T02:00:00Z,76.35906914467323,Up,"[""1"", ""0""]",0.99,1879.3058679999997,,0.49,0.01,resolved,0xebc82ba0adabf021fdfcc3e69ab588093e2b7d17086d2c4993bd37f8c99a34f5,https://data.chain.link/streams/sol-usd-twap-30s-streams,,
xrp-updown-5m-1786500000,XRP,"XRP Up or Down - August 11, 10:00PM-10:05PM ET",2026-08-12T02:05:00Z,2026-08-12T02:00:00Z,1.0220642803888311,Up,"[""1"", ""0""]",0.99,,,0.4945,0.001,resolved,0xe0864e845211aae36a39b9f2adf289759398228224043442e70667b85fd10eef,https://data.chain.link/streams/xrp-usd-twap-30s-streams,,
zec-updown-5m-1786500000,ZEC,"ZCash Up or Down - August 11, 10:00PM-10:05PM ET",2026-08-12T02:05:00Z,2026-08-12T02:00:00Z,479.7115850885165,Up,"[""1"", ""0""]",0.98,,,0.495,0.01,resolved,0xb966638e56f98f8f3a98ca938eac8afcf4e26551722eb25538097af5e90c17fe,https://data.chain.link/streams/zec-usd-twap-30s-streams,,
bnb-updown-5m-1786500300,BNB,"BNB Up or Down - August 11, 10:05PM-10:10PM ET",2026-08-12T02:10:00Z,2026-08-12T02:05:00Z,618.2111280172629,Down,"[""0"", ""1""]",0.01,,,-0.5045,0.001,resolved,0xb34249341b616669973278fb2905ad61c9378013db45c0935f35d2c1cede6cfb,https://data.chain.link/streams/bnb-usd-twap-30s-streams,,
btc-updown-5m-1786500300,BTC,"Bitcoin Up or Down - August 11, 10:05PM-10:10PM ET",2026-08-12T02:10:00Z,2026-08-12T02:05:00Z,63769.678418845855,Up,"[""1"", ""0""]",0.999,40140.36708800001,61,0.4945,0.001,resolved,0x23f4e9cfe25b97f991067384d31eaca636d5868787a52896a564efce2926609d,https://data.chain.link/streams/btc-usd-twap-30s-streams,,
doge-updown-5m-1786500300,DOGE,"Dogecoin Up or Down - August 11, 10:05PM-10:10PM ET",2026-08-12T02:10:00Z,2026-08-12T02:05:00Z,0.07225999287670713,Up,"[""1"", ""0""]",0.999,,,0.4995,0.001,resolved,0x88407858eba12458bc82fc8fac6ccd8925cc1e6c1095399bdfe54a210f4418d7,https://data.chain.link/streams/doge-usd-twap-30s-streams,,
eth-updown-5m-1786500300,ETH,"Ethereum Up or Down - August 11, 10:05PM-10:10PM ET",2026-08-12T02:10:00Z,2026-08-12T02:05:00Z,1883.5224131714906,Up,"[""1"", ""0""]",0.99,3082.4456430000014,,0.4945,0.001,resolved,0x67eb663a6cba2352c3c23e607124257739971c19b48d26f5da1e7ab6f7967014,https://data.chain.link/streams/eth-usd-twap-30s-streams,,
hype-updown-5m-1786500300,HYPE,"Hyperliquid Up or Down - August 11, 10:05PM-10:10PM ET",2026-08-12T02:10:00Z,2026-08-12T02:05:00Z,54.540110587624625,Up,"[""1"", ""0""]",0.99,,,0.4995,0.001,resolved,0xca22dacfe6a0e3af772bd0f1471dcd6e0f3b8c730671d9efd59dd2a29881ce31,https://data.chain.link/streams/hype-usd-twap-30s-streams,,
sol-updown-5m-1786500300,SOL,"Solana Up or Down - August 11, 10:05PM-10:10PM ET",2026-08-12T02:10:00Z,2026-08-12T02:05:00Z,76.38522100797525,Up,"[""1"", ""0""]",0.99,,,0.4945,0.001,resolved,0xa764af5c82a34587737b4e7b3ae2518e117da91765eb16e755e3962c6c4f0dd1,https://data.chain.link/streams/sol-usd-twap-30s-streams,,
xrp-updown-5m-1786500300,XRP,"XRP Up or Down - August 11, 10:05PM-10:10PM ET",2026-08-12T02:10:00Z,2026-08-12T02:05:00Z,1.0231551337610578,Up,"[""1"", ""0""]",0.99,,,0.4995,0.001,resolved,0x073f0075cfc90078d2e2c9e6a076e2af99ec967fab8fd2b82b2be754856772de,https://data.chain.link/streams/xrp-usd-twap-30s-streams,,
zec-updown-5m-1786500300,ZEC,"ZCash Up or Down - August 11, 10:05PM-10:10PM ET",2026-08-12T02:10:00Z,2026-08-12T02:05:00Z,480.1552485132792,Up,"[""1"", ""0""]",,,,0.495,0.01,resolved,0x32f1b14b4ca5da5a0e6cb057717f837bcf2554a0882b281f9d9bdf90cd5bb961,https://data.chain.link/streams/zec-usd-twap-30s-streams,,
bnb-updown-5m-1786500600,BNB,"BNB Up or Down - August 11, 10:10PM-10:15PM ET",2026-08-12T02:15:00Z,2026-08-12T02:10:00Z,617.9700388465344,Down,"[""0"", ""1""]",0.14,290.51946,,-0.5045,0.001,resolved,0x8fc72d6db6dc75a63fddcea18fa13529620f50bad80e8a0ec8c7f604292d2d88,https://data.chain.link/streams/bnb-usd-twap-30s-streams,,
btc-updown-5m-1786500600,BTC,"Bitcoin Up or Down - August 11, 10:10PM-10:15PM ET",2026-08-12T02:15:00Z,2026-08-12T02:10:00Z,63806.99296050124,Up,"[""1"", ""0""]",0.999,84625.70325199986,61,0.4945,0.001,resolved,0xe36167a81f94bea92e0686c73da5fc8df9c1e5da72283f596a3f5d8e197dbf90,https://data.chain.link/streams/btc-usd-twap-30s-streams,,
doge-updown-5m-1786500600,DOGE,"Dogecoin Up or Down - August 11, 10:10PM-10:15PM ET",2026-08-12T02:15:00Z,2026-08-12T02:10:00Z,0.07236287313415139,Down,"[""0"", ""1""]",0.02,428.625633,,-0.4995,0.001,resolved,0x8b33dce67c3aaa1df8d33967bfa9d3dc75161ddb11ba1583dcf164a763405498,https://data.chain.link/streams/doge-usd-twap-30s-streams,,
eth-updown-5m-1786500600,ETH,"Ethereum Up or Down - August 11, 10:10PM-10:15PM ET",2026-08-12T02:15:00Z,2026-08-12T02:10:00Z,1885.415975671553,Down,"[""0"", ""1""]",0.01,2054.689469,,-0.5045,0.001,resolved,0xbbe4e8428a2817979ffb0500964fe38d69317cd6735a05d289cd59b9300dd3a0,https://data.chain.link/streams/eth-usd-twap-30s-streams,,
hype-updown-5m-1786500600,HYPE,"Hyperliquid Up or Down - August 11, 10:10PM-10:15PM ET",2026-08-12T02:15:00Z,2026-08-12T02:10:00Z,54.60208088499887,Down,"[""0"", ""1""]",0.39,82.58797400000002,,-0.4995,0.001,resolved,0x2f2c15866cb496a03da037b5b32a73d259b07acb8d983ab1d8e3452b576fb3cb,https://data.chain.link/streams/hype-usd-twap-30s-streams,,
sol-updown-5m-1786500600,SOL,"Solana Up or Down - August 11, 10:10PM-10:15PM ET",2026-08-12T02:15:00Z,2026-08-12T02:10:00Z,76.48817537099833,Down,"[""0"", ""1""]",0.05,1341.9510529999998,,-0.5045,0.001,resolved,0x0edbf82934d42fe21aa3a864d44e9beb24bd0cc89cc0a0349a596048dd9507f5,https://data.chain.link/streams/sol-usd-twap-30s-streams,,
xrp-updown-5m-1786500600,XRP,"XRP Up or Down - August 11, 10:10PM-10:15PM ET",2026-08-12T02:15:00Z,2026-08-12T02:10:00Z,1.0239596061807392,Down,"[""0"", ""1""]",0.008,1422.682204,,-0.5045,0.001,resolved,0x9e7d00f049bb92441399aa34cfb4d313b18d602c948e818649c9f50e2e827b42,https://data.chain.link/streams/xrp-usd-twap-30s-streams,,
zec-updown-5m-1786500600,ZEC,"ZCash Up or Down - August 11, 10:10PM-10:15PM ET",2026-08-12T02:15:00Z,2026-08-12T02:10:00Z,481.2664258394252,Down,"[""0"", ""1""]",,,,-0.495,0.01,resolved,0xfa4ed9cdfe1b3e2787265caf29a3b584ee18613332a59402486f5dc095c9e584,https://data.chain.link/streams/zec-usd-twap-30s-streams,,
bnb-updown-5m-1786500900,BNB,"BNB Up or Down - August 11, 10:15PM-10:20PM ET",2026-08-12T02:20:00Z,2026-08-12T02:15:00Z,617.117852996064,Up,"[""1"", ""0""]",0.99,,,0.49,0.01,resolved,0x849d83a350545f9ab63073f129a088125d2129903e3814691e652ae25d035a5c,https://data.chain.link/streams/bnb-usd-twap-30s-streams,,
btc-updown-5m-1786500900,BTC,"Bitcoin Up or Down - August 11, 10:15PM-10:20PM ET",2026-08-12T02:20:00Z,2026-08-12T02:15:00Z,63809.60860414408,Down,"[""0"", ""1""]",0.001,41300.15550499997,,-0.5045,0.001,resolved,0x05ff96391452c456c414c1de7b55f41a22091652adc7c4d2567d758a201b56f3,https://data.chain.link/streams/btc-usd-twap-30s-streams,,
doge-updown-5m-1786500900,DOGE,"Dogecoin Up or Down - August 11, 10:15PM-10:20PM ET",2026-08-12T02:20:00Z,2026-08-12T02:15:00Z,0.07213246507449952,Up,"[""1"", ""0""]",0.99,99.48296700000002,,0.4995,0.001,resolved,0x31ac5d58784c8d6222aa68a92dddbe4b59ee36b95537dd3c18e751b675110aa9,https://data.chain.link/streams/doge-usd-twap-30s-streams,,
eth-updown-5m-1786500900,ETH,"Ethereum Up or Down - August 11, 10:15PM-10:20PM ET",2026-08-12T02:20:00Z,2026-08-12T02:15:00Z,1884.3717203409599,Up,"[""1"", ""0""]",0.99,1892.2009620000003,,0.4945,0.001,resolved,0x6f580e2ea52fcafe7ef358d2f8b328f022de30221716e1556c525b6f83604b38,https://data.chain.link/streams/eth-usd-twap-30s-streams,,
hype-updown-5m-1786500900,HYPE,"Hyperliquid Up or Down - August 11, 10:15PM-10:20PM ET",2026-08-12T02:20:00Z,2026-08-12T02:15:00Z,54.554233621765285,Down,"[""0"", ""1""]",0.51,,,-0.4995,0.001,resolved,0x80508bf8c56c7fc6f8bca590beb0b3b3a561b117abac75ebba0b532e0a438b23,https://data.chain.link/streams/hype-usd-twap-30s-streams,,
sol-updown-5m-1786500900,SOL,"Solana Up or Down - August 11, 10:15PM-10:20PM ET",2026-08-12T02:20:00Z,2026-08-12T02:15:00Z,76.45802577317698,Up,"[""1"", ""0""]",0.92,2503.431343,,0.4945,0.001,resolved,0x8b9a0f758f26c8269e09dbdc0c0132ef78eb87851bc8322c4d9ac9f791039b07,https://data.chain.link/streams/sol-usd-twap-30s-streams,,
xrp-updown-5m-1786500900,XRP,"XRP Up or Down - August 11, 10:15PM-10:20PM ET",2026-08-12T02:20:00Z,2026-08-12T02:15:00Z,1.0222074037980138,Down,"[""0"", ""1""]",0.01,6146.260011,,-0.5,0.01,resolved,0x7820a4370cdae7458b63ef14b7d63cff166adb26b4831a821db0914d80ef2f51,https://data.chain.link/streams/xrp-usd-twap-30s-streams,,
zec-updown-5m-1786500900,ZEC,"ZCash Up or Down - August 11, 10:15PM-10:20PM ET",2026-08-12T02:20:00Z,2026-08-12T02:15:00Z,480.93788301825384,Down,"[""0"", ""1""]",,,,-0.495,0.01,resolved,0x24a6529c302ed9b0d12c8882f5f18969d9419f8d787abe7851fc4538bf224307,https://data.chain.link/streams/zec-usd-twap-30s-streams,,
bnb-updown-5m-1786501200,BNB,"BNB Up or Down - August 11, 10:20PM-10:25PM ET",2026-08-12T02:25:00Z,2026-08-12T02:20:00Z,617.1357266196328,Down,"[""0"", ""1""]",0.01,,,-0.5045,0.001,resolved,0x7ba51be2e4b1ce407f10e290a1c7ee3da650c397b96afdf2823367ba72d635f8,https://data.chain.link/streams/bnb-usd-twap-30s-streams,,
btc-updown-5m-1786501200,BTC,"Bitcoin Up or Down - August 11, 10:20PM-10:25PM ET",2026-08-12T02:25:00Z,2026-08-12T02:20:00Z,63801.56326795249,Down,"[""0"", ""1""]",0.001,29545.114527000012,,-0.5045,0.001,resolved,0x5a0f0408382b9f149f8f754ce35765c27fd1226f4eb1a2c18132ea9eb27908c0,https://data.chain.link/streams/btc-usd-twap-30s-streams,,
doge-updown-5m-1786501200,DOGE,"Dogecoin Up or Down - August 11, 10:20PM-10:25PM ET",2026-08-12T02:25:00Z,2026-08-12T02:20:00Z,0.07222756932254824,Down,"[""0"", ""1""]",0.04,,,-0.4995,0.001,resolved,0xa6eb69547693a2e5d1888e57e33b10ba40d0d8f8c9832988c0dbd6e6a8730fd1,https://data.chain.link/streams/doge-usd-twap-30s-streams,,
eth-updown-5m-1786501200,ETH,"Ethereum Up or Down - August 11, 10:20PM-10:25PM ET",2026-08-12T02:25:00Z,2026-08-12T02:20:00Z,1884.6663574939232,Down,"[""0"", ""1""]",0.03,1352.5616400000001,,-0.5045,0.001,resolved,0x112b148264838d23edc3474d3781f2f6cbd0b268ac9562015b8fb91fe2f6d8d1,https://data.chain.link/streams/eth-usd-twap-30s-streams,,
hype-updown-5m-1786501200,HYPE,"Hyperliquid Up or Down - August 11, 10:20PM-10:25PM ET",2026-08-12T02:25:00Z,2026-08-12T02:20:00Z,54.53120507420872,Down,"[""0"", ""1""]",0.19,,,-0.4995,0.001,resolved,0xf8f616f8f867b5f896f6ce27bf8894dcca7e262aa69c37b69be107eb6c25d2a2,https://data.chain.link/streams/hype-usd-twap-30s-streams,,
sol-updown-5m-1786501200,SOL,"Solana Up or Down - August 11, 10:20PM-10:25PM ET",2026-08-12T02:25:00Z,2026-08-12T02:20:00Z,76.47188778906502,Down,"[""0"", ""1""]",0.06,,,-0.5045,0.001,resolved,0x76eed2d3f0cf23719dd8bd4b8d6a8847fd0ae171d6883365cdaaed8cc086c433,https://data.chain.link/streams/sol-usd-twap-30s-streams,,
xrp-updown-5m-1786501200,XRP,"XRP Up or Down - August 11, 10:20PM-10:25PM ET",2026-08-12T02:25:00Z,2026-08-12T02:20:00Z,1.0221977722128786,Down,"[""0"", ""1""]",0.09,,,-0.5045,0.001,resolved,0xbf9c70660aa34cea3a8d6c5047502a4663badb04ef39a4f27f435901dbeed8ac,https://data.chain.link/streams/xrp-usd-twap-30s-streams,,
zec-updown-5m-1786501200,ZEC,"ZCash Up or Down - August 11, 10:20PM-10:25PM ET",2026-08-12T02:25:00Z,2026-08-12T02:20:00Z,480.90435223100036,Down,"[""0"", ""1""]",,,,-0.4995,0.001,resolved,0xde2f83719ad34a21a498d972b72b6c71494e27c1a5de5c660e34e2f4a6b466b0,https://data.chain.link/streams/zec-usd-twap-30s-streams,,
bnb-updown-5m-1786501500,BNB,"BNB Up or Down - August 11, 10:25PM-10:30PM ET",2026-08-12T02:30:00Z,2026-08-12T02:25:00Z,615.9473637134563,Up,"[""1"", ""0""]",0.99,299.7553909999999,,0.4945,0.001,resolved,0x625682fef21beb86fbfcd3dafb510ccbcab4448f9c97b2e65d808dccf53e10e7,https://data.chain.link/streams/bnb-usd-twap-30s-streams,,
btc-updown-5m-1786501500,BTC,"Bitcoin Up or Down - August 11, 10:25PM-10:30PM ET",2026-08-12T02:30:00Z,2026-08-12T02:25:00Z,63740.44191829312,Up,"[""1"", ""0""]",0.999,26547.154430999984,,0.4945,0.001,resolved,0x9f3109d9ee705eb13d81997321603c8cad1b0bd4702d0d499e7a441bc6d384a0,https://data.chain.link/streams/btc-usd-twap-30s-streams,,
doge-updown-5m-1786501500,DOGE,"Dogecoin Up or Down - August 11, 10:25PM-10:30PM ET",2026-08-12T02:30:00Z,2026-08-12T02:25:00Z,0.07212187271154166,Up,"[""1"", ""0""]",0.99,347.435648,,0.4995,0.001,resolved,0x8526676c399194f520008212f3cecd22ec932882aef866d0e9ac125ea9cb3048,https://data.chain.link/streams/doge-usd-twap-30s-streams,,
eth-updown-5m-1786501500,ETH,"Ethereum Up or Down - August 11, 10:25PM-10:30PM ET",2026-08-12T02:30:00Z,2026-08-12T02:25:00Z,1882.5422220005341,Up,"[""1"", ""0""]",0.99,2217.075431,,0.4945,0.001,resolved,0x33374cc1e8b43852829151370c1baa7280f2602c9fdb5a3316491d668f852780,https://data.chain.link/streams/eth-usd-twap-30s-streams,,
hype-updown-5m-1786501500,HYPE,"Hyperliquid Up or Down - August 11, 10:25PM-10:30PM ET",2026-08-12T02:30:00Z,2026-08-12T02:25:00Z,54.45788545780853,Up,"[""1"", ""0""]",0.99,82.75354999999999,,0.4995,0.001,resolved,0x8f3ee1de7b0708b98b4eea56fe203b5bc3ac976ccb8c21bd3b30cac3f56b11a6,https://data.chain.link/streams/hype-usd-twap-30s-streams,,
sol-updown-5m-1786501500,SOL,"Solana Up or Down - August 11, 10:25PM-10:30PM ET",2026-08-12T02:30:00Z,2026-08-12T02:25:00Z,76.3822306059563,Up,"[""1"", ""0""]",0.99,542.966174,,0.4945,0.001,resolved,0xc184b44e8fe4847e577ac3ce50b736cef032e678b6375b045932040dbc041f46,https://data.chain.link/streams/sol-usd-twap-30s-streams,,
xrp-updown-5m-1786501500,XRP,"XRP Up or Down - August 11, 10:25PM-10:30PM ET",2026-08-12T02:30:00Z,2026-08-12T02:25:00Z,1.0196825148990354,Up,"[""1"", ""0""]",0.99,637.889872,,0.4945,0.001,resolved,0x89d995beb1ca19dac0aecd261871416fc7641658aeba3f4ee761d4e7fa0af219,https://data.chain.link/streams/xrp-usd-twap-30s-streams,,
zec-updown-5m-1786501500,ZEC,"ZCash Up or Down - August 11, 10:25PM-10:30PM ET",2026-08-12T02:30:00Z,2026-08-12T02:25:00Z,480.28301682848263,Up,"[""1"", ""0""]",,,,0.495,0.01,resolved,0xad70a01673a7995d5f52163a23221ccc65276a6d7d4ca458d4b8aa7477173969,https://data.chain.link/streams/zec-usd-twap-30s-streams,,
bnb-updown-5m-1786501800,BNB,"BNB Up or Down - August 11, 10:30PM-10:35PM ET",2026-08-12T02:35:00Z,2026-08-12T02:30:00Z,616.2500228055484,Down,"[""0"", ""1""]",0.33,,,-0.5,0.01,resolved,0x452840abe3e5e4c726e5c33fe6b729f6c1ef171952ebd1186f2a8b5916181dde,https://data.chain.link/streams/bnb-usd-twap-30s-streams,,
btc-updown-5m-1786501800,BTC,"Bitcoin Up or Down - August 11, 10:30PM-10:35PM ET",2026-08-12T02:35:00Z,2026-08-12T02:30:00Z,63829.28272328655,Down,"[""0"", ""1""]",0.01,40390.89194700003,,-0.5045,0.001,resolved,0xeccd4f26d19405ae8ef861f3dabc0a102dda1a01dc2dda8fcebdb1ef41b716f7,https://data.chain.link/streams/btc-usd-twap-30s-streams,,
doge-updown-5m-1786501800,DOGE,"Dogecoin Up or Down - August 11, 10:30PM-10:35PM ET",2026-08-12T02:35:00Z,2026-08-12T02:30:00Z,0.07215039106211268,Down,"[""0"", ""1""]",0.06,,,-0.495,0.01,resolved,0x4d10692bbcfd5662123ed819338493e0fc25e9972bc0b0f40d33b245da7d8150,https://data.chain.link/streams/doge-usd-twap-30s-streams,,
eth-updown-5m-1786501800,ETH,"Ethereum Up or Down - August 11, 10:30PM-10:35PM ET",2026-08-12T02:35:00Z,2026-08-12T02:30:00Z,1884.6972265032641,Down,"[""0"", ""1""]",0.01,2023.237506,,-0.5,0.01,resolved,0x3724533418e72f658ff8fd171a5f21f2e8fa4b7e7c3d2a5854c878a4e3e674c2,https://data.chain.link/streams/eth-usd-twap-30s-streams,,
hype-updown-5m-1786501800,HYPE,"Hyperliquid Up or Down - August 11, 10:30PM-10:35PM ET",2026-08-12T02:35:00Z,2026-08-12T02:30:00Z,54.55814452133728,Down,"[""0"", ""1""]",0.001,659.9772280000001,,-0.495,0.01,resolved,0x87135a827d7eeb3772aa00907a0a87944fc5f90020b57f5b8eaae747e54374ed,https://data.chain.link/streams/hype-usd-twap-30s-streams,,
sol-updown-5m-1786501800,SOL,"Solana Up or Down - August 11, 10:30PM-10:35PM ET",2026-08-12T02:35:00Z,2026-08-12T02:30:00Z,76.47765185072338,Down,"[""0"", ""1""]",0.01,,,-0.5,0.01,resolved,0x6c5301e89f21fad25554b031c7ab1206c854a559a64ac019f8268cf25bd3b274,https://data.chain.link/streams/sol-usd-twap-30s-streams,,
xrp-updown-5m-1786501800,XRP,"XRP Up or Down - August 11, 10:30PM-10:35PM ET",2026-08-12T02:35:00Z,2026-08-12T02:30:00Z,1.0200351331782556,Down,"[""0"", ""1""]",0.01,,,-0.495,0.01,resolved,0xa3fd4a9f4cb05a85cd3e4141854d99e0e98ead1850010355f8c04b7ad23385b3,https://data.chain.link/streams/xrp-usd-twap-30s-streams,,
zec-updown-5m-1786501800,ZEC,"ZCash Up or Down - August 11, 10:30PM-10:35PM ET",2026-08-12T02:35:00Z,2026-08-12T02:30:00Z,480.72875875411717,Down,"[""0"", ""1""]",,,,-0.495,0.01,resolved,0xf812ddbb575e8f114aa2df6357878562b229fd01f10663d8be7d085314d8cb03,https://data.chain.link/streams/zec-usd-twap-30s-streams,,
bnb-updown-5m-1786502100,BNB,"BNB Up or Down - August 11, 10:35PM-10:40PM ET",2026-08-12T02:40:00Z,2026-08-12T02:35:00Z,615.9225304788653,Up,"[""1"", ""0""]",0.97,,,0.4995,0.001,resolved,0xd3ccd37652806718e6f14ac414d3960b3611d7b2508207508f9a6611440a0117,https://data.chain.link/streams/bnb-usd-twap-30s-streams,,
btc-updown-5m-1786502100,BTC,"Bitcoin Up or Down - August 11, 10:35PM-10:40PM ET",2026-08-12T02:40:00Z,2026-08-12T02:35:00Z,63774.0060316676,Down,"[""0"", ""1""]",0.001,26893.518475,,-0.5045,0.001,resolved,0xac52f6cacea5065371668bb9e9316c5ba39db99da8164f2c33d4daf1d15761e2,https://data.chain.link/streams/btc-usd-twap-30s-streams,,
doge-updown-5m-1786502100,DOGE,"Dogecoin Up or Down - August 11, 10:35PM-10:40PM ET",2026-08-12T02:40:00Z,2026-08-12T02:35:00Z,0.07208559594575288,Down,"[""0"", ""1""]",0.16,,,-0.4995,0.001,resolved,0x14e3c5496b05bc215d96a075f477b9dddbd11fcb0f2263b89c67f642a9da240d,https://data.chain.link/streams/doge-usd-twap-30s-streams,,
eth-updown-5m-1786502100,ETH,"Ethereum Up or Down - August 11, 10:35PM-10:40PM ET",2026-08-12T02:40:00Z,2026-08-12T02:35:00Z,1883.597191328273,Down,"[""0"", ""1""]",0.03,2026.5394299999998,,-0.5045,0.001,resolved,0x979d8bef8af885acba388a756af27f56dc164685cb89ea577b1c77bbba3f1ee1,https://data.chain.link/streams/eth-usd-twap-30s-streams,,
hype-updown-5m-1786502100,HYPE,"Hyperliquid Up or Down - August 11, 10:35PM-10:40PM ET",2026-08-12T02:40:00Z,2026-08-12T02:35:00Z,54.55779930716418,Up,"[""1"", ""0""]",0.98,,,0.495,0.01,resolved,0x4db18956f529e2610661ab12558bd0dabf0fa677dcb19f4637774a8203e72860,https://data.chain.link/streams/hype-usd-twap-30s-streams,,
sol-updown-5m-1786502100,SOL,"Solana Up or Down - August 11, 10:35PM-10:40PM ET",2026-08-12T02:40:00Z,2026-08-12T02:35:00Z,76.4577037013056,Down,"[""0"", ""1""]",0.04,,,-0.5045,0.001,resolved,0x66de721cc9af144f48ecfb8f6b82f2a3abfba6124a916da4a777b54d64e1c955,https://data.chain.link/streams/sol-usd-twap-30s-streams,,
xrp-updown-5m-1786502100,XRP,"XRP Up or Down - August 11, 10:35PM-10:40PM ET",2026-08-12T02:40:00Z,2026-08-12T02:35:00Z,1.0196424194383027,Down,"[""0"", ""1""]",0.16,,,-0.4995,0.001,resolved,0x0abe2a8e3c8ec01fdce841e4acddc05116c9ad72afafb2765dbbf9978a73090b,https://data.chain.link/streams/xrp-usd-twap-30s-streams,,
zec-updown-5m-1786502100,ZEC,"ZCash Up or Down - August 11, 10:35PM-10:40PM ET",2026-08-12T02:40:00Z,2026-08-12T02:35:00Z,480.2718977955223,Down,"[""0"", ""1""]",,,,-0.495,0.01,resolved,0xb0affd482d4afabe556f527e96a243ef75977afcb65ee81e71a7e6c2a8786fe7,https://data.chain.link/streams/zec-usd-twap-30s-streams,,
bnb-updown-5m-1786502400,BNB,"BNB Up or Down - August 11, 10:40PM-10:45PM ET",2026-08-12T02:45:00Z,2026-08-12T02:40:00Z,616.1087628864342,Up,"[""1"", ""0""]",0.999,368.210061,,0.4945,0.001,resolved,0xa9e30149d8b9addb3c8e0f88ae52d992c92eb46ff06d575c1dab9f346dc10a2f,https://data.chain.link/streams/bnb-usd-twap-30s-streams,,
btc-updown-5m-1786502400,BTC,"Bitcoin Up or Down - August 11, 10:40PM-10:45PM ET",2026-08-12T02:45:00Z,2026-08-12T02:40:00Z,63724.96585810234,Down,"[""0"", ""1""]",0.01,40430.01168699993,,-0.5,0.01,resolved,0x9291bfa86a8375940567933b1dbb4d9fff891b622dc12e136eb5e9c292dab370,https://data.chain.link/streams/btc-usd-twap-30s-streams,,
doge-updown-5m-1786502400,DOGE,"Dogecoin Up or Down - August 11, 10:40PM-10:45PM ET",2026-08-12T02:45:00Z,2026-08-12T02:40:00Z,0.07196803677709517,Up,"[""1"", ""0""]",0.99,252.610465,,0.495,0.01,resolved,0xef3cf4ba0a353b89053b84b406a5891795679230ee54fce992f194e8f973fb56,https://data.chain.link/streams/doge-usd-twap-30s-streams,,
eth-updown-5m-1786502400,ETH,"Ethereum Up or Down - August 11, 10:40PM-10:45PM ET",2026-08-12T02:45:00Z,2026-08-12T02:40:00Z,1882.2762399407666,Up,"[""1"", ""0""]",0.99,1508.0375510000001,,0.49,0.01,resolved,0x386b265cd1102db6a92035f530d2ffecee33fc8a285a5ec3bcbd938e8f96bdc9,https://data.chain.link/streams/eth-usd-twap-30s-streams,,
hype-updown-5m-1786502400,HYPE,"Hyperliquid Up or Down - August 11, 10:40PM-10:45PM ET",2026-08-12T02:45:00Z,2026-08-12T02:40:00Z,54.564953522985284,Down,"[""0"", ""1""]",0.01,225.91412899999997,,-0.495,0.01,resolved,0x2fb72b3531e878bdd51f7f39ae5106509e87c83032687be61e4225ba79be4bf8,https://data.chain.link/streams/hype-usd-twap-30s-streams,,
sol-updown-5m-1786502400,SOL,"Solana Up or Down - August 11, 10:40PM-10:45PM ET",2026-08-12T02:45:00Z,2026-08-12T02:40:00Z,76.40388222847872,Up,"[""1"", ""0""]",0.99,1180.237022,,0.49,0.01,resolved,0x34ee2e594dd1c1a03a7624227c178004f444b50cd1f1a4e6f0e9f8bd3d44b037,https://data.chain.link/streams/sol-usd-twap-30s-streams,,
xrp-updown-5m-1786502400,XRP,"XRP Up or Down - August 11, 10:40PM-10:45PM ET",2026-08-12T02:45:00Z,2026-08-12T02:40:00Z,1.0187594886052234,Up,"[""1"", ""0""]",0.99,473.65559299999995,,0.49,0.01,resolved,0xced3dd3d2d2422920cf79aa7f380525b77bab7ac2eb37e2bfde27bcac10aea72,https://data.chain.link/streams/xrp-usd-twap-30s-streams,,
zec-updown-5m-1786502400,ZEC,"ZCash Up or Down - August 11, 10:40PM-10:45PM ET",2026-08-12T02:45:00Z,2026-08-12T02:40:00Z,479.3717938955929,Up,"[""1"", ""0""]",0.98,,,0.495,0.01,resolved,0x7245dc93b29d5213d61742aa2f3c01df918ddcde620c4aa6f205a891774113e8,https://data.chain.link/streams/zec-usd-twap-30s-streams,,
bnb-updown-5m-1786502700,BNB,"BNB Up or Down - August 11, 10:45PM-10:50PM ET",2026-08-12T02:50:00Z,2026-08-12T02:45:00Z,616.1546747422273,Down,"[""0"", ""1""]",0.19,,,-0.5045,0.001,resolved,0xd5bbe397afde9190d46d770a38bbf442763f0479b2690b95c7ebd58378a3602a,https://data.chain.link/streams/bnb-usd-twap-30s-streams,,
btc-updown-5m-1786502700,BTC,"Bitcoin Up or Down - August 11, 10:45PM-10:50PM ET",2026-08-12T02:50:00Z,2026-08-12T02:45:00Z,63713.33262914224,Up,"[""1"", ""0""]",0.99,44518.48592199996,,0.49,0.01,resolved,0xf006e742a253708aa69867986604c6983698333e92b92a52581430f4cc9db1e1,https://data.chain.link/streams/btc-usd-twap-30s-streams,,
doge-updown-5m-1786502700,DOGE,"Dogecoin Up or Down - August 11, 10:45PM-10:50PM ET",2026-08-12T02:50:00Z,2026-08-12T02:45:00Z,0.07198967881515503,Down,"[""0"", ""1""]",0.02,,,-0.4995,0.001,resolved,0xd101d0d37f8c55bbd32e38d332059e3d59c9ab4fb2a8c3267fe0e4b8fc8c1dfa,https://data.chain.link/streams/doge-usd-twap-30s-streams,,
eth-updown-5m-1786502700,ETH,"Ethereum Up or Down - August 11, 10:45PM-10:50PM ET",2026-08-12T02:50:00Z,2026-08-12T02:45:00Z,1883.0956897102064,Up,"[""1"", ""0""]",0.99,2194.188810999999,,0.4945,0.001,resolved,0x9788c196d1db6329d320f8e7f4f7b76053c85fce06db591f6006bf0040ee78fc,https://data.chain.link/streams/eth-usd-twap-30s-streams,,
hype-updown-5m-1786502700,HYPE,"Hyperliquid Up or Down - August 11, 10:45PM-10:50PM ET",2026-08-12T02:50:00Z,2026-08-12T02:45:00Z,54.54669778390238,Down,"[""0"", ""1""]",0.6,199.845972,,-0.495,0.01,resolved,0xf82ceac5dd5f7f501af406ac6000cc96caa0cc44d24dd86506fb7d9fcaa070e5,https://data.chain.link/streams/hype-usd-twap-30s-streams,,
sol-updown-5m-1786502700,SOL,"Solana Up or Down - August 11, 10:45PM-10:50PM ET",2026-08-12T02:50:00Z,2026-08-12T02:45:00Z,76.43180559698561,Up,"[""1"", ""0""]",0.99,,,0.4945,0.001,resolved,0x25ede4cac822ced1e4e533f8b3b2bde649af1d7e20ea0d254d8ffb20dd1a00e9,https://data.chain.link/streams/sol-usd-twap-30s-streams,,
xrp-updown-5m-1786502700,XRP,"XRP Up or Down - August 11, 10:45PM-10:50PM ET",2026-08-12T02:50:00Z,2026-08-12T02:45:00Z,1.019571771598236,Up,"[""1"", ""0""]",0.99,,,0.4945,0.001,resolved,0xe0458a064ac7d12cf84041b0b9130d0694bf319f6fe17240ce472c91d64e5267,https://data.chain.link/streams/xrp-usd-twap-30s-streams,,
zec-updown-5m-1786502700,ZEC,"ZCash Up or Down - August 11, 10:45PM-10:50PM ET",2026-08-12T02:50:00Z,2026-08-12T02:45:00Z,479.4330790579009,Up,"[""1"", ""0""]",,,,0.495,0.01,resolved,0x48333ec397022719008929d4811fc793404592594f487a8a33f5501bb7aae17a,https://data.chain.link/streams/zec-usd-twap-30s-streams,,
bnb-updown-5m-1786503000,BNB,"BNB Up or Down - August 11, 10:50PM-10:55PM ET",2026-08-12T02:55:00Z,2026-08-12T02:50:00Z,615.7140827225275,Down,"[""0"", ""1""]",0.05,,,-0.5,0.01,resolved,0x1f52015ef074503144ad8ae97298ab15166d1f6ec1544c0d918076e1ec5ae4df,https://data.chain.link/streams/bnb-usd-twap-30s-streams,,
btc-updown-5m-1786503000,BTC,"Bitcoin Up or Down - August 11, 10:50PM-10:55PM ET",2026-08-12T02:55:00Z,2026-08-12T02:50:00Z,63714.37106071461,Down,"[""0"", ""1""]",0.01,33700.172062000034,,-0.5,0.01,resolved,0x8f0f73720b361f226ad33536da45880aa63700288a6b5b1fb12c2d7c5669c0af,https://data.chain.link/streams/btc-usd-twap-30s-streams,,
doge-updown-5m-1786503000,DOGE,"Dogecoin Up or Down - August 11, 10:50PM-10:55PM ET",2026-08-12T02:55:00Z,2026-08-12T02:50:00Z,0.07195858226378411,Down,"[""0"", ""1""]",0.18,,,-0.495,0.01,resolved,0x52ae4ecec3a6999df4da4d101dce12cd9ab37bf4e894834c2fbf7d51e56f0ee6,https://data.chain.link/streams/doge-usd-twap-30s-streams,,
eth-updown-5m-1786503000,ETH,"Ethereum Up or Down - August 11, 10:50PM-10:55PM ET",2026-08-12T02:55:00Z,2026-08-12T02:50:00Z,1883.4428399482074,Down,"[""0"", ""1""]",0.01,,,-0.5,0.01,resolved,0x3dd4b945657fb0f9db5276b4bb45f51ebac25c2ac3cb6041e197e31de2176122,https://data.chain.link/streams/eth-usd-twap-30s-streams,,
hype-updown-5m-1786503000,HYPE,"Hyperliquid Up or Down - August 11, 10:50PM-10:55PM ET",2026-08-12T02:55:00Z,2026-08-12T02:50:00Z,54.538006683667284,Up,"[""1"", ""0""]",0.99,173.185945,,0.495,0.01,resolved,0x57674e59803ded4260a6176bf54636bbc8b801dfe5017164b5705c16e59e8f5f,https://data.chain.link/streams/hype-usd-twap-30s-streams,,
sol-updown-5m-1786503000,SOL,"Solana Up or Down - August 11, 10:50PM-10:55PM ET",2026-08-12T02:55:00Z,2026-08-12T02:50:00Z,76.49089179045956,Down,"[""0"", ""1""]",0.02,,,-0.5,0.01,resolved,0x19b2fcd2af43fb2439fbc774299c4caf7746c9075d2923125fcc810d019d33f5,https://data.chain.link/streams/sol-usd-twap-30s-streams,,
xrp-updown-5m-1786503000,XRP,"XRP Up or Down - August 11, 10:50PM-10:55PM ET",2026-08-12T02:55:00Z,2026-08-12T02:50:00Z,1.020369857380234,Up,"[""1"", ""0""]",0.99,,,0.49,0.01,resolved,0x1897804ff1dd9fcc63e42bf3be9da19506206c29228a1e30bf146e7916015cd1,https://data.chain.link/streams/xrp-usd-twap-30s-streams,,
zec-updown-5m-1786503000,ZEC,"ZCash Up or Down - August 11, 10:50PM-10:55PM ET",2026-08-12T02:55:00Z,2026-08-12T02:50:00Z,480.5119949024391,Up,"[""1"", ""0""]",0.98,,,0.495,0.01,resolved,0xc341bba911e31ad06d1ae27e22d4f29a30b48bf726e5f6ff3973a21a71e9787a,https://data.chain.link/streams/zec-usd-twap-30s-streams,,
bnb-updown-5m-1786503300,BNB,"BNB Up or Down - August 11, 10:55PM-11:00PM ET",2026-08-12T03:00:00Z,2026-08-12T02:55:00Z,615.3947898462425,Down,"[""0"", ""1""]",0.001,41.551610000000004,,-0.5045,0.001,resolved,0x4ada6ab5c149c337ea36dac6db6314e6f7622c9978688f054dd94b6539ca0f19,https://data.chain.link/streams/bnb-usd-twap-30s-streams,,
btc-updown-5m-1786503300,BTC,"Bitcoin Up or Down - August 11, 10:55PM-11:00PM ET",2026-08-12T03:00:00Z,2026-08-12T02:55:00Z,63712.14359667131,Down,"[""0"", ""1""]",0.001,31571.990162999973,106.078426,-0.5045,0.001,resolved,0xee8e1772f965db4ba8c9eefb43c58e8d793e77e91f5018206eb76420626e638a,https://data.chain.link/streams/btc-usd-twap-30s-streams,,
doge-updown-5m-1786503300,DOGE,"Dogecoin Up or Down - August 11, 10:55PM-11:00PM ET",2026-08-12T03:00:00Z,2026-08-12T02:55:00Z,0.07193511293325491,Down,"[""0"", ""1""]",0.11,107.70865,,-0.4995,0.001,resolved,0x8cdeff8b50233df13b2bf310a92d431aca3aacffe6f40053e4d96da47abd9bd8,https://data.chain.link/streams/doge-usd-twap-30s-streams,,
eth-updown-5m-1786503300,ETH,"Ethereum Up or Down - August 11, 10:55PM-11:00PM ET",2026-08-12T03:00:00Z,2026-08-12T02:55:00Z,1883.3500928902984,Down,"[""0"", ""1""]",0.01,1236.6986610000004,,-0.5045,0.001,resolved,0x22ac46fefa14cff33e66cc6e0eb68420a2052873a340d2dd058c624e55a2cbb6,https://data.chain.link/streams/eth-usd-twap-30s-streams,,
hype-updown-5m-1786503300,HYPE,"Hyperliquid Up or Down - August 11, 10:55PM-11:00PM ET",2026-08-12T03:00:00Z,2026-08-12T02:55:00Z,54.55501555255564,Down,"[""0"", ""1""]",0.41,90.212109,20.235293,-0.4995,0.001,resolved,0x4bfedc3dc16cde39c54ba9ec9946aa7ccc976254afe15afc62efecf6b0bb9bc2,https://data.chain.link/streams/hype-usd-twap-30s-streams,,
sol-updown-5m-1786503300,SOL,"Solana Up or Down - August 11, 10:55PM-11:00PM ET",2026-08-12T03:00:00Z,2026-08-12T02:55:00Z,76.48457318476326,Down,"[""0"", ""1""]",0.02,493.433713,,-0.5045,0.001,resolved,0x5923a37f320227ad1c6370ae3e01ebe58ef42ccdf703c704ae29a24fed20e7a5,https://data.chain.link/streams/sol-usd-twap-30s-streams,,
xrp-updown-5m-1786503300,XRP,"XRP Up or Down - August 11, 10:55PM-11:00PM ET",2026-08-12T03:00:00Z,2026-08-12T02:55:00Z,1.0208513544399425,Down,"[""0"", ""1""]",0.12,212.14183399999996,,-0.4995,0.001,resolved,0xe07573c893bc0f1a492ec20eb22a95641de1fee30ba145738fb314586d761c25,https://data.chain.link/streams/xrp-usd-twap-30s-streams,,
zec-updown-5m-1786503300,ZEC,"ZCash Up or Down - August 11, 10:55PM-11:00PM ET",2026-08-12T03:00:00Z,2026-08-12T02:55:00Z,481.1961808421616,Up,"[""1"", ""0""]",,,,0.49,0.01,resolved,0x54a633b21cd340b85debd3d8fd83d2268e8c87594f9a8492ee95f256ac7d223b,https://data.chain.link/streams/zec-usd-twap-30s-streams,,
bnb-updown-5m-1786503600,BNB,"BNB Up or Down - August 11, 11:00PM-11:05PM ET",2026-08-12T03:05:00Z,2026-08-12T03:00:00Z,615.2482638384442,Down,"[""0"", ""1""]",0.19,517.966401,,-0.5,0.01,resolved,0x6942effca957e02a230e88a73966e843ec36dbea11f140c6ad6359bdbfed6d00,https://data.chain.link/streams/bnb-usd-twap-30s-streams,,
btc-updown-5m-1786503600,BTC,"Bitcoin Up or Down - August 11, 11:00PM-11:05PM ET",2026-08-12T03:05:00Z,2026-08-12T03:00:00Z,63677.063014221356,Up,"[""1"", ""0""]",0.999,31811.213635,61,0.4945,0.001,resolved,0xd64c7fa8b9afba9fc147edd66cd44e509390aaa669a9a5ee602311fcd5679d70,https://data.chain.link/streams/btc-usd-twap-30s-streams,,
doge-updown-5m-1786503600,DOGE,"Dogecoin Up or Down - August 11, 11:00PM-11:05PM ET",2026-08-12T03:05:00Z,2026-08-12T03:00:00Z,0.07184572893498128,Up,"[""1"", ""0""]",0.999,290.64706299999995,,0.4995,0.001,resolved,0x2ef83319b21f14201d730fcac1cdab814fb7861f7c7b2402ccc106416ada8e34,https://data.chain.link/streams/doge-usd-twap-30s-streams,,
eth-updown-5m-1786503600,ETH,"Ethereum Up or Down - August 11, 11:00PM-11:05PM ET",2026-08-12T03:05:00Z,2026-08-12T03:00:00Z,1882.4228005306948,Up,"[""1"", ""0""]",0.999,2483.168003,,0.4945,0.001,resolved,0xb1a91c3dd6ee22eaf02c1755749b65608b1a406014d67b1c9215c06566a47a73,https://data.chain.link/streams/eth-usd-twap-30s-streams,,
hype-updown-5m-1786503600,HYPE,"Hyperliquid Up or Down - August 11, 11:00PM-11:05PM ET",2026-08-12T03:05:00Z,2026-08-12T03:00:00Z,54.47997320697168,Up,"[""1"", ""0""]",0.98,96.305554,,0.495,0.01,resolved,0xa31f31b07de3073bc393a0865325aaf7a86e72ebb311fb60b68f31e2fce8b96f,https://data.chain.link/streams/hype-usd-twap-30s-streams,,
sol-updown-5m-1786503600,SOL,"Solana Up or Down - August 11, 11:00PM-11:05PM ET",2026-08-12T03:05:00Z,2026-08-12T03:00:00Z,76.36121492475365,Up,"[""1"", ""0""]",0.999,1616.9402119999995,,0.4945,0.001,resolved,0xbde63291ad128fb92c1f206ceb0c10a8fbd0fa293233fc308e95df306616db5b,https://data.chain.link/streams/sol-usd-twap-30s-streams,,
xrp-updown-5m-1786503600,XRP,"XRP Up or Down - August 11, 11:00PM-11:05PM ET",2026-08-12T03:05:00Z,2026-08-12T03:00:00Z,1.0201250352980225,Up,"[""1"", ""0""]",0.99,648.484669,,0.49,0.01,resolved,0xc0a4e1527b9fde6d153b0a28119903d4c7a0af217310fcf387dfc65f8e01d495,https://data.chain.link/streams/xrp-usd-twap-30s-streams,,
zec-updown-5m-1786503600,ZEC,"ZCash Up or Down - August 11, 11:00PM-11:05PM ET",2026-08-12T03:05:00Z,2026-08-12T03:00:00Z,481.2962530190839,Up,"[""1"", ""0""]",,,,0.495,0.01,resolved,0xa224a6b9f37ac2e69fa415102d230a121824e72153dd2bc0893f7d4a77273fde,https://data.chain.link/streams/zec-usd-twap-30s-streams,,
bnb-updown-5m-1786503900,BNB,"BNB Up or Down - August 11, 11:05PM-11:10PM ET",2026-08-12T03:10:00Z,2026-08-12T03:05:00Z,615.0646283233592,Down,"[""0"", ""1""]",0.02,,,-0.5045,0.001,resolved,0xc922112a588392845ab7fd9f44596bbe8ddbffbe55d65e5c1f56f6609978c8c3,https://data.chain.link/streams/bnb-usd-twap-30s-streams,,
btc-updown-5m-1786503900,BTC,"Bitcoin Up or Down - August 11, 11:05PM-11:10PM ET",2026-08-12T03:10:00Z,2026-08-12T03:05:00Z,63726.33194744696,Down,"[""0"", ""1""]",0.01,25228.322778999995,6,-0.5045,0.001,resolved,0xda95fd1a5a98b9fc16a1a9aa1543450cd77436fcba8a6cd6427b08d7874a5c6d,https://data.chain.link/streams/btc-usd-twap-30s-streams,,
doge-updown-5m-1786503900,DOGE,"Dogecoin Up or Down - August 11, 11:05PM-11:10PM ET",2026-08-12T03:10:00Z,2026-08-12T03:05:00Z,0.07192889289675825,Down,"[""0"", ""1""]",0.03,,,-0.4995,0.001,resolved,0x51066661d5779dcf13e30105336b8ca8dbc2c3e8f5b2ad5f1423c5c7932aaeef,https://data.chain.link/streams/doge-usd-twap-30s-streams,,
eth-updown-5m-1786503900,ETH,"Ethereum Up or Down - August 11, 11:05PM-11:10PM ET",2026-08-12T03:10:00Z,2026-08-12T03:05:00Z,1883.2284153385003,Down,"[""0"", ""1""]",0.12,1200.6569829999999,,-0.5045,0.001,resolved,0xe9c6ed554bf6c2c10c316d0e479e127ed43d4b3099d16782acc38df764336d51,https://data.chain.link/streams/eth-usd-twap-30s-streams,,
hype-updown-5m-1786503900,HYPE,"Hyperliquid Up or Down - August 11, 11:05PM-11:10PM ET",2026-08-12T03:10:00Z,2026-08-12T03:05:00Z,54.53195169001405,Down,"[""0"", ""1""]",,91.73043200000002,,-0.4995,0.001,resolved,0xfcaf14ef8544161d1c6734ab9568397da923bb55ba5d4051be24100aa6284c1a,https://data.chain.link/streams/hype-usd-twap-30s-streams,,
sol-updown-5m-1786503900,SOL,"Solana Up or Down - August 11, 11:05PM-11:10PM ET",2026-08-12T03:10:00Z,2026-08-12T03:05:00Z,76.43127309660582,Down,"[""0"", ""1""]",0.03,,,-0.5045,0.001,resolved,0x81fff1d1ece93194fea6c357bb1613ddfeae563ade3814bbd919fc7efbce8d2d,https://data.chain.link/streams/sol-usd-twap-30s-streams,,
xrp-updown-5m-1786503900,XRP,"XRP Up or Down - August 11, 11:05PM-11:10PM ET",2026-08-12T03:10:00Z,2026-08-12T03:05:00Z,1.020558159925926,Down,"[""0"", ""1""]",0.28,,,-0.5045,0.001,resolved,0x11d1221ff8a52ea4be4861d711ed60fda6355fd4694e7959e71c90d77dd59273,https://data.chain.link/streams/xrp-usd-twap-30s-streams,,
zec-updown-5m-1786503900,ZEC,"ZCash Up or Down - August 11, 11:05PM-11:10PM ET",2026-08-12T03:10:00Z,2026-08-12T03:05:00Z,481.98011186651064,Down,"[""0"", ""1""]",,,,-0.495,0.01,resolved,0x39d3dca6f6dc0f9d00566e6f0da97a0eb8df0311783bedac50b21d4f930abbc8,https://data.chain.link/streams/zec-usd-twap-30s-streams,,
bnb-updown-5m-1786504200,BNB,"BNB Up or Down - August 11, 11:10PM-11:15PM ET",2026-08-12T03:15:00Z,2026-08-12T03:10:00Z,614.565564594046,Up,"[""1"", ""0""]",0.999,349.18067,,0.4945,0.001,resolved,0xa8324c005690e7e87eba4457a7b093088d84c683c1aaf097dfcbf870bee7819e,https://data.chain.link/streams/bnb-usd-twap-30s-streams,,
btc-updown-5m-1786504200,BTC,"Bitcoin Up or Down - August 11, 11:10PM-11:15PM ET",2026-08-12T03:15:00Z,2026-08-12T03:10:00Z,63702.184844663985,Down,"[""0"", ""1""]",0.001,33073.023094000004,6,-0.5045,0.001,resolved,0xe9e3e856d32111828c197e7c1fe7e76ba7d9b368f07f56df210544f8501c793f,https://data.chain.link/streams/btc-usd-twap-30s-streams,,
doge-updown-5m-1786504200,DOGE,"Dogecoin Up or Down - August 11, 11:10PM-11:15PM ET",2026-08-12T03:15:00Z,2026-08-12T03:10:00Z,0.07191023053124733,Up,"[""1"", ""0""]",0.999,327.52852799999994,,0.4995,0.001,resolved,0x266fcd737b3e5cb6a3af7a64fea672050d54ede57d263f56b99ef61fda2fa7ae,https://data.chain.link/streams/doge-usd-twap-30s-streams,,
eth-updown-5m-1786504200,ETH,"Ethereum Up or Down - August 11, 11:10PM-11:15PM ET",2026-08-12T03:15:00Z,2026-08-12T03:10:00Z,1882.199249558912,Down,"[""0"", ""1""]",0.01,2893.1958090000007,,-0.5,0.01,resolved,0x492874a3c6faa3be3b7bc866459ca50fe5d0dd21dbd493deb28409ac85b64bff,https://data.chain.link/streams/eth-usd-twap-30s-streams,,
hype-updown-5m-1786504200,HYPE,"Hyperliquid Up or Down - August 11, 11:10PM-11:15PM ET",2026-08-12T03:15:00Z,2026-08-12T03:10:00Z,54.50997370470698,Down,"[""0"", ""1""]",0.01,189.66295300000002,,-0.495,0.01,resolved,0x44bba5eaa00d55e2af5eb5ba6c4d7355033fb04a6e9278a3b9f92f3b2dbbe5cd,https://data.chain.link/streams/hype-usd-twap-30s-streams,,
sol-updown-5m-1786504200,SOL,"Solana Up or Down - August 11, 11:10PM-11:15PM ET",2026-08-12T03:15:00Z,2026-08-12T03:10:00Z,76.38453330742111,Down,"[""0"", ""1""]",0.01,400.306882,,-0.5045,0.001,resolved,0x6fe5dc462476f10e48a5cecc3b4f432d0231c7607b14c0053b1871a6d50c71dc,https://data.chain.link/streams/sol-usd-twap-30s-streams,,
xrp-updown-5m-1786504200,XRP,"XRP Up or Down - August 11, 11:10PM-11:15PM ET",2026-08-12T03:15:00Z,2026-08-12T03:10:00Z,1.01982239779977,Down,"[""0"", ""1""]",0.05,722.1938329999999,,-0.5,0.01,resolved,0x5623f331f912aabe62d08e4a7bfb0caf1ee075bb2aa692a8b8759da09e152d19,https://data.chain.link/streams/xrp-usd-twap-30s-streams,,
zec-updown-5m-1786504200,ZEC,"ZCash Up or Down - August 11, 11:10PM-11:15PM ET",2026-08-12T03:15:00Z,2026-08-12T03:10:00Z,481.4386832167758,Down,"[""0"", ""1""]",,,,-0.495,0.01,resolved,0x0620898b33a74cdd5e220dbb6969379508c70465a13df499e21b840ba98f2334,https://data.chain.link/streams/zec-usd-twap-30s-streams,,
bnb-updown-5m-1786504500,BNB,"BNB Up or Down - August 11, 11:15PM-11:20PM ET",2026-08-12T03:20:00Z,2026-08-12T03:15:00Z,614.90598235831,Down,"[""0"", ""1""]",0.14,,,-0.5045,0.001,resolved,0x8d8530a8519eb1803eedc4320b5890e2a7599602331b7e8189c9847a0dfacbc5,https://data.chain.link/streams/bnb-usd-twap-30s-streams,,
btc-updown-5m-1786504500,BTC,"Bitcoin Up or Down - August 11, 11:15PM-11:20PM ET",2026-08-12T03:20:00Z,2026-08-12T03:15:00Z,63654.84177622546,Up,"[""1"", ""0""]",0.999,50840.86493000002,,0.4945,0.001,resolved,0x7cf1755a52d9db69bcdda0c50c3db7482e33117a2ea23e121f8647097617867b,https://data.chain.link/streams/btc-usd-twap-30s-streams,,
doge-updown-5m-1786504500,DOGE,"Dogecoin Up or Down - August 11, 11:15PM-11:20PM ET",2026-08-12T03:20:00Z,2026-08-12T03:15:00Z,0.07211211425400284,Up,"[""1"", ""0""]",0.99,,,0.4995,0.001,resolved,0x89b6042125a01d76bc1cb725203eb0d7de03cd4eb7e45ddc4e48e1af31677c29,https://data.chain.link/streams/doge-usd-twap-30s-streams,,
eth-updown-5m-1786504500,ETH,"Ethereum Up or Down - August 11, 11:15PM-11:20PM ET",2026-08-12T03:20:00Z,2026-08-12T03:15:00Z,1881.36077963575,Down,"[""0"", ""1""]",0.01,2814.9055670000002,,-0.5045,0.001,resolved,0xa3a90c12d72f5019800c4c11e91f8a0d2dbe6e0fe6056161c5fc5ea2ff2fedf4,https://data.chain.link/streams/eth-usd-twap-30s-streams,,
hype-updown-5m-1786504500,HYPE,"Hyperliquid Up or Down - August 11, 11:15PM-11:20PM ET",2026-08-12T03:20:00Z,2026-08-12T03:15:00Z,54.48259959721125,Up,"[""1"", ""0""]",0.98,104.82996200000001,,0.4995,0.001,resolved,0xc5c355adfc31f50ddde6ce15f45d078a2f9e089d9722d032d26bb203336059c6,https://data.chain.link/streams/hype-usd-twap-30s-streams,,
sol-updown-5m-1786504500,SOL,"Solana Up or Down - August 11, 11:15PM-11:20PM ET",2026-08-12T03:20:00Z,2026-08-12T03:15:00Z,76.29968579652447,Down,"[""0"", ""1""]",0.13,1359.3378799999996,,-0.5045,0.001,resolved,0xf4cfd87805b5d09eab1f9452371e45661a5a173de575315f4c5ef0065aea0d03,https://data.chain.link/streams/sol-usd-twap-30s-streams,,
xrp-updown-5m-1786504500,XRP,"XRP Up or Down - August 11, 11:15PM-11:20PM ET",2026-08-12T03:20:00Z,2026-08-12T03:15:00Z,1.0194769049134,Down,"[""0"", ""1""]",0.04,,,-0.5045,0.001,resolved,0x822f37e0652e40308b005b3c3c44337fb14ac4a0fad6a9c5d5a4e79bda7bba04,https://data.chain.link/streams/xrp-usd-twap-30s-streams,,
zec-updown-5m-1786504500,ZEC,"ZCash Up or Down - August 11, 11:15PM-11:20PM ET",2026-08-12T03:20:00Z,2026-08-12T03:15:00Z,481.1216201606916,Up,"[""1"", ""0""]",,,,0.495,0.01,resolved,0x4754746f5f090651ac65dc6ec4642c1f37622f116183da9bfd9946079fa53220,https://data.chain.link/streams/zec-usd-twap-30s-streams,,
bnb-updown-5m-1786504800,BNB,"BNB Up or Down - August 11, 11:20PM-11:25PM ET",2026-08-12T03:25:00Z,2026-08-12T03:20:00Z,614.5067555345782,Down,"[""0"", ""1""]",0.32,,,-0.5045,0.001,resolved,0x15485e0b896fd79df3c6707641701934276e18a4bb8f31000fb5e256a8f00f64,https://data.chain.link/streams/bnb-usd-twap-30s-streams,,
btc-updown-5m-1786504800,BTC,"Bitcoin Up or Down - August 11, 11:20PM-11:25PM ET",2026-08-12T03:25:00Z,2026-08-12T03:20:00Z,63659.80963510832,Up,"[""1"", ""0""]",0.999,25722.275206,11,0.4945,0.001,resolved,0x11cfdde902c6573378d22ff69d6003c0a3dafc6e04937a202c2e7cf74811e5f4,https://data.chain.link/streams/btc-usd-twap-30s-streams,,
doge-updown-5m-1786504800,DOGE,"Dogecoin Up or Down - August 11, 11:20PM-11:25PM ET",2026-08-12T03:25:00Z,2026-08-12T03:20:00Z,0.07218020725408535,Up,"[""1"", ""0""]",0.99,,,0.4995,0.001,resolved,0x810344aa75d2b14c62f54e444194a96b0d12b7cc5c054ad61c4307223f124fd0,https://data.chain.link/streams/doge-usd-twap-30s-streams,,
eth-updown-5m-1786504800,ETH,"Ethereum Up or Down - August 11, 11:20PM-11:25PM ET",2026-08-12T03:25:00Z,2026-08-12T03:20:00Z,1881.2160065628893,Up,"[""1"", ""0""]",0.99,1442.2988609999995,,0.49,0.01,resolved,0x02f9f39707be904e99cd9d5223484af9a02058a25fc97d43c7c286f3ff13507b,https://data.chain.link/streams/eth-usd-twap-30s-streams,,
hype-updown-5m-1786504800,HYPE,"Hyperliquid Up or Down - August 11, 11:20PM-11:25PM ET",2026-08-12T03:25:00Z,2026-08-12T03:20:00Z,54.57246924919877,Down,"[""0"", ""1""]",0.51,,,-0.495,0.01,resolved,0x1a8f2d57f915a4869359378908dad3e5bb122165777fda1a0bba34f85cec7a81,https://data.chain.link/streams/hype-usd-twap-30s-streams,,
sol-updown-5m-1786504800,SOL,"Solana Up or Down - August 11, 11:20PM-11:25PM ET",2026-08-12T03:25:00Z,2026-08-12T03:20:00Z,76.27782191950001,Down,"[""0"", ""1""]",0.11,,,-0.5,0.01,resolved,0xfcedd350f195c874d564bf2f306360af8603b2b46666c91c944c79911cf28da4,https://data.chain.link/streams/sol-usd-twap-30s-streams,,
xrp-updown-5m-1786504800,XRP,"XRP Up or Down - August 11, 11:20PM-11:25PM ET",2026-08-12T03:25:00Z,2026-08-12T03:20:00Z,1.0191317086201495,Up,"[""1"", ""0""]",0.99,,,0.49,0.01,resolved,0xc2ca060733630e077fc599519a0c83b981071023c9c045d8631e3876bc68553c,https://data.chain.link/streams/xrp-usd-twap-30s-streams,,
zec-updown-5m-1786504800,ZEC,"ZCash Up or Down - August 11, 11:20PM-11:25PM ET",2026-08-12T03:25:00Z,2026-08-12T03:20:00Z,481.62791768730614,Up,"[""1"", ""0""]",0.99,,,0.495,0.01,resolved,0x09b0617683d814b99c2f40b9c758a62b08f2529c22b7a919284a535eae38160c,https://data.chain.link/streams/zec-usd-twap-30s-streams,,
bnb-updown-5m-1786505100,BNB,"BNB Up or Down - August 11, 11:25PM-11:30PM ET",2026-08-12T03:30:00Z,2026-08-12T03:25:00Z,613.7323265831835,Down,"[""0"", ""1""]",0.16,261.24330699999996,,-0.4995,0.001,resolved,0xadd2811f0e7344d9f8b6ead8e1ceb91dd5df5f349bde8970aeeae739c29d5ec6,https://data.chain.link/streams/bnb-usd-twap-30s-streams,,
btc-updown-5m-1786505100,BTC,"Bitcoin Up or Down - August 11, 11:25PM-11:30PM ET",2026-08-12T03:30:00Z,2026-08-12T03:25:00Z,63689.59759182851,Up,"[""1"", ""0""]",0.999,37624.016742999986,,0.4945,0.001,resolved,0x8d65d68d9944aa7582e8c878a413d39e3b36dae652f721092d30b55b7dccd659,https://data.chain.link/streams/btc-usd-twap-30s-streams,,
doge-updown-5m-1786505100,DOGE,"Dogecoin Up or Down - August 11, 11:25PM-11:30PM ET",2026-08-12T03:30:00Z,2026-08-12T03:25:00Z,0.07230134793602554,Down,"[""0"", ""1""]",0.01,177.031514,,-0.4995,0.001,resolved,0xff7a02d9678f0a8c430ce36de3b224fdeb82dd063d08726decfa5699914596b4,https://data.chain.link/streams/doge-usd-twap-30s-streams,,
eth-updown-5m-1786505100,ETH,"Ethereum Up or Down - August 11, 11:25PM-11:30PM ET",2026-08-12T03:30:00Z,2026-08-12T03:25:00Z,1882.0204744394962,Down,"[""0"", ""1""]",0.01,3127.310238000001,,-0.495,0.01,resolved,0xa8ccd9e2c2d1dc2dd782fdb4149b0ea190c9add69a309887b398343e4c78156e,https://data.chain.link/streams/eth-usd-twap-30s-streams,,
hype-updown-5m-1786505100,HYPE,"Hyperliquid Up or Down - August 11, 11:25PM-11:30PM ET",2026-08-12T03:30:00Z,2026-08-12T03:25:00Z,54.56341760973592,Up,"[""1"", ""0""]",0.98,74.309088,,0.4995,0.001,resolved,0xd26526dae6498d014dd4d0210d0a4233eef2a663d6c906881a9f06b77e5c8fd9,https://data.chain.link/streams/hype-usd-twap-30s-streams,,
sol-updown-5m-1786505100,SOL,"Solana Up or Down - August 11, 11:25PM-11:30PM ET",2026-08-12T03:30:00Z,2026-08-12T03:25:00Z,76.27053400588737,Down,"[""0"", ""1""]",0.06,1078.5448199999998,,-0.4995,0.001,resolved,0x234252d461851bc9fd78ba60df0742716c8502a315f32ac1a6bfda9352624925,https://data.chain.link/streams/sol-usd-twap-30s-streams,,
xrp-updown-5m-1786505100,XRP,"XRP Up or Down - August 11, 11:25PM-11:30PM ET",2026-08-12T03:30:00Z,2026-08-12T03:25:00Z,1.0193920050536531,Down,"[""0"", ""1""]",0.11,533.2266209999999,,-0.4995,0.001,resolved,0x09278666c143ad482f36892a631b2862748b31dce4b0e2949fcec4c7fc5c1af8,https://data.chain.link/streams/xrp-usd-twap-30s-streams,,
zec-updown-5m-1786505100,ZEC,"ZCash Up or Down - August 11, 11:25PM-11:30PM ET",2026-08-12T03:30:00Z,2026-08-12T03:25:00Z,481.86909441659213,Up,"[""1"", ""0""]",0.99,50,,0.495,0.01,resolved,0x5b3b83152d2a0492b72527a5d68920eaa3eac03e5c0736eb55efaac865cf2586,https://data.chain.link/streams/zec-usd-twap-30s-streams,,
bnb-updown-5m-1786505400,BNB,"BNB Up or Down - August 11, 11:30PM-11:35PM ET",2026-08-12T03:35:00Z,2026-08-12T03:30:00Z,613.2611148366316,Down,"[""0"", ""1""]",0.001,,,-0.5045,0.001,resolved,0xd20eb6adeecd69b25ef41be1d365d84a5428978be54a5477ed3d18aa39e441a5,https://data.chain.link/streams/bnb-usd-twap-30s-streams,,
btc-updown-5m-1786505400,BTC,"Bitcoin Up or Down - August 11, 11:30PM-11:35PM ET",2026-08-12T03:35:00Z,2026-08-12T03:30:00Z,63691.437986090714,Up,"[""1"", ""0""]",0.999,23616.36637999998,,0.4945,0.001,resolved,0x6d17c9610b95453c681514fb69497b7499f3d19a1512112da30b73a0e542d1fa,https://data.chain.link/streams/btc-usd-twap-30s-streams,,
doge-updown-5m-1786505400,DOGE,"Dogecoin Up or Down - August 11, 11:30PM-11:35PM ET",2026-08-12T03:35:00Z,2026-08-12T03:30:00Z,0.07222789180739324,Up,"[""1"", ""0""]",0.99,,,0.495,0.01,resolved,0xd80963e126ad0e2b755bdc9d2d3a71c79f504cf7fcbf2baf0a6de5536f61ed31,https://data.chain.link/streams/doge-usd-twap-30s-streams,,
eth-updown-5m-1786505400,ETH,"Ethereum Up or Down - August 11, 11:30PM-11:35PM ET",2026-08-12T03:35:00Z,2026-08-12T03:30:00Z,1882.0139700125792,Up,"[""1"", ""0""]",0.999,2087.022241999999,,0.4945,0.001,resolved,0x09dfead3d976e0f3833dd4ae342fda9a6067c6882bf1e70df672bb93fb85a1f3,https://data.chain.link/streams/eth-usd-twap-30s-streams,,
hype-updown-5m-1786505400,HYPE,"Hyperliquid Up or Down - August 11, 11:30PM-11:35PM ET",2026-08-12T03:35:00Z,2026-08-12T03:30:00Z,54.59943487598174,Up,"[""1"", ""0""]",0.99,118.692514,,0.495,0.01,resolved,0x98dd2895426daa04f57f69029bbd8e96d0f2c515f5f1b157f5394ad8f34f5fea,https://data.chain.link/streams/hype-usd-twap-30s-streams,,
sol-updown-5m-1786505400,SOL,"Solana Up or Down - August 11, 11:30PM-11:35PM ET",2026-08-12T03:35:00Z,2026-08-12T03:30:00Z,76.23156062651834,Up,"[""1"", ""0""]",0.999,1969.9991459999997,,0.4945,0.001,resolved,0x584f504dc5615ab2cd64a6cff48b4aa73c8b425deef02a260e130d932a852710,https://data.chain.link/streams/sol-usd-twap-30s-streams,,
xrp-updown-5m-1786505400,XRP,"XRP Up or Down - August 11, 11:30PM-11:35PM ET",2026-08-12T03:35:00Z,2026-08-12T03:30:00Z,1.019254082164673,Up,"[""1"", ""0""]",0.99,,,0.49,0.01,resolved,0xacceb6aef7de5dce0c3488b91d32cc57e656a7499b16babf791360af67e0f256,https://data.chain.link/streams/xrp-usd-twap-30s-streams,,
zec-updown-5m-1786505400,ZEC,"ZCash Up or Down - August 11, 11:30PM-11:35PM ET",2026-08-12T03:35:00Z,2026-08-12T03:30:00Z,482.06585291825206,Down,"[""0"", ""1""]",,,,-0.495,0.01,resolved,0x02fdc5ce2f0e8b1a72984e0d92312942549ccf1fb2a1359057e63306553adb37,https://data.chain.link/streams/zec-usd-twap-30s-streams,,
bnb-updown-5m-1786505700,BNB,"BNB Up or Down - August 11, 11:35PM-11:40PM ET",2026-08-12T03:40:00Z,2026-08-12T03:35:00Z,612.6445044247486,Up,"[""1"", ""0""]",0.98,,,0.4945,0.001,resolved,0x1d8f0e82a9782158b89dd351d0929f1460d666ccea69659d760d1c4d8800da11,https://data.chain.link/streams/bnb-usd-twap-30s-streams,,
btc-updown-5m-1786505700,BTC,"Bitcoin Up or Down - August 11, 11:35PM-11:40PM ET",2026-08-12T03:40:00Z,2026-08-12T03:35:00Z,63724.87052482159,Up,"[""1"", ""0""]",0.999,27568.815366999992,,0.4945,0.001,resolved,0x1604f1d728753dc5639aadec589f3e3edea574e3feeeb57b035f8dfaa16a1859,https://data.chain.link/streams/btc-usd-twap-30s-streams,,
doge-updown-5m-1786505700,DOGE,"Dogecoin Up or Down - August 11, 11:35PM-11:40PM ET",2026-08-12T03:40:00Z,2026-08-12T03:35:00Z,0.07226791198942918,Up,"[""1"", ""0""]",0.99,,,0.4995,0.001,resolved,0xde7922448b9adac26bbd69782afe7e9a4f33a91b0c0f0e568706e9ec53fa36fa,https://data.chain.link/streams/doge-usd-twap-30s-streams,,
eth-updown-5m-1786505700,ETH,"Ethereum Up or Down - August 11, 11:35PM-11:40PM ET",2026-08-12T03:40:00Z,2026-08-12T03:35:00Z,1882.8406196491455,Up,"[""1"", ""0""]",0.999,2579.302885,,0.4945,0.001,resolved,0x2393174da4314449652f32269f10061fffeef752186144ac7df007c625421b9e,https://data.chain.link/streams/eth-usd-twap-30s-streams,,
hype-updown-5m-1786505700,HYPE,"Hyperliquid Up or Down - August 11, 11:35PM-11:40PM ET",2026-08-12T03:40:00Z,2026-08-12T03:35:00Z,54.626738038483815,Down,"[""0"", ""1""]",0.71,,,-0.495,0.01,resolved,0x1b4b7bcf77fd3a30e8a6536bd0df0fd4b39c9cc859437538ff911b4aa12b4adb,https://data.chain.link/streams/hype-usd-twap-30s-streams,,
sol-updown-5m-1786505700,SOL,"Solana Up or Down - August 11, 11:35PM-11:40PM ET",2026-08-12T03:40:00Z,2026-08-12T03:35:00Z,76.29466585238903,Up,"[""1"", ""0""]",0.999,,,0.4945,0.001,resolved,0xe0493dbd3f173de65c277feac306fb46b88a337a34ea2331cd80152a1dfaecf7,https://data.chain.link/streams/sol-usd-twap-30s-streams,,
xrp-updown-5m-1786505700,XRP,"XRP Up or Down - August 11, 11:35PM-11:40PM ET",2026-08-12T03:40:00Z,2026-08-12T03:35:00Z,1.0196997346849204,Up,"[""1"", ""0""]",0.999,,,0.4945,0.001,resolved,0xe63d8791af5e8cb466764156fd867ab352908e7ec81ffb35f210703fe8a8256b,https://data.chain.link/streams/xrp-usd-twap-30s-streams,,
zec-updown-5m-1786505700,ZEC,"ZCash Up or Down - August 11, 11:35PM-11:40PM ET",2026-08-12T03:40:00Z,2026-08-12T03:35:00Z,482.0643736291922,Up,"[""1"", ""0""]",0.99,,,0.495,0.01,resolved,0xf264d7cea8f4cdd6c7112c8cfb773936ad1f02628a238fa310a548ac2735798a,https://data.chain.link/streams/zec-usd-twap-30s-streams,,
bnb-updown-5m-1786506000,BNB,"BNB Up or Down - August 11, 11:40PM-11:45PM ET",2026-08-12T03:45:00Z,2026-08-12T03:40:00Z,613.4582659788263,Up,"[""1"", ""0""]",0.99,346.48203099999995,,0.49,0.01,resolved,0x4c0f94d288f46901ddedf9f326023b6f440697ca9381e8bcd0b9b3c373e60caa,https://data.chain.link/streams/bnb-usd-twap-30s-streams,,
btc-updown-5m-1786506000,BTC,"Bitcoin Up or Down - August 11, 11:40PM-11:45PM ET",2026-08-12T03:45:00Z,2026-08-12T03:40:00Z,63769.83402150859,Down,"[""0"", ""1""]",0.01,27196.640822999983,,-0.5,0.01,resolved,0x488650f71daec37ac1eb951b60d0e0c85480132725b34ff55acdd28f7fdd77b0,https://data.chain.link/streams/btc-usd-twap-30s-streams,,
doge-updown-5m-1786506000,DOGE,"Dogecoin Up or Down - August 11, 11:40PM-11:45PM ET",2026-08-12T03:45:00Z,2026-08-12T03:40:00Z,0.07232553199506268,Down,"[""0"", ""1""]",0.45,60.927484,,-0.495,0.01,resolved,0x02fca1aac70f3fa5f824626bee6d258175836b46988a273a0ab79a0aa49c4f99,https://data.chain.link/streams/doge-usd-twap-30s-streams,,
eth-updown-5m-1786506000,ETH,"Ethereum Up or Down - August 11, 11:40PM-11:45PM ET",2026-08-12T03:45:00Z,2026-08-12T03:40:00Z,1885.062932013666,Down,"[""0"", ""1""]",0.04,1775.1509369999994,,-0.5,0.01,resolved,0x5bba3c566ce758d7b7e3a05c904e0af480a88cdd79dac0e3f24b3ee940d541e9,https://data.chain.link/streams/eth-usd-twap-30s-streams,,
hype-updown-5m-1786506000,HYPE,"Hyperliquid Up or Down - August 11, 11:40PM-11:45PM ET",2026-08-12T03:45:00Z,2026-08-12T03:40:00Z,54.618368800000006,Up,"[""1"", ""0""]",0.999,67.564101,,0.4995,0.001,resolved,0x91547ed3b252062f92456e4b0fbc17a28117d3d8ce917619c5274769d7fdbd23,https://data.chain.link/streams/hype-usd-twap-30s-streams,,
sol-updown-5m-1786506000,SOL,"Solana Up or Down - August 11, 11:40PM-11:45PM ET",2026-08-12T03:45:00Z,2026-08-12T03:40:00Z,76.39539603770108,Down,"[""0"", ""1""]",0.01,897.202428,,-0.5,0.01,resolved,0x831b3dbcb687330b60b64df318334207f38fd28891e0b21eb2434f1a1bd8657c,https://data.chain.link/streams/sol-usd-twap-30s-streams,,
xrp-updown-5m-1786506000,XRP,"XRP Up or Down - August 11, 11:40PM-11:45PM ET",2026-08-12T03:45:00Z,2026-08-12T03:40:00Z,1.0201351369444769,Down,"[""0"", ""1""]",0.09,278.914943,,-0.5,0.01,resolved,0xa6707142ccc476b33f7954e36780a87703b3e199afc944bbc8b6b42208a8f398,https://data.chain.link/streams/xrp-usd-twap-30s-streams,,
zec-updown-5m-1786506000,ZEC,"ZCash Up or Down - August 11, 11:40PM-11:45PM ET",2026-08-12T03:45:00Z,2026-08-12T03:40:00Z,482.4290300958014,Down,"[""0"", ""1""]",,,,-0.495,0.01,resolved,0x8f66d6a333138591f25e7850d05f4b297fe4e974619b7d8275dffdaa879411eb,https://data.chain.link/streams/zec-usd-twap-30s-streams,,
bnb-updown-5m-1786506300,BNB,"BNB Up or Down - August 11, 11:45PM-11:50PM ET",2026-08-12T03:50:00Z,2026-08-12T03:45:00Z,613.5562655301801,Down,"[""0"", ""1""]",0.18,,,-0.4995,0.001,resolved,0xd14eb2c9e22c4ba33612e7e705ced3253cc82d87c4f7ccef8762e2ef5058b20e,https://data.chain.link/streams/bnb-usd-twap-30s-streams,,
btc-updown-5m-1786506300,BTC,"Bitcoin Up or Down - August 11, 11:45PM-11:50PM ET",2026-08-12T03:50:00Z,2026-08-12T03:45:00Z,63753.31166730179,Down,"[""0"", ""1""]",0.001,33662.94346899999,11,-0.5045,0.001,resolved,0x63f0a4f606802939a6185d38b58d90f507044b608dc2b75cbbabf8e64bfc995e,https://data.chain.link/streams/btc-usd-twap-30s-streams,,
doge-updown-5m-1786506300,DOGE,"Dogecoin Up or Down - August 11, 11:45PM-11:50PM ET",2026-08-12T03:50:00Z,2026-08-12T03:45:00Z,0.07225485650704233,Down,"[""0"", ""1""]",0.19,,,-0.4995,0.001,resolved,0xbeb7c226fada9dd3bf723526d49b9069527cc985d5ae1ec3966999966ecb7f38,https://data.chain.link/streams/doge-usd-twap-30s-streams,,
eth-updown-5m-1786506300,ETH,"Ethereum Up or Down - August 11, 11:45PM-11:50PM ET",2026-08-12T03:50:00Z,2026-08-12T03:45:00Z,1884.4940827381552,Up,"[""1"", ""0""]",0.999,2239.9962799999994,,0.4945,0.001,resolved,0x9a5e37fcc5f4688f9a59cdd7f66afc8538898d29f30395447f5ed8aa5dfdbf7b,https://data.chain.link/streams/eth-usd-twap-30s-streams,,
hype-updown-5m-1786506300,HYPE,"Hyperliquid Up or Down - August 11, 11:45PM-11:50PM ET",2026-08-12T03:50:00Z,2026-08-12T03:45:00Z,54.69372440221498,Down,"[""0"", ""1""]",0.54,83.063271,,-0.4995,0.001,resolved,0x4bf0d68e9b9b047acd581abf5d490c1aa18f70a498f05796c1512c1d2b98c0f0,https://data.chain.link/streams/hype-usd-twap-30s-streams,,
sol-updown-5m-1786506300,SOL,"Solana Up or Down - August 11, 11:45PM-11:50PM ET",2026-08-12T03:50:00Z,2026-08-12T03:45:00Z,76.36441162228054,Down,"[""0"", ""1""]",0.01,,,-0.5045,0.001,resolved,0x14dc143282049ca35217276ebd77b643da03eed23d8796b7e93299d4514ee637,https://data.chain.link/streams/sol-usd-twap-30s-streams,,
xrp-updown-5m-1786506300,XRP,"XRP Up or Down - August 11, 11:45PM-11:50PM ET",2026-08-12T03:50:00Z,2026-08-12T03:45:00Z,1.0197760714991042,Down,"[""0"", ""1""]",0.07,,,-0.5045,0.001,resolved,0xdf19cb0917368addca45fae96ac6353a0e08a95004fb0f628258deb8e42c7589,https://data.chain.link/streams/xrp-usd-twap-30s-streams,,
zec-updown-5m-1786506300,ZEC,"ZCash Up or Down - August 11, 11:45PM-11:50PM ET",2026-08-12T03:50:00Z,2026-08-12T03:45:00Z,482.28022363741985,Down,"[""0"", ""1""]",,,,-0.495,0.01,resolved,0x9fb8b41c5457ac0da8b7ad31f39a2411f4c6a1505040845051b7ff47e24b8df1,https://data.chain.link/streams/zec-usd-twap-30s-streams,,
bnb-updown-5m-1786506600,BNB,"BNB Up or Down - August 11, 11:50PM-11:55PM ET",2026-08-12T03:55:00Z,2026-08-12T03:50:00Z,613.041484072501,Down,"[""0"", ""1""]",0.35,,,-0.5,0.01,resolved,0xdf7ab5e6d71e624597a1ca951b0f02d84251b3b78c3c540f2e3db9a58083ad30,https://data.chain.link/streams/bnb-usd-twap-30s-streams,,
btc-updown-5m-1786506600,BTC,"Bitcoin Up or Down - August 11, 11:50PM-11:55PM ET",2026-08-12T03:55:00Z,2026-08-12T03:50:00Z,63752.15681430187,Down,"[""0"", ""1""]",0.01,23844.940866999994,,-0.5045,0.001,resolved,0x852e0b334e1d775ecc7605db6c78cb71abf84bd307496cae599e83704b14bcda,https://data.chain.link/streams/btc-usd-twap-30s-streams,,
doge-updown-5m-1786506600,DOGE,"Dogecoin Up or Down - August 11, 11:50PM-11:55PM ET",2026-08-12T03:55:00Z,2026-08-12T03:50:00Z,0.07220510133333335,Down,"[""0"", ""1""]",0.08,,,-0.495,0.01,resolved,0xc4ef37966c6ba0119decb4140722c387f866754208e037992fc147e13dd7a215,https://data.chain.link/streams/doge-usd-twap-30s-streams,,
eth-updown-5m-1786506600,ETH,"Ethereum Up or Down - August 11, 11:50PM-11:55PM ET",2026-08-12T03:55:00Z,2026-08-12T03:50:00Z,1885.158000919792,Down,"[""0"", ""1""]",0.04,1356.125748,,-0.5045,0.001,resolved,0x3b6fd07e7601f252b0f0b52dcd6bf40c0d9f1e645ecdbcea7bfbb7ea3adb3f0f,https://data.chain.link/streams/eth-usd-twap-30s-streams,,
hype-updown-5m-1786506600,HYPE,"Hyperliquid Up or Down - August 11, 11:50PM-11:55PM ET",2026-08-12T03:55:00Z,2026-08-12T03:50:00Z,54.60252892756561,Up,"[""1"", ""0""]",0.99,148.842277,,0.495,0.01,resolved,0x3bdd8d7f835d444c29e7ec412d072e36ab9e8962e2b2dacfcf9f2ae3f894cfba,https://data.chain.link/streams/hype-usd-twap-30s-streams,,
sol-updown-5m-1786506600,SOL,"Solana Up or Down - August 11, 11:50PM-11:55PM ET",2026-08-12T03:55:00Z,2026-08-12T03:50:00Z,76.34673930419167,Down,"[""0"", ""1""]",0.01,,,-0.5,0.01,resolved,0x415dd166c9b832f7c18fd11a8fb7662dd1b0507abea5084dd7fafa5cee2510c5,https://data.chain.link/streams/sol-usd-twap-30s-streams,,
xrp-updown-5m-1786506600,XRP,"XRP Up or Down - August 11, 11:50PM-11:55PM ET",2026-08-12T03:55:00Z,2026-08-12T03:50:00Z,1.0193680738028559,Down,"[""0"", ""1""]",0.08,,,-0.5,0.01,resolved,0x46c4af1dde3186defe730687d1321423f8bab1350bae9d06526390cdf3fbf819,https://data.chain.link/streams/xrp-usd-twap-30s-streams,,
zec-updown-5m-1786506600,ZEC,"ZCash Up or Down - August 11, 11:50PM-11:55PM ET",2026-08-12T03:55:00Z,2026-08-12T03:50:00Z,482.1157318217185,Up,"[""1"", ""0""]",0.99,,,0.495,0.01,resolved,0x332bd01b43364a909977fcf0302fb29cd386e856f486a0dcf249e24ebed90463,https://data.chain.link/streams/zec-usd-twap-30s-streams,,
bnb-updown-5m-1786506900,BNB,"BNB Up or Down - August 11, 11:55PM-12:00AM ET",2026-08-12T04:00:00Z,2026-08-12T03:55:00Z,612.8722220318414,Down,"[""0"", ""1""]",0.12,236.998154,,-0.5045,0.001,resolved,0xd554de2f1badf6003cd689979add349f9144ebda8131efbfcbe64a0442976b10,https://data.chain.link/streams/bnb-usd-twap-30s-streams,,
btc-updown-5m-1786506900,BTC,"Bitcoin Up or Down - August 11, 11:55PM-12:00AM ET",2026-08-12T04:00:00Z,2026-08-12T03:55:00Z,63726.89160447716,Up,"[""1"", ""0""]",0.999,29777.486093999985,95,0.4945,0.001,resolved,0x9d58533d9f5c1663e6e80ceb59240466a33c4dbfaf480e2e3f6af7d46eb1bf3a,https://data.chain.link/streams/btc-usd-twap-30s-streams,,
doge-updown-5m-1786506900,DOGE,"Dogecoin Up or Down - August 11, 11:55PM-12:00AM ET",2026-08-12T04:00:00Z,2026-08-12T03:55:00Z,0.07212207072018186,Up,"[""1"", ""0""]",0.99,223.82258800000005,,0.4995,0.001,resolved,0x36a53f6dfc5a8cb18578b238b472fd31fdcc90f601f8f80ec21ecd840a69724a,https://data.chain.link/streams/doge-usd-twap-30s-streams,,
eth-updown-5m-1786506900,ETH,"Ethereum Up or Down - August 11, 11:55PM-12:00AM ET",2026-08-12T04:00:00Z,2026-08-12T03:55:00Z,1884.144796342015,Up,"[""1"", ""0""]",0.99,1774.6100079999999,,0.4995,0.001,resolved,0x51406d429769b6cce092ee9045ca7328915413d51f3330d5232e20daf0ac83c0,https://data.chain.link/streams/eth-usd-twap-30s-streams,,
hype-updown-5m-1786506900,HYPE,"Hyperliquid Up or Down - August 11, 11:55PM-12:00AM ET",2026-08-12T04:00:00Z,2026-08-12T03:55:00Z,54.61010808074849,Down,"[""0"", ""1""]",0.1,145.37893,,-0.495,0.01,resolved,0x6c85320dd5074d772c905bc779abae388e0307063b7e91660bf28b4056359808,https://data.chain.link/streams/hype-usd-twap-30s-streams,,
sol-updown-5m-1786506900,SOL,"Solana Up or Down - August 11, 11:55PM-12:00AM ET",2026-08-12T04:00:00Z,2026-08-12T03:55:00Z,76.31444822127487,Up,"[""1"", ""0""]",0.99,1230.813911,,0.4945,0.001,resolved,0x1f9a6259be7967f4f454f4eac92ed2ba238656376055d6bfc6b5b7a0849c4cb8,https://data.chain.link/streams/sol-usd-twap-30s-streams,,
xrp-updown-5m-1786506900,XRP,"XRP Up or Down - August 11, 11:55PM-12:00AM ET",2026-08-12T04:00:00Z,2026-08-12T03:55:00Z,1.0189535742460627,Up,"[""1"", ""0""]",0.999,577.1333320000001,,0.4945,0.001,resolved,0x9345bbe30b8840cb0c2e5cd5e0f264d44d8fc20634e666996cfaf8f534c80ae7,https://data.chain.link/streams/xrp-usd-twap-30s-streams,,
zec-updown-5m-1786506900,ZEC,"ZCash Up or Down - August 11, 11:55PM-12:00AM ET",2026-08-12T04:00:00Z,2026-08-12T03:55:00Z,482.1470211461519,Down,"[""0"", ""1""]",,,,-0.5,0.01,resolved,0xaabd5d0ab6ee02eb0cd97567ab15c69e52873cbcedf1ff0d18dfde55c7dae837,https://data.chain.link/streams/zec-usd-twap-30s-streams,,
bnb-updown-5m-1786507200,BNB,"BNB Up or Down - August 12, 12:00AM-12:05AM ET",2026-08-12T04:05:00Z,2026-08-12T04:00:00Z,612.7152148487156,Down,"[""0"", ""1""]",0.06,419.71227099999993,,-0.5,0.01,resolved,0x8da4f31c9e400d4150eb7f412d5bbfe42c2d038b36d07e25f783ecf62f528903,https://data.chain.link/streams/bnb-usd-twap-30s-streams,,
btc-updown-5m-1786507200,BTC,"Bitcoin Up or Down - August 12, 12:00AM-12:05AM ET",2026-08-12T04:05:00Z,2026-08-12T04:00:00Z,63769.523349861964,Up,"[""1"", ""0""]",0.999,33055.47057100002,60,0.49,0.01,resolved,0x90a9f82035e321a05700a82cf7291b6394d4b4f0dd79357ab4bc13dd7e97d129,https://data.chain.link/streams/btc-usd-twap-30s-streams,,
doge-updown-5m-1786507200,DOGE,"Dogecoin Up or Down - August 12, 12:00AM-12:05AM ET",2026-08-12T04:05:00Z,2026-08-12T04:00:00Z,0.07215976817349395,Down,"[""0"", ""1""]",0.31,,,-0.4995,0.001,resolved,0xcc96a371d800dd6c696f641dbf3857f62b46171a4251b98885cae78f4d275eae,https://data.chain.link/streams/doge-usd-twap-30s-streams,,
eth-updown-5m-1786507200,ETH,"Ethereum Up or Down - August 12, 12:00AM-12:05AM ET",2026-08-12T04:05:00Z,2026-08-12T04:00:00Z,1884.8458458008938,Up,"[""1"", ""0""]",0.99,1681.9565889999994,,0.4945,0.001,resolved,0x9b3a721d958ab935077cbbe24200cea8e756fd538b21b18a567964f42c05abab,https://data.chain.link/streams/eth-usd-twap-30s-streams,,
hype-updown-5m-1786507200,HYPE,"Hyperliquid Up or Down - August 12, 12:00AM-12:05AM ET",2026-08-12T04:05:00Z,2026-08-12T04:00:00Z,54.608115351945465,Up,"[""1"", ""0""]",0.98,63.915867000000006,,0.495,0.01,resolved,0x254dd3e202a47158fe79fae27e34313a5c69f6ee062748e3e1a5ed091c17f63a,https://data.chain.link/streams/hype-usd-twap-30s-streams,,
sol-updown-5m-1786507200,SOL,"Solana Up or Down - August 12, 12:00AM-12:05AM ET",2026-08-12T04:05:00Z,2026-08-12T04:00:00Z,76.3474318983823,Up,"[""1"", ""0""]",0.98,,,0.49,0.01,resolved,0x09adb873615543a9c9ed10e89ef00a5730999a1daf3a55c53e9788cc6f7c04e5,https://data.chain.link/streams/sol-usd-twap-30s-streams,,
xrp-updown-5m-1786507200,XRP,"XRP Up or Down - August 12, 12:00AM-12:05AM ET",2026-08-12T04:05:00Z,2026-08-12T04:00:00Z,1.0191844905258747,Up,"[""1"", ""0""]",0.99,,,0.49,0.01,resolved,0xcfc739e9c755b78cdeba1e5a5607c87956b58864ecd5a4dfd5cf13f973b52f30,https://data.chain.link/streams/xrp-usd-twap-30s-streams,,
zec-updown-5m-1786507200,ZEC,"ZCash Up or Down - August 12, 12:00AM-12:05AM ET",2026-08-12T04:05:00Z,2026-08-12T04:00:00Z,482.08381870968833,Up,"[""1"", ""0""]",0.99,,,0.5,0.01,resolved,0x576af15f562bbd6866a0d6a1ed9478798475709e24935e467f7be49a0e35da81,https://data.chain.link/streams/zec-usd-twap-30s-streams,,
bnb-updown-5m-1786507500,BNB,"BNB Up or Down - August 12, 12:05AM-12:10AM ET",2026-08-12T04:10:00Z,2026-08-12T04:05:00Z,612.6663347921736,Down,"[""0"", ""1""]",0.01,,,-0.5,0.01,resolved,0xb71cbdc553d26909c44ba1aac0a5155a6e4a6678b1d1489049480c50a8b58fe5,https://data.chain.link/streams/bnb-usd-twap-30s-streams,,
btc-updown-5m-1786507500,BTC,"Bitcoin Up or Down - August 12, 12:05AM-12:10AM ET",2026-08-12T04:10:00Z,2026-08-12T04:05:00Z,63771.59016565977,Down,"[""0"", ""1""]",0.01,23896.347689,6,-0.5,0.01,resolved,0xcfbdf2c077dab67a2726c0064328c7a9fb52477f487a1fef84672f269e15aa92,https://data.chain.link/streams/btc-usd-twap-30s-streams,,
doge-updown-5m-1786507500,DOGE,"Dogecoin Up or Down - August 12, 12:05AM-12:10AM ET",2026-08-12T04:10:00Z,2026-08-12T04:05:00Z,0.07213271863660739,Down,"[""0"", ""1""]",0.12,,,-0.495,0.01,resolved,0xe69e3e81db9b69bc67e0e4c98a92fd8df29a4e6a2f01994a7d8902524987eca9,https://data.chain.link/streams/doge-usd-twap-30s-streams,,
eth-updown-5m-1786507500,ETH,"Ethereum Up or Down - August 12, 12:05AM-12:10AM ET",2026-08-12T04:10:00Z,2026-08-12T04:05:00Z,1885.8182779646963,Down,"[""0"", ""1""]",0.01,1418.3966779999998,,-0.5,0.01,resolved,0xfadac24149cafed46c854d527bde13559a9db623edb68a01f6f614c21c8b8445,https://data.chain.link/streams/eth-usd-twap-30s-streams,,
hype-updown-5m-1786507500,HYPE,"Hyperliquid Up or Down - August 12, 12:05AM-12:10AM ET",2026-08-12T04:10:00Z,2026-08-12T04:05:00Z,54.64639402454153,Down,"[""0"", ""1""]",0.61,,,-0.495,0.01,resolved,0x2c325a923c4f7a7ef718ac9e403f96769290c2a9abc05147586969076cbb0673,https://data.chain.link/streams/hype-usd-twap-30s-streams,,
sol-updown-5m-1786507500,SOL,"Solana Up or Down - August 12, 12:05AM-12:10AM ET",2026-08-12T04:10:00Z,2026-08-12T04:05:00Z,76.41224348322696,Down,"[""0"", ""1""]",0.01,,,-0.5,0.01,resolved,0xe8ef93bab2684d8387e527cb5c0535e4935c23d4f1ce7f91fdf2c4ff2cd6d960,https://data.chain.link/streams/sol-usd-twap-30s-streams,,
xrp-updown-5m-1786507500,XRP,"XRP Up or Down - August 12, 12:05AM-12:10AM ET",2026-08-12T04:10:00Z,2026-08-12T04:05:00Z,1.0192817141768513,Down,"[""0"", ""1""]",0.28,,,-0.5,0.01,resolved,0x77225e08efafa0001b5bd9cf4b1b30f21b05b8c3000fe92696f7975571669206,https://data.chain.link/streams/xrp-usd-twap-30s-streams,,
zec-updown-5m-1786507500,ZEC,"ZCash Up or Down - August 12, 12:05AM-12:10AM ET",2026-08-12T04:10:00Z,2026-08-12T04:05:00Z,482.27949468135097,Down,"[""0"", ""1""]",,,,,0.98,resolved,0xdfb6993c4676c28dc1b24d1538d1947ce011f9a5c395e9386e2db6fa862a4929,https://data.chain.link/streams/zec-usd-twap-30s-streams,,
bnb-updown-5m-1786507800,BNB,"BNB Up or Down - August 12, 12:10AM-12:15AM ET",2026-08-12T04:15:00Z,2026-08-12T04:10:00Z,612.3288499996781,Up,"[""1"", ""0""]",0.999,436.85503200000005,,0.4945,0.001,resolved,0xc5adfad66f8da529ddfcd241b46494264e30f41fa5c4eebc84fb2582261b330f,https://data.chain.link/streams/bnb-usd-twap-30s-streams,,
btc-updown-5m-1786507800,BTC,"Bitcoin Up or Down - August 12, 12:10AM-12:15AM ET",2026-08-12T04:15:00Z,2026-08-12T04:10:00Z,63738.87594481517,Down,"[""0"", ""1""]",0.01,37117.67634999997,6,-0.5,0.01,resolved,0xd00132a477d116529676bfabe02a31339f49ca3702e7fcb69a5b6d6b3f6da8b6,https://data.chain.link/streams/btc-usd-twap-30s-streams,,
doge-updown-5m-1786507800,DOGE,"Dogecoin Up or Down - August 12, 12:10AM-12:15AM ET",2026-08-12T04:15:00Z,2026-08-12T04:10:00Z,0.07206833190450991,Down,"[""0"", ""1""]",0.01,583.9632849999999,,-0.495,0.01,resolved,0xb72c1f82e79015804ce4e5205b1a9992f101029a95bf618c161ecde615857823,https://data.chain.link/streams/doge-usd-twap-30s-streams,,
eth-updown-5m-1786507800,ETH,"Ethereum Up or Down - August 12, 12:10AM-12:15AM ET",2026-08-12T04:15:00Z,2026-08-12T04:10:00Z,1884.4109692446095,Up,"[""1"", ""0""]",0.991,2286.7040639999996,,0.4945,0.001,resolved,0xa9a82d268519368af667b71f8a428ac9cad1c69971f6bc79b0e9b12c9e1df111,https://data.chain.link/streams/eth-usd-twap-30s-streams,,
hype-updown-5m-1786507800,HYPE,"Hyperliquid Up or Down - August 12, 12:10AM-12:15AM ET",2026-08-12T04:15:00Z,2026-08-12T04:10:00Z,54.64288781207369,Up,"[""1"", ""0""]",0.98,79.014158,,0.495,0.01,resolved,0x9c452a22e15173c3349b30986c67929b5179d3e22b87b65488d3a1c06af62625,https://data.chain.link/streams/hype-usd-twap-30s-streams,,
sol-updown-5m-1786507800,SOL,"Solana Up or Down - August 12, 12:10AM-12:15AM ET",2026-08-12T04:15:00Z,2026-08-12T04:10:00Z,76.33709427812495,Up,"[""1"", ""0""]",0.99,1509.9755179999997,,0.49,0.01,resolved,0xf75b81e3b40c5ba3f103da5b9757c1fb160cb82d66f0b2025376d2e1084a9395,https://data.chain.link/streams/sol-usd-twap-30s-streams,,
xrp-updown-5m-1786507800,XRP,"XRP Up or Down - August 12, 12:10AM-12:15AM ET",2026-08-12T04:15:00Z,2026-08-12T04:10:00Z,1.0187834541678618,Up,"[""1"", ""0""]",0.999,463.53404299999994,,0.4945,0.001,resolved,0xf672fd909e12660f5634d733a99026ec3ccab4771cab7f0767ecbd5a032f52a7,https://data.chain.link/streams/xrp-usd-twap-30s-streams,,
zec-updown-5m-1786507800,ZEC,"ZCash Up or Down - August 12, 12:10AM-12:15AM ET",2026-08-12T04:15:00Z,2026-08-12T04:10:00Z,482.09063476145184,Up,"[""1"", ""0""]",0.99,,,0.495,0.01,resolved,0x6cc1e8a6d4ea59312578ec1f5118c76850e68978e856a5e3d034f69331074de2,https://data.chain.link/streams/zec-usd-twap-30s-streams,,
bnb-updown-5m-1786508100,BNB,"BNB Up or Down - August 12, 12:15AM-12:20AM ET",2026-08-12T04:20:00Z,2026-08-12T04:15:00Z,613.7598180236416,Up,"[""1"", ""0""]",0.99,,,0.4945,0.001,resolved,0xb55494048f65ba15a5db7285e18f78c237b9bae01c460fdfdba948e6d8f02c1d,https://data.chain.link/streams/bnb-usd-twap-30s-streams,,
btc-updown-5m-1786508100,BTC,"Bitcoin Up or Down - August 12, 12:15AM-12:20AM ET",2026-08-12T04:20:00Z,2026-08-12T04:15:00Z,63726.034314668046,Up,"[""1"", ""0""]",0.999,30974.791714999996,,0.4945,0.001,resolved,0x8ad65bb1d529d8d49013d2378ae446455fcf26766917617d5d2b141108b827be,https://data.chain.link/streams/btc-usd-twap-30s-streams,,
doge-updown-5m-1786508100,DOGE,"Dogecoin Up or Down - August 12, 12:15AM-12:20AM ET",2026-08-12T04:20:00Z,2026-08-12T04:15:00Z,0.07206562263717378,Up,"[""1"", ""0""]",0.98,,,0.4995,0.001,resolved,0xbc20a2a40a5a681ed78b71461486979c3658184cd035c6518600efcc179e7501,https://data.chain.link/streams/doge-usd-twap-30s-streams,,
eth-updown-5m-1786508100,ETH,"Ethereum Up or Down - August 12, 12:15AM-12:20AM ET",2026-08-12T04:20:00Z,2026-08-12T04:15:00Z,1885.5975161095196,Up,"[""1"", ""0""]",0.98,2761.389192,,0.4945,0.001,resolved,0xa278469b2f8a315c542c11d4e09e815085cf11a85adf82f79c3953481086a492,https://data.chain.link/streams/eth-usd-twap-30s-streams,,
hype-updown-5m-1786508100,HYPE,"Hyperliquid Up or Down - August 12, 12:15AM-12:20AM ET",2026-08-12T04:20:00Z,2026-08-12T04:15:00Z,54.72697260749253,Down,"[""0"", ""1""]",0.19,114.81351499999998,,-0.4995,0.001,resolved,0x819f7278ee8a5377e385c10f4489b30a0327e59f04c83061fcbdcff6f3bc39fc,https://data.chain.link/streams/hype-usd-twap-30s-streams,,
sol-updown-5m-1786508100,SOL,"Solana Up or Down - August 12, 12:15AM-12:20AM ET",2026-08-12T04:20:00Z,2026-08-12T04:15:00Z,76.35412696910795,Up,"[""1"", ""0""]",0.99,638.674996,,0.4945,0.001,resolved,0xa6d5a62e87851e759d29a7907f7c66e16b22812686805a14f954c9cdedf4a71b,https://data.chain.link/streams/sol-usd-twap-30s-streams,,
xrp-updown-5m-1786508100,XRP,"XRP Up or Down - August 12, 12:15AM-12:20AM ET",2026-08-12T04:20:00Z,2026-08-12T04:15:00Z,1.019383639977974,Up,"[""1"", ""0""]",0.99,,,0.4945,0.001,resolved,0x162f8b217598b00ce0093b9f05e59412b2d7e3911b5c7b06a142b56078e90d5a,https://data.chain.link/streams/xrp-usd-twap-30s-streams,,
zec-updown-5m-1786508100,ZEC,"ZCash Up or Down - August 12, 12:15AM-12:20AM ET",2026-08-12T04:20:00Z,2026-08-12T04:15:00Z,482.5011417879265,Up,"[""1"", ""0""]",0.99,,,0.495,0.01,resolved,0x81ee5871d45dac82367e299e27e3a7a0bce532698d4536a7e77bfe1a8f00d186,https://data.chain.link/streams/zec-usd-twap-30s-streams,,
bnb-updown-5m-1786508400,BNB,"BNB Up or Down - August 12, 12:20AM-12:25AM ET",2026-08-12T04:25:00Z,2026-08-12T04:20:00Z,614.3151275222974,Up,"[""1"", ""0""]",0.99,,,0.4995,0.001,resolved,0x2d36c8fbff0facb6d94032c5fbfaa4c157c2168c6a5bc7e19ba954126e131291,https://data.chain.link/streams/bnb-usd-twap-30s-streams,,
btc-updown-5m-1786508400,BTC,"Bitcoin Up or Down - August 12, 12:20AM-12:25AM ET",2026-08-12T04:25:00Z,2026-08-12T04:20:00Z,63738.88406057792,Up,"[""1"", ""0""]",0.999,25488.98251200002,,0.4945,0.001,resolved,0x5a0ec779c8151b88a1e4280fbb668d9c551da36524e16f9b3990eddc835607fe,https://data.chain.link/streams/btc-usd-twap-30s-streams,,
doge-updown-5m-1786508400,DOGE,"Dogecoin Up or Down - August 12, 12:20AM-12:25AM ET",2026-08-12T04:25:00Z,2026-08-12T04:20:00Z,0.07216354240156318,Up,"[""1"", ""0""]",0.99,,,0.495,0.01,resolved,0x133fa49990fef1914355e3112d5a6e1ad3ad9517306d1a38483859f23e9239e1,https://data.chain.link/streams/doge-usd-twap-30s-streams,,
eth-updown-5m-1786508400,ETH,"Ethereum Up or Down - August 12, 12:20AM-12:25AM ET",2026-08-12T04:25:00Z,2026-08-12T04:20:00Z,1886.729759492426,Up,"[""1"", ""0""]",0.999,2261.7606240000005,,0.4945,0.001,resolved,0xd0c362789b2313e72406f71676783a1eeba47363372b13e44236c44729954e24,https://data.chain.link/streams/eth-usd-twap-30s-streams,,
hype-updown-5m-1786508400,HYPE,"Hyperliquid Up or Down - August 12, 12:20AM-12:25AM ET",2026-08-12T04:25:00Z,2026-08-12T04:20:00Z,54.68458898920549,Down,"[""0"", ""1""]",0.51,,,-0.495,0.01,resolved,0x52872636bcd35b30d77b9d56fe962090769de2b93e6d697d99a7e343ac0aaa28,https://data.chain.link/streams/hype-usd-twap-30s-streams,,
sol-updown-5m-1786508400,SOL,"Solana Up or Down - August 12, 12:20AM-12:25AM ET",2026-08-12T04:25:00Z,2026-08-12T04:20:00Z,76.42633069771708,Up,"[""1"", ""0""]",0.99,,,0.49,0.01,resolved,0xbebe4bf681faed548d19080e8cd222b9fe0fc930b999b3124cbe319de9f85744,https://data.chain.link/streams/sol-usd-twap-30s-streams,,
xrp-updown-5m-1786508400,XRP,"XRP Up or Down - August 12, 12:20AM-12:25AM ET",2026-08-12T04:25:00Z,2026-08-12T04:20:00Z,1.0197423109969528,Up,"[""1"", ""0""]",0.99,,,0.49,0.01,resolved,0xc9ca6409d0f994456351791da391461e656c9ef0516b157c607248a65ad35609,https://data.chain.link/streams/xrp-usd-twap-30s-streams,,
zec-updown-5m-1786508400,ZEC,"ZCash Up or Down - August 12, 12:20AM-12:25AM ET",2026-08-12T04:25:00Z,2026-08-12T04:20:00Z,482.74787216078846,Down,"[""0"", ""1""]",,,,-0.495,0.01,resolved,0xd004f770c752de8294272263b9d845234363783baf7fbc78f57c0da7d439a83b,https://data.chain.link/streams/zec-usd-twap-30s-streams,,
bnb-updown-5m-1786508700,BNB,"BNB Up or Down - August 12, 12:25AM-12:30AM ET",2026-08-12T04:30:00Z,2026-08-12T04:25:00Z,615.1468152167967,Down,"[""0"", ""1""]",0.08,,,-0.4995,0.009,resolved,0xdeb23968a5c158cad973498cbd5119a6b58812d574be7e75bf1c110ba56b3949,https://data.chain.link/streams/bnb-usd-twap-30s-streams,,
btc-updown-5m-1786508700,BTC,"Bitcoin Up or Down - August 12, 12:25AM-12:30AM ET",2026-08-12T04:30:00Z,2026-08-12T04:25:00Z,63810.98743714641,Down,"[""0"", ""1""]",0.01,21779.115770999993,,-0.5,0.01,resolved,0x1e86807c41e81210e3089725b19c994547382eb8a15fbe23393fd1f13542febc,https://data.chain.link/streams/btc-usd-twap-30s-streams,,
doge-updown-5m-1786508700,DOGE,"Dogecoin Up or Down - August 12, 12:25AM-12:30AM ET",2026-08-12T04:30:00Z,2026-08-12T04:25:00Z,0.0722010532338118,Down,"[""0"", ""1""]",0.02,,,-0.495,0.01,resolved,0xca1c9a8073f4604423668da173a9dcc697bb8c365f6d29106822753ce9ffe799,https://data.chain.link/streams/doge-usd-twap-30s-streams,,
eth-updown-5m-1786508700,ETH,"Ethereum Up or Down - August 12, 12:25AM-12:30AM ET",2026-08-12T04:30:00Z,2026-08-12T04:25:00Z,1890.1956288090662,Down,"[""0"", ""1""]",0.01,,,-0.5,0.01,resolved,0x17d68ac393aa5afe9fc928ff389c798cbe73c14f7395909c7b142cae1f17095d,https://data.chain.link/streams/eth-usd-twap-30s-streams,,
hype-updown-5m-1786508700,HYPE,"Hyperliquid Up or Down - August 12, 12:25AM-12:30AM ET",2026-08-12T04:30:00Z,2026-08-12T04:25:00Z,54.66684904004546,Down,"[""0"", ""1""]",0.07,,,-0.4945,0.009,resolved,0xe56f4c0dee373eed90cf7d00bbcff35e085a4de954081ea53d137c0a2ba06dbd,https://data.chain.link/streams/hype-usd-twap-30s-streams,,
sol-updown-5m-1786508700,SOL,"Solana Up or Down - August 12, 12:25AM-12:30AM ET",2026-08-12T04:30:00Z,2026-08-12T04:25:00Z,76.45008144865653,Down,"[""0"", ""1""]",0.13,,,-0.5045,0.001,resolved,0xc1c4004b17c76f294490e387d30eed513373e13b7662609e3f017b030a7cba93,https://data.chain.link/streams/sol-usd-twap-30s-streams,,
xrp-updown-5m-1786508700,XRP,"XRP Up or Down - August 12, 12:25AM-12:30AM ET",2026-08-12T04:30:00Z,2026-08-12T04:25:00Z,1.0205955867394125,Down,"[""0"", ""1""]",0.12,,,-0.5,0.01,resolved,0x2c50361c1a7061f7fcaa2f985cfe50f5c48a401cb6011c964e240341bc4b5145,https://data.chain.link/streams/xrp-usd-twap-30s-streams,,
zec-updown-5m-1786508700,ZEC,"ZCash Up or Down - August 12, 12:25AM-12:30AM ET",2026-08-12T04:30:00Z,2026-08-12T04:25:00Z,482.50902183700134,Down,"[""0"", ""1""]",,,,,0.98,resolved,0x1caa1d5e7c1eb25ea8dbb58ce377427900692414f7891ab542ac17002afce364,https://data.chain.link/streams/zec-usd-twap-30s-streams,,
bnb-updown-5m-1786509000,BNB,"BNB Up or Down - August 12, 12:30AM-12:35AM ET",2026-08-12T04:35:00Z,2026-08-12T04:30:00Z,614.2981225410495,Down,"[""0"", ""1""]",0.1,288.27829099999997,,-0.5045,0.001,resolved,0xdb6deaddd1d51c20991ad2db39d4821f107451e5f6ea6f742cc787723a81eeee,https://data.chain.link/streams/bnb-usd-twap-30s-streams,,
btc-updown-5m-1786509000,BTC,"Bitcoin Up or Down - August 12, 12:30AM-12:35AM ET",2026-08-12T04:35:00Z,2026-08-12T04:30:00Z,63743.451801246134,Down,"[""0"", ""1""]",0.001,28396.896503999997,,-0.5045,0.001,resolved,0x8f83e97590bdef7f93ed9b6c320f87fd8c20b2f608706dda793384d1a3e6040d,https://data.chain.link/streams/btc-usd-twap-30s-streams,,
doge-updown-5m-1786509000,DOGE,"Dogecoin Up or Down - August 12, 12:30AM-12:35AM ET",2026-08-12T04:35:00Z,2026-08-12T04:30:00Z,0.07207054660471085,Down,"[""0"", ""1""]",0.23,,,-0.4995,0.001,resolved,0xb074e7678df2987525027ebb72348020c681d235de85ef7726fe0b2a814a04ef,https://data.chain.link/streams/doge-usd-twap-30s-streams,,
eth-updown-5m-1786509000,ETH,"Ethereum Up or Down - August 12, 12:30AM-12:35AM ET",2026-08-12T04:35:00Z,2026-08-12T04:30:00Z,1887.9831999922415,Down,"[""0"", ""1""]",0.01,2085.1589139999996,,-0.5045,0.001,resolved,0x6654ca2f946439e265fdda0953e6513f8be3de85cc83719ec3a6b014d6c20eaf,https://data.chain.link/streams/eth-usd-twap-30s-streams,,
hype-updown-5m-1786509000,HYPE,"Hyperliquid Up or Down - August 12, 12:30AM-12:35AM ET",2026-08-12T04:35:00Z,2026-08-12T04:30:00Z,54.47987295873545,Down,"[""0"", ""1""]",,82.03384100000001,,-0.4995,0.001,resolved,0x23a568b808ffc381ef1513a56aae48c89ea9f16456d5b07c5ca2189da700921a,https://data.chain.link/streams/hype-usd-twap-30s-streams,,
sol-updown-5m-1786509000,SOL,"Solana Up or Down - August 12, 12:30AM-12:35AM ET",2026-08-12T04:35:00Z,2026-08-12T04:30:00Z,76.31872730835916,Down,"[""0"", ""1""]",0.01,1340.7261130000006,,-0.5045,0.001,resolved,0x4b68593cd89bdf363daa08f9a83e3088a5c9f6c5cd574f71afcaf7507cf49078,https://data.chain.link/streams/sol-usd-twap-30s-streams,,
xrp-updown-5m-1786509000,XRP,"XRP Up or Down - August 12, 12:30AM-12:35AM ET",2026-08-12T04:35:00Z,2026-08-12T04:30:00Z,1.019638694685825,Down,"[""0"", ""1""]",0.17,454.4204040000001,,-0.5045,0.001,resolved,0xcb9a28216b9e593cf71c59e9766ae84128cfc6a784550a65be1d36aab8c2d9e7,https://data.chain.link/streams/xrp-usd-twap-30s-streams,,
zec-updown-5m-1786509000,ZEC,"ZCash Up or Down - August 12, 12:30AM-12:35AM ET",2026-08-12T04:35:00Z,2026-08-12T04:30:00Z,482.08527733448494,Down,"[""0"", ""1""]",,,,-0.495,0.01,resolved,0x587234560a35bfdb6a84ade35b34c28ebfdcd6eefca5dccf290247c8feed2273,https://data.chain.link/streams/zec-usd-twap-30s-streams,,
bnb-updown-5m-1786509300,BNB,"BNB Up or Down - August 12, 12:35AM-12:40AM ET",2026-08-12T04:40:00Z,2026-08-12T04:35:00Z,613.8377995310522,Up,"[""1"", ""0""]",0.99,,,0.4945,0.001,resolved,0xa48fe2b61556c3951128a0cb0bcacfd1f85a3fd8297a231ed9bcbbf5db866662,https://data.chain.link/streams/bnb-usd-twap-30s-streams,,
btc-updown-5m-1786509300,BTC,"Bitcoin Up or Down - August 12, 12:35AM-12:40AM ET",2026-08-12T04:40:00Z,2026-08-12T04:35:00Z,63675.30247427171,Up,"[""1"", ""0""]",0.999,26520.007908999996,,0.49,0.01,resolved,0xaf324215f107384ada26062f6817203f9d56574c428287f6742d650a5b29b2d0,https://data.chain.link/streams/btc-usd-twap-30s-streams,,
doge-updown-5m-1786509300,DOGE,"Dogecoin Up or Down - August 12, 12:35AM-12:40AM ET",2026-08-12T04:40:00Z,2026-08-12T04:35:00Z,0.07201338463733366,Down,"[""0"", ""1""]",0.31,,,-0.4995,0.001,resolved,0x11704be59fddb1c80973f9c88850162d27110ec836e73a4e07cf624776443549,https://data.chain.link/streams/doge-usd-twap-30s-streams,,
eth-updown-5m-1786509300,ETH,"Ethereum Up or Down - August 12, 12:35AM-12:40AM ET",2026-08-12T04:40:00Z,2026-08-12T04:35:00Z,1886.1244620923255,Up,"[""1"", ""0""]",0.99,3680.3634899999997,,0.49,0.01,resolved,0xf7a99d8dfca440689a23d6d832de31597bad126e81e00029d390247c3755d501,https://data.chain.link/streams/eth-usd-twap-30s-streams,,
hype-updown-5m-1786509300,HYPE,"Hyperliquid Up or Down - August 12, 12:35AM-12:40AM ET",2026-08-12T04:40:00Z,2026-08-12T04:35:00Z,54.40287098029398,Up,"[""1"", ""0""]",0.99,,,0.4995,0.001,resolved,0x0aaf1c396862f25c4b86f5ca694c012414ae4bebad217d99f6c28a559ba9f84f,https://data.chain.link/streams/hype-usd-twap-30s-streams,,
sol-updown-5m-1786509300,SOL,"Solana Up or Down - August 12, 12:35AM-12:40AM ET",2026-08-12T04:40:00Z,2026-08-12T04:35:00Z,76.21296273461468,Up,"[""1"", ""0""]",0.99,,,0.4945,0.001,resolved,0x1dcc315e7792290d859e70daec37ab89093b29fa04bc7468c09bd8bd94f43392,https://data.chain.link/streams/sol-usd-twap-30s-streams,,
xrp-updown-5m-1786509300,XRP,"XRP Up or Down - August 12, 12:35AM-12:40AM ET",2026-08-12T04:40:00Z,2026-08-12T04:35:00Z,1.0185896103968284,Up,"[""1"", ""0""]",0.99,,,0.49,0.01,resolved,0xd1d5f881a6e42e7fed43b66009a7edfd939dedf8e73cb2da9fa43070fb4ef986,https://data.chain.link/streams/xrp-usd-twap-30s-streams,,
zec-updown-5m-1786509300,ZEC,"ZCash Up or Down - August 12, 12:35AM-12:40AM ET",2026-08-12T04:40:00Z,2026-08-12T04:35:00Z,481.0817834539272,Up,"[""1"", ""0""]",0.99,,,0.495,0.01,resolved,0x807ce41ac549d189829fe7042217a317199ce7d211cb4a68e6eebf970cdd91e8,https://data.chain.link/streams/zec-usd-twap-30s-streams,,
bnb-updown-5m-1786509600,BNB,"BNB Up or Down - August 12, 12:40AM-12:45AM ET",2026-08-12T04:45:00Z,2026-08-12T04:40:00Z,613.8973229801935,Up,"[""1"", ""0""]",0.99,433.366157,,0.49,0.01,resolved,0x1ebdfa97bd85f83b3bb9ed1aa4e0fdae5d51239ebe3d76126217fc63a3aaed23,https://data.chain.link/streams/bnb-usd-twap-30s-streams,,
btc-updown-5m-1786509600,BTC,"Bitcoin Up or Down - August 12, 12:40AM-12:45AM ET",2026-08-12T04:45:00Z,2026-08-12T04:40:00Z,63681.27235993242,Up,"[""1"", ""0""]",0.999,30300.032866999976,,0.4945,0.001,resolved,0xf97d645db68eadf791cf317f437ce220f7fecb2ee1bff849039890eba2b6b8d1,https://data.chain.link/streams/btc-usd-twap-30s-streams,,
doge-updown-5m-1786509600,DOGE,"Dogecoin Up or Down - August 12, 12:40AM-12:45AM ET",2026-08-12T04:45:00Z,2026-08-12T04:40:00Z,0.07200243063106945,Up,"[""1"", ""0""]",0.99,839.8607,,0.495,0.01,resolved,0xd7b2ac90445bec73b181202ac83b3a04ee79c15f21a6af22192a69b9bf31d40f,https://data.chain.link/streams/doge-usd-twap-30s-streams,,
eth-updown-5m-1786509600,ETH,"Ethereum Up or Down - August 12, 12:40AM-12:45AM ET",2026-08-12T04:45:00Z,2026-08-12T04:40:00Z,1886.645613383668,Up,"[""1"", ""0""]",0.99,3175.3958020000005,,0.49,0.01,resolved,0x7df096e29fdfc6972484f8118ce4bc0736e34114f75023475645c4f675cdb11e,https://data.chain.link/streams/eth-usd-twap-30s-streams,,
hype-updown-5m-1786509600,HYPE,"Hyperliquid Up or Down - August 12, 12:40AM-12:45AM ET",2026-08-12T04:45:00Z,2026-08-12T04:40:00Z,54.41618164031169,Up,"[""1"", ""0""]",0.999,62.876628000000004,,0.4995,0.001,resolved,0x258ee7e68b7c05fa91a7bac9cc7ca9e3e48448f819ad47d12aa6cf3f765f8351,https://data.chain.link/streams/hype-usd-twap-30s-streams,,
sol-updown-5m-1786509600,SOL,"Solana Up or Down - August 12, 12:40AM-12:45AM ET",2026-08-12T04:45:00Z,2026-08-12T04:40:00Z,76.27311348197553,Down,"[""0"", ""1""]",0.11,1679.6218370000004,,-0.5,0.01,resolved,0x25b38fd2f2d503e880ca6cbc757055c76ff24c56660ea4b24c3a3bd310a37a17,https://data.chain.link/streams/sol-usd-twap-30s-streams,,
xrp-updown-5m-1786509600,XRP,"XRP Up or Down - August 12, 12:40AM-12:45AM ET",2026-08-12T04:45:00Z,2026-08-12T04:40:00Z,1.0188752054340053,Up,"[""1"", ""0""]",0.99,994.393007,,0.49,0.01,resolved,0xf7c3ef53a125ded8290395fcb5b44c3833c434580a6dd0900c8f90bae618f1da,https://data.chain.link/streams/xrp-usd-twap-30s-streams,,
zec-updown-5m-1786509600,ZEC,"ZCash Up or Down - August 12, 12:40AM-12:45AM ET",2026-08-12T04:45:00Z,2026-08-12T04:40:00Z,481.56323115958094,Up,"[""1"", ""0""]",0.99,,,0.495,0.01,resolved,0x1db3ae38fe2bca91b683facf28ac06f69e66c70751364755a9c7536cb3be7a06,https://data.chain.link/streams/zec-usd-twap-30s-streams,,
bnb-updown-5m-1786509900,BNB,"BNB Up or Down - August 12, 12:45AM-12:50AM ET",2026-08-12T04:50:00Z,2026-08-12T04:45:00Z,614.1205667102558,Up,"[""1"", ""0""]",0.99,941.182465,,0.4945,0.001,resolved,0x9c8c3e050337a7ae39c2036eb4f9294dd8cd62381024ac793e09c2002e83f06d,https://data.chain.link/streams/bnb-usd-twap-30s-streams,,
btc-updown-5m-1786509900,BTC,"Bitcoin Up or Down - August 12, 12:45AM-12:50AM ET",2026-08-12T04:50:00Z,2026-08-12T04:45:00Z,63708.30634804749,Up,"[""1"", ""0""]",0.999,22002.456298999983,,0.4945,0.001,resolved,0x815a298f7a7118ff69d8b5235db440dbf0837054f5458437b11747d05d7e6f22,https://data.chain.link/streams/btc-usd-twap-30s-streams,,
doge-updown-5m-1786509900,DOGE,"Dogecoin Up or Down - August 12, 12:45AM-12:50AM ET",2026-08-12T04:50:00Z,2026-08-12T04:45:00Z,0.07201319503772015,Down,"[""0"", ""1""]",0.01,1175.176784,,-0.495,0.01,resolved,0xa00da88e8660cf74d07c9b855c26cd5418a6d56461bea7171adf31027195089d,https://data.chain.link/streams/doge-usd-twap-30s-streams,,
eth-updown-5m-1786509900,ETH,"Ethereum Up or Down - August 12, 12:45AM-12:50AM ET",2026-08-12T04:50:00Z,2026-08-12T04:45:00Z,1886.8254237715907,Up,"[""1"", ""0""]",0.99,3195.6253419999994,,0.49,0.01,resolved,0x6bb2b149e68be8a8fd381fe0c30bf4a7cf6a6ff8de82a1671d0aad527ef300c8,https://data.chain.link/streams/eth-usd-twap-30s-streams,,
hype-updown-5m-1786509900,HYPE,"Hyperliquid Up or Down - August 12, 12:45AM-12:50AM ET",2026-08-12T04:50:00Z,2026-08-12T04:45:00Z,54.46074069999998,Up,"[""1"", ""0""]",0.98,63.746496,,0.4995,0.001,resolved,0x1f5b4868500376bb6d179a04c01e0e36edbf55c3e60e06876a0b83eacb405ded,https://data.chain.link/streams/hype-usd-twap-30s-streams,,
sol-updown-5m-1786509900,SOL,"Solana Up or Down - August 12, 12:45AM-12:50AM ET",2026-08-12T04:50:00Z,2026-08-12T04:45:00Z,76.26266920399661,Up,"[""1"", ""0""]",0.99,1074.455246,,0.49,0.01,resolved,0xb60bb6a96da2a8128f082b221fefa9df65670158a0ee9872d2d7c102e73b29bb,https://data.chain.link/streams/sol-usd-twap-30s-streams,,
xrp-updown-5m-1786509900,XRP,"XRP Up or Down - August 12, 12:45AM-12:50AM ET",2026-08-12T04:50:00Z,2026-08-12T04:45:00Z,1.0191238908736238,Up,"[""1"", ""0""]",0.99,,,0.49,0.01,resolved,0xfef43c7bcd3a63562602db61ffd10961a8f6c152ff5b9f0f9577fe8eb0995c79,https://data.chain.link/streams/xrp-usd-twap-30s-streams,,
zec-updown-5m-1786509900,ZEC,"ZCash Up or Down - August 12, 12:45AM-12:50AM ET",2026-08-12T04:50:00Z,2026-08-12T04:45:00Z,482.1168292903491,Up,"[""1"", ""0""]",0.98,,,,0.97,resolved,0xf4f2abf09aa12fb6673ee51cd0d27b11eed713cc7b14d997dcf384e0de787cb2,https://data.chain.link/streams/zec-usd-twap-30s-streams,,
bnb-updown-5m-1786510200,BNB,"BNB Up or Down - August 12, 12:50AM-12:55AM ET",2026-08-12T04:55:00Z,2026-08-12T04:50:00Z,614.2126393803663,Up,"[""1"", ""0""]",0.99,,,0.49,0.01,resolved,0x57bfe37b03c0a00000628bf10ab79a3d745f66c51849c91d2c21292800546bff,https://data.chain.link/streams/bnb-usd-twap-30s-streams,,
btc-updown-5m-1786510200,BTC,"Bitcoin Up or Down - August 12, 12:50AM-12:55AM ET",2026-08-12T04:55:00Z,2026-08-12T04:50:00Z,63749.67450597442,Up,"[""1"", ""0""]",0.99,34872.67296400003,6,0.49,0.01,resolved,0x7f24c9aec436fb6f36adde2db6493615b822a876def868a1521b71610ff6b56d,https://data.chain.link/streams/btc-usd-twap-30s-streams,,
doge-updown-5m-1786510200,DOGE,"Dogecoin Up or Down - August 12, 12:50AM-12:55AM ET",2026-08-12T04:55:00Z,2026-08-12T04:50:00Z,0.07197937092028212,Up,"[""1"", ""0""]",0.99,,,0.495,0.01,resolved,0x5c0a14a469338fcdb2a168a86032cddf63d966c5c22e47ecbe3f2bfe08d21b25,https://data.chain.link/streams/doge-usd-twap-30s-streams,,
eth-updown-5m-1786510200,ETH,"Ethereum Up or Down - August 12, 12:50AM-12:55AM ET",2026-08-12T04:55:00Z,2026-08-12T04:50:00Z,1888.8142417349882,Down,"[""0"", ""1""]",0.01,3703.961898999999,,-0.5045,0.001,resolved,0x987803aa30a87a5d3dba5e1caf263af2ba4866b552f570c226a28453647d6619,https://data.chain.link/streams/eth-usd-twap-30s-streams,,
hype-updown-5m-1786510200,HYPE,"Hyperliquid Up or Down - August 12, 12:50AM-12:55AM ET",2026-08-12T04:55:00Z,2026-08-12T04:50:00Z,54.523376331046514,Up,"[""1"", ""0""]",0.99,,,0.495,0.01,resolved,0x3f8e2bb9e7fc3703dc137bbbfc6bb68c23b629774479c41419bb269c13f8963d,https://data.chain.link/streams/hype-usd-twap-30s-streams,,
sol-updown-5m-1786510200,SOL,"Solana Up or Down - August 12, 12:50AM-12:55AM ET",2026-08-12T04:55:00Z,2026-08-12T04:50:00Z,76.30547598239275,Down,"[""0"", ""1""]",0.06,1483.7992830000003,,-0.5,0.01,resolved,0x83a495825f837b8503fcbdde1b513d09dbe9e263569d0b22259e801100b079e3,https://data.chain.link/streams/sol-usd-twap-30s-streams,,
xrp-updown-5m-1786510200,XRP,"XRP Up or Down - August 12, 12:50AM-12:55AM ET",2026-08-12T04:55:00Z,2026-08-12T04:50:00Z,1.0198325759063267,Up,"[""1"", ""0""]",0.99,,,0.49,0.01,resolved,0x1dd944899377b2108059e85f57b78987b1c293044cc64223502b1402cf8d6462,https://data.chain.link/streams/xrp-usd-twap-30s-streams,,
zec-updown-5m-1786510200,ZEC,"ZCash Up or Down - August 12, 12:50AM-12:55AM ET",2026-08-12T04:55:00Z,2026-08-12T04:50:00Z,482.91483481987336,Down,"[""0"", ""1""]",,,,-0.495,0.01,resolved,0x9e6674bfcb2f7ad8aa241416cc1d1a0b6aaf68b096cf018b40d5f71e7719d9ba,https://data.chain.link/streams/zec-usd-twap-30s-streams,,
bnb-updown-5m-1786510500,BNB,"BNB Up or Down - August 12, 12:55AM-1:00AM ET",2026-08-12T05:00:00Z,2026-08-12T04:55:00Z,614.303891425082,Down,"[""0"", ""1""]",0.05,328.661933,,-0.4995,0.001,resolved,0x1d25c738655dac02f07ff6adfc6df522b9f0b7d95ee32675bad08288dcc36e11,https://data.chain.link/streams/bnb-usd-twap-30s-streams,,
btc-updown-5m-1786510500,BTC,"Bitcoin Up or Down - August 12, 12:55AM-1:00AM ET",2026-08-12T05:00:00Z,2026-08-12T04:55:00Z,63759.37688260026,Down,"[""0"", ""1""]",0.01,42418.12183800001,144.480783,-0.5045,0.001,resolved,0x177073806027561793c6c88904ff668a000155498072fa4b6828f190dfe4eecb,https://data.chain.link/streams/btc-usd-twap-30s-streams,,
doge-updown-5m-1786510500,DOGE,"Dogecoin Up or Down - August 12, 12:55AM-1:00AM ET",2026-08-12T05:00:00Z,2026-08-12T04:55:00Z,0.07204139855619981,Up,"[""1"", ""0""]",0.99,1185.784996,,0.4995,0.001,resolved,0x76812ed43005b2b988e6f2e63905ce8186fe052636f63e9e46255aea1ddade1f,https://data.chain.link/streams/doge-usd-twap-30s-streams,,
eth-updown-5m-1786510500,ETH,"Ethereum Up or Down - August 12, 12:55AM-1:00AM ET",2026-08-12T05:00:00Z,2026-08-12T04:55:00Z,1888.026691402774,Down,"[""0"", ""1""]",0.01,2887.8673490000015,32.85045,-0.5045,0.001,resolved,0x2e39ca476bc184396b2eea23b85d4a0b9da26e872dd2e79f616ce198d25250ce,https://data.chain.link/streams/eth-usd-twap-30s-streams,,
hype-updown-5m-1786510500,HYPE,"Hyperliquid Up or Down - August 12, 12:55AM-1:00AM ET",2026-08-12T05:00:00Z,2026-08-12T04:55:00Z,54.5341748,Down,"[""0"", ""1""]",0.38,78.89720000000001,,-0.4995,0.001,resolved,0x6871df4898376e2829502117ead309f08b9437cbdd3227662cf4162a5ee502fd,https://data.chain.link/streams/hype-usd-twap-30s-streams,,
sol-updown-5m-1786510500,SOL,"Solana Up or Down - August 12, 12:55AM-1:00AM ET",2026-08-12T05:00:00Z,2026-08-12T04:55:00Z,76.28243589362108,Down,"[""0"", ""1""]",0.01,1129.155279,,-0.5045,0.001,resolved,0x82617b0bcf60096b996e07070e7d417c07ebbf530d89a000875ef53850474552,https://data.chain.link/streams/sol-usd-twap-30s-streams,,
xrp-updown-5m-1786510500,XRP,"XRP Up or Down - August 12, 12:55AM-1:00AM ET",2026-08-12T05:00:00Z,2026-08-12T04:55:00Z,1.0200075828135873,Down,"[""0"", ""1""]",0.05,663.374773,,-0.5045,0.001,resolved,0x65f2a04322f5275515589c9a9ffe18494ff007d99f4e31c3bb4bf6c5ebad9cdc,https://data.chain.link/streams/xrp-usd-twap-30s-streams,,
zec-updown-5m-1786510500,ZEC,"ZCash Up or Down - August 12, 12:55AM-1:00AM ET",2026-08-12T05:00:00Z,2026-08-12T04:55:00Z,482.200386301847,Up,"[""1"", ""0""]",0.99,,,0.495,0.01,resolved,0x20baf14492ffc0590d5140e541ffac1caa0fb972f5fd6c17ac0b1330175c3d46,https://data.chain.link/streams/zec-usd-twap-30s-streams,,
bnb-updown-5m-1786510800,BNB,"BNB Up or Down - August 12, 1:00AM-1:05AM ET",2026-08-12T05:05:00Z,2026-08-12T05:00:00Z,614.1136505900781,Down,"[""0"", ""1""]",0.31,,,-0.5,0.01,resolved,0x6b141fd9aa5b615570edaf8240436686465bca53d9eafaeee18bfeb48dfb3ba1,https://data.chain.link/streams/bnb-usd-twap-30s-streams,,
btc-updown-5m-1786510800,BTC,"Bitcoin Up or Down - August 12, 1:00AM-1:05AM ET",2026-08-12T05:05:00Z,2026-08-12T05:00:00Z,63713.07149719186,Down,"[""0"", ""1""]",0.01,20685.792322999983,62.960783,-0.5045,0.001,resolved,0x7e508ee0001cfd74ba7b25217b4dc889f96f29da5fe04ee347462edfddc571fe,https://data.chain.link/streams/btc-usd-twap-30s-streams,,
doge-updown-5m-1786510800,DOGE,"Dogecoin Up or Down - August 12, 1:00AM-1:05AM ET",2026-08-12T05:05:00Z,2026-08-12T05:00:00Z,0.0720545354156152,Down,"[""0"", ""1""]",0.09,,,-0.4995,0.001,resolved,0x086826f9ff5328b74344b1b2ca0d9ba718e0a2d1a212b7bb8b53ad9a09d88a99,https://data.chain.link/streams/doge-usd-twap-30s-streams,,
eth-updown-5m-1786510800,ETH,"Ethereum Up or Down - August 12, 1:00AM-1:05AM ET",2026-08-12T05:05:00Z,2026-08-12T05:00:00Z,1887.708181679401,Down,"[""0"", ""1""]",0.01,1923.975713,5,-0.5045,0.001,resolved,0x58b9a4bc3e578716cf00212e582c3ed0b506213071e4c787c66ec3b51acef17d,https://data.chain.link/streams/eth-usd-twap-30s-streams,,
hype-updown-5m-1786510800,HYPE,"Hyperliquid Up or Down - August 12, 1:00AM-1:05AM ET",2026-08-12T05:05:00Z,2026-08-12T05:00:00Z,54.474788913337385,Down,"[""0"", ""1""]",0.03,145.556641,,-0.495,0.01,resolved,0x593b15d8a1e69b008653e92ac93c6d70ef9f17d625c25c0c9f2710c112b58c2f,https://data.chain.link/streams/hype-usd-twap-30s-streams,,
sol-updown-5m-1786510800,SOL,"Solana Up or Down - August 12, 1:00AM-1:05AM ET",2026-08-12T05:05:00Z,2026-08-12T05:00:00Z,76.22434775665815,Down,"[""0"", ""1""]",0.05,1830.2480170000001,,-0.5,0.01,resolved,0xbce8647d8c5573d89584efcdd8e7922f6c7889851dee04dd9a1c05cabcedfe2e,https://data.chain.link/streams/sol-usd-twap-30s-streams,,
xrp-updown-5m-1786510800,XRP,"XRP Up or Down - August 12, 1:00AM-1:05AM ET",2026-08-12T05:05:00Z,2026-08-12T05:00:00Z,1.019433087400625,Down,"[""0"", ""1""]",0.07,,,-0.5,0.01,resolved,0x5a738cacd2a9aa130357c868c50e7e3327aeed9c21cf72a2e204f4817d3d35c9,https://data.chain.link/streams/xrp-usd-twap-30s-streams,,
zec-updown-5m-1786510800,ZEC,"ZCash Up or Down - August 12, 1:00AM-1:05AM ET",2026-08-12T05:05:00Z,2026-08-12T05:00:00Z,482.3029129836587,Down,"[""0"", ""1""]",,,,-0.495,0.01,resolved,0x559870b33fb9719559000762e7135f8894f530b42108636cb5aafc839f932919,https://data.chain.link/streams/zec-usd-twap-30s-streams,,
bnb-updown-5m-1786511100,BNB,"BNB Up or Down - August 12, 1:05AM-1:10AM ET",2026-08-12T05:10:00Z,2026-08-12T05:05:00Z,613.7330312341421,Up,"[""1"", ""0""]",0.99,,,0.49,0.01,resolved,0x5cd2e9934e97b85b330d437d9daaec16aa60c13821896397434982447e02d8f9,https://data.chain.link/streams/bnb-usd-twap-30s-streams,,
btc-updown-5m-1786511100,BTC,"Bitcoin Up or Down - August 12, 1:05AM-1:10AM ET",2026-08-12T05:10:00Z,2026-08-12T05:05:00Z,63681.21661335407,Up,"[""1"", ""0""]",0.999,31526.86210100002,69.960783,0.49,0.01,resolved,0xfb48b337bda0c1ae3118c890a74d6000c9acbacb073ad755c20fd75c43769c73,https://data.chain.link/streams/btc-usd-twap-30s-streams,,
doge-updown-5m-1786511100,DOGE,"Dogecoin Up or Down - August 12, 1:05AM-1:10AM ET",2026-08-12T05:10:00Z,2026-08-12T05:05:00Z,0.07193509807936896,Up,"[""1"", ""0""]",0.99,,,0.495,0.01,resolved,0x43f2b075abf413d8f99943054a24e386d5c941b68938578c1528eb14e7537bd3,https://data.chain.link/streams/doge-usd-twap-30s-streams,,
eth-updown-5m-1786511100,ETH,"Ethereum Up or Down - August 12, 1:05AM-1:10AM ET",2026-08-12T05:10:00Z,2026-08-12T05:05:00Z,1886.046936772107,Up,"[""1"", ""0""]",0.99,4253.775323000001,5,0.49,0.01,resolved,0x705c497fc61a1ae4557e57605dc640ec93abfb7dff3e54e84f0e1507166b9ac1,https://data.chain.link/streams/eth-usd-twap-30s-streams,,
hype-updown-5m-1786511100,HYPE,"Hyperliquid Up or Down - August 12, 1:05AM-1:10AM ET",2026-08-12T05:10:00Z,2026-08-12T05:05:00Z,54.45963456613707,Up,"[""1"", ""0""]",0.99,,,0.495,0.01,resolved,0xd46a4a6a5eca6a93a0f137c3c96707131842af01962fcc52c450e6eb50179b5c,https://data.chain.link/streams/hype-usd-twap-30s-streams,,
sol-updown-5m-1786511100,SOL,"Solana Up or Down - August 12, 1:05AM-1:10AM ET",2026-08-12T05:10:00Z,2026-08-12T05:05:00Z,76.18087770371746,Up,"[""1"", ""0""]",0.99,,,0.49,0.01,resolved,0x30d69e267af193be741ba28bc9068622e283c9d3a6d9169e3125a1258535e275,https://data.chain.link/streams/sol-usd-twap-30s-streams,,
xrp-updown-5m-1786511100,XRP,"XRP Up or Down - August 12, 1:05AM-1:10AM ET",2026-08-12T05:10:00Z,2026-08-12T05:05:00Z,1.0187669230810212,Up,"[""1"", ""0""]",0.99,,,0.49,0.01,resolved,0xf8e4bce6ef0017e4a1e001842f02d36939e2db3994457d9eddfd5e2c008e1a6b,https://data.chain.link/streams/xrp-usd-twap-30s-streams,,
zec-updown-5m-1786511100,ZEC,"ZCash Up or Down - August 12, 1:05AM-1:10AM ET",2026-08-12T05:10:00Z,2026-08-12T05:05:00Z,481.617639024667,Up,"[""1"", ""0""]",,,,,0.96,resolved,0x0fd71e00b951a150e4620e550c1161374be0bb150d3857f44f569441faed2bb7,https://data.chain.link/streams/zec-usd-twap-30s-streams,,
bnb-updown-5m-1786511400,BNB,"BNB Up or Down - August 12, 1:10AM-1:15AM ET",2026-08-12T05:15:00Z,2026-08-12T05:10:00Z,613.904582649366,Up,"[""1"", ""0""]",0.99,572.432813,,0.49,0.01,resolved,0x2c55f2ae56ac0c87032ef798add9bcdb451a955a6faa0777618237032cf8e173,https://data.chain.link/streams/bnb-usd-twap-30s-streams,,
btc-updown-5m-1786511400,BTC,"Bitcoin Up or Down - August 12, 1:10AM-1:15AM ET",2026-08-12T05:15:00Z,2026-08-12T05:10:00Z,63706.709924931776,Up,"[""1"", ""0""]",0.999,24843.56853200001,7.960782,0.4945,0.001,resolved,0xab1c32dc08f6f05c38c947b2bb45651cb9370432125b4dc4f426ae96b74d95f4,https://data.chain.link/streams/btc-usd-twap-30s-streams,,
doge-updown-5m-1786511400,DOGE,"Dogecoin Up or Down - August 12, 1:10AM-1:15AM ET",2026-08-12T05:15:00Z,2026-08-12T05:10:00Z,0.07200845862809045,Up,"[""1"", ""0""]",0.99,250.85701899999998,,0.4995,0.001,resolved,0x5ea62a36f2caade82f8338a6fc3241fdb4b49e04c06915775359bbba5bdabb16,https://data.chain.link/streams/doge-usd-twap-30s-streams,,
eth-updown-5m-1786511400,ETH,"Ethereum Up or Down - August 12, 1:10AM-1:15AM ET",2026-08-12T05:15:00Z,2026-08-12T05:10:00Z,1886.2923836849443,Up,"[""1"", ""0""]",0.99,1587.7418080000002,,0.4995,0.001,resolved,0x7eb250ce5d160163d1643329af9e09858587c8f41dc102a70f4d5d7ea65c5c47,https://data.chain.link/streams/eth-usd-twap-30s-streams,,
hype-updown-5m-1786511400,HYPE,"Hyperliquid Up or Down - August 12, 1:10AM-1:15AM ET",2026-08-12T05:15:00Z,2026-08-12T05:10:00Z,54.50728785827287,Up,"[""1"", ""0""]",0.98,85.5776,,0.4995,0.001,resolved,0x88106694f00bd89ff07a99c2c4b0010eeca5aad75bca6336035f49a574253915,https://data.chain.link/streams/hype-usd-twap-30s-streams,,
sol-updown-5m-1786511400,SOL,"Solana Up or Down - August 12, 1:10AM-1:15AM ET",2026-08-12T05:15:00Z,2026-08-12T05:10:00Z,76.21203686493052,Up,"[""1"", ""0""]",0.999,828.027206,9.433961,0.4995,0.001,resolved,0x57126e787c9c9d8a93200643c7a1abf65bccc5f59a61b66309f88ca0aaa44af6,https://data.chain.link/streams/sol-usd-twap-30s-streams,,
xrp-updown-5m-1786511400,XRP,"XRP Up or Down - August 12, 1:10AM-1:15AM ET",2026-08-12T05:15:00Z,2026-08-12T05:10:00Z,1.019785194011456,Up,"[""1"", ""0""]",0.99,1230.2498000000003,,0.4945,0.001,resolved,0x8599b297ba705cfdf19dc58bbfeae5659cf784c3fb9434909c4c58b1437b34c1,https://data.chain.link/streams/xrp-usd-twap-30s-streams,,
zec-updown-5m-1786511400,ZEC,"ZCash Up or Down - August 12, 1:10AM-1:15AM ET",2026-08-12T05:15:00Z,2026-08-12T05:10:00Z,481.8258983225502,Up,"[""1"", ""0""]",0.98,,,0.495,0.01,resolved,0x72179f25547561d72502477edad245ecdf1aa82eaf5028c9f432a33bd0bdcf6f,https://data.chain.link/streams/zec-usd-twap-30s-streams,,
bnb-updown-5m-1786511700,BNB,"BNB Up or Down - August 12, 1:15AM-1:20AM ET",2026-08-12T05:20:00Z,2026-08-12T05:15:00Z,613.9067031598191,Up,"[""1"", ""0""]",0.99,240.41585399999997,,0.4945,0.001,resolved,0x438fd04bd79be0bc162842a42b697a330ddcba322d787380e659f5ef4857e7ba,https://data.chain.link/streams/bnb-usd-twap-30s-streams,,
btc-updown-5m-1786511700,BTC,"Bitcoin Up or Down - August 12, 1:15AM-1:20AM ET",2026-08-12T05:20:00Z,2026-08-12T05:15:00Z,63755.61997874468,Up,"[""1"", ""0""]",0.999,23545.57027899999,9.921565,0.4945,0.001,resolved,0xd56e1b959b206a9cb34b26e33e2f4c898700f18a742eb8460684812fcf402c32,https://data.chain.link/streams/btc-usd-twap-30s-streams,,
doge-updown-5m-1786511700,DOGE,"Dogecoin Up or Down - August 12, 1:15AM-1:20AM ET",2026-08-12T05:20:00Z,2026-08-12T05:15:00Z,0.07210261327619205,Up,"[""1"", ""0""]",0.99,280.762886,,0.4995,0.001,resolved,0x4a76bd400f8aba91e9a93fbb50a7d5adb0041758db83c4dc255b8f8dacbc687a,https://data.chain.link/streams/doge-usd-twap-30s-streams,,
eth-updown-5m-1786511700,ETH,"Ethereum Up or Down - August 12, 1:15AM-1:20AM ET",2026-08-12T05:20:00Z,2026-08-12T05:15:00Z,1888.6765170529443,Up,"[""1"", ""0""]",0.97,2817.62881,,0.4945,0.001,resolved,0xb2d03a125e172bc3a3786f74d0cf36449271f3676a010b1885ed2d8e81d943c1,https://data.chain.link/streams/eth-usd-twap-30s-streams,,
hype-updown-5m-1786511700,HYPE,"Hyperliquid Up or Down - August 12, 1:15AM-1:20AM ET",2026-08-12T05:20:00Z,2026-08-12T05:15:00Z,54.57744145000002,Up,"[""1"", ""0""]",0.99,,,0.4995,0.001,resolved,0xc489e21c9a6e5564a384b2d11773ab3f67ca3ce2bb537e069f17fcd3fe1ce35e,https://data.chain.link/streams/hype-usd-twap-30s-streams,,
sol-updown-5m-1786511700,SOL,"Solana Up or Down - August 12, 1:15AM-1:20AM ET",2026-08-12T05:20:00Z,2026-08-12T05:15:00Z,76.28872004419529,Down,"[""0"", ""1""]",0.02,1031.3326029999998,,-0.5045,0.001,resolved,0x137e5dbf959d433be890cef621f51a1d4b6e492b3fe847f4a445646a16d3ba85,https://data.chain.link/streams/sol-usd-twap-30s-streams,,
xrp-updown-5m-1786511700,XRP,"XRP Up or Down - August 12, 1:15AM-1:20AM ET",2026-08-12T05:20:00Z,2026-08-12T05:15:00Z,1.0212899350586475,Down,"[""0"", ""1""]",0.08,773.5613950000001,,-0.5045,0.001,resolved,0xeb34dc04f77fe4af14b9e3af2942132e444ca688baa5c82094d43bdce027e80a,https://data.chain.link/streams/xrp-usd-twap-30s-streams,,
zec-updown-5m-1786511700,ZEC,"ZCash Up or Down - August 12, 1:15AM-1:20AM ET",2026-08-12T05:20:00Z,2026-08-12T05:15:00Z,482.07412125441977,Up,"[""1"", ""0""]",,,,0.5,0.01,resolved,0xb29eeff4afd68331c7c4c511cdd524f6e41df3a9b88dce41845e00d497e62d88,https://data.chain.link/streams/zec-usd-twap-30s-streams,,
bnb-updown-5m-1786512000,BNB,"BNB Up or Down - August 12, 1:20AM-1:25AM ET",2026-08-12T05:25:00Z,2026-08-12T05:20:00Z,613.9437531216977,Down,"[""0"", ""1""]",0.06,,,-0.5,0.01,resolved,0xd87cf0e5444cc5109e7451e7b614823a3324b9f5a4700ff3ba9921ded3263f5c,https://data.chain.link/streams/bnb-usd-twap-30s-streams,,
btc-updown-5m-1786512000,BTC,"Bitcoin Up or Down - August 12, 1:20AM-1:25AM ET",2026-08-12T05:25:00Z,2026-08-12T05:20:00Z,63764.286923997206,Down,"[""0"", ""1""]",0.01,48250.62801399998,9.921565,-0.5,0.01,resolved,0x249472f7a1c5871d2fa8f53c57f56c25ee4accf464c1dcae108ce32c2bf6b01e,https://data.chain.link/streams/btc-usd-twap-30s-streams,,
doge-updown-5m-1786512000,DOGE,"Dogecoin Up or Down - August 12, 1:20AM-1:25AM ET",2026-08-12T05:25:00Z,2026-08-12T05:20:00Z,0.07212019018119349,Down,"[""0"", ""1""]",0.57,,,-0.495,0.01,resolved,0x3c261d94e1a71296757c5deac38721f803bd9c0c5b287642c50164a6a69e74e7,https://data.chain.link/streams/doge-usd-twap-30s-streams,,
eth-updown-5m-1786512000,ETH,"Ethereum Up or Down - August 12, 1:20AM-1:25AM ET",2026-08-12T05:25:00Z,2026-08-12T05:20:00Z,1888.8462549138824,Down,"[""0"", ""1""]",0.02,,,-0.5045,0.001,resolved,0x700efcd5b0016fb20948dd3124d5ed817b7539cec38d0c5db9e18017fcbda1f6,https://data.chain.link/streams/eth-usd-twap-30s-streams,,
hype-updown-5m-1786512000,HYPE,"Hyperliquid Up or Down - August 12, 1:20AM-1:25AM ET",2026-08-12T05:25:00Z,2026-08-12T05:20:00Z,54.587899283300246,Down,"[""0"", ""1""]",,,,-0.495,0.01,resolved,0x4745605dd906eeddf09f547e9b83acd8ee4411e396da0b998f2b189391e019a2,https://data.chain.link/streams/hype-usd-twap-30s-streams,,
sol-updown-5m-1786512000,SOL,"Solana Up or Down - August 12, 1:20AM-1:25AM ET",2026-08-12T05:25:00Z,2026-08-12T05:20:00Z,76.27634058512108,Down,"[""0"", ""1""]",0.02,1408.4763279999995,,-0.5045,0.001,resolved,0x180e2ec319b7e07b18b6aceedcb26a259b573da9bf7ad6a5e277afae4ddfb05a,https://data.chain.link/streams/sol-usd-twap-30s-streams,,
xrp-updown-5m-1786512000,XRP,"XRP Up or Down - August 12, 1:20AM-1:25AM ET",2026-08-12T05:25:00Z,2026-08-12T05:20:00Z,1.021200709229706,Up,"[""1"", ""0""]",0.99,,,0.49,0.01,resolved,0xe2e8c01f2ed0aaa4426d4c1a74f468a8c596762424b5da0cf65d51fbf000bebb,https://data.chain.link/streams/xrp-usd-twap-30s-streams,,
zec-updown-5m-1786512000,ZEC,"ZCash Up or Down - August 12, 1:20AM-1:25AM ET",2026-08-12T05:25:00Z,2026-08-12T05:20:00Z,482.5652074081192,Down,"[""0"", ""1""]",,,,-0.495,0.01,resolved,0x5cc06518f719551d62f04cb8ef461f0b54796c065ea267c0e3fa1c349a3abce7,https://data.chain.link/streams/zec-usd-twap-30s-streams,,
bnb-updown-5m-1786512300,BNB,"BNB Up or Down - August 12, 1:25AM-1:30AM ET",2026-08-12T05:30:00Z,2026-08-12T05:25:00Z,613.5385212638257,Down,"[""0"", ""1""]",0.18,,,-0.5,0.01,resolved,0x12e1171c4df9e0bb60b5d0646d1849cabc9db1f7e510d0930806377cbcd1cb57,https://data.chain.link/streams/bnb-usd-twap-30s-streams,,
btc-updown-5m-1786512300,BTC,"Bitcoin Up or Down - August 12, 1:25AM-1:30AM ET",2026-08-12T05:30:00Z,2026-08-12T05:25:00Z,63753.15533524389,Up,"[""1"", ""0""]",0.999,16452.003405999996,2.960783,0.49,0.01,resolved,0x1f3b6950046b2c655080dd26b3e63e816166688079e16d4119a8eb6eaa45bb6e,https://data.chain.link/streams/btc-usd-twap-30s-streams,,
doge-updown-5m-1786512300,DOGE,"Dogecoin Up or Down - August 12, 1:25AM-1:30AM ET",2026-08-12T05:30:00Z,2026-08-12T05:25:00Z,0.07211471324739255,Down,"[""0"", ""1""]",0.09,,,-0.495,0.01,resolved,0x56dc84a2aac9e41ef704c42cb61e53489adfd2d9069f701612b2012b3e06522f,https://data.chain.link/streams/doge-usd-twap-30s-streams,,
eth-updown-5m-1786512300,ETH,"Ethereum Up or Down - August 12, 1:25AM-1:30AM ET",2026-08-12T05:30:00Z,2026-08-12T05:25:00Z,1888.0485391990333,Up,"[""1"", ""0""]",0.96,,,0.49,0.01,resolved,0xfd39c44bca170e678a5983ff40d2fcc424e0c0b895a4aaeba6948923fa2d0797,https://data.chain.link/streams/eth-usd-twap-30s-streams,,
hype-updown-5m-1786512300,HYPE,"Hyperliquid Up or Down - August 12, 1:25AM-1:30AM ET",2026-08-12T05:30:00Z,2026-08-12T05:25:00Z,54.568455723632205,Down,"[""0"", ""1""]",,,,-0.495,0.01,resolved,0x9f2c44d85fac51a34f1f78ff264e70b64acd34ec36644c0761da83423e317e78,https://data.chain.link/streams/hype-usd-twap-30s-streams,,
sol-updown-5m-1786512300,SOL,"Solana Up or Down - August 12, 1:25AM-1:30AM ET",2026-08-12T05:30:00Z,2026-08-12T05:25:00Z,76.22672096719292,Up,"[""1"", ""0""]",0.99,,,0.24,0.14,resolved,0x574213f4bc99a88e8520b93ad4a13c05b2ef1c94e8f5c2f848222fce6db7d9dd,https://data.chain.link/streams/sol-usd-twap-30s-streams,,
xrp-updown-5m-1786512300,XRP,"XRP Up or Down - August 12, 1:25AM-1:30AM ET",2026-08-12T05:30:00Z,2026-08-12T05:25:00Z,1.0215972981161365,Down,"[""0"", ""1""]",0.05,,,-0.5,0.01,resolved,0x0cea69359d451141303dc523ffedc41f3342f2efab1edcf7c19b59d6b49bbc55,https://data.chain.link/streams/xrp-usd-twap-30s-streams,,
zec-updown-5m-1786512300,ZEC,"ZCash Up or Down - August 12, 1:25AM-1:30AM ET",2026-08-12T05:30:00Z,2026-08-12T05:25:00Z,481.5035159738462,Up,"[""1"", ""0""]",,,,,0.98,resolved,0x133e6fe27c7d7ca3d999b03fff78445cd825a911a460ba008c6401f6a5db8782,https://data.chain.link/streams/zec-usd-twap-30s-streams,,
bnb-updown-5m-1786512600,BNB,"BNB Up or Down - August 12, 1:30AM-1:35AM ET",2026-08-12T05:35:00Z,2026-08-12T05:30:00Z,613.0612893495256,Up,"[""1"", ""0""]",0.999,,,0.4945,0.001,resolved,0x91a27efdafba6e21be10a78e26d7a4b741955be5434d3b7fc92b2b0a9f3289c3,https://data.chain.link/streams/bnb-usd-twap-30s-streams,,
btc-updown-5m-1786512600,BTC,"Bitcoin Up or Down - August 12, 1:30AM-1:35AM ET",2026-08-12T05:35:00Z,2026-08-12T05:30:00Z,63777.69334466816,Up,"[""1"", ""0""]",0.999,25079.430581000008,2.960783,0.4945,0.001,resolved,0x0b223d6426ac0d963b12c25d9baba28812a96a5319e9942d50b43f5a2d2a01c7,https://data.chain.link/streams/btc-usd-twap-30s-streams,,
doge-updown-5m-1786512600,DOGE,"Dogecoin Up or Down - August 12, 1:30AM-1:35AM ET",2026-08-12T05:35:00Z,2026-08-12T05:30:00Z,0.0720782305433103,Up,"[""1"", ""0""]",0.999,,,0.4995,0.001,resolved,0xbb6bea9bec35c8b9e4fa9e046e0cea7b542d3265cf29c0b0f3c1bff68293bb76,https://data.chain.link/streams/doge-usd-twap-30s-streams,,
eth-updown-5m-1786512600,ETH,"Ethereum Up or Down - August 12, 1:30AM-1:35AM ET",2026-08-12T05:35:00Z,2026-08-12T05:30:00Z,1888.3891889871054,Up,"[""1"", ""0""]",0.99,2801.391762,,0.4945,0.001,resolved,0xf328c8b602c26936869ce164c86aa79328f90f39eecdde90a83617a8f628babc,https://data.chain.link/streams/eth-usd-twap-30s-streams,,
hype-updown-5m-1786512600,HYPE,"Hyperliquid Up or Down - August 12, 1:30AM-1:35AM ET",2026-08-12T05:35:00Z,2026-08-12T05:30:00Z,54.52308328497309,Up,"[""1"", ""0""]",0.98,,,0.495,0.01,resolved,0x820414874d3f84fb463d2708e4444553bf03a7ee6432795ca7038a2ea2813f52,https://data.chain.link/streams/hype-usd-twap-30s-streams,,
sol-updown-5m-1786512600,SOL,"Solana Up or Down - August 12, 1:30AM-1:35AM ET",2026-08-12T05:35:00Z,2026-08-12T05:30:00Z,76.23254649365695,Up,"[""1"", ""0""]",0.99,2442.5585619999997,,0.4945,0.001,resolved,0x6f2e3feb1b2eec20417e1dffbb16a7cdb26418f2b339bad1d6b768d80830d4e6,https://data.chain.link/streams/sol-usd-twap-30s-streams,,
xrp-updown-5m-1786512600,XRP,"XRP Up or Down - August 12, 1:30AM-1:35AM ET",2026-08-12T05:35:00Z,2026-08-12T05:30:00Z,1.0209892317617995,Up,"[""1"", ""0""]",0.999,,,0.4945,0.001,resolved,0xb63623d14601488098d9d5abdeacc70268ceb719a26120a3f955094292fea479,https://data.chain.link/streams/xrp-usd-twap-30s-streams,,
zec-updown-5m-1786512600,ZEC,"ZCash Up or Down - August 12, 1:30AM-1:35AM ET",2026-08-12T05:35:00Z,2026-08-12T05:30:00Z,481.8515178554109,Up,"[""1"", ""0""]",0.99,,,0.495,0.01,resolved,0x97817f818568ab20de06078a47f72db9bc6720f97ff90a692fa132112661885e,https://data.chain.link/streams/zec-usd-twap-30s-streams,,
bnb-updown-5m-1786512900,BNB,"BNB Up or Down - August 12, 1:35AM-1:40AM ET",2026-08-12T05:40:00Z,2026-08-12T05:35:00Z,613.486703716429,Down,"[""0"", ""1""]",0.1,,,-0.5045,0.001,resolved,0x38638fb52babfbb2997b12812669213268f814ac618b36c30df27b862deb2c44,https://data.chain.link/streams/bnb-usd-twap-30s-streams,,
btc-updown-5m-1786512900,BTC,"Bitcoin Up or Down - August 12, 1:35AM-1:40AM ET",2026-08-12T05:40:00Z,2026-08-12T05:35:00Z,63801.32952925272,Down,"[""0"", ""1""]",0.01,211263.61581699998,2.960783,-0.5045,0.001,resolved,0x3a4311250f1f2deedc14434feed878ea9c09ff803154d1be2aa0babdb7002d48,https://data.chain.link/streams/btc-usd-twap-30s-streams,,
doge-updown-5m-1786512900,DOGE,"Dogecoin Up or Down - August 12, 1:35AM-1:40AM ET",2026-08-12T05:40:00Z,2026-08-12T05:35:00Z,0.07214347491816672,Down,"[""0"", ""1""]",0.01,,,-0.4995,0.001,resolved,0xf9e3487e1d7805bac24d977c248e88d8d5a946f691f8b8e78b09e81609d88e37,https://data.chain.link/streams/doge-usd-twap-30s-streams,,
eth-updown-5m-1786512900,ETH,"Ethereum Up or Down - August 12, 1:35AM-1:40AM ET",2026-08-12T05:40:00Z,2026-08-12T05:35:00Z,1889.515061143669,Up,"[""1"", ""0""]",0.99,,,0.49,0.01,resolved,0x4d038c9a7e869eb2ae5ba0ea50d570ee19b3fb6cb4e4a9a1c3876c716408a9ed,https://data.chain.link/streams/eth-usd-twap-30s-streams,,
hype-updown-5m-1786512900,HYPE,"Hyperliquid Up or Down - August 12, 1:35AM-1:40AM ET",2026-08-12T05:40:00Z,2026-08-12T05:35:00Z,54.543609516491784,Down,"[""0"", ""1""]",,,,-0.495,0.01,resolved,0x499c44048a20da352b42a3e67233a57c9061598473e6e7cc6ac3ef193b4083ca,https://data.chain.link/streams/hype-usd-twap-30s-streams,,
sol-updown-5m-1786512900,SOL,"Solana Up or Down - August 12, 1:35AM-1:40AM ET",2026-08-12T05:40:00Z,2026-08-12T05:35:00Z,76.28076111630739,Down,"[""0"", ""1""]",0.01,,,-0.5045,0.001,resolved,0xa0414aaf8a968cf9044ac83798e59363e3d104164e704e5bef7e7c7eddd20b4a,https://data.chain.link/streams/sol-usd-twap-30s-streams,,
xrp-updown-5m-1786512900,XRP,"XRP Up or Down - August 12, 1:35AM-1:40AM ET",2026-08-12T05:40:00Z,2026-08-12T05:35:00Z,1.021803820354718,Down,"[""0"", ""1""]",0.01,,,-0.5,0.01,resolved,0x5eb90f762a67e94bd2647fc0cc9134dfd33cf36bdb89289e52a45582f5a69c3a,https://data.chain.link/streams/xrp-usd-twap-30s-streams,,
zec-updown-5m-1786512900,ZEC,"ZCash Up or Down - August 12, 1:35AM-1:40AM ET",2026-08-12T05:40:00Z,2026-08-12T05:35:00Z,482.1261894971067,Up,"[""1"", ""0""]",0.99,,,0.495,0.01,resolved,0x6ef0125cc13a80812ccaac9109ed6af7b2288aa581f2808682d3ba9c6d3a1cda,https://data.chain.link/streams/zec-usd-twap-30s-streams,,
bnb-updown-5m-1786513200,BNB,"BNB Up or Down - August 12, 1:40AM-1:45AM ET",2026-08-12T05:45:00Z,2026-08-12T05:40:00Z,613.2475588242353,Down,"[""0"", ""1""]",0.17,231.25654899999995,,-0.5045,0.001,resolved,0xd281424fdd04500453770e67d8ffdee3053c69cc7e41823f4dbf6e20ae0bf929,https://data.chain.link/streams/bnb-usd-twap-30s-streams,,
btc-updown-5m-1786513200,BTC,"Bitcoin Up or Down - August 12, 1:40AM-1:45AM ET",2026-08-12T05:45:00Z,2026-08-12T05:40:00Z,63792.54590445418,Down,"[""0"", ""1""]",0.01,54489.54137000001,9.921565,-0.5,0.01,resolved,0x256fc04af40b3f1b9fdf77dd0b45292753262c57eaaa0b1489dfc246bf099a9d,https://data.chain.link/streams/btc-usd-twap-30s-streams,,
doge-updown-5m-1786513200,DOGE,"Dogecoin Up or Down - August 12, 1:40AM-1:45AM ET",2026-08-12T05:45:00Z,2026-08-12T05:40:00Z,0.07211860321237211,Down,"[""0"", ""1""]",0.23,177.98983,,-0.495,0.01,resolved,0x9eb9f58e94675893f5f60baf494695725b53b97ad4471735d9b87fb0980df99f,https://data.chain.link/streams/doge-usd-twap-30s-streams,,
eth-updown-5m-1786513200,ETH,"Ethereum Up or Down - August 12, 1:40AM-1:45AM ET",2026-08-12T05:45:00Z,2026-08-12T05:40:00Z,1889.516043472163,Up,"[""1"", ""0""]",0.99,2312.9539800000002,,0.49,0.01,resolved,0xb1dd59e7d6e1eb13dc3650b29879bf2e8d1fe6aa379f6c5ceeae22086ffdd27e,https://data.chain.link/streams/eth-usd-twap-30s-streams,,
hype-updown-5m-1786513200,HYPE,"Hyperliquid Up or Down - August 12, 1:40AM-1:45AM ET",2026-08-12T05:45:00Z,2026-08-12T05:40:00Z,54.53398173146968,Down,"[""0"", ""1""]",0.53,22.208325000000002,,-0.495,0.01,resolved,0x5cf4667370a5e94120ba5b34d84556f5b941635b7fab88010f6141d473ce3846,https://data.chain.link/streams/hype-usd-twap-30s-streams,,
sol-updown-5m-1786513200,SOL,"Solana Up or Down - August 12, 1:40AM-1:45AM ET",2026-08-12T05:45:00Z,2026-08-12T05:40:00Z,76.22945010539124,Up,"[""1"", ""0""]",0.99,2080.561367,,0.49,0.01,resolved,0xc69cd77483fb07410e6708d08df626b601e90a172a727843c39de31833fe2770,https://data.chain.link/streams/sol-usd-twap-30s-streams,,
xrp-updown-5m-1786513200,XRP,"XRP Up or Down - August 12, 1:40AM-1:45AM ET",2026-08-12T05:45:00Z,2026-08-12T05:40:00Z,1.0217576597771554,Down,"[""0"", ""1""]",0.03,633.4624649999998,,-0.5,0.01,resolved,0x43c7768a52967a6b0a14728c4b003ffe4c52c7c612c0cec0031443ddea4af0c0,https://data.chain.link/streams/xrp-usd-twap-30s-streams,,
zec-updown-5m-1786513200,ZEC,"ZCash Up or Down - August 12, 1:40AM-1:45AM ET",2026-08-12T05:45:00Z,2026-08-12T05:40:00Z,482.62091413370206,Down,"[""0"", ""1""]",,,,-0.495,0.01,resolved,0x5c4c8b2c6d13e7f2f441edb4d6cb53f566f8bdfd3c604c62bfb2eb11916fa77f,https://data.chain.link/streams/zec-usd-twap-30s-streams,,
bnb-updown-5m-1786513500,BNB,"BNB Up or Down - August 12, 1:45AM-1:50AM ET",2026-08-12T05:50:00Z,2026-08-12T05:45:00Z,612.7120982778333,Down,"[""0"", ""1""]",0.01,,,-0.5045,0.001,resolved,0xb9fda7ec855a4ebffc60fc9d32594f8c1b4ac1623ac5f6b410dd2c35b0ef7557,https://data.chain.link/streams/bnb-usd-twap-30s-streams,,
btc-updown-5m-1786513500,BTC,"Bitcoin Up or Down - August 12, 1:45AM-1:50AM ET",2026-08-12T05:50:00Z,2026-08-12T05:45:00Z,63789.889060207395,Down,"[""0"", ""1""]",0.001,54589.84579699998,2.960783,-0.5045,0.001,resolved,0x3a4e22b327d0af2b90f1a4731f5190022673f77a2dba8bd7e637de86aa139db7,https://data.chain.link/streams/btc-usd-twap-30s-streams,,
doge-updown-5m-1786513500,DOGE,"Dogecoin Up or Down - August 12, 1:45AM-1:50AM ET",2026-08-12T05:50:00Z,2026-08-12T05:45:00Z,0.07208589700452052,Up,"[""1"", ""0""]",0.99,275.520034,,0.4995,0.001,resolved,0xc7ea49be72da353eb359ff9b37276010d0e9e526110282f048c69b7e8d6d90de,https://data.chain.link/streams/doge-usd-twap-30s-streams,,
eth-updown-5m-1786513500,ETH,"Ethereum Up or Down - August 12, 1:45AM-1:50AM ET",2026-08-12T05:50:00Z,2026-08-12T05:45:00Z,1889.9084305917627,Down,"[""0"", ""1""]",0.01,3492.3503170000013,,-0.5045,0.001,resolved,0x15beb2e2a0ddb19adf06bb84ecfe52a6c311eda0df6a702d6cc16e450f5e58cf,https://data.chain.link/streams/eth-usd-twap-30s-streams,,
hype-updown-5m-1786513500,HYPE,"Hyperliquid Up or Down - August 12, 1:45AM-1:50AM ET",2026-08-12T05:50:00Z,2026-08-12T05:45:00Z,54.50529058342775,Down,"[""0"", ""1""]",0.52,68.31953200000001,,-0.495,0.01,resolved,0xa3149bb39a4a4f743960756a7e97e7c956abfbde0dc00b878d6ffdb34dd40f47,https://data.chain.link/streams/hype-usd-twap-30s-streams,,
sol-updown-5m-1786513500,SOL,"Solana Up or Down - August 12, 1:45AM-1:50AM ET",2026-08-12T05:50:00Z,2026-08-12T05:45:00Z,76.23910632660488,Up,"[""1"", ""0""]",0.99,1513.940315,,0.4945,0.001,resolved,0x2cb85ab1f8656fa5d6c34204fb48f953762b2cafaf3e7b08288d71cc1e5de17e,https://data.chain.link/streams/sol-usd-twap-30s-streams,,
xrp-updown-5m-1786513500,XRP,"XRP Up or Down - August 12, 1:45AM-1:50AM ET",2026-08-12T05:50:00Z,2026-08-12T05:45:00Z,1.0216732727730415,Down,"[""0"", ""1""]",0.07,,,-0.5045,0.001,resolved,0x5e8e15071b33fafc89c3594fe190f1e38320ac2cce982636cc2fb13d66bf351d,https://data.chain.link/streams/xrp-usd-twap-30s-streams,,
zec-updown-5m-1786513500,ZEC,"ZCash Up or Down - August 12, 1:45AM-1:50AM ET",2026-08-12T05:50:00Z,2026-08-12T05:45:00Z,482.42401359367733,Up,"[""1"", ""0""]",0.99,,,0.495,0.01,resolved,0x081f0f2aa90ecbffb585ba2f79b73b24d86fae002fdc8fdc19069c51c3b767f7,https://data.chain.link/streams/zec-usd-twap-30s-streams,,
bnb-updown-5m-1786513800,BNB,"BNB Up or Down - August 12, 1:50AM-1:55AM ET",2026-08-12T05:55:00Z,2026-08-12T05:50:00Z,612.4366589171473,Up,"[""1"", ""0""]",0.99,,,0.49,0.01,resolved,0x5c87c0dd6fb3705a42bf45bb868e70e65c8df895816caf115086a3e244c9ed84,https://data.chain.link/streams/bnb-usd-twap-30s-streams,,
btc-updown-5m-1786513800,BTC,"Bitcoin Up or Down - August 12, 1:50AM-1:55AM ET",2026-08-12T05:55:00Z,2026-08-12T05:50:00Z,63788.89358154375,Down,"[""0"", ""1""]",0.001,56915.087780999966,2.960783,-0.5045,0.001,resolved,0x1768c944897e4c8e6f694268bd061e3f12d8e713945c23538efca3595fad985d,https://data.chain.link/streams/btc-usd-twap-30s-streams,,
doge-updown-5m-1786513800,DOGE,"Dogecoin Up or Down - August 12, 1:50AM-1:55AM ET",2026-08-12T05:55:00Z,2026-08-12T05:50:00Z,0.07208838173110274,Down,"[""0"", ""1""]",0.11,,,-0.4995,0.001,resolved,0xe1bd72020bb1eb6b5fe882374da13e4978118bf50a76cc8d2a7bbbba06afe047,https://data.chain.link/streams/doge-usd-twap-30s-streams,,
eth-updown-5m-1786513800,ETH,"Ethereum Up or Down - August 12, 1:50AM-1:55AM ET",2026-08-12T05:55:00Z,2026-08-12T05:50:00Z,1889.7969637088604,Down,"[""0"", ""1""]",0.01,2699.447771,,-0.5,0.01,resolved,0xf1d10173b83157a2214a1259d7db1368806c000f8d159c1c788fff32f8ed91c1,https://data.chain.link/streams/eth-usd-twap-30s-streams,,
hype-updown-5m-1786513800,HYPE,"Hyperliquid Up or Down - August 12, 1:50AM-1:55AM ET",2026-08-12T05:55:00Z,2026-08-12T05:50:00Z,54.48280811637436,Up,"[""1"", ""0""]",0.98,,,0.495,0.01,resolved,0xd1424439aa6fb3c9b4ee4f812e18c8f3c94bb0a89832f193dff112033c305227,https://data.chain.link/streams/hype-usd-twap-30s-streams,,
sol-updown-5m-1786513800,SOL,"Solana Up or Down - August 12, 1:50AM-1:55AM ET",2026-08-12T05:55:00Z,2026-08-12T05:50:00Z,76.24569153166976,Down,"[""0"", ""1""]",0.09,1517.4114129999998,,-0.5,0.01,resolved,0xf229c5f1f6b44b690761dbf362d4fd4308d7ae4f6ade9eaa070fc9644125fa79,https://data.chain.link/streams/sol-usd-twap-30s-streams,,
xrp-updown-5m-1786513800,XRP,"XRP Up or Down - August 12, 1:50AM-1:55AM ET",2026-08-12T05:55:00Z,2026-08-12T05:50:00Z,1.0213203482787103,Down,"[""0"", ""1""]",0.03,,,-0.5,0.01,resolved,0x6173410e4712d6d7e1698ac973785e35ffe9dc0830a7b87fbd199ff09d49c033,https://data.chain.link/streams/xrp-usd-twap-30s-streams,,
zec-updown-5m-1786513800,ZEC,"ZCash Up or Down - August 12, 1:50AM-1:55AM ET",2026-08-12T05:55:00Z,2026-08-12T05:50:00Z,482.8008633101448,Up,"[""1"", ""0""]",0.99,,,0.495,0.01,resolved,0x000c95b3730708e3928244de536012a521c6ac6bb02c3bfffa036693931778f5,https://data.chain.link/streams/zec-usd-twap-30s-streams,,
bnb-updown-5m-1786514100,BNB,"BNB Up or Down - August 12, 1:55AM-2:00AM ET",2026-08-12T06:00:00Z,2026-08-12T05:55:00Z,612.626714039962,Down,"[""0"", ""1""]",0.2,495.6189169999999,,-0.5,0.01,resolved,0x90f4d6138eb7a67f423e12639a2cbbb2ac260872096c0eba1906eccd2d587fba,https://data.chain.link/streams/bnb-usd-twap-30s-streams,,
btc-updown-5m-1786514100,BTC,"Bitcoin Up or Down - August 12, 1:55AM-2:00AM ET",2026-08-12T06:00:00Z,2026-08-12T05:55:00Z,63754.93997538749,Up,"[""1"", ""0""]",0.999,30028.637914999996,62.960782,0.4945,0.001,resolved,0x6aa9d76c6f59915cc77b14f970f4399ce2a6351b01ce21e7ca2a2dc22867cbbb,https://data.chain.link/streams/btc-usd-twap-30s-streams,,
doge-updown-5m-1786514100,DOGE,"Dogecoin Up or Down - August 12, 1:55AM-2:00AM ET",2026-08-12T06:00:00Z,2026-08-12T05:55:00Z,0.07202205751150446,Up,"[""1"", ""0""]",0.99,208.74379999999996,,0.4995,0.001,resolved,0xb49f84c9b0b04a85bf37244be1e7de3a1dbb61c41ea8aa78d28af576fe54132f,https://data.chain.link/streams/doge-usd-twap-30s-streams,,
eth-updown-5m-1786514100,ETH,"Ethereum Up or Down - August 12, 1:55AM-2:00AM ET",2026-08-12T06:00:00Z,2026-08-12T05:55:00Z,1889.3725727798485,Up,"[""1"", ""0""]",0.99,1759.2448169999996,,0.4945,0.001,resolved,0x039c46e3a5e9c55b0bb116e91f1aadb7c73c546b66ff47e5e906e61f1be17076,https://data.chain.link/streams/eth-usd-twap-30s-streams,,
hype-updown-5m-1786514100,HYPE,"Hyperliquid Up or Down - August 12, 1:55AM-2:00AM ET",2026-08-12T06:00:00Z,2026-08-12T05:55:00Z,54.56197285503375,Up,"[""1"", ""0""]",0.999,73.28901400000001,,0.4995,0.001,resolved,0x36e7c46e5858027aa80d1244362a6b1532b8713ad9578b64f44fa2adc06f832a,https://data.chain.link/streams/hype-usd-twap-30s-streams,,
sol-updown-5m-1786514100,SOL,"Solana Up or Down - August 12, 1:55AM-2:00AM ET",2026-08-12T06:00:00Z,2026-08-12T05:55:00Z,76.22930447101096,Up,"[""1"", ""0""]",0.999,813.7543360000001,,0.4945,0.001,resolved,0x38a110c7b2c5a2f8670bc5b44fa8a00feece73461eae9a416ca95c1c00c73cb9,https://data.chain.link/streams/sol-usd-twap-30s-streams,,
xrp-updown-5m-1786514100,XRP,"XRP Up or Down - August 12, 1:55AM-2:00AM ET",2026-08-12T06:00:00Z,2026-08-12T05:55:00Z,1.0211058540892608,Down,"[""0"", ""1""]",0.03,563.9041569999999,,-0.5045,0.001,resolved,0xb0e02f4ad13e4ab27fb37edc02266fbfa2beafe006efd6972f875075a0d81ffa,https://data.chain.link/streams/xrp-usd-twap-30s-streams,,
zec-updown-5m-1786514100,ZEC,"ZCash Up or Down - August 12, 1:55AM-2:00AM ET",2026-08-12T06:00:00Z,2026-08-12T05:55:00Z,483.4693310271665,Up,"[""1"", ""0""]",0.98,25,,0.495,0.01,resolved,0x561fd02a9bb064013929b43e5c7e3b54161e902a663abaa140b09a0ae60dda07,https://data.chain.link/streams/zec-usd-twap-30s-streams,,
bnb-updown-5m-1786514400,BNB,"BNB Up or Down - August 12, 2:00AM-2:05AM ET",2026-08-12T06:05:00Z,2026-08-12T06:00:00Z,612.6161243344512,Down,"[""0"", ""1""]",0.01,511.27351799999997,,-0.5,0.01,resolved,0xc47b0fc5581c2f917df5ec4c52ae7d5c59f8e9cd3f3918de81b555e9a672a6e2,https://data.chain.link/streams/bnb-usd-twap-30s-streams,,
btc-updown-5m-1786514400,BTC,"Bitcoin Up or Down - August 12, 2:00AM-2:05AM ET",2026-08-12T06:05:00Z,2026-08-12T06:00:00Z,63792.664099204965,Down,"[""0"", ""1""]",0.001,53484.42152700004,16.960783,-0.5045,0.001,resolved,0x24af4b46b14a219b00c8c9ff2d37eca522af2b0828a94f9a56c644a4990cd978,https://data.chain.link/streams/btc-usd-twap-30s-streams,,
doge-updown-5m-1786514400,DOGE,"Dogecoin Up or Down - August 12, 2:00AM-2:05AM ET",2026-08-12T06:05:00Z,2026-08-12T06:00:00Z,0.07203123138756036,Down,"[""0"", ""1""]",0.11,,,-0.4995,0.001,resolved,0xdebaf2beb5847d0ddc1d95bb5ac3370c8681ec429e85e8327258d734a404b491,https://data.chain.link/streams/doge-usd-twap-30s-streams,,
eth-updown-5m-1786514400,ETH,"Ethereum Up or Down - August 12, 2:00AM-2:05AM ET",2026-08-12T06:05:00Z,2026-08-12T06:00:00Z,1890.0539904264324,Down,"[""0"", ""1""]",0.01,2249.96594,,-0.5045,0.001,resolved,0xb58c4f19ab6447e2a6e5abff53aa17cce0c6c565cfa57df64499ae8d4cad10ad,https://data.chain.link/streams/eth-usd-twap-30s-streams,,
hype-updown-5m-1786514400,HYPE,"Hyperliquid Up or Down - August 12, 2:00AM-2:05AM ET",2026-08-12T06:05:00Z,2026-08-12T06:00:00Z,54.62021780432828,Down,"[""0"", ""1""]",0.65,,,-0.495,0.01,resolved,0xb59fa8029b2f96087f080c6787c783102fed236e127a6f1b98e3cb05c1d940b4,https://data.chain.link/streams/hype-usd-twap-30s-streams,,
sol-updown-5m-1786514400,SOL,"Solana Up or Down - August 12, 2:00AM-2:05AM ET",2026-08-12T06:05:00Z,2026-08-12T06:00:00Z,76.26462192171778,Down,"[""0"", ""1""]",0.01,2728.3166709999996,,-0.5,0.01,resolved,0x6024770b3c06719d29b2b88ae454564a53ee757a462b74349b7248fa0b6bfb26,https://data.chain.link/streams/sol-usd-twap-30s-streams,,
xrp-updown-5m-1786514400,XRP,"XRP Up or Down - August 12, 2:00AM-2:05AM ET",2026-08-12T06:05:00Z,2026-08-12T06:00:00Z,1.02073584197629,Down,"[""0"", ""1""]",0.07,382.1686279999999,,-0.5045,0.001,resolved,0xe09681ac57f80e13d8f84d63c534fdca320ce768abacad0ec12f5ffa45a4f017,https://data.chain.link/streams/xrp-usd-twap-30s-streams,,
zec-updown-5m-1786514400,ZEC,"ZCash Up or Down - August 12, 2:00AM-2:05AM ET",2026-08-12T06:05:00Z,2026-08-12T06:00:00Z,483.78655011828187,Down,"[""0"", ""1""]",,,,-0.4995,0.001,resolved,0x96374e6a1036067be57a70c7ac52b9284c5c0095fdde4de5812f9265d32b3eb2,https://data.chain.link/streams/zec-usd-twap-30s-streams,,
bnb-updown-5m-1786514700,BNB,"BNB Up or Down - August 12, 2:05AM-2:10AM ET",2026-08-12T06:10:00Z,2026-08-12T06:05:00Z,610.7004925647833,Down,"[""0"", ""1""]",0.09,,,-0.5,0.01,resolved,0x1ab9c537ca86474a1628586f3d1b62df0b95290ec5765007d903050a7cdf0e7e,https://data.chain.link/streams/bnb-usd-twap-30s-streams,,
btc-updown-5m-1786514700,BTC,"Bitcoin Up or Down - August 12, 2:05AM-2:10AM ET",2026-08-12T06:10:00Z,2026-08-12T06:05:00Z,63728.01426396128,Down,"[""0"", ""1""]",0.01,36640.267996999995,387.960783,-0.5,0.01,resolved,0x54e70e58a49e2dc8caea1e1c8d2841fd84f44431091733ec30a7be6ad6926960,https://data.chain.link/streams/btc-usd-twap-30s-streams,,
doge-updown-5m-1786514700,DOGE,"Dogecoin Up or Down - August 12, 2:05AM-2:10AM ET",2026-08-12T06:10:00Z,2026-08-12T06:05:00Z,0.07190679632051279,Down,"[""0"", ""1""]",0.12,,,-0.495,0.01,resolved,0xbeafe049dcef3098a446b0c06a3bcaed127f11eddb0e0df42109ad4d543763e1,https://data.chain.link/streams/doge-usd-twap-30s-streams,,
eth-updown-5m-1786514700,ETH,"Ethereum Up or Down - August 12, 2:05AM-2:10AM ET",2026-08-12T06:10:00Z,2026-08-12T06:05:00Z,1888.0102091249246,Down,"[""0"", ""1""]",0.03,,,-0.5,0.01,resolved,0xa8b8b5b85d06802cdf6a9f1ffd90f11b2b4b50004ae0d7b435fb17800e84f1b6,https://data.chain.link/streams/eth-usd-twap-30s-streams,,
hype-updown-5m-1786514700,HYPE,"Hyperliquid Up or Down - August 12, 2:05AM-2:10AM ET",2026-08-12T06:10:00Z,2026-08-12T06:05:00Z,54.604693662696484,Up,"[""1"", ""0""]",0.98,73.99463300000001,,0.495,0.01,resolved,0x281b900c2e07befb6cd2238bcf7f545b4b5b9ee4a978b59d0b7175ef89cc9dec,https://data.chain.link/streams/hype-usd-twap-30s-streams,,
sol-updown-5m-1786514700,SOL,"Solana Up or Down - August 12, 2:05AM-2:10AM ET",2026-08-12T06:10:00Z,2026-08-12T06:05:00Z,76.26409777943186,Down,"[""0"", ""1""]",0.02,,,-0.5,0.01,resolved,0xc9bcffe463ba75e3a6174806f5c27e0c7095a61ac0c2b94be31e560bb4ad8920,https://data.chain.link/streams/sol-usd-twap-30s-streams,,
xrp-updown-5m-1786514700,XRP,"XRP Up or Down - August 12, 2:05AM-2:10AM ET",2026-08-12T06:10:00Z,2026-08-12T06:05:00Z,1.019789458012117,Down,"[""0"", ""1""]",0.1,,,-0.5,0.01,resolved,0xd4bd2dfc83c8527f9d35e9448a2236bf0adc82993b4557eccaa04b4e9a8e4eec,https://data.chain.link/streams/xrp-usd-twap-30s-streams,,
zec-updown-5m-1786514700,ZEC,"ZCash Up or Down - August 12, 2:05AM-2:10AM ET",2026-08-12T06:10:00Z,2026-08-12T06:05:00Z,483.7139768607809,Down,"[""0"", ""1""]",,,,,0.98,resolved,0x62c40a29162ba54af863b8dd5393fa2825fe1513083cae04f7c44012a78c0b12,https://data.chain.link/streams/zec-usd-twap-30s-streams,,
bnb-updown-5m-1786515000,BNB,"BNB Up or Down - August 12, 2:10AM-2:15AM ET",2026-08-12T06:15:00Z,2026-08-12T06:10:00Z,610.3987196182604,Down,"[""0"", ""1""]",0.55,483.283098,,-0.495,0.01,resolved,0x72a047ffb3cc373381cff4a0666aa8c6d5226171bae5c647e531d1e4193e216d,https://data.chain.link/streams/bnb-usd-twap-30s-streams,,
btc-updown-5m-1786515000,BTC,"Bitcoin Up or Down - August 12, 2:10AM-2:15AM ET",2026-08-12T06:15:00Z,2026-08-12T06:10:00Z,63683.23477162579,Down,"[""0"", ""1""]",0.01,30207.034359999998,7.960783,-0.5045,0.001,resolved,0xa994da0e1797d1b380a9f4436071adb2af15a05eac06db8845176eaee46a0a33,https://data.chain.link/streams/btc-usd-twap-30s-streams,,
doge-updown-5m-1786515000,DOGE,"Dogecoin Up or Down - August 12, 2:10AM-2:15AM ET",2026-08-12T06:15:00Z,2026-08-12T06:10:00Z,0.07168315695443388,Down,"[""0"", ""1""]",0.03,280.1078949999999,,-0.495,0.01,resolved,0xa50d5dca3dc82d868509e5b5c88f38688ac3ba17475bb03fae257897ce097c78,https://data.chain.link/streams/doge-usd-twap-30s-streams,,
eth-updown-5m-1786515000,ETH,"Ethereum Up or Down - August 12, 2:10AM-2:15AM ET",2026-08-12T06:15:00Z,2026-08-12T06:10:00Z,1886.9988473862954,Down,"[""0"", ""1""]",0.01,2349.8946869999995,,-0.5,0.01,resolved,0xbdca3016657981da922037400c52bb8fbba1a32f42555c25b6d66762f96d7456,https://data.chain.link/streams/eth-usd-twap-30s-streams,,
hype-updown-5m-1786515000,HYPE,"Hyperliquid Up or Down - August 12, 2:10AM-2:15AM ET",2026-08-12T06:15:00Z,2026-08-12T06:10:00Z,54.76949503870831,Down,"[""0"", ""1""]",0.55,67.63636500000001,,-0.495,0.01,resolved,0xe9124fbc19441aa76043fac888b19477506eff80397ec9b9b7a8ee63bac1281e,https://data.chain.link/streams/hype-usd-twap-30s-streams,,
sol-updown-5m-1786515000,SOL,"Solana Up or Down - August 12, 2:10AM-2:15AM ET",2026-08-12T06:15:00Z,2026-08-12T06:10:00Z,76.21083156675424,Down,"[""0"", ""1""]",0.04,1019.751547,9.433961,-0.4995,0.001,resolved,0xe52617e8f40c6b0b5e543ce1ce01914ff56d3faad188262bc6b25d1f0a21d338,https://data.chain.link/streams/sol-usd-twap-30s-streams,,
xrp-updown-5m-1786515000,XRP,"XRP Up or Down - August 12, 2:10AM-2:15AM ET",2026-08-12T06:15:00Z,2026-08-12T06:10:00Z,1.0188703020024485,Down,"[""0"", ""1""]",0.09,437.76146100000005,,-0.495,0.01,resolved,0xee295101066ca1a0a1b3954207c2474d2f58af0d66a033455b090feeca607629,https://data.chain.link/streams/xrp-usd-twap-30s-streams,,
zec-updown-5m-1786515000,ZEC,"ZCash Up or Down - August 12, 2:10AM-2:15AM ET",2026-08-12T06:15:00Z,2026-08-12T06:10:00Z,483.5507569256583,Down,"[""0"", ""1""]",,,,-0.495,0.01,resolved,0xf2c59ea473f2e21c4ee46947b627bbe5b35e1c5a84ec38ae3f817d9b637e8be6,https://data.chain.link/streams/zec-usd-twap-30s-streams,,
bnb-updown-5m-1786515300,BNB,"BNB Up or Down - August 12, 2:15AM-2:20AM ET",2026-08-12T06:20:00Z,2026-08-12T06:15:00Z,610.3255413939104,Down,"[""0"", ""1""]",0.03,,,-0.5045,0.001,resolved,0x8d8640b31fc7ef035af52e501c12a5c785ee3663c73aaa54e1f0244987b7bde4,https://data.chain.link/streams/bnb-usd-twap-30s-streams,,
btc-updown-5m-1786515300,BTC,"Bitcoin Up or Down - August 12, 2:15AM-2:20AM ET",2026-08-12T06:20:00Z,2026-08-12T06:15:00Z,63643.58143489781,Up,"[""1"", ""0""]",0.999,67544.99234,9.960783,0.4945,0.001,resolved,0x29d8fe9b7c3076a4c092fa13be5b6683660bea1dd23b558dde4359ec20781052,https://data.chain.link/streams/btc-usd-twap-30s-streams,,
doge-updown-5m-1786515300,DOGE,"Dogecoin Up or Down - August 12, 2:15AM-2:20AM ET",2026-08-12T06:20:00Z,2026-08-12T06:15:00Z,0.07163377354562879,Down,"[""0"", ""1""]",0.11,464.101783,,-0.4995,0.001,resolved,0x794098d6083ce5903553f6265ff57731c8703d414939df6e7c909ae7712039bc,https://data.chain.link/streams/doge-usd-twap-30s-streams,,
eth-updown-5m-1786515300,ETH,"Ethereum Up or Down - August 12, 2:15AM-2:20AM ET",2026-08-12T06:20:00Z,2026-08-12T06:15:00Z,1885.8484975885638,Up,"[""1"", ""0""]",0.999,3997.763891999999,,0.4945,0.001,resolved,0xaa91544ad8b30e9eceffca93a235062de40a992559f2e1c0caabc0211174f989,https://data.chain.link/streams/eth-usd-twap-30s-streams,,
hype-updown-5m-1786515300,HYPE,"Hyperliquid Up or Down - August 12, 2:15AM-2:20AM ET",2026-08-12T06:20:00Z,2026-08-12T06:15:00Z,54.75150750112521,Up,"[""1"", ""0""]",0.98,,,0.4995,0.001,resolved,0x3d8c4ea39f460f53acb26905d9296f4fa65c4eee51c7f10675e27aa4b98fa501,https://data.chain.link/streams/hype-usd-twap-30s-streams,,
sol-updown-5m-1786515300,SOL,"Solana Up or Down - August 12, 2:15AM-2:20AM ET",2026-08-12T06:20:00Z,2026-08-12T06:15:00Z,76.1510412462064,Up,"[""1"", ""0""]",0.98,1363.769075,,0.4945,0.001,resolved,0x243ba69a55bc9127bad6a82bde6be33de0f2d57be52685c8f1bd84b256a467c1,https://data.chain.link/streams/sol-usd-twap-30s-streams,,
xrp-updown-5m-1786515300,XRP,"XRP Up or Down - August 12, 2:15AM-2:20AM ET",2026-08-12T06:20:00Z,2026-08-12T06:15:00Z,1.0184831453632726,Down,"[""0"", ""1""]",0.02,,,-0.5,0.01,resolved,0x5c4914ae378ef109eae90dd1a7cc3ea4d3f67d9608c0fd7043ccd31c8e6fc66e,https://data.chain.link/streams/xrp-usd-twap-30s-streams,,
zec-updown-5m-1786515300,ZEC,"ZCash Up or Down - August 12, 2:15AM-2:20AM ET",2026-08-12T06:20:00Z,2026-08-12T06:15:00Z,483.2061534974639,Up,"[""1"", ""0""]",0.99,,,0.495,0.01,resolved,0xd4a6958c4c4023eb43bea3886672dfbca91639a5cddf226759f2a9e195418a3d,https://data.chain.link/streams/zec-usd-twap-30s-streams,,
bnb-updown-5m-1786515600,BNB,"BNB Up or Down - August 12, 2:20AM-2:25AM ET",2026-08-12T06:25:00Z,2026-08-12T06:20:00Z,610.0676861008753,Down,"[""0"", ""1""]",0.07,,,-0.5,0.01,resolved,0xab0f3da6e55e1acdf17fda158874205579abcb81d9673a80867c599e48641a25,https://data.chain.link/streams/bnb-usd-twap-30s-streams,,
btc-updown-5m-1786515600,BTC,"Bitcoin Up or Down - August 12, 2:20AM-2:25AM ET",2026-08-12T06:25:00Z,2026-08-12T06:20:00Z,63658.43374382758,Down,"[""0"", ""1""]",0.001,57495.00997299998,8.843131,-0.5045,0.001,resolved,0x1e2d5c46ff51069d0573ba6d336eeb7f576a6e88ebee6aa9fd8f9fe2b622e41f,https://data.chain.link/streams/btc-usd-twap-30s-streams,,
doge-updown-5m-1786515600,DOGE,"Dogecoin Up or Down - August 12, 2:20AM-2:25AM ET",2026-08-12T06:25:00Z,2026-08-12T06:20:00Z,0.071579199039207,Down,"[""0"", ""1""]",0.14,,,-0.495,0.01,resolved,0x9b26b4e66f4d7fc5a6afe48bf87fcec3076e19992d81b281339447227ba2dac1,https://data.chain.link/streams/doge-usd-twap-30s-streams,,
eth-updown-5m-1786515600,ETH,"Ethereum Up or Down - August 12, 2:20AM-2:25AM ET",2026-08-12T06:25:00Z,2026-08-12T06:20:00Z,1886.8413101085616,Down,"[""0"", ""1""]",0.001,,,-0.5045,0.001,resolved,0xa196b73a5034d38a33a85296fde4312227220d289997973173feb0b05a50cae4,https://data.chain.link/streams/eth-usd-twap-30s-streams,,
hype-updown-5m-1786515600,HYPE,"Hyperliquid Up or Down - August 12, 2:20AM-2:25AM ET",2026-08-12T06:25:00Z,2026-08-12T06:20:00Z,54.82106035466081,Down,"[""0"", ""1""]",0.01,,,-0.495,0.01,resolved,0xeecd4729522f567887004a63220b8b36dd1251458ffb0ee876fc00962b9cf64f,https://data.chain.link/streams/hype-usd-twap-30s-streams,,
sol-updown-5m-1786515600,SOL,"Solana Up or Down - August 12, 2:20AM-2:25AM ET",2026-08-12T06:25:00Z,2026-08-12T06:20:00Z,76.17274509787836,Down,"[""0"", ""1""]",0.03,,,-0.5045,0.001,resolved,0xb8eaac64b3ca0875eaf4a0e27a20d200c8ccf76088aeb328d13decb7c8ba4ec0,https://data.chain.link/streams/sol-usd-twap-30s-streams,,
xrp-updown-5m-1786515600,XRP,"XRP Up or Down - August 12, 2:20AM-2:25AM ET",2026-08-12T06:25:00Z,2026-08-12T06:20:00Z,1.0184224148717627,Down,"[""0"", ""1""]",0.03,,,-0.5045,0.001,resolved,0x27b95879a4ed28a703da505a1e30edb49a83318d2fa8079db790adee46726201,https://data.chain.link/streams/xrp-usd-twap-30s-streams,,
zec-updown-5m-1786515600,ZEC,"ZCash Up or Down - August 12, 2:20AM-2:25AM ET",2026-08-12T06:25:00Z,2026-08-12T06:20:00Z,483.47434464928295,Down,"[""0"", ""1""]",,,,-0.495,0.01,resolved,0xe3f89520876643a1508688512d66d7bf4e257e68f93fec3ced69628f0ccde422,https://data.chain.link/streams/zec-usd-twap-30s-streams,,
bnb-updown-5m-1786515900,BNB,"BNB Up or Down - August 12, 2:25AM-2:30AM ET",2026-08-12T06:30:00Z,2026-08-12T06:25:00Z,609.9227030865239,Up,"[""1"", ""0""]",0.99,173.93989499999998,,0.4945,0.001,resolved,0xee013234ff500c415e9c1356cd7d459deb547edbca4d550fc4cc5c79d0b6460e,https://data.chain.link/streams/bnb-usd-twap-30s-streams,,
btc-updown-5m-1786515900,BTC,"Bitcoin Up or Down - August 12, 2:25AM-2:30AM ET",2026-08-12T06:30:00Z,2026-08-12T06:25:00Z,63573.48287128263,Up,"[""1"", ""0""]",0.999,55426.130277999975,9.921565,0.4945,0.001,resolved,0xfeab43ad1cce91c50ffa130f0a0689fe8c2b03f6cdb7c491a1aefd1edc449798,https://data.chain.link/streams/btc-usd-twap-30s-streams,,
doge-updown-5m-1786515900,DOGE,"Dogecoin Up or Down - August 12, 2:25AM-2:30AM ET",2026-08-12T06:30:00Z,2026-08-12T06:25:00Z,0.07146679295694311,Down,"[""0"", ""1""]",0.14,534.352546,,-0.4995,0.001,resolved,0xf0b136461d2f3f919aa6237aa30fb19a142978f080252462c87e4db00c77dab5,https://data.chain.link/streams/doge-usd-twap-30s-streams,,
eth-updown-5m-1786515900,ETH,"Ethereum Up or Down - August 12, 2:25AM-2:30AM ET",2026-08-12T06:30:00Z,2026-08-12T06:25:00Z,1884.5173466958727,Up,"[""1"", ""0""]",0.99,3221.878503,,0.4945,0.001,resolved,0x4a2a92419270cd4184290a1649853712c393312459a28738cb3b2dc14495a3a1,https://data.chain.link/streams/eth-usd-twap-30s-streams,,
hype-updown-5m-1786515900,HYPE,"Hyperliquid Up or Down - August 12, 2:25AM-2:30AM ET",2026-08-12T06:30:00Z,2026-08-12T06:25:00Z,54.80258875010311,Up,"[""1"", ""0""]",0.98,1139.903824,,0.495,0.01,resolved,0x9c7692623eaf2c268208f192ebd595a61f0d0b786fb1c7b5a77bd22ca555c836,https://data.chain.link/streams/hype-usd-twap-30s-streams,,
sol-updown-5m-1786515900,SOL,"Solana Up or Down - August 12, 2:25AM-2:30AM ET",2026-08-12T06:30:00Z,2026-08-12T06:25:00Z,76.11332487604636,Down,"[""0"", ""1""]",0.01,2353.791462,,-0.5,0.01,resolved,0x8f2d2368780b276c26def39a10345df2f45d56c5e9f04f9f259d00e25ef2cde7,https://data.chain.link/streams/sol-usd-twap-30s-streams,,
xrp-updown-5m-1786515900,XRP,"XRP Up or Down - August 12, 2:25AM-2:30AM ET",2026-08-12T06:30:00Z,2026-08-12T06:25:00Z,1.0170277585806846,Up,"[""1"", ""0""]",0.98,663.4067089999999,,0.4945,0.001,resolved,0xe58bd6a2d4d8693daacb2bd858df3a377dd584f22037dfd45f3385b92e130359,https://data.chain.link/streams/xrp-usd-twap-30s-streams,,
zec-updown-5m-1786515900,ZEC,"ZCash Up or Down - August 12, 2:25AM-2:30AM ET",2026-08-12T06:30:00Z,2026-08-12T06:25:00Z,482.01323411733944,Down,"[""0"", ""1""]",,25,,-0.495,0.01,resolved,0xd7428d4d1cc2d8f8070c0208c2e74d4648c7325edd92fa835fdf22a53bac888b,https://data.chain.link/streams/zec-usd-twap-30s-streams,,
bnb-updown-5m-1786516200,BNB,"BNB Up or Down - August 12, 2:30AM-2:35AM ET",2026-08-12T06:35:00Z,2026-08-12T06:30:00Z,610.2662417530928,Up,"[""1"", ""0""]",0.99,,,0.49,0.01,resolved,0xbea7a152138cb8cf61a72cdf29094e89c36bd4270d64209778fdba4c2101966e,https://data.chain.link/streams/bnb-usd-twap-30s-streams,,
btc-updown-5m-1786516200,BTC,"Bitcoin Up or Down - August 12, 2:30AM-2:35AM ET",2026-08-12T06:35:00Z,2026-08-12T06:30:00Z,63576.58232821111,Up,"[""1"", ""0""]",0.99,77609.86154299992,2.960783,0.49,0.01,resolved,0x3a7aea9a704abadd73702899974afec630c9b2ee6b207ae1234419d15b9a6d47,https://data.chain.link/streams/btc-usd-twap-30s-streams,,
doge-updown-5m-1786516200,DOGE,"Dogecoin Up or Down - August 12, 2:30AM-2:35AM ET",2026-08-12T06:35:00Z,2026-08-12T06:30:00Z,0.07145593274237788,Down,"[""0"", ""1""]",0.23,,,-0.495,0.01,resolved,0x724f90b89636279fe081db64556fd756c073b8761ccb866cfaf0402208f21de8,https://data.chain.link/streams/doge-usd-twap-30s-streams,,
eth-updown-5m-1786516200,ETH,"Ethereum Up or Down - August 12, 2:30AM-2:35AM ET",2026-08-12T06:35:00Z,2026-08-12T06:30:00Z,1884.6644545601946,Down,"[""0"", ""1""]",0.01,7815.249376999997,,-0.5,0.01,resolved,0xf419c947a324ee033897fb2b492e67d52ff9dc1db5eac91e07569d5457593fff,https://data.chain.link/streams/eth-usd-twap-30s-streams,,
hype-updown-5m-1786516200,HYPE,"Hyperliquid Up or Down - August 12, 2:30AM-2:35AM ET",2026-08-12T06:35:00Z,2026-08-12T06:30:00Z,54.80844872601413,Down,"[""0"", ""1""]",0.65,,,-0.495,0.01,resolved,0x3e58ecd14e642563749d2d68a5f476f09472b25adb1e2c6997c84375c4334812,https://data.chain.link/streams/hype-usd-twap-30s-streams,,
sol-updown-5m-1786516200,SOL,"Solana Up or Down - August 12, 2:30AM-2:35AM ET",2026-08-12T06:35:00Z,2026-08-12T06:30:00Z,76.11091010594352,Down,"[""0"", ""1""]",0.02,1258.3639140000002,,-0.5045,0.001,resolved,0xc303b10f6921b6b1e6edb896d09dab1149220845378685df65bbe13ed04c4cda,https://data.chain.link/streams/sol-usd-twap-30s-streams,,
xrp-updown-5m-1786516200,XRP,"XRP Up or Down - August 12, 2:30AM-2:35AM ET",2026-08-12T06:35:00Z,2026-08-12T06:30:00Z,1.017677201512685,Up,"[""1"", ""0""]",0.99,729.6045910000003,,0.49,0.01,resolved,0xf0a93df8684a3f0e51c0a363f9a0965ac24178402c2bbeb08579a590461224a3,https://data.chain.link/streams/xrp-usd-twap-30s-streams,,
zec-updown-5m-1786516200,ZEC,"ZCash Up or Down - August 12, 2:30AM-2:35AM ET",2026-08-12T06:35:00Z,2026-08-12T06:30:00Z,481.5846816395941,Down,"[""0"", ""1""]",,,,-0.495,0.01,resolved,0x62abeb3ba4dc319fc9a4381435fbd59517fb6f958e5da4f9a0307a6ad85e5a2b,https://data.chain.link/streams/zec-usd-twap-30s-streams,,
bnb-updown-5m-1786516500,BNB,"BNB Up or Down - August 12, 2:35AM-2:40AM ET",2026-08-12T06:40:00Z,2026-08-12T06:35:00Z,610.3389943796191,Up,"[""1"", ""0""]",0.99,,,0.4945,0.001,resolved,0xb222bcd800064f62a040778e6c0a258b78b2f83f6c4b7035a47510230c6e02ad,https://data.chain.link/streams/bnb-usd-twap-30s-streams,,
btc-updown-5m-1786516500,BTC,"Bitcoin Up or Down - August 12, 2:35AM-2:40AM ET",2026-08-12T06:40:00Z,2026-08-12T06:35:00Z,63582.50553361847,Up,"[""1"", ""0""]",0.999,60259.158813999966,2.960783,0.4945,0.001,resolved,0xd65788a599d5d88772ff4e9a389b523d2e6fc89a55527404aca9604688ab585f,https://data.chain.link/streams/btc-usd-twap-30s-streams,,
doge-updown-5m-1786516500,DOGE,"Dogecoin Up or Down - August 12, 2:35AM-2:40AM ET",2026-08-12T06:40:00Z,2026-08-12T06:35:00Z,0.07141803857906795,Up,"[""1"", ""0""]",0.99,,,0.4995,0.001,resolved,0xcc3a533e9dd8c25217d93bf2673c3b449472eb638d8c1b1429171f4be8a54bdc,https://data.chain.link/streams/doge-usd-twap-30s-streams,,
eth-updown-5m-1786516500,ETH,"Ethereum Up or Down - August 12, 2:35AM-2:40AM ET",2026-08-12T06:40:00Z,2026-08-12T06:35:00Z,1884.3165538607518,Up,"[""1"", ""0""]",0.99,,,0.4945,0.001,resolved,0xf04199eb53a87454164132cf799faa8f193f9e0eb690b217759c5b273c3cef2d,https://data.chain.link/streams/eth-usd-twap-30s-streams,,
hype-updown-5m-1786516500,HYPE,"Hyperliquid Up or Down - August 12, 2:35AM-2:40AM ET",2026-08-12T06:40:00Z,2026-08-12T06:35:00Z,54.77330618503837,Down,"[""0"", ""1""]",0.11,,,-0.4995,0.001,resolved,0xaf750e7c45991f9bad55a811a81aae132494e6fa668068e2cea2f8e994d622c7,https://data.chain.link/streams/hype-usd-twap-30s-streams,,
sol-updown-5m-1786516500,SOL,"Solana Up or Down - August 12, 2:35AM-2:40AM ET",2026-08-12T06:40:00Z,2026-08-12T06:35:00Z,76.04589421280755,Down,"[""0"", ""1""]",0.03,,,-0.495,0.01,resolved,0x3ec36c691fbdc94c20d428801233a154b5c6b8c2d32bd60b8a887b46f1943143,https://data.chain.link/streams/sol-usd-twap-30s-streams,,
xrp-updown-5m-1786516500,XRP,"XRP Up or Down - August 12, 2:35AM-2:40AM ET",2026-08-12T06:40:00Z,2026-08-12T06:35:00Z,1.0177987538917574,Up,"[""1"", ""0""]",0.999,,,0.4995,0.001,resolved,0x02b1327cc23cd53b25a6821e9358ac8e333186954bc990716e35daff9608592b,https://data.chain.link/streams/xrp-usd-twap-30s-streams,,
zec-updown-5m-1786516500,ZEC,"ZCash Up or Down - August 12, 2:35AM-2:40AM ET",2026-08-12T06:40:00Z,2026-08-12T06:35:00Z,480.81232124945666,Down,"[""0"", ""1""]",,,,-0.495,0.01,resolved,0xc7f516b1394fb0ec9cdaec7d9e1e58544f724622a70694503debd60bfd6f1fd9,https://data.chain.link/streams/zec-usd-twap-30s-streams,,
bnb-updown-5m-1786516800,BNB,"BNB Up or Down - August 12, 2:40AM-2:45AM ET",2026-08-12T06:45:00Z,2026-08-12T06:40:00Z,610.6634118274027,Down,"[""0"", ""1""]",0.02,174.840108,,-0.5045,0.001,resolved,0x958ba9dba317f82c8fd086a0ac6ce8a696d3552b5909296df20e0793a554bb9d,https://data.chain.link/streams/bnb-usd-twap-30s-streams,,
btc-updown-5m-1786516800,BTC,"Bitcoin Up or Down - August 12, 2:40AM-2:45AM ET",2026-08-12T06:45:00Z,2026-08-12T06:40:00Z,63594.27943725588,Down,"[""0"", ""1""]",0.01,53556.74067700001,2.960783,-0.5,0.01,resolved,0x804a596d73799d2a1175f87161ca51c9997c447754bff95188a439f019975c2b,https://data.chain.link/streams/btc-usd-twap-30s-streams,,
doge-updown-5m-1786516800,DOGE,"Dogecoin Up or Down - August 12, 2:40AM-2:45AM ET",2026-08-12T06:45:00Z,2026-08-12T06:40:00Z,0.07149607983901801,Down,"[""0"", ""1""]",0.01,443.4983860000001,,-0.495,0.01,resolved,0x31980703de039cd23896a3d19a6a67d9655efbba8acb2deb688a3d454c6d881c,https://data.chain.link/streams/doge-usd-twap-30s-streams,,
eth-updown-5m-1786516800,ETH,"Ethereum Up or Down - August 12, 2:40AM-2:45AM ET",2026-08-12T06:45:00Z,2026-08-12T06:40:00Z,1884.9037274555674,Down,"[""0"", ""1""]",0.03,2250.3304129999997,,-0.5,0.01,resolved,0x6263ca9c46532f400093de04b19d01157bb35ef9a78dc774c6dfd8b5da8ddd4d,https://data.chain.link/streams/eth-usd-twap-30s-streams,,
hype-updown-5m-1786516800,HYPE,"Hyperliquid Up or Down - August 12, 2:40AM-2:45AM ET",2026-08-12T06:45:00Z,2026-08-12T06:40:00Z,54.72732964912727,Down,"[""0"", ""1""]",0.75,13.088608,,-0.495,0.01,resolved,0xa7a2f1fa9057e48ee62b2ea636772fc3ac8f0314742004777cd6981bfe0f362b,https://data.chain.link/streams/hype-usd-twap-30s-streams,,
sol-updown-5m-1786516800,SOL,"Solana Up or Down - August 12, 2:40AM-2:45AM ET",2026-08-12T06:45:00Z,2026-08-12T06:40:00Z,76.0439793683543,Down,"[""0"", ""1""]",0.01,2763.3884139999996,,-0.5,0.01,resolved,0x4990fe3f263384e9888599cb05af9ed048d5d09b369e08992733ebbbc2518c52,https://data.chain.link/streams/sol-usd-twap-30s-streams,,
xrp-updown-5m-1786516800,XRP,"XRP Up or Down - August 12, 2:40AM-2:45AM ET",2026-08-12T06:45:00Z,2026-08-12T06:40:00Z,1.0186628331385903,Up,"[""1"", ""0""]",0.99,578.6050779999999,,0.49,0.01,resolved,0xd5eeb571668ef276c8fbcf4ad54997fddd564745d5281f90e995def1ea151cc9,https://data.chain.link/streams/xrp-usd-twap-30s-streams,,
zec-updown-5m-1786516800,ZEC,"ZCash Up or Down - August 12, 2:40AM-2:45AM ET",2026-08-12T06:45:00Z,2026-08-12T06:40:00Z,480.40326411354295,Down,"[""0"", ""1""]",,50,,-0.495,0.01,resolved,0x5fdbff0359309ce22f6509d7a198aaeba75e78bf40e92e77691be4dd4213e435,https://data.chain.link/streams/zec-usd-twap-30s-streams,,
bnb-updown-5m-1786517100,BNB,"BNB Up or Down - August 12, 2:45AM-2:50AM ET",2026-08-12T06:50:00Z,2026-08-12T06:45:00Z,610.3242566309126,Up,"[""1"", ""0""]",0.99,,,0.49,0.01,resolved,0x18b0d15ecbafe888094d0ca6351e2edaa13e858e26e9f4f1dd129cca6c0e4c64,https://data.chain.link/streams/bnb-usd-twap-30s-streams,,
btc-updown-5m-1786517100,BTC,"Bitcoin Up or Down - August 12, 2:45AM-2:50AM ET",2026-08-12T06:50:00Z,2026-08-12T06:45:00Z,63583.09142268488,Up,"[""1"", ""0""]",0.999,42342.918534000004,2.960783,0.4945,0.001,resolved,0x57de6a893d73fe5e38e62f67ffbfe8316538f9b2cba0992f92db387ac61aebc9,https://data.chain.link/streams/btc-usd-twap-30s-streams,,
doge-updown-5m-1786517100,DOGE,"Dogecoin Up or Down - August 12, 2:45AM-2:50AM ET",2026-08-12T06:50:00Z,2026-08-12T06:45:00Z,0.07147920345464798,Up,"[""1"", ""0""]",0.999,,,0.4995,0.001,resolved,0x635545fc60e0d2ee7fd841af1ba81b06a91bb83267fa80c7b1e6a9b7969f1551,https://data.chain.link/streams/doge-usd-twap-30s-streams,,
eth-updown-5m-1786517100,ETH,"Ethereum Up or Down - August 12, 2:45AM-2:50AM ET",2026-08-12T06:50:00Z,2026-08-12T06:45:00Z,1883.9491104906615,Up,"[""1"", ""0""]",0.999,4813.816597000001,,0.4945,0.001,resolved,0x660bb5849544b9911e4c21b22f5c929f37da0b98fb0ccec241d6f2837373e032,https://data.chain.link/streams/eth-usd-twap-30s-streams,,
hype-updown-5m-1786517100,HYPE,"Hyperliquid Up or Down - August 12, 2:45AM-2:50AM ET",2026-08-12T06:50:00Z,2026-08-12T06:45:00Z,54.72189938529522,Up,"[""1"", ""0""]",0.98,,,0.4995,0.001,resolved,0x34b181862c085cd0cad53ab40c9b9b6ad8327365622859f94b16c744c39c7713,https://data.chain.link/streams/hype-usd-twap-30s-streams,,
sol-updown-5m-1786517100,SOL,"Solana Up or Down - August 12, 2:45AM-2:50AM ET",2026-08-12T06:50:00Z,2026-08-12T06:45:00Z,76.02879212450374,Down,"[""0"", ""1""]",0.03,1719.5352989999997,,-0.4995,0.001,resolved,0x99a07d5ccfa74bb4905f32189b229cf84efa397fa11977eaea53b2e305ffd77c,https://data.chain.link/streams/sol-usd-twap-30s-streams,,
xrp-updown-5m-1786517100,XRP,"XRP Up or Down - August 12, 2:45AM-2:50AM ET",2026-08-12T06:50:00Z,2026-08-12T06:45:00Z,1.0187891431294902,Up,"[""1"", ""0""]",0.999,519.0207229999999,,0.49,0.01,resolved,0x8cf3ed08285088b3187ac04cebfb90ec241f443ad3b03da5f5be7e77152034d2,https://data.chain.link/streams/xrp-usd-twap-30s-streams,,
zec-updown-5m-1786517100,ZEC,"ZCash Up or Down - August 12, 2:45AM-2:50AM ET",2026-08-12T06:50:00Z,2026-08-12T06:45:00Z,477.3400789630874,Up,"[""1"", ""0""]",,,,,0.98,resolved,0xf2cfdec7e4197277085d77b23c80b98c6ca3fe99aae6b3e760ab58d07fee850e,https://data.chain.link/streams/zec-usd-twap-30s-streams,,
bnb-updown-5m-1786517400,BNB,"BNB Up or Down - August 12, 2:50AM-2:55AM ET",2026-08-12T06:55:00Z,2026-08-12T06:50:00Z,610.8013732204492,Down,"[""0"", ""1""]",0.04,,,-0.5,0.01,resolved,0x389d9628fa7669f099331cf4bced3a6be49ad52b4046553ff8c32df5ce72fb24,https://data.chain.link/streams/bnb-usd-twap-30s-streams,,
btc-updown-5m-1786517400,BTC,"Bitcoin Up or Down - August 12, 2:50AM-2:55AM ET",2026-08-12T06:55:00Z,2026-08-12T06:50:00Z,63607.77657175696,Down,"[""0"", ""1""]",0.01,44476.51891299998,2.960783,-0.5045,0.001,resolved,0xbd3c9a204e8d5b4ce40fddaa0d84d9c8b5d1e39ac466f4a525977cd2da281eb7,https://data.chain.link/streams/btc-usd-twap-30s-streams,,
doge-updown-5m-1786517400,DOGE,"Dogecoin Up or Down - August 12, 2:50AM-2:55AM ET",2026-08-12T06:55:00Z,2026-08-12T06:50:00Z,0.07157262330000007,Down,"[""0"", ""1""]",0.15,,,-0.4995,0.001,resolved,0x5b550d602ed2c12343753af56356e59fcab8e3823d130a39f2d3c076da3b84c2,https://data.chain.link/streams/doge-usd-twap-30s-streams,,
eth-updown-5m-1786517400,ETH,"Ethereum Up or Down - August 12, 2:50AM-2:55AM ET",2026-08-12T06:55:00Z,2026-08-12T06:50:00Z,1885.1634867183723,Down,"[""0"", ""1""]",0.01,,,-0.5045,0.001,resolved,0x3523a7db2bd8d94db7ee84cc3d5f11a415be8e9d665d7cddd501432ab5af2d95,https://data.chain.link/streams/eth-usd-twap-30s-streams,,
hype-updown-5m-1786517400,HYPE,"Hyperliquid Up or Down - August 12, 2:50AM-2:55AM ET",2026-08-12T06:55:00Z,2026-08-12T06:50:00Z,54.78224048813254,Down,"[""0"", ""1""]",0.75,,,-0.495,0.01,resolved,0xd88171bc2084f7d0ac54df3210b1ae75216dc4a7b755ec37e3f347923cd4182d,https://data.chain.link/streams/hype-usd-twap-30s-streams,,
sol-updown-5m-1786517400,SOL,"Solana Up or Down - August 12, 2:50AM-2:55AM ET",2026-08-12T06:55:00Z,2026-08-12T06:50:00Z,76.00113389422,Down,"[""0"", ""1""]",0.02,1505.6365449999998,,-0.5,0.01,resolved,0xd306f73ec0f1ef0ed02fe6415c253fbbf534beb09fb9927c02570263485d1dc6,https://data.chain.link/streams/sol-usd-twap-30s-streams,,
xrp-updown-5m-1786517400,XRP,"XRP Up or Down - August 12, 2:50AM-2:55AM ET",2026-08-12T06:55:00Z,2026-08-12T06:50:00Z,1.0190560152159236,Down,"[""0"", ""1""]",0.02,,,-0.5045,0.001,resolved,0xb19d46cf9d84dba98df48718b8abd13ae3ab26e6167347f28f49b2d548adf2cd,https://data.chain.link/streams/xrp-usd-twap-30s-streams,,
zec-updown-5m-1786517400,ZEC,"ZCash Up or Down - August 12, 2:50AM-2:55AM ET",2026-08-12T06:55:00Z,2026-08-12T06:50:00Z,477.6069618042041,Up,"[""1"", ""0""]",0.99,,,0.495,0.01,resolved,0xd95f539b7e900015979b74b3a68a6b7d0cd1d183dfffb20428ffdb1aae00114d,https://data.chain.link/streams/zec-usd-twap-30s-streams,,
bnb-updown-5m-1786517700,BNB,"BNB Up or Down - August 12, 2:55AM-3:00AM ET",2026-08-12T07:00:00Z,2026-08-12T06:55:00Z,610.4613639923018,Up,"[""1"", ""0""]",0.99,226.993101,,0.4945,0.001,resolved,0x5831f15896ea75b6ec7cf51a3958e9747d2cf414702977d3730223d5ad3fcb30,https://data.chain.link/streams/bnb-usd-twap-30s-streams,,
btc-updown-5m-1786517700,BTC,"Bitcoin Up or Down - August 12, 2:55AM-3:00AM ET",2026-08-12T07:00:00Z,2026-08-12T06:55:00Z,63569.903913568654,Up,"[""1"", ""0""]",0.999,48733.71485299998,89.764703,0.4945,0.001,resolved,0xad235a681976cba886daf70c29d6a09829e692f67a18a05a17baa448f561a69d,https://data.chain.link/streams/btc-usd-twap-30s-streams,,
doge-updown-5m-1786517700,DOGE,"Dogecoin Up or Down - August 12, 2:55AM-3:00AM ET",2026-08-12T07:00:00Z,2026-08-12T06:55:00Z,0.07148220760287192,Up,"[""1"", ""0""]",0.99,448.645579,,0.4995,0.001,resolved,0x71621612b9c2031b87430c5ae05148bc1e415c155872f91a425ba019cc478a9e,https://data.chain.link/streams/doge-usd-twap-30s-streams,,
eth-updown-5m-1786517700,ETH,"Ethereum Up or Down - August 12, 2:55AM-3:00AM ET",2026-08-12T07:00:00Z,2026-08-12T06:55:00Z,1884.3904594210842,Up,"[""1"", ""0""]",0.99,1408.14442,,0.4945,0.001,resolved,0x88583e7fbb23adb6e6cfdfcd39639aa35445680bf581fbad2ba1384561b80c36,https://data.chain.link/streams/eth-usd-twap-30s-streams,,
hype-updown-5m-1786517700,HYPE,"Hyperliquid Up or Down - August 12, 2:55AM-3:00AM ET",2026-08-12T07:00:00Z,2026-08-12T06:55:00Z,54.70212475509124,Up,"[""1"", ""0""]",0.98,74.97585,,0.4995,0.001,resolved,0x10bc338f909d9824ca6ae241b0f7c85c1d5ec69d23cd7994b846acd3f358efbb,https://data.chain.link/streams/hype-usd-twap-30s-streams,,
sol-updown-5m-1786517700,SOL,"Solana Up or Down - August 12, 2:55AM-3:00AM ET",2026-08-12T07:00:00Z,2026-08-12T06:55:00Z,75.95152458673019,Up,"[""1"", ""0""]",0.98,2658.9406460000005,,0.4945,0.001,resolved,0x1f15fde7bc3ea06a2c8dd9c518c5835fb109b5ff794a8f26c5f752622b4ca8b2,https://data.chain.link/streams/sol-usd-twap-30s-streams,,
xrp-updown-5m-1786517700,XRP,"XRP Up or Down - August 12, 2:55AM-3:00AM ET",2026-08-12T07:00:00Z,2026-08-12T06:55:00Z,1.0182408538113712,Up,"[""1"", ""0""]",0.99,1411.707784,,0.4945,0.001,resolved,0x6aff13af37813e10220f5c9c1f3a047fb80762976354221a6a9dbf411f8d0326,https://data.chain.link/streams/xrp-usd-twap-30s-streams,,
zec-updown-5m-1786517700,ZEC,"ZCash Up or Down - August 12, 2:55AM-3:00AM ET",2026-08-12T07:00:00Z,2026-08-12T06:55:00Z,477.69424131454633,Down,"[""0"", ""1""]",,25,,-0.495,0.01,resolved,0xd9f586ac605a49100a40116d681a6496c56e555f1e2d05510c9224646f46e5e2,https://data.chain.link/streams/zec-usd-twap-30s-streams,,
bnb-updown-5m-1786518000,BNB,"BNB Up or Down - August 12, 3:00AM-3:05AM ET",2026-08-12T07:05:00Z,2026-08-12T07:00:00Z,610.8890669770901,Up,"[""1"", ""0""]",0.98,648.3688910000001,,0.49,0.01,resolved,0x0d0de858a3c7b91bd4a921c2cab178cd1619471c9e44cbc897c75b276399e4ca,https://data.chain.link/streams/bnb-usd-twap-30s-streams,,
btc-updown-5m-1786518000,BTC,"Bitcoin Up or Down - August 12, 3:00AM-3:05AM ET",2026-08-12T07:05:00Z,2026-08-12T07:00:00Z,63637.999151808996,Up,"[""1"", ""0""]",0.999,32965.96398899998,82.764703,0.4945,0.001,resolved,0x6127cacc62a3aae231a431733246d51d36afbb7badd371b7f3c50c8a12fcbc93,https://data.chain.link/streams/btc-usd-twap-30s-streams,,
doge-updown-5m-1786518000,DOGE,"Dogecoin Up or Down - August 12, 3:00AM-3:05AM ET",2026-08-12T07:05:00Z,2026-08-12T07:00:00Z,0.07149231081478392,Up,"[""1"", ""0""]",0.99,210.82236600000002,,0.495,0.01,resolved,0x105b6edd1281cef9551bc72e27903144884ec0fce1e64dcd7414130018b73964,https://data.chain.link/streams/doge-usd-twap-30s-streams,,
eth-updown-5m-1786518000,ETH,"Ethereum Up or Down - August 12, 3:00AM-3:05AM ET",2026-08-12T07:05:00Z,2026-08-12T07:00:00Z,1885.6827607598657,Up,"[""1"", ""0""]",0.99,1570.845289,,0.4945,0.001,resolved,0x49d630530bc2de17dfad0809abf7624d88dfe0a4b816be96810c4dbc02ac0952,https://data.chain.link/streams/eth-usd-twap-30s-streams,,
hype-updown-5m-1786518000,HYPE,"Hyperliquid Up or Down - August 12, 3:00AM-3:05AM ET",2026-08-12T07:05:00Z,2026-08-12T07:00:00Z,54.77551250366761,Up,"[""1"", ""0""]",0.999,,,0.4995,0.001,resolved,0xdce772341f4e13375bb1bced480d4d7f4af14cffb53f603b4d8508cc8e892a7a,https://data.chain.link/streams/hype-usd-twap-30s-streams,,
sol-updown-5m-1786518000,SOL,"Solana Up or Down - August 12, 3:00AM-3:05AM ET",2026-08-12T07:05:00Z,2026-08-12T07:00:00Z,75.97302600220067,Up,"[""1"", ""0""]",0.99,891.9306740000003,,0.4945,0.001,resolved,0x2fbd8200f39d5ac918e17fb00cbe180468bfd84b0e3b0ac87bb76aa42666248e,https://data.chain.link/streams/sol-usd-twap-30s-streams,,
xrp-updown-5m-1786518000,XRP,"XRP Up or Down - August 12, 3:00AM-3:05AM ET",2026-08-12T07:05:00Z,2026-08-12T07:00:00Z,1.018615556344075,Up,"[""1"", ""0""]",0.999,497.401405,,0.4945,0.001,resolved,0xa93df0257732f988e4a1099a95ed5e8922980a2a6e32f245ffecff831eca4ced,https://data.chain.link/streams/xrp-usd-twap-30s-streams,,
zec-updown-5m-1786518000,ZEC,"ZCash Up or Down - August 12, 3:00AM-3:05AM ET",2026-08-12T07:05:00Z,2026-08-12T07:00:00Z,477.27698198245935,Up,"[""1"", ""0""]",0.99,,,0.495,0.01,resolved,0x1754ccc35d49d0ce5116822392af40505c366953179e0601d62eceb0d2882d86,https://data.chain.link/streams/zec-usd-twap-30s-streams,,
bnb-updown-5m-1786518300,BNB,"BNB Up or Down - August 12, 3:05AM-3:10AM ET",2026-08-12T07:10:00Z,2026-08-12T07:05:00Z,611.523920874555,Down,"[""0"", ""1""]",0.02,424.9047959999999,,-0.5,0.01,resolved,0x497cebe2176fbda63e8860bfc1148cc46f3aadeb524e30b0a53233ba78235118,https://data.chain.link/streams/bnb-usd-twap-30s-streams,,
btc-updown-5m-1786518300,BTC,"Bitcoin Up or Down - August 12, 3:05AM-3:10AM ET",2026-08-12T07:10:00Z,2026-08-12T07:05:00Z,63699.15496395576,Up,"[""1"", ""0""]",0.999,34687.83229,372.764703,0.4945,0.001,resolved,0xe4137a41ce00a47913d3551fd1832912d6a4b02f07803ab11e42f4dfca1f0b7b,https://data.chain.link/streams/btc-usd-twap-30s-streams,,
doge-updown-5m-1786518300,DOGE,"Dogecoin Up or Down - August 12, 3:05AM-3:10AM ET",2026-08-12T07:10:00Z,2026-08-12T07:05:00Z,0.07157598332594105,Up,"[""1"", ""0""]",0.99,651.103034,,0.495,0.01,resolved,0xb8c54f38f783a487b959483ee192b73f058a468eb922c47a7e7bb31c33e88ccb,https://data.chain.link/streams/doge-usd-twap-30s-streams,,
eth-updown-5m-1786518300,ETH,"Ethereum Up or Down - August 12, 3:05AM-3:10AM ET",2026-08-12T07:10:00Z,2026-08-12T07:05:00Z,1888.4113244556436,Down,"[""0"", ""1""]",0.04,3140.5545519999982,,-0.5,0.01,resolved,0x631d10153c41d34403b6ea0a0cdec1a733c39bdd2345c6bca0be76b718c79907,https://data.chain.link/streams/eth-usd-twap-30s-streams,,
hype-updown-5m-1786518300,HYPE,"Hyperliquid Up or Down - August 12, 3:05AM-3:10AM ET",2026-08-12T07:10:00Z,2026-08-12T07:05:00Z,54.8769805275127,Up,"[""1"", ""0""]",0.999,,,0.4945,0.009,resolved,0xe5493d89de11ced1fc0479aebcee3c4ce8dc85821d8fa33fbb403172ebc87d25,https://data.chain.link/streams/hype-usd-twap-30s-streams,,
sol-updown-5m-1786518300,SOL,"Solana Up or Down - August 12, 3:05AM-3:10AM ET",2026-08-12T07:10:00Z,2026-08-12T07:05:00Z,76.04814831109515,Down,"[""0"", ""1""]",0.64,,,0.175,0.02,resolved,0x5cd6451cbda91e1c40d605b1d1f258a99184f6f97a58a1bdd423a720c6f9e80b,https://data.chain.link/streams/sol-usd-twap-30s-streams,,
xrp-updown-5m-1786518300,XRP,"XRP Up or Down - August 12, 3:05AM-3:10AM ET",2026-08-12T07:10:00Z,2026-08-12T07:05:00Z,1.0194501805632716,Up,"[""1"", ""0""]",0.99,505.58607700000005,,0.49,0.01,resolved,0x04b0f13d4723ce966438aa55453ff68f5ef0655bcbaf645df6b763ba460dfc1f,https://data.chain.link/streams/xrp-usd-twap-30s-streams,,
zec-updown-5m-1786518300,ZEC,"ZCash Up or Down - August 12, 3:05AM-3:10AM ET",2026-08-12T07:10:00Z,2026-08-12T07:05:00Z,478.6732031745129,Down,"[""0"", ""1""]",,,,,0.98,resolved,0x49cac6c7a2389b76234c6a03d695e91d30b8ce0654cef22ff3e0803394ede96d,https://data.chain.link/streams/zec-usd-twap-30s-streams,,
bnb-updown-5m-1786518600,BNB,"BNB Up or Down - August 12, 3:10AM-3:15AM ET",2026-08-12T07:15:00Z,2026-08-12T07:10:00Z,611.2769538521444,Down,"[""0"", ""1""]",0.72,201.80107,,-0.5,0.01,resolved,0x148c44df55aa73727b27efa5da6ae74b4d79d10c1a709f7569f772500e4be544,https://data.chain.link/streams/bnb-usd-twap-30s-streams,,
btc-updown-5m-1786518600,BTC,"Bitcoin Up or Down - August 12, 3:10AM-3:15AM ET",2026-08-12T07:15:00Z,2026-08-12T07:10:00Z,63725.65387919053,Down,"[""0"", ""1""]",0.001,144526.26918600008,72.960783,-0.5045,0.001,resolved,0x9cca1ce5c8abda560d687874dd40dddceda3451f8857d4dab51e3f0ac313e709,https://data.chain.link/streams/btc-usd-twap-30s-streams,,
doge-updown-5m-1786518600,DOGE,"Dogecoin Up or Down - August 12, 3:10AM-3:15AM ET",2026-08-12T07:15:00Z,2026-08-12T07:10:00Z,0.0716019382805512,Down,"[""0"", ""1""]",0.001,896.920275,,-0.495,0.01,resolved,0xf4ed7e002b39ad67a8bafb14f5bfea8a0fa30637445c6ead49a11aabf47c9726,https://data.chain.link/streams/doge-usd-twap-30s-streams,,
eth-updown-5m-1786518600,ETH,"Ethereum Up or Down - August 12, 3:10AM-3:15AM ET",2026-08-12T07:15:00Z,2026-08-12T07:10:00Z,1888.0370792855917,Up,"[""1"", ""0""]",0.99,2557.440606,,0.495,0.01,resolved,0x982e8ac8f37639bb907586d017f67375dfe69f4261bc0f251f274c07b41c8ecf,https://data.chain.link/streams/eth-usd-twap-30s-streams,,
hype-updown-5m-1786518600,HYPE,"Hyperliquid Up or Down - August 12, 3:10AM-3:15AM ET",2026-08-12T07:15:00Z,2026-08-12T07:10:00Z,55.09268594962195,Up,"[""1"", ""0""]",0.98,524.896256,,0.495,0.01,resolved,0x8f2934bb56786faaa743e17a46b203b643e23eea93c9df475b41a006286bc69a,https://data.chain.link/streams/hype-usd-twap-30s-streams,,
sol-updown-5m-1786518600,SOL,"Solana Up or Down - August 12, 3:10AM-3:15AM ET",2026-08-12T07:15:00Z,2026-08-12T07:10:00Z,76.04746530675712,Down,"[""0"", ""1""]",0.09,734.3253980000002,,-0.5,0.01,resolved,0xe63969ddd5869e687c2f76074274ff7d5cac77438a6f13f3b8ad49a981c3268a,https://data.chain.link/streams/sol-usd-twap-30s-streams,,
xrp-updown-5m-1786518600,XRP,"XRP Up or Down - August 12, 3:10AM-3:15AM ET",2026-08-12T07:15:00Z,2026-08-12T07:10:00Z,1.0199679630466134,Up,"[""1"", ""0""]",0.99,711.9914039999999,,0.495,0.01,resolved,0x239f97d6b566d75b34582e66f41987abbd0fd138369f7992553963b342ce5849,https://data.chain.link/streams/xrp-usd-twap-30s-streams,,
zec-updown-5m-1786518600,ZEC,"ZCash Up or Down - August 12, 3:10AM-3:15AM ET",2026-08-12T07:15:00Z,2026-08-12T07:10:00Z,478.4976708089743,Up,"[""1"", ""0""]",0.99,,,0.495,0.01,resolved,0x9dea75fa90fb002cfe9b9cca1f047701f0295bd2aecd002621e5fc7e1365f5e4,https://data.chain.link/streams/zec-usd-twap-30s-streams,,
bnb-updown-5m-1786518900,BNB,"BNB Up or Down - August 12, 3:15AM-3:20AM ET",2026-08-12T07:20:00Z,2026-08-12T07:15:00Z,611.2279878318813,Up,"[""1"", ""0""]",0.98,642.055032,,0.49,0.01,resolved,0x736a67e756b6f2d495dc985c25894f3fe41d100ccd12ad69618dd824d32ca277,https://data.chain.link/streams/bnb-usd-twap-30s-streams,,
btc-updown-5m-1786518900,BTC,"Bitcoin Up or Down - August 12, 3:15AM-3:20AM ET",2026-08-12T07:20:00Z,2026-08-12T07:15:00Z,63697.530743548705,Down,"[""0"", ""1""]",0.01,35399.76435799999,32.960783,-0.5,0.01,resolved,0x0217cb9ef3b0231052cb39d6fbe4b518b010750495d84db77028fcb9e7f94600,https://data.chain.link/streams/btc-usd-twap-30s-streams,,
doge-updown-5m-1786518900,DOGE,"Dogecoin Up or Down - August 12, 3:15AM-3:20AM ET",2026-08-12T07:20:00Z,2026-08-12T07:15:00Z,0.07159039858277451,Up,"[""1"", ""0""]",0.99,347.306385,,-0.055,0.57,resolved,0x9bf071f286f7efd5ef08e815906ecd622f96a9fbba1207714f026176ae06b7c4,https://data.chain.link/streams/doge-usd-twap-30s-streams,,
eth-updown-5m-1786518900,ETH,"Ethereum Up or Down - August 12, 3:15AM-3:20AM ET",2026-08-12T07:20:00Z,2026-08-12T07:15:00Z,1888.150284773383,Up,"[""1"", ""0""]",0.999,3707.834474999999,,0.49,0.01,resolved,0x80a61f339fa14f9ebb50e62031250ad70282ffc8ef5c4ef152f9605539b1c554,https://data.chain.link/streams/eth-usd-twap-30s-streams,,
hype-updown-5m-1786518900,HYPE,"Hyperliquid Up or Down - August 12, 3:15AM-3:20AM ET",2026-08-12T07:20:00Z,2026-08-12T07:15:00Z,55.101988208221314,Up,"[""1"", ""0""]",0.98,,,0.495,0.01,resolved,0x53543c0e689683839a5fa2b90bd5f606ede1583b80022b44d754957927fb1fa5,https://data.chain.link/streams/hype-usd-twap-30s-streams,,
sol-updown-5m-1786518900,SOL,"Solana Up or Down - August 12, 3:15AM-3:20AM ET",2026-08-12T07:20:00Z,2026-08-12T07:15:00Z,76.02785290650667,Down,"[""0"", ""1""]",0.03,1514.715302,,-0.5,0.01,resolved,0x405fabd0fa79d83b6df484c4034f75d2c49a1405cf5bc9ce9c7d75b7a41c6a07,https://data.chain.link/streams/sol-usd-twap-30s-streams,,
xrp-updown-5m-1786518900,XRP,"XRP Up or Down - August 12, 3:15AM-3:20AM ET",2026-08-12T07:20:00Z,2026-08-12T07:15:00Z,1.0207014911515584,Down,"[""0"", ""1""]",0.03,634.9557810000001,,-0.49,0.01,resolved,0xa62397305428e9031dab089b154949cc59964f80a1e47b8702a411a6c35b024f,https://data.chain.link/streams/xrp-usd-twap-30s-streams,,
zec-updown-5m-1786518900,ZEC,"ZCash Up or Down - August 12, 3:15AM-3:20AM ET",2026-08-12T07:20:00Z,2026-08-12T07:15:00Z,478.5468581670866,Down,"[""0"", ""1""]",,,,,0.98,resolved,0xc8f3d5cf7ea676e4a3e68ad1565285e5800b774d57cc16b16ecbd42bdca56700,https://data.chain.link/streams/zec-usd-twap-30s-streams,,
bnb-updown-5m-1786519200,BNB,"BNB Up or Down - August 12, 3:20AM-3:25AM ET",2026-08-12T07:25:00Z,2026-08-12T07:20:00Z,611.4417088601649,Down,"[""0"", ""1""]",0.13,238.17202000000003,,-0.5,0.01,resolved,0xf621938480750a871690a74a08d99826722fa4db95aa043411acfae87bf82cef,https://data.chain.link/streams/bnb-usd-twap-30s-streams,,
btc-updown-5m-1786519200,BTC,"Bitcoin Up or Down - August 12, 3:20AM-3:25AM ET",2026-08-12T07:25:00Z,2026-08-12T07:20:00Z,63678.01128726788,Down,"[""0"", ""1""]",0.01,48050.362902000015,2.960783,-0.5,0.01,resolved,0xce03e4906c5c3f9e9b0905e3d5d750a128b209d87988cf6ffc49c1dc2b6cd75e,https://data.chain.link/streams/btc-usd-twap-30s-streams,,
doge-updown-5m-1786519200,DOGE,"Dogecoin Up or Down - August 12, 3:20AM-3:25AM ET",2026-08-12T07:25:00Z,2026-08-12T07:20:00Z,0.07159097621779471,Up,"[""1"", ""0""]",0.99,240.140608,,0.495,0.01,resolved,0xe0408cac707545a0e6ed25a9c388047506be6224f8aab5a0b443298a3e95f7b8,https://data.chain.link/streams/doge-usd-twap-30s-streams,,
eth-updown-5m-1786519200,ETH,"Ethereum Up or Down - August 12, 3:20AM-3:25AM ET",2026-08-12T07:25:00Z,2026-08-12T07:20:00Z,1888.4242603136688,Down,"[""0"", ""1""]",0.001,4267.951964999998,,-0.5,0.01,resolved,0xeaf21797cd44cbab5dec2c2e7c7ee57772a12331e00b919f1c199f99eb1ee1e3,https://data.chain.link/streams/eth-usd-twap-30s-streams,,
hype-updown-5m-1786519200,HYPE,"Hyperliquid Up or Down - August 12, 3:20AM-3:25AM ET",2026-08-12T07:25:00Z,2026-08-12T07:20:00Z,55.15530858766576,Up,"[""1"", ""0""]",0.98,,,0.495,0.01,resolved,0x985d6bff102893e3c5644174c4f14715df156d4084d518af70850eb892a0e5c4,https://data.chain.link/streams/hype-usd-twap-30s-streams,,
sol-updown-5m-1786519200,SOL,"Solana Up or Down - August 12, 3:20AM-3:25AM ET",2026-08-12T07:25:00Z,2026-08-12T07:20:00Z,75.99774482039876,Down,"[""0"", ""1""]",0.001,1917.348866,,-0.5,0.01,resolved,0x0413cc4c04ca36cb365fda928d7da812840787d489f0af88e5a019922c779ba6,https://data.chain.link/streams/sol-usd-twap-30s-streams,,
xrp-updown-5m-1786519200,XRP,"XRP Up or Down - August 12, 3:20AM-3:25AM ET",2026-08-12T07:25:00Z,2026-08-12T07:20:00Z,1.0205730567752493,Down,"[""0"", ""1""]",0.001,1438.84222,,-0.5,0.01,resolved,0x1eef2e011b69f9e35739d5863ae6187ba73300d0ee6bf7c11d06decf560d063c,https://data.chain.link/streams/xrp-usd-twap-30s-streams,,
zec-updown-5m-1786519200,ZEC,"ZCash Up or Down - August 12, 3:20AM-3:25AM ET",2026-08-12T07:25:00Z,2026-08-12T07:20:00Z,478.2206402551975,Up,"[""1"", ""0""]",0.99,,,0.495,0.01,resolved,0x6bcffb34b13dc7223059811b18b340795be9e464f43fdb22555f4e813b085a4a,https://data.chain.link/streams/zec-usd-twap-30s-streams,,
bnb-updown-5m-1786519500,BNB,"BNB Up or Down - August 12, 3:25AM-3:30AM ET",2026-08-12T07:30:00Z,2026-08-12T07:25:00Z,611.1612371666661,Up,"[""1"", ""0""]",0.99,,,0.49,0.01,resolved,0x2bd7291a655ffadb74d3e8df6a947270362006fe32cddebc1ed27fedfdc4271c,https://data.chain.link/streams/bnb-usd-twap-30s-streams,,
btc-updown-5m-1786519500,BTC,"Bitcoin Up or Down - August 12, 3:25AM-3:30AM ET",2026-08-12T07:30:00Z,2026-08-12T07:25:00Z,63665.570921281666,Up,"[""1"", ""0""]",0.999,50093.093405,2.960783,0.49,0.01,resolved,0x2f133d78ecfdc87c8b7733888cb001d74429ef155ce21a84d1b013052230c301,https://data.chain.link/streams/btc-usd-twap-30s-streams,,
doge-updown-5m-1786519500,DOGE,"Dogecoin Up or Down - August 12, 3:25AM-3:30AM ET",2026-08-12T07:30:00Z,2026-08-12T07:25:00Z,0.07160193110853132,Down,"[""0"", ""1""]",0.01,,,-0.495,0.01,resolved,0xe39fca42c6b1703143b7e25cd5798f694e9f5f5dd010c9a5cbb4ba65e5dc6a39,https://data.chain.link/streams/doge-usd-twap-30s-streams,,
eth-updown-5m-1786519500,ETH,"Ethereum Up or Down - August 12, 3:25AM-3:30AM ET",2026-08-12T07:30:00Z,2026-08-12T07:25:00Z,1888.3350030291667,Down,"[""0"", ""1""]",0.02,,,-0.5,0.01,resolved,0x38e41a506344c0a565ef86a8fd595494b10c06335f276cfda38cfc2e8ac287db,https://data.chain.link/streams/eth-usd-twap-30s-streams,,
hype-updown-5m-1786519500,HYPE,"Hyperliquid Up or Down - August 12, 3:25AM-3:30AM ET",2026-08-12T07:30:00Z,2026-08-12T07:25:00Z,55.15938329227791,Down,"[""0"", ""1""]",0.61,,,-0.495,0.01,resolved,0x3d73a58637b79bf1bf0cc2afcde463beb7006489647553d17101623d66cef5b9,https://data.chain.link/streams/hype-usd-twap-30s-streams,,
sol-updown-5m-1786519500,SOL,"Solana Up or Down - August 12, 3:25AM-3:30AM ET",2026-08-12T07:30:00Z,2026-08-12T07:25:00Z,75.99758377123452,Down,"[""0"", ""1""]",0.29,,,-0.5,0.01,resolved,0xe042fd06a0f18fc013d2925d276169a41af6e8ed6f28f2d3f026059b9760356a,https://data.chain.link/streams/sol-usd-twap-30s-streams,,
xrp-updown-5m-1786519500,XRP,"XRP Up or Down - August 12, 3:25AM-3:30AM ET",2026-08-12T07:30:00Z,2026-08-12T07:25:00Z,1.0204866206755105,Up,"[""1"", ""0""]",0.97,,,0.455,0.02,resolved,0x108e6d54c1768cae965eab9a635a92932d042acb7264412faaac24702226e670,https://data.chain.link/streams/xrp-usd-twap-30s-streams,,
zec-updown-5m-1786519500,ZEC,"ZCash Up or Down - August 12, 3:25AM-3:30AM ET",2026-08-12T07:30:00Z,2026-08-12T07:25:00Z,478.74903415783575,Down,"[""0"", ""1""]",,,,,0.98,resolved,0x53b7ac39cc5d59fdcc2d86dedfb76a37359567501aa32d9212efcfa75c6f7611,https://data.chain.link/streams/zec-usd-twap-30s-streams,,
bnb-updown-5m-1786519800,BNB,"BNB Up or Down - August 12, 3:30AM-3:35AM ET",2026-08-12T07:35:00Z,2026-08-12T07:30:00Z,611.3402816105557,Up,"[""1"", ""0""]",0.96,206.52416399999998,,0.49,0.01,resolved,0xeef45bf29a05c99124133d5e8a9dc4660f4a15249df0846aa244b3870d161934,https://data.chain.link/streams/bnb-usd-twap-30s-streams,,
btc-updown-5m-1786519800,BTC,"Bitcoin Up or Down - August 12, 3:30AM-3:35AM ET",2026-08-12T07:35:00Z,2026-08-12T07:30:00Z,63671.10397867558,Up,"[""1"", ""0""]",0.999,29260.196787000034,2.960783,0.4945,0.001,resolved,0x61c275f43c605278aeb171a006610ea1e4890e1da4611b89d68d6c3e51efc947,https://data.chain.link/streams/btc-usd-twap-30s-streams,,
doge-updown-5m-1786519800,DOGE,"Dogecoin Up or Down - August 12, 3:30AM-3:35AM ET",2026-08-12T07:35:00Z,2026-08-12T07:30:00Z,0.07153431482488816,Up,"[""1"", ""0""]",0.99,288.51826099999994,,0.4995,0.001,resolved,0xae6f734c1bba5a4b9cea30ba953ebd39d57092bf98dfe9204c7844e0ff30fccf,https://data.chain.link/streams/doge-usd-twap-30s-streams,,
eth-updown-5m-1786519800,ETH,"Ethereum Up or Down - August 12, 3:30AM-3:35AM ET",2026-08-12T07:35:00Z,2026-08-12T07:30:00Z,1887.7551086713643,Up,"[""1"", ""0""]",0.99,2303.7810289999998,,0.4945,0.001,resolved,0xd28ddc09263359ae31755e33433e1572b217e4b0c0c25aef7a7dbb0c6b62c7d6,https://data.chain.link/streams/eth-usd-twap-30s-streams,,
hype-updown-5m-1786519800,HYPE,"Hyperliquid Up or Down - August 12, 3:30AM-3:35AM ET",2026-08-12T07:35:00Z,2026-08-12T07:30:00Z,55.08144041951254,Up,"[""1"", ""0""]",0.99,,,0.495,0.01,resolved,0x9ee63818e5285e02aeb08bff5f0fa4d275ac067a43cf43798a34c1808f4f37f1,https://data.chain.link/streams/hype-usd-twap-30s-streams,,
sol-updown-5m-1786519800,SOL,"Solana Up or Down - August 12, 3:30AM-3:35AM ET",2026-08-12T07:35:00Z,2026-08-12T07:30:00Z,75.96959690449843,Up,"[""1"", ""0""]",0.98,892.44024,,0.4945,0.001,resolved,0xaa1165efad92384ddabec1334c97a2a41d42b819bec294716a44ac730cb67855,https://data.chain.link/streams/sol-usd-twap-30s-streams,,
xrp-updown-5m-1786519800,XRP,"XRP Up or Down - August 12, 3:30AM-3:35AM ET",2026-08-12T07:35:00Z,2026-08-12T07:30:00Z,1.0205420212274778,Down,"[""0"", ""1""]",0.07,754.8888109999999,,-0.5,0.01,resolved,0xb9ecc88a5de15a326296e365d598f7b7c6de51ce7ca2385b5eb8ed7d1fc3191a,https://data.chain.link/streams/xrp-usd-twap-30s-streams,,
zec-updown-5m-1786519800,ZEC,"ZCash Up or Down - August 12, 3:30AM-3:35AM ET",2026-08-12T07:35:00Z,2026-08-12T07:30:00Z,478.1622016238754,Up,"[""1"", ""0""]",0.99,,,0.495,0.01,resolved,0x7d2faff302826e79fda7acbf81bfb0af76da3395bb5d22c6172a1d958f708049,https://data.chain.link/streams/zec-usd-twap-30s-streams,,
bnb-updown-5m-1786520100,BNB,"BNB Up or Down - August 12, 3:35AM-3:40AM ET",2026-08-12T07:40:00Z,2026-08-12T07:35:00Z,611.5910251492388,Down,"[""0"", ""1""]",0.18,535.751391,,-0.5045,0.001,resolved,0xa6911f8cf299c560afc4ac00496e3a81eb521c0493bf51b5ed26f7e34c6f09cd,https://data.chain.link/streams/bnb-usd-twap-30s-streams,,
btc-updown-5m-1786520100,BTC,"Bitcoin Up or Down - August 12, 3:35AM-3:40AM ET",2026-08-12T07:40:00Z,2026-08-12T07:35:00Z,63697.72863243952,Down,"[""0"", ""1""]",0.001,20722.791659000006,2.960783,-0.5045,0.001,resolved,0x107c643b2223019eb361234797b337f2dc5304b7303bc6e22572b8aaf917987f,https://data.chain.link/streams/btc-usd-twap-30s-streams,,
doge-updown-5m-1786520100,DOGE,"Dogecoin Up or Down - August 12, 3:35AM-3:40AM ET",2026-08-12T07:40:00Z,2026-08-12T07:35:00Z,0.07159296123290278,Down,"[""0"", ""1""]",0.03,174.468986,,-0.4995,0.001,resolved,0xd8b32776b7511d355027bb3f517b8f0f93a7db7a71ed42f8fddac24a80c42cac,https://data.chain.link/streams/doge-usd-twap-30s-streams,,
eth-updown-5m-1786520100,ETH,"Ethereum Up or Down - August 12, 3:35AM-3:40AM ET",2026-08-12T07:40:00Z,2026-08-12T07:35:00Z,1889.2417002346267,Down,"[""0"", ""1""]",0.004,1564.1591679999997,,-0.5045,0.001,resolved,0x0663ad709fccaa391b464cc647c24cea8256d3b32bced9eb67d4b4173bb0d10b,https://data.chain.link/streams/eth-usd-twap-30s-streams,,
hype-updown-5m-1786520100,HYPE,"Hyperliquid Up or Down - August 12, 3:35AM-3:40AM ET",2026-08-12T07:40:00Z,2026-08-12T07:35:00Z,55.09747420845847,Down,"[""0"", ""1""]",0.36,106.67694200000001,,-0.495,0.01,resolved,0xbee911250ea2b9722b707a904849eaf8853ee011fc8d61a9d8f73920a3243973,https://data.chain.link/streams/hype-usd-twap-30s-streams,,
sol-updown-5m-1786520100,SOL,"Solana Up or Down - August 12, 3:35AM-3:40AM ET",2026-08-12T07:40:00Z,2026-08-12T07:35:00Z,76.00791832503089,Down,"[""0"", ""1""]",0.04,951.90737,,-0.5045,0.001,resolved,0xcc71627191411e7949a3e8a405114b82347021cef7226e3df921be01025758d7,https://data.chain.link/streams/sol-usd-twap-30s-streams,,
xrp-updown-5m-1786520100,XRP,"XRP Up or Down - August 12, 3:35AM-3:40AM ET",2026-08-12T07:40:00Z,2026-08-12T07:35:00Z,1.0202537121657151,Down,"[""0"", ""1""]",0.008,1654.31973,,-0.5045,0.001,resolved,0x3e45dcfd29cc506b16aa17836ddb850b6514abbcaf16454c9f4b4e1a8c88b4ce,https://data.chain.link/streams/xrp-usd-twap-30s-streams,,
zec-updown-5m-1786520100,ZEC,"ZCash Up or Down - August 12, 3:35AM-3:40AM ET",2026-08-12T07:40:00Z,2026-08-12T07:35:00Z,479.0357456816453,Down,"[""0"", ""1""]",,,,-0.495,0.01,resolved,0xcaaa94754f16642917bc8bc433d0a8f965b43cf09b3b9c74f77b7b690823d5c7,https://data.chain.link/streams/zec-usd-twap-30s-streams,,
bnb-updown-5m-1786520400,BNB,"BNB Up or Down - August 12, 3:40AM-3:45AM ET",2026-08-12T07:45:00Z,2026-08-12T07:40:00Z,610.8729692490205,Up,"[""1"", ""0""]",0.99,311.299837,,0.49,0.01,resolved,0x18c31337fc4eceb72a345c658084341da2a8b3ff4ad2f6510b6151489af26d46,https://data.chain.link/streams/bnb-usd-twap-30s-streams,,
btc-updown-5m-1786520400,BTC,"Bitcoin Up or Down - August 12, 3:40AM-3:45AM ET",2026-08-12T07:45:00Z,2026-08-12T07:40:00Z,63641.18716337308,Down,"[""0"", ""1""]",0.01,46539.487242,2.960783,-0.5,0.01,resolved,0x35df640908081c8018d3b1d9403e62d8f43742972ed6aae4de7f954d03932257,https://data.chain.link/streams/btc-usd-twap-30s-streams,,
doge-updown-5m-1786520400,DOGE,"Dogecoin Up or Down - August 12, 3:40AM-3:45AM ET",2026-08-12T07:45:00Z,2026-08-12T07:40:00Z,0.07154077943331427,Down,"[""0"", ""1""]",0.09,308.675149,,-0.495,0.01,resolved,0x9040318662db6efef10a8e2cff3720857ba7eec00926befb216ecf4b453c53b3,https://data.chain.link/streams/doge-usd-twap-30s-streams,,
eth-updown-5m-1786520400,ETH,"Ethereum Up or Down - August 12, 3:40AM-3:45AM ET",2026-08-12T07:45:00Z,2026-08-12T07:40:00Z,1887.1512418446189,Down,"[""0"", ""1""]",0.01,2270.832792,,-0.5,0.01,resolved,0x80985cfd0fbf836ca1ad985b475c25fb17fc4335acc8ab938d57e9c24d635ad9,https://data.chain.link/streams/eth-usd-twap-30s-streams,,
hype-updown-5m-1786520400,HYPE,"Hyperliquid Up or Down - August 12, 3:40AM-3:45AM ET",2026-08-12T07:45:00Z,2026-08-12T07:40:00Z,55.08540881766599,Down,"[""0"", ""1""]",0.66,75.789399,,-0.495,0.01,resolved,0x573726139f4c23db9c88e40252bd3f909e761ac5a709b6ca61ec69a0f96381ac,https://data.chain.link/streams/hype-usd-twap-30s-streams,,
sol-updown-5m-1786520400,SOL,"Solana Up or Down - August 12, 3:40AM-3:45AM ET",2026-08-12T07:45:00Z,2026-08-12T07:40:00Z,75.93831231582476,Down,"[""0"", ""1""]",0.29,2150.347241999999,,-0.5,0.01,resolved,0xab300ea85ca949ae6dd33a26b531c98e909db3a5f7270d7c75fa2a323d830f7a,https://data.chain.link/streams/sol-usd-twap-30s-streams,,
xrp-updown-5m-1786520400,XRP,"XRP Up or Down - August 12, 3:40AM-3:45AM ET",2026-08-12T07:45:00Z,2026-08-12T07:40:00Z,1.0187645008351598,Down,"[""0"", ""1""]",0.11,461.6087249999999,,-0.5,0.01,resolved,0x182459c8d396335f2c7fce14eac927636eab189476e9303b769e2a195995e230,https://data.chain.link/streams/xrp-usd-twap-30s-streams,,
zec-updown-5m-1786520400,ZEC,"ZCash Up or Down - August 12, 3:40AM-3:45AM ET",2026-08-12T07:45:00Z,2026-08-12T07:40:00Z,478.56514226095896,Down,"[""0"", ""1""]",,,,-0.49,0.01,resolved,0x333bed949bea2f035531b6746c2a75d15f0f4e3ed59fbea4d2c85230b5ccfa92,https://data.chain.link/streams/zec-usd-twap-30s-streams,,
bnb-updown-5m-1786520700,BNB,"BNB Up or Down - August 12, 3:45AM-3:50AM ET",2026-08-12T07:50:00Z,2026-08-12T07:45:00Z,610.8943058166809,Up,"[""1"", ""0""]",0.99,246.47378000000003,,0.4945,0.001,resolved,0x51fce2551ff6ea17a73369939cf5bdd48f5249e27bf00617e8a091446001524f,https://data.chain.link/streams/bnb-usd-twap-30s-streams,,
btc-updown-5m-1786520700,BTC,"Bitcoin Up or Down - August 12, 3:45AM-3:50AM ET",2026-08-12T07:50:00Z,2026-08-12T07:45:00Z,63634.902135025004,Down,"[""0"", ""1""]",0.01,64839.80304499994,12.960783,-0.5045,0.001,resolved,0xc18cb71702c6175947068780aa5ec911e5cb7e9de603a934ad0d8bb30d827b5b,https://data.chain.link/streams/btc-usd-twap-30s-streams,,
doge-updown-5m-1786520700,DOGE,"Dogecoin Up or Down - August 12, 3:45AM-3:50AM ET",2026-08-12T07:50:00Z,2026-08-12T07:45:00Z,0.07150052549999372,Up,"[""1"", ""0""]",0.99,290.868626,,0.495,0.01,resolved,0x9b7b1193c5dc91a6156a1d4c4cdc5f18b2febfbf7e682ba1e3f021e4ddf9f544,https://data.chain.link/streams/doge-usd-twap-30s-streams,,
eth-updown-5m-1786520700,ETH,"Ethereum Up or Down - August 12, 3:45AM-3:50AM ET",2026-08-12T07:50:00Z,2026-08-12T07:45:00Z,1886.9527700824851,Down,"[""0"", ""1""]",0.01,3362.866564000001,,-0.5,0.01,resolved,0xc7945e680aa846f75be1f20c847ba92fc0600df42d75fbf0ffb298992dcc0d21,https://data.chain.link/streams/eth-usd-twap-30s-streams,,
hype-updown-5m-1786520700,HYPE,"Hyperliquid Up or Down - August 12, 3:45AM-3:50AM ET",2026-08-12T07:50:00Z,2026-08-12T07:45:00Z,55.0102130974639,Up,"[""1"", ""0""]",0.99,,,0.495,0.01,resolved,0x9333f27859a1c954f83d3ccf79564aab1007c6b1f38b57c780e39475c4085f17,https://data.chain.link/streams/hype-usd-twap-30s-streams,,
sol-updown-5m-1786520700,SOL,"Solana Up or Down - August 12, 3:45AM-3:50AM ET",2026-08-12T07:50:00Z,2026-08-12T07:45:00Z,75.93415434384819,Up,"[""1"", ""0""]",0.99,1558.1809259999998,,0.49,0.01,resolved,0xbeeb0d85d84d36e034e41c11b253c301dfa89dcb037d0b6c77f525d79a3001f3,https://data.chain.link/streams/sol-usd-twap-30s-streams,,
xrp-updown-5m-1786520700,XRP,"XRP Up or Down - August 12, 3:45AM-3:50AM ET",2026-08-12T07:50:00Z,2026-08-12T07:45:00Z,1.0185666926453951,Down,"[""0"", ""1""]",0.03,372.474212,,-0.5,0.01,resolved,0x56eceb7227bdc1be894f0c70b836b2101e983ae5605e585f4d1f851ad50fbb90,https://data.chain.link/streams/xrp-usd-twap-30s-streams,,
zec-updown-5m-1786520700,ZEC,"ZCash Up or Down - August 12, 3:45AM-3:50AM ET",2026-08-12T07:50:00Z,2026-08-12T07:45:00Z,478.36034937277736,Up,"[""1"", ""0""]",,,,,1,resolved,0xd92ef2534d033085d491dca06c0428f46addecce4ae279ad8d37a87d2b0c510d,https://data.chain.link/streams/zec-usd-twap-30s-streams,,
bnb-updown-5m-1786521000,BNB,"BNB Up or Down - August 12, 3:50AM-3:55AM ET",2026-08-12T07:55:00Z,2026-08-12T07:50:00Z,610.9777900513822,Up,"[""1"", ""0""]",0.99,276.513281,,0.49,0.01,resolved,0x0b630d9a0944e0ef0bf7c2347eaf9c8095bbec773354809014755702e1956109,https://data.chain.link/streams/bnb-usd-twap-30s-streams,,
btc-updown-5m-1786521000,BTC,"Bitcoin Up or Down - August 12, 3:50AM-3:55AM ET",2026-08-12T07:55:00Z,2026-08-12T07:50:00Z,63628.661400231445,Up,"[""1"", ""0""]",0.999,29388.35673099998,2.960783,0.4945,0.001,resolved,0x2b287024e9469182152d22b80795d90342464c10277362e5e7f20827dbb3d29e,https://data.chain.link/streams/btc-usd-twap-30s-streams,,
doge-updown-5m-1786521000,DOGE,"Dogecoin Up or Down - August 12, 3:50AM-3:55AM ET",2026-08-12T07:55:00Z,2026-08-12T07:50:00Z,0.0715102988333329,Up,"[""1"", ""0""]",0.99,150.091569,,0.4995,0.001,resolved,0x9fecdaea4af4694f472db4014ee1aeac2a908b78b47633d37ea5ed5d377aad9a,https://data.chain.link/streams/doge-usd-twap-30s-streams,,
eth-updown-5m-1786521000,ETH,"Ethereum Up or Down - August 12, 3:50AM-3:55AM ET",2026-08-12T07:55:00Z,2026-08-12T07:50:00Z,1885.7422240301803,Up,"[""1"", ""0""]",0.99,4698.611913000001,,0.4945,0.001,resolved,0xcb8e9afbf5420d5e5028775dc79d1608a628e4c7574d2c9c8ee435e287882709,https://data.chain.link/streams/eth-usd-twap-30s-streams,,
hype-updown-5m-1786521000,HYPE,"Hyperliquid Up or Down - August 12, 3:50AM-3:55AM ET",2026-08-12T07:55:00Z,2026-08-12T07:50:00Z,55.0579993516003,Up,"[""1"", ""0""]",0.99,,,0.495,0.01,resolved,0xb16d9fa27b78efd4db408d535227a8f68fb45243553ec76ec60719b7ecc03c53,https://data.chain.link/streams/hype-usd-twap-30s-streams,,
sol-updown-5m-1786521000,SOL,"Solana Up or Down - August 12, 3:50AM-3:55AM ET",2026-08-12T07:55:00Z,2026-08-12T07:50:00Z,75.9476495319889,Up,"[""1"", ""0""]",0.99,1158.2236149999999,,0.4945,0.001,resolved,0xeb38c3302dc79555c3ce5f543bd0b9ef5ba17c880bd0cc329919f36835e0b9b6,https://data.chain.link/streams/sol-usd-twap-30s-streams,,
xrp-updown-5m-1786521000,XRP,"XRP Up or Down - August 12, 3:50AM-3:55AM ET",2026-08-12T07:55:00Z,2026-08-12T07:50:00Z,1.0178790039807017,Up,"[""1"", ""0""]",0.999,412.72543900000005,,0.4945,0.001,resolved,0x8f1c43ce9417576fa4c6768d441b6cf9aac19bb06d05897a643304c8e2dcb3eb,https://data.chain.link/streams/xrp-usd-twap-30s-streams,,
zec-updown-5m-1786521000,ZEC,"ZCash Up or Down - August 12, 3:50AM-3:55AM ET",2026-08-12T07:55:00Z,2026-08-12T07:50:00Z,478.922505357708,Up,"[""1"", ""0""]",,,,0.495,0.01,resolved,0xbb8853c04f7ae8b26685c541438753f5d3f399763448c87f5f94b554b565db92,https://data.chain.link/streams/zec-usd-twap-30s-streams,,
bnb-updown-5m-1786521300,BNB,"BNB Up or Down - August 12, 3:55AM-4:00AM ET",2026-08-12T08:00:00Z,2026-08-12T07:55:00Z,611.0536418632911,Up,"[""1"", ""0""]",0.999,145.980925,1.960783,0.4945,0.001,resolved,0x546d0f65c63faee2c4e7de5088d8d6305439f56e0b351221882e3faec4ba448e,https://data.chain.link/streams/bnb-usd-twap-30s-streams,,
btc-updown-5m-1786521300,BTC,"Bitcoin Up or Down - August 12, 3:55AM-4:00AM ET",2026-08-12T08:00:00Z,2026-08-12T07:55:00Z,63690.05391616906,Up,"[""1"", ""0""]",0.999,45893.07348400002,211.921565,0.4945,0.001,resolved,0x63edcc714cfd78e63808097e00841b36ed998d29004eade05aa1a239042f2382,https://data.chain.link/streams/btc-usd-twap-30s-streams,,
doge-updown-5m-1786521300,DOGE,"Dogecoin Up or Down - August 12, 3:55AM-4:00AM ET",2026-08-12T08:00:00Z,2026-08-12T07:55:00Z,0.07159609429642748,Up,"[""1"", ""0""]",0.99,431.19467499999996,2,0.4995,0.001,resolved,0x596081210c24821a9c4f49c21511055094b484008cef499484f7d30e82d5420f,https://data.chain.link/streams/doge-usd-twap-30s-streams,,
eth-updown-5m-1786521300,ETH,"Ethereum Up or Down - August 12, 3:55AM-4:00AM ET",2026-08-12T08:00:00Z,2026-08-12T07:55:00Z,1888.2052241077856,Up,"[""1"", ""0""]",0.999,2505.2899680000005,,0.4945,0.001,resolved,0x2ce25d21921c1a4da38acafa8ca1f669aefbc4a00380fe603bae0c3134531d89,https://data.chain.link/streams/eth-usd-twap-30s-streams,,
hype-updown-5m-1786521300,HYPE,"Hyperliquid Up or Down - August 12, 3:55AM-4:00AM ET",2026-08-12T08:00:00Z,2026-08-12T07:55:00Z,55.07097343148507,Up,"[""1"", ""0""]",0.98,64.966183,,0.4995,0.001,resolved,0x4c974b2ed0917403789f888938c2eaea1b831245c92ba1ba58b5b7b27a8d2c6d,https://data.chain.link/streams/hype-usd-twap-30s-streams,,
sol-updown-5m-1786521300,SOL,"Solana Up or Down - August 12, 3:55AM-4:00AM ET",2026-08-12T08:00:00Z,2026-08-12T07:55:00Z,76.05671769590043,Up,"[""1"", ""0""]",0.99,936.9628119999999,,0.4945,0.001,resolved,0x07e55474db2935fff164e34dcc67e3dd5c466f9fd242721e29728a40b77c837e,https://data.chain.link/streams/sol-usd-twap-30s-streams,,
xrp-updown-5m-1786521300,XRP,"XRP Up or Down - August 12, 3:55AM-4:00AM ET",2026-08-12T08:00:00Z,2026-08-12T07:55:00Z,1.0189457490926923,Up,"[""1"", ""0""]",0.99,694.8633189999999,,0.4945,0.001,resolved,0x4a0d3edaa3be8981d32992f6da41afa9a359eb304a63f0bd25fdcc0654de857c,https://data.chain.link/streams/xrp-usd-twap-30s-streams,,
zec-updown-5m-1786521300,ZEC,"ZCash Up or Down - August 12, 3:55AM-4:00AM ET",2026-08-12T08:00:00Z,2026-08-12T07:55:00Z,479.09950316844515,Down,"[""0"", ""1""]",,,,-0.495,0.01,resolved,0x9b81cd39d542754cf16b777f0d627419617803eba0ef7256cf50d2667482829c,https://data.chain.link/streams/zec-usd-twap-30s-streams,,
bnb-updown-5m-1786521600,BNB,"BNB Up or Down - August 12, 4:00AM-4:05AM ET",2026-08-12T08:05:00Z,2026-08-12T08:00:00Z,611.6205890215911,Up,"[""1"", ""0""]",0.99,92,,0.4995,0.001,resolved,0x0a689ac8f1f7ddc1978dfdd036e4c197375038add2c75a8574ec0296fc8f03e5,https://data.chain.link/streams/bnb-usd-twap-30s-streams,,
btc-updown-5m-1786521600,BTC,"Bitcoin Up or Down - August 12, 4:00AM-4:05AM ET",2026-08-12T08:05:00Z,2026-08-12T08:00:00Z,63759.15678872821,Up,"[""1"", ""0""]",0.99,72367.094626,62.960783,0.49,0.01,resolved,0x7cb2acb15b2d865e5472ce294c0847530dada322188005082fae43fcddfd6233,https://data.chain.link/streams/btc-usd-twap-30s-streams,,
doge-updown-5m-1786521600,DOGE,"Dogecoin Up or Down - August 12, 4:00AM-4:05AM ET",2026-08-12T08:05:00Z,2026-08-12T08:00:00Z,0.07161955986612249,Up,"[""1"", ""0""]",0.99,243.847887,,0.495,0.01,resolved,0x46fe07d3a98dfbf9b11e560b56dea1e8150862aeb481851a2436183e43d9cdbc,https://data.chain.link/streams/doge-usd-twap-30s-streams,,
eth-updown-5m-1786521600,ETH,"Ethereum Up or Down - August 12, 4:00AM-4:05AM ET",2026-08-12T08:05:00Z,2026-08-12T08:00:00Z,1889.7232928514384,Up,"[""1"", ""0""]",0.99,4209.933698000001,,0.4945,0.001,resolved,0xcc06d407050163b6027ac0401047d3ae94f0211ee27f1d144fa94bcfca6da70f,https://data.chain.link/streams/eth-usd-twap-30s-streams,,
hype-updown-5m-1786521600,HYPE,"Hyperliquid Up or Down - August 12, 4:00AM-4:05AM ET",2026-08-12T08:05:00Z,2026-08-12T08:00:00Z,55.10116556514564,Up,"[""1"", ""0""]",0.98,,,0.495,0.01,resolved,0x199092be524364e43fffc877166c836f861ab2acef6882cc494410e0bff2e935,https://data.chain.link/streams/hype-usd-twap-30s-streams,,
sol-updown-5m-1786521600,SOL,"Solana Up or Down - August 12, 4:00AM-4:05AM ET",2026-08-12T08:05:00Z,2026-08-12T08:00:00Z,76.18943245862958,Up,"[""1"", ""0""]",0.99,1971.8621090000001,,0.4945,0.001,resolved,0xff2ba5a6a8095d5dd122547a1861ac40380ab9b58366ff47ed3a034564ec4a7a,https://data.chain.link/streams/sol-usd-twap-30s-streams,,
xrp-updown-5m-1786521600,XRP,"XRP Up or Down - August 12, 4:00AM-4:05AM ET",2026-08-12T08:05:00Z,2026-08-12T08:00:00Z,1.019609554122516,Up,"[""1"", ""0""]",0.99,966.6848349999998,,0.49,0.01,resolved,0x161fb91f438daf5d50bba4a5552ff8cc4b13bfe6448bc8e37e97b0c03ba0aeec,https://data.chain.link/streams/xrp-usd-twap-30s-streams,,
zec-updown-5m-1786521600,ZEC,"ZCash Up or Down - August 12, 4:00AM-4:05AM ET",2026-08-12T08:05:00Z,2026-08-12T08:00:00Z,479.07218789758394,Down,"[""0"", ""1""]",,,,-0.495,0.01,resolved,0xf9aa204ef643a22a65f71c5455f8ef5899732db1c5fb4b1f2d008d191972c8f2,https://data.chain.link/streams/zec-usd-twap-30s-streams,,
bnb-updown-5m-1786521900,BNB,"BNB Up or Down - August 12, 4:05AM-4:10AM ET",2026-08-12T08:10:00Z,2026-08-12T08:05:00Z,612.1840697541468,Down,"[""0"", ""1""]",0.12,147.22449500000005,,-0.5045,0.001,resolved,0xf4282435e10e526cf1bd1c252dc37ed42988971485694129244674638987e8b1,https://data.chain.link/streams/bnb-usd-twap-30s-streams,,
btc-updown-5m-1786521900,BTC,"Bitcoin Up or Down - August 12, 4:05AM-4:10AM ET",2026-08-12T08:10:00Z,2026-08-12T08:05:00Z,63770.20078504177,Down,"[""0"", ""1""]",0.01,77616.37987399993,798.686184,-0.5,0.01,resolved,0xb56669de14460d997551885b37637311c4f34da356c3a6d0f19e91ad396aea45,https://data.chain.link/streams/btc-usd-twap-30s-streams,,
doge-updown-5m-1786521900,DOGE,"Dogecoin Up or Down - August 12, 4:05AM-4:10AM ET",2026-08-12T08:10:00Z,2026-08-12T08:05:00Z,0.07164691763246364,Down,"[""0"", ""1""]",0.08,275.59474,,-0.4995,0.001,resolved,0x14866b36f7879a6345392420da1edac59b7bca924f09e5c63618c38b9cf262f5,https://data.chain.link/streams/doge-usd-twap-30s-streams,,
eth-updown-5m-1786521900,ETH,"Ethereum Up or Down - August 12, 4:05AM-4:10AM ET",2026-08-12T08:10:00Z,2026-08-12T08:05:00Z,1890.7933878860547,Up,"[""1"", ""0""]",0.99,5371.102453000001,,0.4945,0.001,resolved,0x507559f27906f7502bc5443299414a06dba81e55731ee82504b628d160eb718f,https://data.chain.link/streams/eth-usd-twap-30s-streams,,
hype-updown-5m-1786521900,HYPE,"Hyperliquid Up or Down - August 12, 4:05AM-4:10AM ET",2026-08-12T08:10:00Z,2026-08-12T08:05:00Z,55.122161949979294,Down,"[""0"", ""1""]",0.81,,,-0.4995,0.001,resolved,0x54c50537dd54c8bbd444b3368b26096fc9c9b9b374b28dd102ff3291f2418f32,https://data.chain.link/streams/hype-usd-twap-30s-streams,,
sol-updown-5m-1786521900,SOL,"Solana Up or Down - August 12, 4:05AM-4:10AM ET",2026-08-12T08:10:00Z,2026-08-12T08:05:00Z,76.27534699092615,Up,"[""1"", ""0""]",0.99,1934.1228119999996,,0.4945,0.001,resolved,0x384b6a7a454e91b7315145409e6965a06eefbb79c51ab17ae37bf9277f200664,https://data.chain.link/streams/sol-usd-twap-30s-streams,,
xrp-updown-5m-1786521900,XRP,"XRP Up or Down - August 12, 4:05AM-4:10AM ET",2026-08-12T08:10:00Z,2026-08-12T08:05:00Z,1.0198839517164424,Down,"[""0"", ""1""]",0.05,1031.8305040000002,,-0.5045,0.001,resolved,0x3ac46e93dfcdcf5220f63ee6e0395123ccde1028cd5be0cfa5c1f6d6b17c8149,https://data.chain.link/streams/xrp-usd-twap-30s-streams,,
zec-updown-5m-1786521900,ZEC,"ZCash Up or Down - August 12, 4:05AM-4:10AM ET",2026-08-12T08:10:00Z,2026-08-12T08:05:00Z,479.06588692242747,Down,"[""0"", ""1""]",,,,-0.495,0.01,resolved,0x4d1636706e6653eb3e70409c30ce139fc11953f38a9333214ea459105f3095b7,https://data.chain.link/streams/zec-usd-twap-30s-streams,,
bnb-updown-5m-1786522200,BNB,"BNB Up or Down - August 12, 4:10AM-4:15AM ET",2026-08-12T08:15:00Z,2026-08-12T08:10:00Z,611.2652178016637,Down,"[""0"", ""1""]",0.02,270.992903,,-0.5,0.01,resolved,0xc020be5be0298757c01da043f26d84e298369b4bf21920d7fecda34ec2049d6b,https://data.chain.link/streams/bnb-usd-twap-30s-streams,,
btc-updown-5m-1786522200,BTC,"Bitcoin Up or Down - August 12, 4:10AM-4:15AM ET",2026-08-12T08:15:00Z,2026-08-12T08:10:00Z,63768.33313453403,Down,"[""0"", ""1""]",0.01,38470.25941600001,7.960783,-0.5045,0.001,resolved,0x6fe27fda25e43f24b3b633b056b99d7bedc2efcadc85f782e34e98e2a8d62634,https://data.chain.link/streams/btc-usd-twap-30s-streams,,
doge-updown-5m-1786522200,DOGE,"Dogecoin Up or Down - August 12, 4:10AM-4:15AM ET",2026-08-12T08:15:00Z,2026-08-12T08:10:00Z,0.07157781318582757,Down,"[""0"", ""1""]",0.06,389.078758,,-0.495,0.01,resolved,0x290252a245afa3032db5642a195b7f8fab88c9c885073c08a75acaf7ae01d01f,https://data.chain.link/streams/doge-usd-twap-30s-streams,,
eth-updown-5m-1786522200,ETH,"Ethereum Up or Down - August 12, 4:10AM-4:15AM ET",2026-08-12T08:15:00Z,2026-08-12T08:10:00Z,1892.6378137304175,Down,"[""0"", ""1""]",0.05,3914.2636249999996,,-0.5045,0.001,resolved,0x03fb2ed13f7990e7223ef58207990272a4ba1e51c832c13dedd4111af26a359f,https://data.chain.link/streams/eth-usd-twap-30s-streams,,
hype-updown-5m-1786522200,HYPE,"Hyperliquid Up or Down - August 12, 4:10AM-4:15AM ET",2026-08-12T08:15:00Z,2026-08-12T08:10:00Z,55.04617447997816,Down,"[""0"", ""1""]",0.81,25.966566,,-0.495,0.01,resolved,0x81215ecc4f0d3966942ce2c3b81d89bf03b92a40f988fdcb38240dc1c726b96c,https://data.chain.link/streams/hype-usd-twap-30s-streams,,
sol-updown-5m-1786522200,SOL,"Solana Up or Down - August 12, 4:10AM-4:15AM ET",2026-08-12T08:15:00Z,2026-08-12T08:10:00Z,76.29103663297799,Down,"[""0"", ""1""]",0.05,799.3272900000003,,-0.5045,0.001,resolved,0x0efbc3aae2db9d3afc879cbb2bfdedbc2105a951aba18faa44b710d0ef9cf170,https://data.chain.link/streams/sol-usd-twap-30s-streams,,
xrp-updown-5m-1786522200,XRP,"XRP Up or Down - August 12, 4:10AM-4:15AM ET",2026-08-12T08:15:00Z,2026-08-12T08:10:00Z,1.018913120938372,Down,"[""0"", ""1""]",0.08,607.059293,,-0.5045,0.001,resolved,0x090f7d5b2fc7514132125669f57d0027f755a59d011d04eded7c4a600caa0e74,https://data.chain.link/streams/xrp-usd-twap-30s-streams,,
zec-updown-5m-1786522200,ZEC,"ZCash Up or Down - August 12, 4:10AM-4:15AM ET",2026-08-12T08:15:00Z,2026-08-12T08:10:00Z,478.880356723613,Down,"[""0"", ""1""]",,,,-0.495,0.01,resolved,0x3951cd9567605700e6e193de918568f68ab2eaefeea47d7a2fc05073096450e8,https://data.chain.link/streams/zec-usd-twap-30s-streams,,
bnb-updown-5m-1786522500,BNB,"BNB Up or Down - August 12, 4:15AM-4:20AM ET",2026-08-12T08:20:00Z,2026-08-12T08:15:00Z,611.1418462092016,Up,"[""1"", ""0""]",0.99,,,0.4945,0.001,resolved,0x866879242000d6e1c20b96c4323d6f53a3ed58f05e3bddb7b3bda13129b186fb,https://data.chain.link/streams/bnb-usd-twap-30s-streams,,
btc-updown-5m-1786522500,BTC,"Bitcoin Up or Down - August 12, 4:15AM-4:20AM ET",2026-08-12T08:20:00Z,2026-08-12T08:15:00Z,63718.226077118554,Up,"[""1"", ""0""]",0.999,27698.255825000007,2.960783,0.4945,0.001,resolved,0x208a54c84b86a6e843cba9be785c3b1ad6e6b34494585352e84459bdb8930114,https://data.chain.link/streams/btc-usd-twap-30s-streams,,
doge-updown-5m-1786522500,DOGE,"Dogecoin Up or Down - August 12, 4:15AM-4:20AM ET",2026-08-12T08:20:00Z,2026-08-12T08:15:00Z,0.07154373893586834,Up,"[""1"", ""0""]",0.99,,,0.4995,0.001,resolved,0x74e504040b05535b9c7c2c9ae03f657206aa131c4dc0108ea4d7ae4106f959f4,https://data.chain.link/streams/doge-usd-twap-30s-streams,,
eth-updown-5m-1786522500,ETH,"Ethereum Up or Down - August 12, 4:15AM-4:20AM ET",2026-08-12T08:20:00Z,2026-08-12T08:15:00Z,1890.4085816945471,Up,"[""1"", ""0""]",0.999,3529.039716000001,,0.4945,0.001,resolved,0x60cb322b11fd78f00144fee378d843469421eb3c2bfabd7fb716f0cf1ac39444,https://data.chain.link/streams/eth-usd-twap-30s-streams,,
hype-updown-5m-1786522500,HYPE,"Hyperliquid Up or Down - August 12, 4:15AM-4:20AM ET",2026-08-12T08:20:00Z,2026-08-12T08:15:00Z,55.02061755289154,Down,"[""0"", ""1""]",,,,-0.4995,0.001,resolved,0x94c210264596816091fffd65e43b97a584792130f5e8e71b150c6ae0148bcbb5,https://data.chain.link/streams/hype-usd-twap-30s-streams,,
sol-updown-5m-1786522500,SOL,"Solana Up or Down - August 12, 4:15AM-4:20AM ET",2026-08-12T08:20:00Z,2026-08-12T08:15:00Z,76.21908573805138,Up,"[""1"", ""0""]",0.99,1001.844744,,0.4945,0.001,resolved,0x0748b83012facce955c3562fc9a021a01e6b432ba03ec1711edd5b63ff8ce4c5,https://data.chain.link/streams/sol-usd-twap-30s-streams,,
xrp-updown-5m-1786522500,XRP,"XRP Up or Down - August 12, 4:15AM-4:20AM ET",2026-08-12T08:20:00Z,2026-08-12T08:15:00Z,1.0180850427870949,Up,"[""1"", ""0""]",0.99,642.5390140000001,,0.4945,0.001,resolved,0x79d069f60e63c8f8c4aa2fe6e54fc324fb03eda5821f6dd45e9ba055266f9997,https://data.chain.link/streams/xrp-usd-twap-30s-streams,,
zec-updown-5m-1786522500,ZEC,"ZCash Up or Down - August 12, 4:15AM-4:20AM ET",2026-08-12T08:20:00Z,2026-08-12T08:15:00Z,478.0448248133809,Down,"[""0"", ""1""]",,,,-0.495,0.01,resolved,0xe9e34a714f9bbb1bd921d47540be7ca391ea4fa5f4f9d5a5f7c43fa919f57d82,https://data.chain.link/streams/zec-usd-twap-30s-streams,,
bnb-updown-5m-1786522800,BNB,"BNB Up or Down - August 12, 4:20AM-4:25AM ET",2026-08-12T08:25:00Z,2026-08-12T08:20:00Z,611.508663644013,Up,"[""1"", ""0""]",0.99,,,0.49,0.01,resolved,0x70129a6a5f44855225643eddb509c82efaa277d216b5ba4011c10095c398fc3c,https://data.chain.link/streams/bnb-usd-twap-30s-streams,,
btc-updown-5m-1786522800,BTC,"Bitcoin Up or Down - August 12, 4:20AM-4:25AM ET",2026-08-12T08:25:00Z,2026-08-12T08:20:00Z,63752.53341398898,Up,"[""1"", ""0""]",0.99,51597.04326900001,2.960783,0.49,0.01,resolved,0xbdb16eb9fa760a21037304e26a6fb134a839a7fdd969f47587b5491bc52139b4,https://data.chain.link/streams/btc-usd-twap-30s-streams,,
doge-updown-5m-1786522800,DOGE,"Dogecoin Up or Down - August 12, 4:20AM-4:25AM ET",2026-08-12T08:25:00Z,2026-08-12T08:20:00Z,0.07158886110794237,Up,"[""1"", ""0""]",0.999,406.19893800000006,,0.4995,0.001,resolved,0x3468023ce78b8db3b73480036858fbff75c95c27efa643eab24f29bf5bbe6c86,https://data.chain.link/streams/doge-usd-twap-30s-streams,,
eth-updown-5m-1786522800,ETH,"Ethereum Up or Down - August 12, 4:20AM-4:25AM ET",2026-08-12T08:25:00Z,2026-08-12T08:20:00Z,1892.044502939946,Down,"[""0"", ""1""]",0.01,4312.231939000001,,-0.495,0.01,resolved,0xd6bba2f404c1bd24f3b2a2bb59a8a89f5f50a0b6a654f42524613888a7b6998a,https://data.chain.link/streams/eth-usd-twap-30s-streams,,
hype-updown-5m-1786522800,HYPE,"Hyperliquid Up or Down - August 12, 4:20AM-4:25AM ET",2026-08-12T08:25:00Z,2026-08-12T08:20:00Z,54.99793982818594,Down,"[""0"", ""1""]",0.66,,,-0.495,0.01,resolved,0xdc8adc339d73391a9f2e21b3e04eef43e44275d7af830824cf4e5a1ae9277fb5,https://data.chain.link/streams/hype-usd-twap-30s-streams,,
sol-updown-5m-1786522800,SOL,"Solana Up or Down - August 12, 4:20AM-4:25AM ET",2026-08-12T08:25:00Z,2026-08-12T08:20:00Z,76.31648535049203,Down,"[""0"", ""1""]",0.17,1572.8420990000002,,-0.5,0.01,resolved,0xc8943d79b40ec4ef2410dc351ee45a06cd40ffcea07f68cc69efcb564aec0218,https://data.chain.link/streams/sol-usd-twap-30s-streams,,
xrp-updown-5m-1786522800,XRP,"XRP Up or Down - August 12, 4:20AM-4:25AM ET",2026-08-12T08:25:00Z,2026-08-12T08:20:00Z,1.0186764990038657,Down,"[""0"", ""1""]",0.01,968.312455,,-0.5,0.01,resolved,0xd5700bee9a9ae9ee2a00e07e8d62b3a73ac10e0722773becf9ea4f636b5beffc,https://data.chain.link/streams/xrp-usd-twap-30s-streams,,
zec-updown-5m-1786522800,ZEC,"ZCash Up or Down - August 12, 4:20AM-4:25AM ET",2026-08-12T08:25:00Z,2026-08-12T08:20:00Z,477.914059334926,Down,"[""0"", ""1""]",,,,-0.495,0.01,resolved,0x8ba743e2126fe16f02dd28d0ef8ad03abffb7448d93de7bfb0d68934687ef06e,https://data.chain.link/streams/zec-usd-twap-30s-streams,,
bnb-updown-5m-1786523100,BNB,"BNB Up or Down - August 12, 4:25AM-4:30AM ET",2026-08-12T08:30:00Z,2026-08-12T08:25:00Z,611.7531042006794,Down,"[""0"", ""1""]",0.12,,,-0.5,0.01,resolved,0x1295ce56f5eed12ad9e5f32a09a2f09a7b5f79daa3a8a92be8aac9babb78c263,https://data.chain.link/streams/bnb-usd-twap-30s-streams,,
btc-updown-5m-1786523100,BTC,"Bitcoin Up or Down - August 12, 4:25AM-4:30AM ET",2026-08-12T08:30:00Z,2026-08-12T08:25:00Z,63764.22940174041,Down,"[""0"", ""1""]",0.001,65348.549908000015,2.960783,-0.5,0.01,resolved,0x7b282e5b568847e75926372c3ad1d01eded846e7c70034331e50c4f88b7c89ba,https://data.chain.link/streams/btc-usd-twap-30s-streams,,
doge-updown-5m-1786523100,DOGE,"Dogecoin Up or Down - August 12, 4:25AM-4:30AM ET",2026-08-12T08:30:00Z,2026-08-12T08:25:00Z,0.07165302980467467,Down,"[""0"", ""1""]",0.03,,,-0.495,0.01,resolved,0x977352adb9eb53f3ae7d40fb8bfefa9d505ad78464304694f0f7c2ec333c1d4a,https://data.chain.link/streams/doge-usd-twap-30s-streams,,
eth-updown-5m-1786523100,ETH,"Ethereum Up or Down - August 12, 4:25AM-4:30AM ET",2026-08-12T08:30:00Z,2026-08-12T08:25:00Z,1891.8557518088164,Down,"[""0"", ""1""]",0.01,,,-0.5,0.01,resolved,0x883cefdbb2ab70f1e60048a3647b95122317c90df664700d7ea343ac791282e7,https://data.chain.link/streams/eth-usd-twap-30s-streams,,
hype-updown-5m-1786523100,HYPE,"Hyperliquid Up or Down - August 12, 4:25AM-4:30AM ET",2026-08-12T08:30:00Z,2026-08-12T08:25:00Z,54.97711793636089,Down,"[""0"", ""1""]",0.52,,,-0.495,0.01,resolved,0x60175ba55c7edcd5e8a697a70ec3dd67e44ea98f10e51b798df6f079cfafa2ab,https://data.chain.link/streams/hype-usd-twap-30s-streams,,
sol-updown-5m-1786523100,SOL,"Solana Up or Down - August 12, 4:25AM-4:30AM ET",2026-08-12T08:30:00Z,2026-08-12T08:25:00Z,76.31259980066513,Up,"[""1"", ""0""]",0.99,,,0.49,0.01,resolved,0x707eba671240fdad2358fed3f163940b391cb043773b063ab0bd8aa6126de4fc,https://data.chain.link/streams/sol-usd-twap-30s-streams,,
xrp-updown-5m-1786523100,XRP,"XRP Up or Down - August 12, 4:25AM-4:30AM ET",2026-08-12T08:30:00Z,2026-08-12T08:25:00Z,1.0183655876459219,Down,"[""0"", ""1""]",0.37,,,-0.29,0.31,resolved,0x075aab4444e432bffa318e0194a43893cffc6d06e9e6e450f27a171e01e74c69,https://data.chain.link/streams/xrp-usd-twap-30s-streams,,
zec-updown-5m-1786523100,ZEC,"ZCash Up or Down - August 12, 4:25AM-4:30AM ET",2026-08-12T08:30:00Z,2026-08-12T08:25:00Z,477.8080982997771,Down,"[""0"", ""1""]",,,,,0.98,resolved,0x4654ffc3917662e156bf96c36c7f0830e7fd46384102b987491f586e92125ca8,https://data.chain.link/streams/zec-usd-twap-30s-streams,,
bnb-updown-5m-1786523400,BNB,"BNB Up or Down - August 12, 4:30AM-4:35AM ET",2026-08-12T08:35:00Z,2026-08-12T08:30:00Z,611.2620751319108,Down,"[""0"", ""1""]",0.03,142.190291,,-0.5045,0.001,resolved,0xd58b07f711280e6640c59144351d15bcf342bf28367a23195640df50d40b0b1d,https://data.chain.link/streams/bnb-usd-twap-30s-streams,,
btc-updown-5m-1786523400,BTC,"Bitcoin Up or Down - August 12, 4:30AM-4:35AM ET",2026-08-12T08:35:00Z,2026-08-12T08:30:00Z,63757.04607468198,Down,"[""0"", ""1""]",0.001,50180.597684,2.960783,-0.5045,0.001,resolved,0x232dfc5e4ed949691833e0170a865027666b0f5bf8dc6c31495b2a2d345aab9f,https://data.chain.link/streams/btc-usd-twap-30s-streams,,
doge-updown-5m-1786523400,DOGE,"Dogecoin Up or Down - August 12, 4:30AM-4:35AM ET",2026-08-12T08:35:00Z,2026-08-12T08:30:00Z,0.07162674626437551,Down,"[""0"", ""1""]",0.06,301.26276099999995,,-0.495,0.01,resolved,0xa191e54af8bad88be1ba6ed85201ab8a1c56f5066c60e444f3527f9292630cc4,https://data.chain.link/streams/doge-usd-twap-30s-streams,,
eth-updown-5m-1786523400,ETH,"Ethereum Up or Down - August 12, 4:30AM-4:35AM ET",2026-08-12T08:35:00Z,2026-08-12T08:30:00Z,1890.8862480471853,Down,"[""0"", ""1""]",0.03,4481.519769,,-0.5,0.01,resolved,0x1d73c846ed4b37caea3a232596a456d35285f65b5a5090dcb8b56d521cb18ed9,https://data.chain.link/streams/eth-usd-twap-30s-streams,,
hype-updown-5m-1786523400,HYPE,"Hyperliquid Up or Down - August 12, 4:30AM-4:35AM ET",2026-08-12T08:35:00Z,2026-08-12T08:30:00Z,54.947012233259734,Down,"[""0"", ""1""]",0.45,111.53446,,-0.495,0.01,resolved,0x278271a41426d2d63ec7c9fa547d99a71db9618ffe8978c348384e5bb98814c9,https://data.chain.link/streams/hype-usd-twap-30s-streams,,
sol-updown-5m-1786523400,SOL,"Solana Up or Down - August 12, 4:30AM-4:35AM ET",2026-08-12T08:35:00Z,2026-08-12T08:30:00Z,76.34264052689696,Down,"[""0"", ""1""]",0.04,1767.2363890000006,,-0.5,0.01,resolved,0xe7fe0ad3f150d0eed5e549c8ae43dbe06fccfa576ad12defd8d334eedf5648ac,https://data.chain.link/streams/sol-usd-twap-30s-streams,,
xrp-updown-5m-1786523400,XRP,"XRP Up or Down - August 12, 4:30AM-4:35AM ET",2026-08-12T08:35:00Z,2026-08-12T08:30:00Z,1.0183479611158015,Down,"[""0"", ""1""]",0.06,310.258667,,-0.5,0.01,resolved,0x86cf1975abd23072b233b2c7c67b630d24ee294728b189b18a4f827cdbb6c245,https://data.chain.link/streams/xrp-usd-twap-30s-streams,,
zec-updown-5m-1786523400,ZEC,"ZCash Up or Down - August 12, 4:30AM-4:35AM ET",2026-08-12T08:35:00Z,2026-08-12T08:30:00Z,477.18559576099466,Down,"[""0"", ""1""]",,,,-0.49,0.01,resolved,0xe0bbf0ff43cd508be69a0b449c9723eb843861b02e9c227b9b08da07fed0e505,https://data.chain.link/streams/zec-usd-twap-30s-streams,,
bnb-updown-5m-1786523700,BNB,"BNB Up or Down - August 12, 4:35AM-4:40AM ET",2026-08-12T08:40:00Z,2026-08-12T08:35:00Z,610.3983610889838,Down,"[""0"", ""1""]",0.01,212.85693,,-0.5045,0.001,resolved,0xe59e214f8d6fa34c687cd2815214bf70c95f69fefdcd73ef9cc3f41b63df0870,https://data.chain.link/streams/bnb-usd-twap-30s-streams,,
btc-updown-5m-1786523700,BTC,"Bitcoin Up or Down - August 12, 4:35AM-4:40AM ET",2026-08-12T08:40:00Z,2026-08-12T08:35:00Z,63726.15506085569,Up,"[""1"", ""0""]",0.999,42359.71112899997,2.960783,0.4945,0.001,resolved,0x9ac6a29319819939b8372ba5f6b9ca9757db045d42de0005517156e8526f2f7e,https://data.chain.link/streams/btc-usd-twap-30s-streams,,
doge-updown-5m-1786523700,DOGE,"Dogecoin Up or Down - August 12, 4:35AM-4:40AM ET",2026-08-12T08:40:00Z,2026-08-12T08:35:00Z,0.07160166799550605,Up,"[""1"", ""0""]",0.99,495.99674600000003,,0.4995,0.001,resolved,0x8a0c31d0a932dc33cae24693c2e531d25e0ec508a5fb5d506921590a06cf89c4,https://data.chain.link/streams/doge-usd-twap-30s-streams,,
eth-updown-5m-1786523700,ETH,"Ethereum Up or Down - August 12, 4:35AM-4:40AM ET",2026-08-12T08:40:00Z,2026-08-12T08:35:00Z,1890.233916154788,Down,"[""0"", ""1""]",0.06,4390.403187,,-0.5,0.01,resolved,0x359cf5b768e537c4b686fda9574ccce38988b3f9a05da8fd196df5971fa92512,https://data.chain.link/streams/eth-usd-twap-30s-streams,,
hype-updown-5m-1786523700,HYPE,"Hyperliquid Up or Down - August 12, 4:35AM-4:40AM ET",2026-08-12T08:40:00Z,2026-08-12T08:35:00Z,54.867735233332276,Down,"[""0"", ""1""]",0.56,,,-0.495,0.01,resolved,0xbcc4f98c2da34f56fa21729357513086d507e94e1085bfde3e3fa21082f8bfb4,https://data.chain.link/streams/hype-usd-twap-30s-streams,,
sol-updown-5m-1786523700,SOL,"Solana Up or Down - August 12, 4:35AM-4:40AM ET",2026-08-12T08:40:00Z,2026-08-12T08:35:00Z,76.27332477489944,Up,"[""1"", ""0""]",0.999,1776.6384760000008,,0.4945,0.001,resolved,0x2fa21fa90d017c88a08bbab3b2b5ca14ac5ee28ad188be19f5861fb7ffa79f8e,https://data.chain.link/streams/sol-usd-twap-30s-streams,,
xrp-updown-5m-1786523700,XRP,"XRP Up or Down - August 12, 4:35AM-4:40AM ET",2026-08-12T08:40:00Z,2026-08-12T08:35:00Z,1.0176758739133112,Down,"[""0"", ""1""]",0.04,520.1726530000001,,-0.5045,0.001,resolved,0x468564b523fdd543b901b8fa95ea05910cf620c808d96fac526c1af078a2c8fc,https://data.chain.link/streams/xrp-usd-twap-30s-streams,,
zec-updown-5m-1786523700,ZEC,"ZCash Up or Down - August 12, 4:35AM-4:40AM ET",2026-08-12T08:40:00Z,2026-08-12T08:35:00Z,477.1747687682421,Down,"[""0"", ""1""]",,,,-0.495,0.01,resolved,0xf2c27ad8a86b760365f4aeb1fa01cc6469c8781fa3469a6d0491e798b13628be,https://data.chain.link/streams/zec-usd-twap-30s-streams,,
bnb-updown-5m-1786524000,BNB,"BNB Up or Down - August 12, 4:40AM-4:45AM ET",2026-08-12T08:45:00Z,2026-08-12T08:40:00Z,609.9639149998906,Down,"[""0"", ""1""]",0.18,313.49268900000004,,-0.5,0.01,resolved,0xcc248ffa3c20a4658b1a2e7897bfaba29927501ef69479fad8507eec46aa8b09,https://data.chain.link/streams/bnb-usd-twap-30s-streams,,
btc-updown-5m-1786524000,BTC,"Bitcoin Up or Down - August 12, 4:40AM-4:45AM ET",2026-08-12T08:45:00Z,2026-08-12T08:40:00Z,63737.01405289058,Down,"[""0"", ""1""]",0.01,31053.65088,2.960783,-0.5045,0.001,resolved,0xf893c563d3cc62556f86ba9165477a28aab2d5723066cedd85774298f22df6fd,https://data.chain.link/streams/btc-usd-twap-30s-streams,,
doge-updown-5m-1786524000,DOGE,"Dogecoin Up or Down - August 12, 4:40AM-4:45AM ET",2026-08-12T08:45:00Z,2026-08-12T08:40:00Z,0.07165159834592777,Down,"[""0"", ""1""]",0.02,184.19892599999997,,-0.4995,0.001,resolved,0xbe61cb0604c9f14b029bd99bb17034ccbb92c554de6f87d3b1a029c01a9736a4,https://data.chain.link/streams/doge-usd-twap-30s-streams,,
eth-updown-5m-1786524000,ETH,"Ethereum Up or Down - August 12, 4:40AM-4:45AM ET",2026-08-12T08:45:00Z,2026-08-12T08:40:00Z,1890.2209350205653,Down,"[""0"", ""1""]",0.05,1580.429736,,-0.5045,0.001,resolved,0x5ad33e03e735ba44a53519def31f892d2453dbb4c2735971918485cc0c0c61ec,https://data.chain.link/streams/eth-usd-twap-30s-streams,,
hype-updown-5m-1786524000,HYPE,"Hyperliquid Up or Down - August 12, 4:40AM-4:45AM ET",2026-08-12T08:45:00Z,2026-08-12T08:40:00Z,54.86145686666664,Down,"[""0"", ""1""]",0.61,119.34726099999999,,-0.495,0.01,resolved,0x4aae856790510a2b99fbf7094ba671b7976645e21b636b5067cde8d30f30ec6f,https://data.chain.link/streams/hype-usd-twap-30s-streams,,
sol-updown-5m-1786524000,SOL,"Solana Up or Down - August 12, 4:40AM-4:45AM ET",2026-08-12T08:45:00Z,2026-08-12T08:40:00Z,76.31398653608044,Down,"[""0"", ""1""]",0.01,829.6051229999999,,-0.5045,0.001,resolved,0xfcea026f3668d4d3002b22ab84e24aa258984e6bb18007fcb5ed0d63767e67ad,https://data.chain.link/streams/sol-usd-twap-30s-streams,,
xrp-updown-5m-1786524000,XRP,"XRP Up or Down - August 12, 4:40AM-4:45AM ET",2026-08-12T08:45:00Z,2026-08-12T08:40:00Z,1.0173248852647119,Down,"[""0"", ""1""]",0.16,534.9952390000001,,-0.5,0.01,resolved,0xe639cd119f9d07eb2f63db5638e33b55d947a412676d3f9430c5e431f08e4533,https://data.chain.link/streams/xrp-usd-twap-30s-streams,,
zec-updown-5m-1786524000,ZEC,"ZCash Up or Down - August 12, 4:40AM-4:45AM ET",2026-08-12T08:45:00Z,2026-08-12T08:40:00Z,476.78035211978744,Down,"[""0"", ""1""]",,,,-0.49,0.01,resolved,0xbe2338c7c0136b5c70805cff4b12cd8b81b95bf3318d94d12be0c5bc70053c00,https://data.chain.link/streams/zec-usd-twap-30s-streams,,
bnb-updown-5m-1786524300,BNB,"BNB Up or Down - August 12, 4:45AM-4:50AM ET",2026-08-12T08:50:00Z,2026-08-12T08:45:00Z,609.6246207335952,Up,"[""1"", ""0""]",0.999,302.60708099999994,,0.4945,0.001,resolved,0x1bfd227c6f88f5d94ba06d19c507f69472ee076d9eba8d963714220650972532,https://data.chain.link/streams/bnb-usd-twap-30s-streams,,
btc-updown-5m-1786524300,BTC,"Bitcoin Up or Down - August 12, 4:45AM-4:50AM ET",2026-08-12T08:50:00Z,2026-08-12T08:45:00Z,63712.65000299668,Up,"[""1"", ""0""]",0.999,26538.442796999985,2.960783,0.4945,0.001,resolved,0xb39466433e51bbf47f081bccc2bef9c8431aa4763d2c2b7883d261b87ec89dda,https://data.chain.link/streams/btc-usd-twap-30s-streams,,
doge-updown-5m-1786524300,DOGE,"Dogecoin Up or Down - August 12, 4:45AM-4:50AM ET",2026-08-12T08:50:00Z,2026-08-12T08:45:00Z,0.0714942335639668,Up,"[""1"", ""0""]",0.99,393.373956,,0.4995,0.001,resolved,0x889f52e82518038199f0d3d11d2e897a2f1ff1adc2822ad4c4169fc683e1fd91,https://data.chain.link/streams/doge-usd-twap-30s-streams,,
eth-updown-5m-1786524300,ETH,"Ethereum Up or Down - August 12, 4:45AM-4:50AM ET",2026-08-12T08:50:00Z,2026-08-12T08:45:00Z,1889.2836051570546,Up,"[""1"", ""0""]",0.99,2647.63565,,0.4945,0.001,resolved,0x822d5189903599d66c1291db196c2282dfe5cf5e0cf2354bbb767292057922ca,https://data.chain.link/streams/eth-usd-twap-30s-streams,,
hype-updown-5m-1786524300,HYPE,"Hyperliquid Up or Down - August 12, 4:45AM-4:50AM ET",2026-08-12T08:50:00Z,2026-08-12T08:45:00Z,54.84901394999998,Up,"[""1"", ""0""]",0.999,174.78260100000003,,0.4995,0.001,resolved,0x26a27f8ea101a7a1b5c1433dce00c566862691b0a38f9d4e9f77c115c9044128,https://data.chain.link/streams/hype-usd-twap-30s-streams,,
sol-updown-5m-1786524300,SOL,"Solana Up or Down - August 12, 4:45AM-4:50AM ET",2026-08-12T08:50:00Z,2026-08-12T08:45:00Z,76.20987424448136,Down,"[""0"", ""1""]",0.03,2888.484636,,-0.5045,0.001,resolved,0xbc0af1abfd96da5fe15e809b66c006753b2c3e08e915b0bc0d131bcc47efb87f,https://data.chain.link/streams/sol-usd-twap-30s-streams,,
xrp-updown-5m-1786524300,XRP,"XRP Up or Down - August 12, 4:45AM-4:50AM ET",2026-08-12T08:50:00Z,2026-08-12T08:45:00Z,1.0169692799994585,Up,"[""1"", ""0""]",0.99,585.932306,,0.4945,0.001,resolved,0xb5026ff87fca887f5f7f8cf57a63c267aabca4a92c6eb1ee3ec18e26d04f14d4,https://data.chain.link/streams/xrp-usd-twap-30s-streams,,
zec-updown-5m-1786524300,ZEC,"ZCash Up or Down - August 12, 4:45AM-4:50AM ET",2026-08-12T08:50:00Z,2026-08-12T08:45:00Z,476.3183842432067,Down,"[""0"", ""1""]",,,,-0.495,0.01,resolved,0xcbd40bcb2f0e637ef1b0e3d6ee77f54b825af1f5ce47a41298603cb576fa4aa8,https://data.chain.link/streams/zec-usd-twap-30s-streams,,
bnb-updown-5m-1786524600,BNB,"BNB Up or Down - August 12, 4:50AM-4:55AM ET",2026-08-12T08:55:00Z,2026-08-12T08:50:00Z,610.0819241611159,Down,"[""0"", ""1""]",0.16,362.589448,,-0.5,0.01,resolved,0x9556327481e0d6bdca6b09262723a7c9751a239b1f294b732bcf26fdc685f3f7,https://data.chain.link/streams/bnb-usd-twap-30s-streams,,
btc-updown-5m-1786524600,BTC,"Bitcoin Up or Down - August 12, 4:50AM-4:55AM ET",2026-08-12T08:55:00Z,2026-08-12T08:50:00Z,63746.97346074949,Down,"[""0"", ""1""]",0.01,39397.98394700001,2.960783,-0.5045,0.001,resolved,0xfc9a0299be7016025a1b1f3fbbd1799fc1037e5e2217df43b37e4d3c229467c4,https://data.chain.link/streams/btc-usd-twap-30s-streams,,
doge-updown-5m-1786524600,DOGE,"Dogecoin Up or Down - August 12, 4:50AM-4:55AM ET",2026-08-12T08:55:00Z,2026-08-12T08:50:00Z,0.07155712597254074,Up,"[""1"", ""0""]",0.99,784.5299310000001,,0.495,0.01,resolved,0x67cc20860cd930f302a69f0a71c9c8f98de73f3a5f8d273dff5987da9a4c50e1,https://data.chain.link/streams/doge-usd-twap-30s-streams,,
eth-updown-5m-1786524600,ETH,"Ethereum Up or Down - August 12, 4:50AM-4:55AM ET",2026-08-12T08:55:00Z,2026-08-12T08:50:00Z,1889.9103919744857,Down,"[""0"", ""1""]",0.01,3138.919863,,-0.5,0.01,resolved,0xb3d744d62b25938ddb44ab65fa82a9f023d3ccd1b88dd09ef30b11e67f0a7ce0,https://data.chain.link/streams/eth-usd-twap-30s-streams,,
hype-updown-5m-1786524600,HYPE,"Hyperliquid Up or Down - August 12, 4:50AM-4:55AM ET",2026-08-12T08:55:00Z,2026-08-12T08:50:00Z,54.89956627904039,Up,"[""1"", ""0""]",0.99,,,0.495,0.01,resolved,0x955521d037ac6978fa58ac23b4a3784baab8a77a29f4b46801545cf47352abd2,https://data.chain.link/streams/hype-usd-twap-30s-streams,,
sol-updown-5m-1786524600,SOL,"Solana Up or Down - August 12, 4:50AM-4:55AM ET",2026-08-12T08:55:00Z,2026-08-12T08:50:00Z,76.18770767204441,Down,"[""0"", ""1""]",0.08,2016.8236740000002,,-0.5,0.01,resolved,0x59343ef7f8bf315f0b3f98b2616de26c1c96d67e1ce43540046a31572ed15bad,https://data.chain.link/streams/sol-usd-twap-30s-streams,,
xrp-updown-5m-1786524600,XRP,"XRP Up or Down - August 12, 4:50AM-4:55AM ET",2026-08-12T08:55:00Z,2026-08-12T08:50:00Z,1.0172856044227025,Down,"[""0"", ""1""]",0.6,734.977698,,-0.5,0.01,resolved,0x130746a0b4b9d65e77e21d7d2e4c93c24e4955e0ef26616e080b1ccf77c4c60f,https://data.chain.link/streams/xrp-usd-twap-30s-streams,,
zec-updown-5m-1786524600,ZEC,"ZCash Up or Down - August 12, 4:50AM-4:55AM ET",2026-08-12T08:55:00Z,2026-08-12T08:50:00Z,475.38231827030876,Down,"[""0"", ""1""]",,,,-0.495,0.01,resolved,0x7f644ef34a28e8dd2e574b6addb0ef79e7da6da70bc296b6b4b81a5be7d79aa7,https://data.chain.link/streams/zec-usd-twap-30s-streams,,
bnb-updown-5m-1786524900,BNB,"BNB Up or Down - August 12, 4:55AM-5:00AM ET",2026-08-12T09:00:00Z,2026-08-12T08:55:00Z,609.9237805352956,Down,"[""0"", ""1""]",0.05,188.79141199999998,1.960783,-0.5045,0.001,resolved,0x47693821a369af939071d7ba65eb9d79a6f4b896c4b9aaa30c4131972045ecad,https://data.chain.link/streams/bnb-usd-twap-30s-streams,,
btc-updown-5m-1786524900,BTC,"Bitcoin Up or Down - August 12, 4:55AM-5:00AM ET",2026-08-12T09:00:00Z,2026-08-12T08:55:00Z,63721.83359000703,Up,"[""1"", ""0""]",0.999,37336.14415700001,178.960783,0.4945,0.001,resolved,0x2206b0062d14d145c37c1498deaad2a1c502a69946f1c5729f308c195cbc62dc,https://data.chain.link/streams/btc-usd-twap-30s-streams,,
doge-updown-5m-1786524900,DOGE,"Dogecoin Up or Down - August 12, 4:55AM-5:00AM ET",2026-08-12T09:00:00Z,2026-08-12T08:55:00Z,0.07156044152827826,Down,"[""0"", ""1""]",0.01,199.976316,2,-0.4995,0.001,resolved,0x00b9673db00588c0344977ee4e2019e46d00ff45ae8131e72005bd7ae539fedf,https://data.chain.link/streams/doge-usd-twap-30s-streams,,
eth-updown-5m-1786524900,ETH,"Ethereum Up or Down - August 12, 4:55AM-5:00AM ET",2026-08-12T09:00:00Z,2026-08-12T08:55:00Z,1889.603830271805,Down,"[""0"", ""1""]",0.01,2418.0996569999998,2,-0.5045,0.001,resolved,0x931588f6799eeb932b084ea81b1a9a07526955e2c0afbc302c8d6da96e8c3ba8,https://data.chain.link/streams/eth-usd-twap-30s-streams,,
hype-updown-5m-1786524900,HYPE,"Hyperliquid Up or Down - August 12, 4:55AM-5:00AM ET",2026-08-12T09:00:00Z,2026-08-12T08:55:00Z,54.92514475708339,Up,"[""1"", ""0""]",0.99,74.9936,,0.4995,0.001,resolved,0x2b4acfe6ccf5f63b18fec823442dc0e5400b542838727541357ba5a8da7ad128,https://data.chain.link/streams/hype-usd-twap-30s-streams,,
sol-updown-5m-1786524900,SOL,"Solana Up or Down - August 12, 4:55AM-5:00AM ET",2026-08-12T09:00:00Z,2026-08-12T08:55:00Z,76.13845933734997,Down,"[""0"", ""1""]",0.05,1626.617774,1.960783,-0.5045,0.001,resolved,0xc57239fe1235f5c4fc8d6586b3d01d35aff3646dadc587f3ec1323eae30712cd,https://data.chain.link/streams/sol-usd-twap-30s-streams,,
xrp-updown-5m-1786524900,XRP,"XRP Up or Down - August 12, 4:55AM-5:00AM ET",2026-08-12T09:00:00Z,2026-08-12T08:55:00Z,1.0172802926610232,Down,"[""0"", ""1""]",0.05,684.2693439999999,1.960783,-0.5045,0.001,resolved,0x0e729f317ad88b95e21f273b2605633e8ac9428017f2084b19b0b3ed561436c3,https://data.chain.link/streams/xrp-usd-twap-30s-streams,,
zec-updown-5m-1786524900,ZEC,"ZCash Up or Down - August 12, 4:55AM-5:00AM ET",2026-08-12T09:00:00Z,2026-08-12T08:55:00Z,474.14121905003987,Up,"[""1"", ""0""]",0.99,50,,0.49,0.01,resolved,0xf831ea60054b3ff8aea749c7cab6d03f959803b2075d45ef37c98b5e37ae49bf,https://data.chain.link/streams/zec-usd-twap-30s-streams,,
bnb-updown-5m-1786525200,BNB,"BNB Up or Down - August 12, 5:00AM-5:05AM ET",2026-08-12T09:05:00Z,2026-08-12T09:00:00Z,609.8756685477537,Up,"[""1"", ""0""]",0.99,326.764009,,0.49,0.01,resolved,0x7299b247f9bb5aeb0f589a821a48e02a203ed078ccacf77ac228790f73adf92a,https://data.chain.link/streams/bnb-usd-twap-30s-streams,,
btc-updown-5m-1786525200,BTC,"Bitcoin Up or Down - August 12, 5:00AM-5:05AM ET",2026-08-12T09:05:00Z,2026-08-12T09:00:00Z,63727.55423937985,Up,"[""1"", ""0""]",0.99,36950.158648,6,0.49,0.01,resolved,0x0493f2b093edf2f72e113c6dec25e4e8986070105c828c1d617fc5e9dc90ac4c,https://data.chain.link/streams/btc-usd-twap-30s-streams,,
doge-updown-5m-1786525200,DOGE,"Dogecoin Up or Down - August 12, 5:00AM-5:05AM ET",2026-08-12T09:05:00Z,2026-08-12T09:00:00Z,0.07144335789841916,Up,"[""1"", ""0""]",0.999,292.916206,,0.4995,0.001,resolved,0xf6640aa5db7d697d0f54109d5e750a847d164b8d30ca9fe5a4bc2d9763697c32,https://data.chain.link/streams/doge-usd-twap-30s-streams,,
eth-updown-5m-1786525200,ETH,"Ethereum Up or Down - August 12, 5:00AM-5:05AM ET",2026-08-12T09:05:00Z,2026-08-12T09:00:00Z,1889.0112952780075,Up,"[""1"", ""0""]",0.99,4362.842619,,0.49,0.01,resolved,0x13935efdcb41204a324daade3a33f96a97f5165de79e280799d885596bf0eeb3,https://data.chain.link/streams/eth-usd-twap-30s-streams,,
hype-updown-5m-1786525200,HYPE,"Hyperliquid Up or Down - August 12, 5:00AM-5:05AM ET",2026-08-12T09:05:00Z,2026-08-12T09:00:00Z,55.00489060049388,Down,"[""0"", ""1""]",0.03,,,-0.495,0.01,resolved,0x0a3723d0f78ef65643050a212667df864f8755dc627f40f03717bce79c5653c8,https://data.chain.link/streams/hype-usd-twap-30s-streams,,
sol-updown-5m-1786525200,SOL,"Solana Up or Down - August 12, 5:00AM-5:05AM ET",2026-08-12T09:05:00Z,2026-08-12T09:00:00Z,76.11233898104311,Up,"[""1"", ""0""]",0.99,2074.525058,,0.49,0.01,resolved,0x2d4ad986b4ec36a635682bf617ca15b29b851b9a24f3b220f393ac57599bcfb4,https://data.chain.link/streams/sol-usd-twap-30s-streams,,
xrp-updown-5m-1786525200,XRP,"XRP Up or Down - August 12, 5:00AM-5:05AM ET",2026-08-12T09:05:00Z,2026-08-12T09:00:00Z,1.0162503811787227,Up,"[""1"", ""0""]",0.99,596.371792,,0.49,0.01,resolved,0xd6c8519013f342a01c1967bb06c172c55f8ad8e3e05ad3c5e304de67b0b4e1ae,https://data.chain.link/streams/xrp-usd-twap-30s-streams,,
zec-updown-5m-1786525200,ZEC,"ZCash Up or Down - August 12, 5:00AM-5:05AM ET",2026-08-12T09:05:00Z,2026-08-12T09:00:00Z,474.5272830344383,Up,"[""1"", ""0""]",0.99,,,0.495,0.01,resolved,0xadbd8d77c638c9f51b34744d6aca23ac92f563dc3282f8f9becaf9aa0eeb23c5,https://data.chain.link/streams/zec-usd-twap-30s-streams,,
bnb-updown-5m-1786525500,BNB,"BNB Up or Down - August 12, 5:05AM-5:10AM ET",2026-08-12T09:10:00Z,2026-08-12T09:05:00Z,609.9549730452295,Up,"[""1"", ""0""]",0.999,183.91514400000003,,0.48,0.01,resolved,0x11562c5d8e6d48c16c9cd777c9f2ef86bb25d78f8d82f9178e6e8d44270d4faf,https://data.chain.link/streams/bnb-usd-twap-30s-streams,,
btc-updown-5m-1786525500,BTC,"Bitcoin Up or Down - August 12, 5:05AM-5:10AM ET",2026-08-12T09:10:00Z,2026-08-12T09:05:00Z,63737.191926617794,Up,"[""1"", ""0""]",0.99,31025.722463000006,676.0847,0.42,0.01,resolved,0x7f6ec1049631b3082188e4997c43208f117525591ff8c06477434a1ed1861507,https://data.chain.link/streams/btc-usd-twap-30s-streams,,
doge-updown-5m-1786525500,DOGE,"Dogecoin Up or Down - August 12, 5:05AM-5:10AM ET",2026-08-12T09:10:00Z,2026-08-12T09:05:00Z,0.071531781067433,Up,"[""1"", ""0""]",0.99,314.475248,,0.22,0.04,resolved,0xd42e21716739581b9239c758b4a3e366f23575748b74767886d9c837b91d7847,https://data.chain.link/streams/doge-usd-twap-30s-streams,,
eth-updown-5m-1786525500,ETH,"Ethereum Up or Down - August 12, 5:05AM-5:10AM ET",2026-08-12T09:10:00Z,2026-08-12T09:05:00Z,1889.7979798398985,Up,"[""1"", ""0""]",0.99,3142.2551830000007,,0.42,0.01,resolved,0x23315a68d33dd4053dec55ec394138af46a75e754c6ad40dfd8318dd9d253807,https://data.chain.link/streams/eth-usd-twap-30s-streams,,
hype-updown-5m-1786525500,HYPE,"Hyperliquid Up or Down - August 12, 5:05AM-5:10AM ET",2026-08-12T09:10:00Z,2026-08-12T09:05:00Z,54.975805133333346,Down,"[""0"", ""1""]",0.36,,,-0.36,0.22,resolved,0xce59315e977999c675a31af0b93cd19293b6a58bd76b30188217cf2c671044ca,https://data.chain.link/streams/hype-usd-twap-30s-streams,,
sol-updown-5m-1786525500,SOL,"Solana Up or Down - August 12, 5:05AM-5:10AM ET",2026-08-12T09:10:00Z,2026-08-12T09:05:00Z,76.1522217320112,Up,"[""1"", ""0""]",0.97,2014.429369,,0.4,0.01,resolved,0x0227bc229580b5cf13cfd7571621aca05e096811347e556a2eeefd9be76a6be5,https://data.chain.link/streams/sol-usd-twap-30s-streams,,
xrp-updown-5m-1786525500,XRP,"XRP Up or Down - August 12, 5:05AM-5:10AM ET",2026-08-12T09:10:00Z,2026-08-12T09:05:00Z,1.0169702628992388,Up,"[""1"", ""0""]",0.99,409.860377,,0.42,0.01,resolved,0x2942a05d5034f009b9437e0a9fd6b1ea94abd0a6174037d5466c3f1a8ffb4322,https://data.chain.link/streams/xrp-usd-twap-30s-streams,,
zec-updown-5m-1786525500,ZEC,"ZCash Up or Down - August 12, 5:05AM-5:10AM ET",2026-08-12T09:10:00Z,2026-08-12T09:05:00Z,476.2759868187373,Up,"[""1"", ""0""]",,,,0.35,0.27,resolved,0xaf3df94e84ef50f006a502d9bd246f723e8c7648aa003a478b13ee7eeb51301e,https://data.chain.link/streams/zec-usd-twap-30s-streams,,
bnb-updown-5m-1786525800,BNB,"BNB Up or Down - August 12, 5:10AM-5:15AM ET",2026-08-12T09:15:00Z,2026-08-12T09:10:00Z,611.0013911695477,Down,"[""0"", ""1""]",0.05,200.34019999999998,,-0.5,0.01,resolved,0x6eb5dfafc3e399e06bbabd022c09d31536e13982ac01415f69dc87ab0d4603e4,https://data.chain.link/streams/bnb-usd-twap-30s-streams,,
btc-updown-5m-1786525800,BTC,"Bitcoin Up or Down - August 12, 5:10AM-5:15AM ET",2026-08-12T09:15:00Z,2026-08-12T09:10:00Z,63779.90180822757,Up,"[""1"", ""0""]",0.99,34515.81476300001,6,0.49,0.01,resolved,0x8e27d6bec6658c13e31982dcc32557fef5082b545628a7a3e45302a41b655dc8,https://data.chain.link/streams/btc-usd-twap-30s-streams,,
doge-updown-5m-1786525800,DOGE,"Dogecoin Up or Down - August 12, 5:10AM-5:15AM ET",2026-08-12T09:15:00Z,2026-08-12T09:10:00Z,0.0715652633043502,Up,"[""1"", ""0""]",0.99,236.56625900000003,,0.495,0.01,resolved,0x2420326d270092349a206d0be15c94cce71366253362327fa1e3d050348992f6,https://data.chain.link/streams/doge-usd-twap-30s-streams,,
eth-updown-5m-1786525800,ETH,"Ethereum Up or Down - August 12, 5:10AM-5:15AM ET",2026-08-12T09:15:00Z,2026-08-12T09:10:00Z,1890.8549776769491,Up,"[""1"", ""0""]",0.99,1898.7312759999995,,0.49,0.01,resolved,0x7f4d05efd9e043eed18425d0b789b7f2ab75e289c2ec8c749a5c244d9f0791a2,https://data.chain.link/streams/eth-usd-twap-30s-streams,,
hype-updown-5m-1786525800,HYPE,"Hyperliquid Up or Down - August 12, 5:10AM-5:15AM ET",2026-08-12T09:15:00Z,2026-08-12T09:10:00Z,54.866484799999995,Up,"[""1"", ""0""]",0.98,83.50999999999999,,0.495,0.01,resolved,0x1cf26df040d4c917a29cd045457dda4c3a6d7d9c1bbcc8299b208a642581e9fb,https://data.chain.link/streams/hype-usd-twap-30s-streams,,
sol-updown-5m-1786525800,SOL,"Solana Up or Down - August 12, 5:10AM-5:15AM ET",2026-08-12T09:15:00Z,2026-08-12T09:10:00Z,76.224136361267,Up,"[""1"", ""0""]",0.99,995.4455599999999,,0.49,0.01,resolved,0xa268211d6a50b1ddca19a718a487033d41621fd7caf20ec6883e654120eb4010,https://data.chain.link/streams/sol-usd-twap-30s-streams,,
xrp-updown-5m-1786525800,XRP,"XRP Up or Down - August 12, 5:10AM-5:15AM ET",2026-08-12T09:15:00Z,2026-08-12T09:10:00Z,1.0178468275249364,Up,"[""1"", ""0""]",0.99,501.3314019999999,,0.49,0.01,resolved,0x4a74e264553aee7ef0662ef4dad580f11ccd6f0562db04fa3c8282dd8bd659ce,https://data.chain.link/streams/xrp-usd-twap-30s-streams,,
zec-updown-5m-1786525800,ZEC,"ZCash Up or Down - August 12, 5:10AM-5:15AM ET",2026-08-12T09:15:00Z,2026-08-12T09:10:00Z,476.54660497733374,Up,"[""1"", ""0""]",0.99,4.0404,,0.495,0.01,resolved,0x29a750a42e40e4806f6ab1c898e73644faa3f8fbddc89a5764703615e0809162,https://data.chain.link/streams/zec-usd-twap-30s-streams,,
bnb-updown-5m-1786526100,BNB,"BNB Up or Down - August 12, 5:15AM-5:20AM ET",2026-08-12T09:20:00Z,2026-08-12T09:15:00Z,610.8875750378771,Up,"[""1"", ""0""]",0.99,504.924531,,0.49,0.01,resolved,0x978312bb19c5483d96c98cfd6c203e346a64f3cbfc9e18d4e18ea84677ce372e,https://data.chain.link/streams/bnb-usd-twap-30s-streams,,
btc-updown-5m-1786526100,BTC,"Bitcoin Up or Down - August 12, 5:15AM-5:20AM ET",2026-08-12T09:20:00Z,2026-08-12T09:15:00Z,63791.102703106044,Up,"[""1"", ""0""]",0.999,34227.47378200002,6,0.49,0.01,resolved,0xf8efe79c9b7548205d3f8c3b49cdec38a2ba43687c4a2759dc79c2c4d8da1190,https://data.chain.link/streams/btc-usd-twap-30s-streams,,
doge-updown-5m-1786526100,DOGE,"Dogecoin Up or Down - August 12, 5:15AM-5:20AM ET",2026-08-12T09:20:00Z,2026-08-12T09:15:00Z,0.07157428999650903,Up,"[""1"", ""0""]",0.999,162.21913899999996,,0.4995,0.001,resolved,0x51df75107caf675a5d56bcc7cd36fc606c594e48aa4c7f1546642673a03f18e2,https://data.chain.link/streams/doge-usd-twap-30s-streams,,
eth-updown-5m-1786526100,ETH,"Ethereum Up or Down - August 12, 5:15AM-5:20AM ET",2026-08-12T09:20:00Z,2026-08-12T09:15:00Z,1890.9971427405846,Up,"[""1"", ""0""]",0.99,4094.651999000003,,0.49,0.01,resolved,0x8b7e2b344fb2ed7838cfd8d19186eb87088965815c34388e5e125a0afd7ac8da,https://data.chain.link/streams/eth-usd-twap-30s-streams,,
hype-updown-5m-1786526100,HYPE,"Hyperliquid Up or Down - August 12, 5:15AM-5:20AM ET",2026-08-12T09:20:00Z,2026-08-12T09:15:00Z,54.94658433333017,Up,"[""1"", ""0""]",0.98,,,0.495,0.01,resolved,0xead2c95c64a248151cc67dade1de81091dffbec2d8e9c6b84138bfe98ece23c0,https://data.chain.link/streams/hype-usd-twap-30s-streams,,
sol-updown-5m-1786526100,SOL,"Solana Up or Down - August 12, 5:15AM-5:20AM ET",2026-08-12T09:20:00Z,2026-08-12T09:15:00Z,76.24974559640665,Up,"[""1"", ""0""]",0.99,617.45068,1.960783,0.49,0.01,resolved,0xce2cd1564d3292b434998f56d5a22505bfdfea993dcd16b9b1e7aa1edbd87f54,https://data.chain.link/streams/sol-usd-twap-30s-streams,,
xrp-updown-5m-1786526100,XRP,"XRP Up or Down - August 12, 5:15AM-5:20AM ET",2026-08-12T09:20:00Z,2026-08-12T09:15:00Z,1.01847916808579,Up,"[""1"", ""0""]",0.99,396.581123,,0.49,0.01,resolved,0x6f510b12f089cc4efdc70b4f41c186402b34ee377d6357e6657cedef806c5682,https://data.chain.link/streams/xrp-usd-twap-30s-streams,,
zec-updown-5m-1786526100,ZEC,"ZCash Up or Down - August 12, 5:15AM-5:20AM ET",2026-08-12T09:20:00Z,2026-08-12T09:15:00Z,476.7192469973457,Up,"[""1"", ""0""]",,,,,0.98,resolved,0x42957cafa4a3f36c573034723631546f1c2abd82337caf7220268fefad12d9bc,https://data.chain.link/streams/zec-usd-twap-30s-streams,,
bnb-updown-5m-1786526400,BNB,"BNB Up or Down - August 12, 5:20AM-5:25AM ET",2026-08-12T09:25:00Z,2026-08-12T09:20:00Z,611.15387054514,Down,"[""0"", ""1""]",0.02,766.3159709999999,,-0.495,0.01,resolved,0x2ee2e6c25176f5c3d63b92bde45b816642f7fa36b95385813f76fed836e76a8e,https://data.chain.link/streams/bnb-usd-twap-30s-streams,,
btc-updown-5m-1786526400,BTC,"Bitcoin Up or Down - August 12, 5:20AM-5:25AM ET",2026-08-12T09:25:00Z,2026-08-12T09:20:00Z,63856.8520443198,Up,"[""1"", ""0""]",0.999,78475.639487,,0.49,0.01,resolved,0x9728c9c69d37ba5c6ddcd106ef7240dc1e6c7728c1ff5b14c547560c989c4f2b,https://data.chain.link/streams/btc-usd-twap-30s-streams,,
doge-updown-5m-1786526400,DOGE,"Dogecoin Up or Down - August 12, 5:20AM-5:25AM ET",2026-08-12T09:25:00Z,2026-08-12T09:20:00Z,0.0717372381501203,Up,"[""1"", ""0""]",0.99,501.098103,,0.495,0.01,resolved,0xaecec2208650a1474cd4355e7009b0e34704fa47bb462d12e0b3cff680953105,https://data.chain.link/streams/doge-usd-twap-30s-streams,,
eth-updown-5m-1786526400,ETH,"Ethereum Up or Down - August 12, 5:20AM-5:25AM ET",2026-08-12T09:25:00Z,2026-08-12T09:20:00Z,1894.321944702376,Up,"[""1"", ""0""]",0.99,10288.972366000009,,0.49,0.01,resolved,0x99c498a13f2556715441edd2cb4b505ec5755e076fc53e7a6349bba46133524c,https://data.chain.link/streams/eth-usd-twap-30s-streams,,
hype-updown-5m-1786526400,HYPE,"Hyperliquid Up or Down - August 12, 5:20AM-5:25AM ET",2026-08-12T09:25:00Z,2026-08-12T09:20:00Z,55.00133591844439,Down,"[""0"", ""1""]",0.16,,,-0.495,0.01,resolved,0x66971308304dceca00aed443b585f5fa0679100a3b6070244bbc6b4ddcbb89e9,https://data.chain.link/streams/hype-usd-twap-30s-streams,,
sol-updown-5m-1786526400,SOL,"Solana Up or Down - August 12, 5:20AM-5:25AM ET",2026-08-12T09:25:00Z,2026-08-12T09:20:00Z,76.39067666163847,Up,"[""1"", ""0""]",0.99,1865.5947559999997,,0.495,0.01,resolved,0x03d45bb470098bceffedab9ffea6618f39ad199a57d74e7f7c80b5bb54967342,https://data.chain.link/streams/sol-usd-twap-30s-streams,,
xrp-updown-5m-1786526400,XRP,"XRP Up or Down - August 12, 5:20AM-5:25AM ET",2026-08-12T09:25:00Z,2026-08-12T09:20:00Z,1.0204772930854094,Up,"[""1"", ""0""]",0.98,1625.5564069999998,,0.495,0.01,resolved,0xa0473046f585fdfb2e4b5a9810437a8c8f8c1eb2825ca2a3888bf9023612e65f,https://data.chain.link/streams/xrp-usd-twap-30s-streams,,
zec-updown-5m-1786526400,ZEC,"ZCash Up or Down - August 12, 5:20AM-5:25AM ET",2026-08-12T09:25:00Z,2026-08-12T09:20:00Z,477.8262780973231,Up,"[""1"", ""0""]",0.98,,,0.495,0.01,resolved,0x22e1dc44d3cdf92f8d9006ff8a8ae2e4f41893418903866df80754ab876d1a8c,https://data.chain.link/streams/zec-usd-twap-30s-streams,,
bnb-updown-5m-1786526700,BNB,"BNB Up or Down - August 12, 5:25AM-5:30AM ET",2026-08-12T09:30:00Z,2026-08-12T09:25:00Z,611.1481163518198,Up,"[""1"", ""0""]",0.999,201.208486,,0.4945,0.001,resolved,0x27dd79521f6331c064737fad4f24079e8a2b0be3721d0800071494ddabd2a632,https://data.chain.link/streams/bnb-usd-twap-30s-streams,,
btc-updown-5m-1786526700,BTC,"Bitcoin Up or Down - August 12, 5:25AM-5:30AM ET",2026-08-12T09:30:00Z,2026-08-12T09:25:00Z,63906.19136625743,Up,"[""1"", ""0""]",0.999,116328.32749800006,,0.4945,0.001,resolved,0x1e9ce479062570f72fef9872b6be6258a85ee21a062bf11fa9f9cf69db03f0a8,https://data.chain.link/streams/btc-usd-twap-30s-streams,,
doge-updown-5m-1786526700,DOGE,"Dogecoin Up or Down - August 12, 5:25AM-5:30AM ET",2026-08-12T09:30:00Z,2026-08-12T09:25:00Z,0.071780137391536,Up,"[""1"", ""0""]",0.999,451.3446800000001,,0.4995,0.001,resolved,0xc79da49d754caa8f47e702e132820c6333babdef566d3bb4b503e4faa73be216,https://data.chain.link/streams/doge-usd-twap-30s-streams,,
eth-updown-5m-1786526700,ETH,"Ethereum Up or Down - August 12, 5:25AM-5:30AM ET",2026-08-12T09:30:00Z,2026-08-12T09:25:00Z,1895.9675203620473,Up,"[""1"", ""0""]",0.999,11423.338565000002,,0.4945,0.001,resolved,0xd7a131a7d01b4bb5855972f346fe70b5992d063996197861381c765f5443fdaf,https://data.chain.link/streams/eth-usd-twap-30s-streams,,
hype-updown-5m-1786526700,HYPE,"Hyperliquid Up or Down - August 12, 5:25AM-5:30AM ET",2026-08-12T09:30:00Z,2026-08-12T09:25:00Z,54.9840726,Up,"[""1"", ""0""]",0.99,113.17830700000002,,0.4995,0.001,resolved,0xcf00f36e42f4b8bfd17ffd08ae78f53e72927d78500e8c1425099ba0c336077f,https://data.chain.link/streams/hype-usd-twap-30s-streams,,
sol-updown-5m-1786526700,SOL,"Solana Up or Down - August 12, 5:25AM-5:30AM ET",2026-08-12T09:30:00Z,2026-08-12T09:25:00Z,76.47406010518725,Up,"[""1"", ""0""]",0.999,1756.1797560000002,,0.4945,0.001,resolved,0x38971486038a042e79b7252c08126d6f95d3a91a59cc524b30a26105b1c3e664,https://data.chain.link/streams/sol-usd-twap-30s-streams,,
xrp-updown-5m-1786526700,XRP,"XRP Up or Down - August 12, 5:25AM-5:30AM ET",2026-08-12T09:30:00Z,2026-08-12T09:25:00Z,1.022639383711546,Up,"[""1"", ""0""]",0.99,1164.5422659999995,,0.4945,0.001,resolved,0xbc99ae44ba168b969fb48bcd2481c15999533d37baf2b25353769ca4db590f0d,https://data.chain.link/streams/xrp-usd-twap-30s-streams,,
zec-updown-5m-1786526700,ZEC,"ZCash Up or Down - August 12, 5:25AM-5:30AM ET",2026-08-12T09:30:00Z,2026-08-12T09:25:00Z,477.88234329201737,Up,"[""1"", ""0""]",0.98,35,,0.4995,0.001,resolved,0x2406b031311c717f051f6741075bac1135ae32741e1368252f6ae98d610a718a,https://data.chain.link/streams/zec-usd-twap-30s-streams,,
bnb-updown-5m-1786527000,BNB,"BNB Up or Down - August 12, 5:30AM-5:35AM ET",2026-08-12T09:35:00Z,2026-08-12T09:30:00Z,611.6553407000727,Up,"[""1"", ""0""]",0.99,656.8818050000001,,0.49,0.01,resolved,0x448e3be54577457f65f8a8184c89a6055e3a99d60a907f7e31ce3c1492eb4b80,https://data.chain.link/streams/bnb-usd-twap-30s-streams,,
btc-updown-5m-1786527000,BTC,"Bitcoin Up or Down - August 12, 5:30AM-5:35AM ET",2026-08-12T09:35:00Z,2026-08-12T09:30:00Z,63907.8509032587,Up,"[""1"", ""0""]",0.999,79131.72202800005,,0.4945,0.001,resolved,0xd9615bcd7bcf95bebb5a1f6878d9552fbe9dfeca507119e75a8fa20d2ef140b1,https://data.chain.link/streams/btc-usd-twap-30s-streams,,
doge-updown-5m-1786527000,DOGE,"Dogecoin Up or Down - August 12, 5:30AM-5:35AM ET",2026-08-12T09:35:00Z,2026-08-12T09:30:00Z,0.07186369687228039,Down,"[""0"", ""1""]",0.32,483.949012,,-0.495,0.01,resolved,0xdd2d9364127df76ba9278f8ef603cacdba16b901db5a70d267dacda2b8e9d5c2,https://data.chain.link/streams/doge-usd-twap-30s-streams,,
eth-updown-5m-1786527000,ETH,"Ethereum Up or Down - August 12, 5:30AM-5:35AM ET",2026-08-12T09:35:00Z,2026-08-12T09:30:00Z,1901.9196007392206,Up,"[""1"", ""0""]",0.99,10273.929655,,0.4945,0.001,resolved,0xbe8aabf25e908eadd9acce0db174f4c582e1d658b482aa7bfb32cf380880e3b1,https://data.chain.link/streams/eth-usd-twap-30s-streams,,
hype-updown-5m-1786527000,HYPE,"Hyperliquid Up or Down - August 12, 5:30AM-5:35AM ET",2026-08-12T09:35:00Z,2026-08-12T09:30:00Z,55.14606160062551,Up,"[""1"", ""0""]",0.98,,,0.495,0.01,resolved,0x52ed2f67e2c2b7ee2353f40e21da6c5fd169804144a3bde52044c0865214893d,https://data.chain.link/streams/hype-usd-twap-30s-streams,,
sol-updown-5m-1786527000,SOL,"Solana Up or Down - August 12, 5:30AM-5:35AM ET",2026-08-12T09:35:00Z,2026-08-12T09:30:00Z,76.67073754603715,Down,"[""0"", ""1""]",0.01,3796.880170000001,,-0.5,0.01,resolved,0xc0cb19be79e0d6250b98588850eb81c78fcec09112b114ca2ceb1dedef45b33c,https://data.chain.link/streams/sol-usd-twap-30s-streams,,
xrp-updown-5m-1786527000,XRP,"XRP Up or Down - August 12, 5:30AM-5:35AM ET",2026-08-12T09:35:00Z,2026-08-12T09:30:00Z,1.023916702150525,Down,"[""0"", ""1""]",0.01,1361.6183949999997,,-0.5,0.01,resolved,0x11c55ac3012d982437e2864abf12d38e4e9a996e2744850c4cda795c37bc53d0,https://data.chain.link/streams/xrp-usd-twap-30s-streams,,
zec-updown-5m-1786527000,ZEC,"ZCash Up or Down - August 12, 5:30AM-5:35AM ET",2026-08-12T09:35:00Z,2026-08-12T09:30:00Z,479.72306318660895,Up,"[""1"", ""0""]",0.98,,,0.495,0.01,resolved,0x4b491eb59c21b03cca3b01d7f161d36900475066face4bebc354347c68cef442,https://data.chain.link/streams/zec-usd-twap-30s-streams,,
bnb-updown-5m-1786527300,BNB,"BNB Up or Down - August 12, 5:35AM-5:40AM ET",2026-08-12T09:40:00Z,2026-08-12T09:35:00Z,611.9397107919679,Up,"[""1"", ""0""]",0.99,299.4859660000001,,0.4945,0.001,resolved,0xcdc3949a1ae861ae47dde5b7758096b85fc05ae7735cbf0c972b3a966ef72124,https://data.chain.link/streams/bnb-usd-twap-30s-streams,,
btc-updown-5m-1786527300,BTC,"Bitcoin Up or Down - August 12, 5:35AM-5:40AM ET",2026-08-12T09:40:00Z,2026-08-12T09:35:00Z,63950.302864945625,Up,"[""1"", ""0""]",0.999,63957.92973299992,,0.4945,0.001,resolved,0x1a2810fa5acaa13f30c4904e325e7eab03725a2b3189d994bf1360558f7d0151,https://data.chain.link/streams/btc-usd-twap-30s-streams,,
doge-updown-5m-1786527300,DOGE,"Dogecoin Up or Down - August 12, 5:35AM-5:40AM ET",2026-08-12T09:40:00Z,2026-08-12T09:35:00Z,0.07183701914828382,Up,"[""1"", ""0""]",0.99,184.18248,,0.4995,0.001,resolved,0xf159e360fee4f09b7f37a1a8286126b9659b3226a7635c30f57925329595d4c7,https://data.chain.link/streams/doge-usd-twap-30s-streams,,
eth-updown-5m-1786527300,ETH,"Ethereum Up or Down - August 12, 5:35AM-5:40AM ET",2026-08-12T09:40:00Z,2026-08-12T09:35:00Z,1903.545746112306,Down,"[""0"", ""1""]",0.001,13529.428545000013,,-0.5045,0.001,resolved,0x651f557d2c7c9b424ba91f14ea8df05f88b544730f68742106b11faa2303d5ee,https://data.chain.link/streams/eth-usd-twap-30s-streams,,
hype-updown-5m-1786527300,HYPE,"Hyperliquid Up or Down - August 12, 5:35AM-5:40AM ET",2026-08-12T09:40:00Z,2026-08-12T09:35:00Z,55.221726647484886,Up,"[""1"", ""0""]",0.99,,,0.4995,0.001,resolved,0x1fb871e8956cf18d0f43ae8d1839a73962a595daeae3d7afaeae261dd5e43eba,https://data.chain.link/streams/hype-usd-twap-30s-streams,,
sol-updown-5m-1786527300,SOL,"Solana Up or Down - August 12, 5:35AM-5:40AM ET",2026-08-12T09:40:00Z,2026-08-12T09:35:00Z,76.63709483629576,Up,"[""1"", ""0""]",0.99,1505.851869,,0.4945,0.001,resolved,0x0a230776dbba077acff64c83ccc66fde457cbd21e5b2ed96c2c72ea78dfb4e39,https://data.chain.link/streams/sol-usd-twap-30s-streams,,
xrp-updown-5m-1786527300,XRP,"XRP Up or Down - August 12, 5:35AM-5:40AM ET",2026-08-12T09:40:00Z,2026-08-12T09:35:00Z,1.0225394272796184,Up,"[""1"", ""0""]",0.98,694.6906179999999,,0.4945,0.001,resolved,0x0e6dfceab0739954805b67b80d63fc4338bee7ecc7b7199e7fcf507bc67edb2d,https://data.chain.link/streams/xrp-usd-twap-30s-streams,,
zec-updown-5m-1786527300,ZEC,"ZCash Up or Down - August 12, 5:35AM-5:40AM ET",2026-08-12T09:40:00Z,2026-08-12T09:35:00Z,480.41877201365963,Down,"[""0"", ""1""]",,,,-0.5,0.01,resolved,0x3eae33418fc84611cc6e39decb301fa683c975e6dff0d9a7a9e01f88d871472c,https://data.chain.link/streams/zec-usd-twap-30s-streams,,
bnb-updown-5m-1786527600,BNB,"BNB Up or Down - August 12, 5:40AM-5:45AM ET",2026-08-12T09:45:00Z,2026-08-12T09:40:00Z,612.6039225205469,Down,"[""0"", ""1""]",0.11,269.598501,,-0.5045,0.001,resolved,0xe11baa8058452a17606af25a6c399bde11f93f3f20b960514654a10b51583010,https://data.chain.link/streams/bnb-usd-twap-30s-streams,,
btc-updown-5m-1786527600,BTC,"Bitcoin Up or Down - August 12, 5:40AM-5:45AM ET",2026-08-12T09:45:00Z,2026-08-12T09:40:00Z,63994.26594936805,Down,"[""0"", ""1""]",0.01,56778.01271999994,,-0.5,0.01,resolved,0xa389b4862f9736dbca19fac1f9a9680217ddd9200437d3546116531fd46f74cc,https://data.chain.link/streams/btc-usd-twap-30s-streams,,
doge-updown-5m-1786527600,DOGE,"Dogecoin Up or Down - August 12, 5:40AM-5:45AM ET",2026-08-12T09:45:00Z,2026-08-12T09:40:00Z,0.07190380791857355,Down,"[""0"", ""1""]",0.02,166.550454,,-0.495,0.01,resolved,0x31a39db89aeeb4e72cbc66ab5cfe7bc2fd9fde2b3d249c4d9f5f204057688726,https://data.chain.link/streams/doge-usd-twap-30s-streams,,
eth-updown-5m-1786527600,ETH,"Ethereum Up or Down - August 12, 5:40AM-5:45AM ET",2026-08-12T09:45:00Z,2026-08-12T09:40:00Z,1903.3901744764687,Down,"[""0"", ""1""]",0.01,5443.246654000004,,-0.5,0.01,resolved,0x512d8fe27f662e7f181955f352c7c5ce60ed5c8af3855cc70d9965b6639f0391,https://data.chain.link/streams/eth-usd-twap-30s-streams,,
hype-updown-5m-1786527600,HYPE,"Hyperliquid Up or Down - August 12, 5:40AM-5:45AM ET",2026-08-12T09:45:00Z,2026-08-12T09:40:00Z,55.283179517939246,Up,"[""1"", ""0""]",0.99,98.28887499999999,,0.495,0.01,resolved,0xbd1b6ad7cee88673a969b53050a7ec2a1dfdd50ae4b24a9fcc2e2954be3ab6de,https://data.chain.link/streams/hype-usd-twap-30s-streams,,
sol-updown-5m-1786527600,SOL,"Solana Up or Down - August 12, 5:40AM-5:45AM ET",2026-08-12T09:45:00Z,2026-08-12T09:40:00Z,76.6982857078514,Down,"[""0"", ""1""]",0.01,1957.935319,,-0.5,0.01,resolved,0x381c5a67d54b975104c8f8292355b8eedd595fc71e7b5ee5ba9b4ca6ee9c9fc8,https://data.chain.link/streams/sol-usd-twap-30s-streams,,
xrp-updown-5m-1786527600,XRP,"XRP Up or Down - August 12, 5:40AM-5:45AM ET",2026-08-12T09:45:00Z,2026-08-12T09:40:00Z,1.0229194236062598,Down,"[""0"", ""1""]",0.08,681.5454820000001,,-0.5,0.01,resolved,0x939f3bffc369f076a7f7af2716f87919e289669d63fba12065589c9552e77586,https://data.chain.link/streams/xrp-usd-twap-30s-streams,,
zec-updown-5m-1786527600,ZEC,"ZCash Up or Down - August 12, 5:40AM-5:45AM ET",2026-08-12T09:45:00Z,2026-08-12T09:40:00Z,479.7280223855159,Down,"[""0"", ""1""]",,,,-0.495,0.01,resolved,0x08bce62f99e379bd017da68f05133ed0a7a30b04b630a04f4e5d3dd72dd7899a,https://data.chain.link/streams/zec-usd-twap-30s-streams,,
bnb-updown-5m-1786527900,BNB,"BNB Up or Down - August 12, 5:45AM-5:50AM ET",2026-08-12T09:50:00Z,2026-08-12T09:45:00Z,612.5193429746745,Up,"[""1"", ""0""]",0.99,444.4527239999999,,0.47,0.01,resolved,0x7c6f28f275c0b47a56f4c87885ef71e4ac048de8245c4b3ac833306a794e9e91,https://data.chain.link/streams/bnb-usd-twap-30s-streams,,
btc-updown-5m-1786527900,BTC,"Bitcoin Up or Down - August 12, 5:45AM-5:50AM ET",2026-08-12T09:50:00Z,2026-08-12T09:45:00Z,63980.03485114296,Up,"[""1"", ""0""]",0.999,53472.563238,,0.49,0.01,resolved,0x6407a9da5aa33f088e47434488fac01f8c9cdd625241be20d735eb1410c33da4,https://data.chain.link/streams/btc-usd-twap-30s-streams,,
doge-updown-5m-1786527900,DOGE,"Dogecoin Up or Down - August 12, 5:45AM-5:50AM ET",2026-08-12T09:50:00Z,2026-08-12T09:45:00Z,0.07184734313100025,Up,"[""1"", ""0""]",0.99,902.534039,,0.285,0.01,resolved,0x856b585c0817e5e4cafc1e4424303e956c4844d7b235bbd92fd4875dbcec2319,https://data.chain.link/streams/doge-usd-twap-30s-streams,,
eth-updown-5m-1786527900,ETH,"Ethereum Up or Down - August 12, 5:45AM-5:50AM ET",2026-08-12T09:50:00Z,2026-08-12T09:45:00Z,1903.0777757659184,Down,"[""0"", ""1""]",0.01,6424.872620000001,,-0.5,0.01,resolved,0x952de8bf72581a9a868797a9a137881465669c249710fd22f81cd404a60b6e33,https://data.chain.link/streams/eth-usd-twap-30s-streams,,
hype-updown-5m-1786527900,HYPE,"Hyperliquid Up or Down - August 12, 5:45AM-5:50AM ET",2026-08-12T09:50:00Z,2026-08-12T09:45:00Z,55.316189997694536,Up,"[""1"", ""0""]",0.99,,,0.495,0.01,resolved,0xf8dc350d3baeb7ae387481dadb524da1449056adb85fd086336c2eee277bf2e6,https://data.chain.link/streams/hype-usd-twap-30s-streams,,
sol-updown-5m-1786527900,SOL,"Solana Up or Down - August 12, 5:45AM-5:50AM ET",2026-08-12T09:50:00Z,2026-08-12T09:45:00Z,76.68758835055745,Down,"[""0"", ""1""]",0.04,1870.9495120000001,,-0.5,0.01,resolved,0x5d35121d1c0569b1224989724cc50e2950f313e1f8ed5275212fc9b818878488,https://data.chain.link/streams/sol-usd-twap-30s-streams,,
xrp-updown-5m-1786527900,XRP,"XRP Up or Down - August 12, 5:45AM-5:50AM ET",2026-08-12T09:50:00Z,2026-08-12T09:45:00Z,1.022336594234607,Up,"[""1"", ""0""]",0.99,511.10573,,0.49,0.01,resolved,0xbebf63b4dd7a37d5faf5de76649ac39fdfc33c6e539714d87a0599bb2a9ac7bf,https://data.chain.link/streams/xrp-usd-twap-30s-streams,,
zec-updown-5m-1786527900,ZEC,"ZCash Up or Down - August 12, 5:45AM-5:50AM ET",2026-08-12T09:50:00Z,2026-08-12T09:45:00Z,479.09858293350464,Up,"[""1"", ""0""]",,,,,0.96,resolved,0x3ef690843e8ab626c165e0f0b0d2b1d106d91b8f2fe3338cbdef41ec8df997bd,https://data.chain.link/streams/zec-usd-twap-30s-streams,,
bnb-updown-5m-1786528200,BNB,"BNB Up or Down - August 12, 5:50AM-5:55AM ET",2026-08-12T09:55:00Z,2026-08-12T09:50:00Z,612.581797848148,Up,"[""1"", ""0""]",0.98,632.235604,,0.49,0.01,resolved,0xff2dc518a3b849746a330e192f59cf8ebe8114dc960b8a6cd8769b829f574980,https://data.chain.link/streams/bnb-usd-twap-30s-streams,,
btc-updown-5m-1786528200,BTC,"Bitcoin Up or Down - August 12, 5:50AM-5:55AM ET",2026-08-12T09:55:00Z,2026-08-12T09:50:00Z,63999.4856591408,Down,"[""0"", ""1""]",0.01,81311.78515999994,,-0.5,0.01,resolved,0xfcfdc171d99c41c2b7fce3b3410984e12692a905304abd4b23f21595531bc9ae,https://data.chain.link/streams/btc-usd-twap-30s-streams,,
doge-updown-5m-1786528200,DOGE,"Dogecoin Up or Down - August 12, 5:50AM-5:55AM ET",2026-08-12T09:55:00Z,2026-08-12T09:50:00Z,0.07185307708228823,Up,"[""1"", ""0""]",0.99,170.10669799999997,,0.495,0.01,resolved,0x26ae39ad4d054a11173d587fc49d4193f816a05f54e177e9e405f30514180bfc,https://data.chain.link/streams/doge-usd-twap-30s-streams,,
eth-updown-5m-1786528200,ETH,"Ethereum Up or Down - August 12, 5:50AM-5:55AM ET",2026-08-12T09:55:00Z,2026-08-12T09:50:00Z,1902.532449229555,Down,"[""0"", ""1""]",0.01,6075.649632999999,,-0.5,0.01,resolved,0xdeb4e3857b28ab0350b3e87ccb097e8fc8cdb7c4fb901db6684c1529bf8c6e43,https://data.chain.link/streams/eth-usd-twap-30s-streams,,
hype-updown-5m-1786528200,HYPE,"Hyperliquid Up or Down - August 12, 5:50AM-5:55AM ET",2026-08-12T09:55:00Z,2026-08-12T09:50:00Z,55.341850249939384,Down,"[""0"", ""1""]",0.36,,,-0.495,0.01,resolved,0x86b2f99fb43b6e567c6c4d396e960ed37a49bb64f08c86054324370a36931fc2,https://data.chain.link/streams/hype-usd-twap-30s-streams,,
sol-updown-5m-1786528200,SOL,"Solana Up or Down - August 12, 5:50AM-5:55AM ET",2026-08-12T09:55:00Z,2026-08-12T09:50:00Z,76.6573105322844,Down,"[""0"", ""1""]",0.01,2067.1719350000003,,-0.495,0.01,resolved,0x061d467ecf08901078b610d5efdc31bc34a3182923fc8b6ac0e3c357fb868498,https://data.chain.link/streams/sol-usd-twap-30s-streams,,
xrp-updown-5m-1786528200,XRP,"XRP Up or Down - August 12, 5:50AM-5:55AM ET",2026-08-12T09:55:00Z,2026-08-12T09:50:00Z,1.023053004535593,Down,"[""0"", ""1""]",0.06,1179.2489779999999,,-0.5,0.01,resolved,0xa4444839284e4c0f596e2d805a5f3e5e254d01807ef01ff7e9a29bd5291a8314,https://data.chain.link/streams/xrp-usd-twap-30s-streams,,
zec-updown-5m-1786528200,ZEC,"ZCash Up or Down - August 12, 5:50AM-5:55AM ET",2026-08-12T09:55:00Z,2026-08-12T09:50:00Z,479.47932981881195,Down,"[""0"", ""1""]",,,,-0.5,0.01,resolved,0xbd5e9798cd6ea8d16df7e6eee548e37fc16bb7bcde2489e640c536ba668d1ed8,https://data.chain.link/streams/zec-usd-twap-30s-streams,,
bnb-updown-5m-1786528500,BNB,"BNB Up or Down - August 12, 5:55AM-6:00AM ET",2026-08-12T10:00:00Z,2026-08-12T09:55:00Z,612.7789866193565,Up,"[""1"", ""0""]",0.99,215.72002799999999,1.960783,0.4945,0.001,resolved,0x82011c1048c564308870c7afc64ffd76411ea41c5e87fc5d0faa1f31f9802b1e,https://data.chain.link/streams/bnb-usd-twap-30s-streams,,
btc-updown-5m-1786528500,BTC,"Bitcoin Up or Down - August 12, 5:55AM-6:00AM ET",2026-08-12T10:00:00Z,2026-08-12T09:55:00Z,63999.17453119589,Up,"[""1"", ""0""]",0.999,33875.086850000014,109.80392,0.4945,0.001,resolved,0x9234c9f720d52c36a40ebea36499641280e6a1fb373750176091903a29400ee5,https://data.chain.link/streams/btc-usd-twap-30s-streams,,
doge-updown-5m-1786528500,DOGE,"Dogecoin Up or Down - August 12, 5:55AM-6:00AM ET",2026-08-12T10:00:00Z,2026-08-12T09:55:00Z,0.07191746352336749,Up,"[""1"", ""0""]",0.99,201.98245,,0.4995,0.001,resolved,0x429924f9ea49343ff03e54f96bb70c5793049199e9ef7b47cf9b34fd815b3524,https://data.chain.link/streams/doge-usd-twap-30s-streams,,
eth-updown-5m-1786528500,ETH,"Ethereum Up or Down - August 12, 5:55AM-6:00AM ET",2026-08-12T10:00:00Z,2026-08-12T09:55:00Z,1901.9609880792405,Up,"[""1"", ""0""]",0.99,3570.062877,25.862741,0.4945,0.001,resolved,0x2381497aaf207a2a010a836199808ed1d5882e962a6a59b168389ba8b889a4c8,https://data.chain.link/streams/eth-usd-twap-30s-streams,,
hype-updown-5m-1786528500,HYPE,"Hyperliquid Up or Down - August 12, 5:55AM-6:00AM ET",2026-08-12T10:00:00Z,2026-08-12T09:55:00Z,55.306874782149755,Down,"[""0"", ""1""]",0.26,67.60668,,-0.4995,0.001,resolved,0xba57f23b1c8195f83f5565bbc9bb9d4c237281a6b14a5762756f2a0e2249f7bf,https://data.chain.link/streams/hype-usd-twap-30s-streams,,
sol-updown-5m-1786528500,SOL,"Solana Up or Down - August 12, 5:55AM-6:00AM ET",2026-08-12T10:00:00Z,2026-08-12T09:55:00Z,76.64702374974358,Up,"[""1"", ""0""]",0.99,1425.074432,24.607836,0.4945,0.001,resolved,0x8f8c0a199c7399a1c13bfea36f212ddba2c6ab682a0ba4869f738f1e9a727f8f,https://data.chain.link/streams/sol-usd-twap-30s-streams,,
xrp-updown-5m-1786528500,XRP,"XRP Up or Down - August 12, 5:55AM-6:00AM ET",2026-08-12T10:00:00Z,2026-08-12T09:55:00Z,1.0226367013479851,Up,"[""1"", ""0""]",0.99,1020.500608,11.960783,0.4945,0.001,resolved,0xff5eb9c23aa0df1fdb29e80627faa5ea4ee79d0c0873461fb076c253e1b1179a,https://data.chain.link/streams/xrp-usd-twap-30s-streams,,
zec-updown-5m-1786528500,ZEC,"ZCash Up or Down - August 12, 5:55AM-6:00AM ET",2026-08-12T10:00:00Z,2026-08-12T09:55:00Z,478.9232597804638,Up,"[""1"", ""0""]",0.99,,,0.495,0.01,resolved,0xe0fa306c95486c24057ae592c6de3b4897a39ed5aeb864262373b6eeed9c6af4,https://data.chain.link/streams/zec-usd-twap-30s-streams,,
bnb-updown-5m-1786528800,BNB,"BNB Up or Down - August 12, 6:00AM-6:05AM ET",2026-08-12T10:05:00Z,2026-08-12T10:00:00Z,613.0820626372052,Down,"[""0"", ""1""]",0.17,908.1434099999999,,-0.5,0.01,resolved,0x84ada074d818c70c07e7446d49c2b9d60d3f4dabaaf568ae289691a33512ccb5,https://data.chain.link/streams/bnb-usd-twap-30s-streams,,
btc-updown-5m-1786528800,BTC,"Bitcoin Up or Down - August 12, 6:00AM-6:05AM ET",2026-08-12T10:05:00Z,2026-08-12T10:00:00Z,64046.27099740317,Up,"[""1"", ""0""]",0.999,55661.00792799996,170.843136,0.4945,0.001,resolved,0x8332a4387f9d2db4f81c375cdf9cd4f3ba81d3ec1fe4ebe9befb25946005238d,https://data.chain.link/streams/btc-usd-twap-30s-streams,,
doge-updown-5m-1786528800,DOGE,"Dogecoin Up or Down - August 12, 6:00AM-6:05AM ET",2026-08-12T10:05:00Z,2026-08-12T10:00:00Z,0.07195141796427428,Up,"[""1"", ""0""]",0.999,915.080267,,0.4995,0.001,resolved,0x2e037e7090549c47b429566c39af5ec66790ec634cd28e8eb393d8ef3aff6468,https://data.chain.link/streams/doge-usd-twap-30s-streams,,
eth-updown-5m-1786528800,ETH,"Ethereum Up or Down - August 12, 6:00AM-6:05AM ET",2026-08-12T10:05:00Z,2026-08-12T10:00:00Z,1903.8557727974003,Up,"[""1"", ""0""]",0.999,3034.318976,5,0.4945,0.001,resolved,0x241e67eee3d8f4d830c7b6975e2ef36ed1a9b9ad47e367db4e36b8d2a0984ee3,https://data.chain.link/streams/eth-usd-twap-30s-streams,,
hype-updown-5m-1786528800,HYPE,"Hyperliquid Up or Down - August 12, 6:00AM-6:05AM ET",2026-08-12T10:05:00Z,2026-08-12T10:00:00Z,55.27587799999998,Up,"[""1"", ""0""]",0.99,,,0.495,0.01,resolved,0x9235a85f30a5b319d06fafd8d916f5c9f6c0e2a1e9afeea274d0c513f3a7a1eb,https://data.chain.link/streams/hype-usd-twap-30s-streams,,
sol-updown-5m-1786528800,SOL,"Solana Up or Down - August 12, 6:00AM-6:05AM ET",2026-08-12T10:05:00Z,2026-08-12T10:00:00Z,76.6761406332223,Up,"[""1"", ""0""]",0.99,3775.335946000001,5,0.49,0.01,resolved,0x54690f2aae3aea85ee7719f51957a99fa2e3d982f588ff6866e7c57c86226fe8,https://data.chain.link/streams/sol-usd-twap-30s-streams,,
xrp-updown-5m-1786528800,XRP,"XRP Up or Down - August 12, 6:00AM-6:05AM ET",2026-08-12T10:05:00Z,2026-08-12T10:00:00Z,1.023138500762219,Down,"[""0"", ""1""]",0.18,1717.6379880000002,,-0.5,0.01,resolved,0xf97ec835048bf344896c07e57c062a4d5bb3014250eebb70b18ec8a1d0c0eba4,https://data.chain.link/streams/xrp-usd-twap-30s-streams,,
zec-updown-5m-1786528800,ZEC,"ZCash Up or Down - August 12, 6:00AM-6:05AM ET",2026-08-12T10:05:00Z,2026-08-12T10:00:00Z,479.17030839101386,Up,"[""1"", ""0""]",0.99,,,0.495,0.01,resolved,0x4cb69cabb0b76b566b43054cae844f26c7862d57b7471b38a79b2d464893071a,https://data.chain.link/streams/zec-usd-twap-30s-streams,,
bnb-updown-5m-1786529100,BNB,"BNB Up or Down - August 12, 6:05AM-6:10AM ET",2026-08-12T10:10:00Z,2026-08-12T10:05:00Z,613.073927007406,Down,"[""0"", ""1""]",0.05,888.242452,,-0.5,0.01,resolved,0x4711ef32466ab5cc140424ebe006f40571c19a9316634aa13d1a5b46ee7ef27b,https://data.chain.link/streams/bnb-usd-twap-30s-streams,,
btc-updown-5m-1786529100,BTC,"Bitcoin Up or Down - August 12, 6:05AM-6:10AM ET",2026-08-12T10:10:00Z,2026-08-12T10:05:00Z,64089.14963603846,Down,"[""0"", ""1""]",0.01,65502.183435999985,66,-0.5045,0.001,resolved,0xa4cd91f920bf174f9022717dea1c3317a2565ac06d553c3299a49c2ae29e5285,https://data.chain.link/streams/btc-usd-twap-30s-streams,,
doge-updown-5m-1786529100,DOGE,"Dogecoin Up or Down - August 12, 6:05AM-6:10AM ET",2026-08-12T10:10:00Z,2026-08-12T10:05:00Z,0.07198994095537255,Down,"[""0"", ""1""]",0.08,278.15979,,-0.4995,0.001,resolved,0x3c7a0e3f6757b27dd2a3d98b58cee2faa3da04d8cb0dd69e3259bc1a267457de,https://data.chain.link/streams/doge-usd-twap-30s-streams,,
eth-updown-5m-1786529100,ETH,"Ethereum Up or Down - August 12, 6:05AM-6:10AM ET",2026-08-12T10:10:00Z,2026-08-12T10:05:00Z,1909.214830807038,Down,"[""0"", ""1""]",0.01,7654.763067999997,5,-0.5,0.01,resolved,0x1d7f10ee3a14bfba3ab2fac7e23476b2442ffb8d90b3c2b09dcd89561cb5b709,https://data.chain.link/streams/eth-usd-twap-30s-streams,,
hype-updown-5m-1786529100,HYPE,"Hyperliquid Up or Down - August 12, 6:05AM-6:10AM ET",2026-08-12T10:10:00Z,2026-08-12T10:05:00Z,55.31316309609135,Down,"[""0"", ""1""]",0.04,,,-0.4945,0.001,resolved,0xb4d3d69699892fde0aa1bcdd8cf20fa9d6db0aef5e92348dee053e82f41e9ef9,https://data.chain.link/streams/hype-usd-twap-30s-streams,,
sol-updown-5m-1786529100,SOL,"Solana Up or Down - August 12, 6:05AM-6:10AM ET",2026-08-12T10:10:00Z,2026-08-12T10:05:00Z,76.68269730689875,Down,"[""0"", ""1""]",0.05,986.246203,,-0.5045,0.001,resolved,0xd5786ab01702ec9dcbf16ca9ccbd887719ad4ec35a52473373b07f36129f2f77,https://data.chain.link/streams/sol-usd-twap-30s-streams,,
xrp-updown-5m-1786529100,XRP,"XRP Up or Down - August 12, 6:05AM-6:10AM ET",2026-08-12T10:10:00Z,2026-08-12T10:05:00Z,1.0228126194183693,Down,"[""0"", ""1""]",0.08,849.426785,,-0.5045,0.001,resolved,0xba63a117e08b1d7df1f1ad585a9bb45b03e80e299b30956b0ff87253f0265307,https://data.chain.link/streams/xrp-usd-twap-30s-streams,,
zec-updown-5m-1786529100,ZEC,"ZCash Up or Down - August 12, 6:05AM-6:10AM ET",2026-08-12T10:10:00Z,2026-08-12T10:05:00Z,479.3675400545592,Up,"[""1"", ""0""]",0.99,,,0.49,0.01,resolved,0x40c299c18254258cad5cc10f17aca3ea95d99c319dab740de02bc666dc765ced,https://data.chain.link/streams/zec-usd-twap-30s-streams,,
bnb-updown-5m-1786529400,BNB,"BNB Up or Down - August 12, 6:10AM-6:15AM ET",2026-08-12T10:15:00Z,2026-08-12T10:10:00Z,613.0529870190172,Up,"[""1"", ""0""]",0.99,428.41739500000006,,0.49,0.01,resolved,0xc74b3549d484694c054e39716743cd0a008cd9b727f6e4726004f305dbc69d2f,https://data.chain.link/streams/bnb-usd-twap-30s-streams,,
btc-updown-5m-1786529400,BTC,"Bitcoin Up or Down - August 12, 6:10AM-6:15AM ET",2026-08-12T10:15:00Z,2026-08-12T10:10:00Z,64058.77786413269,Up,"[""1"", ""0""]",0.99,51204.18413999992,6,0.49,0.01,resolved,0x3cd44af4b01bd45ff7a0b09961cdcca15d79bbb5eec42654ea496ed5157f3e70,https://data.chain.link/streams/btc-usd-twap-30s-streams,,
doge-updown-5m-1786529400,DOGE,"Dogecoin Up or Down - August 12, 6:10AM-6:15AM ET",2026-08-12T10:15:00Z,2026-08-12T10:10:00Z,0.07187607982904363,Up,"[""1"", ""0""]",0.99,479.55276699999996,,0.495,0.01,resolved,0xd58907576b9fe0213eee4aec39860b3419408429e29a839e9bf5ff3bdc757296,https://data.chain.link/streams/doge-usd-twap-30s-streams,,
eth-updown-5m-1786529400,ETH,"Ethereum Up or Down - August 12, 6:10AM-6:15AM ET",2026-08-12T10:15:00Z,2026-08-12T10:10:00Z,1909.13878272558,Up,"[""1"", ""0""]",0.99,6104.392899000001,,0.4945,0.001,resolved,0x0fc31e7f3ab749b3371f94a8ea3103b7ebec4b9cbf6ffd27fe9f11f2acad474e,https://data.chain.link/streams/eth-usd-twap-30s-streams,,
hype-updown-5m-1786529400,HYPE,"Hyperliquid Up or Down - August 12, 6:10AM-6:15AM ET",2026-08-12T10:15:00Z,2026-08-12T10:10:00Z,55.24156303333336,Down,"[""0"", ""1""]",0.01,175.368992,,-0.495,0.01,resolved,0xf95b55270234173d7d44808c2e3255137a2fcde95ac965c50502f5fc03a4504e,https://data.chain.link/streams/hype-usd-twap-30s-streams,,
sol-updown-5m-1786529400,SOL,"Solana Up or Down - August 12, 6:10AM-6:15AM ET",2026-08-12T10:15:00Z,2026-08-12T10:10:00Z,76.62129516988998,Up,"[""1"", ""0""]",0.99,897.0869190000002,,0.4945,0.001,resolved,0x927fba27dde877f801788fe11c5d8b18e30ed635dd484923f47cf056c895fa6c,https://data.chain.link/streams/sol-usd-twap-30s-streams,,
xrp-updown-5m-1786529400,XRP,"XRP Up or Down - August 12, 6:10AM-6:15AM ET",2026-08-12T10:15:00Z,2026-08-12T10:10:00Z,1.0223799026293061,Up,"[""1"", ""0""]",0.999,985.5453169999997,,0.4945,0.001,resolved,0x348fdeeca4d156e6bc5ad823d46cff151e3f78869377aef3668fb68683fe14fa,https://data.chain.link/streams/xrp-usd-twap-30s-streams,,
zec-updown-5m-1786529400,ZEC,"ZCash Up or Down - August 12, 6:10AM-6:15AM ET",2026-08-12T10:15:00Z,2026-08-12T10:10:00Z,480.81758921628153,Up,"[""1"", ""0""]",0.99,,,0.495,0.01,resolved,0xf680a21e133cc82bffb82425ba0d0ff6951597030f4b553ed0e45f7f47bc7f2b,https://data.chain.link/streams/zec-usd-twap-30s-streams,,
bnb-updown-5m-1786529700,BNB,"BNB Up or Down - August 12, 6:15AM-6:20AM ET",2026-08-12T10:20:00Z,2026-08-12T10:15:00Z,613.1436105138833,Down,"[""0"", ""1""]",0.05,565.6569669999999,,-0.5045,0.001,resolved,0xf9a11c36b5a93e7943fba54812b5f50d27d65637b31363408f67d839a2bba23d,https://data.chain.link/streams/bnb-usd-twap-30s-streams,,
btc-updown-5m-1786529700,BTC,"Bitcoin Up or Down - August 12, 6:15AM-6:20AM ET",2026-08-12T10:20:00Z,2026-08-12T10:15:00Z,64067.50953601118,Down,"[""0"", ""1""]",0.001,46781.881882,,-0.5045,0.001,resolved,0x732c31549d5ea75f757611c12195f4ee2fa8e2e7bae4825310cdbac468d95934,https://data.chain.link/streams/btc-usd-twap-30s-streams,,
doge-updown-5m-1786529700,DOGE,"Dogecoin Up or Down - August 12, 6:15AM-6:20AM ET",2026-08-12T10:20:00Z,2026-08-12T10:15:00Z,0.07191440012986884,Down,"[""0"", ""1""]",0.06,346.692447,,-0.4995,0.001,resolved,0xbd413ec34a6218b9e891d924f46f5704dae82013523d23d949dd1626fbd43a76,https://data.chain.link/streams/doge-usd-twap-30s-streams,,
eth-updown-5m-1786529700,ETH,"Ethereum Up or Down - August 12, 6:15AM-6:20AM ET",2026-08-12T10:20:00Z,2026-08-12T10:15:00Z,1910.039761134772,Down,"[""0"", ""1""]",0.001,9958.998375000001,,-0.5045,0.001,resolved,0x2ca4ae13087f48cc2de80d4d833b16a5f18bbfe48c3b8c17eb57f5c453e0bc94,https://data.chain.link/streams/eth-usd-twap-30s-streams,,
hype-updown-5m-1786529700,HYPE,"Hyperliquid Up or Down - August 12, 6:15AM-6:20AM ET",2026-08-12T10:20:00Z,2026-08-12T10:15:00Z,55.239864583333144,Down,"[""0"", ""1""]",0.26,,,-0.4995,0.001,resolved,0x17d1d846e18929cee06e7a3eb433f3519438df477f1f05f3436835b4d6a6aeed,https://data.chain.link/streams/hype-usd-twap-30s-streams,,
sol-updown-5m-1786529700,SOL,"Solana Up or Down - August 12, 6:15AM-6:20AM ET",2026-08-12T10:20:00Z,2026-08-12T10:15:00Z,76.75145110141644,Down,"[""0"", ""1""]",0.03,1770.8829559999997,,-0.4995,0.001,resolved,0xbdb3d4d23087ac4d805a0b285b8e8ca581828c5faa0bc53577e1213161379959,https://data.chain.link/streams/sol-usd-twap-30s-streams,,
xrp-updown-5m-1786529700,XRP,"XRP Up or Down - August 12, 6:15AM-6:20AM ET",2026-08-12T10:20:00Z,2026-08-12T10:15:00Z,1.0230190410597995,Down,"[""0"", ""1""]",0.01,630.355463,,-0.5045,0.001,resolved,0x77bf948476a8200bde21deafabe0a95635b6f356a2f972aef5937ec7b482ece8,https://data.chain.link/streams/xrp-usd-twap-30s-streams,,
zec-updown-5m-1786529700,ZEC,"ZCash Up or Down - August 12, 6:15AM-6:20AM ET",2026-08-12T10:20:00Z,2026-08-12T10:15:00Z,482.3379585605874,Down,"[""0"", ""1""]",,,,-0.495,0.01,resolved,0xcf47a1e540704cb8696682bcdb501fdbedcabd5e01ee66f1fa1c5087f944a630,https://data.chain.link/streams/zec-usd-twap-30s-streams,,
bnb-updown-5m-1786530000,BNB,"BNB Up or Down - August 12, 6:20AM-6:25AM ET",2026-08-12T10:25:00Z,2026-08-12T10:20:00Z,612.9498612930328,Up,"[""1"", ""0""]",0.99,,,0.4995,0.001,resolved,0x071dc09ee01c0c2c904d29c741274c1e9ca5534912c19f83d46253e0b9fd6a36,https://data.chain.link/streams/bnb-usd-twap-30s-streams,,
btc-updown-5m-1786530000,BTC,"Bitcoin Up or Down - August 12, 6:20AM-6:25AM ET",2026-08-12T10:25:00Z,2026-08-12T10:20:00Z,64009.31676626493,Up,"[""1"", ""0""]",0.999,55223.319235999945,106.548678,0.4945,0.001,resolved,0x19d1348b79e020e67f9e5cb65de0de461a84ce5480c84890828eb40c5ce3d7b7,https://data.chain.link/streams/btc-usd-twap-30s-streams,,
doge-updown-5m-1786530000,DOGE,"Dogecoin Up or Down - August 12, 6:20AM-6:25AM ET",2026-08-12T10:25:00Z,2026-08-12T10:20:00Z,0.07187218717462883,Up,"[""1"", ""0""]",0.99,,,0.495,0.01,resolved,0xd25513dfeca6bbae9271bdf62d325b9d129d4bdbe4dff6a5f4734b7efd1e334e,https://data.chain.link/streams/doge-usd-twap-30s-streams,,
eth-updown-5m-1786530000,ETH,"Ethereum Up or Down - August 12, 6:20AM-6:25AM ET",2026-08-12T10:25:00Z,2026-08-12T10:20:00Z,1909.8705431694848,Up,"[""1"", ""0""]",0.999,3974.4103339999997,,0.4995,0.001,resolved,0xf3f4cd65559740eab5d86aad7bb42771f7b3204ce7d3cfbc3ae30ec6a57fc39d,https://data.chain.link/streams/eth-usd-twap-30s-streams,,
hype-updown-5m-1786530000,HYPE,"Hyperliquid Up or Down - August 12, 6:20AM-6:25AM ET",2026-08-12T10:25:00Z,2026-08-12T10:20:00Z,55.17207559806479,Up,"[""1"", ""0""]",0.999,,,0.4995,0.001,resolved,0xbd665a3213129534152149932e43df702c4d4009a5b029ef0fd4b2dc7c5a1b40,https://data.chain.link/streams/hype-usd-twap-30s-streams,,
sol-updown-5m-1786530000,SOL,"Solana Up or Down - August 12, 6:20AM-6:25AM ET",2026-08-12T10:25:00Z,2026-08-12T10:20:00Z,76.69456783610602,Up,"[""1"", ""0""]",0.999,954.9557849999999,,0.4945,0.001,resolved,0x34954aef68945fddf83be3bfdc82170393c9f1ae71c189d0111354e89bf6c0c6,https://data.chain.link/streams/sol-usd-twap-30s-streams,,
xrp-updown-5m-1786530000,XRP,"XRP Up or Down - August 12, 6:20AM-6:25AM ET",2026-08-12T10:25:00Z,2026-08-12T10:20:00Z,1.0221849949482447,Down,"[""0"", ""1""]",0.02,809.4981270000002,,-0.5,0.01,resolved,0xa2fe1e7fdc7e0c40d23d03eb360544d147abc1e1538344551a6463becca9d38b,https://data.chain.link/streams/xrp-usd-twap-30s-streams,,
zec-updown-5m-1786530000,ZEC,"ZCash Up or Down - August 12, 6:20AM-6:25AM ET",2026-08-12T10:25:00Z,2026-08-12T10:20:00Z,481.07408288807267,Up,"[""1"", ""0""]",0.99,,,0.495,0.01,resolved,0xd88e12fcc5c1b417a0241cd11464b4dcea8925c9a6153da90bb39b14254e1ed2,https://data.chain.link/streams/zec-usd-twap-30s-streams,,
bnb-updown-5m-1786530300,BNB,"BNB Up or Down - August 12, 6:25AM-6:30AM ET",2026-08-12T10:30:00Z,2026-08-12T10:25:00Z,613.7423028937818,Down,"[""0"", ""1""]",0.05,351.420983,,-0.5045,0.001,resolved,0x7055067c5c23039401e57480e56baa13c434dfdf6af64b63115fd881e3b08de6,https://data.chain.link/streams/bnb-usd-twap-30s-streams,,
btc-updown-5m-1786530300,BTC,"Bitcoin Up or Down - August 12, 6:25AM-6:30AM ET",2026-08-12T10:30:00Z,2026-08-12T10:25:00Z,64033.68390438551,Down,"[""0"", ""1""]",0.001,55465.367198000036,,-0.5045,0.001,resolved,0x869374aa782d69b49360f59baa0ca9a27d17dc999cb34aa1264bbbdedbdc59e9,https://data.chain.link/streams/btc-usd-twap-30s-streams,,
doge-updown-5m-1786530300,DOGE,"Dogecoin Up or Down - August 12, 6:25AM-6:30AM ET",2026-08-12T10:30:00Z,2026-08-12T10:25:00Z,0.07187418123573065,Down,"[""0"", ""1""]",0.1,337.638166,,-0.4995,0.001,resolved,0xe380e46ef69b45ffc8e91be69e97a72397909caebe8a800d5fb9f71295eeab05,https://data.chain.link/streams/doge-usd-twap-30s-streams,,
eth-updown-5m-1786530300,ETH,"Ethereum Up or Down - August 12, 6:25AM-6:30AM ET",2026-08-12T10:30:00Z,2026-08-12T10:25:00Z,1911.403162841489,Down,"[""0"", ""1""]",0.01,2935.4619,,-0.5045,0.001,resolved,0x036d9f2e3e63f0e2fb29dd9197244429af9d271d479b53eccae661a880695bd3,https://data.chain.link/streams/eth-usd-twap-30s-streams,,
hype-updown-5m-1786530300,HYPE,"Hyperliquid Up or Down - August 12, 6:25AM-6:30AM ET",2026-08-12T10:30:00Z,2026-08-12T10:25:00Z,55.31515897752946,Down,"[""0"", ""1""]",0.51,119.77749400000002,,-0.4995,0.001,resolved,0x5bcee52442638ef505f4d0d6a950b338f91c508dad80c9ad156a54fc83d968fd,https://data.chain.link/streams/hype-usd-twap-30s-streams,,
sol-updown-5m-1786530300,SOL,"Solana Up or Down - August 12, 6:25AM-6:30AM ET",2026-08-12T10:30:00Z,2026-08-12T10:25:00Z,76.75212191131453,Down,"[""0"", ""1""]",0.05,851.3138150000003,,-0.5045,0.001,resolved,0x7c59d70746bc2ae95de418501440109714b8032e5c1677c629b8b4d83090ff25,https://data.chain.link/streams/sol-usd-twap-30s-streams,,
xrp-updown-5m-1786530300,XRP,"XRP Up or Down - August 12, 6:25AM-6:30AM ET",2026-08-12T10:30:00Z,2026-08-12T10:25:00Z,1.021552223226804,Down,"[""0"", ""1""]",0.07,780.0445499999998,,-0.5045,0.001,resolved,0xe283e9734924aea57ba4f2350f0a5feaeeb37af851719a16780df4b20ee06389,https://data.chain.link/streams/xrp-usd-twap-30s-streams,,
zec-updown-5m-1786530300,ZEC,"ZCash Up or Down - August 12, 6:25AM-6:30AM ET",2026-08-12T10:30:00Z,2026-08-12T10:25:00Z,481.6483104054455,Down,"[""0"", ""1""]",,,,-0.495,0.01,resolved,0x3795afc1a73e2795ef1891de3a237ec2b0c1e41c3d016666aa262fd92b57d2ad,https://data.chain.link/streams/zec-usd-twap-30s-streams,,
bnb-updown-5m-1786530600,BNB,"BNB Up or Down - August 12, 6:30AM-6:35AM ET",2026-08-12T10:35:00Z,2026-08-12T10:30:00Z,613.3857448544031,Up,"[""1"", ""0""]",0.99,632.997616,,0.49,0.01,resolved,0x0c615642dde3ed102831797f31d766a3edb479f43723b5678bc7491ab1c14112,https://data.chain.link/streams/bnb-usd-twap-30s-streams,,
btc-updown-5m-1786530600,BTC,"Bitcoin Up or Down - August 12, 6:30AM-6:35AM ET",2026-08-12T10:35:00Z,2026-08-12T10:30:00Z,64008.66463759189,Up,"[""1"", ""0""]",0.999,38103.91490299999,,0.4945,0.001,resolved,0xb612c7b92d8e9168bf108cca9aeeff93d37aeb81e11d44fdf4e32092423417a2,https://data.chain.link/streams/btc-usd-twap-30s-streams,,
doge-updown-5m-1786530600,DOGE,"Dogecoin Up or Down - August 12, 6:30AM-6:35AM ET",2026-08-12T10:35:00Z,2026-08-12T10:30:00Z,0.07182858652199554,Up,"[""1"", ""0""]",0.99,,,0.4995,0.001,resolved,0xb06c811ca9355e48c99c99dd89ec9d43fc092be0dc091b6d230695881aa00abd,https://data.chain.link/streams/doge-usd-twap-30s-streams,,
eth-updown-5m-1786530600,ETH,"Ethereum Up or Down - August 12, 6:30AM-6:35AM ET",2026-08-12T10:35:00Z,2026-08-12T10:30:00Z,1909.2499504283057,Up,"[""1"", ""0""]",0.99,2912.800878,,0.4945,0.001,resolved,0x3b90ebf35a809236af4edc5c29a6f01cc9e2e332b4dfa8e23812ca0d1e19ebee,https://data.chain.link/streams/eth-usd-twap-30s-streams,,
hype-updown-5m-1786530600,HYPE,"Hyperliquid Up or Down - August 12, 6:30AM-6:35AM ET",2026-08-12T10:35:00Z,2026-08-12T10:30:00Z,55.27069873115656,Up,"[""1"", ""0""]",0.999,,,0.4995,0.001,resolved,0x7956d44331b90071038605877aba215478ecf27fc70811f8ab6ade7fa1bfb8a8,https://data.chain.link/streams/hype-usd-twap-30s-streams,,
sol-updown-5m-1786530600,SOL,"Solana Up or Down - August 12, 6:30AM-6:35AM ET",2026-08-12T10:35:00Z,2026-08-12T10:30:00Z,76.69232748333334,Up,"[""1"", ""0""]",0.99,1464.4195179999997,,0.4945,0.001,resolved,0x81478c7f1bb67283279ee78e4e30650b8d9475f3960b649b4dd596e0a145e725,https://data.chain.link/streams/sol-usd-twap-30s-streams,,
xrp-updown-5m-1786530600,XRP,"XRP Up or Down - August 12, 6:30AM-6:35AM ET",2026-08-12T10:35:00Z,2026-08-12T10:30:00Z,1.0208722851089695,Up,"[""1"", ""0""]",0.99,878.4576720000001,,0.4945,0.001,resolved,0xe900480a135e4f88a91f8c3e8eca7041f299afb399f9758e6ce7885156675cba,https://data.chain.link/streams/xrp-usd-twap-30s-streams,,
zec-updown-5m-1786530600,ZEC,"ZCash Up or Down - August 12, 6:30AM-6:35AM ET",2026-08-12T10:35:00Z,2026-08-12T10:30:00Z,481.3325678967823,Up,"[""1"", ""0""]",0.99,,,0.4995,0.001,resolved,0x5d0a9feb545d575eac51b5dac3ff33a501e0cefae2ffa8a301b904ce9bf7e4f1,https://data.chain.link/streams/zec-usd-twap-30s-streams,,
bnb-updown-5m-1786530900,BNB,"BNB Up or Down - August 12, 6:35AM-6:40AM ET",2026-08-12T10:40:00Z,2026-08-12T10:35:00Z,613.4724393665574,Down,"[""0"", ""1""]",0.09,,,-0.5045,0.001,resolved,0x8f77784597971eb1bbc9e706362d717c6528b4efb74142725a06daf873463ce4,https://data.chain.link/streams/bnb-usd-twap-30s-streams,,
btc-updown-5m-1786530900,BTC,"Bitcoin Up or Down - August 12, 6:35AM-6:40AM ET",2026-08-12T10:40:00Z,2026-08-12T10:35:00Z,64072.47427435073,Down,"[""0"", ""1""]",0.001,51561.10270499998,,-0.5045,0.001,resolved,0xab5882b3cded5bb9b77f915c5d21fbf7b49e476d0e40ee343dc571ad67b1a7c1,https://data.chain.link/streams/btc-usd-twap-30s-streams,,
doge-updown-5m-1786530900,DOGE,"Dogecoin Up or Down - August 12, 6:35AM-6:40AM ET",2026-08-12T10:40:00Z,2026-08-12T10:35:00Z,0.07189662650834311,Down,"[""0"", ""1""]",0.001,,,-0.4995,0.001,resolved,0xc9f46f369505c5358288a96264123d5bd5a0ece17f51c7f5f33e3ef6797c72cd,https://data.chain.link/streams/doge-usd-twap-30s-streams,,
eth-updown-5m-1786530900,ETH,"Ethereum Up or Down - August 12, 6:35AM-6:40AM ET",2026-08-12T10:40:00Z,2026-08-12T10:35:00Z,1910.8467971506961,Down,"[""0"", ""1""]",0.06,,,-0.5045,0.001,resolved,0x785519ca34c80bacd37529351d9a113afa3243268aac505a87790c644191f138,https://data.chain.link/streams/eth-usd-twap-30s-streams,,
hype-updown-5m-1786530900,HYPE,"Hyperliquid Up or Down - August 12, 6:35AM-6:40AM ET",2026-08-12T10:40:00Z,2026-08-12T10:35:00Z,55.40402081761013,Down,"[""0"", ""1""]",0.08,,,-0.4995,0.001,resolved,0x0dcd59326e3cd2ddf9fd136a62d1c8d178176af51162b5792b982997f32fd2b9,https://data.chain.link/streams/hype-usd-twap-30s-streams,,
sol-updown-5m-1786530900,SOL,"Solana Up or Down - August 12, 6:35AM-6:40AM ET",2026-08-12T10:40:00Z,2026-08-12T10:35:00Z,76.72056210190105,Down,"[""0"", ""1""]",0.01,,,-0.5,0.01,resolved,0x7a9add77b3b86011d4fcab17fbf344fdcbf0c7e9ce5623888f322fb203b251ab,https://data.chain.link/streams/sol-usd-twap-30s-streams,,
xrp-updown-5m-1786530900,XRP,"XRP Up or Down - August 12, 6:35AM-6:40AM ET",2026-08-12T10:40:00Z,2026-08-12T10:35:00Z,1.0213009982256935,Down,"[""0"", ""1""]",0.06,,,-0.5045,0.001,resolved,0xe0a58cc2f8d91c813de4666be21f9afe97fc63e7034711a9bb132fe389d911ef,https://data.chain.link/streams/xrp-usd-twap-30s-streams,,
zec-updown-5m-1786530900,ZEC,"ZCash Up or Down - August 12, 6:35AM-6:40AM ET",2026-08-12T10:40:00Z,2026-08-12T10:35:00Z,483.5125003020594,Down,"[""0"", ""1""]",,,,-0.495,0.01,resolved,0x04fad7ca3c06c0851f42ac3306c2eff530899fd9a79ed0ca431ff74ed3b90003,https://data.chain.link/streams/zec-usd-twap-30s-streams,,
bnb-updown-5m-1786531200,BNB,"BNB Up or Down - August 12, 6:40AM-6:45AM ET",2026-08-12T10:45:00Z,2026-08-12T10:40:00Z,613.3474931414056,Up,"[""1"", ""0""]",0.99,367.908415,,0.49,0.01,resolved,0x83017cae97e7a0457ce8805f9a47b341282c217f2ce1b1dc7011a4f10fed6273,https://data.chain.link/streams/bnb-usd-twap-30s-streams,,
btc-updown-5m-1786531200,BTC,"Bitcoin Up or Down - August 12, 6:40AM-6:45AM ET",2026-08-12T10:45:00Z,2026-08-12T10:40:00Z,64048.3583855807,Up,"[""1"", ""0""]",0.999,40682.91461499996,,0.4945,0.001,resolved,0xeeb0d35f6aadcde69fe69f14a37ff87b1d648e1f930e15be0d93255e77ef8fdb,https://data.chain.link/streams/btc-usd-twap-30s-streams,,
doge-updown-5m-1786531200,DOGE,"Dogecoin Up or Down - August 12, 6:40AM-6:45AM ET",2026-08-12T10:45:00Z,2026-08-12T10:40:00Z,0.0718822527851456,Down,"[""0"", ""1""]",0.1,611.842488,,-0.495,0.01,resolved,0xb0ff1cd06febebd1f7304642a4da5334205c8ffdc5530d0e907987f46b94c2bc,https://data.chain.link/streams/doge-usd-twap-30s-streams,,
eth-updown-5m-1786531200,ETH,"Ethereum Up or Down - August 12, 6:40AM-6:45AM ET",2026-08-12T10:45:00Z,2026-08-12T10:40:00Z,1909.3452217370545,Up,"[""1"", ""0""]",0.999,4545.982035000001,,0.4945,0.001,resolved,0xa5c100d3457862639b8c0175304b4bd99281d1ee8844e2d840e96690822cefe2,https://data.chain.link/streams/eth-usd-twap-30s-streams,,
hype-updown-5m-1786531200,HYPE,"Hyperliquid Up or Down - August 12, 6:40AM-6:45AM ET",2026-08-12T10:45:00Z,2026-08-12T10:40:00Z,55.36048011666573,Up,"[""1"", ""0""]",0.999,100.97665000000002,,0.4995,0.001,resolved,0xdd328e87908e06aa212eb466e2d38afdd8744554b98810a371e7e6cbe7d26e55,https://data.chain.link/streams/hype-usd-twap-30s-streams,,
sol-updown-5m-1786531200,SOL,"Solana Up or Down - August 12, 6:40AM-6:45AM ET",2026-08-12T10:45:00Z,2026-08-12T10:40:00Z,76.71666296011787,Down,"[""0"", ""1""]",0.02,1880.221307,,-0.5,0.01,resolved,0x04fdd1f1fbf85eec73d2a2766048fe3dd29132c86534ca19058f951e4d42819a,https://data.chain.link/streams/sol-usd-twap-30s-streams,,
xrp-updown-5m-1786531200,XRP,"XRP Up or Down - August 12, 6:40AM-6:45AM ET",2026-08-12T10:45:00Z,2026-08-12T10:40:00Z,1.020884550961813,Down,"[""0"", ""1""]",0.04,1256.2226489999996,,-0.5,0.01,resolved,0x0cf42f36430469451e1e53c354832ad06f8874d907416cbe48b17e95764ab8ba,https://data.chain.link/streams/xrp-usd-twap-30s-streams,,
zec-updown-5m-1786531200,ZEC,"ZCash Up or Down - August 12, 6:40AM-6:45AM ET",2026-08-12T10:45:00Z,2026-08-12T10:40:00Z,482.6298251928081,Up,"[""1"", ""0""]",0.98,25,,0.495,0.01,resolved,0x2f0251b55d99333435eabcd9c33df15988232f07131f09dc43b6e9db65d8a12d,https://data.chain.link/streams/zec-usd-twap-30s-streams,,
bnb-updown-5m-1786531500,BNB,"BNB Up or Down - August 12, 6:45AM-6:50AM ET",2026-08-12T10:50:00Z,2026-08-12T10:45:00Z,613.4126449829616,Down,"[""0"", ""1""]",0.15,,,-0.5045,0.001,resolved,0xe8e0e60fe4e2391c62d8104269233e78475e2464e623d669c4c13ded212c32a1,https://data.chain.link/streams/bnb-usd-twap-30s-streams,,
btc-updown-5m-1786531500,BTC,"Bitcoin Up or Down - August 12, 6:45AM-6:50AM ET",2026-08-12T10:50:00Z,2026-08-12T10:45:00Z,64083.53796510601,Down,"[""0"", ""1""]",0.001,81576.70421500002,,-0.5045,0.001,resolved,0x665b3281ee1f4b105a5fb0f02f350c472f85950b63e13843e709d0d7961ff4c2,https://data.chain.link/streams/btc-usd-twap-30s-streams,,
doge-updown-5m-1786531500,DOGE,"Dogecoin Up or Down - August 12, 6:45AM-6:50AM ET",2026-08-12T10:50:00Z,2026-08-12T10:45:00Z,0.07186307863600629,Down,"[""0"", ""1""]",0.07,,,-0.4995,0.001,resolved,0xa4cf94bc52048d53091d6dee8ea64f7c404e2b9b9edd116c437fdd80e56f6365,https://data.chain.link/streams/doge-usd-twap-30s-streams,,
eth-updown-5m-1786531500,ETH,"Ethereum Up or Down - August 12, 6:45AM-6:50AM ET",2026-08-12T10:50:00Z,2026-08-12T10:45:00Z,1909.9065734917167,Down,"[""0"", ""1""]",0.01,3668.3921780000023,,-0.5045,0.001,resolved,0x2c5cb8e3a32bc717ccb27bf30731d9a58e031813eda8d235245810bbb2d16a47,https://data.chain.link/streams/eth-usd-twap-30s-streams,,
hype-updown-5m-1786531500,HYPE,"Hyperliquid Up or Down - August 12, 6:45AM-6:50AM ET",2026-08-12T10:50:00Z,2026-08-12T10:45:00Z,55.48676262070356,Down,"[""0"", ""1""]",0.02,,,-0.4995,0.001,resolved,0x62f7293a790acc2ef8a85d2be40ef6fdc8b0c6f667bafa8aebe55814dba4d880,https://data.chain.link/streams/hype-usd-twap-30s-streams,,
sol-updown-5m-1786531500,SOL,"Solana Up or Down - August 12, 6:45AM-6:50AM ET",2026-08-12T10:50:00Z,2026-08-12T10:45:00Z,76.70386847137867,Down,"[""0"", ""1""]",0.05,2634.532153000001,,-0.5045,0.001,resolved,0xe8528a24f008dd285c96ceaae6660b05a90b7de7076d6858f14a6bfe3b8d716f,https://data.chain.link/streams/sol-usd-twap-30s-streams,,
xrp-updown-5m-1786531500,XRP,"XRP Up or Down - August 12, 6:45AM-6:50AM ET",2026-08-12T10:50:00Z,2026-08-12T10:45:00Z,1.020754799439061,Down,"[""0"", ""1""]",0.03,1343.1255199999998,,-0.5045,0.001,resolved,0x05c0ca7229286a306258b5601ef999d7993cc11a31b5c20cbb2d5a29ab6db484,https://data.chain.link/streams/xrp-usd-twap-30s-streams,,
zec-updown-5m-1786531500,ZEC,"ZCash Up or Down - August 12, 6:45AM-6:50AM ET",2026-08-12T10:50:00Z,2026-08-12T10:45:00Z,483.6979387917483,Up,"[""1"", ""0""]",0.99,,,0.495,0.01,resolved,0x888fca4e6c41de73b52f809ba595d3121e0ccb0a846b2a99a4292c06feb356a0,https://data.chain.link/streams/zec-usd-twap-30s-streams,,
bnb-updown-5m-1786531800,BNB,"BNB Up or Down - August 12, 6:50AM-6:55AM ET",2026-08-12T10:55:00Z,2026-08-12T10:50:00Z,613.3339940464552,Up,"[""1"", ""0""]",0.99,,,0.49,0.01,resolved,0xc16326a8ce77659197516f95828d90ec42a28ae8ba049fb19db6e69c0aff2996,https://data.chain.link/streams/bnb-usd-twap-30s-streams,,
btc-updown-5m-1786531800,BTC,"Bitcoin Up or Down - August 12, 6:50AM-6:55AM ET",2026-08-12T10:55:00Z,2026-08-12T10:50:00Z,64037.21917402055,Up,"[""1"", ""0""]",0.999,42251.28895500001,,0.4945,0.001,resolved,0x20c8223734cfdb4fe9a2121de3448ea873ef9a17fc15b5f18c63bafa023d0bc5,https://data.chain.link/streams/btc-usd-twap-30s-streams,,
doge-updown-5m-1786531800,DOGE,"Dogecoin Up or Down - August 12, 6:50AM-6:55AM ET",2026-08-12T10:55:00Z,2026-08-12T10:50:00Z,0.07182778670265076,Up,"[""1"", ""0""]",0.99,,,0.4995,0.001,resolved,0x5cfcd0162c867a4d18da2a09b532b23bc1e2b5bcd07192c7b082f4d8e1ea9b35,https://data.chain.link/streams/doge-usd-twap-30s-streams,,
eth-updown-5m-1786531800,ETH,"Ethereum Up or Down - August 12, 6:50AM-6:55AM ET",2026-08-12T10:55:00Z,2026-08-12T10:50:00Z,1906.6265187481963,Up,"[""1"", ""0""]",0.99,2345.5185739999997,,0.4995,0.001,resolved,0x32e6376fae9992cfd2ed023f15b35ea64bf56fe8efcbdfcbbc534a89c844d74a,https://data.chain.link/streams/eth-usd-twap-30s-streams,,
hype-updown-5m-1786531800,HYPE,"Hyperliquid Up or Down - August 12, 6:50AM-6:55AM ET",2026-08-12T10:55:00Z,2026-08-12T10:50:00Z,55.45969710382031,Up,"[""1"", ""0""]",0.98,,,0.495,0.01,resolved,0x3978597fe6509ab771001496b7a27b2041d379379648390f45227f034edb77df,https://data.chain.link/streams/hype-usd-twap-30s-streams,,
sol-updown-5m-1786531800,SOL,"Solana Up or Down - August 12, 6:50AM-6:55AM ET",2026-08-12T10:55:00Z,2026-08-12T10:50:00Z,76.6906998903134,Up,"[""1"", ""0""]",0.99,1087.001547,,0.4945,0.001,resolved,0x5b0ec5a967f15247895c2724fd08474f676111a181aa177322c34dfa651007b1,https://data.chain.link/streams/sol-usd-twap-30s-streams,,
xrp-updown-5m-1786531800,XRP,"XRP Up or Down - August 12, 6:50AM-6:55AM ET",2026-08-12T10:55:00Z,2026-08-12T10:50:00Z,1.0202584341655416,Up,"[""1"", ""0""]",0.99,583.1196499999999,,0.49,0.01,resolved,0x7bd98cc91f4df9a30f9663068bed9708938c0752ed4713cb8f5feff07da7efcf,https://data.chain.link/streams/xrp-usd-twap-30s-streams,,
zec-updown-5m-1786531800,ZEC,"ZCash Up or Down - August 12, 6:50AM-6:55AM ET",2026-08-12T10:55:00Z,2026-08-12T10:50:00Z,484.1068448394534,Up,"[""1"", ""0""]",0.99,,,0.495,0.01,resolved,0x2ed2c0e2a06b7a1d688edb572ac800031e9086da7564e9229d5461fa4c908971,https://data.chain.link/streams/zec-usd-twap-30s-streams,,
bnb-updown-5m-1786532100,BNB,"BNB Up or Down - August 12, 6:55AM-7:00AM ET",2026-08-12T11:00:00Z,2026-08-12T10:55:00Z,613.5581372432727,Down,"[""0"", ""1""]",0.11,184.801666,,-0.5045,0.001,resolved,0x2f6e3525847c3ee7e75892919faf63a56a987fe60ebe98860072ae0114370d5a,https://data.chain.link/streams/bnb-usd-twap-30s-streams,,
btc-updown-5m-1786532100,BTC,"Bitcoin Up or Down - August 12, 6:55AM-7:00AM ET",2026-08-12T11:00:00Z,2026-08-12T10:55:00Z,64095.038071826864,Down,"[""0"", ""1""]",0.01,37156.20003699999,164.725486,-0.5045,0.001,resolved,0x7c96700ecd2592b61ac5ee4bad8529d30982b2fcb48fe3ed83968fe45a845812,https://data.chain.link/streams/btc-usd-twap-30s-streams,,
doge-updown-5m-1786532100,DOGE,"Dogecoin Up or Down - August 12, 6:55AM-7:00AM ET",2026-08-12T11:00:00Z,2026-08-12T10:55:00Z,0.07186684457994738,Down,"[""0"", ""1""]",0.12,471.30748100000005,,-0.4995,0.001,resolved,0xe4c44cd27288798a210354a0c7f022e1ffa64ad082093bf5924a2fbbed26b62a,https://data.chain.link/streams/doge-usd-twap-30s-streams,,
eth-updown-5m-1786532100,ETH,"Ethereum Up or Down - August 12, 6:55AM-7:00AM ET",2026-08-12T11:00:00Z,2026-08-12T10:55:00Z,1908.3664389507803,Down,"[""0"", ""1""]",0.01,3129.877613999999,2,-0.5045,0.001,resolved,0x88d1fa163d84b339a192a6036248a63d38fc07e341d3c185266f9e54292cb680,https://data.chain.link/streams/eth-usd-twap-30s-streams,,
hype-updown-5m-1786532100,HYPE,"Hyperliquid Up or Down - August 12, 6:55AM-7:00AM ET",2026-08-12T11:00:00Z,2026-08-12T10:55:00Z,55.49845954967393,Up,"[""1"", ""0""]",0.98,59.657782999999995,,0.495,0.01,resolved,0xf35497ce57976af82fe7f1c696e65a8cc51761e74db5d03482c72b7d6f82b881,https://data.chain.link/streams/hype-usd-twap-30s-streams,,
sol-updown-5m-1786532100,SOL,"Solana Up or Down - August 12, 6:55AM-7:00AM ET",2026-08-12T11:00:00Z,2026-08-12T10:55:00Z,76.74344679807733,Down,"[""0"", ""1""]",0.05,1181.8219729999998,,-0.4995,0.001,resolved,0x3068bd5a4bac5a70e872d2348d2e0f532bd0d520ef61a62ce6d8856dbd91c23f,https://data.chain.link/streams/sol-usd-twap-30s-streams,,
xrp-updown-5m-1786532100,XRP,"XRP Up or Down - August 12, 6:55AM-7:00AM ET",2026-08-12T11:00:00Z,2026-08-12T10:55:00Z,1.020785782246561,Down,"[""0"", ""1""]",0.16,486.4410459999999,1.960783,-0.5045,0.001,resolved,0x76c44776eae37ef5b4b6e0f20c10e1649136bd7b615312a1035bee4d317424f4,https://data.chain.link/streams/xrp-usd-twap-30s-streams,,
zec-updown-5m-1786532100,ZEC,"ZCash Up or Down - August 12, 6:55AM-7:00AM ET",2026-08-12T11:00:00Z,2026-08-12T10:55:00Z,485.421564086369,Down,"[""0"", ""1""]",,25,,-0.495,0.01,resolved,0xddce438e89053b066eeb4cb12cd2aa95d94d89c9af1b910be94ae76b9f9c84aa,https://data.chain.link/streams/zec-usd-twap-30s-streams,,
bnb-updown-5m-1786532400,BNB,"BNB Up or Down - August 12, 7:00AM-7:05AM ET",2026-08-12T11:05:00Z,2026-08-12T11:00:00Z,613.3351857575183,Down,"[""0"", ""1""]",0.08,249.382628,,-0.5,0.01,resolved,0x4ceaf42803d5915d5053b734a413856313cca2d3eb2bccac55aa5c76f98ad447,https://data.chain.link/streams/bnb-usd-twap-30s-streams,,
btc-updown-5m-1786532400,BTC,"Bitcoin Up or Down - August 12, 7:00AM-7:05AM ET",2026-08-12T11:05:00Z,2026-08-12T11:00:00Z,64079.368799568416,Down,"[""0"", ""1""]",0.001,76421.8218669999,17.921567,-0.5,0.01,resolved,0x3d6ff070652e7685b276dc7f817fd91ae3db48a3efac5b4c32e1a5b230483e9a,https://data.chain.link/streams/btc-usd-twap-30s-streams,,
doge-updown-5m-1786532400,DOGE,"Dogecoin Up or Down - August 12, 7:00AM-7:05AM ET",2026-08-12T11:05:00Z,2026-08-12T11:00:00Z,0.07183541149532785,Up,"[""1"", ""0""]",0.99,313.948709,,0.495,0.01,resolved,0xda9a859aadbe0f1770fda1f72cd4c3208fd7f57bc695cee551808761bde7739a,https://data.chain.link/streams/doge-usd-twap-30s-streams,,
eth-updown-5m-1786532400,ETH,"Ethereum Up or Down - August 12, 7:00AM-7:05AM ET",2026-08-12T11:05:00Z,2026-08-12T11:00:00Z,1907.3703469549898,Down,"[""0"", ""1""]",0.01,4258.952214000001,,-0.5,0.01,resolved,0x9cfcbdba88c37a02341cf1c09514b50c95c499c54d20ab6009019652e50db650,https://data.chain.link/streams/eth-usd-twap-30s-streams,,
hype-updown-5m-1786532400,HYPE,"Hyperliquid Up or Down - August 12, 7:00AM-7:05AM ET",2026-08-12T11:05:00Z,2026-08-12T11:00:00Z,55.504286658912164,Up,"[""1"", ""0""]",0.99,,,0.495,0.01,resolved,0x9273bd518bca6b4cf3d2f11f4b0f58ff1ad81b72a1e58165688d1a974fc94129,https://data.chain.link/streams/hype-usd-twap-30s-streams,,
sol-updown-5m-1786532400,SOL,"Solana Up or Down - August 12, 7:00AM-7:05AM ET",2026-08-12T11:05:00Z,2026-08-12T11:00:00Z,76.7096611969903,Down,"[""0"", ""1""]",0.03,1416.3103429999996,,-0.5,0.01,resolved,0xb620c683561003d503772bfe209356f27a256c2d01419ec6506912ce0f0db6e6,https://data.chain.link/streams/sol-usd-twap-30s-streams,,
xrp-updown-5m-1786532400,XRP,"XRP Up or Down - August 12, 7:00AM-7:05AM ET",2026-08-12T11:05:00Z,2026-08-12T11:00:00Z,1.0204718216937818,Down,"[""0"", ""1""]",0.16,1106.8868020000002,,-0.5,0.01,resolved,0x60c150305e23a82cd757b032eb95dea794ac88b83d6bba54070ee830129015f6,https://data.chain.link/streams/xrp-usd-twap-30s-streams,,
zec-updown-5m-1786532400,ZEC,"ZCash Up or Down - August 12, 7:00AM-7:05AM ET",2026-08-12T11:05:00Z,2026-08-12T11:00:00Z,485.18154089775464,Down,"[""0"", ""1""]",,,,-0.495,0.01,resolved,0xd91a39e9ec656ed6307596b5c8f8ba87d54396a4ec8c99d6f7eb39026189cdfd,https://data.chain.link/streams/zec-usd-twap-30s-streams,,
bnb-updown-5m-1786532700,BNB,"BNB Up or Down - August 12, 7:05AM-7:10AM ET",2026-08-12T11:10:00Z,2026-08-12T11:05:00Z,613.2360233346247,Down,"[""0"", ""1""]",0.07,,,-0.4995,0.009,resolved,0xb905fa7da4d08149cbca1bb6d3e2661ca4df0fe6394d6afb81500d94c046a367,https://data.chain.link/streams/bnb-usd-twap-30s-streams,,
btc-updown-5m-1786532700,BTC,"Bitcoin Up or Down - August 12, 7:05AM-7:10AM ET",2026-08-12T11:10:00Z,2026-08-12T11:05:00Z,64069.6962981887,Down,"[""0"", ""1""]",0.01,65510.010789999935,17.803919,-0.44,0.01,resolved,0xfc79e0182932bd2088dbfb2765279af2cd100a456123ca9b4dd351e089536031,https://data.chain.link/streams/btc-usd-twap-30s-streams,,
doge-updown-5m-1786532700,DOGE,"Dogecoin Up or Down - August 12, 7:05AM-7:10AM ET",2026-08-12T11:10:00Z,2026-08-12T11:05:00Z,0.07184393250198544,Up,"[""1"", ""0""]",0.99,,,0.495,0.01,resolved,0x4fdfea53300dabaa08e80a8f557e8e2b4264a10b6c05c88590c7a769f10791e7,https://data.chain.link/streams/doge-usd-twap-30s-streams,,
eth-updown-5m-1786532700,ETH,"Ethereum Up or Down - August 12, 7:05AM-7:10AM ET",2026-08-12T11:10:00Z,2026-08-12T11:05:00Z,1906.536990919355,Up,"[""1"", ""0""]",0.98,4628.4652160000005,,0.49,0.01,resolved,0x666a747a658c6f47889b42fe4c39db20e3bf936b8e3b153d9ffea7004764d4a9,https://data.chain.link/streams/eth-usd-twap-30s-streams,,
hype-updown-5m-1786532700,HYPE,"Hyperliquid Up or Down - August 12, 7:05AM-7:10AM ET",2026-08-12T11:10:00Z,2026-08-12T11:05:00Z,55.529620025494225,Up,"[""1"", ""0""]",0.98,,,0.495,0.01,resolved,0x9f591fe69702ac07735315ee4581f0911b92eb4979667bfd53760f388269ea79,https://data.chain.link/streams/hype-usd-twap-30s-streams,,
sol-updown-5m-1786532700,SOL,"Solana Up or Down - August 12, 7:05AM-7:10AM ET",2026-08-12T11:10:00Z,2026-08-12T11:05:00Z,76.68374411228203,Up,"[""1"", ""0""]",0.99,1715.4268639999998,,0.49,0.01,resolved,0x15dfd8fd866fc7f2142a7667f4b160a560e9610f6906f95d71306a25eeba397e,https://data.chain.link/streams/sol-usd-twap-30s-streams,,
xrp-updown-5m-1786532700,XRP,"XRP Up or Down - August 12, 7:05AM-7:10AM ET",2026-08-12T11:10:00Z,2026-08-12T11:05:00Z,1.0203920725894682,Down,"[""0"", ""1""]",0.03,748.078305,,-0.5,0.01,resolved,0xe9c42ecc9f9801601f24b875d76a33b08d40ec4c54445d8277cb349d744996c3,https://data.chain.link/streams/xrp-usd-twap-30s-streams,,
zec-updown-5m-1786532700,ZEC,"ZCash Up or Down - August 12, 7:05AM-7:10AM ET",2026-08-12T11:10:00Z,2026-08-12T11:05:00Z,484.7015860849438,Up,"[""1"", ""0""]",,,,,0.98,resolved,0x5d3fa226f74d433d53b2d1b6b1ab59a7b91f7019786d6735f7ecbc531be2ec89,https://data.chain.link/streams/zec-usd-twap-30s-streams,,
bnb-updown-5m-1786533000,BNB,"BNB Up or Down - August 12, 7:10AM-7:15AM ET",2026-08-12T11:15:00Z,2026-08-12T11:10:00Z,612.8737132866942,Up,"[""1"", ""0""]",0.99,300.494358,,0.49,0.01,resolved,0xa1e409a4bc3aa4b11f7211613eab3759f3263147e85a7dd01df429b746f5135e,https://data.chain.link/streams/bnb-usd-twap-30s-streams,,
btc-updown-5m-1786533000,BTC,"Bitcoin Up or Down - August 12, 7:10AM-7:15AM ET",2026-08-12T11:15:00Z,2026-08-12T11:10:00Z,64067.7977399714,Up,"[""1"", ""0""]",0.99,54098.272557999975,8,0.49,0.01,resolved,0xed1a4153d95954b02cfe5be1d2a7e38521b6b5e4eeeb89982ec30426f641db8d,https://data.chain.link/streams/btc-usd-twap-30s-streams,,
doge-updown-5m-1786533000,DOGE,"Dogecoin Up or Down - August 12, 7:10AM-7:15AM ET",2026-08-12T11:15:00Z,2026-08-12T11:10:00Z,0.07187645400315272,Down,"[""0"", ""1""]",0.09,286.7307,,-0.495,0.01,resolved,0x8f1cef7630fb4456cb82932937a56f46f292cbf7ec8608335d8af0cc918d05af,https://data.chain.link/streams/doge-usd-twap-30s-streams,,
eth-updown-5m-1786533000,ETH,"Ethereum Up or Down - August 12, 7:10AM-7:15AM ET",2026-08-12T11:15:00Z,2026-08-12T11:10:00Z,1906.9503101241285,Up,"[""1"", ""0""]",0.99,4200.9154020000005,,0.49,0.01,resolved,0xf53589b163e02a2789032e78a009e4f6aed5522c1a0f7fa732162a41503a2fc2,https://data.chain.link/streams/eth-usd-twap-30s-streams,,
hype-updown-5m-1786533000,HYPE,"Hyperliquid Up or Down - August 12, 7:10AM-7:15AM ET",2026-08-12T11:15:00Z,2026-08-12T11:10:00Z,55.55862523332241,Up,"[""1"", ""0""]",0.99,60.56093,,0.495,0.01,resolved,0xc47a6165c0a9871028e5567e5227eac4339cd797afd15391d44168a7c58d7010,https://data.chain.link/streams/hype-usd-twap-30s-streams,,
sol-updown-5m-1786533000,SOL,"Solana Up or Down - August 12, 7:10AM-7:15AM ET",2026-08-12T11:15:00Z,2026-08-12T11:10:00Z,76.69764842529722,Down,"[""0"", ""1""]",0.04,1799.7424169999997,,-0.5,0.01,resolved,0x0f3a6cf267f4e4a2eb5f462ea71cccd724bdee99f1a564fb2424876bd4fbe2c4,https://data.chain.link/streams/sol-usd-twap-30s-streams,,
xrp-updown-5m-1786533000,XRP,"XRP Up or Down - August 12, 7:10AM-7:15AM ET",2026-08-12T11:15:00Z,2026-08-12T11:10:00Z,1.0201526117839128,Down,"[""0"", ""1""]",0.01,821.1636930000002,,-0.5,0.01,resolved,0x19ac27a1307d5bb6333a325741089b1882f9eb5d653c541539e71bcb6ab01bba,https://data.chain.link/streams/xrp-usd-twap-30s-streams,,
zec-updown-5m-1786533000,ZEC,"ZCash Up or Down - August 12, 7:10AM-7:15AM ET",2026-08-12T11:15:00Z,2026-08-12T11:10:00Z,484.835291449622,Up,"[""1"", ""0""]",0.98,,,0.49,0.01,resolved,0x3083947c53d6069a2490fcd1b7d939d55d55b3ccdcd0fdd15a2de4c1b8e9cdc0,https://data.chain.link/streams/zec-usd-twap-30s-streams,,
bnb-updown-5m-1786533300,BNB,"BNB Up or Down - August 12, 7:15AM-7:20AM ET",2026-08-12T11:20:00Z,2026-08-12T11:15:00Z,613.0653545699081,Up,"[""1"", ""0""]",0.99,,,0.4945,0.001,resolved,0xe9e8329d0fe77ecdff16bd070fc2c92a60d8fd690690ea17f0e4076ab28aee3e,https://data.chain.link/streams/bnb-usd-twap-30s-streams,,
btc-updown-5m-1786533300,BTC,"Bitcoin Up or Down - August 12, 7:15AM-7:20AM ET",2026-08-12T11:20:00Z,2026-08-12T11:15:00Z,64074.59796760329,Up,"[""1"", ""0""]",0.999,52159.319949999976,3,0.4945,0.001,resolved,0x7e454ada3826bbc7756cddb82a63dacfdf4c329a8d8f9c13ce2c86569db774d0,https://data.chain.link/streams/btc-usd-twap-30s-streams,,
doge-updown-5m-1786533300,DOGE,"Dogecoin Up or Down - August 12, 7:15AM-7:20AM ET",2026-08-12T11:20:00Z,2026-08-12T11:15:00Z,0.07180732966666666,Up,"[""1"", ""0""]",0.99,,,0.4995,0.001,resolved,0xe8ffc122f74669756a92fcb1119fd6076da5692307cbd82295d5d426bc7c7955,https://data.chain.link/streams/doge-usd-twap-30s-streams,,
eth-updown-5m-1786533300,ETH,"Ethereum Up or Down - August 12, 7:15AM-7:20AM ET",2026-08-12T11:20:00Z,2026-08-12T11:15:00Z,1907.2792042488607,Up,"[""1"", ""0""]",0.99,3860.9743830000016,,0.4945,0.001,resolved,0x31bb5b7a301884bf6a29b3902b470ec4cb2baf3f1217be3cc9b12b1f247f6351,https://data.chain.link/streams/eth-usd-twap-30s-streams,,
hype-updown-5m-1786533300,HYPE,"Hyperliquid Up or Down - August 12, 7:15AM-7:20AM ET",2026-08-12T11:20:00Z,2026-08-12T11:15:00Z,55.568846650777836,Up,"[""1"", ""0""]",0.98,,,0.4995,0.001,resolved,0xfca78107cffb3783bf1e2c0a9a6cb0a3252291e36115d63ec64ad4a4814b0cab,https://data.chain.link/streams/hype-usd-twap-30s-streams,,
sol-updown-5m-1786533300,SOL,"Solana Up or Down - August 12, 7:15AM-7:20AM ET",2026-08-12T11:20:00Z,2026-08-12T11:15:00Z,76.65689224640538,Up,"[""1"", ""0""]",0.99,1066.3409130000002,,0.4945,0.001,resolved,0x0760b9a05f94630251eeda791808baa03ce4892737bd88d59c690159a7fc723f,https://data.chain.link/streams/sol-usd-twap-30s-streams,,
xrp-updown-5m-1786533300,XRP,"XRP Up or Down - August 12, 7:15AM-7:20AM ET",2026-08-12T11:20:00Z,2026-08-12T11:15:00Z,1.0195814318656948,Up,"[""1"", ""0""]",0.99,549.104731,,0.4945,0.001,resolved,0xe1600aefebea101b9f41ffec86e1a3127f7c64c9133808794f8bec2e4f13834a,https://data.chain.link/streams/xrp-usd-twap-30s-streams,,
zec-updown-5m-1786533300,ZEC,"ZCash Up or Down - August 12, 7:15AM-7:20AM ET",2026-08-12T11:20:00Z,2026-08-12T11:15:00Z,485.31299627233534,Up,"[""1"", ""0""]",0.99,,,0.495,0.01,resolved,0x2fd55a5786ed776ca17bcc03c34a82f068b2be5666907548fa024921e61d70a8,https://data.chain.link/streams/zec-usd-twap-30s-streams,,
bnb-updown-5m-1786533600,BNB,"BNB Up or Down - August 12, 7:20AM-7:25AM ET",2026-08-12T11:25:00Z,2026-08-12T11:20:00Z,613.3170284389088,Up,"[""1"", ""0""]",0.99,195.488123,,0.4945,0.001,resolved,0x98b80cb8e744a51261b143f2c5d79e54a0e0594b9077caab193c028f2effa7c9,https://data.chain.link/streams/bnb-usd-twap-30s-streams,,
btc-updown-5m-1786533600,BTC,"Bitcoin Up or Down - August 12, 7:20AM-7:25AM ET",2026-08-12T11:25:00Z,2026-08-12T11:20:00Z,64088.6154487889,Up,"[""1"", ""0""]",0.999,46949.45832599996,3,0.4945,0.001,resolved,0xa3e8e42fc452114d2bee8caa34989a8a830c7df1a0009234503e5c63ebb753b8,https://data.chain.link/streams/btc-usd-twap-30s-streams,,
doge-updown-5m-1786533600,DOGE,"Dogecoin Up or Down - August 12, 7:20AM-7:25AM ET",2026-08-12T11:25:00Z,2026-08-12T11:20:00Z,0.07185227567112605,Up,"[""1"", ""0""]",0.999,121.32207500000001,,0.4995,0.001,resolved,0xd2aae994568a4252c9e2778e038e3a3d4eeeafa293abcc692fa3658fc4f1d4d5,https://data.chain.link/streams/doge-usd-twap-30s-streams,,
eth-updown-5m-1786533600,ETH,"Ethereum Up or Down - August 12, 7:20AM-7:25AM ET",2026-08-12T11:25:00Z,2026-08-12T11:20:00Z,1909.0038121070918,Up,"[""1"", ""0""]",0.999,3353.528666999999,,0.4945,0.001,resolved,0xd5b8e948140b9afbe7b9e4b0471a2f228f7ad44a6ffcd85e64560f37040511ce,https://data.chain.link/streams/eth-usd-twap-30s-streams,,
hype-updown-5m-1786533600,HYPE,"Hyperliquid Up or Down - August 12, 7:20AM-7:25AM ET",2026-08-12T11:25:00Z,2026-08-12T11:20:00Z,55.676701964180054,Up,"[""1"", ""0""]",0.99,,,0.495,0.01,resolved,0x73d6afed496d5b267fe442fb7bc8dd4f1ac357a825baf63cc8aa66ded15243da,https://data.chain.link/streams/hype-usd-twap-30s-streams,,
sol-updown-5m-1786533600,SOL,"Solana Up or Down - August 12, 7:20AM-7:25AM ET",2026-08-12T11:25:00Z,2026-08-12T11:20:00Z,76.68376276169431,Up,"[""1"", ""0""]",0.999,2366.939534,,0.4945,0.001,resolved,0x37cfcb7c84064c9f07f41aebd59da4346698c75c22b259af0147b95c5330825d,https://data.chain.link/streams/sol-usd-twap-30s-streams,,
xrp-updown-5m-1786533600,XRP,"XRP Up or Down - August 12, 7:20AM-7:25AM ET",2026-08-12T11:25:00Z,2026-08-12T11:20:00Z,1.0199931393333328,Up,"[""1"", ""0""]",0.99,1501.578579,,0.49,0.01,resolved,0x615a46d072799efaf58d1552a2281d5c72758907a06b84a61d5e548ff1daf3f3,https://data.chain.link/streams/xrp-usd-twap-30s-streams,,
zec-updown-5m-1786533600,ZEC,"ZCash Up or Down - August 12, 7:20AM-7:25AM ET",2026-08-12T11:25:00Z,2026-08-12T11:20:00Z,486.96924268995247,Up,"[""1"", ""0""]",0.992,,,0.4995,0.001,resolved,0x3960d948bb569e8f2acdb945a9a4ea927da58996143ac457daf8ed15a7b825f4,https://data.chain.link/streams/zec-usd-twap-30s-streams,,
bnb-updown-5m-1786533900,BNB,"BNB Up or Down - August 12, 7:25AM-7:30AM ET",2026-08-12T11:30:00Z,2026-08-12T11:25:00Z,613.6949220175048,Up,"[""1"", ""0""]",0.99,312.845411,,0.4945,0.001,resolved,0x43ed2b6ad9dc8da2b8dc6d1695ccd39e880a96c097e812776b26e20eee9769a0,https://data.chain.link/streams/bnb-usd-twap-30s-streams,,
btc-updown-5m-1786533900,BTC,"Bitcoin Up or Down - August 12, 7:25AM-7:30AM ET",2026-08-12T11:30:00Z,2026-08-12T11:25:00Z,64121.09494033298,Up,"[""1"", ""0""]",0.999,53037.33549699997,3,0.4945,0.001,resolved,0x4c64d0a376fcffb0a89f8321c413b13b23dccd2bb549cfa84562b6033a2b8984,https://data.chain.link/streams/btc-usd-twap-30s-streams,,
doge-updown-5m-1786533900,DOGE,"Dogecoin Up or Down - August 12, 7:25AM-7:30AM ET",2026-08-12T11:30:00Z,2026-08-12T11:25:00Z,0.07195946497120136,Down,"[""0"", ""1""]",0.04,568.269451,,-0.4995,0.001,resolved,0x51d24e7c6bae8bf1c8bbd299d792c4065dbf7e277ffc521e9a89fb207cef5921,https://data.chain.link/streams/doge-usd-twap-30s-streams,,
eth-updown-5m-1786533900,ETH,"Ethereum Up or Down - August 12, 7:25AM-7:30AM ET",2026-08-12T11:30:00Z,2026-08-12T11:25:00Z,1910.0840962111101,Up,"[""1"", ""0""]",0.99,3279.7073800000007,,0.4945,0.001,resolved,0xa6d3dedfce1ea0bf219fec4d188a8fe8c3cf214690fe5534085b63de8c6ecacd,https://data.chain.link/streams/eth-usd-twap-30s-streams,,
hype-updown-5m-1786533900,HYPE,"Hyperliquid Up or Down - August 12, 7:25AM-7:30AM ET",2026-08-12T11:30:00Z,2026-08-12T11:25:00Z,55.72110818256175,Up,"[""1"", ""0""]",0.98,99.994001,,0.4995,0.001,resolved,0xc5cd052b78e0dad04b61c91625bfc543fe2bc86f62153eb6971701a4eabce011,https://data.chain.link/streams/hype-usd-twap-30s-streams,,
sol-updown-5m-1786533900,SOL,"Solana Up or Down - August 12, 7:25AM-7:30AM ET",2026-08-12T11:30:00Z,2026-08-12T11:25:00Z,76.75891785391217,Up,"[""1"", ""0""]",0.99,1991.3464650000003,,0.49,0.01,resolved,0x3b2dd6ccc09d68e908c8c320bf875c0c89447f50202f48224db78a623bc5dc81,https://data.chain.link/streams/sol-usd-twap-30s-streams,,
xrp-updown-5m-1786533900,XRP,"XRP Up or Down - August 12, 7:25AM-7:30AM ET",2026-08-12T11:30:00Z,2026-08-12T11:25:00Z,1.0206955819460242,Up,"[""1"", ""0""]",0.99,1841.6647290000005,,0.49,0.01,resolved,0xa92252a4e7e03d6088076f74268ab31a4ed2b7fbc4266600f4375cc032c6129d,https://data.chain.link/streams/xrp-usd-twap-30s-streams,,
zec-updown-5m-1786533900,ZEC,"ZCash Up or Down - August 12, 7:25AM-7:30AM ET",2026-08-12T11:30:00Z,2026-08-12T11:25:00Z,489.3212626261107,Down,"[""0"", ""1""]",,,,-0.495,0.01,resolved,0xcda3103729960fe646cf851195b496f76adbee128881781b611e4552d1d82065,https://data.chain.link/streams/zec-usd-twap-30s-streams,,
bnb-updown-5m-1786534200,BNB,"BNB Up or Down - August 12, 7:30AM-7:35AM ET",2026-08-12T11:35:00Z,2026-08-12T11:30:00Z,613.8396741797671,Down,"[""0"", ""1""]",0.04,,,-0.5,0.01,resolved,0x3215422b89044512b38d70939997927874346b784a373fa2c8946a91b0864ae0,https://data.chain.link/streams/bnb-usd-twap-30s-streams,,
btc-updown-5m-1786534200,BTC,"Bitcoin Up or Down - August 12, 7:30AM-7:35AM ET",2026-08-12T11:35:00Z,2026-08-12T11:30:00Z,64136.77399571113,Down,"[""0"", ""1""]",0.01,77602.43868000002,,-0.5,0.01,resolved,0xe4715a7a7926ab46dba8ad606f400800f0b3c7ad8ebfa8d291d4f0f6db07751e,https://data.chain.link/streams/btc-usd-twap-30s-streams,,
doge-updown-5m-1786534200,DOGE,"Dogecoin Up or Down - August 12, 7:30AM-7:35AM ET",2026-08-12T11:35:00Z,2026-08-12T11:30:00Z,0.0719492759942637,Down,"[""0"", ""1""]",0.19,1314.3685560000001,,-0.495,0.01,resolved,0x59a2384247744776927c4c2741b987ae5c2c950032e4881c060a2bc0f070e80e,https://data.chain.link/streams/doge-usd-twap-30s-streams,,
eth-updown-5m-1786534200,ETH,"Ethereum Up or Down - August 12, 7:30AM-7:35AM ET",2026-08-12T11:35:00Z,2026-08-12T11:30:00Z,1911.6016355072363,Down,"[""0"", ""1""]",0.01,9016.294354000001,,-0.5,0.01,resolved,0x593daed67bfbf5cdce54aff354881a13ef088e5f8d3c69b10441c11fdb55a27c,https://data.chain.link/streams/eth-usd-twap-30s-streams,,
hype-updown-5m-1786534200,HYPE,"Hyperliquid Up or Down - August 12, 7:30AM-7:35AM ET",2026-08-12T11:35:00Z,2026-08-12T11:30:00Z,55.763610683199644,Down,"[""0"", ""1""]",0.03,172.675883,,-0.495,0.01,resolved,0x92434ce61f58614cb62945cceba97377fe9ea0a140f088f9a12ffa4a3b71785a,https://data.chain.link/streams/hype-usd-twap-30s-streams,,
sol-updown-5m-1786534200,SOL,"Solana Up or Down - August 12, 7:30AM-7:35AM ET",2026-08-12T11:35:00Z,2026-08-12T11:30:00Z,76.75931034622353,Down,"[""0"", ""1""]",0.06,2195.319615,,-0.5,0.01,resolved,0xe504917f7cdcdb244a5ba3974de75e4e4a138f7bbcd5694d74e57db80d317b8d,https://data.chain.link/streams/sol-usd-twap-30s-streams,,
xrp-updown-5m-1786534200,XRP,"XRP Up or Down - August 12, 7:30AM-7:35AM ET",2026-08-12T11:35:00Z,2026-08-12T11:30:00Z,1.0206968566427201,Down,"[""0"", ""1""]",0.07,539.467405,,-0.5,0.01,resolved,0x8156a920ed85377c3cf36f5cbec645c4b6bc8ed3b5f8ea64cfb334f4e8891cda,https://data.chain.link/streams/xrp-usd-twap-30s-streams,,
zec-updown-5m-1786534200,ZEC,"ZCash Up or Down - August 12, 7:30AM-7:35AM ET",2026-08-12T11:35:00Z,2026-08-12T11:30:00Z,488.91378244569654,Up,"[""1"", ""0""]",0.99,,,0.495,0.01,resolved,0xcdb91947f623dcbc89e27d1380adc004d46e8be62a490dbf5a2dc8c70e5363b2,https://data.chain.link/streams/zec-usd-twap-30s-streams,,
bnb-updown-5m-1786534500,BNB,"BNB Up or Down - August 12, 7:35AM-7:40AM ET",2026-08-12T11:40:00Z,2026-08-12T11:35:00Z,613.5800151746627,Up,"[""1"", ""0""]",0.99,255.07165400000002,,0.49,0.01,resolved,0xb8c9772880fba000096bdffd9ecff82ff61d7e787b95ab717a349d4b3ec33383,https://data.chain.link/streams/bnb-usd-twap-30s-streams,,
btc-updown-5m-1786534500,BTC,"Bitcoin Up or Down - August 12, 7:35AM-7:40AM ET",2026-08-12T11:40:00Z,2026-08-12T11:35:00Z,64128.495982713335,Up,"[""1"", ""0""]",0.999,64713.093705000036,,0.49,0.01,resolved,0x220d91bfd45f9c67448d7ebf1ee05889af83fdabec83ec99bca861a9c45d86f1,https://data.chain.link/streams/btc-usd-twap-30s-streams,,
doge-updown-5m-1786534500,DOGE,"Dogecoin Up or Down - August 12, 7:35AM-7:40AM ET",2026-08-12T11:40:00Z,2026-08-12T11:35:00Z,0.07194819096281391,Down,"[""0"", ""1""]",0.01,796.8883330000001,,-0.495,0.01,resolved,0x131afb9d2d5c508c6b79eeeb5c3f67aa413adc2ab62e20cad452d87194849de9,https://data.chain.link/streams/doge-usd-twap-30s-streams,,
eth-updown-5m-1786534500,ETH,"Ethereum Up or Down - August 12, 7:35AM-7:40AM ET",2026-08-12T11:40:00Z,2026-08-12T11:35:00Z,1911.2347135564792,Down,"[""0"", ""1""]",0.01,9452.065132000002,,0.07,0.05,resolved,0x7cfbec9f141f37ebac1611e92b1b2ede25b8efc68a6eea02fba1dc4c2c2ecc92,https://data.chain.link/streams/eth-usd-twap-30s-streams,,
hype-updown-5m-1786534500,HYPE,"Hyperliquid Up or Down - August 12, 7:35AM-7:40AM ET",2026-08-12T11:40:00Z,2026-08-12T11:35:00Z,55.63793268726164,Up,"[""1"", ""0""]",0.96,,,0.385,0.15,resolved,0x1a77a5fe620cb1c4e7fa1d7f559ffcf71c6526af672d74dbb2b67bcc9b5085c5,https://data.chain.link/streams/hype-usd-twap-30s-streams,,
sol-updown-5m-1786534500,SOL,"Solana Up or Down - August 12, 7:35AM-7:40AM ET",2026-08-12T11:40:00Z,2026-08-12T11:35:00Z,76.70481245606827,Down,"[""0"", ""1""]",0.01,1444.9518509999998,,-0.5,0.01,resolved,0xe4eb7629840bac0520f66f0e6ba88db88bdabb44dd10dbed4c9cbfe8fc47f6ee,https://data.chain.link/streams/sol-usd-twap-30s-streams,,
xrp-updown-5m-1786534500,XRP,"XRP Up or Down - August 12, 7:35AM-7:40AM ET",2026-08-12T11:40:00Z,2026-08-12T11:35:00Z,1.0200950118126555,Down,"[""0"", ""1""]",0.001,1393.3493030000002,,-0.5,0.01,resolved,0x09170bb1822688dd62a7d6cde1e460b564c4ffcfcb2f8b0edc269c3a20e4dd23,https://data.chain.link/streams/xrp-usd-twap-30s-streams,,
zec-updown-5m-1786534500,ZEC,"ZCash Up or Down - August 12, 7:35AM-7:40AM ET",2026-08-12T11:40:00Z,2026-08-12T11:35:00Z,489.1613127259059,Down,"[""0"", ""1""]",,,,,0.98,resolved,0xeb5292af690a9540bb02e2a18429c43673ab85cc8a3d0d4eed4633c20d5b7a3b,https://data.chain.link/streams/zec-usd-twap-30s-streams,,
bnb-updown-5m-1786534800,BNB,"BNB Up or Down - August 12, 7:40AM-7:45AM ET",2026-08-12T11:45:00Z,2026-08-12T11:40:00Z,613.6802663669635,Down,"[""0"", ""1""]",0.05,428.94678799999997,,-0.5,0.01,resolved,0x5684e290c43a4867de3bfb1271bc3c32e3538d9573dccfdda69d48559550ac3c,https://data.chain.link/streams/bnb-usd-twap-30s-streams,,
btc-updown-5m-1786534800,BTC,"Bitcoin Up or Down - August 12, 7:40AM-7:45AM ET",2026-08-12T11:45:00Z,2026-08-12T11:40:00Z,64138.63394461112,Down,"[""0"", ""1""]",0.01,45857.719949,,-0.5,0.01,resolved,0x8c37400549c22496aca68b0e8ed01734ec16df9d500667d23049ea3b394d675c,https://data.chain.link/streams/btc-usd-twap-30s-streams,,
doge-updown-5m-1786534800,DOGE,"Dogecoin Up or Down - August 12, 7:40AM-7:45AM ET",2026-08-12T11:45:00Z,2026-08-12T11:40:00Z,0.07192142398870914,Down,"[""0"", ""1""]",0.02,541.191877,,-0.4995,0.001,resolved,0xfb2030c0c31a00978cd6d05bb754021502f62a27b9c8c4d6d4a3477f27c64e09,https://data.chain.link/streams/doge-usd-twap-30s-streams,,
eth-updown-5m-1786534800,ETH,"Ethereum Up or Down - August 12, 7:40AM-7:45AM ET",2026-08-12T11:45:00Z,2026-08-12T11:40:00Z,1911.1911426974407,Up,"[""1"", ""0""]",0.99,3965.254488999999,,0.49,0.01,resolved,0x2ed9ea7253e3c47de93acdc0989585d9e56c37bf097a6d05e732d5442ac1c9a9,https://data.chain.link/streams/eth-usd-twap-30s-streams,,
hype-updown-5m-1786534800,HYPE,"Hyperliquid Up or Down - August 12, 7:40AM-7:45AM ET",2026-08-12T11:45:00Z,2026-08-12T11:40:00Z,55.63998699951884,Down,"[""0"", ""1""]",0.11,25.474113,,-0.495,0.01,resolved,0x437007edfec434c5c15f33755bd99564883677b859a6269d91aff26f7461786e,https://data.chain.link/streams/hype-usd-twap-30s-streams,,
sol-updown-5m-1786534800,SOL,"Solana Up or Down - August 12, 7:40AM-7:45AM ET",2026-08-12T11:45:00Z,2026-08-12T11:40:00Z,76.67416947959224,Down,"[""0"", ""1""]",0.03,1496.155936,,-0.5,0.01,resolved,0xa39bd53d89f90fce4b81bdce609d09130bb072d91fee0895bec445bbdfc27076,https://data.chain.link/streams/sol-usd-twap-30s-streams,,
xrp-updown-5m-1786534800,XRP,"XRP Up or Down - August 12, 7:40AM-7:45AM ET",2026-08-12T11:45:00Z,2026-08-12T11:40:00Z,1.0200028175622464,Up,"[""1"", ""0""]",0.99,922.385608,,0.49,0.01,resolved,0xc5231acd53c7681f3086a39fad69648a521994fd0f47061827e3338173307410,https://data.chain.link/streams/xrp-usd-twap-30s-streams,,
zec-updown-5m-1786534800,ZEC,"ZCash Up or Down - August 12, 7:40AM-7:45AM ET",2026-08-12T11:45:00Z,2026-08-12T11:40:00Z,488.50930702911035,Up,"[""1"", ""0""]",0.99,,,0.495,0.01,resolved,0xec92531bd070231ef0ae85be5ef85d4ed3e7b624b19bae4c54dcc0040cb0737b,https://data.chain.link/streams/zec-usd-twap-30s-streams,,
bnb-updown-5m-1786535100,BNB,"BNB Up or Down - August 12, 7:45AM-7:50AM ET",2026-08-12T11:50:00Z,2026-08-12T11:45:00Z,613.6245726845845,Down,"[""0"", ""1""]",0.14,522.328997,,-0.5,0.01,resolved,0x271db94bc5dd5cb41e48c2d195fd93a5e02b1dfeeb19c3dcd7174acf77455257,https://data.chain.link/streams/bnb-usd-twap-30s-streams,,
btc-updown-5m-1786535100,BTC,"Bitcoin Up or Down - August 12, 7:45AM-7:50AM ET",2026-08-12T11:50:00Z,2026-08-12T11:45:00Z,64131.56481930572,Up,"[""1"", ""0""]",0.999,32535.696828999986,,0.4945,0.001,resolved,0x20e0f1e44833e85d871297cadbb4bed108435069c806656a7dcc03b0b5f3fbb4,https://data.chain.link/streams/btc-usd-twap-30s-streams,,
doge-updown-5m-1786535100,DOGE,"Dogecoin Up or Down - August 12, 7:45AM-7:50AM ET",2026-08-12T11:50:00Z,2026-08-12T11:45:00Z,0.07187500263819244,Up,"[""1"", ""0""]",0.99,621.5395129999999,,0.4995,0.001,resolved,0x2bf5265ef1bed5c685cbedc16d23d2a7024e31ebf8280f08565fcebfc4cc1f22,https://data.chain.link/streams/doge-usd-twap-30s-streams,,
eth-updown-5m-1786535100,ETH,"Ethereum Up or Down - August 12, 7:45AM-7:50AM ET",2026-08-12T11:50:00Z,2026-08-12T11:45:00Z,1911.5817980061433,Up,"[""1"", ""0""]",0.999,3377.0487980000003,,0.4945,0.001,resolved,0x46124a352a893092c9d8e6a945f419c7e9a496c858d075e2c28d82994a3730a2,https://data.chain.link/streams/eth-usd-twap-30s-streams,,
hype-updown-5m-1786535100,HYPE,"Hyperliquid Up or Down - August 12, 7:45AM-7:50AM ET",2026-08-12T11:50:00Z,2026-08-12T11:45:00Z,55.637877950985285,Up,"[""1"", ""0""]",0.99,,,0.4995,0.001,resolved,0xdb39ea71d872739f155eb8ff01748afef835d41f7f7e2dfc5d1b98a9bfd81248,https://data.chain.link/streams/hype-usd-twap-30s-streams,,
sol-updown-5m-1786535100,SOL,"Solana Up or Down - August 12, 7:45AM-7:50AM ET",2026-08-12T11:50:00Z,2026-08-12T11:45:00Z,76.66505232613517,Up,"[""1"", ""0""]",0.99,1048.273822,,0.4945,0.001,resolved,0xd8cc679b4a60ff76ac747f29ddd5e86dd3cf6b2e03b9b018b22ce64e06dc43f4,https://data.chain.link/streams/sol-usd-twap-30s-streams,,
xrp-updown-5m-1786535100,XRP,"XRP Up or Down - August 12, 7:45AM-7:50AM ET",2026-08-12T11:50:00Z,2026-08-12T11:45:00Z,1.0200098586639403,Up,"[""1"", ""0""]",0.99,348.988608,,0.4995,0.001,resolved,0xf03ccc4f2b89f2038a8db83e2627e1435864cee2b3e6920c31104097518e8ef0,https://data.chain.link/streams/xrp-usd-twap-30s-streams,,
zec-updown-5m-1786535100,ZEC,"ZCash Up or Down - August 12, 7:45AM-7:50AM ET",2026-08-12T11:50:00Z,2026-08-12T11:45:00Z,488.6380549415543,Up,"[""1"", ""0""]",0.99,,,0.495,0.01,resolved,0xaffe5a13ef4c8f95537d87afad1b5028a25f25bcafdef79b49b8bde2b44db841,https://data.chain.link/streams/zec-usd-twap-30s-streams,,
bnb-updown-5m-1786535400,BNB,"BNB Up or Down - August 12, 7:50AM-7:55AM ET",2026-08-12T11:55:00Z,2026-08-12T11:50:00Z,613.6016209251355,Up,"[""1"", ""0""]",0.99,253.802911,,0.4945,0.001,resolved,0x54586a05d23b200456b4f2ee6c818e6d08a83cfd9e29c4c8adfa3b61034efd31,https://data.chain.link/streams/bnb-usd-twap-30s-streams,,
btc-updown-5m-1786535400,BTC,"Bitcoin Up or Down - August 12, 7:50AM-7:55AM ET",2026-08-12T11:55:00Z,2026-08-12T11:50:00Z,64169.78029557847,Up,"[""1"", ""0""]",0.99,56077.66740999997,,0.49,0.01,resolved,0xfd3e9379c4a178ae8fc5ab1e40851d55beeb5d33150fa33d8c7ead7d63a3956f,https://data.chain.link/streams/btc-usd-twap-30s-streams,,
doge-updown-5m-1786535400,DOGE,"Dogecoin Up or Down - August 12, 7:50AM-7:55AM ET",2026-08-12T11:55:00Z,2026-08-12T11:50:00Z,0.07189130354349778,Up,"[""1"", ""0""]",0.99,301.954722,,0.495,0.01,resolved,0x6bf89fa07fc7ac32460257cac584165708fdac893d6ecd67271245293d2e352b,https://data.chain.link/streams/doge-usd-twap-30s-streams,,
eth-updown-5m-1786535400,ETH,"Ethereum Up or Down - August 12, 7:50AM-7:55AM ET",2026-08-12T11:55:00Z,2026-08-12T11:50:00Z,1912.4585596428417,Up,"[""1"", ""0""]",0.99,4961.045043999999,,0.49,0.01,resolved,0xe9eee2e6914619f34472c16971161dab37be2f71e161fd35d2bf5fac1b06ef86,https://data.chain.link/streams/eth-usd-twap-30s-streams,,
hype-updown-5m-1786535400,HYPE,"Hyperliquid Up or Down - August 12, 7:50AM-7:55AM ET",2026-08-12T11:55:00Z,2026-08-12T11:50:00Z,55.68509917220566,Down,"[""0"", ""1""]",0.02,,,-0.495,0.01,resolved,0x5f4b3a841930714bb1cff32a7ab34199a8dd1190aaf2837f74e38ecd3ec8b248,https://data.chain.link/streams/hype-usd-twap-30s-streams,,
sol-updown-5m-1786535400,SOL,"Solana Up or Down - August 12, 7:50AM-7:55AM ET",2026-08-12T11:55:00Z,2026-08-12T11:50:00Z,76.69522595766716,Up,"[""1"", ""0""]",0.99,1132.1766759999998,,0.4945,0.001,resolved,0x84140b70f7df557f1efae06c122e25f9838b2af099df206518f0161eedf635d8,https://data.chain.link/streams/sol-usd-twap-30s-streams,,
xrp-updown-5m-1786535400,XRP,"XRP Up or Down - August 12, 7:50AM-7:55AM ET",2026-08-12T11:55:00Z,2026-08-12T11:50:00Z,1.0200840500627562,Up,"[""1"", ""0""]",0.999,607.6786969999999,,0.4945,0.001,resolved,0xa62f0d51854a2f1f7ab95f87fc7ed9e5fce1b9d7022f6de2c1ba47b923e824f3,https://data.chain.link/streams/xrp-usd-twap-30s-streams,,
zec-updown-5m-1786535400,ZEC,"ZCash Up or Down - August 12, 7:50AM-7:55AM ET",2026-08-12T11:55:00Z,2026-08-12T11:50:00Z,489.3770579750503,Up,"[""1"", ""0""]",0.99,,,0.495,0.01,resolved,0x56c2c2e9c4057c9a459e161864700c10bdd8469c0640a8abdd1e76d638ae24af,https://data.chain.link/streams/zec-usd-twap-30s-streams,,
bnb-updown-5m-1786535700,BNB,"BNB Up or Down - August 12, 7:55AM-8:00AM ET",2026-08-12T12:00:00Z,2026-08-12T11:55:00Z,614.0903768715707,Up,"[""1"", ""0""]",0.98,,,0.49,0.01,resolved,0x8beb012dea40f843e503fdc8feb5ba2ddc27e7e2d5cb9c90ba1bafb642f4aeaa,https://data.chain.link/streams/bnb-usd-twap-30s-streams,,
btc-updown-5m-1786535700,BTC,"Bitcoin Up or Down - August 12, 7:55AM-8:00AM ET",2026-08-12T12:00:00Z,2026-08-12T11:55:00Z,64173.24082257475,Up,"[""1"", ""0""]",0.999,56057.972629000025,,0.46,0.01,resolved,0xb59eb49867b41dd5fdb3aee51c0fca04131c6554b8cca83f1a256112d78032f4,https://data.chain.link/streams/btc-usd-twap-30s-streams,,
doge-updown-5m-1786535700,DOGE,"Dogecoin Up or Down - August 12, 7:55AM-8:00AM ET",2026-08-12T12:00:00Z,2026-08-12T11:55:00Z,0.07191802774277654,Up,"[""1"", ""0""]",0.98,,,0.495,0.01,resolved,0x12af92ade9e0c4f496b83c41523952586c31142eea0f9117970b4c0175efb3ec,https://data.chain.link/streams/doge-usd-twap-30s-streams,,
eth-updown-5m-1786535700,ETH,"Ethereum Up or Down - August 12, 7:55AM-8:00AM ET",2026-08-12T12:00:00Z,2026-08-12T11:55:00Z,1912.5899926575635,Up,"[""1"", ""0""]",0.99,,,0.49,0.01,resolved,0x603e68298409bb67bd7ee8b3b714237b68aa6799220e2f6a46c7596351c90145,https://data.chain.link/streams/eth-usd-twap-30s-streams,,
hype-updown-5m-1786535700,HYPE,"Hyperliquid Up or Down - August 12, 7:55AM-8:00AM ET",2026-08-12T12:00:00Z,2026-08-12T11:55:00Z,55.67318879890518,Up,"[""1"", ""0""]",0.98,,,0.495,0.01,resolved,0x6640f458022c945385b9fbfcca5a75192d1f21379141c3eff20e4a884c5d87c7,https://data.chain.link/streams/hype-usd-twap-30s-streams,,
sol-updown-5m-1786535700,SOL,"Solana Up or Down - August 12, 7:55AM-8:00AM ET",2026-08-12T12:00:00Z,2026-08-12T11:55:00Z,76.75717122921688,Up,"[""1"", ""0""]",0.9,,,0.43,0.01,resolved,0xe5157975473616c5c9c2b5fad9bd99e463a0e0a535a32b7c0b341dd481a1211d,https://data.chain.link/streams/sol-usd-twap-30s-streams,,
xrp-updown-5m-1786535700,XRP,"XRP Up or Down - August 12, 7:55AM-8:00AM ET",2026-08-12T12:00:00Z,2026-08-12T11:55:00Z,1.020935048785123,Up,"[""1"", ""0""]",0.99,546.379668,,0.49,0.01,resolved,0xcfc1766c77eea1d566b656908160d7232a4eca3b58d3d7563c963c4cf9a8812f,https://data.chain.link/streams/xrp-usd-twap-30s-streams,,
zec-updown-5m-1786535700,ZEC,"ZCash Up or Down - August 12, 7:55AM-8:00AM ET",2026-08-12T12:00:00Z,2026-08-12T11:55:00Z,489.72714973036886,Up,"[""1"", ""0""]",,,,,0.98,resolved,0x07bea39897c0ee647601bd322e6a9040489981904b044cabb44e54de4f6dec24,https://data.chain.link/streams/zec-usd-twap-30s-streams,,
bnb-updown-5m-1786536000,BNB,"BNB Up or Down - August 12, 8:00AM-8:05AM ET",2026-08-12T12:05:00Z,2026-08-12T12:00:00Z,614.16434693246,Up,"[""1"", ""0""]",0.99,1017.1191279999997,,0.49,0.01,resolved,0x136748dc3ccdb1ee62914b1ee25d1ec7220fee6db62d7f22218d95b148c91c5d,https://data.chain.link/streams/bnb-usd-twap-30s-streams,,
btc-updown-5m-1786536000,BTC,"Bitcoin Up or Down - August 12, 8:00AM-8:05AM ET",2026-08-12T12:05:00Z,2026-08-12T12:00:00Z,64175.2670499272,Up,"[""1"", ""0""]",0.99,62652.84572099998,73,0.49,0.01,resolved,0xa482cc52d5a55aac5e6898e6e1dce8c2d41a2035efe8a58aa88e81d39ea97dab,https://data.chain.link/streams/btc-usd-twap-30s-streams,,
doge-updown-5m-1786536000,DOGE,"Dogecoin Up or Down - August 12, 8:00AM-8:05AM ET",2026-08-12T12:05:00Z,2026-08-12T12:00:00Z,0.07193095043593761,Up,"[""1"", ""0""]",0.99,852.621175,,0.495,0.01,resolved,0x8756c8cf49715e67ef1d088a7f2fa817b54aaba84f50be2787bb32487ab057fc,https://data.chain.link/streams/doge-usd-twap-30s-streams,,
eth-updown-5m-1786536000,ETH,"Ethereum Up or Down - August 12, 8:00AM-8:05AM ET",2026-08-12T12:05:00Z,2026-08-12T12:00:00Z,1913.6704321676893,Up,"[""1"", ""0""]",0.99,6237.897943999999,,0.49,0.01,resolved,0xfc085623a83f3a0686a5735ba752b677eea98b0f295fb450898cb5b7ed7235ca,https://data.chain.link/streams/eth-usd-twap-30s-streams,,
hype-updown-5m-1786536000,HYPE,"Hyperliquid Up or Down - August 12, 8:00AM-8:05AM ET",2026-08-12T12:05:00Z,2026-08-12T12:00:00Z,55.761034732475856,Up,"[""1"", ""0""]",0.99,,,0.495,0.01,resolved,0x7b2e488eca9cb85f97f1d40b05d2bd14cb3ee52da2d1a3525be811aaf7b62738,https://data.chain.link/streams/hype-usd-twap-30s-streams,,
sol-updown-5m-1786536000,SOL,"Solana Up or Down - August 12, 8:00AM-8:05AM ET",2026-08-12T12:05:00Z,2026-08-12T12:00:00Z,76.76183205398702,Up,"[""1"", ""0""]",0.99,1153.72313,,0.4995,0.001,resolved,0xff1776c65d1db15b50a1542bfbb96c9eb2b60abefb208f373d2f7d5af85f8467,https://data.chain.link/streams/sol-usd-twap-30s-streams,,
xrp-updown-5m-1786536000,XRP,"XRP Up or Down - August 12, 8:00AM-8:05AM ET",2026-08-12T12:05:00Z,2026-08-12T12:00:00Z,1.0214602638674182,Up,"[""1"", ""0""]",0.99,1057.8848660000003,20,0.49,0.01,resolved,0xecec5d5ec68403cfb002648f9b167a85d9cc5da5220461a0de9dfab80f36d0ad,https://data.chain.link/streams/xrp-usd-twap-30s-streams,,
zec-updown-5m-1786536000,ZEC,"ZCash Up or Down - August 12, 8:00AM-8:05AM ET",2026-08-12T12:05:00Z,2026-08-12T12:00:00Z,490.6085393031391,Up,"[""1"", ""0""]",0.99,,,0.495,0.01,resolved,0xe21ea177580fad60f41cd50a54510600a0f04ed5b19598965195820b8b250be3,https://data.chain.link/streams/zec-usd-twap-30s-streams,,
bnb-updown-5m-1786536300,BNB,"BNB Up or Down - August 12, 8:05AM-8:10AM ET",2026-08-12T12:10:00Z,2026-08-12T12:05:00Z,614.2158194069499,Up,"[""1"", ""0""]",0.99,388.212442,,0.4995,0.001,resolved,0x3e2fdb05ff30c754259f91f329cdb5b4d68f427f76e8f900c02735b1d6228508,https://data.chain.link/streams/bnb-usd-twap-30s-streams,,
btc-updown-5m-1786536300,BTC,"Bitcoin Up or Down - August 12, 8:05AM-8:10AM ET",2026-08-12T12:10:00Z,2026-08-12T12:05:00Z,64206.53947730895,Up,"[""1"", ""0""]",0.999,53024.08464499997,78,0.4945,0.001,resolved,0xec570bde573c4dd7a1de86733a3e8af8fe99548f9b124c4e02d12bf9e7ee063e,https://data.chain.link/streams/btc-usd-twap-30s-streams,,
doge-updown-5m-1786536300,DOGE,"Dogecoin Up or Down - August 12, 8:05AM-8:10AM ET",2026-08-12T12:10:00Z,2026-08-12T12:05:00Z,0.07195678416322344,Up,"[""1"", ""0""]",0.99,584.455132,,0.4995,0.001,resolved,0x1476a45935a3e40d2b032a8cea4e88f528b760e3330d8bbc29adace3d085627f,https://data.chain.link/streams/doge-usd-twap-30s-streams,,
eth-updown-5m-1786536300,ETH,"Ethereum Up or Down - August 12, 8:05AM-8:10AM ET",2026-08-12T12:10:00Z,2026-08-12T12:05:00Z,1915.1455589657705,Down,"[""0"", ""1""]",0.01,6498.175981999999,,-0.5,0.01,resolved,0xaefd971ef2c2505f87b3a38bb3dfc8c55329affb7b7dc29c7decf7bf2dd2200d,https://data.chain.link/streams/eth-usd-twap-30s-streams,,
hype-updown-5m-1786536300,HYPE,"Hyperliquid Up or Down - August 12, 8:05AM-8:10AM ET",2026-08-12T12:10:00Z,2026-08-12T12:05:00Z,55.7985290726674,Up,"[""1"", ""0""]",0.98,,,0.495,0.01,resolved,0xb343e0cc1e9d7061d558b51f6541856dbd6bbea38340c38653e1eeb6650743eb,https://data.chain.link/streams/hype-usd-twap-30s-streams,,
sol-updown-5m-1786536300,SOL,"Solana Up or Down - August 12, 8:05AM-8:10AM ET",2026-08-12T12:10:00Z,2026-08-12T12:05:00Z,76.952811469892,Down,"[""0"", ""1""]",0.01,2029.0940689999995,,-0.5045,0.001,resolved,0xa1e66253e7aa1e9116bd8bba53e49050bf38fe00703908eff5d45726a9ae9c08,https://data.chain.link/streams/sol-usd-twap-30s-streams,,
xrp-updown-5m-1786536300,XRP,"XRP Up or Down - August 12, 8:05AM-8:10AM ET",2026-08-12T12:10:00Z,2026-08-12T12:05:00Z,1.0220898071666666,Up,"[""1"", ""0""]",0.99,579.7078440000001,20,0.4945,0.001,resolved,0x8dcdc51d316dcfa526c3c6b5c021659519bfba6d6bd7aeef5a760fc2fd9dc92e,https://data.chain.link/streams/xrp-usd-twap-30s-streams,,
zec-updown-5m-1786536300,ZEC,"ZCash Up or Down - August 12, 8:05AM-8:10AM ET",2026-08-12T12:10:00Z,2026-08-12T12:05:00Z,490.8049371734539,Up,"[""1"", ""0""]",0.99,,,0.5,0.01,resolved,0x75b81684fca9f93c7074216a8242a68fc421481ebe0cefa9c5ddb00e4d79699d,https://data.chain.link/streams/zec-usd-twap-30s-streams,,
bnb-updown-5m-1786536600,BNB,"BNB Up or Down - August 12, 8:10AM-8:15AM ET",2026-08-12T12:15:00Z,2026-08-12T12:10:00Z,614.2613743952694,Down,"[""0"", ""1""]",0.05,250.63861099999997,,-0.5,0.01,resolved,0xa56b8518a130e206fc56cae2bbb424f567e9bb76e6d8dba78ce9e51c22681248,https://data.chain.link/streams/bnb-usd-twap-30s-streams,,
btc-updown-5m-1786536600,BTC,"Bitcoin Up or Down - August 12, 8:10AM-8:15AM ET",2026-08-12T12:15:00Z,2026-08-12T12:10:00Z,64235.95813092788,Down,"[""0"", ""1""]",0.01,55017.23241299995,76.921567,-0.5,0.01,resolved,0x2876467d53b58755d9fca479d1ba1108739639874622f6d65c63016f1604652f,https://data.chain.link/streams/btc-usd-twap-30s-streams,,
doge-updown-5m-1786536600,DOGE,"Dogecoin Up or Down - August 12, 8:10AM-8:15AM ET",2026-08-12T12:15:00Z,2026-08-12T12:10:00Z,0.07199830493088955,Down,"[""0"", ""1""]",0.07,437.872989,,-0.495,0.01,resolved,0x41c94f5f12b2578dea919b76122533b7cbdd49ef97e9adb95e0a16b786ab2702,https://data.chain.link/streams/doge-usd-twap-30s-streams,,
eth-updown-5m-1786536600,ETH,"Ethereum Up or Down - August 12, 8:10AM-8:15AM ET",2026-08-12T12:15:00Z,2026-08-12T12:10:00Z,1914.890077758727,Down,"[""0"", ""1""]",0.1,2934.7181029999992,,-0.5,0.01,resolved,0xe790a894eba0e6cff4612b3dcafdc9e01545508ba328a7d8b8ca17543bafed36,https://data.chain.link/streams/eth-usd-twap-30s-streams,,
hype-updown-5m-1786536600,HYPE,"Hyperliquid Up or Down - August 12, 8:10AM-8:15AM ET",2026-08-12T12:15:00Z,2026-08-12T12:10:00Z,55.800300623511575,Up,"[""1"", ""0""]",0.97,157.36377,,0.495,0.01,resolved,0x75d2e549cf94623389189f7e70106850e1d0899cae841f224af33d1e53f37759,https://data.chain.link/streams/hype-usd-twap-30s-streams,,
sol-updown-5m-1786536600,SOL,"Solana Up or Down - August 12, 8:10AM-8:15AM ET",2026-08-12T12:15:00Z,2026-08-12T12:10:00Z,76.92500364925236,Up,"[""1"", ""0""]",0.99,1692.903842,,0.49,0.01,resolved,0x30b1eac33d44b4e80205f7d734d5bd613a594337c01826e2c33032d84bd20143,https://data.chain.link/streams/sol-usd-twap-30s-streams,,
xrp-updown-5m-1786536600,XRP,"XRP Up or Down - August 12, 8:10AM-8:15AM ET",2026-08-12T12:15:00Z,2026-08-12T12:10:00Z,1.0224015251164158,Down,"[""0"", ""1""]",0.04,605.4492100000001,,-0.5,0.01,resolved,0x38de410ab458349b70d977c744a85a049dd714afbdc6fe48499cf72fcd57a9a1,https://data.chain.link/streams/xrp-usd-twap-30s-streams,,
zec-updown-5m-1786536600,ZEC,"ZCash Up or Down - August 12, 8:10AM-8:15AM ET",2026-08-12T12:15:00Z,2026-08-12T12:10:00Z,491.0884981976369,Down,"[""0"", ""1""]",,,,-0.5,0.01,resolved,0x330d0651f59796843dc30f768e0a57a6b209f757aef06d4c83866718ff4fad20,https://data.chain.link/streams/zec-usd-twap-30s-streams,,
bnb-updown-5m-1786536900,BNB,"BNB Up or Down - August 12, 8:15AM-8:20AM ET",2026-08-12T12:20:00Z,2026-08-12T12:15:00Z,614.194882022929,Up,"[""1"", ""0""]",0.999,265.455085,,0.4945,0.001,resolved,0x316de3fd77bd6ca1f440b73f3757fce72db0d6c7a7f0fe7e48626780d03a5d10,https://data.chain.link/streams/bnb-usd-twap-30s-streams,,
btc-updown-5m-1786536900,BTC,"Bitcoin Up or Down - August 12, 8:15AM-8:20AM ET",2026-08-12T12:20:00Z,2026-08-12T12:15:00Z,64211.94385073231,Up,"[""1"", ""0""]",0.999,55786.23086099997,16.921567,0.4945,0.001,resolved,0x06c1dcdc43c897c195bacfcae934dc42ffa3542653620e70d51c100d3f1cf83e,https://data.chain.link/streams/btc-usd-twap-30s-streams,,
doge-updown-5m-1786536900,DOGE,"Dogecoin Up or Down - August 12, 8:15AM-8:20AM ET",2026-08-12T12:20:00Z,2026-08-12T12:15:00Z,0.07192608590992053,Up,"[""1"", ""0""]",0.94,520.8530380000001,,0.4995,0.001,resolved,0x7bfe5bb8d892630ef5fefce791577245a702f390a84b51d34f313ff6c3e4e12b,https://data.chain.link/streams/doge-usd-twap-30s-streams,,
eth-updown-5m-1786536900,ETH,"Ethereum Up or Down - August 12, 8:15AM-8:20AM ET",2026-08-12T12:20:00Z,2026-08-12T12:15:00Z,1912.5060321662297,Up,"[""1"", ""0""]",0.999,5783.920989999999,,0.4945,0.001,resolved,0xa848d8c063770b655da5dea9c25724bcf88ca3f0dcafbe9ab3b7479b2f4ea59c,https://data.chain.link/streams/eth-usd-twap-30s-streams,,
hype-updown-5m-1786536900,HYPE,"Hyperliquid Up or Down - August 12, 8:15AM-8:20AM ET",2026-08-12T12:20:00Z,2026-08-12T12:15:00Z,55.84589538764471,Up,"[""1"", ""0""]",0.999,,,0.4995,0.001,resolved,0x24c551e3ae9ab86475206950bdda9c1b25fd92551e2c182b316b6b8d7bd19401,https://data.chain.link/streams/hype-usd-twap-30s-streams,,
sol-updown-5m-1786536900,SOL,"Solana Up or Down - August 12, 8:15AM-8:20AM ET",2026-08-12T12:20:00Z,2026-08-12T12:15:00Z,76.92582924615665,Up,"[""1"", ""0""]",0.999,3082.4277580000003,,0.4945,0.001,resolved,0xde0e68a733122e7ad29c6687e77d4ae90e4ae75fefbae706943b63af389bd9b2,https://data.chain.link/streams/sol-usd-twap-30s-streams,,
xrp-updown-5m-1786536900,XRP,"XRP Up or Down - August 12, 8:15AM-8:20AM ET",2026-08-12T12:20:00Z,2026-08-12T12:15:00Z,1.0218296773000153,Up,"[""1"", ""0""]",0.99,622.761088,,0.4945,0.001,resolved,0xdc07a89f13f32ac9150c718d0ab5aa4c2789720c0b84fb8028a31ab6a3400859,https://data.chain.link/streams/xrp-usd-twap-30s-streams,,
zec-updown-5m-1786536900,ZEC,"ZCash Up or Down - August 12, 8:15AM-8:20AM ET",2026-08-12T12:20:00Z,2026-08-12T12:15:00Z,490.40429584355,Up,"[""1"", ""0""]",0.98,,,0.495,0.01,resolved,0xd89780bbcfd561b7ef2ff5cc38f937c5ab846378576671ae1d8377a1687895bc,https://data.chain.link/streams/zec-usd-twap-30s-streams,,
bnb-updown-5m-1786537200,BNB,"BNB Up or Down - August 12, 8:20AM-8:25AM ET",2026-08-12T12:25:00Z,2026-08-12T12:20:00Z,614.6774958330938,Down,"[""0"", ""1""]",0.04,583.8334649999999,,-0.5045,0.001,resolved,0xe9fc77ff07333e6454c6896e43f25bfd2da7efc076757667de7b09e1cdfe5a82,https://data.chain.link/streams/bnb-usd-twap-30s-streams,,
btc-updown-5m-1786537200,BTC,"Bitcoin Up or Down - August 12, 8:20AM-8:25AM ET",2026-08-12T12:25:00Z,2026-08-12T12:20:00Z,64242.397015008806,Down,"[""0"", ""1""]",0.01,65198.139635000014,13,-0.5,0.01,resolved,0xa1862d768813858828d679a99c7bc1ae32662165a533e8c403e7b4bd2bd1e8b6,https://data.chain.link/streams/btc-usd-twap-30s-streams,,
doge-updown-5m-1786537200,DOGE,"Dogecoin Up or Down - August 12, 8:20AM-8:25AM ET",2026-08-12T12:25:00Z,2026-08-12T12:20:00Z,0.07197108921582744,Down,"[""0"", ""1""]",0.02,816.421421,,-0.4995,0.001,resolved,0xde2ee488e7838564900a0506ab3f7b597360fbc71e032187667fe68ea9bd05c1,https://data.chain.link/streams/doge-usd-twap-30s-streams,,
eth-updown-5m-1786537200,ETH,"Ethereum Up or Down - August 12, 8:20AM-8:25AM ET",2026-08-12T12:25:00Z,2026-08-12T12:20:00Z,1914.5244590020297,Down,"[""0"", ""1""]",0.01,3305.9245010000004,,-0.5045,0.001,resolved,0x8e61f5a9425e7744f7da4e8dc643b89737ebd45f67e3068565ead18d456e0954,https://data.chain.link/streams/eth-usd-twap-30s-streams,,
hype-updown-5m-1786537200,HYPE,"Hyperliquid Up or Down - August 12, 8:20AM-8:25AM ET",2026-08-12T12:25:00Z,2026-08-12T12:20:00Z,55.87189527272703,Down,"[""0"", ""1""]",0.03,,,-0.495,0.01,resolved,0x103b9206961a62e7b2e3852a36a587fe2b09c9ec92493bb87a0b29a4dd004141,https://data.chain.link/streams/hype-usd-twap-30s-streams,,
sol-updown-5m-1786537200,SOL,"Solana Up or Down - August 12, 8:20AM-8:25AM ET",2026-08-12T12:25:00Z,2026-08-12T12:20:00Z,76.9760631093536,Down,"[""0"", ""1""]",0.01,1518.326446,,-0.5045,0.001,resolved,0x534e2f2c1b7e857b0b17bd769802dabb9edda8ba3700f256f3b89ad4fdc5b8df,https://data.chain.link/streams/sol-usd-twap-30s-streams,,
xrp-updown-5m-1786537200,XRP,"XRP Up or Down - August 12, 8:20AM-8:25AM ET",2026-08-12T12:25:00Z,2026-08-12T12:20:00Z,1.0221321304795417,Down,"[""0"", ""1""]",0.06,840.7195229999999,,-0.5,0.01,resolved,0x82ae22aaeeb4292ae2213eafca84485ebf29dc95ad12dda30acaac4260dbcf75,https://data.chain.link/streams/xrp-usd-twap-30s-streams,,
zec-updown-5m-1786537200,ZEC,"ZCash Up or Down - August 12, 8:20AM-8:25AM ET",2026-08-12T12:25:00Z,2026-08-12T12:20:00Z,491.81559231159497,Up,"[""1"", ""0""]",0.99,,,0.495,0.01,resolved,0x1eff30797ec372e805d3cc52871d851e383ff481a9f366055ade1977da5363af,https://data.chain.link/streams/zec-usd-twap-30s-streams,,
bnb-updown-5m-1786537500,BNB,"BNB Up or Down - August 12, 8:25AM-8:30AM ET",2026-08-12T12:30:00Z,2026-08-12T12:25:00Z,614.1431213448274,Up,"[""1"", ""0""]",0.99,553.1783179999999,,0.4945,0.001,resolved,0xaf42c12b3e395bbded32cc718100def33b2c28f0fb16d79d8de01e79061ac298,https://data.chain.link/streams/bnb-usd-twap-30s-streams,,
btc-updown-5m-1786537500,BTC,"Bitcoin Up or Down - August 12, 8:25AM-8:30AM ET",2026-08-12T12:30:00Z,2026-08-12T12:25:00Z,64214.03936837849,Up,"[""1"", ""0""]",0.999,56637.95761199998,111.039214,0.4945,0.001,resolved,0x84dc77546ccc0809ac724c90841a1f625d4c0a41bada20ab80bb29336cd1c788,https://data.chain.link/streams/btc-usd-twap-30s-streams,,
doge-updown-5m-1786537500,DOGE,"Dogecoin Up or Down - August 12, 8:25AM-8:30AM ET",2026-08-12T12:30:00Z,2026-08-12T12:25:00Z,0.07182357970668946,Up,"[""1"", ""0""]",0.99,824.070746,,0.4995,0.001,resolved,0xd29926002c3e01af3c665213af947eab3d40d297f2c961f94bfc92a308709fa0,https://data.chain.link/streams/doge-usd-twap-30s-streams,,
eth-updown-5m-1786537500,ETH,"Ethereum Up or Down - August 12, 8:25AM-8:30AM ET",2026-08-12T12:30:00Z,2026-08-12T12:25:00Z,1912.7184627732315,Up,"[""1"", ""0""]",0.999,2597.6435790000005,,0.4945,0.001,resolved,0x6b948f19e66dc4ce7ba645996d729b0976a54af53677ed1f1572ce6de9d94b33,https://data.chain.link/streams/eth-usd-twap-30s-streams,,
hype-updown-5m-1786537500,HYPE,"Hyperliquid Up or Down - August 12, 8:25AM-8:30AM ET",2026-08-12T12:30:00Z,2026-08-12T12:25:00Z,55.82871937014223,Up,"[""1"", ""0""]",0.51,756.129914,,0.495,0.01,resolved,0xca4088d0ed4965e53971a59fff076df25c1be6ece0a1a5433e2787062602e71c,https://data.chain.link/streams/hype-usd-twap-30s-streams,,
sol-updown-5m-1786537500,SOL,"Solana Up or Down - August 12, 8:25AM-8:30AM ET",2026-08-12T12:30:00Z,2026-08-12T12:25:00Z,76.88160936247755,Up,"[""1"", ""0""]",0.99,1194.2254690000004,,0.4945,0.001,resolved,0x167a22f67cb143daff396a38f1eeec6505b0bfb5668c7b748bf3422975f3a551,https://data.chain.link/streams/sol-usd-twap-30s-streams,,
xrp-updown-5m-1786537500,XRP,"XRP Up or Down - August 12, 8:25AM-8:30AM ET",2026-08-12T12:30:00Z,2026-08-12T12:25:00Z,1.0212978868129075,Up,"[""1"", ""0""]",0.99,796.4677890000003,,0.4945,0.001,resolved,0x8e1c163939eefabe3a25086a4e7b83b3fc56d71127a2c4d74b9b3fa3ad91a982,https://data.chain.link/streams/xrp-usd-twap-30s-streams,,
zec-updown-5m-1786537500,ZEC,"ZCash Up or Down - August 12, 8:25AM-8:30AM ET",2026-08-12T12:30:00Z,2026-08-12T12:25:00Z,492.2917832816797,Up,"[""1"", ""0""]",0.99,50,,0.495,0.01,resolved,0x0d587621d885a07f7cfb4f7a5685641bff55e951c29e87accc3b0d774360af37,https://data.chain.link/streams/zec-usd-twap-30s-streams,,
bnb-updown-5m-1786537800,BNB,"BNB Up or Down - August 12, 8:30AM-8:35AM ET",2026-08-12T12:35:00Z,2026-08-12T12:30:00Z,614.3731455494396,Down,"[""0"", ""1""]",0.03,481.0010089999999,,-0.5045,0.001,resolved,0x0c5e62383dd477fb525f966b2aaa71c9f1426cf296bc4097b11a65430ecce98e,https://data.chain.link/streams/bnb-usd-twap-30s-streams,,
btc-updown-5m-1786537800,BTC,"Bitcoin Up or Down - August 12, 8:30AM-8:35AM ET",2026-08-12T12:35:00Z,2026-08-12T12:30:00Z,64329.91903803957,Down,"[""0"", ""1""]",0.001,111477.22719699994,12,-0.5045,0.001,resolved,0x28d2c69d032334eb81ea7b88b0d5e36aa6753be0ae61d4d8ae8111e3014481f6,https://data.chain.link/streams/btc-usd-twap-30s-streams,,
doge-updown-5m-1786537800,DOGE,"Dogecoin Up or Down - August 12, 8:30AM-8:35AM ET",2026-08-12T12:35:00Z,2026-08-12T12:30:00Z,0.07200834850496374,Down,"[""0"", ""1""]",0.06,956.4483379999999,,-0.4995,0.001,resolved,0xfce71ea5088621a56698328129017647e42e3bfcc060705b8fe9a7d8f1495330,https://data.chain.link/streams/doge-usd-twap-30s-streams,,
eth-updown-5m-1786537800,ETH,"Ethereum Up or Down - August 12, 8:30AM-8:35AM ET",2026-08-12T12:35:00Z,2026-08-12T12:30:00Z,1919.5380238606826,Down,"[""0"", ""1""]",0.001,15460.950608000003,,-0.5045,0.001,resolved,0x98debedc7c0d13c4b06590234a8b9b9d0026cff532c877b0bbf8399815e475aa,https://data.chain.link/streams/eth-usd-twap-30s-streams,,
hype-updown-5m-1786537800,HYPE,"Hyperliquid Up or Down - August 12, 8:30AM-8:35AM ET",2026-08-12T12:35:00Z,2026-08-12T12:30:00Z,55.84834762584787,Down,"[""0"", ""1""]",0.03,,,-0.4995,0.001,resolved,0x4de08e27928de06330a12870b5fe51be1259282f811fdde267d6dd6389f9a65e,https://data.chain.link/streams/hype-usd-twap-30s-streams,,
sol-updown-5m-1786537800,SOL,"Solana Up or Down - August 12, 8:30AM-8:35AM ET",2026-08-12T12:35:00Z,2026-08-12T12:30:00Z,77.06116649514735,Down,"[""0"", ""1""]",0.002,4349.146399000001,,-0.5045,0.001,resolved,0xc03081613e7aba9c9e776c88732f19e224c7d1eaa00506e628fdbcf758083549,https://data.chain.link/streams/sol-usd-twap-30s-streams,,
xrp-updown-5m-1786537800,XRP,"XRP Up or Down - August 12, 8:30AM-8:35AM ET",2026-08-12T12:35:00Z,2026-08-12T12:30:00Z,1.02303140641778,Down,"[""0"", ""1""]",0.03,2131.10957,,-0.5045,0.001,resolved,0x6c9cbdb6c679f7174ae9f3ec306a2ff2f8468c91977d3ae1b00a5e17228a48cb,https://data.chain.link/streams/xrp-usd-twap-30s-streams,,
zec-updown-5m-1786537800,ZEC,"ZCash Up or Down - August 12, 8:30AM-8:35AM ET",2026-08-12T12:35:00Z,2026-08-12T12:30:00Z,493.80544110953446,Up,"[""1"", ""0""]",0.99,,,0.4995,0.001,resolved,0x0c6329e4dbe470f1e58bbd5f2cb534fe5fa5ba3c9d813cc8475254a46a6fbbc5,https://data.chain.link/streams/zec-usd-twap-30s-streams,,
bnb-updown-5m-1786538100,BNB,"BNB Up or Down - August 12, 8:35AM-8:40AM ET",2026-08-12T12:40:00Z,2026-08-12T12:35:00Z,613.6392409213727,Down,"[""0"", ""1""]",0.02,313.11704700000007,,-0.5045,0.001,resolved,0x4760f1ed3f957e1cd35f160760250a4e656d6777e9de4f67d9bf7eeb5e7e1e7e,https://data.chain.link/streams/bnb-usd-twap-30s-streams,,
btc-updown-5m-1786538100,BTC,"Bitcoin Up or Down - August 12, 8:35AM-8:40AM ET",2026-08-12T12:40:00Z,2026-08-12T12:35:00Z,64231.39716529769,Down,"[""0"", ""1""]",0.001,63710.26794099999,10,-0.5045,0.001,resolved,0x0c79659a781b771d67821bd90571655d04f59b769fc36148bf4aba94331f9b50,https://data.chain.link/streams/btc-usd-twap-30s-streams,,
doge-updown-5m-1786538100,DOGE,"Dogecoin Up or Down - August 12, 8:35AM-8:40AM ET",2026-08-12T12:40:00Z,2026-08-12T12:35:00Z,0.0719816916531744,Down,"[""0"", ""1""]",0.1,338.152948,,-0.4995,0.001,resolved,0xb1b5ce4b6d41045488943b740cf8586329f77b382a2fd1d89acbce066fd12785,https://data.chain.link/streams/doge-usd-twap-30s-streams,,
eth-updown-5m-1786538100,ETH,"Ethereum Up or Down - August 12, 8:35AM-8:40AM ET",2026-08-12T12:40:00Z,2026-08-12T12:35:00Z,1914.2304154893893,Down,"[""0"", ""1""]",0.01,4426.5914889999995,,-0.4995,0.001,resolved,0x85fdd326b34c4ee21cad804acd19adfb22e3c75be64fdd5773193edaf3422207,https://data.chain.link/streams/eth-usd-twap-30s-streams,,
hype-updown-5m-1786538100,HYPE,"Hyperliquid Up or Down - August 12, 8:35AM-8:40AM ET",2026-08-12T12:40:00Z,2026-08-12T12:35:00Z,55.81560285409903,Down,"[""0"", ""1""]",0.16,,,-0.4995,0.001,resolved,0x6057b53be2b7d1762d20b65e2ac46860f5b47cbabcf5312b2ab5f79a253c219f,https://data.chain.link/streams/hype-usd-twap-30s-streams,,
sol-updown-5m-1786538100,SOL,"Solana Up or Down - August 12, 8:35AM-8:40AM ET",2026-08-12T12:40:00Z,2026-08-12T12:35:00Z,76.93506618624608,Down,"[""0"", ""1""]",0.01,1121.535616,,-0.5045,0.001,resolved,0xa5feb14be4040059d223d0cce2a981015f077831ec1b9598e24b6593dc9c51ec,https://data.chain.link/streams/sol-usd-twap-30s-streams,,
xrp-updown-5m-1786538100,XRP,"XRP Up or Down - August 12, 8:35AM-8:40AM ET",2026-08-12T12:40:00Z,2026-08-12T12:35:00Z,1.0227710518256314,Down,"[""0"", ""1""]",0.02,830.0070350000001,,-0.5045,0.001,resolved,0xa65c9a0a8f9086fdd94aba395b50690f7b43653d826720f36be6100e0093a345,https://data.chain.link/streams/xrp-usd-twap-30s-streams,,
zec-updown-5m-1786538100,ZEC,"ZCash Up or Down - August 12, 8:35AM-8:40AM ET",2026-08-12T12:40:00Z,2026-08-12T12:35:00Z,494.7525758629529,Down,"[""0"", ""1""]",,,,-0.4995,0.001,resolved,0x72f2f435f24ec274af9250d85a60a4cb15921914913dd4fb22cfa706eb724393,https://data.chain.link/streams/zec-usd-twap-30s-streams,,
bnb-updown-5m-1786538400,BNB,"BNB Up or Down - August 12, 8:40AM-8:45AM ET",2026-08-12T12:45:00Z,2026-08-12T12:40:00Z,612.0425665677058,Down,"[""0"", ""1""]",0.03,351.81069299999996,,-0.5,0.01,resolved,0x2147f4bc7da7b4cfd4f9e7d80f2c0dd420e8a69dab549b035566b7f04b9f17e7,https://data.chain.link/streams/bnb-usd-twap-30s-streams,,
btc-updown-5m-1786538400,BTC,"Bitcoin Up or Down - August 12, 8:40AM-8:45AM ET",2026-08-12T12:45:00Z,2026-08-12T12:40:00Z,64006.15257986323,Up,"[""1"", ""0""]",0.99,57006.56547600002,10,0.49,0.01,resolved,0xcd6e10cf3addff265a909d96ffdd878fb12cea89bfb20d863a6a856dd5e0f699,https://data.chain.link/streams/btc-usd-twap-30s-streams,,
doge-updown-5m-1786538400,DOGE,"Dogecoin Up or Down - August 12, 8:40AM-8:45AM ET",2026-08-12T12:45:00Z,2026-08-12T12:40:00Z,0.07167339154199576,Down,"[""0"", ""1""]",0.06,453.938669,,-0.495,0.01,resolved,0xb4e322481fdae7fcfdbaf4af6b49451073d6cebf61937084cc542742c822fe85,https://data.chain.link/streams/doge-usd-twap-30s-streams,,
eth-updown-5m-1786538400,ETH,"Ethereum Up or Down - August 12, 8:40AM-8:45AM ET",2026-08-12T12:45:00Z,2026-08-12T12:40:00Z,1907.6304197481636,Up,"[""1"", ""0""]",0.99,5358.709272000002,,0.49,0.01,resolved,0x3b6fcae05eabdbad786dda2ed0250f90958c70c99175153d082e374393a3236c,https://data.chain.link/streams/eth-usd-twap-30s-streams,,
hype-updown-5m-1786538400,HYPE,"Hyperliquid Up or Down - August 12, 8:40AM-8:45AM ET",2026-08-12T12:45:00Z,2026-08-12T12:40:00Z,55.807979066292155,Down,"[""0"", ""1""]",0.03,162.17875400000003,,-0.495,0.01,resolved,0x1b8cdf405c1e5d8b784081b40dec85b3089bbc33c9303f98f10aa51f2a103e95,https://data.chain.link/streams/hype-usd-twap-30s-streams,,
sol-updown-5m-1786538400,SOL,"Solana Up or Down - August 12, 8:40AM-8:45AM ET",2026-08-12T12:45:00Z,2026-08-12T12:40:00Z,76.6212395960629,Down,"[""0"", ""1""]",0.01,1421.4788559999997,,-0.5045,0.001,resolved,0x57b50d7568f5a43a17cc69cfb0e658c1d0630c94b3e818efbc2e7116cf145665,https://data.chain.link/streams/sol-usd-twap-30s-streams,,
xrp-updown-5m-1786538400,XRP,"XRP Up or Down - August 12, 8:40AM-8:45AM ET",2026-08-12T12:45:00Z,2026-08-12T12:40:00Z,1.0196933126963,Down,"[""0"", ""1""]",0.06,992.8706260000001,,-0.5,0.01,resolved,0xdae95a5d6b0824d97232f29d7f4f1c648b0d0173e42466a496126d950a473c8a,https://data.chain.link/streams/xrp-usd-twap-30s-streams,,
zec-updown-5m-1786538400,ZEC,"ZCash Up or Down - August 12, 8:40AM-8:45AM ET",2026-08-12T12:45:00Z,2026-08-12T12:40:00Z,490.40246591465166,Up,"[""1"", ""0""]",0.99,,,0.495,0.01,resolved,0xa3c668092f92c04b4a57c68c12ad3143ab7b3bef5a6f1670806e59614652f35f,https://data.chain.link/streams/zec-usd-twap-30s-streams,,
bnb-updown-5m-1786538700,BNB,"BNB Up or Down - August 12, 8:45AM-8:50AM ET",2026-08-12T12:50:00Z,2026-08-12T12:45:00Z,611.2300397145567,Down,"[""0"", ""1""]",0.01,333.11835999999994,,-0.5045,0.001,resolved,0xc89c223548fd680619e3f5a669c601848fccff46f35e57227181c9bdf1ea9e67,https://data.chain.link/streams/bnb-usd-twap-30s-streams,,
btc-updown-5m-1786538700,BTC,"Bitcoin Up or Down - August 12, 8:45AM-8:50AM ET",2026-08-12T12:50:00Z,2026-08-12T12:45:00Z,64037.592308782754,Down,"[""0"", ""1""]",0.01,50786.766913000014,10,-0.5045,0.001,resolved,0x23eae29220ac5b372a80931faf6704cfa0fe8b8d5aad4218142b0b3ab30de402,https://data.chain.link/streams/btc-usd-twap-30s-streams,,
doge-updown-5m-1786538700,DOGE,"Dogecoin Up or Down - August 12, 8:45AM-8:50AM ET",2026-08-12T12:50:00Z,2026-08-12T12:45:00Z,0.07146237963104474,Up,"[""1"", ""0""]",0.99,1612.652007,,0.495,0.01,resolved,0xb3dec12672e7241b4f26fe1a4ae2eae53fac021d763e7d7b3b9402c2c3b5aed4,https://data.chain.link/streams/doge-usd-twap-30s-streams,,
eth-updown-5m-1786538700,ETH,"Ethereum Up or Down - August 12, 8:45AM-8:50AM ET",2026-08-12T12:50:00Z,2026-08-12T12:45:00Z,1907.6788707000685,Down,"[""0"", ""1""]",0.001,6263.489160000001,,-0.5045,0.001,resolved,0x836ddb5a36f41cc45c7713e2c601abb9a23e6577d33b359203cd25c1a620a0be,https://data.chain.link/streams/eth-usd-twap-30s-streams,,
hype-updown-5m-1786538700,HYPE,"Hyperliquid Up or Down - August 12, 8:45AM-8:50AM ET",2026-08-12T12:50:00Z,2026-08-12T12:45:00Z,55.642660503529434,Down,"[""0"", ""1""]",0.06,,,-0.4995,0.001,resolved,0xf3f016fb27a01ce60786aef0f0c315de925d826c5fcba140cb9024b542e7ee61,https://data.chain.link/streams/hype-usd-twap-30s-streams,,
sol-updown-5m-1786538700,SOL,"Solana Up or Down - August 12, 8:45AM-8:50AM ET",2026-08-12T12:50:00Z,2026-08-12T12:45:00Z,76.46856760331522,Down,"[""0"", ""1""]",0.05,2218.8944200000005,,-0.5045,0.001,resolved,0xe937eb044566f473a121c4f97a8bd7b28c0c6948d6250b5451bc548c4b72a762,https://data.chain.link/streams/sol-usd-twap-30s-streams,,
xrp-updown-5m-1786538700,XRP,"XRP Up or Down - August 12, 8:45AM-8:50AM ET",2026-08-12T12:50:00Z,2026-08-12T12:45:00Z,1.0179465214306893,Down,"[""0"", ""1""]",0.021,1268.541281,,-0.5045,0.001,resolved,0xf384775018378b628a2fe7fe44dc88e98ef0226e918cc6b89dfe08d8c6061cad,https://data.chain.link/streams/xrp-usd-twap-30s-streams,,
zec-updown-5m-1786538700,ZEC,"ZCash Up or Down - August 12, 8:45AM-8:50AM ET",2026-08-12T12:50:00Z,2026-08-12T12:45:00Z,490.8012731882191,Down,"[""0"", ""1""]",,,,-0.4995,0.001,resolved,0xd3a6a634b8a10935f62b79faa880ad95eea876148b8fd44050721387a270f1e5,https://data.chain.link/streams/zec-usd-twap-30s-streams,,
bnb-updown-5m-1786539000,BNB,"BNB Up or Down - August 12, 8:50AM-8:55AM ET",2026-08-12T12:55:00Z,2026-08-12T12:50:00Z,610.3629414151399,Up,"[""1"", ""0""]",0.999,179.314742,,0.4945,0.001,resolved,0xcac70e60c3f8735593e779a31ad90e3c6330b5aeb8e9baf8fd599868e6aa3f6b,https://data.chain.link/streams/bnb-usd-twap-30s-streams,,
btc-updown-5m-1786539000,BTC,"Bitcoin Up or Down - August 12, 8:50AM-8:55AM ET",2026-08-12T12:55:00Z,2026-08-12T12:50:00Z,63924.90849125009,Up,"[""1"", ""0""]",0.999,46722.31482699999,6,0.4945,0.001,resolved,0x83d848c8013293313933b1b595851cc6dd21cebaada10ebbfa69324f665556b8,https://data.chain.link/streams/btc-usd-twap-30s-streams,,
doge-updown-5m-1786539000,DOGE,"Dogecoin Up or Down - August 12, 8:50AM-8:55AM ET",2026-08-12T12:55:00Z,2026-08-12T12:50:00Z,0.07146705442742475,Up,"[""1"", ""0""]",0.89,565.958263,,0.4995,0.001,resolved,0x8e02695e45191709204541d4143a82b29b17d89edbfef8a2fd9e463b7be3e2b4,https://data.chain.link/streams/doge-usd-twap-30s-streams,,
eth-updown-5m-1786539000,ETH,"Ethereum Up or Down - August 12, 8:50AM-8:55AM ET",2026-08-12T12:55:00Z,2026-08-12T12:50:00Z,1904.246179338173,Up,"[""1"", ""0""]",0.999,2374.0574840000004,,0.4945,0.001,resolved,0xffa149e48070601daac289f5c96efd6b0e36a14feaad056f683ad482bf831514,https://data.chain.link/streams/eth-usd-twap-30s-streams,,
hype-updown-5m-1786539000,HYPE,"Hyperliquid Up or Down - August 12, 8:50AM-8:55AM ET",2026-08-12T12:55:00Z,2026-08-12T12:50:00Z,55.48411952212143,Up,"[""1"", ""0""]",0.999,,,0.4995,0.001,resolved,0x2a119a0a0e845d4385d341f3d8f1b7d17151634fe0bfcb2b892ea18249ec569a,https://data.chain.link/streams/hype-usd-twap-30s-streams,,
sol-updown-5m-1786539000,SOL,"Solana Up or Down - August 12, 8:50AM-8:55AM ET",2026-08-12T12:55:00Z,2026-08-12T12:50:00Z,76.40526662615137,Up,"[""1"", ""0""]",0.99,1060.9307060000003,,0.4945,0.001,resolved,0xdc75ef2e9a2971738c51eb7fda942ca4db7a512bd02ee9a74ddbcf7a83987c48,https://data.chain.link/streams/sol-usd-twap-30s-streams,,
xrp-updown-5m-1786539000,XRP,"XRP Up or Down - August 12, 8:50AM-8:55AM ET",2026-08-12T12:55:00Z,2026-08-12T12:50:00Z,1.0160989282449264,Up,"[""1"", ""0""]",0.99,962.1364599999998,,0.4945,0.001,resolved,0x932363c885b1c8c35cf5c371f45b99c0da37fa603dc2e2ad59a0dbd9377f7e42,https://data.chain.link/streams/xrp-usd-twap-30s-streams,,
zec-updown-5m-1786539000,ZEC,"ZCash Up or Down - August 12, 8:50AM-8:55AM ET",2026-08-12T12:55:00Z,2026-08-12T12:50:00Z,489.18075165154494,Up,"[""1"", ""0""]",0.999,,,0.5045,0.001,resolved,0xd588428774ad6cc875875ecb090693a8b9c729e0eb5569ed78f5f02e60c0ed27,https://data.chain.link/streams/zec-usd-twap-30s-streams,,
bnb-updown-5m-1786539300,BNB,"BNB Up or Down - August 12, 8:55AM-9:00AM ET",2026-08-12T13:00:00Z,2026-08-12T12:55:00Z,611.5197494249788,Up,"[""1"", ""0""]",0.999,258.104823,,0.4945,0.001,resolved,0x4a829994ad04c37eed0aaa2548efe13668b77aeebc5a8c9373726cc24d43d079,https://data.chain.link/streams/bnb-usd-twap-30s-streams,,
btc-updown-5m-1786539300,BTC,"Bitcoin Up or Down - August 12, 8:55AM-9:00AM ET",2026-08-12T13:00:00Z,2026-08-12T12:55:00Z,64095.72904791874,Down,"[""0"", ""1""]",0.001,50997.063641999994,,-0.5045,0.001,resolved,0xa202ecd1e27b25181793bfb98413b8adc5fa5e069555734ce23b77ac22e493fc,https://data.chain.link/streams/btc-usd-twap-30s-streams,,
doge-updown-5m-1786539300,DOGE,"Dogecoin Up or Down - August 12, 8:55AM-9:00AM ET",2026-08-12T13:00:00Z,2026-08-12T12:55:00Z,0.07158943195126197,Up,"[""1"", ""0""]",0.99,848.3010390000001,,0.495,0.01,resolved,0xedf2d09cf5a50d5097f94938d4349d71f9c2ab50cbf8c98123bbaced64ef6a30,https://data.chain.link/streams/doge-usd-twap-30s-streams,,
eth-updown-5m-1786539300,ETH,"Ethereum Up or Down - August 12, 8:55AM-9:00AM ET",2026-08-12T13:00:00Z,2026-08-12T12:55:00Z,1910.3289620785629,Down,"[""0"", ""1""]",0.02,3996.0366050000007,5,-0.5045,0.001,resolved,0x6f567f2d84a67ff1a92be077c17d41f69d59d96f636bc27cb5899b03f4a4314e,https://data.chain.link/streams/eth-usd-twap-30s-streams,,
hype-updown-5m-1786539300,HYPE,"Hyperliquid Up or Down - August 12, 8:55AM-9:00AM ET",2026-08-12T13:00:00Z,2026-08-12T12:55:00Z,55.728189734398406,Up,"[""1"", ""0""]",0.99,130.545754,,0.4995,0.001,resolved,0x42e08b3eac07635345ea18ac70e6f5a1e22be11ede867b84005cff6a90ea0ab5,https://data.chain.link/streams/hype-usd-twap-30s-streams,,
sol-updown-5m-1786539300,SOL,"Solana Up or Down - August 12, 8:55AM-9:00AM ET",2026-08-12T13:00:00Z,2026-08-12T12:55:00Z,76.61536668119815,Down,"[""0"", ""1""]",0.03,1135.175558,,-0.5045,0.001,resolved,0x7c5d48e63cbf8c1181a0f37b47384a62f52bb23f819c92eb4771109314b5e0fd,https://data.chain.link/streams/sol-usd-twap-30s-streams,,
xrp-updown-5m-1786539300,XRP,"XRP Up or Down - August 12, 8:55AM-9:00AM ET",2026-08-12T13:00:00Z,2026-08-12T12:55:00Z,1.0174842361501122,Down,"[""0"", ""1""]",0.04,1852.7089059999998,,-0.5045,0.001,resolved,0x6eb77923a4e45009dfc8728ae96d76ecf3bfc59848b349820614c63f7c09ea5b,https://data.chain.link/streams/xrp-usd-twap-30s-streams,,
zec-updown-5m-1786539300,ZEC,"ZCash Up or Down - August 12, 8:55AM-9:00AM ET",2026-08-12T13:00:00Z,2026-08-12T12:55:00Z,493.0207603646296,Up,"[""1"", ""0""]",0.99,,,0.495,0.01,resolved,0x4b29c800f8c528c980148dc78c4fa701c35e445e8c07b6bd567edd2d5d908ee5,https://data.chain.link/streams/zec-usd-twap-30s-streams,,
bnb-updown-5m-1786539600,BNB,"BNB Up or Down - August 12, 9:00AM-9:05AM ET",2026-08-12T13:05:00Z,2026-08-12T13:00:00Z,612.3607442949224,Up,"[""1"", ""0""]",0.99,534.738526,,0.49,0.01,resolved,0xb94429fd6df895623957328f5ed79067e0216dceab69d33c2737b139d14a0f64,https://data.chain.link/streams/bnb-usd-twap-30s-streams,,
btc-updown-5m-1786539600,BTC,"Bitcoin Up or Down - August 12, 9:00AM-9:05AM ET",2026-08-12T13:05:00Z,2026-08-12T13:00:00Z,64062.734729400116,Down,"[""0"", ""1""]",0.001,52397.311532999964,75.803919,-0.5045,0.001,resolved,0x0d8f92793120441e37d80624e84b8bc23dcfa6aa26cef872a455ee6ff22e5853,https://data.chain.link/streams/btc-usd-twap-30s-streams,,
doge-updown-5m-1786539600,DOGE,"Dogecoin Up or Down - August 12, 9:00AM-9:05AM ET",2026-08-12T13:05:00Z,2026-08-12T13:00:00Z,0.07160118885411795,Down,"[""0"", ""1""]",0.04,,,-0.4995,0.001,resolved,0x4214ced4d8d8a2bed39ad961c0229e3bd16d1044c49477449b032a6f9afb4abf,https://data.chain.link/streams/doge-usd-twap-30s-streams,,
eth-updown-5m-1786539600,ETH,"Ethereum Up or Down - August 12, 9:00AM-9:05AM ET",2026-08-12T13:05:00Z,2026-08-12T13:00:00Z,1909.5628409801366,Down,"[""0"", ""1""]",0.01,4602.1820370000005,5,-0.5045,0.001,resolved,0xd492e499f9d825a6711745fd7fb4e4fd8fa859d34be8c26a287e001d322cf84e,https://data.chain.link/streams/eth-usd-twap-30s-streams,,
hype-updown-5m-1786539600,HYPE,"Hyperliquid Up or Down - August 12, 9:00AM-9:05AM ET",2026-08-12T13:05:00Z,2026-08-12T13:00:00Z,55.76740927563185,Up,"[""1"", ""0""]",0.98,,,0.4995,0.001,resolved,0x40c276c060a155fb75d105b6aaeb94b879b2fd4b0ddcd56d05fcb87d4db9f38c,https://data.chain.link/streams/hype-usd-twap-30s-streams,,
sol-updown-5m-1786539600,SOL,"Solana Up or Down - August 12, 9:00AM-9:05AM ET",2026-08-12T13:05:00Z,2026-08-12T13:00:00Z,76.57767140137851,Down,"[""0"", ""1""]",0.01,1426.6179249999998,,-0.5045,0.001,resolved,0x4c673c35bfc4859b659e242291fcaa876ed3c48c587a0bfc0be40b06792caa59,https://data.chain.link/streams/sol-usd-twap-30s-streams,,
xrp-updown-5m-1786539600,XRP,"XRP Up or Down - August 12, 9:00AM-9:05AM ET",2026-08-12T13:05:00Z,2026-08-12T13:00:00Z,1.0164910949601966,Down,"[""0"", ""1""]",0.09,743.505209,,-0.5,0.01,resolved,0x96f708ecb2c3ffa59db91ab87eacbbffbb95998568ae7243e53f5bdd2601bae5,https://data.chain.link/streams/xrp-usd-twap-30s-streams,,
zec-updown-5m-1786539600,ZEC,"ZCash Up or Down - August 12, 9:00AM-9:05AM ET",2026-08-12T13:05:00Z,2026-08-12T13:00:00Z,493.0663686328989,Up,"[""1"", ""0""]",0.98,,,0.495,0.01,resolved,0xe7ef8f969ec6b6bcc57cdb638b8fe688fc07cb108ab283cbb923e4b87c1d5db8,https://data.chain.link/streams/zec-usd-twap-30s-streams,,
bnb-updown-5m-1786539900,BNB,"BNB Up or Down - August 12, 9:05AM-9:10AM ET",2026-08-12T13:10:00Z,2026-08-12T13:05:00Z,612.7654737326521,Up,"[""1"", ""0""]",0.99,,,0.4945,0.001,resolved,0x4d9b7e5560e1bdf5d25072fb854c76b3e84e30838856ccaeed203d6e6cdd8440,https://data.chain.link/streams/bnb-usd-twap-30s-streams,,
btc-updown-5m-1786539900,BTC,"Bitcoin Up or Down - August 12, 9:05AM-9:10AM ET",2026-08-12T13:10:00Z,2026-08-12T13:05:00Z,63997.61062752315,Up,"[""1"", ""0""]",0.999,65396.24848100004,327.784307,0.4945,0.001,resolved,0x2e0621c8d013b80ddcc934c3fcdaa5db3714fd6dfbba6f33250900d6ae256932,https://data.chain.link/streams/btc-usd-twap-30s-streams,,
doge-updown-5m-1786539900,DOGE,"Dogecoin Up or Down - August 12, 9:05AM-9:10AM ET",2026-08-12T13:10:00Z,2026-08-12T13:05:00Z,0.07144201172485602,Down,"[""0"", ""1""]",0.01,1658.9074329999996,,-0.495,0.01,resolved,0x2260e065c2c14de8ee30879b03169c4a9876b883cc114a25423b9797baf0713c,https://data.chain.link/streams/doge-usd-twap-30s-streams,,
eth-updown-5m-1786539900,ETH,"Ethereum Up or Down - August 12, 9:05AM-9:10AM ET",2026-08-12T13:10:00Z,2026-08-12T13:05:00Z,1907.3356321898395,Up,"[""1"", ""0""]",0.999,4278.254371000004,5,0.4945,0.001,resolved,0x32e341ede045e65dd4e37c58f1268ae904f197f4ad2b844162c129607202ab5c,https://data.chain.link/streams/eth-usd-twap-30s-streams,,
hype-updown-5m-1786539900,HYPE,"Hyperliquid Up or Down - August 12, 9:05AM-9:10AM ET",2026-08-12T13:10:00Z,2026-08-12T13:05:00Z,56.07990161478774,Up,"[""1"", ""0""]",0.999,,,0.4995,0.001,resolved,0xd2ba67b943498e8b1e2933dc16d93eb2793d87e5ee58c5810ed344a797d27077,https://data.chain.link/streams/hype-usd-twap-30s-streams,,
sol-updown-5m-1786539900,SOL,"Solana Up or Down - August 12, 9:05AM-9:10AM ET",2026-08-12T13:10:00Z,2026-08-12T13:05:00Z,76.42947832243688,Up,"[""1"", ""0""]",0.999,,,0.4945,0.001,resolved,0x289f9996ed9a04c613499629c67887ec39a54b7c215a3fe3f3c03a406bdbccb9,https://data.chain.link/streams/sol-usd-twap-30s-streams,,
xrp-updown-5m-1786539900,XRP,"XRP Up or Down - August 12, 9:05AM-9:10AM ET",2026-08-12T13:10:00Z,2026-08-12T13:05:00Z,1.0161211277512183,Up,"[""1"", ""0""]",0.99,,,0.4945,0.001,resolved,0x8633d33d40746e8605bc5e1525f41a24b4ef4bd7f776b3194ff3e62f3d98ca9d,https://data.chain.link/streams/xrp-usd-twap-30s-streams,,
zec-updown-5m-1786539900,ZEC,"ZCash Up or Down - August 12, 9:05AM-9:10AM ET",2026-08-12T13:10:00Z,2026-08-12T13:05:00Z,493.6980515945848,Up,"[""1"", ""0""]",0.98,,,0.495,0.01,resolved,0xbf8cf9b7d5fac664f7b25f39fe9fdf6beb46cfde0a648fd270c8203675a34ee6,https://data.chain.link/streams/zec-usd-twap-30s-streams,,
bnb-updown-5m-1786540200,BNB,"BNB Up or Down - August 12, 9:10AM-9:15AM ET",2026-08-12T13:15:00Z,2026-08-12T13:10:00Z,612.9750337297327,Down,"[""0"", ""1""]",0.08,161.19381299999998,,-0.5045,0.001,resolved,0x80d0d8c8fb47af3e0e11ca098757ccb8ef4182dcb622585835abd65febcfee6b,https://data.chain.link/streams/bnb-usd-twap-30s-streams,,
btc-updown-5m-1786540200,BTC,"Bitcoin Up or Down - August 12, 9:10AM-9:15AM ET",2026-08-12T13:15:00Z,2026-08-12T13:10:00Z,64035.937810375166,Down,"[""0"", ""1""]",0.001,37488.27952599999,16.803919,-0.5045,0.001,resolved,0xd4fb79ea17c02604adf3a9175b1c7131f32aa0edb2bc627cc8d5a3c83f4a98bb,https://data.chain.link/streams/btc-usd-twap-30s-streams,,
doge-updown-5m-1786540200,DOGE,"Dogecoin Up or Down - August 12, 9:10AM-9:15AM ET",2026-08-12T13:15:00Z,2026-08-12T13:10:00Z,0.07144186186001333,Down,"[""0"", ""1""]",0.008,371.811223,,-0.4995,0.001,resolved,0x0a8386821051473d38c2dcbd85334567ca66cb89af78010b8c5ec25594de9a3d,https://data.chain.link/streams/doge-usd-twap-30s-streams,,
eth-updown-5m-1786540200,ETH,"Ethereum Up or Down - August 12, 9:10AM-9:15AM ET",2026-08-12T13:15:00Z,2026-08-12T13:10:00Z,1908.5905953949507,Down,"[""0"", ""1""]",0.009,2487.00008,5,-0.5045,0.001,resolved,0xdab82cf100828b4b764fe8d82d2ba7a1853575890b37bb35b6d5f6a741d12ad1,https://data.chain.link/streams/eth-usd-twap-30s-streams,,
hype-updown-5m-1786540200,HYPE,"Hyperliquid Up or Down - August 12, 9:10AM-9:15AM ET",2026-08-12T13:15:00Z,2026-08-12T13:10:00Z,56.21443419559754,Down,"[""0"", ""1""]",0.06,210.51770100000002,,-0.495,0.01,resolved,0x521609bb14368cff78797c144a78c72e40e66e806625a506614f43a5a1da764a,https://data.chain.link/streams/hype-usd-twap-30s-streams,,
sol-updown-5m-1786540200,SOL,"Solana Up or Down - August 12, 9:10AM-9:15AM ET",2026-08-12T13:15:00Z,2026-08-12T13:10:00Z,76.53322271679285,Down,"[""0"", ""1""]",0.01,625.8338049999999,,-0.5045,0.001,resolved,0xe1c5899f3895cd805f6b0ba8d9ee0ef4849d486528509bcaf6abb64df6e359ab,https://data.chain.link/streams/sol-usd-twap-30s-streams,,
xrp-updown-5m-1786540200,XRP,"XRP Up or Down - August 12, 9:10AM-9:15AM ET",2026-08-12T13:15:00Z,2026-08-12T13:10:00Z,1.017198604099769,Down,"[""0"", ""1""]",0.05,597.8249030000002,,-0.5045,0.001,resolved,0xc7b6609df7fe631c4c76d22ff0a16f82d4d79cf5d3e0e561c13ead5458018c86,https://data.chain.link/streams/xrp-usd-twap-30s-streams,,
zec-updown-5m-1786540200,ZEC,"ZCash Up or Down - August 12, 9:10AM-9:15AM ET",2026-08-12T13:15:00Z,2026-08-12T13:10:00Z,494.00833063826076,Down,"[""0"", ""1""]",,,,-0.495,0.01,resolved,0x685d614801c4d20e46bc7c49d6d2ac7bcea1e9ac594642a6256f31db12240d29,https://data.chain.link/streams/zec-usd-twap-30s-streams,,
bnb-updown-5m-1786540500,BNB,"BNB Up or Down - August 12, 9:15AM-9:20AM ET",2026-08-12T13:20:00Z,2026-08-12T13:15:00Z,612.2027689687983,Up,"[""1"", ""0""]",0.999,331.989891,,0.4945,0.001,resolved,0x410657423be1218bde4dc60aa741d8596a000591a8392a9403507207883cf764,https://data.chain.link/streams/bnb-usd-twap-30s-streams,,
btc-updown-5m-1786540500,BTC,"Bitcoin Up or Down - August 12, 9:15AM-9:20AM ET",2026-08-12T13:20:00Z,2026-08-12T13:15:00Z,63897.47055484743,Up,"[""1"", ""0""]",0.999,51220.10152699998,11.80392,0.4945,0.001,resolved,0x238bac9aba9db56eb5c47f27b73d339268ec6beca3aa0ea1b72c9924713c98bd,https://data.chain.link/streams/btc-usd-twap-30s-streams,,
doge-updown-5m-1786540500,DOGE,"Dogecoin Up or Down - August 12, 9:15AM-9:20AM ET",2026-08-12T13:20:00Z,2026-08-12T13:15:00Z,0.07128589600220772,Down,"[""0"", ""1""]",0.01,1068.4227320000002,,-0.495,0.01,resolved,0x29a68c37311d501287ff321cc89a09485fe1306cc88121e24506a50fad229e62,https://data.chain.link/streams/doge-usd-twap-30s-streams,,
eth-updown-5m-1786540500,ETH,"Ethereum Up or Down - August 12, 9:15AM-9:20AM ET",2026-08-12T13:20:00Z,2026-08-12T13:15:00Z,1905.8414738227964,Up,"[""1"", ""0""]",0.999,5046.131414,5,0.4945,0.001,resolved,0x3d336104be6d2c14bd76f2dfe74bd15c24f5195ea69e8c105cef705a1a8316a5,https://data.chain.link/streams/eth-usd-twap-30s-streams,,
hype-updown-5m-1786540500,HYPE,"Hyperliquid Up or Down - August 12, 9:15AM-9:20AM ET",2026-08-12T13:20:00Z,2026-08-12T13:15:00Z,56.13931993658461,Up,"[""1"", ""0""]",0.99,99.496528,,0.4995,0.001,resolved,0xb2b4889d93b70744138e882fc9f8e6795cdc4b3f26e668d9539727c7071dfc5b,https://data.chain.link/streams/hype-usd-twap-30s-streams,,
sol-updown-5m-1786540500,SOL,"Solana Up or Down - August 12, 9:15AM-9:20AM ET",2026-08-12T13:20:00Z,2026-08-12T13:15:00Z,76.3723107175557,Up,"[""1"", ""0""]",0.99,1779.5425859999998,,0.4945,0.001,resolved,0xeca3a74f98368d00aa38d8476a5832aca29fb2b8944403d409e6b934e3e04dc2,https://data.chain.link/streams/sol-usd-twap-30s-streams,,
xrp-updown-5m-1786540500,XRP,"XRP Up or Down - August 12, 9:15AM-9:20AM ET",2026-08-12T13:20:00Z,2026-08-12T13:15:00Z,1.0155432834672844,Up,"[""1"", ""0""]",0.99,1183.3594349999996,,0.4945,0.001,resolved,0x4c91a57287dcc2690bae10acde9ac944afc0b719bcce429e635e75eb9079e11f,https://data.chain.link/streams/xrp-usd-twap-30s-streams,,
zec-updown-5m-1786540500,ZEC,"ZCash Up or Down - August 12, 9:15AM-9:20AM ET",2026-08-12T13:20:00Z,2026-08-12T13:15:00Z,493.1341940379586,Up,"[""1"", ""0""]",0.98,,,0.495,0.01,resolved,0xe336df1004d8d1a364cdf53aa82714f9f19a30eece1733676378d254debf624f,https://data.chain.link/streams/zec-usd-twap-30s-streams,,
bnb-updown-5m-1786540800,BNB,"BNB Up or Down - August 12, 9:20AM-9:25AM ET",2026-08-12T13:25:00Z,2026-08-12T13:20:00Z,613.0130284244173,Up,"[""1"", ""0""]",0.96,,,0.49,0.01,resolved,0xb4dd02cb53ec6008a1fe9f9d66b1f7cb195e53a1eb8a1347f9224745fb31b227,https://data.chain.link/streams/bnb-usd-twap-30s-streams,,
btc-updown-5m-1786540800,BTC,"Bitcoin Up or Down - August 12, 9:20AM-9:25AM ET",2026-08-12T13:25:00Z,2026-08-12T13:20:00Z,63954.713064599084,Down,"[""0"", ""1""]",0.01,70993.24006299999,11.80392,-0.5,0.01,resolved,0x7426f09288f17eb53865bef3e9d00ae466334d6f9c2732a8f2ce7b821cc6751f,https://data.chain.link/streams/btc-usd-twap-30s-streams,,
doge-updown-5m-1786540800,DOGE,"Dogecoin Up or Down - August 12, 9:20AM-9:25AM ET",2026-08-12T13:25:00Z,2026-08-12T13:20:00Z,0.07127783497939084,Down,"[""0"", ""1""]",0.06,,,-0.495,0.01,resolved,0xb96e2ec9c3eb90972f4b60326bfa9ef2658db7c26e5f0a773c959727f8576812,https://data.chain.link/streams/doge-usd-twap-30s-streams,,
eth-updown-5m-1786540800,ETH,"Ethereum Up or Down - August 12, 9:20AM-9:25AM ET",2026-08-12T13:25:00Z,2026-08-12T13:20:00Z,1907.19381661112,Down,"[""0"", ""1""]",0.01,,,-0.5,0.01,resolved,0x0f367540bb9ff98f5dd89a3902b3a8b52c1fe9270d7012f17d837e85bdde1e36,https://data.chain.link/streams/eth-usd-twap-30s-streams,,
hype-updown-5m-1786540800,HYPE,"Hyperliquid Up or Down - August 12, 9:20AM-9:25AM ET",2026-08-12T13:25:00Z,2026-08-12T13:20:00Z,56.16453764322846,Up,"[""1"", ""0""]",0.99,,,0.495,0.01,resolved,0xcc24b362b97d95d563108899494e65cf248420ec9354e4570ccde6e644238ed1,https://data.chain.link/streams/hype-usd-twap-30s-streams,,
sol-updown-5m-1786540800,SOL,"Solana Up or Down - August 12, 9:20AM-9:25AM ET",2026-08-12T13:25:00Z,2026-08-12T13:20:00Z,76.46314726197107,Down,"[""0"", ""1""]",0.13,,,-0.5,0.01,resolved,0x52497f8b199706e217ffd07e3049541a784cb68e8c5021d5be41793ef3654fec,https://data.chain.link/streams/sol-usd-twap-30s-streams,,
xrp-updown-5m-1786540800,XRP,"XRP Up or Down - August 12, 9:20AM-9:25AM ET",2026-08-12T13:25:00Z,2026-08-12T13:20:00Z,1.016621914907715,Down,"[""0"", ""1""]",0.29,,,-0.5,0.01,resolved,0x4964374227e593b469948286b129da2d584e1a69ec265ce48e41c6052452f3b5,https://data.chain.link/streams/xrp-usd-twap-30s-streams,,
zec-updown-5m-1786540800,ZEC,"ZCash Up or Down - August 12, 9:20AM-9:25AM ET",2026-08-12T13:25:00Z,2026-08-12T13:20:00Z,494.0515165052474,Down,"[""0"", ""1""]",,,,-0.495,0.01,resolved,0x051df7614b1a7f23f4887057524ccc4f7c6a626528a10bb53a9de2c9ac7db12b,https://data.chain.link/streams/zec-usd-twap-30s-streams,,
bnb-updown-5m-1786541100,BNB,"BNB Up or Down - August 12, 9:25AM-9:30AM ET",2026-08-12T13:30:00Z,2026-08-12T13:25:00Z,613.0993259228765,Down,"[""0"", ""1""]",0.001,669.5676590000002,10,-0.4945,0.001,resolved,0xc54e2ec201a4858e7cbb367656fc65bb756753089b505153d953a8c8ab560cf5,https://data.chain.link/streams/bnb-usd-twap-30s-streams,,
btc-updown-5m-1786541100,BTC,"Bitcoin Up or Down - August 12, 9:25AM-9:30AM ET",2026-08-12T13:30:00Z,2026-08-12T13:25:00Z,63924.16287045562,Down,"[""0"", ""1""]",0.001,52081.12111699998,21.80392,-0.5045,0.001,resolved,0x8a129fea3f9c2eb0c5c2618f89d237cd28eb449b6b4a385e7a846b17ec1d0a43,https://data.chain.link/streams/btc-usd-twap-30s-streams,,
doge-updown-5m-1786541100,DOGE,"Dogecoin Up or Down - August 12, 9:25AM-9:30AM ET",2026-08-12T13:30:00Z,2026-08-12T13:25:00Z,0.07121282618651681,Down,"[""0"", ""1""]",0.01,448.4910990000001,,-0.4995,0.001,resolved,0x81321e4db78128b5bb81d41f73bd94ec9169ce839b3ee6abf186f2c2e6249a3d,https://data.chain.link/streams/doge-usd-twap-30s-streams,,
eth-updown-5m-1786541100,ETH,"Ethereum Up or Down - August 12, 9:25AM-9:30AM ET",2026-08-12T13:30:00Z,2026-08-12T13:25:00Z,1907.057528276322,Down,"[""0"", ""1""]",0.01,2844.1297540000005,,-0.5045,0.001,resolved,0x112572f985904b98d806223eb5da8d314de5427dbc201ccb44bd555942ba77e2,https://data.chain.link/streams/eth-usd-twap-30s-streams,,
hype-updown-5m-1786541100,HYPE,"Hyperliquid Up or Down - August 12, 9:25AM-9:30AM ET",2026-08-12T13:30:00Z,2026-08-12T13:25:00Z,56.3311720485815,Up,"[""1"", ""0""]",0.99,68.082729,,0.4995,0.001,resolved,0x101687e770255c1e91bd144b3cf2e414160bc9db6ac0a4e9d0f615133cd93c56,https://data.chain.link/streams/hype-usd-twap-30s-streams,,
sol-updown-5m-1786541100,SOL,"Solana Up or Down - August 12, 9:25AM-9:30AM ET",2026-08-12T13:30:00Z,2026-08-12T13:25:00Z,76.43680651344397,Down,"[""0"", ""1""]",0.01,1667.8420390000008,,-0.5045,0.001,resolved,0xe866e5a0ca1022b472834a87daa216015656f657ce3e2a75db73a8a0449b9b1d,https://data.chain.link/streams/sol-usd-twap-30s-streams,,
xrp-updown-5m-1786541100,XRP,"XRP Up or Down - August 12, 9:25AM-9:30AM ET",2026-08-12T13:30:00Z,2026-08-12T13:25:00Z,1.0163280853659964,Down,"[""0"", ""1""]",0.04,615.1772100000002,,-0.5045,0.001,resolved,0x9c09e6aede6f11bbf1448037f6d17af2172a9593119a7fb9f2ac210b972aafff,https://data.chain.link/streams/xrp-usd-twap-30s-streams,,
zec-updown-5m-1786541100,ZEC,"ZCash Up or Down - August 12, 9:25AM-9:30AM ET",2026-08-12T13:30:00Z,2026-08-12T13:25:00Z,493.60176063377537,Down,"[""0"", ""1""]",,25,,-0.495,0.01,resolved,0x61e1ba77e09b4eaaedb772989ad82321325fd8160ab92d0322b9c3ee694c3aa7,https://data.chain.link/streams/zec-usd-twap-30s-streams,,
bnb-updown-5m-1786541400,BNB,"BNB Up or Down - August 12, 9:30AM-9:35AM ET",2026-08-12T13:35:00Z,2026-08-12T13:30:00Z,612.9422008890593,Down,"[""0"", ""1""]",0.08,447.51046699999995,,-0.5,0.01,resolved,0x0b594481c6e227d184ff790fbcb2d2a852d8cdada58f13e391f86917d4bbcf24,https://data.chain.link/streams/bnb-usd-twap-30s-streams,,
btc-updown-5m-1786541400,BTC,"Bitcoin Up or Down - August 12, 9:30AM-9:35AM ET",2026-08-12T13:35:00Z,2026-08-12T13:30:00Z,63880.11835236283,Up,"[""1"", ""0""]",0.99,206460.1847920001,19.60784,0.49,0.01,resolved,0x4a6bce7f921dde4b3d64452de3f147479aff80205fdfee50548f98c0fb5fc02d,https://data.chain.link/streams/btc-usd-twap-30s-streams,,
doge-updown-5m-1786541400,DOGE,"Dogecoin Up or Down - August 12, 9:30AM-9:35AM ET",2026-08-12T13:35:00Z,2026-08-12T13:30:00Z,0.07091760412816013,Down,"[""0"", ""1""]",0.03,869.7670619999999,,-0.495,0.01,resolved,0x54be8d6da9dc3b628c66d8ab327c7551eeb8d5305ee0aa729ba7e9888de17624,https://data.chain.link/streams/doge-usd-twap-30s-streams,,
eth-updown-5m-1786541400,ETH,"Ethereum Up or Down - August 12, 9:30AM-9:35AM ET",2026-08-12T13:35:00Z,2026-08-12T13:30:00Z,1905.2492892577307,Down,"[""0"", ""1""]",0.02,11370.366453000006,,-0.5,0.01,resolved,0x502a0ab77c469301d3f701a306222c95851092772025d866532bed9118b432a4,https://data.chain.link/streams/eth-usd-twap-30s-streams,,
hype-updown-5m-1786541400,HYPE,"Hyperliquid Up or Down - August 12, 9:30AM-9:35AM ET",2026-08-12T13:35:00Z,2026-08-12T13:30:00Z,56.37094252999858,Down,"[""0"", ""1""]",0.11,217.690451,,-0.495,0.01,resolved,0x00a057eb6d6b7187410d301c228b8149c9ade32afa12284753f24b5cbe3a764a,https://data.chain.link/streams/hype-usd-twap-30s-streams,,
sol-updown-5m-1786541400,SOL,"Solana Up or Down - August 12, 9:30AM-9:35AM ET",2026-08-12T13:35:00Z,2026-08-12T13:30:00Z,76.37823636176537,Down,"[""0"", ""1""]",0.01,2576.2198439999997,,-0.5,0.01,resolved,0x493e4de913f517aa3eb966d5b524220129bd451f6cefa0413ac4a4b20bc04ec4,https://data.chain.link/streams/sol-usd-twap-30s-streams,,
xrp-updown-5m-1786541400,XRP,"XRP Up or Down - August 12, 9:30AM-9:35AM ET",2026-08-12T13:35:00Z,2026-08-12T13:30:00Z,1.014864572125119,Down,"[""0"", ""1""]",0.08,,,-0.5,0.01,resolved,0x2646854094c1aac8981f5cd0ac7ac8535fde478eaffcb0fe548cd6244be26a2f,https://data.chain.link/streams/xrp-usd-twap-30s-streams,,
zec-updown-5m-1786541400,ZEC,"ZCash Up or Down - August 12, 9:30AM-9:35AM ET",2026-08-12T13:35:00Z,2026-08-12T13:30:00Z,492.0578483542292,Down,"[""0"", ""1""]",,,,-0.495,0.01,resolved,0x8025357c8103a0087ad778ffddfed9128b15f07626444f10dc40ceb4c2516af6,https://data.chain.link/streams/zec-usd-twap-30s-streams,,
bnb-updown-5m-1786541700,BNB,"BNB Up or Down - August 12, 9:35AM-9:40AM ET",2026-08-12T13:40:00Z,2026-08-12T13:35:00Z,612.2980609239648,Down,"[""0"", ""1""]",0.01,,,-0.5045,0.001,resolved,0x1dea785991d713349eefb1297d9aef611a056508096496e502fc7e1bff08186b,https://data.chain.link/streams/bnb-usd-twap-30s-streams,,
btc-updown-5m-1786541700,BTC,"Bitcoin Up or Down - August 12, 9:35AM-9:40AM ET",2026-08-12T13:40:00Z,2026-08-12T13:35:00Z,63880.119022122584,Down,"[""0"", ""1""]",0.01,130714.84190499998,9.80392,-0.5,0.01,resolved,0xdc403e392137ca2abd2e1fb6306ed5dd3e947566ed688c512cc1e87ac6ebb3b9,https://data.chain.link/streams/btc-usd-twap-30s-streams,,
doge-updown-5m-1786541700,DOGE,"Dogecoin Up or Down - August 12, 9:35AM-9:40AM ET",2026-08-12T13:40:00Z,2026-08-12T13:35:00Z,0.07078640046199539,Up,"[""1"", ""0""]",0.99,,,0.4995,0.001,resolved,0xc8b2581dcafdc9e4735e3eac0fc23d3429a6cf0a566621ec1491fb6de971be96,https://data.chain.link/streams/doge-usd-twap-30s-streams,,
eth-updown-5m-1786541700,ETH,"Ethereum Up or Down - August 12, 9:35AM-9:40AM ET",2026-08-12T13:40:00Z,2026-08-12T13:35:00Z,1903.288664716089,Down,"[""0"", ""1""]",0.01,,,-0.5045,0.001,resolved,0x67eb5e8b2ced02d8871d3dad1b195dd468cf8bfca43867c2254b38df721f8d9d,https://data.chain.link/streams/eth-usd-twap-30s-streams,,
hype-updown-5m-1786541700,HYPE,"Hyperliquid Up or Down - August 12, 9:35AM-9:40AM ET",2026-08-12T13:40:00Z,2026-08-12T13:35:00Z,56.139370056737356,Down,"[""0"", ""1""]",0.06,,,-0.4995,0.001,resolved,0x70ce436929c2bc3d174d021851eb06d5096e903f5552bf30134816180a5ab833,https://data.chain.link/streams/hype-usd-twap-30s-streams,,
sol-updown-5m-1786541700,SOL,"Solana Up or Down - August 12, 9:35AM-9:40AM ET",2026-08-12T13:40:00Z,2026-08-12T13:35:00Z,76.27394311036191,Down,"[""0"", ""1""]",0.01,,,-0.5045,0.001,resolved,0xf0fa198ad6b6e2eb5c8875b0e2e9357a3af732872568c2abed4a70dce4622d6c,https://data.chain.link/streams/sol-usd-twap-30s-streams,,
xrp-updown-5m-1786541700,XRP,"XRP Up or Down - August 12, 9:35AM-9:40AM ET",2026-08-12T13:40:00Z,2026-08-12T13:35:00Z,1.0143585753467073,Down,"[""0"", ""1""]",0.01,,,-0.5045,0.001,resolved,0xb201684a04523f8d4cef5a5f82bdc3a781c139d7515403c4e97c8e74b5b4a561,https://data.chain.link/streams/xrp-usd-twap-30s-streams,,
zec-updown-5m-1786541700,ZEC,"ZCash Up or Down - August 12, 9:35AM-9:40AM ET",2026-08-12T13:40:00Z,2026-08-12T13:35:00Z,490.4464160226692,Down,"[""0"", ""1""]",,,,-0.495,0.01,resolved,0xafb0e9f8004af4b7b45853238632bb4d0c465540826408ede0f2563cf7efff85,https://data.chain.link/streams/zec-usd-twap-30s-streams,,
bnb-updown-5m-1786542000,BNB,"BNB Up or Down - August 12, 9:40AM-9:45AM ET",2026-08-12T13:45:00Z,2026-08-12T13:40:00Z,612.2037395054155,Down,"[""0"", ""1""]",0.08,947.7206650000003,,-0.5,0.01,resolved,0x7e04d3b63ce3a717d677a6fc45b6069d6be77e0717a37625c8843f5e2197e7a9,https://data.chain.link/streams/bnb-usd-twap-30s-streams,,
btc-updown-5m-1786542000,BTC,"Bitcoin Up or Down - August 12, 9:40AM-9:45AM ET",2026-08-12T13:45:00Z,2026-08-12T13:40:00Z,63879.67374282415,Up,"[""1"", ""0""]",0.99,97435.99812999992,,0.49,0.01,resolved,0x2c8eabf54e028da168a1cb2dce1c363f2bec8ac4f37912d923759b5ec4a91488,https://data.chain.link/streams/btc-usd-twap-30s-streams,,
doge-updown-5m-1786542000,DOGE,"Dogecoin Up or Down - August 12, 9:40AM-9:45AM ET",2026-08-12T13:45:00Z,2026-08-12T13:40:00Z,0.07080520693107145,Down,"[""0"", ""1""]",0.07,478.7729930000001,,-0.495,0.01,resolved,0xcf2e464a11d4d5d56ec1375ddd1aec96ed75008b704db8d7ea2911bbfd12899f,https://data.chain.link/streams/doge-usd-twap-30s-streams,,
eth-updown-5m-1786542000,ETH,"Ethereum Up or Down - August 12, 9:40AM-9:45AM ET",2026-08-12T13:45:00Z,2026-08-12T13:40:00Z,1902.1933015290736,Up,"[""1"", ""0""]",0.99,9947.972085000003,,0.49,0.01,resolved,0x4d46fef40281f9ae5dc92b1561948100d17ba339bea8a132b2e318405aebcce5,https://data.chain.link/streams/eth-usd-twap-30s-streams,,
hype-updown-5m-1786542000,HYPE,"Hyperliquid Up or Down - August 12, 9:40AM-9:45AM ET",2026-08-12T13:45:00Z,2026-08-12T13:40:00Z,55.9637558540754,Down,"[""0"", ""1""]",0.06,77.833208,,-0.495,0.01,resolved,0x65c76c99bbf9c3feeb92645416906bcff34b488abcbe5bc0b1ee32e7517cc486,https://data.chain.link/streams/hype-usd-twap-30s-streams,,
sol-updown-5m-1786542000,SOL,"Solana Up or Down - August 12, 9:40AM-9:45AM ET",2026-08-12T13:45:00Z,2026-08-12T13:40:00Z,76.18183946613067,Up,"[""1"", ""0""]",0.99,2967.906360000001,,0.49,0.01,resolved,0xd9f55653d17d05fc69c61fa6214ba0e2dbb2385e3a3f3dd1a6b38a9cb20986f8,https://data.chain.link/streams/sol-usd-twap-30s-streams,,
xrp-updown-5m-1786542000,XRP,"XRP Up or Down - August 12, 9:40AM-9:45AM ET",2026-08-12T13:45:00Z,2026-08-12T13:40:00Z,1.0137006154543506,Up,"[""1"", ""0""]",0.99,1686.607816,,0.49,0.01,resolved,0x2fb5ce138d1975fcbb1905baf4375962985c401e6bff8521f972972836844d09,https://data.chain.link/streams/xrp-usd-twap-30s-streams,,
zec-updown-5m-1786542000,ZEC,"ZCash Up or Down - August 12, 9:40AM-9:45AM ET",2026-08-12T13:45:00Z,2026-08-12T13:40:00Z,489.4979609687938,Up,"[""1"", ""0""]",0.98,,,0.495,0.01,resolved,0x7a1cb9f156e07ef94f844d08ded1114a92caadd63e8ceafb00911f0ef9ee6c11,https://data.chain.link/streams/zec-usd-twap-30s-streams,,
bnb-updown-5m-1786542300,BNB,"BNB Up or Down - August 12, 9:45AM-9:50AM ET",2026-08-12T13:50:00Z,2026-08-12T13:45:00Z,612.1429966919674,Up,"[""1"", ""0""]",0.99,1578.6854590000003,,0.4945,0.001,resolved,0xa97b0171ec843263afaced82f63c2d9b97231fc4ec4251349b1ad9d62b2841de,https://data.chain.link/streams/bnb-usd-twap-30s-streams,,
btc-updown-5m-1786542300,BTC,"Bitcoin Up or Down - August 12, 9:45AM-9:50AM ET",2026-08-12T13:50:00Z,2026-08-12T13:45:00Z,63901.72497938919,Up,"[""1"", ""0""]",0.99,72789.54641299997,146,0.4945,0.001,resolved,0x87b2974c04c5f7f9bd62b030f0cd78c8a0f97c05aabc3f8ffc2d1ef466a6f932,https://data.chain.link/streams/btc-usd-twap-30s-streams,,
doge-updown-5m-1786542300,DOGE,"Dogecoin Up or Down - August 12, 9:45AM-9:50AM ET",2026-08-12T13:50:00Z,2026-08-12T13:45:00Z,0.07066161682837314,Up,"[""1"", ""0""]",0.99,,,0.4995,0.001,resolved,0x0e381b8ece4690d1a5265d88b82a8ad812243447db1a954f90ee3cd6cff14b16,https://data.chain.link/streams/doge-usd-twap-30s-streams,,
eth-updown-5m-1786542300,ETH,"Ethereum Up or Down - August 12, 9:45AM-9:50AM ET",2026-08-12T13:50:00Z,2026-08-12T13:45:00Z,1902.214742005348,Up,"[""1"", ""0""]",0.99,5098.296120000002,,0.4945,0.001,resolved,0x04083ae8e383bc4a85bec19a96b1fdf1c6a1c0d8b20b7a062cb6747938795ec2,https://data.chain.link/streams/eth-usd-twap-30s-streams,,
hype-updown-5m-1786542300,HYPE,"Hyperliquid Up or Down - August 12, 9:45AM-9:50AM ET",2026-08-12T13:50:00Z,2026-08-12T13:45:00Z,55.88983673508033,Up,"[""1"", ""0""]",0.98,177.69243300000002,,0.4995,0.001,resolved,0x997a1eac027b15fc528820f38b9b673cbf0d8596d0246a410b635f450c2d6a61,https://data.chain.link/streams/hype-usd-twap-30s-streams,,
sol-updown-5m-1786542300,SOL,"Solana Up or Down - August 12, 9:45AM-9:50AM ET",2026-08-12T13:50:00Z,2026-08-12T13:45:00Z,76.21046453508254,Up,"[""1"", ""0""]",0.99,2044.469091,,0.4945,0.001,resolved,0xc9e684d610010087caf3c576f290d9b35f3b47b437c8083937433e7bca67752d,https://data.chain.link/streams/sol-usd-twap-30s-streams,,
xrp-updown-5m-1786542300,XRP,"XRP Up or Down - August 12, 9:45AM-9:50AM ET",2026-08-12T13:50:00Z,2026-08-12T13:45:00Z,1.0139019365539577,Up,"[""1"", ""0""]",0.99,842.846172,,0.4945,0.001,resolved,0x845b3ead6b6c00bfd368b24f62ec587bccf0b641dbea6bde1e277b9bb1369bc2,https://data.chain.link/streams/xrp-usd-twap-30s-streams,,
zec-updown-5m-1786542300,ZEC,"ZCash Up or Down - August 12, 9:45AM-9:50AM ET",2026-08-12T13:50:00Z,2026-08-12T13:45:00Z,489.53738648428146,Up,"[""1"", ""0""]",0.98,,,0.495,0.01,resolved,0x305ded7ae67021b09f1fa24afd9623ccce70467cb4deaa4e8a15e6961b09d04d,https://data.chain.link/streams/zec-usd-twap-30s-streams,,
bnb-updown-5m-1786542600,BNB,"BNB Up or Down - August 12, 9:50AM-9:55AM ET",2026-08-12T13:55:00Z,2026-08-12T13:50:00Z,612.170382249664,Down,"[""0"", ""1""]",0.03,,,-0.5,0.01,resolved,0xba32f6fe5edfdab542478f21f09814db1744c1a4301a08ed5a629ace79b23ba8,https://data.chain.link/streams/bnb-usd-twap-30s-streams,,
btc-updown-5m-1786542600,BTC,"Bitcoin Up or Down - August 12, 9:50AM-9:55AM ET",2026-08-12T13:55:00Z,2026-08-12T13:50:00Z,63940.13855981831,Down,"[""0"", ""1""]",0.001,65070.286689000044,,-0.5045,0.001,resolved,0x64de624034b808b9c4dcd4abc5d8b7757870a8fe4372da781023f6b39af2d9a9,https://data.chain.link/streams/btc-usd-twap-30s-streams,,
doge-updown-5m-1786542600,DOGE,"Dogecoin Up or Down - August 12, 9:50AM-9:55AM ET",2026-08-12T13:55:00Z,2026-08-12T13:50:00Z,0.07067601153085862,Down,"[""0"", ""1""]",0.01,,,-0.495,0.01,resolved,0x267bdf9fcd59f046593ada0d237241a23ee9528348255a6fba768c32acea29f3,https://data.chain.link/streams/doge-usd-twap-30s-streams,,
eth-updown-5m-1786542600,ETH,"Ethereum Up or Down - August 12, 9:50AM-9:55AM ET",2026-08-12T13:55:00Z,2026-08-12T13:50:00Z,1903.5763856799488,Down,"[""0"", ""1""]",0.01,5668.954914999999,,-0.5045,0.001,resolved,0x84563774b092bfed13b2f16c12f7b2e0edc91cb6d02de7ee13356bb86c970289,https://data.chain.link/streams/eth-usd-twap-30s-streams,,
hype-updown-5m-1786542600,HYPE,"Hyperliquid Up or Down - August 12, 9:50AM-9:55AM ET",2026-08-12T13:55:00Z,2026-08-12T13:50:00Z,55.986782332028405,Up,"[""1"", ""0""]",0.99,,,0.495,0.01,resolved,0x956bf9167a5e315abb45bbf5835f648c990fc1a7b10b24852903adb387ad33d6,https://data.chain.link/streams/hype-usd-twap-30s-streams,,
sol-updown-5m-1786542600,SOL,"Solana Up or Down - August 12, 9:50AM-9:55AM ET",2026-08-12T13:55:00Z,2026-08-12T13:50:00Z,76.24493138340965,Down,"[""0"", ""1""]",0.04,,,-0.5,0.01,resolved,0x2e07d423915e9868d1ce3dc8428473593432ec0cb101b02b3973df145c487b4e,https://data.chain.link/streams/sol-usd-twap-30s-streams,,
xrp-updown-5m-1786542600,XRP,"XRP Up or Down - August 12, 9:50AM-9:55AM ET",2026-08-12T13:55:00Z,2026-08-12T13:50:00Z,1.0146576110343366,Up,"[""1"", ""0""]",0.99,,,0.49,0.01,resolved,0x40243213858ebd66e5dd6ff4ac8d22911008ec9167a5158ab2f7195c461e8a63,https://data.chain.link/streams/xrp-usd-twap-30s-streams,,
zec-updown-5m-1786542600,ZEC,"ZCash Up or Down - August 12, 9:50AM-9:55AM ET",2026-08-12T13:55:00Z,2026-08-12T13:50:00Z,490.33775041358325,Down,"[""0"", ""1""]",,,,-0.495,0.01,resolved,0xdf4dd50da539baa1f28fb4d587d97fd927e820bdc8942120fd528c24fc22e9ed,https://data.chain.link/streams/zec-usd-twap-30s-streams,,
bnb-updown-5m-1786542900,BNB,"BNB Up or Down - August 12, 9:55AM-10:00AM ET",2026-08-12T14:00:00Z,2026-08-12T13:55:00Z,612.0046862178185,Down,"[""0"", ""1""]",0.02,450.35629399999993,,-0.5045,0.001,resolved,0xd045c61ec79386202eba2c821ce1feee09dd210a404831549e86642b9f7eb02b,https://data.chain.link/streams/bnb-usd-twap-30s-streams,,
btc-updown-5m-1786542900,BTC,"Bitcoin Up or Down - August 12, 9:55AM-10:00AM ET",2026-08-12T14:00:00Z,2026-08-12T13:55:00Z,63832.98138569191,Down,"[""0"", ""1""]",0.001,108824.94278899998,114.80392,-0.5045,0.001,resolved,0xfecbae2683df116d6d8e7831f74150ff3adf9ba11fed06bb1977e30850e6e789,https://data.chain.link/streams/btc-usd-twap-30s-streams,,
doge-updown-5m-1786542900,DOGE,"Dogecoin Up or Down - August 12, 9:55AM-10:00AM ET",2026-08-12T14:00:00Z,2026-08-12T13:55:00Z,0.07064634999840771,Down,"[""0"", ""1""]",0.04,973.059559,,-0.4995,0.001,resolved,0x3804ab0a1ef898dbb00bac8a0fd12cfe1b224af2b3d936121b02aeeab985ba4d,https://data.chain.link/streams/doge-usd-twap-30s-streams,,
eth-updown-5m-1786542900,ETH,"Ethereum Up or Down - August 12, 9:55AM-10:00AM ET",2026-08-12T14:00:00Z,2026-08-12T13:55:00Z,1900.5989059915787,Down,"[""0"", ""1""]",0.51,,,-0.28,0.01,resolved,0xe78b5971e84aebbde7b9be670787f717b9cec0c5739b310f94ee20698dce003a,https://data.chain.link/streams/eth-usd-twap-30s-streams,,
hype-updown-5m-1786542900,HYPE,"Hyperliquid Up or Down - August 12, 9:55AM-10:00AM ET",2026-08-12T14:00:00Z,2026-08-12T13:55:00Z,56.04994667488268,Down,"[""0"", ""1""]",0.03,,,-0.495,0.01,resolved,0xafa17b943acd217623c4498667abc6e9b8f0bba37808f1ad426977c72fac3e03,https://data.chain.link/streams/hype-usd-twap-30s-streams,,
sol-updown-5m-1786542900,SOL,"Solana Up or Down - August 12, 9:55AM-10:00AM ET",2026-08-12T14:00:00Z,2026-08-12T13:55:00Z,76.20155083260768,Up,"[""1"", ""0""]",0.84,,,0.405,0.02,resolved,0x281a616445453778dabca734066f513e013138962d509a42d64b17a9ed1b6ef7,https://data.chain.link/streams/sol-usd-twap-30s-streams,,
xrp-updown-5m-1786542900,XRP,"XRP Up or Down - August 12, 9:55AM-10:00AM ET",2026-08-12T14:00:00Z,2026-08-12T13:55:00Z,1.0148488611659454,Down,"[""0"", ""1""]",0.06,,,-0.495,0.01,resolved,0x834159671b19fb873fcb47b609b123dba31fe61a96d7fab7d8cc28336a4404c2,https://data.chain.link/streams/xrp-usd-twap-30s-streams,,
zec-updown-5m-1786542900,ZEC,"ZCash Up or Down - August 12, 9:55AM-10:00AM ET",2026-08-12T14:00:00Z,2026-08-12T13:55:00Z,489.68168671502076,Down,"[""0"", ""1""]",,,,-0.495,0.01,resolved,0xa1dc919aae319444cec82273a3922bbcb5c68eb6515f843a0c9b63f1692cb604,https://data.chain.link/streams/zec-usd-twap-30s-streams,,
bnb-updown-5m-1786543200,BNB,"BNB Up or Down - August 12, 10:00AM-10:05AM ET",2026-08-12T14:05:00Z,2026-08-12T14:00:00Z,611.8729058541496,Down,"[""0"", ""1""]",0.07,359.882629,,-0.5045,0.001,resolved,0x2f31b8a762c9840b57ddfa61db22fbc2654d63488d2834a9c60cf9ef2a1e2625,https://data.chain.link/streams/bnb-usd-twap-30s-streams,,
btc-updown-5m-1786543200,BTC,"Bitcoin Up or Down - August 12, 10:00AM-10:05AM ET",2026-08-12T14:05:00Z,2026-08-12T14:00:00Z,63795.397999665074,Down,"[""0"", ""1""]",0.001,59446.00834700002,36.568625,-0.5045,0.001,resolved,0x433b54007e959a7f19c7dda617db65d0a888f2146a919563850194b39dc41abc,https://data.chain.link/streams/btc-usd-twap-30s-streams,,
doge-updown-5m-1786543200,DOGE,"Dogecoin Up or Down - August 12, 10:00AM-10:05AM ET",2026-08-12T14:05:00Z,2026-08-12T14:00:00Z,0.07057252138676601,Down,"[""0"", ""1""]",0.04,1630.5460959999994,,-0.4995,0.001,resolved,0xc2d20e701799e9da1434ec4d1cfc61d8c938f7982bfbc98da1918c7621fb77ba,https://data.chain.link/streams/doge-usd-twap-30s-streams,,
eth-updown-5m-1786543200,ETH,"Ethereum Up or Down - August 12, 10:00AM-10:05AM ET",2026-08-12T14:05:00Z,2026-08-12T14:00:00Z,1900.575936699515,Down,"[""0"", ""1""]",0.01,4499.582529000001,,-0.5045,0.001,resolved,0xd5b49a730619a40ef395070b719745fc455081c089d0bd3f2df447919d3c52b7,https://data.chain.link/streams/eth-usd-twap-30s-streams,,
hype-updown-5m-1786543200,HYPE,"Hyperliquid Up or Down - August 12, 10:00AM-10:05AM ET",2026-08-12T14:05:00Z,2026-08-12T14:00:00Z,55.96134447046507,Down,"[""0"", ""1""]",0.03,56.190441,,-0.4995,0.001,resolved,0xd40662062bcd4384249f1918f6113675daf1f19f2cb0f42b9e0d00d8a5bdc39a,https://data.chain.link/streams/hype-usd-twap-30s-streams,,
sol-updown-5m-1786543200,SOL,"Solana Up or Down - August 12, 10:00AM-10:05AM ET",2026-08-12T14:05:00Z,2026-08-12T14:00:00Z,76.20715116849841,Down,"[""0"", ""1""]",0.01,2192.007508,,-0.5045,0.001,resolved,0xc715433b187fbe21e3b39c5b048980957ed79df4299854110707ef0ab0bcd0b0,https://data.chain.link/streams/sol-usd-twap-30s-streams,,
xrp-updown-5m-1786543200,XRP,"XRP Up or Down - August 12, 10:00AM-10:05AM ET",2026-08-12T14:05:00Z,2026-08-12T14:00:00Z,1.014478446189049,Down,"[""0"", ""1""]",0.06,946.0597920000001,,-0.5045,0.001,resolved,0x93f6fe9e73b1b6e9d168ce48e4bf5bc4245edc9f8081a043547dc6d41ab7d449,https://data.chain.link/streams/xrp-usd-twap-30s-streams,,
zec-updown-5m-1786543200,ZEC,"ZCash Up or Down - August 12, 10:00AM-10:05AM ET",2026-08-12T14:05:00Z,2026-08-12T14:00:00Z,488.76768411491514,Down,"[""0"", ""1""]",,,,-0.4995,0.001,resolved,0xdc6a3104fb6d9e73c4fb11fc8994a9dbf88d8f01c0cd8a5647512b96140a148d,https://data.chain.link/streams/zec-usd-twap-30s-streams,,
bnb-updown-5m-1786543500,BNB,"BNB Up or Down - August 12, 10:05AM-10:10AM ET",2026-08-12T14:10:00Z,2026-08-12T14:05:00Z,610.8480338414605,Up,"[""1"", ""0""]",0.99,,,0.4945,0.001,resolved,0x7a6e056362f124f8ec7a86f7d32e74b612b0fc25d58ccd1a6a6e33c85761e682,https://data.chain.link/streams/bnb-usd-twap-30s-streams,,
btc-updown-5m-1786543500,BTC,"Bitcoin Up or Down - August 12, 10:05AM-10:10AM ET",2026-08-12T14:10:00Z,2026-08-12T14:05:00Z,63598.86136370178,Up,"[""1"", ""0""]",0.999,96647.2497779999,31.960783,0.4945,0.001,resolved,0xb1d55a31b0894969090dc8af23b9ef9d03e21e5de6d54311394bb99e9d876a74,https://data.chain.link/streams/btc-usd-twap-30s-streams,,
doge-updown-5m-1786543500,DOGE,"Dogecoin Up or Down - August 12, 10:05AM-10:10AM ET",2026-08-12T14:10:00Z,2026-08-12T14:05:00Z,0.07044042791007127,Up,"[""1"", ""0""]",0.99,,,0.495,0.01,resolved,0xe64d83a5858e59febc17c7523d8fab37d2efd6a9c4600017c9878414a9dccf56,https://data.chain.link/streams/doge-usd-twap-30s-streams,,
eth-updown-5m-1786543500,ETH,"Ethereum Up or Down - August 12, 10:05AM-10:10AM ET",2026-08-12T14:10:00Z,2026-08-12T14:05:00Z,1891.2993883784068,Up,"[""1"", ""0""]",0.999,7940.604666000001,,0.4945,0.001,resolved,0x3f4c52428ab45ad2371e0d4d5aeb61fef5d83c2ed2f4369b5f0a6ec0dfb02ab5,https://data.chain.link/streams/eth-usd-twap-30s-streams,,
hype-updown-5m-1786543500,HYPE,"Hyperliquid Up or Down - August 12, 10:05AM-10:10AM ET",2026-08-12T14:10:00Z,2026-08-12T14:05:00Z,55.77084548037751,Up,"[""1"", ""0""]",0.98,,,0.4995,0.001,resolved,0x05274d2a3ea6719e3c45dfd41d2e52ad8e1fca7d94a7301cb1d84f36ed745349,https://data.chain.link/streams/hype-usd-twap-30s-streams,,
sol-updown-5m-1786543500,SOL,"Solana Up or Down - August 12, 10:05AM-10:10AM ET",2026-08-12T14:10:00Z,2026-08-12T14:05:00Z,75.77551554220788,Up,"[""1"", ""0""]",0.99,2638.570440999999,3.921567,0.4945,0.001,resolved,0x56f9d4945c89d6126d9fc9b88a3dd337b91ff1fe9f242477b02348acd2d6ed16,https://data.chain.link/streams/sol-usd-twap-30s-streams,,
xrp-updown-5m-1786543500,XRP,"XRP Up or Down - August 12, 10:05AM-10:10AM ET",2026-08-12T14:10:00Z,2026-08-12T14:05:00Z,1.0116114595550754,Up,"[""1"", ""0""]",0.98,1143.9157399999997,,0.4945,0.001,resolved,0x59630db0518f5b20fcaa13246d057fa4b1f9279e7cff21452094869f6510b6d9,https://data.chain.link/streams/xrp-usd-twap-30s-streams,,
zec-updown-5m-1786543500,ZEC,"ZCash Up or Down - August 12, 10:05AM-10:10AM ET",2026-08-12T14:10:00Z,2026-08-12T14:05:00Z,486.8083318552675,Up,"[""1"", ""0""]",0.99,,,0.495,0.01,resolved,0x397cd4f66732c9379505c0ad9a885db69495ca17a0309af348a58743815bbbf1,https://data.chain.link/streams/zec-usd-twap-30s-streams,,
bnb-updown-5m-1786543800,BNB,"BNB Up or Down - August 12, 10:10AM-10:15AM ET",2026-08-12T14:15:00Z,2026-08-12T14:10:00Z,611.7655997880563,Up,"[""1"", ""0""]",0.999,386.18358099999995,2,0.4945,0.001,resolved,0xdfb13608b0ed3d9bc35ff1cb701d403022ad2e95333373f73f22eea67978ea47,https://data.chain.link/streams/bnb-usd-twap-30s-streams,,
btc-updown-5m-1786543800,BTC,"Bitcoin Up or Down - August 12, 10:10AM-10:15AM ET",2026-08-12T14:15:00Z,2026-08-12T14:10:00Z,63665.67155199561,Up,"[""1"", ""0""]",0.999,52201.40115099998,31.568625,0.4945,0.001,resolved,0xe284ec2d779429919dd1029202fcf74fc8d03e3ab6e10d9f0117ba1fa7023cb5,https://data.chain.link/streams/btc-usd-twap-30s-streams,,
doge-updown-5m-1786543800,DOGE,"Dogecoin Up or Down - August 12, 10:10AM-10:15AM ET",2026-08-12T14:15:00Z,2026-08-12T14:10:00Z,0.07044471956044307,Up,"[""1"", ""0""]",0.96,226.59869299999994,,0.4995,0.001,resolved,0xc6c0b327e9f5de530b1f29b9564da4d10fa7edd5a42bb529d026002572c411f1,https://data.chain.link/streams/doge-usd-twap-30s-streams,,
eth-updown-5m-1786543800,ETH,"Ethereum Up or Down - August 12, 10:10AM-10:15AM ET",2026-08-12T14:15:00Z,2026-08-12T14:10:00Z,1892.7359555675694,Up,"[""1"", ""0""]",0.999,4818.010334000001,,0.4945,0.001,resolved,0xdfe8cace79969d5362eafcedbf08fa321610ef071d58ef9fd1c4a235f0625589,https://data.chain.link/streams/eth-usd-twap-30s-streams,,
hype-updown-5m-1786543800,HYPE,"Hyperliquid Up or Down - August 12, 10:10AM-10:15AM ET",2026-08-12T14:15:00Z,2026-08-12T14:10:00Z,55.78147856544859,Up,"[""1"", ""0""]",0.99,55.47195000000001,,0.495,0.01,resolved,0x723398af74d40941b08cb3ac0597148c80c60789cec79ffe10ce7ca5493e1a73,https://data.chain.link/streams/hype-usd-twap-30s-streams,,
sol-updown-5m-1786543800,SOL,"Solana Up or Down - August 12, 10:10AM-10:15AM ET",2026-08-12T14:15:00Z,2026-08-12T14:10:00Z,75.85384386615262,Up,"[""1"", ""0""]",0.999,1414.486864,,0.4945,0.001,resolved,0xad8282f43007b0cb90ca0e9b7bce75d4fa8ad936f215de7df43a42ed27827739,https://data.chain.link/streams/sol-usd-twap-30s-streams,,
xrp-updown-5m-1786543800,XRP,"XRP Up or Down - August 12, 10:10AM-10:15AM ET",2026-08-12T14:15:00Z,2026-08-12T14:10:00Z,1.0127745714116723,Up,"[""1"", ""0""]",0.99,795.7868700000001,,0.4945,0.001,resolved,0xfc161855a12371393837751f1716a393630b63770e157e534363d8057e634eca,https://data.chain.link/streams/xrp-usd-twap-30s-streams,,
zec-updown-5m-1786543800,ZEC,"ZCash Up or Down - August 12, 10:10AM-10:15AM ET",2026-08-12T14:15:00Z,2026-08-12T14:10:00Z,487.45310977391273,Up,"[""1"", ""0""]",0.98,25,,0.495,0.01,resolved,0xd9d8fe728b452f2eab6bf64a2f659ae52c8dea626f4b4d142dc0c411a9bfea45,https://data.chain.link/streams/zec-usd-twap-30s-streams,,
bnb-updown-5m-1786544100,BNB,"BNB Up or Down - August 12, 10:15AM-10:20AM ET",2026-08-12T14:20:00Z,2026-08-12T14:15:00Z,612.7719636111334,Up,"[""1"", ""0""]",0.99,893.0234200000002,,0.4945,0.001,resolved,0xf1966014c7786734e8251fa8a90c2a8cc99f5ea2db22f7eaef91be1ecf26d275,https://data.chain.link/streams/bnb-usd-twap-30s-streams,,
btc-updown-5m-1786544100,BTC,"Bitcoin Up or Down - August 12, 10:15AM-10:20AM ET",2026-08-12T14:20:00Z,2026-08-12T14:15:00Z,63733.22259584448,Up,"[""1"", ""0""]",0.999,113348.87426999993,6.960783,0.4945,0.001,resolved,0xf1d5df60160b4a7eeb56ddee27b520bbb494118b7ac514cba0669b7c3245d204,https://data.chain.link/streams/btc-usd-twap-30s-streams,,
doge-updown-5m-1786544100,DOGE,"Dogecoin Up or Down - August 12, 10:15AM-10:20AM ET",2026-08-12T14:20:00Z,2026-08-12T14:15:00Z,0.07050309780753332,Up,"[""1"", ""0""]",0.98,1587.689456,,0.495,0.01,resolved,0x80bd5d2474d14d035fa011e84e89cb1dc36499e7a5ca95d0e8fc801a18dc6e32,https://data.chain.link/streams/doge-usd-twap-30s-streams,,
eth-updown-5m-1786544100,ETH,"Ethereum Up or Down - August 12, 10:15AM-10:20AM ET",2026-08-12T14:20:00Z,2026-08-12T14:15:00Z,1897.7220344576556,Down,"[""0"", ""1""]",0.06,4310.991375000002,,-0.5045,0.001,resolved,0xa33067855041c742ed095d2391482b0f261fa0d1bb7ffc330d20ad1d19f6c5b0,https://data.chain.link/streams/eth-usd-twap-30s-streams,,
hype-updown-5m-1786544100,HYPE,"Hyperliquid Up or Down - August 12, 10:15AM-10:20AM ET",2026-08-12T14:20:00Z,2026-08-12T14:15:00Z,55.864728674483906,Down,"[""0"", ""1""]",0.06,51.0987,,-0.4995,0.001,resolved,0x1237d9048f68376a42b84625ae1a8249b71e55d75a13d761108628156e849e59,https://data.chain.link/streams/hype-usd-twap-30s-streams,,
sol-updown-5m-1786544100,SOL,"Solana Up or Down - August 12, 10:15AM-10:20AM ET",2026-08-12T14:20:00Z,2026-08-12T14:15:00Z,76.00867011781347,Down,"[""0"", ""1""]",0.06,1852.149461,,-0.5045,0.001,resolved,0xbcf0371979d207da4ca48e10380ed5f14b3751ebd698df6cfdcdc2dcadad201b,https://data.chain.link/streams/sol-usd-twap-30s-streams,,
xrp-updown-5m-1786544100,XRP,"XRP Up or Down - August 12, 10:15AM-10:20AM ET",2026-08-12T14:20:00Z,2026-08-12T14:15:00Z,1.0131409585822573,Down,"[""0"", ""1""]",0.01,1165.8223540000006,,-0.5045,0.001,resolved,0x06981571a8f5870588abe474134bf3400018411ada98566118b80c6db69af39c,https://data.chain.link/streams/xrp-usd-twap-30s-streams,,
zec-updown-5m-1786544100,ZEC,"ZCash Up or Down - August 12, 10:15AM-10:20AM ET",2026-08-12T14:20:00Z,2026-08-12T14:15:00Z,489.0344068201188,Down,"[""0"", ""1""]",,,,-0.495,0.01,resolved,0x7e1ffd1bf64ea6881210a2ec62866a4f4a6e3fa47e4ea98123778b430df15543,https://data.chain.link/streams/zec-usd-twap-30s-streams,,
bnb-updown-5m-1786544400,BNB,"BNB Up or Down - August 12, 10:20AM-10:25AM ET",2026-08-12T14:25:00Z,2026-08-12T14:20:00Z,612.8582528845274,Down,"[""0"", ""1""]",0.04,,,-0.5045,0.001,resolved,0x4e43ed50f3873744fac8253e0587618e7ed82ff49e8e554a4fea9b27ef100f7c,https://data.chain.link/streams/bnb-usd-twap-30s-streams,,
btc-updown-5m-1786544400,BTC,"Bitcoin Up or Down - August 12, 10:20AM-10:25AM ET",2026-08-12T14:25:00Z,2026-08-12T14:20:00Z,63746.72244514525,Down,"[""0"", ""1""]",0.01,98424.127287,152.960783,-0.5,0.01,resolved,0x1f0c1e82a0ea6d9087c00f0ead9659b59ce11c0ed3261059f868874091c9b046,https://data.chain.link/streams/btc-usd-twap-30s-streams,,
doge-updown-5m-1786544400,DOGE,"Dogecoin Up or Down - August 12, 10:20AM-10:25AM ET",2026-08-12T14:25:00Z,2026-08-12T14:20:00Z,0.07050555073041931,Down,"[""0"", ""1""]",0.04,,,-0.4995,0.001,resolved,0x6bd16b33b4bfcc78edc2a17dd575061250ce5e6b7517b161c6c8e0baddf5fb76,https://data.chain.link/streams/doge-usd-twap-30s-streams,,
eth-updown-5m-1786544400,ETH,"Ethereum Up or Down - August 12, 10:20AM-10:25AM ET",2026-08-12T14:25:00Z,2026-08-12T14:20:00Z,1895.927671336752,Down,"[""0"", ""1""]",0.04,,,-0.5045,0.001,resolved,0x0cb1e99146ea03a9c4e673c5ded93602cfcc228bcbb6b18cdd7a29d60f68daae,https://data.chain.link/streams/eth-usd-twap-30s-streams,,
hype-updown-5m-1786544400,HYPE,"Hyperliquid Up or Down - August 12, 10:20AM-10:25AM ET",2026-08-12T14:25:00Z,2026-08-12T14:20:00Z,55.687914711214205,Down,"[""0"", ""1""]",0.16,,,-0.4995,0.001,resolved,0x2b02358035c8fc69d39b0ed092780bd695dab8f7aa1f886ef84f64b68c90e770,https://data.chain.link/streams/hype-usd-twap-30s-streams,,
sol-updown-5m-1786544400,SOL,"Solana Up or Down - August 12, 10:20AM-10:25AM ET",2026-08-12T14:25:00Z,2026-08-12T14:20:00Z,75.93800797862745,Down,"[""0"", ""1""]",0.02,,,-0.5045,0.001,resolved,0x5bee24891e5d9de98641bd4fd31b55ec7f3b5bc10fc60f7f361061f155b9d1b3,https://data.chain.link/streams/sol-usd-twap-30s-streams,,
xrp-updown-5m-1786544400,XRP,"XRP Up or Down - August 12, 10:20AM-10:25AM ET",2026-08-12T14:25:00Z,2026-08-12T14:20:00Z,1.012440931251153,Down,"[""0"", ""1""]",0.11,1406.8309299999999,,-0.495,0.01,resolved,0x8364310c93bd20c1e556ad23437f3aee31c09002ddf111eb3961d8e39b8b6d69,https://data.chain.link/streams/xrp-usd-twap-30s-streams,,
zec-updown-5m-1786544400,ZEC,"ZCash Up or Down - August 12, 10:20AM-10:25AM ET",2026-08-12T14:25:00Z,2026-08-12T14:20:00Z,488.403743948254,Down,"[""0"", ""1""]",,,,-0.495,0.01,resolved,0x4a85b4f8b71bca7eea00f3f7aa10dd58bd4eb92f5664319906b5867af601b295,https://data.chain.link/streams/zec-usd-twap-30s-streams,,
bnb-updown-5m-1786544700,BNB,"BNB Up or Down - August 12, 10:25AM-10:30AM ET",2026-08-12T14:30:00Z,2026-08-12T14:25:00Z,612.192611426231,Down,"[""0"", ""1""]",0.04,401.749479,,-0.5045,0.001,resolved,0x23f0c93196b786c15be2e06b47c0d622c98e52a2dc92781022aca304477526bc,https://data.chain.link/streams/bnb-usd-twap-30s-streams,,
btc-updown-5m-1786544700,BTC,"Bitcoin Up or Down - August 12, 10:25AM-10:30AM ET",2026-08-12T14:30:00Z,2026-08-12T14:25:00Z,63706.19845306273,Down,"[""0"", ""1""]",0.01,68490.5315539999,6.960783,-0.5045,0.001,resolved,0x6a9ed9029ccbc9080dc3be5b69c19577cdc6db66bd6497937db850270ae2b4a2,https://data.chain.link/streams/btc-usd-twap-30s-streams,,
doge-updown-5m-1786544700,DOGE,"Dogecoin Up or Down - August 12, 10:25AM-10:30AM ET",2026-08-12T14:30:00Z,2026-08-12T14:25:00Z,0.07038227677302134,Down,"[""0"", ""1""]",0.05,752.6504479999999,,-0.4995,0.001,resolved,0xf2bcaabf1d99806e617b329199a86eb457c8880f0196fa82c813162c761eed0a,https://data.chain.link/streams/doge-usd-twap-30s-streams,,
eth-updown-5m-1786544700,ETH,"Ethereum Up or Down - August 12, 10:25AM-10:30AM ET",2026-08-12T14:30:00Z,2026-08-12T14:25:00Z,1892.8959355576685,Down,"[""0"", ""1""]",0.01,5548.2912970000025,,-0.5045,0.001,resolved,0x9e5c0dbb0dabe823dbe1c12df90bb346c5655e255c08d37fade25d292d0f79d8,https://data.chain.link/streams/eth-usd-twap-30s-streams,,
hype-updown-5m-1786544700,HYPE,"Hyperliquid Up or Down - August 12, 10:25AM-10:30AM ET",2026-08-12T14:30:00Z,2026-08-12T14:25:00Z,55.50046404615182,Up,"[""1"", ""0""]",0.91,346.393553,,0.4995,0.001,resolved,0xdb16bb815dbc12074f8651758bb58ab17a91ed77543a4fe689c4aea747067726,https://data.chain.link/streams/hype-usd-twap-30s-streams,,
sol-updown-5m-1786544700,SOL,"Solana Up or Down - August 12, 10:25AM-10:30AM ET",2026-08-12T14:30:00Z,2026-08-12T14:25:00Z,75.80641905283446,Down,"[""0"", ""1""]",0.02,1680.3049059999996,,-0.5045,0.001,resolved,0xcfd8f7f05baf4f1ffb28161c1cedbc6fd0454cc4eb2c6cc90d7146d53085cf2b,https://data.chain.link/streams/sol-usd-twap-30s-streams,,
xrp-updown-5m-1786544700,XRP,"XRP Up or Down - August 12, 10:25AM-10:30AM ET",2026-08-12T14:30:00Z,2026-08-12T14:25:00Z,1.0119823624582633,Up,"[""1"", ""0""]",0.99,993.179468,,0.4945,0.001,resolved,0x817b66c4ef1a4915ee7f7c0b78a6b167224b07662d444d711a99d2a258de46cc,https://data.chain.link/streams/xrp-usd-twap-30s-streams,,
zec-updown-5m-1786544700,ZEC,"ZCash Up or Down - August 12, 10:25AM-10:30AM ET",2026-08-12T14:30:00Z,2026-08-12T14:25:00Z,488.0445478839532,Down,"[""0"", ""1""]",,25,,-0.495,0.01,resolved,0x0e474205237cfa0c1c1fd1775ee2c789f5df8d13a8aff36994a944d05a0d917c,https://data.chain.link/streams/zec-usd-twap-30s-streams,,
bnb-updown-5m-1786545000,BNB,"BNB Up or Down - August 12, 10:30AM-10:35AM ET",2026-08-12T14:35:00Z,2026-08-12T14:30:00Z,611.3742744979933,Down,"[""0"", ""1""]",0.05,1102.6647630000002,,-0.5,0.01,resolved,0xa46393c0e34fc32a6e7850ece8652730dd0cad6a15fa5a2dfecb37babb90ee23,https://data.chain.link/streams/bnb-usd-twap-30s-streams,,
btc-updown-5m-1786545000,BTC,"Bitcoin Up or Down - August 12, 10:30AM-10:35AM ET",2026-08-12T14:35:00Z,2026-08-12T14:30:00Z,63606.895056135756,Down,"[""0"", ""1""]",0.01,101917.96334199983,4.960782,-0.5,0.01,resolved,0xaebe1ce7a4a23098d4e39fb78275773f04bba190aba70d8a54093996395171d1,https://data.chain.link/streams/btc-usd-twap-30s-streams,,
doge-updown-5m-1786545000,DOGE,"Dogecoin Up or Down - August 12, 10:30AM-10:35AM ET",2026-08-12T14:35:00Z,2026-08-12T14:30:00Z,0.07032158658391807,Up,"[""1"", ""0""]",0.999,,,0.4995,0.001,resolved,0xa8083e8451945042dcaf970488d4bc1c9d9ce2ae65b92f929520ded2ac0d07dd,https://data.chain.link/streams/doge-usd-twap-30s-streams,,
eth-updown-5m-1786545000,ETH,"Ethereum Up or Down - August 12, 10:30AM-10:35AM ET",2026-08-12T14:35:00Z,2026-08-12T14:30:00Z,1890.4892437270983,Down,"[""0"", ""1""]",0.01,11961.689732000006,,-0.5,0.01,resolved,0x52632f8d6be26547793e045f4ff79666128179550df9ff1fd9283e2c5742e29a,https://data.chain.link/streams/eth-usd-twap-30s-streams,,
hype-updown-5m-1786545000,HYPE,"Hyperliquid Up or Down - August 12, 10:30AM-10:35AM ET",2026-08-12T14:35:00Z,2026-08-12T14:30:00Z,55.52325590779949,Down,"[""0"", ""1""]",0.04,376.604581,,-0.495,0.01,resolved,0x26506b04047139dbd6503eaafc1ad150734707252daa0c763aef01c47b5a2622,https://data.chain.link/streams/hype-usd-twap-30s-streams,,
sol-updown-5m-1786545000,SOL,"Solana Up or Down - August 12, 10:30AM-10:35AM ET",2026-08-12T14:35:00Z,2026-08-12T14:30:00Z,75.69622902722321,Down,"[""0"", ""1""]",0.06,2544.775298,,-0.5,0.01,resolved,0x39a3b6a65c3e991397c5fd6b273597668e58d455bf9a3d002d6e7ce19b043817,https://data.chain.link/streams/sol-usd-twap-30s-streams,,
xrp-updown-5m-1786545000,XRP,"XRP Up or Down - August 12, 10:30AM-10:35AM ET",2026-08-12T14:35:00Z,2026-08-12T14:30:00Z,1.0121689680444432,Up,"[""1"", ""0""]",0.99,2057.8547189999995,,0.49,0.01,resolved,0x995eb4018e5386dde0d4539f8b6e1e705cc8898b8330d08a3091a6565ac1aa62,https://data.chain.link/streams/xrp-usd-twap-30s-streams,,
zec-updown-5m-1786545000,ZEC,"ZCash Up or Down - August 12, 10:30AM-10:35AM ET",2026-08-12T14:35:00Z,2026-08-12T14:30:00Z,487.7151665933431,Down,"[""0"", ""1""]",,,,-0.495,0.01,resolved,0x85753e390d1bc17f183023fa6f274606de11762f8c5341142a707f76b23e6b21,https://data.chain.link/streams/zec-usd-twap-30s-streams,,
bnb-updown-5m-1786545300,BNB,"BNB Up or Down - August 12, 10:35AM-10:40AM ET",2026-08-12T14:40:00Z,2026-08-12T14:35:00Z,610.2689135672942,Down,"[""0"", ""1""]",0.09,,,-0.5045,0.001,resolved,0x52afb3bd8156eebd528eb3c260b85694bc487492e3fdb4ad95d5f819aa1a7821,https://data.chain.link/streams/bnb-usd-twap-30s-streams,,
btc-updown-5m-1786545300,BTC,"Bitcoin Up or Down - August 12, 10:35AM-10:40AM ET",2026-08-12T14:40:00Z,2026-08-12T14:35:00Z,63509.73509968258,Down,"[""0"", ""1""]",0.001,97647.12079600002,4.960782,-0.49,0.01,resolved,0x97cab7812f17c48b39ae60c69bba5db566a89385ad5acb0a4412c6db39b10010,https://data.chain.link/streams/btc-usd-twap-30s-streams,,
doge-updown-5m-1786545300,DOGE,"Dogecoin Up or Down - August 12, 10:35AM-10:40AM ET",2026-08-12T14:40:00Z,2026-08-12T14:35:00Z,0.07036694030474143,Down,"[""0"", ""1""]",0.04,,,-0.4995,0.001,resolved,0xb89ae817de8dd2c11da31ca7ee24f9cb1b08323f9220721ca6bb20f85ae9a6c4,https://data.chain.link/streams/doge-usd-twap-30s-streams,,
eth-updown-5m-1786545300,ETH,"Ethereum Up or Down - August 12, 10:35AM-10:40AM ET",2026-08-12T14:40:00Z,2026-08-12T14:35:00Z,1887.7019070041895,Up,"[""1"", ""0""]",0.999,6172.442211000002,,0.4945,0.001,resolved,0xa93b4d23e3aae47eea7734ae3be777b293a199be4090fa0ad5256f573b31094f,https://data.chain.link/streams/eth-usd-twap-30s-streams,,
hype-updown-5m-1786545300,HYPE,"Hyperliquid Up or Down - August 12, 10:35AM-10:40AM ET",2026-08-12T14:40:00Z,2026-08-12T14:35:00Z,55.51102237591968,Up,"[""1"", ""0""]",0.999,,,0.4945,0.009,resolved,0xb9d56cc92203b892424f5c812391189da983b245d253b04aeb6da91ae2a93186,https://data.chain.link/streams/hype-usd-twap-30s-streams,,
sol-updown-5m-1786545300,SOL,"Solana Up or Down - August 12, 10:35AM-10:40AM ET",2026-08-12T14:40:00Z,2026-08-12T14:35:00Z,75.57724926427308,Down,"[""0"", ""1""]",0.1,3508.161979,,-0.5,0.01,resolved,0xce649e8d9792881e51da5ad9c3da2c7180d202e164b231703f5564a90fa0bd56,https://data.chain.link/streams/sol-usd-twap-30s-streams,,
xrp-updown-5m-1786545300,XRP,"XRP Up or Down - August 12, 10:35AM-10:40AM ET",2026-08-12T14:40:00Z,2026-08-12T14:35:00Z,1.0123602350426184,Down,"[""0"", ""1""]",0.01,691.1489419999999,,-0.5045,0.001,resolved,0x70ce28d6a84244b9e98ee6b977159aef25a9211a2d80fd21e378b574c5358405,https://data.chain.link/streams/xrp-usd-twap-30s-streams,,
zec-updown-5m-1786545300,ZEC,"ZCash Up or Down - August 12, 10:35AM-10:40AM ET",2026-08-12T14:40:00Z,2026-08-12T14:35:00Z,486.6608296286918,Down,"[""0"", ""1""]",,,,-0.4945,0.009,resolved,0x90769e86eeb424cb1aae7d8cadb34a94c6c61d1cf8233ca64e0bc571836b128c,https://data.chain.link/streams/zec-usd-twap-30s-streams,,
bnb-updown-5m-1786545600,BNB,"BNB Up or Down - August 12, 10:40AM-10:45AM ET",2026-08-12T14:45:00Z,2026-08-12T14:40:00Z,609.6501973844393,Up,"[""1"", ""0""]",0.99,270.64791,,0.49,0.01,resolved,0x79bc4c60ede30ff88a8631d9b66c8f7a1ec4cb249bc711e9995892344f32943f,https://data.chain.link/streams/bnb-usd-twap-30s-streams,,
btc-updown-5m-1786545600,BTC,"Bitcoin Up or Down - August 12, 10:40AM-10:45AM ET",2026-08-12T14:45:00Z,2026-08-12T14:40:00Z,63499.08214674981,Up,"[""1"", ""0""]",0.99,74468.47390499999,4.960782,0.49,0.01,resolved,0x8cd0788abf5d0905a0488d4cfd8b44dc01ebd5fda7370c31603f4bd0d15f090c,https://data.chain.link/streams/btc-usd-twap-30s-streams,,
doge-updown-5m-1786545600,DOGE,"Dogecoin Up or Down - August 12, 10:40AM-10:45AM ET",2026-08-12T14:45:00Z,2026-08-12T14:40:00Z,0.07027184962184733,Up,"[""1"", ""0""]",0.999,506.827747,,0.4995,0.001,resolved,0x93d54f1ea36d1b917b112755e8a3043353ff5cb99de6ee5dc19dc6bc7c22707c,https://data.chain.link/streams/doge-usd-twap-30s-streams,,
eth-updown-5m-1786545600,ETH,"Ethereum Up or Down - August 12, 10:40AM-10:45AM ET",2026-08-12T14:45:00Z,2026-08-12T14:40:00Z,1888.5860662160985,Up,"[""1"", ""0""]",0.99,6065.350173999997,,0.49,0.01,resolved,0x6ef52250ec7e659ad16787d36ec0d9f97e80bad3b1579c9be93f9d5f1396724d,https://data.chain.link/streams/eth-usd-twap-30s-streams,,
hype-updown-5m-1786545600,HYPE,"Hyperliquid Up or Down - August 12, 10:40AM-10:45AM ET",2026-08-12T14:45:00Z,2026-08-12T14:40:00Z,55.80130167505529,Up,"[""1"", ""0""]",0.99,53.226641,,0.495,0.01,resolved,0xc5a638fd6d7e4084a6e07825a0606b0efb862b9665c4ccbb82d954e7807c1c8b,https://data.chain.link/streams/hype-usd-twap-30s-streams,,
sol-updown-5m-1786545600,SOL,"Solana Up or Down - August 12, 10:40AM-10:45AM ET",2026-08-12T14:45:00Z,2026-08-12T14:40:00Z,75.53085833853247,Down,"[""0"", ""1""]",0.01,2514.9780880000003,,-0.5,0.01,resolved,0xad806d3c014d6685789ea08fbe8d3ad07e9b15985b747a5421672e3b13e0ddfa,https://data.chain.link/streams/sol-usd-twap-30s-streams,,
xrp-updown-5m-1786545600,XRP,"XRP Up or Down - August 12, 10:40AM-10:45AM ET",2026-08-12T14:45:00Z,2026-08-12T14:40:00Z,1.0111014818177824,Up,"[""1"", ""0""]",0.99,1074.5529229999997,,0.49,0.01,resolved,0x7943a3790bf0a3a8a5b61a7691d113e57448de03280a9cefc85c711fc9fcd09c,https://data.chain.link/streams/xrp-usd-twap-30s-streams,,
zec-updown-5m-1786545600,ZEC,"ZCash Up or Down - August 12, 10:40AM-10:45AM ET",2026-08-12T14:45:00Z,2026-08-12T14:40:00Z,484.6832465878479,Up,"[""1"", ""0""]",0.98,,,0.495,0.01,resolved,0x5d2cb660161eee475813c3d24039484f1281749248c6ad46da9c4f8d4e94eb32,https://data.chain.link/streams/zec-usd-twap-30s-streams,,
bnb-updown-5m-1786545900,BNB,"BNB Up or Down - August 12, 10:45AM-10:50AM ET",2026-08-12T14:50:00Z,2026-08-12T14:45:00Z,610.0843009510511,Up,"[""1"", ""0""]",0.99,,,0.4945,0.001,resolved,0xef637949ab043603205abb22c3ce1d56fd403e639267f366cd8775dca82e7622,https://data.chain.link/streams/bnb-usd-twap-30s-streams,,
btc-updown-5m-1786545900,BTC,"Bitcoin Up or Down - August 12, 10:45AM-10:50AM ET",2026-08-12T14:50:00Z,2026-08-12T14:45:00Z,63556.470917317645,Down,"[""0"", ""1""]",0.01,82210.87451700002,4.960782,-0.5045,0.001,resolved,0x720049402de7d7f0f7c07409e6c0a58a54d1045baef2ccd78124fe7a4efca309,https://data.chain.link/streams/btc-usd-twap-30s-streams,,
doge-updown-5m-1786545900,DOGE,"Dogecoin Up or Down - August 12, 10:45AM-10:50AM ET",2026-08-12T14:50:00Z,2026-08-12T14:45:00Z,0.07046747431438485,Up,"[""1"", ""0""]",0.99,,,0.4995,0.001,resolved,0xdd682600069656fa4a972e693c7508664e85cb2d6dcbd1388ec0ac90e6197baa,https://data.chain.link/streams/doge-usd-twap-30s-streams,,
eth-updown-5m-1786545900,ETH,"Ethereum Up or Down - August 12, 10:45AM-10:50AM ET",2026-08-12T14:50:00Z,2026-08-12T14:45:00Z,1890.6955939312577,Up,"[""1"", ""0""]",0.99,5180.990514000002,,0.4995,0.001,resolved,0x7b85dc6455148bd6c832a0ca6d0e40b7d91e3a7e90912cb2f8f282ab0de22449,https://data.chain.link/streams/eth-usd-twap-30s-streams,,
hype-updown-5m-1786545900,HYPE,"Hyperliquid Up or Down - August 12, 10:45AM-10:50AM ET",2026-08-12T14:50:00Z,2026-08-12T14:45:00Z,55.922599312710126,Up,"[""1"", ""0""]",0.99,,,0.4995,0.001,resolved,0x61555862bd9735279b185f8b25c580db07e1ba54b2926d395bc474bffb4cda63,https://data.chain.link/streams/hype-usd-twap-30s-streams,,
sol-updown-5m-1786545900,SOL,"Solana Up or Down - August 12, 10:45AM-10:50AM ET",2026-08-12T14:50:00Z,2026-08-12T14:45:00Z,75.51328632497558,Up,"[""1"", ""0""]",0.99,2278.7785320000003,,0.4945,0.001,resolved,0x3bb81347f3e2734738011311b29d2270f437c3aa9380a48f568b38f4cd63725d,https://data.chain.link/streams/sol-usd-twap-30s-streams,,
xrp-updown-5m-1786545900,XRP,"XRP Up or Down - August 12, 10:45AM-10:50AM ET",2026-08-12T14:50:00Z,2026-08-12T14:45:00Z,1.0118963062085216,Up,"[""1"", ""0""]",0.99,1151.968607,,0.4945,0.001,resolved,0x80cacadc0cea6f92d2ec343805bd278a2a1203db3c0aeca4906afc6404148703,https://data.chain.link/streams/xrp-usd-twap-30s-streams,,
zec-updown-5m-1786545900,ZEC,"ZCash Up or Down - August 12, 10:45AM-10:50AM ET",2026-08-12T14:50:00Z,2026-08-12T14:45:00Z,486.12342956384725,Up,"[""1"", ""0""]",0.98,,,0.4995,0.001,resolved,0x6761e38aa18fcf610edb81800b2fc55207303c60c38d9cd5bc931ff639dc194a,https://data.chain.link/streams/zec-usd-twap-30s-streams,,
bnb-updown-5m-1786546200,BNB,"BNB Up or Down - August 12, 10:50AM-10:55AM ET",2026-08-12T14:55:00Z,2026-08-12T14:50:00Z,610.3960525655299,Down,"[""0"", ""1""]",0.01,,,-0.5045,0.001,resolved,0xa978a2ae5e2319500150fe1ad4f378c6f7ddb55b66a517b6e135677ca89c4617,https://data.chain.link/streams/bnb-usd-twap-30s-streams,,
btc-updown-5m-1786546200,BTC,"Bitcoin Up or Down - August 12, 10:50AM-10:55AM ET",2026-08-12T14:55:00Z,2026-08-12T14:50:00Z,63531.68837303034,Down,"[""0"", ""1""]",0.001,60824.42044299992,4.960782,-0.5045,0.001,resolved,0x60c8d5cf608f32e65175569440c25205615ae1467f80c4bc98169e22be46b0c3,https://data.chain.link/streams/btc-usd-twap-30s-streams,,
doge-updown-5m-1786546200,DOGE,"Dogecoin Up or Down - August 12, 10:50AM-10:55AM ET",2026-08-12T14:55:00Z,2026-08-12T14:50:00Z,0.07055749293485979,Down,"[""0"", ""1""]",0.07,,,-0.4995,0.001,resolved,0xb79eefb37e990733e28f63c8b707e9c9cbda4a92d1c5aa76252687c03681382c,https://data.chain.link/streams/doge-usd-twap-30s-streams,,
eth-updown-5m-1786546200,ETH,"Ethereum Up or Down - August 12, 10:50AM-10:55AM ET",2026-08-12T14:55:00Z,2026-08-12T14:50:00Z,1892.9531666600772,Down,"[""0"", ""1""]",0.001,4997.172948000003,,-0.5045,0.001,resolved,0x8332207e820f54d95a875ec0a1c56694505d15c8da406831e76d90f3d0246946,https://data.chain.link/streams/eth-usd-twap-30s-streams,,
hype-updown-5m-1786546200,HYPE,"Hyperliquid Up or Down - August 12, 10:50AM-10:55AM ET",2026-08-12T14:55:00Z,2026-08-12T14:50:00Z,55.97971392674452,Down,"[""0"", ""1""]",0.02,,,-0.495,0.01,resolved,0x0e9588b3023db2303e9b734b9d83873d45496e8bb4fab34bc4d96d55dc7a0b35,https://data.chain.link/streams/hype-usd-twap-30s-streams,,
sol-updown-5m-1786546200,SOL,"Solana Up or Down - August 12, 10:50AM-10:55AM ET",2026-08-12T14:55:00Z,2026-08-12T14:50:00Z,75.55734252750474,Down,"[""0"", ""1""]",0.02,1663.7015830000005,,-0.5045,0.001,resolved,0xd433111498b1b0cff397ab9283b34b410e46ce0894833a4c90aa4e1e439612d9,https://data.chain.link/streams/sol-usd-twap-30s-streams,,
xrp-updown-5m-1786546200,XRP,"XRP Up or Down - August 12, 10:50AM-10:55AM ET",2026-08-12T14:55:00Z,2026-08-12T14:50:00Z,1.0120248191758565,Down,"[""0"", ""1""]",0.03,1094.3311430000003,,-0.5045,0.001,resolved,0x7cfa45b307dbfd1aca2b05e6b022288b504744e252f149e024d5b266a390ff90,https://data.chain.link/streams/xrp-usd-twap-30s-streams,,
zec-updown-5m-1786546200,ZEC,"ZCash Up or Down - August 12, 10:50AM-10:55AM ET",2026-08-12T14:55:00Z,2026-08-12T14:50:00Z,487.04427750506477,Down,"[""0"", ""1""]",,,,-0.495,0.01,resolved,0x082110bb275c8df0f57b9751535e7853af47fc2eeeadc229db50a09acef150a2,https://data.chain.link/streams/zec-usd-twap-30s-streams,,
bnb-updown-5m-1786546500,BNB,"BNB Up or Down - August 12, 10:55AM-11:00AM ET",2026-08-12T15:00:00Z,2026-08-12T14:55:00Z,609.762412622607,Down,"[""0"", ""1""]",0.11,324.710823,,-0.5045,0.001,resolved,0x570120183492563f56d65d5d856034aa0a57bff3095c6d8f92784a56cf79c177,https://data.chain.link/streams/bnb-usd-twap-30s-streams,,
btc-updown-5m-1786546500,BTC,"Bitcoin Up or Down - August 12, 10:55AM-11:00AM ET",2026-08-12T15:00:00Z,2026-08-12T14:55:00Z,63440.10267504732,Down,"[""0"", ""1""]",0.001,60156.663480999996,361.196072,-0.5045,0.001,resolved,0x180cd9cc0b96631c1d210aafec95d2471f8afe97d53abc47cba5397f65170f62,https://data.chain.link/streams/btc-usd-twap-30s-streams,,
doge-updown-5m-1786546500,DOGE,"Dogecoin Up or Down - August 12, 10:55AM-11:00AM ET",2026-08-12T15:00:00Z,2026-08-12T14:55:00Z,0.07042245091730842,Down,"[""0"", ""1""]",0.24,1305.728206,,-0.4995,0.001,resolved,0x59687c9dc7974606f09fbb7087a747a26e8fee48985b0021c0fd65fff0c3d5fc,https://data.chain.link/streams/doge-usd-twap-30s-streams,,
eth-updown-5m-1786546500,ETH,"Ethereum Up or Down - August 12, 10:55AM-11:00AM ET",2026-08-12T15:00:00Z,2026-08-12T14:55:00Z,1887.6973641360387,Down,"[""0"", ""1""]",0.01,8208.203917999997,,-0.5045,0.001,resolved,0x4bcd9e85bd96bed32c2e13fad4eed051fe4bc89dfa45070e41060cb8754faee8,https://data.chain.link/streams/eth-usd-twap-30s-streams,,
hype-updown-5m-1786546500,HYPE,"Hyperliquid Up or Down - August 12, 10:55AM-11:00AM ET",2026-08-12T15:00:00Z,2026-08-12T14:55:00Z,55.84543466336368,Down,"[""0"", ""1""]",0.03,59.240707,,-0.4995,0.001,resolved,0xc45c10a045f132cdcfd0fbab750673a4338ff283c3aa22f2fecc203d06948e57,https://data.chain.link/streams/hype-usd-twap-30s-streams,,
sol-updown-5m-1786546500,SOL,"Solana Up or Down - August 12, 10:55AM-11:00AM ET",2026-08-12T15:00:00Z,2026-08-12T14:55:00Z,75.44485733653279,Down,"[""0"", ""1""]",0.05,2282.8215370000003,20,-0.5045,0.001,resolved,0xf0f0b31d6e70f5e07989e9920e1d1d1bc3ef887eacc79fad8a4a340d6514117b,https://data.chain.link/streams/sol-usd-twap-30s-streams,,
xrp-updown-5m-1786546500,XRP,"XRP Up or Down - August 12, 10:55AM-11:00AM ET",2026-08-12T15:00:00Z,2026-08-12T14:55:00Z,1.0105996975652483,Down,"[""0"", ""1""]",0.03,639.119814,20,-0.5045,0.001,resolved,0xe98f78a123a6cc18c640ff7b5c3fb92aeca120ee7a590694875ef52d459695b2,https://data.chain.link/streams/xrp-usd-twap-30s-streams,,
zec-updown-5m-1786546500,ZEC,"ZCash Up or Down - August 12, 10:55AM-11:00AM ET",2026-08-12T15:00:00Z,2026-08-12T14:55:00Z,486.37568431750816,Down,"[""0"", ""1""]",,25,,-0.495,0.01,resolved,0x83da1d0502cabec3b607329d6ea72491383b2cb6b5e2111dff8794a2fce8a5ca,https://data.chain.link/streams/zec-usd-twap-30s-streams,,
bnb-updown-5m-1786546800,BNB,"BNB Up or Down - August 12, 11:00AM-11:05AM ET",2026-08-12T15:05:00Z,2026-08-12T15:00:00Z,608.6684279746837,Up,"[""1"", ""0""]",0.99,257.54713899999996,,0.4945,0.001,resolved,0x05c44d949988c19219634398a5454ea65466fad80d649ae0675844e434eee57e,https://data.chain.link/streams/bnb-usd-twap-30s-streams,,
btc-updown-5m-1786546800,BTC,"Bitcoin Up or Down - August 12, 11:00AM-11:05AM ET",2026-08-12T15:05:00Z,2026-08-12T15:00:00Z,63300.818267395036,Up,"[""1"", ""0""]",0.999,75461.83671499998,78.843134,0.4945,0.001,resolved,0x44424b4a93e1b7e376e84028c6e949a04a926edf857cef403226056006afef79,https://data.chain.link/streams/btc-usd-twap-30s-streams,,
doge-updown-5m-1786546800,DOGE,"Dogecoin Up or Down - August 12, 11:00AM-11:05AM ET",2026-08-12T15:05:00Z,2026-08-12T15:00:00Z,0.07040234845000341,Up,"[""1"", ""0""]",0.999,493.601579,,0.4995,0.001,resolved,0xe010e5b190212548a9db14a994d3606035aa9ff7f0a43f0aa06fae5e77a722ed,https://data.chain.link/streams/doge-usd-twap-30s-streams,,
eth-updown-5m-1786546800,ETH,"Ethereum Up or Down - August 12, 11:00AM-11:05AM ET",2026-08-12T15:05:00Z,2026-08-12T15:00:00Z,1885.223733916245,Up,"[""1"", ""0""]",0.99,8780.934410999998,,0.4945,0.001,resolved,0x4f89b24dbc8aaf8055828cf986d923fd9a50aefab3a1ee7f289392862f5ce4ca,https://data.chain.link/streams/eth-usd-twap-30s-streams,,
hype-updown-5m-1786546800,HYPE,"Hyperliquid Up or Down - August 12, 11:00AM-11:05AM ET",2026-08-12T15:05:00Z,2026-08-12T15:00:00Z,55.79750269699525,Up,"[""1"", ""0""]",0.99,,,0.495,0.01,resolved,0x415686968bd4b17a00b9524078458f2014b15f97cd8d94bcf803e56ea141f588,https://data.chain.link/streams/hype-usd-twap-30s-streams,,
sol-updown-5m-1786546800,SOL,"Solana Up or Down - August 12, 11:00AM-11:05AM ET",2026-08-12T15:05:00Z,2026-08-12T15:00:00Z,75.39388229145895,Up,"[""1"", ""0""]",0.99,1295.9770339999998,20,0.4945,0.001,resolved,0xd43e7edc2ad285b351440ea1d65ebf516bc4e668b0df4111b2e1d67284b6ef4c,https://data.chain.link/streams/sol-usd-twap-30s-streams,,
xrp-updown-5m-1786546800,XRP,"XRP Up or Down - August 12, 11:00AM-11:05AM ET",2026-08-12T15:05:00Z,2026-08-12T15:00:00Z,1.0083990726070007,Up,"[""1"", ""0""]",0.99,963.394182,20,0.4945,0.001,resolved,0x0dc821744e62fa8f01623b63b121057e1f0fc42e48dfb214cf63ecf7b092f0d4,https://data.chain.link/streams/xrp-usd-twap-30s-streams,,
zec-updown-5m-1786546800,ZEC,"ZCash Up or Down - August 12, 11:00AM-11:05AM ET",2026-08-12T15:05:00Z,2026-08-12T15:00:00Z,485.94473173735224,Up,"[""1"", ""0""]",0.98,,,0.4995,0.001,resolved,0x042dfb4d423e131724d92635c53f3853833f7a6d2a1ad3c0460ca58618249831,https://data.chain.link/streams/zec-usd-twap-30s-streams,,
bnb-updown-5m-1786547100,BNB,"BNB Up or Down - August 12, 11:05AM-11:10AM ET",2026-08-12T15:10:00Z,2026-08-12T15:05:00Z,609.5452099936832,Down,"[""0"", ""1""]",0.03,,,-0.5,0.01,resolved,0x4da89c7da8af5171c0658e825bd815819605157dba06a0a2bd9a568be97fa6c6,https://data.chain.link/streams/bnb-usd-twap-30s-streams,,
btc-updown-5m-1786547100,BTC,"Bitcoin Up or Down - August 12, 11:05AM-11:10AM ET",2026-08-12T15:10:00Z,2026-08-12T15:05:00Z,63396.95666844029,Down,"[""0"", ""1""]",0.01,100487.10997499996,297,-0.5,0.01,resolved,0x3e224fac657ba505734fe8d63548f9dc96bc5fd27ce5514bddccff4c642fa161,https://data.chain.link/streams/btc-usd-twap-30s-streams,,
doge-updown-5m-1786547100,DOGE,"Dogecoin Up or Down - August 12, 11:05AM-11:10AM ET",2026-08-12T15:10:00Z,2026-08-12T15:05:00Z,0.07061378566733902,Up,"[""1"", ""0""]",0.99,,,0.4995,0.001,resolved,0xbe68fa84e86aef695acf0ab7cf77eed478039854413c7cabce4276b865be57b8,https://data.chain.link/streams/doge-usd-twap-30s-streams,,
eth-updown-5m-1786547100,ETH,"Ethereum Up or Down - August 12, 11:05AM-11:10AM ET",2026-08-12T15:10:00Z,2026-08-12T15:05:00Z,1888.9156691846033,Down,"[""0"", ""1""]",0.03,,,-0.5045,0.001,resolved,0xf5cc26d64ab708fa539984d46ee3260615016dedbed52fd98fa2b9946780e27d,https://data.chain.link/streams/eth-usd-twap-30s-streams,,
hype-updown-5m-1786547100,HYPE,"Hyperliquid Up or Down - August 12, 11:05AM-11:10AM ET",2026-08-12T15:10:00Z,2026-08-12T15:05:00Z,55.86893018749813,Down,"[""0"", ""1""]",0.16,,,-0.4995,0.001,resolved,0x1437ef95fa59d36da7a0c6b5773e38406bd840365ca8289109263a8624889fef,https://data.chain.link/streams/hype-usd-twap-30s-streams,,
sol-updown-5m-1786547100,SOL,"Solana Up or Down - August 12, 11:05AM-11:10AM ET",2026-08-12T15:10:00Z,2026-08-12T15:05:00Z,75.59418800935562,Down,"[""0"", ""1""]",0.01,2160.426338,20,-0.4995,0.001,resolved,0x28ad47e2688adef0db1ab288473ae6be520ee215b37114b0964a1dcb7befbad2,https://data.chain.link/streams/sol-usd-twap-30s-streams,,
xrp-updown-5m-1786547100,XRP,"XRP Up or Down - August 12, 11:05AM-11:10AM ET",2026-08-12T15:10:00Z,2026-08-12T15:05:00Z,1.0097722302407575,Down,"[""0"", ""1""]",0.12,891.6845750000001,20,-0.5045,0.001,resolved,0x87099199415dd3e8474de0d3450083f548e032674a2010ef6046990fba70e6a7,https://data.chain.link/streams/xrp-usd-twap-30s-streams,,
zec-updown-5m-1786547100,ZEC,"ZCash Up or Down - August 12, 11:05AM-11:10AM ET",2026-08-12T15:10:00Z,2026-08-12T15:05:00Z,488.3069813534646,Down,"[""0"", ""1""]",,,,-0.495,0.01,resolved,0x72c6ccaa82a3712320ca2d581fe96600f9b6a459b07cc2fff72a30b3c5c67c81,https://data.chain.link/streams/zec-usd-twap-30s-streams,,
bnb-updown-5m-1786547400,BNB,"BNB Up or Down - August 12, 11:10AM-11:15AM ET",2026-08-12T15:15:00Z,2026-08-12T15:10:00Z,609.48091963995,Up,"[""1"", ""0""]",0.99,354.15168200000005,,0.49,0.01,resolved,0x3176d85e84167bdde75583227fe1f17492f055b0eb856960a4f44b2a16741e27,https://data.chain.link/streams/bnb-usd-twap-30s-streams,,
btc-updown-5m-1786547400,BTC,"Bitcoin Up or Down - August 12, 11:10AM-11:15AM ET",2026-08-12T15:15:00Z,2026-08-12T15:10:00Z,63394.011748813624,Up,"[""1"", ""0""]",0.99,48965.17469099999,59.843136,0.49,0.01,resolved,0x4eba4ad66f08dd0e0d4f0ad745a00633b8eae61d49c7b06b79fa699440fa778b,https://data.chain.link/streams/btc-usd-twap-30s-streams,,
doge-updown-5m-1786547400,DOGE,"Dogecoin Up or Down - August 12, 11:10AM-11:15AM ET",2026-08-12T15:15:00Z,2026-08-12T15:10:00Z,0.07066544055830676,Up,"[""1"", ""0""]",0.96,678.994629,,0.495,0.01,resolved,0x2d2fb50e4ad50a9c0c64343fc1385dc7411dd5c2a4436e3d06a553ea0d0506bd,https://data.chain.link/streams/doge-usd-twap-30s-streams,,
eth-updown-5m-1786547400,ETH,"Ethereum Up or Down - August 12, 11:10AM-11:15AM ET",2026-08-12T15:15:00Z,2026-08-12T15:10:00Z,1888.7382114499574,Up,"[""1"", ""0""]",0.99,2556.6274879999996,,0.4945,0.001,resolved,0x764a4edfd04f05f3928c87a497a3e9eb58146d634ecf50b9456c39423192cdda,https://data.chain.link/streams/eth-usd-twap-30s-streams,,
hype-updown-5m-1786547400,HYPE,"Hyperliquid Up or Down - August 12, 11:10AM-11:15AM ET",2026-08-12T15:15:00Z,2026-08-12T15:10:00Z,55.82464610817322,Up,"[""1"", ""0""]",0.98,53.031916,,0.495,0.01,resolved,0x78073af501d7cbc3e4e357f05c5a04e024da8300c964de2fe79d90ced1523f2f,https://data.chain.link/streams/hype-usd-twap-30s-streams,,
sol-updown-5m-1786547400,SOL,"Solana Up or Down - August 12, 11:10AM-11:15AM ET",2026-08-12T15:15:00Z,2026-08-12T15:10:00Z,75.58339165285302,Up,"[""1"", ""0""]",0.99,925.8065620000001,20,0.4945,0.001,resolved,0x7f0a75696822adab7b5ac4314074425a72cdde6ea996d228523df9d31f5c0501,https://data.chain.link/streams/sol-usd-twap-30s-streams,,
xrp-updown-5m-1786547400,XRP,"XRP Up or Down - August 12, 11:10AM-11:15AM ET",2026-08-12T15:15:00Z,2026-08-12T15:10:00Z,1.0093080622487038,Up,"[""1"", ""0""]",0.99,773.5701989999999,20,0.49,0.01,resolved,0xaf33366d41d70e75f4265590b086b67c7dde0a7aa8050d15d99401a2e3b90d98,https://data.chain.link/streams/xrp-usd-twap-30s-streams,,
zec-updown-5m-1786547400,ZEC,"ZCash Up or Down - August 12, 11:10AM-11:15AM ET",2026-08-12T15:15:00Z,2026-08-12T15:10:00Z,487.2192094332306,Down,"[""0"", ""1""]",,25,,-0.4995,0.001,resolved,0xcba9fdee11366ff743938607276cf8e89ac83753a8ffecb016ae80e0b5e395b3,https://data.chain.link/streams/zec-usd-twap-30s-streams,,
bnb-updown-5m-1786547700,BNB,"BNB Up or Down - August 12, 11:15AM-11:20AM ET",2026-08-12T15:20:00Z,2026-08-12T15:15:00Z,610.0360370077316,Up,"[""1"", ""0""]",0.99,,,0.49,0.01,resolved,0x0652680da4288067a63563c7bc543c04ee065b7c88bbb59a8b37b469e499dc4c,https://data.chain.link/streams/bnb-usd-twap-30s-streams,,
btc-updown-5m-1786547700,BTC,"Bitcoin Up or Down - August 12, 11:15AM-11:20AM ET",2026-08-12T15:20:00Z,2026-08-12T15:15:00Z,63432.310135710286,Up,"[""1"", ""0""]",0.999,78408.70239099993,32,0.4945,0.001,resolved,0x8ac9c86ae3f3fcf6ceeb9cce43ea5631a9449f1939d4c640f27db4fb270c5552,https://data.chain.link/streams/btc-usd-twap-30s-streams,,
doge-updown-5m-1786547700,DOGE,"Dogecoin Up or Down - August 12, 11:15AM-11:20AM ET",2026-08-12T15:20:00Z,2026-08-12T15:15:00Z,0.07071957794270171,Up,"[""1"", ""0""]",0.99,,,0.4995,0.001,resolved,0x4b85995992658b827686b271bf3b69ef4e384df6b8b3890a981c21bf83d18df8,https://data.chain.link/streams/doge-usd-twap-30s-streams,,
eth-updown-5m-1786547700,ETH,"Ethereum Up or Down - August 12, 11:15AM-11:20AM ET",2026-08-12T15:20:00Z,2026-08-12T15:15:00Z,1890.7103605813008,Up,"[""1"", ""0""]",0.99,2254.879930000002,,0.4945,0.001,resolved,0x6e6efc34d39c9d10cd2f2016ae819c57642d4b6431993a0c1f12ff596f32f546,https://data.chain.link/streams/eth-usd-twap-30s-streams,,
hype-updown-5m-1786547700,HYPE,"Hyperliquid Up or Down - August 12, 11:15AM-11:20AM ET",2026-08-12T15:20:00Z,2026-08-12T15:15:00Z,55.868747611270784,Up,"[""1"", ""0""]",0.99,,,0.4995,0.001,resolved,0xbbbd888d3e13aa36ff2611b2d349a2af3bae132f87407d8749603102c5994220,https://data.chain.link/streams/hype-usd-twap-30s-streams,,
sol-updown-5m-1786547700,SOL,"Solana Up or Down - August 12, 11:15AM-11:20AM ET",2026-08-12T15:20:00Z,2026-08-12T15:15:00Z,75.65884979315338,Up,"[""1"", ""0""]",0.99,974.4773909999998,,0.4945,0.001,resolved,0x92e45020b413505583059948099ec7210e4e625ead2bb46722b68903f1ecfbbd,https://data.chain.link/streams/sol-usd-twap-30s-streams,,
xrp-updown-5m-1786547700,XRP,"XRP Up or Down - August 12, 11:15AM-11:20AM ET",2026-08-12T15:20:00Z,2026-08-12T15:15:00Z,1.010138828395107,Up,"[""1"", ""0""]",0.99,426.77924099999996,,0.4945,0.001,resolved,0xb0542db1d4459a0bb45ca73d7ec9f1e3b4c3c9a76c3035477821248c774e2785,https://data.chain.link/streams/xrp-usd-twap-30s-streams,,
zec-updown-5m-1786547700,ZEC,"ZCash Up or Down - August 12, 11:15AM-11:20AM ET",2026-08-12T15:20:00Z,2026-08-12T15:15:00Z,485.23242402747576,Up,"[""1"", ""0""]",0.98,,,0.495,0.01,resolved,0x86aeb60a46d81de50d0dc0aa9c03b343b63ce659b8d13c116e70c477bc2d6adf,https://data.chain.link/streams/zec-usd-twap-30s-streams,,
bnb-updown-5m-1786548000,BNB,"BNB Up or Down - August 12, 11:20AM-11:25AM ET",2026-08-12T15:25:00Z,2026-08-12T15:20:00Z,610.541051533772,Down,"[""0"", ""1""]",0.09,,,-0.5,0.01,resolved,0xc1e7a0762a222b6be33fcdc05e4d83eec9d203d11b837b787136b496f8829d71,https://data.chain.link/streams/bnb-usd-twap-30s-streams,,
btc-updown-5m-1786548000,BTC,"Bitcoin Up or Down - August 12, 11:20AM-11:25AM ET",2026-08-12T15:25:00Z,2026-08-12T15:20:00Z,63459.40520504283,Down,"[""0"", ""1""]",0.01,45160.19096099999,14.882351,-0.5,0.01,resolved,0x7e00001c6ce19e6a8c328d73e802227a9340d80833bd3a35f06771f0d1003a85,https://data.chain.link/streams/btc-usd-twap-30s-streams,,
doge-updown-5m-1786548000,DOGE,"Dogecoin Up or Down - August 12, 11:20AM-11:25AM ET",2026-08-12T15:25:00Z,2026-08-12T15:20:00Z,0.07085414060166566,Down,"[""0"", ""1""]",0.16,,,-0.495,0.01,resolved,0x7427f29a05481463e86d84033577f218203b1a054b34a6995e9b910eeb51d226,https://data.chain.link/streams/doge-usd-twap-30s-streams,,
eth-updown-5m-1786548000,ETH,"Ethereum Up or Down - August 12, 11:20AM-11:25AM ET",2026-08-12T15:25:00Z,2026-08-12T15:20:00Z,1893.2625980015084,Down,"[""0"", ""1""]",0.01,,,-0.495,0.01,resolved,0xc03ca9d417181d3431b3984469b3c2420d6e3a38f16b564b26ccc88fe7ff078f,https://data.chain.link/streams/eth-usd-twap-30s-streams,,
hype-updown-5m-1786548000,HYPE,"Hyperliquid Up or Down - August 12, 11:20AM-11:25AM ET",2026-08-12T15:25:00Z,2026-08-12T15:20:00Z,56.0350459268057,Down,"[""0"", ""1""]",0.49,,,-0.495,0.01,resolved,0x6cf084d530226622fc1782a4c74f74afed732e08f718db26cde3fec9969055af,https://data.chain.link/streams/hype-usd-twap-30s-streams,,
sol-updown-5m-1786548000,SOL,"Solana Up or Down - August 12, 11:20AM-11:25AM ET",2026-08-12T15:25:00Z,2026-08-12T15:20:00Z,75.77587488157434,Down,"[""0"", ""1""]",0.06,429.566503,,-0.5,0.01,resolved,0x8159f68d55369b22bde481f0fa006c610548402f7d3dbd14e6a9f525aa669986,https://data.chain.link/streams/sol-usd-twap-30s-streams,,
xrp-updown-5m-1786548000,XRP,"XRP Up or Down - August 12, 11:20AM-11:25AM ET",2026-08-12T15:25:00Z,2026-08-12T15:20:00Z,1.0113350924304616,Down,"[""0"", ""1""]",0.03,,,-0.5,0.01,resolved,0x4b6e4215cc3d7217359afc31f61e23078c7390bd72525fa388d9d6cda60d4edd,https://data.chain.link/streams/xrp-usd-twap-30s-streams,,
zec-updown-5m-1786548000,ZEC,"ZCash Up or Down - August 12, 11:20AM-11:25AM ET",2026-08-12T15:25:00Z,2026-08-12T15:20:00Z,485.8810353110912,Down,"[""0"", ""1""]",,,,-0.495,0.01,resolved,0x74fd9c65e24f8a77bb2ab0f49ca3c03775ec1163c873dded069ce271afce10cb,https://data.chain.link/streams/zec-usd-twap-30s-streams,,
bnb-updown-5m-1786548300,BNB,"BNB Up or Down - August 12, 11:25AM-11:30AM ET",2026-08-12T15:30:00Z,2026-08-12T15:25:00Z,609.9387845357302,Down,"[""0"", ""1""]",0.02,83.23682000000001,,-0.5045,0.001,resolved,0xebfb724ead833c7a7d1037c131934a953d4f9b2435418fc1cfb458647520104d,https://data.chain.link/streams/bnb-usd-twap-30s-streams,,
btc-updown-5m-1786548300,BTC,"Bitcoin Up or Down - August 12, 11:25AM-11:30AM ET",2026-08-12T15:30:00Z,2026-08-12T15:25:00Z,63409.40996465241,Up,"[""1"", ""0""]",0.99,41214.01593800002,6.882351,0.49,0.01,resolved,0x7c3407b45af48a18f80d61706dadfe917913162b81e731c7d9bc90b6961e74ee,https://data.chain.link/streams/btc-usd-twap-30s-streams,,
doge-updown-5m-1786548300,DOGE,"Dogecoin Up or Down - August 12, 11:25AM-11:30AM ET",2026-08-12T15:30:00Z,2026-08-12T15:25:00Z,0.07082857704179141,Down,"[""0"", ""1""]",0.26,196.433378,,-0.4995,0.001,resolved,0x13566a0b5895e24032c90ddd2ba0df5613f6578ffeb8b942f7a41158023a2ef0,https://data.chain.link/streams/doge-usd-twap-30s-streams,,
eth-updown-5m-1786548300,ETH,"Ethereum Up or Down - August 12, 11:25AM-11:30AM ET",2026-08-12T15:30:00Z,2026-08-12T15:25:00Z,1891.4065067332176,Up,"[""1"", ""0""]",0.99,2585.276723999999,,0.49,0.01,resolved,0x03be0e6b31dfcbdacb25b786fd441aada71f0d1c51dfe75c6ee3b9c7fa4ad469,https://data.chain.link/streams/eth-usd-twap-30s-streams,,
hype-updown-5m-1786548300,HYPE,"Hyperliquid Up or Down - August 12, 11:25AM-11:30AM ET",2026-08-12T15:30:00Z,2026-08-12T15:25:00Z,55.89913010290353,Down,"[""0"", ""1""]",,27,,-0.495,0.01,resolved,0x5fd336e3c1512a5e8f1d31a8387774b2f32ce7e8990adf31a19ede552698cc74,https://data.chain.link/streams/hype-usd-twap-30s-streams,,
sol-updown-5m-1786548300,SOL,"Solana Up or Down - August 12, 11:25AM-11:30AM ET",2026-08-12T15:30:00Z,2026-08-12T15:25:00Z,75.69059612323295,Down,"[""0"", ""1""]",0.08,538.568211,,-0.5045,0.001,resolved,0xcdd0033e91f4fe30c2b0e1cbb4d14705748771d87a534531227bc13a3dceda49,https://data.chain.link/streams/sol-usd-twap-30s-streams,,
xrp-updown-5m-1786548300,XRP,"XRP Up or Down - August 12, 11:25AM-11:30AM ET",2026-08-12T15:30:00Z,2026-08-12T15:25:00Z,1.0108386419087787,Up,"[""1"", ""0""]",0.99,541.470688,,0.49,0.01,resolved,0x0f5f4b54ad1c2f93734674eefc263892e26b7402bdc16695158c2a2322fea563,https://data.chain.link/streams/xrp-usd-twap-30s-streams,,
zec-updown-5m-1786548300,ZEC,"ZCash Up or Down - August 12, 11:25AM-11:30AM ET",2026-08-12T15:30:00Z,2026-08-12T15:25:00Z,484.989254543748,Down,"[""0"", ""1""]",,,,-0.495,0.01,resolved,0x71082d7a118a50ef9af43c33fb4609ec573859d92112ae74c0c28c764d0631a4,https://data.chain.link/streams/zec-usd-twap-30s-streams,,
bnb-updown-5m-1786548600,BNB,"BNB Up or Down - August 12, 11:30AM-11:35AM ET",2026-08-12T15:35:00Z,2026-08-12T15:30:00Z,609.7632972086976,Down,"[""0"", ""1""]",,,,-0.5,0.01,resolved,0x28ec9182c2e8eeb1a5a07e7b603c01d4f7426e4e32492816451b63f217e2c018,https://data.chain.link/streams/bnb-usd-twap-30s-streams,,
btc-updown-5m-1786548600,BTC,"Bitcoin Up or Down - August 12, 11:30AM-11:35AM ET",2026-08-12T15:35:00Z,2026-08-12T15:30:00Z,63414.16445378752,Down,"[""0"", ""1""]",0.01,33885.183597,6.882351,-0.5,0.01,resolved,0xd87760183e965520396774c008f63380c8ecad2513980241722238b9adc0f7ad,https://data.chain.link/streams/btc-usd-twap-30s-streams,,
doge-updown-5m-1786548600,DOGE,"Dogecoin Up or Down - August 12, 11:30AM-11:35AM ET",2026-08-12T15:35:00Z,2026-08-12T15:30:00Z,0.070787577078872,Down,"[""0"", ""1""]",0.01,,,-0.495,0.01,resolved,0xd4faa8ca62e047138b2c1570d49cfc2573cd60e2bdfbd4d5cfe5af3182c32b00,https://data.chain.link/streams/doge-usd-twap-30s-streams,,
eth-updown-5m-1786548600,ETH,"Ethereum Up or Down - August 12, 11:30AM-11:35AM ET",2026-08-12T15:35:00Z,2026-08-12T15:30:00Z,1891.7403681793014,Down,"[""0"", ""1""]",0.02,2395.6777990000005,,-0.5,0.01,resolved,0x199e3cc77b7463752a48db50da702fed775cfc1d2eef6922721cbe81d32625e3,https://data.chain.link/streams/eth-usd-twap-30s-streams,,
hype-updown-5m-1786548600,HYPE,"Hyperliquid Up or Down - August 12, 11:30AM-11:35AM ET",2026-08-12T15:35:00Z,2026-08-12T15:30:00Z,55.88895174444513,Up,"[""1"", ""0""]",0.99,,,0.495,0.01,resolved,0xa038523cea18921a089fc4e98f2efe63f5c414ad83a8dc560fdf5343f7b4a942,https://data.chain.link/streams/hype-usd-twap-30s-streams,,
sol-updown-5m-1786548600,SOL,"Solana Up or Down - August 12, 11:30AM-11:35AM ET",2026-08-12T15:35:00Z,2026-08-12T15:30:00Z,75.65219572347839,Down,"[""0"", ""1""]",0.05,,,-0.495,0.01,resolved,0xe615c51e9682d4666198d4469b34f704d6f5a1297eba75327e1ce41b4be0e163,https://data.chain.link/streams/sol-usd-twap-30s-streams,,
xrp-updown-5m-1786548600,XRP,"XRP Up or Down - August 12, 11:30AM-11:35AM ET",2026-08-12T15:35:00Z,2026-08-12T15:30:00Z,1.010940215255849,Down,"[""0"", ""1""]",0.51,231.16002,,-0.5,0.01,resolved,0xce4c4af80b723c0479cdd313f49667ee5c811dfabecc2c608555182af82d7316,https://data.chain.link/streams/xrp-usd-twap-30s-streams,,
zec-updown-5m-1786548600,ZEC,"ZCash Up or Down - August 12, 11:30AM-11:35AM ET",2026-08-12T15:35:00Z,2026-08-12T15:30:00Z,484.8176810454041,Down,"[""0"", ""1""]",,,,-0.495,0.01,resolved,0x5ef32f09be78094db79cce09f2b9d82a7c146c9f4ffaaa7e3e7db008f20a71a3,https://data.chain.link/streams/zec-usd-twap-30s-streams,,
bnb-updown-5m-1786548900,BNB,"BNB Up or Down - August 12, 11:35AM-11:40AM ET",2026-08-12T15:40:00Z,2026-08-12T15:35:00Z,609.3260824283441,Up,"[""1"", ""0""]",0.99,,,0.4945,0.001,resolved,0x175e3f4a2038ca622830fd90f918af0e9d8b457730262f959e470f3199c59c9c,https://data.chain.link/streams/bnb-usd-twap-30s-streams,,
btc-updown-5m-1786548900,BTC,"Bitcoin Up or Down - August 12, 11:35AM-11:40AM ET",2026-08-12T15:40:00Z,2026-08-12T15:35:00Z,63365.48797520465,Up,"[""1"", ""0""]",0.99,20592.986569999997,6.882351,0.4945,0.001,resolved,0x27aa335c412db8b7a4eea3046f3487273a37effa1309dcc3d5c1bf382caeebe0,https://data.chain.link/streams/btc-usd-twap-30s-streams,,
doge-updown-5m-1786548900,DOGE,"Dogecoin Up or Down - August 12, 11:35AM-11:40AM ET",2026-08-12T15:40:00Z,2026-08-12T15:35:00Z,0.07075648745878917,Up,"[""1"", ""0""]",0.99,,,0.4995,0.001,resolved,0x5ce711913600e0fd6a013fe751bc60f5bb9ea9f56790d74e7acb018f797eaec2,https://data.chain.link/streams/doge-usd-twap-30s-streams,,
eth-updown-5m-1786548900,ETH,"Ethereum Up or Down - August 12, 11:35AM-11:40AM ET",2026-08-12T15:40:00Z,2026-08-12T15:35:00Z,1890.7127772807967,Up,"[""1"", ""0""]",0.99,2729.4790270000003,,0.4945,0.001,resolved,0x69b54cf460b898474cc522e28146daaeb6f800a6969f01536cebdaaeee4d165d,https://data.chain.link/streams/eth-usd-twap-30s-streams,,
hype-updown-5m-1786548900,HYPE,"Hyperliquid Up or Down - August 12, 11:35AM-11:40AM ET",2026-08-12T15:40:00Z,2026-08-12T15:35:00Z,55.96410091055692,Up,"[""1"", ""0""]",0.99,,,0.4995,0.001,resolved,0xdf6323f82e8343e032f5e66d7b252360d92d4e836e4b07168a9650cdd6a5bbce,https://data.chain.link/streams/hype-usd-twap-30s-streams,,
sol-updown-5m-1786548900,SOL,"Solana Up or Down - August 12, 11:35AM-11:40AM ET",2026-08-12T15:40:00Z,2026-08-12T15:35:00Z,75.59760443733606,Up,"[""1"", ""0""]",0.99,,,0.4945,0.001,resolved,0x22a2e92a806ca0e6b5d9791c44b2d5371f3b18452086cef98e43e7fc4ee17ce2,https://data.chain.link/streams/sol-usd-twap-30s-streams,,
xrp-updown-5m-1786548900,XRP,"XRP Up or Down - August 12, 11:35AM-11:40AM ET",2026-08-12T15:40:00Z,2026-08-12T15:35:00Z,1.0098623308048997,Up,"[""1"", ""0""]",0.99,,,0.4945,0.001,resolved,0x87aa29576183cd9461d483f4a1d01b5827fb1356533efbe10ec936651163e777,https://data.chain.link/streams/xrp-usd-twap-30s-streams,,
zec-updown-5m-1786548900,ZEC,"ZCash Up or Down - August 12, 11:35AM-11:40AM ET",2026-08-12T15:40:00Z,2026-08-12T15:35:00Z,483.8939367037441,Up,"[""1"", ""0""]",0.98,,,0.495,0.01,resolved,0xf52cc0960d875ee83dc9a26240d67450abbbc0bd873d70a1ae23c82d756c85d9,https://data.chain.link/streams/zec-usd-twap-30s-streams,,
bnb-updown-5m-1786549200,BNB,"BNB Up or Down - August 12, 11:40AM-11:45AM ET",2026-08-12T15:45:00Z,2026-08-12T15:40:00Z,610.1376508503691,Up,"[""1"", ""0""]",0.99,216.816474,,0.49,0.01,resolved,0xf054e16a71a02ed2cce91fb120aeb8d9e6a4a05f81151bfc93add036d32e2448,https://data.chain.link/streams/bnb-usd-twap-30s-streams,,
btc-updown-5m-1786549200,BTC,"Bitcoin Up or Down - August 12, 11:40AM-11:45AM ET",2026-08-12T15:45:00Z,2026-08-12T15:40:00Z,63436.33634221466,Up,"[""1"", ""0""]",0.999,49805.95726999997,7,0.4945,0.001,resolved,0x5977205a027dea681320fc365fd9529b8ad9a77e1a2159c3c0d8fba1e7eecda6,https://data.chain.link/streams/btc-usd-twap-30s-streams,,
doge-updown-5m-1786549200,DOGE,"Dogecoin Up or Down - August 12, 11:40AM-11:45AM ET",2026-08-12T15:45:00Z,2026-08-12T15:40:00Z,0.07080428698230704,Up,"[""1"", ""0""]",0.99,493.18260900000007,,0.495,0.01,resolved,0x25c09632399cf656a8f4e63611c1c6745f10ad68a45aa2abeffc98b2efc9b9a5,https://data.chain.link/streams/doge-usd-twap-30s-streams,,
eth-updown-5m-1786549200,ETH,"Ethereum Up or Down - August 12, 11:40AM-11:45AM ET",2026-08-12T15:45:00Z,2026-08-12T15:40:00Z,1892.06509304982,Up,"[""1"", ""0""]",0.99,4345.8533449999995,,0.4945,0.001,resolved,0x884414feccbabe126df0f32e4b479121aad613819a01e41e89e237201ee64f86,https://data.chain.link/streams/eth-usd-twap-30s-streams,,
hype-updown-5m-1786549200,HYPE,"Hyperliquid Up or Down - August 12, 11:40AM-11:45AM ET",2026-08-12T15:45:00Z,2026-08-12T15:40:00Z,56.23535799628789,Up,"[""1"", ""0""]",0.99,55.755433000000004,,0.5,0.01,resolved,0xf6e2aa27868789d66487e5f99bf17a694e9734d504232e6af6c89cd28339b7ea,https://data.chain.link/streams/hype-usd-twap-30s-streams,,
sol-updown-5m-1786549200,SOL,"Solana Up or Down - August 12, 11:40AM-11:45AM ET",2026-08-12T15:45:00Z,2026-08-12T15:40:00Z,75.6943432797525,Up,"[""1"", ""0""]",0.99,1804.994964,,0.49,0.01,resolved,0x050c8a4bd7982fa1d8ed3df2fdf597a97662e87cff3c938586c2eae746001f8b,https://data.chain.link/streams/sol-usd-twap-30s-streams,,
xrp-updown-5m-1786549200,XRP,"XRP Up or Down - August 12, 11:40AM-11:45AM ET",2026-08-12T15:45:00Z,2026-08-12T15:40:00Z,1.0109840287010519,Up,"[""1"", ""0""]",0.99,989.927066,,0.49,0.01,resolved,0x0c58b241a165354bcf6a2f2d0dc8ce69d87e46c8f1f33d90bf14589781a7fc30,https://data.chain.link/streams/xrp-usd-twap-30s-streams,,
zec-updown-5m-1786549200,ZEC,"ZCash Up or Down - August 12, 11:40AM-11:45AM ET",2026-08-12T15:45:00Z,2026-08-12T15:40:00Z,484.7681815479423,Down,"[""0"", ""1""]",,,,-0.495,0.01,resolved,0x8343275f77918e3ce090b093130a314e5789596624c9f8f77c38ed26eb0fef22,https://data.chain.link/streams/zec-usd-twap-30s-streams,,
bnb-updown-5m-1786549500,BNB,"BNB Up or Down - August 12, 11:45AM-11:50AM ET",2026-08-12T15:50:00Z,2026-08-12T15:45:00Z,610.1816986855495,Up,"[""1"", ""0""]",0.99,517.101183,,0.455,0.06,resolved,0xedeef1e7cd168fa0d0e3534ad5499ce6dba248317e8a9e4047fa584d9b7a405f,https://data.chain.link/streams/bnb-usd-twap-30s-streams,,
btc-updown-5m-1786549500,BTC,"Bitcoin Up or Down - August 12, 11:45AM-11:50AM ET",2026-08-12T15:50:00Z,2026-08-12T15:45:00Z,63469.403785794784,Down,"[""0"", ""1""]",0.01,59363.24737799996,,-0.5,0.01,resolved,0x06c82d81c9e1ba7d742603b52834f90aefbf239bcf249cf4510e6c6c3c6a66a0,https://data.chain.link/streams/btc-usd-twap-30s-streams,,
doge-updown-5m-1786549500,DOGE,"Dogecoin Up or Down - August 12, 11:45AM-11:50AM ET",2026-08-12T15:50:00Z,2026-08-12T15:45:00Z,0.07080983051412024,Down,"[""0"", ""1""]",0.07,869.2003530000001,,-0.495,0.01,resolved,0x8a91895571b76f540437ecf4aed5ded5b3424f91167c993679c57e03833b6e91,https://data.chain.link/streams/doge-usd-twap-30s-streams,,
eth-updown-5m-1786549500,ETH,"Ethereum Up or Down - August 12, 11:45AM-11:50AM ET",2026-08-12T15:50:00Z,2026-08-12T15:45:00Z,1892.6228568560646,Down,"[""0"", ""1""]",0.02,3577.547742,,-0.5,0.01,resolved,0x14d1d53d486688b46f24ebcb2e06b321533b4f00c9a97a13a80cf489c16d2877,https://data.chain.link/streams/eth-usd-twap-30s-streams,,
hype-updown-5m-1786549500,HYPE,"Hyperliquid Up or Down - August 12, 11:45AM-11:50AM ET",2026-08-12T15:50:00Z,2026-08-12T15:45:00Z,56.32059738754429,Up,"[""1"", ""0""]",0.99,,,0.495,0.01,resolved,0xf820d7a42b3b2e7184a2c6d8ea2d08fabb470ff6a3f4af634997406f65839342,https://data.chain.link/streams/hype-usd-twap-30s-streams,,
sol-updown-5m-1786549500,SOL,"Solana Up or Down - August 12, 11:45AM-11:50AM ET",2026-08-12T15:50:00Z,2026-08-12T15:45:00Z,75.72231196643158,Down,"[""0"", ""1""]",0.01,1875.9983130000007,,-0.5,0.01,resolved,0xb4fe3f7234264f949310a986e666f088aaa18f77db14d17b7f56fe4b8441704d,https://data.chain.link/streams/sol-usd-twap-30s-streams,,
xrp-updown-5m-1786549500,XRP,"XRP Up or Down - August 12, 11:45AM-11:50AM ET",2026-08-12T15:50:00Z,2026-08-12T15:45:00Z,1.0109940439107556,Up,"[""1"", ""0""]",0.99,1191.1900649999998,,0.47,0.03,resolved,0x79e628ae622d68df5f5511259ed01c573c4c00cc70cbf936c986dffa94a498c0,https://data.chain.link/streams/xrp-usd-twap-30s-streams,,
zec-updown-5m-1786549500,ZEC,"ZCash Up or Down - August 12, 11:45AM-11:50AM ET",2026-08-12T15:50:00Z,2026-08-12T15:45:00Z,484.3290435235412,Up,"[""1"", ""0""]",,,,,0.96,resolved,0x22b9b740cb5e7b2acafef3b7d593f222ecfd7a5115c105bf18f2b7b50af2e314,https://data.chain.link/streams/zec-usd-twap-30s-streams,,
bnb-updown-5m-1786549800,BNB,"BNB Up or Down - August 12, 11:50AM-11:55AM ET",2026-08-12T15:55:00Z,2026-08-12T15:50:00Z,610.2496282221541,Up,"[""1"", ""0""]",0.99,,,0.49,0.01,resolved,0xc4641de1abe3b49ccea9bdc836ddb0cd5a87fd5b66907e34c900699c61ca8446,https://data.chain.link/streams/bnb-usd-twap-30s-streams,,
btc-updown-5m-1786549800,BTC,"Bitcoin Up or Down - August 12, 11:50AM-11:55AM ET",2026-08-12T15:55:00Z,2026-08-12T15:50:00Z,63426.41062622048,Up,"[""1"", ""0""]",0.99,62534.39664800001,,0.49,0.01,resolved,0xf38f1eb50dbacac4b6c9ef442b7341673758354229eef663c9fd982479bda05c,https://data.chain.link/streams/btc-usd-twap-30s-streams,,
doge-updown-5m-1786549800,DOGE,"Dogecoin Up or Down - August 12, 11:50AM-11:55AM ET",2026-08-12T15:55:00Z,2026-08-12T15:50:00Z,0.07079329675908194,Down,"[""0"", ""1""]",0.04,435.751172,,-0.4995,0.001,resolved,0x78feab2b4ee4dc86eebfb4147bec0925ac0546c40c0b417736fcf51e830cdc09,https://data.chain.link/streams/doge-usd-twap-30s-streams,,
eth-updown-5m-1786549800,ETH,"Ethereum Up or Down - August 12, 11:50AM-11:55AM ET",2026-08-12T15:55:00Z,2026-08-12T15:50:00Z,1891.2556282102296,Up,"[""1"", ""0""]",0.99,6765.066764000001,,0.49,0.01,resolved,0xb6ecfad3c2aa8fc7fa0d05aa39081106d72781e8c1a8a5d2aadd428e3e5ec781,https://data.chain.link/streams/eth-usd-twap-30s-streams,,
hype-updown-5m-1786549800,HYPE,"Hyperliquid Up or Down - August 12, 11:50AM-11:55AM ET",2026-08-12T15:55:00Z,2026-08-12T15:50:00Z,56.34289701699565,Down,"[""0"", ""1""]",0.02,,,-0.495,0.01,resolved,0xcaf2830fb1a139cfee252f649e0b034755d60608ca5c3a010b828dc5a589c5d0,https://data.chain.link/streams/hype-usd-twap-30s-streams,,
sol-updown-5m-1786549800,SOL,"Solana Up or Down - August 12, 11:50AM-11:55AM ET",2026-08-12T15:55:00Z,2026-08-12T15:50:00Z,75.68020122646676,Down,"[""0"", ""1""]",0.06,,,-0.5,0.01,resolved,0xc661f61f75ceb27f97ee589f3270927da3f77d239430d472e29282085dc4b65f,https://data.chain.link/streams/sol-usd-twap-30s-streams,,
xrp-updown-5m-1786549800,XRP,"XRP Up or Down - August 12, 11:50AM-11:55AM ET",2026-08-12T15:55:00Z,2026-08-12T15:50:00Z,1.01111204799807,Up,"[""1"", ""0""]",0.99,,,0.49,0.01,resolved,0xbd338abcf8ed3a10cb74c8354290c506a7adb35a0036862a36097e5ea8af8a73,https://data.chain.link/streams/xrp-usd-twap-30s-streams,,
zec-updown-5m-1786549800,ZEC,"ZCash Up or Down - August 12, 11:50AM-11:55AM ET",2026-08-12T15:55:00Z,2026-08-12T15:50:00Z,484.85131232030716,Up,"[""1"", ""0""]",0.99,,,0.495,0.01,resolved,0x11c322bc8f9d455bf574dc1208bb7cbd3dfd88d663ee92f6aa93fa020b1c0ef1,https://data.chain.link/streams/zec-usd-twap-30s-streams,,
bnb-updown-5m-1786550100,BNB,"BNB Up or Down - August 12, 11:55AM-12:00PM ET",2026-08-12T16:00:00Z,2026-08-12T15:55:00Z,610.5880093099254,Down,"[""0"", ""1""]",0.14,171.998329,,-0.4995,0.001,resolved,0xfa1f0c510cb3dd013684ad1d0087d01d15a832af521fc779d9101df52e6a98a3,https://data.chain.link/streams/bnb-usd-twap-30s-streams,,
btc-updown-5m-1786550100,BTC,"Bitcoin Up or Down - August 12, 11:55AM-12:00PM ET",2026-08-12T16:00:00Z,2026-08-12T15:55:00Z,63437.3180657812,Down,"[""0"", ""1""]",0.01,42153.181874999966,108.490192,-0.5045,0.001,resolved,0x8b75f9584eb797b1f94a90e96f31c89e59372fa0a2eecbf95f9d3f6d1b53e4a1,https://data.chain.link/streams/btc-usd-twap-30s-streams,,
doge-updown-5m-1786550100,DOGE,"Dogecoin Up or Down - August 12, 11:55AM-12:00PM ET",2026-08-12T16:00:00Z,2026-08-12T15:55:00Z,0.07074849932463143,Up,"[""1"", ""0""]",0.99,969.8660329999999,,0.495,0.01,resolved,0x31ec99093731d881ec6126f1e7d3ac56a67429117105f16ad821a5d9123e81c9,https://data.chain.link/streams/doge-usd-twap-30s-streams,,
eth-updown-5m-1786550100,ETH,"Ethereum Up or Down - August 12, 11:55AM-12:00PM ET",2026-08-12T16:00:00Z,2026-08-12T15:55:00Z,1891.2619550656182,Down,"[""0"", ""1""]",0.02,5149.850780000001,,-0.5045,0.001,resolved,0xba68ca757855e27f6aa86cc81d38da3de7b7ad5d164f520ec5c01dd91233d3c9,https://data.chain.link/streams/eth-usd-twap-30s-streams,,
hype-updown-5m-1786550100,HYPE,"Hyperliquid Up or Down - August 12, 11:55AM-12:00PM ET",2026-08-12T16:00:00Z,2026-08-12T15:55:00Z,56.31051368820495,Up,"[""1"", ""0""]",0.999,106.33111400000001,,0.4995,0.001,resolved,0x54d3c4be5b92e77427a7ace4480ed94946455c8c2f876d93a2bb0a05e63ecb0e,https://data.chain.link/streams/hype-usd-twap-30s-streams,,
sol-updown-5m-1786550100,SOL,"Solana Up or Down - August 12, 11:55AM-12:00PM ET",2026-08-12T16:00:00Z,2026-08-12T15:55:00Z,75.65578785194795,Up,"[""1"", ""0""]",0.99,1688.911393,,0.4945,0.001,resolved,0x24efa7ed43b7aeaef98d820d54c3ae9b76ad239baf67e9cd9c84c49fc53887b2,https://data.chain.link/streams/sol-usd-twap-30s-streams,,
xrp-updown-5m-1786550100,XRP,"XRP Up or Down - August 12, 11:55AM-12:00PM ET",2026-08-12T16:00:00Z,2026-08-12T15:55:00Z,1.011316392694978,Up,"[""1"", ""0""]",0.99,913.7232369999999,,0.4945,0.001,resolved,0x06bac395aea38d3b6769279d7a8968797c6f04ab0b1058097fbbac914018d721,https://data.chain.link/streams/xrp-usd-twap-30s-streams,,
zec-updown-5m-1786550100,ZEC,"ZCash Up or Down - August 12, 11:55AM-12:00PM ET",2026-08-12T16:00:00Z,2026-08-12T15:55:00Z,485.75568984379856,Down,"[""0"", ""1""]",,,,-0.495,0.01,resolved,0x7897ad75200b94c8df3a3cf7141429da45d329a2835fde911a6096646008d364,https://data.chain.link/streams/zec-usd-twap-30s-streams,,
bnb-updown-5m-1786550400,BNB,"BNB Up or Down - August 12, 12:00PM-12:05PM ET",2026-08-12T16:05:00Z,2026-08-12T16:00:00Z,610.2302580487955,Up,"[""1"", ""0""]",0.99,,,0.49,0.01,resolved,0xfaad7303a0c13124aaba593b1cb4be251b992f6182308228431de322c64d07f9,https://data.chain.link/streams/bnb-usd-twap-30s-streams,,
btc-updown-5m-1786550400,BTC,"Bitcoin Up or Down - August 12, 12:00PM-12:05PM ET",2026-08-12T16:05:00Z,2026-08-12T16:00:00Z,63367.09719360144,Up,"[""1"", ""0""]",0.99,77519.40828799989,16,0.49,0.01,resolved,0x57edc7eb6c24931c65fda2f3980ed80b9cb816e0033b968f44d43304dc8132c6,https://data.chain.link/streams/btc-usd-twap-30s-streams,,
doge-updown-5m-1786550400,DOGE,"Dogecoin Up or Down - August 12, 12:00PM-12:05PM ET",2026-08-12T16:05:00Z,2026-08-12T16:00:00Z,0.07075163300907021,Down,"[""0"", ""1""]",0.001,1392.0472590000002,,-0.495,0.01,resolved,0xfcf2436b25fdc9bb3ade32f164fd731fd5543bacf3ebd12fa614643c5d068409,https://data.chain.link/streams/doge-usd-twap-30s-streams,,
eth-updown-5m-1786550400,ETH,"Ethereum Up or Down - August 12, 12:00PM-12:05PM ET",2026-08-12T16:05:00Z,2026-08-12T16:00:00Z,1890.6494857685957,Down,"[""0"", ""1""]",0.001,4628.042891000001,,-0.5045,0.001,resolved,0xb18c60c47f66f9f74c7df0b1d8e1e43430bd59f88e58be7718042c88ac8d2a0c,https://data.chain.link/streams/eth-usd-twap-30s-streams,,
hype-updown-5m-1786550400,HYPE,"Hyperliquid Up or Down - August 12, 12:00PM-12:05PM ET",2026-08-12T16:05:00Z,2026-08-12T16:00:00Z,56.51461532586992,Up,"[""1"", ""0""]",0.91,,,0.495,0.01,resolved,0x95deed1bd4454221dbc719dfb9b61afc8db26e791fa4767a9c473364ff9dd538,https://data.chain.link/streams/hype-usd-twap-30s-streams,,
sol-updown-5m-1786550400,SOL,"Solana Up or Down - August 12, 12:00PM-12:05PM ET",2026-08-12T16:05:00Z,2026-08-12T16:00:00Z,75.67107041872046,Up,"[""1"", ""0""]",0.999,4756.869341999999,,0.4945,0.001,resolved,0xfa46471423fe65d8097197444e584c0512c444a4f6780b5724c3d7b0b7fcdc75,https://data.chain.link/streams/sol-usd-twap-30s-streams,,
xrp-updown-5m-1786550400,XRP,"XRP Up or Down - August 12, 12:00PM-12:05PM ET",2026-08-12T16:05:00Z,2026-08-12T16:00:00Z,1.0116766325473552,Down,"[""0"", ""1""]",0.001,2932.4015840000015,,-0.5,0.01,resolved,0xbee2d2decf7cc99da8bfc914011d4008f337f8a648f9ce51e731ffc91d8c48b5,https://data.chain.link/streams/xrp-usd-twap-30s-streams,,
zec-updown-5m-1786550400,ZEC,"ZCash Up or Down - August 12, 12:00PM-12:05PM ET",2026-08-12T16:05:00Z,2026-08-12T16:00:00Z,485.43177221380415,Down,"[""0"", ""1""]",,,,-0.495,0.01,resolved,0x8d10bf9e9ecac2baf9bcece6177f3f4af5d9151a30c93440a9bfc3358485e4c2,https://data.chain.link/streams/zec-usd-twap-30s-streams,,
bnb-updown-5m-1786550700,BNB,"BNB Up or Down - August 12, 12:05PM-12:10PM ET",2026-08-12T16:10:00Z,2026-08-12T16:05:00Z,610.4195697923942,Down,"[""0"", ""1""]",0.09,,,-0.5045,0.001,resolved,0xaa8aea147b861d4866f552dfee107c770c5ec1025321bfdfbd1c3dd8ea478885,https://data.chain.link/streams/bnb-usd-twap-30s-streams,,
btc-updown-5m-1786550700,BTC,"Bitcoin Up or Down - August 12, 12:05PM-12:10PM ET",2026-08-12T16:10:00Z,2026-08-12T16:05:00Z,63400.263546631024,Down,"[""0"", ""1""]",0.01,52173.452892999965,226,-0.5045,0.001,resolved,0x2999ec3303f161f57a99a62bdc83a4236ed2efbfbae51f1210a6deafdad9b379,https://data.chain.link/streams/btc-usd-twap-30s-streams,,
doge-updown-5m-1786550700,DOGE,"Dogecoin Up or Down - August 12, 12:05PM-12:10PM ET",2026-08-12T16:10:00Z,2026-08-12T16:05:00Z,0.07074088766407217,Up,"[""1"", ""0""]",0.99,,,0.4995,0.001,resolved,0xeacd43cccd4307dbc99d035c76d0e469020450228386de6ca6fb4f745658e04a,https://data.chain.link/streams/doge-usd-twap-30s-streams,,
eth-updown-5m-1786550700,ETH,"Ethereum Up or Down - August 12, 12:05PM-12:10PM ET",2026-08-12T16:10:00Z,2026-08-12T16:05:00Z,1889.6973532778943,Down,"[""0"", ""1""]",0.01,4219.808743999999,,-0.5045,0.001,resolved,0x01cff8ef2f7370e51c738a679ecd6d1dd61ed6237e4642e76531f7c6814f002e,https://data.chain.link/streams/eth-usd-twap-30s-streams,,
hype-updown-5m-1786550700,HYPE,"Hyperliquid Up or Down - August 12, 12:05PM-12:10PM ET",2026-08-12T16:10:00Z,2026-08-12T16:05:00Z,56.542405286274146,Down,"[""0"", ""1""]",0.03,,,-0.4995,0.001,resolved,0xc3cc35836118e85645dd8ecdc2180a1d43beda6643bf40995efc990656a73fca,https://data.chain.link/streams/hype-usd-twap-30s-streams,,
sol-updown-5m-1786550700,SOL,"Solana Up or Down - August 12, 12:05PM-12:10PM ET",2026-08-12T16:10:00Z,2026-08-12T16:05:00Z,75.68326813613186,Down,"[""0"", ""1""]",0.04,,,-0.5045,0.001,resolved,0x0cafce4ef33db86e322eca321bcd8bcaff289dd59300316cd9495a8957e75cc1,https://data.chain.link/streams/sol-usd-twap-30s-streams,,
xrp-updown-5m-1786550700,XRP,"XRP Up or Down - August 12, 12:05PM-12:10PM ET",2026-08-12T16:10:00Z,2026-08-12T16:05:00Z,1.0115892883683884,Down,"[""0"", ""1""]",0.06,,,-0.5045,0.001,resolved,0x7e986addc31eaf246e812616f394893756299ebfdfe757ed149cf1eda2243b12,https://data.chain.link/streams/xrp-usd-twap-30s-streams,,
zec-updown-5m-1786550700,ZEC,"ZCash Up or Down - August 12, 12:05PM-12:10PM ET",2026-08-12T16:10:00Z,2026-08-12T16:05:00Z,484.8009699825236,Up,"[""1"", ""0""]",0.98,,,0.495,0.01,resolved,0x99f011f11933e29e89b2597fe484c7f32a1e1c1fc2864ff93fdb7c498b25a818,https://data.chain.link/streams/zec-usd-twap-30s-streams,,
bnb-updown-5m-1786551000,BNB,"BNB Up or Down - August 12, 12:10PM-12:15PM ET",2026-08-12T16:15:00Z,2026-08-12T16:10:00Z,610.0508944394147,Up,"[""1"", ""0""]",0.99,,,0.49,0.01,resolved,0xc40c5713eeb936138d2d05cf92840d81f47c1c15583b51a9f9a2aa712f51b0c3,https://data.chain.link/streams/bnb-usd-twap-30s-streams,,
btc-updown-5m-1786551000,BTC,"Bitcoin Up or Down - August 12, 12:10PM-12:15PM ET",2026-08-12T16:15:00Z,2026-08-12T16:10:00Z,63341.93733177988,Up,"[""1"", ""0""]",0.99,54634.74813599998,20,0.49,0.01,resolved,0x7cfcd92c8cdce217aa02b6440cf6b1cb23ac7aecc268665c105f66420c95c1fa,https://data.chain.link/streams/btc-usd-twap-30s-streams,,
doge-updown-5m-1786551000,DOGE,"Dogecoin Up or Down - August 12, 12:10PM-12:15PM ET",2026-08-12T16:15:00Z,2026-08-12T16:10:00Z,0.07079864232200098,Up,"[""1"", ""0""]",0.99,,,0.495,0.01,resolved,0xf8f09b7ae9954f84caf918574c56fb038f7247f0ec92de69dcbbdaaf3761afb9,https://data.chain.link/streams/doge-usd-twap-30s-streams,,
eth-updown-5m-1786551000,ETH,"Ethereum Up or Down - August 12, 12:10PM-12:15PM ET",2026-08-12T16:15:00Z,2026-08-12T16:10:00Z,1887.7198464066307,Up,"[""1"", ""0""]",0.993,,,0.4945,0.001,resolved,0x06782aed591c8482ad9370b451ae72d6a357b61d00afcfe2113b6aca3172c6dc,https://data.chain.link/streams/eth-usd-twap-30s-streams,,
hype-updown-5m-1786551000,HYPE,"Hyperliquid Up or Down - August 12, 12:10PM-12:15PM ET",2026-08-12T16:15:00Z,2026-08-12T16:10:00Z,56.36306395483293,Down,"[""0"", ""1""]",0.02,,,-0.495,0.01,resolved,0x0c7223ff1c3220b62842d35158161ae4677d0309f95eca4829477ad6d5f070f4,https://data.chain.link/streams/hype-usd-twap-30s-streams,,
sol-updown-5m-1786551000,SOL,"Solana Up or Down - August 12, 12:10PM-12:15PM ET",2026-08-12T16:15:00Z,2026-08-12T16:10:00Z,75.62539788273062,Up,"[""1"", ""0""]",0.99,,,0.49,0.01,resolved,0xffc7c262c14bfff2a4c9b07eb0bd9407392c9b1851aa0cd32c32d4cd61b38466,https://data.chain.link/streams/sol-usd-twap-30s-streams,,
xrp-updown-5m-1786551000,XRP,"XRP Up or Down - August 12, 12:10PM-12:15PM ET",2026-08-12T16:15:00Z,2026-08-12T16:10:00Z,1.0113442711401832,Up,"[""1"", ""0""]",0.99,,,0.49,0.01,resolved,0x7c0e418a6a16bae84530cbe9024ef18bf78e9178c692ed9de3fe83e01a766b1f,https://data.chain.link/streams/xrp-usd-twap-30s-streams,,
zec-updown-5m-1786551000,ZEC,"ZCash Up or Down - August 12, 12:10PM-12:15PM ET",2026-08-12T16:15:00Z,2026-08-12T16:10:00Z,484.952181831271,Down,"[""0"", ""1""]",,,,-0.495,0.01,resolved,0xf822d2ef996d350af376791e02656854d63e4eed7873bd90a72e6bec74a23bc8,https://data.chain.link/streams/zec-usd-twap-30s-streams,,
bnb-updown-5m-1786551300,BNB,"BNB Up or Down - August 12, 12:15PM-12:20PM ET",2026-08-12T16:20:00Z,2026-08-12T16:15:00Z,610.1805763825183,Up,"[""1"", ""0""]",0.99,656.626377,,0.4945,0.001,resolved,0xa6ee9d2d51dbd334b4166866137443da0a3654515a45eddfade2f15a50ca8c89,https://data.chain.link/streams/bnb-usd-twap-30s-streams,,
btc-updown-5m-1786551300,BTC,"Bitcoin Up or Down - August 12, 12:15PM-12:20PM ET",2026-08-12T16:20:00Z,2026-08-12T16:15:00Z,63401.04463222899,Up,"[""1"", ""0""]",0.999,42985.55511300002,20,0.4945,0.001,resolved,0xb773852786133969a92cf288d74d98995f571a4c2008c943b6f16e318f294f62,https://data.chain.link/streams/btc-usd-twap-30s-streams,,
doge-updown-5m-1786551300,DOGE,"Dogecoin Up or Down - August 12, 12:15PM-12:20PM ET",2026-08-12T16:20:00Z,2026-08-12T16:15:00Z,0.07086267265785823,Down,"[""0"", ""1""]",0.02,1132.353979,,-0.4995,0.001,resolved,0x827d89a14131c2be1833579aef87feb08e1017c26e1e59c79b6deb8df43d9058,https://data.chain.link/streams/doge-usd-twap-30s-streams,,
eth-updown-5m-1786551300,ETH,"Ethereum Up or Down - August 12, 12:15PM-12:20PM ET",2026-08-12T16:20:00Z,2026-08-12T16:15:00Z,1890.6201729494567,Up,"[""1"", ""0""]",0.99,4030.087909,,0.4945,0.001,resolved,0xc8686ac6483904205854faa6ce3c048db98fbb2eb3bdcd3a2d85e61bb2ea8c50,https://data.chain.link/streams/eth-usd-twap-30s-streams,,
hype-updown-5m-1786551300,HYPE,"Hyperliquid Up or Down - August 12, 12:15PM-12:20PM ET",2026-08-12T16:20:00Z,2026-08-12T16:15:00Z,56.295715670635495,Down,"[""0"", ""1""]",0.41,109.06401900000002,,-0.4995,0.001,resolved,0x73b8fd05cc250127d42a488c92a5907e0fd85d432137cdff13c4c08c9f258c84,https://data.chain.link/streams/hype-usd-twap-30s-streams,,
sol-updown-5m-1786551300,SOL,"Solana Up or Down - August 12, 12:15PM-12:20PM ET",2026-08-12T16:20:00Z,2026-08-12T16:15:00Z,75.66189953973979,Up,"[""1"", ""0""]",0.98,1209.007367,,0.4945,0.001,resolved,0x14d93725631666fa1631b7114dae661eb2ddacdd59b9eb43fea58fd61afb463c,https://data.chain.link/streams/sol-usd-twap-30s-streams,,
xrp-updown-5m-1786551300,XRP,"XRP Up or Down - August 12, 12:15PM-12:20PM ET",2026-08-12T16:20:00Z,2026-08-12T16:15:00Z,1.0116751631707175,Down,"[""0"", ""1""]",0.05,1021.1514579999998,,-0.5045,0.001,resolved,0xf9e270b60fcaa07e02d65fd0f2721dcb18bedf6c8e5b7d6f758d818ab0c82f34,https://data.chain.link/streams/xrp-usd-twap-30s-streams,,
zec-updown-5m-1786551300,ZEC,"ZCash Up or Down - August 12, 12:15PM-12:20PM ET",2026-08-12T16:20:00Z,2026-08-12T16:15:00Z,483.7360033373173,Down,"[""0"", ""1""]",,,,-0.495,0.01,resolved,0x0573561664c226c9d58eb26bb93d222f78f9e4e52b3162525f8a8753ca5ae519,https://data.chain.link/streams/zec-usd-twap-30s-streams,,
bnb-updown-5m-1786551600,BNB,"BNB Up or Down - August 12, 12:20PM-12:25PM ET",2026-08-12T16:25:00Z,2026-08-12T16:20:00Z,610.2463576979782,Down,"[""0"", ""1""]",0.1,,,-0.5,0.01,resolved,0x36ea5bc9b35bd347532b4d812f0ca00de4c7e1a49d4dbbd6118b6c1e9f8a83f4,https://data.chain.link/streams/bnb-usd-twap-30s-streams,,
btc-updown-5m-1786551600,BTC,"Bitcoin Up or Down - August 12, 12:20PM-12:25PM ET",2026-08-12T16:25:00Z,2026-08-12T16:20:00Z,63448.6857106294,Up,"[""1"", ""0""]",0.999,58151.24424899997,19.725489,0.49,0.01,resolved,0xbb2c5886632f9998d28fe4f725d058378c102d5a12c416ae6aaff80527d1dbd4,https://data.chain.link/streams/btc-usd-twap-30s-streams,,
doge-updown-5m-1786551600,DOGE,"Dogecoin Up or Down - August 12, 12:20PM-12:25PM ET",2026-08-12T16:25:00Z,2026-08-12T16:20:00Z,0.07083689753859668,Down,"[""0"", ""1""]",0.05,,,-0.495,0.01,resolved,0x81044be4ddf642194054ed23500b36573d67c86940101d63a454f14f50d0f1a3,https://data.chain.link/streams/doge-usd-twap-30s-streams,,
eth-updown-5m-1786551600,ETH,"Ethereum Up or Down - August 12, 12:20PM-12:25PM ET",2026-08-12T16:25:00Z,2026-08-12T16:20:00Z,1891.9894299482878,Up,"[""1"", ""0""]",0.99,3604.4992319999988,,0.49,0.01,resolved,0x3b31454fd28af713a3d508aae442164d20bb5f2730c478dd343797f404fdd7d6,https://data.chain.link/streams/eth-usd-twap-30s-streams,,
hype-updown-5m-1786551600,HYPE,"Hyperliquid Up or Down - August 12, 12:20PM-12:25PM ET",2026-08-12T16:25:00Z,2026-08-12T16:20:00Z,56.273263171136776,Down,"[""0"", ""1""]",0.12,,,-0.495,0.01,resolved,0x37bc48ff7dc79a506cfce8ac092354ffbd1e1c451f268506343ab334fc6d705f,https://data.chain.link/streams/hype-usd-twap-30s-streams,,
sol-updown-5m-1786551600,SOL,"Solana Up or Down - August 12, 12:20PM-12:25PM ET",2026-08-12T16:25:00Z,2026-08-12T16:20:00Z,75.71367326242678,Down,"[""0"", ""1""]",0.01,,,-0.5045,0.001,resolved,0xd99bcfc62d6296df09fc8df3820d409280052b060b396c58c470231e935e7c5e,https://data.chain.link/streams/sol-usd-twap-30s-streams,,
xrp-updown-5m-1786551600,XRP,"XRP Up or Down - August 12, 12:20PM-12:25PM ET",2026-08-12T16:25:00Z,2026-08-12T16:20:00Z,1.011105693175229,Down,"[""0"", ""1""]",0.01,,,-0.4995,0.001,resolved,0xd0de2e21e5a04f1554ddeb600dee57f1f8f3de978607b09d03acca2e4fc15cd2,https://data.chain.link/streams/xrp-usd-twap-30s-streams,,
zec-updown-5m-1786551600,ZEC,"ZCash Up or Down - August 12, 12:20PM-12:25PM ET",2026-08-12T16:25:00Z,2026-08-12T16:20:00Z,483.5841619457409,Up,"[""1"", ""0""]",0.98,,,0.495,0.01,resolved,0xc74973102c4059895db845ba0b1ffa98080f73b060aff68107d4855c48897f39,https://data.chain.link/streams/zec-usd-twap-30s-streams,,
bnb-updown-5m-1786551900,BNB,"BNB Up or Down - August 12, 12:25PM-12:30PM ET",2026-08-12T16:30:00Z,2026-08-12T16:25:00Z,610.1210684754224,Up,"[""1"", ""0""]",0.99,167.539422,,0.4945,0.001,resolved,0x673201893c0501527131658e4b787806d1808b44bc2f3316a63ea64f15dbbc60,https://data.chain.link/streams/bnb-usd-twap-30s-streams,,
btc-updown-5m-1786551900,BTC,"Bitcoin Up or Down - August 12, 12:25PM-12:30PM ET",2026-08-12T16:30:00Z,2026-08-12T16:25:00Z,63454.35674912119,Up,"[""1"", ""0""]",0.999,48890.86386499998,6,0.4945,0.001,resolved,0x87b614b15ee56935bc533e2ab213e01041362a8a0553644009b41567fdd165c1,https://data.chain.link/streams/btc-usd-twap-30s-streams,,
doge-updown-5m-1786551900,DOGE,"Dogecoin Up or Down - August 12, 12:25PM-12:30PM ET",2026-08-12T16:30:00Z,2026-08-12T16:25:00Z,0.07080002621121818,Up,"[""1"", ""0""]",0.99,637.5345739999999,,0.4995,0.001,resolved,0xd1904d0bd96f2549a674e712dd3ac25a70e88140a0fa0f148afb77005c56f85e,https://data.chain.link/streams/doge-usd-twap-30s-streams,,
eth-updown-5m-1786551900,ETH,"Ethereum Up or Down - August 12, 12:25PM-12:30PM ET",2026-08-12T16:30:00Z,2026-08-12T16:25:00Z,1892.3762798447844,Up,"[""1"", ""0""]",0.99,2816.982173,,0.4945,0.001,resolved,0x993de5e6790cadfb8e7b7fe7d2a13430428cb00059f4f5abd27436f5375cadd0,https://data.chain.link/streams/eth-usd-twap-30s-streams,,
hype-updown-5m-1786551900,HYPE,"Hyperliquid Up or Down - August 12, 12:25PM-12:30PM ET",2026-08-12T16:30:00Z,2026-08-12T16:25:00Z,56.26894334089363,Up,"[""1"", ""0""]",0.98,27.727966,,0.4995,0.001,resolved,0x6f77585b662452dbf5a20d2d759dd8c4dded423757dddf56b2c4bfcfe310fe24,https://data.chain.link/streams/hype-usd-twap-30s-streams,,
sol-updown-5m-1786551900,SOL,"Solana Up or Down - August 12, 12:25PM-12:30PM ET",2026-08-12T16:30:00Z,2026-08-12T16:25:00Z,75.67349000275692,Up,"[""1"", ""0""]",0.99,1739.2501279999997,,0.4945,0.001,resolved,0xd5f34acd66925f0988ebee8df8e2866394d9b76c1ed4ff65a6c642444244a798,https://data.chain.link/streams/sol-usd-twap-30s-streams,,
xrp-updown-5m-1786551900,XRP,"XRP Up or Down - August 12, 12:25PM-12:30PM ET",2026-08-12T16:30:00Z,2026-08-12T16:25:00Z,1.0101926726272121,Up,"[""1"", ""0""]",0.99,522.1931699999999,,0.4945,0.001,resolved,0x9ce1a148f2b7b067ca46f26ec1bd27baf966942f394434679f906f824605f081,https://data.chain.link/streams/xrp-usd-twap-30s-streams,,
zec-updown-5m-1786551900,ZEC,"ZCash Up or Down - August 12, 12:25PM-12:30PM ET",2026-08-12T16:30:00Z,2026-08-12T16:25:00Z,484.90715077394015,Up,"[""1"", ""0""]",0.98,,,0.495,0.01,resolved,0x9ea50c961ef0d14b58696f8698e75342bf4c9c32dd8348e65ee872c6e6e80e7e,https://data.chain.link/streams/zec-usd-twap-30s-streams,,
bnb-updown-5m-1786552200,BNB,"BNB Up or Down - August 12, 12:30PM-12:35PM ET",2026-08-12T16:35:00Z,2026-08-12T16:30:00Z,610.4180467411865,Down,"[""0"", ""1""]",0.07,,,-0.5,0.01,resolved,0xfa8bf3ca4eaf40d6521eeb1dbde769236ad6d79dafda9b2f9a3058082fac0c66,https://data.chain.link/streams/bnb-usd-twap-30s-streams,,
btc-updown-5m-1786552200,BTC,"Bitcoin Up or Down - August 12, 12:30PM-12:35PM ET",2026-08-12T16:35:00Z,2026-08-12T16:30:00Z,63491.107261387675,Down,"[""0"", ""1""]",0.01,61470.28820899999,14.725489,-0.5,0.01,resolved,0x989cea4ac4a54ca9c3288b0830b0b757072f721e8bca4833acb30165b4946a9d,https://data.chain.link/streams/btc-usd-twap-30s-streams,,
doge-updown-5m-1786552200,DOGE,"Dogecoin Up or Down - August 12, 12:30PM-12:35PM ET",2026-08-12T16:35:00Z,2026-08-12T16:30:00Z,0.07084043075474063,Down,"[""0"", ""1""]",0.03,,,-0.495,0.01,resolved,0xb824f15487d9694fa4daf925d709e66080ad20a40eedee33b2d6f34bf525d5fd,https://data.chain.link/streams/doge-usd-twap-30s-streams,,
eth-updown-5m-1786552200,ETH,"Ethereum Up or Down - August 12, 12:30PM-12:35PM ET",2026-08-12T16:35:00Z,2026-08-12T16:30:00Z,1892.875445973327,Down,"[""0"", ""1""]",0.01,4134.336248000002,,-0.5,0.01,resolved,0xd5262a8ca18a736aee93f419eb12688edb1de979da8a27fac6d161751538b465,https://data.chain.link/streams/eth-usd-twap-30s-streams,,
hype-updown-5m-1786552200,HYPE,"Hyperliquid Up or Down - August 12, 12:30PM-12:35PM ET",2026-08-12T16:35:00Z,2026-08-12T16:30:00Z,56.33996873334875,Down,"[""0"", ""1""]",0.03,,,-0.495,0.01,resolved,0x6d36aa6588f9c8f19676c98b3bd83bdcd2759d245e598d058f8dcf9e9ca61fb8,https://data.chain.link/streams/hype-usd-twap-30s-streams,,
sol-updown-5m-1786552200,SOL,"Solana Up or Down - August 12, 12:30PM-12:35PM ET",2026-08-12T16:35:00Z,2026-08-12T16:30:00Z,75.6955476197008,Down,"[""0"", ""1""]",0.03,1067.2845280000001,,-0.495,0.01,resolved,0xc1f2f5c0cb2012a00c486697eee3824fb0982a96aa86df8968b850f61c0e6786,https://data.chain.link/streams/sol-usd-twap-30s-streams,,
xrp-updown-5m-1786552200,XRP,"XRP Up or Down - August 12, 12:30PM-12:35PM ET",2026-08-12T16:35:00Z,2026-08-12T16:30:00Z,1.0103730045682708,Down,"[""0"", ""1""]",0.11,,,-0.5,0.01,resolved,0x7423759413c6cbd6f88a789a787a1ad2b9d107bbecb95821f19a301d94908937,https://data.chain.link/streams/xrp-usd-twap-30s-streams,,
zec-updown-5m-1786552200,ZEC,"ZCash Up or Down - August 12, 12:30PM-12:35PM ET",2026-08-12T16:35:00Z,2026-08-12T16:30:00Z,485.13119814122354,Down,"[""0"", ""1""]",,,,-0.495,0.01,resolved,0x2fa73dee5c736eaedaf23e1b702f84ea50d1f2a0dc48eb1e9fee68a55a206be8,https://data.chain.link/streams/zec-usd-twap-30s-streams,,
bnb-updown-5m-1786552500,BNB,"BNB Up or Down - August 12, 12:35PM-12:40PM ET",2026-08-12T16:40:00Z,2026-08-12T16:35:00Z,610.1932251830326,Up,"[""1"", ""0""]",0.98,,,0.49,0.01,resolved,0x29721d93f2d5c8b5ac75ad14f297b8585299666912dc6eb93a774671d8212d4e,https://data.chain.link/streams/bnb-usd-twap-30s-streams,,
btc-updown-5m-1786552500,BTC,"Bitcoin Up or Down - August 12, 12:35PM-12:40PM ET",2026-08-12T16:40:00Z,2026-08-12T16:35:00Z,63484.47495461405,Down,"[""0"", ""1""]",0.001,49180.67754700002,,-0.5045,0.001,resolved,0x3d979af15aa6d22579d066d6f50abec2a4a1d8abe89b80529f81a65aec4fd46d,https://data.chain.link/streams/btc-usd-twap-30s-streams,,
doge-updown-5m-1786552500,DOGE,"Dogecoin Up or Down - August 12, 12:35PM-12:40PM ET",2026-08-12T16:40:00Z,2026-08-12T16:35:00Z,0.07083494413747297,Up,"[""1"", ""0""]",0.99,,,0.4995,0.001,resolved,0x8791aa4ecc629f2de7d0460c07f3d988052c6eaed079017707581e4e61442499,https://data.chain.link/streams/doge-usd-twap-30s-streams,,
eth-updown-5m-1786552500,ETH,"Ethereum Up or Down - August 12, 12:35PM-12:40PM ET",2026-08-12T16:40:00Z,2026-08-12T16:35:00Z,1892.0225371466645,Down,"[""0"", ""1""]",0.01,,,-0.5,0.01,resolved,0x11695b698ef838d309a8148df2149200658385e1ffbc6cf487b30607e7901414,https://data.chain.link/streams/eth-usd-twap-30s-streams,,
hype-updown-5m-1786552500,HYPE,"Hyperliquid Up or Down - August 12, 12:35PM-12:40PM ET",2026-08-12T16:40:00Z,2026-08-12T16:35:00Z,56.27056851417135,Up,"[""1"", ""0""]",0.998,,,0.4995,0.001,resolved,0x5168cb6524d47fb8a4b9302f2a09c7c7d3157861da488cfeef24a0f26e7b8869,https://data.chain.link/streams/hype-usd-twap-30s-streams,,
sol-updown-5m-1786552500,SOL,"Solana Up or Down - August 12, 12:35PM-12:40PM ET",2026-08-12T16:40:00Z,2026-08-12T16:35:00Z,75.64123396163247,Down,"[""0"", ""1""]",0.02,,,-0.5045,0.001,resolved,0x930ba4bb2ea4aa194185404716a729c565a572c691ed0195399e4148f26f91ae,https://data.chain.link/streams/sol-usd-twap-30s-streams,,
xrp-updown-5m-1786552500,XRP,"XRP Up or Down - August 12, 12:35PM-12:40PM ET",2026-08-12T16:40:00Z,2026-08-12T16:35:00Z,1.0099056109916364,Down,"[""0"", ""1""]",0.1,,,-0.5045,0.001,resolved,0x22a743d391e96048c73b20aabc52d35d606fc01e17fb5724211bf2315199d883,https://data.chain.link/streams/xrp-usd-twap-30s-streams,,
zec-updown-5m-1786552500,ZEC,"ZCash Up or Down - August 12, 12:35PM-12:40PM ET",2026-08-12T16:40:00Z,2026-08-12T16:35:00Z,484.4623402497652,Up,"[""1"", ""0""]",0.99,,,0.495,0.01,resolved,0xbc4b86779667d883d2dac8da40ef02f4cb9b5f591f1db9283e2f2d7b78236ab8,https://data.chain.link/streams/zec-usd-twap-30s-streams,,
bnb-updown-5m-1786552800,BNB,"BNB Up or Down - August 12, 12:40PM-12:45PM ET",2026-08-12T16:45:00Z,2026-08-12T16:40:00Z,610.2086500219903,Down,"[""0"", ""1""]",0.1,502.17459499999995,,-0.5,0.01,resolved,0x7c151231895e4115d4b40e19d29847468eecb5dbba691f7bbe5c28c09a4e00b4,https://data.chain.link/streams/bnb-usd-twap-30s-streams,,
btc-updown-5m-1786552800,BTC,"Bitcoin Up or Down - August 12, 12:40PM-12:45PM ET",2026-08-12T16:45:00Z,2026-08-12T16:40:00Z,63478.54272812215,Down,"[""0"", ""1""]",0.01,68873.42492499994,15,-0.5,0.01,resolved,0x6c63f4e80d8f63ace4a8864afbe701bb957736685b444dc3e17d2f9e8272d947,https://data.chain.link/streams/btc-usd-twap-30s-streams,,
doge-updown-5m-1786552800,DOGE,"Dogecoin Up or Down - August 12, 12:40PM-12:45PM ET",2026-08-12T16:45:00Z,2026-08-12T16:40:00Z,0.0708446406043386,Down,"[""0"", ""1""]",0.09,636.20658,,-0.495,0.01,resolved,0xa3e8fc35a88bdf3185722ca8988b696253dac66c07071c22b2f93861ebf99c54,https://data.chain.link/streams/doge-usd-twap-30s-streams,,
eth-updown-5m-1786552800,ETH,"Ethereum Up or Down - August 12, 12:40PM-12:45PM ET",2026-08-12T16:45:00Z,2026-08-12T16:40:00Z,1892.002213547011,Down,"[""0"", ""1""]",0.09,4320.96354,,-0.5,0.01,resolved,0xef55649bab9682e99b944341a6e6029c48766244bcb3d9680dc6f4522cccf932,https://data.chain.link/streams/eth-usd-twap-30s-streams,,
hype-updown-5m-1786552800,HYPE,"Hyperliquid Up or Down - August 12, 12:40PM-12:45PM ET",2026-08-12T16:45:00Z,2026-08-12T16:40:00Z,56.39152119167029,Down,"[""0"", ""1""]",0.06,10.565974,,-0.495,0.01,resolved,0x7cf1ffb300d5615001d0adef140034dbe6a52a90fd636b569393207e3d2eaa74,https://data.chain.link/streams/hype-usd-twap-30s-streams,,
sol-updown-5m-1786552800,SOL,"Solana Up or Down - August 12, 12:40PM-12:45PM ET",2026-08-12T16:45:00Z,2026-08-12T16:40:00Z,75.62396748233532,Down,"[""0"", ""1""]",0.03,1144.4677629999999,,-0.495,0.01,resolved,0xcf58e7199be553f6a5bb8a5202e1b8b3e110d8c4181b65975c2417befe20d654,https://data.chain.link/streams/sol-usd-twap-30s-streams,,
xrp-updown-5m-1786552800,XRP,"XRP Up or Down - August 12, 12:40PM-12:45PM ET",2026-08-12T16:45:00Z,2026-08-12T16:40:00Z,1.0097353747424607,Down,"[""0"", ""1""]",0.01,610.2781600000001,,-0.5045,0.001,resolved,0x9bc27bea6490768c6cf611713c20cb2110cd3ab0c26f012c89081a7cb9a2e8c6,https://data.chain.link/streams/xrp-usd-twap-30s-streams,,
zec-updown-5m-1786552800,ZEC,"ZCash Up or Down - August 12, 12:40PM-12:45PM ET",2026-08-12T16:45:00Z,2026-08-12T16:40:00Z,484.75145487726405,Down,"[""0"", ""1""]",,,,-0.495,0.01,resolved,0x272bf6674cab5de140295c86c9c362fa23fc5982578e0888793fcfc1fdfdfac2,https://data.chain.link/streams/zec-usd-twap-30s-streams,,
bnb-updown-5m-1786553100,BNB,"BNB Up or Down - August 12, 12:45PM-12:50PM ET",2026-08-12T16:50:00Z,2026-08-12T16:45:00Z,610.0337263313623,Down,"[""0"", ""1""]",0.15,215.57940000000002,,-0.5,0.01,resolved,0x4f8d94607ead126f677b9be14b36d0f17ae66c0b7fcb7bbd69a62c7048e89921,https://data.chain.link/streams/bnb-usd-twap-30s-streams,,
btc-updown-5m-1786553100,BTC,"Bitcoin Up or Down - August 12, 12:45PM-12:50PM ET",2026-08-12T16:50:00Z,2026-08-12T16:45:00Z,63452.601626740325,Down,"[""0"", ""1""]",0.01,42540.38061999999,,-0.5,0.01,resolved,0xd7c5955a1425f11ee93643861a15f57a3b2630a8c47b86d06a079ddd5423eddb,https://data.chain.link/streams/btc-usd-twap-30s-streams,,
doge-updown-5m-1786553100,DOGE,"Dogecoin Up or Down - August 12, 12:45PM-12:50PM ET",2026-08-12T16:50:00Z,2026-08-12T16:45:00Z,0.07081073231116744,Down,"[""0"", ""1""]",0.08,433.42259800000005,5,-0.495,0.01,resolved,0xac1fb42a7ca78103537f7de4c22a72d8bdd882a10b54cd3bd6432a16104f1f13,https://data.chain.link/streams/doge-usd-twap-30s-streams,,
eth-updown-5m-1786553100,ETH,"Ethereum Up or Down - August 12, 12:45PM-12:50PM ET",2026-08-12T16:50:00Z,2026-08-12T16:45:00Z,1890.6596430857164,Down,"[""0"", ""1""]",0.01,3762.548023,,-0.5,0.01,resolved,0xec5b2afc240624ab54d46233c8e4e69c3556d0f97e3dd0c5f0e52677870132b8,https://data.chain.link/streams/eth-usd-twap-30s-streams,,
hype-updown-5m-1786553100,HYPE,"Hyperliquid Up or Down - August 12, 12:45PM-12:50PM ET",2026-08-12T16:50:00Z,2026-08-12T16:45:00Z,56.35369477510987,Down,"[""0"", ""1""]",0.03,,,-0.495,0.01,resolved,0x44b680554b9661744d2970cc5aecf5c94ed8d9aec28db589aeaec2689c4bb968,https://data.chain.link/streams/hype-usd-twap-30s-streams,,
sol-updown-5m-1786553100,SOL,"Solana Up or Down - August 12, 12:45PM-12:50PM ET",2026-08-12T16:50:00Z,2026-08-12T16:45:00Z,75.56701992926574,Down,"[""0"", ""1""]",0.01,1357.6326740000002,,-0.5,0.01,resolved,0xa210afce115485c3ff926693c3e867c7d4d7e93a0ecbfb10d5bf9367c4f4fcd7,https://data.chain.link/streams/sol-usd-twap-30s-streams,,
xrp-updown-5m-1786553100,XRP,"XRP Up or Down - August 12, 12:45PM-12:50PM ET",2026-08-12T16:50:00Z,2026-08-12T16:45:00Z,1.0085299722487329,Down,"[""0"", ""1""]",0.01,,,-0.5,0.01,resolved,0x2121382ec52a2640f8013151b39fc5504d0a10307be62e74ba15c749720c2592,https://data.chain.link/streams/xrp-usd-twap-30s-streams,,
zec-updown-5m-1786553100,ZEC,"ZCash Up or Down - August 12, 12:45PM-12:50PM ET",2026-08-12T16:50:00Z,2026-08-12T16:45:00Z,484.7268268699341,Up,"[""1"", ""0""]",,,,,0.96,resolved,0x55c424a9d8fe39877e1e03569bbffddbd10385fbf50aa812fece687aa3a37b5f,https://data.chain.link/streams/zec-usd-twap-30s-streams,,
bnb-updown-5m-1786553400,BNB,"BNB Up or Down - August 12, 12:50PM-12:55PM ET",2026-08-12T16:55:00Z,2026-08-12T16:50:00Z,609.7612926075612,Up,"[""1"", ""0""]",0.98,,,0.49,0.01,resolved,0xf7e32742bbcb19ce57fe32d4eb4f3b4a584c6e355e88bc9f37f616c419e4a8fb,https://data.chain.link/streams/bnb-usd-twap-30s-streams,,
btc-updown-5m-1786553400,BTC,"Bitcoin Up or Down - August 12, 12:50PM-12:55PM ET",2026-08-12T16:55:00Z,2026-08-12T16:50:00Z,63412.93418832811,Up,"[""1"", ""0""]",0.99,53920.038987999986,,0.49,0.01,resolved,0x06b6a9d5901cb1fc8137ca9b82a6334029150e0ff206748df3447f1166519741,https://data.chain.link/streams/btc-usd-twap-30s-streams,,
doge-updown-5m-1786553400,DOGE,"Dogecoin Up or Down - August 12, 12:50PM-12:55PM ET",2026-08-12T16:55:00Z,2026-08-12T16:50:00Z,0.07070215557184008,Up,"[""1"", ""0""]",0.999,497.838958,,0.4995,0.001,resolved,0x058151c59f648037feec08ec2526184c774ccf272ab32e4580c413a5c1031c17,https://data.chain.link/streams/doge-usd-twap-30s-streams,,
eth-updown-5m-1786553400,ETH,"Ethereum Up or Down - August 12, 12:50PM-12:55PM ET",2026-08-12T16:55:00Z,2026-08-12T16:50:00Z,1889.0632701255433,Up,"[""1"", ""0""]",0.99,6194.7469999999985,,0.495,0.01,resolved,0x5347e5a91ed31b25db49dcdf3ff2a4f5d254375236d698c41a21492ad3b1bab0,https://data.chain.link/streams/eth-usd-twap-30s-streams,,
hype-updown-5m-1786553400,HYPE,"Hyperliquid Up or Down - August 12, 12:50PM-12:55PM ET",2026-08-12T16:55:00Z,2026-08-12T16:50:00Z,56.31879265005426,Up,"[""1"", ""0""]",0.99,,,0.4995,0.001,resolved,0x3a6167790cb9fe9c415d74b8e144a05644de3238a7a3e821f9fcfd0c6eb76fd2,https://data.chain.link/streams/hype-usd-twap-30s-streams,,
sol-updown-5m-1786553400,SOL,"Solana Up or Down - August 12, 12:50PM-12:55PM ET",2026-08-12T16:55:00Z,2026-08-12T16:50:00Z,75.51373003438945,Up,"[""1"", ""0""]",0.98,,,0.4945,0.001,resolved,0xd8f07709381282df0fc8f7700e413d4d392238c5d1db70a9fe83b0de6c82428b,https://data.chain.link/streams/sol-usd-twap-30s-streams,,
xrp-updown-5m-1786553400,XRP,"XRP Up or Down - August 12, 12:50PM-12:55PM ET",2026-08-12T16:55:00Z,2026-08-12T16:50:00Z,1.007886419915557,Up,"[""1"", ""0""]",0.99,,,0.49,0.01,resolved,0xe29f455b4be7087b979534c05474e816b0a62a8750140f7a82f7245fa0be8963,https://data.chain.link/streams/xrp-usd-twap-30s-streams,,
zec-updown-5m-1786553400,ZEC,"ZCash Up or Down - August 12, 12:50PM-12:55PM ET",2026-08-12T16:55:00Z,2026-08-12T16:50:00Z,485.1333671828568,Down,"[""0"", ""1""]",,,,-0.495,0.01,resolved,0xd089fb13c6fdb3270a8534126b0b03fa4ab46b290144c6394d41e0e4eb1796a5,https://data.chain.link/streams/zec-usd-twap-30s-streams,,
bnb-updown-5m-1786553700,BNB,"BNB Up or Down - August 12, 12:55PM-1:00PM ET",2026-08-12T17:00:00Z,2026-08-12T16:55:00Z,609.8523468584573,Down,"[""0"", ""1""]",0.29,296.27053,,-0.5045,0.001,resolved,0x54cbe2a3ec012f42eec7e2d288235a948fc003a1f1a3b3ceb43122f285823dee,https://data.chain.link/streams/bnb-usd-twap-30s-streams,,
btc-updown-5m-1786553700,BTC,"Bitcoin Up or Down - August 12, 12:55PM-1:00PM ET",2026-08-12T17:00:00Z,2026-08-12T16:55:00Z,63425.82243462232,Up,"[""1"", ""0""]",0.99,77427.31027500004,,0.49,0.01,resolved,0xb792dc70af7d5659fa57cbb862b2bb1c1838a7d96bc337a1548a6ce3ba55fa8c,https://data.chain.link/streams/btc-usd-twap-30s-streams,,
doge-updown-5m-1786553700,DOGE,"Dogecoin Up or Down - August 12, 12:55PM-1:00PM ET",2026-08-12T17:00:00Z,2026-08-12T16:55:00Z,0.070742769550998,Up,"[""1"", ""0""]",0.99,219.691255,,0.4995,0.001,resolved,0x54b36dd545265ecf2540f1b0f1e87c74b809eb96694b0ad57c9e14713c5fef4d,https://data.chain.link/streams/doge-usd-twap-30s-streams,,
eth-updown-5m-1786553700,ETH,"Ethereum Up or Down - August 12, 12:55PM-1:00PM ET",2026-08-12T17:00:00Z,2026-08-12T16:55:00Z,1889.1715316603788,Down,"[""0"", ""1""]",0.02,5274.751880999998,19,-0.5045,0.001,resolved,0x300503bbcbf980642b5e85f90d1f568d092fa65ca0e2010103baf33cf939b40a,https://data.chain.link/streams/eth-usd-twap-30s-streams,,
hype-updown-5m-1786553700,HYPE,"Hyperliquid Up or Down - August 12, 12:55PM-1:00PM ET",2026-08-12T17:00:00Z,2026-08-12T16:55:00Z,56.50607372106788,Up,"[""1"", ""0""]",0.98,64.46563,,0.4995,0.001,resolved,0x43b453e6c0e704dc1db2702418ae86517b986721b90780043cb53e70778f28b6,https://data.chain.link/streams/hype-usd-twap-30s-streams,,
sol-updown-5m-1786553700,SOL,"Solana Up or Down - August 12, 12:55PM-1:00PM ET",2026-08-12T17:00:00Z,2026-08-12T16:55:00Z,75.57847767524433,Up,"[""1"", ""0""]",0.99,1081.2083279999997,,0.4995,0.001,resolved,0x8c4394f2ccdcb3b3a0543cf859b533755ae46325bbe4c7523349c2c80bf0ac65,https://data.chain.link/streams/sol-usd-twap-30s-streams,,
xrp-updown-5m-1786553700,XRP,"XRP Up or Down - August 12, 12:55PM-1:00PM ET",2026-08-12T17:00:00Z,2026-08-12T16:55:00Z,1.0079353058368858,Down,"[""0"", ""1""]",0.02,711.0380880000002,10,-0.5045,0.001,resolved,0xd9514ea9930ba8a526fb46990b0b97bfb3e9df4f719347da5e29eb67c64d60d3,https://data.chain.link/streams/xrp-usd-twap-30s-streams,,
zec-updown-5m-1786553700,ZEC,"ZCash Up or Down - August 12, 12:55PM-1:00PM ET",2026-08-12T17:00:00Z,2026-08-12T16:55:00Z,484.99896012999136,Up,"[""1"", ""0""]",0.98,25,,0.495,0.01,resolved,0x5d0257b5afc9936716b1e535a63defc7e123138f59d9ce86fdda3ea4bedf31c2,https://data.chain.link/streams/zec-usd-twap-30s-streams,,
bnb-updown-5m-1786554000,BNB,"BNB Up or Down - August 12, 1:00PM-1:05PM ET",2026-08-12T17:05:00Z,2026-08-12T17:00:00Z,609.7915710539186,Up,"[""1"", ""0""]",0.99,217.669716,,0.49,0.01,resolved,0xd9992da61e35749623117b95bafa91ba49796e81d415c8fcc2b1472c6bd478dc,https://data.chain.link/streams/bnb-usd-twap-30s-streams,,
btc-updown-5m-1786554000,BTC,"Bitcoin Up or Down - August 12, 1:00PM-1:05PM ET",2026-08-12T17:05:00Z,2026-08-12T17:00:00Z,63426.44312428149,Up,"[""1"", ""0""]",0.999,46929.889275999965,72.960783,0.49,0.01,resolved,0x7f3e7dfead45172a19b8f265894a2bfb449bd9ad3efef8d473f68728997417fe,https://data.chain.link/streams/btc-usd-twap-30s-streams,,
doge-updown-5m-1786554000,DOGE,"Dogecoin Up or Down - August 12, 1:00PM-1:05PM ET",2026-08-12T17:05:00Z,2026-08-12T17:00:00Z,0.07079209044195552,Down,"[""0"", ""1""]",0.15,532.99855,,-0.495,0.01,resolved,0x2baf1c923cbd286bc3e9d3ef0ed4a46bfc69d44bd8dd259d679cdae601904dc5,https://data.chain.link/streams/doge-usd-twap-30s-streams,,
eth-updown-5m-1786554000,ETH,"Ethereum Up or Down - August 12, 1:00PM-1:05PM ET",2026-08-12T17:05:00Z,2026-08-12T17:00:00Z,1888.759595866168,Down,"[""0"", ""1""]",0.01,4286.178521999999,10,-0.5,0.01,resolved,0xac7b95399c7c7098779d54f835903f3f5c82aabf55b82164accae9b87e0397c8,https://data.chain.link/streams/eth-usd-twap-30s-streams,,
hype-updown-5m-1786554000,HYPE,"Hyperliquid Up or Down - August 12, 1:00PM-1:05PM ET",2026-08-12T17:05:00Z,2026-08-12T17:00:00Z,56.53707226440285,Up,"[""1"", ""0""]",0.99,,,0.495,0.01,resolved,0xf571611cd272a9f17aef82507078e2b4f95fd7cb5b844dea70e221ac83953168,https://data.chain.link/streams/hype-usd-twap-30s-streams,,
sol-updown-5m-1786554000,SOL,"Solana Up or Down - August 12, 1:00PM-1:05PM ET",2026-08-12T17:05:00Z,2026-08-12T17:00:00Z,75.6178982614659,Up,"[""1"", ""0""]",0.99,1382.8921020000002,10,0.49,0.01,resolved,0xe6fb5b9b864e09559b06335397e0595b2479220935f0bb30788069622d4af313,https://data.chain.link/streams/sol-usd-twap-30s-streams,,
xrp-updown-5m-1786554000,XRP,"XRP Up or Down - August 12, 1:00PM-1:05PM ET",2026-08-12T17:05:00Z,2026-08-12T17:00:00Z,1.007784673098005,Up,"[""1"", ""0""]",0.99,,10,0.49,0.01,resolved,0x38b1f82d80dac86c3568587165d6d8c1e2e337ad90119d6303baea0ecf73012c,https://data.chain.link/streams/xrp-usd-twap-30s-streams,,
zec-updown-5m-1786554000,ZEC,"ZCash Up or Down - August 12, 1:00PM-1:05PM ET",2026-08-12T17:05:00Z,2026-08-12T17:00:00Z,485.5320178917011,Up,"[""1"", ""0""]",0.98,,,0.495,0.01,resolved,0xa5cc935e894753bee7893e80c5955272cfbbbd5dc81feeaa5c618b254ed4afac,https://data.chain.link/streams/zec-usd-twap-30s-streams,,
bnb-updown-5m-1786554300,BNB,"BNB Up or Down - August 12, 1:05PM-1:10PM ET",2026-08-12T17:10:00Z,2026-08-12T17:05:00Z,610.1669436812331,Up,"[""1"", ""0""]",0.999,,,0.4895,0.009,resolved,0xbd10917d341e1d7f4e58d3fb658db701e6bb8d23fbb97ad652bd2a1b255466f4,https://data.chain.link/streams/bnb-usd-twap-30s-streams,,
btc-updown-5m-1786554300,BTC,"Bitcoin Up or Down - August 12, 1:05PM-1:10PM ET",2026-08-12T17:10:00Z,2026-08-12T17:05:00Z,63449.78520852533,Down,"[""0"", ""1""]",0.01,48268.30695499998,282.960783,-0.5,0.01,resolved,0xc380acbf7cd70fc8d3b627af5f648e822bc52f2ca66e50696c7f1e07d53f9a45,https://data.chain.link/streams/btc-usd-twap-30s-streams,,
doge-updown-5m-1786554300,DOGE,"Dogecoin Up or Down - August 12, 1:05PM-1:10PM ET",2026-08-12T17:10:00Z,2026-08-12T17:05:00Z,0.07078128944163367,Down,"[""0"", ""1""]",0.09,,,-0.495,0.01,resolved,0xd63128073b84d48fdd7c6cd0a3cd9ef64ae5187d836dc4b17946ef3762e9384c,https://data.chain.link/streams/doge-usd-twap-30s-streams,,
eth-updown-5m-1786554300,ETH,"Ethereum Up or Down - August 12, 1:05PM-1:10PM ET",2026-08-12T17:10:00Z,2026-08-12T17:05:00Z,1888.6489295831364,Up,"[""1"", ""0""]",0.99,5692.071719999999,,0.14,0.13,resolved,0x69ce358864252b9a970d2a07407732be8405bd9bf412fc3438a340cee67205f9,https://data.chain.link/streams/eth-usd-twap-30s-streams,,
hype-updown-5m-1786554300,HYPE,"Hyperliquid Up or Down - August 12, 1:05PM-1:10PM ET",2026-08-12T17:10:00Z,2026-08-12T17:05:00Z,56.54782075891735,Down,"[""0"", ""1""]",0.03,,,-0.495,0.01,resolved,0xe0aa6cc5d9da8be4cb46d9c7fdf085b2ebf1c9142b93019612ca72d867df4ee0,https://data.chain.link/streams/hype-usd-twap-30s-streams,,
sol-updown-5m-1786554300,SOL,"Solana Up or Down - August 12, 1:05PM-1:10PM ET",2026-08-12T17:10:00Z,2026-08-12T17:05:00Z,75.66837964639548,Up,"[""1"", ""0""]",0.99,,,0.49,0.01,resolved,0x7d015154f4a749aa7b91742161d5a05178d7905a6adc08f5fb8921a6b3aadacd,https://data.chain.link/streams/sol-usd-twap-30s-streams,,
xrp-updown-5m-1786554300,XRP,"XRP Up or Down - August 12, 1:05PM-1:10PM ET",2026-08-12T17:10:00Z,2026-08-12T17:05:00Z,1.0083911340354363,Up,"[""1"", ""0""]",0.99,,,0.495,0.01,resolved,0x64d4536720daf803774bf86da97b0beaedc55b45c5faaa31cea9c0fbbf1186d5,https://data.chain.link/streams/xrp-usd-twap-30s-streams,,
zec-updown-5m-1786554300,ZEC,"ZCash Up or Down - August 12, 1:05PM-1:10PM ET",2026-08-12T17:10:00Z,2026-08-12T17:05:00Z,490.3108286487236,Up,"[""1"", ""0""]",0.992,,,0.4995,0.001,resolved,0x1ac66035db649abcef57cfb8072a213809804b3d8cf1ce5a0f4a9303d00d699e,https://data.chain.link/streams/zec-usd-twap-30s-streams,,
bnb-updown-5m-1786554600,BNB,"BNB Up or Down - August 12, 1:10PM-1:15PM ET",2026-08-12T17:15:00Z,2026-08-12T17:10:00Z,610.5252507287055,Up,"[""1"", ""0""]",0.99,175.928387,,0.49,0.01,resolved,0xb553541e52de80537472887a38f7cb748c51cb986e86559479a005e469537515,https://data.chain.link/streams/bnb-usd-twap-30s-streams,,
btc-updown-5m-1786554600,BTC,"Bitcoin Up or Down - August 12, 1:10PM-1:15PM ET",2026-08-12T17:15:00Z,2026-08-12T17:10:00Z,63440.66533748769,Up,"[""1"", ""0""]",0.99,69677.88485100004,92.960782,0.49,0.01,resolved,0x70a2afd1dc62e659527d90e983cd796121108fce34361f7268b0d68a3c093177,https://data.chain.link/streams/btc-usd-twap-30s-streams,,
doge-updown-5m-1786554600,DOGE,"Dogecoin Up or Down - August 12, 1:10PM-1:15PM ET",2026-08-12T17:15:00Z,2026-08-12T17:10:00Z,0.07077026307962074,Down,"[""0"", ""1""]",0.06,621.594184,,-0.495,0.01,resolved,0xb191825ccfc62c3bf904e44a32ff6ba742d3e427182c60636b96e167df97aa7b,https://data.chain.link/streams/doge-usd-twap-30s-streams,,
eth-updown-5m-1786554600,ETH,"Ethereum Up or Down - August 12, 1:10PM-1:15PM ET",2026-08-12T17:15:00Z,2026-08-12T17:10:00Z,1888.6761482130469,Down,"[""0"", ""1""]",0.01,2411.394193,,-0.5,0.01,resolved,0x1a190759ac1efc8c098d7c02852eb89248005c0976821df737ab8072edea6fbc,https://data.chain.link/streams/eth-usd-twap-30s-streams,,
hype-updown-5m-1786554600,HYPE,"Hyperliquid Up or Down - August 12, 1:10PM-1:15PM ET",2026-08-12T17:15:00Z,2026-08-12T17:10:00Z,56.511595355822465,Down,"[""0"", ""1""]",0.02,36.808665999999995,,-0.495,0.01,resolved,0xf9d0d07d6c6f6fe98c17a04a5a5e9db9753b0b3a31a936b9beaf2216c6cef330,https://data.chain.link/streams/hype-usd-twap-30s-streams,,
sol-updown-5m-1786554600,SOL,"Solana Up or Down - August 12, 1:10PM-1:15PM ET",2026-08-12T17:15:00Z,2026-08-12T17:10:00Z,75.68243322353256,Up,"[""1"", ""0""]",0.99,1791.1463290000002,,0.49,0.01,resolved,0xb4a1d959978a771ad28a2956837c4e536493b445c74e206d0c89a01db1d582e7,https://data.chain.link/streams/sol-usd-twap-30s-streams,,
xrp-updown-5m-1786554600,XRP,"XRP Up or Down - August 12, 1:10PM-1:15PM ET",2026-08-12T17:15:00Z,2026-08-12T17:10:00Z,1.0086563173810916,Down,"[""0"", ""1""]",0.03,392.45492,,-0.5045,0.001,resolved,0x8d91842a9750f71f94286b83c211ae69cdf1e50d064b987590f999ed73c264f3,https://data.chain.link/streams/xrp-usd-twap-30s-streams,,
zec-updown-5m-1786554600,ZEC,"ZCash Up or Down - August 12, 1:10PM-1:15PM ET",2026-08-12T17:15:00Z,2026-08-12T17:10:00Z,493.8897952706317,Up,"[""1"", ""0""]",0.98,6.0204,,0.4995,0.001,resolved,0xc648547c4922d005fc5eef2424e8acb3bffa34f81bc49b92ae80f1461baea2b5,https://data.chain.link/streams/zec-usd-twap-30s-streams,,
bnb-updown-5m-1786554900,BNB,"BNB Up or Down - August 12, 1:15PM-1:20PM ET",2026-08-12T17:20:00Z,2026-08-12T17:15:00Z,610.7587811919742,Up,"[""1"", ""0""]",0.999,,,0.4945,0.001,resolved,0x6b0a298a753eb550a5087b62696c6d659096abe54784a840d8f8dea678f0397c,https://data.chain.link/streams/bnb-usd-twap-30s-streams,,
btc-updown-5m-1786554900,BTC,"Bitcoin Up or Down - August 12, 1:15PM-1:20PM ET",2026-08-12T17:20:00Z,2026-08-12T17:15:00Z,63466.84013308398,Down,"[""0"", ""1""]",0.01,79523.15946099992,32.960783,-0.5045,0.001,resolved,0xc763b8d717a20e5e8bb2839d6f022268754bb4f39c9090d8c8e7b6cfe52e71da,https://data.chain.link/streams/btc-usd-twap-30s-streams,,
doge-updown-5m-1786554900,DOGE,"Dogecoin Up or Down - August 12, 1:15PM-1:20PM ET",2026-08-12T17:20:00Z,2026-08-12T17:15:00Z,0.07075653138312078,Down,"[""0"", ""1""]",0.07,512.353347,,-0.4995,0.001,resolved,0x3eafe96436d7f7f928b7d1db661a6a6fe899916864eb58d950f556aa657f8f75,https://data.chain.link/streams/doge-usd-twap-30s-streams,,
eth-updown-5m-1786554900,ETH,"Ethereum Up or Down - August 12, 1:15PM-1:20PM ET",2026-08-12T17:20:00Z,2026-08-12T17:15:00Z,1888.008377613457,Down,"[""0"", ""1""]",0.06,4915.931719,,-0.5045,0.001,resolved,0xb5778d24817935b831240267e3a0260ab8eecd2a51e133b4f05166d2169e7983,https://data.chain.link/streams/eth-usd-twap-30s-streams,,
hype-updown-5m-1786554900,HYPE,"Hyperliquid Up or Down - August 12, 1:15PM-1:20PM ET",2026-08-12T17:20:00Z,2026-08-12T17:15:00Z,56.447263207364394,Up,"[""1"", ""0""]",0.86,,,0.4995,0.001,resolved,0xd3343af7c03d6c833091252143fc22a4ae7bbf922b34062a94e66e1152eb481e,https://data.chain.link/streams/hype-usd-twap-30s-streams,,
sol-updown-5m-1786554900,SOL,"Solana Up or Down - August 12, 1:15PM-1:20PM ET",2026-08-12T17:20:00Z,2026-08-12T17:15:00Z,75.68266337839863,Up,"[""1"", ""0""]",0.999,1212.509961,,0.4945,0.001,resolved,0x39ace5cc7279ac3dcc8f36b5d3fe941bdef0c686f7cef7c38bccc95c787a41b6,https://data.chain.link/streams/sol-usd-twap-30s-streams,,
xrp-updown-5m-1786554900,XRP,"XRP Up or Down - August 12, 1:15PM-1:20PM ET",2026-08-12T17:20:00Z,2026-08-12T17:15:00Z,1.0080225186911589,Down,"[""0"", ""1""]",0.19,438.1834010000001,,-0.5045,0.001,resolved,0x2f77c780dc0047d25e9c67a193af8c73c9a3ad47d567d97ea58c36a04abd2fc5,https://data.chain.link/streams/xrp-usd-twap-30s-streams,,
zec-updown-5m-1786554900,ZEC,"ZCash Up or Down - August 12, 1:15PM-1:20PM ET",2026-08-12T17:20:00Z,2026-08-12T17:15:00Z,497.4931478176067,Down,"[""0"", ""1""]",,,,-0.495,0.01,resolved,0xc9777f77b03d58134cc9df5e250af6974ca10e132e360baa176bf758bf3177ba,https://data.chain.link/streams/zec-usd-twap-30s-streams,,
bnb-updown-5m-1786555200,BNB,"BNB Up or Down - August 12, 1:20PM-1:25PM ET",2026-08-12T17:25:00Z,2026-08-12T17:20:00Z,610.7702442276113,Down,"[""0"", ""1""]",0.03,,,-0.5045,0.001,resolved,0x01b7a82f4c6ed4cfa8060e62b7b4f1109a95a2b6e3a2249ed4678448de86f53f,https://data.chain.link/streams/bnb-usd-twap-30s-streams,,
btc-updown-5m-1786555200,BTC,"Bitcoin Up or Down - August 12, 1:20PM-1:25PM ET",2026-08-12T17:25:00Z,2026-08-12T17:20:00Z,63454.9153212906,Down,"[""0"", ""1""]",0.01,57475.45577900004,2.960783,-0.5045,0.001,resolved,0xf5211d601d50cd5abef651c42fbcf8e6529d3a9e365b7e6594d050e436ba5de0,https://data.chain.link/streams/btc-usd-twap-30s-streams,,
doge-updown-5m-1786555200,DOGE,"Dogecoin Up or Down - August 12, 1:20PM-1:25PM ET",2026-08-12T17:25:00Z,2026-08-12T17:20:00Z,0.07071540096952293,Down,"[""0"", ""1""]",0.01,279.760456,,-0.4995,0.001,resolved,0x6a7315fa168c4cc67686e5a07c67655e092183093c71cc8cefdeed985936f4b4,https://data.chain.link/streams/doge-usd-twap-30s-streams,,
eth-updown-5m-1786555200,ETH,"Ethereum Up or Down - August 12, 1:20PM-1:25PM ET",2026-08-12T17:25:00Z,2026-08-12T17:20:00Z,1887.6256634714125,Down,"[""0"", ""1""]",0.03,4837.147917,,-0.5045,0.001,resolved,0x98c410e15cae23909b1f79fb829b3a548e71576954ee7fd5926a240268f4c898,https://data.chain.link/streams/eth-usd-twap-30s-streams,,
hype-updown-5m-1786555200,HYPE,"Hyperliquid Up or Down - August 12, 1:20PM-1:25PM ET",2026-08-12T17:25:00Z,2026-08-12T17:20:00Z,56.49697741416471,Up,"[""1"", ""0""]",0.99,,,0.495,0.01,resolved,0x3f43209e876123e231a7b3175d207395999a96958aa1993ab520b22a170d2432,https://data.chain.link/streams/hype-usd-twap-30s-streams,,
sol-updown-5m-1786555200,SOL,"Solana Up or Down - August 12, 1:20PM-1:25PM ET",2026-08-12T17:25:00Z,2026-08-12T17:20:00Z,75.7057185542154,Down,"[""0"", ""1""]",0.34,2432.664723000001,,-0.5,0.01,resolved,0x81a7b36e848368cb9b102aebac1d3c2264a2bfa05e3da0db9aa2a093843570f3,https://data.chain.link/streams/sol-usd-twap-30s-streams,,
xrp-updown-5m-1786555200,XRP,"XRP Up or Down - August 12, 1:20PM-1:25PM ET",2026-08-12T17:25:00Z,2026-08-12T17:20:00Z,1.0074125487357455,Down,"[""0"", ""1""]",0.03,1026.1592930000004,,-0.5045,0.001,resolved,0x7bed804419073ef81e25eedbe989d8165b36ae5d8ab80af672c48fc733c29ac6,https://data.chain.link/streams/xrp-usd-twap-30s-streams,,
zec-updown-5m-1786555200,ZEC,"ZCash Up or Down - August 12, 1:20PM-1:25PM ET",2026-08-12T17:25:00Z,2026-08-12T17:20:00Z,496.4022108931697,Down,"[""0"", ""1""]",,,,-0.495,0.01,resolved,0x93f366511c43b065c2269e646fc21d41ba44fa05d17aae0b2ee5632c8316ec9f,https://data.chain.link/streams/zec-usd-twap-30s-streams,,
bnb-updown-5m-1786555500,BNB,"BNB Up or Down - August 12, 1:25PM-1:30PM ET",2026-08-12T17:30:00Z,2026-08-12T17:25:00Z,610.2444349244821,Up,"[""1"", ""0""]",0.98,,,0.395,0.18,resolved,0x5cd7e6f40f09b885a5bdb2ae03255efbc8bcf147c8d6b28fd9025812e15eb331,https://data.chain.link/streams/bnb-usd-twap-30s-streams,,
btc-updown-5m-1786555500,BTC,"Bitcoin Up or Down - August 12, 1:25PM-1:30PM ET",2026-08-12T17:30:00Z,2026-08-12T17:25:00Z,63371.488874494935,Up,"[""1"", ""0""]",0.999,73006.84594500002,2.960783,0.49,0.01,resolved,0x5619e9d3cb096ae7aebce9a49ae372e9b5baa26eb8a89312b61a8078425b3ff4,https://data.chain.link/streams/btc-usd-twap-30s-streams,,
doge-updown-5m-1786555500,DOGE,"Dogecoin Up or Down - August 12, 1:25PM-1:30PM ET",2026-08-12T17:30:00Z,2026-08-12T17:25:00Z,0.07063235007979773,Down,"[""0"", ""1""]",0.24,,,-0.235,0.13,resolved,0x0391048c63cce80c4a5c83a46e4e20193f4ea93b3d5c6b429f8e1d536460f9a6,https://data.chain.link/streams/doge-usd-twap-30s-streams,,
eth-updown-5m-1786555500,ETH,"Ethereum Up or Down - August 12, 1:25PM-1:30PM ET",2026-08-12T17:30:00Z,2026-08-12T17:25:00Z,1885.623657536807,Down,"[""0"", ""1""]",0.01,,,-0.5,0.01,resolved,0x3f58eabe928ba0815716374f50f9b3a971656b85adc3b5ec8da32e2c520e9467,https://data.chain.link/streams/eth-usd-twap-30s-streams,,
hype-updown-5m-1786555500,HYPE,"Hyperliquid Up or Down - August 12, 1:25PM-1:30PM ET",2026-08-12T17:30:00Z,2026-08-12T17:25:00Z,56.560703263828415,Up,"[""1"", ""0""]",0.98,,,0.495,0.01,resolved,0x58ba6035352e05202f2f871315c84e127d1111986d0fa8517f49d54cdfdb13a2,https://data.chain.link/streams/hype-usd-twap-30s-streams,,
sol-updown-5m-1786555500,SOL,"Solana Up or Down - August 12, 1:25PM-1:30PM ET",2026-08-12T17:30:00Z,2026-08-12T17:25:00Z,75.67962295668903,Up,"[""1"", ""0""]",0.99,1437.689185,,0.49,0.01,resolved,0x7815751345a5a99e9389d95a4afaa58ba17025bbdad5a6d410bb30eb9f091e58,https://data.chain.link/streams/sol-usd-twap-30s-streams,,
xrp-updown-5m-1786555500,XRP,"XRP Up or Down - August 12, 1:25PM-1:30PM ET",2026-08-12T17:30:00Z,2026-08-12T17:25:00Z,1.0064636896894592,Up,"[""1"", ""0""]",0.999,570.206611,,0.49,0.01,resolved,0x552dacda929233d4eb1d3619ca77360fd341fac4cf7f12c0fb49a773a7218543,https://data.chain.link/streams/xrp-usd-twap-30s-streams,,
zec-updown-5m-1786555500,ZEC,"ZCash Up or Down - August 12, 1:25PM-1:30PM ET",2026-08-12T17:30:00Z,2026-08-12T17:25:00Z,495.04167283167186,Down,"[""0"", ""1""]",,,,,0.96,resolved,0xd85b4820c225a74a43675ae80a538437b6a06d5e1d2d6043d70f4806864f7686,https://data.chain.link/streams/zec-usd-twap-30s-streams,,
bnb-updown-5m-1786555800,BNB,"BNB Up or Down - August 12, 1:30PM-1:35PM ET",2026-08-12T17:35:00Z,2026-08-12T17:30:00Z,610.3206980325937,Up,"[""1"", ""0""]",0.999,,,0.4945,0.001,resolved,0x9b54422e5f111c42490bf2cf2f7bbd3746828aa8eb581626ba9fc0c899468fea,https://data.chain.link/streams/bnb-usd-twap-30s-streams,,
btc-updown-5m-1786555800,BTC,"Bitcoin Up or Down - August 12, 1:30PM-1:35PM ET",2026-08-12T17:35:00Z,2026-08-12T17:30:00Z,63377.282264486494,Up,"[""1"", ""0""]",0.99,56374.059274999985,32.372546,0.49,0.01,resolved,0xdd71b18d7740b8ec0b29d74f0aa2b915ab8a1369672df654f314becf99b62b5d,https://data.chain.link/streams/btc-usd-twap-30s-streams,,
doge-updown-5m-1786555800,DOGE,"Dogecoin Up or Down - August 12, 1:30PM-1:35PM ET",2026-08-12T17:35:00Z,2026-08-12T17:30:00Z,0.07063011068293051,Up,"[""1"", ""0""]",0.99,,,0.495,0.01,resolved,0x7bb7e7f4263af91fafd53346f05177509cc190ba1fe31fd6c3209c5ac4898228,https://data.chain.link/streams/doge-usd-twap-30s-streams,,
eth-updown-5m-1786555800,ETH,"Ethereum Up or Down - August 12, 1:30PM-1:35PM ET",2026-08-12T17:35:00Z,2026-08-12T17:30:00Z,1885.0069152550248,Up,"[""1"", ""0""]",0.99,5286.039542,,0.49,0.01,resolved,0xc173722cffdc411ea071b5f2af943e090135f610492b5ce2bc46750b61e40de7,https://data.chain.link/streams/eth-usd-twap-30s-streams,,
hype-updown-5m-1786555800,HYPE,"Hyperliquid Up or Down - August 12, 1:30PM-1:35PM ET",2026-08-12T17:35:00Z,2026-08-12T17:30:00Z,56.575157259188444,Up,"[""1"", ""0""]",0.99,,,0.495,0.01,resolved,0xe9fba3eedbe08421fe2e7cab187014b8300f23de39cadd2a5aff97397b591693,https://data.chain.link/streams/hype-usd-twap-30s-streams,,
sol-updown-5m-1786555800,SOL,"Solana Up or Down - August 12, 1:30PM-1:35PM ET",2026-08-12T17:35:00Z,2026-08-12T17:30:00Z,75.7518075610081,Up,"[""1"", ""0""]",0.999,1617.4913900000004,,0.4945,0.001,resolved,0xe09b14540f557eb24edf499d1cbbdcf26258ef74e1c1a2bea21c7c7b0dff7189,https://data.chain.link/streams/sol-usd-twap-30s-streams,,
xrp-updown-5m-1786555800,XRP,"XRP Up or Down - August 12, 1:30PM-1:35PM ET",2026-08-12T17:35:00Z,2026-08-12T17:30:00Z,1.0066745303881586,Up,"[""1"", ""0""]",0.98,535.908795,,0.4945,0.001,resolved,0xe9b67ac13548fd4f6e06127eaf5bf1d794dfe4f540916d0620a68f1a8d03bf5f,https://data.chain.link/streams/xrp-usd-twap-30s-streams,,
zec-updown-5m-1786555800,ZEC,"ZCash Up or Down - August 12, 1:30PM-1:35PM ET",2026-08-12T17:35:00Z,2026-08-12T17:30:00Z,493.9329833750178,Up,"[""1"", ""0""]",0.98,,,0.495,0.01,resolved,0x74fd6fcb9726a5f2c4a69de08bd767d6fe3b050631a869d06bfced0091c844ca,https://data.chain.link/streams/zec-usd-twap-30s-streams,,
bnb-updown-5m-1786556100,BNB,"BNB Up or Down - August 12, 1:35PM-1:40PM ET",2026-08-12T17:40:00Z,2026-08-12T17:35:00Z,610.6024584863037,Up,"[""1"", ""0""]",0.5,,,0.4945,0.001,resolved,0x3a200ced8e6a7661f8d9af21e940709a80d275739c6be559fbbc3a58101b2bdd,https://data.chain.link/streams/bnb-usd-twap-30s-streams,,
btc-updown-5m-1786556100,BTC,"Bitcoin Up or Down - August 12, 1:35PM-1:40PM ET",2026-08-12T17:40:00Z,2026-08-12T17:35:00Z,63408.7844138967,Down,"[""0"", ""1""]",0.01,89625.18908499987,2.960783,-0.5,0.01,resolved,0x13c4302d510915ac8efbfca497235ffd13052b5a15fe19463a750ee35d62b5a5,https://data.chain.link/streams/btc-usd-twap-30s-streams,,
doge-updown-5m-1786556100,DOGE,"Dogecoin Up or Down - August 12, 1:35PM-1:40PM ET",2026-08-12T17:40:00Z,2026-08-12T17:35:00Z,0.07066982643638456,Up,"[""1"", ""0""]",0.999,,,0.4995,0.001,resolved,0x3e94934e7885b84b92e44181630a8147f57a9b6e4b8e4407b581fdecef7529b7,https://data.chain.link/streams/doge-usd-twap-30s-streams,,
eth-updown-5m-1786556100,ETH,"Ethereum Up or Down - August 12, 1:35PM-1:40PM ET",2026-08-12T17:40:00Z,2026-08-12T17:35:00Z,1886.4037253426734,Up,"[""1"", ""0""]",0.99,,,0.4945,0.001,resolved,0x9f4c374dfa698ddf7379bc0695e734c932308042acb3562665206138efa98d34,https://data.chain.link/streams/eth-usd-twap-30s-streams,,
hype-updown-5m-1786556100,HYPE,"Hyperliquid Up or Down - August 12, 1:35PM-1:40PM ET",2026-08-12T17:40:00Z,2026-08-12T17:35:00Z,56.76915836474978,Up,"[""1"", ""0""]",0.71,,,0.495,0.01,resolved,0x9e426434bff33db5760264a232e280953d76794922f3007df14c3acb2ddc07d6,https://data.chain.link/streams/hype-usd-twap-30s-streams,,
sol-updown-5m-1786556100,SOL,"Solana Up or Down - August 12, 1:35PM-1:40PM ET",2026-08-12T17:40:00Z,2026-08-12T17:35:00Z,75.83877286802858,Up,"[""1"", ""0""]",0.97,1921.007462,,0.4945,0.001,resolved,0x9f12cfacd4e6e7d83197b62fb7dc1375b0dc58d2cd23db4fd9a06cc6287fbd73,https://data.chain.link/streams/sol-usd-twap-30s-streams,,
xrp-updown-5m-1786556100,XRP,"XRP Up or Down - August 12, 1:35PM-1:40PM ET",2026-08-12T17:40:00Z,2026-08-12T17:35:00Z,1.0078325009914877,Up,"[""1"", ""0""]",0.999,619.8415600000001,,0.4945,0.001,resolved,0xc0fa4f4cc0dcee887ef9d2e25e8febdf1c720c5712a320aaea7dc5fc2c633671,https://data.chain.link/streams/xrp-usd-twap-30s-streams,,
zec-updown-5m-1786556100,ZEC,"ZCash Up or Down - August 12, 1:35PM-1:40PM ET",2026-08-12T17:40:00Z,2026-08-12T17:35:00Z,496.13426715717947,Up,"[""1"", ""0""]",0.98,,,0.4995,0.001,resolved,0x5a9389233c8af66ab48533ca5a8cf2bb1069fe35bc2599763d142e9009d04980,https://data.chain.link/streams/zec-usd-twap-30s-streams,,
bnb-updown-5m-1786556400,BNB,"BNB Up or Down - August 12, 1:40PM-1:45PM ET",2026-08-12T17:45:00Z,2026-08-12T17:40:00Z,610.7132360675276,Down,"[""0"", ""1""]",0.24,303.3220130000001,,-0.5,0.01,resolved,0x7527fee4cd689b19a0a7b2ac104bdd3af4ab13c722281b9f7ee62fcb5167b25b,https://data.chain.link/streams/bnb-usd-twap-30s-streams,,
btc-updown-5m-1786556400,BTC,"Bitcoin Up or Down - August 12, 1:40PM-1:45PM ET",2026-08-12T17:45:00Z,2026-08-12T17:40:00Z,63408.07590014471,Down,"[""0"", ""1""]",0.01,66912.20357599999,2.960783,-0.5,0.01,resolved,0x19f327119400389a38e9eaa8b662a91ac648cc6373abc142d8a6d2c097c65001,https://data.chain.link/streams/btc-usd-twap-30s-streams,,
doge-updown-5m-1786556400,DOGE,"Dogecoin Up or Down - August 12, 1:40PM-1:45PM ET",2026-08-12T17:45:00Z,2026-08-12T17:40:00Z,0.07072365537061599,Up,"[""1"", ""0""]",0.99,570.9363490000001,,0.495,0.01,resolved,0xbb82c67b8e2d6411079be36bc1e9a79d88bf091f6cbe88560d54a7ddfbfacd6e,https://data.chain.link/streams/doge-usd-twap-30s-streams,,
eth-updown-5m-1786556400,ETH,"Ethereum Up or Down - August 12, 1:40PM-1:45PM ET",2026-08-12T17:45:00Z,2026-08-12T17:40:00Z,1886.7969374554293,Down,"[""0"", ""1""]",0.02,4291.945328000001,,-0.5,0.01,resolved,0x97649e6da79f57739dd0cf9b569f04c6490d2ee85a294d0f5468f1b2f93347c6,https://data.chain.link/streams/eth-usd-twap-30s-streams,,
hype-updown-5m-1786556400,HYPE,"Hyperliquid Up or Down - August 12, 1:40PM-1:45PM ET",2026-08-12T17:45:00Z,2026-08-12T17:40:00Z,56.78412106691184,Down,"[""0"", ""1""]",0.15,51.626018,,-0.495,0.01,resolved,0x529be72ee521b050a86cc5312cae72f7627066d98856683a78031d787639b614,https://data.chain.link/streams/hype-usd-twap-30s-streams,,
sol-updown-5m-1786556400,SOL,"Solana Up or Down - August 12, 1:40PM-1:45PM ET",2026-08-12T17:45:00Z,2026-08-12T17:40:00Z,75.86582300722212,Up,"[""1"", ""0""]",0.998,1840.6262099999997,,0.4945,0.001,resolved,0x0308dcba02d6f972566895cd3dc57e0cd6c421f1ae5d23938ef17a4344c3968a,https://data.chain.link/streams/sol-usd-twap-30s-streams,,
xrp-updown-5m-1786556400,XRP,"XRP Up or Down - August 12, 1:40PM-1:45PM ET",2026-08-12T17:45:00Z,2026-08-12T17:40:00Z,1.0089160737006764,Down,"[""0"", ""1""]",0.27,682.6423439999999,,-0.5,0.01,resolved,0x1a8c2f5323ca6ab3f6718fd23f875afd44f3ba7b2ccf9025d26570554f533876,https://data.chain.link/streams/xrp-usd-twap-30s-streams,,
zec-updown-5m-1786556400,ZEC,"ZCash Up or Down - August 12, 1:40PM-1:45PM ET",2026-08-12T17:45:00Z,2026-08-12T17:40:00Z,497.6545050261936,Down,"[""0"", ""1""]",,,,-0.495,0.01,resolved,0x94aa8c82d9bd11b28ca1052a4945b2a0d006f67a36de66aa53786a34f80c5fb5,https://data.chain.link/streams/zec-usd-twap-30s-streams,,
bnb-updown-5m-1786556700,BNB,"BNB Up or Down - August 12, 1:45PM-1:50PM ET",2026-08-12T17:50:00Z,2026-08-12T17:45:00Z,610.6133027021808,Down,"[""0"", ""1""]",0.08,146.170059,,-0.5045,0.001,resolved,0xbaa08bea7d52e4ea074e5908c844ac6f15d0f9e4bd070842b5a8b32c8005438e,https://data.chain.link/streams/bnb-usd-twap-30s-streams,,
btc-updown-5m-1786556700,BTC,"Bitcoin Up or Down - August 12, 1:45PM-1:50PM ET",2026-08-12T17:50:00Z,2026-08-12T17:45:00Z,63406.42264974785,Up,"[""1"", ""0""]",0.99,59826.31874599994,2.960783,0.49,0.01,resolved,0x8c93ac92e0388b272dc719b37f882fafc74768f9e4a583fb390db4ebf9fb14de,https://data.chain.link/streams/btc-usd-twap-30s-streams,,
doge-updown-5m-1786556700,DOGE,"Dogecoin Up or Down - August 12, 1:45PM-1:50PM ET",2026-08-12T17:50:00Z,2026-08-12T17:45:00Z,0.07072755534919979,Up,"[""1"", ""0""]",0.99,,,0.4995,0.001,resolved,0xbfadc9718ea1443675d8870fbe9e1ab58646cede617826dac135895d59a4dd4c,https://data.chain.link/streams/doge-usd-twap-30s-streams,,
eth-updown-5m-1786556700,ETH,"Ethereum Up or Down - August 12, 1:45PM-1:50PM ET",2026-08-12T17:50:00Z,2026-08-12T17:45:00Z,1886.2083077460447,Up,"[""1"", ""0""]",0.99,2755.657568,,0.4945,0.001,resolved,0xe865ffef172f7331cdc7611b9b5579143f15e86fe214656f569bc332b2be8730,https://data.chain.link/streams/eth-usd-twap-30s-streams,,
hype-updown-5m-1786556700,HYPE,"Hyperliquid Up or Down - August 12, 1:45PM-1:50PM ET",2026-08-12T17:50:00Z,2026-08-12T17:45:00Z,56.7427284922459,Down,"[""0"", ""1""]",0.001,,,-0.4995,0.001,resolved,0xdc0d75376e8511266acc3b572d43e414763030963337f466e0615ab447c4f7b2,https://data.chain.link/streams/hype-usd-twap-30s-streams,,
sol-updown-5m-1786556700,SOL,"Solana Up or Down - August 12, 1:45PM-1:50PM ET",2026-08-12T17:50:00Z,2026-08-12T17:45:00Z,75.89621189853426,Up,"[""1"", ""0""]",0.99,1415.6577179999995,,0.4945,0.001,resolved,0x279381b6ecc20283c91348d4b5773e116aeb08a9009baecfd789037ddfd749d6,https://data.chain.link/streams/sol-usd-twap-30s-streams,,
xrp-updown-5m-1786556700,XRP,"XRP Up or Down - August 12, 1:45PM-1:50PM ET",2026-08-12T17:50:00Z,2026-08-12T17:45:00Z,1.0086694946854948,Up,"[""1"", ""0""]",0.99,660.605545,,0.4945,0.001,resolved,0x432583780bff9f915516d51169725b5c3037209b24e4f3137007e29b858c0e5f,https://data.chain.link/streams/xrp-usd-twap-30s-streams,,
zec-updown-5m-1786556700,ZEC,"ZCash Up or Down - August 12, 1:45PM-1:50PM ET",2026-08-12T17:50:00Z,2026-08-12T17:45:00Z,497.3050127552024,Down,"[""0"", ""1""]",,,,-0.495,0.01,resolved,0x787091d92864deb3d6c825d2f49a265d420571a9408b7f7b1646cb802a2f691d,https://data.chain.link/streams/zec-usd-twap-30s-streams,,
bnb-updown-5m-1786557000,BNB,"BNB Up or Down - August 12, 1:50PM-1:55PM ET",2026-08-12T17:55:00Z,2026-08-12T17:50:00Z,610.3779186333057,Down,"[""0"", ""1""]",0.02,,,-0.5,0.01,resolved,0x62a01ddc777c4ebcda737d947ef166ba273b1488c3c92378bb8870755bb01817,https://data.chain.link/streams/bnb-usd-twap-30s-streams,,
btc-updown-5m-1786557000,BTC,"Bitcoin Up or Down - August 12, 1:50PM-1:55PM ET",2026-08-12T17:55:00Z,2026-08-12T17:50:00Z,63407.464792667364,Up,"[""1"", ""0""]",0.99,65653.84278799994,2.960783,0.49,0.01,resolved,0x383da093bdcbe0b3502cbcb64fb5653988e5769a83e361432591643cd8c64698,https://data.chain.link/streams/btc-usd-twap-30s-streams,,
doge-updown-5m-1786557000,DOGE,"Dogecoin Up or Down - August 12, 1:50PM-1:55PM ET",2026-08-12T17:55:00Z,2026-08-12T17:50:00Z,0.07077324497963607,Down,"[""0"", ""1""]",0.06,,,-0.495,0.01,resolved,0xa6db5b66fac7a38d086acfe0e20af26b571174915207c04299e3a811cd5a5513,https://data.chain.link/streams/doge-usd-twap-30s-streams,,
eth-updown-5m-1786557000,ETH,"Ethereum Up or Down - August 12, 1:50PM-1:55PM ET",2026-08-12T17:55:00Z,2026-08-12T17:50:00Z,1886.541974765488,Down,"[""0"", ""1""]",0.02,,,-0.5,0.01,resolved,0x6f525c4f206a92379b20e5ab02e5fa83d22bf15e565de7ffadbfaf451e3bdc42,https://data.chain.link/streams/eth-usd-twap-30s-streams,,
hype-updown-5m-1786557000,HYPE,"Hyperliquid Up or Down - August 12, 1:50PM-1:55PM ET",2026-08-12T17:55:00Z,2026-08-12T17:50:00Z,56.717842516374056,Up,"[""1"", ""0""]",0.99,,,0.495,0.01,resolved,0x810afad31ba5c4701bf393d1b246ce39b34a283b86b7b1fc0f837c2dce66bb46,https://data.chain.link/streams/hype-usd-twap-30s-streams,,
sol-updown-5m-1786557000,SOL,"Solana Up or Down - August 12, 1:50PM-1:55PM ET",2026-08-12T17:55:00Z,2026-08-12T17:50:00Z,75.9390467470234,Down,"[""0"", ""1""]",0.04,1433.2440450000001,,-0.5,0.01,resolved,0x2615681e252ab7e4efa0ffb3faf86e04c0af26d371894b6722a45618c8c3dc99,https://data.chain.link/streams/sol-usd-twap-30s-streams,,
xrp-updown-5m-1786557000,XRP,"XRP Up or Down - August 12, 1:50PM-1:55PM ET",2026-08-12T17:55:00Z,2026-08-12T17:50:00Z,1.0093397134372244,Down,"[""0"", ""1""]",0.06,711.2276739999998,,-0.5,0.01,resolved,0x2657049df5383cea25d17eb31f7cd1fa9ac2eb6fbcbf2b345cf3d864a49c243d,https://data.chain.link/streams/xrp-usd-twap-30s-streams,,
zec-updown-5m-1786557000,ZEC,"ZCash Up or Down - August 12, 1:50PM-1:55PM ET",2026-08-12T17:55:00Z,2026-08-12T17:50:00Z,496.29289740537513,Up,"[""1"", ""0""]",0.99,,,0.495,0.01,resolved,0xc3bafef03b674ed404975cdc89fad9297ae056125577de0d20312771c6b3deed,https://data.chain.link/streams/zec-usd-twap-30s-streams,,
bnb-updown-5m-1786557300,BNB,"BNB Up or Down - August 12, 1:55PM-2:00PM ET",2026-08-12T18:00:00Z,2026-08-12T17:55:00Z,610.2312796563538,Down,"[""0"", ""1""]",0.05,,,-0.5,0.01,resolved,0x47e0cc3da725e24ec72c6fbbd9e50228881e278e291114e74520c4162867a020,https://data.chain.link/streams/bnb-usd-twap-30s-streams,,
btc-updown-5m-1786557300,BTC,"Bitcoin Up or Down - August 12, 1:55PM-2:00PM ET",2026-08-12T18:00:00Z,2026-08-12T17:55:00Z,63413.48726041398,Down,"[""0"", ""1""]",0.01,50812.00459600006,2.960783,-0.5,0.01,resolved,0xf014f98e354beacaab15c9357e4e1952e6b14f74daf5ae4ed6d13043109687ae,https://data.chain.link/streams/btc-usd-twap-30s-streams,,
doge-updown-5m-1786557300,DOGE,"Dogecoin Up or Down - August 12, 1:55PM-2:00PM ET",2026-08-12T18:00:00Z,2026-08-12T17:55:00Z,0.07074354835677182,Down,"[""0"", ""1""]",0.11,,,-0.495,0.01,resolved,0x612b3260708da1e1ef13fdbdf601c2046d3fac3a9856aa91ab03bf6af028a143,https://data.chain.link/streams/doge-usd-twap-30s-streams,,
eth-updown-5m-1786557300,ETH,"Ethereum Up or Down - August 12, 1:55PM-2:00PM ET",2026-08-12T18:00:00Z,2026-08-12T17:55:00Z,1885.7603854524916,Up,"[""1"", ""0""]",0.99,,,0.49,0.01,resolved,0xcf4f28fbcb2ba4e64282b1bd4855742a79f3a99e47b998032387002b60f71481,https://data.chain.link/streams/eth-usd-twap-30s-streams,,
hype-updown-5m-1786557300,HYPE,"Hyperliquid Up or Down - August 12, 1:55PM-2:00PM ET",2026-08-12T18:00:00Z,2026-08-12T17:55:00Z,56.79025273113427,Up,"[""1"", ""0""]",0.99,,,0.495,0.01,resolved,0x238a29f17cc16b81f071276f8b4466be5fc4d252d9b1149c7db4d646f62a7c18,https://data.chain.link/streams/hype-usd-twap-30s-streams,,
sol-updown-5m-1786557300,SOL,"Solana Up or Down - August 12, 1:55PM-2:00PM ET",2026-08-12T18:00:00Z,2026-08-12T17:55:00Z,75.88993738754274,Down,"[""0"", ""1""]",0.06,1197.011111,,-0.495,0.01,resolved,0xba1e272eee7e43c38c6b9c596804b4e07fabfa6731e51d01186ea7a97fd706a7,https://data.chain.link/streams/sol-usd-twap-30s-streams,,
xrp-updown-5m-1786557300,XRP,"XRP Up or Down - August 12, 1:55PM-2:00PM ET",2026-08-12T18:00:00Z,2026-08-12T17:55:00Z,1.0089595301036132,Up,"[""1"", ""0""]",0.99,648.2540479999999,,0.495,0.01,resolved,0xc828002bea3c687beb04c85727e7173c120d83aca56eb9004fcfea324dd54846,https://data.chain.link/streams/xrp-usd-twap-30s-streams,,
zec-updown-5m-1786557300,ZEC,"ZCash Up or Down - August 12, 1:55PM-2:00PM ET",2026-08-12T18:00:00Z,2026-08-12T17:55:00Z,497.05852368848815,Down,"[""0"", ""1""]",,,,,0.96,resolved,0x292bdf937462fef7e83bd31dab4844c288c769182d65ebdd71985e89e56a8200,https://data.chain.link/streams/zec-usd-twap-30s-streams,,
bnb-updown-5m-1786557600,BNB,"BNB Up or Down - August 12, 2:00PM-2:05PM ET",2026-08-12T18:05:00Z,2026-08-12T18:00:00Z,610.0595462388017,Down,"[""0"", ""1""]",0.09,,,-0.5,0.01,resolved,0x28e851535645d4af3ab2ca6b9faf89a90c2ef5dafc12a88da1c9df49fa4945cd,https://data.chain.link/streams/bnb-usd-twap-30s-streams,,
btc-updown-5m-1786557600,BTC,"Bitcoin Up or Down - August 12, 2:00PM-2:05PM ET",2026-08-12T18:05:00Z,2026-08-12T18:00:00Z,63401.18011642398,Up,"[""1"", ""0""]",0.99,87155.98017799994,62.960783,0.49,0.01,resolved,0x86a3bf67cdc602c90e1edeaba3e44974bccd179f85937c2f2412406f015f536b,https://data.chain.link/streams/btc-usd-twap-30s-streams,,
doge-updown-5m-1786557600,DOGE,"Dogecoin Up or Down - August 12, 2:00PM-2:05PM ET",2026-08-12T18:05:00Z,2026-08-12T18:00:00Z,0.07073044873200741,Down,"[""0"", ""1""]",0.32,483.19917899999996,,-0.495,0.01,resolved,0x66d1e24bb60932bfb9e9b6b1220f27b89f286bb2969108697c23660930bf5f0d,https://data.chain.link/streams/doge-usd-twap-30s-streams,,
eth-updown-5m-1786557600,ETH,"Ethereum Up or Down - August 12, 2:00PM-2:05PM ET",2026-08-12T18:05:00Z,2026-08-12T18:00:00Z,1886.1499969846952,Up,"[""1"", ""0""]",0.99,5419.280959999998,7.843136,0.49,0.01,resolved,0x329be18857a7397e78edbe83a501342edc2f5ebbd1d297c060f59324b11fdf1a,https://data.chain.link/streams/eth-usd-twap-30s-streams,,
hype-updown-5m-1786557600,HYPE,"Hyperliquid Up or Down - August 12, 2:00PM-2:05PM ET",2026-08-12T18:05:00Z,2026-08-12T18:00:00Z,56.832955657784616,Down,"[""0"", ""1""]",0.04,,,-0.495,0.01,resolved,0x56216fdfd427549e3fc2980af40f3213a11310576126d43022815869115968a8,https://data.chain.link/streams/hype-usd-twap-30s-streams,,
sol-updown-5m-1786557600,SOL,"Solana Up or Down - August 12, 2:00PM-2:05PM ET",2026-08-12T18:05:00Z,2026-08-12T18:00:00Z,75.8381505195215,Up,"[""1"", ""0""]",0.99,1452.2839820000002,20,0.49,0.01,resolved,0x8d985997783b1c0ad72e40f4824d277d1836c21f7c4a9c8dbc4243d1c1fd5691,https://data.chain.link/streams/sol-usd-twap-30s-streams,,
xrp-updown-5m-1786557600,XRP,"XRP Up or Down - August 12, 2:00PM-2:05PM ET",2026-08-12T18:05:00Z,2026-08-12T18:00:00Z,1.009288463230512,Up,"[""1"", ""0""]",0.99,754.562248,20,0.49,0.01,resolved,0xc34a35cd26b7fa8f87322a2c6f29778cd22987c91ecf8ee60030c4fd9887feeb,https://data.chain.link/streams/xrp-usd-twap-30s-streams,,
zec-updown-5m-1786557600,ZEC,"ZCash Up or Down - August 12, 2:00PM-2:05PM ET",2026-08-12T18:05:00Z,2026-08-12T18:00:00Z,496.3157494105045,Up,"[""1"", ""0""]",0.98,,,0.495,0.01,resolved,0x0a11b1d01b2e0242a675600bc3b19c497a6f3a19b9c156b8897650cd7914e8c4,https://data.chain.link/streams/zec-usd-twap-30s-streams,,
bnb-updown-5m-1786557900,BNB,"BNB Up or Down - August 12, 2:05PM-2:10PM ET",2026-08-12T18:10:00Z,2026-08-12T18:05:00Z,609.892754154824,Down,"[""0"", ""1""]",0.02,,,-0.4995,0.009,resolved,0x53798426196c32ae8fea09724e98c2ce976acdee15524cfbfcaba79bac98982d,https://data.chain.link/streams/bnb-usd-twap-30s-streams,,
btc-updown-5m-1786557900,BTC,"Bitcoin Up or Down - August 12, 2:05PM-2:10PM ET",2026-08-12T18:10:00Z,2026-08-12T18:05:00Z,63403.44823103619,Down,"[""0"", ""1""]",0.01,59447.04590099994,227.960783,-0.5,0.01,resolved,0xc7521960495458ade595b98b7668655780f65375c2989cdddd4222e45ff80f00,https://data.chain.link/streams/btc-usd-twap-30s-streams,,
doge-updown-5m-1786557900,DOGE,"Dogecoin Up or Down - August 12, 2:05PM-2:10PM ET",2026-08-12T18:10:00Z,2026-08-12T18:05:00Z,0.0707066301747538,Up,"[""1"", ""0""]",0.99,,,0.495,0.01,resolved,0x1711c54cd8e9f140b0053dca6f918ba0511e122124007a572b98fd91190ba6e2,https://data.chain.link/streams/doge-usd-twap-30s-streams,,
eth-updown-5m-1786557900,ETH,"Ethereum Up or Down - August 12, 2:05PM-2:10PM ET",2026-08-12T18:10:00Z,2026-08-12T18:05:00Z,1887.1710686020888,Down,"[""0"", ""1""]",0.13,4182.983300000002,9.80392,-0.5,0.01,resolved,0x30af32b26f0d8cef9bee15cec1a3741823b74811ad67456f807695a438a3305b,https://data.chain.link/streams/eth-usd-twap-30s-streams,,
hype-updown-5m-1786557900,HYPE,"Hyperliquid Up or Down - August 12, 2:05PM-2:10PM ET",2026-08-12T18:10:00Z,2026-08-12T18:05:00Z,56.76278006739444,Down,"[""0"", ""1""]",0.15,,,-0.495,0.01,resolved,0x2a2b2ca83b835a172f607e3c9a56db0eb210f5001450ccab22c65b0163dde3c5,https://data.chain.link/streams/hype-usd-twap-30s-streams,,
sol-updown-5m-1786557900,SOL,"Solana Up or Down - August 12, 2:05PM-2:10PM ET",2026-08-12T18:10:00Z,2026-08-12T18:05:00Z,75.8982903323477,Down,"[""0"", ""1""]",0.07,1231.7728709999997,20,-0.495,0.01,resolved,0x2109b50e0e46b0079ccc91a1a65ca4e57cb4f3a0a73cd4cb6080c82c2c147585,https://data.chain.link/streams/sol-usd-twap-30s-streams,,
xrp-updown-5m-1786557900,XRP,"XRP Up or Down - August 12, 2:05PM-2:10PM ET",2026-08-12T18:10:00Z,2026-08-12T18:05:00Z,1.0098846875653287,Up,"[""1"", ""0""]",0.96,1309.0716469999998,20,0.475,0.04,resolved,0xe8ebce76a6ec628a8aed358d13c3090269b81bff7d2b892c49863c57652878a5,https://data.chain.link/streams/xrp-usd-twap-30s-streams,,
zec-updown-5m-1786557900,ZEC,"ZCash Up or Down - August 12, 2:05PM-2:10PM ET",2026-08-12T18:10:00Z,2026-08-12T18:05:00Z,497.23519986328455,Down,"[""0"", ""1""]",,,,,0.96,resolved,0xc97847bc7405c44dc91fd21a1e9c70d6c2959c61aef401bb759059d5588c2ec5,https://data.chain.link/streams/zec-usd-twap-30s-streams,,
bnb-updown-5m-1786558200,BNB,"BNB Up or Down - August 12, 2:10PM-2:15PM ET",2026-08-12T18:15:00Z,2026-08-12T18:10:00Z,609.5074587498542,Up,"[""1"", ""0""]",0.99,53.79238599999999,,0.4945,0.001,resolved,0xb8f0c01a9b9198748d0032cb9aeafa8a6775ab27f9c5f51f7667aefadbcc6e36,https://data.chain.link/streams/bnb-usd-twap-30s-streams,,
btc-updown-5m-1786558200,BTC,"Bitcoin Up or Down - August 12, 2:10PM-2:15PM ET",2026-08-12T18:15:00Z,2026-08-12T18:10:00Z,63387.96671665918,Up,"[""1"", ""0""]",0.999,64766.42234099997,69.960782,0.49,0.01,resolved,0x3c08e3403859d579c5a1070f03380bc24c0cc11b2d1ff6912be20d6e8c339afc,https://data.chain.link/streams/btc-usd-twap-30s-streams,,
doge-updown-5m-1786558200,DOGE,"Dogecoin Up or Down - August 12, 2:10PM-2:15PM ET",2026-08-12T18:15:00Z,2026-08-12T18:10:00Z,0.07072738881514982,Up,"[""1"", ""0""]",0.99,578.426053,,0.495,0.01,resolved,0xf71c1f1db5d09062d6298a550cc8b3edeb5c5f69d8c24dda8e99106c7be8a5d6,https://data.chain.link/streams/doge-usd-twap-30s-streams,,
eth-updown-5m-1786558200,ETH,"Ethereum Up or Down - August 12, 2:10PM-2:15PM ET",2026-08-12T18:15:00Z,2026-08-12T18:10:00Z,1886.5451144314247,Up,"[""1"", ""0""]",0.99,4848.287385000002,11.764704,0.49,0.01,resolved,0xbbb1a2505e174d486aec996e5d6537df62f73823d5e19f6bf349e75c616353f6,https://data.chain.link/streams/eth-usd-twap-30s-streams,,
hype-updown-5m-1786558200,HYPE,"Hyperliquid Up or Down - August 12, 2:10PM-2:15PM ET",2026-08-12T18:15:00Z,2026-08-12T18:10:00Z,56.709154768668576,Down,"[""0"", ""1""]",0.21,50.29033499999999,,-0.495,0.01,resolved,0xad817ca7b3e9731acefa8d432e5b04086d10630c5f7036cbe2ed4e30cb9361e6,https://data.chain.link/streams/hype-usd-twap-30s-streams,,
sol-updown-5m-1786558200,SOL,"Solana Up or Down - August 12, 2:10PM-2:15PM ET",2026-08-12T18:15:00Z,2026-08-12T18:10:00Z,75.88479135746901,Up,"[""1"", ""0""]",0.99,1942.1071569999995,20,0.4945,0.001,resolved,0x1cd8494272b0a5cf1390d4cf4af3600495361eabf2b0beda5f57a1a7de844baf,https://data.chain.link/streams/sol-usd-twap-30s-streams,,
xrp-updown-5m-1786558200,XRP,"XRP Up or Down - August 12, 2:10PM-2:15PM ET",2026-08-12T18:15:00Z,2026-08-12T18:10:00Z,1.0099882531311626,Up,"[""1"", ""0""]",0.99,1226.2228639999998,20,0.48,0.01,resolved,0x44ccfdcc7e461cc2776758f3992bbf7b48212ce59f3e09833f675cb3bf5266a1,https://data.chain.link/streams/xrp-usd-twap-30s-streams,,
zec-updown-5m-1786558200,ZEC,"ZCash Up or Down - August 12, 2:10PM-2:15PM ET",2026-08-12T18:15:00Z,2026-08-12T18:10:00Z,496.8281165281145,Down,"[""0"", ""1""]",,,,-0.49,0.01,resolved,0xc382a87d880911bbc26db0a6347cf3099f44edee5ce4bc4b5aad38b3ca35875d,https://data.chain.link/streams/zec-usd-twap-30s-streams,,
bnb-updown-5m-1786558500,BNB,"BNB Up or Down - August 12, 2:15PM-2:20PM ET",2026-08-12T18:20:00Z,2026-08-12T18:15:00Z,609.961683997549,Down,"[""0"", ""1""]",0.02,,,-0.5045,0.001,resolved,0xc5ea06dec0bbe2b21818d75e2f3dadecdd046f67fb5138c611c5b272b2054811,https://data.chain.link/streams/bnb-usd-twap-30s-streams,,
btc-updown-5m-1786558500,BTC,"Bitcoin Up or Down - August 12, 2:15PM-2:20PM ET",2026-08-12T18:20:00Z,2026-08-12T18:15:00Z,63406.32776152808,Down,"[""0"", ""1""]",0.001,48007.50866499995,2.960783,-0.5045,0.001,resolved,0x6eb8bc3a65f9ebfafefdd951a12e6a44b56fbb76df6bba02bdfa113ed1b3fc14,https://data.chain.link/streams/btc-usd-twap-30s-streams,,
doge-updown-5m-1786558500,DOGE,"Dogecoin Up or Down - August 12, 2:15PM-2:20PM ET",2026-08-12T18:20:00Z,2026-08-12T18:15:00Z,0.07075346971654388,Down,"[""0"", ""1""]",0.05,,,-0.4995,0.001,resolved,0xd930cdcb5785cb718ccdef12bf138f4db791236af9c05e5cd492842f13d7410b,https://data.chain.link/streams/doge-usd-twap-30s-streams,,
eth-updown-5m-1786558500,ETH,"Ethereum Up or Down - August 12, 2:15PM-2:20PM ET",2026-08-12T18:20:00Z,2026-08-12T18:15:00Z,1887.6103330410137,Down,"[""0"", ""1""]",0.01,3041.2202230000003,13.725489,-0.5045,0.001,resolved,0x060cc2772e6bebc1242a15f343bcb6ed9224750ef8d3d1eb1e0d50f6c3eada83,https://data.chain.link/streams/eth-usd-twap-30s-streams,,
hype-updown-5m-1786558500,HYPE,"Hyperliquid Up or Down - August 12, 2:15PM-2:20PM ET",2026-08-12T18:20:00Z,2026-08-12T18:15:00Z,56.673644295888934,Down,"[""0"", ""1""]",0.15,,,-0.4995,0.001,resolved,0x92f8d4162a2326b07f7c2713bc84ffb72771a269d89eeb3a673933b0b527036f,https://data.chain.link/streams/hype-usd-twap-30s-streams,,
sol-updown-5m-1786558500,SOL,"Solana Up or Down - August 12, 2:15PM-2:20PM ET",2026-08-12T18:20:00Z,2026-08-12T18:15:00Z,75.93700762715157,Down,"[""0"", ""1""]",0.007,1612.5812600000002,,-0.5045,0.001,resolved,0xe5a4d8ffd55d720531a6cbc05566cdfc1cb66dcf442466a5f09a29ae97b054e9,https://data.chain.link/streams/sol-usd-twap-30s-streams,,
xrp-updown-5m-1786558500,XRP,"XRP Up or Down - August 12, 2:15PM-2:20PM ET",2026-08-12T18:20:00Z,2026-08-12T18:15:00Z,1.0101731963862073,Down,"[""0"", ""1""]",0.03,478.076717,,-0.5045,0.001,resolved,0x42c5fb143806c6765e16770c60ee8c811767bd358d2627a0616dad42207ad9de,https://data.chain.link/streams/xrp-usd-twap-30s-streams,,
zec-updown-5m-1786558500,ZEC,"ZCash Up or Down - August 12, 2:15PM-2:20PM ET",2026-08-12T18:20:00Z,2026-08-12T18:15:00Z,496.5508783147719,Down,"[""0"", ""1""]",,,,-0.495,0.01,resolved,0xa5a1c388f45c3d53955ae90c927bf540f027bbf8ad5d3330e5ff4794678f6c7c,https://data.chain.link/streams/zec-usd-twap-30s-streams,,
bnb-updown-5m-1786558800,BNB,"BNB Up or Down - August 12, 2:20PM-2:25PM ET",2026-08-12T18:25:00Z,2026-08-12T18:20:00Z,609.4969666065052,Up,"[""1"", ""0""]",0.99,328.56494499999997,,0.49,0.01,resolved,0xa90c90a0412e5239e6cd2497fc6d5439f28e15f6daff9f00e51f29a7b83f487d,https://data.chain.link/streams/bnb-usd-twap-30s-streams,,
btc-updown-5m-1786558800,BTC,"Bitcoin Up or Down - August 12, 2:20PM-2:25PM ET",2026-08-12T18:25:00Z,2026-08-12T18:20:00Z,63347.830755699666,Down,"[""0"", ""1""]",0.01,68149.39960299997,2.960783,-0.5,0.01,resolved,0xe62bb9ffb98594776bddd19c9925f8dd39a99df0dd84a48103d1bf55f1a812ea,https://data.chain.link/streams/btc-usd-twap-30s-streams,,
doge-updown-5m-1786558800,DOGE,"Dogecoin Up or Down - August 12, 2:20PM-2:25PM ET",2026-08-12T18:25:00Z,2026-08-12T18:20:00Z,0.07070382630204758,Down,"[""0"", ""1""]",0.15,,,-0.495,0.01,resolved,0xb89285329d33dab7bab6dec95f813d278999b98c01bc0304153c17c4614c4d03,https://data.chain.link/streams/doge-usd-twap-30s-streams,,
eth-updown-5m-1786558800,ETH,"Ethereum Up or Down - August 12, 2:20PM-2:25PM ET",2026-08-12T18:25:00Z,2026-08-12T18:20:00Z,1885.1661940959475,Down,"[""0"", ""1""]",0.01,4506.646096000001,15.686273,-0.5,0.01,resolved,0x0ace7748a512b72214b518b26d813f2841863b48383a97145757c0061d4c4db6,https://data.chain.link/streams/eth-usd-twap-30s-streams,,
hype-updown-5m-1786558800,HYPE,"Hyperliquid Up or Down - August 12, 2:20PM-2:25PM ET",2026-08-12T18:25:00Z,2026-08-12T18:20:00Z,56.54981350270766,Down,"[""0"", ""1""]",0.11,,,-0.495,0.01,resolved,0x0678eccc1ea2b7649b4539842fe8ec5c4974c5675c11560e560cf7ba4008fefa,https://data.chain.link/streams/hype-usd-twap-30s-streams,,
sol-updown-5m-1786558800,SOL,"Solana Up or Down - August 12, 2:20PM-2:25PM ET",2026-08-12T18:25:00Z,2026-08-12T18:20:00Z,75.89357910557919,Down,"[""0"", ""1""]",0.04,,,-0.5,0.01,resolved,0x245ec12b87113fa5a80a10f741c38fd2f1339a5a1ce929eb0d5edc258e8f5b21,https://data.chain.link/streams/sol-usd-twap-30s-streams,,
xrp-updown-5m-1786558800,XRP,"XRP Up or Down - August 12, 2:20PM-2:25PM ET",2026-08-12T18:25:00Z,2026-08-12T18:20:00Z,1.0094303807353242,Up,"[""1"", ""0""]",0.99,672.6435359999998,,0.49,0.01,resolved,0xd245984bdcfb93db5c481175679e9cf0934126239185fdb6a905962204e7174b,https://data.chain.link/streams/xrp-usd-twap-30s-streams,,
zec-updown-5m-1786558800,ZEC,"ZCash Up or Down - August 12, 2:20PM-2:25PM ET",2026-08-12T18:25:00Z,2026-08-12T18:20:00Z,494.5765049206726,Up,"[""1"", ""0""]",0.99,,,0.495,0.01,resolved,0xe657183a8085e78f203e2f9b088362ca2e25b4e6678d560d4be49f2f146b30ee,https://data.chain.link/streams/zec-usd-twap-30s-streams,,
bnb-updown-5m-1786559100,BNB,"BNB Up or Down - August 12, 2:25PM-2:30PM ET",2026-08-12T18:30:00Z,2026-08-12T18:25:00Z,,Up,"[""1"", ""0""]",0.99,,,0.49,0.01,resolved,0x447fc65ea563a948c995c8f78f2f58a4b2fc8d626bb9f800a537055ff0d925b9,https://data.chain.link/streams/bnb-usd-twap-30s-streams,,
btc-updown-5m-1786559100,BTC,"Bitcoin Up or Down - August 12, 2:25PM-2:30PM ET",2026-08-12T18:30:00Z,2026-08-12T18:25:00Z,,Up,"[""1"", ""0""]",0.999,37142.272047000006,2.960783,0.49,0.01,resolved,0x78dd02b794dc1461a111d410366bc2f725d15d0fe6915d189873873c6817cb4e,https://data.chain.link/streams/btc-usd-twap-30s-streams,,
doge-updown-5m-1786559100,DOGE,"Dogecoin Up or Down - August 12, 2:25PM-2:30PM ET",2026-08-12T18:30:00Z,2026-08-12T18:25:00Z,,Up,"[""1"", ""0""]",0.99,,,0.495,0.01,resolved,0xf87f7649ff0c7519e190717d49a1f32b86161bc29e9c5c1b71652c748d527157,https://data.chain.link/streams/doge-usd-twap-30s-streams,,
eth-updown-5m-1786559100,ETH,"Ethereum Up or Down - August 12, 2:25PM-2:30PM ET",2026-08-12T18:30:00Z,2026-08-12T18:25:00Z,,Up,"[""1"", ""0""]",0.99,5727.12875,,0.49,0.01,resolved,0x6747134d438776d72cd8c8fb6c3f20fd38fbb040fcea7c41a51ad6c53ed85279,https://data.chain.link/streams/eth-usd-twap-30s-streams,,
hype-updown-5m-1786559100,HYPE,"Hyperliquid Up or Down - August 12, 2:25PM-2:30PM ET",2026-08-12T18:30:00Z,2026-08-12T18:25:00Z,,Up,"[""1"", ""0""]",0.98,,,0.495,0.01,resolved,0x647ca578d0e719e75cfc9e198d0f8e84bcbbc180381027095a8b533c76480644,https://data.chain.link/streams/hype-usd-twap-30s-streams,,
sol-updown-5m-1786559100,SOL,"Solana Up or Down - August 12, 2:25PM-2:30PM ET",2026-08-12T18:30:00Z,2026-08-12T18:25:00Z,,Up,"[""1"", ""0""]",0.99,,,0.49,0.01,resolved,0xce6dccb95f38bf08165ea42ad19d10cc3103cd7ab60ee7f146dd1006782634af,https://data.chain.link/streams/sol-usd-twap-30s-streams,,
xrp-updown-5m-1786559100,XRP,"XRP Up or Down - August 12, 2:25PM-2:30PM ET",2026-08-12T18:30:00Z,2026-08-12T18:25:00Z,,Up,"[""1"", ""0""]",0.99,426.59878800000007,,0.49,0.01,resolved,0x48fc6980fd4ff7c106699612d303adf46517220b969f582f7c3b62f1704c9fd7,https://data.chain.link/streams/xrp-usd-twap-30s-streams,,
zec-updown-5m-1786559100,ZEC,"ZCash Up or Down - August 12, 2:25PM-2:30PM ET",2026-08-12T18:30:00Z,2026-08-12T18:25:00Z,,Up,"[""1"", ""0""]",,,,,0.98,resolved,0x2969fb26b3915fdc95ec86707897b488336971cab07fb75190267a305068117a,https://data.chain.link/streams/zec-usd-twap-30s-streams,,
bnb-updown-5m-1786559400,BNB,"BNB Up or Down - August 12, 2:30PM-2:35PM ET",2026-08-12T18:35:00Z,2026-08-12T18:30:00Z,610.2066097921718,Up,"[""1"", ""0""]",0.999,,,0.4995,0.001,resolved,0xb3c8aac81e645d73167317ed083d29d4642247c180418395d17307ab382864a2,https://data.chain.link/streams/bnb-usd-twap-30s-streams,,
btc-updown-5m-1786559400,BTC,"Bitcoin Up or Down - August 12, 2:30PM-2:35PM ET",2026-08-12T18:35:00Z,2026-08-12T18:30:00Z,63367.077465478345,Up,"[""1"", ""0""]",0.999,50894.49484000002,2.960783,0.4945,0.001,resolved,0x5ba71950c5a5f895a727c4292663492c12ca1b938383d97e9e88d40ca9786ea6,https://data.chain.link/streams/btc-usd-twap-30s-streams,,
doge-updown-5m-1786559400,DOGE,"Dogecoin Up or Down - August 12, 2:30PM-2:35PM ET",2026-08-12T18:35:00Z,2026-08-12T18:30:00Z,0.07071034766366224,Up,"[""1"", ""0""]",0.999,334.48440999999997,,0.4995,0.001,resolved,0x4e54ebc9c9075010f347730d959e63c6308243a6beb79c147fb1f1b57798001c,https://data.chain.link/streams/doge-usd-twap-30s-streams,,
eth-updown-5m-1786559400,ETH,"Ethereum Up or Down - August 12, 2:30PM-2:35PM ET",2026-08-12T18:35:00Z,2026-08-12T18:30:00Z,1885.275484710782,Up,"[""1"", ""0""]",0.999,4606.289723,,0.4945,0.001,resolved,0x6e87a1791e4488e58c2f32927d3138e907f858a3111c68375fd257f01309ef48,https://data.chain.link/streams/eth-usd-twap-30s-streams,,
hype-updown-5m-1786559400,HYPE,"Hyperliquid Up or Down - August 12, 2:30PM-2:35PM ET",2026-08-12T18:35:00Z,2026-08-12T18:30:00Z,56.51278012545616,Up,"[""1"", ""0""]",0.999,96.954652,,0.4995,0.001,resolved,0x2e4b106721f552e8cfec63511fc5bfa8086aace8fd009aefeb151f5bf74d87b3,https://data.chain.link/streams/hype-usd-twap-30s-streams,,
sol-updown-5m-1786559400,SOL,"Solana Up or Down - August 12, 2:30PM-2:35PM ET",2026-08-12T18:35:00Z,2026-08-12T18:30:00Z,75.8976600641461,Up,"[""1"", ""0""]",0.99,,,0.4995,0.001,resolved,0xd5757ad18ef6d73d5d9e3cdd353b334a5eb529ae701f9d6321aa09c6012413c2,https://data.chain.link/streams/sol-usd-twap-30s-streams,,
xrp-updown-5m-1786559400,XRP,"XRP Up or Down - August 12, 2:30PM-2:35PM ET",2026-08-12T18:35:00Z,2026-08-12T18:30:00Z,1.0108568108180116,Down,"[""0"", ""1""]",0.04,1252.0677009999997,,-0.495,0.01,resolved,0x21b1c28ef24bdf90a1e123033566451d81dfd43a96a84fbaa45a96f4a500933e,https://data.chain.link/streams/xrp-usd-twap-30s-streams,,
zec-updown-5m-1786559400,ZEC,"ZCash Up or Down - August 12, 2:30PM-2:35PM ET",2026-08-12T18:35:00Z,2026-08-12T18:30:00Z,496.5095607845453,Up,"[""1"", ""0""]",0.99,,,0.495,0.01,resolved,0xd1a513d40a3ab5f8d1b8086c7ae0959c8995b969d36875fa241a339f4b5d0588,https://data.chain.link/streams/zec-usd-twap-30s-streams,,
bnb-updown-5m-1786559700,BNB,"BNB Up or Down - August 12, 2:35PM-2:40PM ET",2026-08-12T18:40:00Z,2026-08-12T18:35:00Z,610.5704684441572,Down,"[""0"", ""1""]",0.05,,,-0.5045,0.001,resolved,0x019845ba7b7dbe3391cd2ea9f1ebb836f2da38900ea3acb7a75775fdd486047e,https://data.chain.link/streams/bnb-usd-twap-30s-streams,,
btc-updown-5m-1786559700,BTC,"Bitcoin Up or Down - August 12, 2:35PM-2:40PM ET",2026-08-12T18:40:00Z,2026-08-12T18:35:00Z,63430.979511137564,Down,"[""0"", ""1""]",0.01,34299.56188399999,2.960783,-0.5045,0.001,resolved,0x4d1132853a082238bda7b3eaad34af81f21dc868303abea65986c316631f6bee,https://data.chain.link/streams/btc-usd-twap-30s-streams,,
doge-updown-5m-1786559700,DOGE,"Dogecoin Up or Down - August 12, 2:35PM-2:40PM ET",2026-08-12T18:40:00Z,2026-08-12T18:35:00Z,0.0707287151347174,Down,"[""0"", ""1""]",0.05,,,-0.4995,0.001,resolved,0x32183e2632f4d7d963f682d7d7120b5a8196155d212d3e27c00e3d1f55d93e0c,https://data.chain.link/streams/doge-usd-twap-30s-streams,,
eth-updown-5m-1786559700,ETH,"Ethereum Up or Down - August 12, 2:35PM-2:40PM ET",2026-08-12T18:40:00Z,2026-08-12T18:35:00Z,1887.7458919830574,Down,"[""0"", ""1""]",0.01,,,-0.5045,0.001,resolved,0x34399a31deba250b503372c7183a02d96e82593ca5bb5d33642350b0187ba19f,https://data.chain.link/streams/eth-usd-twap-30s-streams,,
hype-updown-5m-1786559700,HYPE,"Hyperliquid Up or Down - August 12, 2:35PM-2:40PM ET",2026-08-12T18:40:00Z,2026-08-12T18:35:00Z,56.692651956522624,Down,"[""0"", ""1""]",0.31,,,-0.4995,0.001,resolved,0x7186e383c1e252d21ae46d02d087481b8753e3d2048c6cdf35892d31acaeef4e,https://data.chain.link/streams/hype-usd-twap-30s-streams,,
sol-updown-5m-1786559700,SOL,"Solana Up or Down - August 12, 2:35PM-2:40PM ET",2026-08-12T18:40:00Z,2026-08-12T18:35:00Z,75.95140532701942,Down,"[""0"", ""1""]",0.05,,,-0.5045,0.001,resolved,0xb256b171aeef8928b9a5b08b8892a52c18bd90fd3283dad5e27cc7e24f166b23,https://data.chain.link/streams/sol-usd-twap-30s-streams,,
xrp-updown-5m-1786559700,XRP,"XRP Up or Down - August 12, 2:35PM-2:40PM ET",2026-08-12T18:40:00Z,2026-08-12T18:35:00Z,1.0106646107515016,Down,"[""0"", ""1""]",0.01,1081.983461,,-0.5045,0.001,resolved,0xa417363017b0a48568d6d6e85987767c3ee52d080a55b9ad7c6e8d7002e433a1,https://data.chain.link/streams/xrp-usd-twap-30s-streams,,
zec-updown-5m-1786559700,ZEC,"ZCash Up or Down - August 12, 2:35PM-2:40PM ET",2026-08-12T18:40:00Z,2026-08-12T18:35:00Z,498.3996490406422,Down,"[""0"", ""1""]",,,,-0.495,0.01,resolved,0xee76602efd8e8ddb1b0efb5a594ea2062178bc3f797500e0e22ae10a131d25eb,https://data.chain.link/streams/zec-usd-twap-30s-streams,,
bnb-updown-5m-1786560000,BNB,"BNB Up or Down - August 12, 2:40PM-2:45PM ET",2026-08-12T18:45:00Z,2026-08-12T18:40:00Z,610.3429253476717,Down,"[""0"", ""1""]",0.03,118.43817999999999,,-0.5045,0.001,resolved,0xc49e2a9008a324b2a7d2dd450e1d76d9f483ac0d43bed0014061c0872d84ee81,https://data.chain.link/streams/bnb-usd-twap-30s-streams,,
btc-updown-5m-1786560000,BTC,"Bitcoin Up or Down - August 12, 2:40PM-2:45PM ET",2026-08-12T18:45:00Z,2026-08-12T18:40:00Z,63376.7813973587,Down,"[""0"", ""1""]",0.01,73175.28685400002,7.960782,-0.5,0.01,resolved,0xa0ef0b8f2e782ba3b4c7c7a8270d348108237908bb0fafeb4641b23cca8aca78,https://data.chain.link/streams/btc-usd-twap-30s-streams,,
doge-updown-5m-1786560000,DOGE,"Dogecoin Up or Down - August 12, 2:40PM-2:45PM ET",2026-08-12T18:45:00Z,2026-08-12T18:40:00Z,0.07070773662082468,Up,"[""1"", ""0""]",0.99,536.816774,,0.495,0.01,resolved,0x2d684095b3a6feaa08059cc822b2091847aee9f168ec5fbd40945e8c78d6c4bd,https://data.chain.link/streams/doge-usd-twap-30s-streams,,
eth-updown-5m-1786560000,ETH,"Ethereum Up or Down - August 12, 2:40PM-2:45PM ET",2026-08-12T18:45:00Z,2026-08-12T18:40:00Z,1886.197134562035,Down,"[""0"", ""1""]",0.05,5024.550239999999,,-0.4995,0.001,resolved,0x7ca781310df2881cfb61ce8d6b614f371243579e032547b848a0cade7b8c9678,https://data.chain.link/streams/eth-usd-twap-30s-streams,,
hype-updown-5m-1786560000,HYPE,"Hyperliquid Up or Down - August 12, 2:40PM-2:45PM ET",2026-08-12T18:45:00Z,2026-08-12T18:40:00Z,56.61987897115724,Down,"[""0"", ""1""]",0.03,47.8734,,-0.495,0.01,resolved,0x5f38f12c3be3d73f7c8f5163c6dde57ae520ea77c06cd92b8639611a75316752,https://data.chain.link/streams/hype-usd-twap-30s-streams,,
sol-updown-5m-1786560000,SOL,"Solana Up or Down - August 12, 2:40PM-2:45PM ET",2026-08-12T18:45:00Z,2026-08-12T18:40:00Z,75.9135826231398,Up,"[""1"", ""0""]",0.99,1087.1911820000003,,0.49,0.01,resolved,0x8c61235e2a83cb293bb7a654872330410827446612f4d52bfae76b7c3bb64743,https://data.chain.link/streams/sol-usd-twap-30s-streams,,
xrp-updown-5m-1786560000,XRP,"XRP Up or Down - August 12, 2:40PM-2:45PM ET",2026-08-12T18:45:00Z,2026-08-12T18:40:00Z,1.0094766837388276,Up,"[""1"", ""0""]",0.99,756.9831340000002,,0.495,0.01,resolved,0x1cbc53f9e10c38b9eacfae64dbc514771bc779f3f56e75b6adddb5d1413ed0ef,https://data.chain.link/streams/xrp-usd-twap-30s-streams,,
zec-updown-5m-1786560000,ZEC,"ZCash Up or Down - August 12, 2:40PM-2:45PM ET",2026-08-12T18:45:00Z,2026-08-12T18:40:00Z,497.30840041902366,Up,"[""1"", ""0""]",0.99,,,0.495,0.01,resolved,0x903657a20541ee136944a14a2542ff7e8abc432633cf676e6c9269f3399accd5,https://data.chain.link/streams/zec-usd-twap-30s-streams,,
bnb-updown-5m-1786560300,BNB,"BNB Up or Down - August 12, 2:45PM-2:50PM ET",2026-08-12T18:50:00Z,2026-08-12T18:45:00Z,610.0887837650422,Up,"[""1"", ""0""]",0.99,205.31210100000004,,0.4945,0.001,resolved,0x2b223563d38d8b2e51f19a0928392106bcca14ccf4e8f27b53bae4d1f4786a1f,https://data.chain.link/streams/bnb-usd-twap-30s-streams,,
btc-updown-5m-1786560300,BTC,"Bitcoin Up or Down - August 12, 2:45PM-2:50PM ET",2026-08-12T18:50:00Z,2026-08-12T18:45:00Z,63374.94631824623,Down,"[""0"", ""1""]",0.01,39122.68890500004,7.960783,-0.5045,0.001,resolved,0xc6ef47b7de653bb9d826504640607f762943c27efb082cfbac1efb2a45a90bbb,https://data.chain.link/streams/btc-usd-twap-30s-streams,,
doge-updown-5m-1786560300,DOGE,"Dogecoin Up or Down - August 12, 2:45PM-2:50PM ET",2026-08-12T18:50:00Z,2026-08-12T18:45:00Z,0.07071090149080023,Down,"[""0"", ""1""]",0.09,166.99777500000002,,-0.4995,0.001,resolved,0x0c1b3be892eaad2fb66ca28d810cc51ef3b49e72244a6d9806d0670202018e2b,https://data.chain.link/streams/doge-usd-twap-30s-streams,,
eth-updown-5m-1786560300,ETH,"Ethereum Up or Down - August 12, 2:45PM-2:50PM ET",2026-08-12T18:50:00Z,2026-08-12T18:45:00Z,1885.7428855750406,Down,"[""0"", ""1""]",0.02,3121.653177,,-0.5045,0.001,resolved,0x37c6c88e23648accae7b3c7092d595eee3ad28e7adc5f9b55753b50653db7da6,https://data.chain.link/streams/eth-usd-twap-30s-streams,,
hype-updown-5m-1786560300,HYPE,"Hyperliquid Up or Down - August 12, 2:45PM-2:50PM ET",2026-08-12T18:50:00Z,2026-08-12T18:45:00Z,56.55497883565802,Down,"[""0"", ""1""]",0.11,57.637916,,-0.4995,0.001,resolved,0xcf90b216c3e2c266979ceffd49baa4e78b20112a884d5bc41bb3815daf3f4fb2,https://data.chain.link/streams/hype-usd-twap-30s-streams,,
sol-updown-5m-1786560300,SOL,"Solana Up or Down - August 12, 2:45PM-2:50PM ET",2026-08-12T18:50:00Z,2026-08-12T18:45:00Z,75.94496378692563,Down,"[""0"", ""1""]",0.05,610.9696069999999,,-0.5045,0.001,resolved,0xa2bcba6d06c9c73c7745bb452ec3dcb3d28d456188e1e7f3735afbcd15dbeb60,https://data.chain.link/streams/sol-usd-twap-30s-streams,,
xrp-updown-5m-1786560300,XRP,"XRP Up or Down - August 12, 2:45PM-2:50PM ET",2026-08-12T18:50:00Z,2026-08-12T18:45:00Z,1.009578227182735,Down,"[""0"", ""1""]",0.08,601.145051,,-0.5045,0.001,resolved,0x07adf3d7df4ab9bbcbe364fc2a932d97d979be1a937c93a598227dc1b4ad8aff,https://data.chain.link/streams/xrp-usd-twap-30s-streams,,
zec-updown-5m-1786560300,ZEC,"ZCash Up or Down - August 12, 2:45PM-2:50PM ET",2026-08-12T18:50:00Z,2026-08-12T18:45:00Z,497.50464377685796,Up,"[""1"", ""0""]",0.98,,,0.5,0.01,resolved,0xb5020f4945272f013b6f7920c744ce15141e89b07e9427a023569d75d1fdeb35,https://data.chain.link/streams/zec-usd-twap-30s-streams,,
bnb-updown-5m-1786560600,BNB,"BNB Up or Down - August 12, 2:50PM-2:55PM ET",2026-08-12T18:55:00Z,2026-08-12T18:50:00Z,610.1705918242377,Down,"[""0"", ""1""]",0.01,,,-0.5045,0.001,resolved,0x69e9be924c762fd2881e0875b0202ff603a179acd27e370fe68a7b34f47446b3,https://data.chain.link/streams/bnb-usd-twap-30s-streams,,
btc-updown-5m-1786560600,BTC,"Bitcoin Up or Down - August 12, 2:50PM-2:55PM ET",2026-08-12T18:55:00Z,2026-08-12T18:50:00Z,63354.89932706892,Down,"[""0"", ""1""]",0.01,31431.38842499999,7.960783,-0.5045,0.001,resolved,0xabfd0f29396e4898487b897c36df202ab30e26f2d7515a8b3018182643b48ca3,https://data.chain.link/streams/btc-usd-twap-30s-streams,,
doge-updown-5m-1786560600,DOGE,"Dogecoin Up or Down - August 12, 2:50PM-2:55PM ET",2026-08-12T18:55:00Z,2026-08-12T18:50:00Z,0.07067805202267098,Down,"[""0"", ""1""]",0.01,,,-0.495,0.01,resolved,0xdef3b4032ba3626774c639d6beafe1ee3dbd1053a81fb253b4ea1c94c85dd0ce,https://data.chain.link/streams/doge-usd-twap-30s-streams,,
eth-updown-5m-1786560600,ETH,"Ethereum Up or Down - August 12, 2:50PM-2:55PM ET",2026-08-12T18:55:00Z,2026-08-12T18:50:00Z,1885.1358932946735,Down,"[""0"", ""1""]",0.01,4130.6190689999985,,-0.5045,0.001,resolved,0xc16ba224682b85c4ee276ac34c7d8a9129e575288c81423346398fac5a22507d,https://data.chain.link/streams/eth-usd-twap-30s-streams,,
hype-updown-5m-1786560600,HYPE,"Hyperliquid Up or Down - August 12, 2:50PM-2:55PM ET",2026-08-12T18:55:00Z,2026-08-12T18:50:00Z,56.536004473578835,Down,"[""0"", ""1""]",0.06,,,-0.495,0.01,resolved,0x2c42d6363676fcc35d4393dda23dadc6df5278775d844b93b782547169f74dca,https://data.chain.link/streams/hype-usd-twap-30s-streams,,
sol-updown-5m-1786560600,SOL,"Solana Up or Down - August 12, 2:50PM-2:55PM ET",2026-08-12T18:55:00Z,2026-08-12T18:50:00Z,75.90044075073381,Down,"[""0"", ""1""]",0.03,,,-0.5045,0.001,resolved,0x5ad69a253b39084efc0fe284d5bd1965abf6eb84eb0933144bcdb22b39e6d440,https://data.chain.link/streams/sol-usd-twap-30s-streams,,
xrp-updown-5m-1786560600,XRP,"XRP Up or Down - August 12, 2:50PM-2:55PM ET",2026-08-12T18:55:00Z,2026-08-12T18:50:00Z,1.009039640126747,Down,"[""0"", ""1""]",0.02,456.27335899999997,,-0.5045,0.001,resolved,0xe694042eaf53bc30ac5681ac0919ed86d084c18d968dbe6ae69f34a77b3e3cae,https://data.chain.link/streams/xrp-usd-twap-30s-streams,,
zec-updown-5m-1786560600,ZEC,"ZCash Up or Down - August 12, 2:50PM-2:55PM ET",2026-08-12T18:55:00Z,2026-08-12T18:50:00Z,497.69827215116493,Down,"[""0"", ""1""]",,,,-0.515,0.01,resolved,0xfd5188b63f86f5127e173bc4510f7f4a8ee1a6ffd2bda80d94f33660bb7a2185,https://data.chain.link/streams/zec-usd-twap-30s-streams,,
bnb-updown-5m-1786560900,BNB,"BNB Up or Down - August 12, 2:55PM-3:00PM ET",2026-08-12T19:00:00Z,2026-08-12T18:55:00Z,609.6655840285295,Up,"[""1"", ""0""]",0.99,,,0.25,0.49,resolved,0x28917107fba5884bf91f50afcfbec45a76856b0c08256bfba3f32fb9cf9650d2,https://data.chain.link/streams/bnb-usd-twap-30s-streams,,
btc-updown-5m-1786560900,BTC,"Bitcoin Up or Down - August 12, 2:55PM-3:00PM ET",2026-08-12T19:00:00Z,2026-08-12T18:55:00Z,63312.85521897407,Up,"[""1"", ""0""]",0.999,65991.49862700002,2.960783,0.46,0.01,resolved,0x00c02547eb8a8903317414385fe7467c17ff02aa3f333975a7e609e56bdc105d,https://data.chain.link/streams/btc-usd-twap-30s-streams,,
doge-updown-5m-1786560900,DOGE,"Dogecoin Up or Down - August 12, 2:55PM-3:00PM ET",2026-08-12T19:00:00Z,2026-08-12T18:55:00Z,0.07060561250107189,Up,"[""1"", ""0""]",0.98,,,0.485,0.01,resolved,0xc6e7c476d92a5a253769a26902e2fe7a756e1b33a20f976a3db3068eb6cab8c1,https://data.chain.link/streams/doge-usd-twap-30s-streams,,
eth-updown-5m-1786560900,ETH,"Ethereum Up or Down - August 12, 2:55PM-3:00PM ET",2026-08-12T19:00:00Z,2026-08-12T18:55:00Z,1884.2020820757025,Down,"[""0"", ""1""]",0.08,,,-0.5,0.01,resolved,0xe2302d4c48e123da3d166f17254c3958892423c76bb7a1bba2e141265f62138b,https://data.chain.link/streams/eth-usd-twap-30s-streams,,
hype-updown-5m-1786560900,HYPE,"Hyperliquid Up or Down - August 12, 2:55PM-3:00PM ET",2026-08-12T19:00:00Z,2026-08-12T18:55:00Z,56.50954125877319,Up,"[""1"", ""0""]",0.99,,,0.495,0.01,resolved,0xdfd57a28aa39575e0bffbc3cc7e33ee892ef5e0ae33ae624d798f70b94fbb41b,https://data.chain.link/streams/hype-usd-twap-30s-streams,,
sol-updown-5m-1786560900,SOL,"Solana Up or Down - August 12, 2:55PM-3:00PM ET",2026-08-12T19:00:00Z,2026-08-12T18:55:00Z,75.8070871484466,Up,"[""1"", ""0""]",0.99,,,0.49,0.01,resolved,0x2ee53acaa0b97db821a6818e02b64a290c9419b62a9908347def9ce87ea4596e,https://data.chain.link/streams/sol-usd-twap-30s-streams,,
xrp-updown-5m-1786560900,XRP,"XRP Up or Down - August 12, 2:55PM-3:00PM ET",2026-08-12T19:00:00Z,2026-08-12T18:55:00Z,1.008124676431837,Up,"[""1"", ""0""]",0.99,489.0491159999999,,0.465,0.02,resolved,0x472ee29047eabd44b704fab25c800dc9a258d43e6c59c946bb48b862b3dee385,https://data.chain.link/streams/xrp-usd-twap-30s-streams,,
zec-updown-5m-1786560900,ZEC,"ZCash Up or Down - August 12, 2:55PM-3:00PM ET",2026-08-12T19:00:00Z,2026-08-12T18:55:00Z,497.16812897959664,Down,"[""0"", ""1""]",,,,,0.94,resolved,0xfcb60e95c6d3fed5f1f59e64a9b4b6d0b8d4714a567e413dd15d35979e0534b5,https://data.chain.link/streams/zec-usd-twap-30s-streams,,
bnb-updown-5m-1786561200,BNB,"BNB Up or Down - August 12, 3:00PM-3:05PM ET",2026-08-12T19:05:00Z,2026-08-12T19:00:00Z,609.7701640631095,Up,"[""1"", ""0""]",0.99,,,0.49,0.01,resolved,0xc1c8dca25b6c6ff2bf2240e670ec5cfaf2dc86219afb6b08ea59791775433965,https://data.chain.link/streams/bnb-usd-twap-30s-streams,,
btc-updown-5m-1786561200,BTC,"Bitcoin Up or Down - August 12, 3:00PM-3:05PM ET",2026-08-12T19:05:00Z,2026-08-12T19:00:00Z,63315.39209031318,Up,"[""1"", ""0""]",0.999,41424.37048999999,7.960783,0.49,0.01,resolved,0x2b4d59717e96b0fc571e066704d41742237606f99b087fe0553cb70ffd249f25,https://data.chain.link/streams/btc-usd-twap-30s-streams,,
doge-updown-5m-1786561200,DOGE,"Dogecoin Up or Down - August 12, 3:00PM-3:05PM ET",2026-08-12T19:05:00Z,2026-08-12T19:00:00Z,0.07060948655030279,Down,"[""0"", ""1""]",0.01,,,-0.495,0.01,resolved,0xd21f706177c31e7f16990bf1162acf57638ffb26df5bb857e0b90e7da2680404,https://data.chain.link/streams/doge-usd-twap-30s-streams,,
eth-updown-5m-1786561200,ETH,"Ethereum Up or Down - August 12, 3:00PM-3:05PM ET",2026-08-12T19:05:00Z,2026-08-12T19:00:00Z,1883.674881833476,Up,"[""1"", ""0""]",0.99,9405.381479999995,,0.49,0.01,resolved,0x0bc985a0a2a69cf9ea7b80e32171a1f1e30c10caa06e6ee146f6540b90331488,https://data.chain.link/streams/eth-usd-twap-30s-streams,,
hype-updown-5m-1786561200,HYPE,"Hyperliquid Up or Down - August 12, 3:00PM-3:05PM ET",2026-08-12T19:05:00Z,2026-08-12T19:00:00Z,56.528593227006475,Down,"[""0"", ""1""]",0.07,,,-0.495,0.01,resolved,0x52731525ce05e63de67b56f7ad936499fccfb67e1be48762e41dcb9c3bf072bf,https://data.chain.link/streams/hype-usd-twap-30s-streams,,
sol-updown-5m-1786561200,SOL,"Solana Up or Down - August 12, 3:00PM-3:05PM ET",2026-08-12T19:05:00Z,2026-08-12T19:00:00Z,75.8239511233725,Up,"[""1"", ""0""]",0.99,1473.5349900000003,,0.49,0.01,resolved,0x1d7b74140b3fdb02df9f714dfeb83c57d3f26a2725fe3b3d03579a4466b8ae83,https://data.chain.link/streams/sol-usd-twap-30s-streams,,
xrp-updown-5m-1786561200,XRP,"XRP Up or Down - August 12, 3:00PM-3:05PM ET",2026-08-12T19:05:00Z,2026-08-12T19:00:00Z,1.0081990407269557,Up,"[""1"", ""0""]",0.98,748.4820769999999,20,0.49,0.01,resolved,0x83bcc687bb0e0a6bdedf3636d261f66750ba47c6a5cbf0adc9a38074fd4c6315,https://data.chain.link/streams/xrp-usd-twap-30s-streams,,
zec-updown-5m-1786561200,ZEC,"ZCash Up or Down - August 12, 3:00PM-3:05PM ET",2026-08-12T19:05:00Z,2026-08-12T19:00:00Z,496.40864972357525,Down,"[""0"", ""1""]",,,,-0.4995,0.001,resolved,0xa279214284a5c261409b658b382f0e6095686bd4b37415c3944cb9ee806ad0b3,https://data.chain.link/streams/zec-usd-twap-30s-streams,,
bnb-updown-5m-1786561500,BNB,"BNB Up or Down - August 12, 3:05PM-3:10PM ET",2026-08-12T19:10:00Z,2026-08-12T19:05:00Z,609.8104628072397,Up,"[""1"", ""0""]",0.99,,,0.4945,0.001,resolved,0x7e943c78253ca57ce0eba3694214ffd4b34eec4f961a76195f7daa807eeb84d4,https://data.chain.link/streams/bnb-usd-twap-30s-streams,,
btc-updown-5m-1786561500,BTC,"Bitcoin Up or Down - August 12, 3:05PM-3:10PM ET",2026-08-12T19:10:00Z,2026-08-12T19:05:00Z,63339.06951365863,Up,"[""1"", ""0""]",0.999,48123.176436999995,227.960783,0.4945,0.001,resolved,0x6339f8962645a8a692a28ec0e968e0c2f0e37fa902c33538315a768e162662ae,https://data.chain.link/streams/btc-usd-twap-30s-streams,,
doge-updown-5m-1786561500,DOGE,"Dogecoin Up or Down - August 12, 3:05PM-3:10PM ET",2026-08-12T19:10:00Z,2026-08-12T19:05:00Z,0.0706040222008824,Down,"[""0"", ""1""]",0.08,,,-0.4995,0.001,resolved,0x43df63b24306863afb19ede683d1edc57578470ac34f91d525488911fa472924,https://data.chain.link/streams/doge-usd-twap-30s-streams,,
eth-updown-5m-1786561500,ETH,"Ethereum Up or Down - August 12, 3:05PM-3:10PM ET",2026-08-12T19:10:00Z,2026-08-12T19:05:00Z,1883.9884330422506,Up,"[""1"", ""0""]",0.99,,,0.4945,0.001,resolved,0x86a674ba2ac71cc07d32165baa57ccfa741b1a5533c77bf520213e62de4529ca,https://data.chain.link/streams/eth-usd-twap-30s-streams,,
hype-updown-5m-1786561500,HYPE,"Hyperliquid Up or Down - August 12, 3:05PM-3:10PM ET",2026-08-12T19:10:00Z,2026-08-12T19:05:00Z,56.51949808862832,Up,"[""1"", ""0""]",0.99,,,0.495,0.01,resolved,0x11d6106d66b83fc4d074b92a658e9e658889406a460bf8a3b9b9103cb8a2dd34,https://data.chain.link/streams/hype-usd-twap-30s-streams,,
sol-updown-5m-1786561500,SOL,"Solana Up or Down - August 12, 3:05PM-3:10PM ET",2026-08-12T19:10:00Z,2026-08-12T19:05:00Z,75.84878884593311,Up,"[""1"", ""0""]",0.99,,,0.4945,0.001,resolved,0x21e437cb36e89f051be61a5bfa2fc050993da3fbe5e75e001d80b013aacca923,https://data.chain.link/streams/sol-usd-twap-30s-streams,,
xrp-updown-5m-1786561500,XRP,"XRP Up or Down - August 12, 3:05PM-3:10PM ET",2026-08-12T19:10:00Z,2026-08-12T19:05:00Z,1.008455966063588,Down,"[""0"", ""1""]",0.05,514.353006,20,-0.5045,0.001,resolved,0xe850a16bf5049b07cb133f6481eee73fe437a5032340f0af9da34975d62e9295,https://data.chain.link/streams/xrp-usd-twap-30s-streams,,
zec-updown-5m-1786561500,ZEC,"ZCash Up or Down - August 12, 3:05PM-3:10PM ET",2026-08-12T19:10:00Z,2026-08-12T19:05:00Z,494.54840283717846,Up,"[""1"", ""0""]",0.99,,,0.495,0.01,resolved,0x489c63d3bc57db369f890f731cd8bcb179a08e4fb29706415008325c04877bc4,https://data.chain.link/streams/zec-usd-twap-30s-streams,,
bnb-updown-5m-1786561800,BNB,"BNB Up or Down - August 12, 3:10PM-3:15PM ET",2026-08-12T19:15:00Z,2026-08-12T19:10:00Z,610.1125697791058,Down,"[""0"", ""1""]",0.08,118.36325000000001,,-0.5045,0.001,resolved,0x42792aa1aa542eeedf9474919d5d0c9a4975370b1e6647414a3d6cf7b1841da9,https://data.chain.link/streams/bnb-usd-twap-30s-streams,,
btc-updown-5m-1786561800,BTC,"Bitcoin Up or Down - August 12, 3:10PM-3:15PM ET",2026-08-12T19:15:00Z,2026-08-12T19:10:00Z,63348.590840833385,Down,"[""0"", ""1""]",0.01,51499.425790999936,148.960783,-0.5,0.01,resolved,0x92e6bc326122c128a9bfdb95f10a36069477e1e5d26b311bb16ca956457b53ee,https://data.chain.link/streams/btc-usd-twap-30s-streams,,
doge-updown-5m-1786561800,DOGE,"Dogecoin Up or Down - August 12, 3:10PM-3:15PM ET",2026-08-12T19:15:00Z,2026-08-12T19:10:00Z,0.07059855446583857,Down,"[""0"", ""1""]",0.14,727.668735,,-0.495,0.01,resolved,0x72ef129b65f95a1ad44aa8e85af7a91b5a0b678153879056461591f9dc848cbd,https://data.chain.link/streams/doge-usd-twap-30s-streams,,
eth-updown-5m-1786561800,ETH,"Ethereum Up or Down - August 12, 3:10PM-3:15PM ET",2026-08-12T19:15:00Z,2026-08-12T19:10:00Z,1884.3054349894394,Down,"[""0"", ""1""]",0.01,3815.496990000001,,-0.5045,0.001,resolved,0xef7847f48abf916aaf8c471f2837d8e4c7481e9ffeac80f8aefb3e7d8ea41f35,https://data.chain.link/streams/eth-usd-twap-30s-streams,,
hype-updown-5m-1786561800,HYPE,"Hyperliquid Up or Down - August 12, 3:10PM-3:15PM ET",2026-08-12T19:15:00Z,2026-08-12T19:10:00Z,56.52591446887574,Down,"[""0"", ""1""]",0.15,51.063116,,-0.495,0.01,resolved,0x8ed0e6692e488cfc13287ea6d13acdfd9f137f3343dde6151bcb7faaf0870060,https://data.chain.link/streams/hype-usd-twap-30s-streams,,
sol-updown-5m-1786561800,SOL,"Solana Up or Down - August 12, 3:10PM-3:15PM ET",2026-08-12T19:15:00Z,2026-08-12T19:10:00Z,75.90247841066217,Down,"[""0"", ""1""]",0.02,755.2538189999999,,-0.5045,0.001,resolved,0x03174ba31bbb865f227f98d2aa6abc075f83283e35ce76e86e588b8993fed463,https://data.chain.link/streams/sol-usd-twap-30s-streams,,
xrp-updown-5m-1786561800,XRP,"XRP Up or Down - August 12, 3:10PM-3:15PM ET",2026-08-12T19:15:00Z,2026-08-12T19:10:00Z,1.0083274068611647,Down,"[""0"", ""1""]",0.05,542.895864,,-0.5045,0.001,resolved,0xa1c16dc0a205c5b388b8d6b1eee7068c135a7168bfb993c5025537bfe212c419,https://data.chain.link/streams/xrp-usd-twap-30s-streams,,
zec-updown-5m-1786561800,ZEC,"ZCash Up or Down - August 12, 3:10PM-3:15PM ET",2026-08-12T19:15:00Z,2026-08-12T19:10:00Z,494.5884888873876,Down,"[""0"", ""1""]",,,,-0.495,0.01,resolved,0xcb6719385adcbf2aebfc71bc595598f17dcca3441c5b349b17a55e379063a888,https://data.chain.link/streams/zec-usd-twap-30s-streams,,
bnb-updown-5m-1786562100,BNB,"BNB Up or Down - August 12, 3:15PM-3:20PM ET",2026-08-12T19:20:00Z,2026-08-12T19:15:00Z,609.7808819043682,Up,"[""1"", ""0""]",0.99,388.19236500000005,,0.49,0.01,resolved,0x3c3b733620a95e8f4b558cc3c4910a09b239fc7608017c2910032fdb2eb8e29e,https://data.chain.link/streams/bnb-usd-twap-30s-streams,,
btc-updown-5m-1786562100,BTC,"Bitcoin Up or Down - August 12, 3:15PM-3:20PM ET",2026-08-12T19:20:00Z,2026-08-12T19:15:00Z,63319.386407975326,Up,"[""1"", ""0""]",0.999,46102.31028300003,2.960783,0.4945,0.001,resolved,0xc276b6f54f4c2f1c4e97b154ac771a4b3355c6ba07b7a9f4dd7219dca3398baf,https://data.chain.link/streams/btc-usd-twap-30s-streams,,
doge-updown-5m-1786562100,DOGE,"Dogecoin Up or Down - August 12, 3:15PM-3:20PM ET",2026-08-12T19:20:00Z,2026-08-12T19:15:00Z,0.07055831751342687,Up,"[""1"", ""0""]",0.99,1090.8782569999998,,0.4995,0.001,resolved,0xefb705842907f39eba7bd920838705f18acfcd8807881501c1ff18f21967931e,https://data.chain.link/streams/doge-usd-twap-30s-streams,,
eth-updown-5m-1786562100,ETH,"Ethereum Up or Down - August 12, 3:15PM-3:20PM ET",2026-08-12T19:20:00Z,2026-08-12T19:15:00Z,1882.7241988866747,Up,"[""1"", ""0""]",0.99,5377.382098000001,,0.4945,0.001,resolved,0xdb5c2fa054ca58585687350aa950727270d28d4e6c4f517ff10142a7e97208b9,https://data.chain.link/streams/eth-usd-twap-30s-streams,,
hype-updown-5m-1786562100,HYPE,"Hyperliquid Up or Down - August 12, 3:15PM-3:20PM ET",2026-08-12T19:20:00Z,2026-08-12T19:15:00Z,56.3880219046408,Up,"[""1"", ""0""]",0.99,,,0.4995,0.001,resolved,0xebce9d662d26b23f30910d584d9d5915619e4cc2085775f1dd370783b85c3c0e,https://data.chain.link/streams/hype-usd-twap-30s-streams,,
sol-updown-5m-1786562100,SOL,"Solana Up or Down - August 12, 3:15PM-3:20PM ET",2026-08-12T19:20:00Z,2026-08-12T19:15:00Z,75.80722879453215,Down,"[""0"", ""1""]",0.001,3796.5401770000008,,-0.5045,0.001,resolved,0x688e8a0332ce729cc7648da56811f7e1d37c664db6634f03f9a24fc105774792,https://data.chain.link/streams/sol-usd-twap-30s-streams,,
xrp-updown-5m-1786562100,XRP,"XRP Up or Down - August 12, 3:15PM-3:20PM ET",2026-08-12T19:20:00Z,2026-08-12T19:15:00Z,1.0074330298846284,Up,"[""1"", ""0""]",0.97,1771.4555010000006,,0.49,0.01,resolved,0x81f9ee6a6563195a5aa3e4a7fb8c2ac0f4826a62864a8e9f55c8140f34e297bb,https://data.chain.link/streams/xrp-usd-twap-30s-streams,,
zec-updown-5m-1786562100,ZEC,"ZCash Up or Down - August 12, 3:15PM-3:20PM ET",2026-08-12T19:20:00Z,2026-08-12T19:15:00Z,493.7267367915187,Down,"[""0"", ""1""]",,,,-0.495,0.01,resolved,0xa12863f97722960975d25bcce7e2967a2b108f7872ce72739e48d662feea2dc1,https://data.chain.link/streams/zec-usd-twap-30s-streams,,
bnb-updown-5m-1786562400,BNB,"BNB Up or Down - August 12, 3:20PM-3:25PM ET",2026-08-12T19:25:00Z,2026-08-12T19:20:00Z,609.781452919908,Down,"[""0"", ""1""]",0.03,,,-0.5,0.01,resolved,0xc91772197bd941f5d3a0a5d2ebdc0d7035f90b3a37304d081c5ca6371d663d47,https://data.chain.link/streams/bnb-usd-twap-30s-streams,,
btc-updown-5m-1786562400,BTC,"Bitcoin Up or Down - August 12, 3:20PM-3:25PM ET",2026-08-12T19:25:00Z,2026-08-12T19:20:00Z,63368.92442770826,Down,"[""0"", ""1""]",0.01,34776.76775999998,2.960783,-0.5045,0.001,resolved,0x67b79a294169b5400029da7f131e75d3669e1f0071b46575a299e0d8bc2b9ade,https://data.chain.link/streams/btc-usd-twap-30s-streams,,
doge-updown-5m-1786562400,DOGE,"Dogecoin Up or Down - August 12, 3:20PM-3:25PM ET",2026-08-12T19:25:00Z,2026-08-12T19:20:00Z,0.07057321497366047,Down,"[""0"", ""1""]",0.15,,,-0.4995,0.001,resolved,0xb068f712ab2226f6a93cf1d7e35a6fb597fdd5359cb70f5836f312d26edd1969,https://data.chain.link/streams/doge-usd-twap-30s-streams,,
eth-updown-5m-1786562400,ETH,"Ethereum Up or Down - August 12, 3:20PM-3:25PM ET",2026-08-12T19:25:00Z,2026-08-12T19:20:00Z,1883.2994257568319,Down,"[""0"", ""1""]",0.01,4808.814113,,-0.5,0.01,resolved,0xcb07f0705cc46a69f79d88f4c7ae84622f1590e5b2113f79b2ddbb809994317a,https://data.chain.link/streams/eth-usd-twap-30s-streams,,
hype-updown-5m-1786562400,HYPE,"Hyperliquid Up or Down - August 12, 3:20PM-3:25PM ET",2026-08-12T19:25:00Z,2026-08-12T19:20:00Z,56.45405721927547,Down,"[""0"", ""1""]",0.15,,,-0.495,0.01,resolved,0xc702862e7e560174cd0e182b2361506232f726eb01375e57e987d1c2cca5f215,https://data.chain.link/streams/hype-usd-twap-30s-streams,,
sol-updown-5m-1786562400,SOL,"Solana Up or Down - August 12, 3:20PM-3:25PM ET",2026-08-12T19:25:00Z,2026-08-12T19:20:00Z,75.79603402172366,Down,"[""0"", ""1""]",0.04,,,-0.5045,0.001,resolved,0x97bd1522610d703669d0542afd5e93345997e88cd87b6ad09142bcef179b538b,https://data.chain.link/streams/sol-usd-twap-30s-streams,,
xrp-updown-5m-1786562400,XRP,"XRP Up or Down - August 12, 3:20PM-3:25PM ET",2026-08-12T19:25:00Z,2026-08-12T19:20:00Z,1.0075195762298117,Down,"[""0"", ""1""]",0.02,502.88090800000003,,-0.5,0.01,resolved,0xa4a9b93a8c8bbf010850dd03630a03d2d329460272c4e592274b9733737afb81,https://data.chain.link/streams/xrp-usd-twap-30s-streams,,
zec-updown-5m-1786562400,ZEC,"ZCash Up or Down - August 12, 3:20PM-3:25PM ET",2026-08-12T19:25:00Z,2026-08-12T19:20:00Z,493.31349051008084,Down,"[""0"", ""1""]",,,,-0.495,0.01,resolved,0x1eefd510d493266f6cafa8472a4cde047cf99356ee99f9a5b18bc06da1e46c94,https://data.chain.link/streams/zec-usd-twap-30s-streams,,
bnb-updown-5m-1786562700,BNB,"BNB Up or Down - August 12, 3:25PM-3:30PM ET",2026-08-12T19:30:00Z,2026-08-12T19:25:00Z,609.3563465100664,Down,"[""0"", ""1""]",0.01,522.057634,,-0.5045,0.001,resolved,0xf8f6be69d26999626076bf765a73709d8bd1bbe51a454860183a43031f3d081c,https://data.chain.link/streams/bnb-usd-twap-30s-streams,,
btc-updown-5m-1786562700,BTC,"Bitcoin Up or Down - August 12, 3:25PM-3:30PM ET",2026-08-12T19:30:00Z,2026-08-12T19:25:00Z,63312.53795438916,Down,"[""0"", ""1""]",0.01,83954.72616700003,2.960783,-0.5045,0.001,resolved,0xb2125a37808c79ea0f562283983132bf7e9280062fb0cc27c756ff4a193273c7,https://data.chain.link/streams/btc-usd-twap-30s-streams,,
doge-updown-5m-1786562700,DOGE,"Dogecoin Up or Down - August 12, 3:25PM-3:30PM ET",2026-08-12T19:30:00Z,2026-08-12T19:25:00Z,0.07045641604266488,Up,"[""1"", ""0""]",0.99,459.45538999999997,,0.4995,0.001,resolved,0xb62db3678eb9577e2c757746e3c2e2be6c36f968f936da8d3eefacbc29a8f8a5,https://data.chain.link/streams/doge-usd-twap-30s-streams,,
eth-updown-5m-1786562700,ETH,"Ethereum Up or Down - August 12, 3:25PM-3:30PM ET",2026-08-12T19:30:00Z,2026-08-12T19:25:00Z,1880.9509411673125,Up,"[""1"", ""0""]",0.99,6802.146776000001,,0.4945,0.001,resolved,0x7ff6b72444a80677207cfabcaf17b4fe63cfef570234a32a4cc12091bed41efb,https://data.chain.link/streams/eth-usd-twap-30s-streams,,
hype-updown-5m-1786562700,HYPE,"Hyperliquid Up or Down - August 12, 3:25PM-3:30PM ET",2026-08-12T19:30:00Z,2026-08-12T19:25:00Z,56.311869893219765,Up,"[""1"", ""0""]",0.99,42.829866,,0.4995,0.001,resolved,0x4fce1b2d208b3cefabde0d9006cb0a82dd890113d1ea497a90dfa43df4a3905b,https://data.chain.link/streams/hype-usd-twap-30s-streams,,
sol-updown-5m-1786562700,SOL,"Solana Up or Down - August 12, 3:25PM-3:30PM ET",2026-08-12T19:30:00Z,2026-08-12T19:25:00Z,75.70342109649836,Up,"[""1"", ""0""]",0.99,1378.1724020000001,,0.4945,0.001,resolved,0x8ce5e14567f8a97c1ed8cc46753833ba7c933557c38d920a19f3c750c2b580d7,https://data.chain.link/streams/sol-usd-twap-30s-streams,,
xrp-updown-5m-1786562700,XRP,"XRP Up or Down - August 12, 3:25PM-3:30PM ET",2026-08-12T19:30:00Z,2026-08-12T19:25:00Z,1.006592911497845,Up,"[""1"", ""0""]",0.99,1251.936623,,0.4945,0.001,resolved,0x22cbb83a3a62efe7f528282950725b70bd003c1c5517f8fc5069082e554750cc,https://data.chain.link/streams/xrp-usd-twap-30s-streams,,
zec-updown-5m-1786562700,ZEC,"ZCash Up or Down - August 12, 3:25PM-3:30PM ET",2026-08-12T19:30:00Z,2026-08-12T19:25:00Z,490.68566538799826,Up,"[""1"", ""0""]",0.99,50,,0.4995,0.001,resolved,0xc455725d2a641b6597cf44984c4285749ae80443543e41b34796ce270cbad796,https://data.chain.link/streams/zec-usd-twap-30s-streams,,
bnb-updown-5m-1786563000,BNB,"BNB Up or Down - August 12, 3:30PM-3:35PM ET",2026-08-12T19:35:00Z,2026-08-12T19:30:00Z,609.1411990371964,Down,"[""0"", ""1""]",0.21,,,-0.5,0.01,resolved,0x5cdac44fc9b6106d24875a8a61986305be17f2349409f1e2131be3ce9be7d9c6,https://data.chain.link/streams/bnb-usd-twap-30s-streams,,
btc-updown-5m-1786563000,BTC,"Bitcoin Up or Down - August 12, 3:30PM-3:35PM ET",2026-08-12T19:35:00Z,2026-08-12T19:30:00Z,63308.04780149719,Up,"[""1"", ""0""]",0.99,87076.54905699998,7.960782,0.49,0.01,resolved,0x6108d59a4a8be7539b799b5834dcc6c69f24aa0bb9a858116ddc6f62235e1208,https://data.chain.link/streams/btc-usd-twap-30s-streams,,
doge-updown-5m-1786563000,DOGE,"Dogecoin Up or Down - August 12, 3:30PM-3:35PM ET",2026-08-12T19:35:00Z,2026-08-12T19:30:00Z,0.07056324421110179,Down,"[""0"", ""1""]",0.01,1488.0308329999998,,-0.495,0.01,resolved,0x3fa3fe08ed50b578036d161585bf4246d184036daf16eb648f03c13107b74fed,https://data.chain.link/streams/doge-usd-twap-30s-streams,,
eth-updown-5m-1786563000,ETH,"Ethereum Up or Down - August 12, 3:30PM-3:35PM ET",2026-08-12T19:35:00Z,2026-08-12T19:30:00Z,1882.3821494384856,Up,"[""1"", ""0""]",0.99,4363.394210000001,,0.49,0.01,resolved,0x8d44baa0e3de625a76d9d0f7e8a4fe42bed2771ae626989a665a66f5aebb855d,https://data.chain.link/streams/eth-usd-twap-30s-streams,,
hype-updown-5m-1786563000,HYPE,"Hyperliquid Up or Down - August 12, 3:30PM-3:35PM ET",2026-08-12T19:35:00Z,2026-08-12T19:30:00Z,56.37782016147885,Up,"[""1"", ""0""]",0.99,,,0.495,0.01,resolved,0xfeaaea6de12854f3c3ba90928cf0c18ac24e76b9ffeea58fafa8556188992c5c,https://data.chain.link/streams/hype-usd-twap-30s-streams,,
sol-updown-5m-1786563000,SOL,"Solana Up or Down - August 12, 3:30PM-3:35PM ET",2026-08-12T19:35:00Z,2026-08-12T19:30:00Z,75.7667235529683,Down,"[""0"", ""1""]",0.04,1543.6971709999998,,-0.5,0.01,resolved,0x1447e01d12bd7bf7567afc980d611f430eab362643f39402efab09e54a173e44,https://data.chain.link/streams/sol-usd-twap-30s-streams,,
xrp-updown-5m-1786563000,XRP,"XRP Up or Down - August 12, 3:30PM-3:35PM ET",2026-08-12T19:35:00Z,2026-08-12T19:30:00Z,1.0068660906829503,Up,"[""1"", ""0""]",0.99,647.9888510000001,,0.49,0.01,resolved,0xcd9c5aeabc88dedf199bbc9263e985e996c51ee84c8b77e21fd6842ba0c4a2b4,https://data.chain.link/streams/xrp-usd-twap-30s-streams,,
zec-updown-5m-1786563000,ZEC,"ZCash Up or Down - August 12, 3:30PM-3:35PM ET",2026-08-12T19:35:00Z,2026-08-12T19:30:00Z,491.5653653883665,Down,"[""0"", ""1""]",,,,-0.495,0.01,resolved,0xa91e4beafcf03f2c76c3f9de0811491e4c6729a6fc7c04d44717b9f0d29985df,https://data.chain.link/streams/zec-usd-twap-30s-streams,,
bnb-updown-5m-1786563300,BNB,"BNB Up or Down - August 12, 3:35PM-3:40PM ET",2026-08-12T19:40:00Z,2026-08-12T19:35:00Z,608.949356918934,Down,"[""0"", ""1""]",0.06,,,-0.5045,0.001,resolved,0xe9983cc44e364afb2247565bbbd022a44a6f9cc72608b65025624d66fd4cf59a,https://data.chain.link/streams/bnb-usd-twap-30s-streams,,
btc-updown-5m-1786563300,BTC,"Bitcoin Up or Down - August 12, 3:35PM-3:40PM ET",2026-08-12T19:40:00Z,2026-08-12T19:35:00Z,63308.96122759374,Down,"[""0"", ""1""]",0.01,63930.55218999997,,-0.5045,0.001,resolved,0xdba36c321e6c5ba90b25624f58ed035a786129f62b9c6271707b2d96fd301442,https://data.chain.link/streams/btc-usd-twap-30s-streams,,
doge-updown-5m-1786563300,DOGE,"Dogecoin Up or Down - August 12, 3:35PM-3:40PM ET",2026-08-12T19:40:00Z,2026-08-12T19:35:00Z,0.07054697358203474,Down,"[""0"", ""1""]",0.02,,,-0.4995,0.001,resolved,0x4da0e7578dc176b944d1c7f7eff01784a5d7c4c2016c93cba8b5d25906618640,https://data.chain.link/streams/doge-usd-twap-30s-streams,,
eth-updown-5m-1786563300,ETH,"Ethereum Up or Down - August 12, 3:35PM-3:40PM ET",2026-08-12T19:40:00Z,2026-08-12T19:35:00Z,1882.8565436298577,Down,"[""0"", ""1""]",0.01,,,-0.5045,0.001,resolved,0x13546096fa02ae5cf0d84ece46f82cbd9681b24126bfbfcdb71f62ddc9fc575b,https://data.chain.link/streams/eth-usd-twap-30s-streams,,
hype-updown-5m-1786563300,HYPE,"Hyperliquid Up or Down - August 12, 3:35PM-3:40PM ET",2026-08-12T19:40:00Z,2026-08-12T19:35:00Z,56.384065022178966,Down,"[""0"", ""1""]",0.15,,,-0.4995,0.001,resolved,0x927afc8a1880e67b59c744aef661fbca920ff2adb8380b5f25389961e67a420d,https://data.chain.link/streams/hype-usd-twap-30s-streams,,
sol-updown-5m-1786563300,SOL,"Solana Up or Down - August 12, 3:35PM-3:40PM ET",2026-08-12T19:40:00Z,2026-08-12T19:35:00Z,75.7619812901974,Down,"[""0"", ""1""]",0.01,,,-0.5045,0.001,resolved,0x25acb8a6093867153b8939282c942dbaf1b38716bb2415001d105b572e80144d,https://data.chain.link/streams/sol-usd-twap-30s-streams,,
xrp-updown-5m-1786563300,XRP,"XRP Up or Down - August 12, 3:35PM-3:40PM ET",2026-08-12T19:40:00Z,2026-08-12T19:35:00Z,1.0075776932168545,Up,"[""1"", ""0""]",0.99,690.264243,,0.49,0.01,resolved,0x3ac6e6c89cfa9a17c911a7a46b81ec668bb7ba62fd5054d08e838afcdee62eeb,https://data.chain.link/streams/xrp-usd-twap-30s-streams,,
zec-updown-5m-1786563300,ZEC,"ZCash Up or Down - August 12, 3:35PM-3:40PM ET",2026-08-12T19:40:00Z,2026-08-12T19:35:00Z,490.69896661827386,Up,"[""1"", ""0""]",0.98,,,0.48,0.01,resolved,0xb077172caa7f91b7603e595b8a26a6b84f43871e4b5ca249c2e217d1b3847483,https://data.chain.link/streams/zec-usd-twap-30s-streams,,
bnb-updown-5m-1786563600,BNB,"BNB Up or Down - August 12, 3:40PM-3:45PM ET",2026-08-12T19:45:00Z,2026-08-12T19:40:00Z,608.7561482265685,Down,"[""0"", ""1""]",0.08,132.080838,,-0.5045,0.001,resolved,0xe2dfdcab0318f5f2dce1babd5481cbad868f43657a1cd32417374e6c96ad3dd6,https://data.chain.link/streams/bnb-usd-twap-30s-streams,,
btc-updown-5m-1786563600,BTC,"Bitcoin Up or Down - August 12, 3:40PM-3:45PM ET",2026-08-12T19:45:00Z,2026-08-12T19:40:00Z,63284.82288440448,Down,"[""0"", ""1""]",0.01,62740.711130999916,,-0.5,0.01,resolved,0x4d3ef1a5438b93c4564f6f75e4d0caf7af2aa7e308e5e91c0fb2829bc55a1bf7,https://data.chain.link/streams/btc-usd-twap-30s-streams,,
doge-updown-5m-1786563600,DOGE,"Dogecoin Up or Down - August 12, 3:40PM-3:45PM ET",2026-08-12T19:45:00Z,2026-08-12T19:40:00Z,0.07051012837599788,Down,"[""0"", ""1""]",0.07,484.811756,,-0.495,0.01,resolved,0x06a0f631ebc42204f798bf7b6b178d509591e13364ed803729c1864abc03c6fb,https://data.chain.link/streams/doge-usd-twap-30s-streams,,
eth-updown-5m-1786563600,ETH,"Ethereum Up or Down - August 12, 3:40PM-3:45PM ET",2026-08-12T19:45:00Z,2026-08-12T19:40:00Z,1880.6029691828664,Down,"[""0"", ""1""]",0.01,3829.2501770000013,,-0.5045,0.001,resolved,0xe5dd1b70f450e012a666a16fba1943a0d149a4c5d47dd2074057a4f22c2834ab,https://data.chain.link/streams/eth-usd-twap-30s-streams,,
hype-updown-5m-1786563600,HYPE,"Hyperliquid Up or Down - August 12, 3:40PM-3:45PM ET",2026-08-12T19:45:00Z,2026-08-12T19:40:00Z,56.22883196534305,Down,"[""0"", ""1""]",0.06,16.190431999999998,,-0.495,0.01,resolved,0x63d2471cb0cca9cd50e45ad3331dccbb7cbd66b2a5bcc5ba611e4d752faf4f1d,https://data.chain.link/streams/hype-usd-twap-30s-streams,,
sol-updown-5m-1786563600,SOL,"Solana Up or Down - August 12, 3:40PM-3:45PM ET",2026-08-12T19:45:00Z,2026-08-12T19:40:00Z,75.66443251547082,Down,"[""0"", ""1""]",0.04,711.6185310000002,,-0.5,0.01,resolved,0x9bf4e6599c60e958904f167701ad908805110a2592e2130b4c6ccae770026ffe,https://data.chain.link/streams/sol-usd-twap-30s-streams,,
xrp-updown-5m-1786563600,XRP,"XRP Up or Down - August 12, 3:40PM-3:45PM ET",2026-08-12T19:45:00Z,2026-08-12T19:40:00Z,1.0076246859302813,Down,"[""0"", ""1""]",0.01,711.2343529999999,,-0.5,0.01,resolved,0x5d55a12390848371a5f1dbe84682192d1d9c74f15267775a7e1d616c820d5acc,https://data.chain.link/streams/xrp-usd-twap-30s-streams,,
zec-updown-5m-1786563600,ZEC,"ZCash Up or Down - August 12, 3:40PM-3:45PM ET",2026-08-12T19:45:00Z,2026-08-12T19:40:00Z,490.7302424958281,Up,"[""1"", ""0""]",0.98,,,0.48,0.01,resolved,0x39016d15747ea7649527d6fd0e44c8efd686896dfc206b16e4b0bf254991ac28,https://data.chain.link/streams/zec-usd-twap-30s-streams,,
bnb-updown-5m-1786563900,BNB,"BNB Up or Down - August 12, 3:45PM-3:50PM ET",2026-08-12T19:50:00Z,2026-08-12T19:45:00Z,608.5525548515958,Up,"[""1"", ""0""]",0.12,541.355617,,0.4945,0.001,resolved,0x072c983ffa9cfa4ab1ea7689371f23c0842b2fa9c003351181ae438dd85268a9,https://data.chain.link/streams/bnb-usd-twap-30s-streams,,
btc-updown-5m-1786563900,BTC,"Bitcoin Up or Down - August 12, 3:45PM-3:50PM ET",2026-08-12T19:50:00Z,2026-08-12T19:45:00Z,63275.32895757429,Up,"[""1"", ""0""]",0.999,63582.536781999996,,0.4945,0.001,resolved,0xe703872f4e60e539ea71c39a52045e362d1733e81bf2bb041c9171e40ae2af2f,https://data.chain.link/streams/btc-usd-twap-30s-streams,,
doge-updown-5m-1786563900,DOGE,"Dogecoin Up or Down - August 12, 3:45PM-3:50PM ET",2026-08-12T19:50:00Z,2026-08-12T19:45:00Z,0.07047124350618082,Up,"[""1"", ""0""]",0.99,781.2125870000001,,0.4995,0.001,resolved,0x4454af2ba97d8d65907666de269b4883d5695bff9ec606edaf3473eb1c613daa,https://data.chain.link/streams/doge-usd-twap-30s-streams,,
eth-updown-5m-1786563900,ETH,"Ethereum Up or Down - August 12, 3:45PM-3:50PM ET",2026-08-12T19:50:00Z,2026-08-12T19:45:00Z,1878.5328622024024,Down,"[""0"", ""1""]",0.01,4944.036667000001,,-0.5045,0.001,resolved,0x19696ad6a450a3008b938f97d398a45a901cb76a6d894d08cea74e0aca20c108,https://data.chain.link/streams/eth-usd-twap-30s-streams,,
hype-updown-5m-1786563900,HYPE,"Hyperliquid Up or Down - August 12, 3:45PM-3:50PM ET",2026-08-12T19:50:00Z,2026-08-12T19:45:00Z,56.19570022862348,Down,"[""0"", ""1""]",0.06,,,-0.4995,0.001,resolved,0x5cc15208f75453a973fb1a852cfcf6ea21ff2fca51c125ab26559bfcefc26d89,https://data.chain.link/streams/hype-usd-twap-30s-streams,,
sol-updown-5m-1786563900,SOL,"Solana Up or Down - August 12, 3:45PM-3:50PM ET",2026-08-12T19:50:00Z,2026-08-12T19:45:00Z,75.5562084820944,Up,"[""1"", ""0""]",0.999,1898.8908929999993,,0.4945,0.001,resolved,0x0ccb76b334dbc8c0f72be7a381e1417119ce66457eb049d5d59ca1b43618bda7,https://data.chain.link/streams/sol-usd-twap-30s-streams,,
xrp-updown-5m-1786563900,XRP,"XRP Up or Down - August 12, 3:45PM-3:50PM ET",2026-08-12T19:50:00Z,2026-08-12T19:45:00Z,1.0070633507995836,Up,"[""1"", ""0""]",0.99,704.1785140000001,,0.4945,0.001,resolved,0xdc37dc839e71d3dd819008d64b5bc4398e6846211b25a1c5a67fe4c6fc716fa2,https://data.chain.link/streams/xrp-usd-twap-30s-streams,,
zec-updown-5m-1786563900,ZEC,"ZCash Up or Down - August 12, 3:45PM-3:50PM ET",2026-08-12T19:50:00Z,2026-08-12T19:45:00Z,490.74648256267966,Down,"[""0"", ""1""]",,,,-0.495,0.01,resolved,0x8d29083c39f267aa0245a57d1bccb9d9aa2db5430f1dba8631f2d21f3159eccb,https://data.chain.link/streams/zec-usd-twap-30s-streams,,
bnb-updown-5m-1786564200,BNB,"BNB Up or Down - August 12, 3:50PM-3:55PM ET",2026-08-12T19:55:00Z,2026-08-12T19:50:00Z,608.6473287268889,Up,"[""1"", ""0""]",0.99,,,0.49,0.01,resolved,0xebefc3ab76d90e9fcc47645499b94057a02620fe50a4f8c50e790f6cdbd9ed8a,https://data.chain.link/streams/bnb-usd-twap-30s-streams,,
btc-updown-5m-1786564200,BTC,"Bitcoin Up or Down - August 12, 3:50PM-3:55PM ET",2026-08-12T19:55:00Z,2026-08-12T19:50:00Z,63284.8034673926,Up,"[""1"", ""0""]",0.999,60478.052960999994,,0.49,0.01,resolved,0xaab4cd2998cad7ef45df6ec3d2f8bfd17ab0caf9a174dc5be7b6a1a1cec9049f,https://data.chain.link/streams/btc-usd-twap-30s-streams,,
doge-updown-5m-1786564200,DOGE,"Dogecoin Up or Down - August 12, 3:50PM-3:55PM ET",2026-08-12T19:55:00Z,2026-08-12T19:50:00Z,0.07047722881055456,Down,"[""0"", ""1""]",0.09,316.27077399999996,,-0.495,0.01,resolved,0x5742885499aee3c1e375d9d2759ff49604931ecce6cdc5087f21542218c5d0f1,https://data.chain.link/streams/doge-usd-twap-30s-streams,,
eth-updown-5m-1786564200,ETH,"Ethereum Up or Down - August 12, 3:50PM-3:55PM ET",2026-08-12T19:55:00Z,2026-08-12T19:50:00Z,1877.4794071984643,Down,"[""0"", ""1""]",0.01,6230.444082000002,,-0.5045,0.001,resolved,0x3a4f69a785e4bcd9a0b0174fe45afe227800a3741342367e72cca0f6f2928aae,https://data.chain.link/streams/eth-usd-twap-30s-streams,,
hype-updown-5m-1786564200,HYPE,"Hyperliquid Up or Down - August 12, 3:50PM-3:55PM ET",2026-08-12T19:55:00Z,2026-08-12T19:50:00Z,56.17611970713104,Down,"[""0"", ""1""]",0.03,64.24927400000001,,-0.495,0.01,resolved,0xdc46855c93a933c81982bf2944de4c0ce07f0075cb26b7c040d5f27de824f094,https://data.chain.link/streams/hype-usd-twap-30s-streams,,
sol-updown-5m-1786564200,SOL,"Solana Up or Down - August 12, 3:50PM-3:55PM ET",2026-08-12T19:55:00Z,2026-08-12T19:50:00Z,75.61103723729673,Up,"[""1"", ""0""]",0.99,1168.8236030000003,,0.49,0.01,resolved,0x92dce6e221b683747e2b8739e033b8ae43114f3f9a510b396a7c11926f009622,https://data.chain.link/streams/sol-usd-twap-30s-streams,,
xrp-updown-5m-1786564200,XRP,"XRP Up or Down - August 12, 3:50PM-3:55PM ET",2026-08-12T19:55:00Z,2026-08-12T19:50:00Z,1.0074475416734634,Up,"[""1"", ""0""]",0.99,1012.5031059999997,,0.49,0.01,resolved,0x20bdc48b806b33c0607f347e7d8d7db3a78e5d01a2b935869f865e1ff2b175dd,https://data.chain.link/streams/xrp-usd-twap-30s-streams,,
zec-updown-5m-1786564200,ZEC,"ZCash Up or Down - August 12, 3:50PM-3:55PM ET",2026-08-12T19:55:00Z,2026-08-12T19:50:00Z,490.67968334782404,Down,"[""0"", ""1""]",,,,-0.495,0.01,resolved,0x2306154c5e16688b599776429b25f2fe6c4ecdfe421b7289e02f0388ce57dff6,https://data.chain.link/streams/zec-usd-twap-30s-streams,,
bnb-updown-5m-1786564500,BNB,"BNB Up or Down - August 12, 3:55PM-4:00PM ET",2026-08-12T20:00:00Z,2026-08-12T19:55:00Z,608.8388490713874,Up,"[""1"", ""0""]",0.99,245.56992900000003,,0.4945,0.001,resolved,0x13b085b36420faead943aeb2b652b7ffb9b71fd1e5455fcef9b96a9d1e9d135e,https://data.chain.link/streams/bnb-usd-twap-30s-streams,,
btc-updown-5m-1786564500,BTC,"Bitcoin Up or Down - August 12, 3:55PM-4:00PM ET",2026-08-12T20:00:00Z,2026-08-12T19:55:00Z,63323.53146324379,Up,"[""1"", ""0""]",0.999,55800.922824000074,12.960783,0.4945,0.001,resolved,0x2e6a8c90e3907889625515d147f08bf2c28052c33d1a13fbb8d39b3141bb8985,https://data.chain.link/streams/btc-usd-twap-30s-streams,,
doge-updown-5m-1786564500,DOGE,"Dogecoin Up or Down - August 12, 3:55PM-4:00PM ET",2026-08-12T20:00:00Z,2026-08-12T19:55:00Z,0.07046876219238724,Up,"[""1"", ""0""]",0.98,386.792986,,0.4995,0.001,resolved,0xb403daef14bbc6fb5d0a2d72a6ebfa26efe2d38bdfce09d6471c805cac1ddb86,https://data.chain.link/streams/doge-usd-twap-30s-streams,,
eth-updown-5m-1786564500,ETH,"Ethereum Up or Down - August 12, 3:55PM-4:00PM ET",2026-08-12T20:00:00Z,2026-08-12T19:55:00Z,1876.7888858530653,Up,"[""1"", ""0""]",0.99,7494.976542000002,61.960783,0.4945,0.001,resolved,0xbf801fa92a5b956bec4c810d4a26df652158736b097f8c87f3d672056945f82e,https://data.chain.link/streams/eth-usd-twap-30s-streams,,
hype-updown-5m-1786564500,HYPE,"Hyperliquid Up or Down - August 12, 3:55PM-4:00PM ET",2026-08-12T20:00:00Z,2026-08-12T19:55:00Z,56.15858582743282,Up,"[""1"", ""0""]",0.99,89.24767500000002,,0.4995,0.001,resolved,0x883d5662b6d894820908a32c38d0109a24ade1174aea16160baf591ef1eea2bb,https://data.chain.link/streams/hype-usd-twap-30s-streams,,
sol-updown-5m-1786564500,SOL,"Solana Up or Down - August 12, 3:55PM-4:00PM ET",2026-08-12T20:00:00Z,2026-08-12T19:55:00Z,75.63837592141702,Up,"[""1"", ""0""]",0.99,1415.7706899999994,,0.4945,0.001,resolved,0x0f77f089940c271dd94c23f2bd71721944f4ce8614450e221e7bddcca3db846e,https://data.chain.link/streams/sol-usd-twap-30s-streams,,
xrp-updown-5m-1786564500,XRP,"XRP Up or Down - August 12, 3:55PM-4:00PM ET",2026-08-12T20:00:00Z,2026-08-12T19:55:00Z,1.0075319981130668,Down,"[""0"", ""1""]",0.03,468.641163,,-0.5045,0.001,resolved,0x104c3ce1e66c85f3ffc74d95d2061f423584cb40f8ed03fbb412ad9108713da4,https://data.chain.link/streams/xrp-usd-twap-30s-streams,,
zec-updown-5m-1786564500,ZEC,"ZCash Up or Down - August 12, 3:55PM-4:00PM ET",2026-08-12T20:00:00Z,2026-08-12T19:55:00Z,490.55712534336203,Up,"[""1"", ""0""]",0.98,25,,0.495,0.01,resolved,0xa33b8f49cb002eff87c5d011eae76abc0c7fbe45d0fd2878833e4cffc9042bd5,https://data.chain.link/streams/zec-usd-twap-30s-streams,,
bnb-updown-5m-1786564800,BNB,"BNB Up or Down - August 12, 4:00PM-4:05PM ET",2026-08-12T20:05:00Z,2026-08-12T20:00:00Z,609.0799147337573,Up,"[""1"", ""0""]",0.999,216.63435499999997,,0.4945,0.001,resolved,0xe384d275909849ab359e71470c8785dad9878abff43e0fd2935ec3d6ee0502f6,https://data.chain.link/streams/bnb-usd-twap-30s-streams,,
btc-updown-5m-1786564800,BTC,"Bitcoin Up or Down - August 12, 4:00PM-4:05PM ET",2026-08-12T20:05:00Z,2026-08-12T20:00:00Z,63346.11759981234,Up,"[""1"", ""0""]",0.999,37768.928068999965,11,0.4945,0.001,resolved,0x307f638a6f5971a7e74ae4ebf906d08a22357e8b17bbdf62ffc6f6f3fea5c107,https://data.chain.link/streams/btc-usd-twap-30s-streams,,
doge-updown-5m-1786564800,DOGE,"Dogecoin Up or Down - August 12, 4:00PM-4:05PM ET",2026-08-12T20:05:00Z,2026-08-12T20:00:00Z,0.07051836080007405,Up,"[""1"", ""0""]",0.96,130.658425,,0.4995,0.001,resolved,0xcdedfe76839c8c5f3ab12237f25190d69f549a101fbdf51a30664ae04d663b58,https://data.chain.link/streams/doge-usd-twap-30s-streams,,
eth-updown-5m-1786564800,ETH,"Ethereum Up or Down - August 12, 4:00PM-4:05PM ET",2026-08-12T20:05:00Z,2026-08-12T20:00:00Z,1877.4476470029294,Up,"[""1"", ""0""]",0.99,4220.474811,,0.4945,0.001,resolved,0xa7fd8371b38c9f43e4093f68254fede4b9b623c0ebf5acfdeeed303d34fb16f0,https://data.chain.link/streams/eth-usd-twap-30s-streams,,
hype-updown-5m-1786564800,HYPE,"Hyperliquid Up or Down - August 12, 4:00PM-4:05PM ET",2026-08-12T20:05:00Z,2026-08-12T20:00:00Z,56.17777700277917,Up,"[""1"", ""0""]",0.999,71.22321600000001,,0.4995,0.001,resolved,0x7e3ec2f12545929c95129f08454b9978f176566944f16d2d66c4500a8dbde17d,https://data.chain.link/streams/hype-usd-twap-30s-streams,,
sol-updown-5m-1786564800,SOL,"Solana Up or Down - August 12, 4:00PM-4:05PM ET",2026-08-12T20:05:00Z,2026-08-12T20:00:00Z,75.67569029474268,Up,"[""1"", ""0""]",0.999,643.5399880000001,,0.4945,0.001,resolved,0x0d571309d30ba06e0b78ae76fd32a44b41f7b5a009198ea9a8d2e0b283f35088,https://data.chain.link/streams/sol-usd-twap-30s-streams,,
xrp-updown-5m-1786564800,XRP,"XRP Up or Down - August 12, 4:00PM-4:05PM ET",2026-08-12T20:05:00Z,2026-08-12T20:00:00Z,1.0063146682669957,Up,"[""1"", ""0""]",0.999,599.2604329999999,20,0.4945,0.001,resolved,0x099410df51e09a4e6caaf0ff0d37e0c2d4abe886029ed966f0937779d1d43cc1,https://data.chain.link/streams/xrp-usd-twap-30s-streams,,
zec-updown-5m-1786564800,ZEC,"ZCash Up or Down - August 12, 4:00PM-4:05PM ET",2026-08-12T20:05:00Z,2026-08-12T20:00:00Z,490.7732047376472,Down,"[""0"", ""1""]",,,,-0.495,0.01,resolved,0x3513929b96b50dbcfdd933e1cfd694b6b34ef447a17b6014db32b1f7ac3ea89c,https://data.chain.link/streams/zec-usd-twap-30s-streams,,
bnb-updown-5m-1786565100,BNB,"BNB Up or Down - August 12, 4:05PM-4:10PM ET",2026-08-12T20:10:00Z,2026-08-12T20:05:00Z,610.1789607083581,Down,"[""0"", ""1""]",0.14,,,-0.5045,0.001,resolved,0xc6f6773d4eb29310aeb497e932b351e46d87bbc923e286ca360c3aa250f8a7c8,https://data.chain.link/streams/bnb-usd-twap-30s-streams,,
btc-updown-5m-1786565100,BTC,"Bitcoin Up or Down - August 12, 4:05PM-4:10PM ET",2026-08-12T20:10:00Z,2026-08-12T20:05:00Z,63432.44059104375,Down,"[""0"", ""1""]",0.01,32760.97625699998,226,-0.5045,0.001,resolved,0x793e0890398c677b494f42aabc366fe427a86aa709eec5bc8a1fc0483bf32451,https://data.chain.link/streams/btc-usd-twap-30s-streams,,
doge-updown-5m-1786565100,DOGE,"Dogecoin Up or Down - August 12, 4:05PM-4:10PM ET",2026-08-12T20:10:00Z,2026-08-12T20:05:00Z,0.07059996900883879,Down,"[""0"", ""1""]",0.11,,,-0.4995,0.001,resolved,0x8f53ed1b28c891050e1a0598371df6a9850238816b5a583490fc739082479542,https://data.chain.link/streams/doge-usd-twap-30s-streams,,
eth-updown-5m-1786565100,ETH,"Ethereum Up or Down - August 12, 4:05PM-4:10PM ET",2026-08-12T20:10:00Z,2026-08-12T20:05:00Z,1879.38479886472,Down,"[""0"", ""1""]",0.01,2119.488666,,-0.5045,0.001,resolved,0x80358904f7c00b0575f179252e608357e170f6041db6f230d9272cc23cbfe803,https://data.chain.link/streams/eth-usd-twap-30s-streams,,
hype-updown-5m-1786565100,HYPE,"Hyperliquid Up or Down - August 12, 4:05PM-4:10PM ET",2026-08-12T20:10:00Z,2026-08-12T20:05:00Z,56.30916464405707,Down,"[""0"", ""1""]",0.05,,,-0.4995,0.001,resolved,0x1978ac48de95ae122890600870fae1dd4c95289ca5cfb9cbc3a5f63b650006ae,https://data.chain.link/streams/hype-usd-twap-30s-streams,,
sol-updown-5m-1786565100,SOL,"Solana Up or Down - August 12, 4:05PM-4:10PM ET",2026-08-12T20:10:00Z,2026-08-12T20:05:00Z,75.7816544066301,Down,"[""0"", ""1""]",0.01,,,-0.5045,0.001,resolved,0x2f91f7744079afd955273965fd346a67ded46eda847f9baeac0fc48a4c2e01e7,https://data.chain.link/streams/sol-usd-twap-30s-streams,,
xrp-updown-5m-1786565100,XRP,"XRP Up or Down - August 12, 4:05PM-4:10PM ET",2026-08-12T20:10:00Z,2026-08-12T20:05:00Z,1.0077075841026506,Down,"[""0"", ""1""]",0.02,602.738975,20,-0.5045,0.001,resolved,0x9449ea3dd36c40d0b3bfbefba0cafa856550986dac10f29893b83436ab1ab486,https://data.chain.link/streams/xrp-usd-twap-30s-streams,,
zec-updown-5m-1786565100,ZEC,"ZCash Up or Down - August 12, 4:05PM-4:10PM ET",2026-08-12T20:10:00Z,2026-08-12T20:05:00Z,490.60446677415376,Down,"[""0"", ""1""]",,,,-0.495,0.01,resolved,0x918ef0c93e5f83e5e171485716fda44662307cef697e676fe27ea2d1920c47ae,https://data.chain.link/streams/zec-usd-twap-30s-streams,,
bnb-updown-5m-1786565400,BNB,"BNB Up or Down - August 12, 4:10PM-4:15PM ET",2026-08-12T20:15:00Z,2026-08-12T20:10:00Z,610.0595201088398,Down,"[""0"", ""1""]",0.17,129.586272,,-0.5,0.01,resolved,0x6afafc02364fb88b974d3cc9b36f7e9b9d74ac8d2ed6ebbcd1cfe90c0bfcd436,https://data.chain.link/streams/bnb-usd-twap-30s-streams,,
btc-updown-5m-1786565400,BTC,"Bitcoin Up or Down - August 12, 4:10PM-4:15PM ET",2026-08-12T20:15:00Z,2026-08-12T20:10:00Z,63369.630162910165,Up,"[""1"", ""0""]",0.99,37229.24706099999,6,0.49,0.01,resolved,0x0406b5ce7569d6d9c78ec28e646e7bc6dc60757068005f446f13b070cac1d9f3,https://data.chain.link/streams/btc-usd-twap-30s-streams,,
doge-updown-5m-1786565400,DOGE,"Dogecoin Up or Down - August 12, 4:10PM-4:15PM ET",2026-08-12T20:15:00Z,2026-08-12T20:10:00Z,0.07053029992320556,Down,"[""0"", ""1""]",0.13,652.377486,,-0.495,0.01,resolved,0x6d32acb4b748eb0245311ee32a4d6fbd4024666ce96c02024bd43e68309c2969,https://data.chain.link/streams/doge-usd-twap-30s-streams,,
eth-updown-5m-1786565400,ETH,"Ethereum Up or Down - August 12, 4:10PM-4:15PM ET",2026-08-12T20:15:00Z,2026-08-12T20:10:00Z,1876.4301706403498,Up,"[""1"", ""0""]",0.99,1815.8996239999997,,0.4945,0.001,resolved,0xecd1a8f14f4b62393b14f7755327c7d3a052c84fa21296c4f143727672879f5d,https://data.chain.link/streams/eth-usd-twap-30s-streams,,
hype-updown-5m-1786565400,HYPE,"Hyperliquid Up or Down - August 12, 4:10PM-4:15PM ET",2026-08-12T20:15:00Z,2026-08-12T20:10:00Z,56.21643489167191,Up,"[""1"", ""0""]",0.99,40.6093,,0.495,0.01,resolved,0x746137a2b9676cb5715e83ec74b96b691ea0a7e661a253884fced89d51e8c5c4,https://data.chain.link/streams/hype-usd-twap-30s-streams,,
sol-updown-5m-1786565400,SOL,"Solana Up or Down - August 12, 4:10PM-4:15PM ET",2026-08-12T20:15:00Z,2026-08-12T20:10:00Z,75.72167856070136,Up,"[""1"", ""0""]",0.99,893.4044180000001,,0.49,0.01,resolved,0x626f6dcadd91e131afce8d6a19648ebfa1540c144e5b55d38ae514cbc7dfe670,https://data.chain.link/streams/sol-usd-twap-30s-streams,,
xrp-updown-5m-1786565400,XRP,"XRP Up or Down - August 12, 4:10PM-4:15PM ET",2026-08-12T20:15:00Z,2026-08-12T20:10:00Z,1.0066901544878306,Up,"[""1"", ""0""]",0.99,784.697667,20,0.49,0.01,resolved,0x9c3b519403dd3c7131fc2ae4e0637c5d78c2742c562e26c043aaaafe90222022,https://data.chain.link/streams/xrp-usd-twap-30s-streams,,
zec-updown-5m-1786565400,ZEC,"ZCash Up or Down - August 12, 4:10PM-4:15PM ET",2026-08-12T20:15:00Z,2026-08-12T20:10:00Z,490.37493503766484,Up,"[""1"", ""0""]",0.98,,,0.495,0.01,resolved,0xe5cfd6d7292a2dcd77ffc244e5b002c49ef02ad8850cff8cf053f9bdb7374166,https://data.chain.link/streams/zec-usd-twap-30s-streams,,
bnb-updown-5m-1786565700,BNB,"BNB Up or Down - August 12, 4:15PM-4:20PM ET",2026-08-12T20:20:00Z,2026-08-12T20:15:00Z,609.9312693508368,Up,"[""1"", ""0""]",0.99,,,0.495,0.01,resolved,0x286206ad653e241255269347a741d4c9eca461fc8e12a1c070e9eed939797812,https://data.chain.link/streams/bnb-usd-twap-30s-streams,,
btc-updown-5m-1786565700,BTC,"Bitcoin Up or Down - August 12, 4:15PM-4:20PM ET",2026-08-12T20:20:00Z,2026-08-12T20:15:00Z,63392.771765551886,Up,"[""1"", ""0""]",0.999,70989.29408099993,,0.48,0.01,resolved,0x82b834f1060fbd6805f15b3fc1fcd105af7ec6a8edfbac5d70d49d68642adfb4,https://data.chain.link/streams/btc-usd-twap-30s-streams,,
doge-updown-5m-1786565700,DOGE,"Dogecoin Up or Down - August 12, 4:15PM-4:20PM ET",2026-08-12T20:20:00Z,2026-08-12T20:15:00Z,0.07049954690640688,Down,"[""0"", ""1""]",0.02,,,-0.4995,0.001,resolved,0x50cae74d7e94012776f5888bca8e37df7cc064d18d60354117693f67755bea54,https://data.chain.link/streams/doge-usd-twap-30s-streams,,
eth-updown-5m-1786565700,ETH,"Ethereum Up or Down - August 12, 4:15PM-4:20PM ET",2026-08-12T20:20:00Z,2026-08-12T20:15:00Z,1878.476316144053,Up,"[""1"", ""0""]",0.99,3158.2617750000013,,0.4945,0.001,resolved,0x68c2f3f9e81a4405c95c651dc7855cc2eb934f9db694272f64edb688ac9f4aa6,https://data.chain.link/streams/eth-usd-twap-30s-streams,,
hype-updown-5m-1786565700,HYPE,"Hyperliquid Up or Down - August 12, 4:15PM-4:20PM ET",2026-08-12T20:20:00Z,2026-08-12T20:15:00Z,56.260708257032476,Down,"[""0"", ""1""]",0.15,,,-0.4995,0.001,resolved,0xde6a9a34d3a9b057877191d99757d417e1d78782fb89f17e1743fc46cce23ea4,https://data.chain.link/streams/hype-usd-twap-30s-streams,,
sol-updown-5m-1786565700,SOL,"Solana Up or Down - August 12, 4:15PM-4:20PM ET",2026-08-12T20:20:00Z,2026-08-12T20:15:00Z,75.75174671714272,Down,"[""0"", ""1""]",0.06,1162.060013,,-0.5,0.01,resolved,0x9fb6d8e4728b874204cb7ce2ca9a363b93abc640eeb6c5f258a6efab90e5f58b,https://data.chain.link/streams/sol-usd-twap-30s-streams,,
xrp-updown-5m-1786565700,XRP,"XRP Up or Down - August 12, 4:15PM-4:20PM ET",2026-08-12T20:20:00Z,2026-08-12T20:15:00Z,1.0076026766183175,Up,"[""1"", ""0""]",0.99,314.065445,,0.495,0.01,resolved,0xa03e8fa14e314bdff9afbdb23847894284f414397bf1e3a0d07f27768a1b6c69,https://data.chain.link/streams/xrp-usd-twap-30s-streams,,
zec-updown-5m-1786565700,ZEC,"ZCash Up or Down - August 12, 4:15PM-4:20PM ET",2026-08-12T20:20:00Z,2026-08-12T20:15:00Z,490.46524022216545,Down,"[""0"", ""1""]",,,,-0.01,0.98,resolved,0xdec3b65f8a1172aeb5abad7f91a6cdc77da48b0ece9b88df76a1dc8500f892ba,https://data.chain.link/streams/zec-usd-twap-30s-streams,,
bnb-updown-5m-1786566000,BNB,"BNB Up or Down - August 12, 4:20PM-4:25PM ET",2026-08-12T20:25:00Z,2026-08-12T20:20:00Z,609.9745896923988,Up,"[""1"", ""0""]",0.99,,,0.49,0.01,resolved,0xc9d4f145fc5a8e2eeaefd1462ba6773dfb3e993322afdaff87a1094274acd764,https://data.chain.link/streams/bnb-usd-twap-30s-streams,,
btc-updown-5m-1786566000,BTC,"Bitcoin Up or Down - August 12, 4:20PM-4:25PM ET",2026-08-12T20:25:00Z,2026-08-12T20:20:00Z,63402.30875085861,Up,"[""1"", ""0""]",0.99,66821.91315599995,6,0.49,0.01,resolved,0x1739a8fc65638be63c5c880b4256fe1b559c72630f54d307a7a58bcd1048a4a9,https://data.chain.link/streams/btc-usd-twap-30s-streams,,
doge-updown-5m-1786566000,DOGE,"Dogecoin Up or Down - August 12, 4:20PM-4:25PM ET",2026-08-12T20:25:00Z,2026-08-12T20:20:00Z,0.07043840340912924,Down,"[""0"", ""1""]",0.17,,,-0.495,0.01,resolved,0x4bad8aef33e0fbb8be1da8cd8ca3f5677255a69b251f2bb14e1acfaf458f8269,https://data.chain.link/streams/doge-usd-twap-30s-streams,,
eth-updown-5m-1786566000,ETH,"Ethereum Up or Down - August 12, 4:20PM-4:25PM ET",2026-08-12T20:25:00Z,2026-08-12T20:20:00Z,1879.756471521035,Up,"[""1"", ""0""]",0.99,,,0.49,0.01,resolved,0x5647a5cb50148597e2d76b23bfd25e36752ddb4c69e1fe2fdc91bb5ac0da32b3,https://data.chain.link/streams/eth-usd-twap-30s-streams,,
hype-updown-5m-1786566000,HYPE,"Hyperliquid Up or Down - August 12, 4:20PM-4:25PM ET",2026-08-12T20:25:00Z,2026-08-12T20:20:00Z,56.174105906218024,Down,"[""0"", ""1""]",0.03,,,-0.495,0.01,resolved,0x2708f57312c80caae8f57cf736a42221149854e5796bfdcaa018b8954904bc6e,https://data.chain.link/streams/hype-usd-twap-30s-streams,,
sol-updown-5m-1786566000,SOL,"Solana Up or Down - August 12, 4:20PM-4:25PM ET",2026-08-12T20:25:00Z,2026-08-12T20:20:00Z,75.72858865199944,Up,"[""1"", ""0""]",0.99,,,0.49,0.01,resolved,0x9ea29135cadd13c4a32c0afab60df4727b4aaefbb7af821e8b16acfedb5e5e07,https://data.chain.link/streams/sol-usd-twap-30s-streams,,
xrp-updown-5m-1786566000,XRP,"XRP Up or Down - August 12, 4:20PM-4:25PM ET",2026-08-12T20:25:00Z,2026-08-12T20:20:00Z,1.0079557918426556,Up,"[""1"", ""0""]",0.99,1007.5709109999999,10,0.49,0.01,resolved,0x26393c289031bd134ebba4861eb94a2b8c6f8a1cb10cdbb6fb5a510ae568768f,https://data.chain.link/streams/xrp-usd-twap-30s-streams,,
zec-updown-5m-1786566000,ZEC,"ZCash Up or Down - August 12, 4:20PM-4:25PM ET",2026-08-12T20:25:00Z,2026-08-12T20:20:00Z,489.7244023983107,Down,"[""0"", ""1""]",,,,-0.515,0.01,resolved,0xb95fa64d5e9729a23d66100ec939bd3c21aaa0a15e74ca6d51724855b106e994,https://data.chain.link/streams/zec-usd-twap-30s-streams,,
bnb-updown-5m-1786566300,BNB,"BNB Up or Down - August 12, 4:25PM-4:30PM ET",2026-08-12T20:30:00Z,2026-08-12T20:25:00Z,610.3872418407913,Up,"[""1"", ""0""]",0.99,150.11735800000002,,0.4945,0.001,resolved,0xebb88a60a352fd61df7a3fef56f98ccc6a2f03f5365fb77ca701479d3d5baa2c,https://data.chain.link/streams/bnb-usd-twap-30s-streams,,
btc-updown-5m-1786566300,BTC,"Bitcoin Up or Down - August 12, 4:25PM-4:30PM ET",2026-08-12T20:30:00Z,2026-08-12T20:25:00Z,63421.632263761996,Up,"[""1"", ""0""]",0.999,50204.79943099993,,0.4945,0.001,resolved,0x9f226b1d19857437749008509abe30de0da234564eb79904424f060616383a18,https://data.chain.link/streams/btc-usd-twap-30s-streams,,
doge-updown-5m-1786566300,DOGE,"Dogecoin Up or Down - August 12, 4:25PM-4:30PM ET",2026-08-12T20:30:00Z,2026-08-12T20:25:00Z,0.07040987908298157,Up,"[""1"", ""0""]",0.999,575.5664260000001,,0.4995,0.001,resolved,0x7171691c81c45c2fd225c99a80f60a44787667546cbd5f090eab9d5a8fc1e922,https://data.chain.link/streams/doge-usd-twap-30s-streams,,
eth-updown-5m-1786566300,ETH,"Ethereum Up or Down - August 12, 4:25PM-4:30PM ET",2026-08-12T20:30:00Z,2026-08-12T20:25:00Z,1880.6546258969522,Up,"[""1"", ""0""]",0.99,1955.7848559999998,,0.4945,0.001,resolved,0x2f580e6daa7b990483f1dd32645197c14ef5b9972e14d2e44e1dcc2abe580019,https://data.chain.link/streams/eth-usd-twap-30s-streams,,
hype-updown-5m-1786566300,HYPE,"Hyperliquid Up or Down - August 12, 4:25PM-4:30PM ET",2026-08-12T20:30:00Z,2026-08-12T20:25:00Z,56.14142612273576,Up,"[""1"", ""0""]",0.99,54.834201,,0.4995,0.001,resolved,0x278f30460688954ce5894d4f8fc19a57fb1622c4c31a4775ae78c4c37edc8758,https://data.chain.link/streams/hype-usd-twap-30s-streams,,
sol-updown-5m-1786566300,SOL,"Solana Up or Down - August 12, 4:25PM-4:30PM ET",2026-08-12T20:30:00Z,2026-08-12T20:25:00Z,75.75902496778106,Up,"[""1"", ""0""]",0.99,513.40361,,0.4945,0.001,resolved,0x959f2e99b509d91d6eebb95d9d4bd6e55763a7419376fc84db97b82c90142e01,https://data.chain.link/streams/sol-usd-twap-30s-streams,,
xrp-updown-5m-1786566300,XRP,"XRP Up or Down - August 12, 4:25PM-4:30PM ET",2026-08-12T20:30:00Z,2026-08-12T20:25:00Z,1.008482303856878,Up,"[""1"", ""0""]",0.99,387.075543,,0.49,0.01,resolved,0x13eb5c3469c3aa73cc13cafa9291261085f655536cf19bbabac63f2de7defc2d,https://data.chain.link/streams/xrp-usd-twap-30s-streams,,
zec-updown-5m-1786566300,ZEC,"ZCash Up or Down - August 12, 4:25PM-4:30PM ET",2026-08-12T20:30:00Z,2026-08-12T20:25:00Z,489.67392809980845,Up,"[""1"", ""0""]",0.98,25,,0.48,0.01,resolved,0xd991042f47c39f3e324be017324096e801b826a247089122aba98042802a28f9,https://data.chain.link/streams/zec-usd-twap-30s-streams,,
bnb-updown-5m-1786566600,BNB,"BNB Up or Down - August 12, 4:30PM-4:35PM ET",2026-08-12T20:35:00Z,2026-08-12T20:30:00Z,610.8428182972941,Up,"[""1"", ""0""]",0.99,,,0.49,0.01,resolved,0x9f9205cfa1e6e122b501ce9975447758230c091ce47100a8bf5337b001dc886a,https://data.chain.link/streams/bnb-usd-twap-30s-streams,,
btc-updown-5m-1786566600,BTC,"Bitcoin Up or Down - August 12, 4:30PM-4:35PM ET",2026-08-12T20:35:00Z,2026-08-12T20:30:00Z,63438.8712355715,Up,"[""1"", ""0""]",0.99,58607.469481999986,,0.49,0.01,resolved,0x9f971b7c9d975e921367126cdc3fe8371c0213cd3f9665229af41f8da5bc384d,https://data.chain.link/streams/btc-usd-twap-30s-streams,,
doge-updown-5m-1786566600,DOGE,"Dogecoin Up or Down - August 12, 4:30PM-4:35PM ET",2026-08-12T20:35:00Z,2026-08-12T20:30:00Z,0.07047225518284654,Up,"[""1"", ""0""]",0.999,,,0.4995,0.001,resolved,0x88f5ce223d3060b519cbb7043623b6cb0dbc85d98c64d91f8f1714585dad12c8,https://data.chain.link/streams/doge-usd-twap-30s-streams,,
eth-updown-5m-1786566600,ETH,"Ethereum Up or Down - August 12, 4:30PM-4:35PM ET",2026-08-12T20:35:00Z,2026-08-12T20:30:00Z,1882.1655261792173,Up,"[""1"", ""0""]",0.99,2352.1868010000003,,0.49,0.01,resolved,0x48fcf0a0ee6d6f89082d685669fbb6a433ff81173ee8c7548c33b3b6ed6fafa6,https://data.chain.link/streams/eth-usd-twap-30s-streams,,
hype-updown-5m-1786566600,HYPE,"Hyperliquid Up or Down - August 12, 4:30PM-4:35PM ET",2026-08-12T20:35:00Z,2026-08-12T20:30:00Z,56.18759914330512,Up,"[""1"", ""0""]",0.98,,,0.495,0.01,resolved,0xfd05947726f2440d6184711b2cc1f3427d939a47402cd890642c7fdd41d1d408,https://data.chain.link/streams/hype-usd-twap-30s-streams,,
sol-updown-5m-1786566600,SOL,"Solana Up or Down - August 12, 4:30PM-4:35PM ET",2026-08-12T20:35:00Z,2026-08-12T20:30:00Z,75.80625964807108,Up,"[""1"", ""0""]",0.99,559.8505499999999,,0.4945,0.001,resolved,0x53e18fa8b5d3140227c96e9b9dfc2d32eb529c0810c6872cee0bea7857b39eac,https://data.chain.link/streams/sol-usd-twap-30s-streams,,
xrp-updown-5m-1786566600,XRP,"XRP Up or Down - August 12, 4:30PM-4:35PM ET",2026-08-12T20:35:00Z,2026-08-12T20:30:00Z,1.0086673490125417,Up,"[""1"", ""0""]",0.97,921.426884,,0.49,0.01,resolved,0x292b3a5282fe571bf92bedf4d43d80557fd279b04d6e0fcee9a6663c929788e4,https://data.chain.link/streams/xrp-usd-twap-30s-streams,,
zec-updown-5m-1786566600,ZEC,"ZCash Up or Down - August 12, 4:30PM-4:35PM ET",2026-08-12T20:35:00Z,2026-08-12T20:30:00Z,490.12083587413065,Up,"[""1"", ""0""]",0.98,,,0.48,0.01,resolved,0x68a0ac4189e8e37efec861d29d1b51a4634409062703341ef9b6e6bb6e139343,https://data.chain.link/streams/zec-usd-twap-30s-streams,,
bnb-updown-5m-1786566900,BNB,"BNB Up or Down - August 12, 4:35PM-4:40PM ET",2026-08-12T20:40:00Z,2026-08-12T20:35:00Z,611.1974073368657,Up,"[""1"", ""0""]",0.99,,,0.4945,0.001,resolved,0xcb552098ab0d27b2b321876503a106a9b26189853459db844464ebaaaed5ac4d,https://data.chain.link/streams/bnb-usd-twap-30s-streams,,
btc-updown-5m-1786566900,BTC,"Bitcoin Up or Down - August 12, 4:35PM-4:40PM ET",2026-08-12T20:40:00Z,2026-08-12T20:35:00Z,63468.342565410916,Up,"[""1"", ""0""]",0.999,64989.95960199999,6,0.4945,0.001,resolved,0x1152b317f2f52a565a65124955ff2789be61a1013d782598a6066ae17c4c4b97,https://data.chain.link/streams/btc-usd-twap-30s-streams,,
doge-updown-5m-1786566900,DOGE,"Dogecoin Up or Down - August 12, 4:35PM-4:40PM ET",2026-08-12T20:40:00Z,2026-08-12T20:35:00Z,0.0705432308707294,Up,"[""1"", ""0""]",0.999,,,0.4995,0.001,resolved,0x3e7fe292e5d880eecac1944fdadd80eb6f592ddc7e5bd585fea5645f027c2c52,https://data.chain.link/streams/doge-usd-twap-30s-streams,,
eth-updown-5m-1786566900,ETH,"Ethereum Up or Down - August 12, 4:35PM-4:40PM ET",2026-08-12T20:40:00Z,2026-08-12T20:35:00Z,1883.3553651175353,Up,"[""1"", ""0""]",0.999,,,0.4945,0.001,resolved,0xd85c515f320581a921f7701f137198fc37434b4f435e0226a112fa4d12bc7a2d,https://data.chain.link/streams/eth-usd-twap-30s-streams,,
hype-updown-5m-1786566900,HYPE,"Hyperliquid Up or Down - August 12, 4:35PM-4:40PM ET",2026-08-12T20:40:00Z,2026-08-12T20:35:00Z,56.24714490545065,Down,"[""0"", ""1""]",0.03,,,-0.495,0.01,resolved,0x6f8892b295d0eecba152db890d5f2af65c724dea2264914fd333f4874ee663e4,https://data.chain.link/streams/hype-usd-twap-30s-streams,,
sol-updown-5m-1786566900,SOL,"Solana Up or Down - August 12, 4:35PM-4:40PM ET",2026-08-12T20:40:00Z,2026-08-12T20:35:00Z,75.8673822137917,Up,"[""1"", ""0""]",0.99,,,0.4945,0.001,resolved,0x3a62c0ec45c9c7a0d2e6684a5b4a473ef292801adc5444f742060739ce38efcf,https://data.chain.link/streams/sol-usd-twap-30s-streams,,
xrp-updown-5m-1786566900,XRP,"XRP Up or Down - August 12, 4:35PM-4:40PM ET",2026-08-12T20:40:00Z,2026-08-12T20:35:00Z,1.0091270674434758,Up,"[""1"", ""0""]",0.99,725.97466,,0.4945,0.001,resolved,0xe543e96bf930fccb76d2ebef8b3bfb3310c08237bd2c43c505d19df5a59e59d3,https://data.chain.link/streams/xrp-usd-twap-30s-streams,,
zec-updown-5m-1786566900,ZEC,"ZCash Up or Down - August 12, 4:35PM-4:40PM ET",2026-08-12T20:40:00Z,2026-08-12T20:35:00Z,491.8366097069085,Up,"[""1"", ""0""]",0.99,,,0.475,0.01,resolved,0x13ac3b499eaf9d642e9013bc55336052ba6ce53e47ed027db42a04a33abde7c7,https://data.chain.link/streams/zec-usd-twap-30s-streams,,
bnb-updown-5m-1786567200,BNB,"BNB Up or Down - August 12, 4:40PM-4:45PM ET",2026-08-12T20:45:00Z,2026-08-12T20:40:00Z,611.2557708615489,Down,"[""0"", ""1""]",0.2,206.500773,,-0.5,0.01,resolved,0x025706be2d3377758426e6cf6e7047960bb96e55061039cd7e4328ed75ebe1cc,https://data.chain.link/streams/bnb-usd-twap-30s-streams,,
btc-updown-5m-1786567200,BTC,"Bitcoin Up or Down - August 12, 4:40PM-4:45PM ET",2026-08-12T20:45:00Z,2026-08-12T20:40:00Z,63500.937452823004,Down,"[""0"", ""1""]",0.01,61493.592368,6,-0.5,0.01,resolved,0xc79c762b97dad7331624d7069b57bf76f7a24a22b35834c0e10b97b31ae4ac2c,https://data.chain.link/streams/btc-usd-twap-30s-streams,,
doge-updown-5m-1786567200,DOGE,"Dogecoin Up or Down - August 12, 4:40PM-4:45PM ET",2026-08-12T20:45:00Z,2026-08-12T20:40:00Z,0.07058521440412766,Up,"[""1"", ""0""]",0.99,306.090513,,0.4995,0.001,resolved,0x2e9ead09b5d9f4167fe9fae9b8ba96e4803bbbde29b82be5d888d795e55830c0,https://data.chain.link/streams/doge-usd-twap-30s-streams,,
eth-updown-5m-1786567200,ETH,"Ethereum Up or Down - August 12, 4:40PM-4:45PM ET",2026-08-12T20:45:00Z,2026-08-12T20:40:00Z,1885.2068521125566,Down,"[""0"", ""1""]",0.01,2585.8985970000003,,-0.5,0.01,resolved,0x1608f52e8ec835d53fb0478403749a958e07d15b715f79113631d881df9b578e,https://data.chain.link/streams/eth-usd-twap-30s-streams,,
hype-updown-5m-1786567200,HYPE,"Hyperliquid Up or Down - August 12, 4:40PM-4:45PM ET",2026-08-12T20:45:00Z,2026-08-12T20:40:00Z,56.208859366666665,Down,"[""0"", ""1""]",0.03,57.09135,,-0.495,0.01,resolved,0xcdb58017a20c3e44d1d0ead4919fc9d9506d7ca516dd131f1bf3cd2b6c65f95c,https://data.chain.link/streams/hype-usd-twap-30s-streams,,
sol-updown-5m-1786567200,SOL,"Solana Up or Down - August 12, 4:40PM-4:45PM ET",2026-08-12T20:45:00Z,2026-08-12T20:40:00Z,75.9107516817891,Down,"[""0"", ""1""]",0.07,1515.1567430000005,,-0.495,0.01,resolved,0x46ebecf7441f34f4abf67656481fdc0a327642fb3721b985cccc1b18c6db88e4,https://data.chain.link/streams/sol-usd-twap-30s-streams,,
xrp-updown-5m-1786567200,XRP,"XRP Up or Down - August 12, 4:40PM-4:45PM ET",2026-08-12T20:45:00Z,2026-08-12T20:40:00Z,1.0095256889554045,Down,"[""0"", ""1""]",0.05,710.5499300000001,,-0.495,0.01,resolved,0xa3351b3f92f8720a913938dbb082c570c7fd1ace9b936cf81c9b0d2d623e8178,https://data.chain.link/streams/xrp-usd-twap-30s-streams,,
zec-updown-5m-1786567200,ZEC,"ZCash Up or Down - August 12, 4:40PM-4:45PM ET",2026-08-12T20:45:00Z,2026-08-12T20:40:00Z,492.0489907533541,Down,"[""0"", ""1""]",,,,-0.515,0.01,resolved,0x3ee367e44f5a0e9ba2c555be69ca9688d20fb5266c840d5dc71b5ef91e1bdfe8,https://data.chain.link/streams/zec-usd-twap-30s-streams,,
bnb-updown-5m-1786567500,BNB,"BNB Up or Down - August 12, 4:45PM-4:50PM ET",2026-08-12T20:50:00Z,2026-08-12T20:45:00Z,611.2250363943356,Down,"[""0"", ""1""]",0.08,,,-0.5045,0.001,resolved,0xc00d5834d42912eaf48b8ff5c59001f082cfb009e952a2b4dd3a5df441165da6,https://data.chain.link/streams/bnb-usd-twap-30s-streams,,
btc-updown-5m-1786567500,BTC,"Bitcoin Up or Down - August 12, 4:45PM-4:50PM ET",2026-08-12T20:50:00Z,2026-08-12T20:45:00Z,63478.296484944854,Down,"[""0"", ""1""]",0.01,54300.64064099995,6,-0.5045,0.001,resolved,0x72074eb1061fc4af7e746605eafc96951061e1122fa055e89fd3808dc35e431f,https://data.chain.link/streams/btc-usd-twap-30s-streams,,
doge-updown-5m-1786567500,DOGE,"Dogecoin Up or Down - August 12, 4:45PM-4:50PM ET",2026-08-12T20:50:00Z,2026-08-12T20:45:00Z,0.07062616750349213,Down,"[""0"", ""1""]",0.02,,,-0.4995,0.001,resolved,0x4e23314fd5f22c9898d9626d24dc4bfd17b8724a289259889ed2f9138bd9e0bf,https://data.chain.link/streams/doge-usd-twap-30s-streams,,
eth-updown-5m-1786567500,ETH,"Ethereum Up or Down - August 12, 4:45PM-4:50PM ET",2026-08-12T20:50:00Z,2026-08-12T20:45:00Z,1884.4443722342914,Up,"[""1"", ""0""]",0.999,2077.1459359999994,,0.4945,0.001,resolved,0xbe809499097a97c07e078afe727bc3ffa5133c358f9c19dfc2c58be3c1e12503,https://data.chain.link/streams/eth-usd-twap-30s-streams,,
hype-updown-5m-1786567500,HYPE,"Hyperliquid Up or Down - August 12, 4:45PM-4:50PM ET",2026-08-12T20:50:00Z,2026-08-12T20:45:00Z,56.20019795334487,Down,"[""0"", ""1""]",0.01,,,-0.495,0.01,resolved,0x10a48ff04a8895dd3351fc3eb5c6f909c72f26e143be1b70dce1f9a39eed7324,https://data.chain.link/streams/hype-usd-twap-30s-streams,,
sol-updown-5m-1786567500,SOL,"Solana Up or Down - August 12, 4:45PM-4:50PM ET",2026-08-12T20:50:00Z,2026-08-12T20:45:00Z,75.90582338323007,Down,"[""0"", ""1""]",0.08,827.3125799999998,,-0.5045,0.001,resolved,0x217dccc86cdf4f67cba6662c78a5666cd1f0bd72bb197ae1f0478c5cd5c52a5e,https://data.chain.link/streams/sol-usd-twap-30s-streams,,
xrp-updown-5m-1786567500,XRP,"XRP Up or Down - August 12, 4:45PM-4:50PM ET",2026-08-12T20:50:00Z,2026-08-12T20:45:00Z,1.0092276230517203,Down,"[""0"", ""1""]",0.01,,,-0.5,0.01,resolved,0xd5fe2731e9c0d9e83bd7d6693dee2ba4e957126bc0445c347ee957ef6be20d73,https://data.chain.link/streams/xrp-usd-twap-30s-streams,,
zec-updown-5m-1786567500,ZEC,"ZCash Up or Down - August 12, 4:45PM-4:50PM ET",2026-08-12T20:50:00Z,2026-08-12T20:45:00Z,491.92294178406365,Down,"[""0"", ""1""]",,,,-0.495,0.01,resolved,0x200b520d1e8ecc538b4e31f9f355ba4d6d13978704c09dec6d59b5d73a7ce3d2,https://data.chain.link/streams/zec-usd-twap-30s-streams,,
bnb-updown-5m-1786567800,BNB,"BNB Up or Down - August 12, 4:50PM-4:55PM ET",2026-08-12T20:55:00Z,2026-08-12T20:50:00Z,610.8121726564639,Down,"[""0"", ""1""]",0.13,,,-0.5045,0.001,resolved,0x55ec902505e961d0b87d8c8e0edac1dbfbe9af760846a560b9de65666999e9b2,https://data.chain.link/streams/bnb-usd-twap-30s-streams,,
btc-updown-5m-1786567800,BTC,"Bitcoin Up or Down - August 12, 4:50PM-4:55PM ET",2026-08-12T20:55:00Z,2026-08-12T20:50:00Z,63470.012889382975,Down,"[""0"", ""1""]",0.001,84674.32887700005,11,-0.5045,0.001,resolved,0x98af2f3db1b73236310c4c35e1b4e6eacdc3acb436ae7149a993f9a5f6ae4d75,https://data.chain.link/streams/btc-usd-twap-30s-streams,,
doge-updown-5m-1786567800,DOGE,"Dogecoin Up or Down - August 12, 4:50PM-4:55PM ET",2026-08-12T20:55:00Z,2026-08-12T20:50:00Z,0.07056850601878763,Down,"[""0"", ""1""]",0.04,,,-0.4995,0.001,resolved,0x891c7c500574f189d09d961a9935fa8ab8144409bc332d14c4f4fb31494bbbe3,https://data.chain.link/streams/doge-usd-twap-30s-streams,,
eth-updown-5m-1786567800,ETH,"Ethereum Up or Down - August 12, 4:50PM-4:55PM ET",2026-08-12T20:55:00Z,2026-08-12T20:50:00Z,1884.971033413339,Down,"[""0"", ""1""]",0.05,,,-0.5045,0.001,resolved,0x8562d609b38870338fc5b3ca5da8451de051bddd6b2e3ec16bdbb4ad6d0ebee5,https://data.chain.link/streams/eth-usd-twap-30s-streams,,
hype-updown-5m-1786567800,HYPE,"Hyperliquid Up or Down - August 12, 4:50PM-4:55PM ET",2026-08-12T20:55:00Z,2026-08-12T20:50:00Z,56.19468510000003,Down,"[""0"", ""1""]",0.03,,,-0.4995,0.001,resolved,0x0384fe81b7934a58efe5ff98ef376bbe8d9c0f890d2abb3747bfff000959e594,https://data.chain.link/streams/hype-usd-twap-30s-streams,,
sol-updown-5m-1786567800,SOL,"Solana Up or Down - August 12, 4:50PM-4:55PM ET",2026-08-12T20:55:00Z,2026-08-12T20:50:00Z,75.88255430597694,Down,"[""0"", ""1""]",0.03,,,-0.5045,0.001,resolved,0x6e0256e9f15158920cacf96ede83b2c367b8e441a011ca392a91b9b6890938ea,https://data.chain.link/streams/sol-usd-twap-30s-streams,,
xrp-updown-5m-1786567800,XRP,"XRP Up or Down - August 12, 4:50PM-4:55PM ET",2026-08-12T20:55:00Z,2026-08-12T20:50:00Z,1.008968420502081,Down,"[""0"", ""1""]",0.02,,,-0.5045,0.001,resolved,0xfe54c94635d21130564c2501e5a7c8cca259ad49c0737eefec15b0f310a17ab4,https://data.chain.link/streams/xrp-usd-twap-30s-streams,,
zec-updown-5m-1786567800,ZEC,"ZCash Up or Down - August 12, 4:50PM-4:55PM ET",2026-08-12T20:55:00Z,2026-08-12T20:50:00Z,491.73704148442107,Down,"[""0"", ""1""]",,,,-0.495,0.01,resolved,0xcba5b9271c206de0250939da965015554078fee9675697d10b33015c5307bf12,https://data.chain.link/streams/zec-usd-twap-30s-streams,,
bnb-updown-5m-1786568100,BNB,"BNB Up or Down - August 12, 4:55PM-5:00PM ET",2026-08-12T21:00:00Z,2026-08-12T20:55:00Z,610.6890996109847,Up,"[""1"", ""0""]",0.99,124.85134300000001,,0.4945,0.001,resolved,0xad16b6c2cc238446f9e7d234f64e02f67f674ab5c687306410bf7e3275b84565,https://data.chain.link/streams/bnb-usd-twap-30s-streams,,
btc-updown-5m-1786568100,BTC,"Bitcoin Up or Down - August 12, 4:55PM-5:00PM ET",2026-08-12T21:00:00Z,2026-08-12T20:55:00Z,63464.382423451905,Up,"[""1"", ""0""]",0.99,30760.924652000023,68,0.4945,0.001,resolved,0x585b5ab77771ea3b8fc164855be1c5196f266b987888d7d38a65a6ac428f4fad,https://data.chain.link/streams/btc-usd-twap-30s-streams,,
doge-updown-5m-1786568100,DOGE,"Dogecoin Up or Down - August 12, 4:55PM-5:00PM ET",2026-08-12T21:00:00Z,2026-08-12T20:55:00Z,0.0705249880847473,Up,"[""1"", ""0""]",0.98,441.27356599999996,,0.495,0.01,resolved,0xb94c9277c7c8f89c174a60eed37863eec4efe758e34e860038ebcc3f56d6c842,https://data.chain.link/streams/doge-usd-twap-30s-streams,,
eth-updown-5m-1786568100,ETH,"Ethereum Up or Down - August 12, 4:55PM-5:00PM ET",2026-08-12T21:00:00Z,2026-08-12T20:55:00Z,1883.810189100846,Up,"[""1"", ""0""]",0.99,2359.568254,,0.49,0.01,resolved,0xb4a6f97cb998d5615e7af7a520e112fb68b6ec6e1977ef22ccd97927f057e7a9,https://data.chain.link/streams/eth-usd-twap-30s-streams,,
hype-updown-5m-1786568100,HYPE,"Hyperliquid Up or Down - August 12, 4:55PM-5:00PM ET",2026-08-12T21:00:00Z,2026-08-12T20:55:00Z,56.18004241052313,Down,"[""0"", ""1""]",0.15,276.846511,,-0.495,0.01,resolved,0x7d0eb6a1110dce45cc181114b100a19d14efcca43acf7ce76ce265daf8e7ad71,https://data.chain.link/streams/hype-usd-twap-30s-streams,,
sol-updown-5m-1786568100,SOL,"Solana Up or Down - August 12, 4:55PM-5:00PM ET",2026-08-12T21:00:00Z,2026-08-12T20:55:00Z,75.84996983893225,Up,"[""1"", ""0""]",0.99,1227.2588299999998,,0.49,0.01,resolved,0xeee76cbdc6abb06d836b04c238c2c96d813676b857260335bf57aa05d146de0a,https://data.chain.link/streams/sol-usd-twap-30s-streams,,
xrp-updown-5m-1786568100,XRP,"XRP Up or Down - August 12, 4:55PM-5:00PM ET",2026-08-12T21:00:00Z,2026-08-12T20:55:00Z,1.008424685510886,Down,"[""0"", ""1""]",0.03,656.587786,,-0.5,0.01,resolved,0x89e02b83525de812c316248299b49e6e479aadfbfc03f83300a811cffbe7ca9f,https://data.chain.link/streams/xrp-usd-twap-30s-streams,,
zec-updown-5m-1786568100,ZEC,"ZCash Up or Down - August 12, 4:55PM-5:00PM ET",2026-08-12T21:00:00Z,2026-08-12T20:55:00Z,491.6566001747359,Up,"[""1"", ""0""]",0.98,,,0.495,0.01,resolved,0x0cbaa0a93f6031acdb12357a4686db48cc213391c95f54f264ab05bc06843695,https://data.chain.link/streams/zec-usd-twap-30s-streams,,
bnb-updown-5m-1786568400,BNB,"BNB Up or Down - August 12, 5:00PM-5:05PM ET",2026-08-12T21:05:00Z,2026-08-12T21:00:00Z,611.14197529128,Up,"[""1"", ""0""]",0.99,241.14848300000003,,0.4945,0.001,resolved,0x2b3863aa025a424b3a84af07108f009450d17e744e447d6b96f058b26f1bb2c1,https://data.chain.link/streams/bnb-usd-twap-30s-streams,,
btc-updown-5m-1786568400,BTC,"Bitcoin Up or Down - August 12, 5:00PM-5:05PM ET",2026-08-12T21:05:00Z,2026-08-12T21:00:00Z,63527.58550626388,Down,"[""0"", ""1""]",0.01,69407.82007599996,66,-0.5045,0.001,resolved,0x49f3f571412dee4d4362e327be96855e6abc3c25d2346e8e9fcbf3e003495263,https://data.chain.link/streams/btc-usd-twap-30s-streams,,
doge-updown-5m-1786568400,DOGE,"Dogecoin Up or Down - August 12, 5:00PM-5:05PM ET",2026-08-12T21:05:00Z,2026-08-12T21:00:00Z,0.07055756687239949,Down,"[""0"", ""1""]",0.02,,,-0.4995,0.001,resolved,0xee17d192e618fd88100cb23cf4b20a8c7af7c02112268cd0606c2d997232fddf,https://data.chain.link/streams/doge-usd-twap-30s-streams,,
eth-updown-5m-1786568400,ETH,"Ethereum Up or Down - August 12, 5:00PM-5:05PM ET",2026-08-12T21:05:00Z,2026-08-12T21:00:00Z,1884.5831950970758,Up,"[""1"", ""0""]",0.999,1538.8543900000004,,0.4945,0.001,resolved,0x15d93d9dd7a4d1174a397a2b69411cf72e05532a6c276d61b4307426150162da,https://data.chain.link/streams/eth-usd-twap-30s-streams,,
hype-updown-5m-1786568400,HYPE,"Hyperliquid Up or Down - August 12, 5:00PM-5:05PM ET",2026-08-12T21:05:00Z,2026-08-12T21:00:00Z,56.14683149748598,Down,"[""0"", ""1""]",0.15,,,-0.4995,0.001,resolved,0xfafcf20d03ba5ef26a6a47049a5469d34f11e06a45f7e6d018869619ef960eed,https://data.chain.link/streams/hype-usd-twap-30s-streams,,
sol-updown-5m-1786568400,SOL,"Solana Up or Down - August 12, 5:00PM-5:05PM ET",2026-08-12T21:05:00Z,2026-08-12T21:00:00Z,75.85445898595957,Down,"[""0"", ""1""]",0.03,1763.7245520000001,,-0.5045,0.001,resolved,0x5d13c142de140d9e72c764bcdef97de9ac01d46111c59e1c4b625e651f9f7ad7,https://data.chain.link/streams/sol-usd-twap-30s-streams,,
xrp-updown-5m-1786568400,XRP,"XRP Up or Down - August 12, 5:00PM-5:05PM ET",2026-08-12T21:05:00Z,2026-08-12T21:00:00Z,1.0082201437639149,Up,"[""1"", ""0""]",0.99,,,0.4945,0.001,resolved,0x31c78b50cbeddce3bb17abe868dd0cc0d1558c21f7b809eb915036d554a5f622,https://data.chain.link/streams/xrp-usd-twap-30s-streams,,
zec-updown-5m-1786568400,ZEC,"ZCash Up or Down - August 12, 5:00PM-5:05PM ET",2026-08-12T21:05:00Z,2026-08-12T21:00:00Z,492.7855937141953,Down,"[""0"", ""1""]",,,,-0.495,0.01,resolved,0xfbb6a427e64cc09d22e28c10ce09085de30ba28357acd4b821d4cb66abaddfe5,https://data.chain.link/streams/zec-usd-twap-30s-streams,,
bnb-updown-5m-1786568700,BNB,"BNB Up or Down - August 12, 5:05PM-5:10PM ET",2026-08-12T21:10:00Z,2026-08-12T21:05:00Z,611.3405303747736,Down,"[""0"", ""1""]",0.03,,,-0.5045,0.001,resolved,0x182f0562024043486f60ada487ef758454c30658c8a461eb5b53cb18302d470e,https://data.chain.link/streams/bnb-usd-twap-30s-streams,,
btc-updown-5m-1786568700,BTC,"Bitcoin Up or Down - August 12, 5:05PM-5:10PM ET",2026-08-12T21:10:00Z,2026-08-12T21:05:00Z,63519.485480360694,Down,"[""0"", ""1""]",0.01,28957.02405800001,282.339745,-0.5,0.01,resolved,0xe3536dbba060b910999bea5a2a71ec838a48df9190edf84207335c6b667565d0,https://data.chain.link/streams/btc-usd-twap-30s-streams,,
doge-updown-5m-1786568700,DOGE,"Dogecoin Up or Down - August 12, 5:05PM-5:10PM ET",2026-08-12T21:10:00Z,2026-08-12T21:05:00Z,0.0705020962193866,Down,"[""0"", ""1""]",0.05,,,-0.4995,0.001,resolved,0x72b1bf17e59a4f5ce819aac7ae039637524cd16fba60e67190896996bebcee4a,https://data.chain.link/streams/doge-usd-twap-30s-streams,,
eth-updown-5m-1786568700,ETH,"Ethereum Up or Down - August 12, 5:05PM-5:10PM ET",2026-08-12T21:10:00Z,2026-08-12T21:05:00Z,1885.944663104485,Down,"[""0"", ""1""]",0.01,,,-0.5045,0.001,resolved,0x0e4aeed9887445b6dfdf6992e90c2ed253efc06e7f9db0cee5b96a281a42f834,https://data.chain.link/streams/eth-usd-twap-30s-streams,,
hype-updown-5m-1786568700,HYPE,"Hyperliquid Up or Down - August 12, 5:05PM-5:10PM ET",2026-08-12T21:10:00Z,2026-08-12T21:05:00Z,56.096335043753506,Up,"[""1"", ""0""]",0.98,,,0.495,0.01,resolved,0x3611904c80c036e8f0bbd58264f483c0a17140f6ad88670fcc1ba944cff7bf10,https://data.chain.link/streams/hype-usd-twap-30s-streams,,
sol-updown-5m-1786568700,SOL,"Solana Up or Down - August 12, 5:05PM-5:10PM ET",2026-08-12T21:10:00Z,2026-08-12T21:05:00Z,75.83854010253523,Down,"[""0"", ""1""]",0.1,,,-0.5045,0.001,resolved,0xfd43cda9b5dfdc1d4ff2571dc1c8c69f72250ce87db23c6e5799f19fc72debe0,https://data.chain.link/streams/sol-usd-twap-30s-streams,,
xrp-updown-5m-1786568700,XRP,"XRP Up or Down - August 12, 5:05PM-5:10PM ET",2026-08-12T21:10:00Z,2026-08-12T21:05:00Z,1.0083218448749462,Down,"[""0"", ""1""]",0.01,,,-0.5045,0.001,resolved,0x40e30b08d9e0844558631d61ad3e04b479360915848eb19ee4aea0c5a715b0a4,https://data.chain.link/streams/xrp-usd-twap-30s-streams,,
zec-updown-5m-1786568700,ZEC,"ZCash Up or Down - August 12, 5:05PM-5:10PM ET",2026-08-12T21:10:00Z,2026-08-12T21:05:00Z,491.4335741568717,Down,"[""0"", ""1""]",,,,-0.495,0.01,resolved,0xe6b906d9c4e09962c7f07aebf6d13d5ec6190e9f4bc21f0c21a327de6fdf7db8,https://data.chain.link/streams/zec-usd-twap-30s-streams,,
bnb-updown-5m-1786569000,BNB,"BNB Up or Down - August 12, 5:10PM-5:15PM ET",2026-08-12T21:15:00Z,2026-08-12T21:10:00Z,611.1744324044836,Down,"[""0"", ""1""]",0.04,202.458912,,-0.5045,0.001,resolved,0x7848fcefee571e0eab7ac2de09e06acdce9de8d4ba69e592d19a48d3bffc85af,https://data.chain.link/streams/bnb-usd-twap-30s-streams,,
btc-updown-5m-1786569000,BTC,"Bitcoin Up or Down - August 12, 5:10PM-5:15PM ET",2026-08-12T21:15:00Z,2026-08-12T21:10:00Z,63495.980153854165,Up,"[""1"", ""0""]",0.999,36205.59587699999,6,0.4945,0.001,resolved,0x1f0969c6f850249b430e7e7018c195dd34ffca3c3c5ab176e2ae6c880cf98aec,https://data.chain.link/streams/btc-usd-twap-30s-streams,,
doge-updown-5m-1786569000,DOGE,"Dogecoin Up or Down - August 12, 5:10PM-5:15PM ET",2026-08-12T21:15:00Z,2026-08-12T21:10:00Z,0.0704332168742366,Up,"[""1"", ""0""]",0.99,197.18099999999998,,0.4995,0.001,resolved,0x730f918b7ada73eaca379064d76f517cd777cad0d5955da8b5cf718a85efb4ea,https://data.chain.link/streams/doge-usd-twap-30s-streams,,
eth-updown-5m-1786569000,ETH,"Ethereum Up or Down - August 12, 5:10PM-5:15PM ET",2026-08-12T21:15:00Z,2026-08-12T21:10:00Z,1884.4286826420998,Down,"[""0"", ""1""]",0.01,5630.901790999999,,-0.5045,0.001,resolved,0x2202fbd5544a029fc95875dfb12b3f1705adea382b7f53b6b1643538217dba4a,https://data.chain.link/streams/eth-usd-twap-30s-streams,,
hype-updown-5m-1786569000,HYPE,"Hyperliquid Up or Down - August 12, 5:10PM-5:15PM ET",2026-08-12T21:15:00Z,2026-08-12T21:10:00Z,56.1632739333333,Up,"[""1"", ""0""]",0.99,423.59691399999997,,0.4995,0.001,resolved,0x575c46c96b6ecc93f88efeb35ac5f16b06ab8083e09079bd536be8207a232399,https://data.chain.link/streams/hype-usd-twap-30s-streams,,
sol-updown-5m-1786569000,SOL,"Solana Up or Down - August 12, 5:10PM-5:15PM ET",2026-08-12T21:15:00Z,2026-08-12T21:10:00Z,75.78567974587253,Down,"[""0"", ""1""]",0.001,2786.021172,,-0.5045,0.001,resolved,0xec88bef5ccaeb7ddb3ad48f1e84f571b1e421845043b495ba896b0eac958ec79,https://data.chain.link/streams/sol-usd-twap-30s-streams,,
xrp-updown-5m-1786569000,XRP,"XRP Up or Down - August 12, 5:10PM-5:15PM ET",2026-08-12T21:15:00Z,2026-08-12T21:10:00Z,1.0078359677469373,Down,"[""0"", ""1""]",0.15,460.670948,,-0.5045,0.001,resolved,0x19e19eb2c9ac3906a4a4412a72bcd311ea846989b14ab77c2a49568cda3fccd8,https://data.chain.link/streams/xrp-usd-twap-30s-streams,,
zec-updown-5m-1786569000,ZEC,"ZCash Up or Down - August 12, 5:10PM-5:15PM ET",2026-08-12T21:15:00Z,2026-08-12T21:10:00Z,491.3777665037881,Up,"[""1"", ""0""]",0.98,25,,0.4945,0.009,resolved,0xbaae871eb336ce9608d05b15a7b0d0e5e7a664de8df81b8d47a15f8620189df2,https://data.chain.link/streams/zec-usd-twap-30s-streams,,
bnb-updown-5m-1786569300,BNB,"BNB Up or Down - August 12, 5:15PM-5:20PM ET",2026-08-12T21:20:00Z,2026-08-12T21:15:00Z,610.7195398420339,Down,"[""0"", ""1""]",0.01,,,-0.5,0.01,resolved,0x21b564f7b7e17e60b1b06185237a970964699691a0c1aa4805c6a80fb3bfbb93,https://data.chain.link/streams/bnb-usd-twap-30s-streams,,
btc-updown-5m-1786569300,BTC,"Bitcoin Up or Down - August 12, 5:15PM-5:20PM ET",2026-08-12T21:20:00Z,2026-08-12T21:15:00Z,63517.09444908168,Down,"[""0"", ""1""]",0.01,39927.82751399996,11,-0.5,0.01,resolved,0xcdc8772a0dc30303091a8520418fbefe2c57ac574b16e9661b58d684594b0c68,https://data.chain.link/streams/btc-usd-twap-30s-streams,,
doge-updown-5m-1786569300,DOGE,"Dogecoin Up or Down - August 12, 5:15PM-5:20PM ET",2026-08-12T21:20:00Z,2026-08-12T21:15:00Z,0.07050819297665789,Down,"[""0"", ""1""]",0.06,,,-0.495,0.01,resolved,0x951a879a9e85b8020ecf637cc1b3ee7b1223c5ac2b93d858515b8b95895c6ec9,https://data.chain.link/streams/doge-usd-twap-30s-streams,,
eth-updown-5m-1786569300,ETH,"Ethereum Up or Down - August 12, 5:15PM-5:20PM ET",2026-08-12T21:20:00Z,2026-08-12T21:15:00Z,1884.1478521858105,Down,"[""0"", ""1""]",0.01,2047.9439570000006,,-0.5,0.01,resolved,0xcd1df25299ec148df57cab1cd0037cfe7a7c6fecd968f7dc4f380dfd4cafe0d0,https://data.chain.link/streams/eth-usd-twap-30s-streams,,
hype-updown-5m-1786569300,HYPE,"Hyperliquid Up or Down - August 12, 5:15PM-5:20PM ET",2026-08-12T21:20:00Z,2026-08-12T21:15:00Z,56.170513348040124,Down,"[""0"", ""1""]",0.01,,,-0.495,0.01,resolved,0x9f81bd01b611eeeb0228eefec51a90b015c77e7b912a2f5c75a7329814f48381,https://data.chain.link/streams/hype-usd-twap-30s-streams,,
sol-updown-5m-1786569300,SOL,"Solana Up or Down - August 12, 5:15PM-5:20PM ET",2026-08-12T21:20:00Z,2026-08-12T21:15:00Z,75.7673015730512,Up,"[""1"", ""0""]",0.99,,,0.4945,0.001,resolved,0x3293e75e490d42bc382a86e99c074046c418783ba49350710edac0db230be611,https://data.chain.link/streams/sol-usd-twap-30s-streams,,
xrp-updown-5m-1786569300,XRP,"XRP Up or Down - August 12, 5:15PM-5:20PM ET",2026-08-12T21:20:00Z,2026-08-12T21:15:00Z,1.0068455901404751,Up,"[""1"", ""0""]",0.99,,,0.49,0.01,resolved,0x554378201d89f9cdba8f72bee4842989952b977f24b1b75e9f10f67ae6f0552e,https://data.chain.link/streams/xrp-usd-twap-30s-streams,,
zec-updown-5m-1786569300,ZEC,"ZCash Up or Down - August 12, 5:15PM-5:20PM ET",2026-08-12T21:20:00Z,2026-08-12T21:15:00Z,492.10982430926765,Down,"[""0"", ""1""]",,,,-0.51,0.01,resolved,0xa929614c0c10ee7cc8b8041a89d1f6ae67d02ddbf2ff601854751b72a66ce0c0,https://data.chain.link/streams/zec-usd-twap-30s-streams,,
bnb-updown-5m-1786569600,BNB,"BNB Up or Down - August 12, 5:20PM-5:25PM ET",2026-08-12T21:25:00Z,2026-08-12T21:20:00Z,610.6619743383718,Down,"[""0"", ""1""]",0.02,,,-0.5045,0.001,resolved,0xeaf4b619bb7657104be660115f94c8ad8b515d417e89217e69830164704501b4,https://data.chain.link/streams/bnb-usd-twap-30s-streams,,
btc-updown-5m-1786569600,BTC,"Bitcoin Up or Down - August 12, 5:20PM-5:25PM ET",2026-08-12T21:25:00Z,2026-08-12T21:20:00Z,63505.42745248718,Down,"[""0"", ""1""]",0.001,38806.10378700001,6,-0.5,0.01,resolved,0x1e280b9d96b1a54bbf0a3da605fd201f1e9f53656cffa7c56c7821808b4d941a,https://data.chain.link/streams/btc-usd-twap-30s-streams,,
doge-updown-5m-1786569600,DOGE,"Dogecoin Up or Down - August 12, 5:20PM-5:25PM ET",2026-08-12T21:25:00Z,2026-08-12T21:20:00Z,0.0704753348118926,Down,"[""0"", ""1""]",0.08,,,-0.495,0.01,resolved,0x7ea6ccfef6fe2e3768d313da315b33f3e41dbddbb3273fab2559f99bb73e53d2,https://data.chain.link/streams/doge-usd-twap-30s-streams,,
eth-updown-5m-1786569600,ETH,"Ethereum Up or Down - August 12, 5:20PM-5:25PM ET",2026-08-12T21:25:00Z,2026-08-12T21:20:00Z,1883.926015476405,Down,"[""0"", ""1""]",0.01,,,-0.5045,0.001,resolved,0x299114d55ed0c2403dab8d60dfed9fe4c4382a95e63fe0643c2486cd85e7e4ae,https://data.chain.link/streams/eth-usd-twap-30s-streams,,
hype-updown-5m-1786569600,HYPE,"Hyperliquid Up or Down - August 12, 5:20PM-5:25PM ET",2026-08-12T21:25:00Z,2026-08-12T21:20:00Z,56.146845299227984,Down,"[""0"", ""1""]",0.15,,,-0.4995,0.001,resolved,0xeed43f44a7599604bba1d27c1a789387aaa7e7e11b40fc8af287a34496423526,https://data.chain.link/streams/hype-usd-twap-30s-streams,,
sol-updown-5m-1786569600,SOL,"Solana Up or Down - August 12, 5:20PM-5:25PM ET",2026-08-12T21:25:00Z,2026-08-12T21:20:00Z,75.81218675132949,Down,"[""0"", ""1""]",0.01,,,-0.5045,0.001,resolved,0x7ff93180d4f8e4c600a783acf0214aba7190ba82c89e42258f6f866350e68bdd,https://data.chain.link/streams/sol-usd-twap-30s-streams,,
xrp-updown-5m-1786569600,XRP,"XRP Up or Down - August 12, 5:20PM-5:25PM ET",2026-08-12T21:25:00Z,2026-08-12T21:20:00Z,1.0070129820381548,Down,"[""0"", ""1""]",0.03,,,-0.5045,0.001,resolved,0x6fbb6078ecb06d4b32084aebada8ef78feaf4dae95bb542be53a0288946987b9,https://data.chain.link/streams/xrp-usd-twap-30s-streams,,
zec-updown-5m-1786569600,ZEC,"ZCash Up or Down - August 12, 5:20PM-5:25PM ET",2026-08-12T21:25:00Z,2026-08-12T21:20:00Z,491.95878354303363,Down,"[""0"", ""1""]",,,,-0.495,0.01,resolved,0x09ccc6c8df8fbaa65188f936f3896b05a6abef31b1abccfdd2812124df68b312,https://data.chain.link/streams/zec-usd-twap-30s-streams,,
bnb-updown-5m-1786569900,BNB,"BNB Up or Down - August 12, 5:25PM-5:30PM ET",2026-08-12T21:30:00Z,2026-08-12T21:25:00Z,609.9785646732832,Down,"[""0"", ""1""]",0.07,240.572127,,-0.5045,0.001,resolved,0x2b19606b6cc5e384fe451ae1f81760919f34af61dd4f2942fa7f2ae63cff8a7d,https://data.chain.link/streams/bnb-usd-twap-30s-streams,,
btc-updown-5m-1786569900,BTC,"Bitcoin Up or Down - August 12, 5:25PM-5:30PM ET",2026-08-12T21:30:00Z,2026-08-12T21:25:00Z,63471.419421123945,Down,"[""0"", ""1""]",0.01,34036.599290999984,,-0.5045,0.001,resolved,0xe0350e3d47f18fef32e47601d3dc3823b46d430f3da0a8c1904eec45b1e38588,https://data.chain.link/streams/btc-usd-twap-30s-streams,,
doge-updown-5m-1786569900,DOGE,"Dogecoin Up or Down - August 12, 5:25PM-5:30PM ET",2026-08-12T21:30:00Z,2026-08-12T21:25:00Z,0.07030336348825741,Down,"[""0"", ""1""]",0.04,1321.3869089999996,,-0.4995,0.001,resolved,0xd7d62bd99cfa49e0d1d2a61367d7fbc8a9beb43b8504338679fe638a85e1c130,https://data.chain.link/streams/doge-usd-twap-30s-streams,,
eth-updown-5m-1786569900,ETH,"Ethereum Up or Down - August 12, 5:25PM-5:30PM ET",2026-08-12T21:30:00Z,2026-08-12T21:25:00Z,1880.5852244514383,Down,"[""0"", ""1""]",0.01,5214.684651999999,,-0.5045,0.001,resolved,0x956e8363465a39f2556cc990af1fc4147f46f9bf4b1d487c4b093642a8159660,https://data.chain.link/streams/eth-usd-twap-30s-streams,,
hype-updown-5m-1786569900,HYPE,"Hyperliquid Up or Down - August 12, 5:25PM-5:30PM ET",2026-08-12T21:30:00Z,2026-08-12T21:25:00Z,56.037583648506796,Up,"[""1"", ""0""]",0.99,16.093307,,0.495,0.01,resolved,0x622beaf4f1ab0b7a0c19631490d99dd0ecdc2681bc1160b3fa3acb8f0630dcdb,https://data.chain.link/streams/hype-usd-twap-30s-streams,,
sol-updown-5m-1786569900,SOL,"Solana Up or Down - August 12, 5:25PM-5:30PM ET",2026-08-12T21:30:00Z,2026-08-12T21:25:00Z,75.57156195853871,Down,"[""0"", ""1""]",0.01,3043.8409439999996,,-0.5045,0.001,resolved,0xb294442ea14ddc081ef90ca0112b60bd5d709f7111c97124df0bb807e4d66ca8,https://data.chain.link/streams/sol-usd-twap-30s-streams,,
xrp-updown-5m-1786569900,XRP,"XRP Up or Down - August 12, 5:25PM-5:30PM ET",2026-08-12T21:30:00Z,2026-08-12T21:25:00Z,1.0039173543054773,Up,"[""1"", ""0""]",0.99,2130.4380419999998,,0.49,0.01,resolved,0xdd7606192c6f3997b930be7bf597e394ff3392e211f9ff1a6108b40e8f1db3f7,https://data.chain.link/streams/xrp-usd-twap-30s-streams,,
zec-updown-5m-1786569900,ZEC,"ZCash Up or Down - August 12, 5:25PM-5:30PM ET",2026-08-12T21:30:00Z,2026-08-12T21:25:00Z,490.06718835620694,Down,"[""0"", ""1""]",,10,,-0.51,0.01,resolved,0xc846369e59ce37facf4f25fe35e3ea7184fd9afaef258435e8d7359b2b1a3e9c,https://data.chain.link/streams/zec-usd-twap-30s-streams,,
bnb-updown-5m-1786570200,BNB,"BNB Up or Down - August 12, 5:30PM-5:35PM ET",2026-08-12T21:35:00Z,2026-08-12T21:30:00Z,608.9314667195008,Up,"[""1"", ""0""]",0.99,215.13468999999998,,0.4945,0.001,resolved,0x1c986762b0382b7611efe1c79ccea9bfa56dc645897faa3e2032a15c252e8c68,https://data.chain.link/streams/bnb-usd-twap-30s-streams,,
btc-updown-5m-1786570200,BTC,"Bitcoin Up or Down - August 12, 5:30PM-5:35PM ET",2026-08-12T21:35:00Z,2026-08-12T21:30:00Z,63427.09582324099,Down,"[""0"", ""1""]",0.001,54430.76375200001,6,-0.5045,0.001,resolved,0xae41ad5c9558d099d9808e97adcc871d2d66ce008da29bdc52f1b586e622390d,https://data.chain.link/streams/btc-usd-twap-30s-streams,,
doge-updown-5m-1786570200,DOGE,"Dogecoin Up or Down - August 12, 5:30PM-5:35PM ET",2026-08-12T21:35:00Z,2026-08-12T21:30:00Z,0.06977507236960509,Down,"[""0"", ""1""]",0.1,406.62594599999994,,-0.4995,0.001,resolved,0x39bbc3e3dc9aed535ef890ff13be175ff54b75ced14d31f1d41b1f92ff61c324,https://data.chain.link/streams/doge-usd-twap-30s-streams,,
eth-updown-5m-1786570200,ETH,"Ethereum Up or Down - August 12, 5:30PM-5:35PM ET",2026-08-12T21:35:00Z,2026-08-12T21:30:00Z,1876.351760333739,Up,"[""1"", ""0""]",0.99,5260.3057060000065,,0.4945,0.001,resolved,0x5c0d0dec560f53d52d1cf5daec0d3db3dd7043db448aef9dcdcec2a1a24997a5,https://data.chain.link/streams/eth-usd-twap-30s-streams,,
hype-updown-5m-1786570200,HYPE,"Hyperliquid Up or Down - August 12, 5:30PM-5:35PM ET",2026-08-12T21:35:00Z,2026-08-12T21:30:00Z,56.04796114882832,Down,"[""0"", ""1""]",0.15,,,-0.4995,0.001,resolved,0x19def95ced2aaae7549cd0ffc261b0c58f6170472d153cb2214f1c305184eac1,https://data.chain.link/streams/hype-usd-twap-30s-streams,,
sol-updown-5m-1786570200,SOL,"Solana Up or Down - August 12, 5:30PM-5:35PM ET",2026-08-12T21:35:00Z,2026-08-12T21:30:00Z,75.47301770131754,Up,"[""1"", ""0""]",0.99,1600.8546450000003,,0.4995,0.001,resolved,0xdaa1c2ecd2844cf4f6ca24f26ae3517a3f7e3a97c81d6ea14309b447ac180170,https://data.chain.link/streams/sol-usd-twap-30s-streams,,
xrp-updown-5m-1786570200,XRP,"XRP Up or Down - August 12, 5:30PM-5:35PM ET",2026-08-12T21:35:00Z,2026-08-12T21:30:00Z,1.0046133985107435,Down,"[""0"", ""1""]",0.01,1191.5153599999999,,-0.5,0.01,resolved,0x81cc5850d7c8654585fa3e5512aa9a9389def9633ca08f6d7e86c46dd1c82ff3,https://data.chain.link/streams/xrp-usd-twap-30s-streams,,
zec-updown-5m-1786570200,ZEC,"ZCash Up or Down - August 12, 5:30PM-5:35PM ET",2026-08-12T21:35:00Z,2026-08-12T21:30:00Z,488.7206501555905,Up,"[""1"", ""0""]",0.98,,,0.48,0.01,resolved,0x5895efb9cd0668ef362ceef00f8cc4d5266f3666e7ef103b7b33df85bced797d,https://data.chain.link/streams/zec-usd-twap-30s-streams,,
bnb-updown-5m-1786570500,BNB,"BNB Up or Down - August 12, 5:35PM-5:40PM ET",2026-08-12T21:40:00Z,2026-08-12T21:35:00Z,609.3746054437108,Up,"[""1"", ""0""]",0.99,,,0.49,0.01,resolved,0x3563ecef14306bf25a18acd8533eb61127370886d00b38165a6c1ace69a43244,https://data.chain.link/streams/bnb-usd-twap-30s-streams,,
btc-updown-5m-1786570500,BTC,"Bitcoin Up or Down - August 12, 5:35PM-5:40PM ET",2026-08-12T21:40:00Z,2026-08-12T21:35:00Z,63421.51657873375,Up,"[""1"", ""0""]",0.99,46198.077927000035,6,0.49,0.01,resolved,0x08a2cc99288e180905d5771b3d8244df84dce17de3368720dc6f9cadf8c0fe47,https://data.chain.link/streams/btc-usd-twap-30s-streams,,
doge-updown-5m-1786570500,DOGE,"Dogecoin Up or Down - August 12, 5:35PM-5:40PM ET",2026-08-12T21:40:00Z,2026-08-12T21:35:00Z,0.06954070048491759,Up,"[""1"", ""0""]",0.91,,,0.495,0.01,resolved,0xb41a89d149c5928078652ac8082d9ff3051ab6150b98273387efc2c0a080fcc9,https://data.chain.link/streams/doge-usd-twap-30s-streams,,
eth-updown-5m-1786570500,ETH,"Ethereum Up or Down - August 12, 5:35PM-5:40PM ET",2026-08-12T21:40:00Z,2026-08-12T21:35:00Z,1877.0719650888275,Up,"[""1"", ""0""]",0.99,2889.083679000001,,0.49,0.01,resolved,0x14d4fdb1d9f8452070be16d5eedc4e96a4d6cb23bad1b10900c59eb54ef1d055,https://data.chain.link/streams/eth-usd-twap-30s-streams,,
hype-updown-5m-1786570500,HYPE,"Hyperliquid Up or Down - August 12, 5:35PM-5:40PM ET",2026-08-12T21:40:00Z,2026-08-12T21:35:00Z,56.034059026945854,Up,"[""1"", ""0""]",0.99,,,0.4995,0.001,resolved,0x43035ea1893d60afec0a26a0620b780013dec60ab32368dbf3114903f89a8eb2,https://data.chain.link/streams/hype-usd-twap-30s-streams,,
sol-updown-5m-1786570500,SOL,"Solana Up or Down - August 12, 5:35PM-5:40PM ET",2026-08-12T21:40:00Z,2026-08-12T21:35:00Z,75.5034609770049,Up,"[""1"", ""0""]",0.99,1236.523192,,0.49,0.01,resolved,0x0b46a1bc7c34585204842725c50977fe5e7835f3f8d8de2c7ae22d5ab0b31f13,https://data.chain.link/streams/sol-usd-twap-30s-streams,,
xrp-updown-5m-1786570500,XRP,"XRP Up or Down - August 12, 5:35PM-5:40PM ET",2026-08-12T21:40:00Z,2026-08-12T21:35:00Z,1.0045761633568628,Up,"[""1"", ""0""]",0.97,,,0.49,0.01,resolved,0xc008157c22f3e750b24a7c6ee8aa1da72bdaab0d0278f7ea1d6dad804ee7963a,https://data.chain.link/streams/xrp-usd-twap-30s-streams,,
zec-updown-5m-1786570500,ZEC,"ZCash Up or Down - August 12, 5:35PM-5:40PM ET",2026-08-12T21:40:00Z,2026-08-12T21:35:00Z,490.0332546064792,Up,"[""1"", ""0""]",0.99,,,0.495,0.01,resolved,0xa859bed0469994d09401a86a7dab1e8c9e7bf082e6ed11632b7f37c20194a5a2,https://data.chain.link/streams/zec-usd-twap-30s-streams,,
bnb-updown-5m-1786570800,BNB,"BNB Up or Down - August 12, 5:40PM-5:45PM ET",2026-08-12T21:45:00Z,2026-08-12T21:40:00Z,609.3970613127003,Up,"[""1"", ""0""]",0.99,107.262627,,0.4945,0.001,resolved,0xf24980818c7e396db223aced1b709b30c7d38c28d2a3649dec9121aa3f728f19,https://data.chain.link/streams/bnb-usd-twap-30s-streams,,
btc-updown-5m-1786570800,BTC,"Bitcoin Up or Down - August 12, 5:40PM-5:45PM ET",2026-08-12T21:45:00Z,2026-08-12T21:40:00Z,63444.68614006301,Up,"[""1"", ""0""]",0.999,47036.47888899998,6,0.4945,0.001,resolved,0xbf2b06fab313757bd808118e8901b04372353f2d911ffe64d34c7b0937dc6dac,https://data.chain.link/streams/btc-usd-twap-30s-streams,,
doge-updown-5m-1786570800,DOGE,"Dogecoin Up or Down - August 12, 5:40PM-5:45PM ET",2026-08-12T21:45:00Z,2026-08-12T21:40:00Z,0.06961111539081505,Up,"[""1"", ""0""]",0.99,414.96652900000004,,0.4995,0.001,resolved,0xb7fcf105bf7db0099e1c721f9009c0dee9897462bb01e7e850bb504d04f3ff77,https://data.chain.link/streams/doge-usd-twap-30s-streams,,
eth-updown-5m-1786570800,ETH,"Ethereum Up or Down - August 12, 5:40PM-5:45PM ET",2026-08-12T21:45:00Z,2026-08-12T21:40:00Z,1877.8628007515358,Up,"[""1"", ""0""]",0.99,1723.2739799999995,,0.4945,0.001,resolved,0xc6d7adf01c025606197a692fe80ed8ed159d30ffb167f8b945b248e4db2df889,https://data.chain.link/streams/eth-usd-twap-30s-streams,,
hype-updown-5m-1786570800,HYPE,"Hyperliquid Up or Down - August 12, 5:40PM-5:45PM ET",2026-08-12T21:45:00Z,2026-08-12T21:40:00Z,56.10385323333335,Up,"[""1"", ""0""]",0.99,51.60485,,0.4995,0.001,resolved,0xf090740490ad95c33339d74ebe3934615b60d2d32144839dd9e3f3e5f5e7b0ff,https://data.chain.link/streams/hype-usd-twap-30s-streams,,
sol-updown-5m-1786570800,SOL,"Solana Up or Down - August 12, 5:40PM-5:45PM ET",2026-08-12T21:45:00Z,2026-08-12T21:40:00Z,75.56353584210537,Up,"[""1"", ""0""]",0.99,1417.2817600000005,,0.4945,0.001,resolved,0x003910552d47cf1a2fba23ea749161d5a2a795dde5c30489c7a5154c36a01186,https://data.chain.link/streams/sol-usd-twap-30s-streams,,
xrp-updown-5m-1786570800,XRP,"XRP Up or Down - August 12, 5:40PM-5:45PM ET",2026-08-12T21:45:00Z,2026-08-12T21:40:00Z,1.0049202277282172,Up,"[""1"", ""0""]",0.99,660.527679,,0.4945,0.001,resolved,0x8534ea2fb7679effcdce6839ec389f772c87e3bf84d832829cb7a574892a5013,https://data.chain.link/streams/xrp-usd-twap-30s-streams,,
zec-updown-5m-1786570800,ZEC,"ZCash Up or Down - August 12, 5:40PM-5:45PM ET",2026-08-12T21:45:00Z,2026-08-12T21:40:00Z,490.14920106284296,Up,"[""1"", ""0""]",0.98,,,0.495,0.01,resolved,0xa3cc4691751685ebc266740c75fcf924753617c56580d92716460913f83639e1,https://data.chain.link/streams/zec-usd-twap-30s-streams,,
bnb-updown-5m-1786571100,BNB,"BNB Up or Down - August 12, 5:45PM-5:50PM ET",2026-08-12T21:50:00Z,2026-08-12T21:45:00Z,609.7943016257846,Up,"[""1"", ""0""]",0.99,,,0.49,0.01,resolved,0x91d6b1bc0219d04ea9e03491d49b075041e523350133d6af839680279900fe99,https://data.chain.link/streams/bnb-usd-twap-30s-streams,,
btc-updown-5m-1786571100,BTC,"Bitcoin Up or Down - August 12, 5:45PM-5:50PM ET",2026-08-12T21:50:00Z,2026-08-12T21:45:00Z,63454.601467583234,Up,"[""1"", ""0""]",0.99,50131.22149399997,5,0.49,0.01,resolved,0x702013c79f36caea1680bdf429b75f5516c3f21b6d098506833b05fdad1639ea,https://data.chain.link/streams/btc-usd-twap-30s-streams,,
doge-updown-5m-1786571100,DOGE,"Dogecoin Up or Down - August 12, 5:45PM-5:50PM ET",2026-08-12T21:50:00Z,2026-08-12T21:45:00Z,0.06969603574945284,Down,"[""0"", ""1""]",0.04,,,-0.495,0.01,resolved,0x8901204b664a11487e5b5c8fca5c8b0995109337193bb390c9917f02fcedca64,https://data.chain.link/streams/doge-usd-twap-30s-streams,,
eth-updown-5m-1786571100,ETH,"Ethereum Up or Down - August 12, 5:45PM-5:50PM ET",2026-08-12T21:50:00Z,2026-08-12T21:45:00Z,1880.503581976456,Up,"[""1"", ""0""]",0.99,6781.66628,,0.49,0.01,resolved,0xcdfca1bb5367c2ba30b1380676c084afa32ee2e7707c39c578b3026194c36a81,https://data.chain.link/streams/eth-usd-twap-30s-streams,,
hype-updown-5m-1786571100,HYPE,"Hyperliquid Up or Down - August 12, 5:45PM-5:50PM ET",2026-08-12T21:50:00Z,2026-08-12T21:45:00Z,56.13933940682855,Up,"[""1"", ""0""]",0.98,,,0.495,0.01,resolved,0x41f4569374b5778d4e085a2a53faf71938596bb75bfbdfbea4fb199c1a620e59,https://data.chain.link/streams/hype-usd-twap-30s-streams,,
sol-updown-5m-1786571100,SOL,"Solana Up or Down - August 12, 5:45PM-5:50PM ET",2026-08-12T21:50:00Z,2026-08-12T21:45:00Z,75.59025494100938,Down,"[""0"", ""1""]",0.11,,,-0.5,0.01,resolved,0x61427e73afee18a595b938ac0044207c1e3be2686358de9654058ec9e5c2c981,https://data.chain.link/streams/sol-usd-twap-30s-streams,,
xrp-updown-5m-1786571100,XRP,"XRP Up or Down - August 12, 5:45PM-5:50PM ET",2026-08-12T21:50:00Z,2026-08-12T21:45:00Z,1.0056514529385567,Down,"[""0"", ""1""]",0.03,,,-0.495,0.01,resolved,0xa8715e5ddaeaf891f0884914e643183e88fcb094b9d58017579bb70a7ccd00c6,https://data.chain.link/streams/xrp-usd-twap-30s-streams,,
zec-updown-5m-1786571100,ZEC,"ZCash Up or Down - August 12, 5:45PM-5:50PM ET",2026-08-12T21:50:00Z,2026-08-12T21:45:00Z,490.174207341615,Up,"[""1"", ""0""]",0.98,,,0.495,0.01,resolved,0x84312b30e6041ae10846c73bdaca952f797d2a5a77afafb51e4326a0cbcc52b8,https://data.chain.link/streams/zec-usd-twap-30s-streams,,
bnb-updown-5m-1786571400,BNB,"BNB Up or Down - August 12, 5:50PM-5:55PM ET",2026-08-12T21:55:00Z,2026-08-12T21:50:00Z,609.9942026735034,Down,"[""0"", ""1""]",0.16,,,-0.48,0.01,resolved,0x3b54d24de8d3a8eb6cc45a13e3c3238ed002e70497fdf0d193c73804b32233da,https://data.chain.link/streams/bnb-usd-twap-30s-streams,,
btc-updown-5m-1786571400,BTC,"Bitcoin Up or Down - August 12, 5:50PM-5:55PM ET",2026-08-12T21:55:00Z,2026-08-12T21:50:00Z,63472.38325112226,Up,"[""1"", ""0""]",0.999,52900.83377200004,5,0.49,0.01,resolved,0x3562f034d24cbe08e115b1b0e6d4f7715fed2bc2c5ea63ffb0a72195be0345b8,https://data.chain.link/streams/btc-usd-twap-30s-streams,,
doge-updown-5m-1786571400,DOGE,"Dogecoin Up or Down - August 12, 5:50PM-5:55PM ET",2026-08-12T21:55:00Z,2026-08-12T21:50:00Z,0.06965298804964018,Up,"[""1"", ""0""]",0.99,,,0.495,0.01,resolved,0x31b97007043a7cb59318bfbd193dae0a06b1bc8d2f42f181c5bf6f9335ca94fa,https://data.chain.link/streams/doge-usd-twap-30s-streams,,
eth-updown-5m-1786571400,ETH,"Ethereum Up or Down - August 12, 5:50PM-5:55PM ET",2026-08-12T21:55:00Z,2026-08-12T21:50:00Z,1881.443414993086,Up,"[""1"", ""0""]",0.97,,,0.45,0.02,resolved,0x78facf0c92470c44905450649467fd508ef5e82ffef8c5eeaee3a052bfe829e6,https://data.chain.link/streams/eth-usd-twap-30s-streams,,
hype-updown-5m-1786571400,HYPE,"Hyperliquid Up or Down - August 12, 5:50PM-5:55PM ET",2026-08-12T21:55:00Z,2026-08-12T21:50:00Z,56.15081096360035,Up,"[""1"", ""0""]",0.98,,,0.445,0.07,resolved,0x4f783c74e2463bf2c786b9a231b3ece28d38a5d4c029964b0bb79bbc0c5e8a85,https://data.chain.link/streams/hype-usd-twap-30s-streams,,
sol-updown-5m-1786571400,SOL,"Solana Up or Down - August 12, 5:50PM-5:55PM ET",2026-08-12T21:55:00Z,2026-08-12T21:50:00Z,75.5668475375477,Up,"[""1"", ""0""]",0.99,,,0.49,0.01,resolved,0x1198025c71da46de7e983eccc2a3f56fa5acc94ed06102b21b04aa8ef59457bd,https://data.chain.link/streams/sol-usd-twap-30s-streams,,
xrp-updown-5m-1786571400,XRP,"XRP Up or Down - August 12, 5:50PM-5:55PM ET",2026-08-12T21:55:00Z,2026-08-12T21:50:00Z,1.005599233693898,Up,"[""1"", ""0""]",0.98,,,0.46,0.05,resolved,0x0e6c1c58bae7556883df5a4d5a1a01c25c839f34fd82fe6934da5f20cdc877f1,https://data.chain.link/streams/xrp-usd-twap-30s-streams,,
zec-updown-5m-1786571400,ZEC,"ZCash Up or Down - August 12, 5:50PM-5:55PM ET",2026-08-12T21:55:00Z,2026-08-12T21:50:00Z,490.19531715811047,Down,"[""0"", ""1""]",,,,,0.98,resolved,0xa0518d5f831ea2644ce9b88032b4d640e4614d9f83909569cf745c5bd8293a57,https://data.chain.link/streams/zec-usd-twap-30s-streams,,
bnb-updown-5m-1786571700,BNB,"BNB Up or Down - August 12, 5:55PM-6:00PM ET",2026-08-12T22:00:00Z,2026-08-12T21:55:00Z,609.9643241022181,Down,"[""0"", ""1""]",0.06,179.18936100000002,,-0.5,0.01,resolved,0x90624c51135bab4c822f3911ad52bcc99fa74da9274ee51fe1159ba4646c6077,https://data.chain.link/streams/bnb-usd-twap-30s-streams,,
btc-updown-5m-1786571700,BTC,"Bitcoin Up or Down - August 12, 5:55PM-6:00PM ET",2026-08-12T22:00:00Z,2026-08-12T21:55:00Z,63509.54622498085,Down,"[""0"", ""1""]",0.01,23808.468400999995,97.00784,-0.5045,0.001,resolved,0xff94cf5cd6b0cd7ea269eff4c91c92ce4d93c08699ab503ae9fe54b4c056b2ac,https://data.chain.link/streams/btc-usd-twap-30s-streams,,
doge-updown-5m-1786571700,DOGE,"Dogecoin Up or Down - August 12, 5:55PM-6:00PM ET",2026-08-12T22:00:00Z,2026-08-12T21:55:00Z,0.06969659946311393,Down,"[""0"", ""1""]",0.13,303.497414,,-0.4995,0.001,resolved,0xb858c32fcf6ea58560afda7abce7a3929c880cd26f3316a671b00e6e71379684,https://data.chain.link/streams/doge-usd-twap-30s-streams,,
eth-updown-5m-1786571700,ETH,"Ethereum Up or Down - August 12, 5:55PM-6:00PM ET",2026-08-12T22:00:00Z,2026-08-12T21:55:00Z,1881.4776425112368,Down,"[""0"", ""1""]",0.01,1420.630215,,-0.4995,0.001,resolved,0x1d28b8aaacd1425b624ae725da166c70cff1328cf05dee0b50911407642ec7c5,https://data.chain.link/streams/eth-usd-twap-30s-streams,,
hype-updown-5m-1786571700,HYPE,"Hyperliquid Up or Down - August 12, 5:55PM-6:00PM ET",2026-08-12T22:00:00Z,2026-08-12T21:55:00Z,56.157164560927704,Down,"[""0"", ""1""]",0.06,55.37519999999999,,-0.495,0.01,resolved,0xb40917697d6d9e132e827135d4532375372b142e1e725502ff208b9d779abd35,https://data.chain.link/streams/hype-usd-twap-30s-streams,,
sol-updown-5m-1786571700,SOL,"Solana Up or Down - August 12, 5:55PM-6:00PM ET",2026-08-12T22:00:00Z,2026-08-12T21:55:00Z,75.58931993801048,Down,"[""0"", ""1""]",0.07,528.17663,,-0.5045,0.001,resolved,0x6ea25d46548a7acb7aa04c408e9480fb0e3af2b4652bbbe940be9eb4da58e42c,https://data.chain.link/streams/sol-usd-twap-30s-streams,,
xrp-updown-5m-1786571700,XRP,"XRP Up or Down - August 12, 5:55PM-6:00PM ET",2026-08-12T22:00:00Z,2026-08-12T21:55:00Z,1.0056818498630473,Down,"[""0"", ""1""]",0.04,808.2666680000002,,-0.5045,0.001,resolved,0xefa1c6ee878411acab7e8031d27f676beaa226b49bedbef3a97fa6246dde8d17,https://data.chain.link/streams/xrp-usd-twap-30s-streams,,
zec-updown-5m-1786571700,ZEC,"ZCash Up or Down - August 12, 5:55PM-6:00PM ET",2026-08-12T22:00:00Z,2026-08-12T21:55:00Z,490.0401429057133,Down,"[""0"", ""1""]",,12,,-0.495,0.01,resolved,0x9c72d579e9d097db80a36e25e6bc52b7622c897ce0d0f8a64fda9cbcf98bf569,https://data.chain.link/streams/zec-usd-twap-30s-streams,,
bnb-updown-5m-1786572000,BNB,"BNB Up or Down - August 12, 6:00PM-6:05PM ET",2026-08-12T22:05:00Z,2026-08-12T22:00:00Z,609.0588188513032,Up,"[""1"", ""0""]",0.99,707.0332739999999,,0.4945,0.001,resolved,0x5c9236f1f3ec0326d0dadbe5f25fea340e8d418f5bde7d221f6170850cff01c4,https://data.chain.link/streams/bnb-usd-twap-30s-streams,,
btc-updown-5m-1786572000,BTC,"Bitcoin Up or Down - August 12, 6:00PM-6:05PM ET",2026-08-12T22:05:00Z,2026-08-12T22:00:00Z,63393.90741109115,Up,"[""1"", ""0""]",0.999,63757.776990999955,29.607839,0.49,0.01,resolved,0xdf3151f175c1d3b63a8293ba372a4e1afde461f5e18b433eefc68f7fb2fe951d,https://data.chain.link/streams/btc-usd-twap-30s-streams,,
doge-updown-5m-1786572000,DOGE,"Dogecoin Up or Down - August 12, 6:00PM-6:05PM ET",2026-08-12T22:05:00Z,2026-08-12T22:00:00Z,0.06926105857043462,Down,"[""0"", ""1""]",0.07,1332.2063929999997,,-0.4995,0.001,resolved,0x8c1329b2fc9485bbb8c42c2229b721500922bde9bbaf103095dce49ee1ba16a3,https://data.chain.link/streams/doge-usd-twap-30s-streams,,
eth-updown-5m-1786572000,ETH,"Ethereum Up or Down - August 12, 6:00PM-6:05PM ET",2026-08-12T22:05:00Z,2026-08-12T22:00:00Z,1875.7018466136058,Up,"[""1"", ""0""]",0.99,4752.617085,,0.4945,0.001,resolved,0xb60d17e757ab4a8719ee26174dac1cebe89c7f7015375779377ee1684e5466f0,https://data.chain.link/streams/eth-usd-twap-30s-streams,,
hype-updown-5m-1786572000,HYPE,"Hyperliquid Up or Down - August 12, 6:00PM-6:05PM ET",2026-08-12T22:05:00Z,2026-08-12T22:00:00Z,56.023948548144176,Up,"[""1"", ""0""]",0.91,,,0.4995,0.001,resolved,0x82b705023b5309e85f316c28a4c95996ab0a34edb40f17b6e5c8ce71e2e6b66b,https://data.chain.link/streams/hype-usd-twap-30s-streams,,
sol-updown-5m-1786572000,SOL,"Solana Up or Down - August 12, 6:00PM-6:05PM ET",2026-08-12T22:05:00Z,2026-08-12T22:00:00Z,75.3982415622481,Up,"[""1"", ""0""]",0.99,2308.478598000001,,0.4945,0.001,resolved,0x570fc5a11ebc34139013893a90a9c71ad0e94205dff3226c5ec12a0e0f9c029a,https://data.chain.link/streams/sol-usd-twap-30s-streams,,
xrp-updown-5m-1786572000,XRP,"XRP Up or Down - August 12, 6:00PM-6:05PM ET",2026-08-12T22:05:00Z,2026-08-12T22:00:00Z,1.003337911353218,Up,"[""1"", ""0""]",0.99,1667.2549169999998,,0.49,0.01,resolved,0x32d0bb40fdf3873268eac3c85f2ba1d1465a53129b567c7465a2ac01d5e0e0ad,https://data.chain.link/streams/xrp-usd-twap-30s-streams,,
zec-updown-5m-1786572000,ZEC,"ZCash Up or Down - August 12, 6:00PM-6:05PM ET",2026-08-12T22:05:00Z,2026-08-12T22:00:00Z,489.1627076270895,Up,"[""1"", ""0""]",0.98,,,0.495,0.01,resolved,0xff6ad387f33d20bee4180717f322dd182a394d680c8060af12e7766f8b63f4ac,https://data.chain.link/streams/zec-usd-twap-30s-streams,,
bnb-updown-5m-1786572300,BNB,"BNB Up or Down - August 12, 6:05PM-6:10PM ET",2026-08-12T22:10:00Z,2026-08-12T22:05:00Z,609.2992525359149,Up,"[""1"", ""0""]",0.99,,,0.4945,0.001,resolved,0xa5fad5b7e039df7334038b9405e8d89dd5bc1da082900b822268a86be214369e,https://data.chain.link/streams/bnb-usd-twap-30s-streams,,
btc-updown-5m-1786572300,BTC,"Bitcoin Up or Down - August 12, 6:05PM-6:10PM ET",2026-08-12T22:10:00Z,2026-08-12T22:05:00Z,63411.15085900697,Down,"[""0"", ""1""]",0.01,63070.44404599997,30,-0.5045,0.001,resolved,0x698dca420e0718b73799b04e90c94c2f3925dd72f34ed831ee7072cada40351d,https://data.chain.link/streams/btc-usd-twap-30s-streams,,
doge-updown-5m-1786572300,DOGE,"Dogecoin Up or Down - August 12, 6:05PM-6:10PM ET",2026-08-12T22:10:00Z,2026-08-12T22:05:00Z,0.06888781300543247,Up,"[""1"", ""0""]",0.99,,,0.4995,0.001,resolved,0x3963c115b0aed459cad9cbc85ed51f39181a06a057cd66170b6d548fc2a999f8,https://data.chain.link/streams/doge-usd-twap-30s-streams,,
eth-updown-5m-1786572300,ETH,"Ethereum Up or Down - August 12, 6:05PM-6:10PM ET",2026-08-12T22:10:00Z,2026-08-12T22:05:00Z,1877.1686850753465,Up,"[""1"", ""0""]",0.99,,,0.4945,0.001,resolved,0xaed85469a04d6791a6b0584ea599c251e6a14269b7cc1d5b4b967aff8070e939,https://data.chain.link/streams/eth-usd-twap-30s-streams,,
hype-updown-5m-1786572300,HYPE,"Hyperliquid Up or Down - August 12, 6:05PM-6:10PM ET",2026-08-12T22:10:00Z,2026-08-12T22:05:00Z,56.06054292727066,Up,"[""1"", ""0""]",0.99,,,0.4995,0.001,resolved,0xddbde4fff786668fc2879dc46c7bddd585c0bbe7de8580741d513d7303c79a6b,https://data.chain.link/streams/hype-usd-twap-30s-streams,,
sol-updown-5m-1786572300,SOL,"Solana Up or Down - August 12, 6:05PM-6:10PM ET",2026-08-12T22:10:00Z,2026-08-12T22:05:00Z,75.44854157582567,Up,"[""1"", ""0""]",0.99,,,0.4945,0.001,resolved,0xe54dc6b0e3f8753b4d755d15c9909cfbb6cb7b13904cfe0de100cf6bad1c7b55,https://data.chain.link/streams/sol-usd-twap-30s-streams,,
xrp-updown-5m-1786572300,XRP,"XRP Up or Down - August 12, 6:05PM-6:10PM ET",2026-08-12T22:10:00Z,2026-08-12T22:05:00Z,1.0041053626899532,Up,"[""1"", ""0""]",0.99,,,0.4945,0.001,resolved,0x58a596cf9f7f1c3024d295bb7d8eb0cbc7b071140c95837253eacb4bb007a6f0,https://data.chain.link/streams/xrp-usd-twap-30s-streams,,
zec-updown-5m-1786572300,ZEC,"ZCash Up or Down - August 12, 6:05PM-6:10PM ET",2026-08-12T22:10:00Z,2026-08-12T22:05:00Z,489.8300111292732,Down,"[""0"", ""1""]",,,,-0.4945,0.009,resolved,0xd13f960dd5ae7f55723f61ae40f46dd51ac8c5562625e0b2e2db59b49cd6177b,https://data.chain.link/streams/zec-usd-twap-30s-streams,,
bnb-updown-5m-1786572600,BNB,"BNB Up or Down - August 12, 6:10PM-6:15PM ET",2026-08-12T22:15:00Z,2026-08-12T22:10:00Z,609.506403727146,Up,"[""1"", ""0""]",0.999,410.224116,,0.4945,0.001,resolved,0x5dfef795c7fa9b86b71d5eecbb987014fa5337eac3ae7e2903f7e32bbac87a50,https://data.chain.link/streams/bnb-usd-twap-30s-streams,,
btc-updown-5m-1786572600,BTC,"Bitcoin Up or Down - August 12, 6:10PM-6:15PM ET",2026-08-12T22:15:00Z,2026-08-12T22:10:00Z,63408.68418562106,Up,"[""1"", ""0""]",0.999,39980.190735999975,10,0.4945,0.001,resolved,0x63fb11c7a05cb2ff12abacc69007f18a8a92d681e2744c904a6f342e58e037a1,https://data.chain.link/streams/btc-usd-twap-30s-streams,,
doge-updown-5m-1786572600,DOGE,"Dogecoin Up or Down - August 12, 6:10PM-6:15PM ET",2026-08-12T22:15:00Z,2026-08-12T22:10:00Z,0.06924817805648585,Down,"[""0"", ""1""]",0.1,416.375669,,-0.4995,0.001,resolved,0x28938b526c4c94ad67dae0e7ece7e0784c733a009f6ecb2d680fdb572bd58a7e,https://data.chain.link/streams/doge-usd-twap-30s-streams,,
eth-updown-5m-1786572600,ETH,"Ethereum Up or Down - August 12, 6:10PM-6:15PM ET",2026-08-12T22:15:00Z,2026-08-12T22:10:00Z,1877.639672979717,Down,"[""0"", ""1""]",0.02,3992.2956100000024,,-0.4995,0.001,resolved,0x2f3e8cf16b352c4e42243ccf8edcd9fcf602f997a5e7edd15c4523c2795b20d5,https://data.chain.link/streams/eth-usd-twap-30s-streams,,
hype-updown-5m-1786572600,HYPE,"Hyperliquid Up or Down - August 12, 6:10PM-6:15PM ET",2026-08-12T22:15:00Z,2026-08-12T22:10:00Z,56.1188469178656,Up,"[""1"", ""0""]",0.98,68.722951,,0.4995,0.001,resolved,0xcfbb66e5ee96e63c06a2a97bf420e95a692ac6d9365fec9c4124cd62fba14c05,https://data.chain.link/streams/hype-usd-twap-30s-streams,,
sol-updown-5m-1786572600,SOL,"Solana Up or Down - August 12, 6:10PM-6:15PM ET",2026-08-12T22:15:00Z,2026-08-12T22:10:00Z,75.47799238935596,Up,"[""1"", ""0""]",0.999,1945.578808,,0.4945,0.001,resolved,0x3afb6e041baae3321e7a2c111e16d8e6477288b7b6a2a7b8c37137f2764aee4c,https://data.chain.link/streams/sol-usd-twap-30s-streams,,
xrp-updown-5m-1786572600,XRP,"XRP Up or Down - August 12, 6:10PM-6:15PM ET",2026-08-12T22:15:00Z,2026-08-12T22:10:00Z,1.0052665146859165,Up,"[""1"", ""0""]",0.99,3262.704555,,0.49,0.01,resolved,0x05f4e269f2a9ca9e88382cb87607f103b2ece400faae3bde94c5804d65280704,https://data.chain.link/streams/xrp-usd-twap-30s-streams,,
zec-updown-5m-1786572600,ZEC,"ZCash Up or Down - August 12, 6:10PM-6:15PM ET",2026-08-12T22:15:00Z,2026-08-12T22:10:00Z,489.3276519901116,Up,"[""1"", ""0""]",0.98,25,,0.495,0.01,resolved,0xac1dde16353f4bb179d5b521df303d6c7b37289d0b64a68a723df34ee8556c97,https://data.chain.link/streams/zec-usd-twap-30s-streams,,
bnb-updown-5m-1786572900,BNB,"BNB Up or Down - August 12, 6:15PM-6:20PM ET",2026-08-12T22:20:00Z,2026-08-12T22:15:00Z,609.6536459611552,Up,"[""1"", ""0""]",0.99,,,0.4945,0.001,resolved,0x03648b77697ed331e56db33fb923c1ad8c0981e5f7d9d0cc2b979ff946d4c726,https://data.chain.link/streams/bnb-usd-twap-30s-streams,,
btc-updown-5m-1786572900,BTC,"Bitcoin Up or Down - August 12, 6:15PM-6:20PM ET",2026-08-12T22:20:00Z,2026-08-12T22:15:00Z,63432.93068634334,Up,"[""1"", ""0""]",0.99,45228.671017000015,5,0.49,0.01,resolved,0x879b6455126e9fce304cea761edaa5b342ab8fa0dd85858ea1a333f2f1507daa,https://data.chain.link/streams/btc-usd-twap-30s-streams,,
doge-updown-5m-1786572900,DOGE,"Dogecoin Up or Down - August 12, 6:15PM-6:20PM ET",2026-08-12T22:20:00Z,2026-08-12T22:15:00Z,0.06914067791352405,Up,"[""1"", ""0""]",0.999,,,0.4995,0.001,resolved,0xf705100137687689671eceb7a180c9e9a53491b7eea4c4914eed07ba2847448d,https://data.chain.link/streams/doge-usd-twap-30s-streams,,
eth-updown-5m-1786572900,ETH,"Ethereum Up or Down - August 12, 6:15PM-6:20PM ET",2026-08-12T22:20:00Z,2026-08-12T22:15:00Z,1877.2121679326006,Up,"[""1"", ""0""]",0.99,,,0.49,0.01,resolved,0x8306b59a8ceca9bf3b2cf11e5139d85e3581619f91304854dc5496d10b1dd429,https://data.chain.link/streams/eth-usd-twap-30s-streams,,
hype-updown-5m-1786572900,HYPE,"Hyperliquid Up or Down - August 12, 6:15PM-6:20PM ET",2026-08-12T22:20:00Z,2026-08-12T22:15:00Z,56.171392299683006,Up,"[""1"", ""0""]",0.98,,,0.495,0.01,resolved,0xb854273fe96fe8f5f56c5ce40e5cac6e632784d75d3e5ba02022a19f416551be,https://data.chain.link/streams/hype-usd-twap-30s-streams,,
sol-updown-5m-1786572900,SOL,"Solana Up or Down - August 12, 6:15PM-6:20PM ET",2026-08-12T22:20:00Z,2026-08-12T22:15:00Z,75.50859354424071,Up,"[""1"", ""0""]",0.99,1019.08524,,0.49,0.01,resolved,0xc4cbe1f2366ffa22f2f5c3417e9624408fb204f5db9cdd9a8587c08a84663edf,https://data.chain.link/streams/sol-usd-twap-30s-streams,,
xrp-updown-5m-1786572900,XRP,"XRP Up or Down - August 12, 6:15PM-6:20PM ET",2026-08-12T22:20:00Z,2026-08-12T22:15:00Z,1.0052880645526145,Up,"[""1"", ""0""]",0.999,,,0.4945,0.001,resolved,0xf3610b37708eaa7beb94f5727ec6782c8964ab34c47457ebe67e937d50f49331,https://data.chain.link/streams/xrp-usd-twap-30s-streams,,
zec-updown-5m-1786572900,ZEC,"ZCash Up or Down - August 12, 6:15PM-6:20PM ET",2026-08-12T22:20:00Z,2026-08-12T22:15:00Z,489.9988540021086,Up,"[""1"", ""0""]",0.98,,,0.495,0.01,resolved,0xd7eef93b07da06c8ffe78f2accb498a302b353f7d5e922170c7137273b5ffdc0,https://data.chain.link/streams/zec-usd-twap-30s-streams,,
bnb-updown-5m-1786573200,BNB,"BNB Up or Down - August 12, 6:20PM-6:25PM ET",2026-08-12T22:25:00Z,2026-08-12T22:20:00Z,609.9242586583069,Up,"[""1"", ""0""]",0.99,,,0.4995,0.001,resolved,0xaa02b109fd820cad1aea473255fad621842effb789ff5ede28cdadbf826e3edc,https://data.chain.link/streams/bnb-usd-twap-30s-streams,,
btc-updown-5m-1786573200,BTC,"Bitcoin Up or Down - August 12, 6:20PM-6:25PM ET",2026-08-12T22:25:00Z,2026-08-12T22:20:00Z,63437.15906214801,Up,"[""1"", ""0""]",0.99,46565.99906599995,5,0.4945,0.001,resolved,0xb8eb7a4a2412ea2b3b4ca65ae2ce5b5edc50c7e9de669615f9d244c8e63f6fb5,https://data.chain.link/streams/btc-usd-twap-30s-streams,,
doge-updown-5m-1786573200,DOGE,"Dogecoin Up or Down - August 12, 6:20PM-6:25PM ET",2026-08-12T22:25:00Z,2026-08-12T22:20:00Z,0.06923223875606813,Up,"[""1"", ""0""]",0.99,,,0.4995,0.001,resolved,0x1c1f483fa3a1230b3aa9c3f12e432563cb7a75bac63a54a917246532d7b38ae7,https://data.chain.link/streams/doge-usd-twap-30s-streams,,
eth-updown-5m-1786573200,ETH,"Ethereum Up or Down - August 12, 6:20PM-6:25PM ET",2026-08-12T22:25:00Z,2026-08-12T22:20:00Z,1877.5263035020778,Up,"[""1"", ""0""]",0.99,,,0.4945,0.001,resolved,0x1ba40ed8dd08cda63862bfdd86a28035feab0f1dc6071cbb8460e2121549ec88,https://data.chain.link/streams/eth-usd-twap-30s-streams,,
hype-updown-5m-1786573200,HYPE,"Hyperliquid Up or Down - August 12, 6:20PM-6:25PM ET",2026-08-12T22:25:00Z,2026-08-12T22:20:00Z,56.20839397030931,Down,"[""0"", ""1""]",0.16,,,-0.4995,0.001,resolved,0xd89376e58261ff8404f7bdb8cf06e5c1d2cd6b9a68242922ac874b8736212b46,https://data.chain.link/streams/hype-usd-twap-30s-streams,,
sol-updown-5m-1786573200,SOL,"Solana Up or Down - August 12, 6:20PM-6:25PM ET",2026-08-12T22:25:00Z,2026-08-12T22:20:00Z,75.55509840645027,Down,"[""0"", ""1""]",0.03,1579.4642559999993,,-0.4995,0.001,resolved,0x81ccf6beff3b14ad6daa2b3a087b021373760d32f5a6dcd213d730ba91374fcd,https://data.chain.link/streams/sol-usd-twap-30s-streams,,
xrp-updown-5m-1786573200,XRP,"XRP Up or Down - August 12, 6:20PM-6:25PM ET",2026-08-12T22:25:00Z,2026-08-12T22:20:00Z,1.005850900960046,Up,"[""1"", ""0""]",0.99,,,0.4945,0.001,resolved,0x58178d4a89decbb0dc637d19a71429e998beb69e4dbea4ffa87711ffcd6e64fd,https://data.chain.link/streams/xrp-usd-twap-30s-streams,,
zec-updown-5m-1786573200,ZEC,"ZCash Up or Down - August 12, 6:20PM-6:25PM ET",2026-08-12T22:25:00Z,2026-08-12T22:20:00Z,490.3510556146672,Up,"[""1"", ""0""]",0.99,,,0.4945,0.009,resolved,0xd61b7c6a9ee5961be29aea4c9e7499a4cf55206f08c2cadb1e36dc477739ccbc,https://data.chain.link/streams/zec-usd-twap-30s-streams,,
bnb-updown-5m-1786573500,BNB,"BNB Up or Down - August 12, 6:25PM-6:30PM ET",2026-08-12T22:30:00Z,2026-08-12T22:25:00Z,610.0448777787016,Up,"[""1"", ""0""]",0.99,280.505544,,0.49,0.01,resolved,0x028ab795c0d599bd038d4323bc7f88462dfe6084300d20bc42ba6b520d2eb55e,https://data.chain.link/streams/bnb-usd-twap-30s-streams,,
btc-updown-5m-1786573500,BTC,"Bitcoin Up or Down - August 12, 6:25PM-6:30PM ET",2026-08-12T22:30:00Z,2026-08-12T22:25:00Z,63440.887396241866,Down,"[""0"", ""1""]",0.01,44610.20976799997,5,-0.5,0.01,resolved,0x4d2fc53c9f2979673b79f0f48452dd6c76a1de6e62c736a58698f8a1b8a01eba,https://data.chain.link/streams/btc-usd-twap-30s-streams,,
doge-updown-5m-1786573500,DOGE,"Dogecoin Up or Down - August 12, 6:25PM-6:30PM ET",2026-08-12T22:30:00Z,2026-08-12T22:25:00Z,0.06931864017280567,Up,"[""1"", ""0""]",0.999,256.999451,,0.4995,0.001,resolved,0x46a9678532ade1790244c25cdb24c40e6915dc7a52500f61cf8ad143a6fe3c14,https://data.chain.link/streams/doge-usd-twap-30s-streams,,
eth-updown-5m-1786573500,ETH,"Ethereum Up or Down - August 12, 6:25PM-6:30PM ET",2026-08-12T22:30:00Z,2026-08-12T22:25:00Z,1878.4089450612016,Down,"[""0"", ""1""]",0.01,2562.5774730000003,,-0.5,0.01,resolved,0xd300b3915ef4bb8fe88c4f749ce7988129a80a563b825c46292daa22d2ac3fa3,https://data.chain.link/streams/eth-usd-twap-30s-streams,,
hype-updown-5m-1786573500,HYPE,"Hyperliquid Up or Down - August 12, 6:25PM-6:30PM ET",2026-08-12T22:30:00Z,2026-08-12T22:25:00Z,56.114862122131875,Down,"[""0"", ""1""]",0.07,87.79201599999999,,-0.495,0.01,resolved,0x54e605102d88e7234b9e42ede9ee0c478d0f9a58b48e9218c46fce6aa10a169c,https://data.chain.link/streams/hype-usd-twap-30s-streams,,
sol-updown-5m-1786573500,SOL,"Solana Up or Down - August 12, 6:25PM-6:30PM ET",2026-08-12T22:30:00Z,2026-08-12T22:25:00Z,75.5038990076565,Up,"[""1"", ""0""]",0.999,1817.535193,,0.4945,0.001,resolved,0x9b9cff41dcb4b7f62a4f6fef33efd01313b489466345f5d8bfef7533cc553803,https://data.chain.link/streams/sol-usd-twap-30s-streams,,
xrp-updown-5m-1786573500,XRP,"XRP Up or Down - August 12, 6:25PM-6:30PM ET",2026-08-12T22:30:00Z,2026-08-12T22:25:00Z,1.0063321757022798,Up,"[""1"", ""0""]",0.99,661.3026140000001,,0.49,0.01,resolved,0xa523f142d084f0897ece9ecbce9896d225c4594e8996236ea1f8e90863dd00d5,https://data.chain.link/streams/xrp-usd-twap-30s-streams,,
zec-updown-5m-1786573500,ZEC,"ZCash Up or Down - August 12, 6:25PM-6:30PM ET",2026-08-12T22:30:00Z,2026-08-12T22:25:00Z,490.82074405952807,Up,"[""1"", ""0""]",0.98,25,,0.495,0.01,resolved,0x0f72ec5529635a16ac0d1e807c10eb7416be80d64977bfc47c2e4906f4148175,https://data.chain.link/streams/zec-usd-twap-30s-streams,,
bnb-updown-5m-1786573800,BNB,"BNB Up or Down - August 12, 6:30PM-6:35PM ET",2026-08-12T22:35:00Z,2026-08-12T22:30:00Z,610.0635612003325,Down,"[""0"", ""1""]",0.02,,,-0.5045,0.001,resolved,0xa9ccdb36ac7c7165491626f2a0abe189ac7662fed7b82744179065d4979975e5,https://data.chain.link/streams/bnb-usd-twap-30s-streams,,
btc-updown-5m-1786573800,BTC,"Bitcoin Up or Down - August 12, 6:30PM-6:35PM ET",2026-08-12T22:35:00Z,2026-08-12T22:30:00Z,63424.248041605235,Down,"[""0"", ""1""]",0.01,42544.421164,5,-0.5045,0.001,resolved,0xf360a090aa03bc2044690c8b1a5a51352cd81e66497f0ece36be16fa163b1d86,https://data.chain.link/streams/btc-usd-twap-30s-streams,,
doge-updown-5m-1786573800,DOGE,"Dogecoin Up or Down - August 12, 6:30PM-6:35PM ET",2026-08-12T22:35:00Z,2026-08-12T22:30:00Z,0.06939096841877937,Down,"[""0"", ""1""]",0.08,217.599208,,-0.4995,0.001,resolved,0xb0d23b9461bd6ec3a04c5174b26bbaae5293530bb55db0e73b5efadeda074569,https://data.chain.link/streams/doge-usd-twap-30s-streams,,
eth-updown-5m-1786573800,ETH,"Ethereum Up or Down - August 12, 6:30PM-6:35PM ET",2026-08-12T22:35:00Z,2026-08-12T22:30:00Z,1877.9491742671278,Down,"[""0"", ""1""]",0.01,2504.468007,,-0.5045,0.001,resolved,0x0c7b8094d49b65728d145c58c9ecc0b3618b53300e4d6fd75822a65361df43cb,https://data.chain.link/streams/eth-usd-twap-30s-streams,,
hype-updown-5m-1786573800,HYPE,"Hyperliquid Up or Down - August 12, 6:30PM-6:35PM ET",2026-08-12T22:35:00Z,2026-08-12T22:30:00Z,56.05066030941166,Down,"[""0"", ""1""]",0.11,,,-0.4995,0.001,resolved,0x4918287ab802ae41080c21277f2e056e0fbcc753d13fb3fd3767ff7939f4d2bf,https://data.chain.link/streams/hype-usd-twap-30s-streams,,
sol-updown-5m-1786573800,SOL,"Solana Up or Down - August 12, 6:30PM-6:35PM ET",2026-08-12T22:35:00Z,2026-08-12T22:30:00Z,75.51430488772476,Down,"[""0"", ""1""]",0.01,,,-0.5045,0.001,resolved,0x82ce96c3c785fa9f3734329441ab5c24843ecd46a79a52956a5d02ef2c382fde,https://data.chain.link/streams/sol-usd-twap-30s-streams,,
xrp-updown-5m-1786573800,XRP,"XRP Up or Down - August 12, 6:30PM-6:35PM ET",2026-08-12T22:35:00Z,2026-08-12T22:30:00Z,1.006347579202446,Down,"[""0"", ""1""]",0.01,,,-0.5045,0.001,resolved,0xc788dbb655d4688c6b06d974fce47acbc1981e76c9cbd7b54b7e78410ddee189,https://data.chain.link/streams/xrp-usd-twap-30s-streams,,
zec-updown-5m-1786573800,ZEC,"ZCash Up or Down - August 12, 6:30PM-6:35PM ET",2026-08-12T22:35:00Z,2026-08-12T22:30:00Z,490.9845247817178,Down,"[""0"", ""1""]",,,,-0.4945,0.009,resolved,0xc7a32a9af63dcd4fa2f661d7051f32a7332f4752489bc6656813e24f06cbb6d0,https://data.chain.link/streams/zec-usd-twap-30s-streams,,
bnb-updown-5m-1786574100,BNB,"BNB Up or Down - August 12, 6:35PM-6:40PM ET",2026-08-12T22:40:00Z,2026-08-12T22:35:00Z,609.6985483822613,Up,"[""1"", ""0""]",0.99,,,0.49,0.01,resolved,0xecafa51353af30d2862ebff29674477cca93fbea4e4ab43b2de27f8d75979ba2,https://data.chain.link/streams/bnb-usd-twap-30s-streams,,
btc-updown-5m-1786574100,BTC,"Bitcoin Up or Down - August 12, 6:35PM-6:40PM ET",2026-08-12T22:40:00Z,2026-08-12T22:35:00Z,63350.88057591478,Down,"[""0"", ""1""]",0.01,33341.867614000024,5,-0.5045,0.001,resolved,0x7e37995814c2a2d1ae3907f55a1d4cb1817f773f8b881b9a56b6cceb8c8646a9,https://data.chain.link/streams/btc-usd-twap-30s-streams,,
doge-updown-5m-1786574100,DOGE,"Dogecoin Up or Down - August 12, 6:35PM-6:40PM ET",2026-08-12T22:40:00Z,2026-08-12T22:35:00Z,0.06928903460862726,Up,"[""1"", ""0""]",0.99,,,0.495,0.01,resolved,0x9c65c3cba25643076b29297579de412c91449d374711890449bd0983bee1cb8d,https://data.chain.link/streams/doge-usd-twap-30s-streams,,
eth-updown-5m-1786574100,ETH,"Ethereum Up or Down - August 12, 6:35PM-6:40PM ET",2026-08-12T22:40:00Z,2026-08-12T22:35:00Z,1876.7847045337708,Down,"[""0"", ""1""]",0.01,,,-0.5,0.01,resolved,0x099058e9723b8d431af2e051b72970e8df66cf9e8ce14146bab73bf5c64f1a32,https://data.chain.link/streams/eth-usd-twap-30s-streams,,
hype-updown-5m-1786574100,HYPE,"Hyperliquid Up or Down - August 12, 6:35PM-6:40PM ET",2026-08-12T22:40:00Z,2026-08-12T22:35:00Z,55.946267302840816,Up,"[""1"", ""0""]",0.99,,,0.495,0.01,resolved,0x64c210b1bee96389ba10f4b8ed48f1ce2708a62c7c9e53320de046c168a5ef7f,https://data.chain.link/streams/hype-usd-twap-30s-streams,,
sol-updown-5m-1786574100,SOL,"Solana Up or Down - August 12, 6:35PM-6:40PM ET",2026-08-12T22:40:00Z,2026-08-12T22:35:00Z,75.40377129236387,Down,"[""0"", ""1""]",0.04,,,-0.5,0.01,resolved,0xa124466935c010e94231422ddcb9ae4e5dcc84a3f520ebe328bd868433cc33dd,https://data.chain.link/streams/sol-usd-twap-30s-streams,,
xrp-updown-5m-1786574100,XRP,"XRP Up or Down - August 12, 6:35PM-6:40PM ET",2026-08-12T22:40:00Z,2026-08-12T22:35:00Z,1.005607720707217,Up,"[""1"", ""0""]",0.99,,,0.49,0.01,resolved,0x42b588402b76cc1f25bad8901dfc142a40ee063576cd88e166c4c722ad6c61a5,https://data.chain.link/streams/xrp-usd-twap-30s-streams,,
zec-updown-5m-1786574100,ZEC,"ZCash Up or Down - August 12, 6:35PM-6:40PM ET",2026-08-12T22:40:00Z,2026-08-12T22:35:00Z,490.1198786859364,Down,"[""0"", ""1""]",,,,-0.495,0.01,resolved,0x26320126258fe386a422612b2097892a2176b77935ed98dfcccb08cb12089beb,https://data.chain.link/streams/zec-usd-twap-30s-streams,,
bnb-updown-5m-1786574400,BNB,"BNB Up or Down - August 12, 6:40PM-6:45PM ET",2026-08-12T22:45:00Z,2026-08-12T22:40:00Z,609.7081571851488,Down,"[""0"", ""1""]",0.06,213.636558,,-0.5045,0.001,resolved,0x45f7ed50be5c7bcb0ac118d6f14343185143e3ed9c365267df6003e53d66caa2,https://data.chain.link/streams/bnb-usd-twap-30s-streams,,
btc-updown-5m-1786574400,BTC,"Bitcoin Up or Down - August 12, 6:40PM-6:45PM ET",2026-08-12T22:45:00Z,2026-08-12T22:40:00Z,63316.21079426437,Up,"[""1"", ""0""]",0.999,37205.024639,5,0.4945,0.001,resolved,0x2124f20d7a48a09d17428247cf0263c1ec01b566af944915503b06a0cd44e563,https://data.chain.link/streams/btc-usd-twap-30s-streams,,
doge-updown-5m-1786574400,DOGE,"Dogecoin Up or Down - August 12, 6:40PM-6:45PM ET",2026-08-12T22:45:00Z,2026-08-12T22:40:00Z,0.06929520505627354,Up,"[""1"", ""0""]",0.99,850.6245079999999,,0.4995,0.001,resolved,0x3bae364a83d1d7a2b5ee57fef5d28572834288d5f8a416a953c12562434eac29,https://data.chain.link/streams/doge-usd-twap-30s-streams,,
eth-updown-5m-1786574400,ETH,"Ethereum Up or Down - August 12, 6:40PM-6:45PM ET",2026-08-12T22:45:00Z,2026-08-12T22:40:00Z,1876.5469526292422,Down,"[""0"", ""1""]",0.01,3488.358968,,-0.5045,0.001,resolved,0x34aa79567b2cdd4baa7d0bffb9f46badbc43fd94b38bdd391c77b7ca4b915a0d,https://data.chain.link/streams/eth-usd-twap-30s-streams,,
hype-updown-5m-1786574400,HYPE,"Hyperliquid Up or Down - August 12, 6:40PM-6:45PM ET",2026-08-12T22:45:00Z,2026-08-12T22:40:00Z,55.985652852490986,Down,"[""0"", ""1""]",0.04,88.19531400000001,,-0.4995,0.001,resolved,0x1c63dbed543074195d2c99246a89f8939a6c196626e6bd71df90494e3c4b8d24,https://data.chain.link/streams/hype-usd-twap-30s-streams,,
sol-updown-5m-1786574400,SOL,"Solana Up or Down - August 12, 6:40PM-6:45PM ET",2026-08-12T22:45:00Z,2026-08-12T22:40:00Z,75.40037056650299,Up,"[""1"", ""0""]",0.99,1207.552195,,0.4945,0.001,resolved,0x306692f9401924f8a4552b0b6d69d48d6aacd75e64795c8b9911fcf9ae0749dc,https://data.chain.link/streams/sol-usd-twap-30s-streams,,
xrp-updown-5m-1786574400,XRP,"XRP Up or Down - August 12, 6:40PM-6:45PM ET",2026-08-12T22:45:00Z,2026-08-12T22:40:00Z,1.0056201077643405,Down,"[""0"", ""1""]",0.14,1049.5937820000004,,-0.5045,0.001,resolved,0xc209be65859888b76bbd0dcbea5df43748b5d5e3343b6b995303ed5c83c8e700,https://data.chain.link/streams/xrp-usd-twap-30s-streams,,
zec-updown-5m-1786574400,ZEC,"ZCash Up or Down - August 12, 6:40PM-6:45PM ET",2026-08-12T22:45:00Z,2026-08-12T22:40:00Z,489.86335498575625,Down,"[""0"", ""1""]",,25,,-0.495,0.01,resolved,0xf03394928f3f533370b67ac9bb081bae3e330f65a453ec39398a22820cdac9c9,https://data.chain.link/streams/zec-usd-twap-30s-streams,,
bnb-updown-5m-1786574700,BNB,"BNB Up or Down - August 12, 6:45PM-6:50PM ET",2026-08-12T22:50:00Z,2026-08-12T22:45:00Z,609.3121943192751,Down,"[""0"", ""1""]",0.2,,,-0.5,0.01,resolved,0x7639bd8462cc8600c8787500408bf04599203368689cc073fa55f5b1821e2971,https://data.chain.link/streams/bnb-usd-twap-30s-streams,,
btc-updown-5m-1786574700,BTC,"Bitcoin Up or Down - August 12, 6:45PM-6:50PM ET",2026-08-12T22:50:00Z,2026-08-12T22:45:00Z,63337.26079466231,Up,"[""1"", ""0""]",0.99,43612.77280100001,5,0.49,0.01,resolved,0x1d0302d15e7919b3cd846e55d4ac4fdaea2776a35faed5232218a4d14d9f621b,https://data.chain.link/streams/btc-usd-twap-30s-streams,,
doge-updown-5m-1786574700,DOGE,"Dogecoin Up or Down - August 12, 6:45PM-6:50PM ET",2026-08-12T22:50:00Z,2026-08-12T22:45:00Z,0.06930784403951537,Up,"[""1"", ""0""]",0.99,498.628063,,0.495,0.01,resolved,0x79ffbf48c678463dd5efbb4b962658ca99e32025654d813a707bd8e2065ab6a9,https://data.chain.link/streams/doge-usd-twap-30s-streams,,
eth-updown-5m-1786574700,ETH,"Ethereum Up or Down - August 12, 6:45PM-6:50PM ET",2026-08-12T22:50:00Z,2026-08-12T22:45:00Z,1876.019976539603,Down,"[""0"", ""1""]",0.02,3126.166795,,-0.5,0.01,resolved,0xbeb47cfb95cc1ff6d9f8c1e45ea3bd8bdcf241b2b2cf3280cace72b2d28829bd,https://data.chain.link/streams/eth-usd-twap-30s-streams,,
hype-updown-5m-1786574700,HYPE,"Hyperliquid Up or Down - August 12, 6:45PM-6:50PM ET",2026-08-12T22:50:00Z,2026-08-12T22:45:00Z,55.955288058451494,Up,"[""1"", ""0""]",0.99,,,0.4995,0.001,resolved,0x407cffca6ca13d5c1ed708c286c92f4a181aa57c807d742da34c69559c45a33d,https://data.chain.link/streams/hype-usd-twap-30s-streams,,
sol-updown-5m-1786574700,SOL,"Solana Up or Down - August 12, 6:45PM-6:50PM ET",2026-08-12T22:50:00Z,2026-08-12T22:45:00Z,75.41922116724517,Down,"[""0"", ""1""]",0.07,2216.8303210000004,,-0.5,0.01,resolved,0x5af8567bdf38783d37dc51d6c341994eef92e8f43dc5347d039f459af66782e6,https://data.chain.link/streams/sol-usd-twap-30s-streams,,
xrp-updown-5m-1786574700,XRP,"XRP Up or Down - August 12, 6:45PM-6:50PM ET",2026-08-12T22:50:00Z,2026-08-12T22:45:00Z,1.005223904703814,Down,"[""0"", ""1""]",0.05,,,-0.5045,0.001,resolved,0xab1756dbfa449dcbca0ca38a61786037b6261e56c488d2f150b8282c12427682,https://data.chain.link/streams/xrp-usd-twap-30s-streams,,
zec-updown-5m-1786574700,ZEC,"ZCash Up or Down - August 12, 6:45PM-6:50PM ET",2026-08-12T22:50:00Z,2026-08-12T22:45:00Z,489.74159214899765,Down,"[""0"", ""1""]",,,,-0.495,0.01,resolved,0xd6905aedd44ba4d7a5fa5b50a136c25a04c3c90407f280fcd350fe379eb140e0,https://data.chain.link/streams/zec-usd-twap-30s-streams,,
bnb-updown-5m-1786575000,BNB,"BNB Up or Down - August 12, 6:50PM-6:55PM ET",2026-08-12T22:55:00Z,2026-08-12T22:50:00Z,609.180679222132,Up,"[""1"", ""0""]",0.99,,,0.4945,0.001,resolved,0x89d534e2070206d1b0123e9cc38d49f14c7e26332c8d037255b0d5818ac368a7,https://data.chain.link/streams/bnb-usd-twap-30s-streams,,
btc-updown-5m-1786575000,BTC,"Bitcoin Up or Down - August 12, 6:50PM-6:55PM ET",2026-08-12T22:55:00Z,2026-08-12T22:50:00Z,63340.59502452792,Up,"[""1"", ""0""]",0.999,32013.724378000006,5,0.4945,0.001,resolved,0x1b893352ef682fc5f6b1d0ac08b0671ed625327c8bab378c79382fbf4e1b69fb,https://data.chain.link/streams/btc-usd-twap-30s-streams,,
doge-updown-5m-1786575000,DOGE,"Dogecoin Up or Down - August 12, 6:50PM-6:55PM ET",2026-08-12T22:55:00Z,2026-08-12T22:50:00Z,0.06932605389048234,Up,"[""1"", ""0""]",0.99,,,0.4995,0.001,resolved,0xea32798971997d331a51827dc509366b90064da5b012d101b7d04cb5fb722bd1,https://data.chain.link/streams/doge-usd-twap-30s-streams,,
eth-updown-5m-1786575000,ETH,"Ethereum Up or Down - August 12, 6:50PM-6:55PM ET",2026-08-12T22:55:00Z,2026-08-12T22:50:00Z,1875.6016810378542,Up,"[""1"", ""0""]",0.99,,,0.4945,0.001,resolved,0x063a3ead1f261f2865507e44eb32bde0ff7914e1c23f437d7e33e234fe7f43ed,https://data.chain.link/streams/eth-usd-twap-30s-streams,,
hype-updown-5m-1786575000,HYPE,"Hyperliquid Up or Down - August 12, 6:50PM-6:55PM ET",2026-08-12T22:55:00Z,2026-08-12T22:50:00Z,55.97337566360687,Up,"[""1"", ""0""]",0.99,,,0.4995,0.001,resolved,0xf70df4d3b3585331221399254b3773d189d51b3941a428d4dc3e1c04d4091b1b,https://data.chain.link/streams/hype-usd-twap-30s-streams,,
sol-updown-5m-1786575000,SOL,"Solana Up or Down - August 12, 6:50PM-6:55PM ET",2026-08-12T22:55:00Z,2026-08-12T22:50:00Z,75.41644702284898,Up,"[""1"", ""0""]",0.99,1767.1595169999998,,0.4945,0.001,resolved,0x2b01a8fe16f237f2b33ec98b84074de3c6b35b60b10a5f4b9c5a2b93d205cd62,https://data.chain.link/streams/sol-usd-twap-30s-streams,,
xrp-updown-5m-1786575000,XRP,"XRP Up or Down - August 12, 6:50PM-6:55PM ET",2026-08-12T22:55:00Z,2026-08-12T22:50:00Z,1.0040112403947086,Down,"[""0"", ""1""]",0.09,,,-0.5045,0.001,resolved,0x105ca5813bb8b633d081ba81c755a0bb0cb479bf742f4dbb2da44f8f573f79e6,https://data.chain.link/streams/xrp-usd-twap-30s-streams,,
zec-updown-5m-1786575000,ZEC,"ZCash Up or Down - August 12, 6:50PM-6:55PM ET",2026-08-12T22:55:00Z,2026-08-12T22:50:00Z,489.28950028401414,Down,"[""0"", ""1""]",,,,-0.495,0.01,resolved,0x60dcd9d69e10279227deafd20453a06a2fa1305e7bdbf5ad755d543444dc453c,https://data.chain.link/streams/zec-usd-twap-30s-streams,,
bnb-updown-5m-1786575300,BNB,"BNB Up or Down - August 12, 6:55PM-7:00PM ET",2026-08-12T23:00:00Z,2026-08-12T22:55:00Z,609.2357700142744,Up,"[""1"", ""0""]",0.98,324.554657,,0.49,0.01,resolved,0x52c1b1982830451a6ada6c66a771d33d842905a67cb5f11de68345a3e0b782ac,https://data.chain.link/streams/bnb-usd-twap-30s-streams,,
btc-updown-5m-1786575300,BTC,"Bitcoin Up or Down - August 12, 6:55PM-7:00PM ET",2026-08-12T23:00:00Z,2026-08-12T22:55:00Z,63357.08998034653,Up,"[""1"", ""0""]",0.99,43162.18736599997,95.399999,0.49,0.01,resolved,0x585a87bf900d717b91050491ccb5c0a5d8dc6c015a83220f66bc0887f9e145f4,https://data.chain.link/streams/btc-usd-twap-30s-streams,,
doge-updown-5m-1786575300,DOGE,"Dogecoin Up or Down - August 12, 6:55PM-7:00PM ET",2026-08-12T23:00:00Z,2026-08-12T22:55:00Z,0.0693428432608407,Up,"[""1"", ""0""]",0.98,693.8236919999999,,0.495,0.01,resolved,0x05af78b1749ec7cdf0031f55a4ce9cb67b29a73b5b320136bea73a9d698bdf9e,https://data.chain.link/streams/doge-usd-twap-30s-streams,,
eth-updown-5m-1786575300,ETH,"Ethereum Up or Down - August 12, 6:55PM-7:00PM ET",2026-08-12T23:00:00Z,2026-08-12T22:55:00Z,1875.6841690517417,Up,"[""1"", ""0""]",0.99,3614.668261,,0.49,0.01,resolved,0xee2c53713d5fa1b5238693f307ff38faaabf032677ba59c45db240f885e5875c,https://data.chain.link/streams/eth-usd-twap-30s-streams,,
hype-updown-5m-1786575300,HYPE,"Hyperliquid Up or Down - August 12, 6:55PM-7:00PM ET",2026-08-12T23:00:00Z,2026-08-12T22:55:00Z,56.02642199719409,Up,"[""1"", ""0""]",0.98,84.150527,,0.495,0.01,resolved,0x558fd850b6928bac0ca9e3772381c5a461274afe204b64db065ec42b66e0b9f2,https://data.chain.link/streams/hype-usd-twap-30s-streams,,
sol-updown-5m-1786575300,SOL,"Solana Up or Down - August 12, 6:55PM-7:00PM ET",2026-08-12T23:00:00Z,2026-08-12T22:55:00Z,75.4243429105594,Up,"[""1"", ""0""]",0.99,1700.1345319999998,,0.49,0.01,resolved,0x4c45bdaf1e16e4bba3423b0683266c521b308ec3eefa245f3ad2bb32061b5156,https://data.chain.link/streams/sol-usd-twap-30s-streams,,
xrp-updown-5m-1786575300,XRP,"XRP Up or Down - August 12, 6:55PM-7:00PM ET",2026-08-12T23:00:00Z,2026-08-12T22:55:00Z,1.0036235976148207,Down,"[""0"", ""1""]",0.15,840.0569729999999,,-0.5,0.01,resolved,0xf11458d931c77164e54bea90264b6ed7024f0851f7794dd30de7e7757d6d198e,https://data.chain.link/streams/xrp-usd-twap-30s-streams,,
zec-updown-5m-1786575300,ZEC,"ZCash Up or Down - August 12, 6:55PM-7:00PM ET",2026-08-12T23:00:00Z,2026-08-12T22:55:00Z,489.0383797963287,Up,"[""1"", ""0""]",0.98,25,,0.495,0.01,resolved,0xf1ed451b451057cc2f396d151fb916de25c5d14e90579f2e77d8826a3cbf1aed,https://data.chain.link/streams/zec-usd-twap-30s-streams,,
bnb-updown-5m-1786575600,BNB,"BNB Up or Down - August 12, 7:00PM-7:05PM ET",2026-08-12T23:05:00Z,2026-08-12T23:00:00Z,609.2911100230705,Up,"[""1"", ""0""]",0.99,718.7467809999999,,0.4945,0.001,resolved,0x9308ba9c91aefcfe4a6a70ade6df9f12fba4d1066c95b11c814b3ac7412a9a8d,https://data.chain.link/streams/bnb-usd-twap-30s-streams,,
btc-updown-5m-1786575600,BTC,"Bitcoin Up or Down - August 12, 7:00PM-7:05PM ET",2026-08-12T23:05:00Z,2026-08-12T23:00:00Z,63362.71791945803,Down,"[""0"", ""1""]",0.01,33028.94722099999,75.399999,-0.5045,0.001,resolved,0x8234fc90a261bb08bc382a2f34eab15dd565fe0563374d04ac23eab954ccf930,https://data.chain.link/streams/btc-usd-twap-30s-streams,,
doge-updown-5m-1786575600,DOGE,"Dogecoin Up or Down - August 12, 7:00PM-7:05PM ET",2026-08-12T23:05:00Z,2026-08-12T23:00:00Z,0.06938173789292605,Up,"[""1"", ""0""]",0.99,,,0.4995,0.001,resolved,0x8bca6f214108d2e3274dcef038a7c58260b03c9c2cfcfefddab4191b15674de9,https://data.chain.link/streams/doge-usd-twap-30s-streams,,
eth-updown-5m-1786575600,ETH,"Ethereum Up or Down - August 12, 7:00PM-7:05PM ET",2026-08-12T23:05:00Z,2026-08-12T23:00:00Z,1876.5265349971955,Down,"[""0"", ""1""]",0.01,3924.5434370000007,,-0.4995,0.001,resolved,0x1e8b073aa57e6c14cdec63ed74317f45ba763aae8682ccf963f26f3a505c5029,https://data.chain.link/streams/eth-usd-twap-30s-streams,,
hype-updown-5m-1786575600,HYPE,"Hyperliquid Up or Down - August 12, 7:00PM-7:05PM ET",2026-08-12T23:05:00Z,2026-08-12T23:00:00Z,56.06734365362568,Down,"[""0"", ""1""]",0.02,,,-0.4995,0.001,resolved,0x9383144a31d0fd3fa6772ac8d024040be9de5a578166a2aa31e12265b684459d,https://data.chain.link/streams/hype-usd-twap-30s-streams,,
sol-updown-5m-1786575600,SOL,"Solana Up or Down - August 12, 7:00PM-7:05PM ET",2026-08-12T23:05:00Z,2026-08-12T23:00:00Z,75.45147896513163,Down,"[""0"", ""1""]",0.01,2142.240741,,-0.4995,0.001,resolved,0x745f5c2dcb574def3d48e297d249b6e3e9c54358166c42db6341e79530a6afb2,https://data.chain.link/streams/sol-usd-twap-30s-streams,,
xrp-updown-5m-1786575600,XRP,"XRP Up or Down - August 12, 7:00PM-7:05PM ET",2026-08-12T23:05:00Z,2026-08-12T23:00:00Z,1.0034498639234577,Down,"[""0"", ""1""]",0.02,,,-0.5045,0.001,resolved,0x2418ef1f86f6de68a85eb9685a942e48d91b04083055421c62e648b63dd5d06d,https://data.chain.link/streams/xrp-usd-twap-30s-streams,,
zec-updown-5m-1786575600,ZEC,"ZCash Up or Down - August 12, 7:00PM-7:05PM ET",2026-08-12T23:05:00Z,2026-08-12T23:00:00Z,489.92544861793607,Down,"[""0"", ""1""]",,,,-0.495,0.01,resolved,0xfd8e55e769e49cf022fc6b91d65d0629db45e294131d55d4370dbe8fe79d8d4b,https://data.chain.link/streams/zec-usd-twap-30s-streams,,
bnb-updown-5m-1786575900,BNB,"BNB Up or Down - August 12, 7:05PM-7:10PM ET",2026-08-12T23:10:00Z,2026-08-12T23:05:00Z,609.4585182068888,Down,"[""0"", ""1""]",0.16,,,-0.5,0.01,resolved,0x1b16f17d565ed2e36e24bc2f14ac4ce1f99772cd66266b1fbca4a4307b2a795f,https://data.chain.link/streams/bnb-usd-twap-30s-streams,,
btc-updown-5m-1786575900,BTC,"Bitcoin Up or Down - August 12, 7:05PM-7:10PM ET",2026-08-12T23:10:00Z,2026-08-12T23:05:00Z,63338.11308522691,Up,"[""1"", ""0""]",0.99,35010.02215599997,65,0.49,0.01,resolved,0x4531293ea6b6692f47e3fc3d5b3d6683a4de05c511b545cf316bfcdd87445013,https://data.chain.link/streams/btc-usd-twap-30s-streams,,
doge-updown-5m-1786575900,DOGE,"Dogecoin Up or Down - August 12, 7:05PM-7:10PM ET",2026-08-12T23:10:00Z,2026-08-12T23:05:00Z,0.06939553425637496,Down,"[""0"", ""1""]",0.07,,,-0.495,0.01,resolved,0xfa4226f1f016a6b60909c41a1641f4bbab579305aaf7222a185104176f0925a1,https://data.chain.link/streams/doge-usd-twap-30s-streams,,
eth-updown-5m-1786575900,ETH,"Ethereum Up or Down - August 12, 7:05PM-7:10PM ET",2026-08-12T23:10:00Z,2026-08-12T23:05:00Z,1876.043273170245,Down,"[""0"", ""1""]",0.01,,,-0.5045,0.001,resolved,0x29573c076706ea7b9138fc9e53ce4c3a8bbbc09abd0c6d089ddade7ade60d77c,https://data.chain.link/streams/eth-usd-twap-30s-streams,,
hype-updown-5m-1786575900,HYPE,"Hyperliquid Up or Down - August 12, 7:05PM-7:10PM ET",2026-08-12T23:10:00Z,2026-08-12T23:05:00Z,56.01158711325871,Down,"[""0"", ""1""]",0.06,,,-0.495,0.01,resolved,0xc2a58a871298089549d2e00bbbeca416b57e346dac7d02f36b5b18bb7966dfab,https://data.chain.link/streams/hype-usd-twap-30s-streams,,
sol-updown-5m-1786575900,SOL,"Solana Up or Down - August 12, 7:05PM-7:10PM ET",2026-08-12T23:10:00Z,2026-08-12T23:05:00Z,75.43545144219941,Up,"[""1"", ""0""]",0.99,,,0.49,0.01,resolved,0x43482a95f254fff7948e429a59b7d00b4f6359d88dbc636c863bfa9e95012f76,https://data.chain.link/streams/sol-usd-twap-30s-streams,,
xrp-updown-5m-1786575900,XRP,"XRP Up or Down - August 12, 7:05PM-7:10PM ET",2026-08-12T23:10:00Z,2026-08-12T23:05:00Z,1.002438773811665,Down,"[""0"", ""1""]",0.02,,,-0.5045,0.001,resolved,0x9274d26a3915b0191d465bea4942b9d00ab155510f8168e8e55dbd1e424a39ac,https://data.chain.link/streams/xrp-usd-twap-30s-streams,,
zec-updown-5m-1786575900,ZEC,"ZCash Up or Down - August 12, 7:05PM-7:10PM ET",2026-08-12T23:10:00Z,2026-08-12T23:05:00Z,489.6562236239356,Down,"[""0"", ""1""]",,,,-0.5,0.01,resolved,0xa02e520a8a669fcd789efe407adaaa29350402106392b51ade283ba8b7bdcb07,https://data.chain.link/streams/zec-usd-twap-30s-streams,,
bnb-updown-5m-1786576200,BNB,"BNB Up or Down - August 12, 7:10PM-7:15PM ET",2026-08-12T23:15:00Z,2026-08-12T23:10:00Z,609.3788697912532,Up,"[""1"", ""0""]",0.98,449.499398,,0.4945,0.001,resolved,0x33c7b23460153056e99cc03f1c1577496ba5ae7bdc2d4c4a62c264f8e72dd120,https://data.chain.link/streams/bnb-usd-twap-30s-streams,,
btc-updown-5m-1786576200,BTC,"Bitcoin Up or Down - August 12, 7:10PM-7:15PM ET",2026-08-12T23:15:00Z,2026-08-12T23:10:00Z,63354.41530271879,Down,"[""0"", ""1""]",0.01,44876.465818000004,70,-0.5045,0.001,resolved,0x183b4152be83a7f3098318f9ec26643281b90a2e878c9587f8186e969c8f5fb7,https://data.chain.link/streams/btc-usd-twap-30s-streams,,
doge-updown-5m-1786576200,DOGE,"Dogecoin Up or Down - August 12, 7:10PM-7:15PM ET",2026-08-12T23:15:00Z,2026-08-12T23:10:00Z,0.06936602380473382,Up,"[""1"", ""0""]",0.98,664.424846,,0.4995,0.001,resolved,0x175f054c8983178d030654d2e0ea4ab9c1172575096ed96ce0e5153206827b53,https://data.chain.link/streams/doge-usd-twap-30s-streams,,
eth-updown-5m-1786576200,ETH,"Ethereum Up or Down - August 12, 7:10PM-7:15PM ET",2026-08-12T23:15:00Z,2026-08-12T23:10:00Z,1874.8109492265305,Down,"[""0"", ""1""]",0.01,5695.436863999998,,-0.5045,0.001,resolved,0xc3edc27428756868e573f449e7fae1b74fc1a9b196108cc8004a117d82c68da2,https://data.chain.link/streams/eth-usd-twap-30s-streams,,
hype-updown-5m-1786576200,HYPE,"Hyperliquid Up or Down - August 12, 7:10PM-7:15PM ET",2026-08-12T23:15:00Z,2026-08-12T23:10:00Z,55.96360571652627,Up,"[""1"", ""0""]",0.999,147.87210700000003,,0.4995,0.001,resolved,0x5343d622d7e6f9afa356d12e8e89ea670aaddb0bbcc06eb740ab4cf726944953,https://data.chain.link/streams/hype-usd-twap-30s-streams,,
sol-updown-5m-1786576200,SOL,"Solana Up or Down - August 12, 7:10PM-7:15PM ET",2026-08-12T23:15:00Z,2026-08-12T23:10:00Z,75.43861292032932,Down,"[""0"", ""1""]",0.04,1280.0893300000002,,-0.5045,0.001,resolved,0xbfe7a7509dedfe2c113129659befddda9efa7ec3821bd757cd31a83de73a4b61,https://data.chain.link/streams/sol-usd-twap-30s-streams,,
xrp-updown-5m-1786576200,XRP,"XRP Up or Down - August 12, 7:10PM-7:15PM ET",2026-08-12T23:15:00Z,2026-08-12T23:10:00Z,1.0015102413239771,Down,"[""0"", ""1""]",0.01,1451.3018049999996,,-0.4995,0.001,resolved,0xbb3f8f3b4798c096aae5f02da17011366e8abc55b38cada8dcf83459bb8483e5,https://data.chain.link/streams/xrp-usd-twap-30s-streams,,
zec-updown-5m-1786576200,ZEC,"ZCash Up or Down - August 12, 7:10PM-7:15PM ET",2026-08-12T23:15:00Z,2026-08-12T23:10:00Z,489.5113717567235,Up,"[""1"", ""0""]",0.98,,,0.495,0.01,resolved,0xfddf572d752bf8d347428413e6f7b70236457fd039f02b7925807e1d513661da,https://data.chain.link/streams/zec-usd-twap-30s-streams,,
bnb-updown-5m-1786576500,BNB,"BNB Up or Down - August 12, 7:15PM-7:20PM ET",2026-08-12T23:20:00Z,2026-08-12T23:15:00Z,609.4090838800057,Up,"[""1"", ""0""]",0.999,,,0.4945,0.001,resolved,0x4380febf05d9177c09b7edbd2819c33be8b76d6f0c69335deb571b11a51b58e5,https://data.chain.link/streams/bnb-usd-twap-30s-streams,,
btc-updown-5m-1786576500,BTC,"Bitcoin Up or Down - August 12, 7:15PM-7:20PM ET",2026-08-12T23:20:00Z,2026-08-12T23:15:00Z,63347.71451449989,Up,"[""1"", ""0""]",0.99,36641.79219400004,,0.49,0.01,resolved,0x64e7d0849e6dfc2f81686ebe923e2ebc73a77ad7b09ad756687b1cb0c5f487d3,https://data.chain.link/streams/btc-usd-twap-30s-streams,,
doge-updown-5m-1786576500,DOGE,"Dogecoin Up or Down - August 12, 7:15PM-7:20PM ET",2026-08-12T23:20:00Z,2026-08-12T23:15:00Z,0.06938015511322256,Up,"[""1"", ""0""]",0.97,,,0.495,0.01,resolved,0x347800d19c2b48cb8885c2309bedac43edaf4417466f706a06b3bb835bdc25f5,https://data.chain.link/streams/doge-usd-twap-30s-streams,,
eth-updown-5m-1786576500,ETH,"Ethereum Up or Down - August 12, 7:15PM-7:20PM ET",2026-08-12T23:20:00Z,2026-08-12T23:15:00Z,1874.2690187660228,Up,"[""1"", ""0""]",0.999,2287.9503429999995,,0.49,0.01,resolved,0x11ed99d7c35426d0adceb88eeeaa50ebb6516d42400cce28894f46ce8c05bf77,https://data.chain.link/streams/eth-usd-twap-30s-streams,,
hype-updown-5m-1786576500,HYPE,"Hyperliquid Up or Down - August 12, 7:15PM-7:20PM ET",2026-08-12T23:20:00Z,2026-08-12T23:15:00Z,56.02637102934441,Down,"[""0"", ""1""]",0.06,,,-0.495,0.01,resolved,0xd0cdab43de99cd0c30ec9d93f8f0aec565090894b4e6c1238d371827bf6f6b76,https://data.chain.link/streams/hype-usd-twap-30s-streams,,
sol-updown-5m-1786576500,SOL,"Solana Up or Down - August 12, 7:15PM-7:20PM ET",2026-08-12T23:20:00Z,2026-08-12T23:15:00Z,75.40012619542402,Down,"[""0"", ""1""]",0.03,,,-0.5,0.01,resolved,0x347c0568473de120662d516d0138c8821255c812e2020857020330a3abd28de3,https://data.chain.link/streams/sol-usd-twap-30s-streams,,
xrp-updown-5m-1786576500,XRP,"XRP Up or Down - August 12, 7:15PM-7:20PM ET",2026-08-12T23:20:00Z,2026-08-12T23:15:00Z,1.0013707099413054,Down,"[""0"", ""1""]",0.04,,,-0.5,0.01,resolved,0x8149295883e2ea0994058ce234b6bc3b21f25d95c072f6a8ee67319b8a18ec67,https://data.chain.link/streams/xrp-usd-twap-30s-streams,,
zec-updown-5m-1786576500,ZEC,"ZCash Up or Down - August 12, 7:15PM-7:20PM ET",2026-08-12T23:20:00Z,2026-08-12T23:15:00Z,489.71446366174746,Up,"[""1"", ""0""]",0.98,,,0.495,0.01,resolved,0x2757d8626d11ceabbcf9cbf96c90a83c7c263cc53ac09347c7c202c4036b778a,https://data.chain.link/streams/zec-usd-twap-30s-streams,,
bnb-updown-5m-1786576800,BNB,"BNB Up or Down - August 12, 7:20PM-7:25PM ET",2026-08-12T23:25:00Z,2026-08-12T23:20:00Z,609.739368191335,Down,"[""0"", ""1""]",0.06,,,-0.5045,0.001,resolved,0xb9e8fe49520460ba7144490f92f04748c856987f045b18c12845a0de0f0b5415,https://data.chain.link/streams/bnb-usd-twap-30s-streams,,
btc-updown-5m-1786576800,BTC,"Bitcoin Up or Down - August 12, 7:20PM-7:25PM ET",2026-08-12T23:25:00Z,2026-08-12T23:20:00Z,63356.34157085669,Down,"[""0"", ""1""]",0.01,30394.851042999995,10,-0.5045,0.001,resolved,0x095c22953abf86dadbc3644bb8a049321bb31f1cca7d649c035a7d02980b66f1,https://data.chain.link/streams/btc-usd-twap-30s-streams,,
doge-updown-5m-1786576800,DOGE,"Dogecoin Up or Down - August 12, 7:20PM-7:25PM ET",2026-08-12T23:25:00Z,2026-08-12T23:20:00Z,0.0694190272994326,Down,"[""0"", ""1""]",0.07,,,-0.4995,0.001,resolved,0xe6e6b8938933753beaaa1caa2c62a3cf95943454e6c0eeb01b56f8fc95cce9c2,https://data.chain.link/streams/doge-usd-twap-30s-streams,,
eth-updown-5m-1786576800,ETH,"Ethereum Up or Down - August 12, 7:20PM-7:25PM ET",2026-08-12T23:25:00Z,2026-08-12T23:20:00Z,1875.5370416541978,Down,"[""0"", ""1""]",0.01,,,-0.5045,0.001,resolved,0x5f2d04bcdf5bff2d323ea661452e3aa4f951d0f746ebb89e9e0d1c9e264e486e,https://data.chain.link/streams/eth-usd-twap-30s-streams,,
hype-updown-5m-1786576800,HYPE,"Hyperliquid Up or Down - August 12, 7:20PM-7:25PM ET",2026-08-12T23:25:00Z,2026-08-12T23:20:00Z,55.99196910288235,Down,"[""0"", ""1""]",0.09,,,-0.4995,0.001,resolved,0x145f49d8878347e33e3aa5d1157f4a2c44a87d58f7fade935ed44a4fd1fa2083,https://data.chain.link/streams/hype-usd-twap-30s-streams,,
sol-updown-5m-1786576800,SOL,"Solana Up or Down - August 12, 7:20PM-7:25PM ET",2026-08-12T23:25:00Z,2026-08-12T23:20:00Z,75.38767433874388,Down,"[""0"", ""1""]",0.02,,,-0.5045,0.001,resolved,0x5ec4275e3dabfe6216d23f9f9dc95b8caaf63d5a8c56080c54d6cb353b033ac1,https://data.chain.link/streams/sol-usd-twap-30s-streams,,
xrp-updown-5m-1786576800,XRP,"XRP Up or Down - August 12, 7:20PM-7:25PM ET",2026-08-12T23:25:00Z,2026-08-12T23:20:00Z,1.001294759562135,Down,"[""0"", ""1""]",0.06,,,-0.5045,0.001,resolved,0x95b5bbcc1860b8b2b2d3dafe3471eeb7edebc6778bcae1fe03feef36fbd5a237,https://data.chain.link/streams/xrp-usd-twap-30s-streams,,
zec-updown-5m-1786576800,ZEC,"ZCash Up or Down - August 12, 7:20PM-7:25PM ET",2026-08-12T23:25:00Z,2026-08-12T23:20:00Z,489.85892293306546,Down,"[""0"", ""1""]",,,,-0.5,0.01,resolved,0xe5936cdf625e92c30f3c958317f12ac55efb75983639f45f9ac6278458276179,https://data.chain.link/streams/zec-usd-twap-30s-streams,,
bnb-updown-5m-1786577100,BNB,"BNB Up or Down - August 12, 7:25PM-7:30PM ET",2026-08-12T23:30:00Z,2026-08-12T23:25:00Z,609.2091591571509,Up,"[""1"", ""0""]",0.999,193.951412,,0.4945,0.001,resolved,0x3209ead2ad531bb271fdbcf21fd8815dc27cbaae66c41d34b2df1534180b6ecc,https://data.chain.link/streams/bnb-usd-twap-30s-streams,,
btc-updown-5m-1786577100,BTC,"Bitcoin Up or Down - August 12, 7:25PM-7:30PM ET",2026-08-12T23:30:00Z,2026-08-12T23:25:00Z,63321.0882181005,Up,"[""1"", ""0""]",0.99,46258.91027100001,10,0.49,0.01,resolved,0xd5c7b482fb517377f10509e694aec87bb4a62f331a2cf6ae801128610fd2b41d,https://data.chain.link/streams/btc-usd-twap-30s-streams,,
doge-updown-5m-1786577100,DOGE,"Dogecoin Up or Down - August 12, 7:25PM-7:30PM ET",2026-08-12T23:30:00Z,2026-08-12T23:25:00Z,0.06935074685861506,Up,"[""1"", ""0""]",0.98,393.3207689999999,,0.4995,0.001,resolved,0xe5ef4eeeb87fd9053f7265a97cdf52a6b69cb63bde7439c6931549ad8f2690eb,https://data.chain.link/streams/doge-usd-twap-30s-streams,,
eth-updown-5m-1786577100,ETH,"Ethereum Up or Down - August 12, 7:25PM-7:30PM ET",2026-08-12T23:30:00Z,2026-08-12T23:25:00Z,1873.2632976545783,Up,"[""1"", ""0""]",0.99,2935.6551489999997,,0.49,0.01,resolved,0xd22116b80e98d73b598eb50e043a7cc033674b2a590fbc81b5474e5552ddd358,https://data.chain.link/streams/eth-usd-twap-30s-streams,,
hype-updown-5m-1786577100,HYPE,"Hyperliquid Up or Down - August 12, 7:25PM-7:30PM ET",2026-08-12T23:30:00Z,2026-08-12T23:25:00Z,55.92435448131764,Up,"[""1"", ""0""]",0.99,86.17535,,0.495,0.01,resolved,0xeb9fe4ccef58655678333d3337a856ddb0a943f2db651a5076a7aad8c23a57bd,https://data.chain.link/streams/hype-usd-twap-30s-streams,,
sol-updown-5m-1786577100,SOL,"Solana Up or Down - August 12, 7:25PM-7:30PM ET",2026-08-12T23:30:00Z,2026-08-12T23:25:00Z,75.32437551122568,Up,"[""1"", ""0""]",0.999,1891.375874,,0.4945,0.001,resolved,0xb44706a9b94440c4a7754265b68469d32810eb4370829c68e873a38123efec4d,https://data.chain.link/streams/sol-usd-twap-30s-streams,,
xrp-updown-5m-1786577100,XRP,"XRP Up or Down - August 12, 7:25PM-7:30PM ET",2026-08-12T23:30:00Z,2026-08-12T23:25:00Z,1.0000597127969195,Up,"[""1"", ""0""]",0.99,863.0259279999999,,0.4945,0.001,resolved,0x013e785f8ae8d4266813ddfe200781e9c650ae31a544be2050dd60675247004d,https://data.chain.link/streams/xrp-usd-twap-30s-streams,,
zec-updown-5m-1786577100,ZEC,"ZCash Up or Down - August 12, 7:25PM-7:30PM ET",2026-08-12T23:30:00Z,2026-08-12T23:25:00Z,489.55990610923817,Down,"[""0"", ""1""]",,,,-0.5,0.01,resolved,0x18dbc0c54015aa39eaf98c0506bed59f7d44123efd101e58061bdd6e89ba7478,https://data.chain.link/streams/zec-usd-twap-30s-streams,,
bnb-updown-5m-1786577400,BNB,"BNB Up or Down - August 12, 7:30PM-7:35PM ET",2026-08-12T23:35:00Z,2026-08-12T23:30:00Z,609.5441474217773,Up,"[""1"", ""0""]",0.99,,,0.49,0.01,resolved,0x3e436d40e50c7e699ce50afaf8b305f5ec403ac8097c42081c6164ac9e8c3694,https://data.chain.link/streams/bnb-usd-twap-30s-streams,,
btc-updown-5m-1786577400,BTC,"Bitcoin Up or Down - August 12, 7:30PM-7:35PM ET",2026-08-12T23:35:00Z,2026-08-12T23:30:00Z,63348.88499575827,Up,"[""1"", ""0""]",0.99,21927.624213000017,10,0.49,0.01,resolved,0x8b727b44196f49739b27d8f3ea81e5fb3fcdcc47495f0ad983292fd69df7cb91,https://data.chain.link/streams/btc-usd-twap-30s-streams,,
doge-updown-5m-1786577400,DOGE,"Dogecoin Up or Down - August 12, 7:30PM-7:35PM ET",2026-08-12T23:35:00Z,2026-08-12T23:30:00Z,0.06941302010730176,Up,"[""1"", ""0""]",0.99,,,0.495,0.01,resolved,0x4a867404944a5f7d1cff0a31a21a1b876da2db9a4c1d2138114087d7661fce13,https://data.chain.link/streams/doge-usd-twap-30s-streams,,
eth-updown-5m-1786577400,ETH,"Ethereum Up or Down - August 12, 7:30PM-7:35PM ET",2026-08-12T23:35:00Z,2026-08-12T23:30:00Z,1874.4567693648878,Up,"[""1"", ""0""]",0.99,2115.1585970000006,,0.49,0.01,resolved,0x9ac50b2d48744aefddd00cb724eb5311711821766c3fc6dfb53b372a858ebd45,https://data.chain.link/streams/eth-usd-twap-30s-streams,,
hype-updown-5m-1786577400,HYPE,"Hyperliquid Up or Down - August 12, 7:30PM-7:35PM ET",2026-08-12T23:35:00Z,2026-08-12T23:30:00Z,55.99408504758105,Down,"[""0"", ""1""]",0.18,,,-0.495,0.01,resolved,0xa25e8a71a32517353a63cc44799b0fac95e370b48209a4b879a7ad6fa0f627f3,https://data.chain.link/streams/hype-usd-twap-30s-streams,,
sol-updown-5m-1786577400,SOL,"Solana Up or Down - August 12, 7:30PM-7:35PM ET",2026-08-12T23:35:00Z,2026-08-12T23:30:00Z,75.39837194823495,Up,"[""1"", ""0""]",0.99,1475.2603439999996,,0.49,0.01,resolved,0xd4df6ee61f46db6b7c254bf0ba81c507dd40755db951021ee1cb7cae2348d7e6,https://data.chain.link/streams/sol-usd-twap-30s-streams,,
xrp-updown-5m-1786577400,XRP,"XRP Up or Down - August 12, 7:30PM-7:35PM ET",2026-08-12T23:35:00Z,2026-08-12T23:30:00Z,1.0015591292778703,Up,"[""1"", ""0""]",0.99,596.8550280000002,,0.49,0.01,resolved,0x986e439280cbc0b24cac6d2149d4513944f9af867ac374ba16291af63284c01a,https://data.chain.link/streams/xrp-usd-twap-30s-streams,,
zec-updown-5m-1786577400,ZEC,"ZCash Up or Down - August 12, 7:30PM-7:35PM ET",2026-08-12T23:35:00Z,2026-08-12T23:30:00Z,489.4963241865822,Down,"[""0"", ""1""]",,,,,0.96,resolved,0x4906be5d4738ea641e1f4c0eca62c1e3ac82b71a4b0d49fff7b237d2d33d1302,https://data.chain.link/streams/zec-usd-twap-30s-streams,,
bnb-updown-5m-1786577700,BNB,"BNB Up or Down - August 12, 7:35PM-7:40PM ET",2026-08-12T23:40:00Z,2026-08-12T23:35:00Z,610.1231619583948,Up,"[""1"", ""0""]",0.98,,,0.49,0.01,resolved,0x5fa1a4774ae0d773aa7fca5034929d42497db97c2888baecfa04e51145bb86ae,https://data.chain.link/streams/bnb-usd-twap-30s-streams,,
btc-updown-5m-1786577700,BTC,"Bitcoin Up or Down - August 12, 7:35PM-7:40PM ET",2026-08-12T23:40:00Z,2026-08-12T23:35:00Z,63388.45150383038,Up,"[""1"", ""0""]",0.99,29573.25618399999,10,0.49,0.01,resolved,0x8ae271693414bbee9a6e7339758fd98d32ac75f33fc00fc4f695efbc14be1c9e,https://data.chain.link/streams/btc-usd-twap-30s-streams,,
doge-updown-5m-1786577700,DOGE,"Dogecoin Up or Down - August 12, 7:35PM-7:40PM ET",2026-08-12T23:40:00Z,2026-08-12T23:35:00Z,0.0694772878463219,Up,"[""1"", ""0""]",0.99,,,0.4995,0.001,resolved,0xb1a5d83ca922a58652d4e110bd7844e7d2aabe66e84d1239ad9aba251fd1a7ff,https://data.chain.link/streams/doge-usd-twap-30s-streams,,
eth-updown-5m-1786577700,ETH,"Ethereum Up or Down - August 12, 7:35PM-7:40PM ET",2026-08-12T23:40:00Z,2026-08-12T23:35:00Z,1876.0353690376623,Up,"[""1"", ""0""]",0.99,,,0.49,0.01,resolved,0x4afd12b63abb84fcc00c2b1a5a9d8f7a22d38377708bf9f0eeed6a5d7f64f69f,https://data.chain.link/streams/eth-usd-twap-30s-streams,,
hype-updown-5m-1786577700,HYPE,"Hyperliquid Up or Down - August 12, 7:35PM-7:40PM ET",2026-08-12T23:40:00Z,2026-08-12T23:35:00Z,55.92020316992422,Up,"[""1"", ""0""]",0.999,,,0.4995,0.001,resolved,0xff6690cd6ab1ba41936c45971d592b286decb9df68bdf17a586d15562859bcfe,https://data.chain.link/streams/hype-usd-twap-30s-streams,,
sol-updown-5m-1786577700,SOL,"Solana Up or Down - August 12, 7:35PM-7:40PM ET",2026-08-12T23:40:00Z,2026-08-12T23:35:00Z,75.44506057430674,Up,"[""1"", ""0""]",0.99,,,0.4945,0.001,resolved,0x275535f968788ff9acdea9f04f5869ac337fe6efdcafd59defc17826ac1e34e3,https://data.chain.link/streams/sol-usd-twap-30s-streams,,
xrp-updown-5m-1786577700,XRP,"XRP Up or Down - August 12, 7:35PM-7:40PM ET",2026-08-12T23:40:00Z,2026-08-12T23:35:00Z,1.0026340972075576,Up,"[""1"", ""0""]",0.99,,,0.4995,0.001,resolved,0xc1b01d54d8dd4e873cff906781800343f4d658e6a5f9765f84d99c00c96cddb6,https://data.chain.link/streams/xrp-usd-twap-30s-streams,,
zec-updown-5m-1786577700,ZEC,"ZCash Up or Down - August 12, 7:35PM-7:40PM ET",2026-08-12T23:40:00Z,2026-08-12T23:35:00Z,488.95566404257636,Up,"[""1"", ""0""]",0.99,,,0.495,0.01,resolved,0x52df06353b554d9bb98a1c59784f9a7d976a45eddd843f9017597d65c362b48a,https://data.chain.link/streams/zec-usd-twap-30s-streams,,
bnb-updown-5m-1786578000,BNB,"BNB Up or Down - August 12, 7:40PM-7:45PM ET",2026-08-12T23:45:00Z,2026-08-12T23:40:00Z,610.1359597765297,Down,"[""0"", ""1""]",0.06,316.419227,,-0.5045,0.001,resolved,0xf6a6e667dae9aca76ce396f4cc23416e6bee6f3b689988fe9cd401f6ea5f67ee,https://data.chain.link/streams/bnb-usd-twap-30s-streams,,
btc-updown-5m-1786578000,BTC,"Bitcoin Up or Down - August 12, 7:40PM-7:45PM ET",2026-08-12T23:45:00Z,2026-08-12T23:40:00Z,63403.639503729624,Down,"[""0"", ""1""]",0.01,30855.072400999998,5,-0.5045,0.001,resolved,0x9d46eeb5a1825c1a9b8593a99f022c3722f79d1c17bb3c040a57cadcb67e597b,https://data.chain.link/streams/btc-usd-twap-30s-streams,,
doge-updown-5m-1786578000,DOGE,"Dogecoin Up or Down - August 12, 7:40PM-7:45PM ET",2026-08-12T23:45:00Z,2026-08-12T23:40:00Z,0.06953484828953732,Down,"[""0"", ""1""]",0.02,585.19797,,-0.4995,0.001,resolved,0x43a1f4019bbe4cfb8a82a5fd46431807a13afa60a9eda2f4d6e7ec20c1d89932,https://data.chain.link/streams/doge-usd-twap-30s-streams,,
eth-updown-5m-1786578000,ETH,"Ethereum Up or Down - August 12, 7:40PM-7:45PM ET",2026-08-12T23:45:00Z,2026-08-12T23:40:00Z,1876.9294835320009,Down,"[""0"", ""1""]",0.03,3807.3019579999986,,-0.5045,0.001,resolved,0x533e6d3c5d3bde4b7b78d116d307b8446913c6d77606fefacc793a320e19c029,https://data.chain.link/streams/eth-usd-twap-30s-streams,,
hype-updown-5m-1786578000,HYPE,"Hyperliquid Up or Down - August 12, 7:40PM-7:45PM ET",2026-08-12T23:45:00Z,2026-08-12T23:40:00Z,56.0370750321454,Up,"[""1"", ""0""]",0.99,42.897849,,0.4995,0.001,resolved,0xe95b5d5ef3847e2771871e7a41af6784ce08115309bd5ab4e334acf6daaa5c25,https://data.chain.link/streams/hype-usd-twap-30s-streams,,
sol-updown-5m-1786578000,SOL,"Solana Up or Down - August 12, 7:40PM-7:45PM ET",2026-08-12T23:45:00Z,2026-08-12T23:40:00Z,75.5130973342861,Down,"[""0"", ""1""]",0.07,1677.4753519999997,,-0.5045,0.001,resolved,0xe57077cf8af95f836a6a7ef11bd74f52e6bcd8cf04deb712fcdead4518205b07,https://data.chain.link/streams/sol-usd-twap-30s-streams,,
xrp-updown-5m-1786578000,XRP,"XRP Up or Down - August 12, 7:40PM-7:45PM ET",2026-08-12T23:45:00Z,2026-08-12T23:40:00Z,1.0037286068685298,Down,"[""0"", ""1""]",0.15,1369.4779439999998,,-0.5045,0.001,resolved,0x0967f84c108f007e97e5f3e02fb71f9c1ca0d448a5c38c30e7997c2d2eb27ea1,https://data.chain.link/streams/xrp-usd-twap-30s-streams,,
zec-updown-5m-1786578000,ZEC,"ZCash Up or Down - August 12, 7:40PM-7:45PM ET",2026-08-12T23:45:00Z,2026-08-12T23:40:00Z,489.49155705980434,Down,"[""0"", ""1""]",,,,-0.495,0.01,resolved,0x421de987328fcf9aad3a09c51c4d4c16f461d8044245c4cbe74a111c8951c278,https://data.chain.link/streams/zec-usd-twap-30s-streams,,
bnb-updown-5m-1786578300,BNB,"BNB Up or Down - August 12, 7:45PM-7:50PM ET",2026-08-12T23:50:00Z,2026-08-12T23:45:00Z,609.7189725951423,Up,"[""1"", ""0""]",0.99,214.49419,,0.49,0.01,resolved,0x4fd27d8ee87a9cc7eeb52c3a1946a7a2fbadb0acc09111872e4ca7a0ccd7db4d,https://data.chain.link/streams/bnb-usd-twap-30s-streams,,
btc-updown-5m-1786578300,BTC,"Bitcoin Up or Down - August 12, 7:45PM-7:50PM ET",2026-08-12T23:50:00Z,2026-08-12T23:45:00Z,63337.72155322238,Up,"[""1"", ""0""]",0.99,32941.64121200002,5,0.49,0.01,resolved,0xb1f318c11de691da3471dc6df3f976548e2d03aba22cbfae07f2b579c14b2910,https://data.chain.link/streams/btc-usd-twap-30s-streams,,
doge-updown-5m-1786578300,DOGE,"Dogecoin Up or Down - August 12, 7:45PM-7:50PM ET",2026-08-12T23:50:00Z,2026-08-12T23:45:00Z,0.06951685027937722,Up,"[""1"", ""0""]",0.93,,,0.495,0.01,resolved,0xbdf6fc1ea093a33c142d0444279930ccf94b622ed8a37f635db707cb4d305aea,https://data.chain.link/streams/doge-usd-twap-30s-streams,,
eth-updown-5m-1786578300,ETH,"Ethereum Up or Down - August 12, 7:45PM-7:50PM ET",2026-08-12T23:50:00Z,2026-08-12T23:45:00Z,1876.2610345992898,Up,"[""1"", ""0""]",0.99,3324.0552879999987,,0.49,0.01,resolved,0xb5640da457dbf7e73c135aae42a622ca7c52d1119ca3b038f8f5f5379162b123,https://data.chain.link/streams/eth-usd-twap-30s-streams,,
hype-updown-5m-1786578300,HYPE,"Hyperliquid Up or Down - August 12, 7:45PM-7:50PM ET",2026-08-12T23:50:00Z,2026-08-12T23:45:00Z,56.05094557079862,Down,"[""0"", ""1""]",0.06,60.57235,,-0.495,0.01,resolved,0x5ee8861126731bb12cd44b8b2bd065523a5c79bf640d95272a63dd7841cc030a,https://data.chain.link/streams/hype-usd-twap-30s-streams,,
sol-updown-5m-1786578300,SOL,"Solana Up or Down - August 12, 7:45PM-7:50PM ET",2026-08-12T23:50:00Z,2026-08-12T23:45:00Z,75.48426519212087,Up,"[""1"", ""0""]",0.99,905.091545,,0.49,0.01,resolved,0x5d229b545903f622b5dd06c6a977f09fe96a66079d146511af3dcad3e7a56003,https://data.chain.link/streams/sol-usd-twap-30s-streams,,
xrp-updown-5m-1786578300,XRP,"XRP Up or Down - August 12, 7:45PM-7:50PM ET",2026-08-12T23:50:00Z,2026-08-12T23:45:00Z,1.0035985275157708,Up,"[""1"", ""0""]",0.99,615.211988,,0.49,0.01,resolved,0xd2bab9eaaaac678210f1e1747f3153b6e85f01cb8999c735191768bd924be049,https://data.chain.link/streams/xrp-usd-twap-30s-streams,,
zec-updown-5m-1786578300,ZEC,"ZCash Up or Down - August 12, 7:45PM-7:50PM ET",2026-08-12T23:50:00Z,2026-08-12T23:45:00Z,489.31196063778253,Down,"[""0"", ""1""]",,,,-0.495,0.01,resolved,0xaba1dd28b349db290e8f040a621b501ad2ba59bfa71bd1d599f065877467beb5,https://data.chain.link/streams/zec-usd-twap-30s-streams,,
bnb-updown-5m-1786578600,BNB,"BNB Up or Down - August 12, 7:50PM-7:55PM ET",2026-08-12T23:55:00Z,2026-08-12T23:50:00Z,609.7876093479689,Down,"[""0"", ""1""]",0.11,,,-0.5045,0.001,resolved,0x07ae4954c798d6dfe93fdc139cf8326ae90e40cb215ac731d36cfd5fb476a041,https://data.chain.link/streams/bnb-usd-twap-30s-streams,,
btc-updown-5m-1786578600,BTC,"Bitcoin Up or Down - August 12, 7:50PM-7:55PM ET",2026-08-12T23:55:00Z,2026-08-12T23:50:00Z,63343.57685001628,Up,"[""1"", ""0""]",0.999,23385.587209000016,,0.4945,0.001,resolved,0xe9a3f396933d6e3a2783616358c4fe44bc11295e919e5826877e37fbd6df4696,https://data.chain.link/streams/btc-usd-twap-30s-streams,,
doge-updown-5m-1786578600,DOGE,"Dogecoin Up or Down - August 12, 7:50PM-7:55PM ET",2026-08-12T23:55:00Z,2026-08-12T23:50:00Z,0.06956226358683057,Up,"[""1"", ""0""]",0.99,,,0.4995,0.001,resolved,0x1320e401ca1718bd118a465f25bc232b02e9180c0368871c1255d33a60101e9e,https://data.chain.link/streams/doge-usd-twap-30s-streams,,
eth-updown-5m-1786578600,ETH,"Ethereum Up or Down - August 12, 7:50PM-7:55PM ET",2026-08-12T23:55:00Z,2026-08-12T23:50:00Z,1876.6027792046432,Up,"[""1"", ""0""]",0.99,4182.934162000001,,0.4945,0.001,resolved,0xcea67a730afbdbf314b10bfc287aec63c838fc63396a72592e0a8bc792dd3598,https://data.chain.link/streams/eth-usd-twap-30s-streams,,
hype-updown-5m-1786578600,HYPE,"Hyperliquid Up or Down - August 12, 7:50PM-7:55PM ET",2026-08-12T23:55:00Z,2026-08-12T23:50:00Z,56.00119134394837,Up,"[""1"", ""0""]",0.99,,,0.4995,0.001,resolved,0x91c7cbf0b770f5cf093d7fdc192ceed0fa34496d18a0a1b2b0304aea3af7eb80,https://data.chain.link/streams/hype-usd-twap-30s-streams,,
sol-updown-5m-1786578600,SOL,"Solana Up or Down - August 12, 7:50PM-7:55PM ET",2026-08-12T23:55:00Z,2026-08-12T23:50:00Z,75.50027747152085,Up,"[""1"", ""0""]",0.99,,,0.4945,0.001,resolved,0x176ce0260825a233234590a6194c25285b3d70dc367eba824118d9fce27e04db,https://data.chain.link/streams/sol-usd-twap-30s-streams,,
xrp-updown-5m-1786578600,XRP,"XRP Up or Down - August 12, 7:50PM-7:55PM ET",2026-08-12T23:55:00Z,2026-08-12T23:50:00Z,1.0042805544056945,Down,"[""0"", ""1""]",0.22,,,-0.5,0.01,resolved,0xbe35d406ce7895f98b472e6427b1f92bd68f4afeb963fc0ff8d04a7b09166752,https://data.chain.link/streams/xrp-usd-twap-30s-streams,,
zec-updown-5m-1786578600,ZEC,"ZCash Up or Down - August 12, 7:50PM-7:55PM ET",2026-08-12T23:55:00Z,2026-08-12T23:50:00Z,488.72397000213147,Up,"[""1"", ""0""]",0.98,,,0.495,0.01,resolved,0x7ab337540f88d7adaed89c4049ec9c93ca8d8735546042c548c5ce2a27d30f3e,https://data.chain.link/streams/zec-usd-twap-30s-streams,,
bnb-updown-5m-1786578900,BNB,"BNB Up or Down - August 12, 7:55PM-8:00PM ET",2026-08-13T00:00:00Z,2026-08-12T23:55:00Z,609.497156688081,Up,"[""1"", ""0""]",0.99,358.25359699999996,,0.49,0.01,resolved,0x9a17e31294a7fcedc26cd6df87d4b58a733e8db86679c96a70a8a6d6bcdf7f32,https://data.chain.link/streams/bnb-usd-twap-30s-streams,,
btc-updown-5m-1786578900,BTC,"Bitcoin Up or Down - August 12, 7:55PM-8:00PM ET",2026-08-13T00:00:00Z,2026-08-12T23:55:00Z,63353.37930751846,Up,"[""1"", ""0""]",0.999,28322.69229099999,70.05,0.4945,0.001,resolved,0x8bd9a844a687d045132920ffa7597925e04c98ec99a43f79a429a892af98a61d,https://data.chain.link/streams/btc-usd-twap-30s-streams,,
doge-updown-5m-1786578900,DOGE,"Dogecoin Up or Down - August 12, 7:55PM-8:00PM ET",2026-08-13T00:00:00Z,2026-08-12T23:55:00Z,0.06958898744358062,Up,"[""1"", ""0""]",0.95,325.151449,,0.4995,0.001,resolved,0xc321918c2af196150437756bbce5a26da703d9e2c325625666ea3147a2771f81,https://data.chain.link/streams/doge-usd-twap-30s-streams,,
eth-updown-5m-1786578900,ETH,"Ethereum Up or Down - August 12, 7:55PM-8:00PM ET",2026-08-13T00:00:00Z,2026-08-12T23:55:00Z,1876.7552882424727,Up,"[""1"", ""0""]",0.99,2464.6689880000004,17.098036,0.4945,0.001,resolved,0xdbba341a08fde48fa259eaaa2f849f2249555ba1254f264ee6544803701acb12,https://data.chain.link/streams/eth-usd-twap-30s-streams,,
hype-updown-5m-1786578900,HYPE,"Hyperliquid Up or Down - August 12, 7:55PM-8:00PM ET",2026-08-13T00:00:00Z,2026-08-12T23:55:00Z,56.015140435637775,Up,"[""1"", ""0""]",0.99,35.59,,0.4995,0.001,resolved,0x8e2b5b9d247d8670f16424845f988336cbc5456bdb0e671a6d18e8ea345225e2,https://data.chain.link/streams/hype-usd-twap-30s-streams,,
sol-updown-5m-1786578900,SOL,"Solana Up or Down - August 12, 7:55PM-8:00PM ET",2026-08-13T00:00:00Z,2026-08-12T23:55:00Z,75.51433600407337,Up,"[""1"", ""0""]",0.99,1543.2296700000002,,0.4945,0.001,resolved,0x5e7eb5602ba5f2a978efc4e8ea5e559aaed58c84d2991775b73272fddfec9696,https://data.chain.link/streams/sol-usd-twap-30s-streams,,
xrp-updown-5m-1786578900,XRP,"XRP Up or Down - August 12, 7:55PM-8:00PM ET",2026-08-13T00:00:00Z,2026-08-12T23:55:00Z,1.0042318244177546,Up,"[""1"", ""0""]",0.99,394.06978000000004,,0.4945,0.001,resolved,0xd71b9f68b8afd4484394da24dbe0ee08407e52d5fe064c8fa9b419af61db60fd,https://data.chain.link/streams/xrp-usd-twap-30s-streams,,
zec-updown-5m-1786578900,ZEC,"ZCash Up or Down - August 12, 7:55PM-8:00PM ET",2026-08-13T00:00:00Z,2026-08-12T23:55:00Z,489.5529758303824,Up,"[""1"", ""0""]",0.98,25,,0.495,0.01,resolved,0x04677d8aeb0034a1af641d22d39263c1028e6430ea3f1e3c3c7bffa79d82ff75,https://data.chain.link/streams/zec-usd-twap-30s-streams,,
