slug,asset,question,endDate,eventStartTime,priceToBeat,winningOutcome,outcomePrices,lastTradePrice,volume,openInterest,oneHourPriceChange,spread,umaResolutionStatus,conditionId,resolutionSource,finalPrice,closedTime
bnb-updown-5m-1789084800,BNB,"BNB Up or Down - September 10, 8:00PM-8:05PM ET",2026-09-11T00:05:00Z,2026-09-11T00:00:00Z,708.317417115432,Up,"[""1"", ""0""]",0.999,,,0.4945,0.001,resolved,0xaf67abafc3155abf6e2156457ee4f6ca2794ececff163456f8c7da23a9c9c0fb,https://data.chain.link/streams/bnb-usd-twap-60s-streams,709.6967294128565,2026-09-11 00:05:54+00
btc-updown-5m-1789084800,BTC,"Bitcoin Up or Down - September 10, 8:00PM-8:05PM ET",2026-09-11T00:05:00Z,2026-09-11T00:00:00Z,76537.48162049733,Up,"[""1"", ""0""]",0.99,,,0.49,0.01,resolved,0x9adb295dc1c643eaefc3835eebfcebb09df5f65ac911c71cdaeb0e2bcfc91bdc,https://data.chain.link/streams/btc-usd-twap-60s-streams,76656.21816267558,2026-09-11 00:05:54+00
doge-updown-5m-1789084800,DOGE,"Dogecoin Up or Down - September 10, 8:00PM-8:05PM ET",2026-09-11T00:05:00Z,2026-09-11T00:00:00Z,0.08287136824865093,Up,"[""1"", ""0""]",0.99,,,0.495,0.01,resolved,0xc814f0df09ffe66a7af00488f5b4fcb69f6c09c3b85cfb5a9bcf0b8520bfcabe,https://data.chain.link/streams/doge-usd-twap-60s-streams,0.0831201137436306,2026-09-11 00:05:55+00
eth-updown-5m-1789084800,ETH,"Ethereum Up or Down - September 10, 8:00PM-8:05PM ET",2026-09-11T00:05:00Z,2026-09-11T00:00:00Z,2437.0444598963018,Up,"[""1"", ""0""]",0.999,,,0.4945,0.001,resolved,0x96418c59b67c6e6e25da74ab575645b6e33aa88aafbbc4293519ca2e8acb19b7,https://data.chain.link/streams/eth-usd-twap-60s-streams,2441.170900066109,2026-09-11 00:05:55+00
hype-updown-5m-1789084800,HYPE,"Hyperliquid Up or Down - September 10, 8:00PM-8:05PM ET",2026-09-11T00:05:00Z,2026-09-11T00:00:00Z,78.53369722326829,Up,"[""1"", ""0""]",0.99,,,0.49,0.01,resolved,0x295dac96ba9d111b92d7273ee47a940c8c7196c876da97e21defd8b1eadbc2e8,https://data.chain.link/streams/hype-usd-twap-60s-streams,78.64102225928863,2026-09-11 00:05:54+00
sol-updown-5m-1789084800,SOL,"Solana Up or Down - September 10, 8:00PM-8:05PM ET",2026-09-11T00:05:00Z,2026-09-11T00:00:00Z,98.61757732474686,Up,"[""1"", ""0""]",0.999,,,0.4945,0.001,resolved,0xa6c1c5c08941c3399381a2c444f77020cbfb9e7045cc612d83d7de327293c83c,https://data.chain.link/streams/sol-usd-twap-60s-streams,98.93820119262418,2026-09-11 00:05:54+00
xrp-updown-5m-1789084800,XRP,"XRP Up or Down - September 10, 8:00PM-8:05PM ET",2026-09-11T00:05:00Z,2026-09-11T00:00:00Z,1.333734184847093,Up,"[""1"", ""0""]",0.99,,,0.49,0.01,resolved,0x41642a07c315e4dfe9269f6dbcd1eb8aa69b1e97c53e2c91d3d01e4bcf572ae3,https://data.chain.link/streams/xrp-usd-twap-60s-streams,1.3364434132686807,2026-09-11 00:05:54+00
zec-updown-5m-1789084800,ZEC,"ZCash Up or Down - September 10, 8:00PM-8:05PM ET",2026-09-11T00:05:00Z,2026-09-11T00:00:00Z,1079.669991135496,Up,"[""1"", ""0""]",,,,0.495,0.01,resolved,0x107063ea137ca3e54f1218b230a6cdc9b91d9c80ffca795bc235713d53297d9c,https://data.chain.link/streams/zec-usd-twap-60s-streams,1084.7886290813951,2026-09-11 00:05:54+00
bnb-updown-5m-1789085100,BNB,"BNB Up or Down - September 10, 8:05PM-8:10PM ET",2026-09-11T00:10:00Z,2026-09-11T00:05:00Z,709.6967294128565,Up,"[""1"", ""0""]",0.99,,,0.4945,0.001,resolved,0xcb361ec3be4a801261d999f6fbc2b0c850498cbdb637d30320ab6fcbd5f1fc97,https://data.chain.link/streams/bnb-usd-twap-60s-streams,711.9042545858061,2026-09-11 00:10:55+00
btc-updown-5m-1789085100,BTC,"Bitcoin Up or Down - September 10, 8:05PM-8:10PM ET",2026-09-11T00:10:00Z,2026-09-11T00:05:00Z,76656.21816267558,Up,"[""1"", ""0""]",0.999,29523.40784400001,,0.4945,0.001,resolved,0x0ace583022f3fae5a3402a15e10c71ead4da7c9285e67bd2cdf7b40ecc6064e6,https://data.chain.link/streams/btc-usd-twap-60s-streams,76766.72674921736,2026-09-11 00:10:55+00
doge-updown-5m-1789085100,DOGE,"Dogecoin Up or Down - September 10, 8:05PM-8:10PM ET",2026-09-11T00:10:00Z,2026-09-11T00:05:00Z,0.0831201137436306,Up,"[""1"", ""0""]",0.99,,,0.4995,0.001,resolved,0xba5ba6f8179dc69d365da70fb99b311b1916fbc5a13920400a49bf5281076424,https://data.chain.link/streams/doge-usd-twap-60s-streams,0.08344084118196085,2026-09-11 00:10:55+00
eth-updown-5m-1789085100,ETH,"Ethereum Up or Down - September 10, 8:05PM-8:10PM ET",2026-09-11T00:10:00Z,2026-09-11T00:05:00Z,2441.170900066109,Up,"[""1"", ""0""]",0.99,1768.3314240000004,,0.4945,0.001,resolved,0x09f154175b82fe268bf5852c1bfe01c945edcf1a0e28f97f0e12574bd51afe1e,https://data.chain.link/streams/eth-usd-twap-60s-streams,2446.47769283428,2026-09-11 00:10:55+00
hype-updown-5m-1789085100,HYPE,"Hyperliquid Up or Down - September 10, 8:05PM-8:10PM ET",2026-09-11T00:10:00Z,2026-09-11T00:05:00Z,78.64102225928863,Up,"[""1"", ""0""]",0.99,,,0.4945,0.001,resolved,0x3db51178ff55f11f3cd798a968620c629ada3c5e2fce5d4eddc38f8a2ff74b29,https://data.chain.link/streams/hype-usd-twap-60s-streams,78.95890345451237,2026-09-11 00:10:55+00
sol-updown-5m-1789085100,SOL,"Solana Up or Down - September 10, 8:05PM-8:10PM ET",2026-09-11T00:10:00Z,2026-09-11T00:05:00Z,98.93820119262418,Up,"[""1"", ""0""]",0.99,782.387721,,0.4945,0.001,resolved,0x5625ca0d6ad6be8c98a4f6429df2a816f7cbdb58fdbca17ec4b819d1949e99d3,https://data.chain.link/streams/sol-usd-twap-60s-streams,99.3140804554387,2026-09-11 00:10:55+00
xrp-updown-5m-1789085100,XRP,"XRP Up or Down - September 10, 8:05PM-8:10PM ET",2026-09-11T00:10:00Z,2026-09-11T00:05:00Z,1.3364434132686807,Up,"[""1"", ""0""]",0.99,1008.0924759999999,,0.4945,0.001,resolved,0x2ac5769c49d2c468b8f5f9fb2cbe41b0546c40d15b3934a40c4782d7444bd400,https://data.chain.link/streams/xrp-usd-twap-60s-streams,1.3419062922889373,2026-09-11 00:10:55+00
zec-updown-5m-1789085100,ZEC,"ZCash Up or Down - September 10, 8:05PM-8:10PM ET",2026-09-11T00:10:00Z,2026-09-11T00:05:00Z,1084.7886290813951,Up,"[""1"", ""0""]",,,,0.495,0.01,resolved,0xf765d2d0b6ce5207bf066e9c2ff9504e62f6a67d768561e1a92bb806707e9040,https://data.chain.link/streams/zec-usd-twap-60s-streams,1089.411641521371,2026-09-11 00:10:55+00
bnb-updown-5m-1789085400,BNB,"BNB Up or Down - September 10, 8:10PM-8:15PM ET",2026-09-11T00:15:00Z,2026-09-11T00:10:00Z,711.9042545858061,Up,"[""1"", ""0""]",0.99,,,0.49,0.01,resolved,0x36a23c5048580efc08f1dd03ecba9e0539483221b59227bfbff1788f0eb7b171,https://data.chain.link/streams/bnb-usd-twap-60s-streams,712.1777108130129,2026-09-11 00:15:55+00
btc-updown-5m-1789085400,BTC,"Bitcoin Up or Down - September 10, 8:10PM-8:15PM ET",2026-09-11T00:15:00Z,2026-09-11T00:10:00Z,76766.72674921736,Up,"[""1"", ""0""]",0.99,34562.30140299996,,0.49,0.01,resolved,0x59caf291fed1e0fd6caa0643c559f3e9ac691c8f70c539fe8a5994c203a2f75a,https://data.chain.link/streams/btc-usd-twap-60s-streams,76792.06493548807,2026-09-11 00:15:55+00
doge-updown-5m-1789085400,DOGE,"Dogecoin Up or Down - September 10, 8:10PM-8:15PM ET",2026-09-11T00:15:00Z,2026-09-11T00:10:00Z,0.08344084118196085,Up,"[""1"", ""0""]",0.99,,,0.495,0.01,resolved,0x2e30cbb038bc2de0c6ae918ed049db7d93ee287cf90c178feeab5936121dc420,https://data.chain.link/streams/doge-usd-twap-60s-streams,0.08344855892350453,2026-09-11 00:15:55+00
eth-updown-5m-1789085400,ETH,"Ethereum Up or Down - September 10, 8:10PM-8:15PM ET",2026-09-11T00:15:00Z,2026-09-11T00:10:00Z,2446.47769283428,Up,"[""1"", ""0""]",0.99,,,0.49,0.01,resolved,0xfd1b789bb5203da4168f119ab2957c30ddad338a0ec38bbeda45c5d3e2783ecd,https://data.chain.link/streams/eth-usd-twap-60s-streams,2447.6241867851986,2026-09-11 00:15:55+00
hype-updown-5m-1789085400,HYPE,"Hyperliquid Up or Down - September 10, 8:10PM-8:15PM ET",2026-09-11T00:15:00Z,2026-09-11T00:10:00Z,78.95890345451237,Down,"[""0"", ""1""]",0.73,,,-0.5,0.01,resolved,0x6353e337f5a27e4c30cee4c0ba38ee8635ec89b2821b6ec32a6e99680bad19e6,https://data.chain.link/streams/hype-usd-twap-60s-streams,78.86124080267841,2026-09-11 00:15:55+00
sol-updown-5m-1789085400,SOL,"Solana Up or Down - September 10, 8:10PM-8:15PM ET",2026-09-11T00:15:00Z,2026-09-11T00:10:00Z,99.3140804554387,Down,"[""0"", ""1""]",0.18,,,-0.5,0.01,resolved,0xe3871f8e70b842ab3f10575c168f08f72f673c36947c199dd8ee6b40a48942f6,https://data.chain.link/streams/sol-usd-twap-60s-streams,99.11468998939249,2026-09-11 00:15:55+00
xrp-updown-5m-1789085400,XRP,"XRP Up or Down - September 10, 8:10PM-8:15PM ET",2026-09-11T00:15:00Z,2026-09-11T00:10:00Z,1.3419062922889373,Up,"[""1"", ""0""]",0.99,,,0.49,0.01,resolved,0xf77de46eb00d7371e131f64735441be8119c1e0afa69afb0c0f28a9d07c59a17,https://data.chain.link/streams/xrp-usd-twap-60s-streams,1.3426198474820525,2026-09-11 00:15:55+00
zec-updown-5m-1789085400,ZEC,"ZCash Up or Down - September 10, 8:10PM-8:15PM ET",2026-09-11T00:15:00Z,2026-09-11T00:10:00Z,1089.411641521371,Down,"[""0"", ""1""]",,,,-0.05,0.9,resolved,0x023ba83d3047a1349130c276e0b8b483b1f23e25cdc8fb92dec4194834557064,https://data.chain.link/streams/zec-usd-twap-60s-streams,1085.9784754944358,2026-09-11 00:15:55+00
bnb-updown-5m-1789085700,BNB,"BNB Up or Down - September 10, 8:15PM-8:20PM ET",2026-09-11T00:20:00Z,2026-09-11T00:15:00Z,712.1777108130129,Down,"[""0"", ""1""]",0.76,135.37000500000002,,-0.5045,0.001,resolved,0x5500aa6ac802f96ee55b1ac33a411373b59308732c0b5e1237a52362a880d79c,https://data.chain.link/streams/bnb-usd-twap-60s-streams,711.9345478291282,2026-09-11 00:21:27+00
btc-updown-5m-1789085700,BTC,"Bitcoin Up or Down - September 10, 8:15PM-8:20PM ET",2026-09-11T00:20:00Z,2026-09-11T00:15:00Z,76792.06493548807,Down,"[""0"", ""1""]",0.01,38680.373161999996,5.94,-0.5045,0.001,resolved,0x25e6f06f4f474e27367ee22c829be44c0af03aa7984983963a13476431155fbd,https://data.chain.link/streams/btc-usd-twap-60s-streams,76771.29699755281,2026-09-11 00:21:27+00
doge-updown-5m-1789085700,DOGE,"Dogecoin Up or Down - September 10, 8:15PM-8:20PM ET",2026-09-11T00:20:00Z,2026-09-11T00:15:00Z,0.08344855892350453,Down,"[""0"", ""1""]",0.48,142.67891000000003,,-0.4995,0.001,resolved,0x9684aa57ed77392db927fe6d6938d36fefa4fdf73ddf78877dfeb9055af94735,https://data.chain.link/streams/doge-usd-twap-60s-streams,0.08335939942531169,2026-09-11 00:21:27+00
eth-updown-5m-1789085700,ETH,"Ethereum Up or Down - September 10, 8:15PM-8:20PM ET",2026-09-11T00:20:00Z,2026-09-11T00:15:00Z,2447.6241867851986,Up,"[""1"", ""0""]",0.99,4076.877255,,0.49,0.01,resolved,0x5f7c768334bf7a63d1e9f14ec325d7198fe3917b721e1ccac30b15470095f0cd,https://data.chain.link/streams/eth-usd-twap-60s-streams,2447.954510597788,2026-09-11 00:21:27+00
hype-updown-5m-1789085700,HYPE,"Hyperliquid Up or Down - September 10, 8:15PM-8:20PM ET",2026-09-11T00:20:00Z,2026-09-11T00:15:00Z,78.86124080267841,Down,"[""0"", ""1""]",0.5,37.940599999999996,,-0.5045,0.001,resolved,0xa4c2ee1ccf3fee978c58914c8b649525f2f52562afe3a3cbc8acb968b619238c,https://data.chain.link/streams/hype-usd-twap-60s-streams,78.69572130054266,2026-09-11 00:21:27+00
sol-updown-5m-1789085700,SOL,"Solana Up or Down - September 10, 8:15PM-8:20PM ET",2026-09-11T00:20:00Z,2026-09-11T00:15:00Z,99.11468998939249,Down,"[""0"", ""1""]",0.07,909.922463,,-0.5045,0.001,resolved,0x2ef678ffd2e1548f06a55fc43fb7f91776585e6c4c662bff5e21e60e9265522a,https://data.chain.link/streams/sol-usd-twap-60s-streams,98.87888934363168,2026-09-11 00:21:27+00
xrp-updown-5m-1789085700,XRP,"XRP Up or Down - September 10, 8:15PM-8:20PM ET",2026-09-11T00:20:00Z,2026-09-11T00:15:00Z,1.3426198474820525,Down,"[""0"", ""1""]",0.36,738.6607779999999,,-0.5045,0.001,resolved,0x89c401db2fe8215f3a51d234280a381b2f9d6ea79bce77ea921f9b93591d779e,https://data.chain.link/streams/xrp-usd-twap-60s-streams,1.3407141145550154,2026-09-11 00:21:27+00
zec-updown-5m-1789085700,ZEC,"ZCash Up or Down - September 10, 8:15PM-8:20PM ET",2026-09-11T00:20:00Z,2026-09-11T00:15:00Z,1085.9784754944358,Down,"[""0"", ""1""]",,,,-0.495,0.01,resolved,0xbd8492efef5d7043262a972d8698bbfe9464e8d4585c23178fbb7f3e5f3a3323,https://data.chain.link/streams/zec-usd-twap-60s-streams,1084.1008368536443,2026-09-11 00:21:27+00
bnb-updown-5m-1789086000,BNB,"BNB Up or Down - September 10, 8:20PM-8:25PM ET",2026-09-11T00:25:00Z,2026-09-11T00:20:00Z,711.9345478291282,Down,"[""0"", ""1""]",0.88,,,-0.5,0.01,resolved,0x6f8296c57c8dd5fdaac36b24a2aef0988be8c8d28c7647d8fb26b008d87e1230,https://data.chain.link/streams/bnb-usd-twap-60s-streams,711.9213653409497,2026-09-11 00:25:55+00
btc-updown-5m-1789086000,BTC,"Bitcoin Up or Down - September 10, 8:20PM-8:25PM ET",2026-09-11T00:25:00Z,2026-09-11T00:20:00Z,76771.29699755281,Up,"[""1"", ""0""]",0.999,30504.439253000004,,0.49,0.01,resolved,0x5e6c9099460d03c8ed22d007c965b802edf528fd54ff62615e0a5895f73f1ca4,https://data.chain.link/streams/btc-usd-twap-60s-streams,76829.66346793415,2026-09-11 00:25:55+00
doge-updown-5m-1789086000,DOGE,"Dogecoin Up or Down - September 10, 8:20PM-8:25PM ET",2026-09-11T00:25:00Z,2026-09-11T00:20:00Z,0.08335939942531169,Up,"[""1"", ""0""]",0.99,,,0.495,0.01,resolved,0x3863bf4e3a11d87833780d13fca334c73be7e2dcab3723dfa0fec216c9bde342,https://data.chain.link/streams/doge-usd-twap-60s-streams,0.08347061448182448,2026-09-11 00:25:54+00
eth-updown-5m-1789086000,ETH,"Ethereum Up or Down - September 10, 8:20PM-8:25PM ET",2026-09-11T00:25:00Z,2026-09-11T00:20:00Z,2447.954510597788,Up,"[""1"", ""0""]",0.99,3380.964233999999,,0.49,0.01,resolved,0xe6138d508d44bbe7a022bb51960b65d5f225b97eae6a727b0dfb4237b81be362,https://data.chain.link/streams/eth-usd-twap-60s-streams,2451.293572175577,2026-09-11 00:25:55+00
hype-updown-5m-1789086000,HYPE,"Hyperliquid Up or Down - September 10, 8:20PM-8:25PM ET",2026-09-11T00:25:00Z,2026-09-11T00:20:00Z,78.69572130054266,Up,"[""1"", ""0""]",0.99,,,0.49,0.01,resolved,0xee1563a73b234c5c98adc397a342640cf24ec2f9dfd922aaf9ccc428044b198d,https://data.chain.link/streams/hype-usd-twap-60s-streams,79.01878555938006,2026-09-11 00:25:55+00
sol-updown-5m-1789086000,SOL,"Solana Up or Down - September 10, 8:20PM-8:25PM ET",2026-09-11T00:25:00Z,2026-09-11T00:20:00Z,98.87888934363168,Up,"[""1"", ""0""]",0.99,976.7548150000001,,0.49,0.01,resolved,0x6d507f3d6daf5a45366d0f83a1a5a66fe24a1da60c0f707b7a40468fb41f1920,https://data.chain.link/streams/sol-usd-twap-60s-streams,99.03064134310618,2026-09-11 00:25:55+00
xrp-updown-5m-1789086000,XRP,"XRP Up or Down - September 10, 8:20PM-8:25PM ET",2026-09-11T00:25:00Z,2026-09-11T00:20:00Z,1.3407141145550154,Up,"[""1"", ""0""]",0.99,,,0.49,0.01,resolved,0x20eecc734723630cc8c8ef6e37dcde49211f9971fe50f0569bccdb63612b2936,https://data.chain.link/streams/xrp-usd-twap-60s-streams,1.3418859338082165,2026-09-11 00:25:55+00
zec-updown-5m-1789086000,ZEC,"ZCash Up or Down - September 10, 8:20PM-8:25PM ET",2026-09-11T00:25:00Z,2026-09-11T00:20:00Z,1084.1008368536443,Up,"[""1"", ""0""]",,,,0.005,0.99,resolved,0x8c1cb7f459daa463b9f1bf3af78bd629dc8e1e4771efa889758dedd9b88d5f72,https://data.chain.link/streams/zec-usd-twap-60s-streams,1087.9510064122294,2026-09-11 00:25:55+00
bnb-updown-5m-1789086300,BNB,"BNB Up or Down - September 10, 8:25PM-8:30PM ET",2026-09-11T00:30:00Z,2026-09-11T00:25:00Z,711.9213653409497,Down,"[""0"", ""1""]",0.11,,,-0.5,0.01,resolved,0x98ae9303ade588a6b2233031830de9b9e6ff0e57bd3fd1313adb31803eb1c14a,https://data.chain.link/streams/bnb-usd-twap-60s-streams,711.8022303028847,2026-09-11 00:30:54+00
btc-updown-5m-1789086300,BTC,"Bitcoin Up or Down - September 10, 8:25PM-8:30PM ET",2026-09-11T00:30:00Z,2026-09-11T00:25:00Z,76829.66346793415,Down,"[""0"", ""1""]",0.01,55739.190698000006,,-0.5045,0.001,resolved,0xd2db501b7a2321d69b4c43f90165f4acf2db71d5ad2d5b4cf94312821f9bf66a,https://data.chain.link/streams/btc-usd-twap-60s-streams,76810.26239451912,2026-09-11 00:30:54+00
doge-updown-5m-1789086300,DOGE,"Dogecoin Up or Down - September 10, 8:25PM-8:30PM ET",2026-09-11T00:30:00Z,2026-09-11T00:25:00Z,0.08347061448182448,Down,"[""0"", ""1""]",0.04,,,-0.4995,0.001,resolved,0x8bc62c34c58c2c3014649fbdb2974219d884463cdb556e7be45ab86d184caeb4,https://data.chain.link/streams/doge-usd-twap-60s-streams,0.0833988942735199,2026-09-11 00:30:54+00
eth-updown-5m-1789086300,ETH,"Ethereum Up or Down - September 10, 8:25PM-8:30PM ET",2026-09-11T00:30:00Z,2026-09-11T00:25:00Z,2451.293572175577,Down,"[""0"", ""1""]",0.16,2567.952615999998,,-0.5,0.01,resolved,0xfea8168c45ae92d55557439b499517cdf78446085d29aabba1a62adece313a6a,https://data.chain.link/streams/eth-usd-twap-60s-streams,2450.8672067775788,2026-09-11 00:30:54+00
hype-updown-5m-1789086300,HYPE,"Hyperliquid Up or Down - September 10, 8:25PM-8:30PM ET",2026-09-11T00:30:00Z,2026-09-11T00:25:00Z,79.01878555938006,Up,"[""1"", ""0""]",0.99,,,0.49,0.01,resolved,0x06d3d6e8c39b88dd4fe6d21b3bd2b8490bce863565f4b70be358de9534cc645c,https://data.chain.link/streams/hype-usd-twap-60s-streams,79.08707014954724,2026-09-11 00:31:01+00
sol-updown-5m-1789086300,SOL,"Solana Up or Down - September 10, 8:25PM-8:30PM ET",2026-09-11T00:30:00Z,2026-09-11T00:25:00Z,99.03064134310618,Down,"[""0"", ""1""]",0.01,,,-0.5045,0.001,resolved,0xf1b040002458f2f7d3ba8a7fff82397b50e5214a2e8685e7fb2b62777d7307c2,https://data.chain.link/streams/sol-usd-twap-60s-streams,98.8879664474479,2026-09-11 00:30:54+00
xrp-updown-5m-1789086300,XRP,"XRP Up or Down - September 10, 8:25PM-8:30PM ET",2026-09-11T00:30:00Z,2026-09-11T00:25:00Z,1.3418859338082165,Down,"[""0"", ""1""]",0.24,,,-0.5,0.01,resolved,0x0a0d02182dc0368f029cde18acd919242ea6af4852d534247638ba55e4dbd044,https://data.chain.link/streams/xrp-usd-twap-60s-streams,1.3413321216220024,2026-09-11 00:30:54+00
zec-updown-5m-1789086300,ZEC,"ZCash Up or Down - September 10, 8:25PM-8:30PM ET",2026-09-11T00:30:00Z,2026-09-11T00:25:00Z,1087.9510064122294,Up,"[""1"", ""0""]",,,,0.495,0.01,resolved,0x2ecea150b54e4a13f690e826a716c108b31f71aef82c6a56bde6f525b8de7570,https://data.chain.link/streams/zec-usd-twap-60s-streams,1088.438841998998,2026-09-11 00:30:54+00
bnb-updown-5m-1789086600,BNB,"BNB Up or Down - September 10, 8:30PM-8:35PM ET",2026-09-11T00:35:00Z,2026-09-11T00:30:00Z,711.8022303028847,Down,"[""0"", ""1""]",0.01,,,-0.5045,0.001,resolved,0xc17fb0dd0a0eeb67b2b635e0beae13b89b4c9645ff7bad8fff3a6cd2da89722b,https://data.chain.link/streams/bnb-usd-twap-60s-streams,710.9214252813038,2026-09-11 00:35:55+00
btc-updown-5m-1789086600,BTC,"Bitcoin Up or Down - September 10, 8:30PM-8:35PM ET",2026-09-11T00:35:00Z,2026-09-11T00:30:00Z,76810.26239451912,Down,"[""0"", ""1""]",0.001,,,-0.5045,0.001,resolved,0x0ea150d2830f4239e9e9704c28520e8db47cb688f878deae9f9dd7a4af1df513,https://data.chain.link/streams/btc-usd-twap-60s-streams,76714.71163820622,2026-09-11 00:35:55+00
doge-updown-5m-1789086600,DOGE,"Dogecoin Up or Down - September 10, 8:30PM-8:35PM ET",2026-09-11T00:35:00Z,2026-09-11T00:30:00Z,0.0833988942735199,Down,"[""0"", ""1""]",0.25,,,-0.4995,0.001,resolved,0xc7e11e4bfcea3a0bf8f592d0c617087a7c4c7e52d5f4c19789b4b0453c0815e1,https://data.chain.link/streams/doge-usd-twap-60s-streams,0.08314956693358531,2026-09-11 00:35:55+00
eth-updown-5m-1789086600,ETH,"Ethereum Up or Down - September 10, 8:30PM-8:35PM ET",2026-09-11T00:35:00Z,2026-09-11T00:30:00Z,2450.8672067775788,Down,"[""0"", ""1""]",0.01,,,-0.5045,0.001,resolved,0x8f770d9b2399a6053bd300ae6175402e2f4e833337c52ac5801f88ccc13b5188,https://data.chain.link/streams/eth-usd-twap-60s-streams,2447.0380388028184,2026-09-11 00:35:55+00
hype-updown-5m-1789086600,HYPE,"Hyperliquid Up or Down - September 10, 8:30PM-8:35PM ET",2026-09-11T00:35:00Z,2026-09-11T00:30:00Z,79.08707014954724,Down,"[""0"", ""1""]",0.11,,,-0.5,0.01,resolved,0xa8aaaee071288aefaf0bcbfc517a9acfae7db2a6fd4ca7cec2a6b81749fa09ea,https://data.chain.link/streams/hype-usd-twap-60s-streams,78.97984372337868,2026-09-11 00:35:54+00
sol-updown-5m-1789086600,SOL,"Solana Up or Down - September 10, 8:30PM-8:35PM ET",2026-09-11T00:35:00Z,2026-09-11T00:30:00Z,98.8879664474479,Down,"[""0"", ""1""]",0.04,,,-0.5045,0.001,resolved,0xd70b4ce5b1773a3aa5645e40fdf420413899d7e8d40de3eaae0d9d6b2302e85c,https://data.chain.link/streams/sol-usd-twap-60s-streams,98.63408660322025,2026-09-11 00:35:55+00
xrp-updown-5m-1789086600,XRP,"XRP Up or Down - September 10, 8:30PM-8:35PM ET",2026-09-11T00:35:00Z,2026-09-11T00:30:00Z,1.3413321216220024,Down,"[""0"", ""1""]",0.01,,,-0.5045,0.001,resolved,0x8db061820744175eb1e2e84def98f4b025955ca2f456ba3a540a20c598467c93,https://data.chain.link/streams/xrp-usd-twap-60s-streams,1.337781629697817,2026-09-11 00:35:55+00
zec-updown-5m-1789086600,ZEC,"ZCash Up or Down - September 10, 8:30PM-8:35PM ET",2026-09-11T00:35:00Z,2026-09-11T00:30:00Z,1088.438841998998,Down,"[""0"", ""1""]",,,,-0.495,0.01,resolved,0x41bf988bf9dbf2d987bf1e1e59c3bf4ededf03f1608d9e43e12ec6337569fe9e,https://data.chain.link/streams/zec-usd-twap-60s-streams,1084.9683746627384,2026-09-11 00:35:55+00
bnb-updown-5m-1789086900,BNB,"BNB Up or Down - September 10, 8:35PM-8:40PM ET",2026-09-11T00:40:00Z,2026-09-11T00:35:00Z,710.9214252813038,Up,"[""1"", ""0""]",0.99,180.02355900000003,,0.4945,0.001,resolved,0x2b7072c31c1908967d5981f47ac91d6e2ec8d1be436e0f17658a35f0741e36a9,https://data.chain.link/streams/bnb-usd-twap-60s-streams,711.75788949484,2026-09-11 00:41:27+00
btc-updown-5m-1789086900,BTC,"Bitcoin Up or Down - September 10, 8:35PM-8:40PM ET",2026-09-11T00:40:00Z,2026-09-11T00:35:00Z,76714.71163820622,Up,"[""1"", ""0""]",0.999,31615.57004399999,,0.4945,0.001,resolved,0xeee72bbe62399abe766f1bd857c5af075fd12d655f57feac840d8fa6421ace34,https://data.chain.link/streams/btc-usd-twap-60s-streams,76781.278046818,2026-09-11 00:41:27+00
doge-updown-5m-1789086900,DOGE,"Dogecoin Up or Down - September 10, 8:35PM-8:40PM ET",2026-09-11T00:40:00Z,2026-09-11T00:35:00Z,0.08314956693358531,Up,"[""1"", ""0""]",0.99,364.402622,,0.4995,0.001,resolved,0x2ce1e8028cc047b0daf3285930212b3e77246ccc915cb10581452d6ef795c265,https://data.chain.link/streams/doge-usd-twap-60s-streams,0.08326900443510905,2026-09-11 00:41:27+00
eth-updown-5m-1789086900,ETH,"Ethereum Up or Down - September 10, 8:35PM-8:40PM ET",2026-09-11T00:40:00Z,2026-09-11T00:35:00Z,2447.0380388028184,Up,"[""1"", ""0""]",0.99,2590.942883999999,,0.4945,0.001,resolved,0x4aa57bea8f53dcb9069d93e4c93765da103cdd4586e20d1d529f836322face81,https://data.chain.link/streams/eth-usd-twap-60s-streams,2450.6392697200176,2026-09-11 00:41:27+00
hype-updown-5m-1789086900,HYPE,"Hyperliquid Up or Down - September 10, 8:35PM-8:40PM ET",2026-09-11T00:40:00Z,2026-09-11T00:35:00Z,78.97984372337868,Up,"[""1"", ""0""]",0.98,104.981485,,0.4945,0.001,resolved,0xc60da50227aa1450be76dc67c345fd54c1553eb517f732f11c1f00876c6b7029,https://data.chain.link/streams/hype-usd-twap-60s-streams,79.13326051702374,2026-09-11 00:41:28+00
sol-updown-5m-1789086900,SOL,"Solana Up or Down - September 10, 8:35PM-8:40PM ET",2026-09-11T00:40:00Z,2026-09-11T00:35:00Z,98.63408660322025,Up,"[""1"", ""0""]",0.999,914.8120679999998,,0.4945,0.001,resolved,0x877ba7e87e040b8764c4fe2f50cce25fabb36d0f3d2556c2db74827447ef1538,https://data.chain.link/streams/sol-usd-twap-60s-streams,98.8083570632084,2026-09-11 00:41:27+00
xrp-updown-5m-1789086900,XRP,"XRP Up or Down - September 10, 8:35PM-8:40PM ET",2026-09-11T00:40:00Z,2026-09-11T00:35:00Z,1.337781629697817,Up,"[""1"", ""0""]",0.99,1094.6809899999998,,0.49,0.01,resolved,0x4cd26a973b65dce40a50802f6769e4e6fe3f7e817a5be3f3e7ad2e20b811201e,https://data.chain.link/streams/xrp-usd-twap-60s-streams,1.3390756367115224,2026-09-11 00:41:27+00
zec-updown-5m-1789086900,ZEC,"ZCash Up or Down - September 10, 8:35PM-8:40PM ET",2026-09-11T00:40:00Z,2026-09-11T00:35:00Z,1084.9683746627384,Up,"[""1"", ""0""]",,,,0.495,0.01,resolved,0x0b1f964ab4362009db616880795dbbf611df69a9699edd7dc28d22cb7212e65d,https://data.chain.link/streams/zec-usd-twap-60s-streams,1089.1645278313429,2026-09-11 00:41:28+00
bnb-updown-5m-1789087200,BNB,"BNB Up or Down - September 10, 8:40PM-8:45PM ET",2026-09-11T00:45:00Z,2026-09-11T00:40:00Z,711.75788949484,Down,"[""0"", ""1""]",0.5,,,-0.5,0.01,resolved,0xaed8589539d6f4d84504fc40c9d3debdce152c9042dee58e8b3a7c1c24e80522,https://data.chain.link/streams/bnb-usd-twap-60s-streams,711.7311871227365,2026-09-11 00:45:54+00
btc-updown-5m-1789087200,BTC,"Bitcoin Up or Down - September 10, 8:40PM-8:45PM ET",2026-09-11T00:45:00Z,2026-09-11T00:40:00Z,76781.278046818,Down,"[""0"", ""1""]",0.02,29032.11414300001,,-0.5,0.01,resolved,0x82faad129cdfa2a7d2de24504cdf57af099605f168e155c53ba63fb21b84b3af,https://data.chain.link/streams/btc-usd-twap-60s-streams,76744.82853162594,2026-09-11 00:45:54+00
doge-updown-5m-1789087200,DOGE,"Dogecoin Up or Down - September 10, 8:40PM-8:45PM ET",2026-09-11T00:45:00Z,2026-09-11T00:40:00Z,0.08326900443510905,Down,"[""0"", ""1""]",0.05,,,-0.495,0.01,resolved,0x61aeb092f2262c06d6189039586c0e364f17ca4a768e8e665dea8c89ea976d84,https://data.chain.link/streams/doge-usd-twap-60s-streams,0.0831773960705852,2026-09-11 00:45:54+00
eth-updown-5m-1789087200,ETH,"Ethereum Up or Down - September 10, 8:40PM-8:45PM ET",2026-09-11T00:45:00Z,2026-09-11T00:40:00Z,2450.6392697200176,Up,"[""1"", ""0""]",0.99,2748.8995790000017,,0.49,0.01,resolved,0xb00ae86fd09b59dc9d7c065d70011ecc1a1f5c122a5f09d7832fab122b102deb,https://data.chain.link/streams/eth-usd-twap-60s-streams,2451.057294720441,2026-09-11 00:45:54+00
hype-updown-5m-1789087200,HYPE,"Hyperliquid Up or Down - September 10, 8:40PM-8:45PM ET",2026-09-11T00:45:00Z,2026-09-11T00:40:00Z,79.13326051702374,Down,"[""0"", ""1""]",,,,-0.5,0.01,resolved,0xfcc80a033b5c3bd1b60dd762389eb1ef23eefc77ae4445554560694a88e251bd,https://data.chain.link/streams/hype-usd-twap-60s-streams,79.0231274820666,2026-09-11 00:45:54+00
sol-updown-5m-1789087200,SOL,"Solana Up or Down - September 10, 8:40PM-8:45PM ET",2026-09-11T00:45:00Z,2026-09-11T00:40:00Z,98.8083570632084,Down,"[""0"", ""1""]",0.01,,,-0.5,0.01,resolved,0xe80d65bb57f35ab052cad9d7b803ead4a8053aa6d704112938f5232ba35ab9e5,https://data.chain.link/streams/sol-usd-twap-60s-streams,98.71680969260898,2026-09-11 00:45:54+00
xrp-updown-5m-1789087200,XRP,"XRP Up or Down - September 10, 8:40PM-8:45PM ET",2026-09-11T00:45:00Z,2026-09-11T00:40:00Z,1.3390756367115224,Down,"[""0"", ""1""]",0.01,,,-0.5045,0.001,resolved,0x8803e566d33314b7cb73bfd1f91f2e4fcaf76910b842759b51fab6b392d737ee,https://data.chain.link/streams/xrp-usd-twap-60s-streams,1.336137231993948,2026-09-11 00:45:54+00
zec-updown-5m-1789087200,ZEC,"ZCash Up or Down - September 10, 8:40PM-8:45PM ET",2026-09-11T00:45:00Z,2026-09-11T00:40:00Z,1089.1645278313429,Down,"[""0"", ""1""]",,,,-0.495,0.01,resolved,0xb986c127f1fab60611b0859a413143013eca09bc74ee129b856785c2b994253a,https://data.chain.link/streams/zec-usd-twap-60s-streams,1087.8385743492674,2026-09-11 00:45:54+00
bnb-updown-5m-1789087500,BNB,"BNB Up or Down - September 10, 8:45PM-8:50PM ET",2026-09-11T00:50:00Z,2026-09-11T00:45:00Z,711.7311871227365,Up,"[""1"", ""0""]",0.99,84.65301,,0.49,0.01,resolved,0x9445123ce8f3a1597225e208bcd829f5ca5e2e3934fd5f16acc6c5812a787a92,https://data.chain.link/streams/bnb-usd-twap-60s-streams,711.9591376884425,2026-09-11 00:50:54+00
btc-updown-5m-1789087500,BTC,"Bitcoin Up or Down - September 10, 8:45PM-8:50PM ET",2026-09-11T00:50:00Z,2026-09-11T00:45:00Z,76744.82853162594,Up,"[""1"", ""0""]",0.99,59242.976429999995,,0.49,0.01,resolved,0x5433aa3243404039d2fec12201d0ce53e0ab2201e42a79b06d2e4a5d3ae63dff,https://data.chain.link/streams/btc-usd-twap-60s-streams,76754.6849409483,2026-09-11 00:50:54+00
doge-updown-5m-1789087500,DOGE,"Dogecoin Up or Down - September 10, 8:45PM-8:50PM ET",2026-09-11T00:50:00Z,2026-09-11T00:45:00Z,0.0831773960705852,Down,"[""0"", ""1""]",0.55,180.51716299999998,,-0.495,0.01,resolved,0x8d00374002d53eba6d2db938a602e7a05f0c3b77ffa770f1eb7078321506f46b,https://data.chain.link/streams/doge-usd-twap-60s-streams,0.08314257334720972,2026-09-11 00:50:54+00
eth-updown-5m-1789087500,ETH,"Ethereum Up or Down - September 10, 8:45PM-8:50PM ET",2026-09-11T00:50:00Z,2026-09-11T00:45:00Z,2451.057294720441,Up,"[""1"", ""0""]",0.99,5010.159706000002,,0.49,0.01,resolved,0xfc98cd7a8a1bacbf3b6a63e71cf173803a9e9fca1e770cc46c8f7dd9cc442b9f,https://data.chain.link/streams/eth-usd-twap-60s-streams,2451.0639779960698,2026-09-11 00:50:54+00
hype-updown-5m-1789087500,HYPE,"Hyperliquid Up or Down - September 10, 8:45PM-8:50PM ET",2026-09-11T00:50:00Z,2026-09-11T00:45:00Z,79.0231274820666,Down,"[""0"", ""1""]",0.11,70.52925300000001,,-0.5045,0.001,resolved,0x7467bca8205b43969c3ce3b5b19cb415490d85ad27b781e311294e834a4d84d0,https://data.chain.link/streams/hype-usd-twap-60s-streams,78.86067581404554,2026-09-11 00:50:55+00
sol-updown-5m-1789087500,SOL,"Solana Up or Down - September 10, 8:45PM-8:50PM ET",2026-09-11T00:50:00Z,2026-09-11T00:45:00Z,98.71680969260898,Up,"[""1"", ""0""]",0.99,2302.288401999999,,0.49,0.01,resolved,0xc1f40708fd7db3731b3640cbde90a08768186955f77bad8e63f1e255e67e510f,https://data.chain.link/streams/sol-usd-twap-60s-streams,98.72415820770438,2026-09-11 00:50:54+00
xrp-updown-5m-1789087500,XRP,"XRP Up or Down - September 10, 8:45PM-8:50PM ET",2026-09-11T00:50:00Z,2026-09-11T00:45:00Z,1.336137231993948,Down,"[""0"", ""1""]",0.06,524.9858,,-0.495,0.01,resolved,0x858725da7eb5577f654d2fc1e168f2908b1c8550855f24f8cf22a34b177d37cd,https://data.chain.link/streams/xrp-usd-twap-60s-streams,1.3357851609028577,2026-09-11 00:50:55+00
zec-updown-5m-1789087500,ZEC,"ZCash Up or Down - September 10, 8:45PM-8:50PM ET",2026-09-11T00:50:00Z,2026-09-11T00:45:00Z,1087.8385743492674,Down,"[""0"", ""1""]",,,,-0.495,0.01,resolved,0x8f1b2189aa3ce848012bb4babd418e03ff646605694fdd9f4b76ffd564652170,https://data.chain.link/streams/zec-usd-twap-60s-streams,1084.0056839318488,2026-09-11 00:50:54+00
bnb-updown-5m-1789087800,BNB,"BNB Up or Down - September 10, 8:50PM-8:55PM ET",2026-09-11T00:55:00Z,2026-09-11T00:50:00Z,711.9591376884425,Up,"[""1"", ""0""]",0.99,,,0.49,0.01,resolved,0x0314b646fd03b59cca5d84a8039c51c9a0c45b554a427261788b5d3f7e3bd7af,https://data.chain.link/streams/bnb-usd-twap-60s-streams,712.4579578809477,2026-09-11 00:55:54+00
btc-updown-5m-1789087800,BTC,"Bitcoin Up or Down - September 10, 8:50PM-8:55PM ET",2026-09-11T00:55:00Z,2026-09-11T00:50:00Z,76754.6849409483,Up,"[""1"", ""0""]",0.999,29296.823255000007,,0.49,0.01,resolved,0x6ce2e1f7f5c41158c56bb2bfd6d49b4b7368ed41e352419bcf00323703172a2f,https://data.chain.link/streams/btc-usd-twap-60s-streams,76850.49949050305,2026-09-11 00:55:55+00
doge-updown-5m-1789087800,DOGE,"Dogecoin Up or Down - September 10, 8:50PM-8:55PM ET",2026-09-11T00:55:00Z,2026-09-11T00:50:00Z,0.08314257334720972,Up,"[""1"", ""0""]",0.99,223.04449999999997,,0.495,0.01,resolved,0xf4033126ef03432da9d176484d2e928b5d15fa6f6ff4319fbdd84b78df9acceb,https://data.chain.link/streams/doge-usd-twap-60s-streams,0.0833285576448426,2026-09-11 00:55:54+00
eth-updown-5m-1789087800,ETH,"Ethereum Up or Down - September 10, 8:50PM-8:55PM ET",2026-09-11T00:55:00Z,2026-09-11T00:50:00Z,2451.0639779960698,Up,"[""1"", ""0""]",0.99,1969.3474919999996,,0.49,0.01,resolved,0xf1b6e1601bfe81f9ce44083e8135e8f73b1cd284843abfdabe2f4c4dcd04c85c,https://data.chain.link/streams/eth-usd-twap-60s-streams,2455.6234853371584,2026-09-11 00:55:54+00
hype-updown-5m-1789087800,HYPE,"Hyperliquid Up or Down - September 10, 8:50PM-8:55PM ET",2026-09-11T00:55:00Z,2026-09-11T00:50:00Z,78.86067581404554,Up,"[""1"", ""0""]",0.98,,,0.49,0.01,resolved,0xba86fa7385cd90b13052b238195965a460229d5944a19f46e99a3fccb9af6552,https://data.chain.link/streams/hype-usd-twap-60s-streams,79.04584129831863,2026-09-11 00:55:54+00
sol-updown-5m-1789087800,SOL,"Solana Up or Down - September 10, 8:50PM-8:55PM ET",2026-09-11T00:55:00Z,2026-09-11T00:50:00Z,98.72415820770438,Up,"[""1"", ""0""]",0.99,1030.1331999999998,,0.49,0.01,resolved,0x4260c355065c006b0b763b0431a096f085799d636c58b1348df24fe030e4b977,https://data.chain.link/streams/sol-usd-twap-60s-streams,98.95592086825756,2026-09-11 00:55:54+00
xrp-updown-5m-1789087800,XRP,"XRP Up or Down - September 10, 8:50PM-8:55PM ET",2026-09-11T00:55:00Z,2026-09-11T00:50:00Z,1.3357851609028577,Up,"[""1"", ""0""]",0.99,,,0.4945,0.001,resolved,0x5c49aa09cf34e82f69d842923325437ce3d914f28061794c9a590350d6461200,https://data.chain.link/streams/xrp-usd-twap-60s-streams,1.3393120702702428,2026-09-11 00:55:54+00
zec-updown-5m-1789087800,ZEC,"ZCash Up or Down - September 10, 8:50PM-8:55PM ET",2026-09-11T00:55:00Z,2026-09-11T00:50:00Z,1084.0056839318488,Up,"[""1"", ""0""]",,,,0.005,0.99,resolved,0xc8baf11a30f9d1e79fd04b5fdf690f69b6a3ab23006961ef9c67b7ba6200d755,https://data.chain.link/streams/zec-usd-twap-60s-streams,1085.0343069271341,2026-09-11 00:55:54+00
bnb-updown-5m-1789088100,BNB,"BNB Up or Down - September 10, 8:55PM-9:00PM ET",2026-09-11T01:00:00Z,2026-09-11T00:55:00Z,712.4579578809477,Up,"[""1"", ""0""]",0.99,,,0.4945,0.001,resolved,0x240b54b0d2601ce47f9f048b350fa9f2b3ffce16a62bcc66cf22aaebba7c66c1,https://data.chain.link/streams/bnb-usd-twap-60s-streams,713.1559342440066,2026-09-11 01:01:27+00
btc-updown-5m-1789088100,BTC,"Bitcoin Up or Down - September 10, 8:55PM-9:00PM ET",2026-09-11T01:00:00Z,2026-09-11T00:55:00Z,76850.49949050305,Up,"[""1"", ""0""]",0.99,35014.56554899998,,0.49,0.01,resolved,0x0fb880e64b6e2f6eb30a444aabd2cc244c7e3e9c8f73bc5e95e13ba8277e7fb2,https://data.chain.link/streams/btc-usd-twap-60s-streams,76875.97806067424,2026-09-11 01:01:27+00
doge-updown-5m-1789088100,DOGE,"Dogecoin Up or Down - September 10, 8:55PM-9:00PM ET",2026-09-11T01:00:00Z,2026-09-11T00:55:00Z,0.0833285576448426,Up,"[""1"", ""0""]",0.99,,,0.495,0.01,resolved,0xec7d87f1eadc1c4b36c17dc94c1bbb1d9fdc545093026606b4ea3753d6661d43,https://data.chain.link/streams/doge-usd-twap-60s-streams,0.08340737126498754,2026-09-11 01:01:28+00
eth-updown-5m-1789088100,ETH,"Ethereum Up or Down - September 10, 8:55PM-9:00PM ET",2026-09-11T01:00:00Z,2026-09-11T00:55:00Z,2455.6234853371584,Up,"[""1"", ""0""]",0.99,,,0.49,0.01,resolved,0x88279c55197ae925d5161349bdffb72a98f1da5c0284753f1f47684159ccfcdd,https://data.chain.link/streams/eth-usd-twap-60s-streams,2455.6611906305593,2026-09-11 01:01:27+00
hype-updown-5m-1789088100,HYPE,"Hyperliquid Up or Down - September 10, 8:55PM-9:00PM ET",2026-09-11T01:00:00Z,2026-09-11T00:55:00Z,79.04584129831863,Up,"[""1"", ""0""]",0.99,,,0.49,0.01,resolved,0xdd045a0efee094cfe1ca88d3a9447b431204567b7798781984cde4326f14f0d2,https://data.chain.link/streams/hype-usd-twap-60s-streams,79.16206909217907,2026-09-11 01:01:27+00
sol-updown-5m-1789088100,SOL,"Solana Up or Down - September 10, 8:55PM-9:00PM ET",2026-09-11T01:00:00Z,2026-09-11T00:55:00Z,98.95592086825756,Up,"[""1"", ""0""]",0.99,,,0.4945,0.001,resolved,0x6757fd6fb337b7b0b8ab52456528571468da656a695b358e1c4487edf27173c5,https://data.chain.link/streams/sol-usd-twap-60s-streams,99.12937144992378,2026-09-11 01:01:27+00
xrp-updown-5m-1789088100,XRP,"XRP Up or Down - September 10, 8:55PM-9:00PM ET",2026-09-11T01:00:00Z,2026-09-11T00:55:00Z,1.3393120702702428,Up,"[""1"", ""0""]",0.99,,,0.49,0.01,resolved,0xcf6f2f2d2158fe8b2769d1f31351ac40dcd52216e12f35d6f5efee4a12ca36e5,https://data.chain.link/streams/xrp-usd-twap-60s-streams,1.3410971464954238,2026-09-11 01:01:27+00
zec-updown-5m-1789088100,ZEC,"ZCash Up or Down - September 10, 8:55PM-9:00PM ET",2026-09-11T01:00:00Z,2026-09-11T00:55:00Z,1085.0343069271341,Down,"[""0"", ""1""]",,,,-0.495,0.01,resolved,0xfd5a088170c5870318bcd32b822eb285ea85fe045a1a4a40c6a98ecfc6079876,https://data.chain.link/streams/zec-usd-twap-60s-streams,1084.0324603019008,2026-09-11 01:01:27+00
bnb-updown-5m-1789088400,BNB,"BNB Up or Down - September 10, 9:00PM-9:05PM ET",2026-09-11T01:05:00Z,2026-09-11T01:00:00Z,713.1559342440066,Up,"[""1"", ""0""]",0.99,95.1014,,0.4945,0.001,resolved,0xb7104e0280862d22442f29cd1b43a1ddbf011ca42870afc597804cc43b8eb8ed,https://data.chain.link/streams/bnb-usd-twap-60s-streams,714.4695978127806,2026-09-11 01:06:27+00
btc-updown-5m-1789088400,BTC,"Bitcoin Up or Down - September 10, 9:00PM-9:05PM ET",2026-09-11T01:05:00Z,2026-09-11T01:00:00Z,76875.97806067424,Up,"[""1"", ""0""]",0.999,30963.901360999997,,0.4945,0.001,resolved,0xa2fe82946f808f82fd692c0d207a9f14104e522b64d40563b51be950e2727d5b,https://data.chain.link/streams/btc-usd-twap-60s-streams,76962.22349411841,2026-09-11 01:06:27+00
doge-updown-5m-1789088400,DOGE,"Dogecoin Up or Down - September 10, 9:00PM-9:05PM ET",2026-09-11T01:05:00Z,2026-09-11T01:00:00Z,0.08340737126498754,Up,"[""1"", ""0""]",0.99,148.97525000000002,,0.4995,0.001,resolved,0x8c396d12ce96e4ef2e39b5167f4a2db0c9c0eb1f70ae8f3982fd595134baba80,https://data.chain.link/streams/doge-usd-twap-60s-streams,0.08359468734304815,2026-09-11 01:06:27+00
eth-updown-5m-1789088400,ETH,"Ethereum Up or Down - September 10, 9:00PM-9:05PM ET",2026-09-11T01:05:00Z,2026-09-11T01:00:00Z,2455.6611906305593,Up,"[""1"", ""0""]",0.99,1744.7291529999995,,0.4995,0.001,resolved,0x04c61ff9abb96465db5d7e52677f48f5d9dfd517a0dc848ef70dce7b4e0bbaa9,https://data.chain.link/streams/eth-usd-twap-60s-streams,2458.529824095958,2026-09-11 01:06:27+00
hype-updown-5m-1789088400,HYPE,"Hyperliquid Up or Down - September 10, 9:00PM-9:05PM ET",2026-09-11T01:05:00Z,2026-09-11T01:00:00Z,79.16206909217907,Up,"[""1"", ""0""]",0.999,50.1144,,0.4945,0.001,resolved,0xcdf60a87489544a4db77cb101494ada83c143fdb270df2230dadb748669d3af4,https://data.chain.link/streams/hype-usd-twap-60s-streams,79.38690342782544,2026-09-11 01:06:27+00
sol-updown-5m-1789088400,SOL,"Solana Up or Down - September 10, 9:00PM-9:05PM ET",2026-09-11T01:05:00Z,2026-09-11T01:00:00Z,99.12937144992378,Up,"[""1"", ""0""]",0.99,867.4694080000002,,0.4945,0.001,resolved,0x4b78e6d1a670ca2dd6d787e9535bb22d535db6391353000e2d2383ccdd60d8a7,https://data.chain.link/streams/sol-usd-twap-60s-streams,99.41442442616574,2026-09-11 01:06:27+00
xrp-updown-5m-1789088400,XRP,"XRP Up or Down - September 10, 9:00PM-9:05PM ET",2026-09-11T01:05:00Z,2026-09-11T01:00:00Z,1.3410971464954238,Up,"[""1"", ""0""]",0.99,753.1111320000001,,0.4945,0.001,resolved,0x3a23c2bfd01e84f2510ce57f32a01a75c35d841c8702bb2c4c2ea68d87e0fd51,https://data.chain.link/streams/xrp-usd-twap-60s-streams,1.3433340614969265,2026-09-11 01:06:27+00
zec-updown-5m-1789088400,ZEC,"ZCash Up or Down - September 10, 9:00PM-9:05PM ET",2026-09-11T01:05:00Z,2026-09-11T01:00:00Z,1084.0324603019008,Up,"[""1"", ""0""]",,,,0.495,0.01,resolved,0xd60b201cb36d91733ccccba647ce2478c512db01073daa3f1d8f6e3e4f18283c,https://data.chain.link/streams/zec-usd-twap-60s-streams,1097.1351407458253,2026-09-11 01:06:27+00
bnb-updown-5m-1789088700,BNB,"BNB Up or Down - September 10, 9:05PM-9:10PM ET",2026-09-11T01:10:00Z,2026-09-11T01:05:00Z,714.4695978127806,Down,"[""0"", ""1""]",0.32,187.76009799999994,,-0.5045,0.001,resolved,0x6a51d98b2157a4e3021ba03057089b5a83c61b784128aace965f5111b2437c80,https://data.chain.link/streams/bnb-usd-twap-60s-streams,714.1589220467259,2026-09-11 01:11:27+00
btc-updown-5m-1789088700,BTC,"Bitcoin Up or Down - September 10, 9:05PM-9:10PM ET",2026-09-11T01:10:00Z,2026-09-11T01:05:00Z,76962.22349411841,Down,"[""0"", ""1""]",0.01,31921.829054000005,,-0.5045,0.001,resolved,0x35a770d0c1b7c2e9b59fa0594ab3d17bec2fbea0b5b5c6fe6e5d1b5f631b1ce2,https://data.chain.link/streams/btc-usd-twap-60s-streams,76934.31641034728,2026-09-11 01:11:27+00
doge-updown-5m-1789088700,DOGE,"Dogecoin Up or Down - September 10, 9:05PM-9:10PM ET",2026-09-11T01:10:00Z,2026-09-11T01:05:00Z,0.08359468734304815,Down,"[""0"", ""1""]",0.58,131.889659,,-0.4995,0.001,resolved,0x9efc0b62ba0465b076515929e3c3ed23fe0e351dac84ad9ef8653438c1c96354,https://data.chain.link/streams/doge-usd-twap-60s-streams,0.08354989351415945,2026-09-11 01:11:27+00
eth-updown-5m-1789088700,ETH,"Ethereum Up or Down - September 10, 9:05PM-9:10PM ET",2026-09-11T01:10:00Z,2026-09-11T01:05:00Z,2458.529824095958,Down,"[""0"", ""1""]",0.01,3558.212733,,-0.5045,0.001,resolved,0x355ffe274811922664d733d4e1a7a49710ed3def5ba9784c236226a58c70f6b9,https://data.chain.link/streams/eth-usd-twap-60s-streams,2457.4083663901424,2026-09-11 01:10:55+00
hype-updown-5m-1789088700,HYPE,"Hyperliquid Up or Down - September 10, 9:05PM-9:10PM ET",2026-09-11T01:10:00Z,2026-09-11T01:05:00Z,79.38690342782544,Up,"[""1"", ""0""]",0.98,,,0.495,0.01,resolved,0xc4f509d5a7a826927f3bc33039980ff3a8752dd69278f467110d4a20d4515d14,https://data.chain.link/streams/hype-usd-twap-60s-streams,79.40162977089412,2026-09-11 01:10:55+00
sol-updown-5m-1789088700,SOL,"Solana Up or Down - September 10, 9:05PM-9:10PM ET",2026-09-11T01:10:00Z,2026-09-11T01:05:00Z,99.41442442616574,Down,"[""0"", ""1""]",0.01,2825.9516289999997,,-0.5,0.01,resolved,0x0b911d009e67cf500c7a99ccaf6d40a8d6f5d5fb8521d904d84aa64e067810bc,https://data.chain.link/streams/sol-usd-twap-60s-streams,99.3866651213167,2026-09-11 01:10:55+00
xrp-updown-5m-1789088700,XRP,"XRP Up or Down - September 10, 9:05PM-9:10PM ET",2026-09-11T01:10:00Z,2026-09-11T01:05:00Z,1.3433340614969265,Down,"[""0"", ""1""]",0.25,760.7209789999999,,-0.5045,0.001,resolved,0xb110ae037f68bdfcb1e638bab2aebf1740d1cea2ccc11a90b647536fcbb7488b,https://data.chain.link/streams/xrp-usd-twap-60s-streams,1.3422623808822085,2026-09-11 01:10:55+00
zec-updown-5m-1789088700,ZEC,"ZCash Up or Down - September 10, 9:05PM-9:10PM ET",2026-09-11T01:10:00Z,2026-09-11T01:05:00Z,1097.1351407458253,Down,"[""0"", ""1""]",,,,-0.495,0.01,resolved,0xcf6c9e4f1684ecad4f920a29970b16f38eea262e50704f47e7c539c80871a498,https://data.chain.link/streams/zec-usd-twap-60s-streams,1094.1542694316854,2026-09-11 01:10:55+00
bnb-updown-5m-1789089000,BNB,"BNB Up or Down - September 10, 9:10PM-9:15PM ET",2026-09-11T01:15:00Z,2026-09-11T01:10:00Z,714.1589220467259,Down,"[""0"", ""1""]",0.32,,,-0.5045,0.001,resolved,0x2eb222b6662c4cc793950f1e9bf02d6cc24543f5e20eb8ef5c69cac254568e4a,https://data.chain.link/streams/bnb-usd-twap-60s-streams,713.7890202452206,2026-09-11 01:16:27+00
btc-updown-5m-1789089000,BTC,"Bitcoin Up or Down - September 10, 9:10PM-9:15PM ET",2026-09-11T01:15:00Z,2026-09-11T01:10:00Z,76934.31641034728,Down,"[""0"", ""1""]",0.01,41288.16166200002,,-0.5,0.01,resolved,0x3f168e2384f03a18f377f9f3e2710cadc74fcd5d8468f972487b0cd40dd7ec70,https://data.chain.link/streams/btc-usd-twap-60s-streams,76900.25065337685,2026-09-11 01:15:55+00
doge-updown-5m-1789089000,DOGE,"Dogecoin Up or Down - September 10, 9:10PM-9:15PM ET",2026-09-11T01:15:00Z,2026-09-11T01:10:00Z,0.08354989351415945,Down,"[""0"", ""1""]",0.06,,,-0.495,0.01,resolved,0xcf529948d9eb70e771cfc672e53d0afc11f77b355ef6cb920683533e3a2c8295,https://data.chain.link/streams/doge-usd-twap-60s-streams,0.08351943637301647,2026-09-11 01:15:55+00
eth-updown-5m-1789089000,ETH,"Ethereum Up or Down - September 10, 9:10PM-9:15PM ET",2026-09-11T01:15:00Z,2026-09-11T01:10:00Z,2457.4083663901424,Down,"[""0"", ""1""]",0.05,,,-0.4945,0.001,resolved,0xdae4028644b761b821ebb50b0636234b44ded020d6bcd7076135fa26e111fe07,https://data.chain.link/streams/eth-usd-twap-60s-streams,2456.083091511659,2026-09-11 01:16:27+00
hype-updown-5m-1789089000,HYPE,"Hyperliquid Up or Down - September 10, 9:10PM-9:15PM ET",2026-09-11T01:15:00Z,2026-09-11T01:10:00Z,79.40162977089412,Down,"[""0"", ""1""]",0.01,,,-0.5045,0.001,resolved,0xce7ff624b6b9c9f679fbb38505203219c69eda8014512d416b357835973e953d,https://data.chain.link/streams/hype-usd-twap-60s-streams,79.3911347669063,2026-09-11 01:16:27+00
sol-updown-5m-1789089000,SOL,"Solana Up or Down - September 10, 9:10PM-9:15PM ET",2026-09-11T01:15:00Z,2026-09-11T01:10:00Z,99.3866651213167,Down,"[""0"", ""1""]",0.01,,,-0.5045,0.001,resolved,0xd4f5003887f9533ccf50ee460f6f2943d2faf4362d100933d1be66f13975360b,https://data.chain.link/streams/sol-usd-twap-60s-streams,99.35820555812553,2026-09-11 01:16:27+00
xrp-updown-5m-1789089000,XRP,"XRP Up or Down - September 10, 9:10PM-9:15PM ET",2026-09-11T01:15:00Z,2026-09-11T01:10:00Z,1.3422623808822085,Up,"[""1"", ""0""]",0.99,,,0.49,0.01,resolved,0x65049d3c4b668786dcca307b31e129045cdfc005cc79c5a82ab0d0b090d2bf09,https://data.chain.link/streams/xrp-usd-twap-60s-streams,1.3433779664904029,2026-09-11 01:15:55+00
zec-updown-5m-1789089000,ZEC,"ZCash Up or Down - September 10, 9:10PM-9:15PM ET",2026-09-11T01:15:00Z,2026-09-11T01:10:00Z,1094.1542694316854,Up,"[""1"", ""0""]",,,,0.4995,0.001,resolved,0x452c4ef662ad04b38432e0d2ec5306698adaefd3ddce48c6598fd36499d92194,https://data.chain.link/streams/zec-usd-twap-60s-streams,1094.3849776386987,2026-09-11 01:16:27+00
bnb-updown-5m-1789089300,BNB,"BNB Up or Down - September 10, 9:15PM-9:20PM ET",2026-09-11T01:20:00Z,2026-09-11T01:15:00Z,713.7890202452206,Down,"[""0"", ""1""]",0.08,145.251198,,-0.5045,0.001,resolved,0x9c24be8011e73085d3ac2aa65e8f15751ac283a06d731b8e045411cdb668a34c,https://data.chain.link/streams/bnb-usd-twap-60s-streams,713.230222013212,2026-09-11 01:21:27+00
btc-updown-5m-1789089300,BTC,"Bitcoin Up or Down - September 10, 9:15PM-9:20PM ET",2026-09-11T01:20:00Z,2026-09-11T01:15:00Z,76900.25065337685,Down,"[""0"", ""1""]",0.01,47399.12706900002,,-0.5,0.01,resolved,0x753c22706cc0d13dec38cd313e953386649d2a65673fa79b6f2bf92223462568,https://data.chain.link/streams/btc-usd-twap-60s-streams,76863.20015205565,2026-09-11 01:21:28+00
doge-updown-5m-1789089300,DOGE,"Dogecoin Up or Down - September 10, 9:15PM-9:20PM ET",2026-09-11T01:20:00Z,2026-09-11T01:15:00Z,0.08351943637301647,Down,"[""0"", ""1""]",0.29,166.95710999999997,,-0.495,0.01,resolved,0x3b3bd261514bfe6f0a34982a58a96f91a3592998e830c3780eed24f2ac05a60d,https://data.chain.link/streams/doge-usd-twap-60s-streams,0.08345530279323332,2026-09-11 01:21:28+00
eth-updown-5m-1789089300,ETH,"Ethereum Up or Down - September 10, 9:15PM-9:20PM ET",2026-09-11T01:20:00Z,2026-09-11T01:15:00Z,2456.083091511659,Down,"[""0"", ""1""]",0.01,3392.6596929999996,,-0.49,0.01,resolved,0x0bc7b55119b65e850e2fa7e4ad2712f291591d98a584ca2f9c54114046e85180,https://data.chain.link/streams/eth-usd-twap-60s-streams,2455.310025550108,2026-09-11 01:21:27+00
hype-updown-5m-1789089300,HYPE,"Hyperliquid Up or Down - September 10, 9:15PM-9:20PM ET",2026-09-11T01:20:00Z,2026-09-11T01:15:00Z,79.3911347669063,Down,"[""0"", ""1""]",0.17,43.343329999999995,,-0.495,0.01,resolved,0xcd8061359523dc115d88ac29e5ebdbb141bf959ea52aaf478c8eea79c41aca8b,https://data.chain.link/streams/hype-usd-twap-60s-streams,79.30412400080725,2026-09-11 01:21:27+00
sol-updown-5m-1789089300,SOL,"Solana Up or Down - September 10, 9:15PM-9:20PM ET",2026-09-11T01:20:00Z,2026-09-11T01:15:00Z,99.35820555812553,Down,"[""0"", ""1""]",0.01,1783.536003,,-0.5,0.01,resolved,0x7595ff5fba64743d995f8ead7d75f6ba99086c6199102aa7df7c6e5dd1b91244,https://data.chain.link/streams/sol-usd-twap-60s-streams,99.32127143000493,2026-09-11 01:21:27+00
xrp-updown-5m-1789089300,XRP,"XRP Up or Down - September 10, 9:15PM-9:20PM ET",2026-09-11T01:20:00Z,2026-09-11T01:15:00Z,1.3433779664904029,Up,"[""1"", ""0""]",0.97,2017.5286170000002,,0.4995,0.001,resolved,0xcb0c4666cda04a231f99e991f24f53e209b41fa6abc8dba0c6ba66991125bb54,https://data.chain.link/streams/xrp-usd-twap-60s-streams,1.3434263436567893,2026-09-11 01:21:27+00
zec-updown-5m-1789089300,ZEC,"ZCash Up or Down - September 10, 9:15PM-9:20PM ET",2026-09-11T01:20:00Z,2026-09-11T01:15:00Z,1094.3849776386987,Up,"[""1"", ""0""]",,,,0.495,0.01,resolved,0xd24268df15a8e61ef5c33e3cff701780c1801094d1779a61d5c90bbe0df07c35,https://data.chain.link/streams/zec-usd-twap-60s-streams,1095.0415768600847,2026-09-11 01:21:27+00
bnb-updown-5m-1789089600,BNB,"BNB Up or Down - September 10, 9:20PM-9:25PM ET",2026-09-11T01:25:00Z,2026-09-11T01:20:00Z,713.230222013212,Down,"[""0"", ""1""]",0.1,,,-0.5045,0.001,resolved,0x5ed4304fc63dd1e8767755b774d427d5ebb44a84f8767434606052401e12517c,https://data.chain.link/streams/bnb-usd-twap-60s-streams,713.0392390791906,2026-09-11 01:26:27+00
btc-updown-5m-1789089600,BTC,"Bitcoin Up or Down - September 10, 9:20PM-9:25PM ET",2026-09-11T01:25:00Z,2026-09-11T01:20:00Z,76863.20015205565,Down,"[""0"", ""1""]",0.001,56022.35277800002,,-0.5045,0.001,resolved,0xfdaaaa25f8b93b2a7bd9d9387d04c777c6ddbfa50b4409bb8e1ada66c4a29187,https://data.chain.link/streams/btc-usd-twap-60s-streams,76835.06664307191,2026-09-11 01:26:27+00
doge-updown-5m-1789089600,DOGE,"Dogecoin Up or Down - September 10, 9:20PM-9:25PM ET",2026-09-11T01:25:00Z,2026-09-11T01:20:00Z,0.08345530279323332,Down,"[""0"", ""1""]",0.002,,,-0.4995,0.001,resolved,0x5c158c220254860272e57e633325029c9e91f38fc2190d20395d7e4a1ac596a7,https://data.chain.link/streams/doge-usd-twap-60s-streams,0.08331954172770253,2026-09-11 01:26:27+00
eth-updown-5m-1789089600,ETH,"Ethereum Up or Down - September 10, 9:20PM-9:25PM ET",2026-09-11T01:25:00Z,2026-09-11T01:20:00Z,2455.310025550108,Down,"[""0"", ""1""]",0.01,2233.4292969999997,,-0.5045,0.001,resolved,0xcfcd7a80c39d5dde95087bccfbb6c96b9e1c1eaa4c3fea569b8b187ea7326839,https://data.chain.link/streams/eth-usd-twap-60s-streams,2453.515684817217,2026-09-11 01:26:28+00
hype-updown-5m-1789089600,HYPE,"Hyperliquid Up or Down - September 10, 9:20PM-9:25PM ET",2026-09-11T01:25:00Z,2026-09-11T01:20:00Z,79.30412400080725,Down,"[""0"", ""1""]",0.01,,,-0.5045,0.001,resolved,0x597a89af2d44c7ca20b26a2e1ac0283ec0dfd5ab96e52016de539c4bf7b43836,https://data.chain.link/streams/hype-usd-twap-60s-streams,79.23965818707383,2026-09-11 01:26:28+00
sol-updown-5m-1789089600,SOL,"Solana Up or Down - September 10, 9:20PM-9:25PM ET",2026-09-11T01:25:00Z,2026-09-11T01:20:00Z,99.32127143000493,Down,"[""0"", ""1""]",0.001,1837.4199820000003,,-0.5045,0.001,resolved,0xb47827e0decdf2428c93e07e38f3f60b45a30acf2b8ab04289379b2a4c6ece61,https://data.chain.link/streams/sol-usd-twap-60s-streams,99.19390318265306,2026-09-11 01:26:28+00
xrp-updown-5m-1789089600,XRP,"XRP Up or Down - September 10, 9:20PM-9:25PM ET",2026-09-11T01:25:00Z,2026-09-11T01:20:00Z,1.3434263436567893,Down,"[""0"", ""1""]",0.01,869.221132,,-0.5045,0.001,resolved,0xecdcbabde0a0a61680b3fd83545f3f9e382482b564cd6111cb674f15585691d7,https://data.chain.link/streams/xrp-usd-twap-60s-streams,1.3419713141001912,2026-09-11 01:26:28+00
zec-updown-5m-1789089600,ZEC,"ZCash Up or Down - September 10, 9:20PM-9:25PM ET",2026-09-11T01:25:00Z,2026-09-11T01:20:00Z,1095.0415768600847,Down,"[""0"", ""1""]",,,,-0.4995,0.001,resolved,0xf14ea0d015671323a2e4b0b8e199706f81369914e7f41ccb214ee577a851c609,https://data.chain.link/streams/zec-usd-twap-60s-streams,1088.4317748162057,2026-09-11 01:26:28+00
bnb-updown-5m-1789089900,BNB,"BNB Up or Down - September 10, 9:25PM-9:30PM ET",2026-09-11T01:30:00Z,2026-09-11T01:25:00Z,713.0392390791906,Down,"[""0"", ""1""]",0.55,,,-0.4995,0.001,resolved,0xafd6266c990b29befa856ee71b97474da6b1871e557b475189e5041228d819a3,https://data.chain.link/streams/bnb-usd-twap-60s-streams,712.1021228805014,2026-09-11 01:31:27+00
btc-updown-5m-1789089900,BTC,"Bitcoin Up or Down - September 10, 9:25PM-9:30PM ET",2026-09-11T01:30:00Z,2026-09-11T01:25:00Z,76835.06664307191,Down,"[""0"", ""1""]",0.01,43735.19793999995,,-0.5045,0.001,resolved,0xe420a20e25be9af0c5e8602ddb22e1819884aab6a06d9828d7a9db385d867be3,https://data.chain.link/streams/btc-usd-twap-60s-streams,76794.35674935025,2026-09-11 01:31:27+00
doge-updown-5m-1789089900,DOGE,"Dogecoin Up or Down - September 10, 9:25PM-9:30PM ET",2026-09-11T01:30:00Z,2026-09-11T01:25:00Z,0.08331954172770253,Down,"[""0"", ""1""]",0.53,,,-0.4995,0.001,resolved,0xe224389c83bbcb239a18f84fc41bdde52b989e70eae130b6b300a51b484258f4,https://data.chain.link/streams/doge-usd-twap-60s-streams,0.0831520699723242,2026-09-11 01:31:27+00
eth-updown-5m-1789089900,ETH,"Ethereum Up or Down - September 10, 9:25PM-9:30PM ET",2026-09-11T01:30:00Z,2026-09-11T01:25:00Z,2453.515684817217,Down,"[""0"", ""1""]",0.01,,,-0.4995,0.001,resolved,0xbc6bb2509653d36eb4b573a5c0b79b6843c2e3140bd5f51fe50d36915f15bff4,https://data.chain.link/streams/eth-usd-twap-60s-streams,2450.5909053400437,2026-09-11 01:31:27+00
hype-updown-5m-1789089900,HYPE,"Hyperliquid Up or Down - September 10, 9:25PM-9:30PM ET",2026-09-11T01:30:00Z,2026-09-11T01:25:00Z,79.23965818707383,Down,"[""0"", ""1""]",,,,-0.5045,0.001,resolved,0x2e366ed1f076b6edd8652d3c59f6c27a86c045cb176d9f3f90740bb9ede518a5,https://data.chain.link/streams/hype-usd-twap-60s-streams,78.88835957506649,2026-09-11 01:31:27+00
sol-updown-5m-1789089900,SOL,"Solana Up or Down - September 10, 9:25PM-9:30PM ET",2026-09-11T01:30:00Z,2026-09-11T01:25:00Z,99.19390318265306,Down,"[""0"", ""1""]",0.05,,,-0.4995,0.001,resolved,0xabb95b3ed14fff2e6a0ab65f522dd4f459f85608ed4b0c7d40606beae2a6d52b,https://data.chain.link/streams/sol-usd-twap-60s-streams,98.97805536078877,2026-09-11 01:31:27+00
xrp-updown-5m-1789089900,XRP,"XRP Up or Down - September 10, 9:25PM-9:30PM ET",2026-09-11T01:30:00Z,2026-09-11T01:25:00Z,1.3419713141001912,Down,"[""0"", ""1""]",0.4,,,-0.5045,0.001,resolved,0xcf0b001fd72b9bc4c6db467986b6f2619ad5af47e812303c5df8ef01455e9b65,https://data.chain.link/streams/xrp-usd-twap-60s-streams,1.3403949017876247,2026-09-11 01:31:27+00
zec-updown-5m-1789089900,ZEC,"ZCash Up or Down - September 10, 9:25PM-9:30PM ET",2026-09-11T01:30:00Z,2026-09-11T01:25:00Z,1088.4317748162057,Down,"[""0"", ""1""]",,,,-0.495,0.01,resolved,0xe17e7a54b14e17abc5d44464f108721aa8804c34bc4767778da20e1fb124fa32,https://data.chain.link/streams/zec-usd-twap-60s-streams,1081.676801022435,2026-09-11 01:31:27+00
bnb-updown-5m-1789090200,BNB,"BNB Up or Down - September 10, 9:30PM-9:35PM ET",2026-09-11T01:35:00Z,2026-09-11T01:30:00Z,712.1021228805014,Down,"[""0"", ""1""]",0.34,179.751087,,-0.5045,0.001,resolved,0x7aa95daf88624bcf4d8a591d2fb45a79725b0906e97484cb4476a362495d15db,https://data.chain.link/streams/bnb-usd-twap-60s-streams,711.0163391093747,2026-09-11 01:36:30+00
btc-updown-5m-1789090200,BTC,"Bitcoin Up or Down - September 10, 9:30PM-9:35PM ET",2026-09-11T01:35:00Z,2026-09-11T01:30:00Z,76794.35674935025,Down,"[""0"", ""1""]",0.001,31662.022393000017,,-0.5045,0.001,resolved,0xf7b6ae80e40b7761ee7ec6f32fd513e90ae1a78ae4fca4f834fa33622fd9cff3,https://data.chain.link/streams/btc-usd-twap-60s-streams,76672.19120212205,2026-09-11 01:36:28+00
doge-updown-5m-1789090200,DOGE,"Dogecoin Up or Down - September 10, 9:30PM-9:35PM ET",2026-09-11T01:35:00Z,2026-09-11T01:30:00Z,0.0831520699723242,Down,"[""0"", ""1""]",0.34,215.64009599999997,,-0.4995,0.001,resolved,0xfca6dd40f8c88a8f5a7e51b3fd8493381cdb18e5c5e8416254a88b4c136f1c4e,https://data.chain.link/streams/doge-usd-twap-60s-streams,0.0830033857839226,2026-09-11 01:36:30+00
eth-updown-5m-1789090200,ETH,"Ethereum Up or Down - September 10, 9:30PM-9:35PM ET",2026-09-11T01:35:00Z,2026-09-11T01:30:00Z,2450.5909053400437,Down,"[""0"", ""1""]",0.01,3250.586582,,-0.5045,0.001,resolved,0xca139937aecc06386c3f7840782e2f56a70c40c86eac334d4c410dfe1d057f65,https://data.chain.link/streams/eth-usd-twap-60s-streams,2446.6535800977113,2026-09-11 01:36:28+00
hype-updown-5m-1789090200,HYPE,"Hyperliquid Up or Down - September 10, 9:30PM-9:35PM ET",2026-09-11T01:35:00Z,2026-09-11T01:30:00Z,78.88835957506649,Down,"[""0"", ""1""]",0.6,53.063399999999994,,-0.4995,0.001,resolved,0xa485ad01f13f9ccb3b34144a090ad9b751b99160a90fb8e174be2e603bb1a05a,https://data.chain.link/streams/hype-usd-twap-60s-streams,78.627638035747,2026-09-11 01:36:28+00
sol-updown-5m-1789090200,SOL,"Solana Up or Down - September 10, 9:30PM-9:35PM ET",2026-09-11T01:35:00Z,2026-09-11T01:30:00Z,98.97805536078877,Down,"[""0"", ""1""]",0.09,792.5422239999999,,-0.5045,0.001,resolved,0x316f84e993b3234e06287dc5471b7e785bc9a76743acfb020239d0ebcd32abda,https://data.chain.link/streams/sol-usd-twap-60s-streams,98.74361150281143,2026-09-11 01:36:28+00
xrp-updown-5m-1789090200,XRP,"XRP Up or Down - September 10, 9:30PM-9:35PM ET",2026-09-11T01:35:00Z,2026-09-11T01:30:00Z,1.3403949017876247,Down,"[""0"", ""1""]",0.01,2553.890199,,-0.4995,0.001,resolved,0x91c01cddeedbff23d355344237838931f4f64b8f1d1118eab8b4ca8244476df9,https://data.chain.link/streams/xrp-usd-twap-60s-streams,1.3377947137878086,2026-09-11 01:36:30+00
zec-updown-5m-1789090200,ZEC,"ZCash Up or Down - September 10, 9:30PM-9:35PM ET",2026-09-11T01:35:00Z,2026-09-11T01:30:00Z,1081.676801022435,Down,"[""0"", ""1""]",,,,-0.495,0.01,resolved,0x6472e0a7a82cdc304da1c37507769bded95df9ddfebaab3e2bb92b37424c8545,https://data.chain.link/streams/zec-usd-twap-60s-streams,1075.9168910843066,2026-09-11 01:36:28+00
bnb-updown-5m-1789090500,BNB,"BNB Up or Down - September 10, 9:35PM-9:40PM ET",2026-09-11T01:40:00Z,2026-09-11T01:35:00Z,711.0163391093747,Up,"[""1"", ""0""]",0.999,920.5646619999999,,0.4995,0.001,resolved,0x247c11ec02c98321ab48692bad69d3c28fa9c59bb63a504345ca185fb32065a6,https://data.chain.link/streams/bnb-usd-twap-60s-streams,711.2460805548416,2026-09-11 01:41:27+00
btc-updown-5m-1789090500,BTC,"Bitcoin Up or Down - September 10, 9:35PM-9:40PM ET",2026-09-11T01:40:00Z,2026-09-11T01:35:00Z,76672.19120212205,Up,"[""1"", ""0""]",0.999,39253.327911,,0.4945,0.001,resolved,0x7fd50573c1d5ff639f1bf81b9e4c782715285bb061a58d29cca156a32e15ec9e,https://data.chain.link/streams/btc-usd-twap-60s-streams,76742.30089602366,2026-09-11 01:41:27+00
doge-updown-5m-1789090500,DOGE,"Dogecoin Up or Down - September 10, 9:35PM-9:40PM ET",2026-09-11T01:40:00Z,2026-09-11T01:35:00Z,0.0830033857839226,Up,"[""1"", ""0""]",0.999,,,0.4995,0.001,resolved,0x235237c00b21c44d6fb95a2087c242e8ba998257c9d2d84f765a271339db4995,https://data.chain.link/streams/doge-usd-twap-60s-streams,0.08313512380520076,2026-09-11 01:41:28+00
eth-updown-5m-1789090500,ETH,"Ethereum Up or Down - September 10, 9:35PM-9:40PM ET",2026-09-11T01:40:00Z,2026-09-11T01:35:00Z,2446.6535800977113,Up,"[""1"", ""0""]",0.999,2694.507134,,0.4995,0.001,resolved,0xb2bda6c0aa292c94cf9634d2d91173a4a1d6e664154beca5a3a9e23419849f0d,https://data.chain.link/streams/eth-usd-twap-60s-streams,2448.817972077545,2026-09-11 01:41:27+00
hype-updown-5m-1789090500,HYPE,"Hyperliquid Up or Down - September 10, 9:35PM-9:40PM ET",2026-09-11T01:40:00Z,2026-09-11T01:35:00Z,78.627638035747,Up,"[""1"", ""0""]",0.999,,,0.4945,0.001,resolved,0xed48039005d80a118ec84ce2db3fb1211fd01de658e5de49a90055461cd2a0da,https://data.chain.link/streams/hype-usd-twap-60s-streams,78.81934681551922,2026-09-11 01:41:27+00
sol-updown-5m-1789090500,SOL,"Solana Up or Down - September 10, 9:35PM-9:40PM ET",2026-09-11T01:40:00Z,2026-09-11T01:35:00Z,98.74361150281143,Up,"[""1"", ""0""]",0.99,1909.965514,,0.4945,0.001,resolved,0x145b477f77772d71bd82efbc11fe7ceb42f858870af59b5ef9e6390f7d37bfe0,https://data.chain.link/streams/sol-usd-twap-60s-streams,98.88583794933524,2026-09-11 01:41:27+00
xrp-updown-5m-1789090500,XRP,"XRP Up or Down - September 10, 9:35PM-9:40PM ET",2026-09-11T01:40:00Z,2026-09-11T01:35:00Z,1.3377947137878086,Up,"[""1"", ""0""]",0.999,1208.263878,,0.4945,0.001,resolved,0xcc2144c13e1c54cdb74fee1d6c78eb39ff1950ad552b6de368fdb2c97a8376e2,https://data.chain.link/streams/xrp-usd-twap-60s-streams,1.3386778136835191,2026-09-11 01:41:27+00
zec-updown-5m-1789090500,ZEC,"ZCash Up or Down - September 10, 9:35PM-9:40PM ET",2026-09-11T01:40:00Z,2026-09-11T01:35:00Z,1075.9168910843066,Up,"[""1"", ""0""]",,,,0.495,0.01,resolved,0x6f28940481abd460f8be92b406d0f8863d323eb198e0f845c53450fad739bf46,https://data.chain.link/streams/zec-usd-twap-60s-streams,1080.4280692122104,2026-09-11 01:41:28+00
bnb-updown-5m-1789090800,BNB,"BNB Up or Down - September 10, 9:40PM-9:45PM ET",2026-09-11T01:45:00Z,2026-09-11T01:40:00Z,711.2460805548416,Up,"[""1"", ""0""]",0.99,,,0.4995,0.001,resolved,0xf78aae56ee637f98337da794ab9e6cd4e793e1c8145ed62cf085ea9b29c6022a,https://data.chain.link/streams/bnb-usd-twap-60s-streams,711.6151075474353,2026-09-11 01:46:27+00
btc-updown-5m-1789090800,BTC,"Bitcoin Up or Down - September 10, 9:40PM-9:45PM ET",2026-09-11T01:45:00Z,2026-09-11T01:40:00Z,76742.30089602366,Up,"[""1"", ""0""]",0.999,46887.53567899995,,0.4945,0.001,resolved,0xebae3a119b944d7c2ac015fe1b7f0b039ccc1dfab0150b22b817c296109e6854,https://data.chain.link/streams/btc-usd-twap-60s-streams,76819.50756571381,2026-09-11 01:46:28+00
doge-updown-5m-1789090800,DOGE,"Dogecoin Up or Down - September 10, 9:40PM-9:45PM ET",2026-09-11T01:45:00Z,2026-09-11T01:40:00Z,0.08313512380520076,Up,"[""1"", ""0""]",0.99,,,0.4995,0.001,resolved,0x035c39970ed263103cd42fe93655761c6d3219e603b5b8cf8f5ea61e20ca368e,https://data.chain.link/streams/doge-usd-twap-60s-streams,0.08315278560271488,2026-09-11 01:46:27+00
eth-updown-5m-1789090800,ETH,"Ethereum Up or Down - September 10, 9:40PM-9:45PM ET",2026-09-11T01:45:00Z,2026-09-11T01:40:00Z,2448.817972077545,Up,"[""1"", ""0""]",0.99,,,0.4945,0.001,resolved,0xddd24274a10a842f7c8413dbf686a4057126686d1814e1f0c523d069a6321d1c,https://data.chain.link/streams/eth-usd-twap-60s-streams,2449.587199264321,2026-09-11 01:46:27+00
hype-updown-5m-1789090800,HYPE,"Hyperliquid Up or Down - September 10, 9:40PM-9:45PM ET",2026-09-11T01:45:00Z,2026-09-11T01:40:00Z,78.81934681551922,Up,"[""1"", ""0""]",0.98,,,0.4945,0.001,resolved,0x031e688d4cd8a5005e7362200206775b62dcf77cef57268f0d6b6a4dece4958e,https://data.chain.link/streams/hype-usd-twap-60s-streams,78.84356974114066,2026-09-11 01:46:28+00
sol-updown-5m-1789090800,SOL,"Solana Up or Down - September 10, 9:40PM-9:45PM ET",2026-09-11T01:45:00Z,2026-09-11T01:40:00Z,98.88583794933524,Up,"[""1"", ""0""]",0.99,,,0.4995,0.001,resolved,0x71490cd5ef1aaeadce30f2f9bef71beb15d08c679d274142371707f041256b32,https://data.chain.link/streams/sol-usd-twap-60s-streams,98.95684757448721,2026-09-11 01:46:27+00
xrp-updown-5m-1789090800,XRP,"XRP Up or Down - September 10, 9:40PM-9:45PM ET",2026-09-11T01:45:00Z,2026-09-11T01:40:00Z,1.3386778136835191,Up,"[""1"", ""0""]",0.99,,,0.4945,0.001,resolved,0x8281fb6ba48a1300181268b5e2b6ce3cdd2ca1790935ad49aeefe8543e77c221,https://data.chain.link/streams/xrp-usd-twap-60s-streams,1.3405017953883158,2026-09-11 01:46:28+00
zec-updown-5m-1789090800,ZEC,"ZCash Up or Down - September 10, 9:40PM-9:45PM ET",2026-09-11T01:45:00Z,2026-09-11T01:40:00Z,1080.4280692122104,Down,"[""0"", ""1""]",,,,-0.4995,0.001,resolved,0x066c1641cd10f9841586a04d31f5abfaa89a4d580eac1fdc70d5ca0083cc3fc5,https://data.chain.link/streams/zec-usd-twap-60s-streams,1078.116795715074,2026-09-11 01:46:27+00
bnb-updown-5m-1789091100,BNB,"BNB Up or Down - September 10, 9:45PM-9:50PM ET",2026-09-11T01:50:00Z,2026-09-11T01:45:00Z,711.6151075474353,Up,"[""1"", ""0""]",0.99,164.416666,,0.4945,0.001,resolved,0x5b01d0916a383fa884eb7db8d6672fd5f7b1d996a0df953e8b887ba47a6f7673,https://data.chain.link/streams/bnb-usd-twap-60s-streams,712.4329461131608,2026-09-11 01:50:55+00
btc-updown-5m-1789091100,BTC,"Bitcoin Up or Down - September 10, 9:45PM-9:50PM ET",2026-09-11T01:50:00Z,2026-09-11T01:45:00Z,76819.50756571381,Up,"[""1"", ""0""]",0.999,45265.880815000004,,0.4945,0.001,resolved,0xc298fc65f0c41cc82ef6300df534cd20ba26781df2de57179184aec30ab78116,https://data.chain.link/streams/btc-usd-twap-60s-streams,76866.92258912728,2026-09-11 01:50:54+00
doge-updown-5m-1789091100,DOGE,"Dogecoin Up or Down - September 10, 9:45PM-9:50PM ET",2026-09-11T01:50:00Z,2026-09-11T01:45:00Z,0.08315278560271488,Up,"[""1"", ""0""]",0.99,163.801106,,0.4995,0.001,resolved,0x421a01f214c5654dcb238eb62642c77d4c2712308b8dc4052abe157dc0442075,https://data.chain.link/streams/doge-usd-twap-60s-streams,0.08332828272578843,2026-09-11 01:50:55+00
eth-updown-5m-1789091100,ETH,"Ethereum Up or Down - September 10, 9:45PM-9:50PM ET",2026-09-11T01:50:00Z,2026-09-11T01:45:00Z,2449.587199264321,Up,"[""1"", ""0""]",0.99,2200.5203469999997,,0.4945,0.001,resolved,0x6180e383980006f6a73150a42079edeb01dcf5c49bd299b84ac7e673036ead27,https://data.chain.link/streams/eth-usd-twap-60s-streams,2451.6693302436993,2026-09-11 01:50:54+00
hype-updown-5m-1789091100,HYPE,"Hyperliquid Up or Down - September 10, 9:45PM-9:50PM ET",2026-09-11T01:50:00Z,2026-09-11T01:45:00Z,78.84356974114066,Up,"[""1"", ""0""]",0.999,107.09756200000001,,0.4945,0.001,resolved,0x9df6d67f25ab94e1b272bc7ea46c482cba80285e74e18de7553b8307a3079cd4,https://data.chain.link/streams/hype-usd-twap-60s-streams,79.09753234501831,2026-09-11 01:50:55+00
sol-updown-5m-1789091100,SOL,"Solana Up or Down - September 10, 9:45PM-9:50PM ET",2026-09-11T01:50:00Z,2026-09-11T01:45:00Z,98.95684757448721,Up,"[""1"", ""0""]",0.99,1001.796376,8,0.4945,0.001,resolved,0x9ce26f6f3df515c93a85a18a1e22514a75d8d0dab9c3d23d6c4a69495309e71c,https://data.chain.link/streams/sol-usd-twap-60s-streams,99.17693173299676,2026-09-11 01:50:55+00
xrp-updown-5m-1789091100,XRP,"XRP Up or Down - September 10, 9:45PM-9:50PM ET",2026-09-11T01:50:00Z,2026-09-11T01:45:00Z,1.3405017953883158,Up,"[""1"", ""0""]",0.99,612.2443609999999,,0.4945,0.001,resolved,0x711152aff1716bd1a810bdd811cd0c288fcedab3731bc8868656e7c7dac5a292,https://data.chain.link/streams/xrp-usd-twap-60s-streams,1.3431218125129023,2026-09-11 01:50:54+00
zec-updown-5m-1789091100,ZEC,"ZCash Up or Down - September 10, 9:45PM-9:50PM ET",2026-09-11T01:50:00Z,2026-09-11T01:45:00Z,1078.116795715074,Up,"[""1"", ""0""]",,,,0.495,0.01,resolved,0xd583fca3522e5cf7175c6ab1effa35402a425b58764cef89297f3c53d3eb4f09,https://data.chain.link/streams/zec-usd-twap-60s-streams,1082.7669302876304,2026-09-11 01:50:54+00
bnb-updown-5m-1789091400,BNB,"BNB Up or Down - September 10, 9:50PM-9:55PM ET",2026-09-11T01:55:00Z,2026-09-11T01:50:00Z,712.4329461131608,Up,"[""1"", ""0""]",0.99,,,0.49,0.01,resolved,0x9bf3d6f82a1010ffbcaab018acdb368d87bb8daaa08cee49693e06513d80f1f3,https://data.chain.link/streams/bnb-usd-twap-60s-streams,712.7203646964058,2026-09-11 01:55:54+00
btc-updown-5m-1789091400,BTC,"Bitcoin Up or Down - September 10, 9:50PM-9:55PM ET",2026-09-11T01:55:00Z,2026-09-11T01:50:00Z,76866.92258912728,Up,"[""1"", ""0""]",0.999,30299.229606000023,,0.49,0.01,resolved,0x5e4f90993618a63f4a5ef54a42e6bc9896a24dd607b868fe3e7e5b5351ba9a48,https://data.chain.link/streams/btc-usd-twap-60s-streams,76911.48580332252,2026-09-11 01:55:54+00
doge-updown-5m-1789091400,DOGE,"Dogecoin Up or Down - September 10, 9:50PM-9:55PM ET",2026-09-11T01:55:00Z,2026-09-11T01:50:00Z,0.08332828272578843,Up,"[""1"", ""0""]",0.99,,,0.495,0.01,resolved,0x35d21a68062082a868af9792c22ea2b3f3251aa0661dffaa9859bd9fc1776339,https://data.chain.link/streams/doge-usd-twap-60s-streams,0.0833758175595277,2026-09-11 01:55:54+00
eth-updown-5m-1789091400,ETH,"Ethereum Up or Down - September 10, 9:50PM-9:55PM ET",2026-09-11T01:55:00Z,2026-09-11T01:50:00Z,2451.6693302436993,Up,"[""1"", ""0""]",0.999,3213.0967200000005,,0.49,0.01,resolved,0x4b9c64341ec4c47bfe8e90a96726c65a59285c1e451409d641f250ae9aa2c84b,https://data.chain.link/streams/eth-usd-twap-60s-streams,2452.1378849407965,2026-09-11 01:55:54+00
hype-updown-5m-1789091400,HYPE,"Hyperliquid Up or Down - September 10, 9:50PM-9:55PM ET",2026-09-11T01:55:00Z,2026-09-11T01:50:00Z,79.09753234501831,Down,"[""0"", ""1""]",0.41,,,-0.5,0.01,resolved,0x8aae6a84bcc9fbca591053fa52c5052978e8a63e0d33e75e7a05727530f206e2,https://data.chain.link/streams/hype-usd-twap-60s-streams,79.06690898292872,2026-09-11 01:55:54+00
sol-updown-5m-1789091400,SOL,"Solana Up or Down - September 10, 9:50PM-9:55PM ET",2026-09-11T01:55:00Z,2026-09-11T01:50:00Z,99.17693173299676,Up,"[""1"", ""0""]",0.99,780.538956,,0.49,0.01,resolved,0xb0cb794c0ecb9db4efe2b5b372ddfd71f25a0d9eacad8bc6af28aedeadb1e0d6,https://data.chain.link/streams/sol-usd-twap-60s-streams,99.35264293398583,2026-09-11 01:55:54+00
xrp-updown-5m-1789091400,XRP,"XRP Up or Down - September 10, 9:50PM-9:55PM ET",2026-09-11T01:55:00Z,2026-09-11T01:50:00Z,1.3431218125129023,Up,"[""1"", ""0""]",0.99,,,0.49,0.01,resolved,0x338fa273834029694545142d707c96043affa5665207233a4c5cfb2b07aa8d6d,https://data.chain.link/streams/xrp-usd-twap-60s-streams,1.3442418807468692,2026-09-11 01:55:54+00
zec-updown-5m-1789091400,ZEC,"ZCash Up or Down - September 10, 9:50PM-9:55PM ET",2026-09-11T01:55:00Z,2026-09-11T01:50:00Z,1082.7669302876304,Down,"[""0"", ""1""]",,,,-0.005,0.99,resolved,0x870493b00090927243101f007a89c3beecd111ca09b9d8e102b4c36d3b62b086,https://data.chain.link/streams/zec-usd-twap-60s-streams,1080.8437100809992,2026-09-11 01:55:54+00
bnb-updown-5m-1789091700,BNB,"BNB Up or Down - September 10, 9:55PM-10:00PM ET",2026-09-11T02:00:00Z,2026-09-11T01:55:00Z,712.7203646964058,Up,"[""1"", ""0""]",0.99,,,0.4945,0.001,resolved,0xc2c05c115926e1b56c82e662508c1c69d09860a541665a49fc16ce55a7503c77,https://data.chain.link/streams/bnb-usd-twap-60s-streams,713.1834731709978,2026-09-11 02:00:57+00
btc-updown-5m-1789091700,BTC,"Bitcoin Up or Down - September 10, 9:55PM-10:00PM ET",2026-09-11T02:00:00Z,2026-09-11T01:55:00Z,76911.48580332252,Up,"[""1"", ""0""]",0.99,38101.961419000014,,0.49,0.01,resolved,0xed97eafdb7825992288bedf0691f8e579c60a1d1b4a2c73a75d5dbcb757ae784,https://data.chain.link/streams/btc-usd-twap-60s-streams,76938.68176942073,2026-09-11 02:00:55+00
doge-updown-5m-1789091700,DOGE,"Dogecoin Up or Down - September 10, 9:55PM-10:00PM ET",2026-09-11T02:00:00Z,2026-09-11T01:55:00Z,0.0833758175595277,Up,"[""1"", ""0""]",0.99,,,0.495,0.01,resolved,0x15422a78c4d4280b041481f2453847fe873de772d376bec99f86e09d811a7ca1,https://data.chain.link/streams/doge-usd-twap-60s-streams,0.08350439698701184,2026-09-11 02:01:27+00
eth-updown-5m-1789091700,ETH,"Ethereum Up or Down - September 10, 9:55PM-10:00PM ET",2026-09-11T02:00:00Z,2026-09-11T01:55:00Z,2452.1378849407965,Up,"[""1"", ""0""]",0.99,2677.3326669999997,,0.49,0.01,resolved,0xd6bdcd5a915d9be133e16dbbe3a1934727e437b2f8efcabf23cb100612c7e2b9,https://data.chain.link/streams/eth-usd-twap-60s-streams,2452.935616786192,2026-09-11 02:01:28+00
hype-updown-5m-1789091700,HYPE,"Hyperliquid Up or Down - September 10, 9:55PM-10:00PM ET",2026-09-11T02:00:00Z,2026-09-11T01:55:00Z,79.06690898292872,Up,"[""1"", ""0""]",0.81,,,0.49,0.01,resolved,0x25022dee0ed383a8f46df3b5769cfba15f4cb66462ded4913ff53408e3ecbc77,https://data.chain.link/streams/hype-usd-twap-60s-streams,79.12414125983791,2026-09-11 02:00:55+00
sol-updown-5m-1789091700,SOL,"Solana Up or Down - September 10, 9:55PM-10:00PM ET",2026-09-11T02:00:00Z,2026-09-11T01:55:00Z,99.35264293398583,Up,"[""1"", ""0""]",0.99,,,0.49,0.01,resolved,0xaa31336102307b8859d8eb499b1d7b8e233d8dcd306691edae174ec39c9845b3,https://data.chain.link/streams/sol-usd-twap-60s-streams,99.39251130391796,2026-09-11 02:01:27+00
xrp-updown-5m-1789091700,XRP,"XRP Up or Down - September 10, 9:55PM-10:00PM ET",2026-09-11T02:00:00Z,2026-09-11T01:55:00Z,1.3442418807468692,Up,"[""1"", ""0""]",0.99,,,0.49,0.01,resolved,0x2e8c97e7cc3a56736a132a34c83c7692d0b257a7156827e0b8701f89d61b74a5,https://data.chain.link/streams/xrp-usd-twap-60s-streams,1.3455198692538315,2026-09-11 02:01:27+00
zec-updown-5m-1789091700,ZEC,"ZCash Up or Down - September 10, 9:55PM-10:00PM ET",2026-09-11T02:00:00Z,2026-09-11T01:55:00Z,1080.8437100809992,Up,"[""1"", ""0""]",,,,0.495,0.01,resolved,0x756fb60b6b8dbfde8620e37f6b1ccb6a7be447c7561390a436505869b4761c2d,https://data.chain.link/streams/zec-usd-twap-60s-streams,1081.5328977897054,2026-09-11 02:01:28+00
bnb-updown-5m-1789092000,BNB,"BNB Up or Down - September 10, 10:00PM-10:05PM ET",2026-09-11T02:05:00Z,2026-09-11T02:00:00Z,713.1834731709978,Down,"[""0"", ""1""]",0.16,,,-0.5045,0.001,resolved,0x5771f9f8d178fdeef91b942fe6afc2110b060a1142aaa1ee997aced4a4bd2d5f,https://data.chain.link/streams/bnb-usd-twap-60s-streams,712.4515273618454,2026-09-11 02:05:55+00
btc-updown-5m-1789092000,BTC,"Bitcoin Up or Down - September 10, 10:00PM-10:05PM ET",2026-09-11T02:05:00Z,2026-09-11T02:00:00Z,76938.68176942073,Down,"[""0"", ""1""]",0.01,,,-0.5,0.01,resolved,0x0cac1ee2d1eeb7c521814ea850d86fdf4dbd5100edb15bcf37fe9126fba7b708,https://data.chain.link/streams/btc-usd-twap-60s-streams,76921.98519114878,2026-09-11 02:05:55+00
doge-updown-5m-1789092000,DOGE,"Dogecoin Up or Down - September 10, 10:00PM-10:05PM ET",2026-09-11T02:05:00Z,2026-09-11T02:00:00Z,0.08350439698701184,Down,"[""0"", ""1""]",0.01,,,-0.495,0.01,resolved,0xb3157a12ba082d7541caf41ef5fba96fc79d62074e0f226b0967cf5d61bb640a,https://data.chain.link/streams/doge-usd-twap-60s-streams,0.08347506141354316,2026-09-11 02:05:57+00
eth-updown-5m-1789092000,ETH,"Ethereum Up or Down - September 10, 10:00PM-10:05PM ET",2026-09-11T02:05:00Z,2026-09-11T02:00:00Z,2452.935616786192,Down,"[""0"", ""1""]",0.01,,,-0.5,0.01,resolved,0xa9f75ded46db4faf8f2c97480412357d8eaa9c5d3082946a801ab7ee1772d621,https://data.chain.link/streams/eth-usd-twap-60s-streams,2451.988895096687,2026-09-11 02:05:57+00
hype-updown-5m-1789092000,HYPE,"Hyperliquid Up or Down - September 10, 10:00PM-10:05PM ET",2026-09-11T02:05:00Z,2026-09-11T02:00:00Z,79.12414125983791,Down,"[""0"", ""1""]",,,,-0.5045,0.001,resolved,0xa820174b45536570c50e131e7f8225250ad9be25ce1a2a29780a9e5eb7f7c5bd,https://data.chain.link/streams/hype-usd-twap-60s-streams,79.01653029119724,2026-09-11 02:05:57+00
sol-updown-5m-1789092000,SOL,"Solana Up or Down - September 10, 10:00PM-10:05PM ET",2026-09-11T02:05:00Z,2026-09-11T02:00:00Z,99.39251130391796,Down,"[""0"", ""1""]",0.01,,,-0.5,0.01,resolved,0xb642b20229b03ab27251d689d9a9b2adcde32a45dfd9d60138a5ba6dbdc5f61e,https://data.chain.link/streams/sol-usd-twap-60s-streams,99.35283180718332,2026-09-11 02:05:57+00
xrp-updown-5m-1789092000,XRP,"XRP Up or Down - September 10, 10:00PM-10:05PM ET",2026-09-11T02:05:00Z,2026-09-11T02:00:00Z,1.3455198692538315,Down,"[""0"", ""1""]",0.1,,,-0.5,0.01,resolved,0xd7983849ae98b787d5c3518fa187935f8e9e18000e39d857b15bc75fed53f589,https://data.chain.link/streams/xrp-usd-twap-60s-streams,1.3442536713107298,2026-09-11 02:05:57+00
zec-updown-5m-1789092000,ZEC,"ZCash Up or Down - September 10, 10:00PM-10:05PM ET",2026-09-11T02:05:00Z,2026-09-11T02:00:00Z,1081.5328977897054,Up,"[""1"", ""0""]",,,,0.005,0.99,resolved,0x1b10e7d3aba410f7862501f601adfe9d5f753aa1f1cdf033cb9e51f69f92b98d,https://data.chain.link/streams/zec-usd-twap-60s-streams,1084.0559067008166,2026-09-11 02:05:55+00
bnb-updown-5m-1789092300,BNB,"BNB Up or Down - September 10, 10:05PM-10:10PM ET",2026-09-11T02:10:00Z,2026-09-11T02:05:00Z,712.4515273618454,Down,"[""0"", ""1""]",0.01,,,-0.5,0.01,resolved,0xbcc12e27535516cb033079b2b06647123a3db8e255b0842244cf932de5b9d0dd,https://data.chain.link/streams/bnb-usd-twap-60s-streams,712.4239095780558,2026-09-11 02:10:54+00
btc-updown-5m-1789092300,BTC,"Bitcoin Up or Down - September 10, 10:05PM-10:10PM ET",2026-09-11T02:10:00Z,2026-09-11T02:05:00Z,76921.98519114878,Down,"[""0"", ""1""]",0.01,59889.93049699999,,-0.5,0.01,resolved,0x3361b90a16d5b2646ce14e4e2ed0ae2f8379f5c6835c12197039eb93a450b111,https://data.chain.link/streams/btc-usd-twap-60s-streams,76904.7873532122,2026-09-11 02:10:54+00
doge-updown-5m-1789092300,DOGE,"Dogecoin Up or Down - September 10, 10:05PM-10:10PM ET",2026-09-11T02:10:00Z,2026-09-11T02:05:00Z,0.08347506141354316,Up,"[""1"", ""0""]",0.99,,,0.4995,0.001,resolved,0xe3bba060b07e3db4c8f0d8ed88bfb03f91c7da6517c3140f32012df35a799b8c,https://data.chain.link/streams/doge-usd-twap-60s-streams,0.08350114857218717,2026-09-11 02:10:54+00
eth-updown-5m-1789092300,ETH,"Ethereum Up or Down - September 10, 10:05PM-10:10PM ET",2026-09-11T02:10:00Z,2026-09-11T02:05:00Z,2451.988895096687,Up,"[""1"", ""0""]",0.99,3401.452956999999,,0.49,0.01,resolved,0x065fdfa7591487fb8c7be8608c3af9309b29b3b901e033bdf7cee31bc4242286,https://data.chain.link/streams/eth-usd-twap-60s-streams,2452.4270744849337,2026-09-11 02:10:54+00
hype-updown-5m-1789092300,HYPE,"Hyperliquid Up or Down - September 10, 10:05PM-10:10PM ET",2026-09-11T02:10:00Z,2026-09-11T02:05:00Z,79.01653029119724,Down,"[""0"", ""1""]",0.28,,,-0.5,0.01,resolved,0xf2a233ffef5adf0e1ca6a1168f34e118027e16147dc0f84eaa61c27b31ffda41,https://data.chain.link/streams/hype-usd-twap-60s-streams,78.90022679681391,2026-09-11 02:10:54+00
sol-updown-5m-1789092300,SOL,"Solana Up or Down - September 10, 10:05PM-10:10PM ET",2026-09-11T02:10:00Z,2026-09-11T02:05:00Z,99.35283180718332,Down,"[""0"", ""1""]",0.1,2152.7143520000004,,-0.5,0.01,resolved,0x4248f6d9a6feb6b3a1c05d6fe45c7b07f88d8ab83c5decf45a31092e9876c0e7,https://data.chain.link/streams/sol-usd-twap-60s-streams,99.32322797097234,2026-09-11 02:10:54+00
xrp-updown-5m-1789092300,XRP,"XRP Up or Down - September 10, 10:05PM-10:10PM ET",2026-09-11T02:10:00Z,2026-09-11T02:05:00Z,1.3442536713107298,Down,"[""0"", ""1""]",0.01,706.36356,,-0.5,0.01,resolved,0x4e9057803dffeeb80eff1f329dfe6647fc75cf9974ff00dee9cd24f29236ff70,https://data.chain.link/streams/xrp-usd-twap-60s-streams,1.3441213137200778,2026-09-11 02:10:54+00
zec-updown-5m-1789092300,ZEC,"ZCash Up or Down - September 10, 10:05PM-10:10PM ET",2026-09-11T02:10:00Z,2026-09-11T02:05:00Z,1084.0559067008166,Down,"[""0"", ""1""]",,,,-0.495,0.01,resolved,0x574a0da6348e07f0dbfd479990b710e52df932f46b28de7fb1dbf30f4a07635b,https://data.chain.link/streams/zec-usd-twap-60s-streams,1083.012431343495,2026-09-11 02:10:54+00
bnb-updown-5m-1789092600,BNB,"BNB Up or Down - September 10, 10:10PM-10:15PM ET",2026-09-11T02:15:00Z,2026-09-11T02:10:00Z,712.4239095780558,Up,"[""1"", ""0""]",0.99,,,0.49,0.01,resolved,0x056841fd43d5acf3dcabeb3169308d6c58e346420ff2291bf3e18bffa70416ff,https://data.chain.link/streams/bnb-usd-twap-60s-streams,713.0718955658992,2026-09-11 02:15:55+00
btc-updown-5m-1789092600,BTC,"Bitcoin Up or Down - September 10, 10:10PM-10:15PM ET",2026-09-11T02:15:00Z,2026-09-11T02:10:00Z,76904.7873532122,Up,"[""1"", ""0""]",0.999,59175.66490800002,,0.49,0.01,resolved,0x84bd9ea9cd91139642ad282b493daef885f4d9161361a89cc71ccd7c62d9cb51,https://data.chain.link/streams/btc-usd-twap-60s-streams,76957.66043950828,2026-09-11 02:15:55+00
doge-updown-5m-1789092600,DOGE,"Dogecoin Up or Down - September 10, 10:10PM-10:15PM ET",2026-09-11T02:15:00Z,2026-09-11T02:10:00Z,0.08350114857218717,Up,"[""1"", ""0""]",0.99,,,0.495,0.01,resolved,0x3707c06010b389abcd70a194b2d5c4a950eec7487ff293f27138c0af4e242ff5,https://data.chain.link/streams/doge-usd-twap-60s-streams,0.08356723461625676,2026-09-11 02:15:55+00
eth-updown-5m-1789092600,ETH,"Ethereum Up or Down - September 10, 10:10PM-10:15PM ET",2026-09-11T02:15:00Z,2026-09-11T02:10:00Z,2452.4270744849337,Up,"[""1"", ""0""]",0.99,1887.8886819999989,,0.49,0.01,resolved,0x174ef0904eea722e4b9e7346d28903712e7065a83012645d18f8a049e5e1ccc5,https://data.chain.link/streams/eth-usd-twap-60s-streams,2453.6804905004374,2026-09-11 02:15:55+00
hype-updown-5m-1789092600,HYPE,"Hyperliquid Up or Down - September 10, 10:10PM-10:15PM ET",2026-09-11T02:15:00Z,2026-09-11T02:10:00Z,78.90022679681391,Up,"[""1"", ""0""]",0.99,,,0.49,0.01,resolved,0xe4ee60b9f633b36a5129763b5fee7b6a7e2cb7ce16341c13d86bf99e449906e5,https://data.chain.link/streams/hype-usd-twap-60s-streams,79.15309179236047,2026-09-11 02:15:55+00
sol-updown-5m-1789092600,SOL,"Solana Up or Down - September 10, 10:10PM-10:15PM ET",2026-09-11T02:15:00Z,2026-09-11T02:10:00Z,99.32322797097234,Up,"[""1"", ""0""]",0.99,,,0.49,0.01,resolved,0xb098dd94e9d609e1f9aaefa7afe4508b96454235a70b7eb5e329c98f47318050,https://data.chain.link/streams/sol-usd-twap-60s-streams,99.44691620319507,2026-09-11 02:15:55+00
xrp-updown-5m-1789092600,XRP,"XRP Up or Down - September 10, 10:10PM-10:15PM ET",2026-09-11T02:15:00Z,2026-09-11T02:10:00Z,1.3441213137200778,Up,"[""1"", ""0""]",0.99,,,0.49,0.01,resolved,0x5a1145d8aa88c2babd8866ad81edae167360a0e12963ff11f97a0efdedaec94d,https://data.chain.link/streams/xrp-usd-twap-60s-streams,1.345075749514802,2026-09-11 02:15:55+00
zec-updown-5m-1789092600,ZEC,"ZCash Up or Down - September 10, 10:10PM-10:15PM ET",2026-09-11T02:15:00Z,2026-09-11T02:10:00Z,1083.012431343495,Up,"[""1"", ""0""]",,,,0.495,0.01,resolved,0x7101b5857d3de36cbc3e47cf4aa3444c635ec66f221af1080b194c76b2d58c36,https://data.chain.link/streams/zec-usd-twap-60s-streams,1083.7725584337022,2026-09-11 02:15:55+00
bnb-updown-5m-1789092900,BNB,"BNB Up or Down - September 10, 10:15PM-10:20PM ET",2026-09-11T02:20:00Z,2026-09-11T02:15:00Z,713.0718955658992,Down,"[""0"", ""1""]",0.36,150.385736,,-0.5045,0.001,resolved,0xdcf2996f908062c53a45f8915dfb2febfa78ba9b63bb81fef3943b9af5e3a7a6,https://data.chain.link/streams/bnb-usd-twap-60s-streams,711.8845010142365,2026-09-11 02:21:27+00
btc-updown-5m-1789092900,BTC,"Bitcoin Up or Down - September 10, 10:15PM-10:20PM ET",2026-09-11T02:20:00Z,2026-09-11T02:15:00Z,76957.66043950828,Down,"[""0"", ""1""]",0.01,23229.633877000007,,-0.5045,0.001,resolved,0x48c4c0ce14bbcabafc6d9e24de8ddbb0708ad0de6dc66d5145e81634155c3740,https://data.chain.link/streams/btc-usd-twap-60s-streams,76851.55867380752,2026-09-11 02:21:28+00
doge-updown-5m-1789092900,DOGE,"Dogecoin Up or Down - September 10, 10:15PM-10:20PM ET",2026-09-11T02:20:00Z,2026-09-11T02:15:00Z,0.08356723461625676,Down,"[""0"", ""1""]",0.24,186.853511,,-0.4995,0.001,resolved,0xf22ad1e824daa0aa985735d0b4d6f62985bfeb95cd347852f355c57c521533de,https://data.chain.link/streams/doge-usd-twap-60s-streams,0.08336156884057548,2026-09-11 02:21:28+00
eth-updown-5m-1789092900,ETH,"Ethereum Up or Down - September 10, 10:15PM-10:20PM ET",2026-09-11T02:20:00Z,2026-09-11T02:15:00Z,2453.6804905004374,Down,"[""0"", ""1""]",0.02,1929.808617,,-0.5045,0.001,resolved,0x5e2ce4136055d10dca1a2c27f2890b9405f41008675a8ca6e4d2469640c8ec75,https://data.chain.link/streams/eth-usd-twap-60s-streams,2449.5093277477345,2026-09-11 02:21:27+00
hype-updown-5m-1789092900,HYPE,"Hyperliquid Up or Down - September 10, 10:15PM-10:20PM ET",2026-09-11T02:20:00Z,2026-09-11T02:15:00Z,79.15309179236047,Down,"[""0"", ""1""]",0.28,66.6507,,-0.5045,0.001,resolved,0xcca2a50a517ad90833e65a9ecfcfc4fae68c6145cd1882bf74d66fa1d6e0ec6a,https://data.chain.link/streams/hype-usd-twap-60s-streams,78.7206644301617,2026-09-11 02:20:55+00
sol-updown-5m-1789092900,SOL,"Solana Up or Down - September 10, 10:15PM-10:20PM ET",2026-09-11T02:20:00Z,2026-09-11T02:15:00Z,99.44691620319507,Down,"[""0"", ""1""]",0.02,770.144632,,-0.5045,0.001,resolved,0x86cff368e798c9ef0ac09d2c3868242b59dcda97f2f672856dafed835b3d96cb,https://data.chain.link/streams/sol-usd-twap-60s-streams,99.22385770923161,2026-09-11 02:21:28+00
xrp-updown-5m-1789092900,XRP,"XRP Up or Down - September 10, 10:15PM-10:20PM ET",2026-09-11T02:20:00Z,2026-09-11T02:15:00Z,1.345075749514802,Down,"[""0"", ""1""]",0.25,483.4804,,-0.5045,0.001,resolved,0x916d022e236c985000ee7ac84ea1486dae2843b5e5b0483b217cb3a717af6ac0,https://data.chain.link/streams/xrp-usd-twap-60s-streams,1.3423790371798605,2026-09-11 02:21:27+00
zec-updown-5m-1789092900,ZEC,"ZCash Up or Down - September 10, 10:15PM-10:20PM ET",2026-09-11T02:20:00Z,2026-09-11T02:15:00Z,1083.7725584337022,Down,"[""0"", ""1""]",,,,-0.495,0.01,resolved,0x5590a7613f30363872579f7eb25e0d3cb8fada2e65df14a01d9cf5e9b542fa92,https://data.chain.link/streams/zec-usd-twap-60s-streams,1075.4630256972582,2026-09-11 02:20:55+00
bnb-updown-5m-1789093200,BNB,"BNB Up or Down - September 10, 10:20PM-10:25PM ET",2026-09-11T02:25:00Z,2026-09-11T02:20:00Z,711.8845010142365,Down,"[""0"", ""1""]",0.69,,,-0.5,0.01,resolved,0xdcb5683e1f7e613ba6ce578f2e5312b6f4e86e7a47a0d5ea3dd033f404c2cb94,https://data.chain.link/streams/bnb-usd-twap-60s-streams,711.7467740123797,2026-09-11 02:25:55+00
btc-updown-5m-1789093200,BTC,"Bitcoin Up or Down - September 10, 10:20PM-10:25PM ET",2026-09-11T02:25:00Z,2026-09-11T02:20:00Z,76851.55867380752,Down,"[""0"", ""1""]",0.01,47689.150596,10,-0.5,0.01,resolved,0xb0378df17d1632de0bc8b3ae9769a78b939cb9d7212f9d3c3d7c02233c1accf6,https://data.chain.link/streams/btc-usd-twap-60s-streams,76827.45582682306,2026-09-11 02:25:55+00
doge-updown-5m-1789093200,DOGE,"Dogecoin Up or Down - September 10, 10:20PM-10:25PM ET",2026-09-11T02:25:00Z,2026-09-11T02:20:00Z,0.08336156884057548,Down,"[""0"", ""1""]",0.53,105.260572,,-0.495,0.01,resolved,0x4ee49469029482217981bea40900650b6b0964881b6e38ef1b18deca00c4ba85,https://data.chain.link/streams/doge-usd-twap-60s-streams,0.08327033093731445,2026-09-11 02:25:55+00
eth-updown-5m-1789093200,ETH,"Ethereum Up or Down - September 10, 10:20PM-10:25PM ET",2026-09-11T02:25:00Z,2026-09-11T02:20:00Z,2449.5093277477345,Down,"[""0"", ""1""]",0.05,3460.4050070000003,,-0.5,0.01,resolved,0xecb86dccc6fffab5e934e5526510a3a979fedfc412a4f98c097886691e1b4b1b,https://data.chain.link/streams/eth-usd-twap-60s-streams,2448.128645290614,2026-09-11 02:25:55+00
hype-updown-5m-1789093200,HYPE,"Hyperliquid Up or Down - September 10, 10:20PM-10:25PM ET",2026-09-11T02:25:00Z,2026-09-11T02:20:00Z,78.7206644301617,Down,"[""0"", ""1""]",0.29,,,-0.5,0.01,resolved,0xb6714826c377179748d1d28f16964efe3d0a813c791aa8e3f6d27bc991dbd80f,https://data.chain.link/streams/hype-usd-twap-60s-streams,78.5960185581945,2026-09-11 02:25:55+00
sol-updown-5m-1789093200,SOL,"Solana Up or Down - September 10, 10:20PM-10:25PM ET",2026-09-11T02:25:00Z,2026-09-11T02:20:00Z,99.22385770923161,Down,"[""0"", ""1""]",0.01,1329.1792859999998,,-0.5,0.01,resolved,0x5d21c782b80e0a4cba4af1a3a59ce641bbfbc63475ccd756fc65cc95288036f7,https://data.chain.link/streams/sol-usd-twap-60s-streams,99.16602235209209,2026-09-11 02:25:55+00
xrp-updown-5m-1789093200,XRP,"XRP Up or Down - September 10, 10:20PM-10:25PM ET",2026-09-11T02:25:00Z,2026-09-11T02:20:00Z,1.3423790371798605,Down,"[""0"", ""1""]",0.03,490.28280800000005,,-0.5,0.01,resolved,0xd28a485c7ccc6fe9fa64d2d2474dc67674b314db2e7cbf2d38bf2a9817858039,https://data.chain.link/streams/xrp-usd-twap-60s-streams,1.3403079874023207,2026-09-11 02:25:55+00
zec-updown-5m-1789093200,ZEC,"ZCash Up or Down - September 10, 10:20PM-10:25PM ET",2026-09-11T02:25:00Z,2026-09-11T02:20:00Z,1075.4630256972582,Down,"[""0"", ""1""]",,,,-0.495,0.01,resolved,0x1937b59e535eb5c97dc46b4da8db502f8fff6686da4cd3dd497e7f29050883d5,https://data.chain.link/streams/zec-usd-twap-60s-streams,1070.3917704222024,2026-09-11 02:25:55+00
bnb-updown-5m-1789093500,BNB,"BNB Up or Down - September 10, 10:25PM-10:30PM ET",2026-09-11T02:30:00Z,2026-09-11T02:25:00Z,711.7467740123797,Down,"[""0"", ""1""]",0.18,,,-0.5045,0.001,resolved,0x533f794bb58dc0a5f9e26f92d2b58e7a69feeb2c213073500c9a32bca481b6f9,https://data.chain.link/streams/bnb-usd-twap-60s-streams,710.7495851780287,2026-09-11 02:30:55+00
btc-updown-5m-1789093500,BTC,"Bitcoin Up or Down - September 10, 10:25PM-10:30PM ET",2026-09-11T02:30:00Z,2026-09-11T02:25:00Z,76827.45582682306,Down,"[""0"", ""1""]",0.01,34747.233451000015,,-0.5,0.01,resolved,0x59002e5dbebbd4a5ade46d7c41ff9705bad6abe628260f4c8fb1412cc027ba64,https://data.chain.link/streams/btc-usd-twap-60s-streams,76784.56819378451,2026-09-11 02:31:27+00
doge-updown-5m-1789093500,DOGE,"Dogecoin Up or Down - September 10, 10:25PM-10:30PM ET",2026-09-11T02:30:00Z,2026-09-11T02:25:00Z,0.08327033093731445,Down,"[""0"", ""1""]",0.24,,,-0.495,0.01,resolved,0x07ba5564e267ea607406e109fa90d8a1656817616acfbc7a90adbdea35f8cb45,https://data.chain.link/streams/doge-usd-twap-60s-streams,0.08322672196641792,2026-09-11 02:31:27+00
eth-updown-5m-1789093500,ETH,"Ethereum Up or Down - September 10, 10:25PM-10:30PM ET",2026-09-11T02:30:00Z,2026-09-11T02:25:00Z,2448.128645290614,Down,"[""0"", ""1""]",0.04,,,-0.5,0.01,resolved,0x0fce8823659286cfb251d301c2881378a21f3aa77c90ba4db976fa9deb8ffafd,https://data.chain.link/streams/eth-usd-twap-60s-streams,2446.4362177415937,2026-09-11 02:31:27+00
hype-updown-5m-1789093500,HYPE,"Hyperliquid Up or Down - September 10, 10:25PM-10:30PM ET",2026-09-11T02:30:00Z,2026-09-11T02:25:00Z,78.5960185581945,Down,"[""0"", ""1""]",0.65,,,-0.5,0.01,resolved,0x8e89cb836ed8ff39e9bb06f00bca16e93ff51b765adfb938e66761b85dd0202e,https://data.chain.link/streams/hype-usd-twap-60s-streams,78.57169680511764,2026-09-11 02:31:27+00
sol-updown-5m-1789093500,SOL,"Solana Up or Down - September 10, 10:25PM-10:30PM ET",2026-09-11T02:30:00Z,2026-09-11T02:25:00Z,99.16602235209209,Up,"[""1"", ""0""]",0.99,3267.748977999999,,0.49,0.01,resolved,0x6d77416179a896236eab4a35c65c3c35a3607284829f770a06792fe498ca5e47,https://data.chain.link/streams/sol-usd-twap-60s-streams,99.18482104799345,2026-09-11 02:31:27+00
xrp-updown-5m-1789093500,XRP,"XRP Up or Down - September 10, 10:25PM-10:30PM ET",2026-09-11T02:30:00Z,2026-09-11T02:25:00Z,1.3403079874023207,Down,"[""0"", ""1""]",0.02,,,-0.5,0.01,resolved,0x6b118cf1914329e4489792459485973dd8fd41895391a2d66aeb0842e4c632f2,https://data.chain.link/streams/xrp-usd-twap-60s-streams,1.33933263100376,2026-09-11 02:31:27+00
zec-updown-5m-1789093500,ZEC,"ZCash Up or Down - September 10, 10:25PM-10:30PM ET",2026-09-11T02:30:00Z,2026-09-11T02:25:00Z,1070.3917704222024,Down,"[""0"", ""1""]",,,,-0.495,0.01,resolved,0xf770ae2e38855e2ab446c4b99c0e2cd77c92997b0234f6fc4415eced6ef33085,https://data.chain.link/streams/zec-usd-twap-60s-streams,1062.0763828891033,2026-09-11 02:31:27+00
bnb-updown-5m-1789093800,BNB,"BNB Up or Down - September 10, 10:30PM-10:35PM ET",2026-09-11T02:35:00Z,2026-09-11T02:30:00Z,710.7495851780287,Down,"[""0"", ""1""]",0.22,,,-0.5,0.01,resolved,0x7df9a9c16226eeaa4f3807d9496d985a2dfdaa4bad269ee311f25f31f29f1f48,https://data.chain.link/streams/bnb-usd-twap-60s-streams,710.2609070645182,2026-09-11 02:35:54+00
btc-updown-5m-1789093800,BTC,"Bitcoin Up or Down - September 10, 10:30PM-10:35PM ET",2026-09-11T02:35:00Z,2026-09-11T02:30:00Z,76784.56819378451,Down,"[""0"", ""1""]",0.01,33074.43478399999,10,-0.5,0.01,resolved,0x0cbf21533c6293e2d8724cbd1bddd6810a01ad553fee7c88973efd9aeaa7d35a,https://data.chain.link/streams/btc-usd-twap-60s-streams,76756.24539137096,2026-09-11 02:35:54+00
doge-updown-5m-1789093800,DOGE,"Dogecoin Up or Down - September 10, 10:30PM-10:35PM ET",2026-09-11T02:35:00Z,2026-09-11T02:30:00Z,0.08322672196641792,Up,"[""1"", ""0""]",0.99,,,0.495,0.01,resolved,0xbe72af29f139e6df19e33d061511738208f0055fb25fe0f4b7a3d9fdbd19fa2e,https://data.chain.link/streams/doge-usd-twap-60s-streams,0.08323683526891715,2026-09-11 02:35:54+00
eth-updown-5m-1789093800,ETH,"Ethereum Up or Down - September 10, 10:30PM-10:35PM ET",2026-09-11T02:35:00Z,2026-09-11T02:30:00Z,2446.4362177415937,Down,"[""0"", ""1""]",0.01,,,-0.5,0.01,resolved,0xdd334fa3493c7414ddc5699ed709edaac494cfd33d3619a7663b772b98a92d23,https://data.chain.link/streams/eth-usd-twap-60s-streams,2444.968297638778,2026-09-11 02:35:54+00
hype-updown-5m-1789093800,HYPE,"Hyperliquid Up or Down - September 10, 10:30PM-10:35PM ET",2026-09-11T02:35:00Z,2026-09-11T02:30:00Z,78.57169680511764,Down,"[""0"", ""1""]",0.42,,,-0.5,0.01,resolved,0xcd9116df0c017927b74b7b46e9cdae433e9c4e38539f461967c3eb14c11d013d,https://data.chain.link/streams/hype-usd-twap-60s-streams,78.41044854250268,2026-09-11 02:35:54+00
sol-updown-5m-1789093800,SOL,"Solana Up or Down - September 10, 10:30PM-10:35PM ET",2026-09-11T02:35:00Z,2026-09-11T02:30:00Z,99.18482104799345,Down,"[""0"", ""1""]",0.1,504.85005299999995,,-0.5,0.01,resolved,0x1f02e34158c4e79359e24f3c0dbff718c1922b3a1265b4cbbe00113cec3e262b,https://data.chain.link/streams/sol-usd-twap-60s-streams,99.0547575162339,2026-09-11 02:35:54+00
xrp-updown-5m-1789093800,XRP,"XRP Up or Down - September 10, 10:30PM-10:35PM ET",2026-09-11T02:35:00Z,2026-09-11T02:30:00Z,1.33933263100376,Down,"[""0"", ""1""]",0.24,,,-0.5,0.01,resolved,0xab7c54b9bfb2518640c2a93dfe3b927db811e3d567f699ac8e22fdc7eaa3c5e3,https://data.chain.link/streams/xrp-usd-twap-60s-streams,1.3385103378994467,2026-09-11 02:35:54+00
zec-updown-5m-1789093800,ZEC,"ZCash Up or Down - September 10, 10:30PM-10:35PM ET",2026-09-11T02:35:00Z,2026-09-11T02:30:00Z,1062.0763828891033,Down,"[""0"", ""1""]",,,,-0.495,0.01,resolved,0xb7900b7893cbb309cd559c08d0af9a2104cc2383c5ed01d071a87be89e3ef137,https://data.chain.link/streams/zec-usd-twap-60s-streams,1057.5771843769257,2026-09-11 02:35:54+00
bnb-updown-5m-1789094100,BNB,"BNB Up or Down - September 10, 10:35PM-10:40PM ET",2026-09-11T02:40:00Z,2026-09-11T02:35:00Z,710.2609070645182,Up,"[""1"", ""0""]",0.99,230.344011,,0.4945,0.001,resolved,0x154b41bc7bee7e5d3ac3920e389b09e561c2edf94db798159d012ccfc3406d9b,https://data.chain.link/streams/bnb-usd-twap-60s-streams,711.9140572823412,2026-09-11 02:40:55+00
btc-updown-5m-1789094100,BTC,"Bitcoin Up or Down - September 10, 10:35PM-10:40PM ET",2026-09-11T02:40:00Z,2026-09-11T02:35:00Z,76756.24539137096,Up,"[""1"", ""0""]",0.99,27073.47491700001,10,0.4945,0.001,resolved,0x268526fdacfb8fb46a6ea941c131e5342375a47dae8225ce0e35c576c33bfed5,https://data.chain.link/streams/btc-usd-twap-60s-streams,76889.90550448294,2026-09-11 02:40:55+00
doge-updown-5m-1789094100,DOGE,"Dogecoin Up or Down - September 10, 10:35PM-10:40PM ET",2026-09-11T02:40:00Z,2026-09-11T02:35:00Z,0.08323683526891715,Up,"[""1"", ""0""]",0.99,186.20270299999999,,0.4995,0.001,resolved,0xd07033f9cdada96ad70e4142d5311b71a9a104a564231af5dadb1cc9d0b22467,https://data.chain.link/streams/doge-usd-twap-60s-streams,0.08349262879807641,2026-09-11 02:40:55+00
eth-updown-5m-1789094100,ETH,"Ethereum Up or Down - September 10, 10:35PM-10:40PM ET",2026-09-11T02:40:00Z,2026-09-11T02:35:00Z,2444.968297638778,Up,"[""1"", ""0""]",0.99,3005.450273,,0.4945,0.001,resolved,0x8bb9e956b545a2e34463aae951071ac64b295a90b3ac9f2006d1a9605faa1dfe,https://data.chain.link/streams/eth-usd-twap-60s-streams,2448.875698867264,2026-09-11 02:40:55+00
hype-updown-5m-1789094100,HYPE,"Hyperliquid Up or Down - September 10, 10:35PM-10:40PM ET",2026-09-11T02:40:00Z,2026-09-11T02:35:00Z,78.41044854250268,Up,"[""1"", ""0""]",0.98,,,0.4945,0.001,resolved,0xab3412ab42d7e50501d4545328c7e71ca8a358fcaeb860effee1ec24774be221,https://data.chain.link/streams/hype-usd-twap-60s-streams,78.8416763907575,2026-09-11 02:40:55+00
sol-updown-5m-1789094100,SOL,"Solana Up or Down - September 10, 10:35PM-10:40PM ET",2026-09-11T02:40:00Z,2026-09-11T02:35:00Z,99.0547575162339,Up,"[""1"", ""0""]",0.99,812.753922,,0.4945,0.001,resolved,0x13465f47c577854601735090e96a2b7a3a7b195a05a75d82edfd2bce33bc5300,https://data.chain.link/streams/sol-usd-twap-60s-streams,99.33655888191599,2026-09-11 02:40:55+00
xrp-updown-5m-1789094100,XRP,"XRP Up or Down - September 10, 10:35PM-10:40PM ET",2026-09-11T02:40:00Z,2026-09-11T02:35:00Z,1.3385103378994467,Up,"[""1"", ""0""]",0.99,529.9414099999999,,0.4945,0.001,resolved,0xe6ac8c4983d5b95d5a8a80815ab93a89a76be4e30922a46496c15d309221868f,https://data.chain.link/streams/xrp-usd-twap-60s-streams,1.3429167784913627,2026-09-11 02:40:55+00
zec-updown-5m-1789094100,ZEC,"ZCash Up or Down - September 10, 10:35PM-10:40PM ET",2026-09-11T02:40:00Z,2026-09-11T02:35:00Z,1057.5771843769257,Up,"[""1"", ""0""]",,,,0.495,0.01,resolved,0x2769749c935d7f2193c749300b8a8454e231b667d2b94b61e039d1b6880fe7d9,https://data.chain.link/streams/zec-usd-twap-60s-streams,1069.004391341498,2026-09-11 02:40:55+00
bnb-updown-5m-1789094400,BNB,"BNB Up or Down - September 10, 10:40PM-10:45PM ET",2026-09-11T02:45:00Z,2026-09-11T02:40:00Z,711.9140572823412,Down,"[""0"", ""1""]",0.33,,,-0.5045,0.001,resolved,0xac6c7bce4a13f2dae274fc8d2d7a919835690c3d6bd6dc271110b845a43d4893,https://data.chain.link/streams/bnb-usd-twap-60s-streams,711.568954557333,2026-09-11 02:46:27+00
btc-updown-5m-1789094400,BTC,"Bitcoin Up or Down - September 10, 10:40PM-10:45PM ET",2026-09-11T02:45:00Z,2026-09-11T02:40:00Z,76889.90550448294,Down,"[""0"", ""1""]",0.01,39275.36488000002,10,-0.5045,0.001,resolved,0xcbe54480445a99a752f7e256f25f8f68fc96638bd57ebf194c25b4c4bcad0a25,https://data.chain.link/streams/btc-usd-twap-60s-streams,76840.2227360472,2026-09-11 02:46:27+00
doge-updown-5m-1789094400,DOGE,"Dogecoin Up or Down - September 10, 10:40PM-10:45PM ET",2026-09-11T02:45:00Z,2026-09-11T02:40:00Z,0.08349262879807641,Down,"[""0"", ""1""]",0.56,,,-0.4995,0.001,resolved,0x1ba8b6983e093a7e8f4f946bb7508bc2f23fe9e703f8f00cbdb3e2689ff183e2,https://data.chain.link/streams/doge-usd-twap-60s-streams,0.08339740725875205,2026-09-11 02:46:27+00
eth-updown-5m-1789094400,ETH,"Ethereum Up or Down - September 10, 10:40PM-10:45PM ET",2026-09-11T02:45:00Z,2026-09-11T02:40:00Z,2448.875698867264,Down,"[""0"", ""1""]",0.01,,,-0.5045,0.001,resolved,0x85fa56db041160cdee25e911728d88f4833fa68b86819b76cf57a2b5b56633c5,https://data.chain.link/streams/eth-usd-twap-60s-streams,2447.7431412599803,2026-09-11 02:46:27+00
hype-updown-5m-1789094400,HYPE,"Hyperliquid Up or Down - September 10, 10:40PM-10:45PM ET",2026-09-11T02:45:00Z,2026-09-11T02:40:00Z,78.8416763907575,Down,"[""0"", ""1""]",,,,-0.5045,0.001,resolved,0xba8f899a0de26293834ab68fbd863c1c1f112f1b7bddd6db8a241b544593a9c8,https://data.chain.link/streams/hype-usd-twap-60s-streams,78.5017298180757,2026-09-11 02:46:27+00
sol-updown-5m-1789094400,SOL,"Solana Up or Down - September 10, 10:40PM-10:45PM ET",2026-09-11T02:45:00Z,2026-09-11T02:40:00Z,99.33655888191599,Down,"[""0"", ""1""]",0.04,,,-0.5045,0.001,resolved,0x3754e0121b49117b1084d45e22a1aefcd84a984dbfeb0f3566bf972bf1543958,https://data.chain.link/streams/sol-usd-twap-60s-streams,99.20786688920829,2026-09-11 02:46:27+00
xrp-updown-5m-1789094400,XRP,"XRP Up or Down - September 10, 10:40PM-10:45PM ET",2026-09-11T02:45:00Z,2026-09-11T02:40:00Z,1.3429167784913627,Down,"[""0"", ""1""]",0.11,,,-0.5045,0.001,resolved,0x9330cf108069516551cdc82af8516c38ecae0bb015ba38ffb1448354ac4baa4c,https://data.chain.link/streams/xrp-usd-twap-60s-streams,1.3411969553372511,2026-09-11 02:46:28+00
zec-updown-5m-1789094400,ZEC,"ZCash Up or Down - September 10, 10:40PM-10:45PM ET",2026-09-11T02:45:00Z,2026-09-11T02:40:00Z,1069.004391341498,Up,"[""1"", ""0""]",,,,0.495,0.01,resolved,0xf7c6c9726b4799a8ed1e18c1e33e0252f421d9388c142ab524a91001af360316,https://data.chain.link/streams/zec-usd-twap-60s-streams,1069.112492224798,2026-09-11 02:46:27+00
bnb-updown-5m-1789094700,BNB,"BNB Up or Down - September 10, 10:45PM-10:50PM ET",2026-09-11T02:50:00Z,2026-09-11T02:45:00Z,711.568954557333,Up,"[""1"", ""0""]",0.99,340.2184349999999,,0.49,0.01,resolved,0x47c808fb37ec338086902e70d3a5e9b93f0c1fbdc6eadc282c3b7691eef8fd11,https://data.chain.link/streams/bnb-usd-twap-60s-streams,711.8097432985599,2026-09-11 02:50:54+00
btc-updown-5m-1789094700,BTC,"Bitcoin Up or Down - September 10, 10:45PM-10:50PM ET",2026-09-11T02:50:00Z,2026-09-11T02:45:00Z,76840.2227360472,Up,"[""1"", ""0""]",0.999,38821.30936999996,10,0.4945,0.001,resolved,0xb1b6246c5d94b7efe17e87b8e8348e3d5ef5956c9f6f9bc9b4d601a2b3af9a96,https://data.chain.link/streams/btc-usd-twap-60s-streams,76894.1550787116,2026-09-11 02:50:54+00
doge-updown-5m-1789094700,DOGE,"Dogecoin Up or Down - September 10, 10:45PM-10:50PM ET",2026-09-11T02:50:00Z,2026-09-11T02:45:00Z,0.08339740725875205,Up,"[""1"", ""0""]",0.99,188.5,,0.4995,0.001,resolved,0xcf243ad8144d87a12fa9c2acbf321f02a4b51027fcfe8466074315ae21651935,https://data.chain.link/streams/doge-usd-twap-60s-streams,0.08351810245315867,2026-09-11 02:50:54+00
eth-updown-5m-1789094700,ETH,"Ethereum Up or Down - September 10, 10:45PM-10:50PM ET",2026-09-11T02:50:00Z,2026-09-11T02:45:00Z,2447.7431412599803,Up,"[""1"", ""0""]",0.999,4363.089985000001,,0.4945,0.001,resolved,0x84c81a33ca9a6586728929a368b0d7f9f97b586857a3b380a3b17e8df4266db1,https://data.chain.link/streams/eth-usd-twap-60s-streams,2449.1949954235524,2026-09-11 02:50:54+00
hype-updown-5m-1789094700,HYPE,"Hyperliquid Up or Down - September 10, 10:45PM-10:50PM ET",2026-09-11T02:50:00Z,2026-09-11T02:45:00Z,78.5017298180757,Up,"[""1"", ""0""]",0.99,48.333332,,0.4945,0.001,resolved,0x8bbdbd308807a7dc1d05fd47b09db08045f726f1737ac88498bb0ea727c6fd34,https://data.chain.link/streams/hype-usd-twap-60s-streams,78.70345519428363,2026-09-11 02:50:54+00
sol-updown-5m-1789094700,SOL,"Solana Up or Down - September 10, 10:45PM-10:50PM ET",2026-09-11T02:50:00Z,2026-09-11T02:45:00Z,99.20786688920829,Up,"[""1"", ""0""]",0.99,1704.9902849999999,,0.4945,0.001,resolved,0x853d7a5dfd3b29518811e79b3245b77103b3b19b0fce2a3505a5d21033854aed,https://data.chain.link/streams/sol-usd-twap-60s-streams,99.37057691035663,2026-09-11 02:50:54+00
xrp-updown-5m-1789094700,XRP,"XRP Up or Down - September 10, 10:45PM-10:50PM ET",2026-09-11T02:50:00Z,2026-09-11T02:45:00Z,1.3411969553372511,Up,"[""1"", ""0""]",0.99,714.382455,,0.4945,0.001,resolved,0x03a204a06d5ed8e0ba4b26cd4bcb294e51a188512a9b07c0e8d6560bbf50b2df,https://data.chain.link/streams/xrp-usd-twap-60s-streams,1.3435769570797735,2026-09-11 02:50:54+00
zec-updown-5m-1789094700,ZEC,"ZCash Up or Down - September 10, 10:45PM-10:50PM ET",2026-09-11T02:50:00Z,2026-09-11T02:45:00Z,1069.112492224798,Down,"[""0"", ""1""]",,,,-0.495,0.01,resolved,0x041908f968460acb90ff4c0250ef391840fd52efe356a9d675d0d70770183717,https://data.chain.link/streams/zec-usd-twap-60s-streams,1069.0179921037916,2026-09-11 02:50:54+00
bnb-updown-5m-1789095000,BNB,"BNB Up or Down - September 10, 10:50PM-10:55PM ET",2026-09-11T02:55:00Z,2026-09-11T02:50:00Z,711.8097432985599,Down,"[""0"", ""1""]",0.25,,,-0.5,0.01,resolved,0x3f3c74987b212ae22abda0d1f8d0493f9e9055ba41e90c79273c3d4eb586480c,https://data.chain.link/streams/bnb-usd-twap-60s-streams,711.0174679122158,2026-09-11 02:55:54+00
btc-updown-5m-1789095000,BTC,"Bitcoin Up or Down - September 10, 10:50PM-10:55PM ET",2026-09-11T02:55:00Z,2026-09-11T02:50:00Z,76894.1550787116,Down,"[""0"", ""1""]",0.01,30734.39040199999,7.840785,-0.5,0.01,resolved,0x7276aaf4a4342b850d94a310ca3e7b171a5ae8d494f0c21277e1feaed9b0efd1,https://data.chain.link/streams/btc-usd-twap-60s-streams,76812.26336510431,2026-09-11 02:55:54+00
doge-updown-5m-1789095000,DOGE,"Dogecoin Up or Down - September 10, 10:50PM-10:55PM ET",2026-09-11T02:55:00Z,2026-09-11T02:50:00Z,0.08351810245315867,Down,"[""0"", ""1""]",0.11,,,-0.495,0.01,resolved,0x2e76721a68638585242ff10cea6abd0c50c307e511202eac73823cee1a688d34,https://data.chain.link/streams/doge-usd-twap-60s-streams,0.08341134661142403,2026-09-11 02:55:54+00
eth-updown-5m-1789095000,ETH,"Ethereum Up or Down - September 10, 10:50PM-10:55PM ET",2026-09-11T02:55:00Z,2026-09-11T02:50:00Z,2449.1949954235524,Down,"[""0"", ""1""]",0.01,3728.3515050000005,,-0.5,0.01,resolved,0x4aa8f6ea823d464339a88fba539c31cc94aaa7fe7ef3de33671069167bd62c92,https://data.chain.link/streams/eth-usd-twap-60s-streams,2445.2519604707245,2026-09-11 02:55:54+00
hype-updown-5m-1789095000,HYPE,"Hyperliquid Up or Down - September 10, 10:50PM-10:55PM ET",2026-09-11T02:55:00Z,2026-09-11T02:50:00Z,78.70345519428363,Down,"[""0"", ""1""]",0.52,,,-0.5,0.01,resolved,0xe693218864518fa22fe49559889578615da824e9af649db998f1824796fcabfb,https://data.chain.link/streams/hype-usd-twap-60s-streams,78.61771052803637,2026-09-11 02:55:54+00
sol-updown-5m-1789095000,SOL,"Solana Up or Down - September 10, 10:50PM-10:55PM ET",2026-09-11T02:55:00Z,2026-09-11T02:50:00Z,99.37057691035663,Down,"[""0"", ""1""]",0.11,846.6406010000001,,-0.5,0.01,resolved,0x7accb5cec43cc0dff1a31feb391fdadf6c8cde3590a15616e7d86eb7950d78a7,https://data.chain.link/streams/sol-usd-twap-60s-streams,99.24495706976477,2026-09-11 02:55:54+00
xrp-updown-5m-1789095000,XRP,"XRP Up or Down - September 10, 10:50PM-10:55PM ET",2026-09-11T02:55:00Z,2026-09-11T02:50:00Z,1.3435769570797735,Down,"[""0"", ""1""]",0.06,,,-0.5,0.01,resolved,0x8b523ec1f94c85ca2dada2a7a7619479fe4aaec1b6587c7b6a57da70b36498f0,https://data.chain.link/streams/xrp-usd-twap-60s-streams,1.3413522657702959,2026-09-11 02:55:54+00
zec-updown-5m-1789095000,ZEC,"ZCash Up or Down - September 10, 10:50PM-10:55PM ET",2026-09-11T02:55:00Z,2026-09-11T02:50:00Z,1069.0179921037916,Up,"[""1"", ""0""]",,,,0.005,0.99,resolved,0xbb537ea2505f5a53ed62f189b79287c1052c46663a5133a80d2d92f478190a44,https://data.chain.link/streams/zec-usd-twap-60s-streams,1070.244276996231,2026-09-11 02:55:54+00
bnb-updown-5m-1789095300,BNB,"BNB Up or Down - September 10, 10:55PM-11:00PM ET",2026-09-11T03:00:00Z,2026-09-11T02:55:00Z,711.0174679122158,Down,"[""0"", ""1""]",0.09,,,-0.5,0.01,resolved,0xfbdbeff4ac49e89be10d905708b4559cb773cf0fbe383676e929a6e42722c606,https://data.chain.link/streams/bnb-usd-twap-60s-streams,710.8959193838773,2026-09-11 03:01:27+00
btc-updown-5m-1789095300,BTC,"Bitcoin Up or Down - September 10, 10:55PM-11:00PM ET",2026-09-11T03:00:00Z,2026-09-11T02:55:00Z,76812.26336510431,Up,"[""1"", ""0""]",0.99,76283.45051300003,7.843138,0.49,0.01,resolved,0x09f5f1f9d22a8c0b87221e844faba516ac27d40e7fc0eddc8dbc4049cb7c2433,https://data.chain.link/streams/btc-usd-twap-60s-streams,76813.55276408969,2026-09-11 03:01:27+00
doge-updown-5m-1789095300,DOGE,"Dogecoin Up or Down - September 10, 10:55PM-11:00PM ET",2026-09-11T03:00:00Z,2026-09-11T02:55:00Z,0.08341134661142403,Up,"[""1"", ""0""]",0.99,,,0.495,0.01,resolved,0x7bf73ba96498e706347c0f989a95501e85b216716f7f1827a0929f8505a86ebf,https://data.chain.link/streams/doge-usd-twap-60s-streams,0.0834526242768998,2026-09-11 03:01:28+00
eth-updown-5m-1789095300,ETH,"Ethereum Up or Down - September 10, 10:55PM-11:00PM ET",2026-09-11T03:00:00Z,2026-09-11T02:55:00Z,2445.2519604707245,Up,"[""1"", ""0""]",0.99,,,0.49,0.01,resolved,0x14a55e918ea3339d81ca32c188f97deac5a7b8d4eb24b11468a3dc049b5b3782,https://data.chain.link/streams/eth-usd-twap-60s-streams,2445.8506356584794,2026-09-11 03:01:27+00
hype-updown-5m-1789095300,HYPE,"Hyperliquid Up or Down - September 10, 10:55PM-11:00PM ET",2026-09-11T03:00:00Z,2026-09-11T02:55:00Z,78.61771052803637,Up,"[""1"", ""0""]",0.99,,,0.49,0.01,resolved,0x959c7e61a7d0f73371f2d2c1a7636267a544a4960ca82831b6899d606e05a105,https://data.chain.link/streams/hype-usd-twap-60s-streams,78.61797177695713,2026-09-11 03:01:27+00
sol-updown-5m-1789095300,SOL,"Solana Up or Down - September 10, 10:55PM-11:00PM ET",2026-09-11T03:00:00Z,2026-09-11T02:55:00Z,99.24495706976477,Up,"[""1"", ""0""]",0.99,,,0.49,0.01,resolved,0x0186e920cc445bac2d8887db58f7a1d6568431b02184fbeb44e5e6161df397a2,https://data.chain.link/streams/sol-usd-twap-60s-streams,99.26034928992249,2026-09-11 03:01:27+00
xrp-updown-5m-1789095300,XRP,"XRP Up or Down - September 10, 10:55PM-11:00PM ET",2026-09-11T03:00:00Z,2026-09-11T02:55:00Z,1.3413522657702959,Up,"[""1"", ""0""]",0.99,,,0.49,0.01,resolved,0x22294fccae752ce08eaa04ecb6e49bdeab85f47e0f01dfccc975aee5525d3ac1,https://data.chain.link/streams/xrp-usd-twap-60s-streams,1.3419946723689453,2026-09-11 03:01:27+00
zec-updown-5m-1789095300,ZEC,"ZCash Up or Down - September 10, 10:55PM-11:00PM ET",2026-09-11T03:00:00Z,2026-09-11T02:55:00Z,1070.244276996231,Up,"[""1"", ""0""]",,,,0.495,0.01,resolved,0xa269799fe82ad1cdc1bcf6e13b9edd8c9e372b36fbadb4dd53b29985a21d8825,https://data.chain.link/streams/zec-usd-twap-60s-streams,1070.5225142365387,2026-09-11 03:01:27+00
bnb-updown-5m-1789095600,BNB,"BNB Up or Down - September 10, 11:00PM-11:05PM ET",2026-09-11T03:05:00Z,2026-09-11T03:00:00Z,710.8959193838773,Up,"[""1"", ""0""]",0.99,1677.6264589999996,,0.49,0.01,resolved,0x27b83a162da866639d0c138e6ab8d562847eee96f1c1c8008983b53b11421a31,https://data.chain.link/streams/bnb-usd-twap-60s-streams,710.8994218211644,2026-09-11 03:06:27+00
btc-updown-5m-1789095600,BTC,"Bitcoin Up or Down - September 10, 11:00PM-11:05PM ET",2026-09-11T03:05:00Z,2026-09-11T03:00:00Z,76813.55276408969,Down,"[""0"", ""1""]",0.01,48016.197254,,-0.5045,0.001,resolved,0xd6a451108c497ea553f76c4916d1191b0b437d29ebfced257cb65e3d7507c551,https://data.chain.link/streams/btc-usd-twap-60s-streams,76790.25394292337,2026-09-11 03:06:27+00
doge-updown-5m-1789095600,DOGE,"Dogecoin Up or Down - September 10, 11:00PM-11:05PM ET",2026-09-11T03:05:00Z,2026-09-11T03:00:00Z,0.0834526242768998,Down,"[""0"", ""1""]",0.53,343.72821500000003,,-0.495,0.01,resolved,0xfda47c274eadbb266d20bd7129c7a9e06693256a5133997479737367a468af7b,https://data.chain.link/streams/doge-usd-twap-60s-streams,0.08342007771685266,2026-09-11 03:06:27+00
eth-updown-5m-1789095600,ETH,"Ethereum Up or Down - September 10, 11:00PM-11:05PM ET",2026-09-11T03:05:00Z,2026-09-11T03:00:00Z,2445.8506356584794,Down,"[""0"", ""1""]",0.02,4079.752259000001,,-0.5,0.01,resolved,0x385a1162322b02f58d590002bbecfaae3acb4c379fc447b6b7713120233f4797,https://data.chain.link/streams/eth-usd-twap-60s-streams,2444.879865063668,2026-09-11 03:06:27+00
hype-updown-5m-1789095600,HYPE,"Hyperliquid Up or Down - September 10, 11:00PM-11:05PM ET",2026-09-11T03:05:00Z,2026-09-11T03:00:00Z,78.61797177695713,Up,"[""1"", ""0""]",0.98,65.947699,,0.4945,0.001,resolved,0x82a6ac531931697e31cba4bf534dee6b06abc483f8ad851b1895750d6a8987be,https://data.chain.link/streams/hype-usd-twap-60s-streams,78.63027261170326,2026-09-11 03:06:27+00
sol-updown-5m-1789095600,SOL,"Solana Up or Down - September 10, 11:00PM-11:05PM ET",2026-09-11T03:05:00Z,2026-09-11T03:00:00Z,99.26034928992249,Down,"[""0"", ""1""]",0.01,1421.4344039999999,,-0.5045,0.001,resolved,0x737e3f809cedb793886b9580a7a46dc8a605f3a68ce788ee0584d1b637a882b5,https://data.chain.link/streams/sol-usd-twap-60s-streams,99.22306695260063,2026-09-11 03:06:27+00
xrp-updown-5m-1789095600,XRP,"XRP Up or Down - September 10, 11:00PM-11:05PM ET",2026-09-11T03:05:00Z,2026-09-11T03:00:00Z,1.3419946723689453,Down,"[""0"", ""1""]",0.22,816.9132179999999,,-0.5045,0.001,resolved,0xe7cdb8d7f30abdb23317f2a29672f480975829f9068aa3abd86bb9d2de0a0dd2,https://data.chain.link/streams/xrp-usd-twap-60s-streams,1.3411421287648237,2026-09-11 03:06:27+00
zec-updown-5m-1789095600,ZEC,"ZCash Up or Down - September 10, 11:00PM-11:05PM ET",2026-09-11T03:05:00Z,2026-09-11T03:00:00Z,1070.5225142365387,Down,"[""0"", ""1""]",,,,-0.495,0.01,resolved,0xe7c8baea7a25c9bb07e983dba5ea818ba78e226f2d3dd7002bfc08b29405bb70,https://data.chain.link/streams/zec-usd-twap-60s-streams,1066.670242874393,2026-09-11 03:06:27+00
bnb-updown-5m-1789095900,BNB,"BNB Up or Down - September 10, 11:05PM-11:10PM ET",2026-09-11T03:10:00Z,2026-09-11T03:05:00Z,710.8994218211644,Down,"[""0"", ""1""]",0.08,148.156392,,-0.5045,0.001,resolved,0x3605ef23ebfa85aa27eb9b3237bbcf22b48f9a4aa2dd29d7530aad0985c3a52d,https://data.chain.link/streams/bnb-usd-twap-60s-streams,709.9638293551598,2026-09-11 03:10:55+00
btc-updown-5m-1789095900,BTC,"Bitcoin Up or Down - September 10, 11:05PM-11:10PM ET",2026-09-11T03:10:00Z,2026-09-11T03:05:00Z,76790.25394292337,Down,"[""0"", ""1""]",0.001,36736.966284999995,,-0.5045,0.001,resolved,0xfd33ad93ea6ea9f285a33c4c283266c1aabd221673d9c1c31d50b92353099765,https://data.chain.link/streams/btc-usd-twap-60s-streams,76687.77459642132,2026-09-11 03:10:55+00
doge-updown-5m-1789095900,DOGE,"Dogecoin Up or Down - September 10, 11:05PM-11:10PM ET",2026-09-11T03:10:00Z,2026-09-11T03:05:00Z,0.08342007771685266,Down,"[""0"", ""1""]",0.15,,,-0.4995,0.001,resolved,0x3097fa048a2c76f59fd4e7d1ae7073db6332b3451d83dbb741e37263470607af,https://data.chain.link/streams/doge-usd-twap-60s-streams,0.0832805631315896,2026-09-11 03:10:55+00
eth-updown-5m-1789095900,ETH,"Ethereum Up or Down - September 10, 11:05PM-11:10PM ET",2026-09-11T03:10:00Z,2026-09-11T03:05:00Z,2444.879865063668,Down,"[""0"", ""1""]",0.01,2060.096305,,-0.5045,0.001,resolved,0x82a12dae0ca0f85020b19af369cebe5e6d099699af2da4845118fe4ea1929b45,https://data.chain.link/streams/eth-usd-twap-60s-streams,2441.19550049283,2026-09-11 03:10:55+00
hype-updown-5m-1789095900,HYPE,"Hyperliquid Up or Down - September 10, 11:05PM-11:10PM ET",2026-09-11T03:10:00Z,2026-09-11T03:05:00Z,78.63027261170326,Down,"[""0"", ""1""]",0.09,,,-0.5045,0.001,resolved,0xfd38d627046fd70ac451d479f148ef61679d46d9ff3da0673c3b6f6e8bb4b3f1,https://data.chain.link/streams/hype-usd-twap-60s-streams,78.26985239493094,2026-09-11 03:10:55+00
sol-updown-5m-1789095900,SOL,"Solana Up or Down - September 10, 11:05PM-11:10PM ET",2026-09-11T03:10:00Z,2026-09-11T03:05:00Z,99.22306695260063,Down,"[""0"", ""1""]",0.03,910.4165680000001,,-0.5045,0.001,resolved,0x9212b3820bf5aa139b4d862144f732d11c6be6ceafcf3fb19dd2dab70c93167b,https://data.chain.link/streams/sol-usd-twap-60s-streams,98.94092584280557,2026-09-11 03:10:55+00
xrp-updown-5m-1789095900,XRP,"XRP Up or Down - September 10, 11:05PM-11:10PM ET",2026-09-11T03:10:00Z,2026-09-11T03:05:00Z,1.3411421287648237,Down,"[""0"", ""1""]",0.11,,,-0.5045,0.001,resolved,0xd7e6a1b68f347bed4a0a64b737372b4003db50b5a8243f74c4b3d81f3ed73d58,https://data.chain.link/streams/xrp-usd-twap-60s-streams,1.3380902535164474,2026-09-11 03:10:55+00
zec-updown-5m-1789095900,ZEC,"ZCash Up or Down - September 10, 11:05PM-11:10PM ET",2026-09-11T03:10:00Z,2026-09-11T03:05:00Z,1066.670242874393,Down,"[""0"", ""1""]",,,,-0.495,0.01,resolved,0x742fdb99700bc35a0a21e431b4033d698984507cdf3d7f1a2d6731bbf435e94a,https://data.chain.link/streams/zec-usd-twap-60s-streams,1055.8601075813708,2026-09-11 03:10:55+00
bnb-updown-5m-1789096200,BNB,"BNB Up or Down - September 10, 11:10PM-11:15PM ET",2026-09-11T03:15:00Z,2026-09-11T03:10:00Z,709.9638293551598,Up,"[""1"", ""0""]",0.99,,,0.49,0.01,resolved,0xd1886fa7f9de0e8cfa088f6e7da1c39d6df700a84031900dae92914f5abe56e5,https://data.chain.link/streams/bnb-usd-twap-60s-streams,711.5026520307988,2026-09-11 03:15:54+00
btc-updown-5m-1789096200,BTC,"Bitcoin Up or Down - September 10, 11:10PM-11:15PM ET",2026-09-11T03:15:00Z,2026-09-11T03:10:00Z,76687.77459642132,Up,"[""1"", ""0""]",0.99,49077.05191300001,,0.49,0.01,resolved,0xd6a67031def77b2fa33bd05e213cb76a28d51585ca3f2d17dfd975ee8acc6cca,https://data.chain.link/streams/btc-usd-twap-60s-streams,76844.81219806969,2026-09-11 03:15:54+00
doge-updown-5m-1789096200,DOGE,"Dogecoin Up or Down - September 10, 11:10PM-11:15PM ET",2026-09-11T03:15:00Z,2026-09-11T03:10:00Z,0.0832805631315896,Up,"[""1"", ""0""]",0.99,,,0.495,0.01,resolved,0x2601608378271db4c0b66881eed6d604bd30f28715e5d896262dd4fd2c5026c0,https://data.chain.link/streams/doge-usd-twap-60s-streams,0.08351966597725219,2026-09-11 03:15:54+00
eth-updown-5m-1789096200,ETH,"Ethereum Up or Down - September 10, 11:10PM-11:15PM ET",2026-09-11T03:15:00Z,2026-09-11T03:10:00Z,2441.19550049283,Up,"[""1"", ""0""]",0.99,,,0.49,0.01,resolved,0xf770373a4a4bdc349433288bd64186115624ce78760964f8f63a7d5955221f42,https://data.chain.link/streams/eth-usd-twap-60s-streams,2446.6271353392976,2026-09-11 03:15:54+00
hype-updown-5m-1789096200,HYPE,"Hyperliquid Up or Down - September 10, 11:10PM-11:15PM ET",2026-09-11T03:15:00Z,2026-09-11T03:10:00Z,78.26985239493094,Up,"[""1"", ""0""]",0.99,,,0.49,0.01,resolved,0x63bf9780dd70ea1db9d3bf4803f12012fed9dd7d5a476ba9de34c5a22517b798,https://data.chain.link/streams/hype-usd-twap-60s-streams,78.70195233450532,2026-09-11 03:15:54+00
sol-updown-5m-1789096200,SOL,"Solana Up or Down - September 10, 11:10PM-11:15PM ET",2026-09-11T03:15:00Z,2026-09-11T03:10:00Z,98.94092584280557,Up,"[""1"", ""0""]",0.99,,,0.49,0.01,resolved,0x4a798b4119edfea5469292985f889f6fa1321b44b91e5bae6e67c1bcaddecc53,https://data.chain.link/streams/sol-usd-twap-60s-streams,99.27889970767069,2026-09-11 03:15:54+00
xrp-updown-5m-1789096200,XRP,"XRP Up or Down - September 10, 11:10PM-11:15PM ET",2026-09-11T03:15:00Z,2026-09-11T03:10:00Z,1.3380902535164474,Up,"[""1"", ""0""]",0.99,,,0.49,0.01,resolved,0x8e92a75b16d4e6657aec9c5d0b1ffd473feed86642316038d9fcf934fbca4257,https://data.chain.link/streams/xrp-usd-twap-60s-streams,1.3417182476441554,2026-09-11 03:15:54+00
zec-updown-5m-1789096200,ZEC,"ZCash Up or Down - September 10, 11:10PM-11:15PM ET",2026-09-11T03:15:00Z,2026-09-11T03:10:00Z,1055.8601075813708,Up,"[""1"", ""0""]",,,,0.005,0.99,resolved,0x1732d848ff2d2dd9b7065903a479d166791eff03d7691b718d576c5ca3693373,https://data.chain.link/streams/zec-usd-twap-60s-streams,1065.7798209401824,2026-09-11 03:15:54+00
bnb-updown-5m-1789096500,BNB,"BNB Up or Down - September 10, 11:15PM-11:20PM ET",2026-09-11T03:20:00Z,2026-09-11T03:15:00Z,711.5026520307988,Up,"[""1"", ""0""]",0.99,324.99878199999995,,0.4945,0.001,resolved,0x0369abf9057312220ee06da2e9d40ecc8b0dd6cb0211e36f5a135895709d2086,https://data.chain.link/streams/bnb-usd-twap-60s-streams,711.707617813192,2026-09-11 03:22:33+00
btc-updown-5m-1789096500,BTC,"Bitcoin Up or Down - September 10, 11:15PM-11:20PM ET",2026-09-11T03:20:00Z,2026-09-11T03:15:00Z,76844.81219806969,Down,"[""0"", ""1""]",0.01,37998.767075000025,,-0.5045,0.001,resolved,0xcd570cfc039c74db84ddc594dd6be6526e1dbfaf035266bb332c762fdb6310da,https://data.chain.link/streams/btc-usd-twap-60s-streams,76813.95346159581,2026-09-11 03:22:33+00
doge-updown-5m-1789096500,DOGE,"Dogecoin Up or Down - September 10, 11:15PM-11:20PM ET",2026-09-11T03:20:00Z,2026-09-11T03:15:00Z,0.08351966597725219,Down,"[""0"", ""1""]",0.19,229.257044,,-0.4995,0.001,resolved,0xb732e0f9a84551e8fa8b073a92e03cc043106c6060ae7678a17e907b07762c04,https://data.chain.link/streams/doge-usd-twap-60s-streams,0.0834549578410836,2026-09-11 03:22:33+00
eth-updown-5m-1789096500,ETH,"Ethereum Up or Down - September 10, 11:15PM-11:20PM ET",2026-09-11T03:20:00Z,2026-09-11T03:15:00Z,2446.6271353392976,Down,"[""0"", ""1""]",0.06,3580.0492350000004,,-0.5045,0.001,resolved,0xf4376f8513f9fda80e6003bb094bec5461cbe99aa471a433c3a46b95d03848c4,https://data.chain.link/streams/eth-usd-twap-60s-streams,2445.590888703431,2026-09-11 03:22:33+00
hype-updown-5m-1789096500,HYPE,"Hyperliquid Up or Down - September 10, 11:15PM-11:20PM ET",2026-09-11T03:20:00Z,2026-09-11T03:15:00Z,78.70195233450532,Down,"[""0"", ""1""]",0.11,33.643532,,-0.5045,0.001,resolved,0x8c9546e66cf079d92f2a21243eb3c7a120eb9e8c1f002807aec8ea2b8c8cedf6,https://data.chain.link/streams/hype-usd-twap-60s-streams,78.6866157496581,2026-09-11 03:22:33+00
sol-updown-5m-1789096500,SOL,"Solana Up or Down - September 10, 11:15PM-11:20PM ET",2026-09-11T03:20:00Z,2026-09-11T03:15:00Z,99.27889970767069,Down,"[""0"", ""1""]",0.02,600.748213,,-0.5045,0.001,resolved,0xe412d48d16356e7bf647ba57962b10a0559e80ed2833881a1df3f122d63e8551,https://data.chain.link/streams/sol-usd-twap-60s-streams,99.16000893416216,2026-09-11 03:22:33+00
xrp-updown-5m-1789096500,XRP,"XRP Up or Down - September 10, 11:15PM-11:20PM ET",2026-09-11T03:20:00Z,2026-09-11T03:15:00Z,1.3417182476441554,Down,"[""0"", ""1""]",0.03,593.212773,,-0.5045,0.001,resolved,0x5e3d5d6f67104889f6f72e5ac32d3af65ba01e570fcbc14cd6951be52f255aaf,https://data.chain.link/streams/xrp-usd-twap-60s-streams,1.340087734293908,2026-09-11 03:22:33+00
zec-updown-5m-1789096500,ZEC,"ZCash Up or Down - September 10, 11:15PM-11:20PM ET",2026-09-11T03:20:00Z,2026-09-11T03:15:00Z,1065.7798209401824,Down,"[""0"", ""1""]",,,,-0.4995,0.001,resolved,0x56cbc24a30c593cfaf26267cf580ca13a5069a343a965714a7b69ac60ad41905,https://data.chain.link/streams/zec-usd-twap-60s-streams,1063.6254176783214,2026-09-11 03:22:33+00
bnb-updown-5m-1789096800,BNB,"BNB Up or Down - September 10, 11:20PM-11:25PM ET",2026-09-11T03:25:00Z,2026-09-11T03:20:00Z,711.707617813192,Down,"[""0"", ""1""]",0.31,122.47205499999998,,-0.5045,0.001,resolved,0xa45aebdabb5ab6eb9b33eb1b400e3d03d4d813aa18c93c8b315b902b26e33885,https://data.chain.link/streams/bnb-usd-twap-60s-streams,710.6772540292003,2026-09-11 03:26:27+00
btc-updown-5m-1789096800,BTC,"Bitcoin Up or Down - September 10, 11:20PM-11:25PM ET",2026-09-11T03:25:00Z,2026-09-11T03:20:00Z,76813.95346159581,Down,"[""0"", ""1""]",0.001,30273.122796999996,,-0.5045,0.001,resolved,0xa2fcdf71b0043885a818624f34fd598613e59904fd67b4c3b94c4518031e4afe,https://data.chain.link/streams/btc-usd-twap-60s-streams,76747.7921287829,2026-09-11 03:26:27+00
doge-updown-5m-1789096800,DOGE,"Dogecoin Up or Down - September 10, 11:20PM-11:25PM ET",2026-09-11T03:25:00Z,2026-09-11T03:20:00Z,0.0834549578410836,Down,"[""0"", ""1""]",0.14,,,-0.4995,0.001,resolved,0xd6015058500e4e6270dc7e30b9875c926d7580084a2de83b5e57b52bac7f4ac0,https://data.chain.link/streams/doge-usd-twap-60s-streams,0.08339440055629678,2026-09-11 03:26:25+00
eth-updown-5m-1789096800,ETH,"Ethereum Up or Down - September 10, 11:20PM-11:25PM ET",2026-09-11T03:25:00Z,2026-09-11T03:20:00Z,2445.590888703431,Down,"[""0"", ""1""]",0.01,2111.1940259999997,,-0.5045,0.001,resolved,0xb162928846c3e49e2b7281d028adb0ea108257b43e078265fd8781704342a768,https://data.chain.link/streams/eth-usd-twap-60s-streams,2442.43858352497,2026-09-11 03:26:27+00
hype-updown-5m-1789096800,HYPE,"Hyperliquid Up or Down - September 10, 11:20PM-11:25PM ET",2026-09-11T03:25:00Z,2026-09-11T03:20:00Z,78.6866157496581,Down,"[""0"", ""1""]",,,,-0.5045,0.001,resolved,0xd907f946ee3bfe19a9ce2b53841b237f874a0d57a2454f65fc7b0e525feabfd3,https://data.chain.link/streams/hype-usd-twap-60s-streams,78.62595345654643,2026-09-11 03:26:27+00
sol-updown-5m-1789096800,SOL,"Solana Up or Down - September 10, 11:20PM-11:25PM ET",2026-09-11T03:25:00Z,2026-09-11T03:20:00Z,99.16000893416216,Down,"[""0"", ""1""]",0.01,1447.29333,,-0.5045,0.001,resolved,0xd078294d0256768dedb7eb52e39cda074b288d7c8a367fb15828f71527c3f917,https://data.chain.link/streams/sol-usd-twap-60s-streams,99.05192874935052,2026-09-11 03:26:25+00
xrp-updown-5m-1789096800,XRP,"XRP Up or Down - September 10, 11:20PM-11:25PM ET",2026-09-11T03:25:00Z,2026-09-11T03:20:00Z,1.340087734293908,Down,"[""0"", ""1""]",0.11,625.7170950000001,,-0.5045,0.001,resolved,0x6eb211b5c7d8caa9d126813a937386742b78469e589fcd56c18c2cab57835d8b,https://data.chain.link/streams/xrp-usd-twap-60s-streams,1.338751897879365,2026-09-11 03:26:25+00
zec-updown-5m-1789096800,ZEC,"ZCash Up or Down - September 10, 11:20PM-11:25PM ET",2026-09-11T03:25:00Z,2026-09-11T03:20:00Z,1063.6254176783214,Down,"[""0"", ""1""]",,,,-0.4995,0.001,resolved,0x3541640dc511e036190f450a4f6a402ad3fb3931b3e6db920199737d61f3d111,https://data.chain.link/streams/zec-usd-twap-60s-streams,1061.3581140028493,2026-09-11 03:26:25+00
bnb-updown-5m-1789097100,BNB,"BNB Up or Down - September 10, 11:25PM-11:30PM ET",2026-09-11T03:30:00Z,2026-09-11T03:25:00Z,710.6772540292003,Up,"[""1"", ""0""]",0.99,,,0.4945,0.001,resolved,0x7d9bc53b41e95804d08f83fb1b35a17bf1d312b7366bf9ca67d806cf922e7481,https://data.chain.link/streams/bnb-usd-twap-60s-streams,711.0699406818571,2026-09-11 03:32:31+00
btc-updown-5m-1789097100,BTC,"Bitcoin Up or Down - September 10, 11:25PM-11:30PM ET",2026-09-11T03:30:00Z,2026-09-11T03:25:00Z,76747.7921287829,Up,"[""1"", ""0""]",0.999,28704.019873000005,,0.4945,0.001,resolved,0xe96c010a282da70b0053e449a39b69b85ba84719edc8febfe8eb5b494065a25c,https://data.chain.link/streams/btc-usd-twap-60s-streams,76787.92624932372,2026-09-11 03:32:31+00
doge-updown-5m-1789097100,DOGE,"Dogecoin Up or Down - September 10, 11:25PM-11:30PM ET",2026-09-11T03:30:00Z,2026-09-11T03:25:00Z,0.08339440055629678,Up,"[""1"", ""0""]",0.99,,,0.4995,0.001,resolved,0x7d1bb50f2afb41db0654bc8dc6efc09b2f525047a40e3c6a9b257c33b4733f50,https://data.chain.link/streams/doge-usd-twap-60s-streams,0.08346825247834123,2026-09-11 03:32:31+00
eth-updown-5m-1789097100,ETH,"Ethereum Up or Down - September 10, 11:25PM-11:30PM ET",2026-09-11T03:30:00Z,2026-09-11T03:25:00Z,2442.43858352497,Down,"[""0"", ""1""]",0.22,,,-0.5045,0.001,resolved,0x155a14d68b8b10b58f2cdb3cb03fd45254cf165026ad3f7f5c630289be062255,https://data.chain.link/streams/eth-usd-twap-60s-streams,2442.3786469381544,2026-09-11 03:32:31+00
hype-updown-5m-1789097100,HYPE,"Hyperliquid Up or Down - September 10, 11:25PM-11:30PM ET",2026-09-11T03:30:00Z,2026-09-11T03:25:00Z,78.62595345654643,Up,"[""1"", ""0""]",0.999,,,0.4945,0.001,resolved,0xa1573c8f71988c673bd017a5896bac6c47beb96c21a0beccfc4a0e223aa22efa,https://data.chain.link/streams/hype-usd-twap-60s-streams,78.69500083630233,2026-09-11 03:32:31+00
sol-updown-5m-1789097100,SOL,"Solana Up or Down - September 10, 11:25PM-11:30PM ET",2026-09-11T03:30:00Z,2026-09-11T03:25:00Z,99.05192874935052,Up,"[""1"", ""0""]",0.999,,,0.4945,0.001,resolved,0xd27484f1ffe753daefd98f331d797c2abaad3efcede7069a95fb8a38bcbc1a7e,https://data.chain.link/streams/sol-usd-twap-60s-streams,99.21167198386476,2026-09-11 03:32:31+00
xrp-updown-5m-1789097100,XRP,"XRP Up or Down - September 10, 11:25PM-11:30PM ET",2026-09-11T03:30:00Z,2026-09-11T03:25:00Z,1.338751897879365,Up,"[""1"", ""0""]",0.99,,,0.4945,0.001,resolved,0x134fd65b764b9295d3d1660918ed55a6282ffeb44e204d22d056183fb602bd46,https://data.chain.link/streams/xrp-usd-twap-60s-streams,1.340346817966152,2026-09-11 03:32:31+00
zec-updown-5m-1789097100,ZEC,"ZCash Up or Down - September 10, 11:25PM-11:30PM ET",2026-09-11T03:30:00Z,2026-09-11T03:25:00Z,1061.3581140028493,Up,"[""1"", ""0""]",,,,0.4995,0.001,resolved,0xc2c136ef979211f1d5fb547ba3473fed9da08723339f8a96bd3da8307ae0bad1,https://data.chain.link/streams/zec-usd-twap-60s-streams,1063.3827289800006,2026-09-11 03:32:31+00
bnb-updown-5m-1789097400,BNB,"BNB Up or Down - September 10, 11:30PM-11:35PM ET",2026-09-11T03:35:00Z,2026-09-11T03:30:00Z,711.0699406818571,Down,"[""0"", ""1""]",0.19,,,-0.5045,0.001,resolved,0x0879f95601845a4316d0c9fa4cda8da771db3fb60be25e0dfa943c43a0d28565,https://data.chain.link/streams/bnb-usd-twap-60s-streams,710.1473956985075,2026-09-11 03:35:55+00
btc-updown-5m-1789097400,BTC,"Bitcoin Up or Down - September 10, 11:30PM-11:35PM ET",2026-09-11T03:35:00Z,2026-09-11T03:30:00Z,76787.92624932372,Down,"[""0"", ""1""]",0.01,,,-0.5,0.01,resolved,0x2d5075a095e81ee92907d61fe06d0187f32385971872abf54651660969ce44a6,https://data.chain.link/streams/btc-usd-twap-60s-streams,76705.59839167591,2026-09-11 03:35:54+00
doge-updown-5m-1789097400,DOGE,"Dogecoin Up or Down - September 10, 11:30PM-11:35PM ET",2026-09-11T03:35:00Z,2026-09-11T03:30:00Z,0.08346825247834123,Down,"[""0"", ""1""]",0.2,,,-0.495,0.01,resolved,0x658a756e117c42bffe9b8425eb51fef1aa65b714755a2ab1296fff4a9ea3f334,https://data.chain.link/streams/doge-usd-twap-60s-streams,0.08340110606085888,2026-09-11 03:35:55+00
eth-updown-5m-1789097400,ETH,"Ethereum Up or Down - September 10, 11:30PM-11:35PM ET",2026-09-11T03:35:00Z,2026-09-11T03:30:00Z,2442.3786469381544,Down,"[""0"", ""1""]",0.04,,,-0.5,0.01,resolved,0xf8e17b77a03d5ce5023c4141764bff0a13561bd3a94f1ec7a7ec48cab746e084,https://data.chain.link/streams/eth-usd-twap-60s-streams,2440.079976549252,2026-09-11 03:35:54+00
hype-updown-5m-1789097400,HYPE,"Hyperliquid Up or Down - September 10, 11:30PM-11:35PM ET",2026-09-11T03:35:00Z,2026-09-11T03:30:00Z,78.69500083630233,Down,"[""0"", ""1""]",0.29,,,-0.5,0.01,resolved,0x936b587253734a6d25abb15b97c459fc02f489707a2f63af04711bda423416e5,https://data.chain.link/streams/hype-usd-twap-60s-streams,78.41603138808443,2026-09-11 03:35:54+00
sol-updown-5m-1789097400,SOL,"Solana Up or Down - September 10, 11:30PM-11:35PM ET",2026-09-11T03:35:00Z,2026-09-11T03:30:00Z,99.21167198386476,Down,"[""0"", ""1""]",0.06,,,-0.5,0.01,resolved,0x944f1f7a4863d2e0b96b1133a022f4a353736e45d32a183e7ba2caf54c4fff2e,https://data.chain.link/streams/sol-usd-twap-60s-streams,99.06474636143841,2026-09-11 03:35:55+00
xrp-updown-5m-1789097400,XRP,"XRP Up or Down - September 10, 11:30PM-11:35PM ET",2026-09-11T03:35:00Z,2026-09-11T03:30:00Z,1.340346817966152,Down,"[""0"", ""1""]",0.21,,,-0.5,0.01,resolved,0xa6d7914a8df152f8a7bd5c679146ace1bcc943a5d8084f9f2f351800115e2798,https://data.chain.link/streams/xrp-usd-twap-60s-streams,1.3391966236134223,2026-09-11 03:35:54+00
zec-updown-5m-1789097400,ZEC,"ZCash Up or Down - September 10, 11:30PM-11:35PM ET",2026-09-11T03:35:00Z,2026-09-11T03:30:00Z,1063.3827289800006,Down,"[""0"", ""1""]",,,,-0.495,0.01,resolved,0x0a6202a20b0bbbb26ea88538b489101efd0d8e4aeb46a89f304077bbff4609a3,https://data.chain.link/streams/zec-usd-twap-60s-streams,1061.2276924078394,2026-09-11 03:35:55+00
bnb-updown-5m-1789097700,BNB,"BNB Up or Down - September 10, 11:35PM-11:40PM ET",2026-09-11T03:40:00Z,2026-09-11T03:35:00Z,710.1473956985075,Up,"[""1"", ""0""]",0.99,,,0.4945,0.001,resolved,0x2e08f1527a7edcc93c2a3edd1973b554f7d801b08e08d0914a0e426a0e17f51a,https://data.chain.link/streams/bnb-usd-twap-60s-streams,711.676193873253,2026-09-11 03:41:27+00
btc-updown-5m-1789097700,BTC,"Bitcoin Up or Down - September 10, 11:35PM-11:40PM ET",2026-09-11T03:40:00Z,2026-09-11T03:35:00Z,76705.59839167591,Up,"[""1"", ""0""]",0.999,28670.094558000015,,0.4945,0.001,resolved,0x67de144ced896c48d69d62bfe13aa2600a872d89f921f046b7b22e5e088f6d49,https://data.chain.link/streams/btc-usd-twap-60s-streams,76837.88041579274,2026-09-11 03:41:27+00
doge-updown-5m-1789097700,DOGE,"Dogecoin Up or Down - September 10, 11:35PM-11:40PM ET",2026-09-11T03:40:00Z,2026-09-11T03:35:00Z,0.08340110606085888,Up,"[""1"", ""0""]",0.99,,,0.4995,0.001,resolved,0x6ca56e48c573965b81b9e08a54ae6459b59d658c5a0b9685c0542f6624d6d11c,https://data.chain.link/streams/doge-usd-twap-60s-streams,0.08363952532734845,2026-09-11 03:41:27+00
eth-updown-5m-1789097700,ETH,"Ethereum Up or Down - September 10, 11:35PM-11:40PM ET",2026-09-11T03:40:00Z,2026-09-11T03:35:00Z,2440.079976549252,Up,"[""1"", ""0""]",0.999,1667.698012,,0.4945,0.001,resolved,0xd0cc60233fbb9ac4b9817832b34505b85957cf5a4e2bb9b375c7aacee3d20015,https://data.chain.link/streams/eth-usd-twap-60s-streams,2445.5885421945254,2026-09-11 03:41:27+00
hype-updown-5m-1789097700,HYPE,"Hyperliquid Up or Down - September 10, 11:35PM-11:40PM ET",2026-09-11T03:40:00Z,2026-09-11T03:35:00Z,78.41603138808443,Up,"[""1"", ""0""]",0.98,,,0.4945,0.001,resolved,0xf2c62d1ce4aba2a3c92621909b7916b72a7beec50ddf5965fad43cecfe8e14f3,https://data.chain.link/streams/hype-usd-twap-60s-streams,78.71336979307642,2026-09-11 03:41:27+00
sol-updown-5m-1789097700,SOL,"Solana Up or Down - September 10, 11:35PM-11:40PM ET",2026-09-11T03:40:00Z,2026-09-11T03:35:00Z,99.06474636143841,Up,"[""1"", ""0""]",0.99,,,0.4945,0.001,resolved,0x716b5fcd51fc093397b8317f3a3750b6869571d5d7665567c530ad2931772717,https://data.chain.link/streams/sol-usd-twap-60s-streams,99.35674591837184,2026-09-11 03:41:27+00
xrp-updown-5m-1789097700,XRP,"XRP Up or Down - September 10, 11:35PM-11:40PM ET",2026-09-11T03:40:00Z,2026-09-11T03:35:00Z,1.3391966236134223,Up,"[""1"", ""0""]",0.99,,,0.4945,0.001,resolved,0x45e33a49b34e11793e3ad9790d42e0229fe88bc5726ce425d2c7aab634fd6420,https://data.chain.link/streams/xrp-usd-twap-60s-streams,1.3427871605423845,2026-09-11 03:41:25+00
zec-updown-5m-1789097700,ZEC,"ZCash Up or Down - September 10, 11:35PM-11:40PM ET",2026-09-11T03:40:00Z,2026-09-11T03:35:00Z,1061.2276924078394,Up,"[""1"", ""0""]",,,,0.495,0.01,resolved,0x3437a354b1eea36f8e01c602a33571b5a82c8eb9cccce8db4d987cb67f620394,https://data.chain.link/streams/zec-usd-twap-60s-streams,1065.891711912204,2026-09-11 03:41:27+00
bnb-updown-5m-1789098000,BNB,"BNB Up or Down - September 10, 11:40PM-11:45PM ET",2026-09-11T03:45:00Z,2026-09-11T03:40:00Z,711.676193873253,Up,"[""1"", ""0""]",0.99,,,0.4945,0.001,resolved,0x7d15c3373abc0bf95bedc756ffd0adf3b58fab19ae9768d15d48a25ae1d675ce,https://data.chain.link/streams/bnb-usd-twap-60s-streams,711.954445147238,2026-09-11 03:46:25+00
btc-updown-5m-1789098000,BTC,"Bitcoin Up or Down - September 10, 11:40PM-11:45PM ET",2026-09-11T03:45:00Z,2026-09-11T03:40:00Z,76837.88041579274,Down,"[""0"", ""1""]",0.01,,,-0.5045,0.001,resolved,0xe5d4014b6b1dad79b0d0952fc044017bdfa606aaea76bb16d3b2142294216bef,https://data.chain.link/streams/btc-usd-twap-60s-streams,76831.3914706257,2026-09-11 03:46:27+00
doge-updown-5m-1789098000,DOGE,"Dogecoin Up or Down - September 10, 11:40PM-11:45PM ET",2026-09-11T03:45:00Z,2026-09-11T03:40:00Z,0.08363952532734845,Down,"[""0"", ""1""]",0.8,,,-0.4995,0.001,resolved,0x5d4a40ca973ba89bbf1f8ad4f286f44b78521483087d1c5011b5d4537a49aee2,https://data.chain.link/streams/doge-usd-twap-60s-streams,0.08362829215664358,2026-09-11 03:46:25+00
eth-updown-5m-1789098000,ETH,"Ethereum Up or Down - September 10, 11:40PM-11:45PM ET",2026-09-11T03:45:00Z,2026-09-11T03:40:00Z,2445.5885421945254,Up,"[""1"", ""0""]",0.99,,,0.4945,0.001,resolved,0x83e399255172f5f7439dbe06a7e61c014238c32df7cdd87880160056f7ac3ef2,https://data.chain.link/streams/eth-usd-twap-60s-streams,2445.8159201187887,2026-09-11 03:46:25+00
hype-updown-5m-1789098000,HYPE,"Hyperliquid Up or Down - September 10, 11:40PM-11:45PM ET",2026-09-11T03:45:00Z,2026-09-11T03:40:00Z,78.71336979307642,Up,"[""1"", ""0""]",0.98,,,0.4945,0.001,resolved,0x492eb24257e4514500f999975ba485fb74cc46e7855cdbf1602d602022cf0868,https://data.chain.link/streams/hype-usd-twap-60s-streams,78.72364489028209,2026-09-11 03:46:25+00
sol-updown-5m-1789098000,SOL,"Solana Up or Down - September 10, 11:40PM-11:45PM ET",2026-09-11T03:45:00Z,2026-09-11T03:40:00Z,99.35674591837184,Down,"[""0"", ""1""]",0.02,,,-0.5045,0.001,resolved,0x31781aaea3f3573351545860a9eef969357981ce17e1dc9d01f3ea680830de26,https://data.chain.link/streams/sol-usd-twap-60s-streams,99.35436723581635,2026-09-11 03:46:25+00
xrp-updown-5m-1789098000,XRP,"XRP Up or Down - September 10, 11:40PM-11:45PM ET",2026-09-11T03:45:00Z,2026-09-11T03:40:00Z,1.3427871605423845,Down,"[""0"", ""1""]",0.31,,,-0.5045,0.001,resolved,0x17fec8f0a1849b9b6a289fd26e7eed5a6523e27b5cf5f37ed99a4452da4957c4,https://data.chain.link/streams/xrp-usd-twap-60s-streams,1.3421904731670533,2026-09-11 03:46:25+00
zec-updown-5m-1789098000,ZEC,"ZCash Up or Down - September 10, 11:40PM-11:45PM ET",2026-09-11T03:45:00Z,2026-09-11T03:40:00Z,1065.891711912204,Up,"[""1"", ""0""]",,,,0.495,0.01,resolved,0xea437d99434bb2f899735347180e4c77b63ca40cf1c4d91af6305f0aea72308c,https://data.chain.link/streams/zec-usd-twap-60s-streams,1070.6195430557332,2026-09-11 03:46:25+00
bnb-updown-5m-1789098300,BNB,"BNB Up or Down - September 10, 11:45PM-11:50PM ET",2026-09-11T03:50:00Z,2026-09-11T03:45:00Z,711.954445147238,Down,"[""0"", ""1""]",0.42,127.000066,,-0.5045,0.001,resolved,0x159e4e322e31168308a210a7d6fcfe4739f43824d9309e25ddf2a2ea037b4131,https://data.chain.link/streams/bnb-usd-twap-60s-streams,711.4533942342364,2026-09-11 03:51:27+00
btc-updown-5m-1789098300,BTC,"Bitcoin Up or Down - September 10, 11:45PM-11:50PM ET",2026-09-11T03:50:00Z,2026-09-11T03:45:00Z,76831.3914706257,Down,"[""0"", ""1""]",0.001,27415.646592999983,,-0.5045,0.001,resolved,0x8b60b0c5a73c730f88f242567c144c3d9463817461f6ed21a24e7c19d77a2128,https://data.chain.link/streams/btc-usd-twap-60s-streams,76774.3667871725,2026-09-11 03:51:27+00
doge-updown-5m-1789098300,DOGE,"Dogecoin Up or Down - September 10, 11:45PM-11:50PM ET",2026-09-11T03:50:00Z,2026-09-11T03:45:00Z,0.08362829215664358,Down,"[""0"", ""1""]",0.15,41.747263000000004,,-0.495,0.01,resolved,0x9718e2a90aed39e374cf787be177afcfb2d8a5bfeaffa63163129ad5ca0e70fb,https://data.chain.link/streams/doge-usd-twap-60s-streams,0.08360021225510067,2026-09-11 03:51:27+00
eth-updown-5m-1789098300,ETH,"Ethereum Up or Down - September 10, 11:45PM-11:50PM ET",2026-09-11T03:50:00Z,2026-09-11T03:45:00Z,2445.8159201187887,Down,"[""0"", ""1""]",0.02,2446.0909099999994,,-0.5045,0.001,resolved,0xb409572672c15ae5907bd4aff3796d2bb3428585c57efe666befb56c85f96062,https://data.chain.link/streams/eth-usd-twap-60s-streams,2443.1946787377806,2026-09-11 03:51:25+00
hype-updown-5m-1789098300,HYPE,"Hyperliquid Up or Down - September 10, 11:45PM-11:50PM ET",2026-09-11T03:50:00Z,2026-09-11T03:45:00Z,78.72364489028209,Down,"[""0"", ""1""]",0.19,16.48868,,-0.5,0.01,resolved,0xc36126ffb3a1b82427950a5cee11ea9218cd76cd8bdd56fa62b3e968e0f08037,https://data.chain.link/streams/hype-usd-twap-60s-streams,78.70121886313167,2026-09-11 03:51:27+00
sol-updown-5m-1789098300,SOL,"Solana Up or Down - September 10, 11:45PM-11:50PM ET",2026-09-11T03:50:00Z,2026-09-11T03:45:00Z,99.35436723581635,Down,"[""0"", ""1""]",0.09,478.054818,,-0.5045,0.001,resolved,0x0fda2ef17ea886eb02dbbbbe03dc2b75181187e58b587d7d3db9acc5a889a6f6,https://data.chain.link/streams/sol-usd-twap-60s-streams,99.26894991514254,2026-09-11 03:51:25+00
xrp-updown-5m-1789098300,XRP,"XRP Up or Down - September 10, 11:45PM-11:50PM ET",2026-09-11T03:50:00Z,2026-09-11T03:45:00Z,1.3421904731670533,Down,"[""0"", ""1""]",0.01,485.94304399999993,,-0.5,0.01,resolved,0x27f35c7eb36805e69c4472b19a742e19ec6b96447a0a6479bd5dff5a7c25cd93,https://data.chain.link/streams/xrp-usd-twap-60s-streams,1.3410883089763324,2026-09-11 03:51:27+00
zec-updown-5m-1789098300,ZEC,"ZCash Up or Down - September 10, 11:45PM-11:50PM ET",2026-09-11T03:50:00Z,2026-09-11T03:45:00Z,1070.6195430557332,Down,"[""0"", ""1""]",,,,-0.495,0.01,resolved,0x2f13165a79adbfaaf91b2f27b1091fe290ebf1a0d1305e43142fd05cc31daef2,https://data.chain.link/streams/zec-usd-twap-60s-streams,1067.4602745780537,2026-09-11 03:51:27+00
bnb-updown-5m-1789098600,BNB,"BNB Up or Down - September 10, 11:50PM-11:55PM ET",2026-09-11T03:55:00Z,2026-09-11T03:50:00Z,711.4533942342364,Up,"[""1"", ""0""]",0.99,162.2819,,0.49,0.01,resolved,0x9df03924501fd9a5c1624a3a18db9f3e654022ccfced73730964028fa0370022,https://data.chain.link/streams/bnb-usd-twap-60s-streams,711.5350458983692,2026-09-11 03:55:54+00
btc-updown-5m-1789098600,BTC,"Bitcoin Up or Down - September 10, 11:50PM-11:55PM ET",2026-09-11T03:55:00Z,2026-09-11T03:50:00Z,76774.3667871725,Up,"[""1"", ""0""]",0.99,49777.372836,9.803922,0.49,0.01,resolved,0x55a474f8b9ff350371d4acd94a9a820d102f81aa00950d1049f67fedf46c1f30,https://data.chain.link/streams/btc-usd-twap-60s-streams,76778.49282506802,2026-09-11 03:55:54+00
doge-updown-5m-1789098600,DOGE,"Dogecoin Up or Down - September 10, 11:50PM-11:55PM ET",2026-09-11T03:55:00Z,2026-09-11T03:50:00Z,0.08360021225510067,Up,"[""1"", ""0""]",0.99,,,0.495,0.01,resolved,0x9e05695f33d4aa6a28f1829b96e8ded366fb1c96c0595eb14c0ae251bc306a56,https://data.chain.link/streams/doge-usd-twap-60s-streams,0.083656078670287,2026-09-11 03:55:54+00
eth-updown-5m-1789098600,ETH,"Ethereum Up or Down - September 10, 11:50PM-11:55PM ET",2026-09-11T03:55:00Z,2026-09-11T03:50:00Z,2443.1946787377806,Down,"[""0"", ""1""]",0.01,5009.671772,,-0.5,0.01,resolved,0xe3de52216e136db536b80bda2ca2ff11aaa00a2231d87aaea3463f32bffb5ef6,https://data.chain.link/streams/eth-usd-twap-60s-streams,2443.091794889885,2026-09-11 03:55:54+00
hype-updown-5m-1789098600,HYPE,"Hyperliquid Up or Down - September 10, 11:50PM-11:55PM ET",2026-09-11T03:55:00Z,2026-09-11T03:50:00Z,78.70121886313167,Down,"[""0"", ""1""]",0.41,,,-0.5,0.01,resolved,0xfb5218ab9d0c8d67a4c32fb769d9d9d6b49e9990b5f23f12231fd00993bcaca4,https://data.chain.link/streams/hype-usd-twap-60s-streams,78.65564311334681,2026-09-11 03:55:54+00
sol-updown-5m-1789098600,SOL,"Solana Up or Down - September 10, 11:50PM-11:55PM ET",2026-09-11T03:55:00Z,2026-09-11T03:50:00Z,99.26894991514254,Down,"[""0"", ""1""]",0.07,884.8230289999999,,-0.5,0.01,resolved,0xe51159a2f6330a42fff4429743da634cef1454d827d7192a3925c4fa5515e7a5,https://data.chain.link/streams/sol-usd-twap-60s-streams,99.24652541224431,2026-09-11 03:55:54+00
xrp-updown-5m-1789098600,XRP,"XRP Up or Down - September 10, 11:50PM-11:55PM ET",2026-09-11T03:55:00Z,2026-09-11T03:50:00Z,1.3410883089763324,Up,"[""1"", ""0""]",0.99,709.5526910000001,,0.49,0.01,resolved,0x2e73427c3996d718aeb7040275ad11ffc0305196c12cdb956b9bb6d177b79cf4,https://data.chain.link/streams/xrp-usd-twap-60s-streams,1.3412563773016783,2026-09-11 03:55:54+00
zec-updown-5m-1789098600,ZEC,"ZCash Up or Down - September 10, 11:50PM-11:55PM ET",2026-09-11T03:55:00Z,2026-09-11T03:50:00Z,1067.4602745780537,Down,"[""0"", ""1""]",,,,-0.495,0.01,resolved,0xcd3d510aab38b5fe5e79a7fd988789b22363f7b3a99dd11983ecb474ee58c6ae,https://data.chain.link/streams/zec-usd-twap-60s-streams,1064.7709832451928,2026-09-11 03:55:54+00
bnb-updown-5m-1789098900,BNB,"BNB Up or Down - September 10, 11:55PM-12:00AM ET",2026-09-11T04:00:00Z,2026-09-11T03:55:00Z,711.5350458983692,Up,"[""1"", ""0""]",0.99,,,0.4945,0.001,resolved,0x63445b653899f8db080dc25e7ee5b2920b9f42731908b2275dd05deeb2e9561a,https://data.chain.link/streams/bnb-usd-twap-60s-streams,711.9432468790181,2026-09-11 04:01:27+00
btc-updown-5m-1789098900,BTC,"Bitcoin Up or Down - September 10, 11:55PM-12:00AM ET",2026-09-11T04:00:00Z,2026-09-11T03:55:00Z,76778.49282506802,Up,"[""1"", ""0""]",0.999,50273.51122200001,19.921569,0.4945,0.001,resolved,0x98ed12b44931b41fae4aa8e9c62700c74be194bbea32dfd88d8e6bf05cb18083,https://data.chain.link/streams/btc-usd-twap-60s-streams,76859.06298543424,2026-09-11 04:01:34+00
doge-updown-5m-1789098900,DOGE,"Dogecoin Up or Down - September 10, 11:55PM-12:00AM ET",2026-09-11T04:00:00Z,2026-09-11T03:55:00Z,0.083656078670287,Up,"[""1"", ""0""]",0.99,,,0.4995,0.001,resolved,0x8e2b87c43fcbd99932e7f8347de80d02efa0408689ae8ef53827234ba0ef6876,https://data.chain.link/streams/doge-usd-twap-60s-streams,0.08372799077270301,2026-09-11 04:01:27+00
eth-updown-5m-1789098900,ETH,"Ethereum Up or Down - September 10, 11:55PM-12:00AM ET",2026-09-11T04:00:00Z,2026-09-11T03:55:00Z,2443.091794889885,Up,"[""1"", ""0""]",0.99,1461.9324319999998,,0.4945,0.001,resolved,0xac4ea8eb60a0565f7f92c65becaba0d37e1fde41d3bd92628935624038c8b4dc,https://data.chain.link/streams/eth-usd-twap-60s-streams,2445.5304446941527,2026-09-11 04:01:27+00
hype-updown-5m-1789098900,HYPE,"Hyperliquid Up or Down - September 10, 11:55PM-12:00AM ET",2026-09-11T04:00:00Z,2026-09-11T03:55:00Z,78.65564311334681,Up,"[""1"", ""0""]",0.99,,,0.4945,0.001,resolved,0x3539569793c4afccb048c8f8d2bf04505ea512a82164a238e36cea21b35d126c,https://data.chain.link/streams/hype-usd-twap-60s-streams,78.7306004874632,2026-09-11 04:01:27+00
sol-updown-5m-1789098900,SOL,"Solana Up or Down - September 10, 11:55PM-12:00AM ET",2026-09-11T04:00:00Z,2026-09-11T03:55:00Z,99.24652541224431,Up,"[""1"", ""0""]",0.99,,,0.49,0.01,resolved,0xbe86d32c5893538008d2dc6163c7863b3a027525a63cf684bdcab43ce9e396c1,https://data.chain.link/streams/sol-usd-twap-60s-streams,99.28343310902285,2026-09-11 04:01:27+00
xrp-updown-5m-1789098900,XRP,"XRP Up or Down - September 10, 11:55PM-12:00AM ET",2026-09-11T04:00:00Z,2026-09-11T03:55:00Z,1.3412563773016783,Up,"[""1"", ""0""]",0.99,,,0.4945,0.001,resolved,0x2a9cc520bda5b9941f9db66f449b761a9d318cd8ce754aaa011c6405dc68cb2b,https://data.chain.link/streams/xrp-usd-twap-60s-streams,1.3426341785752285,2026-09-11 04:01:27+00
zec-updown-5m-1789098900,ZEC,"ZCash Up or Down - September 10, 11:55PM-12:00AM ET",2026-09-11T04:00:00Z,2026-09-11T03:55:00Z,1064.7709832451928,Up,"[""1"", ""0""]",,,,0.495,0.01,resolved,0x9beb74afc931a052db7f97b234e6005348f90d7dd702ccb49a0b3bf3a8da0fc0,https://data.chain.link/streams/zec-usd-twap-60s-streams,1067.6911469674728,2026-09-11 04:01:27+00
bnb-updown-5m-1789099200,BNB,"BNB Up or Down - September 11, 12:00AM-12:05AM ET",2026-09-11T04:05:00Z,2026-09-11T04:00:00Z,711.9432468790181,Up,"[""1"", ""0""]",0.99,,,0.49,0.01,resolved,0xcad606dca47ea160e56ac76adba2c3f47e965418beab1e3a39d8052eb308a4b1,https://data.chain.link/streams/bnb-usd-twap-60s-streams,712.2602925439821,2026-09-11 04:05:54+00
btc-updown-5m-1789099200,BTC,"Bitcoin Up or Down - September 11, 12:00AM-12:05AM ET",2026-09-11T04:05:00Z,2026-09-11T04:00:00Z,76859.06298543424,Up,"[""1"", ""0""]",0.99,,,0.49,0.01,resolved,0x775fb07a9a2a0f16fb72e25a4649f77ca1f372db5c72731288365b9092f3b0e3,https://data.chain.link/streams/btc-usd-twap-60s-streams,76911.87274836579,2026-09-11 04:05:54+00
doge-updown-5m-1789099200,DOGE,"Dogecoin Up or Down - September 11, 12:00AM-12:05AM ET",2026-09-11T04:05:00Z,2026-09-11T04:00:00Z,0.08372799077270301,Up,"[""1"", ""0""]",0.99,,,0.495,0.01,resolved,0x3c2fc045ee3786414176b222153ab17e2bbc6a82993a146a4c443aaea02c37a5,https://data.chain.link/streams/doge-usd-twap-60s-streams,0.08375270256568441,2026-09-11 04:05:54+00
eth-updown-5m-1789099200,ETH,"Ethereum Up or Down - September 11, 12:00AM-12:05AM ET",2026-09-11T04:05:00Z,2026-09-11T04:00:00Z,2445.5304446941527,Up,"[""1"", ""0""]",0.99,,,0.49,0.01,resolved,0x7816c5090c3399dbc671d6f79235de9aeafe7ce3a36c6bd6f1d8f4f6489d31b5,https://data.chain.link/streams/eth-usd-twap-60s-streams,2447.7548772996283,2026-09-11 04:05:54+00
hype-updown-5m-1789099200,HYPE,"Hyperliquid Up or Down - September 11, 12:00AM-12:05AM ET",2026-09-11T04:05:00Z,2026-09-11T04:00:00Z,78.7306004874632,Up,"[""1"", ""0""]",0.98,,,0.49,0.01,resolved,0x224f98b9ada3b2f2dea98aed8b1e5da0e09bc592033bd9abec4164e0d40cfb8a,https://data.chain.link/streams/hype-usd-twap-60s-streams,78.79155324335944,2026-09-11 04:05:54+00
sol-updown-5m-1789099200,SOL,"Solana Up or Down - September 11, 12:00AM-12:05AM ET",2026-09-11T04:05:00Z,2026-09-11T04:00:00Z,99.28343310902285,Up,"[""1"", ""0""]",0.93,,,0.49,0.01,resolved,0xa40faefa47fa0c19ddea80e0a66bd450cb7365cc2f73721f4409f4c833674ea2,https://data.chain.link/streams/sol-usd-twap-60s-streams,99.31340112777417,2026-09-11 04:05:54+00
xrp-updown-5m-1789099200,XRP,"XRP Up or Down - September 11, 12:00AM-12:05AM ET",2026-09-11T04:05:00Z,2026-09-11T04:00:00Z,1.3426341785752285,Up,"[""1"", ""0""]",0.99,,,0.49,0.01,resolved,0x775ba770e61c89914c1dbf1798b2847d0b1d39c472b1e1907ef002a365095ade,https://data.chain.link/streams/xrp-usd-twap-60s-streams,1.34275710356628,2026-09-11 04:05:54+00
zec-updown-5m-1789099200,ZEC,"ZCash Up or Down - September 11, 12:00AM-12:05AM ET",2026-09-11T04:05:00Z,2026-09-11T04:00:00Z,1067.6911469674728,Up,"[""1"", ""0""]",,,,0.005,0.99,resolved,0x04259a207bd19057681e4e7cd663e5b619efe7c2b280acbb8db5884049c28f0c,https://data.chain.link/streams/zec-usd-twap-60s-streams,1067.9632824071323,2026-09-11 04:05:54+00
bnb-updown-5m-1789099500,BNB,"BNB Up or Down - September 11, 12:05AM-12:10AM ET",2026-09-11T04:10:00Z,2026-09-11T04:05:00Z,712.2602925439821,Up,"[""1"", ""0""]",0.99,,,0.49,0.01,resolved,0xf79aa60403189a7741b64b10ab86ea5474e1f82eb1860d1cd9a4758e39a65b29,https://data.chain.link/streams/bnb-usd-twap-60s-streams,712.344322357062,2026-09-11 04:10:54+00
btc-updown-5m-1789099500,BTC,"Bitcoin Up or Down - September 11, 12:05AM-12:10AM ET",2026-09-11T04:10:00Z,2026-09-11T04:05:00Z,76911.87274836579,Up,"[""1"", ""0""]",0.99,44567.75340099999,,0.49,0.01,resolved,0xbb96daad690f8fb3a6289bd04f65717b9f0fcca03ba4b661782cb19892730d70,https://data.chain.link/streams/btc-usd-twap-60s-streams,76932.33135073294,2026-09-11 04:10:54+00
doge-updown-5m-1789099500,DOGE,"Dogecoin Up or Down - September 11, 12:05AM-12:10AM ET",2026-09-11T04:10:00Z,2026-09-11T04:05:00Z,0.08375270256568441,Up,"[""1"", ""0""]",0.99,,,0.495,0.01,resolved,0xdaad6441f82e540ac4e0c63f45dc9ed91070ba11c92aca1b2f051d50f56d2ff9,https://data.chain.link/streams/doge-usd-twap-60s-streams,0.08380621744278186,2026-09-11 04:10:54+00
eth-updown-5m-1789099500,ETH,"Ethereum Up or Down - September 11, 12:05AM-12:10AM ET",2026-09-11T04:10:00Z,2026-09-11T04:05:00Z,2447.7548772996283,Up,"[""1"", ""0""]",0.99,4115.554568,,0.49,0.01,resolved,0x2b2ae5a86e6c7cf7ccf0a3aa204a79e087c5a9740f512e0156d1b4ed82e67b8e,https://data.chain.link/streams/eth-usd-twap-60s-streams,2448.9593145505946,2026-09-11 04:10:54+00
hype-updown-5m-1789099500,HYPE,"Hyperliquid Up or Down - September 11, 12:05AM-12:10AM ET",2026-09-11T04:10:00Z,2026-09-11T04:05:00Z,78.79155324335944,Up,"[""1"", ""0""]",0.99,,,0.49,0.01,resolved,0xf23dbc6feebf62e633268275e132f09c95feaa1d135c55a3342f087d04bc0160,https://data.chain.link/streams/hype-usd-twap-60s-streams,78.84668146660378,2026-09-11 04:10:55+00
sol-updown-5m-1789099500,SOL,"Solana Up or Down - September 11, 12:05AM-12:10AM ET",2026-09-11T04:10:00Z,2026-09-11T04:05:00Z,99.31340112777417,Up,"[""1"", ""0""]",0.99,,,0.49,0.01,resolved,0x124e01f69a2e6300c66a06ed822842985c1030e57a666a58ef0103d25d6afd3f,https://data.chain.link/streams/sol-usd-twap-60s-streams,99.37192434509316,2026-09-11 04:10:54+00
xrp-updown-5m-1789099500,XRP,"XRP Up or Down - September 11, 12:05AM-12:10AM ET",2026-09-11T04:10:00Z,2026-09-11T04:05:00Z,1.34275710356628,Up,"[""1"", ""0""]",0.99,,,0.49,0.01,resolved,0xb88e7e613dac4962d3c3d6ee7f42ddad73917d9cc62553d42af5673742e0576f,https://data.chain.link/streams/xrp-usd-twap-60s-streams,1.343895928841289,2026-09-11 04:10:54+00
zec-updown-5m-1789099500,ZEC,"ZCash Up or Down - September 11, 12:05AM-12:10AM ET",2026-09-11T04:10:00Z,2026-09-11T04:05:00Z,1067.9632824071323,Up,"[""1"", ""0""]",,,,0.495,0.01,resolved,0xf07217800d45afcb712223f2faace39e590c3d203c1ece5bae68db4c93ddba97,https://data.chain.link/streams/zec-usd-twap-60s-streams,1071.1930405658616,2026-09-11 04:10:54+00
bnb-updown-5m-1789099800,BNB,"BNB Up or Down - September 11, 12:10AM-12:15AM ET",2026-09-11T04:15:00Z,2026-09-11T04:10:00Z,712.344322357062,Up,"[""1"", ""0""]",0.99,,,0.4945,0.001,resolved,0x721fac2886e4a528204509279f49e4c5307df7794342952d885b96ffc24a4028,https://data.chain.link/streams/bnb-usd-twap-60s-streams,712.964363920242,2026-09-11 04:16:25+00
btc-updown-5m-1789099800,BTC,"Bitcoin Up or Down - September 11, 12:10AM-12:15AM ET",2026-09-11T04:15:00Z,2026-09-11T04:10:00Z,76932.33135073294,Up,"[""1"", ""0""]",0.999,43626.224078,,0.4945,0.001,resolved,0x63d0f5952872b98793aa20a86b4ca307968d0341565745c4b8fc1426312ed632,https://data.chain.link/streams/btc-usd-twap-60s-streams,76945.89563764159,2026-09-11 04:16:25+00
doge-updown-5m-1789099800,DOGE,"Dogecoin Up or Down - September 11, 12:10AM-12:15AM ET",2026-09-11T04:15:00Z,2026-09-11T04:10:00Z,0.08380621744278186,Up,"[""1"", ""0""]",0.99,,,0.4995,0.001,resolved,0xfcc47c2f348f08f5870430beaa1a07c7bc5aeba3b42942ecea1743746a83393f,https://data.chain.link/streams/doge-usd-twap-60s-streams,0.08384584977717935,2026-09-11 04:16:25+00
eth-updown-5m-1789099800,ETH,"Ethereum Up or Down - September 11, 12:10AM-12:15AM ET",2026-09-11T04:15:00Z,2026-09-11T04:10:00Z,2448.9593145505946,Up,"[""1"", ""0""]",0.99,,,0.4945,0.001,resolved,0xa737aa1ae20b5dd8b4e3d686795ecb1afbbdca0c9ebd014d369e9c9d41810679,https://data.chain.link/streams/eth-usd-twap-60s-streams,2449.3628030102354,2026-09-11 04:16:27+00
hype-updown-5m-1789099800,HYPE,"Hyperliquid Up or Down - September 11, 12:10AM-12:15AM ET",2026-09-11T04:15:00Z,2026-09-11T04:10:00Z,78.84668146660378,Up,"[""1"", ""0""]",0.99,,,0.4945,0.001,resolved,0xc51cf9132e7f5fb399b8643e6c44e71298fe905e3a635d2b1ad0df395afeb5f0,https://data.chain.link/streams/hype-usd-twap-60s-streams,78.96977454719163,2026-09-11 04:16:25+00
sol-updown-5m-1789099800,SOL,"Solana Up or Down - September 11, 12:10AM-12:15AM ET",2026-09-11T04:15:00Z,2026-09-11T04:10:00Z,99.37192434509316,Up,"[""1"", ""0""]",0.99,,,0.4945,0.001,resolved,0x83c87db7ee63624f32da4fc5e96ec461b1433627229fdc545296a539fb357eb0,https://data.chain.link/streams/sol-usd-twap-60s-streams,99.46544976082392,2026-09-11 04:16:27+00
xrp-updown-5m-1789099800,XRP,"XRP Up or Down - September 11, 12:10AM-12:15AM ET",2026-09-11T04:15:00Z,2026-09-11T04:10:00Z,1.343895928841289,Up,"[""1"", ""0""]",0.99,,,0.4945,0.001,resolved,0x6e070ac52f5a15a31127bcee4c77c2ee727a502a91a2e3b3e52965fb8e42d436,https://data.chain.link/streams/xrp-usd-twap-60s-streams,1.3447299508929953,2026-09-11 04:16:25+00
zec-updown-5m-1789099800,ZEC,"ZCash Up or Down - September 11, 12:10AM-12:15AM ET",2026-09-11T04:15:00Z,2026-09-11T04:10:00Z,1071.1930405658616,Up,"[""1"", ""0""]",,,,0.4995,0.001,resolved,0xe23ae4ea27831da35f66ae8d5cadabb97f316da31089d6420f3543c663e12b0b,https://data.chain.link/streams/zec-usd-twap-60s-streams,1071.783987349503,2026-09-11 04:16:25+00
bnb-updown-5m-1789100100,BNB,"BNB Up or Down - September 11, 12:15AM-12:20AM ET",2026-09-11T04:20:00Z,2026-09-11T04:15:00Z,712.964363920242,Up,"[""1"", ""0""]",0.99,222.341336,,0.49,0.01,resolved,0xb7c506076695bde2072998a53e3d2e1db5dc81f0a805eda03c5ff7a4a114bfa4,https://data.chain.link/streams/bnb-usd-twap-60s-streams,713.0482284758301,2026-09-11 04:21:25+00
btc-updown-5m-1789100100,BTC,"Bitcoin Up or Down - September 11, 12:15AM-12:20AM ET",2026-09-11T04:20:00Z,2026-09-11T04:15:00Z,76945.89563764159,Down,"[""0"", ""1""]",0.01,42871.715670999954,,-0.5,0.01,resolved,0x148f5897109df0c075a487eb8a1c2fa3f5d7d9961393c8276c9622d5673028ba,https://data.chain.link/streams/btc-usd-twap-60s-streams,76940.92058071692,2026-09-11 04:21:25+00
doge-updown-5m-1789100100,DOGE,"Dogecoin Up or Down - September 11, 12:15AM-12:20AM ET",2026-09-11T04:20:00Z,2026-09-11T04:15:00Z,0.08384584977717935,Down,"[""0"", ""1""]",0.01,189.16186199999999,,-0.495,0.01,resolved,0x1438b87256551f38d46b6034c3eb0f1791bf345c9fee64931b59759d4b3a9e74,https://data.chain.link/streams/doge-usd-twap-60s-streams,0.08379942095603225,2026-09-11 04:21:27+00
eth-updown-5m-1789100100,ETH,"Ethereum Up or Down - September 11, 12:15AM-12:20AM ET",2026-09-11T04:20:00Z,2026-09-11T04:15:00Z,2449.3628030102354,Up,"[""1"", ""0""]",0.99,2237.5156649999994,,0.49,0.01,resolved,0x4f74219ec02c6f9f0a83288906d55011b82724c7e6d2433c4822dcc020fcb5c8,https://data.chain.link/streams/eth-usd-twap-60s-streams,2450.1910484039504,2026-09-11 04:21:25+00
hype-updown-5m-1789100100,HYPE,"Hyperliquid Up or Down - September 11, 12:15AM-12:20AM ET",2026-09-11T04:20:00Z,2026-09-11T04:15:00Z,78.96977454719163,Up,"[""1"", ""0""]",0.98,112.57158600000001,,0.49,0.01,resolved,0x2550e74940764bfbde0e484b47e3a076b3c75c2a875a183e4ca7fd9f48fbdca8,https://data.chain.link/streams/hype-usd-twap-60s-streams,78.97134687023029,2026-09-11 04:21:27+00
sol-updown-5m-1789100100,SOL,"Solana Up or Down - September 11, 12:15AM-12:20AM ET",2026-09-11T04:20:00Z,2026-09-11T04:15:00Z,99.46544976082392,Down,"[""0"", ""1""]",0.07,1697.5898060000002,,-0.5,0.01,resolved,0x3ab12da0f9cb705a7b8064d414143f2c96c89edeceb97b02203f3e9e39158d00,https://data.chain.link/streams/sol-usd-twap-60s-streams,99.42799521033066,2026-09-11 04:21:25+00
xrp-updown-5m-1789100100,XRP,"XRP Up or Down - September 11, 12:15AM-12:20AM ET",2026-09-11T04:20:00Z,2026-09-11T04:15:00Z,1.3447299508929953,Down,"[""0"", ""1""]",0.1,537.715218,,-0.5045,0.001,resolved,0x14dc21b4c00ec4ab0971408db7c64c9cfd6c4f0b643fca4c8bb05e21dff99134,https://data.chain.link/streams/xrp-usd-twap-60s-streams,1.3434980330931532,2026-09-11 04:21:27+00
zec-updown-5m-1789100100,ZEC,"ZCash Up or Down - September 11, 12:15AM-12:20AM ET",2026-09-11T04:20:00Z,2026-09-11T04:15:00Z,1071.783987349503,Up,"[""1"", ""0""]",,,,0.495,0.01,resolved,0x9df6eeb360b286325611ed0f5b9901a9148be212070248529988f98949a75ae0,https://data.chain.link/streams/zec-usd-twap-60s-streams,1072.358607529659,2026-09-11 04:21:27+00
bnb-updown-5m-1789100400,BNB,"BNB Up or Down - September 11, 12:20AM-12:25AM ET",2026-09-11T04:25:00Z,2026-09-11T04:20:00Z,713.0482284758301,Up,"[""1"", ""0""]",0.99,,,0.4945,0.001,resolved,0x711d1c2bc355421f1d76d2b6b9f7deb955a7d1e1dc938a86ef09cb5cbf951712,https://data.chain.link/streams/bnb-usd-twap-60s-streams,714.3019199497049,2026-09-11 04:25:54+00
btc-updown-5m-1789100400,BTC,"Bitcoin Up or Down - September 11, 12:20AM-12:25AM ET",2026-09-11T04:25:00Z,2026-09-11T04:20:00Z,76940.92058071692,Up,"[""1"", ""0""]",0.99,26867.192044000025,,0.49,0.01,resolved,0x356149bb70ca3fa42c0185bb14872372cd48c6d1cffc4abf8584dc9d83303bcf,https://data.chain.link/streams/btc-usd-twap-60s-streams,77013.27300147671,2026-09-11 04:25:54+00
doge-updown-5m-1789100400,DOGE,"Dogecoin Up or Down - September 11, 12:20AM-12:25AM ET",2026-09-11T04:25:00Z,2026-09-11T04:20:00Z,0.08379942095603225,Up,"[""1"", ""0""]",0.99,,,0.4995,0.001,resolved,0xaca5bf950a5c68d5e5d0f540a48d4174d3f04fcf22161913a1bf1e34d63e5a14,https://data.chain.link/streams/doge-usd-twap-60s-streams,0.08402467725746424,2026-09-11 04:25:54+00
eth-updown-5m-1789100400,ETH,"Ethereum Up or Down - September 11, 12:20AM-12:25AM ET",2026-09-11T04:25:00Z,2026-09-11T04:20:00Z,2450.1910484039504,Up,"[""1"", ""0""]",0.99,2332.8723159999995,,0.49,0.01,resolved,0xc48461b810b0866ba62247bad8ddc0b49a2bb3cef0e48890e4a796eb3f4150a4,https://data.chain.link/streams/eth-usd-twap-60s-streams,2453.5977611682406,2026-09-11 04:25:54+00
hype-updown-5m-1789100400,HYPE,"Hyperliquid Up or Down - September 11, 12:20AM-12:25AM ET",2026-09-11T04:25:00Z,2026-09-11T04:20:00Z,78.97134687023029,Up,"[""1"", ""0""]",0.98,,,0.49,0.01,resolved,0x46a6bc03ff30c13330bbcc59874f32953d5bf78f13809ec7a682818c3ac5ce8e,https://data.chain.link/streams/hype-usd-twap-60s-streams,79.16811728764347,2026-09-11 04:25:54+00
sol-updown-5m-1789100400,SOL,"Solana Up or Down - September 11, 12:20AM-12:25AM ET",2026-09-11T04:25:00Z,2026-09-11T04:20:00Z,99.42799521033066,Up,"[""1"", ""0""]",0.99,935.8810240000003,,0.49,0.01,resolved,0xca192f99257d5808a17132c21cd88aba17eda2b8347159b8e70918dafa2c401c,https://data.chain.link/streams/sol-usd-twap-60s-streams,99.65714106036026,2026-09-11 04:25:54+00
xrp-updown-5m-1789100400,XRP,"XRP Up or Down - September 11, 12:20AM-12:25AM ET",2026-09-11T04:25:00Z,2026-09-11T04:20:00Z,1.3434980330931532,Up,"[""1"", ""0""]",0.99,559.696596,,0.4945,0.001,resolved,0x2110d71e8ef96629e447f876e46675f9b27205982bc4e82ccb01c2d8f5e255a7,https://data.chain.link/streams/xrp-usd-twap-60s-streams,1.3467508051834054,2026-09-11 04:25:54+00
zec-updown-5m-1789100400,ZEC,"ZCash Up or Down - September 11, 12:20AM-12:25AM ET",2026-09-11T04:25:00Z,2026-09-11T04:20:00Z,1072.358607529659,Up,"[""1"", ""0""]",,,,0.495,0.01,resolved,0xe8a28816d1fa79cd03ee2a8aa4117aa5ce9fedfaee667e5e0b7c4b185e274c9d,https://data.chain.link/streams/zec-usd-twap-60s-streams,1078.58200485625,2026-09-11 04:25:54+00
bnb-updown-5m-1789100700,BNB,"BNB Up or Down - September 11, 12:25AM-12:30AM ET",2026-09-11T04:30:00Z,2026-09-11T04:25:00Z,714.3019199497049,Up,"[""1"", ""0""]",0.99,,,0.4945,0.001,resolved,0x3dc56228d06af718e83af9a71b0307c23c0a80b21716d8e5197b058c04eaa42e,https://data.chain.link/streams/bnb-usd-twap-60s-streams,715.4320114600791,2026-09-11 04:30:54+00
btc-updown-5m-1789100700,BTC,"Bitcoin Up or Down - September 11, 12:25AM-12:30AM ET",2026-09-11T04:30:00Z,2026-09-11T04:25:00Z,77013.27300147671,Up,"[""1"", ""0""]",0.999,33797.785934,,0.4945,0.001,resolved,0x404bde4a6cc1a2fcd5a1a4ea74a4fbd81d0c4bd6a5e9be002c7dbd237b8b8312,https://data.chain.link/streams/btc-usd-twap-60s-streams,77138.81433163738,2026-09-11 04:30:54+00
doge-updown-5m-1789100700,DOGE,"Dogecoin Up or Down - September 11, 12:25AM-12:30AM ET",2026-09-11T04:30:00Z,2026-09-11T04:25:00Z,0.08402467725746424,Up,"[""1"", ""0""]",0.99,,,0.495,0.01,resolved,0x9177495a1e8b1912f111c885246998dc89e04fc9e67000f99e104012616c5732,https://data.chain.link/streams/doge-usd-twap-60s-streams,0.08410858573914583,2026-09-11 04:30:55+00
eth-updown-5m-1789100700,ETH,"Ethereum Up or Down - September 11, 12:25AM-12:30AM ET",2026-09-11T04:30:00Z,2026-09-11T04:25:00Z,2453.5977611682406,Up,"[""1"", ""0""]",0.999,2797.2265549999984,,0.4945,0.001,resolved,0x06baf0b33bb2a19ea4e96105187dd5960ac48a840a51aa2833ba7bf49b87c04a,https://data.chain.link/streams/eth-usd-twap-60s-streams,2460.581555104011,2026-09-11 04:30:54+00
hype-updown-5m-1789100700,HYPE,"Hyperliquid Up or Down - September 11, 12:25AM-12:30AM ET",2026-09-11T04:30:00Z,2026-09-11T04:25:00Z,79.16811728764347,Up,"[""1"", ""0""]",0.999,,,0.4945,0.001,resolved,0xdbcc339a40d121bb8741f0855db1bd0040a66a8ccb26d5fa0a716824386c6341,https://data.chain.link/streams/hype-usd-twap-60s-streams,79.36877334162524,2026-09-11 04:30:54+00
sol-updown-5m-1789100700,SOL,"Solana Up or Down - September 11, 12:25AM-12:30AM ET",2026-09-11T04:30:00Z,2026-09-11T04:25:00Z,99.65714106036026,Up,"[""1"", ""0""]",0.99,,,0.4945,0.001,resolved,0x471d74887cfb279b7904ce1aa1ef3b833b325fb20da3906b32581634315db887,https://data.chain.link/streams/sol-usd-twap-60s-streams,99.86688027119014,2026-09-11 04:30:55+00
xrp-updown-5m-1789100700,XRP,"XRP Up or Down - September 11, 12:25AM-12:30AM ET",2026-09-11T04:30:00Z,2026-09-11T04:25:00Z,1.3467508051834054,Up,"[""1"", ""0""]",0.99,,,0.4945,0.001,resolved,0x39fe79b42cfa064baab867f9b9a2205ed8a3cc707ac37bbbf5e778028a183e08,https://data.chain.link/streams/xrp-usd-twap-60s-streams,1.3491510143622256,2026-09-11 04:30:54+00
zec-updown-5m-1789100700,ZEC,"ZCash Up or Down - September 11, 12:25AM-12:30AM ET",2026-09-11T04:30:00Z,2026-09-11T04:25:00Z,1078.58200485625,Up,"[""1"", ""0""]",0.999,,,0.4995,0.001,resolved,0x7fe25d0507e5fc2f9b38a4a5f6bf140a54a75ceba3094cd99effb9be0cecdff9,https://data.chain.link/streams/zec-usd-twap-60s-streams,1087.418668952002,2026-09-11 04:30:54+00
bnb-updown-5m-1789101000,BNB,"BNB Up or Down - September 11, 12:30AM-12:35AM ET",2026-09-11T04:35:00Z,2026-09-11T04:30:00Z,715.4320114600791,Up,"[""1"", ""0""]",0.99,,,0.49,0.01,resolved,0x098f83082d0ad5dba6030a83860d40612536dd2d81b3f8f95bf24091948b7a65,https://data.chain.link/streams/bnb-usd-twap-60s-streams,716.0865306520936,2026-09-11 04:35:54+00
btc-updown-5m-1789101000,BTC,"Bitcoin Up or Down - September 11, 12:30AM-12:35AM ET",2026-09-11T04:35:00Z,2026-09-11T04:30:00Z,77138.81433163738,Down,"[""0"", ""1""]",0.01,,,-0.5,0.01,resolved,0xdd0981e16d67d2737ec5645586561ed0560ce49fce08500cc2b1e572091fd90b,https://data.chain.link/streams/btc-usd-twap-60s-streams,77121.97873453319,2026-09-11 04:35:54+00
doge-updown-5m-1789101000,DOGE,"Dogecoin Up or Down - September 11, 12:30AM-12:35AM ET",2026-09-11T04:35:00Z,2026-09-11T04:30:00Z,0.08410858573914583,Down,"[""0"", ""1""]",0.1,,,-0.495,0.01,resolved,0xae71be321aa79bbf5859ca46d9e3ec70f38f8858eec2c2109047554a09a663a5,https://data.chain.link/streams/doge-usd-twap-60s-streams,0.08401935738179989,2026-09-11 04:35:54+00
eth-updown-5m-1789101000,ETH,"Ethereum Up or Down - September 11, 12:30AM-12:35AM ET",2026-09-11T04:35:00Z,2026-09-11T04:30:00Z,2460.581555104011,Down,"[""0"", ""1""]",0.01,,,-0.5,0.01,resolved,0x5f9b2c08a163ee6d0fd5e0f013856acd73b7ec32ce54a75badea725303dafdd9,https://data.chain.link/streams/eth-usd-twap-60s-streams,2460.2952545489084,2026-09-11 04:35:54+00
hype-updown-5m-1789101000,HYPE,"Hyperliquid Up or Down - September 11, 12:30AM-12:35AM ET",2026-09-11T04:35:00Z,2026-09-11T04:30:00Z,79.36877334162524,Down,"[""0"", ""1""]",0.29,,,-0.5,0.01,resolved,0xad20ff0922d9cb6694b0c896d917bfffe62b0ec2a05b16eeae48b9f2296100ae,https://data.chain.link/streams/hype-usd-twap-60s-streams,79.36142737621961,2026-09-11 04:35:54+00
sol-updown-5m-1789101000,SOL,"Solana Up or Down - September 11, 12:30AM-12:35AM ET",2026-09-11T04:35:00Z,2026-09-11T04:30:00Z,99.86688027119014,Down,"[""0"", ""1""]",0.16,,,-0.5,0.01,resolved,0x7224c1097d697a4d776e29da1799f9964643399139757cdac89cf1680ef7341f,https://data.chain.link/streams/sol-usd-twap-60s-streams,99.83349601958048,2026-09-11 04:35:54+00
xrp-updown-5m-1789101000,XRP,"XRP Up or Down - September 11, 12:30AM-12:35AM ET",2026-09-11T04:35:00Z,2026-09-11T04:30:00Z,1.3491510143622256,Down,"[""0"", ""1""]",0.44,,,-0.5,0.01,resolved,0xc4c55478f08c092e91878d71e1cbd9e7eb2e0d1daa7f4c01ed2aa8c6bfbdc686,https://data.chain.link/streams/xrp-usd-twap-60s-streams,1.3475812831580327,2026-09-11 04:35:54+00
zec-updown-5m-1789101000,ZEC,"ZCash Up or Down - September 11, 12:30AM-12:35AM ET",2026-09-11T04:35:00Z,2026-09-11T04:30:00Z,1087.418668952002,Down,"[""0"", ""1""]",,,,-0.495,0.01,resolved,0x330c6a8534d606dd3805350bd8d31821e7f990efd3b1d6071a95b9c23616292e,https://data.chain.link/streams/zec-usd-twap-60s-streams,1082.94008253871,2026-09-11 04:35:54+00
bnb-updown-5m-1789101300,BNB,"BNB Up or Down - September 11, 12:35AM-12:40AM ET",2026-09-11T04:40:00Z,2026-09-11T04:35:00Z,716.0865306520936,Down,"[""0"", ""1""]",0.18,,,-0.5045,0.001,resolved,0xa80c72a8a0cf938c3274db569e1b96b3cd568bab8e9a46b1445983ad57494ac6,https://data.chain.link/streams/bnb-usd-twap-60s-streams,715.6504321908226,2026-09-11 04:40:54+00
btc-updown-5m-1789101300,BTC,"Bitcoin Up or Down - September 11, 12:35AM-12:40AM ET",2026-09-11T04:40:00Z,2026-09-11T04:35:00Z,77121.97873453319,Down,"[""0"", ""1""]",0.01,34847.108795,,-0.5045,0.001,resolved,0x94d8fc4edb62f57f381f78a243a053292bfad22c4faea852cb5f78b618754873,https://data.chain.link/streams/btc-usd-twap-60s-streams,77081.06550113883,2026-09-11 04:40:54+00
doge-updown-5m-1789101300,DOGE,"Dogecoin Up or Down - September 11, 12:35AM-12:40AM ET",2026-09-11T04:40:00Z,2026-09-11T04:35:00Z,0.08401935738179989,Down,"[""0"", ""1""]",0.25,,,-0.4995,0.001,resolved,0x7f5d263b667d32feeffb206933730610a693dfe3a96668da034a70760a12bf2b,https://data.chain.link/streams/doge-usd-twap-60s-streams,0.08397592919181854,2026-09-11 04:40:54+00
eth-updown-5m-1789101300,ETH,"Ethereum Up or Down - September 11, 12:35AM-12:40AM ET",2026-09-11T04:40:00Z,2026-09-11T04:35:00Z,2460.2952545489084,Down,"[""0"", ""1""]",0.01,2715.593703999999,,-0.5045,0.001,resolved,0xe9b944ec4b40c6b6752ce2cf7181a8911d92aafa36e5006aacb4c298e7997d6e,https://data.chain.link/streams/eth-usd-twap-60s-streams,2458.4010190131185,2026-09-11 04:40:54+00
hype-updown-5m-1789101300,HYPE,"Hyperliquid Up or Down - September 11, 12:35AM-12:40AM ET",2026-09-11T04:40:00Z,2026-09-11T04:35:00Z,79.36142737621961,Up,"[""1"", ""0""]",0.98,,,0.49,0.01,resolved,0xbf1babc26d9440a3efd00b0a5d5413092dc69e83c96b495a362f6475037a8fdb,https://data.chain.link/streams/hype-usd-twap-60s-streams,79.39823013835519,2026-09-11 04:40:54+00
sol-updown-5m-1789101300,SOL,"Solana Up or Down - September 11, 12:35AM-12:40AM ET",2026-09-11T04:40:00Z,2026-09-11T04:35:00Z,99.83349601958048,Down,"[""0"", ""1""]",0.01,844.5424120000001,,-0.5045,0.001,resolved,0x170d4bd38332e069bb3dedc59a60146da0bea5926a77ead93596d7e10a6a5e59,https://data.chain.link/streams/sol-usd-twap-60s-streams,99.72695987306248,2026-09-11 04:40:54+00
xrp-updown-5m-1789101300,XRP,"XRP Up or Down - September 11, 12:35AM-12:40AM ET",2026-09-11T04:40:00Z,2026-09-11T04:35:00Z,1.3475812831580327,Down,"[""0"", ""1""]",0.02,505.938665,,-0.5045,0.001,resolved,0x1415a50aa07623f77470f91bd779538322ae09b769e1878c9f4186aaea5e33b6,https://data.chain.link/streams/xrp-usd-twap-60s-streams,1.3468622354805961,2026-09-11 04:40:54+00
zec-updown-5m-1789101300,ZEC,"ZCash Up or Down - September 11, 12:35AM-12:40AM ET",2026-09-11T04:40:00Z,2026-09-11T04:35:00Z,1082.94008253871,Down,"[""0"", ""1""]",,,,-0.495,0.01,resolved,0x77abb5f8618d393fbb94de6a9b3bf11e5b3c61b218a851cdfa3b6f1338f013c5,https://data.chain.link/streams/zec-usd-twap-60s-streams,1082.0927256727691,2026-09-11 04:40:54+00
bnb-updown-5m-1789101600,BNB,"BNB Up or Down - September 11, 12:40AM-12:45AM ET",2026-09-11T04:45:00Z,2026-09-11T04:40:00Z,715.6504321908226,Up,"[""1"", ""0""]",0.99,,,0.4945,0.001,resolved,0x68f6a386fddd8688c588a2163ba45c47725e68ba1a48a2884ef3166d7eb73984,https://data.chain.link/streams/bnb-usd-twap-60s-streams,715.9971055392267,2026-09-11 04:46:27+00
btc-updown-5m-1789101600,BTC,"Bitcoin Up or Down - September 11, 12:40AM-12:45AM ET",2026-09-11T04:45:00Z,2026-09-11T04:40:00Z,77081.06550113883,Down,"[""0"", ""1""]",0.01,41497.507697999994,,-0.5045,0.001,resolved,0x0beaf0a4a29fa007c2966ad0b000d6ef00adc3df68fa915b25fe841ce6f4c38e,https://data.chain.link/streams/btc-usd-twap-60s-streams,77068.72012982526,2026-09-11 04:46:27+00
doge-updown-5m-1789101600,DOGE,"Dogecoin Up or Down - September 11, 12:40AM-12:45AM ET",2026-09-11T04:45:00Z,2026-09-11T04:40:00Z,0.08397592919181854,Down,"[""0"", ""1""]",0.01,,,-0.495,0.01,resolved,0x2be4627fa8549e71e403c7af5b4773f18e2d10cdb701956cbd00cd2799a09b98,https://data.chain.link/streams/doge-usd-twap-60s-streams,0.08397443436457189,2026-09-11 04:46:27+00
eth-updown-5m-1789101600,ETH,"Ethereum Up or Down - September 11, 12:40AM-12:45AM ET",2026-09-11T04:45:00Z,2026-09-11T04:40:00Z,2458.4010190131185,Down,"[""0"", ""1""]",0.01,2702.2330220000003,,-0.5045,0.001,resolved,0x29833cfaaa552abe1bb13a0f2b365fe1066d07a0d5190ddfaf48feab2e00e42e,https://data.chain.link/streams/eth-usd-twap-60s-streams,2456.196843094829,2026-09-11 04:46:27+00
hype-updown-5m-1789101600,HYPE,"Hyperliquid Up or Down - September 11, 12:40AM-12:45AM ET",2026-09-11T04:45:00Z,2026-09-11T04:40:00Z,79.39823013835519,Up,"[""1"", ""0""]",0.98,,,0.4945,0.001,resolved,0x01d51e6b4ad8968cb44caa4612ff0b825351b1dda66cc9de343682a82888a4f2,https://data.chain.link/streams/hype-usd-twap-60s-streams,79.40347190063099,2026-09-11 04:46:27+00
sol-updown-5m-1789101600,SOL,"Solana Up or Down - September 11, 12:40AM-12:45AM ET",2026-09-11T04:45:00Z,2026-09-11T04:40:00Z,99.72695987306248,Down,"[""0"", ""1""]",0.01,1106.7365940000004,,-0.5045,0.001,resolved,0x7e848d4fddc82fe26628c30321cf40581345ddd428cf3557122210cf0deb8e96,https://data.chain.link/streams/sol-usd-twap-60s-streams,99.68447341788038,2026-09-11 04:46:27+00
xrp-updown-5m-1789101600,XRP,"XRP Up or Down - September 11, 12:40AM-12:45AM ET",2026-09-11T04:45:00Z,2026-09-11T04:40:00Z,1.3468622354805961,Down,"[""0"", ""1""]",0.12,,,-0.5045,0.001,resolved,0x6432b30c503787d073b332a6ce2febf57cd299b2086f5dd1ff2dd9528c52ffe7,https://data.chain.link/streams/xrp-usd-twap-60s-streams,1.3465273156511004,2026-09-11 04:46:27+00
zec-updown-5m-1789101600,ZEC,"ZCash Up or Down - September 11, 12:40AM-12:45AM ET",2026-09-11T04:45:00Z,2026-09-11T04:40:00Z,1082.0927256727691,Down,"[""0"", ""1""]",,,,-0.4995,0.001,resolved,0x911f972aa49ea1e51177efa7231b0c52e0559cd064f27bb206542ea7e8ce12fd,https://data.chain.link/streams/zec-usd-twap-60s-streams,1081.329241888201,2026-09-11 04:46:27+00
bnb-updown-5m-1789101900,BNB,"BNB Up or Down - September 11, 12:45AM-12:50AM ET",2026-09-11T04:50:00Z,2026-09-11T04:45:00Z,715.9971055392267,Up,"[""1"", ""0""]",0.99,135.271265,,0.4945,0.001,resolved,0xefc8bcc0fa28adb12256540b03d5aacaae52238419a4ae05628233f0d4c8043b,https://data.chain.link/streams/bnb-usd-twap-60s-streams,716.4935409238525,2026-09-11 04:51:25+00
btc-updown-5m-1789101900,BTC,"Bitcoin Up or Down - September 11, 12:45AM-12:50AM ET",2026-09-11T04:50:00Z,2026-09-11T04:45:00Z,77068.72012982526,Up,"[""1"", ""0""]",0.99,42930.43546799995,,0.49,0.01,resolved,0x52fd723d57b285c6fc3ea856273e5c3848c6ed044627cd8eb4e4cd316621d94f,https://data.chain.link/streams/btc-usd-twap-60s-streams,77078.3301728705,2026-09-11 04:51:25+00
doge-updown-5m-1789101900,DOGE,"Dogecoin Up or Down - September 11, 12:45AM-12:50AM ET",2026-09-11T04:50:00Z,2026-09-11T04:45:00Z,0.08397443436457189,Up,"[""1"", ""0""]",0.99,108.59643999999999,,0.495,0.01,resolved,0x3077adec5e197e9044a3db721d86fb05fb64b997ca0ff9ed38a2539b174c62c8,https://data.chain.link/streams/doge-usd-twap-60s-streams,0.0840164167142532,2026-09-11 04:51:27+00
eth-updown-5m-1789101900,ETH,"Ethereum Up or Down - September 11, 12:45AM-12:50AM ET",2026-09-11T04:50:00Z,2026-09-11T04:45:00Z,2456.196843094829,Up,"[""1"", ""0""]",0.99,2945.5073580000007,,0.49,0.01,resolved,0x094acfa52cb56ce7b807d8c3b73f39b70fe10aa2c4086eef16c8474431abcf41,https://data.chain.link/streams/eth-usd-twap-60s-streams,2456.53056325176,2026-09-11 04:51:25+00
hype-updown-5m-1789101900,HYPE,"Hyperliquid Up or Down - September 11, 12:45AM-12:50AM ET",2026-09-11T04:50:00Z,2026-09-11T04:45:00Z,79.40347190063099,Down,"[""0"", ""1""]",0.6,105.39263900000002,,-0.5,0.01,resolved,0xf3edb6049e4a39015426f0fcd0303f75e06442d301836110d43e4a0490943f74,https://data.chain.link/streams/hype-usd-twap-60s-streams,79.38822417950361,2026-09-11 04:51:25+00
sol-updown-5m-1789101900,SOL,"Solana Up or Down - September 11, 12:45AM-12:50AM ET",2026-09-11T04:50:00Z,2026-09-11T04:45:00Z,99.68447341788038,Down,"[""0"", ""1""]",0.03,1199.5780470000002,7.843138,-0.5,0.01,resolved,0xf86830917b1d6d140df91e583d3f69387f7c5d4adc6aca478250c2a4cceb8460,https://data.chain.link/streams/sol-usd-twap-60s-streams,99.62934290452237,2026-09-11 04:51:27+00
xrp-updown-5m-1789101900,XRP,"XRP Up or Down - September 11, 12:45AM-12:50AM ET",2026-09-11T04:50:00Z,2026-09-11T04:45:00Z,1.3465273156511004,Up,"[""1"", ""0""]",0.99,624.0759890000002,,0.49,0.01,resolved,0x2629aacfb6b300288274820c79533b515fa4d326232d65a3ec4b198c5b6472d5,https://data.chain.link/streams/xrp-usd-twap-60s-streams,1.346901227770222,2026-09-11 04:51:27+00
zec-updown-5m-1789101900,ZEC,"ZCash Up or Down - September 11, 12:45AM-12:50AM ET",2026-09-11T04:50:00Z,2026-09-11T04:45:00Z,1081.329241888201,Up,"[""1"", ""0""]",,,,0.495,0.01,resolved,0xc431a495488d8e731a7c502baca69aee4884e8dc3c1db184593b989a18aa6885,https://data.chain.link/streams/zec-usd-twap-60s-streams,1083.1713431507642,2026-09-11 04:51:25+00
bnb-updown-5m-1789102200,BNB,"BNB Up or Down - September 11, 12:50AM-12:55AM ET",2026-09-11T04:55:00Z,2026-09-11T04:50:00Z,716.4935409238525,Up,"[""1"", ""0""]",0.99,332.997502,,0.49,0.01,resolved,0x378fba5b86a3b9f9593deafe9538f0360f9997b3f496099c1e590094200a534b,https://data.chain.link/streams/bnb-usd-twap-60s-streams,716.616780194974,2026-09-11 04:55:54+00
btc-updown-5m-1789102200,BTC,"Bitcoin Up or Down - September 11, 12:50AM-12:55AM ET",2026-09-11T04:55:00Z,2026-09-11T04:50:00Z,77078.3301728705,Up,"[""1"", ""0""]",0.999,24938.077611000004,,0.49,0.01,resolved,0xf9b74d8f65d8a936ac007934d7683321bb5026b4a760e4efe767adf17335bf8c,https://data.chain.link/streams/btc-usd-twap-60s-streams,77102.43101348491,2026-09-11 04:55:54+00
doge-updown-5m-1789102200,DOGE,"Dogecoin Up or Down - September 11, 12:50AM-12:55AM ET",2026-09-11T04:55:00Z,2026-09-11T04:50:00Z,0.0840164167142532,Up,"[""1"", ""0""]",0.99,,,0.495,0.01,resolved,0xc830d39f788e1a0fac2a0730549170b7d3c08ebfc69d7bc11fbf7f40317105f6,https://data.chain.link/streams/doge-usd-twap-60s-streams,0.08407355175936465,2026-09-11 04:55:54+00
eth-updown-5m-1789102200,ETH,"Ethereum Up or Down - September 11, 12:50AM-12:55AM ET",2026-09-11T04:55:00Z,2026-09-11T04:50:00Z,2456.53056325176,Up,"[""1"", ""0""]",0.99,1604.3112159999994,,0.49,0.01,resolved,0x0b3c4bc7636b7d0b08b5d1242de0ef6155c3b799bf9fb9a1497484b1c9b1b33d,https://data.chain.link/streams/eth-usd-twap-60s-streams,2457.9967719057927,2026-09-11 04:55:54+00
hype-updown-5m-1789102200,HYPE,"Hyperliquid Up or Down - September 11, 12:50AM-12:55AM ET",2026-09-11T04:55:00Z,2026-09-11T04:50:00Z,79.38822417950361,Up,"[""1"", ""0""]",0.98,,,0.49,0.01,resolved,0x85e68c46ce9d2d7d7521057712e2c4a4b1e16468d68acd1008d7b1c33238efc6,https://data.chain.link/streams/hype-usd-twap-60s-streams,79.527412657269,2026-09-11 04:55:54+00
sol-updown-5m-1789102200,SOL,"Solana Up or Down - September 11, 12:50AM-12:55AM ET",2026-09-11T04:55:00Z,2026-09-11T04:50:00Z,99.62934290452237,Up,"[""1"", ""0""]",0.99,510.915095,,0.49,0.01,resolved,0x69c33b03102b618990297828288320e59b2a886b48cda3176df31b44349a8761,https://data.chain.link/streams/sol-usd-twap-60s-streams,99.69163497850528,2026-09-11 04:55:54+00
xrp-updown-5m-1789102200,XRP,"XRP Up or Down - September 11, 12:50AM-12:55AM ET",2026-09-11T04:55:00Z,2026-09-11T04:50:00Z,1.346901227770222,Up,"[""1"", ""0""]",0.99,586.86256,,0.49,0.01,resolved,0xabc100138121ebc05e434886a72d9a1344fdbab0de52346b1c379af615895323,https://data.chain.link/streams/xrp-usd-twap-60s-streams,1.3478630004725072,2026-09-11 04:55:54+00
zec-updown-5m-1789102200,ZEC,"ZCash Up or Down - September 11, 12:50AM-12:55AM ET",2026-09-11T04:55:00Z,2026-09-11T04:50:00Z,1083.1713431507642,Up,"[""1"", ""0""]",,,,0.005,0.99,resolved,0xb036756a2b8ef0b81b0a6ebc24264a74487e93855f71186324f2b264b5ca2023,https://data.chain.link/streams/zec-usd-twap-60s-streams,1087.7922419088598,2026-09-11 04:55:54+00
bnb-updown-5m-1789102500,BNB,"BNB Up or Down - September 11, 12:55AM-1:00AM ET",2026-09-11T05:00:00Z,2026-09-11T04:55:00Z,716.616780194974,Down,"[""0"", ""1""]",0.37,,,-0.5,0.01,resolved,0x6d55e52145e8e4f2d2d79086c8d538d2675582b82a67a2bf5c89535d92e66843,https://data.chain.link/streams/bnb-usd-twap-60s-streams,716.5279984839041,2026-09-11 05:00:54+00
btc-updown-5m-1789102500,BTC,"Bitcoin Up or Down - September 11, 12:55AM-1:00AM ET",2026-09-11T05:00:00Z,2026-09-11T04:55:00Z,77102.43101348491,Down,"[""0"", ""1""]",0.01,51495.76917899997,,-0.5,0.01,resolved,0x1183177fd6b7a17616f2124949e5e6fdbd26851733d6988428152c6624b3ed96,https://data.chain.link/streams/btc-usd-twap-60s-streams,77096.47559169827,2026-09-11 05:00:55+00
doge-updown-5m-1789102500,DOGE,"Dogecoin Up or Down - September 11, 12:55AM-1:00AM ET",2026-09-11T05:00:00Z,2026-09-11T04:55:00Z,0.08407355175936465,Down,"[""0"", ""1""]",0.02,,,-0.495,0.01,resolved,0xa03fed9583b369fb7461e40322fab2b80ab5e6f8e26efa3862c80198cbedcc87,https://data.chain.link/streams/doge-usd-twap-60s-streams,0.08406339712213153,2026-09-11 05:00:55+00
eth-updown-5m-1789102500,ETH,"Ethereum Up or Down - September 11, 12:55AM-1:00AM ET",2026-09-11T05:00:00Z,2026-09-11T04:55:00Z,2457.9967719057927,Up,"[""1"", ""0""]",0.99,3073.15487,,0.49,0.01,resolved,0x6cff8de20957283913bfb0fe1c66c1b144d229a9c8e91dfeedf47506ce41102d,https://data.chain.link/streams/eth-usd-twap-60s-streams,2458.3151990049423,2026-09-11 05:00:55+00
hype-updown-5m-1789102500,HYPE,"Hyperliquid Up or Down - September 11, 12:55AM-1:00AM ET",2026-09-11T05:00:00Z,2026-09-11T04:55:00Z,79.527412657269,Down,"[""0"", ""1""]",0.12,,,-0.5045,0.001,resolved,0x3820b4743c995ba1b877f12df82359183387629e68607a620e99cea94d5ceaad,https://data.chain.link/streams/hype-usd-twap-60s-streams,79.29784760956217,2026-09-11 05:00:55+00
sol-updown-5m-1789102500,SOL,"Solana Up or Down - September 11, 12:55AM-1:00AM ET",2026-09-11T05:00:00Z,2026-09-11T04:55:00Z,99.69163497850528,Down,"[""0"", ""1""]",0.22,1670.373212,,-0.5,0.01,resolved,0xbe6fe38579517b288ee528859fe03a02aa8a31f49801b32290572e1e17e9a477,https://data.chain.link/streams/sol-usd-twap-60s-streams,99.66004304025402,2026-09-11 05:00:55+00
xrp-updown-5m-1789102500,XRP,"XRP Up or Down - September 11, 12:55AM-1:00AM ET",2026-09-11T05:00:00Z,2026-09-11T04:55:00Z,1.3478630004725072,Up,"[""1"", ""0""]",0.99,,,0.49,0.01,resolved,0xe526e803bc4088481ee7fe49739dce8586982430335cdc5fe91399d40272d3e9,https://data.chain.link/streams/xrp-usd-twap-60s-streams,1.3479127299303024,2026-09-11 05:00:55+00
zec-updown-5m-1789102500,ZEC,"ZCash Up or Down - September 11, 12:55AM-1:00AM ET",2026-09-11T05:00:00Z,2026-09-11T04:55:00Z,1087.7922419088598,Down,"[""0"", ""1""]",,,,-0.495,0.01,resolved,0xf5838fcd1b1f65f399fc8588d04e8300ed03c8f4713468a636bc03fc3e03e700,https://data.chain.link/streams/zec-usd-twap-60s-streams,1087.161095512038,2026-09-11 05:00:55+00
bnb-updown-5m-1789102800,BNB,"BNB Up or Down - September 11, 1:00AM-1:05AM ET",2026-09-11T05:05:00Z,2026-09-11T05:00:00Z,716.5279984839041,Down,"[""0"", ""1""]",0.05,,,-0.5,0.01,resolved,0x7a0955fce2f63f5caa29ea7465ff14f01af59c8a1f67caebf89c88868a95dd11,https://data.chain.link/streams/bnb-usd-twap-60s-streams,715.9562274150044,2026-09-11 05:05:54+00
btc-updown-5m-1789102800,BTC,"Bitcoin Up or Down - September 11, 1:00AM-1:05AM ET",2026-09-11T05:05:00Z,2026-09-11T05:00:00Z,77096.47559169827,Down,"[""0"", ""1""]",0.01,28777.200167999978,,-0.5,0.01,resolved,0x26a03bbf85a248ffeae6afb99b0ef41836a765407b26ea1f04e2886530007222,https://data.chain.link/streams/btc-usd-twap-60s-streams,77048.52497623872,2026-09-11 05:05:54+00
doge-updown-5m-1789102800,DOGE,"Dogecoin Up or Down - September 11, 1:00AM-1:05AM ET",2026-09-11T05:05:00Z,2026-09-11T05:00:00Z,0.08406339712213153,Down,"[""0"", ""1""]",0.21,,,-0.495,0.01,resolved,0xad46404ad35d19b71aec9196a2cb3dc65d16c6307ac7cec129a68b4caf0f3175,https://data.chain.link/streams/doge-usd-twap-60s-streams,0.08402362611714638,2026-09-11 05:05:54+00
eth-updown-5m-1789102800,ETH,"Ethereum Up or Down - September 11, 1:00AM-1:05AM ET",2026-09-11T05:05:00Z,2026-09-11T05:00:00Z,2458.3151990049423,Down,"[""0"", ""1""]",0.07,,,-0.5,0.01,resolved,0x30c73bbc3bdb66c020f67c2bb1998620ed3a67cf7769f10d587cb3b78df8e682,https://data.chain.link/streams/eth-usd-twap-60s-streams,2457.070982182055,2026-09-11 05:05:54+00
hype-updown-5m-1789102800,HYPE,"Hyperliquid Up or Down - September 11, 1:00AM-1:05AM ET",2026-09-11T05:05:00Z,2026-09-11T05:00:00Z,79.29784760956217,Up,"[""1"", ""0""]",0.99,,,0.49,0.01,resolved,0x9abcbd33b9f63b73728a05a51647fed95cacdb9ecf5b61b8c7f238a26a9dba94,https://data.chain.link/streams/hype-usd-twap-60s-streams,79.3552942694311,2026-09-11 05:05:54+00
sol-updown-5m-1789102800,SOL,"Solana Up or Down - September 11, 1:00AM-1:05AM ET",2026-09-11T05:05:00Z,2026-09-11T05:00:00Z,99.66004304025402,Down,"[""0"", ""1""]",0.04,,,-0.5,0.01,resolved,0x3fc61d5d80978bc26f4b8e8254958bccc4e00ef0855e472b7c63356a653d863a,https://data.chain.link/streams/sol-usd-twap-60s-streams,99.61574508986784,2026-09-11 05:05:54+00
xrp-updown-5m-1789102800,XRP,"XRP Up or Down - September 11, 1:00AM-1:05AM ET",2026-09-11T05:05:00Z,2026-09-11T05:00:00Z,1.3479127299303024,Down,"[""0"", ""1""]",0.3,,,-0.5,0.01,resolved,0xc4da389567b75cdbb85a9f009c3130216d0ba9956755d7ccf2b1ff55654c1dc7,https://data.chain.link/streams/xrp-usd-twap-60s-streams,1.3472657299021547,2026-09-11 05:05:54+00
zec-updown-5m-1789102800,ZEC,"ZCash Up or Down - September 11, 1:00AM-1:05AM ET",2026-09-11T05:05:00Z,2026-09-11T05:00:00Z,1087.161095512038,Down,"[""0"", ""1""]",0.6,,,-0.005,0.99,resolved,0xf15443e6db9a45bfa4bc4956e841f872c637e2b7118d489bd135bbe2d92147cc,https://data.chain.link/streams/zec-usd-twap-60s-streams,1083.0315628770109,2026-09-11 05:05:54+00
bnb-updown-5m-1789103100,BNB,"BNB Up or Down - September 11, 1:05AM-1:10AM ET",2026-09-11T05:10:00Z,2026-09-11T05:05:00Z,715.9562274150044,Down,"[""0"", ""1""]",0.01,714.1353330000001,,-0.5045,0.001,resolved,0xed2c407f2237e765834a3e3c57612c4f322707d0d738e47c93641259bf70a1fa,https://data.chain.link/streams/bnb-usd-twap-60s-streams,715.8843150889239,2026-09-11 05:12:31+00
btc-updown-5m-1789103100,BTC,"Bitcoin Up or Down - September 11, 1:05AM-1:10AM ET",2026-09-11T05:10:00Z,2026-09-11T05:05:00Z,77048.52497623872,Up,"[""1"", ""0""]",0.999,74931.45423299998,,0.4945,0.001,resolved,0x5038757768ab5ab3ef1e84fc6caa6f13082d54b518a378fbf2ff819b2c800cda,https://data.chain.link/streams/btc-usd-twap-60s-streams,77048.73184120616,2026-09-11 05:12:31+00
doge-updown-5m-1789103100,DOGE,"Dogecoin Up or Down - September 11, 1:05AM-1:10AM ET",2026-09-11T05:10:00Z,2026-09-11T05:05:00Z,0.08402362611714638,Down,"[""0"", ""1""]",0.01,,,-0.4995,0.001,resolved,0xf6b09a5331114d843dfba9b2ee1b54dcd8e6b85eabf2633fa47fc52e763c08df,https://data.chain.link/streams/doge-usd-twap-60s-streams,0.08402242661177603,2026-09-11 05:12:33+00
eth-updown-5m-1789103100,ETH,"Ethereum Up or Down - September 11, 1:05AM-1:10AM ET",2026-09-11T05:10:00Z,2026-09-11T05:05:00Z,2457.070982182055,Up,"[""1"", ""0""]",0.998,3506.7763990000017,,0.4945,0.001,resolved,0x1d647d348fdb6b94b1c2b44345d27ea84d6308688e61ca72c6be3afc26c399f5,https://data.chain.link/streams/eth-usd-twap-60s-streams,2458.2198231564844,2026-09-11 05:12:31+00
hype-updown-5m-1789103100,HYPE,"Hyperliquid Up or Down - September 11, 1:05AM-1:10AM ET",2026-09-11T05:10:00Z,2026-09-11T05:05:00Z,79.3552942694311,Up,"[""1"", ""0""]",0.999,,,0.4945,0.001,resolved,0x507077918cadfdca0e2ab3dfbbae88e0028b3607e9121bd5f81712c42fc2f45d,https://data.chain.link/streams/hype-usd-twap-60s-streams,79.53547809210366,2026-09-11 05:12:31+00
sol-updown-5m-1789103100,SOL,"Solana Up or Down - September 11, 1:05AM-1:10AM ET",2026-09-11T05:10:00Z,2026-09-11T05:05:00Z,99.61574508986784,Up,"[""1"", ""0""]",0.99,1413.4900019999998,,0.4945,0.001,resolved,0x83cf7b5a458d68bf06e45d5120ff8f8b984aba5c075322c3faf48133fb5fa770,https://data.chain.link/streams/sol-usd-twap-60s-streams,99.64169794654705,2026-09-11 05:12:31+00
xrp-updown-5m-1789103100,XRP,"XRP Up or Down - September 11, 1:05AM-1:10AM ET",2026-09-11T05:10:00Z,2026-09-11T05:05:00Z,1.3472657299021547,Up,"[""1"", ""0""]",0.98,1887.90857,,0.4945,0.001,resolved,0x9581a7f873a279968adccda1edc106d160816de74045bcafba81529ada99afeb,https://data.chain.link/streams/xrp-usd-twap-60s-streams,1.3472786109438726,2026-09-11 05:12:33+00
zec-updown-5m-1789103100,ZEC,"ZCash Up or Down - September 11, 1:05AM-1:10AM ET",2026-09-11T05:10:00Z,2026-09-11T05:05:00Z,1083.0315628770109,Up,"[""1"", ""0""]",,,,0.4995,0.001,resolved,0xf921bf59436109fea15fa0ce4b83abf400224aa23a503768645756f01bed6821,https://data.chain.link/streams/zec-usd-twap-60s-streams,1086.3107293433804,2026-09-11 05:12:31+00
bnb-updown-5m-1789103400,BNB,"BNB Up or Down - September 11, 1:10AM-1:15AM ET",2026-09-11T05:15:00Z,2026-09-11T05:10:00Z,715.8843150889239,Up,"[""1"", ""0""]",0.99,,,0.49,0.01,resolved,0x8cb961e0e5c242af95cf81f1d693120225615f7c84a110ff46284463e7040821,https://data.chain.link/streams/bnb-usd-twap-60s-streams,716.0131177644281,2026-09-11 05:15:54+00
btc-updown-5m-1789103400,BTC,"Bitcoin Up or Down - September 11, 1:10AM-1:15AM ET",2026-09-11T05:15:00Z,2026-09-11T05:10:00Z,77048.73184120616,Up,"[""1"", ""0""]",0.99,37428.004378,,0.49,0.01,resolved,0x30aa334fd30b0b335b4ee8b59e1f2c0cd58ba77beb95e8e26cbb6656c8dafeed,https://data.chain.link/streams/btc-usd-twap-60s-streams,77095.3668885003,2026-09-11 05:15:54+00
doge-updown-5m-1789103400,DOGE,"Dogecoin Up or Down - September 11, 1:10AM-1:15AM ET",2026-09-11T05:15:00Z,2026-09-11T05:10:00Z,0.08402242661177603,Up,"[""1"", ""0""]",0.99,,,0.495,0.01,resolved,0x11f3c04eac2605a601bac8c0d04a83db7f897c7ed86b3ee5ec76dd15ef7b2628,https://data.chain.link/streams/doge-usd-twap-60s-streams,0.08406773125149358,2026-09-11 05:15:54+00
eth-updown-5m-1789103400,ETH,"Ethereum Up or Down - September 11, 1:10AM-1:15AM ET",2026-09-11T05:15:00Z,2026-09-11T05:10:00Z,2458.2198231564844,Up,"[""1"", ""0""]",0.99,4500.0557039999985,,0.49,0.01,resolved,0x5b0140096c407b68f4949c801b805215e273aff13acd1e3d15c0cfaa39d13374,https://data.chain.link/streams/eth-usd-twap-60s-streams,2459.7279491396475,2026-09-11 05:15:54+00
hype-updown-5m-1789103400,HYPE,"Hyperliquid Up or Down - September 11, 1:10AM-1:15AM ET",2026-09-11T05:15:00Z,2026-09-11T05:10:00Z,79.53547809210366,Up,"[""1"", ""0""]",0.99,,,0.49,0.01,resolved,0xc5bfd802a4d40fc86e30a50cc42b009ad9a03324eeec386c75a7ffd37f8f00cd,https://data.chain.link/streams/hype-usd-twap-60s-streams,79.6468505505275,2026-09-11 05:15:54+00
sol-updown-5m-1789103400,SOL,"Solana Up or Down - September 11, 1:10AM-1:15AM ET",2026-09-11T05:15:00Z,2026-09-11T05:10:00Z,99.64169794654705,Up,"[""1"", ""0""]",0.99,,,0.49,0.01,resolved,0xc2ab84c6ecb383dd929ff5c1b91bcd142d2952af7210c9ebba120e8b2598984c,https://data.chain.link/streams/sol-usd-twap-60s-streams,99.71016734329076,2026-09-11 05:15:54+00
xrp-updown-5m-1789103400,XRP,"XRP Up or Down - September 11, 1:10AM-1:15AM ET",2026-09-11T05:15:00Z,2026-09-11T05:10:00Z,1.3472786109438726,Up,"[""1"", ""0""]",0.99,,,0.49,0.01,resolved,0x014655362814ec9d47d15cd9024bcc589a06a67ac44eaacd069a6dfe8767a4e2,https://data.chain.link/streams/xrp-usd-twap-60s-streams,1.3483169360830365,2026-09-11 05:15:54+00
zec-updown-5m-1789103400,ZEC,"ZCash Up or Down - September 11, 1:10AM-1:15AM ET",2026-09-11T05:15:00Z,2026-09-11T05:10:00Z,1086.3107293433804,Up,"[""1"", ""0""]",,,,0.005,0.99,resolved,0xcbebcdb6c6d10a74f82c617cbd0a671ba2280d5f4d711b96b0698181f8ff218f,https://data.chain.link/streams/zec-usd-twap-60s-streams,1087.4863364722805,2026-09-11 05:15:54+00
bnb-updown-5m-1789103700,BNB,"BNB Up or Down - September 11, 1:15AM-1:20AM ET",2026-09-11T05:20:00Z,2026-09-11T05:15:00Z,716.0131177644281,Down,"[""0"", ""1""]",0.3,134.427631,,-0.5,0.01,resolved,0xbf9ef2ec3bf0b065796d85e1ac6be66a1b8d45fc879c5bb81ada398ffff44976,https://data.chain.link/streams/bnb-usd-twap-60s-streams,715.822062619531,2026-09-11 05:21:25+00
btc-updown-5m-1789103700,BTC,"Bitcoin Up or Down - September 11, 1:15AM-1:20AM ET",2026-09-11T05:20:00Z,2026-09-11T05:15:00Z,77095.3668885003,Up,"[""1"", ""0""]",0.999,34518.631368,,0.49,0.01,resolved,0x7c61ded33da4aef684fd63bdfa1a5c1cbbd43fb37f073accf104a32c158781cc,https://data.chain.link/streams/btc-usd-twap-60s-streams,77105.99588101369,2026-09-11 05:21:25+00
doge-updown-5m-1789103700,DOGE,"Dogecoin Up or Down - September 11, 1:15AM-1:20AM ET",2026-09-11T05:20:00Z,2026-09-11T05:15:00Z,0.08406773125149358,Down,"[""0"", ""1""]",0.45,263.75042,,-0.495,0.01,resolved,0xcaa311004f0f25a35dcdea584497dac5d3b6cf4ca5691d1af74270d3074e288f,https://data.chain.link/streams/doge-usd-twap-60s-streams,0.08405945372663445,2026-09-11 05:21:27+00
eth-updown-5m-1789103700,ETH,"Ethereum Up or Down - September 11, 1:15AM-1:20AM ET",2026-09-11T05:20:00Z,2026-09-11T05:15:00Z,2459.7279491396475,Up,"[""1"", ""0""]",0.99,6775.426962999997,,0.49,0.01,resolved,0xa26f43714ea4ee229c32bbb49ade9bc63ce4b2497d5c7e649a365137f985f693,https://data.chain.link/streams/eth-usd-twap-60s-streams,2459.8045865097793,2026-09-11 05:21:27+00
hype-updown-5m-1789103700,HYPE,"Hyperliquid Up or Down - September 11, 1:15AM-1:20AM ET",2026-09-11T05:20:00Z,2026-09-11T05:15:00Z,79.6468505505275,Up,"[""1"", ""0""]",0.99,59.99305,,0.49,0.01,resolved,0x4f62719300011c17af30daa3a519771a450ac6891cc6efa15f585d2527ec2ee9,https://data.chain.link/streams/hype-usd-twap-60s-streams,79.68956614957234,2026-09-11 05:21:25+00
sol-updown-5m-1789103700,SOL,"Solana Up or Down - September 11, 1:15AM-1:20AM ET",2026-09-11T05:20:00Z,2026-09-11T05:15:00Z,99.71016734329076,Up,"[""1"", ""0""]",0.94,2070.9061230000007,,0.49,0.01,resolved,0x9a43179f59ff4957404cd14da065d60d3e4cd51e86b5abad4fe8bc9c1d387312,https://data.chain.link/streams/sol-usd-twap-60s-streams,99.71825163529557,2026-09-11 05:21:27+00
xrp-updown-5m-1789103700,XRP,"XRP Up or Down - September 11, 1:15AM-1:20AM ET",2026-09-11T05:20:00Z,2026-09-11T05:15:00Z,1.3483169360830365,Up,"[""1"", ""0""]",0.99,1056.2194210000002,,0.49,0.01,resolved,0x08a13c9df3234fda788bed9a1145e406fdad441a5e887fd3fbe159905d396693,https://data.chain.link/streams/xrp-usd-twap-60s-streams,1.3488766483790682,2026-09-11 05:21:27+00
zec-updown-5m-1789103700,ZEC,"ZCash Up or Down - September 11, 1:15AM-1:20AM ET",2026-09-11T05:20:00Z,2026-09-11T05:15:00Z,1087.4863364722805,Down,"[""0"", ""1""]",,,,-0.495,0.01,resolved,0x00972aaa535a3cf208aaff36b6c23b808def798dedc27b6203166a5f99367c23,https://data.chain.link/streams/zec-usd-twap-60s-streams,1087.2854337625784,2026-09-11 05:21:25+00
bnb-updown-5m-1789104000,BNB,"BNB Up or Down - September 11, 1:20AM-1:25AM ET",2026-09-11T05:25:00Z,2026-09-11T05:20:00Z,715.822062619531,Down,"[""0"", ""1""]",0.09,102.828661,,-0.5045,0.001,resolved,0x77f54d99eee1ca68e281e7697be524252862af31fbf508be2ed00a3875153a3d,https://data.chain.link/streams/bnb-usd-twap-60s-streams,715.3779998978717,2026-09-11 05:25:54+00
btc-updown-5m-1789104000,BTC,"Bitcoin Up or Down - September 11, 1:20AM-1:25AM ET",2026-09-11T05:25:00Z,2026-09-11T05:20:00Z,77105.99588101369,Down,"[""0"", ""1""]",0.01,30454.640428,,-0.5,0.01,resolved,0x9a395a7022c39c2bf4552209bd1e3bf02954aa040542915d8f6e8a78a4bbe716,https://data.chain.link/streams/btc-usd-twap-60s-streams,77087.33166663778,2026-09-11 05:25:54+00
doge-updown-5m-1789104000,DOGE,"Dogecoin Up or Down - September 11, 1:20AM-1:25AM ET",2026-09-11T05:25:00Z,2026-09-11T05:20:00Z,0.08405945372663445,Down,"[""0"", ""1""]",0.04,,,-0.4995,0.001,resolved,0x073b5f45d0dc7ee4e778a52ee92573d21a2c3b008e67e3034320a426f80055d4,https://data.chain.link/streams/doge-usd-twap-60s-streams,0.08394258080807303,2026-09-11 05:25:54+00
eth-updown-5m-1789104000,ETH,"Ethereum Up or Down - September 11, 1:20AM-1:25AM ET",2026-09-11T05:25:00Z,2026-09-11T05:20:00Z,2459.8045865097793,Down,"[""0"", ""1""]",0.11,2416.312287,,-0.5,0.01,resolved,0x1bbb1bdb24f7c9f0ee426fef33356eda449a8636f7680d8a3ddd17bb80899067,https://data.chain.link/streams/eth-usd-twap-60s-streams,2458.5113854591086,2026-09-11 05:25:54+00
hype-updown-5m-1789104000,HYPE,"Hyperliquid Up or Down - September 11, 1:20AM-1:25AM ET",2026-09-11T05:25:00Z,2026-09-11T05:20:00Z,79.68956614957234,Down,"[""0"", ""1""]",0.44,,,-0.5,0.01,resolved,0x8e2560fbb2561484495639600f3e103b51810bc25e45e25abe1996b3f796a7ae,https://data.chain.link/streams/hype-usd-twap-60s-streams,79.56093623820465,2026-09-11 05:25:54+00
sol-updown-5m-1789104000,SOL,"Solana Up or Down - September 11, 1:20AM-1:25AM ET",2026-09-11T05:25:00Z,2026-09-11T05:20:00Z,99.71825163529557,Down,"[""0"", ""1""]",0.05,1045.499087,,-0.5,0.01,resolved,0xc0452c954f20749e17e098739476821e08ef1c53cca8c0de37cf0819a5ffee8e,https://data.chain.link/streams/sol-usd-twap-60s-streams,99.60739316509104,2026-09-11 05:25:54+00
xrp-updown-5m-1789104000,XRP,"XRP Up or Down - September 11, 1:20AM-1:25AM ET",2026-09-11T05:25:00Z,2026-09-11T05:20:00Z,1.3488766483790682,Down,"[""0"", ""1""]",0.28,,,-0.5045,0.001,resolved,0xb402f765f1a3f98068fa281b81c54efd88caf8a455a38253f89de56fd38a67ae,https://data.chain.link/streams/xrp-usd-twap-60s-streams,1.347206822399768,2026-09-11 05:25:54+00
zec-updown-5m-1789104000,ZEC,"ZCash Up or Down - September 11, 1:20AM-1:25AM ET",2026-09-11T05:25:00Z,2026-09-11T05:20:00Z,1087.2854337625784,Down,"[""0"", ""1""]",0.26,,,-0.495,0.01,resolved,0xaa3e1da767c5db2bf412ccbc538035c7e5e2b8119fe2fa0becfddc060dc3483b,https://data.chain.link/streams/zec-usd-twap-60s-streams,1086.0948874961794,2026-09-11 05:25:54+00
bnb-updown-5m-1789104300,BNB,"BNB Up or Down - September 11, 1:25AM-1:30AM ET",2026-09-11T05:30:00Z,2026-09-11T05:25:00Z,715.3779998978717,Up,"[""1"", ""0""]",0.99,,,0.49,0.01,resolved,0xa45c7f06e371f488834ddb77eee0ac230f689c2af984c9833fd4a50ae255d139,https://data.chain.link/streams/bnb-usd-twap-60s-streams,715.8495187820513,2026-09-11 05:31:25+00
btc-updown-5m-1789104300,BTC,"Bitcoin Up or Down - September 11, 1:25AM-1:30AM ET",2026-09-11T05:30:00Z,2026-09-11T05:25:00Z,77087.33166663778,Down,"[""0"", ""1""]",0.01,37866.427383,,-0.5,0.01,resolved,0xab492f139f14f1f985902c14cd9f6db38a0ae34ac2e20126337a4aa948b507e8,https://data.chain.link/streams/btc-usd-twap-60s-streams,77077.54661435763,2026-09-11 05:31:27+00
doge-updown-5m-1789104300,DOGE,"Dogecoin Up or Down - September 11, 1:25AM-1:30AM ET",2026-09-11T05:30:00Z,2026-09-11T05:25:00Z,0.08394258080807303,Up,"[""1"", ""0""]",0.99,,,0.495,0.01,resolved,0x9f8b6e0215db5b3aa0406551a65f0038f37bedc432a60c288662a15642bace6f,https://data.chain.link/streams/doge-usd-twap-60s-streams,0.08397001597406142,2026-09-11 05:31:27+00
eth-updown-5m-1789104300,ETH,"Ethereum Up or Down - September 11, 1:25AM-1:30AM ET",2026-09-11T05:30:00Z,2026-09-11T05:25:00Z,2458.5113854591086,Down,"[""0"", ""1""]",0.02,3410.5454679999993,,-0.5,0.01,resolved,0x6cde89c1ede78df504092a31f465f5aeded37b23c28535b7412571a13475e52c,https://data.chain.link/streams/eth-usd-twap-60s-streams,2458.356902818404,2026-09-11 05:31:27+00
hype-updown-5m-1789104300,HYPE,"Hyperliquid Up or Down - September 11, 1:25AM-1:30AM ET",2026-09-11T05:30:00Z,2026-09-11T05:25:00Z,79.56093623820465,Down,"[""0"", ""1""]",,,,-0.5,0.01,resolved,0xc01348263a2264741fa598290cd85a008c18928382fe0b12f0f628a9be963790,https://data.chain.link/streams/hype-usd-twap-60s-streams,79.5139591987689,2026-09-11 05:31:27+00
sol-updown-5m-1789104300,SOL,"Solana Up or Down - September 11, 1:25AM-1:30AM ET",2026-09-11T05:30:00Z,2026-09-11T05:25:00Z,99.60739316509104,Up,"[""1"", ""0""]",0.99,,,0.49,0.01,resolved,0xfb9d52a9187fa4af92909345a94f38b769054572de0731e3293ba18c1b159c25,https://data.chain.link/streams/sol-usd-twap-60s-streams,99.62123714281556,2026-09-11 05:31:27+00
xrp-updown-5m-1789104300,XRP,"XRP Up or Down - September 11, 1:25AM-1:30AM ET",2026-09-11T05:30:00Z,2026-09-11T05:25:00Z,1.347206822399768,Up,"[""1"", ""0""]",0.99,,,0.49,0.01,resolved,0x3b5554b1b1984b9e3a97bd863a80d4804f1c66b78838da9d791323a93859822d,https://data.chain.link/streams/xrp-usd-twap-60s-streams,1.347513895242253,2026-09-11 05:31:27+00
zec-updown-5m-1789104300,ZEC,"ZCash Up or Down - September 11, 1:25AM-1:30AM ET",2026-09-11T05:30:00Z,2026-09-11T05:25:00Z,1086.0948874961794,Up,"[""1"", ""0""]",,,,0.495,0.01,resolved,0x5c95db1d9d889f87d52e012cb2f76fb6c736ea9bb6eff48de14f60c60fd91404,https://data.chain.link/streams/zec-usd-twap-60s-streams,1087.0576438337257,2026-09-11 05:31:27+00
bnb-updown-5m-1789104600,BNB,"BNB Up or Down - September 11, 1:30AM-1:35AM ET",2026-09-11T05:35:00Z,2026-09-11T05:30:00Z,715.8495187820513,Up,"[""1"", ""0""]",0.99,,,0.49,0.01,resolved,0x959dbe34462eb99ca8d9d97fce613beb809e6ae3a2f0c59fdcd1b84964dce4c0,https://data.chain.link/streams/bnb-usd-twap-60s-streams,715.9723794735883,2026-09-11 05:35:54+00
btc-updown-5m-1789104600,BTC,"Bitcoin Up or Down - September 11, 1:30AM-1:35AM ET",2026-09-11T05:35:00Z,2026-09-11T05:30:00Z,77077.54661435763,Down,"[""0"", ""1""]",0.03,,,-0.49,0.01,resolved,0x08b6b1f0971b7e2b29c342e355cb8a1719d462fbecf70089f912da93c39b20f7,https://data.chain.link/streams/btc-usd-twap-60s-streams,77075.11836858395,2026-09-11 05:35:54+00
doge-updown-5m-1789104600,DOGE,"Dogecoin Up or Down - September 11, 1:30AM-1:35AM ET",2026-09-11T05:35:00Z,2026-09-11T05:30:00Z,0.08397001597406142,Down,"[""0"", ""1""]",0.12,,,-0.495,0.01,resolved,0x7ff3e938404808cb8feae9f14fe886366ef18779def2fd86c3cf6a05534437ea,https://data.chain.link/streams/doge-usd-twap-60s-streams,0.0838938309906227,2026-09-11 05:35:54+00
eth-updown-5m-1789104600,ETH,"Ethereum Up or Down - September 11, 1:30AM-1:35AM ET",2026-09-11T05:35:00Z,2026-09-11T05:30:00Z,2458.356902818404,Up,"[""1"", ""0""]",0.99,,,0.49,0.01,resolved,0xc3e268146f0a16e9803981882b8e4fbb9b86a46e83622cdd249131c7aef0e0dd,https://data.chain.link/streams/eth-usd-twap-60s-streams,2458.88366906393,2026-09-11 05:35:54+00
hype-updown-5m-1789104600,HYPE,"Hyperliquid Up or Down - September 11, 1:30AM-1:35AM ET",2026-09-11T05:35:00Z,2026-09-11T05:30:00Z,79.5139591987689,Up,"[""1"", ""0""]",0.99,,,0.49,0.01,resolved,0x54da140a8cfdd982d21792fb3e6af93afffc658022d71bbb9aa0f46cedb13071,https://data.chain.link/streams/hype-usd-twap-60s-streams,79.6116759953841,2026-09-11 05:35:54+00
sol-updown-5m-1789104600,SOL,"Solana Up or Down - September 11, 1:30AM-1:35AM ET",2026-09-11T05:35:00Z,2026-09-11T05:30:00Z,99.62123714281556,Down,"[""0"", ""1""]",0.01,,,-0.5,0.01,resolved,0xf52f85eafacd33d02553259939cab1071d4623c1fb8c937a8248d7734954b183,https://data.chain.link/streams/sol-usd-twap-60s-streams,99.61014241215689,2026-09-11 05:35:54+00
xrp-updown-5m-1789104600,XRP,"XRP Up or Down - September 11, 1:30AM-1:35AM ET",2026-09-11T05:35:00Z,2026-09-11T05:30:00Z,1.347513895242253,Down,"[""0"", ""1""]",0.11,,,-0.5,0.01,resolved,0xa57236dfcfa2cbe57f28fc8b8b4e0de33fc0438e4ddd60e1eb3870bcfb9de172,https://data.chain.link/streams/xrp-usd-twap-60s-streams,1.3468137751645923,2026-09-11 05:35:54+00
zec-updown-5m-1789104600,ZEC,"ZCash Up or Down - September 11, 1:30AM-1:35AM ET",2026-09-11T05:35:00Z,2026-09-11T05:30:00Z,1087.0576438337257,Up,"[""1"", ""0""]",0.98,,,0.005,0.99,resolved,0x24abffd37592544f64956114ee1e2c0ed83062bf446ed92e9789bab1eed79c50,https://data.chain.link/streams/zec-usd-twap-60s-streams,1089.376301745941,2026-09-11 05:35:54+00
bnb-updown-5m-1789104900,BNB,"BNB Up or Down - September 11, 1:35AM-1:40AM ET",2026-09-11T05:40:00Z,2026-09-11T05:35:00Z,715.9723794735883,Up,"[""1"", ""0""]",0.99,337.935243,,0.4945,0.001,resolved,0xc79bcbddf670d3d17e9974e430729f474d10ec8cc82096309b256247740ee8b6,https://data.chain.link/streams/bnb-usd-twap-60s-streams,716.654712856813,2026-09-11 05:40:54+00
btc-updown-5m-1789104900,BTC,"Bitcoin Up or Down - September 11, 1:35AM-1:40AM ET",2026-09-11T05:40:00Z,2026-09-11T05:35:00Z,77075.11836858395,Up,"[""1"", ""0""]",0.999,20718.208050000016,,0.4945,0.001,resolved,0x54ecb484447e4a567c3bea1e962269cacf9ded4a4bf4bb3480d38e6ef78a8191,https://data.chain.link/streams/btc-usd-twap-60s-streams,77135.73423435897,2026-09-11 05:40:54+00
doge-updown-5m-1789104900,DOGE,"Dogecoin Up or Down - September 11, 1:35AM-1:40AM ET",2026-09-11T05:40:00Z,2026-09-11T05:35:00Z,0.0838938309906227,Up,"[""1"", ""0""]",0.99,,,0.495,0.01,resolved,0x0bc6817f4734e98222620ab26618336067310281bb96681c0215347acdb9c278,https://data.chain.link/streams/doge-usd-twap-60s-streams,0.08397546715806299,2026-09-11 05:40:54+00
eth-updown-5m-1789104900,ETH,"Ethereum Up or Down - September 11, 1:35AM-1:40AM ET",2026-09-11T05:40:00Z,2026-09-11T05:35:00Z,2458.88366906393,Up,"[""1"", ""0""]",0.99,1677.2535139999995,,0.4945,0.001,resolved,0xa53bd4c13387c3db4f1e8ed268bde75b1cd64332eb5f9524cb18605177a12988,https://data.chain.link/streams/eth-usd-twap-60s-streams,2461.722274443528,2026-09-11 05:40:54+00
hype-updown-5m-1789104900,HYPE,"Hyperliquid Up or Down - September 11, 1:35AM-1:40AM ET",2026-09-11T05:40:00Z,2026-09-11T05:35:00Z,79.6116759953841,Up,"[""1"", ""0""]",0.98,,,0.49,0.01,resolved,0x09b640b97bb57a50e4b85be131021f70110ee3be8c3752822a29750addd09ded,https://data.chain.link/streams/hype-usd-twap-60s-streams,79.62935373061681,2026-09-11 05:40:54+00
sol-updown-5m-1789104900,SOL,"Solana Up or Down - September 11, 1:35AM-1:40AM ET",2026-09-11T05:40:00Z,2026-09-11T05:35:00Z,99.61014241215689,Up,"[""1"", ""0""]",0.99,,,0.49,0.01,resolved,0xf0214866f0f013e7f6bed611a86ea758232f50a47898db1ef7f423fefb92e19b,https://data.chain.link/streams/sol-usd-twap-60s-streams,99.70025010003496,2026-09-11 05:40:54+00
xrp-updown-5m-1789104900,XRP,"XRP Up or Down - September 11, 1:35AM-1:40AM ET",2026-09-11T05:40:00Z,2026-09-11T05:35:00Z,1.3468137751645923,Up,"[""1"", ""0""]",0.99,575.1470400000001,,0.49,0.01,resolved,0x460d66d0d888e27fc20966523c7065dc7b30f6c4fb68223df71b7d5e2ec4be3c,https://data.chain.link/streams/xrp-usd-twap-60s-streams,1.3481290817140665,2026-09-11 05:40:54+00
zec-updown-5m-1789104900,ZEC,"ZCash Up or Down - September 11, 1:35AM-1:40AM ET",2026-09-11T05:40:00Z,2026-09-11T05:35:00Z,1089.376301745941,Up,"[""1"", ""0""]",,,,0.495,0.01,resolved,0x51b9238e6326f5d085c88987e67642ca08210a6586f9d4b0912a5f34b3dc3ab6,https://data.chain.link/streams/zec-usd-twap-60s-streams,1092.5863773750666,2026-09-11 05:40:54+00
bnb-updown-5m-1789105200,BNB,"BNB Up or Down - September 11, 1:40AM-1:45AM ET",2026-09-11T05:45:00Z,2026-09-11T05:40:00Z,716.654712856813,Up,"[""1"", ""0""]",0.99,,,0.4945,0.001,resolved,0x192c4d86e11908b9d193d9bb1f7f03e7e3ddd159e82629cd65511a6ac8e1479c,https://data.chain.link/streams/bnb-usd-twap-60s-streams,716.8123804958678,2026-09-11 05:46:27+00
btc-updown-5m-1789105200,BTC,"Bitcoin Up or Down - September 11, 1:40AM-1:45AM ET",2026-09-11T05:45:00Z,2026-09-11T05:40:00Z,77135.73423435897,Up,"[""1"", ""0""]",0.999,37786.89149899998,,0.4945,0.001,resolved,0x230b5d18064258bd08a3629a4e8e3c89864d6c627661433febd0b99807ada644,https://data.chain.link/streams/btc-usd-twap-60s-streams,77153.79361331083,2026-09-11 05:46:27+00
doge-updown-5m-1789105200,DOGE,"Dogecoin Up or Down - September 11, 1:40AM-1:45AM ET",2026-09-11T05:45:00Z,2026-09-11T05:40:00Z,0.08397546715806299,Up,"[""1"", ""0""]",0.99,,,0.4995,0.001,resolved,0x0accd0f079630f0b8544c7b08841928b10a21c420d78c3d5e24ebc9b35e8bcd7,https://data.chain.link/streams/doge-usd-twap-60s-streams,0.08404115852811024,2026-09-11 05:46:27+00
eth-updown-5m-1789105200,ETH,"Ethereum Up or Down - September 11, 1:40AM-1:45AM ET",2026-09-11T05:45:00Z,2026-09-11T05:40:00Z,2461.722274443528,Up,"[""1"", ""0""]",0.99,2150.899193,,0.4945,0.001,resolved,0xb289f5daa2ddbcf722437dce3706d7703e62f7b3fba4ba3d1cbc14f3e0a73b6f,https://data.chain.link/streams/eth-usd-twap-60s-streams,2463.695996300729,2026-09-11 05:46:27+00
hype-updown-5m-1789105200,HYPE,"Hyperliquid Up or Down - September 11, 1:40AM-1:45AM ET",2026-09-11T05:45:00Z,2026-09-11T05:40:00Z,79.62935373061681,Up,"[""1"", ""0""]",0.98,,,0.4945,0.001,resolved,0x716b4d9e4e275c5ec3d5c3422ece2ecde354cfffb87581485e0d4eb9b7821aaf,https://data.chain.link/streams/hype-usd-twap-60s-streams,79.73096719416118,2026-09-11 05:46:25+00
sol-updown-5m-1789105200,SOL,"Solana Up or Down - September 11, 1:40AM-1:45AM ET",2026-09-11T05:45:00Z,2026-09-11T05:40:00Z,99.70025010003496,Up,"[""1"", ""0""]",0.99,,,0.4945,0.001,resolved,0x1ced10b099ecd2390af26c7c5a24fd8aa918382fad37b318d8d91c38c1d3b425,https://data.chain.link/streams/sol-usd-twap-60s-streams,99.814275366505,2026-09-11 05:46:25+00
xrp-updown-5m-1789105200,XRP,"XRP Up or Down - September 11, 1:40AM-1:45AM ET",2026-09-11T05:45:00Z,2026-09-11T05:40:00Z,1.3481290817140665,Up,"[""1"", ""0""]",0.99,,,0.4945,0.001,resolved,0x2fe6f50f805e0dc8bf5b70ae83e60b6522f25da15d2129632f71d780d229d129,https://data.chain.link/streams/xrp-usd-twap-60s-streams,1.348952246759378,2026-09-11 05:46:27+00
zec-updown-5m-1789105200,ZEC,"ZCash Up or Down - September 11, 1:40AM-1:45AM ET",2026-09-11T05:45:00Z,2026-09-11T05:40:00Z,1092.5863773750666,Down,"[""0"", ""1""]",,,,-0.4995,0.001,resolved,0x2040568847d2df37b2035ea5e7756967c9dded451cb7c7accbbdea31251faf34,https://data.chain.link/streams/zec-usd-twap-60s-streams,1091.3391763517238,2026-09-11 05:46:27+00
bnb-updown-5m-1789105500,BNB,"BNB Up or Down - September 11, 1:45AM-1:50AM ET",2026-09-11T05:50:00Z,2026-09-11T05:45:00Z,716.8123804958678,Down,"[""0"", ""1""]",0.2,,,-0.495,0.01,resolved,0xf99843c1b8f4f18a00a0204553702b939da1e96a6c7d0567f5e4c5b6fccced76,https://data.chain.link/streams/bnb-usd-twap-60s-streams,716.4646046366445,2026-09-11 05:50:54+00
btc-updown-5m-1789105500,BTC,"Bitcoin Up or Down - September 11, 1:45AM-1:50AM ET",2026-09-11T05:50:00Z,2026-09-11T05:45:00Z,77153.79361331083,Up,"[""1"", ""0""]",0.99,,,0.49,0.01,resolved,0xc867996609e5adfee94acccc8cc9196d916cfea685223f804ab5991dacfc83d8,https://data.chain.link/streams/btc-usd-twap-60s-streams,77158.21469345674,2026-09-11 05:50:54+00
doge-updown-5m-1789105500,DOGE,"Dogecoin Up or Down - September 11, 1:45AM-1:50AM ET",2026-09-11T05:50:00Z,2026-09-11T05:45:00Z,0.08404115852811024,Up,"[""1"", ""0""]",0.99,,,0.495,0.01,resolved,0x8f8c2899e25fefa328ace94ddda3c9635a0912f4610236c27ecbec02dbd2cb2d,https://data.chain.link/streams/doge-usd-twap-60s-streams,0.08407365702736574,2026-09-11 05:50:54+00
eth-updown-5m-1789105500,ETH,"Ethereum Up or Down - September 11, 1:45AM-1:50AM ET",2026-09-11T05:50:00Z,2026-09-11T05:45:00Z,2463.695996300729,Up,"[""1"", ""0""]",0.99,,,0.4945,0.001,resolved,0x325b0e1532001c232a1918c798cea3538a05d87a16bd5074d76908eb09954c7d,https://data.chain.link/streams/eth-usd-twap-60s-streams,2464.7201624608824,2026-09-11 05:50:54+00
hype-updown-5m-1789105500,HYPE,"Hyperliquid Up or Down - September 11, 1:45AM-1:50AM ET",2026-09-11T05:50:00Z,2026-09-11T05:45:00Z,79.73096719416118,Up,"[""1"", ""0""]",0.98,,,0.495,0.01,resolved,0x204870d5e36f30aadc7e7b2eb8c4a12a9848daf982dc1e886f689a8b7e948c34,https://data.chain.link/streams/hype-usd-twap-60s-streams,79.75924466204926,2026-09-11 05:50:54+00
sol-updown-5m-1789105500,SOL,"Solana Up or Down - September 11, 1:45AM-1:50AM ET",2026-09-11T05:50:00Z,2026-09-11T05:45:00Z,99.814275366505,Down,"[""0"", ""1""]",0.03,,,-0.495,0.01,resolved,0xb48f4d425c71d5fb33b4e534d1a588dfdb55d1c9856ee83c21e8b0d719a0be47,https://data.chain.link/streams/sol-usd-twap-60s-streams,99.76051572196604,2026-09-11 05:50:54+00
xrp-updown-5m-1789105500,XRP,"XRP Up or Down - September 11, 1:45AM-1:50AM ET",2026-09-11T05:50:00Z,2026-09-11T05:45:00Z,1.348952246759378,Down,"[""0"", ""1""]",0.01,,,-0.5,0.01,resolved,0xd4a5604caa4849b3fa7131ed198e7d4491f71da94c94a334e0da2da4bdf75715,https://data.chain.link/streams/xrp-usd-twap-60s-streams,1.3486781832405115,2026-09-11 05:50:54+00
zec-updown-5m-1789105500,ZEC,"ZCash Up or Down - September 11, 1:45AM-1:50AM ET",2026-09-11T05:50:00Z,2026-09-11T05:45:00Z,1091.3391763517238,Up,"[""1"", ""0""]",,,,0.495,0.01,resolved,0x45ec7d83ac046487009a202700ddf79a10657963ae9d320ec7d5c635269af4d5,https://data.chain.link/streams/zec-usd-twap-60s-streams,1095.127464565805,2026-09-11 05:50:54+00
bnb-updown-5m-1789105800,BNB,"BNB Up or Down - September 11, 1:50AM-1:55AM ET",2026-09-11T05:55:00Z,2026-09-11T05:50:00Z,716.4646046366445,Down,"[""0"", ""1""]",0.05,,,-0.5,0.01,resolved,0xc98ab10a5767988691533cb2b5aa3bdd3f60204436cfec4bf123d5af1c15eaf3,https://data.chain.link/streams/bnb-usd-twap-60s-streams,716.2185980817317,2026-09-11 05:55:54+00
btc-updown-5m-1789105800,BTC,"Bitcoin Up or Down - September 11, 1:50AM-1:55AM ET",2026-09-11T05:55:00Z,2026-09-11T05:50:00Z,77158.21469345674,Up,"[""1"", ""0""]",0.99,,,0.49,0.01,resolved,0x8e07c625c4ac84cf36c6543d79e7861f2da69e845db194696a9fe98eaf38f2fc,https://data.chain.link/streams/btc-usd-twap-60s-streams,77167.3000945013,2026-09-11 05:55:54+00
doge-updown-5m-1789105800,DOGE,"Dogecoin Up or Down - September 11, 1:50AM-1:55AM ET",2026-09-11T05:55:00Z,2026-09-11T05:50:00Z,0.08407365702736574,Up,"[""1"", ""0""]",0.99,,,0.495,0.01,resolved,0x37cc351ea1a652a26c7870efeea53b412879c6717241d0039c1df454ed6b355b,https://data.chain.link/streams/doge-usd-twap-60s-streams,0.08408997179211433,2026-09-11 05:55:54+00
eth-updown-5m-1789105800,ETH,"Ethereum Up or Down - September 11, 1:50AM-1:55AM ET",2026-09-11T05:55:00Z,2026-09-11T05:50:00Z,2464.7201624608824,Up,"[""1"", ""0""]",0.99,,,0.49,0.01,resolved,0x43c4a6907a41b3e0e81be3ae51818437a31afb7e4f5272a854e98d63ceb82689,https://data.chain.link/streams/eth-usd-twap-60s-streams,2465.653722282154,2026-09-11 05:55:54+00
hype-updown-5m-1789105800,HYPE,"Hyperliquid Up or Down - September 11, 1:50AM-1:55AM ET",2026-09-11T05:55:00Z,2026-09-11T05:50:00Z,79.75924466204926,Up,"[""1"", ""0""]",0.99,,,0.49,0.01,resolved,0xb610454ad26a9599e259348142cd28f6d6384b993b16424a2c85aaf52757771d,https://data.chain.link/streams/hype-usd-twap-60s-streams,79.82474057218118,2026-09-11 05:55:54+00
sol-updown-5m-1789105800,SOL,"Solana Up or Down - September 11, 1:50AM-1:55AM ET",2026-09-11T05:55:00Z,2026-09-11T05:50:00Z,99.76051572196604,Up,"[""1"", ""0""]",0.98,,,0.49,0.01,resolved,0x199f7c250eee7ff733c9a3545e646c07b12ebd6ccfef58c917529578a4400460,https://data.chain.link/streams/sol-usd-twap-60s-streams,99.82329251022847,2026-09-11 05:55:54+00
xrp-updown-5m-1789105800,XRP,"XRP Up or Down - September 11, 1:50AM-1:55AM ET",2026-09-11T05:55:00Z,2026-09-11T05:50:00Z,1.3486781832405115,Up,"[""1"", ""0""]",0.99,,,0.49,0.01,resolved,0x33393e19b7c946e9cdb6934d6fa05b280eb56546244fe60878e7dccc6f04c77e,https://data.chain.link/streams/xrp-usd-twap-60s-streams,1.3489974167552359,2026-09-11 05:55:54+00
zec-updown-5m-1789105800,ZEC,"ZCash Up or Down - September 11, 1:50AM-1:55AM ET",2026-09-11T05:55:00Z,2026-09-11T05:50:00Z,1095.127464565805,Up,"[""1"", ""0""]",,,,0.495,0.01,resolved,0x2b86c30a6536d1d7d1de8ba7fd47ea392e0da79e9135939cb52f5810a4bff689,https://data.chain.link/streams/zec-usd-twap-60s-streams,1097.5684177439125,2026-09-11 05:55:54+00
bnb-updown-5m-1789106100,BNB,"BNB Up or Down - September 11, 1:55AM-2:00AM ET",2026-09-11T06:00:00Z,2026-09-11T05:55:00Z,716.2185980817317,Up,"[""1"", ""0""]",0.99,,,0.495,0.01,resolved,0xfc0022f60e6cb238ef635f162c0ba0b37d375ef1581497924a4db8a96bb81d90,https://data.chain.link/streams/bnb-usd-twap-60s-streams,716.4436072363601,2026-09-11 06:00:54+00
btc-updown-5m-1789106100,BTC,"Bitcoin Up or Down - September 11, 1:55AM-2:00AM ET",2026-09-11T06:00:00Z,2026-09-11T05:55:00Z,77167.3000945013,Up,"[""1"", ""0""]",0.999,,,0.4945,0.001,resolved,0x289d2c011f3d243f801dcb52392b72d6b9a7573c4bd3e6366fa90c455fdb89b1,https://data.chain.link/streams/btc-usd-twap-60s-streams,77220.06824375165,2026-09-11 06:00:55+00
doge-updown-5m-1789106100,DOGE,"Dogecoin Up or Down - September 11, 1:55AM-2:00AM ET",2026-09-11T06:00:00Z,2026-09-11T05:55:00Z,0.08408997179211433,Down,"[""0"", ""1""]",0.54,,,-0.495,0.01,resolved,0x3578781f508ed490ec00cee2cf6dd442984c9519e079618d5f274af37ccee130,https://data.chain.link/streams/doge-usd-twap-60s-streams,0.08408281842660002,2026-09-11 06:00:54+00
eth-updown-5m-1789106100,ETH,"Ethereum Up or Down - September 11, 1:55AM-2:00AM ET",2026-09-11T06:00:00Z,2026-09-11T05:55:00Z,2465.653722282154,Up,"[""1"", ""0""]",0.99,,,0.4945,0.001,resolved,0xc68da0724fd1383002ad8e77f9ff24ba41a6aedaaa85e903eebf0768ccd9d601,https://data.chain.link/streams/eth-usd-twap-60s-streams,2467.3634019283477,2026-09-11 06:00:54+00
hype-updown-5m-1789106100,HYPE,"Hyperliquid Up or Down - September 11, 1:55AM-2:00AM ET",2026-09-11T06:00:00Z,2026-09-11T05:55:00Z,79.82474057218118,Up,"[""1"", ""0""]",0.99,,,0.495,0.01,resolved,0x34b351bab65a9739522344b07745a21f4fc7177352ae58cc818e1799ee913e25,https://data.chain.link/streams/hype-usd-twap-60s-streams,79.84017438184407,2026-09-11 06:00:54+00
sol-updown-5m-1789106100,SOL,"Solana Up or Down - September 11, 1:55AM-2:00AM ET",2026-09-11T06:00:00Z,2026-09-11T05:55:00Z,99.82329251022847,Up,"[""1"", ""0""]",0.98,,,0.495,0.01,resolved,0x3a39e56a8ba5cfded843a8492e5d3aa328d8081758d149e0ae88bde8d62f9b42,https://data.chain.link/streams/sol-usd-twap-60s-streams,99.85109348848748,2026-09-11 06:00:54+00
xrp-updown-5m-1789106100,XRP,"XRP Up or Down - September 11, 1:55AM-2:00AM ET",2026-09-11T06:00:00Z,2026-09-11T05:55:00Z,1.3489974167552359,Down,"[""0"", ""1""]",0.13,,,-0.495,0.01,resolved,0x341d7d6a5934decca355ae16c5b460ced29915e77143b5cb002e5754279bbc1b,https://data.chain.link/streams/xrp-usd-twap-60s-streams,1.3487526717414224,2026-09-11 06:00:54+00
zec-updown-5m-1789106100,ZEC,"ZCash Up or Down - September 11, 1:55AM-2:00AM ET",2026-09-11T06:00:00Z,2026-09-11T05:55:00Z,1097.5684177439125,Down,"[""0"", ""1""]",0.48,,,-0.495,0.01,resolved,0x8430dbdd7833d4a688f5b85cc8186a860e718e04a72590745c455290cadfbb7d,https://data.chain.link/streams/zec-usd-twap-60s-streams,1096.4026793891662,2026-09-11 06:00:54+00
bnb-updown-5m-1789106400,BNB,"BNB Up or Down - September 11, 2:00AM-2:05AM ET",2026-09-11T06:05:00Z,2026-09-11T06:00:00Z,716.4436072363601,Down,"[""0"", ""1""]",0.83,,,-0.345,0.16,resolved,0x6a89408207ae682d8ad8705f1b776e68c79c0acda4d6e1e63a59a4d3ff08d3ec,https://data.chain.link/streams/bnb-usd-twap-60s-streams,716.4269530341106,2026-09-11 06:05:54+00
btc-updown-5m-1789106400,BTC,"Bitcoin Up or Down - September 11, 2:00AM-2:05AM ET",2026-09-11T06:05:00Z,2026-09-11T06:00:00Z,77220.06824375165,Up,"[""1"", ""0""]",0.99,,,0.49,0.01,resolved,0x26c2b9e8e0673e311a0de3577292c8f815065aae1d1e35c76615b772de3b2254,https://data.chain.link/streams/btc-usd-twap-60s-streams,77224.46576944103,2026-09-11 06:05:54+00
doge-updown-5m-1789106400,DOGE,"Dogecoin Up or Down - September 11, 2:00AM-2:05AM ET",2026-09-11T06:05:00Z,2026-09-11T06:00:00Z,0.08408281842660002,Up,"[""1"", ""0""]",0.99,,,0.495,0.01,resolved,0x2d715ba1c347937540c15fc1049643d6b036157175c7559de4a36fc47c691e48,https://data.chain.link/streams/doge-usd-twap-60s-streams,0.08411375444091512,2026-09-11 06:05:54+00
eth-updown-5m-1789106400,ETH,"Ethereum Up or Down - September 11, 2:00AM-2:05AM ET",2026-09-11T06:05:00Z,2026-09-11T06:00:00Z,2467.3634019283477,Down,"[""0"", ""1""]",0.02,,,-0.5,0.01,resolved,0xad47dfcdba06b68532c69d27a829c573058ecb8a9a4926957aa74b012833669e,https://data.chain.link/streams/eth-usd-twap-60s-streams,2467.0245980548675,2026-09-11 06:05:54+00
hype-updown-5m-1789106400,HYPE,"Hyperliquid Up or Down - September 11, 2:00AM-2:05AM ET",2026-09-11T06:05:00Z,2026-09-11T06:00:00Z,79.84017438184407,Down,"[""0"", ""1""]",,,,-0.5,0.01,resolved,0x06da229791b458b99831cb4eaa0fcd63e24dc2c455ae0721c2610ff51d8192d5,https://data.chain.link/streams/hype-usd-twap-60s-streams,79.81904655027753,2026-09-11 06:05:54+00
sol-updown-5m-1789106400,SOL,"Solana Up or Down - September 11, 2:00AM-2:05AM ET",2026-09-11T06:05:00Z,2026-09-11T06:00:00Z,99.85109348848748,Down,"[""0"", ""1""]",0.03,2386.174476,7.843138,-0.5,0.01,resolved,0xb7652e0e803bac06e301eeee43a74a2346eb4a929cb0a8e7885a296eaf155975,https://data.chain.link/streams/sol-usd-twap-60s-streams,99.8496218509595,2026-09-11 06:05:54+00
xrp-updown-5m-1789106400,XRP,"XRP Up or Down - September 11, 2:00AM-2:05AM ET",2026-09-11T06:05:00Z,2026-09-11T06:00:00Z,1.3487526717414224,Up,"[""1"", ""0""]",0.99,,,0.49,0.01,resolved,0x5eaf901f6a64488d71dbc28eac14b927a3765d635fca5078d6128a1a87a39552,https://data.chain.link/streams/xrp-usd-twap-60s-streams,1.3497854079125222,2026-09-11 06:05:54+00
zec-updown-5m-1789106400,ZEC,"ZCash Up or Down - September 11, 2:00AM-2:05AM ET",2026-09-11T06:05:00Z,2026-09-11T06:00:00Z,1096.4026793891662,Up,"[""1"", ""0""]",,,,0.005,0.99,resolved,0x436cc9b94f45f921a4ad413c17217b09dfe73959e02df7f8ed605a05494a51e6,https://data.chain.link/streams/zec-usd-twap-60s-streams,1099.1484348916226,2026-09-11 06:05:54+00
bnb-updown-5m-1789106700,BNB,"BNB Up or Down - September 11, 2:05AM-2:10AM ET",2026-09-11T06:10:00Z,2026-09-11T06:05:00Z,716.4269530341106,Down,"[""0"", ""1""]",0.37,106.02821,,-0.5,0.01,resolved,0x2cf58567c2596067eef37a3f0aeeaf4b598271e8fd6de05363b300e328c2c9d6,https://data.chain.link/streams/bnb-usd-twap-60s-streams,716.2986111273678,2026-09-11 06:10:54+00
btc-updown-5m-1789106700,BTC,"Bitcoin Up or Down - September 11, 2:05AM-2:10AM ET",2026-09-11T06:10:00Z,2026-09-11T06:05:00Z,77224.46576944103,Up,"[""1"", ""0""]",0.999,43328.84466300001,,0.4945,0.001,resolved,0xc41f2f6f7642e6ae715266e99f3d2d06454360a17d7540ab1a9b322cf7584179,https://data.chain.link/streams/btc-usd-twap-60s-streams,77249.27427234006,2026-09-11 06:10:54+00
doge-updown-5m-1789106700,DOGE,"Dogecoin Up or Down - September 11, 2:05AM-2:10AM ET",2026-09-11T06:10:00Z,2026-09-11T06:05:00Z,0.08411375444091512,Down,"[""0"", ""1""]",0.17,196.313999,,-0.4995,0.001,resolved,0x3bc3e7a3301768d150068265a047f37c7db340c919ad7a9de1ca8c2b39515b2b,https://data.chain.link/streams/doge-usd-twap-60s-streams,0.08404580846207883,2026-09-11 06:10:54+00
eth-updown-5m-1789106700,ETH,"Ethereum Up or Down - September 11, 2:05AM-2:10AM ET",2026-09-11T06:10:00Z,2026-09-11T06:05:00Z,2467.0245980548675,Up,"[""1"", ""0""]",0.99,1959.6188080000002,,0.4945,0.001,resolved,0x65cacbba0048957481524da44bce328aecb5fb5fa25757929cd00afb6b9b51f9,https://data.chain.link/streams/eth-usd-twap-60s-streams,2467.820282961442,2026-09-11 06:10:54+00
hype-updown-5m-1789106700,HYPE,"Hyperliquid Up or Down - September 11, 2:05AM-2:10AM ET",2026-09-11T06:10:00Z,2026-09-11T06:05:00Z,79.81904655027753,Up,"[""1"", ""0""]",0.98,,,0.49,0.01,resolved,0x9e8abcf502de88298febd649e9f65d74e89cba2b35e14b282fb8542f4a8dd0bd,https://data.chain.link/streams/hype-usd-twap-60s-streams,79.83169199898079,2026-09-11 06:10:54+00
sol-updown-5m-1789106700,SOL,"Solana Up or Down - September 11, 2:05AM-2:10AM ET",2026-09-11T06:10:00Z,2026-09-11T06:05:00Z,99.8496218509595,Down,"[""0"", ""1""]",0.05,1051.5772630000001,,-0.5,0.01,resolved,0xe66e19bd37ef5ebe02c9ee8fce6f93a68b628c011c59f137c26487d188ed1835,https://data.chain.link/streams/sol-usd-twap-60s-streams,99.82641567959791,2026-09-11 06:10:54+00
xrp-updown-5m-1789106700,XRP,"XRP Up or Down - September 11, 2:05AM-2:10AM ET",2026-09-11T06:10:00Z,2026-09-11T06:05:00Z,1.3497854079125222,Up,"[""1"", ""0""]",0.99,533.751871,,0.49,0.01,resolved,0x12c9b83c95f98d1ea679294bc08aa24d3699c998d910278e29747f259e296894,https://data.chain.link/streams/xrp-usd-twap-60s-streams,1.3502668547559589,2026-09-11 06:10:54+00
zec-updown-5m-1789106700,ZEC,"ZCash Up or Down - September 11, 2:05AM-2:10AM ET",2026-09-11T06:10:00Z,2026-09-11T06:05:00Z,1099.1484348916226,Down,"[""0"", ""1""]",0.38,5,,-0.495,0.01,resolved,0x3dbf1289b6917231b64831b0d90e36149a96db0f379811cfcb1a68274610437a,https://data.chain.link/streams/zec-usd-twap-60s-streams,1098.5636383866513,2026-09-11 06:10:54+00
bnb-updown-5m-1789107000,BNB,"BNB Up or Down - September 11, 2:10AM-2:15AM ET",2026-09-11T06:15:00Z,2026-09-11T06:10:00Z,716.2986111273678,Up,"[""1"", ""0""]",0.99,,,0.49,0.01,resolved,0xab6293cc4fbffd75eb2ba4641384cb3cfb69ce57ae0e31e658fe4d33fb4f19b5,https://data.chain.link/streams/bnb-usd-twap-60s-streams,716.6311632403339,2026-09-11 06:15:54+00
btc-updown-5m-1789107000,BTC,"Bitcoin Up or Down - September 11, 2:10AM-2:15AM ET",2026-09-11T06:15:00Z,2026-09-11T06:10:00Z,77249.27427234006,Up,"[""1"", ""0""]",0.99,38623.18598999997,,0.49,0.01,resolved,0x6a3cef2bf8d84a99bb92a9103524620b0b0321dea68133352d7a04183002b664,https://data.chain.link/streams/btc-usd-twap-60s-streams,77371.14684944315,2026-09-11 06:15:54+00
doge-updown-5m-1789107000,DOGE,"Dogecoin Up or Down - September 11, 2:10AM-2:15AM ET",2026-09-11T06:15:00Z,2026-09-11T06:10:00Z,0.08404580846207883,Up,"[""1"", ""0""]",0.97,,,0.495,0.01,resolved,0x3eb51225f713e2247a2be9fc2112c3a7298ddc149b67423ab5acd58991665bb8,https://data.chain.link/streams/doge-usd-twap-60s-streams,0.08412387486674015,2026-09-11 06:15:54+00
eth-updown-5m-1789107000,ETH,"Ethereum Up or Down - September 11, 2:10AM-2:15AM ET",2026-09-11T06:15:00Z,2026-09-11T06:10:00Z,2467.820282961442,Up,"[""1"", ""0""]",0.99,3564.463513,,0.49,0.01,resolved,0x2a73bab9739a50255fe4af6a206e068996872ffb1e85c03f1439c1e50c538397,https://data.chain.link/streams/eth-usd-twap-60s-streams,2469.5063601762777,2026-09-11 06:15:54+00
hype-updown-5m-1789107000,HYPE,"Hyperliquid Up or Down - September 11, 2:10AM-2:15AM ET",2026-09-11T06:15:00Z,2026-09-11T06:10:00Z,79.83169199898079,Up,"[""1"", ""0""]",0.99,,,0.49,0.01,resolved,0x62d07fdc4068786426003b2c23220cb3c99910136cb564e6acc7db9139a62179,https://data.chain.link/streams/hype-usd-twap-60s-streams,79.90929004548141,2026-09-11 06:15:54+00
sol-updown-5m-1789107000,SOL,"Solana Up or Down - September 11, 2:10AM-2:15AM ET",2026-09-11T06:15:00Z,2026-09-11T06:10:00Z,99.82641567959791,Up,"[""1"", ""0""]",0.99,,,0.49,0.01,resolved,0x1f77f779f90da054dfa852d704db3aa9dd65203cd57647cd11cda1e1c0cde79f,https://data.chain.link/streams/sol-usd-twap-60s-streams,99.91256988853972,2026-09-11 06:15:52+00
xrp-updown-5m-1789107000,XRP,"XRP Up or Down - September 11, 2:10AM-2:15AM ET",2026-09-11T06:15:00Z,2026-09-11T06:10:00Z,1.3502668547559589,Up,"[""1"", ""0""]",0.99,,,0.49,0.01,resolved,0xaa32762b308b6baa7324138567cd29251626b85ed29911a73aff2eaa1e269f9f,https://data.chain.link/streams/xrp-usd-twap-60s-streams,1.3516247023677643,2026-09-11 06:15:52+00
zec-updown-5m-1789107000,ZEC,"ZCash Up or Down - September 11, 2:10AM-2:15AM ET",2026-09-11T06:15:00Z,2026-09-11T06:10:00Z,1098.5636383866513,Up,"[""1"", ""0""]",,,,0.495,0.01,resolved,0xd43dbeb09088b44ef3304b703ffc22ce955a9cf3aa6e2eb265a0a2f8a9eb52bc,https://data.chain.link/streams/zec-usd-twap-60s-streams,1101.028526936417,2026-09-11 06:15:52+00
bnb-updown-5m-1789107300,BNB,"BNB Up or Down - September 11, 2:15AM-2:20AM ET",2026-09-11T06:20:00Z,2026-09-11T06:15:00Z,716.6311632403339,Down,"[""0"", ""1""]",0.04,156.692273,,-0.5045,0.001,resolved,0x415041aad2d3693c350c7e3fbcda0ed03a22cfc68add46f13fa7cd2ae74fb01e,https://data.chain.link/streams/bnb-usd-twap-60s-streams,716.1930418580071,2026-09-11 06:20:54+00
btc-updown-5m-1789107300,BTC,"Bitcoin Up or Down - September 11, 2:15AM-2:20AM ET",2026-09-11T06:20:00Z,2026-09-11T06:15:00Z,77371.14684944315,Down,"[""0"", ""1""]",0.01,43515.044129,,-0.5045,0.001,resolved,0x2f83e62b3c9340ed92bd1d748820d140a2e560f69e3f6c439a60aea0808b0138,https://data.chain.link/streams/btc-usd-twap-60s-streams,77290.22264147658,2026-09-11 06:20:54+00
doge-updown-5m-1789107300,DOGE,"Dogecoin Up or Down - September 11, 2:15AM-2:20AM ET",2026-09-11T06:20:00Z,2026-09-11T06:15:00Z,0.08412387486674015,Down,"[""0"", ""1""]",0.48,292.543125,,-0.4995,0.001,resolved,0x4e93da9acbc09d1e234ca6e2bcd1aab7cc317773cd93edd7769ee1572501e690,https://data.chain.link/streams/doge-usd-twap-60s-streams,0.08408907042489283,2026-09-11 06:20:54+00
eth-updown-5m-1789107300,ETH,"Ethereum Up or Down - September 11, 2:15AM-2:20AM ET",2026-09-11T06:20:00Z,2026-09-11T06:15:00Z,2469.5063601762777,Down,"[""0"", ""1""]",0.01,3314.920018999998,,-0.5045,0.001,resolved,0xec743f3bc7c0e244b155e25762f41e28b76fe5d05c8c9438bde543f194481669,https://data.chain.link/streams/eth-usd-twap-60s-streams,2467.3843397087885,2026-09-11 06:20:54+00
hype-updown-5m-1789107300,HYPE,"Hyperliquid Up or Down - September 11, 2:15AM-2:20AM ET",2026-09-11T06:20:00Z,2026-09-11T06:15:00Z,79.90929004548141,Down,"[""0"", ""1""]",0.6,80.26504999999999,,-0.5045,0.001,resolved,0x26313de34c6d42b24207111287b267e4fb1def9326fda7eda50599523bdf7cf9,https://data.chain.link/streams/hype-usd-twap-60s-streams,79.8552653979504,2026-09-11 06:20:54+00
sol-updown-5m-1789107300,SOL,"Solana Up or Down - September 11, 2:15AM-2:20AM ET",2026-09-11T06:20:00Z,2026-09-11T06:15:00Z,99.91256988853972,Down,"[""0"", ""1""]",0.17,2514.0565850000003,,-0.5045,0.001,resolved,0x22c4bca716fc4eca99c638675271a73eaddd0a555aec9608e1652513876d9a1e,https://data.chain.link/streams/sol-usd-twap-60s-streams,99.85840534048741,2026-09-11 06:20:54+00
xrp-updown-5m-1789107300,XRP,"XRP Up or Down - September 11, 2:15AM-2:20AM ET",2026-09-11T06:20:00Z,2026-09-11T06:15:00Z,1.3516247023677643,Down,"[""0"", ""1""]",0.02,981.0460569999998,,-0.5045,0.001,resolved,0x2de14d3f46e50461faa984d246527de241b0bd77bdbbb5257441f9eda50d53f5,https://data.chain.link/streams/xrp-usd-twap-60s-streams,1.351325325579996,2026-09-11 06:20:54+00
zec-updown-5m-1789107300,ZEC,"ZCash Up or Down - September 11, 2:15AM-2:20AM ET",2026-09-11T06:20:00Z,2026-09-11T06:15:00Z,1101.028526936417,Up,"[""1"", ""0""]",,,,0.495,0.01,resolved,0x54ff3348dac5e002edbe4f55ec0e82d440a7495bab26cb0e4827a89eaac969a3,https://data.chain.link/streams/zec-usd-twap-60s-streams,1104.471287749966,2026-09-11 06:20:54+00
bnb-updown-5m-1789107600,BNB,"BNB Up or Down - September 11, 2:20AM-2:25AM ET",2026-09-11T06:25:00Z,2026-09-11T06:20:00Z,716.1930418580071,Down,"[""0"", ""1""]",0.19,,,-0.5,0.01,resolved,0x383e9882432e5a3851ab77af386e9523af33c6433f1ade07a8ed4df32be27d38,https://data.chain.link/streams/bnb-usd-twap-60s-streams,715.1934970753023,2026-09-11 06:25:54+00
btc-updown-5m-1789107600,BTC,"Bitcoin Up or Down - September 11, 2:20AM-2:25AM ET",2026-09-11T06:25:00Z,2026-09-11T06:20:00Z,77290.22264147658,Down,"[""0"", ""1""]",0.01,38763.556670000005,,-0.5,0.01,resolved,0xdc491cd058ebe978e7f2e24a3d6945f06b52432b711916f61d140824fcf91f5e,https://data.chain.link/streams/btc-usd-twap-60s-streams,77238.97178354167,2026-09-11 06:25:54+00
doge-updown-5m-1789107600,DOGE,"Dogecoin Up or Down - September 11, 2:20AM-2:25AM ET",2026-09-11T06:25:00Z,2026-09-11T06:20:00Z,0.08408907042489283,Down,"[""0"", ""1""]",,,,-0.495,0.01,resolved,0x11bf8594ff253672fc7b8b231e53c30a927ad4793ab7b73231753fcdeb88aa29,https://data.chain.link/streams/doge-usd-twap-60s-streams,0.08393662585650016,2026-09-11 06:25:52+00
eth-updown-5m-1789107600,ETH,"Ethereum Up or Down - September 11, 2:20AM-2:25AM ET",2026-09-11T06:25:00Z,2026-09-11T06:20:00Z,2467.3843397087885,Down,"[""0"", ""1""]",0.01,2684.3324779999994,,-0.5,0.01,resolved,0x33d6c6dee9e95811186f3b02839ca1d95db2e8f7d2dd697a8138f3c1abe7b21a,https://data.chain.link/streams/eth-usd-twap-60s-streams,2465.3744072789577,2026-09-11 06:25:52+00
hype-updown-5m-1789107600,HYPE,"Hyperliquid Up or Down - September 11, 2:20AM-2:25AM ET",2026-09-11T06:25:00Z,2026-09-11T06:20:00Z,79.8552653979504,Down,"[""0"", ""1""]",0.43,,,-0.5,0.01,resolved,0x4a6f20bc5607fe9789031b44904bde604fd0ed895f8b8cd9b0f9620ec90647a9,https://data.chain.link/streams/hype-usd-twap-60s-streams,79.68215552111522,2026-09-11 06:25:54+00
sol-updown-5m-1789107600,SOL,"Solana Up or Down - September 11, 2:20AM-2:25AM ET",2026-09-11T06:25:00Z,2026-09-11T06:20:00Z,99.85840534048741,Down,"[""0"", ""1""]",0.01,1232.9730769999999,,-0.5,0.01,resolved,0xe82084b7bade532d291321453dcc11e4cb1db40680c934eadd4b242d27657c5f,https://data.chain.link/streams/sol-usd-twap-60s-streams,99.68475076728662,2026-09-11 06:25:52+00
xrp-updown-5m-1789107600,XRP,"XRP Up or Down - September 11, 2:20AM-2:25AM ET",2026-09-11T06:25:00Z,2026-09-11T06:20:00Z,1.351325325579996,Down,"[""0"", ""1""]",0.19,889.302122,,-0.5,0.01,resolved,0xfde56d0aaf2d999d000e43c49e87bd828446b26c73d8c66b48e4b18487c90212,https://data.chain.link/streams/xrp-usd-twap-60s-streams,1.3494913321573494,2026-09-11 06:25:54+00
zec-updown-5m-1789107600,ZEC,"ZCash Up or Down - September 11, 2:20AM-2:25AM ET",2026-09-11T06:25:00Z,2026-09-11T06:20:00Z,1104.471287749966,Down,"[""0"", ""1""]",,,,-0.005,0.99,resolved,0x0d52a1900ae57cd70e9df224202474abf2564edb51aa4b6573031c5fac3bf5f9,https://data.chain.link/streams/zec-usd-twap-60s-streams,1098.5770513576842,2026-09-11 06:25:54+00
bnb-updown-5m-1789107900,BNB,"BNB Up or Down - September 11, 2:25AM-2:30AM ET",2026-09-11T06:30:00Z,2026-09-11T06:25:00Z,715.1934970753023,Down,"[""0"", ""1""]",0.23,,,-0.5,0.01,resolved,0x95fb858ac106eeb2db4203b73d7ce7bb5e5cf1f10ea8326e5ff02982ec3a9868,https://data.chain.link/streams/bnb-usd-twap-60s-streams,714.9773313351544,2026-09-11 06:30:55+00
btc-updown-5m-1789107900,BTC,"Bitcoin Up or Down - September 11, 2:25AM-2:30AM ET",2026-09-11T06:30:00Z,2026-09-11T06:25:00Z,77238.97178354167,Up,"[""1"", ""0""]",0.99,49178.00181100004,,0.49,0.01,resolved,0x0f48f9343df747624ff6d116934f58740d9d0d8496d15f046dde485e5d68a220,https://data.chain.link/streams/btc-usd-twap-60s-streams,77245.85878658015,2026-09-11 06:30:55+00
doge-updown-5m-1789107900,DOGE,"Dogecoin Up or Down - September 11, 2:25AM-2:30AM ET",2026-09-11T06:30:00Z,2026-09-11T06:25:00Z,0.08393662585650016,Up,"[""1"", ""0""]",0.99,,,0.495,0.01,resolved,0x757619bda9a6fb3a2f3fe0a303b174c93bd1dfe24f6fd2acb546c4f33ee5fc3b,https://data.chain.link/streams/doge-usd-twap-60s-streams,0.08396403653401277,2026-09-11 06:30:55+00
eth-updown-5m-1789107900,ETH,"Ethereum Up or Down - September 11, 2:25AM-2:30AM ET",2026-09-11T06:30:00Z,2026-09-11T06:25:00Z,2465.3744072789577,Up,"[""1"", ""0""]",0.99,3724.837372000001,,0.49,0.01,resolved,0xed61fe43324e3f571b67cfd475e5ea4661be7fb53aa6d0f0b68dc215c3abbd58,https://data.chain.link/streams/eth-usd-twap-60s-streams,2466.0271346020613,2026-09-11 06:30:55+00
hype-updown-5m-1789107900,HYPE,"Hyperliquid Up or Down - September 11, 2:25AM-2:30AM ET",2026-09-11T06:30:00Z,2026-09-11T06:25:00Z,79.68215552111522,Down,"[""0"", ""1""]",0.01,,,-0.5,0.01,resolved,0x2f012893d51ef613de4ed26b7290acb8ef57081ed03363008b51010fa4d73108,https://data.chain.link/streams/hype-usd-twap-60s-streams,79.68196521977785,2026-09-11 06:30:55+00
sol-updown-5m-1789107900,SOL,"Solana Up or Down - September 11, 2:25AM-2:30AM ET",2026-09-11T06:30:00Z,2026-09-11T06:25:00Z,99.68475076728662,Up,"[""1"", ""0""]",0.99,,,0.49,0.01,resolved,0xbb11161b7d01abf01c5fbe6b550005f301493cab9f73fda301a8a7269ea8f437,https://data.chain.link/streams/sol-usd-twap-60s-streams,99.70514571585845,2026-09-11 06:30:55+00
xrp-updown-5m-1789107900,XRP,"XRP Up or Down - September 11, 2:25AM-2:30AM ET",2026-09-11T06:30:00Z,2026-09-11T06:25:00Z,1.3494913321573494,Up,"[""1"", ""0""]",0.99,,,0.49,0.01,resolved,0x8eb9000fbb49d41065cf931e924cee7e45aba220a10ab388e6854104d07eaf19,https://data.chain.link/streams/xrp-usd-twap-60s-streams,1.3504404234399539,2026-09-11 06:30:55+00
zec-updown-5m-1789107900,ZEC,"ZCash Up or Down - September 11, 2:25AM-2:30AM ET",2026-09-11T06:30:00Z,2026-09-11T06:25:00Z,1098.5770513576842,Up,"[""1"", ""0""]",,,,0.495,0.01,resolved,0x2521a8fed1076ea87d53f8d4654d947720bf2880b5f87987e3769990fdf93cd2,https://data.chain.link/streams/zec-usd-twap-60s-streams,1101.0696434574668,2026-09-11 06:30:55+00
bnb-updown-5m-1789108200,BNB,"BNB Up or Down - September 11, 2:30AM-2:35AM ET",2026-09-11T06:35:00Z,2026-09-11T06:30:00Z,714.9773313351544,Down,"[""0"", ""1""]",0.24,164.25012900000002,,-0.5045,0.001,resolved,0xfec623e31025d162e2358c775cb59d3b2e0c5879e74852ad3d0fcb040c40c8f2,https://data.chain.link/streams/bnb-usd-twap-60s-streams,714.1663332666598,2026-09-11 06:36:27+00
btc-updown-5m-1789108200,BTC,"Bitcoin Up or Down - September 11, 2:30AM-2:35AM ET",2026-09-11T06:35:00Z,2026-09-11T06:30:00Z,77245.85878658015,Down,"[""0"", ""1""]",0.01,33218.382673,,-0.5045,0.001,resolved,0x01e163b1af7ef9e1322ef94c77ed0cfa1c85c088b4f24c6222ea9cac83467946,https://data.chain.link/streams/btc-usd-twap-60s-streams,77155.8747952931,2026-09-11 06:36:28+00
doge-updown-5m-1789108200,DOGE,"Dogecoin Up or Down - September 11, 2:30AM-2:35AM ET",2026-09-11T06:35:00Z,2026-09-11T06:30:00Z,0.08396403653401277,Down,"[""0"", ""1""]",0.81,179.04242599999998,,-0.4995,0.001,resolved,0xd1c27d9025d835b6a9c0142865ee1d39b202468203e3e3106fa0576aa931b7dc,https://data.chain.link/streams/doge-usd-twap-60s-streams,0.08386326121018116,2026-09-11 06:36:27+00
eth-updown-5m-1789108200,ETH,"Ethereum Up or Down - September 11, 2:30AM-2:35AM ET",2026-09-11T06:35:00Z,2026-09-11T06:30:00Z,2466.0271346020613,Down,"[""0"", ""1""]",0.03,1919.3260699999998,,-0.5045,0.001,resolved,0xfa1c81465b7fe05a39514f8f2188b363bce57a267542c7fe4cd2fd3b7205b1ed,https://data.chain.link/streams/eth-usd-twap-60s-streams,2462.754478963723,2026-09-11 06:36:27+00
hype-updown-5m-1789108200,HYPE,"Hyperliquid Up or Down - September 11, 2:30AM-2:35AM ET",2026-09-11T06:35:00Z,2026-09-11T06:30:00Z,79.68196521977785,Down,"[""0"", ""1""]",,47.171482000000005,,-0.5045,0.001,resolved,0x70f16eb68ab26e35f10c3ca3b29c595d16d9f9513c68ef13a7d5a758378b94a6,https://data.chain.link/streams/hype-usd-twap-60s-streams,79.52328756331084,2026-09-11 06:36:28+00
sol-updown-5m-1789108200,SOL,"Solana Up or Down - September 11, 2:30AM-2:35AM ET",2026-09-11T06:35:00Z,2026-09-11T06:30:00Z,99.70514571585845,Down,"[""0"", ""1""]",0.03,1789.8447660000002,,-0.5045,0.001,resolved,0xb9ced98107c3b281b8baeaf520b7c2901530e3a7029b93e5bea80d263669b73f,https://data.chain.link/streams/sol-usd-twap-60s-streams,99.536053220651,2026-09-11 06:36:28+00
xrp-updown-5m-1789108200,XRP,"XRP Up or Down - September 11, 2:30AM-2:35AM ET",2026-09-11T06:35:00Z,2026-09-11T06:30:00Z,1.3504404234399539,Down,"[""0"", ""1""]",0.01,933.678626,,-0.5045,0.001,resolved,0x8adc59e603d4fccf08c81a3c25cac121730625ab4d2cc26305dbbbe0cc4392c5,https://data.chain.link/streams/xrp-usd-twap-60s-streams,1.3492660380113428,2026-09-11 06:36:28+00
zec-updown-5m-1789108200,ZEC,"ZCash Up or Down - September 11, 2:30AM-2:35AM ET",2026-09-11T06:35:00Z,2026-09-11T06:30:00Z,1101.0696434574668,Down,"[""0"", ""1""]",,,,-0.4995,0.001,resolved,0x0efeb1ca17b6dcf3abebb2b1a1fa2270b5addfd8ed8b9cc17f5714be17c201b4,https://data.chain.link/streams/zec-usd-twap-60s-streams,1100.482992589655,2026-09-11 06:36:28+00
bnb-updown-5m-1789108500,BNB,"BNB Up or Down - September 11, 2:35AM-2:40AM ET",2026-09-11T06:40:00Z,2026-09-11T06:35:00Z,714.1663332666598,Up,"[""1"", ""0""]",0.99,,,0.49,0.01,resolved,0x395a569d7bcb49916466e6a1599a3a56e2d7ec2997cf5211b088b88674726547,https://data.chain.link/streams/bnb-usd-twap-60s-streams,714.6499698236339,2026-09-11 06:40:54+00
btc-updown-5m-1789108500,BTC,"Bitcoin Up or Down - September 11, 2:35AM-2:40AM ET",2026-09-11T06:40:00Z,2026-09-11T06:35:00Z,77155.8747952931,Up,"[""1"", ""0""]",0.999,29702.34362400001,,0.4945,0.001,resolved,0x4bef937e76d09e0307caaa2b562ebd7fb389399e7e734010f4f9f90ed1471ceb,https://data.chain.link/streams/btc-usd-twap-60s-streams,77221.77300432272,2026-09-11 06:40:54+00
doge-updown-5m-1789108500,DOGE,"Dogecoin Up or Down - September 11, 2:35AM-2:40AM ET",2026-09-11T06:40:00Z,2026-09-11T06:35:00Z,0.08386326121018116,Up,"[""1"", ""0""]",0.99,,,0.495,0.01,resolved,0x17f5acec7a11761052236911d7876a5bd958cbcbbd4fce18e24dd4e0b9f59c94,https://data.chain.link/streams/doge-usd-twap-60s-streams,0.08392979543522851,2026-09-11 06:40:54+00
eth-updown-5m-1789108500,ETH,"Ethereum Up or Down - September 11, 2:35AM-2:40AM ET",2026-09-11T06:40:00Z,2026-09-11T06:35:00Z,2462.754478963723,Up,"[""1"", ""0""]",0.99,1813.014499,,0.4945,0.001,resolved,0x6f91716f813b50b8f2ca04e6b8005e4589799970401dbd75fd942b024cad938e,https://data.chain.link/streams/eth-usd-twap-60s-streams,2465.781146674978,2026-09-11 06:40:54+00
hype-updown-5m-1789108500,HYPE,"Hyperliquid Up or Down - September 11, 2:35AM-2:40AM ET",2026-09-11T06:40:00Z,2026-09-11T06:35:00Z,79.52328756331084,Up,"[""1"", ""0""]",0.98,,,0.4945,0.001,resolved,0xca0c7c22e450906c97ef564965aa86182ff4b6a327d320698ac0a591cc7e7de1,https://data.chain.link/streams/hype-usd-twap-60s-streams,79.69238064691572,2026-09-11 06:40:54+00
sol-updown-5m-1789108500,SOL,"Solana Up or Down - September 11, 2:35AM-2:40AM ET",2026-09-11T06:40:00Z,2026-09-11T06:35:00Z,99.536053220651,Up,"[""1"", ""0""]",0.99,696.836685,,0.4945,0.001,resolved,0x5e185cf47c5d278db61e59dcd88c7d6d28976526e45e72ba0086300d1a35eb18,https://data.chain.link/streams/sol-usd-twap-60s-streams,99.6821759793675,2026-09-11 06:40:54+00
xrp-updown-5m-1789108500,XRP,"XRP Up or Down - September 11, 2:35AM-2:40AM ET",2026-09-11T06:40:00Z,2026-09-11T06:35:00Z,1.3492660380113428,Up,"[""1"", ""0""]",0.99,463.20937599999996,,0.4995,0.001,resolved,0x3b68c87e36bbcb6e1bf22728fd1bfa5c6ca5c3c33a4046a36bfa395e05aa28bf,https://data.chain.link/streams/xrp-usd-twap-60s-streams,1.351018647167578,2026-09-11 06:40:55+00
zec-updown-5m-1789108500,ZEC,"ZCash Up or Down - September 11, 2:35AM-2:40AM ET",2026-09-11T06:40:00Z,2026-09-11T06:35:00Z,1100.482992589655,Up,"[""1"", ""0""]",,,,0.495,0.01,resolved,0xea7967e3284ea2b99c716c1eeab687e1dd52541d1f168b2a5370deebfd89abfb,https://data.chain.link/streams/zec-usd-twap-60s-streams,1100.9024923354664,2026-09-11 06:40:54+00
bnb-updown-5m-1789108800,BNB,"BNB Up or Down - September 11, 2:40AM-2:45AM ET",2026-09-11T06:45:00Z,2026-09-11T06:40:00Z,714.6499698236339,Down,"[""0"", ""1""]",0.47,,,-0.5,0.01,resolved,0x2033ea1bc1e73a0e5d67e3d0dac3d31cfafd875435deaade5daba06e00a87eff,https://data.chain.link/streams/bnb-usd-twap-60s-streams,714.519823012783,2026-09-11 06:45:54+00
btc-updown-5m-1789108800,BTC,"Bitcoin Up or Down - September 11, 2:40AM-2:45AM ET",2026-09-11T06:45:00Z,2026-09-11T06:40:00Z,77221.77300432272,Down,"[""0"", ""1""]",0.01,31112.907149,,-0.5,0.01,resolved,0x7708973b8182c7e40149135a958381dda577067e7d688562abb2d1c4cbb4b1f1,https://data.chain.link/streams/btc-usd-twap-60s-streams,77193.57630037234,2026-09-11 06:45:54+00
doge-updown-5m-1789108800,DOGE,"Dogecoin Up or Down - September 11, 2:40AM-2:45AM ET",2026-09-11T06:45:00Z,2026-09-11T06:40:00Z,0.08392979543522851,Down,"[""0"", ""1""]",0.31,,,-0.495,0.01,resolved,0x1d7bfb991d16285b4e79d26c3ea87dba76ff6bf6f503f7a93bbb2a4c399ffc27,https://data.chain.link/streams/doge-usd-twap-60s-streams,0.08387939212327368,2026-09-11 06:45:54+00
eth-updown-5m-1789108800,ETH,"Ethereum Up or Down - September 11, 2:40AM-2:45AM ET",2026-09-11T06:45:00Z,2026-09-11T06:40:00Z,2465.781146674978,Down,"[""0"", ""1""]",0.03,1691.766981,,-0.5,0.01,resolved,0x6ddf3b054491fe66e768356cd7f0fe08734f083963fcf998cff28be510340270,https://data.chain.link/streams/eth-usd-twap-60s-streams,2464.860756852832,2026-09-11 06:45:52+00
hype-updown-5m-1789108800,HYPE,"Hyperliquid Up or Down - September 11, 2:40AM-2:45AM ET",2026-09-11T06:45:00Z,2026-09-11T06:40:00Z,79.69238064691572,Up,"[""1"", ""0""]",0.98,,,0.49,0.01,resolved,0xb403e04f12cd8aae35f49995e96880a624111c798c0d8f30db606c54e09e7c37,https://data.chain.link/streams/hype-usd-twap-60s-streams,79.70274814541526,2026-09-11 06:45:54+00
sol-updown-5m-1789108800,SOL,"Solana Up or Down - September 11, 2:40AM-2:45AM ET",2026-09-11T06:45:00Z,2026-09-11T06:40:00Z,99.6821759793675,Down,"[""0"", ""1""]",0.03,,,-0.5,0.01,resolved,0x469a8f6ac6bda9698dbe0b8ad7a7a87514fd2b0e178bee03ae02fe69ebc8f196,https://data.chain.link/streams/sol-usd-twap-60s-streams,99.6365333919383,2026-09-11 06:45:54+00
xrp-updown-5m-1789108800,XRP,"XRP Up or Down - September 11, 2:40AM-2:45AM ET",2026-09-11T06:45:00Z,2026-09-11T06:40:00Z,1.351018647167578,Down,"[""0"", ""1""]",0.04,,,-0.5,0.01,resolved,0xb7b9eac229c3d96ce58c5808ab61bed0faa2762d03bef33f1cc160b935a7add9,https://data.chain.link/streams/xrp-usd-twap-60s-streams,1.350725087637212,2026-09-11 06:45:54+00
zec-updown-5m-1789108800,ZEC,"ZCash Up or Down - September 11, 2:40AM-2:45AM ET",2026-09-11T06:45:00Z,2026-09-11T06:40:00Z,1100.9024923354664,Up,"[""1"", ""0""]",0.43,,,0.495,0.01,resolved,0x4a4d843f6a19733d43d52ea7ddc7c6ca21fc7fb0d39b80a48f70978fbe53aa02,https://data.chain.link/streams/zec-usd-twap-60s-streams,1101.6241870921276,2026-09-11 06:45:54+00
bnb-updown-5m-1789109100,BNB,"BNB Up or Down - September 11, 2:45AM-2:50AM ET",2026-09-11T06:50:00Z,2026-09-11T06:45:00Z,714.519823012783,Up,"[""1"", ""0""]",0.99,165.101403,,0.4945,0.001,resolved,0x7937470629bdd073c730e558b2bbbc557493a703eb4f9a15fe448d09bac130be,https://data.chain.link/streams/bnb-usd-twap-60s-streams,714.8472829236072,2026-09-11 06:50:54+00
btc-updown-5m-1789109100,BTC,"Bitcoin Up or Down - September 11, 2:45AM-2:50AM ET",2026-09-11T06:50:00Z,2026-09-11T06:45:00Z,77193.57630037234,Up,"[""1"", ""0""]",0.999,28096.42329799998,,0.4945,0.001,resolved,0xabeeb42b9ab8df39903a38b1413cf4bf37322eea74378b9cb0ca91f42b13d8f7,https://data.chain.link/streams/btc-usd-twap-60s-streams,77238.33233458511,2026-09-11 06:50:54+00
doge-updown-5m-1789109100,DOGE,"Dogecoin Up or Down - September 11, 2:45AM-2:50AM ET",2026-09-11T06:50:00Z,2026-09-11T06:45:00Z,0.08387939212327368,Up,"[""1"", ""0""]",0.99,480.91671299999996,,0.4995,0.001,resolved,0x55c59cb780469894e769e3d888f9d5e6762955f374181a62f5c382b63efc91b0,https://data.chain.link/streams/doge-usd-twap-60s-streams,0.08396092603619953,2026-09-11 06:50:54+00
eth-updown-5m-1789109100,ETH,"Ethereum Up or Down - September 11, 2:45AM-2:50AM ET",2026-09-11T06:50:00Z,2026-09-11T06:45:00Z,2464.860756852832,Up,"[""1"", ""0""]",0.999,1766.9638469999993,,0.4945,0.001,resolved,0x350e69b5dadeb209c28a04cc785059fd9cac326e6178d5bb472c26aa0a56540a,https://data.chain.link/streams/eth-usd-twap-60s-streams,2466.324044779993,2026-09-11 06:50:54+00
hype-updown-5m-1789109100,HYPE,"Hyperliquid Up or Down - September 11, 2:45AM-2:50AM ET",2026-09-11T06:50:00Z,2026-09-11T06:45:00Z,79.70274814541526,Up,"[""1"", ""0""]",0.999,66.37028900000001,,0.4945,0.001,resolved,0xb78410453a5db7c707a1d4c450bf9f87fedf48682860a46ef16ae72ffe0bdc05,https://data.chain.link/streams/hype-usd-twap-60s-streams,79.9036913771124,2026-09-11 06:50:54+00
sol-updown-5m-1789109100,SOL,"Solana Up or Down - September 11, 2:45AM-2:50AM ET",2026-09-11T06:50:00Z,2026-09-11T06:45:00Z,99.6365333919383,Up,"[""1"", ""0""]",0.99,878.843578,,0.4945,0.001,resolved,0xf6c3d648a7c009880701d77e0a8ac210b45e0d228b9f823627e62817059a9382,https://data.chain.link/streams/sol-usd-twap-60s-streams,99.75185724260923,2026-09-11 06:50:54+00
xrp-updown-5m-1789109100,XRP,"XRP Up or Down - September 11, 2:45AM-2:50AM ET",2026-09-11T06:50:00Z,2026-09-11T06:45:00Z,1.350725087637212,Up,"[""1"", ""0""]",0.99,753.9842560000001,,0.4945,0.001,resolved,0xe20231e8cbafe965ac2137561a5397b19bfee284c63ba0cae566bdadbcd0c5c4,https://data.chain.link/streams/xrp-usd-twap-60s-streams,1.3523002483437525,2026-09-11 06:50:54+00
zec-updown-5m-1789109100,ZEC,"ZCash Up or Down - September 11, 2:45AM-2:50AM ET",2026-09-11T06:50:00Z,2026-09-11T06:45:00Z,1101.6241870921276,Up,"[""1"", ""0""]",,,,0.495,0.01,resolved,0xbc6d4281fc1cf406cc8b90203aaac55e9ad9fb94240e307f69f111944b7eee27,https://data.chain.link/streams/zec-usd-twap-60s-streams,1106.1468013848762,2026-09-11 06:50:54+00
bnb-updown-5m-1789109400,BNB,"BNB Up or Down - September 11, 2:50AM-2:55AM ET",2026-09-11T06:55:00Z,2026-09-11T06:50:00Z,714.8472829236072,Up,"[""1"", ""0""]",0.99,,,0.49,0.01,resolved,0xcfc38da5c68ebb1a380ddd2d49772ec117549d84ff8afba2c85d760dade3ac4e,https://data.chain.link/streams/bnb-usd-twap-60s-streams,714.9146968783095,2026-09-11 06:55:52+00
btc-updown-5m-1789109400,BTC,"Bitcoin Up or Down - September 11, 2:50AM-2:55AM ET",2026-09-11T06:55:00Z,2026-09-11T06:50:00Z,77238.33233458511,Up,"[""1"", ""0""]",0.999,38698.62477200001,,0.49,0.01,resolved,0xaf84e82267b7ae8d48e65186984c359e6c16d65bbe31933d144ea7446c09c784,https://data.chain.link/streams/btc-usd-twap-60s-streams,77246.81157832776,2026-09-11 06:55:54+00
doge-updown-5m-1789109400,DOGE,"Dogecoin Up or Down - September 11, 2:50AM-2:55AM ET",2026-09-11T06:55:00Z,2026-09-11T06:50:00Z,0.08396092603619953,Down,"[""0"", ""1""]",0.29,,,-0.495,0.01,resolved,0xff99b37da56ab65aa1dfa5eef4f95f5f20da61ff9c8cad5735b944a9c025fd01,https://data.chain.link/streams/doge-usd-twap-60s-streams,0.08394822721720066,2026-09-11 06:55:54+00
eth-updown-5m-1789109400,ETH,"Ethereum Up or Down - September 11, 2:50AM-2:55AM ET",2026-09-11T06:55:00Z,2026-09-11T06:50:00Z,2466.324044779993,Down,"[""0"", ""1""]",0.03,5310.375840000001,,-0.5,0.01,resolved,0x413e5bdc9d70e7c7c4d56bc4b93c34002bf9d10c7d09a0927bb44c9a51e804a0,https://data.chain.link/streams/eth-usd-twap-60s-streams,2466.0356175966963,2026-09-11 06:55:54+00
hype-updown-5m-1789109400,HYPE,"Hyperliquid Up or Down - September 11, 2:50AM-2:55AM ET",2026-09-11T06:55:00Z,2026-09-11T06:50:00Z,79.9036913771124,Up,"[""1"", ""0""]",0.98,,,0.49,0.01,resolved,0x0c2674874fc411ab3cc9d8c07fbe8e022317d95f5aa7c7ebf644e7d9f5f9ec06,https://data.chain.link/streams/hype-usd-twap-60s-streams,79.98841130803201,2026-09-11 06:55:52+00
sol-updown-5m-1789109400,SOL,"Solana Up or Down - September 11, 2:50AM-2:55AM ET",2026-09-11T06:55:00Z,2026-09-11T06:50:00Z,99.75185724260923,Down,"[""0"", ""1""]",0.01,2400.973749,,-0.5,0.01,resolved,0xf4532da904d44a1b930b834c50ccdcad421db966a670b9b16d7146980e4def3a,https://data.chain.link/streams/sol-usd-twap-60s-streams,99.72349386632114,2026-09-11 06:55:54+00
xrp-updown-5m-1789109400,XRP,"XRP Up or Down - September 11, 2:50AM-2:55AM ET",2026-09-11T06:55:00Z,2026-09-11T06:50:00Z,1.3523002483437525,Down,"[""0"", ""1""]",0.04,,,-0.5,0.01,resolved,0xfe56ea9870eab7b3a695e24800fb6c23147f4eaa84c9c21f2b209c616c060453,https://data.chain.link/streams/xrp-usd-twap-60s-streams,1.352007906908596,2026-09-11 06:55:54+00
zec-updown-5m-1789109400,ZEC,"ZCash Up or Down - September 11, 2:50AM-2:55AM ET",2026-09-11T06:55:00Z,2026-09-11T06:50:00Z,1106.1468013848762,Down,"[""0"", ""1""]",,,,-0.005,0.99,resolved,0x5c24d2e462bd2639bc4ba4c30b1f99042d099e85dafabe88ce9a93cd3e725013,https://data.chain.link/streams/zec-usd-twap-60s-streams,1101.9386680917512,2026-09-11 06:55:54+00
bnb-updown-5m-1789109700,BNB,"BNB Up or Down - September 11, 2:55AM-3:00AM ET",2026-09-11T07:00:00Z,2026-09-11T06:55:00Z,714.9146968783095,Up,"[""1"", ""0""]",0.99,,,0.49,0.01,resolved,0x9ad1f99fbe2c3904618f8c6fee10694a9eb43d84780a0feedaf9fbd1efe90db3,https://data.chain.link/streams/bnb-usd-twap-60s-streams,714.9287429892277,2026-09-11 07:00:55+00
btc-updown-5m-1789109700,BTC,"Bitcoin Up or Down - September 11, 2:55AM-3:00AM ET",2026-09-11T07:00:00Z,2026-09-11T06:55:00Z,77246.81157832776,Up,"[""1"", ""0""]",0.99,31507.480657,,0.49,0.01,resolved,0x4e7eef37e4a1f3bdba5b7c9929c0fdadbd859de2d6efb4afb117e472cc6c5e33,https://data.chain.link/streams/btc-usd-twap-60s-streams,77261.39664920933,2026-09-11 07:00:54+00
doge-updown-5m-1789109700,DOGE,"Dogecoin Up or Down - September 11, 2:55AM-3:00AM ET",2026-09-11T07:00:00Z,2026-09-11T06:55:00Z,0.08394822721720066,Up,"[""1"", ""0""]",0.99,,,0.495,0.01,resolved,0xc947dae1f98f7548c5e0b692a15e35a482714fcd43552e842dd65f9f43d373b6,https://data.chain.link/streams/doge-usd-twap-60s-streams,0.08396335566482088,2026-09-11 07:00:54+00
eth-updown-5m-1789109700,ETH,"Ethereum Up or Down - September 11, 2:55AM-3:00AM ET",2026-09-11T07:00:00Z,2026-09-11T06:55:00Z,2466.0356175966963,Down,"[""0"", ""1""]",0.01,5692.996360000001,,-0.5,0.01,resolved,0xa9551d5c0098b06a365aef6afcd96abab6b46915d5e5cc270bb6f035e9f719e8,https://data.chain.link/streams/eth-usd-twap-60s-streams,2466.0256661122626,2026-09-11 07:00:54+00
hype-updown-5m-1789109700,HYPE,"Hyperliquid Up or Down - September 11, 2:55AM-3:00AM ET",2026-09-11T07:00:00Z,2026-09-11T06:55:00Z,79.98841130803201,Down,"[""0"", ""1""]",0.01,,,-0.495,0.01,resolved,0xc8bc3bb5ec58f01cb42103b34c1ac2957d67098abd61c76b6d3f539f00e1e638,https://data.chain.link/streams/hype-usd-twap-60s-streams,79.9851201920274,2026-09-11 07:00:54+00
sol-updown-5m-1789109700,SOL,"Solana Up or Down - September 11, 2:55AM-3:00AM ET",2026-09-11T07:00:00Z,2026-09-11T06:55:00Z,99.72349386632114,Up,"[""1"", ""0""]",0.999,,,0.4945,0.001,resolved,0xa375481eacff35ee419fb8074d545b1d305847252d69c8f604729e429ee99eb6,https://data.chain.link/streams/sol-usd-twap-60s-streams,99.77495210320103,2026-09-11 07:00:54+00
xrp-updown-5m-1789109700,XRP,"XRP Up or Down - September 11, 2:55AM-3:00AM ET",2026-09-11T07:00:00Z,2026-09-11T06:55:00Z,1.352007906908596,Up,"[""1"", ""0""]",0.99,,,0.49,0.01,resolved,0xdf8f848f2dbe7e1240f07a9692a856517f59874c61f9ded8c99be79fc1612313,https://data.chain.link/streams/xrp-usd-twap-60s-streams,1.3528155093780505,2026-09-11 07:00:54+00
zec-updown-5m-1789109700,ZEC,"ZCash Up or Down - September 11, 2:55AM-3:00AM ET",2026-09-11T07:00:00Z,2026-09-11T06:55:00Z,1101.9386680917512,Up,"[""1"", ""0""]",,,,0.495,0.01,resolved,0xce170e8911c4254ac3d64a98a5f94e88469bfeffe1a621d0f2e7680a69cef0ac,https://data.chain.link/streams/zec-usd-twap-60s-streams,1103.2215777460995,2026-09-11 07:00:54+00
bnb-updown-5m-1789110000,BNB,"BNB Up or Down - September 11, 3:00AM-3:05AM ET",2026-09-11T07:05:00Z,2026-09-11T07:00:00Z,714.9287429892277,Up,"[""1"", ""0""]",0.99,,,0.49,0.01,resolved,0x86bf7fbe20bc82d032c0f5252f1310f7496ea23658998ca27c2aef75d305220b,https://data.chain.link/streams/bnb-usd-twap-60s-streams,715.0136616007876,2026-09-11 07:05:52+00
btc-updown-5m-1789110000,BTC,"Bitcoin Up or Down - September 11, 3:00AM-3:05AM ET",2026-09-11T07:05:00Z,2026-09-11T07:00:00Z,77261.39664920933,Up,"[""1"", ""0""]",0.99,,,0.49,0.01,resolved,0x12b98e322b0a5b7a62fbc5b42d2fc71a15fb43261961ff2299bfac8b1a4f3cc2,https://data.chain.link/streams/btc-usd-twap-60s-streams,77270.08206771173,2026-09-11 07:05:54+00
doge-updown-5m-1789110000,DOGE,"Dogecoin Up or Down - September 11, 3:00AM-3:05AM ET",2026-09-11T07:05:00Z,2026-09-11T07:00:00Z,0.08396335566482088,Up,"[""1"", ""0""]",0.99,,,0.495,0.01,resolved,0x803e3cdd21f515f39b5a5f65ea348b9bfce5e853cdf004b553e096b3f1f57ba3,https://data.chain.link/streams/doge-usd-twap-60s-streams,0.08399372611839956,2026-09-11 07:05:52+00
eth-updown-5m-1789110000,ETH,"Ethereum Up or Down - September 11, 3:00AM-3:05AM ET",2026-09-11T07:05:00Z,2026-09-11T07:00:00Z,2466.0256661122626,Up,"[""1"", ""0""]",0.99,,,0.45,0.07,resolved,0x573a73edff75349fb6387b8efc9127e1a870c47c83a50a7318ed490b0a4be0a8,https://data.chain.link/streams/eth-usd-twap-60s-streams,2466.0940551798253,2026-09-11 07:05:52+00
hype-updown-5m-1789110000,HYPE,"Hyperliquid Up or Down - September 11, 3:00AM-3:05AM ET",2026-09-11T07:05:00Z,2026-09-11T07:00:00Z,79.9851201920274,Up,"[""1"", ""0""]",0.99,,,0.49,0.01,resolved,0x7a16cacdca63b2d61cd4398a5ee64a5483b345c37344fecf9c2d0b5dc7be7d03,https://data.chain.link/streams/hype-usd-twap-60s-streams,80.03422506892704,2026-09-11 07:05:52+00
sol-updown-5m-1789110000,SOL,"Solana Up or Down - September 11, 3:00AM-3:05AM ET",2026-09-11T07:05:00Z,2026-09-11T07:00:00Z,99.77495210320103,Up,"[""1"", ""0""]",0.99,,,0.49,0.01,resolved,0x905301cd90411121d292f13cefd16c63e2122c801f1219b687bc61321563e16d,https://data.chain.link/streams/sol-usd-twap-60s-streams,99.80283917168144,2026-09-11 07:05:52+00
xrp-updown-5m-1789110000,XRP,"XRP Up or Down - September 11, 3:00AM-3:05AM ET",2026-09-11T07:05:00Z,2026-09-11T07:00:00Z,1.3528155093780505,Up,"[""1"", ""0""]",0.99,,,0.4945,0.001,resolved,0x64c364da67007daec954fb303d578f2bca2627bb354b97fb5c5139aa675edb26,https://data.chain.link/streams/xrp-usd-twap-60s-streams,1.3545149060730604,2026-09-11 07:05:52+00
zec-updown-5m-1789110000,ZEC,"ZCash Up or Down - September 11, 3:00AM-3:05AM ET",2026-09-11T07:05:00Z,2026-09-11T07:00:00Z,1103.2215777460995,Up,"[""1"", ""0""]",,,,0.005,0.99,resolved,0x820b8f920a11e2707137d0508c81d6ae66ec7727319a767f989b028b868c87f1,https://data.chain.link/streams/zec-usd-twap-60s-streams,1107.00891672213,2026-09-11 07:05:52+00
bnb-updown-5m-1789110300,BNB,"BNB Up or Down - September 11, 3:05AM-3:10AM ET",2026-09-11T07:10:00Z,2026-09-11T07:05:00Z,715.0136616007876,Up,"[""1"", ""0""]",0.99,,,0.4945,0.001,resolved,0xe72a9ab189bdd63fc95cc7c74d11cc9e2f14150a21ed7e7ed7561e44b0dedabd,https://data.chain.link/streams/bnb-usd-twap-60s-streams,715.4500845832778,2026-09-11 07:11:27+00
btc-updown-5m-1789110300,BTC,"Bitcoin Up or Down - September 11, 3:05AM-3:10AM ET",2026-09-11T07:10:00Z,2026-09-11T07:05:00Z,77270.08206771173,Up,"[""1"", ""0""]",0.999,33617.886559000006,9.803922,0.4945,0.001,resolved,0x7a732014e0738ceb6740e475141d381cf5c7c5bae900ca6fd679ac163bbcaac8,https://data.chain.link/streams/btc-usd-twap-60s-streams,77327.8757232541,2026-09-11 07:11:27+00
doge-updown-5m-1789110300,DOGE,"Dogecoin Up or Down - September 11, 3:05AM-3:10AM ET",2026-09-11T07:10:00Z,2026-09-11T07:05:00Z,0.08399372611839956,Up,"[""1"", ""0""]",0.99,172.46175599999998,,0.4995,0.001,resolved,0x39a6175b6449d5c7dd68a9609d8edc5bcc5591948d474b50d1903e151ed5fd5b,https://data.chain.link/streams/doge-usd-twap-60s-streams,0.08404854348170843,2026-09-11 07:11:27+00
eth-updown-5m-1789110300,ETH,"Ethereum Up or Down - September 11, 3:05AM-3:10AM ET",2026-09-11T07:10:00Z,2026-09-11T07:05:00Z,2466.0940551798253,Up,"[""1"", ""0""]",0.99,2119.37587,,0.4945,0.001,resolved,0x07e2a00e3bf648e9bed879e6880ad7f5e70751dbfda2ce64ce6c8023bb2ad6da,https://data.chain.link/streams/eth-usd-twap-60s-streams,2468.536917349532,2026-09-11 07:11:27+00
hype-updown-5m-1789110300,HYPE,"Hyperliquid Up or Down - September 11, 3:05AM-3:10AM ET",2026-09-11T07:10:00Z,2026-09-11T07:05:00Z,80.03422506892704,Up,"[""1"", ""0""]",0.99,,,0.49,0.01,resolved,0xc0347a0f119350531c8a282249f75af880b11cfd28c578d61c83bd37d4c98d72,https://data.chain.link/streams/hype-usd-twap-60s-streams,80.09995314196954,2026-09-11 07:11:27+00
sol-updown-5m-1789110300,SOL,"Solana Up or Down - September 11, 3:05AM-3:10AM ET",2026-09-11T07:10:00Z,2026-09-11T07:05:00Z,99.80283917168144,Up,"[""1"", ""0""]",0.99,1212.488364,,0.4945,0.001,resolved,0x23d796f55c7f27bdebcdedd89d668233445dc5a2139acbf4fd671414b4fdadd6,https://data.chain.link/streams/sol-usd-twap-60s-streams,99.91254684668164,2026-09-11 07:11:27+00
xrp-updown-5m-1789110300,XRP,"XRP Up or Down - September 11, 3:05AM-3:10AM ET",2026-09-11T07:10:00Z,2026-09-11T07:05:00Z,1.3545149060730604,Up,"[""1"", ""0""]",0.99,1241.507939,,0.4945,0.001,resolved,0xfd131b60550dc190175ef085184790bb49f84870415ca6520d97a1dc798e2ca9,https://data.chain.link/streams/xrp-usd-twap-60s-streams,1.3570165587443461,2026-09-11 07:11:27+00
zec-updown-5m-1789110300,ZEC,"ZCash Up or Down - September 11, 3:05AM-3:10AM ET",2026-09-11T07:10:00Z,2026-09-11T07:05:00Z,1107.00891672213,Up,"[""1"", ""0""]",,,,0.495,0.01,resolved,0x07af11688851734379e9dcca9cab45349ed171660c3bc7c49e9c39893aed38a7,https://data.chain.link/streams/zec-usd-twap-60s-streams,1112.6025578016358,2026-09-11 07:11:28+00
bnb-updown-5m-1789110600,BNB,"BNB Up or Down - September 11, 3:10AM-3:15AM ET",2026-09-11T07:15:00Z,2026-09-11T07:10:00Z,715.4500845832778,Down,"[""0"", ""1""]",0.12,,,-0.5045,0.001,resolved,0x7cc785de597412e48b27b6df0563333477312487c67f8f2514eac017092f374a,https://data.chain.link/streams/bnb-usd-twap-60s-streams,714.9340104280828,2026-09-11 07:16:27+00
btc-updown-5m-1789110600,BTC,"Bitcoin Up or Down - September 11, 3:10AM-3:15AM ET",2026-09-11T07:15:00Z,2026-09-11T07:10:00Z,77327.8757232541,Down,"[""0"", ""1""]",0.01,60467.81354700005,17.263922,-0.5045,0.001,resolved,0xe4710037406959f210297d9eac4e5fed394e103143614e6c1d870ad2d8f2d5f9,https://data.chain.link/streams/btc-usd-twap-60s-streams,77285.5307586083,2026-09-11 07:16:27+00
doge-updown-5m-1789110600,DOGE,"Dogecoin Up or Down - September 11, 3:10AM-3:15AM ET",2026-09-11T07:15:00Z,2026-09-11T07:10:00Z,0.08404854348170843,Down,"[""0"", ""1""]",0.04,,,-0.4995,0.001,resolved,0xfaa4d31a142d5a58bce3a03e3b0b0cb0e24d11b88ab8ba386552c3e70c7a7d08,https://data.chain.link/streams/doge-usd-twap-60s-streams,0.08400555844041939,2026-09-11 07:16:27+00
eth-updown-5m-1789110600,ETH,"Ethereum Up or Down - September 11, 3:10AM-3:15AM ET",2026-09-11T07:15:00Z,2026-09-11T07:10:00Z,2468.536917349532,Down,"[""0"", ""1""]",0.12,5204.525729000001,,-0.5045,0.001,resolved,0xa6df58142a27cea1955893b28428661134f934ff01991fab4c20bca052543e49,https://data.chain.link/streams/eth-usd-twap-60s-streams,2467.6813086818106,2026-09-11 07:16:27+00
hype-updown-5m-1789110600,HYPE,"Hyperliquid Up or Down - September 11, 3:10AM-3:15AM ET",2026-09-11T07:15:00Z,2026-09-11T07:10:00Z,80.09995314196954,Down,"[""0"", ""1""]",0.21,,,-0.5045,0.001,resolved,0x22a6425079a5695c838518e663d12b1f0c4cb03bbeb869b1dcc321cfcab80550,https://data.chain.link/streams/hype-usd-twap-60s-streams,79.99556402130729,2026-09-11 07:16:27+00
sol-updown-5m-1789110600,SOL,"Solana Up or Down - September 11, 3:10AM-3:15AM ET",2026-09-11T07:15:00Z,2026-09-11T07:10:00Z,99.91254684668164,Down,"[""0"", ""1""]",0.05,,,-0.5045,0.001,resolved,0x611b8bf092369951cd61beea0ab2ad19c06701dccd2d4aaa4eec00b8cdd4e4ef,https://data.chain.link/streams/sol-usd-twap-60s-streams,99.81766288691036,2026-09-11 07:16:27+00
xrp-updown-5m-1789110600,XRP,"XRP Up or Down - September 11, 3:10AM-3:15AM ET",2026-09-11T07:15:00Z,2026-09-11T07:10:00Z,1.3570165587443461,Down,"[""0"", ""1""]",0.09,,,-0.5045,0.001,resolved,0x3cae65706d751484c4f1128423f35df61792a422d8051acb0576e3c964e2593f,https://data.chain.link/streams/xrp-usd-twap-60s-streams,1.3564656032324978,2026-09-11 07:16:27+00
zec-updown-5m-1789110600,ZEC,"ZCash Up or Down - September 11, 3:10AM-3:15AM ET",2026-09-11T07:15:00Z,2026-09-11T07:10:00Z,1112.6025578016358,Down,"[""0"", ""1""]",,,,-0.4995,0.001,resolved,0xc9decea0500ee342dbd54295c7bde2bd5c34fc11baade0daffe51259e0654a2c,https://data.chain.link/streams/zec-usd-twap-60s-streams,1108.8251133273181,2026-09-11 07:16:27+00
bnb-updown-5m-1789110900,BNB,"BNB Up or Down - September 11, 3:15AM-3:20AM ET",2026-09-11T07:20:00Z,2026-09-11T07:15:00Z,714.9340104280828,Up,"[""1"", ""0""]",0.99,185.57278900000003,,0.4945,0.001,resolved,0xfceec84420c0fcd39fd4da0907dccee7d63339e3649bc8d97b5037a9cd78390a,https://data.chain.link/streams/bnb-usd-twap-60s-streams,715.4104462543512,2026-09-11 07:20:54+00
btc-updown-5m-1789110900,BTC,"Bitcoin Up or Down - September 11, 3:15AM-3:20AM ET",2026-09-11T07:20:00Z,2026-09-11T07:15:00Z,77285.5307586083,Up,"[""1"", ""0""]",0.999,28857.505251000013,9.803922,0.4945,0.001,resolved,0x69afbc52edf6ca0b0d71b8f713630c4ee3275f2a76a8ad0b3b1bfa4356c8d36e,https://data.chain.link/streams/btc-usd-twap-60s-streams,77321.2161376296,2026-09-11 07:20:54+00
doge-updown-5m-1789110900,DOGE,"Dogecoin Up or Down - September 11, 3:15AM-3:20AM ET",2026-09-11T07:20:00Z,2026-09-11T07:15:00Z,0.08400555844041939,Up,"[""1"", ""0""]",0.99,366.823275,,0.495,0.01,resolved,0xf370695a03bf7c79487f6118fcd3b4f5c2b74df1f4974b86ea5731c250bdde97,https://data.chain.link/streams/doge-usd-twap-60s-streams,0.08404538281248225,2026-09-11 07:20:54+00
eth-updown-5m-1789110900,ETH,"Ethereum Up or Down - September 11, 3:15AM-3:20AM ET",2026-09-11T07:20:00Z,2026-09-11T07:15:00Z,2467.6813086818106,Up,"[""1"", ""0""]",0.99,2026.549889,,0.495,0.01,resolved,0x1d2cde6ec44cc238efed244b8c49426d3ab06d6cb09879c4494b28f6bf9e573c,https://data.chain.link/streams/eth-usd-twap-60s-streams,2468.773572421022,2026-09-11 07:20:54+00
hype-updown-5m-1789110900,HYPE,"Hyperliquid Up or Down - September 11, 3:15AM-3:20AM ET",2026-09-11T07:20:00Z,2026-09-11T07:15:00Z,79.99556402130729,Up,"[""1"", ""0""]",0.98,99.264262,,0.4995,0.001,resolved,0x1c38045d1b72feeae3496784018489594993d4a4760fffc48cb1e529d8537b66,https://data.chain.link/streams/hype-usd-twap-60s-streams,80.12163735206524,2026-09-11 07:20:54+00
sol-updown-5m-1789110900,SOL,"Solana Up or Down - September 11, 3:15AM-3:20AM ET",2026-09-11T07:20:00Z,2026-09-11T07:15:00Z,99.81766288691036,Up,"[""1"", ""0""]",0.99,629.3162320000001,,0.4995,0.001,resolved,0x04f26a3c8ca4aaecd9a4a9a94b7f1043e5b9b20f3f2c5493f814eef5a8e97304,https://data.chain.link/streams/sol-usd-twap-60s-streams,99.92120394067842,2026-09-11 07:20:54+00
xrp-updown-5m-1789110900,XRP,"XRP Up or Down - September 11, 3:15AM-3:20AM ET",2026-09-11T07:20:00Z,2026-09-11T07:15:00Z,1.3564656032324978,Up,"[""1"", ""0""]",0.99,745.5966229999999,,0.495,0.01,resolved,0x09e9cf8bf7f0a8780cb7aaf024f33ac62dfb1c4aebe6a0631c748901d3d71e7a,https://data.chain.link/streams/xrp-usd-twap-60s-streams,1.356909254240731,2026-09-11 07:20:54+00
zec-updown-5m-1789110900,ZEC,"ZCash Up or Down - September 11, 3:15AM-3:20AM ET",2026-09-11T07:20:00Z,2026-09-11T07:15:00Z,1108.8251133273181,Up,"[""1"", ""0""]",,,,0.495,0.01,resolved,0x7546488116ff5b8d69a6d74982250d8946d55c5bb24e85fb676669b1ea8d1c2f,https://data.chain.link/streams/zec-usd-twap-60s-streams,1116.383906180958,2026-09-11 07:20:52+00
bnb-updown-5m-1789111200,BNB,"BNB Up or Down - September 11, 3:20AM-3:25AM ET",2026-09-11T07:25:00Z,2026-09-11T07:20:00Z,715.4104462543512,Up,"[""1"", ""0""]",0.99,212.97478999999998,,0.49,0.01,resolved,0xcca4f5106af39adfbbdca5ebf28d090f7bf85efbf8266033c7b4b0ec1d3ec4b5,https://data.chain.link/streams/bnb-usd-twap-60s-streams,715.6178600922179,2026-09-11 07:25:54+00
btc-updown-5m-1789111200,BTC,"Bitcoin Up or Down - September 11, 3:20AM-3:25AM ET",2026-09-11T07:25:00Z,2026-09-11T07:20:00Z,77321.2161376296,Up,"[""1"", ""0""]",0.999,65876.37992600001,17.263922,0.49,0.01,resolved,0x0eab6b988806ce1c98ff3dd30ce4b884fab1ccb2bf46175706b9f2ae2edb8cbc,https://data.chain.link/streams/btc-usd-twap-60s-streams,77347.43933101652,2026-09-11 07:25:54+00
doge-updown-5m-1789111200,DOGE,"Dogecoin Up or Down - September 11, 3:20AM-3:25AM ET",2026-09-11T07:25:00Z,2026-09-11T07:20:00Z,0.08404538281248225,Up,"[""1"", ""0""]",0.99,,,0.495,0.01,resolved,0xc4eafb5dc42d8f64fdda2ee7b5155739c5846a8cabd113e37a8a35c049718bd5,https://data.chain.link/streams/doge-usd-twap-60s-streams,0.08411329872889944,2026-09-11 07:25:54+00
eth-updown-5m-1789111200,ETH,"Ethereum Up or Down - September 11, 3:20AM-3:25AM ET",2026-09-11T07:25:00Z,2026-09-11T07:20:00Z,2468.773572421022,Up,"[""1"", ""0""]",0.99,2475.8206119999995,,0.49,0.01,resolved,0x31b568ee10f2ba86bd57a5ea20460c512e309fe6a628357dc19c646eac3d8090,https://data.chain.link/streams/eth-usd-twap-60s-streams,2471.005870556392,2026-09-11 07:25:54+00
hype-updown-5m-1789111200,HYPE,"Hyperliquid Up or Down - September 11, 3:20AM-3:25AM ET",2026-09-11T07:25:00Z,2026-09-11T07:20:00Z,80.12163735206524,Up,"[""1"", ""0""]",0.99,39.9902,,0.49,0.01,resolved,0x741c61afe4a204b7af7f48ede842e2b0ff566a4ed4bfde46bc6c32a6f366a10d,https://data.chain.link/streams/hype-usd-twap-60s-streams,80.35624408451329,2026-09-11 07:25:54+00
sol-updown-5m-1789111200,SOL,"Solana Up or Down - September 11, 3:20AM-3:25AM ET",2026-09-11T07:25:00Z,2026-09-11T07:20:00Z,99.92120394067842,Up,"[""1"", ""0""]",0.99,1459.7289600000001,,0.49,0.01,resolved,0xc2d9d9ff0557b892caa072afe1865799c6984233ed1501e8344e45b06035927e,https://data.chain.link/streams/sol-usd-twap-60s-streams,100.0276360558781,2026-09-11 07:25:54+00
xrp-updown-5m-1789111200,XRP,"XRP Up or Down - September 11, 3:20AM-3:25AM ET",2026-09-11T07:25:00Z,2026-09-11T07:20:00Z,1.356909254240731,Up,"[""1"", ""0""]",0.99,597.026152,,0.49,0.01,resolved,0x68b35d24cc9b15b4d2e07dae0dc4a858871aedcfaff8c2c324bbcedfb4b27714,https://data.chain.link/streams/xrp-usd-twap-60s-streams,1.3584639992841305,2026-09-11 07:25:54+00
zec-updown-5m-1789111200,ZEC,"ZCash Up or Down - September 11, 3:20AM-3:25AM ET",2026-09-11T07:25:00Z,2026-09-11T07:20:00Z,1116.383906180958,Down,"[""0"", ""1""]",,,,-0.005,0.99,resolved,0x64fe44f7820f101bc7d9f425cff1d1863fce3c9b0cd1edf43e4027cc8b889bea,https://data.chain.link/streams/zec-usd-twap-60s-streams,1115.7545881246235,2026-09-11 07:25:54+00
bnb-updown-5m-1789111500,BNB,"BNB Up or Down - September 11, 3:25AM-3:30AM ET",2026-09-11T07:30:00Z,2026-09-11T07:25:00Z,715.6178600922179,Down,"[""0"", ""1""]",0.01,,,-0.5045,0.001,resolved,0xeadffb9ff9fdac4ed106e2d5669917ef6dc29eea7618b3b37c6c5ccd85af653d,https://data.chain.link/streams/bnb-usd-twap-60s-streams,714.8541329375214,2026-09-11 07:30:54+00
btc-updown-5m-1789111500,BTC,"Bitcoin Up or Down - September 11, 3:25AM-3:30AM ET",2026-09-11T07:30:00Z,2026-09-11T07:25:00Z,77347.43933101652,Down,"[""0"", ""1""]",0.01,39599.109065,9.803922,-0.5045,0.001,resolved,0x83c553668083a9a65c7c19e3ba30c820038babbf0ecc15f1ae472a80a65a859a,https://data.chain.link/streams/btc-usd-twap-60s-streams,77303.15767523917,2026-09-11 07:30:54+00
doge-updown-5m-1789111500,DOGE,"Dogecoin Up or Down - September 11, 3:25AM-3:30AM ET",2026-09-11T07:30:00Z,2026-09-11T07:25:00Z,0.08411329872889944,Down,"[""0"", ""1""]",0.02,,,-0.4995,0.001,resolved,0xc8e04a8e894b861a1e5c715998a6e5f4e4aae96a035641cbea525f1f4ad44e18,https://data.chain.link/streams/doge-usd-twap-60s-streams,0.08394041274695646,2026-09-11 07:30:54+00
eth-updown-5m-1789111500,ETH,"Ethereum Up or Down - September 11, 3:25AM-3:30AM ET",2026-09-11T07:30:00Z,2026-09-11T07:25:00Z,2471.005870556392,Down,"[""0"", ""1""]",0.03,2650.635564,,-0.5045,0.001,resolved,0xad9f45a2c12ec09f763779fd5d8371f978b45e61e517e9452daae2d1c79526a8,https://data.chain.link/streams/eth-usd-twap-60s-streams,2468.181533919261,2026-09-11 07:30:54+00
hype-updown-5m-1789111500,HYPE,"Hyperliquid Up or Down - September 11, 3:25AM-3:30AM ET",2026-09-11T07:30:00Z,2026-09-11T07:25:00Z,80.35624408451329,Down,"[""0"", ""1""]",0.08,,,-0.5045,0.001,resolved,0x7924816571b27fb36e07bbc0933288ea17fe8aa3385adc9312c8d5dc5e78dec4,https://data.chain.link/streams/hype-usd-twap-60s-streams,80.20011860692294,2026-09-11 07:30:54+00
sol-updown-5m-1789111500,SOL,"Solana Up or Down - September 11, 3:25AM-3:30AM ET",2026-09-11T07:30:00Z,2026-09-11T07:25:00Z,100.0276360558781,Down,"[""0"", ""1""]",0.02,,,-0.5045,0.001,resolved,0xb50d5437a7c87f4779a64e16cd18422579db0ee6491a88988da48ed4cace4636,https://data.chain.link/streams/sol-usd-twap-60s-streams,99.86480717454766,2026-09-11 07:30:54+00
xrp-updown-5m-1789111500,XRP,"XRP Up or Down - September 11, 3:25AM-3:30AM ET",2026-09-11T07:30:00Z,2026-09-11T07:25:00Z,1.3584639992841305,Down,"[""0"", ""1""]",0.11,,,-0.5045,0.001,resolved,0x5e4405af5965ef1dd01facb7d4e437d0bb43c0baf7d012325ecfc5dab3fd8e81,https://data.chain.link/streams/xrp-usd-twap-60s-streams,1.3559983827394035,2026-09-11 07:30:54+00
zec-updown-5m-1789111500,ZEC,"ZCash Up or Down - September 11, 3:25AM-3:30AM ET",2026-09-11T07:30:00Z,2026-09-11T07:25:00Z,1115.7545881246235,Down,"[""0"", ""1""]",0.37,,,-0.495,0.01,resolved,0x1f8dd72bc2858b9f118e7250e40f7521abac127f2e6df38680251ea5f60c631d,https://data.chain.link/streams/zec-usd-twap-60s-streams,1112.2471584945727,2026-09-11 07:30:54+00
bnb-updown-5m-1789111800,BNB,"BNB Up or Down - September 11, 3:30AM-3:35AM ET",2026-09-11T07:35:00Z,2026-09-11T07:30:00Z,714.8541329375214,Down,"[""0"", ""1""]",0.03,,,-0.5045,0.001,resolved,0x1d65ba1206af39bc4cc5bc5c046913cd83598c23254c7407eaa8e6ae21236435,https://data.chain.link/streams/bnb-usd-twap-60s-streams,714.2824314583913,2026-09-11 07:35:54+00
btc-updown-5m-1789111800,BTC,"Bitcoin Up or Down - September 11, 3:30AM-3:35AM ET",2026-09-11T07:35:00Z,2026-09-11T07:30:00Z,77303.15767523917,Down,"[""0"", ""1""]",0.01,52461.199775999994,,-0.5,0.01,resolved,0x760223363921c97cce5c0cd75360631dfb06a1e4e75c13465541a97bd8aeddbb,https://data.chain.link/streams/btc-usd-twap-60s-streams,77278.67772939471,2026-09-11 07:35:54+00
doge-updown-5m-1789111800,DOGE,"Dogecoin Up or Down - September 11, 3:30AM-3:35AM ET",2026-09-11T07:35:00Z,2026-09-11T07:30:00Z,0.08394041274695646,Up,"[""1"", ""0""]",0.99,,,0.495,0.01,resolved,0x2bffe2f21d3d053191e7edaf414f2d9d90e1168571166129fdb197e5467be802,https://data.chain.link/streams/doge-usd-twap-60s-streams,0.0839654912753616,2026-09-11 07:35:54+00
eth-updown-5m-1789111800,ETH,"Ethereum Up or Down - September 11, 3:30AM-3:35AM ET",2026-09-11T07:35:00Z,2026-09-11T07:30:00Z,2468.181533919261,Down,"[""0"", ""1""]",0.71,,,0.34,0.15,resolved,0xecb273951d9c4bf493731f094b33116499d0708460f66dd334fd9a325dc01181,https://data.chain.link/streams/eth-usd-twap-60s-streams,2468.176273135256,2026-09-11 07:35:54+00
hype-updown-5m-1789111800,HYPE,"Hyperliquid Up or Down - September 11, 3:30AM-3:35AM ET",2026-09-11T07:35:00Z,2026-09-11T07:30:00Z,80.20011860692294,Down,"[""0"", ""1""]",0.01,,,-0.5,0.01,resolved,0x6ac1a1dd5d3e8e4afa96986ce2dac0c33523367191744adb8ac71f35b99ae4af,https://data.chain.link/streams/hype-usd-twap-60s-streams,80.1400006028373,2026-09-11 07:35:54+00
sol-updown-5m-1789111800,SOL,"Solana Up or Down - September 11, 3:30AM-3:35AM ET",2026-09-11T07:35:00Z,2026-09-11T07:30:00Z,99.86480717454766,Down,"[""0"", ""1""]",0.009,,,-0.5045,0.001,resolved,0x48b6e9fd8dcf09e416e9ab6367675a0f19479330282a50d8795b6216f8ca4b5e,https://data.chain.link/streams/sol-usd-twap-60s-streams,99.8210974398266,2026-09-11 07:35:54+00
xrp-updown-5m-1789111800,XRP,"XRP Up or Down - September 11, 3:30AM-3:35AM ET",2026-09-11T07:35:00Z,2026-09-11T07:30:00Z,1.3559983827394035,Down,"[""0"", ""1""]",0.16,,,-0.5045,0.001,resolved,0xcc727f04dcb35b1d77c45b49a1b08411a5b77a540049a24fa748431ec1cace46,https://data.chain.link/streams/xrp-usd-twap-60s-streams,1.3547562392153099,2026-09-11 07:35:54+00
zec-updown-5m-1789111800,ZEC,"ZCash Up or Down - September 11, 3:30AM-3:35AM ET",2026-09-11T07:35:00Z,2026-09-11T07:30:00Z,1112.2471584945727,Up,"[""1"", ""0""]",,,,0.005,0.99,resolved,0x49b5d6f12e07f206bf0ad6c7ee5568b71ca47560a6961e53d3ed7d7d34c5cb5d,https://data.chain.link/streams/zec-usd-twap-60s-streams,1113.5464237239962,2026-09-11 07:35:54+00
bnb-updown-5m-1789112100,BNB,"BNB Up or Down - September 11, 3:35AM-3:40AM ET",2026-09-11T07:40:00Z,2026-09-11T07:35:00Z,714.2824314583913,Down,"[""0"", ""1""]",0.25,160.347202,,-0.5045,0.001,resolved,0x99e23983b3a4b76236caca7f0592f00c31bd53a51f386529db39019e619bdd32,https://data.chain.link/streams/bnb-usd-twap-60s-streams,713.8834313564311,2026-09-11 07:40:54+00
btc-updown-5m-1789112100,BTC,"Bitcoin Up or Down - September 11, 3:35AM-3:40AM ET",2026-09-11T07:40:00Z,2026-09-11T07:35:00Z,77278.67772939471,Down,"[""0"", ""1""]",0.001,32643.499868,,-0.5045,0.001,resolved,0x3fd6e409f57b9d3167dcc9f84eb327b133c8b4b844c642123d6ed1e5d5f6115f,https://data.chain.link/streams/btc-usd-twap-60s-streams,77240.8047694363,2026-09-11 07:40:54+00
doge-updown-5m-1789112100,DOGE,"Dogecoin Up or Down - September 11, 3:35AM-3:40AM ET",2026-09-11T07:40:00Z,2026-09-11T07:35:00Z,0.0839654912753616,Down,"[""0"", ""1""]",0.43,,,-0.495,0.01,resolved,0xcbdc051efcf3e8c1f3256e41acaed410c9fba144599250956db3a0ca3606f1fe,https://data.chain.link/streams/doge-usd-twap-60s-streams,0.0839309892638954,2026-09-11 07:40:54+00
eth-updown-5m-1789112100,ETH,"Ethereum Up or Down - September 11, 3:35AM-3:40AM ET",2026-09-11T07:40:00Z,2026-09-11T07:35:00Z,2468.176273135256,Down,"[""0"", ""1""]",0.03,2552.388489,,-0.5045,0.001,resolved,0x2a8e400b70032ffe68da68f6ceaa4e44b2ac5378f3fb71bbfb60d0ce70a392bb,https://data.chain.link/streams/eth-usd-twap-60s-streams,2466.7794154554645,2026-09-11 07:40:54+00
hype-updown-5m-1789112100,HYPE,"Hyperliquid Up or Down - September 11, 3:35AM-3:40AM ET",2026-09-11T07:40:00Z,2026-09-11T07:35:00Z,80.1400006028373,Down,"[""0"", ""1""]",0.12,,,-0.5045,0.001,resolved,0xcf6aad2ca90cc517dabdf0077808c5b0451d7898382c8115d73197dbb16e0349,https://data.chain.link/streams/hype-usd-twap-60s-streams,80.04177405543956,2026-09-11 07:40:55+00
sol-updown-5m-1789112100,SOL,"Solana Up or Down - September 11, 3:35AM-3:40AM ET",2026-09-11T07:40:00Z,2026-09-11T07:35:00Z,99.8210974398266,Down,"[""0"", ""1""]",0.05,1831.2801590000004,,-0.5,0.01,resolved,0x3d14189c03b601e532a6a96ef78161bfca8fdc6ed130931e67a8a56ef078c6db,https://data.chain.link/streams/sol-usd-twap-60s-streams,99.80293531923597,2026-09-11 07:40:54+00
xrp-updown-5m-1789112100,XRP,"XRP Up or Down - September 11, 3:35AM-3:40AM ET",2026-09-11T07:40:00Z,2026-09-11T07:35:00Z,1.3547562392153099,Down,"[""0"", ""1""]",0.08,877.542406,,-0.5,0.01,resolved,0xb5fa849e897cf3abd0f37c24c5a5f58fdedc4d7508bbdac529558cf3876528e6,https://data.chain.link/streams/xrp-usd-twap-60s-streams,1.3543131459308062,2026-09-11 07:40:55+00
zec-updown-5m-1789112100,ZEC,"ZCash Up or Down - September 11, 3:35AM-3:40AM ET",2026-09-11T07:40:00Z,2026-09-11T07:35:00Z,1113.5464237239962,Up,"[""1"", ""0""]",,,,0.495,0.01,resolved,0x166af2c8708203edf86723e84ad0a556ac91dad6eaa962a2e3fcf1dc901c805e,https://data.chain.link/streams/zec-usd-twap-60s-streams,1114.4524835406783,2026-09-11 07:40:54+00
bnb-updown-5m-1789112400,BNB,"BNB Up or Down - September 11, 3:40AM-3:45AM ET",2026-09-11T07:45:00Z,2026-09-11T07:40:00Z,713.8834313564311,Down,"[""0"", ""1""]",0.65,,,-0.5,0.01,resolved,0x7cde12c332635df8dab015a0f24983c801786b6bf4e1c43c441f51f6d16b6aff,https://data.chain.link/streams/bnb-usd-twap-60s-streams,713.7830805304801,2026-09-11 07:45:54+00
btc-updown-5m-1789112400,BTC,"Bitcoin Up or Down - September 11, 3:40AM-3:45AM ET",2026-09-11T07:45:00Z,2026-09-11T07:40:00Z,77240.8047694363,Down,"[""0"", ""1""]",0.01,42556.753281000005,,-0.5,0.01,resolved,0x16514223f925f92ef3ad09256669e94aa06a0a5e2c4008cc6a8ca12e8fee39e5,https://data.chain.link/streams/btc-usd-twap-60s-streams,77238.62182630054,2026-09-11 07:45:54+00
doge-updown-5m-1789112400,DOGE,"Dogecoin Up or Down - September 11, 3:40AM-3:45AM ET",2026-09-11T07:45:00Z,2026-09-11T07:40:00Z,0.0839309892638954,Up,"[""1"", ""0""]",0.96,,,0.415,0.11,resolved,0x0cf0e4a08fd029bcc58680058df7d65454c8988a8ca40b85c192777e67a4dec0,https://data.chain.link/streams/doge-usd-twap-60s-streams,0.08393165518278625,2026-09-11 07:45:55+00
eth-updown-5m-1789112400,ETH,"Ethereum Up or Down - September 11, 3:40AM-3:45AM ET",2026-09-11T07:45:00Z,2026-09-11T07:40:00Z,2466.7794154554645,Up,"[""1"", ""0""]",0.99,4079.1984740000007,,0.3,0.13,resolved,0x69db66ceeeaac154375a596128c9b81d708ef51738f19c60992592b26c7c4ea2,https://data.chain.link/streams/eth-usd-twap-60s-streams,2466.792124609357,2026-09-11 07:45:55+00
hype-updown-5m-1789112400,HYPE,"Hyperliquid Up or Down - September 11, 3:40AM-3:45AM ET",2026-09-11T07:45:00Z,2026-09-11T07:40:00Z,80.04177405543956,Up,"[""1"", ""0""]",0.95,,,0.49,0.01,resolved,0x613be352aa339d14106515c12d9846173d9820f9e0ba77b5690af9f9294b35cf,https://data.chain.link/streams/hype-usd-twap-60s-streams,80.05789786452578,2026-09-11 07:45:54+00
sol-updown-5m-1789112400,SOL,"Solana Up or Down - September 11, 3:40AM-3:45AM ET",2026-09-11T07:45:00Z,2026-09-11T07:40:00Z,99.80293531923597,Up,"[""1"", ""0""]",0.99,,,0.49,0.01,resolved,0xd7c5ee3829c892ef7be3ed7cc65890f16d4de4fde87562c05d65985fceddd3c2,https://data.chain.link/streams/sol-usd-twap-60s-streams,99.85060082115653,2026-09-11 07:45:54+00
xrp-updown-5m-1789112400,XRP,"XRP Up or Down - September 11, 3:40AM-3:45AM ET",2026-09-11T07:45:00Z,2026-09-11T07:40:00Z,1.3543131459308062,Down,"[""0"", ""1""]",0.02,,,-0.5,0.01,resolved,0x6dfa2f5039542c347a7d721d73c36804d307a9164ad950c72d8ddd32a4457022,https://data.chain.link/streams/xrp-usd-twap-60s-streams,1.3532413770716314,2026-09-11 07:45:55+00
zec-updown-5m-1789112400,ZEC,"ZCash Up or Down - September 11, 3:40AM-3:45AM ET",2026-09-11T07:45:00Z,2026-09-11T07:40:00Z,1114.4524835406783,Down,"[""0"", ""1""]",,,,-0.005,0.99,resolved,0x32c43b69895d2c0563c43f3d5db3771b88c0c07525ee83c403fff46fa9a13c61,https://data.chain.link/streams/zec-usd-twap-60s-streams,1114.111977079342,2026-09-11 07:45:54+00
bnb-updown-5m-1789112700,BNB,"BNB Up or Down - September 11, 3:45AM-3:50AM ET",2026-09-11T07:50:00Z,2026-09-11T07:45:00Z,713.7830805304801,Down,"[""0"", ""1""]",0.08,196.24318899999997,,-0.5045,0.001,resolved,0x6c039e2581420c05073957b38df537dd7117e443a84f744b7188e7546ea4dc20,https://data.chain.link/streams/bnb-usd-twap-60s-streams,713.0188230659345,2026-09-11 07:50:52+00
btc-updown-5m-1789112700,BTC,"Bitcoin Up or Down - September 11, 3:45AM-3:50AM ET",2026-09-11T07:50:00Z,2026-09-11T07:45:00Z,77238.62182630054,Down,"[""0"", ""1""]",0.01,29125.942892000003,,-0.5,0.01,resolved,0xb2f47d71625d02f12d5a645d941ee17267b7542f85830513bbeb7aa8aa249ae4,https://data.chain.link/streams/btc-usd-twap-60s-streams,77213.21738515972,2026-09-11 07:50:52+00
doge-updown-5m-1789112700,DOGE,"Dogecoin Up or Down - September 11, 3:45AM-3:50AM ET",2026-09-11T07:50:00Z,2026-09-11T07:45:00Z,0.08393165518278625,Down,"[""0"", ""1""]",0.15,228.436399,,-0.4995,0.001,resolved,0x1f0570eb16c9309341a9ea845acb7e22ba29c06f2d014a80dc4af600e07f0ce8,https://data.chain.link/streams/doge-usd-twap-60s-streams,0.08382990027356546,2026-09-11 07:50:52+00
eth-updown-5m-1789112700,ETH,"Ethereum Up or Down - September 11, 3:45AM-3:50AM ET",2026-09-11T07:50:00Z,2026-09-11T07:45:00Z,2466.792124609357,Down,"[""0"", ""1""]",0.19,1595.0306500000002,,-0.5,0.01,resolved,0x5cff00482b47c1ccc5014f5ee7d2ae83c8af92a2ea28da5ac3b0d151e16bb297,https://data.chain.link/streams/eth-usd-twap-60s-streams,2466.0130863034738,2026-09-11 07:50:54+00
hype-updown-5m-1789112700,HYPE,"Hyperliquid Up or Down - September 11, 3:45AM-3:50AM ET",2026-09-11T07:50:00Z,2026-09-11T07:45:00Z,80.05789786452578,Down,"[""0"", ""1""]",0.39,59.221182,,-0.5,0.01,resolved,0x2ca5c23ed46bc9fc1eccf9aefff5e49548ecc0c4a124f821370007b36c2fe3cf,https://data.chain.link/streams/hype-usd-twap-60s-streams,80.03330317020976,2026-09-11 07:50:52+00
sol-updown-5m-1789112700,SOL,"Solana Up or Down - September 11, 3:45AM-3:50AM ET",2026-09-11T07:50:00Z,2026-09-11T07:45:00Z,99.85060082115653,Down,"[""0"", ""1""]",0.02,1039.3953450000001,,-0.5045,0.001,resolved,0xe35bc3bbf0015b5b2b105eddca5b31439dd1ee1435c2c8512a1afa1055332446,https://data.chain.link/streams/sol-usd-twap-60s-streams,99.76845962508878,2026-09-11 07:50:52+00
xrp-updown-5m-1789112700,XRP,"XRP Up or Down - September 11, 3:45AM-3:50AM ET",2026-09-11T07:50:00Z,2026-09-11T07:45:00Z,1.3532413770716314,Down,"[""0"", ""1""]",0.07,644.1171040000002,,-0.5045,0.001,resolved,0xabbd03bcf012a1b9698858d883675cbcaf3ca9e65d40f0a34ced6c1dc0bc870f,https://data.chain.link/streams/xrp-usd-twap-60s-streams,1.3517736349892622,2026-09-11 07:50:52+00
zec-updown-5m-1789112700,ZEC,"ZCash Up or Down - September 11, 3:45AM-3:50AM ET",2026-09-11T07:50:00Z,2026-09-11T07:45:00Z,1114.111977079342,Down,"[""0"", ""1""]",,,,-0.495,0.01,resolved,0x2175462b6961f8ab86a66ee2c529c83948d72e2a2bbd1589610e574e4daccf79,https://data.chain.link/streams/zec-usd-twap-60s-streams,1113.1166624712384,2026-09-11 07:50:52+00
bnb-updown-5m-1789113000,BNB,"BNB Up or Down - September 11, 3:50AM-3:55AM ET",2026-09-11T07:55:00Z,2026-09-11T07:50:00Z,713.0188230659345,Down,"[""0"", ""1""]",0.13,,,-0.12,0.09,resolved,0xa5481c475f79f6f82fdab0a0902fc0f800cdddfc6dbbc0993854c701f6d85b05,https://data.chain.link/streams/bnb-usd-twap-60s-streams,713.0122898677885,2026-09-11 07:55:54+00
btc-updown-5m-1789113000,BTC,"Bitcoin Up or Down - September 11, 3:50AM-3:55AM ET",2026-09-11T07:55:00Z,2026-09-11T07:50:00Z,77213.21738515972,Down,"[""0"", ""1""]",0.01,30856.890634000014,,-0.5,0.01,resolved,0xea26d54851c4577f46d560e14023667ede14355c7d7c42d1dac7d5fd59eae0a9,https://data.chain.link/streams/btc-usd-twap-60s-streams,77182.04548476875,2026-09-11 07:55:54+00
doge-updown-5m-1789113000,DOGE,"Dogecoin Up or Down - September 11, 3:50AM-3:55AM ET",2026-09-11T07:55:00Z,2026-09-11T07:50:00Z,0.08382990027356546,Down,"[""0"", ""1""]",0.12,,,-0.495,0.01,resolved,0x94665c718d4b5d11698bfb99301faec4a403d18a119144fc4a7a2733081fed8d,https://data.chain.link/streams/doge-usd-twap-60s-streams,0.08376664724594005,2026-09-11 07:55:54+00
eth-updown-5m-1789113000,ETH,"Ethereum Up or Down - September 11, 3:50AM-3:55AM ET",2026-09-11T07:55:00Z,2026-09-11T07:50:00Z,2466.0130863034738,Down,"[""0"", ""1""]",0.02,2263.1190880000004,,-0.5,0.01,resolved,0x5ac54e6cd86e60a4dd98735cd16a892b03ecf5db9096ee843ce1240410a35a4a,https://data.chain.link/streams/eth-usd-twap-60s-streams,2465.4913704396545,2026-09-11 07:55:55+00
hype-updown-5m-1789113000,HYPE,"Hyperliquid Up or Down - September 11, 3:50AM-3:55AM ET",2026-09-11T07:55:00Z,2026-09-11T07:50:00Z,80.03330317020976,Down,"[""0"", ""1""]",0.55,,,-0.5,0.01,resolved,0x0e3c9925f2a27222241f0ca043d48c551513e4637e4b7f557cf59fddb13e2407,https://data.chain.link/streams/hype-usd-twap-60s-streams,79.91144323046936,2026-09-11 07:55:54+00
sol-updown-5m-1789113000,SOL,"Solana Up or Down - September 11, 3:50AM-3:55AM ET",2026-09-11T07:55:00Z,2026-09-11T07:50:00Z,99.76845962508878,Down,"[""0"", ""1""]",0.05,1038.849873,,-0.5,0.01,resolved,0x6e4288f1f451f6b316575097c48fbb0ce2dc88e21060d78b45799218b92deeb4,https://data.chain.link/streams/sol-usd-twap-60s-streams,99.6790056030857,2026-09-11 07:55:54+00
xrp-updown-5m-1789113000,XRP,"XRP Up or Down - September 11, 3:50AM-3:55AM ET",2026-09-11T07:55:00Z,2026-09-11T07:50:00Z,1.3517736349892622,Down,"[""0"", ""1""]",0.19,877.4346049999997,,-0.5,0.01,resolved,0x15cf492c4953a1adc2e5e70643874cb6f117c55319956d0a109ffa9d249514b4,https://data.chain.link/streams/xrp-usd-twap-60s-streams,1.3508006628677494,2026-09-11 07:55:54+00
zec-updown-5m-1789113000,ZEC,"ZCash Up or Down - September 11, 3:50AM-3:55AM ET",2026-09-11T07:55:00Z,2026-09-11T07:50:00Z,1113.1166624712384,Down,"[""0"", ""1""]",,,,-0.495,0.01,resolved,0xee7b109f7882e5be32e16bf68ce2b362312f75313ce9d61bfe3bf0b922999bed,https://data.chain.link/streams/zec-usd-twap-60s-streams,1110.527499723879,2026-09-11 07:55:54+00
bnb-updown-5m-1789113300,BNB,"BNB Up or Down - September 11, 3:55AM-4:00AM ET",2026-09-11T08:00:00Z,2026-09-11T07:55:00Z,713.0122898677885,Up,"[""1"", ""0""]",0.99,,,0.4995,0.001,resolved,0x31950c479819047378dc390a3a175fa96125f05adac51466745e099f98a981ec,https://data.chain.link/streams/bnb-usd-twap-60s-streams,713.5406515980563,2026-09-11 08:00:54+00
btc-updown-5m-1789113300,BTC,"Bitcoin Up or Down - September 11, 3:55AM-4:00AM ET",2026-09-11T08:00:00Z,2026-09-11T07:55:00Z,77182.04548476875,Up,"[""1"", ""0""]",0.999,41806.21004600002,,0.4945,0.001,resolved,0x06eb73e44c78fb6ac736d985e987249f06429ab225688504011c0f6e86bb36e4,https://data.chain.link/streams/btc-usd-twap-60s-streams,77197.93561349165,2026-09-11 08:00:54+00
doge-updown-5m-1789113300,DOGE,"Dogecoin Up or Down - September 11, 3:55AM-4:00AM ET",2026-09-11T08:00:00Z,2026-09-11T07:55:00Z,0.08376664724594005,Up,"[""1"", ""0""]",0.99,,,0.495,0.01,resolved,0x48f8ae3b3b219634d45420ce68133a9eccb643c4cf01c0c3a1ce8317738f4e3e,https://data.chain.link/streams/doge-usd-twap-60s-streams,0.08377949924953311,2026-09-11 08:00:54+00
eth-updown-5m-1789113300,ETH,"Ethereum Up or Down - September 11, 3:55AM-4:00AM ET",2026-09-11T08:00:00Z,2026-09-11T07:55:00Z,2465.4913704396545,Up,"[""1"", ""0""]",0.999,,,0.4945,0.001,resolved,0xd51912014eb186a8308933c96756ccb36a2efcc698eb2338b93ed55e6a761b14,https://data.chain.link/streams/eth-usd-twap-60s-streams,2466.1613693101676,2026-09-11 08:00:54+00
hype-updown-5m-1789113300,HYPE,"Hyperliquid Up or Down - September 11, 3:55AM-4:00AM ET",2026-09-11T08:00:00Z,2026-09-11T07:55:00Z,79.91144323046936,Down,"[""0"", ""1""]",0.19,,,-0.4995,0.001,resolved,0xba0e30a6b588afec512be21fe78089d4d0b3fbfb9853a15c42e5dbf0430ba867,https://data.chain.link/streams/hype-usd-twap-60s-streams,79.85183961168013,2026-09-11 08:00:54+00
sol-updown-5m-1789113300,SOL,"Solana Up or Down - September 11, 3:55AM-4:00AM ET",2026-09-11T08:00:00Z,2026-09-11T07:55:00Z,99.6790056030857,Up,"[""1"", ""0""]",0.99,,,0.49,0.01,resolved,0x26f7d7886fa7e785199947396016850a50c3a567cd9dccfd7b519d71f597e800,https://data.chain.link/streams/sol-usd-twap-60s-streams,99.7087331163142,2026-09-11 08:00:54+00
xrp-updown-5m-1789113300,XRP,"XRP Up or Down - September 11, 3:55AM-4:00AM ET",2026-09-11T08:00:00Z,2026-09-11T07:55:00Z,1.3508006628677494,Up,"[""1"", ""0""]",0.99,,,0.49,0.01,resolved,0x54ee5bf4562d03680954631927095a2d56a01e09e540b34c64419a667394686a,https://data.chain.link/streams/xrp-usd-twap-60s-streams,1.3511090529671677,2026-09-11 08:00:54+00
zec-updown-5m-1789113300,ZEC,"ZCash Up or Down - September 11, 3:55AM-4:00AM ET",2026-09-11T08:00:00Z,2026-09-11T07:55:00Z,1110.527499723879,Up,"[""1"", ""0""]",0.8,,,0.495,0.01,resolved,0x372153523d74c88fd4d45a4566ae228a73ae5b17aafe73e902d7b408afbc7f2a,https://data.chain.link/streams/zec-usd-twap-60s-streams,1111.041772961789,2026-09-11 08:00:54+00
bnb-updown-5m-1789113600,BNB,"BNB Up or Down - September 11, 4:00AM-4:05AM ET",2026-09-11T08:05:00Z,2026-09-11T08:00:00Z,713.5406515980563,Up,"[""1"", ""0""]",0.99,,,0.4945,0.001,resolved,0x13b1fc70907c411fff7887b6db91693e887656b393c6bacf82fb3dcfc114d81b,https://data.chain.link/streams/bnb-usd-twap-60s-streams,713.7194117829857,2026-09-11 08:05:54+00
btc-updown-5m-1789113600,BTC,"Bitcoin Up or Down - September 11, 4:00AM-4:05AM ET",2026-09-11T08:05:00Z,2026-09-11T08:00:00Z,77197.93561349165,Down,"[""0"", ""1""]",0.01,,,-0.5,0.01,resolved,0xe8806456a5c723f8c344c97542bd58cb5418ca3b7be54da3c859c911a4afe972,https://data.chain.link/streams/btc-usd-twap-60s-streams,77161.85075189042,2026-09-11 08:05:54+00
doge-updown-5m-1789113600,DOGE,"Dogecoin Up or Down - September 11, 4:00AM-4:05AM ET",2026-09-11T08:05:00Z,2026-09-11T08:00:00Z,0.08377949924953311,Down,"[""0"", ""1""]",0.32,,,-0.495,0.01,resolved,0xae63a678c036ec40189698061b6651b017e7129d8824a946829c3abad2a47897,https://data.chain.link/streams/doge-usd-twap-60s-streams,0.08374389620104945,2026-09-11 08:05:54+00
eth-updown-5m-1789113600,ETH,"Ethereum Up or Down - September 11, 4:00AM-4:05AM ET",2026-09-11T08:05:00Z,2026-09-11T08:00:00Z,2466.1613693101676,Down,"[""0"", ""1""]",0.03,,,-0.5,0.01,resolved,0x492c18e9e945c65d4cf144a95e46f9c0a6b948a84ccc18f1459b81883723602b,https://data.chain.link/streams/eth-usd-twap-60s-streams,2465.0907460345306,2026-09-11 08:05:54+00
hype-updown-5m-1789113600,HYPE,"Hyperliquid Up or Down - September 11, 4:00AM-4:05AM ET",2026-09-11T08:05:00Z,2026-09-11T08:00:00Z,79.85183961168013,Down,"[""0"", ""1""]",0.56,,,-0.5,0.01,resolved,0x6fdf430aef724b1c384aec8182279a72868305f3a871bad290118f3615d7556b,https://data.chain.link/streams/hype-usd-twap-60s-streams,79.75601439679929,2026-09-11 08:05:54+00
sol-updown-5m-1789113600,SOL,"Solana Up or Down - September 11, 4:00AM-4:05AM ET",2026-09-11T08:05:00Z,2026-09-11T08:00:00Z,99.7087331163142,Down,"[""0"", ""1""]",0.05,,,-0.5,0.01,resolved,0xa961e9934705ca9879a59f54e439e75bb66213290637627bb0575246b07de704,https://data.chain.link/streams/sol-usd-twap-60s-streams,99.60768683206327,2026-09-11 08:05:54+00
xrp-updown-5m-1789113600,XRP,"XRP Up or Down - September 11, 4:00AM-4:05AM ET",2026-09-11T08:05:00Z,2026-09-11T08:00:00Z,1.3511090529671677,Down,"[""0"", ""1""]",0.19,,,-0.5,0.01,resolved,0xef56ded50df68f7d560d6313337a3480f9ef74ea32d3a8572d35b59dbb5b5165,https://data.chain.link/streams/xrp-usd-twap-60s-streams,1.3497659923628165,2026-09-11 08:05:54+00
zec-updown-5m-1789113600,ZEC,"ZCash Up or Down - September 11, 4:00AM-4:05AM ET",2026-09-11T08:05:00Z,2026-09-11T08:00:00Z,1111.041772961789,Down,"[""0"", ""1""]",,,,-0.495,0.01,resolved,0x2564753c49c9d13f74db8bd56106ce6d95924fa72c2de61fc9d94ce035518cff,https://data.chain.link/streams/zec-usd-twap-60s-streams,1108.262181441935,2026-09-11 08:05:54+00
bnb-updown-5m-1789113900,BNB,"BNB Up or Down - September 11, 4:05AM-4:10AM ET",2026-09-11T08:10:00Z,2026-09-11T08:05:00Z,713.7194117829857,Down,"[""0"", ""1""]",0.11,,,-0.5045,0.001,resolved,0x08ee280f9d09e03ab56223bdf939c32e6b4baaf29e60fc3e71b62a11ca069116,https://data.chain.link/streams/bnb-usd-twap-60s-streams,712.6524831326979,2026-09-11 08:11:25+00
btc-updown-5m-1789113900,BTC,"Bitcoin Up or Down - September 11, 4:05AM-4:10AM ET",2026-09-11T08:10:00Z,2026-09-11T08:05:00Z,77161.85075189042,Down,"[""0"", ""1""]",0.01,36981.013292999996,208,-0.5045,0.001,resolved,0x4faaa2de25f762024bfda8d0c3db7811d371b436fce1983715dc7f74dd28d321,https://data.chain.link/streams/btc-usd-twap-60s-streams,77127.77598643015,2026-09-11 08:11:27+00
doge-updown-5m-1789113900,DOGE,"Dogecoin Up or Down - September 11, 4:05AM-4:10AM ET",2026-09-11T08:10:00Z,2026-09-11T08:05:00Z,0.08374389620104945,Down,"[""0"", ""1""]",0.3,,,-0.495,0.01,resolved,0x2869071af0746bbf74ff07d014efbf4341d9b344aaecaea3dfbae420c90622f3,https://data.chain.link/streams/doge-usd-twap-60s-streams,0.08369217570719112,2026-09-11 08:11:25+00
eth-updown-5m-1789113900,ETH,"Ethereum Up or Down - September 11, 4:05AM-4:10AM ET",2026-09-11T08:10:00Z,2026-09-11T08:05:00Z,2465.0907460345306,Down,"[""0"", ""1""]",0.01,3617.766852999999,,-0.5,0.01,resolved,0x4221b220fccbdcc1c0eda74916987c65cd9e051d91622ec6fb9d1ce553e3bb42,https://data.chain.link/streams/eth-usd-twap-60s-streams,2463.871429675021,2026-09-11 08:11:27+00
hype-updown-5m-1789113900,HYPE,"Hyperliquid Up or Down - September 11, 4:05AM-4:10AM ET",2026-09-11T08:10:00Z,2026-09-11T08:05:00Z,79.75601439679929,Down,"[""0"", ""1""]",0.42,,,-0.5,0.01,resolved,0x2936d41f4981c2360230fc7f8c0018a7a92cd2fc214cd50bb3747eb9955c7869,https://data.chain.link/streams/hype-usd-twap-60s-streams,79.67839751989099,2026-09-11 08:11:27+00
sol-updown-5m-1789113900,SOL,"Solana Up or Down - September 11, 4:05AM-4:10AM ET",2026-09-11T08:10:00Z,2026-09-11T08:05:00Z,99.60768683206327,Down,"[""0"", ""1""]",0.03,1457.1260480000003,,-0.5,0.01,resolved,0x56906e2430675155488c0440c812c8e86f7c475c52d2d319524a01a274de360b,https://data.chain.link/streams/sol-usd-twap-60s-streams,99.54010870094021,2026-09-11 08:11:27+00
xrp-updown-5m-1789113900,XRP,"XRP Up or Down - September 11, 4:05AM-4:10AM ET",2026-09-11T08:10:00Z,2026-09-11T08:05:00Z,1.3497659923628165,Down,"[""0"", ""1""]",0.03,1223.651984,,-0.5,0.01,resolved,0x68c96d2943769f083469e2621f691a4012c7fc3b9f588a0362ad31bfa7ed2c2c,https://data.chain.link/streams/xrp-usd-twap-60s-streams,1.348621568743441,2026-09-11 08:11:25+00
zec-updown-5m-1789113900,ZEC,"ZCash Up or Down - September 11, 4:05AM-4:10AM ET",2026-09-11T08:10:00Z,2026-09-11T08:05:00Z,1108.262181441935,Down,"[""0"", ""1""]",,,,-0.495,0.01,resolved,0xc900ae67f2d7cea9999006a1212e3fe66e2989c3d5e5951c7324af0e0adf2f4a,https://data.chain.link/streams/zec-usd-twap-60s-streams,1106.1090040028844,2026-09-11 08:11:27+00
bnb-updown-5m-1789114200,BNB,"BNB Up or Down - September 11, 4:10AM-4:15AM ET",2026-09-11T08:15:00Z,2026-09-11T08:10:00Z,712.6524831326979,Up,"[""1"", ""0""]",0.99,,,0.49,0.01,resolved,0xb6ae9ade063db2cebb2c5b80e68850bd05234a864edb4842e2fe873a354ff907,https://data.chain.link/streams/bnb-usd-twap-60s-streams,712.9268388740686,2026-09-11 08:15:54+00
btc-updown-5m-1789114200,BTC,"Bitcoin Up or Down - September 11, 4:10AM-4:15AM ET",2026-09-11T08:15:00Z,2026-09-11T08:10:00Z,77127.77598643015,Up,"[""1"", ""0""]",0.999,52526.04985699999,,0.49,0.01,resolved,0xdc96dc6a414b836295bf1c7bfe28fe659ab26293bb6bb9f6946b9d799cbd3096,https://data.chain.link/streams/btc-usd-twap-60s-streams,77149.32455845892,2026-09-11 08:15:54+00
doge-updown-5m-1789114200,DOGE,"Dogecoin Up or Down - September 11, 4:10AM-4:15AM ET",2026-09-11T08:15:00Z,2026-09-11T08:10:00Z,0.08369217570719112,Up,"[""1"", ""0""]",0.99,,,0.495,0.01,resolved,0x712f5a8126fed6bb6e3ff1e678bac7af28e8b034d4b51923d1a9e485160ab96c,https://data.chain.link/streams/doge-usd-twap-60s-streams,0.08373730074523643,2026-09-11 08:15:54+00
eth-updown-5m-1789114200,ETH,"Ethereum Up or Down - September 11, 4:10AM-4:15AM ET",2026-09-11T08:15:00Z,2026-09-11T08:10:00Z,2463.871429675021,Up,"[""1"", ""0""]",0.99,,,0.49,0.01,resolved,0x053c99794c4a4f0950303940308d5a1bdf348d39006f1557459d1b9784d45481,https://data.chain.link/streams/eth-usd-twap-60s-streams,2464.4668737560305,2026-09-11 08:15:54+00
hype-updown-5m-1789114200,HYPE,"Hyperliquid Up or Down - September 11, 4:10AM-4:15AM ET",2026-09-11T08:15:00Z,2026-09-11T08:10:00Z,79.67839751989099,Up,"[""1"", ""0""]",0.98,,,0.49,0.01,resolved,0xddf58bdd7e975e240e0737a7da1974707818d78110e39ffb75891bd2fd842a4a,https://data.chain.link/streams/hype-usd-twap-60s-streams,79.7957467181045,2026-09-11 08:15:54+00
sol-updown-5m-1789114200,SOL,"Solana Up or Down - September 11, 4:10AM-4:15AM ET",2026-09-11T08:15:00Z,2026-09-11T08:10:00Z,99.54010870094021,Down,"[""0"", ""1""]",0.01,,,-0.5,0.01,resolved,0x6d17f76ec739ceb2a6dc24c1d3d727b3c98669c37bc487c8d6a29dd47cfd9e40,https://data.chain.link/streams/sol-usd-twap-60s-streams,99.50327889826458,2026-09-11 08:15:54+00
xrp-updown-5m-1789114200,XRP,"XRP Up or Down - September 11, 4:10AM-4:15AM ET",2026-09-11T08:15:00Z,2026-09-11T08:10:00Z,1.348621568743441,Up,"[""1"", ""0""]",0.99,,,0.49,0.01,resolved,0x098d4ccb81f359d2fb2b4789b59cee38cfc9d62da00fb588912626baf3909614,https://data.chain.link/streams/xrp-usd-twap-60s-streams,1.3489511684814,2026-09-11 08:15:54+00
zec-updown-5m-1789114200,ZEC,"ZCash Up or Down - September 11, 4:10AM-4:15AM ET",2026-09-11T08:15:00Z,2026-09-11T08:10:00Z,1106.1090040028844,Up,"[""1"", ""0""]",,,,0.005,0.99,resolved,0xedac64a1079746063a9a0a0636cd4fb3b19dadb0ea21a1b79707d117587a776b,https://data.chain.link/streams/zec-usd-twap-60s-streams,1108.0955022944347,2026-09-11 08:15:54+00
bnb-updown-5m-1789114500,BNB,"BNB Up or Down - September 11, 4:15AM-4:20AM ET",2026-09-11T08:20:00Z,2026-09-11T08:15:00Z,712.9268388740686,Up,"[""1"", ""0""]",0.99,101.105514,,0.4945,0.001,resolved,0xe87c533f664f16c1177b0152fde9bb85d2e0b76c0b1b090c8d06098b2e06a1de,https://data.chain.link/streams/bnb-usd-twap-60s-streams,713.7356548002672,2026-09-11 08:20:54+00
btc-updown-5m-1789114500,BTC,"Bitcoin Up or Down - September 11, 4:15AM-4:20AM ET",2026-09-11T08:20:00Z,2026-09-11T08:15:00Z,77149.32455845892,Up,"[""1"", ""0""]",0.99,29857.464185000008,,0.4945,0.001,resolved,0x66488c9c7fa7058d61ddfa3590652b2b7552a711fbcc47cf05ea78faf2531c75,https://data.chain.link/streams/btc-usd-twap-60s-streams,77206.81213231532,2026-09-11 08:20:52+00
doge-updown-5m-1789114500,DOGE,"Dogecoin Up or Down - September 11, 4:15AM-4:20AM ET",2026-09-11T08:20:00Z,2026-09-11T08:15:00Z,0.08373730074523643,Up,"[""1"", ""0""]",0.999,318.214065,,0.4995,0.001,resolved,0xa5871375e96f96c05fbec29bc68097a37e1489f4e6c3e74b9b93c16f5a6b7d34,https://data.chain.link/streams/doge-usd-twap-60s-streams,0.08383647234193208,2026-09-11 08:20:52+00
eth-updown-5m-1789114500,ETH,"Ethereum Up or Down - September 11, 4:15AM-4:20AM ET",2026-09-11T08:20:00Z,2026-09-11T08:15:00Z,2464.4668737560305,Up,"[""1"", ""0""]",0.99,2202.2448679999998,,0.4945,0.001,resolved,0xb50dab2e322b173a9ee253c7a744de6aee8b369ab910d5b56024700c97c291ae,https://data.chain.link/streams/eth-usd-twap-60s-streams,2466.2099607719856,2026-09-11 08:20:52+00
hype-updown-5m-1789114500,HYPE,"Hyperliquid Up or Down - September 11, 4:15AM-4:20AM ET",2026-09-11T08:20:00Z,2026-09-11T08:15:00Z,79.7957467181045,Up,"[""1"", ""0""]",0.98,68.512993,,0.4945,0.001,resolved,0x9ca486cb20790781889f61f3b9590824285ee6e8f0f46a13519789d1efc83390,https://data.chain.link/streams/hype-usd-twap-60s-streams,79.98797384392212,2026-09-11 08:20:52+00
sol-updown-5m-1789114500,SOL,"Solana Up or Down - September 11, 4:15AM-4:20AM ET",2026-09-11T08:20:00Z,2026-09-11T08:15:00Z,99.50327889826458,Up,"[""1"", ""0""]",0.99,614.3030729999999,,0.4945,0.001,resolved,0xdc1d59f77ff8d4c17d7cce59716834c24016e1c9cdb81f5b21907a2bd2856d3b,https://data.chain.link/streams/sol-usd-twap-60s-streams,99.62002513024244,2026-09-11 08:20:52+00
xrp-updown-5m-1789114500,XRP,"XRP Up or Down - September 11, 4:15AM-4:20AM ET",2026-09-11T08:20:00Z,2026-09-11T08:15:00Z,1.3489511684814,Up,"[""1"", ""0""]",0.99,657.093641,,0.4945,0.001,resolved,0x2105fdbf57a3926332845a01ec2fa36a10850efec2b9a56f2448335d4b893c4c,https://data.chain.link/streams/xrp-usd-twap-60s-streams,1.3504134698791894,2026-09-11 08:20:52+00
zec-updown-5m-1789114500,ZEC,"ZCash Up or Down - September 11, 4:15AM-4:20AM ET",2026-09-11T08:20:00Z,2026-09-11T08:15:00Z,1108.0955022944347,Down,"[""0"", ""1""]",,,,-0.495,0.01,resolved,0xbf091fcf8969ca1668890cf6743e8cacc3e79081f477de7ecb26af896ccfc7be,https://data.chain.link/streams/zec-usd-twap-60s-streams,1107.5514893487853,2026-09-11 08:20:54+00
bnb-updown-5m-1789114800,BNB,"BNB Up or Down - September 11, 4:20AM-4:25AM ET",2026-09-11T08:25:00Z,2026-09-11T08:20:00Z,713.7356548002672,Up,"[""1"", ""0""]",0.99,,,0.4995,0.001,resolved,0x450a51473b06e260fa2d8a8bd213bf39c0dd73e7b11c43751bc0a6ea94dd57a9,https://data.chain.link/streams/bnb-usd-twap-60s-streams,714.7028734443444,2026-09-11 08:26:27+00
btc-updown-5m-1789114800,BTC,"Bitcoin Up or Down - September 11, 4:20AM-4:25AM ET",2026-09-11T08:25:00Z,2026-09-11T08:20:00Z,77206.81213231532,Up,"[""1"", ""0""]",0.999,32281.014649000004,2,0.4945,0.001,resolved,0x73f7053c587e4d7855160a7886c5871f6bd025e577d7a8192d8d82f701402b3c,https://data.chain.link/streams/btc-usd-twap-60s-streams,77337.344970846,2026-09-11 08:26:25+00
doge-updown-5m-1789114800,DOGE,"Dogecoin Up or Down - September 11, 4:20AM-4:25AM ET",2026-09-11T08:25:00Z,2026-09-11T08:20:00Z,0.08383647234193208,Up,"[""1"", ""0""]",0.99,,,0.495,0.01,resolved,0xc2ab81163dc4390ca1eca1036b4df8ed92fa8efddf5e6ce9f562ca8b0e4d4336,https://data.chain.link/streams/doge-usd-twap-60s-streams,0.0839742144755595,2026-09-11 08:26:27+00
eth-updown-5m-1789114800,ETH,"Ethereum Up or Down - September 11, 4:20AM-4:25AM ET",2026-09-11T08:25:00Z,2026-09-11T08:20:00Z,2466.2099607719856,Up,"[""1"", ""0""]",0.99,1882.7972499999996,,0.49,0.01,resolved,0x5c3e550c462b2bc6ecdcd3e5db367794b81b04e62cbcbf7808670a3510b3e40f,https://data.chain.link/streams/eth-usd-twap-60s-streams,2471.7715419818073,2026-09-11 08:26:27+00
hype-updown-5m-1789114800,HYPE,"Hyperliquid Up or Down - September 11, 4:20AM-4:25AM ET",2026-09-11T08:25:00Z,2026-09-11T08:20:00Z,79.98797384392212,Up,"[""1"", ""0""]",0.99,,,0.49,0.01,resolved,0xba8554baface0a36a00fa905faa1e0884c1788943c80e010f2a43907759ef4d7,https://data.chain.link/streams/hype-usd-twap-60s-streams,80.15780618634088,2026-09-11 08:26:25+00
sol-updown-5m-1789114800,SOL,"Solana Up or Down - September 11, 4:20AM-4:25AM ET",2026-09-11T08:25:00Z,2026-09-11T08:20:00Z,99.62002513024244,Up,"[""1"", ""0""]",0.99,810.827781,,0.495,0.01,resolved,0xe3d197e302d1cdcdde1631f0f5378350367571fb2c80b500ab4db35af5e21fce,https://data.chain.link/streams/sol-usd-twap-60s-streams,99.82830526647334,2026-09-11 08:26:25+00
xrp-updown-5m-1789114800,XRP,"XRP Up or Down - September 11, 4:20AM-4:25AM ET",2026-09-11T08:25:00Z,2026-09-11T08:20:00Z,1.3504134698791894,Up,"[""1"", ""0""]",0.99,955.829239,,0.5,0.01,resolved,0x5699a9b834a0def17c04b8ec302998179a3aa393a3a1a5a6b308e5a5baa2648f,https://data.chain.link/streams/xrp-usd-twap-60s-streams,1.3524530621603477,2026-09-11 08:26:27+00
zec-updown-5m-1789114800,ZEC,"ZCash Up or Down - September 11, 4:20AM-4:25AM ET",2026-09-11T08:25:00Z,2026-09-11T08:20:00Z,1107.5514893487853,Up,"[""1"", ""0""]",,,,0.495,0.01,resolved,0x877ab38427229bcef25acc856001f72e1ec0d0444c608764a48e44853803c3ca,https://data.chain.link/streams/zec-usd-twap-60s-streams,1113.383428384923,2026-09-11 08:26:34+00
bnb-updown-5m-1789115100,BNB,"BNB Up or Down - September 11, 4:25AM-4:30AM ET",2026-09-11T08:30:00Z,2026-09-11T08:25:00Z,714.7028734443444,Down,"[""0"", ""1""]",0.18,,,-0.5045,0.001,resolved,0x3a1ed89110a1861c7c35134764c06fe3c13414556c77e584131a875d47d3f706,https://data.chain.link/streams/bnb-usd-twap-60s-streams,714.3289261588836,2026-09-11 08:30:54+00
btc-updown-5m-1789115100,BTC,"Bitcoin Up or Down - September 11, 4:25AM-4:30AM ET",2026-09-11T08:30:00Z,2026-09-11T08:25:00Z,77337.344970846,Up,"[""1"", ""0""]",0.99,74617.88160599998,,0.49,0.01,resolved,0x813e5b46d6bb8665313cef27747540a71557cae8e797c2b75bc34f2f1f8a5201,https://data.chain.link/streams/btc-usd-twap-60s-streams,77337.55460067111,2026-09-11 08:30:52+00
doge-updown-5m-1789115100,DOGE,"Dogecoin Up or Down - September 11, 4:25AM-4:30AM ET",2026-09-11T08:30:00Z,2026-09-11T08:25:00Z,0.0839742144755595,Down,"[""0"", ""1""]",0.03,,,-0.495,0.01,resolved,0xcc10ed27e67eab8753c0cf3d0ff7a7060e4bc7aca418b9f5071ca64a3d3fd45c,https://data.chain.link/streams/doge-usd-twap-60s-streams,0.08395062055814237,2026-09-11 08:30:54+00
eth-updown-5m-1789115100,ETH,"Ethereum Up or Down - September 11, 4:25AM-4:30AM ET",2026-09-11T08:30:00Z,2026-09-11T08:25:00Z,2471.7715419818073,Up,"[""1"", ""0""]",0.99,,,0.495,0.01,resolved,0x758fa3d93dd3462b3b5c3bc6a1be2f828e4f53c9496b5b4f83ec494b134cdac4,https://data.chain.link/streams/eth-usd-twap-60s-streams,2473.016926253928,2026-09-11 08:30:52+00
hype-updown-5m-1789115100,HYPE,"Hyperliquid Up or Down - September 11, 4:25AM-4:30AM ET",2026-09-11T08:30:00Z,2026-09-11T08:25:00Z,80.15780618634088,Up,"[""1"", ""0""]",0.98,,,0.495,0.01,resolved,0x68c5a875f535f3d2aa2d7785ad17cbbc84e2ece1048ac0cdd38caae1417804cc,https://data.chain.link/streams/hype-usd-twap-60s-streams,80.18989652595685,2026-09-11 08:30:54+00
sol-updown-5m-1789115100,SOL,"Solana Up or Down - September 11, 4:25AM-4:30AM ET",2026-09-11T08:30:00Z,2026-09-11T08:25:00Z,99.82830526647334,Down,"[""0"", ""1""]",0.11,,,-0.4995,0.001,resolved,0x960e67d04f52c685d3f89460e2c6269598784da8f2fe228c0c1ceb359d11e5e8,https://data.chain.link/streams/sol-usd-twap-60s-streams,99.78728648722884,2026-09-11 08:30:54+00
xrp-updown-5m-1789115100,XRP,"XRP Up or Down - September 11, 4:25AM-4:30AM ET",2026-09-11T08:30:00Z,2026-09-11T08:25:00Z,1.3524530621603477,Down,"[""0"", ""1""]",0.15,,,-0.4995,0.001,resolved,0xe35dd8cc87dcbdd342cfe056f6a25cdcd7af7d010a87f34db8bdbc1519d66f46,https://data.chain.link/streams/xrp-usd-twap-60s-streams,1.3513149058600098,2026-09-11 08:30:52+00
zec-updown-5m-1789115100,ZEC,"ZCash Up or Down - September 11, 4:25AM-4:30AM ET",2026-09-11T08:30:00Z,2026-09-11T08:25:00Z,1113.383428384923,Down,"[""0"", ""1""]",,,,-0.495,0.01,resolved,0x4ea7811c91978c0b095a03a9001073630422a6ae1a10e8ecfbe6fb8a4ead4a61,https://data.chain.link/streams/zec-usd-twap-60s-streams,1113.309593832501,2026-09-11 08:30:54+00
bnb-updown-5m-1789115400,BNB,"BNB Up or Down - September 11, 4:30AM-4:35AM ET",2026-09-11T08:35:00Z,2026-09-11T08:30:00Z,714.3289261588836,Up,"[""1"", ""0""]",0.999,,,0.4945,0.001,resolved,0xc07f34c6e91b0d2b490c64dfbae4329acae79601906352fe997c607434bde983,https://data.chain.link/streams/bnb-usd-twap-60s-streams,714.865744493142,2026-09-11 08:35:54+00
btc-updown-5m-1789115400,BTC,"Bitcoin Up or Down - September 11, 4:30AM-4:35AM ET",2026-09-11T08:35:00Z,2026-09-11T08:30:00Z,77337.55460067111,Up,"[""1"", ""0""]",0.999,,,0.4945,0.001,resolved,0x0e1e6fa9014ee17298613c93ae2608e98addc911c97620e384e5f661441db159,https://data.chain.link/streams/btc-usd-twap-60s-streams,77373.54777089928,2026-09-11 08:35:52+00
doge-updown-5m-1789115400,DOGE,"Dogecoin Up or Down - September 11, 4:30AM-4:35AM ET",2026-09-11T08:35:00Z,2026-09-11T08:30:00Z,0.08395062055814237,Up,"[""1"", ""0""]",0.99,,,0.4995,0.001,resolved,0x5d38585207a546d8e6461c4a9bb8ea5e5843c4e6561f5b0c15aac9b28c08b964,https://data.chain.link/streams/doge-usd-twap-60s-streams,0.08406482775204371,2026-09-11 08:35:54+00
eth-updown-5m-1789115400,ETH,"Ethereum Up or Down - September 11, 4:30AM-4:35AM ET",2026-09-11T08:35:00Z,2026-09-11T08:30:00Z,2473.016926253928,Up,"[""1"", ""0""]",0.999,,,0.4945,0.001,resolved,0xa2c61463a70640910f6b7a12d156d6072745803271c18f61ffc73e15149aee6d,https://data.chain.link/streams/eth-usd-twap-60s-streams,2477.4744564848147,2026-09-11 08:35:54+00
hype-updown-5m-1789115400,HYPE,"Hyperliquid Up or Down - September 11, 4:30AM-4:35AM ET",2026-09-11T08:35:00Z,2026-09-11T08:30:00Z,80.18989652595685,Up,"[""1"", ""0""]",0.98,,,0.49,0.01,resolved,0x8be9b00d34400739c612f2a95f68823acee5d5b4a76a432d54b3edf17e58193f,https://data.chain.link/streams/hype-usd-twap-60s-streams,80.30563043631572,2026-09-11 08:35:52+00
sol-updown-5m-1789115400,SOL,"Solana Up or Down - September 11, 4:30AM-4:35AM ET",2026-09-11T08:35:00Z,2026-09-11T08:30:00Z,99.78728648722884,Up,"[""1"", ""0""]",0.99,,,0.4945,0.001,resolved,0xa2420de68c1cfc802d01b3ccfe752faeecbe846cf64183cd48a5f6dec79c3f46,https://data.chain.link/streams/sol-usd-twap-60s-streams,100.04328266863439,2026-09-11 08:35:52+00
xrp-updown-5m-1789115400,XRP,"XRP Up or Down - September 11, 4:30AM-4:35AM ET",2026-09-11T08:35:00Z,2026-09-11T08:30:00Z,1.3513149058600098,Up,"[""1"", ""0""]",0.99,,,0.4945,0.001,resolved,0xa4e61f22b192ae797d3c3c7e17ec4b996dfe596050a2b88e10cb8a5cdc99e06c,https://data.chain.link/streams/xrp-usd-twap-60s-streams,1.3545553542020392,2026-09-11 08:35:54+00
zec-updown-5m-1789115400,ZEC,"ZCash Up or Down - September 11, 4:30AM-4:35AM ET",2026-09-11T08:35:00Z,2026-09-11T08:30:00Z,1113.309593832501,Up,"[""1"", ""0""]",,,,0.005,0.99,resolved,0xdf42b62176ac4d0c6d7b127ea2c2dc64cf47b530138e530f180ffddb4f63f011,https://data.chain.link/streams/zec-usd-twap-60s-streams,1116.514963208803,2026-09-11 08:35:54+00
bnb-updown-5m-1789115700,BNB,"BNB Up or Down - September 11, 4:35AM-4:40AM ET",2026-09-11T08:40:00Z,2026-09-11T08:35:00Z,714.865744493142,Down,"[""0"", ""1""]",0.06,,,-0.5,0.01,resolved,0xf74cdfe53fa6cd2f1dc3f80f925fac82bcd08cc352807e5bcfa157f95727c61e,https://data.chain.link/streams/bnb-usd-twap-60s-streams,714.444530181481,2026-09-11 08:40:54+00
btc-updown-5m-1789115700,BTC,"Bitcoin Up or Down - September 11, 4:35AM-4:40AM ET",2026-09-11T08:40:00Z,2026-09-11T08:35:00Z,77373.54777089928,Down,"[""0"", ""1""]",0.01,67575.44571099995,,-0.5,0.01,resolved,0xc7b46515ff3ef27c58f48444aeee5e7e239aae5da99ad3b3a721f7ed8bf66d40,https://data.chain.link/streams/btc-usd-twap-60s-streams,77371.30218600675,2026-09-11 08:40:54+00
doge-updown-5m-1789115700,DOGE,"Dogecoin Up or Down - September 11, 4:35AM-4:40AM ET",2026-09-11T08:40:00Z,2026-09-11T08:35:00Z,0.08406482775204371,Down,"[""0"", ""1""]",0.26,,,-0.495,0.01,resolved,0xc5858d69ea0a41d514c863b16ecd4ffa3291235fbfe7c32f3a59f61b6185a6ad,https://data.chain.link/streams/doge-usd-twap-60s-streams,0.0840528799462394,2026-09-11 08:40:54+00
eth-updown-5m-1789115700,ETH,"Ethereum Up or Down - September 11, 4:35AM-4:40AM ET",2026-09-11T08:40:00Z,2026-09-11T08:35:00Z,2477.4744564848147,Up,"[""1"", ""0""]",0.99,3788.802041000001,,0.495,0.01,resolved,0x4b4f3f451430e8d45ba157f3c16dcf6a5799ba97066cf23e98e5926db6e7f135,https://data.chain.link/streams/eth-usd-twap-60s-streams,2477.5684316803377,2026-09-11 08:40:54+00
hype-updown-5m-1789115700,HYPE,"Hyperliquid Up or Down - September 11, 4:35AM-4:40AM ET",2026-09-11T08:40:00Z,2026-09-11T08:35:00Z,80.30563043631572,Down,"[""0"", ""1""]",0.13,79.126452,,-0.5,0.01,resolved,0xa1d4031b8571570a9d8e172f42083eae9696bb933073e53b18eabe711f86f13d,https://data.chain.link/streams/hype-usd-twap-60s-streams,80.29486166924283,2026-09-11 08:40:54+00
sol-updown-5m-1789115700,SOL,"Solana Up or Down - September 11, 4:35AM-4:40AM ET",2026-09-11T08:40:00Z,2026-09-11T08:35:00Z,100.04328266863439,Down,"[""0"", ""1""]",0.02,1885.647244,,-0.495,0.01,resolved,0x01d337c1b91a33fb2cde000f1a653602564a8e3ed74342650930b3d11f305005,https://data.chain.link/streams/sol-usd-twap-60s-streams,100.01591139859775,2026-09-11 08:40:54+00
xrp-updown-5m-1789115700,XRP,"XRP Up or Down - September 11, 4:35AM-4:40AM ET",2026-09-11T08:40:00Z,2026-09-11T08:35:00Z,1.3545553542020392,Down,"[""0"", ""1""]",0.12,,,-0.49,0.01,resolved,0x690d1abeadbdd4adee718321c68ce906dd08454f5344d4f537ac964895fae300,https://data.chain.link/streams/xrp-usd-twap-60s-streams,1.3541525799813166,2026-09-11 08:40:54+00
zec-updown-5m-1789115700,ZEC,"ZCash Up or Down - September 11, 4:35AM-4:40AM ET",2026-09-11T08:40:00Z,2026-09-11T08:35:00Z,1116.514963208803,Up,"[""1"", ""0""]",,,,0.495,0.01,resolved,0xa7247a47a7f889e3e92c81eec6ed553b987cbcc0b869fca0d4112f212e5ee596,https://data.chain.link/streams/zec-usd-twap-60s-streams,1117.7054478642108,2026-09-11 08:40:54+00
bnb-updown-5m-1789116000,BNB,"BNB Up or Down - September 11, 4:40AM-4:45AM ET",2026-09-11T08:45:00Z,2026-09-11T08:40:00Z,714.444530181481,Down,"[""0"", ""1""]",0.22,,,-0.455,0.02,resolved,0xa10e664cf930b00d2bbf952d738f90d8424bd8b05f5d112b70d833d6f900fd50,https://data.chain.link/streams/bnb-usd-twap-60s-streams,714.4338175031986,2026-09-11 08:45:54+00
btc-updown-5m-1789116000,BTC,"Bitcoin Up or Down - September 11, 4:40AM-4:45AM ET",2026-09-11T08:45:00Z,2026-09-11T08:40:00Z,77371.30218600675,Up,"[""1"", ""0""]",0.99,42041.24759899997,,0.49,0.01,resolved,0xa1abfadfb61e65ba07c31dc7a9561137106a32f0bf1d6c8be56edc1e4e52e722,https://data.chain.link/streams/btc-usd-twap-60s-streams,77386.54628733752,2026-09-11 08:45:52+00
doge-updown-5m-1789116000,DOGE,"Dogecoin Up or Down - September 11, 4:40AM-4:45AM ET",2026-09-11T08:45:00Z,2026-09-11T08:40:00Z,0.0840528799462394,Down,"[""0"", ""1""]",0.3,,,-0.495,0.01,resolved,0x4cf0918202c1f62a4ab51d5f03d2a28ef7b3775b77af65aafe77c1ce6fe08e90,https://data.chain.link/streams/doge-usd-twap-60s-streams,0.08402973570652825,2026-09-11 08:45:54+00
eth-updown-5m-1789116000,ETH,"Ethereum Up or Down - September 11, 4:40AM-4:45AM ET",2026-09-11T08:45:00Z,2026-09-11T08:40:00Z,2477.5684316803377,Down,"[""0"", ""1""]",0.01,4258.625716999999,,-0.5,0.01,resolved,0x7a758960dafc59f719b425998d90e3faf1f5e861f3bc888a3fd18d568ef7b63b,https://data.chain.link/streams/eth-usd-twap-60s-streams,2477.2840513106976,2026-09-11 08:45:52+00
hype-updown-5m-1789116000,HYPE,"Hyperliquid Up or Down - September 11, 4:40AM-4:45AM ET",2026-09-11T08:45:00Z,2026-09-11T08:40:00Z,80.29486166924283,Down,"[""0"", ""1""]",0.32,,,-0.5,0.01,resolved,0xd1a77b0851429a16ce267e5e0d9fc63e5008ef48e928b0023029162ab14dca2a,https://data.chain.link/streams/hype-usd-twap-60s-streams,80.2764343315061,2026-09-11 08:45:54+00
sol-updown-5m-1789116000,SOL,"Solana Up or Down - September 11, 4:40AM-4:45AM ET",2026-09-11T08:45:00Z,2026-09-11T08:40:00Z,100.01591139859775,Down,"[""0"", ""1""]",0.04,,,-0.5,0.01,resolved,0xdf8ba3c82440ec0551f67d19a80e846391c2256b79e02de2d36875c47c192a85,https://data.chain.link/streams/sol-usd-twap-60s-streams,99.98343263517854,2026-09-11 08:45:54+00
xrp-updown-5m-1789116000,XRP,"XRP Up or Down - September 11, 4:40AM-4:45AM ET",2026-09-11T08:45:00Z,2026-09-11T08:40:00Z,1.3541525799813166,Up,"[""1"", ""0""]",0.99,,,0.49,0.01,resolved,0xbdeb3f7bb859fcdb60a5fe8564b65159116fde8c4ebd42b8068b3d87d959b8bd,https://data.chain.link/streams/xrp-usd-twap-60s-streams,1.3548783896657595,2026-09-11 08:45:52+00
zec-updown-5m-1789116000,ZEC,"ZCash Up or Down - September 11, 4:40AM-4:45AM ET",2026-09-11T08:45:00Z,2026-09-11T08:40:00Z,1117.7054478642108,Up,"[""1"", ""0""]",,,,0.005,0.99,resolved,0x9d8befc39c3f89e99b2d71dc60a70b251a7cb61dc73bb9743434a1c6bf3c9eb5,https://data.chain.link/streams/zec-usd-twap-60s-streams,1118.265291233137,2026-09-11 08:45:52+00
bnb-updown-5m-1789116300,BNB,"BNB Up or Down - September 11, 4:45AM-4:50AM ET",2026-09-11T08:50:00Z,2026-09-11T08:45:00Z,714.4338175031986,Down,"[""0"", ""1""]",0.24,96.714633,,-0.5,0.01,resolved,0xb3f05c3507fa2c8b84550d97bfc002dd83ab3b9c24373976fa008086d32f7610,https://data.chain.link/streams/bnb-usd-twap-60s-streams,714.199028429501,2026-09-11 08:50:52+00
btc-updown-5m-1789116300,BTC,"Bitcoin Up or Down - September 11, 4:45AM-4:50AM ET",2026-09-11T08:50:00Z,2026-09-11T08:45:00Z,77386.54628733752,Down,"[""0"", ""1""]",0.001,54683.927612999985,,-0.5045,0.001,resolved,0x06f62c260c4fc6265549930310a6baa56262981773258c5f6b760fc530b3d676,https://data.chain.link/streams/btc-usd-twap-60s-streams,77352.58175418033,2026-09-11 08:50:52+00
doge-updown-5m-1789116300,DOGE,"Dogecoin Up or Down - September 11, 4:45AM-4:50AM ET",2026-09-11T08:50:00Z,2026-09-11T08:45:00Z,0.08402973570652825,Up,"[""1"", ""0""]",0.99,192.65494999999999,,0.495,0.01,resolved,0x85857ad79bdddc4f0fbb7cc5123c54cab44ab222d58f1a9b8fd89486487057b4,https://data.chain.link/streams/doge-usd-twap-60s-streams,0.08405252450584759,2026-09-11 08:50:54+00
eth-updown-5m-1789116300,ETH,"Ethereum Up or Down - September 11, 4:45AM-4:50AM ET",2026-09-11T08:50:00Z,2026-09-11T08:45:00Z,2477.2840513106976,Down,"[""0"", ""1""]",0.07,1870.9070510000001,,-0.5045,0.001,resolved,0x2a0fcc83b92d9981a5ea49b33e26b23c753c1957240c133ff90f4b6d65ed20e6,https://data.chain.link/streams/eth-usd-twap-60s-streams,2475.7589976940208,2026-09-11 08:50:52+00
hype-updown-5m-1789116300,HYPE,"Hyperliquid Up or Down - September 11, 4:45AM-4:50AM ET",2026-09-11T08:50:00Z,2026-09-11T08:45:00Z,80.2764343315061,Up,"[""1"", ""0""]",0.99,24.98425,,0.49,0.01,resolved,0xdb932e16656f13cdd438697730a363dab0edca6878b9b0a37872812605a01107,https://data.chain.link/streams/hype-usd-twap-60s-streams,80.30586881052058,2026-09-11 08:50:54+00
sol-updown-5m-1789116300,SOL,"Solana Up or Down - September 11, 4:45AM-4:50AM ET",2026-09-11T08:50:00Z,2026-09-11T08:45:00Z,99.98343263517854,Down,"[""0"", ""1""]",0.08,1149.948813,,-0.5045,0.001,resolved,0xf9fb51dbda3163d74c20d69eca27f9f15e8a3c45e2e0231cdfae344dc045256c,https://data.chain.link/streams/sol-usd-twap-60s-streams,99.91108884821234,2026-09-11 08:50:52+00
xrp-updown-5m-1789116300,XRP,"XRP Up or Down - September 11, 4:45AM-4:50AM ET",2026-09-11T08:50:00Z,2026-09-11T08:45:00Z,1.3548783896657595,Down,"[""0"", ""1""]",0.01,1181.34086,,-0.5,0.01,resolved,0x66ff76951b95b0432ea26e5067958d529d17b5b761f6a41bea7a33b7b0c045a4,https://data.chain.link/streams/xrp-usd-twap-60s-streams,1.354559815815369,2026-09-11 08:50:52+00
zec-updown-5m-1789116300,ZEC,"ZCash Up or Down - September 11, 4:45AM-4:50AM ET",2026-09-11T08:50:00Z,2026-09-11T08:45:00Z,1118.265291233137,Down,"[""0"", ""1""]",,,,-0.495,0.01,resolved,0x1c6f0c5364bcffed4e01ed81dcb99526f808bf4e1a3d12f758bc37370881f979,https://data.chain.link/streams/zec-usd-twap-60s-streams,1115.3167031501548,2026-09-11 08:50:54+00
bnb-updown-5m-1789116600,BNB,"BNB Up or Down - September 11, 4:50AM-4:55AM ET",2026-09-11T08:55:00Z,2026-09-11T08:50:00Z,714.199028429501,Down,"[""0"", ""1""]",0.23,,,-0.5,0.01,resolved,0x4e653e96532b0c6cbe8a638c2be988f456956fd82eb5f39dcdb0000377edf9f6,https://data.chain.link/streams/bnb-usd-twap-60s-streams,713.7881957812937,2026-09-11 08:55:54+00
btc-updown-5m-1789116600,BTC,"Bitcoin Up or Down - September 11, 4:50AM-4:55AM ET",2026-09-11T08:55:00Z,2026-09-11T08:50:00Z,77352.58175418033,Down,"[""0"", ""1""]",0.01,43884.29925600003,,-0.5,0.01,resolved,0x892c9409ab497c504d563c777011b4f7d04ec8507af9589697f4e0105c81f379,https://data.chain.link/streams/btc-usd-twap-60s-streams,77329.51631407894,2026-09-11 08:55:55+00
doge-updown-5m-1789116600,DOGE,"Dogecoin Up or Down - September 11, 4:50AM-4:55AM ET",2026-09-11T08:55:00Z,2026-09-11T08:50:00Z,0.08405252450584759,Down,"[""0"", ""1""]",0.85,,,-0.495,0.01,resolved,0x56e86739434e49b326b81369f6bc5202cd4b3c05f57b41be4aeef57e0f265f79,https://data.chain.link/streams/doge-usd-twap-60s-streams,0.0840460225360909,2026-09-11 08:55:54+00
eth-updown-5m-1789116600,ETH,"Ethereum Up or Down - September 11, 4:50AM-4:55AM ET",2026-09-11T08:55:00Z,2026-09-11T08:50:00Z,2475.7589976940208,Up,"[""1"", ""0""]",0.99,5678.351832999999,,0.49,0.01,resolved,0xe2c5faf8fdfa37fe91cf77b6f19497a24db3ea9d00f0165acc290e023852dcc2,https://data.chain.link/streams/eth-usd-twap-60s-streams,2475.8014639405546,2026-09-11 08:56:04+00
hype-updown-5m-1789116600,HYPE,"Hyperliquid Up or Down - September 11, 4:50AM-4:55AM ET",2026-09-11T08:55:00Z,2026-09-11T08:50:00Z,80.30586881052058,Down,"[""0"", ""1""]",0.67,,,-0.5,0.01,resolved,0x26fb18234fb6e5fff4842144f72d0dc4625186cd80a2cb192c0f309c44c7e390,https://data.chain.link/streams/hype-usd-twap-60s-streams,80.25843799547313,2026-09-11 08:55:55+00
sol-updown-5m-1789116600,SOL,"Solana Up or Down - September 11, 4:50AM-4:55AM ET",2026-09-11T08:55:00Z,2026-09-11T08:50:00Z,99.91108884821234,Down,"[""0"", ""1""]",0.02,1776.78352,,-0.5045,0.001,resolved,0x393809ef06b005366bf699f5c06687a2bc52b6e3cd32ac5286f5dcd3a4d257f6,https://data.chain.link/streams/sol-usd-twap-60s-streams,99.8881815009307,2026-09-11 08:56:04+00
xrp-updown-5m-1789116600,XRP,"XRP Up or Down - September 11, 4:50AM-4:55AM ET",2026-09-11T08:55:00Z,2026-09-11T08:50:00Z,1.354559815815369,Down,"[""0"", ""1""]",0.05,,,-0.5045,0.001,resolved,0x26969b660395f2dcd71e9806cc7eb2389a55b41a042b92e322a2c1cdb68f255a,https://data.chain.link/streams/xrp-usd-twap-60s-streams,1.3528983943841875,2026-09-11 08:56:04+00
zec-updown-5m-1789116600,ZEC,"ZCash Up or Down - September 11, 4:50AM-4:55AM ET",2026-09-11T08:55:00Z,2026-09-11T08:50:00Z,1115.3167031501548,Down,"[""0"", ""1""]",,,,-0.005,0.99,resolved,0xdbc8da6576fda1f7f2cadd0e1d1d5a35553264f4a19b0f5241f874fa89489d0c,https://data.chain.link/streams/zec-usd-twap-60s-streams,1113.4053037632957,2026-09-11 08:55:54+00
bnb-updown-5m-1789116900,BNB,"BNB Up or Down - September 11, 4:55AM-5:00AM ET",2026-09-11T09:00:00Z,2026-09-11T08:55:00Z,713.7881957812937,Down,"[""0"", ""1""]",0.12,,,-0.5,0.01,resolved,0xeb2b8ae57de39ad7c5371f25844f68eb2e8831cb969c5113ce4101b3fd26db22,https://data.chain.link/streams/bnb-usd-twap-60s-streams,713.6844880968922,2026-09-11 09:00:54+00
btc-updown-5m-1789116900,BTC,"Bitcoin Up or Down - September 11, 4:55AM-5:00AM ET",2026-09-11T09:00:00Z,2026-09-11T08:55:00Z,77329.51631407894,Up,"[""1"", ""0""]",0.99,45446.906827999985,,0.49,0.01,resolved,0xeef4a36868e2375a7316aabd92b2ddb24009f4d2552ab802747feb5acd04205e,https://data.chain.link/streams/btc-usd-twap-60s-streams,77330.59270826796,2026-09-11 09:00:54+00
doge-updown-5m-1789116900,DOGE,"Dogecoin Up or Down - September 11, 4:55AM-5:00AM ET",2026-09-11T09:00:00Z,2026-09-11T08:55:00Z,0.0840460225360909,Down,"[""0"", ""1""]",0.19,,,-0.495,0.01,resolved,0x894641ac28e942836f3aca11d46fb486aaf8645f7eedb7ab4be279efb51775f0,https://data.chain.link/streams/doge-usd-twap-60s-streams,0.08400132338429554,2026-09-11 09:00:54+00
eth-updown-5m-1789116900,ETH,"Ethereum Up or Down - September 11, 4:55AM-5:00AM ET",2026-09-11T09:00:00Z,2026-09-11T08:55:00Z,2475.8014639405546,Down,"[""0"", ""1""]",0.02,2399.143792,,-0.5,0.01,resolved,0x9b535a555ede50c16cd52298325a5923c09278bbd44999510c18b46bbb161cd7,https://data.chain.link/streams/eth-usd-twap-60s-streams,2475.617427356415,2026-09-11 09:00:54+00
hype-updown-5m-1789116900,HYPE,"Hyperliquid Up or Down - September 11, 4:55AM-5:00AM ET",2026-09-11T09:00:00Z,2026-09-11T08:55:00Z,80.25843799547313,Up,"[""1"", ""0""]",0.99,,,0.49,0.01,resolved,0x96907e8612d317a1b1358c2a554a7cac4eedc4b7f9f08481899d7c2f3e448b26,https://data.chain.link/streams/hype-usd-twap-60s-streams,80.31186710952433,2026-09-11 09:00:54+00
sol-updown-5m-1789116900,SOL,"Solana Up or Down - September 11, 4:55AM-5:00AM ET",2026-09-11T09:00:00Z,2026-09-11T08:55:00Z,99.8881815009307,Down,"[""0"", ""1""]",0.14,,,-0.5,0.01,resolved,0xe4d92970ee5f04ab0d38b51f72f8619d4ad4d63fa3f2dcaaf804ce0d09848dea,https://data.chain.link/streams/sol-usd-twap-60s-streams,99.88646926101032,2026-09-11 09:00:54+00
xrp-updown-5m-1789116900,XRP,"XRP Up or Down - September 11, 4:55AM-5:00AM ET",2026-09-11T09:00:00Z,2026-09-11T08:55:00Z,1.3528983943841875,Up,"[""1"", ""0""]",0.99,,,0.49,0.01,resolved,0xa961b3561cdd63e27a6422a1db4b7d11b4a7b3f953ded6d2fa93cfcc6be85969,https://data.chain.link/streams/xrp-usd-twap-60s-streams,1.3530165131466128,2026-09-11 09:00:54+00
zec-updown-5m-1789116900,ZEC,"ZCash Up or Down - September 11, 4:55AM-5:00AM ET",2026-09-11T09:00:00Z,2026-09-11T08:55:00Z,1113.4053037632957,Up,"[""1"", ""0""]",,,,0.495,0.01,resolved,0xabc6a428f218bebbb960d5a9a1010fd1859190669a9435ff7f6728ffd98c5450,https://data.chain.link/streams/zec-usd-twap-60s-streams,1115.042241977111,2026-09-11 09:00:54+00
bnb-updown-5m-1789117200,BNB,"BNB Up or Down - September 11, 5:00AM-5:05AM ET",2026-09-11T09:05:00Z,2026-09-11T09:00:00Z,713.6844880968922,Down,"[""0"", ""1""]",0.26,320.408903,,-0.4995,0.001,resolved,0x5fc4500d50321ef9ef1bfa7010ca3a1081c0597b383f4018ba7dcc3dc59c108d,https://data.chain.link/streams/bnb-usd-twap-60s-streams,713.5500790621894,2026-09-11 09:06:27+00
btc-updown-5m-1789117200,BTC,"Bitcoin Up or Down - September 11, 5:00AM-5:05AM ET",2026-09-11T09:05:00Z,2026-09-11T09:00:00Z,77330.59270826796,Down,"[""0"", ""1""]",0.01,45234.622575999965,,-0.5045,0.001,resolved,0xda379edf23b01a53f1d5fa4ff4ba8fb756a2cf19bbe45ff65e43632d559d927c,https://data.chain.link/streams/btc-usd-twap-60s-streams,77303.84849345178,2026-09-11 09:06:25+00
doge-updown-5m-1789117200,DOGE,"Dogecoin Up or Down - September 11, 5:00AM-5:05AM ET",2026-09-11T09:05:00Z,2026-09-11T09:00:00Z,0.08400132338429554,Down,"[""0"", ""1""]",0.77,391.603946,,-0.4995,0.001,resolved,0x02fc8dbe638c0b0961e7b12158e05496fd134887cd2c230a99933037ae96fccc,https://data.chain.link/streams/doge-usd-twap-60s-streams,0.08398763930971923,2026-09-11 09:06:25+00
eth-updown-5m-1789117200,ETH,"Ethereum Up or Down - September 11, 5:00AM-5:05AM ET",2026-09-11T09:05:00Z,2026-09-11T09:00:00Z,2475.617427356415,Down,"[""0"", ""1""]",0.03,3069.053242,,-0.5045,0.001,resolved,0x2cb8bbc32a2597cc4f9b3da54c4b6061bc99e58309eebffd70b795c7a0b9b3a6,https://data.chain.link/streams/eth-usd-twap-60s-streams,2474.8677448049675,2026-09-11 09:06:27+00
hype-updown-5m-1789117200,HYPE,"Hyperliquid Up or Down - September 11, 5:00AM-5:05AM ET",2026-09-11T09:05:00Z,2026-09-11T09:00:00Z,80.31186710952433,Down,"[""0"", ""1""]",0.09,61.349967,,-0.5045,0.001,resolved,0x68ad7e3f81f3403746eb63b16b0f9c9aee5496a5d59385acfbef28e6787a6f4f,https://data.chain.link/streams/hype-usd-twap-60s-streams,80.22510351736116,2026-09-11 09:06:25+00
sol-updown-5m-1789117200,SOL,"Solana Up or Down - September 11, 5:00AM-5:05AM ET",2026-09-11T09:05:00Z,2026-09-11T09:00:00Z,99.88646926101032,Down,"[""0"", ""1""]",0.02,2046.3390040000004,,-0.5045,0.001,resolved,0x41cd3d366a3212c28dd1c129d3fcc79dfcf455a8ae5345eb0d6177070b058401,https://data.chain.link/streams/sol-usd-twap-60s-streams,99.84804030381508,2026-09-11 09:06:27+00
xrp-updown-5m-1789117200,XRP,"XRP Up or Down - September 11, 5:00AM-5:05AM ET",2026-09-11T09:05:00Z,2026-09-11T09:00:00Z,1.3530165131466128,Down,"[""0"", ""1""]",0.26,956.5403589999999,,-0.4945,0.001,resolved,0x36d517f7eb84919d85da494ad5c0768b9047f74e0c482001ac0963cec3e59808,https://data.chain.link/streams/xrp-usd-twap-60s-streams,1.3525665929329915,2026-09-11 09:06:27+00
zec-updown-5m-1789117200,ZEC,"ZCash Up or Down - September 11, 5:00AM-5:05AM ET",2026-09-11T09:05:00Z,2026-09-11T09:00:00Z,1115.042241977111,Down,"[""0"", ""1""]",,,,-0.495,0.01,resolved,0x1f7567590aa1771351dcd971926e250653b04b993dd77b744173cc94c9d3fd4b,https://data.chain.link/streams/zec-usd-twap-60s-streams,1113.7408018517142,2026-09-11 09:06:25+00
bnb-updown-5m-1789117500,BNB,"BNB Up or Down - September 11, 5:05AM-5:10AM ET",2026-09-11T09:10:00Z,2026-09-11T09:05:00Z,713.5500790621894,Down,"[""0"", ""1""]",0.02,298.440086,,-0.5045,0.001,resolved,0x0a45d66d0de174b995b9cab90992023f39e614a93867ddf5d838ef22404baa17,https://data.chain.link/streams/bnb-usd-twap-60s-streams,712.7593009391755,2026-09-11 09:11:25+00
btc-updown-5m-1789117500,BTC,"Bitcoin Up or Down - September 11, 5:05AM-5:10AM ET",2026-09-11T09:10:00Z,2026-09-11T09:05:00Z,77303.84849345178,Down,"[""0"", ""1""]",0.01,26036.89470299999,,-0.5045,0.001,resolved,0xce934885d15729bd7277887579eaa3ca9dcffa846063e288c923be28300a5269,https://data.chain.link/streams/btc-usd-twap-60s-streams,77258.6408110188,2026-09-11 09:11:25+00
doge-updown-5m-1789117500,DOGE,"Dogecoin Up or Down - September 11, 5:05AM-5:10AM ET",2026-09-11T09:10:00Z,2026-09-11T09:05:00Z,0.08398763930971923,Down,"[""0"", ""1""]",0.02,,,-0.4995,0.001,resolved,0x4cc5932468261d62ff644c74244689a8a4c27fe3022fe86cd591924f52dddd32,https://data.chain.link/streams/doge-usd-twap-60s-streams,0.08392923218661086,2026-09-11 09:11:27+00
eth-updown-5m-1789117500,ETH,"Ethereum Up or Down - September 11, 5:05AM-5:10AM ET",2026-09-11T09:10:00Z,2026-09-11T09:05:00Z,2474.8677448049675,Down,"[""0"", ""1""]",0.05,1897.4951489999999,,-0.5045,0.001,resolved,0x34ad48f38f38b1834843f415c4e50aab67fb7e1e5287e801b311020f8af385fc,https://data.chain.link/streams/eth-usd-twap-60s-streams,2473.2726207000073,2026-09-11 09:11:27+00
hype-updown-5m-1789117500,HYPE,"Hyperliquid Up or Down - September 11, 5:05AM-5:10AM ET",2026-09-11T09:10:00Z,2026-09-11T09:05:00Z,80.22510351736116,Down,"[""0"", ""1""]",0.31,,,-0.5045,0.001,resolved,0x69edcd98483d0c076e1e462159c531bf9e4413df252ccf1ae74aeae45c6e4c2b,https://data.chain.link/streams/hype-usd-twap-60s-streams,80.12831068201422,2026-09-11 09:11:25+00
sol-updown-5m-1789117500,SOL,"Solana Up or Down - September 11, 5:05AM-5:10AM ET",2026-09-11T09:10:00Z,2026-09-11T09:05:00Z,99.84804030381508,Down,"[""0"", ""1""]",0.05,1024.32073,,-0.5045,0.001,resolved,0x5eac1b5e6264dfb98a3ad4d7bdd5621c2b6dcc31967a8caac0e8c27174287323,https://data.chain.link/streams/sol-usd-twap-60s-streams,99.76261272997941,2026-09-11 09:11:25+00
xrp-updown-5m-1789117500,XRP,"XRP Up or Down - September 11, 5:05AM-5:10AM ET",2026-09-11T09:10:00Z,2026-09-11T09:05:00Z,1.3525665929329915,Down,"[""0"", ""1""]",0.36,,,-0.5045,0.001,resolved,0x8447b35346b7cd0617990ad4b4a83fc24d6aab6489c082869efdedbe580b10aa,https://data.chain.link/streams/xrp-usd-twap-60s-streams,1.350960345021129,2026-09-11 09:11:25+00
zec-updown-5m-1789117500,ZEC,"ZCash Up or Down - September 11, 5:05AM-5:10AM ET",2026-09-11T09:10:00Z,2026-09-11T09:05:00Z,1113.7408018517142,Down,"[""0"", ""1""]",,,,-0.495,0.01,resolved,0xfaa782ba20b0d95e00b4bcadcefd8aed9c83763e4629a07d7a95201794a0b6fb,https://data.chain.link/streams/zec-usd-twap-60s-streams,1111.2508803261107,2026-09-11 09:11:25+00
bnb-updown-5m-1789117800,BNB,"BNB Up or Down - September 11, 5:10AM-5:15AM ET",2026-09-11T09:15:00Z,2026-09-11T09:10:00Z,712.7593009391755,Up,"[""1"", ""0""]",0.99,,,0.49,0.01,resolved,0x86abf2e54a602b0c1fa64bd1679df10ee7ee232be7bf0c523f63ac2613569e2d,https://data.chain.link/streams/bnb-usd-twap-60s-streams,713.4436239735476,2026-09-11 09:15:52+00
btc-updown-5m-1789117800,BTC,"Bitcoin Up or Down - September 11, 5:10AM-5:15AM ET",2026-09-11T09:15:00Z,2026-09-11T09:10:00Z,77258.6408110188,Down,"[""0"", ""1""]",0.01,44944.42831199999,,-0.5,0.01,resolved,0xa388a3ab43c6dfdf4dca6f853c0c4f1719422791db567a2e58648aa6266c3a49,https://data.chain.link/streams/btc-usd-twap-60s-streams,77255.77367268519,2026-09-11 09:15:52+00
doge-updown-5m-1789117800,DOGE,"Dogecoin Up or Down - September 11, 5:10AM-5:15AM ET",2026-09-11T09:15:00Z,2026-09-11T09:10:00Z,0.08392923218661086,Up,"[""1"", ""0""]",0.99,,,0.495,0.01,resolved,0x194329431fc968507a18f84810f472aad7899276ce9ba5592b29df6149467d76,https://data.chain.link/streams/doge-usd-twap-60s-streams,0.0839339804077312,2026-09-11 09:15:52+00
eth-updown-5m-1789117800,ETH,"Ethereum Up or Down - September 11, 5:10AM-5:15AM ET",2026-09-11T09:15:00Z,2026-09-11T09:10:00Z,2473.2726207000073,Up,"[""1"", ""0""]",0.99,2700.87286,,0.49,0.01,resolved,0x51362dda1d20269581c5b7e5adc4a92f493596aa9b3d28de2ae510802902c37b,https://data.chain.link/streams/eth-usd-twap-60s-streams,2473.4793148534955,2026-09-11 09:15:52+00
hype-updown-5m-1789117800,HYPE,"Hyperliquid Up or Down - September 11, 5:10AM-5:15AM ET",2026-09-11T09:15:00Z,2026-09-11T09:10:00Z,80.12831068201422,Down,"[""0"", ""1""]",0.36,,,-0.5,0.01,resolved,0x4d1ac75fd62fc718df76f2d215baf7e2f6f848025d0d76c9c5b493afdeff76f8,https://data.chain.link/streams/hype-usd-twap-60s-streams,80.06577330160518,2026-09-11 09:15:54+00
sol-updown-5m-1789117800,SOL,"Solana Up or Down - September 11, 5:10AM-5:15AM ET",2026-09-11T09:15:00Z,2026-09-11T09:10:00Z,99.76261272997941,Down,"[""0"", ""1""]",0.06,,,-0.5,0.01,resolved,0xb339228be70a0502973589a1c3dfaaba85ff0cd72c39496c0bbe95df85139554,https://data.chain.link/streams/sol-usd-twap-60s-streams,99.705626452404,2026-09-11 09:15:52+00
xrp-updown-5m-1789117800,XRP,"XRP Up or Down - September 11, 5:10AM-5:15AM ET",2026-09-11T09:15:00Z,2026-09-11T09:10:00Z,1.350960345021129,Down,"[""0"", ""1""]",0.16,,,-0.475,0.02,resolved,0xc37dd2c9d5c8f26c89329da89fd42825b7ab255b162b5816e9e620be3f8e888b,https://data.chain.link/streams/xrp-usd-twap-60s-streams,1.3509146219458095,2026-09-11 09:15:54+00
zec-updown-5m-1789117800,ZEC,"ZCash Up or Down - September 11, 5:10AM-5:15AM ET",2026-09-11T09:15:00Z,2026-09-11T09:10:00Z,1111.2508803261107,Up,"[""1"", ""0""]",,,,0.005,0.99,resolved,0xd5851b76fcf7fe60b30a1c4998de5deb25536d99162b6f9077b51604226c1e83,https://data.chain.link/streams/zec-usd-twap-60s-streams,1111.4889772118902,2026-09-11 09:15:52+00
bnb-updown-5m-1789118100,BNB,"BNB Up or Down - September 11, 5:15AM-5:20AM ET",2026-09-11T09:20:00Z,2026-09-11T09:15:00Z,713.4436239735476,Up,"[""1"", ""0""]",0.99,255.88073599999998,,0.49,0.01,resolved,0x9aa9b55f39ae180c7f99abb947ccc557468ab3c22592d5f74ed911f93ccc8f79,https://data.chain.link/streams/bnb-usd-twap-60s-streams,713.5359784983239,2026-09-11 09:21:25+00
btc-updown-5m-1789118100,BTC,"Bitcoin Up or Down - September 11, 5:15AM-5:20AM ET",2026-09-11T09:20:00Z,2026-09-11T09:15:00Z,77255.77367268519,Up,"[""1"", ""0""]",0.99,83366.499014,,0.49,0.01,resolved,0xc988d16f6fe94c49f45aa4cf4a386776e35d29f452e6981815082968d8e900e8,https://data.chain.link/streams/btc-usd-twap-60s-streams,77256.74950946531,2026-09-11 09:21:27+00
doge-updown-5m-1789118100,DOGE,"Dogecoin Up or Down - September 11, 5:15AM-5:20AM ET",2026-09-11T09:20:00Z,2026-09-11T09:15:00Z,0.0839339804077312,Up,"[""1"", ""0""]",0.99,175.42218300000002,,0.495,0.01,resolved,0xea71a730d3aeb494c5430ab916ef0a24893675e58575b47ca8cb001d5a4fc097,https://data.chain.link/streams/doge-usd-twap-60s-streams,0.08394393466264907,2026-09-11 09:21:25+00
eth-updown-5m-1789118100,ETH,"Ethereum Up or Down - September 11, 5:15AM-5:20AM ET",2026-09-11T09:20:00Z,2026-09-11T09:15:00Z,2473.4793148534955,Down,"[""0"", ""1""]",0.08,4085.797842999999,,-0.5,0.01,resolved,0x888f44bd0866d0888ac5c024de647200d47a75b82dfacb414ebb4c398fd35c8a,https://data.chain.link/streams/eth-usd-twap-60s-streams,2473.3617927998025,2026-09-11 09:21:25+00
hype-updown-5m-1789118100,HYPE,"Hyperliquid Up or Down - September 11, 5:15AM-5:20AM ET",2026-09-11T09:20:00Z,2026-09-11T09:15:00Z,80.06577330160518,Down,"[""0"", ""1""]",0.69,31.642393000000002,,-0.5,0.01,resolved,0xffa7c2edad4a31765ba23f977eff9455c11bec1ac48c2cccc72f08fc15702438,https://data.chain.link/streams/hype-usd-twap-60s-streams,80.04202351295105,2026-09-11 09:21:27+00
sol-updown-5m-1789118100,SOL,"Solana Up or Down - September 11, 5:15AM-5:20AM ET",2026-09-11T09:20:00Z,2026-09-11T09:15:00Z,99.705626452404,Down,"[""0"", ""1""]",0.09,1746.7480449999994,,-0.5,0.01,resolved,0x43e902dabe568e75267b110db219e0126cb17346e7f5fe49bc9491e8b7fca190,https://data.chain.link/streams/sol-usd-twap-60s-streams,99.67643302283241,2026-09-11 09:21:25+00
xrp-updown-5m-1789118100,XRP,"XRP Up or Down - September 11, 5:15AM-5:20AM ET",2026-09-11T09:20:00Z,2026-09-11T09:15:00Z,1.3509146219458095,Down,"[""0"", ""1""]",0.05,674.5993760000001,,-0.5,0.01,resolved,0xa1b6a9470713586cfbe6dd3409f39487a4b2814394be19efc927fbf109680718,https://data.chain.link/streams/xrp-usd-twap-60s-streams,1.350556812496013,2026-09-11 09:21:25+00
zec-updown-5m-1789118100,ZEC,"ZCash Up or Down - September 11, 5:15AM-5:20AM ET",2026-09-11T09:20:00Z,2026-09-11T09:15:00Z,1111.4889772118902,Down,"[""0"", ""1""]",,,,-0.495,0.01,resolved,0xc04a352a62e2bc84c87e4392c5aa903b0e1e55b6c5133e833487c70ab6913430,https://data.chain.link/streams/zec-usd-twap-60s-streams,1108.756674210341,2026-09-11 09:21:25+00
bnb-updown-5m-1789118400,BNB,"BNB Up or Down - September 11, 5:20AM-5:25AM ET",2026-09-11T09:25:00Z,2026-09-11T09:20:00Z,713.5359784983239,Down,"[""0"", ""1""]",,,,-0.5,0.01,resolved,0x27cd8b588ac6adba4569c9bd4e49bb4579c375929f8e49458075aee5a6babac0,https://data.chain.link/streams/bnb-usd-twap-60s-streams,713.0696983148488,2026-09-11 09:25:52+00
btc-updown-5m-1789118400,BTC,"Bitcoin Up or Down - September 11, 5:20AM-5:25AM ET",2026-09-11T09:25:00Z,2026-09-11T09:20:00Z,77256.74950946531,Down,"[""0"", ""1""]",0.01,29261.13995900002,4,-0.5,0.01,resolved,0x5aa9078c1c3d2ea59676f2a76539d5f9de7d417f626992584e4188440395df6b,https://data.chain.link/streams/btc-usd-twap-60s-streams,77194.61877388648,2026-09-11 09:25:52+00
doge-updown-5m-1789118400,DOGE,"Dogecoin Up or Down - September 11, 5:20AM-5:25AM ET",2026-09-11T09:25:00Z,2026-09-11T09:20:00Z,0.08394393466264907,Down,"[""0"", ""1""]",0.19,,,-0.495,0.01,resolved,0xd09d9006a4ecfe5965db5b3cf146bba7559c2c1da145f324c23e628fb368807b,https://data.chain.link/streams/doge-usd-twap-60s-streams,0.08389907740814176,2026-09-11 09:25:52+00
eth-updown-5m-1789118400,ETH,"Ethereum Up or Down - September 11, 5:20AM-5:25AM ET",2026-09-11T09:25:00Z,2026-09-11T09:20:00Z,2473.3617927998025,Down,"[""0"", ""1""]",0.05,,,-0.5,0.01,resolved,0x235a96bb09260226eef758ae76d44bdb2ab04f37e8129ba84a982e7f0d3c207b,https://data.chain.link/streams/eth-usd-twap-60s-streams,2472.5056146191655,2026-09-11 09:25:52+00
hype-updown-5m-1789118400,HYPE,"Hyperliquid Up or Down - September 11, 5:20AM-5:25AM ET",2026-09-11T09:25:00Z,2026-09-11T09:20:00Z,80.04202351295105,Down,"[""0"", ""1""]",0.09,,,-0.5,0.01,resolved,0x8e6ccb357153e15691a8601514fe97c03f25b435b1ec6dcb8ae045582ac3036e,https://data.chain.link/streams/hype-usd-twap-60s-streams,79.854245203325,2026-09-11 09:25:52+00
sol-updown-5m-1789118400,SOL,"Solana Up or Down - September 11, 5:20AM-5:25AM ET",2026-09-11T09:25:00Z,2026-09-11T09:20:00Z,99.67643302283241,Down,"[""0"", ""1""]",0.25,1318.997108,,-0.5,0.01,resolved,0x390ef6316e925a3a04c4ad95a7387830b80364453f2559f02fef1605e034cf11,https://data.chain.link/streams/sol-usd-twap-60s-streams,99.596228115588,2026-09-11 09:25:52+00
xrp-updown-5m-1789118400,XRP,"XRP Up or Down - September 11, 5:20AM-5:25AM ET",2026-09-11T09:25:00Z,2026-09-11T09:20:00Z,1.350556812496013,Down,"[""0"", ""1""]",0.58,,,-0.5,0.01,resolved,0x41c0a962ffd37df3546ccf7f9a6c92288c16b95e27eb4d02eae416afc034742d,https://data.chain.link/streams/xrp-usd-twap-60s-streams,1.3492558601890103,2026-09-11 09:25:52+00
zec-updown-5m-1789118400,ZEC,"ZCash Up or Down - September 11, 5:20AM-5:25AM ET",2026-09-11T09:25:00Z,2026-09-11T09:20:00Z,1108.756674210341,Down,"[""0"", ""1""]",,,,-0.495,0.01,resolved,0xb98273c1b35b6a7bbecf7c2d3c9fa4193357b28a8f5d8982556422cf5deb41a7,https://data.chain.link/streams/zec-usd-twap-60s-streams,1106.2378462556278,2026-09-11 09:25:52+00
bnb-updown-5m-1789118700,BNB,"BNB Up or Down - September 11, 5:25AM-5:30AM ET",2026-09-11T09:30:00Z,2026-09-11T09:25:00Z,713.0696983148488,Down,"[""0"", ""1""]",0.26,,,-0.5,0.01,resolved,0x5c3d6b924d254d8955039c62e36959df33976500356f2925fabb4e80f6835c06,https://data.chain.link/streams/bnb-usd-twap-60s-streams,712.9801922561501,2026-09-11 09:30:52+00
btc-updown-5m-1789118700,BTC,"Bitcoin Up or Down - September 11, 5:25AM-5:30AM ET",2026-09-11T09:30:00Z,2026-09-11T09:25:00Z,77194.61877388648,Down,"[""0"", ""1""]",0.01,24481.07980299999,,-0.5045,0.001,resolved,0xaa791961ce32057308fef5940d8e9bfb02faed24fba483bcd1053749014d86bc,https://data.chain.link/streams/btc-usd-twap-60s-streams,77124.33354133394,2026-09-11 09:30:52+00
doge-updown-5m-1789118700,DOGE,"Dogecoin Up or Down - September 11, 5:25AM-5:30AM ET",2026-09-11T09:30:00Z,2026-09-11T09:25:00Z,0.08389907740814176,Down,"[""0"", ""1""]",0.18,,,-0.495,0.01,resolved,0xe30868305b103f626d1a6ab07a06d61019cb83d5c2e1db9f6ee5ce80988c005d,https://data.chain.link/streams/doge-usd-twap-60s-streams,0.08387390698141547,2026-09-11 09:30:52+00
eth-updown-5m-1789118700,ETH,"Ethereum Up or Down - September 11, 5:25AM-5:30AM ET",2026-09-11T09:30:00Z,2026-09-11T09:25:00Z,2472.5056146191655,Down,"[""0"", ""1""]",0.01,,,-0.5,0.01,resolved,0x6e35823fea98d9170c29317127a19bb3992cc9342c182ef67485e2c35ee0ead9,https://data.chain.link/streams/eth-usd-twap-60s-streams,2472.1815892850586,2026-09-11 09:30:52+00
hype-updown-5m-1789118700,HYPE,"Hyperliquid Up or Down - September 11, 5:25AM-5:30AM ET",2026-09-11T09:30:00Z,2026-09-11T09:25:00Z,79.854245203325,Down,"[""0"", ""1""]",0.68,,,-0.5,0.01,resolved,0x3eddc4c17e8dfe9fdbe753b941fb36dc15013b2f1b6848ec73e1c734e6fc3a92,https://data.chain.link/streams/hype-usd-twap-60s-streams,79.83258751233384,2026-09-11 09:30:52+00
sol-updown-5m-1789118700,SOL,"Solana Up or Down - September 11, 5:25AM-5:30AM ET",2026-09-11T09:30:00Z,2026-09-11T09:25:00Z,99.596228115588,Down,"[""0"", ""1""]",0.01,,,-0.5,0.01,resolved,0xa9ef5e5c6df3df65c97fc8def7ae6fd1065a05cc070074539386f9c7362a339e,https://data.chain.link/streams/sol-usd-twap-60s-streams,99.59543740547166,2026-09-11 09:30:52+00
xrp-updown-5m-1789118700,XRP,"XRP Up or Down - September 11, 5:25AM-5:30AM ET",2026-09-11T09:30:00Z,2026-09-11T09:25:00Z,1.3492558601890103,Down,"[""0"", ""1""]",0.22,,,-0.5045,0.001,resolved,0xcebe220df2f23aecfa56949ef514e2b8bea86cc73ee2d0ce2eed83c997672b42,https://data.chain.link/streams/xrp-usd-twap-60s-streams,1.3480485914983191,2026-09-11 09:30:52+00
zec-updown-5m-1789118700,ZEC,"ZCash Up or Down - September 11, 5:25AM-5:30AM ET",2026-09-11T09:30:00Z,2026-09-11T09:25:00Z,1106.2378462556278,Up,"[""1"", ""0""]",,,,0.495,0.01,resolved,0xfa152641868c255e4f246f09e089fefb2a7aba40d3feee168f632ed6e9f530f1,https://data.chain.link/streams/zec-usd-twap-60s-streams,1106.612280191046,2026-09-11 09:30:52+00
bnb-updown-5m-1789119000,BNB,"BNB Up or Down - September 11, 5:30AM-5:35AM ET",2026-09-11T09:35:00Z,2026-09-11T09:30:00Z,712.9801922561501,Down,"[""0"", ""1""]",0.03,,,-0.5,0.01,resolved,0x6e6fd605226b5fd106a73aa440f99907171ab36e7ac0ed938c7ccacfa9e697b5,https://data.chain.link/streams/bnb-usd-twap-60s-streams,712.7756826521011,2026-09-11 09:35:52+00
btc-updown-5m-1789119000,BTC,"Bitcoin Up or Down - September 11, 5:30AM-5:35AM ET",2026-09-11T09:35:00Z,2026-09-11T09:30:00Z,77124.33354133394,Down,"[""0"", ""1""]",0.01,,,-0.5,0.01,resolved,0xccd1301eefe2f5ba5398860b1eb269f8a71a9cabc8f4fd1ebf169ef92ef25e5e,https://data.chain.link/streams/btc-usd-twap-60s-streams,77079.7989500859,2026-09-11 09:35:52+00
doge-updown-5m-1789119000,DOGE,"Dogecoin Up or Down - September 11, 5:30AM-5:35AM ET",2026-09-11T09:35:00Z,2026-09-11T09:30:00Z,0.08387390698141547,Down,"[""0"", ""1""]",0.64,,,-0.495,0.01,resolved,0xb49a5cd310b304d3612715af8b3fff8476ca27ce625e8b42bb1495a3cf771041,https://data.chain.link/streams/doge-usd-twap-60s-streams,0.08382828031536967,2026-09-11 09:35:52+00
eth-updown-5m-1789119000,ETH,"Ethereum Up or Down - September 11, 5:30AM-5:35AM ET",2026-09-11T09:35:00Z,2026-09-11T09:30:00Z,2472.1815892850586,Down,"[""0"", ""1""]",0.01,,,-0.5,0.01,resolved,0xda464695366ffa17b006055215f15850ed40f8cb34a8bb73659e483ec15d20ef,https://data.chain.link/streams/eth-usd-twap-60s-streams,2471.3965152858877,2026-09-11 09:35:52+00
hype-updown-5m-1789119000,HYPE,"Hyperliquid Up or Down - September 11, 5:30AM-5:35AM ET",2026-09-11T09:35:00Z,2026-09-11T09:30:00Z,79.83258751233384,Down,"[""0"", ""1""]",0.59,,,-0.5,0.01,resolved,0x5026009826e64cb723f782a0d2800d5757dd197901c45a84c1e7d4d0b4c81db8,https://data.chain.link/streams/hype-usd-twap-60s-streams,79.75068503097228,2026-09-11 09:35:52+00
sol-updown-5m-1789119000,SOL,"Solana Up or Down - September 11, 5:30AM-5:35AM ET",2026-09-11T09:35:00Z,2026-09-11T09:30:00Z,99.59543740547166,Down,"[""0"", ""1""]",0.04,,,-0.5,0.01,resolved,0x309f6d23d9dccac9713e5a7c4dc429f1e4d94d626798bdd41e2cb1bd8b55eea2,https://data.chain.link/streams/sol-usd-twap-60s-streams,99.55219022749868,2026-09-11 09:35:52+00
xrp-updown-5m-1789119000,XRP,"XRP Up or Down - September 11, 5:30AM-5:35AM ET",2026-09-11T09:35:00Z,2026-09-11T09:30:00Z,1.3480485914983191,Down,"[""0"", ""1""]",0.12,,,-0.5,0.01,resolved,0x8121027ea35d8eea55662662b785c1e26e29198562b5f94491a2ecb49f85d541,https://data.chain.link/streams/xrp-usd-twap-60s-streams,1.3465819389893294,2026-09-11 09:35:52+00
zec-updown-5m-1789119000,ZEC,"ZCash Up or Down - September 11, 5:30AM-5:35AM ET",2026-09-11T09:35:00Z,2026-09-11T09:30:00Z,1106.612280191046,Down,"[""0"", ""1""]",0.93,,,-0.01,0.98,resolved,0xad765f6e18506e17be4b073e7cfe5b895017dfd9c00e7d949bc22f84c7fa6bca,https://data.chain.link/streams/zec-usd-twap-60s-streams,1105.8249211369678,2026-09-11 09:35:52+00
bnb-updown-5m-1789119300,BNB,"BNB Up or Down - September 11, 5:35AM-5:40AM ET",2026-09-11T09:40:00Z,2026-09-11T09:35:00Z,712.7756826521011,Down,"[""0"", ""1""]",0.04,295.576604,,-0.5045,0.001,resolved,0x9b2ab2262706a9477976ab7837184108bec185fdfff32b9597f80f91baba1af5,https://data.chain.link/streams/bnb-usd-twap-60s-streams,711.53908429836,2026-09-11 09:40:52+00
btc-updown-5m-1789119300,BTC,"Bitcoin Up or Down - September 11, 5:35AM-5:40AM ET",2026-09-11T09:40:00Z,2026-09-11T09:35:00Z,77079.7989500859,Down,"[""0"", ""1""]",0.001,34309.06276600003,18,-0.5045,0.001,resolved,0x30286303fc787bb9c541df74666695a24fdfcca3c40b86bfe4521f2ce9b23fab,https://data.chain.link/streams/btc-usd-twap-60s-streams,76932.7933262054,2026-09-11 09:40:52+00
doge-updown-5m-1789119300,DOGE,"Dogecoin Up or Down - September 11, 5:35AM-5:40AM ET",2026-09-11T09:40:00Z,2026-09-11T09:35:00Z,0.08382828031536967,Down,"[""0"", ""1""]",0.11,266.256381,,-0.4995,0.001,resolved,0xab31ecb2811d35f67551284d3702e37014f1cbdb80e54870d6b041d30e85a400,https://data.chain.link/streams/doge-usd-twap-60s-streams,0.08356715448365341,2026-09-11 09:40:52+00
eth-updown-5m-1789119300,ETH,"Ethereum Up or Down - September 11, 5:35AM-5:40AM ET",2026-09-11T09:40:00Z,2026-09-11T09:35:00Z,2471.3965152858877,Down,"[""0"", ""1""]",0.01,3365.597172999999,,-0.5045,0.001,resolved,0xb2838b197585fca24682d50f560603f1eca12b72c3b6241462f35c170fc3c255,https://data.chain.link/streams/eth-usd-twap-60s-streams,2464.6780203519966,2026-09-11 09:40:52+00
hype-updown-5m-1789119300,HYPE,"Hyperliquid Up or Down - September 11, 5:35AM-5:40AM ET",2026-09-11T09:40:00Z,2026-09-11T09:35:00Z,79.75068503097228,Down,"[""0"", ""1""]",0.15,,,-0.5045,0.001,resolved,0x35601d344aeb500a33ca35855a9be07188723563ae4c27578bb6fec2e04c8045,https://data.chain.link/streams/hype-usd-twap-60s-streams,79.39881283822997,2026-09-11 09:40:52+00
sol-updown-5m-1789119300,SOL,"Solana Up or Down - September 11, 5:35AM-5:40AM ET",2026-09-11T09:40:00Z,2026-09-11T09:35:00Z,99.55219022749868,Down,"[""0"", ""1""]",0.01,1745.2325909999997,,-0.5045,0.001,resolved,0xe84a6bc8d866a14e8e89253f27f021c62a5c2c3314580ba02bf3e6b07cbd44c7,https://data.chain.link/streams/sol-usd-twap-60s-streams,99.16771252209223,2026-09-11 09:40:52+00
xrp-updown-5m-1789119300,XRP,"XRP Up or Down - September 11, 5:35AM-5:40AM ET",2026-09-11T09:40:00Z,2026-09-11T09:35:00Z,1.3465819389893294,Down,"[""0"", ""1""]",0.01,917.19812,,-0.5045,0.001,resolved,0xaf60badea933e27c327d3230e234757e38bafd8fe4c3a38b702e4aaadf22b174,https://data.chain.link/streams/xrp-usd-twap-60s-streams,1.3418909255337368,2026-09-11 09:40:52+00
zec-updown-5m-1789119300,ZEC,"ZCash Up or Down - September 11, 5:35AM-5:40AM ET",2026-09-11T09:40:00Z,2026-09-11T09:35:00Z,1105.8249211369678,Down,"[""0"", ""1""]",,,,-0.495,0.01,resolved,0x4edb81629c01f00929e87c048006ca9e2fce2cd587ade3720befdfa84f84f8de,https://data.chain.link/streams/zec-usd-twap-60s-streams,1099.0449555842335,2026-09-11 09:40:54+00
bnb-updown-5m-1789119600,BNB,"BNB Up or Down - September 11, 5:40AM-5:45AM ET",2026-09-11T09:45:00Z,2026-09-11T09:40:00Z,711.53908429836,Up,"[""1"", ""0""]",0.98,,,0.48,0.01,resolved,0xc9f9c675acddbd2a9c87202c2ba67ca1c426ad3d2661923e1959c7271de6af33,https://data.chain.link/streams/bnb-usd-twap-60s-streams,711.5644647368922,2026-09-11 09:45:52+00
btc-updown-5m-1789119600,BTC,"Bitcoin Up or Down - September 11, 5:40AM-5:45AM ET",2026-09-11T09:45:00Z,2026-09-11T09:40:00Z,76932.7933262054,Down,"[""0"", ""1""]",0.01,91697.92802399995,,0.28,0.01,resolved,0x888e1558aa4299f606ac703ac145fb2ca279f4cd67425ad87b4a33c27de1eaa0,https://data.chain.link/streams/btc-usd-twap-60s-streams,76932.33094470674,2026-09-11 09:45:52+00
doge-updown-5m-1789119600,DOGE,"Dogecoin Up or Down - September 11, 5:40AM-5:45AM ET",2026-09-11T09:45:00Z,2026-09-11T09:40:00Z,0.08356715448365341,Down,"[""0"", ""1""]",0.04,,,-0.4995,0.001,resolved,0x8773dad08cff4396f9131f285e3d1904c27d721daa589c3067c7bd98ba7a0b86,https://data.chain.link/streams/doge-usd-twap-60s-streams,0.08343568513617915,2026-09-11 09:45:54+00
eth-updown-5m-1789119600,ETH,"Ethereum Up or Down - September 11, 5:40AM-5:45AM ET",2026-09-11T09:45:00Z,2026-09-11T09:40:00Z,2464.6780203519966,Up,"[""1"", ""0""]",0.99,,,0.49,0.01,resolved,0xba4a6979ae16efb8b69fcd44a91c30ffa43e3a69332922918409e048e953a70c,https://data.chain.link/streams/eth-usd-twap-60s-streams,2464.935436704401,2026-09-11 09:45:52+00
hype-updown-5m-1789119600,HYPE,"Hyperliquid Up or Down - September 11, 5:40AM-5:45AM ET",2026-09-11T09:45:00Z,2026-09-11T09:40:00Z,79.39881283822997,Down,"[""0"", ""1""]",0.24,,,-0.5,0.01,resolved,0x401e3050616faae87b654acc87ea3fb61334d624eede57e1a4f4a4c6e1362b77,https://data.chain.link/streams/hype-usd-twap-60s-streams,79.26162512927291,2026-09-11 09:45:54+00
sol-updown-5m-1789119600,SOL,"Solana Up or Down - September 11, 5:40AM-5:45AM ET",2026-09-11T09:45:00Z,2026-09-11T09:40:00Z,99.16771252209223,Down,"[""0"", ""1""]",0.03,,,-0.5,0.01,resolved,0x2152bd7e3749a17eb613c2c06b47b706d567039725ceea2f4e7c10180d4c1731,https://data.chain.link/streams/sol-usd-twap-60s-streams,99.11240099856666,2026-09-11 09:45:52+00
xrp-updown-5m-1789119600,XRP,"XRP Up or Down - September 11, 5:40AM-5:45AM ET",2026-09-11T09:45:00Z,2026-09-11T09:40:00Z,1.3418909255337368,Down,"[""0"", ""1""]",0.01,,,-0.5045,0.001,resolved,0x1e040e5fbb491116c3bd75bbd4f7472af97279cf8c48acbb07e5cffa188b9c67,https://data.chain.link/streams/xrp-usd-twap-60s-streams,1.3388006547355689,2026-09-11 09:45:52+00
zec-updown-5m-1789119600,ZEC,"ZCash Up or Down - September 11, 5:40AM-5:45AM ET",2026-09-11T09:45:00Z,2026-09-11T09:40:00Z,1099.0449555842335,Down,"[""0"", ""1""]",,,,-0.495,0.01,resolved,0x48435c9fe2eb5526668104ac1e32182b43942ab75daac4ca5126f3c9d81e31b6,https://data.chain.link/streams/zec-usd-twap-60s-streams,1094.7991413217712,2026-09-11 09:45:52+00
bnb-updown-5m-1789119900,BNB,"BNB Up or Down - September 11, 5:45AM-5:50AM ET",2026-09-11T09:50:00Z,2026-09-11T09:45:00Z,711.5644647368922,Up,"[""1"", ""0""]",0.99,96.37001699999999,,0.4945,0.001,resolved,0x48194f903766b6752dfec8bf052d35f1829cfcd2911cb49f098fd9c3f620da27,https://data.chain.link/streams/bnb-usd-twap-60s-streams,712.3561269063266,2026-09-11 09:50:52+00
btc-updown-5m-1789119900,BTC,"Bitcoin Up or Down - September 11, 5:45AM-5:50AM ET",2026-09-11T09:50:00Z,2026-09-11T09:45:00Z,76932.33094470674,Up,"[""1"", ""0""]",0.999,33889.22233699999,,0.4945,0.001,resolved,0xf1a0c4d2a2857058f2406efcf93995a1fdf822742706cc5dc47da6413fcd4868,https://data.chain.link/streams/btc-usd-twap-60s-streams,76993.26117522382,2026-09-11 09:50:52+00
doge-updown-5m-1789119900,DOGE,"Dogecoin Up or Down - September 11, 5:45AM-5:50AM ET",2026-09-11T09:50:00Z,2026-09-11T09:45:00Z,0.08343568513617915,Up,"[""1"", ""0""]",0.99,157.796237,,0.4995,0.001,resolved,0x7e46ea9bb5810d51c5f32080b9d8b07e4a5263aa0ebf35d4faeb7e2c77873002,https://data.chain.link/streams/doge-usd-twap-60s-streams,0.08354710345527956,2026-09-11 09:50:52+00
eth-updown-5m-1789119900,ETH,"Ethereum Up or Down - September 11, 5:45AM-5:50AM ET",2026-09-11T09:50:00Z,2026-09-11T09:45:00Z,2464.935436704401,Up,"[""1"", ""0""]",0.99,1683.9632699999997,,0.4995,0.001,resolved,0x2665d0ec69493bdd0b42c0ab01d1e3be7ae4a66ba1fe37ddfdd8173f16b09184,https://data.chain.link/streams/eth-usd-twap-60s-streams,2466.614154242022,2026-09-11 09:50:52+00
hype-updown-5m-1789119900,HYPE,"Hyperliquid Up or Down - September 11, 5:45AM-5:50AM ET",2026-09-11T09:50:00Z,2026-09-11T09:45:00Z,79.26162512927291,Up,"[""1"", ""0""]",0.98,50.301561,,0.4945,0.001,resolved,0xbd18ce4b4192a965e7ad7984aa53bd828791fa55af595985ba9a4c994a779eb9,https://data.chain.link/streams/hype-usd-twap-60s-streams,79.3729436004603,2026-09-11 09:50:52+00
sol-updown-5m-1789119900,SOL,"Solana Up or Down - September 11, 5:45AM-5:50AM ET",2026-09-11T09:50:00Z,2026-09-11T09:45:00Z,99.11240099856666,Up,"[""1"", ""0""]",0.99,1687.2740569999999,,0.4995,0.001,resolved,0x751fcb5613fec7c663b69d05e7b51dd3a92862111aa9c9813c45aefb8b44b3ed,https://data.chain.link/streams/sol-usd-twap-60s-streams,99.24191168975125,2026-09-11 09:50:52+00
xrp-updown-5m-1789119900,XRP,"XRP Up or Down - September 11, 5:45AM-5:50AM ET",2026-09-11T09:50:00Z,2026-09-11T09:45:00Z,1.3388006547355689,Up,"[""1"", ""0""]",0.99,682.3673219999998,,0.4945,0.001,resolved,0x293da58f2af0d7fcbbd32c62400fe75d3647b8ecfc6a711fa6ee637543992662,https://data.chain.link/streams/xrp-usd-twap-60s-streams,1.340161355429065,2026-09-11 09:50:54+00
zec-updown-5m-1789119900,ZEC,"ZCash Up or Down - September 11, 5:45AM-5:50AM ET",2026-09-11T09:50:00Z,2026-09-11T09:45:00Z,1094.7991413217712,Up,"[""1"", ""0""]",,,,0.495,0.01,resolved,0xa5885a710acb4eb409cf52f6ca853eed97dfc6d3122ae8185a22c4bd2301b565,https://data.chain.link/streams/zec-usd-twap-60s-streams,1098.065342444362,2026-09-11 09:50:52+00
bnb-updown-5m-1789120200,BNB,"BNB Up or Down - September 11, 5:50AM-5:55AM ET",2026-09-11T09:55:00Z,2026-09-11T09:50:00Z,712.3561269063266,Up,"[""1"", ""0""]",0.99,,,0.4945,0.001,resolved,0x9e506c188ef9df3b0e3f188422d7382ff4caaf36903eb7ddb21904e094b1ed6a,https://data.chain.link/streams/bnb-usd-twap-60s-streams,712.9035712129258,2026-09-11 09:55:54+00
btc-updown-5m-1789120200,BTC,"Bitcoin Up or Down - September 11, 5:50AM-5:55AM ET",2026-09-11T09:55:00Z,2026-09-11T09:50:00Z,76993.26117522382,Up,"[""1"", ""0""]",0.999,49497.58018700003,,0.49,0.01,resolved,0xdec44e518033f2bdc1167be386595fbbe0cbee2b1240bc95ea07b35b7c85fbce,https://data.chain.link/streams/btc-usd-twap-60s-streams,77006.48654186317,2026-09-11 09:55:54+00
doge-updown-5m-1789120200,DOGE,"Dogecoin Up or Down - September 11, 5:50AM-5:55AM ET",2026-09-11T09:55:00Z,2026-09-11T09:50:00Z,0.08354710345527956,Up,"[""1"", ""0""]",0.99,,,0.495,0.01,resolved,0xa723e6d9f075de8fab76a922b9bd7fbcfe49fc007b7e6ffb894571080a36e454,https://data.chain.link/streams/doge-usd-twap-60s-streams,0.08367382965714264,2026-09-11 09:55:54+00
eth-updown-5m-1789120200,ETH,"Ethereum Up or Down - September 11, 5:50AM-5:55AM ET",2026-09-11T09:55:00Z,2026-09-11T09:50:00Z,2466.614154242022,Up,"[""1"", ""0""]",0.999,2323.9534380000005,,0.49,0.01,resolved,0xe25d0e46eef4d4c58b978deb95e27d5322ba6679743719b7940c2524231fefb9,https://data.chain.link/streams/eth-usd-twap-60s-streams,2468.8218948641347,2026-09-11 09:55:54+00
hype-updown-5m-1789120200,HYPE,"Hyperliquid Up or Down - September 11, 5:50AM-5:55AM ET",2026-09-11T09:55:00Z,2026-09-11T09:50:00Z,79.3729436004603,Up,"[""1"", ""0""]",0.98,,,0.49,0.01,resolved,0x0e9fd4c769b3be20eaea9e172e6f37c1040f2c0a2c15958409a655a0211bdb24,https://data.chain.link/streams/hype-usd-twap-60s-streams,79.54240102557661,2026-09-11 09:55:54+00
sol-updown-5m-1789120200,SOL,"Solana Up or Down - September 11, 5:50AM-5:55AM ET",2026-09-11T09:55:00Z,2026-09-11T09:50:00Z,99.24191168975125,Up,"[""1"", ""0""]",0.99,1150.1395840000002,,0.49,0.01,resolved,0x843c0d2d18b1e9de004ca27c171e2d705ddc976a719a4d3981243d2956959bbb,https://data.chain.link/streams/sol-usd-twap-60s-streams,99.36596227939108,2026-09-11 09:55:54+00
xrp-updown-5m-1789120200,XRP,"XRP Up or Down - September 11, 5:50AM-5:55AM ET",2026-09-11T09:55:00Z,2026-09-11T09:50:00Z,1.340161355429065,Up,"[""1"", ""0""]",0.99,525.11786,,0.49,0.01,resolved,0x7bd22ffc96ef2ceda518599211033e721c35351221782170414bfcca827fc20f,https://data.chain.link/streams/xrp-usd-twap-60s-streams,1.3417592874343132,2026-09-11 09:55:54+00
zec-updown-5m-1789120200,ZEC,"ZCash Up or Down - September 11, 5:50AM-5:55AM ET",2026-09-11T09:55:00Z,2026-09-11T09:50:00Z,1098.065342444362,Up,"[""1"", ""0""]",,,,0.495,0.01,resolved,0x79ded33c28d5892107c72d28af4c15b499a2b8956a57011a20b288604391cff0,https://data.chain.link/streams/zec-usd-twap-60s-streams,1104.550272701923,2026-09-11 09:55:54+00
bnb-updown-5m-1789120500,BNB,"BNB Up or Down - September 11, 5:55AM-6:00AM ET",2026-09-11T10:00:00Z,2026-09-11T09:55:00Z,712.9035712129258,Down,"[""0"", ""1""]",0.2,,,-0.5,0.01,resolved,0x5e8543b2df3869c10eb6a0c6ff1bee8facf52495734877a266ab6670eaf15af8,https://data.chain.link/streams/bnb-usd-twap-60s-streams,712.7336595515711,2026-09-11 10:00:52+00
btc-updown-5m-1789120500,BTC,"Bitcoin Up or Down - September 11, 5:55AM-6:00AM ET",2026-09-11T10:00:00Z,2026-09-11T09:55:00Z,77006.48654186317,Up,"[""1"", ""0""]",0.999,,,0.4945,0.001,resolved,0x2d695ba79e8684bec9097059b371e627b88473cf7617dd7db9b9f83d55e8bac9,https://data.chain.link/streams/btc-usd-twap-60s-streams,77027.8115921245,2026-09-11 10:00:52+00
doge-updown-5m-1789120500,DOGE,"Dogecoin Up or Down - September 11, 5:55AM-6:00AM ET",2026-09-11T10:00:00Z,2026-09-11T09:55:00Z,0.08367382965714264,Up,"[""1"", ""0""]",0.99,,,0.495,0.01,resolved,0x759a36c5525aeff55b31957377a7fec77b42a96bc8f2d79500dce1dc1364a852,https://data.chain.link/streams/doge-usd-twap-60s-streams,0.08367711125832496,2026-09-11 10:00:52+00
eth-updown-5m-1789120500,ETH,"Ethereum Up or Down - September 11, 5:55AM-6:00AM ET",2026-09-11T10:00:00Z,2026-09-11T09:55:00Z,2468.8218948641347,Up,"[""1"", ""0""]",0.99,,,0.49,0.01,resolved,0xd7c3ce16bfeeec6d0598d7bb3cb553e5c5e7e4b5719b70af187dc752552933a4,https://data.chain.link/streams/eth-usd-twap-60s-streams,2469.174566060679,2026-09-11 10:00:52+00
hype-updown-5m-1789120500,HYPE,"Hyperliquid Up or Down - September 11, 5:55AM-6:00AM ET",2026-09-11T10:00:00Z,2026-09-11T09:55:00Z,79.54240102557661,Down,"[""0"", ""1""]",0.24,,,-0.5,0.01,resolved,0xc1a02112df107a32bc09700087b2eef23c836b172a318a0b10436a735362eb44,https://data.chain.link/streams/hype-usd-twap-60s-streams,79.49355928557532,2026-09-11 10:00:54+00
sol-updown-5m-1789120500,SOL,"Solana Up or Down - September 11, 5:55AM-6:00AM ET",2026-09-11T10:00:00Z,2026-09-11T09:55:00Z,99.36596227939108,Up,"[""1"", ""0""]",0.99,,,0.49,0.01,resolved,0x6d51a768efbee2efcaaaf1c7b7be380c221b8e39a321f3d7df8c416b24d67543,https://data.chain.link/streams/sol-usd-twap-60s-streams,99.40158233543472,2026-09-11 10:00:54+00
xrp-updown-5m-1789120500,XRP,"XRP Up or Down - September 11, 5:55AM-6:00AM ET",2026-09-11T10:00:00Z,2026-09-11T09:55:00Z,1.3417592874343132,Down,"[""0"", ""1""]",0.47,,,-0.5,0.01,resolved,0xa308b4374a3e7bcd048e3975e5556c6fb87bf9a10514df763af0f4f8b85c41e9,https://data.chain.link/streams/xrp-usd-twap-60s-streams,1.3414073744988537,2026-09-11 10:00:52+00
zec-updown-5m-1789120500,ZEC,"ZCash Up or Down - September 11, 5:55AM-6:00AM ET",2026-09-11T10:00:00Z,2026-09-11T09:55:00Z,1104.550272701923,Down,"[""0"", ""1""]",,,,-0.495,0.01,resolved,0x232501e6dc9bd52d9ef8a6054f147f714f0323ef37b1e65dbaf14dc98c6743cc,https://data.chain.link/streams/zec-usd-twap-60s-streams,1104.091186342973,2026-09-11 10:00:52+00
bnb-updown-5m-1789120800,BNB,"BNB Up or Down - September 11, 6:00AM-6:05AM ET",2026-09-11T10:05:00Z,2026-09-11T10:00:00Z,712.7336595515711,Up,"[""1"", ""0""]",0.99,415.1402,,0.4945,0.001,resolved,0x97beebf8b77f846f58748731719ee22bf0e4b3c9e71e7e2879cb67dc08946162,https://data.chain.link/streams/bnb-usd-twap-60s-streams,713.7837762835105,2026-09-11 10:06:25+00
btc-updown-5m-1789120800,BTC,"Bitcoin Up or Down - September 11, 6:00AM-6:05AM ET",2026-09-11T10:05:00Z,2026-09-11T10:00:00Z,77027.8115921245,Up,"[""1"", ""0""]",0.999,58041.41326500002,,0.4945,0.001,resolved,0x5a93dfaf700b746e4ed44d2ddac4cb88c554512228fd69441536a4490891f794,https://data.chain.link/streams/btc-usd-twap-60s-streams,77103.9496977532,2026-09-11 10:06:27+00
doge-updown-5m-1789120800,DOGE,"Dogecoin Up or Down - September 11, 6:00AM-6:05AM ET",2026-09-11T10:05:00Z,2026-09-11T10:00:00Z,0.08367711125832496,Up,"[""1"", ""0""]",0.99,414.99219700000003,,0.4995,0.001,resolved,0x77fb42764e1be9a33c861c416d9bfd583d1ceedfc962bc809ddfc7072dc8e4e2,https://data.chain.link/streams/doge-usd-twap-60s-streams,0.08378563510827323,2026-09-11 10:06:25+00
eth-updown-5m-1789120800,ETH,"Ethereum Up or Down - September 11, 6:00AM-6:05AM ET",2026-09-11T10:05:00Z,2026-09-11T10:00:00Z,2469.174566060679,Up,"[""1"", ""0""]",0.999,4890.571488999999,,0.4945,0.001,resolved,0x9011e9ed228622aa81fbba091a72311f7bd88dec02a7bbb95f570c2015d8b23c,https://data.chain.link/streams/eth-usd-twap-60s-streams,2472.709892640311,2026-09-11 10:06:27+00
hype-updown-5m-1789120800,HYPE,"Hyperliquid Up or Down - September 11, 6:00AM-6:05AM ET",2026-09-11T10:05:00Z,2026-09-11T10:00:00Z,79.49355928557532,Up,"[""1"", ""0""]",0.98,64.967883,,0.4945,0.001,resolved,0xc31ab50d3b6b88962d4161917b4f14737d70449c76179aa57af38bf4524d345c,https://data.chain.link/streams/hype-usd-twap-60s-streams,79.60455506280297,2026-09-11 10:06:27+00
sol-updown-5m-1789120800,SOL,"Solana Up or Down - September 11, 6:00AM-6:05AM ET",2026-09-11T10:05:00Z,2026-09-11T10:00:00Z,99.40158233543472,Up,"[""1"", ""0""]",0.99,2580.334763,,0.4945,0.001,resolved,0xffba2872a933b7abbe4eb63f6e671fd22d3bafc3cd1335c40121828fef0d1682,https://data.chain.link/streams/sol-usd-twap-60s-streams,99.56501952488094,2026-09-11 10:06:25+00
xrp-updown-5m-1789120800,XRP,"XRP Up or Down - September 11, 6:00AM-6:05AM ET",2026-09-11T10:05:00Z,2026-09-11T10:00:00Z,1.3414073744988537,Up,"[""1"", ""0""]",0.99,951.0048119999999,,0.5045,0.001,resolved,0x3d019beb62e57d67ea7b242cf8fe2ea17730d0776ffb4e96ba4002714bdcef8e,https://data.chain.link/streams/xrp-usd-twap-60s-streams,1.3430072193710052,2026-09-11 10:06:25+00
zec-updown-5m-1789120800,ZEC,"ZCash Up or Down - September 11, 6:00AM-6:05AM ET",2026-09-11T10:05:00Z,2026-09-11T10:00:00Z,1104.091186342973,Up,"[""1"", ""0""]",,,,0.495,0.01,resolved,0x4a8e52f8a3011193d235b0dfdd47f865e239534149e70e3971193c31c2b88aff,https://data.chain.link/streams/zec-usd-twap-60s-streams,1106.9757406344725,2026-09-11 10:06:27+00
bnb-updown-5m-1789121100,BNB,"BNB Up or Down - September 11, 6:05AM-6:10AM ET",2026-09-11T10:10:00Z,2026-09-11T10:05:00Z,713.7837762835105,Up,"[""1"", ""0""]",0.99,203.66448599999998,,0.4945,0.001,resolved,0xec8f8f8b3f3b220912d54acca7b33dc004cc3e2df8f1a5034cf903d7e52e1f6e,https://data.chain.link/streams/bnb-usd-twap-60s-streams,714.3839507417545,2026-09-11 10:10:54+00
btc-updown-5m-1789121100,BTC,"Bitcoin Up or Down - September 11, 6:05AM-6:10AM ET",2026-09-11T10:10:00Z,2026-09-11T10:05:00Z,77103.9496977532,Down,"[""0"", ""1""]",0.01,57250.820428000006,188.745097,-0.5,0.01,resolved,0xb2475923a88c1fcaa4192d8e36c83e414228b3d43cdd36b935720d8d5d4d775f,https://data.chain.link/streams/btc-usd-twap-60s-streams,77087.30617719825,2026-09-11 10:10:54+00
doge-updown-5m-1789121100,DOGE,"Dogecoin Up or Down - September 11, 6:05AM-6:10AM ET",2026-09-11T10:10:00Z,2026-09-11T10:05:00Z,0.08378563510827323,Up,"[""1"", ""0""]",0.99,2591.563325,,0.495,0.01,resolved,0x3d663f1dd32e0596b9f9772eec4b13b41aec076744037fa8e232c7ce817dcf0f,https://data.chain.link/streams/doge-usd-twap-60s-streams,0.08379830052662185,2026-09-11 10:10:54+00
eth-updown-5m-1789121100,ETH,"Ethereum Up or Down - September 11, 6:05AM-6:10AM ET",2026-09-11T10:10:00Z,2026-09-11T10:05:00Z,2472.709892640311,Down,"[""0"", ""1""]",0.01,2144.0797649999995,,-0.5045,0.001,resolved,0xa0ccccee23f7e9f1dc39415cddf985e942df8b5d212ab6697bcd3051d205ae96,https://data.chain.link/streams/eth-usd-twap-60s-streams,2470.3636948095395,2026-09-11 10:10:54+00
hype-updown-5m-1789121100,HYPE,"Hyperliquid Up or Down - September 11, 6:05AM-6:10AM ET",2026-09-11T10:10:00Z,2026-09-11T10:05:00Z,79.60455506280297,Down,"[""0"", ""1""]",0.13,,,-0.5,0.01,resolved,0x67b782cf75148c0595e1307ef8aa222af1f1767573be22dd9911ebc6f0f7f154,https://data.chain.link/streams/hype-usd-twap-60s-streams,79.5533632319096,2026-09-11 10:10:54+00
sol-updown-5m-1789121100,SOL,"Solana Up or Down - September 11, 6:05AM-6:10AM ET",2026-09-11T10:10:00Z,2026-09-11T10:05:00Z,99.56501952488094,Up,"[""1"", ""0""]",0.99,3253.7380969999995,,0.4945,0.001,resolved,0xde5c3853b3495c4c84b2d6edafb366e556cc4068da9851d9f03710d488c0dd61,https://data.chain.link/streams/sol-usd-twap-60s-streams,99.62146307900038,2026-09-11 10:10:54+00
xrp-updown-5m-1789121100,XRP,"XRP Up or Down - September 11, 6:05AM-6:10AM ET",2026-09-11T10:10:00Z,2026-09-11T10:05:00Z,1.3430072193710052,Down,"[""0"", ""1""]",0.06,871.8354689999999,,-0.5,0.01,resolved,0x09a84e3527ae0bf49d3102764a930f00db3eba505d2674ca672e6a8a7e8fa746,https://data.chain.link/streams/xrp-usd-twap-60s-streams,1.3424112233566088,2026-09-11 10:10:54+00
zec-updown-5m-1789121100,ZEC,"ZCash Up or Down - September 11, 6:05AM-6:10AM ET",2026-09-11T10:10:00Z,2026-09-11T10:05:00Z,1106.9757406344725,Up,"[""1"", ""0""]",,,,0.495,0.01,resolved,0xdf3035d6fa67a8e79d3b7cc040d656b031273b1f52ceb6ae08f0eea914f0473f,https://data.chain.link/streams/zec-usd-twap-60s-streams,1107.5244681470747,2026-09-11 10:10:54+00
bnb-updown-5m-1789121400,BNB,"BNB Up or Down - September 11, 6:10AM-6:15AM ET",2026-09-11T10:15:00Z,2026-09-11T10:10:00Z,714.3839507417545,Down,"[""0"", ""1""]",0.32,,,-0.5,0.01,resolved,0xad01d3f1050a54542f02dd4d266db2a1a7b519883736e02023b2739237f6e658,https://data.chain.link/streams/bnb-usd-twap-60s-streams,713.8917367835317,2026-09-11 10:15:54+00
btc-updown-5m-1789121400,BTC,"Bitcoin Up or Down - September 11, 6:10AM-6:15AM ET",2026-09-11T10:15:00Z,2026-09-11T10:10:00Z,77087.30617719825,Down,"[""0"", ""1""]",0.01,38315.21757700001,,-0.5,0.01,resolved,0x9903b62003f572fdc953554590adaa564cfe5dc3f852f40d4269f32c67a7265a,https://data.chain.link/streams/btc-usd-twap-60s-streams,77033.79898332743,2026-09-11 10:15:52+00
doge-updown-5m-1789121400,DOGE,"Dogecoin Up or Down - September 11, 6:10AM-6:15AM ET",2026-09-11T10:15:00Z,2026-09-11T10:10:00Z,0.08379830052662185,Down,"[""0"", ""1""]",0.01,,,-0.495,0.01,resolved,0xd9f14ac7b4bcaca4360d1320a7a92807ee8ef711c6d45e5ebf3f5b0042d33953,https://data.chain.link/streams/doge-usd-twap-60s-streams,0.08367822542646687,2026-09-11 10:15:54+00
eth-updown-5m-1789121400,ETH,"Ethereum Up or Down - September 11, 6:10AM-6:15AM ET",2026-09-11T10:15:00Z,2026-09-11T10:10:00Z,2470.3636948095395,Down,"[""0"", ""1""]",0.001,4410.447541,,-0.5045,0.001,resolved,0xcd39f169cc21af65e30bb021aa215585a4399476de685735bbb01eec9249ff1c,https://data.chain.link/streams/eth-usd-twap-60s-streams,2466.137159804479,2026-09-11 10:15:54+00
hype-updown-5m-1789121400,HYPE,"Hyperliquid Up or Down - September 11, 6:10AM-6:15AM ET",2026-09-11T10:15:00Z,2026-09-11T10:10:00Z,79.5533632319096,Down,"[""0"", ""1""]",0.29,,,-0.5,0.01,resolved,0x3c111c5bd54b256ec4900dad61669e8ffd6309807ee5c9ea0156d3fad7074d29,https://data.chain.link/streams/hype-usd-twap-60s-streams,79.40778054049947,2026-09-11 10:15:52+00
sol-updown-5m-1789121400,SOL,"Solana Up or Down - September 11, 6:10AM-6:15AM ET",2026-09-11T10:15:00Z,2026-09-11T10:10:00Z,99.62146307900038,Down,"[""0"", ""1""]",0.009,,,-0.5045,0.001,resolved,0xa460d3b5c720146aaeac476c728e24940847bcc18d675f17fe6aaa5421556225,https://data.chain.link/streams/sol-usd-twap-60s-streams,99.44990160465117,2026-09-11 10:15:54+00
xrp-updown-5m-1789121400,XRP,"XRP Up or Down - September 11, 6:10AM-6:15AM ET",2026-09-11T10:15:00Z,2026-09-11T10:10:00Z,1.3424112233566088,Down,"[""0"", ""1""]",0.01,,,-0.5,0.01,resolved,0x025fd6c437d26f7b0d70c1d7f5102309ea2542430ed46bbfd2445f27fa03540f,https://data.chain.link/streams/xrp-usd-twap-60s-streams,1.340862923517865,2026-09-11 10:15:54+00
zec-updown-5m-1789121400,ZEC,"ZCash Up or Down - September 11, 6:10AM-6:15AM ET",2026-09-11T10:15:00Z,2026-09-11T10:10:00Z,1107.5244681470747,Down,"[""0"", ""1""]",,,,-0.01,0.98,resolved,0x7f3c4b818d527aa0b82c238924126adfc4c027bbc82238884ba32737f1d862db,https://data.chain.link/streams/zec-usd-twap-60s-streams,1105.4031291154308,2026-09-11 10:15:54+00
bnb-updown-5m-1789121700,BNB,"BNB Up or Down - September 11, 6:15AM-6:20AM ET",2026-09-11T10:20:00Z,2026-09-11T10:15:00Z,713.8917367835317,Up,"[""1"", ""0""]",0.99,168.85046599999998,,0.49,0.01,resolved,0x1c6c33f7dc0905ed3f639b1d0987d53bd3cd61bf65a090a5dda47b4a6e836870,https://data.chain.link/streams/bnb-usd-twap-60s-streams,714.0331091721441,2026-09-11 10:20:54+00
btc-updown-5m-1789121700,BTC,"Bitcoin Up or Down - September 11, 6:15AM-6:20AM ET",2026-09-11T10:20:00Z,2026-09-11T10:15:00Z,77033.79898332743,Up,"[""1"", ""0""]",0.99,25057.759387000002,,0.4945,0.001,resolved,0x9fbf5b556bf71a4e951f5afed736d7d5036adb919e6542d01c16f756e8a236fb,https://data.chain.link/streams/btc-usd-twap-60s-streams,77101.94839518631,2026-09-11 10:20:52+00
doge-updown-5m-1789121700,DOGE,"Dogecoin Up or Down - September 11, 6:15AM-6:20AM ET",2026-09-11T10:20:00Z,2026-09-11T10:15:00Z,0.08367822542646687,Up,"[""1"", ""0""]",0.99,197.03966499999999,,0.4995,0.001,resolved,0xcdee16d22b87aab01a5755d31fdcbfd73cdb4dbc973598bb76f53ea25e26a370,https://data.chain.link/streams/doge-usd-twap-60s-streams,0.08380393402765492,2026-09-11 10:20:52+00
eth-updown-5m-1789121700,ETH,"Ethereum Up or Down - September 11, 6:15AM-6:20AM ET",2026-09-11T10:20:00Z,2026-09-11T10:15:00Z,2466.137159804479,Up,"[""1"", ""0""]",0.99,2325.747123,,0.4945,0.001,resolved,0x1244c1d34e9d0d8e54107526f486e9087281675b5f9df822fb14cf25207820fd,https://data.chain.link/streams/eth-usd-twap-60s-streams,2467.92936793206,2026-09-11 10:20:52+00
hype-updown-5m-1789121700,HYPE,"Hyperliquid Up or Down - September 11, 6:15AM-6:20AM ET",2026-09-11T10:20:00Z,2026-09-11T10:15:00Z,79.40778054049947,Up,"[""1"", ""0""]",0.98,61.737285,,0.4945,0.001,resolved,0xc9fc4cf3f75e8b4228d3b2943a6236a59f2193ea1823c4c711767221c6e28702,https://data.chain.link/streams/hype-usd-twap-60s-streams,79.54727693631773,2026-09-11 10:20:52+00
sol-updown-5m-1789121700,SOL,"Solana Up or Down - September 11, 6:15AM-6:20AM ET",2026-09-11T10:20:00Z,2026-09-11T10:15:00Z,99.44990160465117,Up,"[""1"", ""0""]",0.99,772.3807459999998,,0.4945,0.001,resolved,0xffffb61363b5d2a06e66ca3b0ccfffbda0d6c5ecea95dc97b5cd73f18953adcf,https://data.chain.link/streams/sol-usd-twap-60s-streams,99.64012093878557,2026-09-11 10:20:52+00
xrp-updown-5m-1789121700,XRP,"XRP Up or Down - September 11, 6:15AM-6:20AM ET",2026-09-11T10:20:00Z,2026-09-11T10:15:00Z,1.340862923517865,Up,"[""1"", ""0""]",0.99,597.11375,,0.4945,0.001,resolved,0x611ae39ad0233fe5dcaa996099d5bf2131418f2db2d4a629c0cba5273bcb81d9,https://data.chain.link/streams/xrp-usd-twap-60s-streams,1.3425274704350527,2026-09-11 10:20:52+00
zec-updown-5m-1789121700,ZEC,"ZCash Up or Down - September 11, 6:15AM-6:20AM ET",2026-09-11T10:20:00Z,2026-09-11T10:15:00Z,1105.4031291154308,Up,"[""1"", ""0""]",,,,0.495,0.01,resolved,0x398734105153cee074ce37ca797ff193b393708e744c70319c02ebf74eeb8bb0,https://data.chain.link/streams/zec-usd-twap-60s-streams,1111.9393665858095,2026-09-11 10:20:52+00
bnb-updown-5m-1789122000,BNB,"BNB Up or Down - September 11, 6:20AM-6:25AM ET",2026-09-11T10:25:00Z,2026-09-11T10:20:00Z,714.0331091721441,Down,"[""0"", ""1""]",0.06,187.191329,,-0.5,0.01,resolved,0xdb7eae54d73b6e81fde52493791236ec1bc241f99b2094eaa9b1f28d0ac76d50,https://data.chain.link/streams/bnb-usd-twap-60s-streams,713.5977382176293,2026-09-11 10:25:54+00
btc-updown-5m-1789122000,BTC,"Bitcoin Up or Down - September 11, 6:20AM-6:25AM ET",2026-09-11T10:25:00Z,2026-09-11T10:20:00Z,77101.94839518631,Down,"[""0"", ""1""]",0.001,42174.97150099999,,-0.5,0.01,resolved,0x695f73a7b5aff83911db399a0ca511391f501084b7462728b0209ecb6c52d7cd,https://data.chain.link/streams/btc-usd-twap-60s-streams,77067.0292664823,2026-09-11 10:25:54+00
doge-updown-5m-1789122000,DOGE,"Dogecoin Up or Down - September 11, 6:20AM-6:25AM ET",2026-09-11T10:25:00Z,2026-09-11T10:20:00Z,0.08380393402765492,Down,"[""0"", ""1""]",0.24,,,-0.495,0.01,resolved,0x149b6cf2903aaeac4e65b10a3e095b84a59a5f81a08a7f09c090670bf4f60ce6,https://data.chain.link/streams/doge-usd-twap-60s-streams,0.08365043324737638,2026-09-11 10:25:54+00
eth-updown-5m-1789122000,ETH,"Ethereum Up or Down - September 11, 6:20AM-6:25AM ET",2026-09-11T10:25:00Z,2026-09-11T10:20:00Z,2467.92936793206,Down,"[""0"", ""1""]",0.01,2287.262276,,-0.5,0.01,resolved,0x28d9b738b25580327b1c5b8562e6e34fe2dc6b54d916592e080f26d52a21e1ae,https://data.chain.link/streams/eth-usd-twap-60s-streams,2465.7929763601587,2026-09-11 10:25:54+00
hype-updown-5m-1789122000,HYPE,"Hyperliquid Up or Down - September 11, 6:20AM-6:25AM ET",2026-09-11T10:25:00Z,2026-09-11T10:20:00Z,79.54727693631773,Down,"[""0"", ""1""]",0.16,,,-0.5045,0.001,resolved,0xf2d916cb31cabc45b10e7ec71df5d37ecb021765cc6f13e6075f5ed4edc2e208,https://data.chain.link/streams/hype-usd-twap-60s-streams,79.34537998552703,2026-09-11 10:25:54+00
sol-updown-5m-1789122000,SOL,"Solana Up or Down - September 11, 6:20AM-6:25AM ET",2026-09-11T10:25:00Z,2026-09-11T10:20:00Z,99.64012093878557,Down,"[""0"", ""1""]",0.06,1941.8989910000003,,-0.5,0.01,resolved,0xa4f019310a6e1e9f3d0827e5117efa1cfc746ecb7947313410e07b08640dedc9,https://data.chain.link/streams/sol-usd-twap-60s-streams,99.47866779811936,2026-09-11 10:25:54+00
xrp-updown-5m-1789122000,XRP,"XRP Up or Down - September 11, 6:20AM-6:25AM ET",2026-09-11T10:25:00Z,2026-09-11T10:20:00Z,1.3425274704350527,Down,"[""0"", ""1""]",0.07,,,-0.5045,0.001,resolved,0x548c6e165cc9fe88d040fb8f0772959201729231128ddb7ae7f0bbaea5d26155,https://data.chain.link/streams/xrp-usd-twap-60s-streams,1.3400120631922476,2026-09-11 10:25:54+00
zec-updown-5m-1789122000,ZEC,"ZCash Up or Down - September 11, 6:20AM-6:25AM ET",2026-09-11T10:25:00Z,2026-09-11T10:20:00Z,1111.9393665858095,Down,"[""0"", ""1""]",,,,-0.01,0.98,resolved,0xcfc33e5653001df46f248f163c037196c3f84e47e238ec4a622d9084eb6e4ad3,https://data.chain.link/streams/zec-usd-twap-60s-streams,1107.139096492663,2026-09-11 10:25:54+00
bnb-updown-5m-1789122300,BNB,"BNB Up or Down - September 11, 6:25AM-6:30AM ET",2026-09-11T10:30:00Z,2026-09-11T10:25:00Z,713.5977382176293,Down,"[""0"", ""1""]",0.02,,,-0.5,0.01,resolved,0x5d8b03775bd06553cceabba631702355247fae9c02518344e411207ad1934565,https://data.chain.link/streams/bnb-usd-twap-60s-streams,713.5682201752403,2026-09-11 10:30:54+00
btc-updown-5m-1789122300,BTC,"Bitcoin Up or Down - September 11, 6:25AM-6:30AM ET",2026-09-11T10:30:00Z,2026-09-11T10:25:00Z,77067.0292664823,Down,"[""0"", ""1""]",0.01,30522.23080000002,,-0.5045,0.001,resolved,0x406995196716d36d2750e1680fa7bb324d8f4c471860ccc32393282824bea287,https://data.chain.link/streams/btc-usd-twap-60s-streams,77011.45709542152,2026-09-11 10:30:52+00
doge-updown-5m-1789122300,DOGE,"Dogecoin Up or Down - September 11, 6:25AM-6:30AM ET",2026-09-11T10:30:00Z,2026-09-11T10:25:00Z,0.08365043324737638,Down,"[""0"", ""1""]",0.41,,,-0.495,0.01,resolved,0x04e0f29041aecc8f16f08e88b791755f5a355160122549b9d7912f11af33c621,https://data.chain.link/streams/doge-usd-twap-60s-streams,0.083563324005932,2026-09-11 10:30:54+00
eth-updown-5m-1789122300,ETH,"Ethereum Up or Down - September 11, 6:25AM-6:30AM ET",2026-09-11T10:30:00Z,2026-09-11T10:25:00Z,2465.7929763601587,Down,"[""0"", ""1""]",0.01,,,-0.5045,0.001,resolved,0xa1619647c8ffee46b29f51a0447e572b0c7e9dbf0f294fcd0471541563c7c211,https://data.chain.link/streams/eth-usd-twap-60s-streams,2464.0500058150333,2026-09-11 10:30:52+00
hype-updown-5m-1789122300,HYPE,"Hyperliquid Up or Down - September 11, 6:25AM-6:30AM ET",2026-09-11T10:30:00Z,2026-09-11T10:25:00Z,79.34537998552703,Up,"[""1"", ""0""]",0.98,,,0.495,0.01,resolved,0xb248e5a60e8ea1109b151c68e9e743160af6bfadbf65a2d2985df64ffbcc98fd,https://data.chain.link/streams/hype-usd-twap-60s-streams,79.40756451671844,2026-09-11 10:30:52+00
sol-updown-5m-1789122300,SOL,"Solana Up or Down - September 11, 6:25AM-6:30AM ET",2026-09-11T10:30:00Z,2026-09-11T10:25:00Z,99.47866779811936,Down,"[""0"", ""1""]",0.05,,,-0.4995,0.001,resolved,0x30961486fb3e84016215bef219b35d181673136dcd0a44366843e9515216ecce,https://data.chain.link/streams/sol-usd-twap-60s-streams,99.3864372473028,2026-09-11 10:30:52+00
xrp-updown-5m-1789122300,XRP,"XRP Up or Down - September 11, 6:25AM-6:30AM ET",2026-09-11T10:30:00Z,2026-09-11T10:25:00Z,1.3400120631922476,Down,"[""0"", ""1""]",0.04,,,-0.4995,0.001,resolved,0xedb7657ba1ab4357970216a7295c8df59e39a125f8e647b6bbca7886f9e2dc08,https://data.chain.link/streams/xrp-usd-twap-60s-streams,1.3387787555399582,2026-09-11 10:30:52+00
zec-updown-5m-1789122300,ZEC,"ZCash Up or Down - September 11, 6:25AM-6:30AM ET",2026-09-11T10:30:00Z,2026-09-11T10:25:00Z,1107.139096492663,Down,"[""0"", ""1""]",,,,-0.495,0.01,resolved,0x053c74ab5294953a8f7bf8453789432c47df885244cf0ffdc6665adbd0dc542a,https://data.chain.link/streams/zec-usd-twap-60s-streams,1103.4179156702123,2026-09-11 10:30:52+00
bnb-updown-5m-1789122600,BNB,"BNB Up or Down - September 11, 6:30AM-6:35AM ET",2026-09-11T10:35:00Z,2026-09-11T10:30:00Z,713.5682201752403,Down,"[""0"", ""1""]",0.03,111.991157,,-0.4995,0.001,resolved,0x38bcc5fa0822f166e86fc8bf110e0a59e7ec22760c95006eaa2bc14f8b3dbab2,https://data.chain.link/streams/bnb-usd-twap-60s-streams,712.9672273886197,2026-09-11 10:36:27+00
btc-updown-5m-1789122600,BTC,"Bitcoin Up or Down - September 11, 6:30AM-6:35AM ET",2026-09-11T10:35:00Z,2026-09-11T10:30:00Z,77011.45709542152,Down,"[""0"", ""1""]",0.001,52890.268177000005,,-0.5045,0.001,resolved,0x9bfc92974887bf201a65bb5fca0ec3ae0943468f09693544e7d7284d2262dcec,https://data.chain.link/streams/btc-usd-twap-60s-streams,77002.36456633473,2026-09-11 10:36:27+00
doge-updown-5m-1789122600,DOGE,"Dogecoin Up or Down - September 11, 6:30AM-6:35AM ET",2026-09-11T10:35:00Z,2026-09-11T10:30:00Z,0.083563324005932,Down,"[""0"", ""1""]",0.35,158.934703,,-0.4995,0.001,resolved,0xb971f707340ef8434b277dfe497914cfacbb1cb9c9bcdbc624d381d814e730e3,https://data.chain.link/streams/doge-usd-twap-60s-streams,0.08353638498955061,2026-09-11 10:36:27+00
eth-updown-5m-1789122600,ETH,"Ethereum Up or Down - September 11, 6:30AM-6:35AM ET",2026-09-11T10:35:00Z,2026-09-11T10:30:00Z,2464.0500058150333,Down,"[""0"", ""1""]",0.02,3400.8533609999995,,-0.4995,0.001,resolved,0xa7a16ed5c863d5bb81db6f584b85384bea74a28a6cb9dfc957251fbf42000ce2,https://data.chain.link/streams/eth-usd-twap-60s-streams,2463.660295443802,2026-09-11 10:36:27+00
hype-updown-5m-1789122600,HYPE,"Hyperliquid Up or Down - September 11, 6:30AM-6:35AM ET",2026-09-11T10:35:00Z,2026-09-11T10:30:00Z,79.40756451671844,Down,"[""0"", ""1""]",0.56,81.4712,,-0.5045,0.001,resolved,0xb1dbb6cc04d5d2afadc76fb7cd38f7ca21542bf9e2922c2c67327eda77d91351,https://data.chain.link/streams/hype-usd-twap-60s-streams,79.3628213734835,2026-09-11 10:36:27+00
sol-updown-5m-1789122600,SOL,"Solana Up or Down - September 11, 6:30AM-6:35AM ET",2026-09-11T10:35:00Z,2026-09-11T10:30:00Z,99.3864372473028,Down,"[""0"", ""1""]",0.11,1887.5264329999998,,-0.5,0.01,resolved,0xd3fe1379a94f5b546ee458f54a0fcb65ff2d6396821c64d8efa017d769d87093,https://data.chain.link/streams/sol-usd-twap-60s-streams,99.38274407636443,2026-09-11 10:36:27+00
xrp-updown-5m-1789122600,XRP,"XRP Up or Down - September 11, 6:30AM-6:35AM ET",2026-09-11T10:35:00Z,2026-09-11T10:30:00Z,1.3387787555399582,Down,"[""0"", ""1""]",0.01,977.7065500000001,,-0.5045,0.001,resolved,0xb12f02795ceb251ff3092b8550e69889fc6b3f594ff05b9b4437644d1d16a301,https://data.chain.link/streams/xrp-usd-twap-60s-streams,1.3387051714872829,2026-09-11 10:36:27+00
zec-updown-5m-1789122600,ZEC,"ZCash Up or Down - September 11, 6:30AM-6:35AM ET",2026-09-11T10:35:00Z,2026-09-11T10:30:00Z,1103.4179156702123,Up,"[""1"", ""0""]",0.51,24.990197000000002,,0.495,0.01,resolved,0x06a215379770ae0e3ae773c83e34d5ffc2f6642f59d298a5883bd56c86817021,https://data.chain.link/streams/zec-usd-twap-60s-streams,1104.9014106933112,2026-09-11 10:36:27+00
bnb-updown-5m-1789122900,BNB,"BNB Up or Down - September 11, 6:35AM-6:40AM ET",2026-09-11T10:40:00Z,2026-09-11T10:35:00Z,712.9672273886197,Up,"[""1"", ""0""]",0.99,190.494619,,0.49,0.01,resolved,0x581ddccfea4886e48a055ab1f816d33a008b4ea1c1ce02b2cf625d1a11748fbf,https://data.chain.link/streams/bnb-usd-twap-60s-streams,713.0522191898175,2026-09-11 10:40:54+00
btc-updown-5m-1789122900,BTC,"Bitcoin Up or Down - September 11, 6:35AM-6:40AM ET",2026-09-11T10:40:00Z,2026-09-11T10:35:00Z,77002.36456633473,Up,"[""1"", ""0""]",0.99,50453.64934899999,,0.49,0.01,resolved,0xfcc0058a68b211a232915db37315956bb23a959fd275cdf5d6e8d8cd69478401,https://data.chain.link/streams/btc-usd-twap-60s-streams,77011.38450452562,2026-09-11 10:40:54+00
doge-updown-5m-1789122900,DOGE,"Dogecoin Up or Down - September 11, 6:35AM-6:40AM ET",2026-09-11T10:40:00Z,2026-09-11T10:35:00Z,0.08353638498955061,Down,"[""0"", ""1""]",0.01,,,-0.495,0.01,resolved,0x2b57f3438c0a4d3688267556b67b329cc55267a9e01ef8232b914995668db9f2,https://data.chain.link/streams/doge-usd-twap-60s-streams,0.08353083482486036,2026-09-11 10:40:54+00
eth-updown-5m-1789122900,ETH,"Ethereum Up or Down - September 11, 6:35AM-6:40AM ET",2026-09-11T10:40:00Z,2026-09-11T10:35:00Z,2463.660295443802,Up,"[""1"", ""0""]",0.99,2845.728271,,0.49,0.01,resolved,0x29e2cd941023e8b8a3e3b7b290f274064772a258a0c362c5f90139fa6bf20886,https://data.chain.link/streams/eth-usd-twap-60s-streams,2464.750094621171,2026-09-11 10:40:54+00
hype-updown-5m-1789122900,HYPE,"Hyperliquid Up or Down - September 11, 6:35AM-6:40AM ET",2026-09-11T10:40:00Z,2026-09-11T10:35:00Z,79.3628213734835,Down,"[""0"", ""1""]",0.24,,,-0.5,0.01,resolved,0x3f094f38458471cea4ff88c66d12a29a6ba25e3ba8177975bd7304980ed8f740,https://data.chain.link/streams/hype-usd-twap-60s-streams,79.31006485384907,2026-09-11 10:40:54+00
sol-updown-5m-1789122900,SOL,"Solana Up or Down - September 11, 6:35AM-6:40AM ET",2026-09-11T10:40:00Z,2026-09-11T10:35:00Z,99.38274407636443,Down,"[""0"", ""1""]",0.01,1777.8054240000004,,-0.5,0.01,resolved,0x52781abce6527e0876be3861a3391b2511fb456e7dcecd265bfddd8a27ef7b3c,https://data.chain.link/streams/sol-usd-twap-60s-streams,99.37211986752806,2026-09-11 10:40:54+00
xrp-updown-5m-1789122900,XRP,"XRP Up or Down - September 11, 6:35AM-6:40AM ET",2026-09-11T10:40:00Z,2026-09-11T10:35:00Z,1.3387051714872829,Down,"[""0"", ""1""]",0.09,671.448125,,-0.5045,0.001,resolved,0x53aa52ed1f6518af4c977b3f5adfae9661e9450ea270e8ab4b592640b50f3338,https://data.chain.link/streams/xrp-usd-twap-60s-streams,1.3372368248598538,2026-09-11 10:40:54+00
zec-updown-5m-1789122900,ZEC,"ZCash Up or Down - September 11, 6:35AM-6:40AM ET",2026-09-11T10:40:00Z,2026-09-11T10:35:00Z,1104.9014106933112,Down,"[""0"", ""1""]",,,,-0.495,0.01,resolved,0x4ed99647c4feed1e819eb28c70ff1b6279a8151bf3e718bb19fb4ba821f50281,https://data.chain.link/streams/zec-usd-twap-60s-streams,1103.6962283607008,2026-09-11 10:40:54+00
bnb-updown-5m-1789123200,BNB,"BNB Up or Down - September 11, 6:40AM-6:45AM ET",2026-09-11T10:45:00Z,2026-09-11T10:40:00Z,713.0522191898175,Down,"[""0"", ""1""]",0.14,,,-0.5045,0.001,resolved,0x876ee5183393e1b1045321959501ce33f2a52b6a87cf9a10ee7929ba726fd415,https://data.chain.link/streams/bnb-usd-twap-60s-streams,712.7911176699735,2026-09-11 10:47:31+00
btc-updown-5m-1789123200,BTC,"Bitcoin Up or Down - September 11, 6:40AM-6:45AM ET",2026-09-11T10:45:00Z,2026-09-11T10:40:00Z,77011.38450452562,Down,"[""0"", ""1""]",0.01,,,-0.5045,0.001,resolved,0x01225b8986ecc5af851c86825b0f0dcef1a9f40ae7575b5a6a4e21ac809a25fd,https://data.chain.link/streams/btc-usd-twap-60s-streams,76978.22831820427,2026-09-11 10:47:31+00
doge-updown-5m-1789123200,DOGE,"Dogecoin Up or Down - September 11, 6:40AM-6:45AM ET",2026-09-11T10:45:00Z,2026-09-11T10:40:00Z,0.08353083482486036,Down,"[""0"", ""1""]",0.66,,,-0.4995,0.001,resolved,0x005ce28160e24137295022adc9fd95868c48ab6e554a241d90c0c04d7d422d56,https://data.chain.link/streams/doge-usd-twap-60s-streams,0.08350142852339489,2026-09-11 10:47:33+00
eth-updown-5m-1789123200,ETH,"Ethereum Up or Down - September 11, 6:40AM-6:45AM ET",2026-09-11T10:45:00Z,2026-09-11T10:40:00Z,2464.750094621171,Down,"[""0"", ""1""]",0.01,,,-0.5045,0.001,resolved,0x32804b650cb02ef9c147297f823314fb7c0508707848fa133ba8b03b07944cc8,https://data.chain.link/streams/eth-usd-twap-60s-streams,2462.654931649084,2026-09-11 10:47:31+00
hype-updown-5m-1789123200,HYPE,"Hyperliquid Up or Down - September 11, 6:40AM-6:45AM ET",2026-09-11T10:45:00Z,2026-09-11T10:40:00Z,79.31006485384907,Down,"[""0"", ""1""]",0.09,,,-0.5045,0.001,resolved,0x778bdebabb7835dbc9f411e6663f4969a7380c637a87abf01b069f24f3ca2e27,https://data.chain.link/streams/hype-usd-twap-60s-streams,79.22227613421369,2026-09-11 10:47:31+00
sol-updown-5m-1789123200,SOL,"Solana Up or Down - September 11, 6:40AM-6:45AM ET",2026-09-11T10:45:00Z,2026-09-11T10:40:00Z,99.37211986752806,Down,"[""0"", ""1""]",0.07,,,-0.5045,0.001,resolved,0x0a880b77a3250351d078971773fcdbe078e663423b912b86a50da39d5b931ecf,https://data.chain.link/streams/sol-usd-twap-60s-streams,99.24527916018864,2026-09-11 10:47:31+00
xrp-updown-5m-1789123200,XRP,"XRP Up or Down - September 11, 6:40AM-6:45AM ET",2026-09-11T10:45:00Z,2026-09-11T10:40:00Z,1.3372368248598538,Down,"[""0"", ""1""]",0.01,,,-0.5045,0.001,resolved,0xb1f459f594e8d6bd904e108ae87f0f1bb310f359c4fdc99bb0c505db15e19c7f,https://data.chain.link/streams/xrp-usd-twap-60s-streams,1.3355062418284045,2026-09-11 10:47:31+00
zec-updown-5m-1789123200,ZEC,"ZCash Up or Down - September 11, 6:40AM-6:45AM ET",2026-09-11T10:45:00Z,2026-09-11T10:40:00Z,1103.6962283607008,Down,"[""0"", ""1""]",,,,-0.495,0.01,resolved,0xf926c61791b8707e0f26d78f6655ed0a9a7807000a6e65c5a8249d00a2c7d02a,https://data.chain.link/streams/zec-usd-twap-60s-streams,1100.9020144886306,2026-09-11 10:47:33+00
bnb-updown-5m-1789123500,BNB,"BNB Up or Down - September 11, 6:45AM-6:50AM ET",2026-09-11T10:50:00Z,2026-09-11T10:45:00Z,712.7911176699735,Down,"[""0"", ""1""]",0.05,132.527721,,-0.5,0.01,resolved,0xa2c9694cbd8c3f87a55a1ecbd0728d4ce72ce74a31f340f78110e3bf2d419c3d,https://data.chain.link/streams/bnb-usd-twap-60s-streams,712.5393967548442,2026-09-11 10:50:54+00
btc-updown-5m-1789123500,BTC,"Bitcoin Up or Down - September 11, 6:45AM-6:50AM ET",2026-09-11T10:50:00Z,2026-09-11T10:45:00Z,76978.22831820427,Up,"[""1"", ""0""]",0.99,39295.19822899998,,0.49,0.01,resolved,0x27d4c18a2e356fd2553e1bab912902362f65f51f6d0d216f19a3c81514583a37,https://data.chain.link/streams/btc-usd-twap-60s-streams,76979.77457762705,2026-09-11 10:50:54+00
doge-updown-5m-1789123500,DOGE,"Dogecoin Up or Down - September 11, 6:45AM-6:50AM ET",2026-09-11T10:50:00Z,2026-09-11T10:45:00Z,0.08350142852339489,Down,"[""0"", ""1""]",0.23,189.51853799999998,,-0.495,0.01,resolved,0x033645452193df87484dd511c20b0463765a68712c311e6a2ca9fda07a5e9418,https://data.chain.link/streams/doge-usd-twap-60s-streams,0.08347225362962245,2026-09-11 10:50:54+00
eth-updown-5m-1789123500,ETH,"Ethereum Up or Down - September 11, 6:45AM-6:50AM ET",2026-09-11T10:50:00Z,2026-09-11T10:45:00Z,2462.654931649084,Up,"[""1"", ""0""]",0.99,2514.891376,,0.49,0.01,resolved,0x4cd06fac938f3618399dd7407b51804c5f2bce0f5a8adbc1f26bfb2b39a43121,https://data.chain.link/streams/eth-usd-twap-60s-streams,2462.984193650014,2026-09-11 10:50:54+00
hype-updown-5m-1789123500,HYPE,"Hyperliquid Up or Down - September 11, 6:45AM-6:50AM ET",2026-09-11T10:50:00Z,2026-09-11T10:45:00Z,79.22227613421369,Down,"[""0"", ""1""]",0.6,35.252776000000004,,-0.5,0.01,resolved,0x41c4564ca92ad6600f6a52ab4335e852d2320de3684e6a33307c53284d0020e4,https://data.chain.link/streams/hype-usd-twap-60s-streams,79.21358551192381,2026-09-11 10:50:54+00
sol-updown-5m-1789123500,SOL,"Solana Up or Down - September 11, 6:45AM-6:50AM ET",2026-09-11T10:50:00Z,2026-09-11T10:45:00Z,99.24527916018864,Up,"[""1"", ""0""]",0.99,788.464632,,0.49,0.01,resolved,0x6283a31a1f0e6d776451b94f1e754baea0160f5e8c64a00ede9b3e9a8e758cbb,https://data.chain.link/streams/sol-usd-twap-60s-streams,99.24529108358686,2026-09-11 10:50:54+00
xrp-updown-5m-1789123500,XRP,"XRP Up or Down - September 11, 6:45AM-6:50AM ET",2026-09-11T10:50:00Z,2026-09-11T10:45:00Z,1.3355062418284045,Down,"[""0"", ""1""]",0.05,453.8099890000001,,-0.5,0.01,resolved,0x1063bea3f8d2b94e91c24c7bd075503f28d725087c0b50f96461849acf424fa1,https://data.chain.link/streams/xrp-usd-twap-60s-streams,1.3354231056135386,2026-09-11 10:50:54+00
zec-updown-5m-1789123500,ZEC,"ZCash Up or Down - September 11, 6:45AM-6:50AM ET",2026-09-11T10:50:00Z,2026-09-11T10:45:00Z,1100.9020144886306,Down,"[""0"", ""1""]",,,,-0.495,0.01,resolved,0xa5746c7e2dc4728d5857ea849c6e58ea7e8cf080d00e9a94d1d2332cab926997,https://data.chain.link/streams/zec-usd-twap-60s-streams,1100.4885394790094,2026-09-11 10:50:54+00
bnb-updown-5m-1789123800,BNB,"BNB Up or Down - September 11, 6:50AM-6:55AM ET",2026-09-11T10:55:00Z,2026-09-11T10:50:00Z,712.5393967548442,Up,"[""1"", ""0""]",0.99,142.481529,,0.49,0.01,resolved,0x97b52be75b0928ba313132077834e03609390799468b5358c5629b0dae67721b,https://data.chain.link/streams/bnb-usd-twap-60s-streams,712.785295339736,2026-09-11 10:55:52+00
btc-updown-5m-1789123800,BTC,"Bitcoin Up or Down - September 11, 6:50AM-6:55AM ET",2026-09-11T10:55:00Z,2026-09-11T10:50:00Z,76979.77457762705,Up,"[""1"", ""0""]",0.999,33324.108699000004,,0.49,0.01,resolved,0x87b0e2074b76970a7f18fe7dfbb3132ee94ae3782117ac255ee8ff82ebcfc3cf,https://data.chain.link/streams/btc-usd-twap-60s-streams,76996.80076778619,2026-09-11 10:55:54+00
doge-updown-5m-1789123800,DOGE,"Dogecoin Up or Down - September 11, 6:50AM-6:55AM ET",2026-09-11T10:55:00Z,2026-09-11T10:50:00Z,0.08347225362962245,Down,"[""0"", ""1""]",0.72,,,-0.495,0.01,resolved,0x90298fe9a5fa65bf1e14e8420e977411f8dbb7d13b4da158e65cfb4c65ac8892,https://data.chain.link/streams/doge-usd-twap-60s-streams,0.08346329441248249,2026-09-11 10:55:52+00
eth-updown-5m-1789123800,ETH,"Ethereum Up or Down - September 11, 6:50AM-6:55AM ET",2026-09-11T10:55:00Z,2026-09-11T10:50:00Z,2462.984193650014,Up,"[""1"", ""0""]",0.99,3756.9900509999984,,0.465,0.04,resolved,0xd41baa5f6ed34971f06eb52a85d9feaeabbc1683957457bb4dc66c38177da0f7,https://data.chain.link/streams/eth-usd-twap-60s-streams,2463.0617208145595,2026-09-11 10:55:52+00
hype-updown-5m-1789123800,HYPE,"Hyperliquid Up or Down - September 11, 6:50AM-6:55AM ET",2026-09-11T10:55:00Z,2026-09-11T10:50:00Z,79.21358551192381,Up,"[""1"", ""0""]",0.98,,,0.49,0.01,resolved,0xf602dd86c4d6af43fc109dff949bbae7dfd26ca406c1d8aa0b1de82a8bc57804,https://data.chain.link/streams/hype-usd-twap-60s-streams,79.25566819455433,2026-09-11 10:55:52+00
sol-updown-5m-1789123800,SOL,"Solana Up or Down - September 11, 6:50AM-6:55AM ET",2026-09-11T10:55:00Z,2026-09-11T10:50:00Z,99.24529108358686,Up,"[""1"", ""0""]",0.99,1437.1191990000002,,0.49,0.01,resolved,0xa6cdc7a13e7178db4e3965fa973548ebcbc198e3d6605352913ef02be95b55f0,https://data.chain.link/streams/sol-usd-twap-60s-streams,99.26989491808901,2026-09-11 10:55:54+00
xrp-updown-5m-1789123800,XRP,"XRP Up or Down - September 11, 6:50AM-6:55AM ET",2026-09-11T10:55:00Z,2026-09-11T10:50:00Z,1.3354231056135386,Down,"[""0"", ""1""]",0.13,995.3012019999999,,-0.5,0.01,resolved,0xd7d9b12d73998976bd64d397cb2acbd32b425cbae9c705b183ec5e8bad4de2df,https://data.chain.link/streams/xrp-usd-twap-60s-streams,1.3346942607651104,2026-09-11 10:55:54+00
zec-updown-5m-1789123800,ZEC,"ZCash Up or Down - September 11, 6:50AM-6:55AM ET",2026-09-11T10:55:00Z,2026-09-11T10:50:00Z,1100.4885394790094,Down,"[""0"", ""1""]",,,,-0.01,0.98,resolved,0xe8d5da8e6d8c5f6e3adc9c6b6d5840e0edef32446063a19e0ed2440455f6417e,https://data.chain.link/streams/zec-usd-twap-60s-streams,1098.9861281705257,2026-09-11 10:55:54+00
bnb-updown-5m-1789124100,BNB,"BNB Up or Down - September 11, 6:55AM-7:00AM ET",2026-09-11T11:00:00Z,2026-09-11T10:55:00Z,712.785295339736,Down,"[""0"", ""1""]",0.22,,,-0.5,0.01,resolved,0x48b7e111ad7fd74d94e4f965ec5d2439714e84acc38fa7c4429fa17b948e05b1,https://data.chain.link/streams/bnb-usd-twap-60s-streams,712.5931915850167,2026-09-11 11:01:27+00
btc-updown-5m-1789124100,BTC,"Bitcoin Up or Down - September 11, 6:55AM-7:00AM ET",2026-09-11T11:00:00Z,2026-09-11T10:55:00Z,76996.80076778619,Down,"[""0"", ""1""]",0.01,,,-0.5,0.01,resolved,0x544de4493de2a363b0afc9415b72062572b08560eeda5fc2e60412987fde3e2d,https://data.chain.link/streams/btc-usd-twap-60s-streams,76975.151061219,2026-09-11 11:01:27+00
doge-updown-5m-1789124100,DOGE,"Dogecoin Up or Down - September 11, 6:55AM-7:00AM ET",2026-09-11T11:00:00Z,2026-09-11T10:55:00Z,0.08346329441248249,Down,"[""0"", ""1""]",0.62,,,-0.4995,0.001,resolved,0x96300cd69d8c8b93f60715866246ec13cbb052692f79dedea90a7cc2ddefbb23,https://data.chain.link/streams/doge-usd-twap-60s-streams,0.08336959163654575,2026-09-11 11:01:27+00
eth-updown-5m-1789124100,ETH,"Ethereum Up or Down - September 11, 6:55AM-7:00AM ET",2026-09-11T11:00:00Z,2026-09-11T10:55:00Z,2463.0617208145595,Down,"[""0"", ""1""]",0.01,2746.3211069999993,15,-0.5045,0.001,resolved,0xaa7e4120ad5b8f4f9a6639864018908441bc10de04aaeb9e701daf622b514946,https://data.chain.link/streams/eth-usd-twap-60s-streams,2461.345439648441,2026-09-11 11:01:27+00
hype-updown-5m-1789124100,HYPE,"Hyperliquid Up or Down - September 11, 6:55AM-7:00AM ET",2026-09-11T11:00:00Z,2026-09-11T10:55:00Z,79.25566819455433,Down,"[""0"", ""1""]",,,,-0.5045,0.001,resolved,0xca39922e2ddbf1f629558bfefa436dd50bea9b4b85867dc9e433c40c81dc4efc,https://data.chain.link/streams/hype-usd-twap-60s-streams,79.09183469089916,2026-09-11 11:01:27+00
sol-updown-5m-1789124100,SOL,"Solana Up or Down - September 11, 6:55AM-7:00AM ET",2026-09-11T11:00:00Z,2026-09-11T10:55:00Z,99.26989491808901,Down,"[""0"", ""1""]",0.01,,,-0.5045,0.001,resolved,0x4076d4fc7155d3d778fb7a689001ed9c8c3248d95ecd1780c0efeba8ddb05997,https://data.chain.link/streams/sol-usd-twap-60s-streams,99.16414087435564,2026-09-11 11:01:27+00
xrp-updown-5m-1789124100,XRP,"XRP Up or Down - September 11, 6:55AM-7:00AM ET",2026-09-11T11:00:00Z,2026-09-11T10:55:00Z,1.3346942607651104,Down,"[""0"", ""1""]",0.17,,,-0.5045,0.001,resolved,0x89ed1da2eb33f07dbdcca269fe02890dd88f1d00f1c5ff91f6333cd88a9e6f49,https://data.chain.link/streams/xrp-usd-twap-60s-streams,1.3326651923491788,2026-09-11 11:01:27+00
zec-updown-5m-1789124100,ZEC,"ZCash Up or Down - September 11, 6:55AM-7:00AM ET",2026-09-11T11:00:00Z,2026-09-11T10:55:00Z,1098.9861281705257,Up,"[""1"", ""0""]",,,,0.495,0.01,resolved,0x30963bde767292aebeabba8c2b7dc064173ff002da4ecebb57093a29edf352f8,https://data.chain.link/streams/zec-usd-twap-60s-streams,1099.1884757510213,2026-09-11 11:01:27+00
bnb-updown-5m-1789124400,BNB,"BNB Up or Down - September 11, 7:00AM-7:05AM ET",2026-09-11T11:05:00Z,2026-09-11T11:00:00Z,712.5931915850167,Down,"[""0"", ""1""]",0.14,,,-0.5045,0.001,resolved,0xa3da0d9cc30abd813ec63b0a0a94e0abfc5728bcd24739b78524cf615c3f6056,https://data.chain.link/streams/bnb-usd-twap-60s-streams,711.3774048690656,2026-09-11 11:05:54+00
btc-updown-5m-1789124400,BTC,"Bitcoin Up or Down - September 11, 7:00AM-7:05AM ET",2026-09-11T11:05:00Z,2026-09-11T11:00:00Z,76975.151061219,Down,"[""0"", ""1""]",0.001,,,-0.5045,0.001,resolved,0x928c96b9261b771a7c1d4ada0006778764aa9c06885313aa86784136fe462a0a,https://data.chain.link/streams/btc-usd-twap-60s-streams,76864.29808894845,2026-09-11 11:05:54+00
doge-updown-5m-1789124400,DOGE,"Dogecoin Up or Down - September 11, 7:00AM-7:05AM ET",2026-09-11T11:05:00Z,2026-09-11T11:00:00Z,0.08336959163654575,Down,"[""0"", ""1""]",0.01,,,-0.4995,0.001,resolved,0xe9c2facb12338f9d9db798cfb4d8c2966df1b88aaf8529229787ceb268dc585f,https://data.chain.link/streams/doge-usd-twap-60s-streams,0.08315051764072529,2026-09-11 11:05:54+00
eth-updown-5m-1789124400,ETH,"Ethereum Up or Down - September 11, 7:00AM-7:05AM ET",2026-09-11T11:05:00Z,2026-09-11T11:00:00Z,2461.345439648441,Down,"[""0"", ""1""]",0.01,,,-0.5045,0.001,resolved,0x014972f62b28b9e36dc1b033f15dff83c3a40d515f43b0def87b223868283ffc,https://data.chain.link/streams/eth-usd-twap-60s-streams,2456.2430894616164,2026-09-11 11:05:54+00
hype-updown-5m-1789124400,HYPE,"Hyperliquid Up or Down - September 11, 7:00AM-7:05AM ET",2026-09-11T11:05:00Z,2026-09-11T11:00:00Z,79.09183469089916,Down,"[""0"", ""1""]",0.24,,,-0.5,0.01,resolved,0x40293d8d6cf65582fa409274dd5f8641fa3434cff2b041fa0cffc731b36a8580,https://data.chain.link/streams/hype-usd-twap-60s-streams,78.8414994092479,2026-09-11 11:05:54+00
sol-updown-5m-1789124400,SOL,"Solana Up or Down - September 11, 7:00AM-7:05AM ET",2026-09-11T11:05:00Z,2026-09-11T11:00:00Z,99.16414087435564,Down,"[""0"", ""1""]",0.01,,,-0.5045,0.001,resolved,0x037b631d5a05e0b8ac1ba3edcd652024acf7468ea31cadac36caff91590e18e8,https://data.chain.link/streams/sol-usd-twap-60s-streams,98.87255711257623,2026-09-11 11:05:54+00
xrp-updown-5m-1789124400,XRP,"XRP Up or Down - September 11, 7:00AM-7:05AM ET",2026-09-11T11:05:00Z,2026-09-11T11:00:00Z,1.3326651923491788,Down,"[""0"", ""1""]",0.03,,,-0.5045,0.001,resolved,0x02a0707ed639fa40369c52de8bdcb20b3d6e7ebff31baa292c4d3b0d97445546,https://data.chain.link/streams/xrp-usd-twap-60s-streams,1.3246111918093466,2026-09-11 11:05:54+00
zec-updown-5m-1789124400,ZEC,"ZCash Up or Down - September 11, 7:00AM-7:05AM ET",2026-09-11T11:05:00Z,2026-09-11T11:00:00Z,1099.1884757510213,Down,"[""0"", ""1""]",,,,-0.01,0.98,resolved,0xb05592f77348bf1c3af1e2d84807efedb7495dead51626786eb22d8d3d844d75,https://data.chain.link/streams/zec-usd-twap-60s-streams,1094.1929514393546,2026-09-11 11:05:54+00
bnb-updown-5m-1789124700,BNB,"BNB Up or Down - September 11, 7:05AM-7:10AM ET",2026-09-11T11:10:00Z,2026-09-11T11:05:00Z,711.3774048690656,Down,"[""0"", ""1""]",0.34,273.562608,,-0.5045,0.001,resolved,0x2688b5953a2dc83b11b4021181f071859d443b6f6e78447e4349a14dc2834f63,https://data.chain.link/streams/bnb-usd-twap-60s-streams,710.4105374629945,2026-09-11 11:10:54+00
btc-updown-5m-1789124700,BTC,"Bitcoin Up or Down - September 11, 7:05AM-7:10AM ET",2026-09-11T11:10:00Z,2026-09-11T11:05:00Z,76864.29808894845,Down,"[""0"", ""1""]",0.001,45613.932099000005,,-0.5045,0.001,resolved,0xea9b3bd8ae364c05c1051d1d0db59b396f64bf9b00c7e3826bbd3d118d0bb87d,https://data.chain.link/streams/btc-usd-twap-60s-streams,76766.42508416837,2026-09-11 11:10:54+00
doge-updown-5m-1789124700,DOGE,"Dogecoin Up or Down - September 11, 7:05AM-7:10AM ET",2026-09-11T11:10:00Z,2026-09-11T11:05:00Z,0.08315051764072529,Down,"[""0"", ""1""]",0.02,304.55337599999996,,-0.4995,0.001,resolved,0x641997e89b535ce8bf13d5545b7f07fa7f59506efb333b0348ba80488951def5,https://data.chain.link/streams/doge-usd-twap-60s-streams,0.08295097616531828,2026-09-11 11:10:54+00
eth-updown-5m-1789124700,ETH,"Ethereum Up or Down - September 11, 7:05AM-7:10AM ET",2026-09-11T11:10:00Z,2026-09-11T11:05:00Z,2456.2430894616164,Down,"[""0"", ""1""]",0.03,3909.4148400000004,,-0.5045,0.001,resolved,0x05d131e356f140ec564ffef854888fff1aa13b98ed6fdf60ce25fea55bf71f87,https://data.chain.link/streams/eth-usd-twap-60s-streams,2452.4114887962496,2026-09-11 11:10:54+00
hype-updown-5m-1789124700,HYPE,"Hyperliquid Up or Down - September 11, 7:05AM-7:10AM ET",2026-09-11T11:10:00Z,2026-09-11T11:05:00Z,78.8414994092479,Down,"[""0"", ""1""]",0.08,,,-0.5045,0.001,resolved,0x9f6c6c687ade3ff5b48739163a60f5f8ea39907cda90c8f2e11b4fb5fd3e3eaf,https://data.chain.link/streams/hype-usd-twap-60s-streams,78.65337510534978,2026-09-11 11:10:54+00
sol-updown-5m-1789124700,SOL,"Solana Up or Down - September 11, 7:05AM-7:10AM ET",2026-09-11T11:10:00Z,2026-09-11T11:05:00Z,98.87255711257623,Down,"[""0"", ""1""]",0.07,1555.7837799999998,,-0.5045,0.001,resolved,0xbb15f5a03fb6778c54094e58ad1b678767cb8cfadb7bd9b60eef74228edeba2f,https://data.chain.link/streams/sol-usd-twap-60s-streams,98.67186483385957,2026-09-11 11:10:54+00
xrp-updown-5m-1789124700,XRP,"XRP Up or Down - September 11, 7:05AM-7:10AM ET",2026-09-11T11:10:00Z,2026-09-11T11:05:00Z,1.3246111918093466,Down,"[""0"", ""1""]",0.08,1799.9944659999999,,-0.5045,0.001,resolved,0x5dd4e831323488e6ebff33e079ff021230e6173949416f1d2324a5d79ba716ce,https://data.chain.link/streams/xrp-usd-twap-60s-streams,1.3211727285548907,2026-09-11 11:10:54+00
zec-updown-5m-1789124700,ZEC,"ZCash Up or Down - September 11, 7:05AM-7:10AM ET",2026-09-11T11:10:00Z,2026-09-11T11:05:00Z,1094.1929514393546,Down,"[""0"", ""1""]",,,,-0.495,0.01,resolved,0x9de371f7c63a2df3c2de79e814b905afaae09f7a337e714f09c362481f604501,https://data.chain.link/streams/zec-usd-twap-60s-streams,1089.5738095299687,2026-09-11 11:10:54+00
bnb-updown-5m-1789125000,BNB,"BNB Up or Down - September 11, 7:10AM-7:15AM ET",2026-09-11T11:15:00Z,2026-09-11T11:10:00Z,710.4105374629945,Up,"[""1"", ""0""]",0.95,,,0.49,0.01,resolved,0x5a061fdc55dbd78b5a682a244586466f591aa885de945555bfa2f349e66e7cd0,https://data.chain.link/streams/bnb-usd-twap-60s-streams,710.452602826468,2026-09-11 11:15:52+00
btc-updown-5m-1789125000,BTC,"Bitcoin Up or Down - September 11, 7:10AM-7:15AM ET",2026-09-11T11:15:00Z,2026-09-11T11:10:00Z,76766.42508416837,Up,"[""1"", ""0""]",0.99,58574.706905,,0.49,0.01,resolved,0x059d43f193bff8b673c1251c153fa8418fa934e0d4d721d00c765f603e862fa1,https://data.chain.link/streams/btc-usd-twap-60s-streams,76787.04046960291,2026-09-11 11:15:52+00
doge-updown-5m-1789125000,DOGE,"Dogecoin Up or Down - September 11, 7:10AM-7:15AM ET",2026-09-11T11:15:00Z,2026-09-11T11:10:00Z,0.08295097616531828,Up,"[""1"", ""0""]",0.99,,,0.495,0.01,resolved,0xaf01a7c67922db3c4cb4577f69e3e3414fb866edf8239b7985757e09382b9b69,https://data.chain.link/streams/doge-usd-twap-60s-streams,0.08308220279184284,2026-09-11 11:15:52+00
eth-updown-5m-1789125000,ETH,"Ethereum Up or Down - September 11, 7:10AM-7:15AM ET",2026-09-11T11:15:00Z,2026-09-11T11:10:00Z,2452.4114887962496,Up,"[""1"", ""0""]",0.99,,,0.49,0.01,resolved,0xa0a63f3f1ce552a25eca8f02c284d19077f6048f2d4881623101837c23a12375,https://data.chain.link/streams/eth-usd-twap-60s-streams,2453.67240984907,2026-09-11 11:15:52+00
hype-updown-5m-1789125000,HYPE,"Hyperliquid Up or Down - September 11, 7:10AM-7:15AM ET",2026-09-11T11:15:00Z,2026-09-11T11:10:00Z,78.65337510534978,Up,"[""1"", ""0""]",0.98,,,0.49,0.01,resolved,0x8de89ff67ea792d52d94d941d3f840aa3466a704716af8d67d70d0dfa058aa3b,https://data.chain.link/streams/hype-usd-twap-60s-streams,78.68986893883688,2026-09-11 11:15:52+00
sol-updown-5m-1789125000,SOL,"Solana Up or Down - September 11, 7:10AM-7:15AM ET",2026-09-11T11:15:00Z,2026-09-11T11:10:00Z,98.67186483385957,Down,"[""0"", ""1""]",0.3,,,-0.5,0.01,resolved,0x4fd02ccf28b3970cf7eee2b72562edc2eb33786d3c17d338e7b75dd50b6ece09,https://data.chain.link/streams/sol-usd-twap-60s-streams,98.66106391134394,2026-09-11 11:15:52+00
xrp-updown-5m-1789125000,XRP,"XRP Up or Down - September 11, 7:10AM-7:15AM ET",2026-09-11T11:15:00Z,2026-09-11T11:10:00Z,1.3211727285548907,Up,"[""1"", ""0""]",0.998,,,0.4945,0.001,resolved,0x4ba97fc2f4c8ea647c9730a59afe068fb5be24f098de313914888fb9b8f1c7fa,https://data.chain.link/streams/xrp-usd-twap-60s-streams,1.323592939634532,2026-09-11 11:15:52+00
zec-updown-5m-1789125000,ZEC,"ZCash Up or Down - September 11, 7:10AM-7:15AM ET",2026-09-11T11:15:00Z,2026-09-11T11:10:00Z,1089.5738095299687,Up,"[""1"", ""0""]",,,,0.01,0.98,resolved,0x556f30cf9c2b97acdecc19923477d34fb668966653c5bf5f11c4b46ca42254b6,https://data.chain.link/streams/zec-usd-twap-60s-streams,1092.4610072625414,2026-09-11 11:15:54+00
bnb-updown-5m-1789125300,BNB,"BNB Up or Down - September 11, 7:15AM-7:20AM ET",2026-09-11T11:20:00Z,2026-09-11T11:15:00Z,710.452602826468,Up,"[""1"", ""0""]",0.99,397.433183,,0.4945,0.001,resolved,0xd461ce5720124e4a3a9aa3a707e5d89e5d6b44165eff87456352f99909b78b82,https://data.chain.link/streams/bnb-usd-twap-60s-streams,710.9217806935058,2026-09-11 11:20:52+00
btc-updown-5m-1789125300,BTC,"Bitcoin Up or Down - September 11, 7:15AM-7:20AM ET",2026-09-11T11:20:00Z,2026-09-11T11:15:00Z,76787.04046960291,Down,"[""0"", ""1""]",0.01,60420.48409099999,,-0.5,0.01,resolved,0x99b57c406060e61db4d704566e25e92087a5e14ac20fa5437701685534d2043a,https://data.chain.link/streams/btc-usd-twap-60s-streams,76774.99161592299,2026-09-11 11:20:52+00
doge-updown-5m-1789125300,DOGE,"Dogecoin Up or Down - September 11, 7:15AM-7:20AM ET",2026-09-11T11:20:00Z,2026-09-11T11:15:00Z,0.08308220279184284,Up,"[""1"", ""0""]",0.99,359.358087,,0.495,0.01,resolved,0x0b3ab6853bbbe43346ff8b7350a53a05c83a13f76767ec1acdd1e713f4ac5511,https://data.chain.link/streams/doge-usd-twap-60s-streams,0.08315092497677143,2026-09-11 11:20:52+00
eth-updown-5m-1789125300,ETH,"Ethereum Up or Down - September 11, 7:15AM-7:20AM ET",2026-09-11T11:20:00Z,2026-09-11T11:15:00Z,2453.67240984907,Up,"[""1"", ""0""]",0.99,4052.7589760000005,,0.4945,0.001,resolved,0xb5812c11b23d66d2ca5e0c50ba2f112beea25c403eb90f08d132fce71582c4bb,https://data.chain.link/streams/eth-usd-twap-60s-streams,2454.690864724149,2026-09-11 11:20:52+00
hype-updown-5m-1789125300,HYPE,"Hyperliquid Up or Down - September 11, 7:15AM-7:20AM ET",2026-09-11T11:20:00Z,2026-09-11T11:15:00Z,78.68986893883688,Up,"[""1"", ""0""]",0.99,81.892781,,0.4945,0.001,resolved,0x05d2acee3de0417a8d4503aaad58f306a6362d5a64651d25c70cbf1d9a085d10,https://data.chain.link/streams/hype-usd-twap-60s-streams,78.85895836762614,2026-09-11 11:20:52+00
sol-updown-5m-1789125300,SOL,"Solana Up or Down - September 11, 7:15AM-7:20AM ET",2026-09-11T11:20:00Z,2026-09-11T11:15:00Z,98.66106391134394,Up,"[""1"", ""0""]",0.999,1902.6957229999998,,0.4945,0.001,resolved,0x84fcaeea7210ac2517cbb3f05b73d84145bc3f62257c8b1c895799b88013dead,https://data.chain.link/streams/sol-usd-twap-60s-streams,98.84418206752093,2026-09-11 11:20:52+00
xrp-updown-5m-1789125300,XRP,"XRP Up or Down - September 11, 7:15AM-7:20AM ET",2026-09-11T11:20:00Z,2026-09-11T11:15:00Z,1.323592939634532,Up,"[""1"", ""0""]",0.99,1027.168604,,0.4945,0.001,resolved,0xbe762270935ea542e766a018abea71c7a468efef749c507d872028868d0d242e,https://data.chain.link/streams/xrp-usd-twap-60s-streams,1.3250142219996168,2026-09-11 11:20:52+00
zec-updown-5m-1789125300,ZEC,"ZCash Up or Down - September 11, 7:15AM-7:20AM ET",2026-09-11T11:20:00Z,2026-09-11T11:15:00Z,1092.4610072625414,Up,"[""1"", ""0""]",,,,0.495,0.01,resolved,0xa7be063bd2b595bd6978a3f73fa99512fd7b0edaaa25bb4fb09416baec298d92,https://data.chain.link/streams/zec-usd-twap-60s-streams,1094.050124061454,2026-09-11 11:20:52+00
bnb-updown-5m-1789125600,BNB,"BNB Up or Down - September 11, 7:20AM-7:25AM ET",2026-09-11T11:25:00Z,2026-09-11T11:20:00Z,710.9217806935058,Down,"[""0"", ""1""]",0.03,378.571635,,-0.5,0.01,resolved,0x06658812b203038f7ac5d701e1f648b967f0780b15876a88ac70bb1044c31c96,https://data.chain.link/streams/bnb-usd-twap-60s-streams,710.8653064069124,2026-09-11 11:25:52+00
btc-updown-5m-1789125600,BTC,"Bitcoin Up or Down - September 11, 7:20AM-7:25AM ET",2026-09-11T11:25:00Z,2026-09-11T11:20:00Z,76774.99161592299,Up,"[""1"", ""0""]",0.99,50100.043591,,0.49,0.01,resolved,0x6db3f4f49a9b33c0fca41341944e3b68d7e6fa6801d721747c7c4b456c81c105,https://data.chain.link/streams/btc-usd-twap-60s-streams,76793.09630765325,2026-09-11 11:25:52+00
doge-updown-5m-1789125600,DOGE,"Dogecoin Up or Down - September 11, 7:20AM-7:25AM ET",2026-09-11T11:25:00Z,2026-09-11T11:20:00Z,0.08315092497677143,Up,"[""1"", ""0""]",0.99,255.57297599999998,,0.495,0.01,resolved,0xac97908932f0a79658ac756afd5c5cd9eecb4f86afba0d9748eeee205d013989,https://data.chain.link/streams/doge-usd-twap-60s-streams,0.0831809899349453,2026-09-11 11:25:52+00
eth-updown-5m-1789125600,ETH,"Ethereum Up or Down - September 11, 7:20AM-7:25AM ET",2026-09-11T11:25:00Z,2026-09-11T11:20:00Z,2454.690864724149,Down,"[""0"", ""1""]",0.01,3548.6061059999997,,-0.495,0.01,resolved,0xaf4f06cafd302e567a9cef75a24b1f3a61da1d0cf657d3cd6d08cfb39aad6787,https://data.chain.link/streams/eth-usd-twap-60s-streams,2454.2706660823637,2026-09-11 11:25:52+00
hype-updown-5m-1789125600,HYPE,"Hyperliquid Up or Down - September 11, 7:20AM-7:25AM ET",2026-09-11T11:25:00Z,2026-09-11T11:20:00Z,78.85895836762614,Down,"[""0"", ""1""]",0.28,,,-0.5,0.01,resolved,0xcd71685e3fa1ab08af593cc2c4f524020fc46a2bff024b15a606ab74ccc31468,https://data.chain.link/streams/hype-usd-twap-60s-streams,78.8018513363764,2026-09-11 11:25:52+00
sol-updown-5m-1789125600,SOL,"Solana Up or Down - September 11, 7:20AM-7:25AM ET",2026-09-11T11:25:00Z,2026-09-11T11:20:00Z,98.84418206752093,Up,"[""1"", ""0""]",0.99,2614.793986,,0.35,0.26,resolved,0xdad071b781882874ec27f6be1d919e7311d428e776740676cf1b36777bcd6f14,https://data.chain.link/streams/sol-usd-twap-60s-streams,98.84828945474624,2026-09-11 11:25:54+00
xrp-updown-5m-1789125600,XRP,"XRP Up or Down - September 11, 7:20AM-7:25AM ET",2026-09-11T11:25:00Z,2026-09-11T11:20:00Z,1.3250142219996168,Down,"[""0"", ""1""]",0.03,393.143119,,-0.495,0.01,resolved,0xee05ac4a41f2b44e67cc4e8d58da009c96ff85f947b44228899b31fa645d502a,https://data.chain.link/streams/xrp-usd-twap-60s-streams,1.3236555228264466,2026-09-11 11:25:52+00
zec-updown-5m-1789125600,ZEC,"ZCash Up or Down - September 11, 7:20AM-7:25AM ET",2026-09-11T11:25:00Z,2026-09-11T11:20:00Z,1094.050124061454,Down,"[""0"", ""1""]",,,,-0.01,0.98,resolved,0x975a8ffcaa8ab9fc98c52c99b8272c1215682f894e838ed76bcbb9cb66aab35b,https://data.chain.link/streams/zec-usd-twap-60s-streams,1089.2935653279487,2026-09-11 11:25:52+00
bnb-updown-5m-1789125900,BNB,"BNB Up or Down - September 11, 7:25AM-7:30AM ET",2026-09-11T11:30:00Z,2026-09-11T11:25:00Z,710.8653064069124,Up,"[""1"", ""0""]",0.999,,,0.4995,0.001,resolved,0x18812efce2cca7f34dd1a5b6b475067e80f2fddfd48551224351efa027d31494,https://data.chain.link/streams/bnb-usd-twap-60s-streams,711.1087479171894,2026-09-11 11:31:27+00
btc-updown-5m-1789125900,BTC,"Bitcoin Up or Down - September 11, 7:25AM-7:30AM ET",2026-09-11T11:30:00Z,2026-09-11T11:25:00Z,76793.09630765325,Up,"[""1"", ""0""]",0.999,,,0.4945,0.001,resolved,0xca154e02e720c4c0654fb2695db5313ddcfe9f3989901a14ad05e1ff99b1463c,https://data.chain.link/streams/btc-usd-twap-60s-streams,76816.51718664618,2026-09-11 11:31:27+00
doge-updown-5m-1789125900,DOGE,"Dogecoin Up or Down - September 11, 7:25AM-7:30AM ET",2026-09-11T11:30:00Z,2026-09-11T11:25:00Z,0.0831809899349453,Up,"[""1"", ""0""]",0.99,,,0.4995,0.001,resolved,0x324ac11bdcd6d070a5c2726f7bd2ee34048e67b89546dbf3930dfffc23774a81,https://data.chain.link/streams/doge-usd-twap-60s-streams,0.08324877398741143,2026-09-11 11:31:27+00
eth-updown-5m-1789125900,ETH,"Ethereum Up or Down - September 11, 7:25AM-7:30AM ET",2026-09-11T11:30:00Z,2026-09-11T11:25:00Z,2454.2706660823637,Up,"[""1"", ""0""]",0.999,,,0.4995,0.001,resolved,0x3ee93f2afc7134e4a12d690fd99bf5638724cc76684e9dff17269f1bcb9781c9,https://data.chain.link/streams/eth-usd-twap-60s-streams,2455.2121517342407,2026-09-11 11:31:27+00
hype-updown-5m-1789125900,HYPE,"Hyperliquid Up or Down - September 11, 7:25AM-7:30AM ET",2026-09-11T11:30:00Z,2026-09-11T11:25:00Z,78.8018513363764,Up,"[""1"", ""0""]",0.98,,,0.4945,0.001,resolved,0x92feae07f07cf6b644475186616f8068437e46f2d9c02781b4682af47dd14c96,https://data.chain.link/streams/hype-usd-twap-60s-streams,78.90776709566116,2026-09-11 11:31:27+00
sol-updown-5m-1789125900,SOL,"Solana Up or Down - September 11, 7:25AM-7:30AM ET",2026-09-11T11:30:00Z,2026-09-11T11:25:00Z,98.84828945474624,Up,"[""1"", ""0""]",0.99,,,0.4945,0.001,resolved,0xc4c0bb070b13642b6ed91db7eced2d32f15fb38b9957a7529e58769881e85586,https://data.chain.link/streams/sol-usd-twap-60s-streams,98.918102480331,2026-09-11 11:31:27+00
xrp-updown-5m-1789125900,XRP,"XRP Up or Down - September 11, 7:25AM-7:30AM ET",2026-09-11T11:30:00Z,2026-09-11T11:25:00Z,1.3236555228264466,Down,"[""0"", ""1""]",0.01,,,-0.5,0.01,resolved,0xd7175c8b1329363d7d5e0341688080de0f5dad61e4cdf1cf210e676640efa13c,https://data.chain.link/streams/xrp-usd-twap-60s-streams,1.323390923611799,2026-09-11 11:31:27+00
zec-updown-5m-1789125900,ZEC,"ZCash Up or Down - September 11, 7:25AM-7:30AM ET",2026-09-11T11:30:00Z,2026-09-11T11:25:00Z,1089.2935653279487,Up,"[""1"", ""0""]",,,,0.495,0.01,resolved,0x94c6eefff458ee785b3b603fbf4774db97da6df9c16027e49efd225b131091c8,https://data.chain.link/streams/zec-usd-twap-60s-streams,1090.621855112229,2026-09-11 11:31:27+00
bnb-updown-5m-1789126200,BNB,"BNB Up or Down - September 11, 7:30AM-7:35AM ET",2026-09-11T11:35:00Z,2026-09-11T11:30:00Z,711.1087479171894,Up,"[""1"", ""0""]",0.99,,,0.49,0.01,resolved,0x13ead2d7dda97997729659ee5f5783942dec81aa691c44c74316316a5f5b3901,https://data.chain.link/streams/bnb-usd-twap-60s-streams,711.4502957026117,2026-09-11 11:35:52+00
btc-updown-5m-1789126200,BTC,"Bitcoin Up or Down - September 11, 7:30AM-7:35AM ET",2026-09-11T11:35:00Z,2026-09-11T11:30:00Z,76816.51718664618,Down,"[""0"", ""1""]",0.01,53465.84253699998,,-0.5,0.01,resolved,0xf2fa00ce3ee4f74eca53549f90c61f8d43571f4b552f1c54861a8b093a58466b,https://data.chain.link/streams/btc-usd-twap-60s-streams,76801.50992546981,2026-09-11 11:35:52+00
doge-updown-5m-1789126200,DOGE,"Dogecoin Up or Down - September 11, 7:30AM-7:35AM ET",2026-09-11T11:35:00Z,2026-09-11T11:30:00Z,0.08324877398741143,Up,"[""1"", ""0""]",0.99,,,0.495,0.01,resolved,0x9cf23af14d5ef8f308215e80737ffb3ea59a3a540f18d7bf5ea244b6669bf20a,https://data.chain.link/streams/doge-usd-twap-60s-streams,0.0832630847242398,2026-09-11 11:35:54+00
eth-updown-5m-1789126200,ETH,"Ethereum Up or Down - September 11, 7:30AM-7:35AM ET",2026-09-11T11:35:00Z,2026-09-11T11:30:00Z,2455.2121517342407,Down,"[""0"", ""1""]",0.02,,,-0.5,0.01,resolved,0xd27399ca82b15da4d95b2d23c9cd6db5c1342c7b788992d2988bda80ae5e698b,https://data.chain.link/streams/eth-usd-twap-60s-streams,2454.2891446881854,2026-09-11 11:35:52+00
hype-updown-5m-1789126200,HYPE,"Hyperliquid Up or Down - September 11, 7:30AM-7:35AM ET",2026-09-11T11:35:00Z,2026-09-11T11:30:00Z,78.90776709566116,Up,"[""1"", ""0""]",0.99,,,0.49,0.01,resolved,0x89ad898f82c5eca923d1c4ef931a721548e6e1f718c4fc91ff2db11c72fb49da,https://data.chain.link/streams/hype-usd-twap-60s-streams,78.94375108704644,2026-09-11 11:35:52+00
sol-updown-5m-1789126200,SOL,"Solana Up or Down - September 11, 7:30AM-7:35AM ET",2026-09-11T11:35:00Z,2026-09-11T11:30:00Z,98.918102480331,Down,"[""0"", ""1""]",0.01,,,-0.5,0.01,resolved,0x5106e2c535d3fbb115fc56dd7c9fe457bf513196b4658fec0b44cc1756815c09,https://data.chain.link/streams/sol-usd-twap-60s-streams,98.87624642791302,2026-09-11 11:35:52+00
xrp-updown-5m-1789126200,XRP,"XRP Up or Down - September 11, 7:30AM-7:35AM ET",2026-09-11T11:35:00Z,2026-09-11T11:30:00Z,1.323390923611799,Down,"[""0"", ""1""]",0.99,,,-0.25,0.31,resolved,0x78f11c5c2c2bf13ab0721672055d4a187194246cf655009038582b091c8a29f9,https://data.chain.link/streams/xrp-usd-twap-60s-streams,1.3233710607340503,2026-09-11 11:35:54+00
zec-updown-5m-1789126200,ZEC,"ZCash Up or Down - September 11, 7:30AM-7:35AM ET",2026-09-11T11:35:00Z,2026-09-11T11:30:00Z,1090.621855112229,Up,"[""1"", ""0""]",,,,0.01,0.98,resolved,0x842d8651bbb3b18f00d265d6ce1a4c93f9978d0cbbd5c6953b558e76717dead3,https://data.chain.link/streams/zec-usd-twap-60s-streams,1091.8672067343155,2026-09-11 11:35:54+00
bnb-updown-5m-1789126500,BNB,"BNB Up or Down - September 11, 7:35AM-7:40AM ET",2026-09-11T11:40:00Z,2026-09-11T11:35:00Z,711.4502957026117,Up,"[""1"", ""0""]",0.99,,,0.4945,0.001,resolved,0x4cae5e17611ecb002df9512a0e164069e92cebfb0c3505095b2f15cdb8f3a1cd,https://data.chain.link/streams/bnb-usd-twap-60s-streams,711.600717880687,2026-09-11 11:40:54+00
btc-updown-5m-1789126500,BTC,"Bitcoin Up or Down - September 11, 7:35AM-7:40AM ET",2026-09-11T11:40:00Z,2026-09-11T11:35:00Z,76801.50992546981,Up,"[""1"", ""0""]",0.999,72420.03212500004,,0.4945,0.001,resolved,0x1cbafc16eb956c199c5c3c4309a77c155e7bba06c95c040970c2dc23b7217e35,https://data.chain.link/streams/btc-usd-twap-60s-streams,76814.93429835774,2026-09-11 11:40:54+00
doge-updown-5m-1789126500,DOGE,"Dogecoin Up or Down - September 11, 7:35AM-7:40AM ET",2026-09-11T11:40:00Z,2026-09-11T11:35:00Z,0.0832630847242398,Up,"[""1"", ""0""]",0.99,,,0.4995,0.001,resolved,0x1ec5bafd62d0f9e9943fd7aebc2e9be0e9cacfacc8f553f394efe29c44fe1303,https://data.chain.link/streams/doge-usd-twap-60s-streams,0.08339314108220883,2026-09-11 11:40:54+00
eth-updown-5m-1789126500,ETH,"Ethereum Up or Down - September 11, 7:35AM-7:40AM ET",2026-09-11T11:40:00Z,2026-09-11T11:35:00Z,2454.2891446881854,Up,"[""1"", ""0""]",0.999,2026.500239,,0.4945,0.001,resolved,0x9eb6a2794c8ecdba2d50180dedd62d05c7f544633fdfb4a44af673fa5636efa4,https://data.chain.link/streams/eth-usd-twap-60s-streams,2455.189677863103,2026-09-11 11:40:54+00
hype-updown-5m-1789126500,HYPE,"Hyperliquid Up or Down - September 11, 7:35AM-7:40AM ET",2026-09-11T11:40:00Z,2026-09-11T11:35:00Z,78.94375108704644,Up,"[""1"", ""0""]",0.98,,,0.495,0.01,resolved,0x28cc5a1226973e08f9d4ac269a03e9e2fb5095085dce7a306f5188f6b5e81946,https://data.chain.link/streams/hype-usd-twap-60s-streams,78.97077021004458,2026-09-11 11:40:54+00
sol-updown-5m-1789126500,SOL,"Solana Up or Down - September 11, 7:35AM-7:40AM ET",2026-09-11T11:40:00Z,2026-09-11T11:35:00Z,98.87624642791302,Up,"[""1"", ""0""]",0.99,1482.5541939999998,,0.495,0.01,resolved,0xf4551463bf7c64202a0de618fa773a11dc08edb2001cdc4d18afdd71917e34a3,https://data.chain.link/streams/sol-usd-twap-60s-streams,98.9008460173706,2026-09-11 11:40:54+00
xrp-updown-5m-1789126500,XRP,"XRP Up or Down - September 11, 7:35AM-7:40AM ET",2026-09-11T11:40:00Z,2026-09-11T11:35:00Z,1.3233710607340503,Up,"[""1"", ""0""]",0.99,664.1503620000001,,0.4945,0.001,resolved,0x9fd143ea2c403cf96ba47a9582736dfacd136dcc50b7324bef7b72efa9576967,https://data.chain.link/streams/xrp-usd-twap-60s-streams,1.3243099080514393,2026-09-11 11:40:54+00
zec-updown-5m-1789126500,ZEC,"ZCash Up or Down - September 11, 7:35AM-7:40AM ET",2026-09-11T11:40:00Z,2026-09-11T11:35:00Z,1091.8672067343155,Down,"[""0"", ""1""]",,,,-0.495,0.01,resolved,0xce3c29fabd58048a6f50e413972f7b326fd42b3a215ccd1d51e7eace02ba3391,https://data.chain.link/streams/zec-usd-twap-60s-streams,1091.5809532297524,2026-09-11 11:40:54+00
bnb-updown-5m-1789126800,BNB,"BNB Up or Down - September 11, 7:40AM-7:45AM ET",2026-09-11T11:45:00Z,2026-09-11T11:40:00Z,711.600717880687,Up,"[""1"", ""0""]",0.99,,,0.4945,0.001,resolved,0xd5188f48ffeaa91bfe8ae9e207f07418898d1f6de16eb860267c1cc1a74182e5,https://data.chain.link/streams/bnb-usd-twap-60s-streams,712.2674822801035,2026-09-11 11:46:27+00
btc-updown-5m-1789126800,BTC,"Bitcoin Up or Down - September 11, 7:40AM-7:45AM ET",2026-09-11T11:45:00Z,2026-09-11T11:40:00Z,76814.93429835774,Up,"[""1"", ""0""]",0.99,,,0.4945,0.001,resolved,0x30391d415f118a3c18f8b6ea2c25593809d73b72feb15805a5fca2f72679ce4d,https://data.chain.link/streams/btc-usd-twap-60s-streams,76863.45787980147,2026-09-11 11:46:27+00
doge-updown-5m-1789126800,DOGE,"Dogecoin Up or Down - September 11, 7:40AM-7:45AM ET",2026-09-11T11:45:00Z,2026-09-11T11:40:00Z,0.08339314108220883,Up,"[""1"", ""0""]",0.99,,,0.4995,0.001,resolved,0x0c055f3d3e3535de4852234f4997c686f448c3e6f1c35456b70d0e49e1e38cce,https://data.chain.link/streams/doge-usd-twap-60s-streams,0.08352457561272393,2026-09-11 11:46:25+00
eth-updown-5m-1789126800,ETH,"Ethereum Up or Down - September 11, 7:40AM-7:45AM ET",2026-09-11T11:45:00Z,2026-09-11T11:40:00Z,2455.189677863103,Up,"[""1"", ""0""]",0.999,,,0.4945,0.001,resolved,0x29b9762b076617ca52d53848f7e08405f380c3ac7a1ff706b06f3512ab5b5324,https://data.chain.link/streams/eth-usd-twap-60s-streams,2457.910817547389,2026-09-11 11:46:27+00
hype-updown-5m-1789126800,HYPE,"Hyperliquid Up or Down - September 11, 7:40AM-7:45AM ET",2026-09-11T11:45:00Z,2026-09-11T11:40:00Z,78.97077021004458,Up,"[""1"", ""0""]",0.999,,,0.4945,0.001,resolved,0x7b46df80d2c82bdb8466d436f5e9a79a265e9103fb29c80ad3af6a64ed6be36e,https://data.chain.link/streams/hype-usd-twap-60s-streams,79.16365784848254,2026-09-11 11:46:25+00
sol-updown-5m-1789126800,SOL,"Solana Up or Down - September 11, 7:40AM-7:45AM ET",2026-09-11T11:45:00Z,2026-09-11T11:40:00Z,98.9008460173706,Up,"[""1"", ""0""]",0.99,,,0.4945,0.001,resolved,0xc536e64fd3577f7504b6ac0f7b55eaa87d32f8524dcbf1a3afb781d81cb087ae,https://data.chain.link/streams/sol-usd-twap-60s-streams,99.2866704185793,2026-09-11 11:46:27+00
xrp-updown-5m-1789126800,XRP,"XRP Up or Down - September 11, 7:40AM-7:45AM ET",2026-09-11T11:45:00Z,2026-09-11T11:40:00Z,1.3243099080514393,Up,"[""1"", ""0""]",0.99,,,0.4945,0.001,resolved,0xafb9ff0dc1b21becb7c81b26a93c9a03ecd5e18b59c22f1cc2637fc67f9d8f7f,https://data.chain.link/streams/xrp-usd-twap-60s-streams,1.327120938190126,2026-09-11 11:46:25+00
zec-updown-5m-1789126800,ZEC,"ZCash Up or Down - September 11, 7:40AM-7:45AM ET",2026-09-11T11:45:00Z,2026-09-11T11:40:00Z,1091.5809532297524,Up,"[""1"", ""0""]",,,,0.4995,0.001,resolved,0x159d232fdf44ee38986a1f2c4b8647a48b6a5bdab817fa33703e51609203d99f,https://data.chain.link/streams/zec-usd-twap-60s-streams,1095.3616956378246,2026-09-11 11:46:27+00
bnb-updown-5m-1789127100,BNB,"BNB Up or Down - September 11, 7:45AM-7:50AM ET",2026-09-11T11:50:00Z,2026-09-11T11:45:00Z,712.2674822801035,Up,"[""1"", ""0""]",0.99,213.007573,,0.49,0.01,resolved,0x75c5e8f0b64d0676301a981d1bf58eccc9d7800cd5f9f1b10ac891b577a033b7,https://data.chain.link/streams/bnb-usd-twap-60s-streams,712.5664289572844,2026-09-11 11:51:27+00
btc-updown-5m-1789127100,BTC,"Bitcoin Up or Down - September 11, 7:45AM-7:50AM ET",2026-09-11T11:50:00Z,2026-09-11T11:45:00Z,76863.45787980147,Up,"[""1"", ""0""]",0.99,31423.047470000012,,0.4945,0.001,resolved,0x507058d0c178fc93fd6abd76366bfc78fa15a054d6d01e0247bfcb4badcdc8a1,https://data.chain.link/streams/btc-usd-twap-60s-streams,76914.47266004447,2026-09-11 11:51:27+00
doge-updown-5m-1789127100,DOGE,"Dogecoin Up or Down - September 11, 7:45AM-7:50AM ET",2026-09-11T11:50:00Z,2026-09-11T11:45:00Z,0.08352457561272393,Up,"[""1"", ""0""]",0.99,503.4556159999999,,0.495,0.01,resolved,0x6d6922e4e578c1b4b252648bde50fcf1fbdfb3843503d7d95ae3764a49fad484,https://data.chain.link/streams/doge-usd-twap-60s-streams,0.08357455854612252,2026-09-11 11:51:25+00
eth-updown-5m-1789127100,ETH,"Ethereum Up or Down - September 11, 7:45AM-7:50AM ET",2026-09-11T11:50:00Z,2026-09-11T11:45:00Z,2457.910817547389,Down,"[""0"", ""1""]",0.06,5571.007628999999,,-0.5,0.01,resolved,0xc73ecd15aea4c90a8cef3f76802966eae25300d160fb53492ed51d966cbbe70d,https://data.chain.link/streams/eth-usd-twap-60s-streams,2457.25045764478,2026-09-11 11:51:27+00
hype-updown-5m-1789127100,HYPE,"Hyperliquid Up or Down - September 11, 7:45AM-7:50AM ET",2026-09-11T11:50:00Z,2026-09-11T11:45:00Z,79.16365784848254,Up,"[""1"", ""0""]",0.99,138.05613499999998,,0.49,0.01,resolved,0xa722884f919ef86963a2672cdb8e285723e38057fd1a56f868c12d8df563b652,https://data.chain.link/streams/hype-usd-twap-60s-streams,79.19140124293148,2026-09-11 11:51:25+00
sol-updown-5m-1789127100,SOL,"Solana Up or Down - September 11, 7:45AM-7:50AM ET",2026-09-11T11:50:00Z,2026-09-11T11:45:00Z,99.2866704185793,Up,"[""1"", ""0""]",0.99,3420.7188669999987,,0.49,0.01,resolved,0xf548bad4650fa55caa21849e30ce8d4b0e61b03fc508a1c98f02e6257676e8be,https://data.chain.link/streams/sol-usd-twap-60s-streams,99.3837764161277,2026-09-11 11:51:25+00
xrp-updown-5m-1789127100,XRP,"XRP Up or Down - September 11, 7:45AM-7:50AM ET",2026-09-11T11:50:00Z,2026-09-11T11:45:00Z,1.327120938190126,Up,"[""1"", ""0""]",0.99,928.8152450000001,,0.49,0.01,resolved,0x46f62d77e9233bd87d60331d583e7826a87babbe3ef27cf643c80d887f7fe3ca,https://data.chain.link/streams/xrp-usd-twap-60s-streams,1.3275922747080793,2026-09-11 11:51:25+00
zec-updown-5m-1789127100,ZEC,"ZCash Up or Down - September 11, 7:45AM-7:50AM ET",2026-09-11T11:50:00Z,2026-09-11T11:45:00Z,1095.3616956378246,Up,"[""1"", ""0""]",,,,0.495,0.01,resolved,0x035372c4be4d55dc7f1a112b90bfb16737d2ecd8f515867e55476e64479b5df1,https://data.chain.link/streams/zec-usd-twap-60s-streams,1096.8256493251552,2026-09-11 11:51:25+00
bnb-updown-5m-1789127400,BNB,"BNB Up or Down - September 11, 7:50AM-7:55AM ET",2026-09-11T11:55:00Z,2026-09-11T11:50:00Z,712.5664289572844,Up,"[""1"", ""0""]",0.99,,,0.495,0.01,resolved,0x6f7de38d63438b3d18d9700f684e85a43209f344391e56ec537d30d0908da80f,https://data.chain.link/streams/bnb-usd-twap-60s-streams,712.6350336006602,2026-09-11 11:55:54+00
btc-updown-5m-1789127400,BTC,"Bitcoin Up or Down - September 11, 7:50AM-7:55AM ET",2026-09-11T11:55:00Z,2026-09-11T11:50:00Z,76914.47266004447,Up,"[""1"", ""0""]",0.999,43243.46518300001,,0.49,0.01,resolved,0x06588b440a50f29420d1c66e73b687c9281e1432c7d4d33f75f9a36915ce4680,https://data.chain.link/streams/btc-usd-twap-60s-streams,76956.2637048126,2026-09-11 11:55:54+00
doge-updown-5m-1789127400,DOGE,"Dogecoin Up or Down - September 11, 7:50AM-7:55AM ET",2026-09-11T11:55:00Z,2026-09-11T11:50:00Z,0.08357455854612252,Up,"[""1"", ""0""]",0.99,208.95427,,0.495,0.01,resolved,0x2099af271a0074ea1a00f6dad348af3c0a7c0ca9a4abec30787bb09cc6aabc00,https://data.chain.link/streams/doge-usd-twap-60s-streams,0.08363913926398918,2026-09-11 11:55:54+00
eth-updown-5m-1789127400,ETH,"Ethereum Up or Down - September 11, 7:50AM-7:55AM ET",2026-09-11T11:55:00Z,2026-09-11T11:50:00Z,2457.25045764478,Down,"[""0"", ""1""]",0.02,5353.5157770000005,,-0.5,0.01,resolved,0x02e7cc2e0cc2eb9db7d2ea6cba8a781e54aeb4c7f06ab013d09a0d5d5c3d4cb7,https://data.chain.link/streams/eth-usd-twap-60s-streams,2456.8699368958287,2026-09-11 11:55:54+00
hype-updown-5m-1789127400,HYPE,"Hyperliquid Up or Down - September 11, 7:50AM-7:55AM ET",2026-09-11T11:55:00Z,2026-09-11T11:50:00Z,79.19140124293148,Up,"[""1"", ""0""]",0.98,,,0.49,0.01,resolved,0x053269cab994dfc1f4f7a35efb9559444bdea9566eecfbbde81d70980f46272c,https://data.chain.link/streams/hype-usd-twap-60s-streams,79.21248870391523,2026-09-11 11:55:54+00
sol-updown-5m-1789127400,SOL,"Solana Up or Down - September 11, 7:50AM-7:55AM ET",2026-09-11T11:55:00Z,2026-09-11T11:50:00Z,99.3837764161277,Up,"[""1"", ""0""]",0.999,1483.962446,,0.49,0.01,resolved,0xfadf522fea3b2c5bafc3494fb51585896d69ce00fd7bc3dae330d469f0a2c709,https://data.chain.link/streams/sol-usd-twap-60s-streams,99.45431149170841,2026-09-11 11:55:54+00
xrp-updown-5m-1789127400,XRP,"XRP Up or Down - September 11, 7:50AM-7:55AM ET",2026-09-11T11:55:00Z,2026-09-11T11:50:00Z,1.3275922747080793,Up,"[""1"", ""0""]",0.999,1384.727737,,0.49,0.01,resolved,0xb506409971e32a31e6d72cbfb4de92d17917556584178561d473c83379ef85c8,https://data.chain.link/streams/xrp-usd-twap-60s-streams,1.328166766427199,2026-09-11 11:55:54+00
zec-updown-5m-1789127400,ZEC,"ZCash Up or Down - September 11, 7:50AM-7:55AM ET",2026-09-11T11:55:00Z,2026-09-11T11:50:00Z,1096.8256493251552,Up,"[""1"", ""0""]",,,,0.01,0.98,resolved,0x4f0fd94284a9d865604e49cb56f7b2eae99ab24dcc77bc620f43f1c6bfb0ea36,https://data.chain.link/streams/zec-usd-twap-60s-streams,1101.1422497029573,2026-09-11 11:55:54+00
bnb-updown-5m-1789127700,BNB,"BNB Up or Down - September 11, 7:55AM-8:00AM ET",2026-09-11T12:00:00Z,2026-09-11T11:55:00Z,712.6350336006602,Up,"[""1"", ""0""]",0.99,,,0.49,0.01,resolved,0xced333a8c3a8c2d0b81cfdc25258e268dc5c120273e91563b1ec90f50737e318,https://data.chain.link/streams/bnb-usd-twap-60s-streams,712.9060955933257,2026-09-11 12:01:27+00
btc-updown-5m-1789127700,BTC,"Bitcoin Up or Down - September 11, 7:55AM-8:00AM ET",2026-09-11T12:00:00Z,2026-09-11T11:55:00Z,76956.2637048126,Up,"[""1"", ""0""]",0.99,64268.07202699999,59.46,0.49,0.01,resolved,0x25f52d96a1b4cc8bffb0ab8c0e1096d01f4887d492c0d7e79e004a3cdab0fd40,https://data.chain.link/streams/btc-usd-twap-60s-streams,76994.84244708234,2026-09-11 12:01:27+00
doge-updown-5m-1789127700,DOGE,"Dogecoin Up or Down - September 11, 7:55AM-8:00AM ET",2026-09-11T12:00:00Z,2026-09-11T11:55:00Z,0.08363913926398918,Up,"[""1"", ""0""]",0.99,,,0.495,0.01,resolved,0x54a4fddd24500ba853912a01f1462f84cd2e2d5254b8a75400747365129bf377,https://data.chain.link/streams/doge-usd-twap-60s-streams,0.08365441357888045,2026-09-11 12:01:27+00
eth-updown-5m-1789127700,ETH,"Ethereum Up or Down - September 11, 7:55AM-8:00AM ET",2026-09-11T12:00:00Z,2026-09-11T11:55:00Z,2456.8699368958287,Up,"[""1"", ""0""]",0.99,5115.301169,,0.49,0.01,resolved,0x69fa3ea36201bd00dfdad9ace669997f23d71530b9d477b88f2d101eb0653b42,https://data.chain.link/streams/eth-usd-twap-60s-streams,2457.2231220661647,2026-09-11 12:01:27+00
hype-updown-5m-1789127700,HYPE,"Hyperliquid Up or Down - September 11, 7:55AM-8:00AM ET",2026-09-11T12:00:00Z,2026-09-11T11:55:00Z,79.21248870391523,Down,"[""0"", ""1""]",0.13,,,-0.5045,0.001,resolved,0xf2f67bfed33da0c872d3b241dee98475dfcbf05bc2762b7ffa07e140d310e956,https://data.chain.link/streams/hype-usd-twap-60s-streams,79.15704929987254,2026-09-11 12:01:27+00
sol-updown-5m-1789127700,SOL,"Solana Up or Down - September 11, 7:55AM-8:00AM ET",2026-09-11T12:00:00Z,2026-09-11T11:55:00Z,99.45431149170841,Up,"[""1"", ""0""]",0.99,1963.646773,,0.49,0.01,resolved,0x82d2801905dc14094d9a232b7b1d4d49ccca01ba8e1a3185e352998ef70bc205,https://data.chain.link/streams/sol-usd-twap-60s-streams,99.46167134225473,2026-09-11 12:01:27+00
xrp-updown-5m-1789127700,XRP,"XRP Up or Down - September 11, 7:55AM-8:00AM ET",2026-09-11T12:00:00Z,2026-09-11T11:55:00Z,1.328166766427199,Up,"[""1"", ""0""]",0.99,,,0.49,0.01,resolved,0x0613ba77a310f7ab224108271a1b1d44ee271d9bb076a7eaae091ccd95e8674d,https://data.chain.link/streams/xrp-usd-twap-60s-streams,1.3284087316300184,2026-09-11 12:01:27+00
zec-updown-5m-1789127700,ZEC,"ZCash Up or Down - September 11, 7:55AM-8:00AM ET",2026-09-11T12:00:00Z,2026-09-11T11:55:00Z,1101.1422497029573,Down,"[""0"", ""1""]",,,,-0.495,0.01,resolved,0x533fe555da7cffb06a8bfcba7a49363dbebb4f91bd02e4d02536db2bd38bc0dd,https://data.chain.link/streams/zec-usd-twap-60s-streams,1100.6699265676987,2026-09-11 12:01:27+00
bnb-updown-5m-1789128000,BNB,"BNB Up or Down - September 11, 8:00AM-8:05AM ET",2026-09-11T12:05:00Z,2026-09-11T12:00:00Z,712.9060955933257,Down,"[""0"", ""1""]",0.69,1575.0931289999999,,-0.4995,0.001,resolved,0x9a4f009e6d0519699f5b70f067b2dd8b0cb4d625a79f604b1292e718b348aab6,https://data.chain.link/streams/bnb-usd-twap-60s-streams,712.9029337740556,2026-09-11 12:06:25+00
btc-updown-5m-1789128000,BTC,"Bitcoin Up or Down - September 11, 8:00AM-8:05AM ET",2026-09-11T12:05:00Z,2026-09-11T12:00:00Z,76994.84244708234,Up,"[""1"", ""0""]",0.999,77351.19279499998,,0.4945,0.001,resolved,0x529e379aca786767662dafecbd8db905f7a918f379867c45540b364965bc8eac,https://data.chain.link/streams/btc-usd-twap-60s-streams,77033.43597852172,2026-09-11 12:06:25+00
doge-updown-5m-1789128000,DOGE,"Dogecoin Up or Down - September 11, 8:00AM-8:05AM ET",2026-09-11T12:05:00Z,2026-09-11T12:00:00Z,0.08365441357888045,Down,"[""0"", ""1""]",0.09,582.3126990000001,,-0.4995,0.001,resolved,0xa56577695f06aa517f6fafc4c82abac46ed030939825815deef3e90aadcc0c76,https://data.chain.link/streams/doge-usd-twap-60s-streams,0.08364407344563685,2026-09-11 12:06:27+00
eth-updown-5m-1789128000,ETH,"Ethereum Up or Down - September 11, 8:00AM-8:05AM ET",2026-09-11T12:05:00Z,2026-09-11T12:00:00Z,2457.2231220661647,Down,"[""0"", ""1""]",0.01,5908.716407,,-0.5,0.01,resolved,0x617abbed589218e109ff793eb1c80454dbab66d92db77ec886d81e7ac674d321,https://data.chain.link/streams/eth-usd-twap-60s-streams,2457.1801960443695,2026-09-11 12:06:27+00
hype-updown-5m-1789128000,HYPE,"Hyperliquid Up or Down - September 11, 8:00AM-8:05AM ET",2026-09-11T12:05:00Z,2026-09-11T12:00:00Z,79.15704929987254,Up,"[""1"", ""0""]",0.99,425.008588,,0.4945,0.001,resolved,0x0cdcde62d2d7d43370fe437e3dd2881b393d7c1b1d19e933663a3035384e879b,https://data.chain.link/streams/hype-usd-twap-60s-streams,79.2237631189176,2026-09-11 12:06:25+00
sol-updown-5m-1789128000,SOL,"Solana Up or Down - September 11, 8:00AM-8:05AM ET",2026-09-11T12:05:00Z,2026-09-11T12:00:00Z,99.46167134225473,Up,"[""1"", ""0""]",0.999,1810.7689219999997,,0.4945,0.001,resolved,0xa0c84df254c8951957b13889841cfdf8854f71288ee46d7a0c5e1c89919fe8de,https://data.chain.link/streams/sol-usd-twap-60s-streams,99.50946583970162,2026-09-11 12:06:25+00
xrp-updown-5m-1789128000,XRP,"XRP Up or Down - September 11, 8:00AM-8:05AM ET",2026-09-11T12:05:00Z,2026-09-11T12:00:00Z,1.3284087316300184,Up,"[""1"", ""0""]",0.99,790.371846,,0.4945,0.001,resolved,0xdbad581271299ae227ebe228e8aabd31be9f17f8f5df1988bfd8b839127720c5,https://data.chain.link/streams/xrp-usd-twap-60s-streams,1.3309658137328921,2026-09-11 12:06:25+00
zec-updown-5m-1789128000,ZEC,"ZCash Up or Down - September 11, 8:00AM-8:05AM ET",2026-09-11T12:05:00Z,2026-09-11T12:00:00Z,1100.6699265676987,Down,"[""0"", ""1""]",,,,-0.495,0.01,resolved,0xd8c9ed30b0e81197f0070ded525b219002c5898f3d26c75c272b8ecb807333d2,https://data.chain.link/streams/zec-usd-twap-60s-streams,1099.1711580525982,2026-09-11 12:06:25+00
bnb-updown-5m-1789128300,BNB,"BNB Up or Down - September 11, 8:05AM-8:10AM ET",2026-09-11T12:10:00Z,2026-09-11T12:05:00Z,712.9029337740556,Down,"[""0"", ""1""]",0.58,,,-0.5045,0.001,resolved,0x6a2619d08ef3c19cbcfd6da95bce4cb7c683f17ba145754617377ac89f52d9d3,https://data.chain.link/streams/bnb-usd-twap-60s-streams,711.8373924941156,2026-09-11 12:10:54+00
btc-updown-5m-1789128300,BTC,"Bitcoin Up or Down - September 11, 8:05AM-8:10AM ET",2026-09-11T12:10:00Z,2026-09-11T12:05:00Z,77033.43597852172,Down,"[""0"", ""1""]",0.01,37945.400335000006,,-0.5045,0.001,resolved,0xdb680fdd78c7674da68eebc3b90b88e41c0d7156a0fb11c1f39ba59cf9ec45f7,https://data.chain.link/streams/btc-usd-twap-60s-streams,76893.39914931795,2026-09-11 12:10:54+00
doge-updown-5m-1789128300,DOGE,"Dogecoin Up or Down - September 11, 8:05AM-8:10AM ET",2026-09-11T12:10:00Z,2026-09-11T12:05:00Z,0.08364407344563685,Down,"[""0"", ""1""]",0.17,426.29490999999996,,-0.4995,0.001,resolved,0x85577f17ae1d3dd8150cae40c123184035895aa60ef0e0ed673720b383824d0a,https://data.chain.link/streams/doge-usd-twap-60s-streams,0.08341886116417678,2026-09-11 12:10:54+00
eth-updown-5m-1789128300,ETH,"Ethereum Up or Down - September 11, 8:05AM-8:10AM ET",2026-09-11T12:10:00Z,2026-09-11T12:05:00Z,2457.1801960443695,Down,"[""0"", ""1""]",0.01,3305.003204,,-0.5045,0.001,resolved,0xd224d3c9c996523bff34fb8f7e7df8e56cde6da070ac5c12f1b7167522124c36,https://data.chain.link/streams/eth-usd-twap-60s-streams,2450.6876569557057,2026-09-11 12:10:54+00
hype-updown-5m-1789128300,HYPE,"Hyperliquid Up or Down - September 11, 8:05AM-8:10AM ET",2026-09-11T12:10:00Z,2026-09-11T12:05:00Z,79.2237631189176,Down,"[""0"", ""1""]",,,,-0.5045,0.001,resolved,0xe5cace1ca321d52e40106f2b21210620e765b669cadd9c601c371e290b6b4d9d,https://data.chain.link/streams/hype-usd-twap-60s-streams,78.88327971681203,2026-09-11 12:10:54+00
sol-updown-5m-1789128300,SOL,"Solana Up or Down - September 11, 8:05AM-8:10AM ET",2026-09-11T12:10:00Z,2026-09-11T12:05:00Z,99.50946583970162,Down,"[""0"", ""1""]",0.11,866.008995,,-0.5045,0.001,resolved,0x37143641fa63dd2770cc48903fc7cf8439b1de37fe173db83ec504e0be754a0a,https://data.chain.link/streams/sol-usd-twap-60s-streams,99.2309578573557,2026-09-11 12:10:54+00
xrp-updown-5m-1789128300,XRP,"XRP Up or Down - September 11, 8:05AM-8:10AM ET",2026-09-11T12:10:00Z,2026-09-11T12:05:00Z,1.3309658137328921,Down,"[""0"", ""1""]",0.11,771.5335220000001,,-0.5045,0.001,resolved,0x842c3ce89b3ae1b1add89449e1672efcd6324bbb1f11f9c8c472fe31aae4649d,https://data.chain.link/streams/xrp-usd-twap-60s-streams,1.3252736302905224,2026-09-11 12:10:54+00
zec-updown-5m-1789128300,ZEC,"ZCash Up or Down - September 11, 8:05AM-8:10AM ET",2026-09-11T12:10:00Z,2026-09-11T12:05:00Z,1099.1711580525982,Down,"[""0"", ""1""]",,,,-0.495,0.01,resolved,0x6840a611dd3645fe24427c924ae59c77d8ff8fe6368d599f1072c16e70f88597,https://data.chain.link/streams/zec-usd-twap-60s-streams,1091.0078574792199,2026-09-11 12:10:54+00
bnb-updown-5m-1789128600,BNB,"BNB Up or Down - September 11, 8:10AM-8:15AM ET",2026-09-11T12:15:00Z,2026-09-11T12:10:00Z,711.8373924941156,Down,"[""0"", ""1""]",0.04,,,-0.5,0.01,resolved,0x33fb59cfee1d831673afe31159ffca9928d75746fe90b341abe17c8205df90f8,https://data.chain.link/streams/bnb-usd-twap-60s-streams,711.6015581288228,2026-09-11 12:15:54+00
btc-updown-5m-1789128600,BTC,"Bitcoin Up or Down - September 11, 8:10AM-8:15AM ET",2026-09-11T12:15:00Z,2026-09-11T12:10:00Z,76893.39914931795,Up,"[""1"", ""0""]",0.99,88652.62328300002,,0.42,0.02,resolved,0x70703abcbe6ed2f476bed37084596414b74fe6d86dfe1a269e180fb56f3e5508,https://data.chain.link/streams/btc-usd-twap-60s-streams,76893.4702811815,2026-09-11 12:15:52+00
doge-updown-5m-1789128600,DOGE,"Dogecoin Up or Down - September 11, 8:10AM-8:15AM ET",2026-09-11T12:15:00Z,2026-09-11T12:10:00Z,0.08341886116417678,Down,"[""0"", ""1""]",0.1,,,-0.495,0.01,resolved,0xbd2d6453a20024bde7ce8666535a28256c805028c783f14c39a11d7fa116c7d8,https://data.chain.link/streams/doge-usd-twap-60s-streams,0.08340504964131348,2026-09-11 12:15:54+00
eth-updown-5m-1789128600,ETH,"Ethereum Up or Down - September 11, 8:10AM-8:15AM ET",2026-09-11T12:15:00Z,2026-09-11T12:10:00Z,2450.6876569557057,Up,"[""1"", ""0""]",0.99,,,0.49,0.01,resolved,0xe9c0ec033543574f59889dc2ffb29c30ba7c182912cd96e45b085866db43c3b4,https://data.chain.link/streams/eth-usd-twap-60s-streams,2451.469973012247,2026-09-11 12:15:52+00
hype-updown-5m-1789128600,HYPE,"Hyperliquid Up or Down - September 11, 8:10AM-8:15AM ET",2026-09-11T12:15:00Z,2026-09-11T12:10:00Z,78.88327971681203,Up,"[""1"", ""0""]",0.98,,,0.49,0.01,resolved,0xc60d042eb668a07d0b9f96ec17b672a10029f0462be83f6f8a58d9de0e433c43,https://data.chain.link/streams/hype-usd-twap-60s-streams,79.0113948915656,2026-09-11 12:15:52+00
sol-updown-5m-1789128600,SOL,"Solana Up or Down - September 11, 8:10AM-8:15AM ET",2026-09-11T12:15:00Z,2026-09-11T12:10:00Z,99.2309578573557,Up,"[""1"", ""0""]",0.99,,,0.49,0.01,resolved,0xdf9b2c8c8a09fa47f75f4f3fd59344afd29f52228eba3e1822af10dc9458d387,https://data.chain.link/streams/sol-usd-twap-60s-streams,99.28663864418337,2026-09-11 12:15:54+00
xrp-updown-5m-1789128600,XRP,"XRP Up or Down - September 11, 8:10AM-8:15AM ET",2026-09-11T12:15:00Z,2026-09-11T12:10:00Z,1.3252736302905224,Up,"[""1"", ""0""]",0.99,,,0.49,0.01,resolved,0x71c1764fef842e9ec1c1c36834d7de45e0bfeccc9dd69be3a21aae83a2a94720,https://data.chain.link/streams/xrp-usd-twap-60s-streams,1.3263448045594737,2026-09-11 12:15:52+00
zec-updown-5m-1789128600,ZEC,"ZCash Up or Down - September 11, 8:10AM-8:15AM ET",2026-09-11T12:15:00Z,2026-09-11T12:10:00Z,1091.0078574792199,Up,"[""1"", ""0""]",,,,0.495,0.01,resolved,0xde504215f946a5c694167f43fc34d8c90b51d7f89142a3873aaf2d22ea13d0bb,https://data.chain.link/streams/zec-usd-twap-60s-streams,1094.4622863762218,2026-09-11 12:15:52+00
bnb-updown-5m-1789128900,BNB,"BNB Up or Down - September 11, 8:15AM-8:20AM ET",2026-09-11T12:20:00Z,2026-09-11T12:15:00Z,711.6015581288228,Up,"[""1"", ""0""]",0.99,136.50793299999998,,0.4945,0.001,resolved,0x6709791c38c76ecc3c3680fa455349e8f5fbaee29710522d650a5fa8ae57f7a7,https://data.chain.link/streams/bnb-usd-twap-60s-streams,712.1694679223486,2026-09-11 12:21:25+00
btc-updown-5m-1789128900,BTC,"Bitcoin Up or Down - September 11, 8:15AM-8:20AM ET",2026-09-11T12:20:00Z,2026-09-11T12:15:00Z,76893.4702811815,Up,"[""1"", ""0""]",0.999,39552.66231300001,,0.4945,0.001,resolved,0x3759f8d0b469fb716e7c9f729aa273f1c04f908dffa5ba23855bb6ea9065c2a7,https://data.chain.link/streams/btc-usd-twap-60s-streams,76989.00278449968,2026-09-11 12:21:25+00
doge-updown-5m-1789128900,DOGE,"Dogecoin Up or Down - September 11, 8:15AM-8:20AM ET",2026-09-11T12:20:00Z,2026-09-11T12:15:00Z,0.08340504964131348,Down,"[""0"", ""1""]",0.5,245.61985800000002,,-0.495,0.01,resolved,0x8ad2b22d09fbe3e9e73727617819aa62cc300dc480782fb38d894152f4e062e7,https://data.chain.link/streams/doge-usd-twap-60s-streams,0.08339417165640642,2026-09-11 12:21:27+00
eth-updown-5m-1789128900,ETH,"Ethereum Up or Down - September 11, 8:15AM-8:20AM ET",2026-09-11T12:20:00Z,2026-09-11T12:15:00Z,2451.469973012247,Up,"[""1"", ""0""]",0.99,3290.1228520000004,,0.4945,0.001,resolved,0x5a9afb994a1e86196c8cc9b8dc8be2d56546330994f5317d23dce96881f0c8b8,https://data.chain.link/streams/eth-usd-twap-60s-streams,2455.6999668082713,2026-09-11 12:21:27+00
hype-updown-5m-1789128900,HYPE,"Hyperliquid Up or Down - September 11, 8:15AM-8:20AM ET",2026-09-11T12:20:00Z,2026-09-11T12:15:00Z,79.0113948915656,Up,"[""1"", ""0""]",0.98,36.795715,,0.4945,0.001,resolved,0xb2b4a210b097641d4efb66e13882b0102e9933555de4796678cd15e11e72ea25,https://data.chain.link/streams/hype-usd-twap-60s-streams,79.13602176997817,2026-09-11 12:21:25+00
sol-updown-5m-1789128900,SOL,"Solana Up or Down - September 11, 8:15AM-8:20AM ET",2026-09-11T12:20:00Z,2026-09-11T12:15:00Z,99.28663864418337,Down,"[""0"", ""1""]",0.01,3662.8745809999996,,-0.5,0.01,resolved,0xeb39ea1f4150cec9768dd6d3cda48bbb628bc44dc89e94a236a20e7f2c152ce6,https://data.chain.link/streams/sol-usd-twap-60s-streams,99.28253778130235,2026-09-11 12:21:25+00
xrp-updown-5m-1789128900,XRP,"XRP Up or Down - September 11, 8:15AM-8:20AM ET",2026-09-11T12:20:00Z,2026-09-11T12:15:00Z,1.3263448045594737,Up,"[""1"", ""0""]",0.99,898.534527,,0.4945,0.001,resolved,0xe657df86b7b641ebaaab0f86e1845747baecc9097024562a02c3ad14a6b89c7b,https://data.chain.link/streams/xrp-usd-twap-60s-streams,1.3275005670568794,2026-09-11 12:21:25+00
zec-updown-5m-1789128900,ZEC,"ZCash Up or Down - September 11, 8:15AM-8:20AM ET",2026-09-11T12:20:00Z,2026-09-11T12:15:00Z,1094.4622863762218,Up,"[""1"", ""0""]",,,,0.495,0.01,resolved,0x3445b0a4ebb14787a308986c7f5a0ecc3522f42983e7320cb46ecbd8809f3658,https://data.chain.link/streams/zec-usd-twap-60s-streams,1099.157647160083,2026-09-11 12:21:25+00
bnb-updown-5m-1789129200,BNB,"BNB Up or Down - September 11, 8:20AM-8:25AM ET",2026-09-11T12:25:00Z,2026-09-11T12:20:00Z,712.1694679223486,Down,"[""0"", ""1""]",0.11,256.128946,,-0.5,0.01,resolved,0x5a2cd90da6dc2989093354ebddeee0f930f9e01ef212c5c35d4bde678178c15b,https://data.chain.link/streams/bnb-usd-twap-60s-streams,711.480871973413,2026-09-11 12:25:54+00
btc-updown-5m-1789129200,BTC,"Bitcoin Up or Down - September 11, 8:20AM-8:25AM ET",2026-09-11T12:25:00Z,2026-09-11T12:20:00Z,76989.00278449968,Down,"[""0"", ""1""]",0.01,51934.83290300002,,-0.5,0.01,resolved,0x74a33d7e737b6cc75d75264466bb39ed00df85dfffb8c1e1ab91cc9fb8fae689,https://data.chain.link/streams/btc-usd-twap-60s-streams,76950.1816946568,2026-09-11 12:25:54+00
doge-updown-5m-1789129200,DOGE,"Dogecoin Up or Down - September 11, 8:20AM-8:25AM ET",2026-09-11T12:25:00Z,2026-09-11T12:20:00Z,0.08339417165640642,Down,"[""0"", ""1""]",0.26,,,-0.495,0.01,resolved,0xc1a697855a10aac9868e2d7c25577e7c696245b4651f36dd901ce15b6f40bd3e,https://data.chain.link/streams/doge-usd-twap-60s-streams,0.0832403751661988,2026-09-11 12:25:54+00
eth-updown-5m-1789129200,ETH,"Ethereum Up or Down - September 11, 8:20AM-8:25AM ET",2026-09-11T12:25:00Z,2026-09-11T12:20:00Z,2455.6999668082713,Down,"[""0"", ""1""]",0.08,4448.764414000002,,-0.495,0.01,resolved,0x674ea79d23ac7b9a252c96a18bb67c384dfeab1fce3fe92f7bc4e2f312abcc05,https://data.chain.link/streams/eth-usd-twap-60s-streams,2455.145670188508,2026-09-11 12:25:54+00
hype-updown-5m-1789129200,HYPE,"Hyperliquid Up or Down - September 11, 8:20AM-8:25AM ET",2026-09-11T12:25:00Z,2026-09-11T12:20:00Z,79.13602176997817,Down,"[""0"", ""1""]",0.23,,,-0.495,0.01,resolved,0x74a4441e07a496edc5ede0188027e0fc6b779d9883d3cb9947657927d7ad60f5,https://data.chain.link/streams/hype-usd-twap-60s-streams,78.79903247076521,2026-09-11 12:25:54+00
sol-updown-5m-1789129200,SOL,"Solana Up or Down - September 11, 8:20AM-8:25AM ET",2026-09-11T12:25:00Z,2026-09-11T12:20:00Z,99.28253778130235,Down,"[""0"", ""1""]",0.01,1979.4489360000002,,-0.495,0.01,resolved,0x60df368c9f76edbbb64e9843c97d616bc95fa9ef40c954f497a6dcfb809948c8,https://data.chain.link/streams/sol-usd-twap-60s-streams,99.13492577664233,2026-09-11 12:25:54+00
xrp-updown-5m-1789129200,XRP,"XRP Up or Down - September 11, 8:20AM-8:25AM ET",2026-09-11T12:25:00Z,2026-09-11T12:20:00Z,1.3275005670568794,Down,"[""0"", ""1""]",0.03,559.983081,,-0.495,0.01,resolved,0x30dc0f7864e98471d1e09d8cec33bdb231c0e8354bddb1c8d7424cd2018baefd,https://data.chain.link/streams/xrp-usd-twap-60s-streams,1.3247921384726178,2026-09-11 12:25:54+00
zec-updown-5m-1789129200,ZEC,"ZCash Up or Down - September 11, 8:20AM-8:25AM ET",2026-09-11T12:25:00Z,2026-09-11T12:20:00Z,1099.157647160083,Down,"[""0"", ""1""]",0.68,,,-0.495,0.01,resolved,0x4e138a524fbdeb916aa67218d45a57a1cd7bf923181c89726cb967b4f7b994f0,https://data.chain.link/streams/zec-usd-twap-60s-streams,1097.8783407714557,2026-09-11 12:25:54+00
bnb-updown-5m-1789129500,BNB,"BNB Up or Down - September 11, 8:25AM-8:30AM ET",2026-09-11T12:30:00Z,2026-09-11T12:25:00Z,711.480871973413,Up,"[""1"", ""0""]",0.99,,,0.49,0.01,resolved,0xa039ae77305a96845aae3661a28e743be135f0653a4ba6e15b5cc5353f3a3ee1,https://data.chain.link/streams/bnb-usd-twap-60s-streams,712.1938974462764,2026-09-11 12:31:27+00
btc-updown-5m-1789129500,BTC,"Bitcoin Up or Down - September 11, 8:25AM-8:30AM ET",2026-09-11T12:30:00Z,2026-09-11T12:25:00Z,76950.1816946568,Up,"[""1"", ""0""]",0.99,101941.40460099993,,0.49,0.01,resolved,0x620fbda7ba31baed5d01373d9862d95a0c55fdfeafa6018a1304d9f8f62e50a8,https://data.chain.link/streams/btc-usd-twap-60s-streams,77062.89479932586,2026-09-11 12:31:27+00
doge-updown-5m-1789129500,DOGE,"Dogecoin Up or Down - September 11, 8:25AM-8:30AM ET",2026-09-11T12:30:00Z,2026-09-11T12:25:00Z,0.0832403751661988,Up,"[""1"", ""0""]",0.99,,,0.495,0.01,resolved,0x07d5607fffa3cbcc13297e9d15ca0f164d0e58f743c94e6d0bfaa100ac773f2e,https://data.chain.link/streams/doge-usd-twap-60s-streams,0.08344120849046062,2026-09-11 12:31:27+00
eth-updown-5m-1789129500,ETH,"Ethereum Up or Down - September 11, 8:25AM-8:30AM ET",2026-09-11T12:30:00Z,2026-09-11T12:25:00Z,2455.145670188508,Up,"[""1"", ""0""]",0.99,5384.818454999999,9.156863,0.495,0.01,resolved,0xc46323872887a379cadc1aa794348d518ca99ea39d2dc2ca7fa3de94b06f6180,https://data.chain.link/streams/eth-usd-twap-60s-streams,2461.5998596283575,2026-09-11 12:31:27+00
hype-updown-5m-1789129500,HYPE,"Hyperliquid Up or Down - September 11, 8:25AM-8:30AM ET",2026-09-11T12:30:00Z,2026-09-11T12:25:00Z,78.79903247076521,Up,"[""1"", ""0""]",0.98,,,0.49,0.01,resolved,0x303314971533e5546473b575c71991f79b28c1d7e1e62780f41df5312852c3c4,https://data.chain.link/streams/hype-usd-twap-60s-streams,79.05619932671928,2026-09-11 12:31:27+00
sol-updown-5m-1789129500,SOL,"Solana Up or Down - September 11, 8:25AM-8:30AM ET",2026-09-11T12:30:00Z,2026-09-11T12:25:00Z,99.13492577664233,Up,"[""1"", ""0""]",0.99,,,0.49,0.01,resolved,0x1e1a11cfce42366bb2d573f16962ae67fe1f5881963f122ff238b2c2b99df92f,https://data.chain.link/streams/sol-usd-twap-60s-streams,99.45006280818589,2026-09-11 12:31:25+00
xrp-updown-5m-1789129500,XRP,"XRP Up or Down - September 11, 8:25AM-8:30AM ET",2026-09-11T12:30:00Z,2026-09-11T12:25:00Z,1.3247921384726178,Up,"[""1"", ""0""]",0.99,,,0.495,0.01,resolved,0xded45c7e1613f33a6a3a8bbb1e728700f15d1077bacaaff61146c588bcfb9a7f,https://data.chain.link/streams/xrp-usd-twap-60s-streams,1.328532086628836,2026-09-11 12:31:25+00
zec-updown-5m-1789129500,ZEC,"ZCash Up or Down - September 11, 8:25AM-8:30AM ET",2026-09-11T12:30:00Z,2026-09-11T12:25:00Z,1097.8783407714557,Up,"[""1"", ""0""]",,,,0.495,0.01,resolved,0xcf0a19fa1ba74c942ece2b76ecf47dc88a8bf15fc7fe803d4b0aa29fe0e05908,https://data.chain.link/streams/zec-usd-twap-60s-streams,1112.7034668498513,2026-09-11 12:31:25+00
bnb-updown-5m-1789129800,BNB,"BNB Up or Down - September 11, 8:30AM-8:35AM ET",2026-09-11T12:35:00Z,2026-09-11T12:30:00Z,712.1938974462764,Up,"[""1"", ""0""]",0.98,1740.4504109999998,,0.4945,0.001,resolved,0x8736c674dadf7e2d41fe2c0e4dd6e8940558f97c33e3fe8a938d7dbcba93cbc2,https://data.chain.link/streams/bnb-usd-twap-60s-streams,716.3520935502668,2026-09-11 12:36:27+00
btc-updown-5m-1789129800,BTC,"Bitcoin Up or Down - September 11, 8:30AM-8:35AM ET",2026-09-11T12:35:00Z,2026-09-11T12:30:00Z,77062.89479932586,Up,"[""1"", ""0""]",0.999,133804.048669,472.95451,0.5045,0.001,resolved,0x554839288c9efd4762f4de55c170c33d5ebcbf5ea93ead5a64f94db75edca411,https://data.chain.link/streams/btc-usd-twap-60s-streams,77116.76536301666,2026-09-11 12:36:25+00
doge-updown-5m-1789129800,DOGE,"Dogecoin Up or Down - September 11, 8:30AM-8:35AM ET",2026-09-11T12:35:00Z,2026-09-11T12:30:00Z,0.08344120849046062,Up,"[""1"", ""0""]",0.96,1883.2661900000003,,0.4995,0.001,resolved,0x90d942026a6ce8fee6c07cdd87188626f6749e5523a9b8742416a391e84966ec,https://data.chain.link/streams/doge-usd-twap-60s-streams,0.08408947643679462,2026-09-11 12:36:27+00
eth-updown-5m-1789129800,ETH,"Ethereum Up or Down - September 11, 8:30AM-8:35AM ET",2026-09-11T12:35:00Z,2026-09-11T12:30:00Z,2461.5998596283575,Up,"[""1"", ""0""]",0.99,13067.638699,,0.4945,0.001,resolved,0x7867f18cb4f4a812e5c6c1b0dc68e923411410bea28de904ab5674df5124abd9,https://data.chain.link/streams/eth-usd-twap-60s-streams,2471.2695345736743,2026-09-11 12:36:27+00
hype-updown-5m-1789129800,HYPE,"Hyperliquid Up or Down - September 11, 8:30AM-8:35AM ET",2026-09-11T12:35:00Z,2026-09-11T12:30:00Z,79.05619932671928,Up,"[""1"", ""0""]",0.999,137.09734200000003,,0.4945,0.001,resolved,0x783acd37eaa086ac2f27d80662bc80cb0b9989b4b6173d73af36e024d70d6961,https://data.chain.link/streams/hype-usd-twap-60s-streams,80.66598548064087,2026-09-11 12:36:27+00
sol-updown-5m-1789129800,SOL,"Solana Up or Down - September 11, 8:30AM-8:35AM ET",2026-09-11T12:35:00Z,2026-09-11T12:30:00Z,99.45006280818589,Up,"[""1"", ""0""]",0.99,6424.906071000001,,0.4945,0.001,resolved,0x43be177b794acf20639c3c970187ca8704d0daec30dee53d38163def7f7e60b1,https://data.chain.link/streams/sol-usd-twap-60s-streams,100.24551027981394,2026-09-11 12:36:25+00
xrp-updown-5m-1789129800,XRP,"XRP Up or Down - September 11, 8:30AM-8:35AM ET",2026-09-11T12:35:00Z,2026-09-11T12:30:00Z,1.328532086628836,Up,"[""1"", ""0""]",0.99,3416.135252,,0.4945,0.001,resolved,0xc6729d40d6034a0995ec51d7b9e55b5de5454a1a29c50736935a49768def2e69,https://data.chain.link/streams/xrp-usd-twap-60s-streams,1.3448715066092485,2026-09-11 12:36:25+00
zec-updown-5m-1789129800,ZEC,"ZCash Up or Down - September 11, 8:30AM-8:35AM ET",2026-09-11T12:35:00Z,2026-09-11T12:30:00Z,1112.7034668498513,Up,"[""1"", ""0""]",,,,0.4995,0.001,resolved,0x09bbbf183e5adcfdfcb29e7a4075237a47f79aa191a45e348d057407eaa650d5,https://data.chain.link/streams/zec-usd-twap-60s-streams,1144.7730153626287,2026-09-11 12:36:27+00
bnb-updown-5m-1789130100,BNB,"BNB Up or Down - September 11, 8:35AM-8:40AM ET",2026-09-11T12:40:00Z,2026-09-11T12:35:00Z,716.3520935502668,Up,"[""1"", ""0""]",0.99,282.807297,,0.4945,0.001,resolved,0x005f9a82918d9879f32dc50e92f158e3c11176fc67fe39628c01714899cef21e,https://data.chain.link/streams/bnb-usd-twap-60s-streams,721.0300021206167,2026-09-11 12:41:25+00
btc-updown-5m-1789130100,BTC,"Bitcoin Up or Down - September 11, 8:35AM-8:40AM ET",2026-09-11T12:40:00Z,2026-09-11T12:35:00Z,77116.76536301666,Up,"[""1"", ""0""]",0.999,87242.71320600003,,0.4945,0.001,resolved,0xd4912c2b1cf83cbad13888e7200f9d0e516de59f038133e65f4572f7af24f100,https://data.chain.link/streams/btc-usd-twap-60s-streams,77447.02788416749,2026-09-11 12:41:25+00
doge-updown-5m-1789130100,DOGE,"Dogecoin Up or Down - September 11, 8:35AM-8:40AM ET",2026-09-11T12:40:00Z,2026-09-11T12:35:00Z,0.08408947643679462,Up,"[""1"", ""0""]",0.99,613.977064,,0.4995,0.001,resolved,0x703cd703cc7d15eaabb1c57530253eeffcbbbbcd6bf26dfdcf2126e8fa09f458,https://data.chain.link/streams/doge-usd-twap-60s-streams,0.08493171020756002,2026-09-11 12:41:27+00
eth-updown-5m-1789130100,ETH,"Ethereum Up or Down - September 11, 8:35AM-8:40AM ET",2026-09-11T12:40:00Z,2026-09-11T12:35:00Z,2471.2695345736743,Up,"[""1"", ""0""]",0.999,6134.081720000001,,0.4945,0.001,resolved,0x8e243a429351ffe218036d4e12477a102ea30df87ff4342dbc520dd8c23a7f95,https://data.chain.link/streams/eth-usd-twap-60s-streams,2494.017855440689,2026-09-11 12:41:27+00
hype-updown-5m-1789130100,HYPE,"Hyperliquid Up or Down - September 11, 8:35AM-8:40AM ET",2026-09-11T12:40:00Z,2026-09-11T12:35:00Z,80.66598548064087,Up,"[""1"", ""0""]",0.98,57.366659999999996,,0.4945,0.001,resolved,0x41dccc8a189f0d60c3d6eb52240c5d4c60acf9d61c70ea535e4f85f6306f4856,https://data.chain.link/streams/hype-usd-twap-60s-streams,81.36403745746044,2026-09-11 12:41:27+00
sol-updown-5m-1789130100,SOL,"Solana Up or Down - September 11, 8:35AM-8:40AM ET",2026-09-11T12:40:00Z,2026-09-11T12:35:00Z,100.24551027981394,Up,"[""1"", ""0""]",0.99,2354.1115670000004,,0.4945,0.001,resolved,0x0a28c0774f3e32c62e3dd8e2cfd76fa17c445a0dff0e58ad014f567a40609bc6,https://data.chain.link/streams/sol-usd-twap-60s-streams,100.98792298954618,2026-09-11 12:41:25+00
xrp-updown-5m-1789130100,XRP,"XRP Up or Down - September 11, 8:35AM-8:40AM ET",2026-09-11T12:40:00Z,2026-09-11T12:35:00Z,1.3448715066092485,Up,"[""1"", ""0""]",0.99,1116.518629,,0.4945,0.001,resolved,0x64ee3a6bfa730054b85c76c831f218f8600e3e90a1c7f5ee96dc8a9d26fdf0ca,https://data.chain.link/streams/xrp-usd-twap-60s-streams,1.3577664239044431,2026-09-11 12:41:25+00
zec-updown-5m-1789130100,ZEC,"ZCash Up or Down - September 11, 8:35AM-8:40AM ET",2026-09-11T12:40:00Z,2026-09-11T12:35:00Z,1144.7730153626287,Up,"[""1"", ""0""]",,,,0.495,0.01,resolved,0xff50dfd8ac789125fb48286ccecce83c51e6c7c71f4a5ae9ae4499579b541fcd,https://data.chain.link/streams/zec-usd-twap-60s-streams,1156.9241222695864,2026-09-11 12:41:27+00
bnb-updown-5m-1789130400,BNB,"BNB Up or Down - September 11, 8:40AM-8:45AM ET",2026-09-11T12:45:00Z,2026-09-11T12:40:00Z,721.0300021206167,Up,"[""1"", ""0""]",0.99,,,0.4945,0.001,resolved,0xc413e37f24f1e3d9d86faa4de9a0a9cb681fd67b9b1d4958cf98658746b555af,https://data.chain.link/streams/bnb-usd-twap-60s-streams,721.0887922379038,2026-09-11 12:46:27+00
btc-updown-5m-1789130400,BTC,"Bitcoin Up or Down - September 11, 8:40AM-8:45AM ET",2026-09-11T12:45:00Z,2026-09-11T12:40:00Z,77447.02788416749,Up,"[""1"", ""0""]",0.99,133558.95797000005,,0.4945,0.001,resolved,0xd34594b9f972eb0aa38e71bcb9d6b17a06531577e50a14b12d99103fc0374fbd,https://data.chain.link/streams/btc-usd-twap-60s-streams,77556.59692967658,2026-09-11 12:46:27+00
doge-updown-5m-1789130400,DOGE,"Dogecoin Up or Down - September 11, 8:40AM-8:45AM ET",2026-09-11T12:45:00Z,2026-09-11T12:40:00Z,0.08493171020756002,Down,"[""0"", ""1""]",0.04,,,-0.4995,0.001,resolved,0xf0c71ad06284eb671e3244126d3784ae530531555b5d247aadd9c9982df3ee4a,https://data.chain.link/streams/doge-usd-twap-60s-streams,0.08454364794819595,2026-09-11 12:46:27+00
eth-updown-5m-1789130400,ETH,"Ethereum Up or Down - September 11, 8:40AM-8:45AM ET",2026-09-11T12:45:00Z,2026-09-11T12:40:00Z,2494.017855440689,Down,"[""0"", ""1""]",0.01,7127.326298000003,,-0.5045,0.001,resolved,0xa199af5608a1d4e818dcffa874a9fedbe937d904177d44226d51c930d2245000,https://data.chain.link/streams/eth-usd-twap-60s-streams,2492.284929121387,2026-09-11 12:46:25+00
hype-updown-5m-1789130400,HYPE,"Hyperliquid Up or Down - September 11, 8:40AM-8:45AM ET",2026-09-11T12:45:00Z,2026-09-11T12:40:00Z,81.36403745746044,Down,"[""0"", ""1""]",,,,-0.5045,0.001,resolved,0x4a489b764cc230a258edc59ed3d55269d593ee6072f1f9b44a58ca127e78e4cf,https://data.chain.link/streams/hype-usd-twap-60s-streams,81.25173993058606,2026-09-11 12:46:27+00
sol-updown-5m-1789130400,SOL,"Solana Up or Down - September 11, 8:40AM-8:45AM ET",2026-09-11T12:45:00Z,2026-09-11T12:40:00Z,100.98792298954618,Down,"[""0"", ""1""]",0.09,2004.9314530000001,,-0.5045,0.001,resolved,0x62b8da47c391c25ab76ff4df3e34e8c3f8bd61da6b29e6c77dff86957afb8098,https://data.chain.link/streams/sol-usd-twap-60s-streams,100.89069041642016,2026-09-11 12:46:25+00
xrp-updown-5m-1789130400,XRP,"XRP Up or Down - September 11, 8:40AM-8:45AM ET",2026-09-11T12:45:00Z,2026-09-11T12:40:00Z,1.3577664239044431,Up,"[""1"", ""0""]",0.99,2155.2149770000005,,0.4945,0.001,resolved,0x05c59d7d4be24107d11870f1b0e15268a5cc0629b4de063cedcaa0a02514db66,https://data.chain.link/streams/xrp-usd-twap-60s-streams,1.3581284356620853,2026-09-11 12:46:34+00
zec-updown-5m-1789130400,ZEC,"ZCash Up or Down - September 11, 8:40AM-8:45AM ET",2026-09-11T12:45:00Z,2026-09-11T12:40:00Z,1156.9241222695864,Down,"[""0"", ""1""]",,,,-0.4995,0.001,resolved,0xe0abf155b06e1ffa5da1e2e7572e99046661d14bfc53f43e0a03f41e6ebf5216,https://data.chain.link/streams/zec-usd-twap-60s-streams,1151.7377079461867,2026-09-11 12:46:27+00
bnb-updown-5m-1789130700,BNB,"BNB Up or Down - September 11, 8:45AM-8:50AM ET",2026-09-11T12:50:00Z,2026-09-11T12:45:00Z,721.0887922379038,Up,"[""1"", ""0""]",0.99,272.10704,,0.4945,0.001,resolved,0x2b66a53d74a2f7e759bbeff8ebdbc14da95be8f7fbbb1f949598b8425d4585f3,https://data.chain.link/streams/bnb-usd-twap-60s-streams,721.7656578806482,2026-09-11 12:50:52+00
btc-updown-5m-1789130700,BTC,"Bitcoin Up or Down - September 11, 8:45AM-8:50AM ET",2026-09-11T12:50:00Z,2026-09-11T12:45:00Z,77556.59692967658,Up,"[""1"", ""0""]",0.999,59342.59273600002,,0.4945,0.001,resolved,0x505e92e1c1c34249c80e3255acdc50e353f24d80cea5c526351e066b9bdd0b6f,https://data.chain.link/streams/btc-usd-twap-60s-streams,77846.28189123243,2026-09-11 12:50:52+00
doge-updown-5m-1789130700,DOGE,"Dogecoin Up or Down - September 11, 8:45AM-8:50AM ET",2026-09-11T12:50:00Z,2026-09-11T12:45:00Z,0.08454364794819595,Up,"[""1"", ""0""]",0.99,318.66405899999995,,0.4995,0.001,resolved,0x7d806a97f59ef3fa82223a1fbbddcddd0aababf79c6b40bde5aa06d50018524a,https://data.chain.link/streams/doge-usd-twap-60s-streams,0.08482677750373144,2026-09-11 12:50:52+00
eth-updown-5m-1789130700,ETH,"Ethereum Up or Down - September 11, 8:45AM-8:50AM ET",2026-09-11T12:50:00Z,2026-09-11T12:45:00Z,2492.284929121387,Up,"[""1"", ""0""]",0.99,4542.105531000001,,0.4945,0.001,resolved,0xef86fa30ea0b8a96a76fd4edaf1b5cb7a1620c57cf2e405712b1f60a54389090,https://data.chain.link/streams/eth-usd-twap-60s-streams,2505.32498066657,2026-09-11 12:50:54+00
hype-updown-5m-1789130700,HYPE,"Hyperliquid Up or Down - September 11, 8:45AM-8:50AM ET",2026-09-11T12:50:00Z,2026-09-11T12:45:00Z,81.25173993058606,Up,"[""1"", ""0""]",0.98,55.006172000000014,,0.4945,0.001,resolved,0x6783ec9b3c6de6c93a2dfd35428bcca9bef91016cf50fe99ee0899cde9afb76b,https://data.chain.link/streams/hype-usd-twap-60s-streams,81.9366559385266,2026-09-11 12:50:52+00
sol-updown-5m-1789130700,SOL,"Solana Up or Down - September 11, 8:45AM-8:50AM ET",2026-09-11T12:50:00Z,2026-09-11T12:45:00Z,100.89069041642016,Up,"[""1"", ""0""]",0.99,1289.4576310000002,,0.4945,0.001,resolved,0xdfe659af94feda8834f5e46f9f1f6d047a37c480b665a4df94115465a5a6cb27,https://data.chain.link/streams/sol-usd-twap-60s-streams,101.26310789859599,2026-09-11 12:50:54+00
xrp-updown-5m-1789130700,XRP,"XRP Up or Down - September 11, 8:45AM-8:50AM ET",2026-09-11T12:50:00Z,2026-09-11T12:45:00Z,1.3581284356620853,Up,"[""1"", ""0""]",0.99,934.016725,,0.4945,0.001,resolved,0x191ba9c623708bbc890a8f858847c43f3fd3d592419aa9852338c8a79a473215,https://data.chain.link/streams/xrp-usd-twap-60s-streams,1.3648792243064067,2026-09-11 12:50:52+00
zec-updown-5m-1789130700,ZEC,"ZCash Up or Down - September 11, 8:45AM-8:50AM ET",2026-09-11T12:50:00Z,2026-09-11T12:45:00Z,1151.7377079461867,Up,"[""1"", ""0""]",,,,0.495,0.01,resolved,0x3139087eda0fce0708e33f2826ff7811bdca429a7754670dd78ba644e4048295,https://data.chain.link/streams/zec-usd-twap-60s-streams,1158.7427857438674,2026-09-11 12:50:54+00
bnb-updown-5m-1789131000,BNB,"BNB Up or Down - September 11, 8:50AM-8:55AM ET",2026-09-11T12:55:00Z,2026-09-11T12:50:00Z,721.7656578806482,Up,"[""1"", ""0""]",0.99,,,0.495,0.01,resolved,0x6bfb8dcc49619228ea1216a086fb7543dfc104065fe50b7080fc3b1fd15a332a,https://data.chain.link/streams/bnb-usd-twap-60s-streams,723.307264563582,2026-09-11 12:55:52+00
btc-updown-5m-1789131000,BTC,"Bitcoin Up or Down - September 11, 8:50AM-8:55AM ET",2026-09-11T12:55:00Z,2026-09-11T12:50:00Z,77846.28189123243,Up,"[""1"", ""0""]",0.99,65244.466889999996,,0.49,0.01,resolved,0xaaafb025e95790b8e958231a251aa2591a376f48207c57be45e880c943e6471f,https://data.chain.link/streams/btc-usd-twap-60s-streams,77991.01223299143,2026-09-11 12:55:52+00
doge-updown-5m-1789131000,DOGE,"Dogecoin Up or Down - September 11, 8:50AM-8:55AM ET",2026-09-11T12:55:00Z,2026-09-11T12:50:00Z,0.08482677750373144,Up,"[""1"", ""0""]",0.99,326.82572600000003,,0.495,0.01,resolved,0xa13040943babda882fd9f6393d3a1d7b7460b06eebeaeb190dc36c4081c9f81c,https://data.chain.link/streams/doge-usd-twap-60s-streams,0.08501068959401469,2026-09-11 12:55:52+00
eth-updown-5m-1789131000,ETH,"Ethereum Up or Down - September 11, 8:50AM-8:55AM ET",2026-09-11T12:55:00Z,2026-09-11T12:50:00Z,2505.32498066657,Up,"[""1"", ""0""]",0.99,3664.9425259999994,,0.49,0.01,resolved,0x5607c2c047de62c8196cbdd8f36e6fd56e04a451aedeaeacd2ddbf4b22b04482,https://data.chain.link/streams/eth-usd-twap-60s-streams,2511.6356143060134,2026-09-11 12:55:52+00
hype-updown-5m-1789131000,HYPE,"Hyperliquid Up or Down - September 11, 8:50AM-8:55AM ET",2026-09-11T12:55:00Z,2026-09-11T12:50:00Z,81.9366559385266,Down,"[""0"", ""1""]",0.89,,,-0.5,0.01,resolved,0xdbbc1d9978767735ec2fc19e1c12ec3677815cf1feb340fbf7809339ffa0edc8,https://data.chain.link/streams/hype-usd-twap-60s-streams,81.91781133576953,2026-09-11 12:55:52+00
sol-updown-5m-1789131000,SOL,"Solana Up or Down - September 11, 8:50AM-8:55AM ET",2026-09-11T12:55:00Z,2026-09-11T12:50:00Z,101.26310789859599,Up,"[""1"", ""0""]",0.99,1116.3540990000004,,0.4945,0.001,resolved,0x47bdd804994126805bccf0ef01819fe9b04922bf4a6ec8ad958a28088281cea4,https://data.chain.link/streams/sol-usd-twap-60s-streams,101.66136094995113,2026-09-11 12:55:54+00
xrp-updown-5m-1789131000,XRP,"XRP Up or Down - September 11, 8:50AM-8:55AM ET",2026-09-11T12:55:00Z,2026-09-11T12:50:00Z,1.3648792243064067,Up,"[""1"", ""0""]",0.99,814.1697599999999,,0.49,0.01,resolved,0xc1e06c5461613935cc16d1595db27f2dd4d2839d1c40dcbf5712c1aae7bcaeb1,https://data.chain.link/streams/xrp-usd-twap-60s-streams,1.369186344357289,2026-09-11 12:55:52+00
zec-updown-5m-1789131000,ZEC,"ZCash Up or Down - September 11, 8:50AM-8:55AM ET",2026-09-11T12:55:00Z,2026-09-11T12:50:00Z,1158.7427857438674,Up,"[""1"", ""0""]",,,,0.01,0.98,resolved,0x2b542a3beb034a9b04c1fc9d28202e2a736cff4904163bc8e618fff54239a2ea,https://data.chain.link/streams/zec-usd-twap-60s-streams,1162.5070307520905,2026-09-11 12:55:52+00
bnb-updown-5m-1789131300,BNB,"BNB Up or Down - September 11, 8:55AM-9:00AM ET",2026-09-11T13:00:00Z,2026-09-11T12:55:00Z,723.307264563582,Down,"[""0"", ""1""]",0.65,,,-0.5,0.01,resolved,0xca749571084a2d0180c5fe94929eafdcc2e13ea80806241f967e2847f0496f95,https://data.chain.link/streams/bnb-usd-twap-60s-streams,723.1290310494791,2026-09-11 13:01:27+00
btc-updown-5m-1789131300,BTC,"Bitcoin Up or Down - September 11, 8:55AM-9:00AM ET",2026-09-11T13:00:00Z,2026-09-11T12:55:00Z,77991.01223299143,Down,"[""0"", ""1""]",0.01,74649.25925500003,,-0.5,0.01,resolved,0x88b740d898c5957cb2d72a0e134a7036d39e75b9c97102d66491bb427ea077e5,https://data.chain.link/streams/btc-usd-twap-60s-streams,77944.49352162132,2026-09-11 13:01:27+00
doge-updown-5m-1789131300,DOGE,"Dogecoin Up or Down - September 11, 8:55AM-9:00AM ET",2026-09-11T13:00:00Z,2026-09-11T12:55:00Z,0.08501068959401469,Up,"[""1"", ""0""]",0.99,,,0.495,0.01,resolved,0xa8ead114b7339b562651c90b1a4d5ecf099f33117a78651e617e6f76ee6e3279,https://data.chain.link/streams/doge-usd-twap-60s-streams,0.0850854671063172,2026-09-11 13:01:27+00
eth-updown-5m-1789131300,ETH,"Ethereum Up or Down - September 11, 8:55AM-9:00AM ET",2026-09-11T13:00:00Z,2026-09-11T12:55:00Z,2511.6356143060134,Down,"[""0"", ""1""]",0.04,3250.754545999999,,-0.5,0.01,resolved,0x2b857f257d5a39266e43ef66d8d6477aad725481a36830b15bb23fcf2163785d,https://data.chain.link/streams/eth-usd-twap-60s-streams,2508.7388211696584,2026-09-11 13:01:27+00
hype-updown-5m-1789131300,HYPE,"Hyperliquid Up or Down - September 11, 8:55AM-9:00AM ET",2026-09-11T13:00:00Z,2026-09-11T12:55:00Z,81.91781133576953,Up,"[""1"", ""0""]",0.98,,,0.49,0.01,resolved,0xf5be4af2b906514f8d776be108e7d9f104cd5a610ccd106fa77dc984b3039119,https://data.chain.link/streams/hype-usd-twap-60s-streams,81.94980275191017,2026-09-11 13:01:36+00
sol-updown-5m-1789131300,SOL,"Solana Up or Down - September 11, 8:55AM-9:00AM ET",2026-09-11T13:00:00Z,2026-09-11T12:55:00Z,101.66136094995113,Down,"[""0"", ""1""]",0.01,2701.0368160000003,,-0.5,0.01,resolved,0x0e27dd49bc73510d9acb059f19bc0f77e83577d7f05b150e1a595b4c87d84b20,https://data.chain.link/streams/sol-usd-twap-60s-streams,101.57310020359161,2026-09-11 13:01:36+00
xrp-updown-5m-1789131300,XRP,"XRP Up or Down - September 11, 8:55AM-9:00AM ET",2026-09-11T13:00:00Z,2026-09-11T12:55:00Z,1.369186344357289,Down,"[""0"", ""1""]",0.03,,,-0.5045,0.001,resolved,0x4d06822db915eaa12641857aaa8ac0a96e658dce61e3318bbaf8a361f07e1ebb,https://data.chain.link/streams/xrp-usd-twap-60s-streams,1.3652127030537018,2026-09-11 13:01:27+00
zec-updown-5m-1789131300,ZEC,"ZCash Up or Down - September 11, 8:55AM-9:00AM ET",2026-09-11T13:00:00Z,2026-09-11T12:55:00Z,1162.5070307520905,Down,"[""0"", ""1""]",,,,-0.495,0.01,resolved,0x7d62c29ec02aa596efd2795c572fe39ab83c5dcad161d7485f2a3924d58af4a6,https://data.chain.link/streams/zec-usd-twap-60s-streams,1154.3143956430495,2026-09-11 13:01:27+00
bnb-updown-5m-1789131600,BNB,"BNB Up or Down - September 11, 9:00AM-9:05AM ET",2026-09-11T13:05:00Z,2026-09-11T13:00:00Z,723.1290310494791,Down,"[""0"", ""1""]",0.07,,,-0.5045,0.001,resolved,0x35dcca9e2093166a8cd08babdfda1e6e34f7dcb31b27109979b59e044e8bd15c,https://data.chain.link/streams/bnb-usd-twap-60s-streams,720.2909008660804,2026-09-11 13:05:52+00
btc-updown-5m-1789131600,BTC,"Bitcoin Up or Down - September 11, 9:00AM-9:05AM ET",2026-09-11T13:05:00Z,2026-09-11T13:00:00Z,77944.49352162132,Down,"[""0"", ""1""]",0.01,103595.505475,,-0.5,0.01,resolved,0x854d0c00f111f368cf84e3815c3bd618e4749d4f5a472c745f7c5447e2ec6622,https://data.chain.link/streams/btc-usd-twap-60s-streams,77769.99875511043,2026-09-11 13:05:52+00
doge-updown-5m-1789131600,DOGE,"Dogecoin Up or Down - September 11, 9:00AM-9:05AM ET",2026-09-11T13:05:00Z,2026-09-11T13:00:00Z,0.0850854671063172,Down,"[""0"", ""1""]",0.26,,,-0.495,0.01,resolved,0xebd3e7a24df9f34c773cab76947462d1155044cea608d4a14a3ea5bda7031c2d,https://data.chain.link/streams/doge-usd-twap-60s-streams,0.08484908268399077,2026-09-11 13:05:54+00
eth-updown-5m-1789131600,ETH,"Ethereum Up or Down - September 11, 9:00AM-9:05AM ET",2026-09-11T13:05:00Z,2026-09-11T13:00:00Z,2508.7388211696584,Down,"[""0"", ""1""]",0.01,,,-0.5,0.01,resolved,0x4b5263a5eb313892aefc14e8f18fb3b41c3e0e9ff5f049f06477c26e7460982f,https://data.chain.link/streams/eth-usd-twap-60s-streams,2502.4960515177677,2026-09-11 13:05:52+00
hype-updown-5m-1789131600,HYPE,"Hyperliquid Up or Down - September 11, 9:00AM-9:05AM ET",2026-09-11T13:05:00Z,2026-09-11T13:00:00Z,81.94980275191017,Down,"[""0"", ""1""]",0.29,,,-0.5,0.01,resolved,0xd705cf0edb596537b0e1947f6af3c1e246d47a5d22f30531adba78f12bb12d46,https://data.chain.link/streams/hype-usd-twap-60s-streams,81.68967849082377,2026-09-11 13:05:52+00
sol-updown-5m-1789131600,SOL,"Solana Up or Down - September 11, 9:00AM-9:05AM ET",2026-09-11T13:05:00Z,2026-09-11T13:00:00Z,101.57310020359161,Down,"[""0"", ""1""]",0.14,1706.0899379999994,,-0.5,0.01,resolved,0x2f6a3616e1ed490065f762bfa13ef6e239ed32a7245a417ef35481fda7d95dde,https://data.chain.link/streams/sol-usd-twap-60s-streams,101.26427320625191,2026-09-11 13:05:54+00
xrp-updown-5m-1789131600,XRP,"XRP Up or Down - September 11, 9:00AM-9:05AM ET",2026-09-11T13:05:00Z,2026-09-11T13:00:00Z,1.3652127030537018,Down,"[""0"", ""1""]",0.01,,,-0.5,0.01,resolved,0x8666f56d8c0fc0e3377e6613df931cc9b1c08d644f6efe7320453505cba627b6,https://data.chain.link/streams/xrp-usd-twap-60s-streams,1.3610706556477152,2026-09-11 13:05:52+00
zec-updown-5m-1789131600,ZEC,"ZCash Up or Down - September 11, 9:00AM-9:05AM ET",2026-09-11T13:05:00Z,2026-09-11T13:00:00Z,1154.3143956430495,Down,"[""0"", ""1""]",,,,-0.01,0.98,resolved,0x93a2f0736a458bcc1b49dc7872f6a1bcc48f50f0f3c28fbfb21d81febba49d08,https://data.chain.link/streams/zec-usd-twap-60s-streams,1144.0730051179078,2026-09-11 13:05:52+00
bnb-updown-5m-1789131900,BNB,"BNB Up or Down - September 11, 9:05AM-9:10AM ET",2026-09-11T13:10:00Z,2026-09-11T13:05:00Z,720.2909008660804,Down,"[""0"", ""1""]",0.12,,,-0.5045,0.001,resolved,0x0c71d637b31ba88c703109d41f365afabd494060e17f9269c8bf65bfe842e7a6,https://data.chain.link/streams/bnb-usd-twap-60s-streams,719.095557895219,2026-09-11 13:10:52+00
btc-updown-5m-1789131900,BTC,"Bitcoin Up or Down - September 11, 9:05AM-9:10AM ET",2026-09-11T13:10:00Z,2026-09-11T13:05:00Z,77769.99875511043,Down,"[""0"", ""1""]",0.01,64057.004919000035,,-0.5045,0.001,resolved,0x496b1ddd13ab8bed7354c42c3a8e8e977b8c7c6dcb1a3d9aefd9719fa75c37b6,https://data.chain.link/streams/btc-usd-twap-60s-streams,77571.23779500848,2026-09-11 13:10:52+00
doge-updown-5m-1789131900,DOGE,"Dogecoin Up or Down - September 11, 9:05AM-9:10AM ET",2026-09-11T13:10:00Z,2026-09-11T13:05:00Z,0.08484908268399077,Down,"[""0"", ""1""]",0.01,400.444559,,-0.4995,0.001,resolved,0x72613a8280807a694a8e791cca0a61ceed881fa5dc755ba6420473c49b6af892,https://data.chain.link/streams/doge-usd-twap-60s-streams,0.08467781636173115,2026-09-11 13:10:52+00
eth-updown-5m-1789131900,ETH,"Ethereum Up or Down - September 11, 9:05AM-9:10AM ET",2026-09-11T13:10:00Z,2026-09-11T13:05:00Z,2502.4960515177677,Down,"[""0"", ""1""]",0.03,3250.9142779999997,,-0.5,0.01,resolved,0x566f54e43338a7088913b3ac8ef82d9abcca3173c10c2c1082dd528cf78b17ba,https://data.chain.link/streams/eth-usd-twap-60s-streams,2497.100430941918,2026-09-11 13:10:52+00
hype-updown-5m-1789131900,HYPE,"Hyperliquid Up or Down - September 11, 9:05AM-9:10AM ET",2026-09-11T13:10:00Z,2026-09-11T13:05:00Z,81.68967849082377,Down,"[""0"", ""1""]",0.39,,,-0.5,0.01,resolved,0x419ea79919d9a3b577978a5a903f01d82147938cd0e1e01e810e3b35308fae74,https://data.chain.link/streams/hype-usd-twap-60s-streams,81.57138595488786,2026-09-11 13:10:52+00
sol-updown-5m-1789131900,SOL,"Solana Up or Down - September 11, 9:05AM-9:10AM ET",2026-09-11T13:10:00Z,2026-09-11T13:05:00Z,101.26427320625191,Down,"[""0"", ""1""]",0.01,1769.0543030000003,,-0.5,0.01,resolved,0x96394c0286fd36f455e3cb6c2a79945c3b3286a300c5fdcbb2657ae8466653db,https://data.chain.link/streams/sol-usd-twap-60s-streams,101.19853594579402,2026-09-11 13:10:52+00
xrp-updown-5m-1789131900,XRP,"XRP Up or Down - September 11, 9:05AM-9:10AM ET",2026-09-11T13:10:00Z,2026-09-11T13:05:00Z,1.3610706556477152,Down,"[""0"", ""1""]",0.07,725.703368,,-0.5045,0.001,resolved,0xd5521045d53f96f87ec84fa0790cca37b2db4a2d2b26e24c2279a1b22795b754,https://data.chain.link/streams/xrp-usd-twap-60s-streams,1.3567013634707095,2026-09-11 13:10:52+00
zec-updown-5m-1789131900,ZEC,"ZCash Up or Down - September 11, 9:05AM-9:10AM ET",2026-09-11T13:10:00Z,2026-09-11T13:05:00Z,1144.0730051179078,Up,"[""1"", ""0""]",,,,0.495,0.01,resolved,0x12ba3cfa5f737cc8b420d2edc16c460e0d4f169ff32b5b87d4550f959faa9e6a,https://data.chain.link/streams/zec-usd-twap-60s-streams,1147.0135340205622,2026-09-11 13:10:52+00
bnb-updown-5m-1789132200,BNB,"BNB Up or Down - September 11, 9:10AM-9:15AM ET",2026-09-11T13:15:00Z,2026-09-11T13:10:00Z,719.095557895219,Up,"[""1"", ""0""]",0.99,,,0.49,0.01,resolved,0xfdcd1027baf9c467c8a46b2df47324265ea1a241f5c8da118eae734ca0c889c1,https://data.chain.link/streams/bnb-usd-twap-60s-streams,720.004618293267,2026-09-11 13:15:52+00
btc-updown-5m-1789132200,BTC,"Bitcoin Up or Down - September 11, 9:10AM-9:15AM ET",2026-09-11T13:15:00Z,2026-09-11T13:10:00Z,77571.23779500848,Up,"[""1"", ""0""]",0.99,67331.97495099997,,0.49,0.01,resolved,0x313035c8af675c6305fb5eac968951e17d7fd71029402d6f34769ddba66b7b7b,https://data.chain.link/streams/btc-usd-twap-60s-streams,77669.65932641042,2026-09-11 13:15:54+00
doge-updown-5m-1789132200,DOGE,"Dogecoin Up or Down - September 11, 9:10AM-9:15AM ET",2026-09-11T13:15:00Z,2026-09-11T13:10:00Z,0.08467781636173115,Up,"[""1"", ""0""]",0.99,,,0.495,0.01,resolved,0x6f1a936c30d01a5ffea1a8cefdd6236737cabab8eb2cd6631292bdf0c64189d7,https://data.chain.link/streams/doge-usd-twap-60s-streams,0.0847820045599365,2026-09-11 13:16:01+00
eth-updown-5m-1789132200,ETH,"Ethereum Up or Down - September 11, 9:10AM-9:15AM ET",2026-09-11T13:15:00Z,2026-09-11T13:10:00Z,2497.100430941918,Up,"[""1"", ""0""]",0.99,,,0.49,0.01,resolved,0x5c807ae263081045cb6eac8efb97d057ea436cba1af229124ba1315457da808a,https://data.chain.link/streams/eth-usd-twap-60s-streams,2500.676934799371,2026-09-11 13:15:52+00
hype-updown-5m-1789132200,HYPE,"Hyperliquid Up or Down - September 11, 9:10AM-9:15AM ET",2026-09-11T13:15:00Z,2026-09-11T13:10:00Z,81.57138595488786,Up,"[""1"", ""0""]",0.98,,,0.49,0.01,resolved,0x736745f97d0c1c190d74e5d33be04cff82d4b63a919faa8ea0d84cca72fc764e,https://data.chain.link/streams/hype-usd-twap-60s-streams,81.7616709688389,2026-09-11 13:15:54+00
sol-updown-5m-1789132200,SOL,"Solana Up or Down - September 11, 9:10AM-9:15AM ET",2026-09-11T13:15:00Z,2026-09-11T13:10:00Z,101.19853594579402,Up,"[""1"", ""0""]",0.99,,,0.49,0.01,resolved,0x4e4e3304e74c87a11e1cd21adede1f3cbbe5359fbc4b040e544fc2ae7aa2d8ff,https://data.chain.link/streams/sol-usd-twap-60s-streams,101.47317893100768,2026-09-11 13:15:52+00
xrp-updown-5m-1789132200,XRP,"XRP Up or Down - September 11, 9:10AM-9:15AM ET",2026-09-11T13:15:00Z,2026-09-11T13:10:00Z,1.3567013634707095,Up,"[""1"", ""0""]",0.99,,,0.49,0.01,resolved,0xbd2c0babff530b00497a1ae3fae0e68b2315dacde362fc99e489646cc57150a8,https://data.chain.link/streams/xrp-usd-twap-60s-streams,1.3605227646445042,2026-09-11 13:15:52+00
zec-updown-5m-1789132200,ZEC,"ZCash Up or Down - September 11, 9:10AM-9:15AM ET",2026-09-11T13:15:00Z,2026-09-11T13:10:00Z,1147.0135340205622,Up,"[""1"", ""0""]",,,,0.01,0.98,resolved,0x3f53aeb34d780c40d8ce9f6d559ce2f33f75b1a2464dea2e183ac1ea137ec154,https://data.chain.link/streams/zec-usd-twap-60s-streams,1152.0690897705256,2026-09-11 13:15:52+00
bnb-updown-5m-1789132500,BNB,"BNB Up or Down - September 11, 9:15AM-9:20AM ET",2026-09-11T13:20:00Z,2026-09-11T13:15:00Z,720.004618293267,Up,"[""1"", ""0""]",0.999,373.537237,,0.4945,0.001,resolved,0xda45b2b7a0d35af48ab96baa94094b4d30fdf81e555ee24f8eb897cd5faa2ac9,https://data.chain.link/streams/bnb-usd-twap-60s-streams,720.8473587197294,2026-09-11 13:21:25+00
btc-updown-5m-1789132500,BTC,"Bitcoin Up or Down - September 11, 9:15AM-9:20AM ET",2026-09-11T13:20:00Z,2026-09-11T13:15:00Z,77669.65932641042,Up,"[""1"", ""0""]",0.99,77818.37398499994,,0.49,0.01,resolved,0x0cb55c1d9ea58f521952af8d86e371ef9452a27cfd73fb95c45f0a0c67f78f4b,https://data.chain.link/streams/btc-usd-twap-60s-streams,77677.28126530854,2026-09-11 13:21:27+00
doge-updown-5m-1789132500,DOGE,"Dogecoin Up or Down - September 11, 9:15AM-9:20AM ET",2026-09-11T13:20:00Z,2026-09-11T13:15:00Z,0.0847820045599365,Up,"[""1"", ""0""]",0.99,224.90173899999996,,0.495,0.01,resolved,0x748be546c402aaabeb9a536f3d42492942bd4f696fd3ed59410a12830c3f3d82,https://data.chain.link/streams/doge-usd-twap-60s-streams,0.08478752793471994,2026-09-11 13:21:27+00
eth-updown-5m-1789132500,ETH,"Ethereum Up or Down - September 11, 9:15AM-9:20AM ET",2026-09-11T13:20:00Z,2026-09-11T13:15:00Z,2500.676934799371,Down,"[""0"", ""1""]",0.01,3124.7972779999996,,-0.5,0.01,resolved,0xfcf5c5aca880aff05b2af560213ffe74e7c744e4289b1a49890f1dc84d56f734,https://data.chain.link/streams/eth-usd-twap-60s-streams,2500.1229157044195,2026-09-11 13:21:25+00
hype-updown-5m-1789132500,HYPE,"Hyperliquid Up or Down - September 11, 9:15AM-9:20AM ET",2026-09-11T13:20:00Z,2026-09-11T13:15:00Z,81.7616709688389,Down,"[""0"", ""1""]",0.01,139.023384,,-0.5045,0.001,resolved,0xd99b8913d00945bd105efe6d776ce0e725cf482b54867768a395416109521481,https://data.chain.link/streams/hype-usd-twap-60s-streams,81.59309954498639,2026-09-11 13:21:25+00
sol-updown-5m-1789132500,SOL,"Solana Up or Down - September 11, 9:15AM-9:20AM ET",2026-09-11T13:20:00Z,2026-09-11T13:15:00Z,101.47317893100768,Down,"[""0"", ""1""]",0.04,987.098638,,-0.5,0.01,resolved,0xeddd7b8f6c33fd6ebf3911bf2afd94d88608737eb3dd11a58c20f19a9073d2a5,https://data.chain.link/streams/sol-usd-twap-60s-streams,101.39149665852807,2026-09-11 13:21:25+00
xrp-updown-5m-1789132500,XRP,"XRP Up or Down - September 11, 9:15AM-9:20AM ET",2026-09-11T13:20:00Z,2026-09-11T13:15:00Z,1.3605227646445042,Up,"[""1"", ""0""]",0.99,636.565374,,0.495,0.01,resolved,0x2c522ce0c1447b15d8a0034a8621124417ee5b65515aa1f47e1c7cb90545dc3d,https://data.chain.link/streams/xrp-usd-twap-60s-streams,1.3609375905206262,2026-09-11 13:21:25+00
zec-updown-5m-1789132500,ZEC,"ZCash Up or Down - September 11, 9:15AM-9:20AM ET",2026-09-11T13:20:00Z,2026-09-11T13:15:00Z,1152.0690897705256,Up,"[""1"", ""0""]",,,,0.495,0.01,resolved,0x42720bb40dd08c382532b9e735b242e684736cb464b950ac2ed79207484ec448,https://data.chain.link/streams/zec-usd-twap-60s-streams,1159.6072950572059,2026-09-11 13:21:25+00
bnb-updown-5m-1789132800,BNB,"BNB Up or Down - September 11, 9:20AM-9:25AM ET",2026-09-11T13:25:00Z,2026-09-11T13:20:00Z,720.8473587197294,Up,"[""1"", ""0""]",0.99,,,0.49,0.01,resolved,0x617b7f9b4acbd07051f36e5355e3033ee6880c79b39c94ef5c731267c060f127,https://data.chain.link/streams/bnb-usd-twap-60s-streams,721.235478315023,2026-09-11 13:25:54+00
btc-updown-5m-1789132800,BTC,"Bitcoin Up or Down - September 11, 9:20AM-9:25AM ET",2026-09-11T13:25:00Z,2026-09-11T13:20:00Z,77677.28126530854,Up,"[""1"", ""0""]",0.99,58667.33862599995,,0.49,0.01,resolved,0xba5bfd8043a6e21fc1c396187d667b7923ae64827b42729c82d383434c90ddf0,https://data.chain.link/streams/btc-usd-twap-60s-streams,77712.31943413641,2026-09-11 13:25:52+00
doge-updown-5m-1789132800,DOGE,"Dogecoin Up or Down - September 11, 9:20AM-9:25AM ET",2026-09-11T13:25:00Z,2026-09-11T13:20:00Z,0.08478752793471994,Up,"[""1"", ""0""]",0.99,,,0.495,0.01,resolved,0x22c63acc05d4d5460e4d5872ab25323b5d5d735ba4190cb9ee65a22d92d33b17,https://data.chain.link/streams/doge-usd-twap-60s-streams,0.0849063558448414,2026-09-11 13:25:54+00
eth-updown-5m-1789132800,ETH,"Ethereum Up or Down - September 11, 9:20AM-9:25AM ET",2026-09-11T13:25:00Z,2026-09-11T13:20:00Z,2500.1229157044195,Up,"[""1"", ""0""]",0.999,2390.662893,,0.4945,0.001,resolved,0x1157fe738b8940c3a8f52469f2324e3d633033496a947b223fd8b490f75be013,https://data.chain.link/streams/eth-usd-twap-60s-streams,2507.2087607331327,2026-09-11 13:25:54+00
hype-updown-5m-1789132800,HYPE,"Hyperliquid Up or Down - September 11, 9:20AM-9:25AM ET",2026-09-11T13:25:00Z,2026-09-11T13:20:00Z,81.59309954498639,Down,"[""0"", ""1""]",0.44,,,-0.5,0.01,resolved,0x6de16b7fc09b8d21da62c3115d1ceb254ffb6a641a3c464ed145a63d0fe673fd,https://data.chain.link/streams/hype-usd-twap-60s-streams,81.44416008824285,2026-09-11 13:25:52+00
sol-updown-5m-1789132800,SOL,"Solana Up or Down - September 11, 9:20AM-9:25AM ET",2026-09-11T13:25:00Z,2026-09-11T13:20:00Z,101.39149665852807,Up,"[""1"", ""0""]",0.97,1994.2662,,0.49,0.01,resolved,0x2cde7bbf5deebcbb5745edbfcc1a3ec415f1544e2dbc3378858ec34f2d4322b4,https://data.chain.link/streams/sol-usd-twap-60s-streams,101.42400250291902,2026-09-11 13:25:52+00
xrp-updown-5m-1789132800,XRP,"XRP Up or Down - September 11, 9:20AM-9:25AM ET",2026-09-11T13:25:00Z,2026-09-11T13:20:00Z,1.3609375905206262,Up,"[""1"", ""0""]",0.99,,,0.49,0.01,resolved,0xc855b9a8e858948256e03612c0e252842b79b1395c9d178411a52bfa42fb1b9d,https://data.chain.link/streams/xrp-usd-twap-60s-streams,1.3622238512331568,2026-09-11 13:25:52+00
zec-updown-5m-1789132800,ZEC,"ZCash Up or Down - September 11, 9:20AM-9:25AM ET",2026-09-11T13:25:00Z,2026-09-11T13:20:00Z,1159.6072950572059,Up,"[""1"", ""0""]",,,,,0.96,resolved,0x7d60cbd95f3590914aa670978cb98f35537f122244dbeeb15063322b865b6582,https://data.chain.link/streams/zec-usd-twap-60s-streams,1159.6950129426361,2026-09-11 13:25:54+00
bnb-updown-5m-1789133100,BNB,"BNB Up or Down - September 11, 9:25AM-9:30AM ET",2026-09-11T13:30:00Z,2026-09-11T13:25:00Z,721.235478315023,Down,"[""0"", ""1""]",0.04,,,-0.5045,0.001,resolved,0x6942bc2bfcb421bbe1ee631915411a565ee6f65cbb81d10ce3ffd17a3451f1ae,https://data.chain.link/streams/bnb-usd-twap-60s-streams,719.0138926177176,2026-09-11 13:30:52+00
btc-updown-5m-1789133100,BTC,"Bitcoin Up or Down - September 11, 9:25AM-9:30AM ET",2026-09-11T13:30:00Z,2026-09-11T13:25:00Z,77712.31943413641,Down,"[""0"", ""1""]",0.001,48376.49581400001,,-0.5045,0.001,resolved,0x7eb7bb6698f701894b1b22da746c2b9c0d1852df44d30360b3ef661369fe3cbb,https://data.chain.link/streams/btc-usd-twap-60s-streams,77520.20493505456,2026-09-11 13:30:54+00
doge-updown-5m-1789133100,DOGE,"Dogecoin Up or Down - September 11, 9:25AM-9:30AM ET",2026-09-11T13:30:00Z,2026-09-11T13:25:00Z,0.0849063558448414,Down,"[""0"", ""1""]",0.2,,,-0.4995,0.001,resolved,0x46be4175483d9ee98e42e0aa68f3e7976ab4f8465fea95173915f13d04b8a1fc,https://data.chain.link/streams/doge-usd-twap-60s-streams,0.0845887909693723,2026-09-11 13:30:52+00
eth-updown-5m-1789133100,ETH,"Ethereum Up or Down - September 11, 9:25AM-9:30AM ET",2026-09-11T13:30:00Z,2026-09-11T13:25:00Z,2507.2087607331327,Down,"[""0"", ""1""]",0.01,,,-0.5045,0.001,resolved,0xa5da00a6f4b852a5740b16fb6ee87024a20b147d632516e83927cc4b353620f7,https://data.chain.link/streams/eth-usd-twap-60s-streams,2501.6548550294774,2026-09-11 13:30:52+00
hype-updown-5m-1789133100,HYPE,"Hyperliquid Up or Down - September 11, 9:25AM-9:30AM ET",2026-09-11T13:30:00Z,2026-09-11T13:25:00Z,81.44416008824285,Down,"[""0"", ""1""]",,,,-0.5045,0.001,resolved,0xc292160eefd2d45d1ffbb2a481ecd23ab20867528d223b556e340b67b2310d8a,https://data.chain.link/streams/hype-usd-twap-60s-streams,81.17464588159677,2026-09-11 13:30:52+00
sol-updown-5m-1789133100,SOL,"Solana Up or Down - September 11, 9:25AM-9:30AM ET",2026-09-11T13:30:00Z,2026-09-11T13:25:00Z,101.42400250291902,Down,"[""0"", ""1""]",0.06,,,-0.5045,0.001,resolved,0xa9dac09ef5d748b59f0c511a1e38f578667baa9cd993777e4abcee76de1bec73,https://data.chain.link/streams/sol-usd-twap-60s-streams,101.15213676190025,2026-09-11 13:30:52+00
xrp-updown-5m-1789133100,XRP,"XRP Up or Down - September 11, 9:25AM-9:30AM ET",2026-09-11T13:30:00Z,2026-09-11T13:25:00Z,1.3622238512331568,Down,"[""0"", ""1""]",0.02,,,-0.5045,0.001,resolved,0xb8770bf6d28d731ef9bc81e1126e44d4e36b96badffa94733affc237bad44b50,https://data.chain.link/streams/xrp-usd-twap-60s-streams,1.3592437681723433,2026-09-11 13:30:54+00
zec-updown-5m-1789133100,ZEC,"ZCash Up or Down - September 11, 9:25AM-9:30AM ET",2026-09-11T13:30:00Z,2026-09-11T13:25:00Z,1159.6950129426361,Down,"[""0"", ""1""]",,,,-0.495,0.01,resolved,0x3a54d93a7ad1b7b6faacb0ed17d6474b0698d98d50d9eb21464bc31bd08dc39d,https://data.chain.link/streams/zec-usd-twap-60s-streams,1153.554400985831,2026-09-11 13:30:52+00
bnb-updown-5m-1789133400,BNB,"BNB Up or Down - September 11, 9:30AM-9:35AM ET",2026-09-11T13:35:00Z,2026-09-11T13:30:00Z,719.0138926177176,Down,"[""0"", ""1""]",0.02,286.661895,,-0.5045,0.001,resolved,0x8837595e3e892601f936a5853e98825b138c1dd21592e18d6d37ed1429b84096,https://data.chain.link/streams/bnb-usd-twap-60s-streams,718.2003239367046,2026-09-11 13:36:27+00
btc-updown-5m-1789133400,BTC,"Bitcoin Up or Down - September 11, 9:30AM-9:35AM ET",2026-09-11T13:35:00Z,2026-09-11T13:30:00Z,77520.20493505456,Down,"[""0"", ""1""]",0.01,88977.43506599989,,-0.5045,0.001,resolved,0x249818f743d2cab7cb4c8aab32896a11ba13aa07ac591e9c3e54fdf2e0c2066a,https://data.chain.link/streams/btc-usd-twap-60s-streams,77437.56466657677,2026-09-11 13:36:25+00
doge-updown-5m-1789133400,DOGE,"Dogecoin Up or Down - September 11, 9:30AM-9:35AM ET",2026-09-11T13:35:00Z,2026-09-11T13:30:00Z,0.0845887909693723,Down,"[""0"", ""1""]",0.21,265.51370099999997,,-0.4995,0.001,resolved,0x1dbc3bb5a87b1e82748e3069050f3562697c2dacd8a42e4c02158c28c9b377f4,https://data.chain.link/streams/doge-usd-twap-60s-streams,0.08450099721670112,2026-09-11 13:36:25+00
eth-updown-5m-1789133400,ETH,"Ethereum Up or Down - September 11, 9:30AM-9:35AM ET",2026-09-11T13:35:00Z,2026-09-11T13:30:00Z,2501.6548550294774,Down,"[""0"", ""1""]",0.01,4090.7315779999985,,-0.5045,0.001,resolved,0x7e4306f0779c449f3bab65d27735206cde3cdad194755fa49cfc6080791b730f,https://data.chain.link/streams/eth-usd-twap-60s-streams,2497.3648309434507,2026-09-11 13:36:25+00
hype-updown-5m-1789133400,HYPE,"Hyperliquid Up or Down - September 11, 9:30AM-9:35AM ET",2026-09-11T13:35:00Z,2026-09-11T13:30:00Z,81.17464588159677,Down,"[""0"", ""1""]",0.23,70.710294,,-0.5045,0.001,resolved,0x08e8c34bafe2a2a031253f0c8f2e0aa1b96c9278083d20084733596007555a56,https://data.chain.link/streams/hype-usd-twap-60s-streams,81.00746554144935,2026-09-11 13:36:25+00
sol-updown-5m-1789133400,SOL,"Solana Up or Down - September 11, 9:30AM-9:35AM ET",2026-09-11T13:35:00Z,2026-09-11T13:30:00Z,101.15213676190025,Down,"[""0"", ""1""]",0.01,2038.8386030000001,,-0.5045,0.001,resolved,0x4650070ee29c6c6c42a253c7a5ab445af28941d5fed83eac4a35ed1aef0c8c2b,https://data.chain.link/streams/sol-usd-twap-60s-streams,100.90763952334368,2026-09-11 13:36:27+00
xrp-updown-5m-1789133400,XRP,"XRP Up or Down - September 11, 9:30AM-9:35AM ET",2026-09-11T13:35:00Z,2026-09-11T13:30:00Z,1.3592437681723433,Down,"[""0"", ""1""]",0.04,1297.243778,,-0.5045,0.001,resolved,0x4783f53011261580f34ea38f096122d03f5b1c81e0360c4dfa168ae2547b295a,https://data.chain.link/streams/xrp-usd-twap-60s-streams,1.358350373167109,2026-09-11 13:36:25+00
zec-updown-5m-1789133400,ZEC,"ZCash Up or Down - September 11, 9:30AM-9:35AM ET",2026-09-11T13:35:00Z,2026-09-11T13:30:00Z,1153.554400985831,Down,"[""0"", ""1""]",,,,-0.495,0.01,resolved,0x39f31101e0a38b60e382dc27e399b7a06de53adbcac973e487a9963b3ac342a8,https://data.chain.link/streams/zec-usd-twap-60s-streams,1145.845798113278,2026-09-11 13:36:25+00
bnb-updown-5m-1789133700,BNB,"BNB Up or Down - September 11, 9:35AM-9:40AM ET",2026-09-11T13:40:00Z,2026-09-11T13:35:00Z,718.2003239367046,Up,"[""1"", ""0""]",0.99,731.4248040000001,,0.49,0.01,resolved,0xf85cc1762f1d897384a97f11f80722ef95e77dd733f97767f2f5c53a2cb4bfb8,https://data.chain.link/streams/bnb-usd-twap-60s-streams,719.1714819308012,2026-09-11 13:41:27+00
btc-updown-5m-1789133700,BTC,"Bitcoin Up or Down - September 11, 9:35AM-9:40AM ET",2026-09-11T13:40:00Z,2026-09-11T13:35:00Z,77437.56466657677,Up,"[""1"", ""0""]",0.99,98340.02183500004,,0.49,0.01,resolved,0x84bd6c0b2f31e1de089b316491896483e4f9016d681f6515b364141d8573b00e,https://data.chain.link/streams/btc-usd-twap-60s-streams,77529.30631635452,2026-09-11 13:41:27+00
doge-updown-5m-1789133700,DOGE,"Dogecoin Up or Down - September 11, 9:35AM-9:40AM ET",2026-09-11T13:40:00Z,2026-09-11T13:35:00Z,0.08450099721670112,Up,"[""1"", ""0""]",0.99,308.85008500000004,,0.495,0.01,resolved,0x4b98a07a8f5a071cfd4ec3becd73078ecd3344058369d8687b20683a91b2dc3c,https://data.chain.link/streams/doge-usd-twap-60s-streams,0.08457493539743931,2026-09-11 13:41:27+00
eth-updown-5m-1789133700,ETH,"Ethereum Up or Down - September 11, 9:35AM-9:40AM ET",2026-09-11T13:40:00Z,2026-09-11T13:35:00Z,2497.3648309434507,Up,"[""1"", ""0""]",0.99,4954.3826819999995,,0.49,0.01,resolved,0x56f96803d56c1a070b7141ad0899e76a05a6950b8fcea602904b6d771278ef27,https://data.chain.link/streams/eth-usd-twap-60s-streams,2501.9285028233708,2026-09-11 13:41:27+00
hype-updown-5m-1789133700,HYPE,"Hyperliquid Up or Down - September 11, 9:35AM-9:40AM ET",2026-09-11T13:40:00Z,2026-09-11T13:35:00Z,81.00746554144935,Down,"[""0"", ""1""]",0.17,,,-0.5,0.01,resolved,0xb8ddd03e2ebad77afe12d7c02b11daeeca8599a82a241e9edef5f046c80cdad2,https://data.chain.link/streams/hype-usd-twap-60s-streams,80.9752482841462,2026-09-11 13:41:27+00
sol-updown-5m-1789133700,SOL,"Solana Up or Down - September 11, 9:35AM-9:40AM ET",2026-09-11T13:40:00Z,2026-09-11T13:35:00Z,100.90763952334368,Up,"[""1"", ""0""]",0.99,2755.8109679999993,,0.49,0.01,resolved,0xbc7d15e1a394a5a4d41844d9d03283524a141e6cc7ddc11d01569c01035f77cd,https://data.chain.link/streams/sol-usd-twap-60s-streams,101.0635207910255,2026-09-11 13:41:27+00
xrp-updown-5m-1789133700,XRP,"XRP Up or Down - September 11, 9:35AM-9:40AM ET",2026-09-11T13:40:00Z,2026-09-11T13:35:00Z,1.358350373167109,Up,"[""1"", ""0""]",0.99,1421.1684520000003,,0.49,0.01,resolved,0xa9590848dedbfbcd4270ab88db624084e94b3c05260e47a6bbb2b0fe03dfc564,https://data.chain.link/streams/xrp-usd-twap-60s-streams,1.3601655126532142,2026-09-11 13:41:27+00
zec-updown-5m-1789133700,ZEC,"ZCash Up or Down - September 11, 9:35AM-9:40AM ET",2026-09-11T13:40:00Z,2026-09-11T13:35:00Z,1145.845798113278,Up,"[""1"", ""0""]",,,,0.495,0.01,resolved,0xb5ca36297ca79a6769e2a2d3f2550e21202ecf9e76841716b13cbcb490ed5243,https://data.chain.link/streams/zec-usd-twap-60s-streams,1148.4200118120264,2026-09-11 13:41:27+00
bnb-updown-5m-1789134000,BNB,"BNB Up or Down - September 11, 9:40AM-9:45AM ET",2026-09-11T13:45:00Z,2026-09-11T13:40:00Z,719.1714819308012,Up,"[""1"", ""0""]",0.99,,,0.4945,0.001,resolved,0xa8e34345f8a17478a98f34222455c13a7b893ce0e99957880616fb73cda34be7,https://data.chain.link/streams/bnb-usd-twap-60s-streams,721.2532199259754,2026-09-11 13:46:27+00
btc-updown-5m-1789134000,BTC,"Bitcoin Up or Down - September 11, 9:40AM-9:45AM ET",2026-09-11T13:45:00Z,2026-09-11T13:40:00Z,77529.30631635452,Up,"[""1"", ""0""]",0.999,42354.66891599998,,0.4945,0.001,resolved,0x060e1890290b51a6864cea4a657d8a42316f0aa3842dbe94687056379f902c1d,https://data.chain.link/streams/btc-usd-twap-60s-streams,77739.91663883052,2026-09-11 13:46:25+00
doge-updown-5m-1789134000,DOGE,"Dogecoin Up or Down - September 11, 9:40AM-9:45AM ET",2026-09-11T13:45:00Z,2026-09-11T13:40:00Z,0.08457493539743931,Up,"[""1"", ""0""]",0.99,,,0.4995,0.001,resolved,0xa8326a2a1c25207944c75ebbbef44b8db15a36be9a611be4855ad85296a07922,https://data.chain.link/streams/doge-usd-twap-60s-streams,0.08505301825001915,2026-09-11 13:46:25+00
eth-updown-5m-1789134000,ETH,"Ethereum Up or Down - September 11, 9:40AM-9:45AM ET",2026-09-11T13:45:00Z,2026-09-11T13:40:00Z,2501.9285028233708,Up,"[""1"", ""0""]",0.999,,,0.4945,0.001,resolved,0x0f1ad74b67dd0e281bc027f09be18af7c14e506be0863f7fc579325c5b5db335,https://data.chain.link/streams/eth-usd-twap-60s-streams,2517.634036553375,2026-09-11 13:46:27+00
hype-updown-5m-1789134000,HYPE,"Hyperliquid Up or Down - September 11, 9:40AM-9:45AM ET",2026-09-11T13:45:00Z,2026-09-11T13:40:00Z,80.9752482841462,Up,"[""1"", ""0""]",0.999,,,0.4945,0.001,resolved,0x11a415c969540edd9dd85a2b41c21c357fdcd83167ab1eb12de7df98d2ececbd,https://data.chain.link/streams/hype-usd-twap-60s-streams,81.4607535134597,2026-09-11 13:46:27+00
sol-updown-5m-1789134000,SOL,"Solana Up or Down - September 11, 9:40AM-9:45AM ET",2026-09-11T13:45:00Z,2026-09-11T13:40:00Z,101.0635207910255,Up,"[""1"", ""0""]",0.99,,,0.4945,0.001,resolved,0x610513631b6e4a2beecaf1ef71d18ebe1db5fe7f5858b20c1ae4b3f8999e0f78,https://data.chain.link/streams/sol-usd-twap-60s-streams,101.59880116749385,2026-09-11 13:46:25+00
xrp-updown-5m-1789134000,XRP,"XRP Up or Down - September 11, 9:40AM-9:45AM ET",2026-09-11T13:45:00Z,2026-09-11T13:40:00Z,1.3601655126532142,Up,"[""1"", ""0""]",0.99,,,0.4945,0.001,resolved,0x2feaebf90daeb9d2a5e05d85f62b287b933729761250d8bb5fb23d60ae38f85e,https://data.chain.link/streams/xrp-usd-twap-60s-streams,1.366061685797593,2026-09-11 13:46:27+00
zec-updown-5m-1789134000,ZEC,"ZCash Up or Down - September 11, 9:40AM-9:45AM ET",2026-09-11T13:45:00Z,2026-09-11T13:40:00Z,1148.4200118120264,Up,"[""1"", ""0""]",,,,0.495,0.01,resolved,0x0a645f2b1ed0de7d31dabda3548a9ca37238c7e59e8d8e20f03c5243a807177d,https://data.chain.link/streams/zec-usd-twap-60s-streams,1156.8035635103204,2026-09-11 13:46:25+00
bnb-updown-5m-1789134300,BNB,"BNB Up or Down - September 11, 9:45AM-9:50AM ET",2026-09-11T13:50:00Z,2026-09-11T13:45:00Z,721.2532199259754,Up,"[""1"", ""0""]",0.99,487.41932299999996,,0.4945,0.001,resolved,0x23595b53e8fc18137f2192394fe13ed3e68d838faa9943285978903086a040d6,https://data.chain.link/streams/bnb-usd-twap-60s-streams,726.6474431466303,2026-09-11 13:51:27+00
btc-updown-5m-1789134300,BTC,"Bitcoin Up or Down - September 11, 9:45AM-9:50AM ET",2026-09-11T13:50:00Z,2026-09-11T13:45:00Z,77739.91663883052,Up,"[""1"", ""0""]",0.999,51958.59320199998,,0.4945,0.001,resolved,0xde94cd2d14730897c793ee958366e4a46b34dc6aaf5f66e37b6b42d41768b407,https://data.chain.link/streams/btc-usd-twap-60s-streams,78301.60722107367,2026-09-11 13:51:27+00
doge-updown-5m-1789134300,DOGE,"Dogecoin Up or Down - September 11, 9:45AM-9:50AM ET",2026-09-11T13:50:00Z,2026-09-11T13:45:00Z,0.08505301825001915,Up,"[""1"", ""0""]",0.99,494.426467,,0.4995,0.001,resolved,0x20d95a6f8e280327163654ed2c4dffe6c56549ca04f4cd343f9063722f280fbd,https://data.chain.link/streams/doge-usd-twap-60s-streams,0.08588434809763615,2026-09-11 13:51:25+00
eth-updown-5m-1789134300,ETH,"Ethereum Up or Down - September 11, 9:45AM-9:50AM ET",2026-09-11T13:50:00Z,2026-09-11T13:45:00Z,2517.634036553375,Up,"[""1"", ""0""]",0.999,4198.223435000001,,0.4945,0.001,resolved,0xa73b352dfeee5e9a69e13b7f8460fe13093ad0e75f250839976c88a3ea74aa07,https://data.chain.link/streams/eth-usd-twap-60s-streams,2554.240630892517,2026-09-11 13:51:25+00
hype-updown-5m-1789134300,HYPE,"Hyperliquid Up or Down - September 11, 9:45AM-9:50AM ET",2026-09-11T13:50:00Z,2026-09-11T13:45:00Z,81.4607535134597,Up,"[""1"", ""0""]",0.98,38.522582,,0.4945,0.001,resolved,0x69c7260e30e62592c369e9e3771345c513d3460e3db136d3279c703ca32803d6,https://data.chain.link/streams/hype-usd-twap-60s-streams,82.07659121608995,2026-09-11 13:51:25+00
sol-updown-5m-1789134300,SOL,"Solana Up or Down - September 11, 9:45AM-9:50AM ET",2026-09-11T13:50:00Z,2026-09-11T13:45:00Z,101.59880116749385,Up,"[""1"", ""0""]",0.99,1367.2703609999996,,0.4945,0.001,resolved,0x2130a10805c7f47af2f801d3395260433cc581294e5ea34a4f796b5108280393,https://data.chain.link/streams/sol-usd-twap-60s-streams,102.68922114472304,2026-09-11 13:51:27+00
xrp-updown-5m-1789134300,XRP,"XRP Up or Down - September 11, 9:45AM-9:50AM ET",2026-09-11T13:50:00Z,2026-09-11T13:45:00Z,1.366061685797593,Up,"[""1"", ""0""]",0.99,903.9322170000002,,0.4945,0.001,resolved,0x2539b3575f05155ef331b0fd8689692fe1314aa286f907cb98ff85a69bf079b0,https://data.chain.link/streams/xrp-usd-twap-60s-streams,1.3804042620911463,2026-09-11 13:51:27+00
zec-updown-5m-1789134300,ZEC,"ZCash Up or Down - September 11, 9:45AM-9:50AM ET",2026-09-11T13:50:00Z,2026-09-11T13:45:00Z,1156.8035635103204,Up,"[""1"", ""0""]",,,,0.495,0.01,resolved,0x240e184b09cf20a9bb819b4b1fe4ea4ad46a4ff5787accddaa29d47740d3e434,https://data.chain.link/streams/zec-usd-twap-60s-streams,1175.5784649755217,2026-09-11 13:51:27+00
bnb-updown-5m-1789134600,BNB,"BNB Up or Down - September 11, 9:50AM-9:55AM ET",2026-09-11T13:55:00Z,2026-09-11T13:50:00Z,726.6474431466303,Up,"[""1"", ""0""]",0.99,266.432226,,0.4945,0.001,resolved,0xc94e294a8a8d59ee3459fb283c9d93a767531fbc4bd76811b7d70d7818ddfa9a,https://data.chain.link/streams/bnb-usd-twap-60s-streams,731.8576993448137,2026-09-11 13:56:27+00
btc-updown-5m-1789134600,BTC,"Bitcoin Up or Down - September 11, 9:50AM-9:55AM ET",2026-09-11T13:55:00Z,2026-09-11T13:50:00Z,78301.60722107367,Up,"[""1"", ""0""]",0.999,63896.09932399996,,0.4945,0.001,resolved,0xddf09d5c55669b69c16d61411dde7226a1e72264358a9064c6a224521fa91eb1,https://data.chain.link/streams/btc-usd-twap-60s-streams,78675.60121606916,2026-09-11 13:56:25+00
doge-updown-5m-1789134600,DOGE,"Dogecoin Up or Down - September 11, 9:50AM-9:55AM ET",2026-09-11T13:55:00Z,2026-09-11T13:50:00Z,0.08588434809763615,Up,"[""1"", ""0""]",0.99,496.36464,,0.4995,0.001,resolved,0xa7de02ada7370510a0f03a9167a7c02109a09a1eff1f9089f665529d3b836121,https://data.chain.link/streams/doge-usd-twap-60s-streams,0.08659098732772491,2026-09-11 13:56:27+00
eth-updown-5m-1789134600,ETH,"Ethereum Up or Down - September 11, 9:50AM-9:55AM ET",2026-09-11T13:55:00Z,2026-09-11T13:50:00Z,2554.240630892517,Up,"[""1"", ""0""]",0.999,6041.829642000001,,0.4945,0.001,resolved,0x7b15a7c6c8a560d8de5f564514df5d9f667ca0497dd76e0bea70fb34b3abb969,https://data.chain.link/streams/eth-usd-twap-60s-streams,2594.2022647841663,2026-09-11 13:56:25+00
hype-updown-5m-1789134600,HYPE,"Hyperliquid Up or Down - September 11, 9:50AM-9:55AM ET",2026-09-11T13:55:00Z,2026-09-11T13:50:00Z,82.07659121608995,Up,"[""1"", ""0""]",0.999,,,0.49,0.01,resolved,0x991ea917d2690ee86b239cfd0e58268eb4a4cbde5b894d332490029159e9f8bc,https://data.chain.link/streams/hype-usd-twap-60s-streams,82.82639427862733,2026-09-11 13:56:25+00
sol-updown-5m-1789134600,SOL,"Solana Up or Down - September 11, 9:50AM-9:55AM ET",2026-09-11T13:55:00Z,2026-09-11T13:50:00Z,102.68922114472304,Up,"[""1"", ""0""]",0.999,2143.207167,,0.4945,0.001,resolved,0xa93253f21b9f27452fb96199add04b83618d61ed9b70bfc8239617da8c2acb7c,https://data.chain.link/streams/sol-usd-twap-60s-streams,103.6938902001937,2026-09-11 13:56:27+00
xrp-updown-5m-1789134600,XRP,"XRP Up or Down - September 11, 9:50AM-9:55AM ET",2026-09-11T13:55:00Z,2026-09-11T13:50:00Z,1.3804042620911463,Up,"[""1"", ""0""]",0.99,1004.3473790000002,,0.4945,0.001,resolved,0xeb021335e892504567ceb5242b7b8fd5bbedcc2e73c03122b065a251d9daf7e2,https://data.chain.link/streams/xrp-usd-twap-60s-streams,1.3973137835557634,2026-09-11 13:56:25+00
zec-updown-5m-1789134600,ZEC,"ZCash Up or Down - September 11, 9:50AM-9:55AM ET",2026-09-11T13:55:00Z,2026-09-11T13:50:00Z,1175.5784649755217,Up,"[""1"", ""0""]",,,,0.495,0.01,resolved,0xd6a3d5f93e65fdf0dfb606171ab62740a71d01901eae26d3defc31b720d4c93c,https://data.chain.link/streams/zec-usd-twap-60s-streams,1192.3481337714084,2026-09-11 13:56:27+00
bnb-updown-5m-1789134900,BNB,"BNB Up or Down - September 11, 9:55AM-10:00AM ET",2026-09-11T14:00:00Z,2026-09-11T13:55:00Z,731.8576993448137,Up,"[""1"", ""0""]",0.99,,,0.4945,0.001,resolved,0x850a6e05adfd3e1a3800fdc3f358d713e7e9ed099229799d29dc2ded40408967,https://data.chain.link/streams/bnb-usd-twap-60s-streams,736.0197938589772,2026-09-11 14:01:27+00
btc-updown-5m-1789134900,BTC,"Bitcoin Up or Down - September 11, 9:55AM-10:00AM ET",2026-09-11T14:00:00Z,2026-09-11T13:55:00Z,78675.60121606916,Up,"[""1"", ""0""]",0.999,62745.81302000003,,0.4945,0.001,resolved,0xa93edc8b785796396da461949b94a92ea85f8d79f5d7520172dd1614fbe27cca,https://data.chain.link/streams/btc-usd-twap-60s-streams,79138.23054465246,2026-09-11 14:01:27+00
doge-updown-5m-1789134900,DOGE,"Dogecoin Up or Down - September 11, 9:55AM-10:00AM ET",2026-09-11T14:00:00Z,2026-09-11T13:55:00Z,0.08659098732772491,Up,"[""1"", ""0""]",0.99,,,0.4995,0.001,resolved,0x9e4e7e0d33593171fb1cb9f38fdc867966d9bd5f0b24554feb6479bb06341c52,https://data.chain.link/streams/doge-usd-twap-60s-streams,0.08730490373840959,2026-09-11 14:01:27+00
eth-updown-5m-1789134900,ETH,"Ethereum Up or Down - September 11, 9:55AM-10:00AM ET",2026-09-11T14:00:00Z,2026-09-11T13:55:00Z,2594.2022647841663,Up,"[""1"", ""0""]",0.999,4482.598506,,0.4945,0.001,resolved,0x7c8622a66c25b5d11f2d3ea34570064a94a892cd63673cd1717915f801c62bcd,https://data.chain.link/streams/eth-usd-twap-60s-streams,2626.994670133719,2026-09-11 14:01:27+00
hype-updown-5m-1789134900,HYPE,"Hyperliquid Up or Down - September 11, 9:55AM-10:00AM ET",2026-09-11T14:00:00Z,2026-09-11T13:55:00Z,82.82639427862733,Up,"[""1"", ""0""]",0.999,,,0.4945,0.001,resolved,0x5f0136d857200d6b9f440a1a66d005a328c0e6d6b32b78dec7313aa731697458,https://data.chain.link/streams/hype-usd-twap-60s-streams,83.32579797380784,2026-09-11 14:01:27+00
sol-updown-5m-1789134900,SOL,"Solana Up or Down - September 11, 9:55AM-10:00AM ET",2026-09-11T14:00:00Z,2026-09-11T13:55:00Z,103.6938902001937,Up,"[""1"", ""0""]",0.99,1942.555043,,0.4945,0.001,resolved,0xac1965864cc23baf11b18c55bd60c074a73fc7c59561a5d0158f62d9a4547f11,https://data.chain.link/streams/sol-usd-twap-60s-streams,104.64488028964514,2026-09-11 14:01:27+00
xrp-updown-5m-1789134900,XRP,"XRP Up or Down - September 11, 9:55AM-10:00AM ET",2026-09-11T14:00:00Z,2026-09-11T13:55:00Z,1.3973137835557634,Up,"[""1"", ""0""]",0.99,,,0.4945,0.001,resolved,0x7ee77772853f337600f3cfcbde9560dc6499875bfdbfe62aad90bbe4b921f8ec,https://data.chain.link/streams/xrp-usd-twap-60s-streams,1.412818021793845,2026-09-11 14:01:27+00
zec-updown-5m-1789134900,ZEC,"ZCash Up or Down - September 11, 9:55AM-10:00AM ET",2026-09-11T14:00:00Z,2026-09-11T13:55:00Z,1192.3481337714084,Up,"[""1"", ""0""]",,,,0.495,0.01,resolved,0x8a55562ec4e9ec0397891ed4a48eba43146864a29f8e347a1da7492c8cd75d21,https://data.chain.link/streams/zec-usd-twap-60s-streams,1206.7476222422304,2026-09-11 14:01:27+00
bnb-updown-5m-1789135200,BNB,"BNB Up or Down - September 11, 10:00AM-10:05AM ET",2026-09-11T14:05:00Z,2026-09-11T14:00:00Z,736.0197938589772,Up,"[""1"", ""0""]",0.99,591.506687,,0.4945,0.001,resolved,0x7de963a0afc22dcdebd6d808984db54f9d0c894045d26931653bfea3ae050f57,https://data.chain.link/streams/bnb-usd-twap-60s-streams,739.1778697835938,2026-09-11 14:06:03+00
btc-updown-5m-1789135200,BTC,"Bitcoin Up or Down - September 11, 10:00AM-10:05AM ET",2026-09-11T14:05:00Z,2026-09-11T14:00:00Z,79138.23054465246,Up,"[""1"", ""0""]",0.999,,,0.4945,0.001,resolved,0xa00bb58c67e7fc808a0f160a41bb7dc98002f2171e47b36fbf1acb84b7011ad3,https://data.chain.link/streams/btc-usd-twap-60s-streams,79448.29113321178,2026-09-11 14:05:54+00
doge-updown-5m-1789135200,DOGE,"Dogecoin Up or Down - September 11, 10:00AM-10:05AM ET",2026-09-11T14:05:00Z,2026-09-11T14:00:00Z,0.08730490373840959,Up,"[""1"", ""0""]",0.99,,,0.495,0.01,resolved,0xe8591b3175c64914e1329fffe54301cdca4e70a59b1bc8327f50658f3836574c,https://data.chain.link/streams/doge-usd-twap-60s-streams,0.08766399387210455,2026-09-11 14:05:54+00
eth-updown-5m-1789135200,ETH,"Ethereum Up or Down - September 11, 10:00AM-10:05AM ET",2026-09-11T14:05:00Z,2026-09-11T14:00:00Z,2626.994670133719,Up,"[""1"", ""0""]",0.99,,,0.49,0.01,resolved,0xb36d329762aeb0b6a8a4bb228b3a72093694d85a52c6a228f27fac65bb6efb49,https://data.chain.link/streams/eth-usd-twap-60s-streams,2634.399328694022,2026-09-11 14:05:54+00
hype-updown-5m-1789135200,HYPE,"Hyperliquid Up or Down - September 11, 10:00AM-10:05AM ET",2026-09-11T14:05:00Z,2026-09-11T14:00:00Z,83.32579797380784,Up,"[""1"", ""0""]",0.88,,,0.41,0.03,resolved,0x463a94ad27bf3c487a8ca314c63173cd7b9f8a868f28ef20745170bd4d617b69,https://data.chain.link/streams/hype-usd-twap-60s-streams,83.34088551975924,2026-09-11 14:05:54+00
sol-updown-5m-1789135200,SOL,"Solana Up or Down - September 11, 10:00AM-10:05AM ET",2026-09-11T14:05:00Z,2026-09-11T14:00:00Z,104.64488028964514,Up,"[""1"", ""0""]",0.98,,,0.49,0.01,resolved,0x6e47e8bb97a4d4a0ae35c3fc559f829216d31329f637d951945c5c9806ccc27a,https://data.chain.link/streams/sol-usd-twap-60s-streams,105.04712450651151,2026-09-11 14:05:54+00
xrp-updown-5m-1789135200,XRP,"XRP Up or Down - September 11, 10:00AM-10:05AM ET",2026-09-11T14:05:00Z,2026-09-11T14:00:00Z,1.412818021793845,Up,"[""1"", ""0""]",0.999,,,0.4945,0.001,resolved,0x703e053d2c65a0a3ef8f48ed5d64b496778b9e366c124d25d486429b9d3900b2,https://data.chain.link/streams/xrp-usd-twap-60s-streams,1.4197143937068346,2026-09-11 14:05:54+00
zec-updown-5m-1789135200,ZEC,"ZCash Up or Down - September 11, 10:00AM-10:05AM ET",2026-09-11T14:05:00Z,2026-09-11T14:00:00Z,1206.7476222422304,Up,"[""1"", ""0""]",,,,0.01,0.98,resolved,0x8def57ef71fcf03006c48d042436fa480f56b41c0fd0e440c6d4603bc1e206a6,https://data.chain.link/streams/zec-usd-twap-60s-streams,1211.3368479825215,2026-09-11 14:05:54+00
bnb-updown-5m-1789135500,BNB,"BNB Up or Down - September 11, 10:05AM-10:10AM ET",2026-09-11T14:10:00Z,2026-09-11T14:05:00Z,739.1778697835938,Down,"[""0"", ""1""]",0.002,,,-0.4995,0.001,resolved,0x30a40e563c13ee51c2324b3785b4cdf1fac6104fc6d7f31fd5071efc5826ed56,https://data.chain.link/streams/bnb-usd-twap-60s-streams,733.8277205600187,2026-09-11 14:11:28+00
btc-updown-5m-1789135500,BTC,"Bitcoin Up or Down - September 11, 10:05AM-10:10AM ET",2026-09-11T14:10:00Z,2026-09-11T14:05:00Z,79448.29113321178,Down,"[""0"", ""1""]",0.001,63517.99082499997,196.078432,-0.5045,0.001,resolved,0x7a51d36ab9f6526de67e927ef4c439bf3d3ce20825dcae92c91a6e60883d4ac2,https://data.chain.link/streams/btc-usd-twap-60s-streams,78970.60438339121,2026-09-11 14:11:28+00
doge-updown-5m-1789135500,DOGE,"Dogecoin Up or Down - September 11, 10:05AM-10:10AM ET",2026-09-11T14:10:00Z,2026-09-11T14:05:00Z,0.08766399387210455,Down,"[""0"", ""1""]",0.01,481.969438,,-0.4995,0.001,resolved,0xa8e4651e1b3b355bcbf229a59abeda6af3aa9005d2d21543b1e26eb405588eed,https://data.chain.link/streams/doge-usd-twap-60s-streams,0.0866927328321864,2026-09-11 14:11:27+00
eth-updown-5m-1789135500,ETH,"Ethereum Up or Down - September 11, 10:05AM-10:10AM ET",2026-09-11T14:10:00Z,2026-09-11T14:05:00Z,2634.399328694022,Down,"[""0"", ""1""]",0.01,5536.245824,,-0.4995,0.001,resolved,0x8b83fb5b91befc3e663b18c23ab6420a49690d5cc3c829f938541b80255a6234,https://data.chain.link/streams/eth-usd-twap-60s-streams,2616.306307518786,2026-09-11 14:11:27+00
hype-updown-5m-1789135500,HYPE,"Hyperliquid Up or Down - September 11, 10:05AM-10:10AM ET",2026-09-11T14:10:00Z,2026-09-11T14:05:00Z,83.34088551975924,Down,"[""0"", ""1""]",0.5,,,-0.5045,0.001,resolved,0xe6fd3fe6df161025085beda5465fff44b307678b60a683e005346288bdaf5cfb,https://data.chain.link/streams/hype-usd-twap-60s-streams,82.97048389613394,2026-09-11 14:11:28+00
sol-updown-5m-1789135500,SOL,"Solana Up or Down - September 11, 10:05AM-10:10AM ET",2026-09-11T14:10:00Z,2026-09-11T14:05:00Z,105.04712450651151,Down,"[""0"", ""1""]",0.02,1479.089403,,-0.5045,0.001,resolved,0x81431d71f943e1b767bc967caede76935f73a2c0c98347e013e92261fa6e0cb9,https://data.chain.link/streams/sol-usd-twap-60s-streams,104.08324141791228,2026-09-11 14:11:28+00
xrp-updown-5m-1789135500,XRP,"XRP Up or Down - September 11, 10:05AM-10:10AM ET",2026-09-11T14:10:00Z,2026-09-11T14:05:00Z,1.4197143937068346,Down,"[""0"", ""1""]",0.03,814.6152950000001,,-0.4995,0.001,resolved,0x6659827093e3d5666dccca774c72d46d7fd24c9a1de2e44616e58a30961b5528,https://data.chain.link/streams/xrp-usd-twap-60s-streams,1.4049731394394018,2026-09-11 14:11:27+00
zec-updown-5m-1789135500,ZEC,"ZCash Up or Down - September 11, 10:05AM-10:10AM ET",2026-09-11T14:10:00Z,2026-09-11T14:05:00Z,1211.3368479825215,Down,"[""0"", ""1""]",,,,-0.495,0.01,resolved,0xa6c5519a6a69e1cb917ff7e4c53da813da44659c2080942b730f52bbdfa9a36f,https://data.chain.link/streams/zec-usd-twap-60s-streams,1201.854660880596,2026-09-11 14:11:28+00
bnb-updown-5m-1789135800,BNB,"BNB Up or Down - September 11, 10:10AM-10:15AM ET",2026-09-11T14:15:00Z,2026-09-11T14:10:00Z,733.8277205600187,Down,"[""0"", ""1""]",0.47,,,-0.5,0.01,resolved,0x5aa8d48c82a0a318614367a2e7880b060d3e12b011b1e744583e6e852c73e73e,https://data.chain.link/streams/bnb-usd-twap-60s-streams,733.7195024534823,2026-09-11 14:15:52+00
btc-updown-5m-1789135800,BTC,"Bitcoin Up or Down - September 11, 10:10AM-10:15AM ET",2026-09-11T14:15:00Z,2026-09-11T14:10:00Z,78970.60438339121,Up,"[""1"", ""0""]",0.99,75356.20706199994,,0.49,0.01,resolved,0x60160286f67f4c9432df388118738f43c8fd45e0b71c61b7d95d0bb7af21e5b5,https://data.chain.link/streams/btc-usd-twap-60s-streams,79102.36578775708,2026-09-11 14:15:52+00
doge-updown-5m-1789135800,DOGE,"Dogecoin Up or Down - September 11, 10:10AM-10:15AM ET",2026-09-11T14:15:00Z,2026-09-11T14:10:00Z,0.0866927328321864,Down,"[""0"", ""1""]",0.39,,,-0.47,0.04,resolved,0x77bf1578d35370efab4af60427598f4e64d3e7eadfeac643142e1cefe3800733,https://data.chain.link/streams/doge-usd-twap-60s-streams,0.08668359024857365,2026-09-11 14:15:52+00
eth-updown-5m-1789135800,ETH,"Ethereum Up or Down - September 11, 10:10AM-10:15AM ET",2026-09-11T14:15:00Z,2026-09-11T14:10:00Z,2616.306307518786,Down,"[""0"", ""1""]",0.06,5062.9001419999995,572.037038,-0.5,0.01,resolved,0x7c5bdf70c5accb61de6acc81cb83daa43290c288788e1823097f1ee57ab435dd,https://data.chain.link/streams/eth-usd-twap-60s-streams,2612.619200406576,2026-09-11 14:15:52+00
hype-updown-5m-1789135800,HYPE,"Hyperliquid Up or Down - September 11, 10:10AM-10:15AM ET",2026-09-11T14:15:00Z,2026-09-11T14:10:00Z,82.97048389613394,Up,"[""1"", ""0""]",0.98,,,0.49,0.01,resolved,0xa4230147b82c6ab1e91bad2a8ce5d88a5cc47e022fc7eb8ac1b55792f7f36bbb,https://data.chain.link/streams/hype-usd-twap-60s-streams,83.09879077844234,2026-09-11 14:15:52+00
sol-updown-5m-1789135800,SOL,"Solana Up or Down - September 11, 10:10AM-10:15AM ET",2026-09-11T14:15:00Z,2026-09-11T14:10:00Z,104.08324141791228,Down,"[""0"", ""1""]",0.01,2144.4906920000008,,-0.5,0.01,resolved,0xc7ec16a366e86811fe44dd8120a8801189b49f35cf2d1f973a10d891de3501c0,https://data.chain.link/streams/sol-usd-twap-60s-streams,104.00946639689951,2026-09-11 14:16:03+00
xrp-updown-5m-1789135800,XRP,"XRP Up or Down - September 11, 10:10AM-10:15AM ET",2026-09-11T14:15:00Z,2026-09-11T14:10:00Z,1.4049731394394018,Down,"[""0"", ""1""]",0.1,1098.0350190000001,,-0.5,0.01,resolved,0x5fe3709c09c046534047f696ec5a21b81b851e4537bdfe26fb599658451de2f0,https://data.chain.link/streams/xrp-usd-twap-60s-streams,1.4026298384398905,2026-09-11 14:15:54+00
zec-updown-5m-1789135800,ZEC,"ZCash Up or Down - September 11, 10:10AM-10:15AM ET",2026-09-11T14:15:00Z,2026-09-11T14:10:00Z,1201.854660880596,Up,"[""1"", ""0""]",,,,0.01,0.98,resolved,0xb4f90152f5801d757e019b0f6c0e613e3ee7199eea67cd83c4b400aa8f4c1625,https://data.chain.link/streams/zec-usd-twap-60s-streams,1211.5100236028409,2026-09-11 14:15:52+00
bnb-updown-5m-1789136100,BNB,"BNB Up or Down - September 11, 10:15AM-10:20AM ET",2026-09-11T14:20:00Z,2026-09-11T14:15:00Z,733.7195024534823,Down,"[""0"", ""1""]",0.03,426.0351569999999,,-0.5,0.01,resolved,0x281eabcd83c4b7bf73bc788e959fa0c6f35bf75fe0fc9514f21939699462116b,https://data.chain.link/streams/bnb-usd-twap-60s-streams,733.4543529637939,2026-09-11 14:21:25+00
btc-updown-5m-1789136100,BTC,"Bitcoin Up or Down - September 11, 10:15AM-10:20AM ET",2026-09-11T14:20:00Z,2026-09-11T14:15:00Z,79102.36578775708,Up,"[""1"", ""0""]",0.99,71916.239337,,0.49,0.01,resolved,0x0b9d83089a514dd9992d83fb037db3c972240adefc1bba798bcbcda27b0f7415,https://data.chain.link/streams/btc-usd-twap-60s-streams,79121.08547840222,2026-09-11 14:21:27+00
doge-updown-5m-1789136100,DOGE,"Dogecoin Up or Down - September 11, 10:15AM-10:20AM ET",2026-09-11T14:20:00Z,2026-09-11T14:15:00Z,0.08668359024857365,Down,"[""0"", ""1""]",0.02,466.86351,,-0.495,0.01,resolved,0xaa98cdce15aa8103b20383ab0a40cbf0e99ab92d5ed1e65d0c9ecfe8a31ac9a7,https://data.chain.link/streams/doge-usd-twap-60s-streams,0.0866271565404688,2026-09-11 14:21:25+00
eth-updown-5m-1789136100,ETH,"Ethereum Up or Down - September 11, 10:15AM-10:20AM ET",2026-09-11T14:20:00Z,2026-09-11T14:15:00Z,2612.619200406576,Down,"[""0"", ""1""]",0.03,5881.688523,,-0.5,0.01,resolved,0x7dc662353b15fb61b25af02cd46b3c7a492861eda436b04716810362569cd0b5,https://data.chain.link/streams/eth-usd-twap-60s-streams,2611.197923362998,2026-09-11 14:21:27+00
hype-updown-5m-1789136100,HYPE,"Hyperliquid Up or Down - September 11, 10:15AM-10:20AM ET",2026-09-11T14:20:00Z,2026-09-11T14:15:00Z,83.09879077844234,Down,"[""0"", ""1""]",,40.818764,,-0.5,0.01,resolved,0x4f27743819bd5ed9670093171c72e4b0aa0a9a3e6ee2fb8250ec473c3fd6d28e,https://data.chain.link/streams/hype-usd-twap-60s-streams,82.99000227503485,2026-09-11 14:21:25+00
sol-updown-5m-1789136100,SOL,"Solana Up or Down - September 11, 10:15AM-10:20AM ET",2026-09-11T14:20:00Z,2026-09-11T14:15:00Z,104.00946639689951,Down,"[""0"", ""1""]",0.01,2080.958652,,-0.5,0.01,resolved,0x4fe3f434b7b318e7b9129d13f560defcc423e388e1feab305695ce435800ee3e,https://data.chain.link/streams/sol-usd-twap-60s-streams,103.83269712164142,2026-09-11 14:21:27+00
xrp-updown-5m-1789136100,XRP,"XRP Up or Down - September 11, 10:15AM-10:20AM ET",2026-09-11T14:20:00Z,2026-09-11T14:15:00Z,1.4026298384398905,Down,"[""0"", ""1""]",0.02,713.652564,,-0.5,0.01,resolved,0x7df0c3db45ab17fdaa0f8652efc98ff6c11959e15c37a4f1459fcf6c04f30f8d,https://data.chain.link/streams/xrp-usd-twap-60s-streams,1.3983298120890357,2026-09-11 14:21:25+00
zec-updown-5m-1789136100,ZEC,"ZCash Up or Down - September 11, 10:15AM-10:20AM ET",2026-09-11T14:20:00Z,2026-09-11T14:15:00Z,1211.5100236028409,Down,"[""0"", ""1""]",,,,-0.495,0.01,resolved,0xc58f42aacf4340511fec959447799347abba459fcbb4534ecc3b09ddac4c1e75,https://data.chain.link/streams/zec-usd-twap-60s-streams,1205.1371332654442,2026-09-11 14:21:25+00
bnb-updown-5m-1789136400,BNB,"BNB Up or Down - September 11, 10:20AM-10:25AM ET",2026-09-11T14:25:00Z,2026-09-11T14:20:00Z,733.4543529637939,Up,"[""1"", ""0""]",0.99,,,0.4945,0.001,resolved,0xf624554d15d354e76067d28da4c4a7c647ad2a602d61447655f121339569a645,https://data.chain.link/streams/bnb-usd-twap-60s-streams,733.9236945543801,2026-09-11 14:26:27+00
btc-updown-5m-1789136400,BTC,"Bitcoin Up or Down - September 11, 10:20AM-10:25AM ET",2026-09-11T14:25:00Z,2026-09-11T14:20:00Z,79121.08547840222,Down,"[""0"", ""1""]",0.01,56041.354779,,-0.5045,0.001,resolved,0x8ed3e9245536710de223c061127eccac625d205432896eac9b8d764339600a0a,https://data.chain.link/streams/btc-usd-twap-60s-streams,79027.03025851019,2026-09-11 14:26:27+00
doge-updown-5m-1789136400,DOGE,"Dogecoin Up or Down - September 11, 10:20AM-10:25AM ET",2026-09-11T14:25:00Z,2026-09-11T14:20:00Z,0.0866271565404688,Down,"[""0"", ""1""]",0.03,,,-0.4995,0.001,resolved,0x772d5a691b270817b1bb1ff1f547319810f25bbbf54af56cd26e1fc5772f6b8f,https://data.chain.link/streams/doge-usd-twap-60s-streams,0.08644032931666629,2026-09-11 14:26:27+00
eth-updown-5m-1789136400,ETH,"Ethereum Up or Down - September 11, 10:20AM-10:25AM ET",2026-09-11T14:25:00Z,2026-09-11T14:20:00Z,2611.197923362998,Up,"[""1"", ""0""]",0.999,4241.965329000001,,0.4945,0.001,resolved,0x291954a4c932b43fdb6e1783026037472fd9b9c761209a6116b935d927559998,https://data.chain.link/streams/eth-usd-twap-60s-streams,2613.7085431002843,2026-09-11 14:26:25+00
hype-updown-5m-1789136400,HYPE,"Hyperliquid Up or Down - September 11, 10:20AM-10:25AM ET",2026-09-11T14:25:00Z,2026-09-11T14:20:00Z,82.99000227503485,Up,"[""1"", ""0""]",0.98,,,0.4945,0.001,resolved,0x623e50c8e2985d6bc363cefda9d31c3c04249c40fb8b4e41cda0c235f0dfb5bd,https://data.chain.link/streams/hype-usd-twap-60s-streams,83.08533657971624,2026-09-11 14:26:25+00
sol-updown-5m-1789136400,SOL,"Solana Up or Down - September 11, 10:20AM-10:25AM ET",2026-09-11T14:25:00Z,2026-09-11T14:20:00Z,103.83269712164142,Down,"[""0"", ""1""]",0.02,1241.496199,,-0.5045,0.001,resolved,0xcbfec44ef0d3a914dc4a9114158deb6541196e6a327e55e57d9cfca162f4509d,https://data.chain.link/streams/sol-usd-twap-60s-streams,103.72291864198482,2026-09-11 14:26:27+00
xrp-updown-5m-1789136400,XRP,"XRP Up or Down - September 11, 10:20AM-10:25AM ET",2026-09-11T14:25:00Z,2026-09-11T14:20:00Z,1.3983298120890357,Up,"[""1"", ""0""]",0.99,,,0.49,0.01,resolved,0x753f9cc77fd735f2f9cf8815433145d6d30a8105ca8cf3f8e39bd3c09fb66660,https://data.chain.link/streams/xrp-usd-twap-60s-streams,1.3986206226767504,2026-09-11 14:26:25+00
zec-updown-5m-1789136400,ZEC,"ZCash Up or Down - September 11, 10:20AM-10:25AM ET",2026-09-11T14:25:00Z,2026-09-11T14:20:00Z,1205.1371332654442,Down,"[""0"", ""1""]",,,,-0.495,0.01,resolved,0x4da0f7b7ca37ba30dfd9330dfd4581fd1d586a18dd42cab63de773da270e7d6c,https://data.chain.link/streams/zec-usd-twap-60s-streams,1203.79872126251,2026-09-11 14:26:25+00
bnb-updown-5m-1789136700,BNB,"BNB Up or Down - September 11, 10:25AM-10:30AM ET",2026-09-11T14:30:00Z,2026-09-11T14:25:00Z,733.9236945543801,Up,"[""1"", ""0""]",0.99,,,0.4945,0.001,resolved,0x116e8a653eafe875c6bd4fc28a07e8864217fbbf81c541c49abc65def070e296,https://data.chain.link/streams/bnb-usd-twap-60s-streams,734.9341995660168,2026-09-11 14:30:52+00
btc-updown-5m-1789136700,BTC,"Bitcoin Up or Down - September 11, 10:25AM-10:30AM ET",2026-09-11T14:30:00Z,2026-09-11T14:25:00Z,79027.03025851019,Down,"[""0"", ""1""]",0.01,82558.09656500003,196.078432,-0.5,0.01,resolved,0x1d53504c8b077a0793503d8a2dc61aecb3cba5c7b3376fb3632124005cfb923f,https://data.chain.link/streams/btc-usd-twap-60s-streams,79020.08247720185,2026-09-11 14:30:54+00
doge-updown-5m-1789136700,DOGE,"Dogecoin Up or Down - September 11, 10:25AM-10:30AM ET",2026-09-11T14:30:00Z,2026-09-11T14:25:00Z,0.08644032931666629,Up,"[""1"", ""0""]",0.99,,,0.495,0.01,resolved,0x316763a3abb9f0de8cd25414385c964f6865ad6342fe8e86cf141a597fbdfea2,https://data.chain.link/streams/doge-usd-twap-60s-streams,0.08656872138975985,2026-09-11 14:30:52+00
eth-updown-5m-1789136700,ETH,"Ethereum Up or Down - September 11, 10:25AM-10:30AM ET",2026-09-11T14:30:00Z,2026-09-11T14:25:00Z,2613.7085431002843,Up,"[""1"", ""0""]",0.99,,,0.4945,0.001,resolved,0x605d714993573a88b0a76212afe33c678a9f0a634baa81696c6aa38cbac8da93,https://data.chain.link/streams/eth-usd-twap-60s-streams,2619.258184430447,2026-09-11 14:30:52+00
hype-updown-5m-1789136700,HYPE,"Hyperliquid Up or Down - September 11, 10:25AM-10:30AM ET",2026-09-11T14:30:00Z,2026-09-11T14:25:00Z,83.08533657971624,Up,"[""1"", ""0""]",0.999,,,0.4945,0.001,resolved,0x48caf8b71a6a179f7dbed01d8c4177a3160d4edf18e77c7db333e12bc8d9a1ef,https://data.chain.link/streams/hype-usd-twap-60s-streams,83.45551577521941,2026-09-11 14:30:52+00
sol-updown-5m-1789136700,SOL,"Solana Up or Down - September 11, 10:25AM-10:30AM ET",2026-09-11T14:30:00Z,2026-09-11T14:25:00Z,103.72291864198482,Up,"[""1"", ""0""]",0.99,,,0.49,0.01,resolved,0x7b330dd22bff288e7db90028dd0d56936ef293944f37106808545efbf6a3305c,https://data.chain.link/streams/sol-usd-twap-60s-streams,103.79231392679695,2026-09-11 14:30:54+00
xrp-updown-5m-1789136700,XRP,"XRP Up or Down - September 11, 10:25AM-10:30AM ET",2026-09-11T14:30:00Z,2026-09-11T14:25:00Z,1.3986206226767504,Up,"[""1"", ""0""]",0.99,,,0.49,0.01,resolved,0x38064f1799778bc09683537bd339ca4c29a06c132b3939f31628d38dceff6229,https://data.chain.link/streams/xrp-usd-twap-60s-streams,1.3991672846159096,2026-09-11 14:30:52+00
zec-updown-5m-1789136700,ZEC,"ZCash Up or Down - September 11, 10:25AM-10:30AM ET",2026-09-11T14:30:00Z,2026-09-11T14:25:00Z,1203.79872126251,Down,"[""0"", ""1""]",,,,-0.495,0.01,resolved,0x4fb5c08dac2877ca7034fc257e58d6e0bfbb86d672e2c6583b01438357740198,https://data.chain.link/streams/zec-usd-twap-60s-streams,1196.2879878796095,2026-09-11 14:30:52+00
bnb-updown-5m-1789137000,BNB,"BNB Up or Down - September 11, 10:30AM-10:35AM ET",2026-09-11T14:35:00Z,2026-09-11T14:30:00Z,734.9341995660168,Down,"[""0"", ""1""]",0.35,,,-0.5,0.01,resolved,0xe90df5210ce76a8344847a336187f24e7bfbdaf3e8fb29b322a8d9272ab1163d,https://data.chain.link/streams/bnb-usd-twap-60s-streams,733.1292227152007,2026-09-11 14:35:52+00
btc-updown-5m-1789137000,BTC,"Bitcoin Up or Down - September 11, 10:30AM-10:35AM ET",2026-09-11T14:35:00Z,2026-09-11T14:30:00Z,79020.08247720185,Down,"[""0"", ""1""]",0.01,54247.32137800001,,-0.5,0.01,resolved,0x33c00ec80df445d41748c3fc2ec848e93e5218a748ea1f786bf0ab2de057b1f8,https://data.chain.link/streams/btc-usd-twap-60s-streams,78771.76489547871,2026-09-11 14:35:52+00
doge-updown-5m-1789137000,DOGE,"Dogecoin Up or Down - September 11, 10:30AM-10:35AM ET",2026-09-11T14:35:00Z,2026-09-11T14:30:00Z,0.08656872138975985,Down,"[""0"", ""1""]",0.24,,,-0.495,0.01,resolved,0x0a6f178e2f6ab25ec4ec0ee27294d8b6e3828c500125624e2defa17cbeaf10b5,https://data.chain.link/streams/doge-usd-twap-60s-streams,0.08621016548788957,2026-09-11 14:35:52+00
eth-updown-5m-1789137000,ETH,"Ethereum Up or Down - September 11, 10:30AM-10:35AM ET",2026-09-11T14:35:00Z,2026-09-11T14:30:00Z,2619.258184430447,Down,"[""0"", ""1""]",0.04,,,-0.5,0.01,resolved,0x2475b0bd9e0f7a07fdedc73002eefdf8eabb9e5ae0a0ccecb990dda858df4b75,https://data.chain.link/streams/eth-usd-twap-60s-streams,2611.1329242395036,2026-09-11 14:35:54+00
hype-updown-5m-1789137000,HYPE,"Hyperliquid Up or Down - September 11, 10:30AM-10:35AM ET",2026-09-11T14:35:00Z,2026-09-11T14:30:00Z,83.45551577521941,Down,"[""0"", ""1""]",0.42,,,-0.5,0.01,resolved,0x255165a64b53415a6a2de013fcad3586e7c3667018fa4ed43285aa411c5805ac,https://data.chain.link/streams/hype-usd-twap-60s-streams,83.04994330147055,2026-09-11 14:35:52+00
sol-updown-5m-1789137000,SOL,"Solana Up or Down - September 11, 10:30AM-10:35AM ET",2026-09-11T14:35:00Z,2026-09-11T14:30:00Z,103.79231392679695,Down,"[""0"", ""1""]",0.01,1841.1733230000004,,-0.5,0.01,resolved,0x57bc3975cd989dc99968fd99c627fae691eee18f6ca119ba47e4044717024f94,https://data.chain.link/streams/sol-usd-twap-60s-streams,103.32235886488499,2026-09-11 14:35:52+00
xrp-updown-5m-1789137000,XRP,"XRP Up or Down - September 11, 10:30AM-10:35AM ET",2026-09-11T14:35:00Z,2026-09-11T14:30:00Z,1.3991672846159096,Down,"[""0"", ""1""]",0.06,,,-0.5,0.01,resolved,0x1917790caa31844614873905d309983e8c16314f999371251405bdd026905d69,https://data.chain.link/streams/xrp-usd-twap-60s-streams,1.393058462469244,2026-09-11 14:35:54+00
zec-updown-5m-1789137000,ZEC,"ZCash Up or Down - September 11, 10:30AM-10:35AM ET",2026-09-11T14:35:00Z,2026-09-11T14:30:00Z,1196.2879878796095,Down,"[""0"", ""1""]",,,,-0.01,0.98,resolved,0x7c1ffed4c1864b34ca78cba9ccd1343a618b5fea08d63556b93972b8f9bb9816,https://data.chain.link/streams/zec-usd-twap-60s-streams,1183.179761142656,2026-09-11 14:35:52+00
bnb-updown-5m-1789137300,BNB,"BNB Up or Down - September 11, 10:35AM-10:40AM ET",2026-09-11T14:40:00Z,2026-09-11T14:35:00Z,733.1292227152007,Down,"[""0"", ""1""]",0.02,,,-0.5,0.01,resolved,0xf5284483e6a3fefd7b902734982228a9e73f470a6bdb1cb8e79d872091fe2fea,https://data.chain.link/streams/bnb-usd-twap-60s-streams,732.8751863241756,2026-09-11 14:40:52+00
btc-updown-5m-1789137300,BTC,"Bitcoin Up or Down - September 11, 10:35AM-10:40AM ET",2026-09-11T14:40:00Z,2026-09-11T14:35:00Z,78771.76489547871,Down,"[""0"", ""1""]",0.001,61934.71889400005,,-0.5045,0.001,resolved,0x27181d19f7485dcc05747d928b5b3423c654690557283bd2e8ed5c5571047f52,https://data.chain.link/streams/btc-usd-twap-60s-streams,78683.83735733459,2026-09-11 14:40:52+00
doge-updown-5m-1789137300,DOGE,"Dogecoin Up or Down - September 11, 10:35AM-10:40AM ET",2026-09-11T14:40:00Z,2026-09-11T14:35:00Z,0.08621016548788957,Up,"[""1"", ""0""]",0.99,287.384927,,0.495,0.01,resolved,0xfca5ff3bb795c6dac872a587c11838f1d1511e09217e2937a1473de15f1e47ce,https://data.chain.link/streams/doge-usd-twap-60s-streams,0.08626417790948127,2026-09-11 14:40:54+00
eth-updown-5m-1789137300,ETH,"Ethereum Up or Down - September 11, 10:35AM-10:40AM ET",2026-09-11T14:40:00Z,2026-09-11T14:35:00Z,2611.1329242395036,Down,"[""0"", ""1""]",0.03,3453.876133,,-0.5045,0.001,resolved,0x17fd63cdb1c77bf732fc64e15e7aae79e331716ea425692402e0d9d458eb1394,https://data.chain.link/streams/eth-usd-twap-60s-streams,2607.5835271850174,2026-09-11 14:40:54+00
hype-updown-5m-1789137300,HYPE,"Hyperliquid Up or Down - September 11, 10:35AM-10:40AM ET",2026-09-11T14:40:00Z,2026-09-11T14:35:00Z,83.04994330147055,Down,"[""0"", ""1""]",0.39,,,-0.5045,0.001,resolved,0x5737dab8d2760d9b0a813122df33f5b4745bbc90f70c53c3a0f38ecd26574f8d,https://data.chain.link/streams/hype-usd-twap-60s-streams,82.71146640301113,2026-09-11 14:40:52+00
sol-updown-5m-1789137300,SOL,"Solana Up or Down - September 11, 10:35AM-10:40AM ET",2026-09-11T14:40:00Z,2026-09-11T14:35:00Z,103.32235886488499,Down,"[""0"", ""1""]",0.05,1366.846922,,-0.5,0.01,resolved,0xca15eacc2cf986a04bed9200a6aeb0cf67f8f8768650d39638d5e0bd355433be,https://data.chain.link/streams/sol-usd-twap-60s-streams,103.213054067471,2026-09-11 14:40:54+00
xrp-updown-5m-1789137300,XRP,"XRP Up or Down - September 11, 10:35AM-10:40AM ET",2026-09-11T14:40:00Z,2026-09-11T14:35:00Z,1.393058462469244,Down,"[""0"", ""1""]",0.05,1108.505661,,-0.5045,0.001,resolved,0x6854e546efa5aa31914c5cf8bb69a0079185b63fc15b7c77fed95bf0c0a0361c,https://data.chain.link/streams/xrp-usd-twap-60s-streams,1.3904814335114526,2026-09-11 14:40:54+00
zec-updown-5m-1789137300,ZEC,"ZCash Up or Down - September 11, 10:35AM-10:40AM ET",2026-09-11T14:40:00Z,2026-09-11T14:35:00Z,1183.179761142656,Down,"[""0"", ""1""]",,,,-0.495,0.01,resolved,0xcd2be8dd70d16b11b78dec3d1f61097fb22df1dec0157d7930ed9049c88ad935,https://data.chain.link/streams/zec-usd-twap-60s-streams,1180.098132980926,2026-09-11 14:40:52+00
bnb-updown-5m-1789137600,BNB,"BNB Up or Down - September 11, 10:40AM-10:45AM ET",2026-09-11T14:45:00Z,2026-09-11T14:40:00Z,732.8751863241756,Down,"[""0"", ""1""]",0.01,,,-0.5045,0.001,resolved,0x8ca5c4137591ef1a3f752acc4f27b58c149472e3f1152062a6fefe5d24d5a25a,https://data.chain.link/streams/bnb-usd-twap-60s-streams,732.1957514384238,2026-09-11 14:46:27+00
btc-updown-5m-1789137600,BTC,"Bitcoin Up or Down - September 11, 10:40AM-10:45AM ET",2026-09-11T14:45:00Z,2026-09-11T14:40:00Z,78683.83735733459,Down,"[""0"", ""1""]",0.01,46179.66483200001,,-0.5045,0.001,resolved,0xf04e502380fdac1fa5e89ab764a562b676318ae752704022db15f4926381c727,https://data.chain.link/streams/btc-usd-twap-60s-streams,78583.15757735418,2026-09-11 14:46:27+00
doge-updown-5m-1789137600,DOGE,"Dogecoin Up or Down - September 11, 10:40AM-10:45AM ET",2026-09-11T14:45:00Z,2026-09-11T14:40:00Z,0.08626417790948127,Down,"[""0"", ""1""]",0.01,,,-0.4995,0.001,resolved,0x25da71ef8785a32738be387199e12f3c58c0518bc1502863b9b44caaec401a9d,https://data.chain.link/streams/doge-usd-twap-60s-streams,0.08618147591866317,2026-09-11 14:46:27+00
eth-updown-5m-1789137600,ETH,"Ethereum Up or Down - September 11, 10:40AM-10:45AM ET",2026-09-11T14:45:00Z,2026-09-11T14:40:00Z,2607.5835271850174,Down,"[""0"", ""1""]",0.01,,,-0.5045,0.001,resolved,0x03ebed03b50fb6244e3c29e2cdd4854b3654d40fbca58803dec434559f129e0f,https://data.chain.link/streams/eth-usd-twap-60s-streams,2604.4978780236306,2026-09-11 14:46:27+00
hype-updown-5m-1789137600,HYPE,"Hyperliquid Up or Down - September 11, 10:40AM-10:45AM ET",2026-09-11T14:45:00Z,2026-09-11T14:40:00Z,82.71146640301113,Down,"[""0"", ""1""]",0.55,,,-0.5045,0.001,resolved,0x625248d2487ea6159d953c71508e81b749579e2897b54f47bac97e66f95db4a0,https://data.chain.link/streams/hype-usd-twap-60s-streams,82.49457366558627,2026-09-11 14:46:27+00
sol-updown-5m-1789137600,SOL,"Solana Up or Down - September 11, 10:40AM-10:45AM ET",2026-09-11T14:45:00Z,2026-09-11T14:40:00Z,103.213054067471,Down,"[""0"", ""1""]",0.01,,,-0.5045,0.001,resolved,0x5fd2fb850325ca9e5db86cdcf6d21caf25d8c91165c4781485cc9ef6b6d43383,https://data.chain.link/streams/sol-usd-twap-60s-streams,103.13389028777597,2026-09-11 14:46:27+00
xrp-updown-5m-1789137600,XRP,"XRP Up or Down - September 11, 10:40AM-10:45AM ET",2026-09-11T14:45:00Z,2026-09-11T14:40:00Z,1.3904814335114526,Down,"[""0"", ""1""]",0.03,,,-0.5045,0.001,resolved,0xc2362010de5b38b7afd41ad906a60cff10ed00752fcf27b926bd981c5af244aa,https://data.chain.link/streams/xrp-usd-twap-60s-streams,1.38992332045902,2026-09-11 14:46:27+00
zec-updown-5m-1789137600,ZEC,"ZCash Up or Down - September 11, 10:40AM-10:45AM ET",2026-09-11T14:45:00Z,2026-09-11T14:40:00Z,1180.098132980926,Up,"[""1"", ""0""]",,,,0.4995,0.001,resolved,0x113844cf11747985a4135da8fccd022cabfb032053963c03aef13519dbe1115c,https://data.chain.link/streams/zec-usd-twap-60s-streams,1181.7810290456755,2026-09-11 14:46:27+00
bnb-updown-5m-1789137900,BNB,"BNB Up or Down - September 11, 10:45AM-10:50AM ET",2026-09-11T14:50:00Z,2026-09-11T14:45:00Z,732.1957514384238,Down,"[""0"", ""1""]",0.26,408.38160799999997,,-0.5045,0.001,resolved,0xca01f39c8609423735ab5f534a91768ae2e874e972e5293a651a34b962745eef,https://data.chain.link/streams/bnb-usd-twap-60s-streams,730.8520077804417,2026-09-11 14:51:27+00
btc-updown-5m-1789137900,BTC,"Bitcoin Up or Down - September 11, 10:45AM-10:50AM ET",2026-09-11T14:50:00Z,2026-09-11T14:45:00Z,78583.15757735418,Up,"[""1"", ""0""]",0.99,89851.39967200006,,0.49,0.01,resolved,0xb7779309bb0f79838e3dd268ab484ee24d9d3692621bb728c23645926d78205d,https://data.chain.link/streams/btc-usd-twap-60s-streams,78603.35541588272,2026-09-11 14:51:27+00
doge-updown-5m-1789137900,DOGE,"Dogecoin Up or Down - September 11, 10:45AM-10:50AM ET",2026-09-11T14:50:00Z,2026-09-11T14:45:00Z,0.08618147591866317,Up,"[""1"", ""0""]",0.99,532.025015,,0.495,0.01,resolved,0x98e2b9f5c2310999b2a696e47f3ca26faacbc2082263906bbd0aa57250fc99df,https://data.chain.link/streams/doge-usd-twap-60s-streams,0.08621606973834642,2026-09-11 14:51:27+00
eth-updown-5m-1789137900,ETH,"Ethereum Up or Down - September 11, 10:45AM-10:50AM ET",2026-09-11T14:50:00Z,2026-09-11T14:45:00Z,2604.4978780236306,Down,"[""0"", ""1""]",0.02,6937.693701999999,,-0.5045,0.001,resolved,0x292bcbbea60083e394373dbae584cdd4d8e1d07792db5cd0b465d30b84265bba,https://data.chain.link/streams/eth-usd-twap-60s-streams,2596.9597004518537,2026-09-11 14:51:25+00
hype-updown-5m-1789137900,HYPE,"Hyperliquid Up or Down - September 11, 10:45AM-10:50AM ET",2026-09-11T14:50:00Z,2026-09-11T14:45:00Z,82.49457366558627,Up,"[""1"", ""0""]",0.98,575.0771740000001,,0.49,0.01,resolved,0x00c7a8aa68f125ab7230781383165d97d1bc98a69bb3804fa824037b39208e04,https://data.chain.link/streams/hype-usd-twap-60s-streams,82.58811768078486,2026-09-11 14:51:27+00
sol-updown-5m-1789137900,SOL,"Solana Up or Down - September 11, 10:45AM-10:50AM ET",2026-09-11T14:50:00Z,2026-09-11T14:45:00Z,103.13389028777597,Down,"[""0"", ""1""]",0.03,2860.4939889999996,,-0.5045,0.001,resolved,0xf4e08cc9712a88846b466b10565e4d08abbb97ba566adf1f38f7b148c099afd1,https://data.chain.link/streams/sol-usd-twap-60s-streams,103.0111115360008,2026-09-11 14:51:27+00
xrp-updown-5m-1789137900,XRP,"XRP Up or Down - September 11, 10:45AM-10:50AM ET",2026-09-11T14:50:00Z,2026-09-11T14:45:00Z,1.38992332045902,Down,"[""0"", ""1""]",0.09,2252.1033699999994,,-0.5,0.01,resolved,0x10b569fbfab6468d8b1fea31fdf5fe5b80bad29de6e474dfe969ac09aaf310fa,https://data.chain.link/streams/xrp-usd-twap-60s-streams,1.389667193817352,2026-09-11 14:51:27+00
zec-updown-5m-1789137900,ZEC,"ZCash Up or Down - September 11, 10:45AM-10:50AM ET",2026-09-11T14:50:00Z,2026-09-11T14:45:00Z,1181.7810290456755,Down,"[""0"", ""1""]",,,,-0.495,0.01,resolved,0x052f3dfca11ff56876320528638a01c4bf3268cb040058b5559843eea71f07b3,https://data.chain.link/streams/zec-usd-twap-60s-streams,1177.6827265630516,2026-09-11 14:51:27+00
bnb-updown-5m-1789138200,BNB,"BNB Up or Down - September 11, 10:50AM-10:55AM ET",2026-09-11T14:55:00Z,2026-09-11T14:50:00Z,730.8520077804417,Up,"[""1"", ""0""]",0.99,329.680844,,0.4995,0.001,resolved,0x6741f3fc54af4798d6680529362a3c76dc74cbffe869084540acc3191d599f3e,https://data.chain.link/streams/bnb-usd-twap-60s-streams,733.0181721195644,2026-09-11 14:55:52+00
btc-updown-5m-1789138200,BTC,"Bitcoin Up or Down - September 11, 10:50AM-10:55AM ET",2026-09-11T14:55:00Z,2026-09-11T14:50:00Z,78603.35541588272,Up,"[""1"", ""0""]",0.999,44482.772175000006,,0.49,0.01,resolved,0x259063b8aa8e0e9110bcd4ae2064622c1821064d6be2a0e6202c37b37484c777,https://data.chain.link/streams/btc-usd-twap-60s-streams,78825.41483336494,2026-09-11 14:55:52+00
doge-updown-5m-1789138200,DOGE,"Dogecoin Up or Down - September 11, 10:50AM-10:55AM ET",2026-09-11T14:55:00Z,2026-09-11T14:50:00Z,0.08621606973834642,Up,"[""1"", ""0""]",0.99,675.62988,,0.495,0.01,resolved,0x0ded52ab8dc0185d4cb320b332ec0cb47ba8f73f16c24622b69a390748b32111,https://data.chain.link/streams/doge-usd-twap-60s-streams,0.0865467228886113,2026-09-11 14:55:54+00
eth-updown-5m-1789138200,ETH,"Ethereum Up or Down - September 11, 10:50AM-10:55AM ET",2026-09-11T14:55:00Z,2026-09-11T14:50:00Z,2596.9597004518537,Up,"[""1"", ""0""]",0.99,4334.650484000001,,0.49,0.01,resolved,0x80fd801341474ac4680428ee33b7e04811910090c6579e796846dc350010b4c9,https://data.chain.link/streams/eth-usd-twap-60s-streams,2603.2160011111173,2026-09-11 14:55:52+00
hype-updown-5m-1789138200,HYPE,"Hyperliquid Up or Down - September 11, 10:50AM-10:55AM ET",2026-09-11T14:55:00Z,2026-09-11T14:50:00Z,82.58811768078486,Up,"[""1"", ""0""]",0.999,350.24508199999997,,0.49,0.01,resolved,0xf04daf4384b8fafd77ca587d7e8d1328c29e2847e1e25fbbba23dec5b337f353,https://data.chain.link/streams/hype-usd-twap-60s-streams,82.99195333497515,2026-09-11 14:55:54+00
sol-updown-5m-1789138200,SOL,"Solana Up or Down - September 11, 10:50AM-10:55AM ET",2026-09-11T14:55:00Z,2026-09-11T14:50:00Z,103.0111115360008,Up,"[""1"", ""0""]",0.99,1665.246239,,0.49,0.01,resolved,0x018613b30e41bab7b4b83d8b01db510ad1007997e272e83231aa78c1acec34cd,https://data.chain.link/streams/sol-usd-twap-60s-streams,103.35910266748189,2026-09-11 14:55:52+00
xrp-updown-5m-1789138200,XRP,"XRP Up or Down - September 11, 10:50AM-10:55AM ET",2026-09-11T14:55:00Z,2026-09-11T14:50:00Z,1.389667193817352,Up,"[""1"", ""0""]",0.99,437.16684599999996,,0.495,0.01,resolved,0x52a13a295bef5d9f5a74fc355989a36aa3bd18987d214f426e965257c74bd79c,https://data.chain.link/streams/xrp-usd-twap-60s-streams,1.3955781642375706,2026-09-11 14:55:54+00
zec-updown-5m-1789138200,ZEC,"ZCash Up or Down - September 11, 10:50AM-10:55AM ET",2026-09-11T14:55:00Z,2026-09-11T14:50:00Z,1177.6827265630516,Up,"[""1"", ""0""]",,,,0.01,0.98,resolved,0xd1aff5a1bb7c1ccd242758776196fdbac7c55fcb044921bd6e24e796c3e87ead,https://data.chain.link/streams/zec-usd-twap-60s-streams,1188.3220069165275,2026-09-11 14:55:52+00
bnb-updown-5m-1789138500,BNB,"BNB Up or Down - September 11, 10:55AM-11:00AM ET",2026-09-11T15:00:00Z,2026-09-11T14:55:00Z,733.0181721195644,Down,"[""0"", ""1""]",0.01,,,-0.5,0.01,resolved,0xa595529761ce1e4f809ed49e9fff43ab9ed83709744f59acc7ff9fe7a6a540a3,https://data.chain.link/streams/bnb-usd-twap-60s-streams,732.8186452338277,2026-09-11 15:01:27+00
btc-updown-5m-1789138500,BTC,"Bitcoin Up or Down - September 11, 10:55AM-11:00AM ET",2026-09-11T15:00:00Z,2026-09-11T14:55:00Z,78825.41483336494,Down,"[""0"", ""1""]",0.01,57159.087093999995,,-0.5,0.01,resolved,0x469152d41a891fc8d826acdd7325b05f72eef615cebf34f11bc102c748f183d6,https://data.chain.link/streams/btc-usd-twap-60s-streams,78763.41369144642,2026-09-11 15:01:27+00
doge-updown-5m-1789138500,DOGE,"Dogecoin Up or Down - September 11, 10:55AM-11:00AM ET",2026-09-11T15:00:00Z,2026-09-11T14:55:00Z,0.0865467228886113,Down,"[""0"", ""1""]",0.31,,,-0.4995,0.001,resolved,0xfabb1567113ca462b623debd21888bff5ee08775fba54aee33278102fbfe11ed,https://data.chain.link/streams/doge-usd-twap-60s-streams,0.08641999621916292,2026-09-11 15:01:27+00
eth-updown-5m-1789138500,ETH,"Ethereum Up or Down - September 11, 10:55AM-11:00AM ET",2026-09-11T15:00:00Z,2026-09-11T14:55:00Z,2603.2160011111173,Up,"[""1"", ""0""]",0.99,4190.226885,,0.49,0.01,resolved,0x5e4e420eb389175a7b158e49f93536f6921df69aa979af8cefce595a5cf6c3c0,https://data.chain.link/streams/eth-usd-twap-60s-streams,2605.6795826119524,2026-09-11 15:01:27+00
hype-updown-5m-1789138500,HYPE,"Hyperliquid Up or Down - September 11, 10:55AM-11:00AM ET",2026-09-11T15:00:00Z,2026-09-11T14:55:00Z,82.99195333497515,Down,"[""0"", ""1""]",0.63,,,-0.5,0.01,resolved,0x986140045358ae490068cc5be0588adf823282e14317122b58c1b29f7208be6a,https://data.chain.link/streams/hype-usd-twap-60s-streams,82.89546850426596,2026-09-11 15:01:27+00
sol-updown-5m-1789138500,SOL,"Solana Up or Down - September 11, 10:55AM-11:00AM ET",2026-09-11T15:00:00Z,2026-09-11T14:55:00Z,103.35910266748189,Down,"[""0"", ""1""]",0.24,2082.1188030000003,,-0.5,0.01,resolved,0xfd0cc782050e6ed75ff47ea81d41227c5c224962d182c4a7d9fe588a854aec8c,https://data.chain.link/streams/sol-usd-twap-60s-streams,103.25023268626393,2026-09-11 15:01:27+00
xrp-updown-5m-1789138500,XRP,"XRP Up or Down - September 11, 10:55AM-11:00AM ET",2026-09-11T15:00:00Z,2026-09-11T14:55:00Z,1.3955781642375706,Down,"[""0"", ""1""]",0.02,,,-0.5,0.01,resolved,0xcdf6da089e2b832cf2507a596c1ab27f4a10f678110f54e187a9c379fb6e32c8,https://data.chain.link/streams/xrp-usd-twap-60s-streams,1.3935531605825933,2026-09-11 15:01:27+00
zec-updown-5m-1789138500,ZEC,"ZCash Up or Down - September 11, 10:55AM-11:00AM ET",2026-09-11T15:00:00Z,2026-09-11T14:55:00Z,1188.3220069165275,Down,"[""0"", ""1""]",,,,-0.495,0.01,resolved,0x0bd94e1401b9556c17c2e736a34eb72722a47987226c7231fe11a4b64f8a635c,https://data.chain.link/streams/zec-usd-twap-60s-streams,1188.021969633231,2026-09-11 15:01:28+00
bnb-updown-5m-1789138800,BNB,"BNB Up or Down - September 11, 11:00AM-11:05AM ET",2026-09-11T15:05:00Z,2026-09-11T15:00:00Z,732.8186452338277,Down,"[""0"", ""1""]",0.21,,,-0.5,0.01,resolved,0x652550b5017433ea830228fb0f8919852feb0f89b7e3aac4fe889dd0972ab3bd,https://data.chain.link/streams/bnb-usd-twap-60s-streams,732.2323398145992,2026-09-11 15:05:52+00
btc-updown-5m-1789138800,BTC,"Bitcoin Up or Down - September 11, 11:00AM-11:05AM ET",2026-09-11T15:05:00Z,2026-09-11T15:00:00Z,78763.41369144642,Down,"[""0"", ""1""]",0.01,68879.265366,,-0.5,0.01,resolved,0x9afd3aaf66ca22c8fb23b7d3db315cdbf035b64a7957816a37a5af45800c0ccb,https://data.chain.link/streams/btc-usd-twap-60s-streams,78627.63347641155,2026-09-11 15:05:52+00
doge-updown-5m-1789138800,DOGE,"Dogecoin Up or Down - September 11, 11:00AM-11:05AM ET",2026-09-11T15:05:00Z,2026-09-11T15:00:00Z,0.08641999621916292,Down,"[""0"", ""1""]",0.03,,,-0.495,0.01,resolved,0x14ea21587b4da48822a4ebba3a1a6f7891d152347e7534199880c9598161ef43,https://data.chain.link/streams/doge-usd-twap-60s-streams,0.08633603930183138,2026-09-11 15:05:52+00
eth-updown-5m-1789138800,ETH,"Ethereum Up or Down - September 11, 11:00AM-11:05AM ET",2026-09-11T15:05:00Z,2026-09-11T15:00:00Z,2605.6795826119524,Down,"[""0"", ""1""]",0.05,,,-0.5,0.01,resolved,0x464b66138557a72bae322269b02f92318905697cafb8cdef5756f01ec89561c3,https://data.chain.link/streams/eth-usd-twap-60s-streams,2602.8989925003966,2026-09-11 15:05:52+00
hype-updown-5m-1789138800,HYPE,"Hyperliquid Up or Down - September 11, 11:00AM-11:05AM ET",2026-09-11T15:05:00Z,2026-09-11T15:00:00Z,82.89546850426596,Down,"[""0"", ""1""]",0.11,,,-0.5,0.01,resolved,0x9902841936469043e8d115d694a043f8463b3f63d670b65a9dcd5ed6e2332030,https://data.chain.link/streams/hype-usd-twap-60s-streams,82.75231360796042,2026-09-11 15:05:52+00
sol-updown-5m-1789138800,SOL,"Solana Up or Down - September 11, 11:00AM-11:05AM ET",2026-09-11T15:05:00Z,2026-09-11T15:00:00Z,103.25023268626393,Down,"[""0"", ""1""]",0.17,,,-0.5,0.01,resolved,0x94f8fdd88e8bed908b11c17fdb3984e29a725a4e1769f3e1d8faf2c8b3648808,https://data.chain.link/streams/sol-usd-twap-60s-streams,103.12146703890262,2026-09-11 15:05:52+00
xrp-updown-5m-1789138800,XRP,"XRP Up or Down - September 11, 11:00AM-11:05AM ET",2026-09-11T15:05:00Z,2026-09-11T15:00:00Z,1.3935531605825933,Down,"[""0"", ""1""]",0.06,,,-0.5,0.01,resolved,0xcf2d130487bbd15672f7c1b5ae4e52e90831cf027b705df5f5c7ec33a7a614be,https://data.chain.link/streams/xrp-usd-twap-60s-streams,1.3909388032785899,2026-09-11 15:05:52+00
zec-updown-5m-1789138800,ZEC,"ZCash Up or Down - September 11, 11:00AM-11:05AM ET",2026-09-11T15:05:00Z,2026-09-11T15:00:00Z,1188.021969633231,Down,"[""0"", ""1""]",,,,-0.01,0.98,resolved,0x1dd4d93f7624fdcaf17434844616459783004bcbecd0b498354fe23a1ba9ec83,https://data.chain.link/streams/zec-usd-twap-60s-streams,1187.0342345419112,2026-09-11 15:05:54+00
bnb-updown-5m-1789139100,BNB,"BNB Up or Down - September 11, 11:05AM-11:10AM ET",2026-09-11T15:10:00Z,2026-09-11T15:05:00Z,732.2323398145992,Down,"[""0"", ""1""]",0.04,224.304901,,-0.5,0.01,resolved,0x9fde065c8f0a860cd6056645ee45d3d1bbe1b691079f91bd031b017a6af2b6ed,https://data.chain.link/streams/bnb-usd-twap-60s-streams,731.9869488636963,2026-09-11 15:10:52+00
btc-updown-5m-1789139100,BTC,"Bitcoin Up or Down - September 11, 11:05AM-11:10AM ET",2026-09-11T15:10:00Z,2026-09-11T15:05:00Z,78627.63347641155,Up,"[""1"", ""0""]",0.99,79178.36548699997,19.607844,0.49,0.01,resolved,0xc464c952f5f07cc54db6bf17e06e0d771da62054bb9f005e99866a7e137f2fb1,https://data.chain.link/streams/btc-usd-twap-60s-streams,78644.59793614973,2026-09-11 15:10:54+00
doge-updown-5m-1789139100,DOGE,"Dogecoin Up or Down - September 11, 11:05AM-11:10AM ET",2026-09-11T15:10:00Z,2026-09-11T15:05:00Z,0.08633603930183138,Down,"[""0"", ""1""]",0.01,,,-0.495,0.01,resolved,0xa77da9329d8c485fe0494fcbfdb07a156364feab65bfbaff1087b43a914fdcb8,https://data.chain.link/streams/doge-usd-twap-60s-streams,0.08626061954866902,2026-09-11 15:10:52+00
eth-updown-5m-1789139100,ETH,"Ethereum Up or Down - September 11, 11:05AM-11:10AM ET",2026-09-11T15:10:00Z,2026-09-11T15:05:00Z,2602.8989925003966,Up,"[""1"", ""0""]",0.99,2482.3697270000002,,0.4945,0.001,resolved,0xb15b67d7d6792070d9f21d03deb0be0b96f7b5e0249678e4e19e2029e041b5d0,https://data.chain.link/streams/eth-usd-twap-60s-streams,2608.142310024201,2026-09-11 15:10:54+00
hype-updown-5m-1789139100,HYPE,"Hyperliquid Up or Down - September 11, 11:05AM-11:10AM ET",2026-09-11T15:10:00Z,2026-09-11T15:05:00Z,82.75231360796042,Up,"[""1"", ""0""]",0.99,,,0.49,0.01,resolved,0xa8850b4d26f1d4da0b2739d211fad5027689ae3b830f16bacfb81565961217f3,https://data.chain.link/streams/hype-usd-twap-60s-streams,82.85709107877109,2026-09-11 15:10:54+00
sol-updown-5m-1789139100,SOL,"Solana Up or Down - September 11, 11:05AM-11:10AM ET",2026-09-11T15:10:00Z,2026-09-11T15:05:00Z,103.12146703890262,Down,"[""0"", ""1""]",0.05,1627.903239,,-0.5,0.01,resolved,0x81accf87d9af5c50132e3b8aa2c686370587cc53916f8632381838faaeb094ae,https://data.chain.link/streams/sol-usd-twap-60s-streams,103.07393714141958,2026-09-11 15:10:52+00
xrp-updown-5m-1789139100,XRP,"XRP Up or Down - September 11, 11:05AM-11:10AM ET",2026-09-11T15:10:00Z,2026-09-11T15:05:00Z,1.3909388032785899,Down,"[""0"", ""1""]",0.02,1769.6351869999999,,-0.5,0.01,resolved,0x726bc2345876dbd611ae202259aba29d5962ed18642f031da88f6c41537b30fb,https://data.chain.link/streams/xrp-usd-twap-60s-streams,1.3905737519071963,2026-09-11 15:11:01+00
zec-updown-5m-1789139100,ZEC,"ZCash Up or Down - September 11, 11:05AM-11:10AM ET",2026-09-11T15:10:00Z,2026-09-11T15:05:00Z,1187.0342345419112,Down,"[""0"", ""1""]",,,,-0.495,0.01,resolved,0x303d5e79cc7a70a16ecd2dd0e48cf00da1da100277bc08fa0fe86c683f7c5602,https://data.chain.link/streams/zec-usd-twap-60s-streams,1186.52250981304,2026-09-11 15:10:52+00
bnb-updown-5m-1789139400,BNB,"BNB Up or Down - September 11, 11:10AM-11:15AM ET",2026-09-11T15:15:00Z,2026-09-11T15:10:00Z,731.9869488636963,Down,"[""0"", ""1""]",0.05,,,-0.5,0.01,resolved,0x74962c135ed81a69c1bb4427eca0aad3549e39f87b47e37f58a219fa5a7882c4,https://data.chain.link/streams/bnb-usd-twap-60s-streams,730.5703588059188,2026-09-11 15:15:52+00
btc-updown-5m-1789139400,BTC,"Bitcoin Up or Down - September 11, 11:10AM-11:15AM ET",2026-09-11T15:15:00Z,2026-09-11T15:10:00Z,78644.59793614973,Down,"[""0"", ""1""]",0.01,60467.06771700001,19.607844,-0.5,0.01,resolved,0x21a0129f2b6439a0cea95dc422ca05d5c239407350ca5a89101086289d494032,https://data.chain.link/streams/btc-usd-twap-60s-streams,78547.27164317717,2026-09-11 15:15:54+00
doge-updown-5m-1789139400,DOGE,"Dogecoin Up or Down - September 11, 11:10AM-11:15AM ET",2026-09-11T15:15:00Z,2026-09-11T15:10:00Z,0.08626061954866902,Down,"[""0"", ""1""]",0.01,,,-0.495,0.01,resolved,0xeac1be1f444cb1ce8b668b19941a980b775ed5d3f1db3b4ccf3242ff54e62451,https://data.chain.link/streams/doge-usd-twap-60s-streams,0.08600934232172848,2026-09-11 15:15:54+00
eth-updown-5m-1789139400,ETH,"Ethereum Up or Down - September 11, 11:10AM-11:15AM ET",2026-09-11T15:15:00Z,2026-09-11T15:10:00Z,2608.142310024201,Down,"[""0"", ""1""]",0.1,7176.765778000001,9.803922,-0.495,0.01,resolved,0xb1f309846335b7457b9b857791b36cc8bc8753f1b285e573ea3f9b8dd1a527a6,https://data.chain.link/streams/eth-usd-twap-60s-streams,2605.462683911314,2026-09-11 15:15:54+00
hype-updown-5m-1789139400,HYPE,"Hyperliquid Up or Down - September 11, 11:10AM-11:15AM ET",2026-09-11T15:15:00Z,2026-09-11T15:10:00Z,82.85709107877109,Down,"[""0"", ""1""]",0.47,,,-0.495,0.01,resolved,0x77608ea287a3b04b5b922d22536862061b73739494ff4b2a60411334effe0879,https://data.chain.link/streams/hype-usd-twap-60s-streams,82.75226500280124,2026-09-11 15:15:54+00
sol-updown-5m-1789139400,SOL,"Solana Up or Down - September 11, 11:10AM-11:15AM ET",2026-09-11T15:15:00Z,2026-09-11T15:10:00Z,103.07393714141958,Down,"[""0"", ""1""]",0.01,,,-0.5,0.01,resolved,0x63680753788a5bac3f64a6d598f75ff2be53bf146fec9dd22504a58602f262fb,https://data.chain.link/streams/sol-usd-twap-60s-streams,102.93961686561644,2026-09-11 15:15:54+00
xrp-updown-5m-1789139400,XRP,"XRP Up or Down - September 11, 11:10AM-11:15AM ET",2026-09-11T15:15:00Z,2026-09-11T15:10:00Z,1.3905737519071963,Down,"[""0"", ""1""]",0.02,,,-0.5,0.01,resolved,0xcf2c737ff8cb66237ad1e1ea7b99b7ab2fffb9f3d27be3f2440f2fe390cbc6b2,https://data.chain.link/streams/xrp-usd-twap-60s-streams,1.386737483118081,2026-09-11 15:15:54+00
zec-updown-5m-1789139400,ZEC,"ZCash Up or Down - September 11, 11:10AM-11:15AM ET",2026-09-11T15:15:00Z,2026-09-11T15:10:00Z,1186.52250981304,Down,"[""0"", ""1""]",,,,-0.01,0.98,resolved,0x49976597db86b6ddb79f9980108ac2a84b146845c74c89d899cd2ff4b124caa7,https://data.chain.link/streams/zec-usd-twap-60s-streams,1182.2659188803543,2026-09-11 15:15:52+00
bnb-updown-5m-1789139700,BNB,"BNB Up or Down - September 11, 11:15AM-11:20AM ET",2026-09-11T15:20:00Z,2026-09-11T15:15:00Z,730.5703588059188,Up,"[""1"", ""0""]",0.99,231.1915,,0.4945,0.001,resolved,0xf1f6c69142a25402e72c7e661a4d1804ca211dceb327e715adb0ee5ee5d3bc1b,https://data.chain.link/streams/bnb-usd-twap-60s-streams,732.7040054102569,2026-09-11 15:20:54+00
btc-updown-5m-1789139700,BTC,"Bitcoin Up or Down - September 11, 11:15AM-11:20AM ET",2026-09-11T15:20:00Z,2026-09-11T15:15:00Z,78547.27164317717,Up,"[""1"", ""0""]",0.99,47839.74032199999,,0.49,0.01,resolved,0x6407f4e892021dc4bf5d73cc785f5e96ac35e8492f2337149c8e75561140af9a,https://data.chain.link/streams/btc-usd-twap-60s-streams,78630.47348264395,2026-09-11 15:20:55+00
doge-updown-5m-1789139700,DOGE,"Dogecoin Up or Down - September 11, 11:15AM-11:20AM ET",2026-09-11T15:20:00Z,2026-09-11T15:15:00Z,0.08600934232172848,Up,"[""1"", ""0""]",0.99,369.778391,,0.495,0.01,resolved,0xe4e4f0bb9810fb48d54c3d4e782533b034bd65c345fc4fcb1caccbcfec74e242,https://data.chain.link/streams/doge-usd-twap-60s-streams,0.08621956235802351,2026-09-11 15:20:55+00
eth-updown-5m-1789139700,ETH,"Ethereum Up or Down - September 11, 11:15AM-11:20AM ET",2026-09-11T15:20:00Z,2026-09-11T15:15:00Z,2605.462683911314,Up,"[""1"", ""0""]",0.999,2263.1484199999995,9.803922,0.4995,0.001,resolved,0xebdcac418d483eb364a7a2ea4e3aa4ed50eb8cc0a3ad02729360c0fdf69a6e93,https://data.chain.link/streams/eth-usd-twap-60s-streams,2612.9405627774495,2026-09-11 15:20:55+00
hype-updown-5m-1789139700,HYPE,"Hyperliquid Up or Down - September 11, 11:15AM-11:20AM ET",2026-09-11T15:20:00Z,2026-09-11T15:15:00Z,82.75226500280124,Up,"[""1"", ""0""]",0.99,151.862157,,0.49,0.01,resolved,0x0c23012693ce10ddff43b5bd9689635d43dacabb7dd789690aadd3a5a9806338,https://data.chain.link/streams/hype-usd-twap-60s-streams,82.76619710315572,2026-09-11 15:20:55+00
sol-updown-5m-1789139700,SOL,"Solana Up or Down - September 11, 11:15AM-11:20AM ET",2026-09-11T15:20:00Z,2026-09-11T15:15:00Z,102.93961686561644,Up,"[""1"", ""0""]",0.99,1929.1494260000004,,0.49,0.01,resolved,0xdbaf1a8f746db9cbe080e1fae008c2d980de8a0ab7e21c1d07f479c860412193,https://data.chain.link/streams/sol-usd-twap-60s-streams,103.02234489532061,2026-09-11 15:20:54+00
xrp-updown-5m-1789139700,XRP,"XRP Up or Down - September 11, 11:15AM-11:20AM ET",2026-09-11T15:20:00Z,2026-09-11T15:15:00Z,1.386737483118081,Up,"[""1"", ""0""]",0.98,889.9003280000001,,0.49,0.01,resolved,0x7a3efa0923ef3f13c4472419dd6a189de1ee90e282b16fecd2a0755e31fd99a9,https://data.chain.link/streams/xrp-usd-twap-60s-streams,1.389200595758592,2026-09-11 15:20:55+00
zec-updown-5m-1789139700,ZEC,"ZCash Up or Down - September 11, 11:15AM-11:20AM ET",2026-09-11T15:20:00Z,2026-09-11T15:15:00Z,1182.2659188803543,Up,"[""1"", ""0""]",,,,0.495,0.01,resolved,0x2ad3ae37fc5f532b3c8c894b2f34693168cb00e1afa8481c33cce2cde423c28f,https://data.chain.link/streams/zec-usd-twap-60s-streams,1187.6562792568425,2026-09-11 15:20:54+00
bnb-updown-5m-1789140000,BNB,"BNB Up or Down - September 11, 11:20AM-11:25AM ET",2026-09-11T15:25:00Z,2026-09-11T15:20:00Z,732.7040054102569,Up,"[""1"", ""0""]",0.99,162.809196,,0.4945,0.001,resolved,0x272f1f7753f3647b7da179e8591df2ec8a02854df211d92f058fad78a1075608,https://data.chain.link/streams/bnb-usd-twap-60s-streams,734.436627909364,2026-09-11 15:26:27+00
btc-updown-5m-1789140000,BTC,"Bitcoin Up or Down - September 11, 11:20AM-11:25AM ET",2026-09-11T15:25:00Z,2026-09-11T15:20:00Z,78630.47348264395,Up,"[""1"", ""0""]",0.999,57319.58352499999,,0.4945,0.001,resolved,0x03afc00601b46b94405bc909be522ccb2a8f51f9726986e9e4641c7191ed294f,https://data.chain.link/streams/btc-usd-twap-60s-streams,78695.93119214514,2026-09-11 15:26:27+00
doge-updown-5m-1789140000,DOGE,"Dogecoin Up or Down - September 11, 11:20AM-11:25AM ET",2026-09-11T15:25:00Z,2026-09-11T15:20:00Z,0.08621956235802351,Up,"[""1"", ""0""]",0.99,338.969106,9.803922,0.4995,0.001,resolved,0xbf852784811d8b6d7537050da5b96018f131c403422f7ebccba2db302382f778,https://data.chain.link/streams/doge-usd-twap-60s-streams,0.08653737357329441,2026-09-11 15:26:27+00
eth-updown-5m-1789140000,ETH,"Ethereum Up or Down - September 11, 11:20AM-11:25AM ET",2026-09-11T15:25:00Z,2026-09-11T15:20:00Z,2612.9405627774495,Up,"[""1"", ""0""]",0.999,4569.949518000001,107.843138,0.4945,0.001,resolved,0xc93f1e5f6d79d1c389c19684e253ac46d6046233fb1ce33248b4d4326f0c71d2,https://data.chain.link/streams/eth-usd-twap-60s-streams,2614.134601940533,2026-09-11 15:26:27+00
hype-updown-5m-1789140000,HYPE,"Hyperliquid Up or Down - September 11, 11:20AM-11:25AM ET",2026-09-11T15:25:00Z,2026-09-11T15:20:00Z,82.76619710315572,Up,"[""1"", ""0""]",0.98,,,0.4945,0.001,resolved,0xb272fd8699cd170b43855a9c68cd0bd525252085bc7e5760449038814c97730c,https://data.chain.link/streams/hype-usd-twap-60s-streams,83.22108233489763,2026-09-11 15:26:27+00
sol-updown-5m-1789140000,SOL,"Solana Up or Down - September 11, 11:20AM-11:25AM ET",2026-09-11T15:25:00Z,2026-09-11T15:20:00Z,103.02234489532061,Up,"[""1"", ""0""]",0.99,1094.4733139999998,,0.4945,0.001,resolved,0x17ab6904b71e7e05a4d76b47d9340b2f615c2c7760688492e9286e11a51fef18,https://data.chain.link/streams/sol-usd-twap-60s-streams,103.35222954338695,2026-09-11 15:26:27+00
xrp-updown-5m-1789140000,XRP,"XRP Up or Down - September 11, 11:20AM-11:25AM ET",2026-09-11T15:25:00Z,2026-09-11T15:20:00Z,1.389200595758592,Up,"[""1"", ""0""]",0.99,,,0.4945,0.001,resolved,0x138250ff90a4afb7ca28e368dab2424e1d3406af0f496b864b4af892fbe98d8d,https://data.chain.link/streams/xrp-usd-twap-60s-streams,1.3950312484919092,2026-09-11 15:26:27+00
zec-updown-5m-1789140000,ZEC,"ZCash Up or Down - September 11, 11:20AM-11:25AM ET",2026-09-11T15:25:00Z,2026-09-11T15:20:00Z,1187.6562792568425,Up,"[""1"", ""0""]",,,,0.495,0.01,resolved,0x1859368af64ba1da8edf30b5686d9f85a880e88c723cd7074b0bdfcc406b39f8,https://data.chain.link/streams/zec-usd-twap-60s-streams,1191.8658476583273,2026-09-11 15:26:27+00
bnb-updown-5m-1789140300,BNB,"BNB Up or Down - September 11, 11:25AM-11:30AM ET",2026-09-11T15:30:00Z,2026-09-11T15:25:00Z,734.436627909364,Up,"[""1"", ""0""]",0.99,,,0.49,0.01,resolved,0xb0d8a32a5f80a725fdc339c33c802e48b87ef129be90c84bc3abed98dfeac08b,https://data.chain.link/streams/bnb-usd-twap-60s-streams,734.7564505970959,2026-09-11 15:31:27+00
btc-updown-5m-1789140300,BTC,"Bitcoin Up or Down - September 11, 11:25AM-11:30AM ET",2026-09-11T15:30:00Z,2026-09-11T15:25:00Z,78695.93119214514,Up,"[""1"", ""0""]",0.99,51022.97680299999,,0.49,0.01,resolved,0x029c1f028c1d14672c064833baa750c7f65ad7114d4e78fcaebe660084a6d8b7,https://data.chain.link/streams/btc-usd-twap-60s-streams,78722.34863621516,2026-09-11 15:31:27+00
doge-updown-5m-1789140300,DOGE,"Dogecoin Up or Down - September 11, 11:25AM-11:30AM ET",2026-09-11T15:30:00Z,2026-09-11T15:25:00Z,0.08653737357329441,Up,"[""1"", ""0""]",0.99,,,0.495,0.01,resolved,0x2d1054300adcb0b58cc2f40a22749c8362f03f7b5418ccf12204d1778bfc8fe2,https://data.chain.link/streams/doge-usd-twap-60s-streams,0.08667895581280248,2026-09-11 15:31:27+00
eth-updown-5m-1789140300,ETH,"Ethereum Up or Down - September 11, 11:25AM-11:30AM ET",2026-09-11T15:30:00Z,2026-09-11T15:25:00Z,2614.134601940533,Down,"[""0"", ""1""]",0.03,,,-0.5,0.01,resolved,0xb413e2a572f39eba9e557e07b894493368c275dbda4174dd606226ccda288e12,https://data.chain.link/streams/eth-usd-twap-60s-streams,2612.264571419313,2026-09-11 15:31:27+00
hype-updown-5m-1789140300,HYPE,"Hyperliquid Up or Down - September 11, 11:25AM-11:30AM ET",2026-09-11T15:30:00Z,2026-09-11T15:25:00Z,83.22108233489763,Down,"[""0"", ""1""]",0.44,,,-0.5,0.01,resolved,0xfbf900f2401b08dfe289d9b45d758a3632f68ef6a9d3165a5056b2f8aadaa4c1,https://data.chain.link/streams/hype-usd-twap-60s-streams,83.14295631786713,2026-09-11 15:31:27+00
sol-updown-5m-1789140300,SOL,"Solana Up or Down - September 11, 11:25AM-11:30AM ET",2026-09-11T15:30:00Z,2026-09-11T15:25:00Z,103.35222954338695,Up,"[""1"", ""0""]",0.99,,,0.49,0.01,resolved,0x49bb5fee14531a0aa9c530440edc2f8723ebefe2c2b26b6b86f93b4980601945,https://data.chain.link/streams/sol-usd-twap-60s-streams,103.39136825995485,2026-09-11 15:31:27+00
xrp-updown-5m-1789140300,XRP,"XRP Up or Down - September 11, 11:25AM-11:30AM ET",2026-09-11T15:30:00Z,2026-09-11T15:25:00Z,1.3950312484919092,Up,"[""1"", ""0""]",0.99,,,0.4945,0.001,resolved,0x9e3ba5be50277ff918b4dc5ca56221022501a219cc87340cf220c965ef9fcb1f,https://data.chain.link/streams/xrp-usd-twap-60s-streams,1.398428079447195,2026-09-11 15:31:27+00
zec-updown-5m-1789140300,ZEC,"ZCash Up or Down - September 11, 11:25AM-11:30AM ET",2026-09-11T15:30:00Z,2026-09-11T15:25:00Z,1191.8658476583273,Up,"[""1"", ""0""]",,,,0.495,0.01,resolved,0xdfb286b6c7d99395df0570988e083cd686bebebc4c505b55f1f15ab290b7ba63,https://data.chain.link/streams/zec-usd-twap-60s-streams,1200.7134784316333,2026-09-11 15:31:27+00
bnb-updown-5m-1789140600,BNB,"BNB Up or Down - September 11, 11:30AM-11:35AM ET",2026-09-11T15:35:00Z,2026-09-11T15:30:00Z,734.7564505970959,Up,"[""1"", ""0""]",0.99,187.22473,,0.4945,0.001,resolved,0x1663e9da1e3bd1b0d61cc9f7f6d86f2239836bb6e4ebccf8addd8eb996515a23,https://data.chain.link/streams/bnb-usd-twap-60s-streams,736.0009526415074,2026-09-11 15:35:55+00
btc-updown-5m-1789140600,BTC,"Bitcoin Up or Down - September 11, 11:30AM-11:35AM ET",2026-09-11T15:35:00Z,2026-09-11T15:30:00Z,78722.34863621516,Up,"[""1"", ""0""]",0.999,46890.82430199995,,0.4945,0.001,resolved,0x99e41ab24803ccaa8aa36c6d13fa79a57da1d321b3a728767de59718e2fc531c,https://data.chain.link/streams/btc-usd-twap-60s-streams,78788.3842337355,2026-09-11 15:35:55+00
doge-updown-5m-1789140600,DOGE,"Dogecoin Up or Down - September 11, 11:30AM-11:35AM ET",2026-09-11T15:35:00Z,2026-09-11T15:30:00Z,0.08667895581280248,Up,"[""1"", ""0""]",0.99,620.0387800000001,,0.4995,0.001,resolved,0xac1cecfb69728aac2e34550173fc551532b151ed0e8bacaaf8880ce6bf4f6bae,https://data.chain.link/streams/doge-usd-twap-60s-streams,0.08679324241684833,2026-09-11 15:35:55+00
eth-updown-5m-1789140600,ETH,"Ethereum Up or Down - September 11, 11:30AM-11:35AM ET",2026-09-11T15:35:00Z,2026-09-11T15:30:00Z,2612.264571419313,Up,"[""1"", ""0""]",0.22,,,-0.33,0.01,resolved,0x6541c70ac28d51031fd6e0ef90018f6ead837cb7b7465bfc8f085f2733885280,https://data.chain.link/streams/eth-usd-twap-60s-streams,2612.543547421643,2026-09-11 15:35:55+00
hype-updown-5m-1789140600,HYPE,"Hyperliquid Up or Down - September 11, 11:30AM-11:35AM ET",2026-09-11T15:35:00Z,2026-09-11T15:30:00Z,83.14295631786713,Up,"[""1"", ""0""]",0.98,,,0.49,0.01,resolved,0xea193a5fe93e0b8b9fbbc4f6c558a710c501d036ef92cf1c9c5c54dca39ca9bc,https://data.chain.link/streams/hype-usd-twap-60s-streams,83.51669891727101,2026-09-11 15:35:55+00
sol-updown-5m-1789140600,SOL,"Solana Up or Down - September 11, 11:30AM-11:35AM ET",2026-09-11T15:35:00Z,2026-09-11T15:30:00Z,103.39136825995485,Up,"[""1"", ""0""]",0.99,2483.4501040000005,,0.4945,0.001,resolved,0xe49f9d44cae692f403da1303acb619b7378644ec0f4d1e78e01830f540753852,https://data.chain.link/streams/sol-usd-twap-60s-streams,103.53744578562028,2026-09-11 15:35:57+00
xrp-updown-5m-1789140600,XRP,"XRP Up or Down - September 11, 11:30AM-11:35AM ET",2026-09-11T15:35:00Z,2026-09-11T15:30:00Z,1.398428079447195,Up,"[""1"", ""0""]",0.99,1435.95732,,0.4945,0.001,resolved,0x077b5a901ce773eafd34fffff77a434607859e069dd30cdbcd86fc0c51113dfc,https://data.chain.link/streams/xrp-usd-twap-60s-streams,1.4000785327156677,2026-09-11 15:35:55+00
zec-updown-5m-1789140600,ZEC,"ZCash Up or Down - September 11, 11:30AM-11:35AM ET",2026-09-11T15:35:00Z,2026-09-11T15:30:00Z,1200.7134784316333,Up,"[""1"", ""0""]",,,,0.495,0.01,resolved,0xcb36b1b62db3bb06616e41af96c5230cef22fbdda64a8bc0fbe9d550ab62f040,https://data.chain.link/streams/zec-usd-twap-60s-streams,1206.837209833397,2026-09-11 15:35:55+00
bnb-updown-5m-1789140900,BNB,"BNB Up or Down - September 11, 11:35AM-11:40AM ET",2026-09-11T15:40:00Z,2026-09-11T15:35:00Z,736.0009526415074,Up,"[""1"", ""0""]",0.99,,,0.49,0.01,resolved,0xc2d8f147a8072071bac529b950f106d99d88824051d485c8ec56772b0133ec24,https://data.chain.link/streams/bnb-usd-twap-60s-streams,738.5123143010396,2026-09-11 15:40:54+00
btc-updown-5m-1789140900,BTC,"Bitcoin Up or Down - September 11, 11:35AM-11:40AM ET",2026-09-11T15:40:00Z,2026-09-11T15:35:00Z,78788.3842337355,Down,"[""0"", ""1""]",0.01,57713.635926999974,,-0.5,0.01,resolved,0x2c5e76c7f3adee87900a947fadbc67c1eb8a59d740b371b3a3c19e9d3896f63f,https://data.chain.link/streams/btc-usd-twap-60s-streams,78759.51623783176,2026-09-11 15:40:54+00
doge-updown-5m-1789140900,DOGE,"Dogecoin Up or Down - September 11, 11:35AM-11:40AM ET",2026-09-11T15:40:00Z,2026-09-11T15:35:00Z,0.08679324241684833,Down,"[""0"", ""1""]",0.17,480.05520799999994,,-0.4995,0.001,resolved,0xc9749d919b9a3155d9206a11e2ed5ce6bb3e74890acb6a9152ac94b3ae75074f,https://data.chain.link/streams/doge-usd-twap-60s-streams,0.08670365446826081,2026-09-11 15:40:54+00
eth-updown-5m-1789140900,ETH,"Ethereum Up or Down - September 11, 11:35AM-11:40AM ET",2026-09-11T15:40:00Z,2026-09-11T15:35:00Z,2612.543547421643,Down,"[""0"", ""1""]",0.01,5816.549775999999,,-0.5,0.01,resolved,0xba59754ee5e414050c582bf53d164177288411e1b3a8d4da9e8eb0accd642bed,https://data.chain.link/streams/eth-usd-twap-60s-streams,2612.454762080729,2026-09-11 15:40:54+00
hype-updown-5m-1789140900,HYPE,"Hyperliquid Up or Down - September 11, 11:35AM-11:40AM ET",2026-09-11T15:40:00Z,2026-09-11T15:35:00Z,83.51669891727101,Up,"[""1"", ""0""]",0.99,,,0.49,0.01,resolved,0xaf0667c9b1f588ef82d38cca93543934f3dc6ccd86e5fb29fb77efc5d3d1d57f,https://data.chain.link/streams/hype-usd-twap-60s-streams,83.54922988616391,2026-09-11 15:40:54+00
sol-updown-5m-1789140900,SOL,"Solana Up or Down - September 11, 11:35AM-11:40AM ET",2026-09-11T15:40:00Z,2026-09-11T15:35:00Z,103.53744578562028,Down,"[""0"", ""1""]",0.01,3366.6327389999997,10,-0.4945,0.001,resolved,0xd84fb641d8fbd883680d4307ab28afd2a5ef9516f7f188b02f94b0324470846f,https://data.chain.link/streams/sol-usd-twap-60s-streams,103.45423800615647,2026-09-11 15:40:54+00
xrp-updown-5m-1789140900,XRP,"XRP Up or Down - September 11, 11:35AM-11:40AM ET",2026-09-11T15:40:00Z,2026-09-11T15:35:00Z,1.4000785327156677,Up,"[""1"", ""0""]",0.99,1034.881887,,0.49,0.01,resolved,0x889862a91d930320fd2130921d7096a9ae35c3b04aeba6eeb2039c003ce7339c,https://data.chain.link/streams/xrp-usd-twap-60s-streams,1.4008826480030896,2026-09-11 15:40:54+00
zec-updown-5m-1789140900,ZEC,"ZCash Up or Down - September 11, 11:35AM-11:40AM ET",2026-09-11T15:40:00Z,2026-09-11T15:35:00Z,1206.837209833397,Up,"[""1"", ""0""]",,,,0.495,0.01,resolved,0x30a3e932423fd20b38d31013b99553d7c0ad6966a4c523fd59a53854aebd82f1,https://data.chain.link/streams/zec-usd-twap-60s-streams,1207.9106625917548,2026-09-11 15:40:54+00
bnb-updown-5m-1789141200,BNB,"BNB Up or Down - September 11, 11:40AM-11:45AM ET",2026-09-11T15:45:00Z,2026-09-11T15:40:00Z,738.5123143010396,Down,"[""0"", ""1""]",0.01,,,-0.5,0.01,resolved,0xd5594932785dfcc1d6f9a64dd4e40cb03f4c49b10aad514daed9198252d616d6,https://data.chain.link/streams/bnb-usd-twap-60s-streams,738.486896467019,2026-09-11 15:46:27+00
btc-updown-5m-1789141200,BTC,"Bitcoin Up or Down - September 11, 11:40AM-11:45AM ET",2026-09-11T15:45:00Z,2026-09-11T15:40:00Z,78759.51623783176,Down,"[""0"", ""1""]",0.01,38553.60419000002,,-0.5045,0.001,resolved,0xa6971990be6339eae06bc9053e4d4414a24aa87ae4780be9b5f69e976c01b8be,https://data.chain.link/streams/btc-usd-twap-60s-streams,78648.5942038761,2026-09-11 15:46:27+00
doge-updown-5m-1789141200,DOGE,"Dogecoin Up or Down - September 11, 11:40AM-11:45AM ET",2026-09-11T15:45:00Z,2026-09-11T15:40:00Z,0.08670365446826081,Down,"[""0"", ""1""]",0.09,,,-0.4995,0.001,resolved,0x1cfbdd93e07d1fc14241c56cff4be0f9c45446d6cd771a2977172e9e4e99b578,https://data.chain.link/streams/doge-usd-twap-60s-streams,0.08645024235809257,2026-09-11 15:46:27+00
eth-updown-5m-1789141200,ETH,"Ethereum Up or Down - September 11, 11:40AM-11:45AM ET",2026-09-11T15:45:00Z,2026-09-11T15:40:00Z,2612.454762080729,Down,"[""0"", ""1""]",0.04,,,-0.5045,0.001,resolved,0x490864764e3e24b0e348d08b43be6d225c3ea72a5bf7b5892082e0784f8e2263,https://data.chain.link/streams/eth-usd-twap-60s-streams,2608.1527649051486,2026-09-11 15:46:27+00
hype-updown-5m-1789141200,HYPE,"Hyperliquid Up or Down - September 11, 11:40AM-11:45AM ET",2026-09-11T15:45:00Z,2026-09-11T15:40:00Z,83.54922988616391,Down,"[""0"", ""1""]",0.04,,,-0.5045,0.001,resolved,0x78eec063808caf8b3ead519f936231b9cde496e2237a03c4f7090c96c1a2206b,https://data.chain.link/streams/hype-usd-twap-60s-streams,83.22958212897073,2026-09-11 15:46:27+00
sol-updown-5m-1789141200,SOL,"Solana Up or Down - September 11, 11:40AM-11:45AM ET",2026-09-11T15:45:00Z,2026-09-11T15:40:00Z,103.45423800615647,Down,"[""0"", ""1""]",0.04,1472.364678,,-0.5045,0.001,resolved,0x356e81e5ac2d08a44f6ddd75ec51447bc4759524dde1a028dfa4396bf80d656a,https://data.chain.link/streams/sol-usd-twap-60s-streams,103.18655666849902,2026-09-11 15:46:27+00
xrp-updown-5m-1789141200,XRP,"XRP Up or Down - September 11, 11:40AM-11:45AM ET",2026-09-11T15:45:00Z,2026-09-11T15:40:00Z,1.4008826480030896,Down,"[""0"", ""1""]",0.06,,,-0.5045,0.001,resolved,0x2068ce58a2826ff0381cb794dc5e6c902ecc6cfcb031080bafddd3c70ebd7006,https://data.chain.link/streams/xrp-usd-twap-60s-streams,1.3982814929646235,2026-09-11 15:46:27+00
zec-updown-5m-1789141200,ZEC,"ZCash Up or Down - September 11, 11:40AM-11:45AM ET",2026-09-11T15:45:00Z,2026-09-11T15:40:00Z,1207.9106625917548,Down,"[""0"", ""1""]",,,,-0.495,0.01,resolved,0x4e6ea4cfc39633ebad573fff5efe1bd29b6b143c9c5584e75fe707ef013252fd,https://data.chain.link/streams/zec-usd-twap-60s-streams,1202.4661673355206,2026-09-11 15:46:27+00
bnb-updown-5m-1789141500,BNB,"BNB Up or Down - September 11, 11:45AM-11:50AM ET",2026-09-11T15:50:00Z,2026-09-11T15:45:00Z,738.486896467019,Down,"[""0"", ""1""]",0.09,343.18518199999994,,-0.5045,0.001,resolved,0x76c8f0bd07fd8c9e95d839ecacedd3c56fbc207fe00505f8d59b4bf25f5a3213,https://data.chain.link/streams/bnb-usd-twap-60s-streams,736.3359349405276,2026-09-11 15:50:52+00
btc-updown-5m-1789141500,BTC,"Bitcoin Up or Down - September 11, 11:45AM-11:50AM ET",2026-09-11T15:50:00Z,2026-09-11T15:45:00Z,78648.5942038761,Down,"[""0"", ""1""]",0.001,49460.97643200001,,-0.5045,0.001,resolved,0xd38c2c1cf56535d1679481eecb67521a812cc82c1551174e2ae7422f94b6bf7c,https://data.chain.link/streams/btc-usd-twap-60s-streams,78521.61767927674,2026-09-11 15:50:52+00
doge-updown-5m-1789141500,DOGE,"Dogecoin Up or Down - September 11, 11:45AM-11:50AM ET",2026-09-11T15:50:00Z,2026-09-11T15:45:00Z,0.08645024235809257,Down,"[""0"", ""1""]",0.2,430.150433,,-0.495,0.01,resolved,0x1dd6471475a440d8228d0597a0882b93b4873e9bd188b387374f591be1995896,https://data.chain.link/streams/doge-usd-twap-60s-streams,0.08628955684758917,2026-09-11 15:50:54+00
eth-updown-5m-1789141500,ETH,"Ethereum Up or Down - September 11, 11:45AM-11:50AM ET",2026-09-11T15:50:00Z,2026-09-11T15:45:00Z,2608.1527649051486,Down,"[""0"", ""1""]",0.02,5902.081329000001,,-0.5,0.01,resolved,0x51de94743abc96b94fc401420440713a55b69668a363e18f7b0b4bf4fa3b61d3,https://data.chain.link/streams/eth-usd-twap-60s-streams,2607.168101557888,2026-09-11 15:50:52+00
hype-updown-5m-1789141500,HYPE,"Hyperliquid Up or Down - September 11, 11:45AM-11:50AM ET",2026-09-11T15:50:00Z,2026-09-11T15:45:00Z,83.22958212897073,Down,"[""0"", ""1""]",0.02,167.316246,,-0.5,0.01,resolved,0x9d74c557f52bf7733897b745984ab800b7931470cc98d73cddf098e6d51a6362,https://data.chain.link/streams/hype-usd-twap-60s-streams,83.09041156525153,2026-09-11 15:50:52+00
sol-updown-5m-1789141500,SOL,"Solana Up or Down - September 11, 11:45AM-11:50AM ET",2026-09-11T15:50:00Z,2026-09-11T15:45:00Z,103.18655666849902,Down,"[""0"", ""1""]",0.06,2043.985553,,-0.5,0.01,resolved,0xe9085acf30c0361b840dbc6cf588b2d60c40da4682ce06678aca73b655ac9d9c,https://data.chain.link/streams/sol-usd-twap-60s-streams,103.11810932487556,2026-09-11 15:50:54+00
xrp-updown-5m-1789141500,XRP,"XRP Up or Down - September 11, 11:45AM-11:50AM ET",2026-09-11T15:50:00Z,2026-09-11T15:45:00Z,1.3982814929646235,Down,"[""0"", ""1""]",0.01,1139.1722969999996,,-0.5,0.01,resolved,0x7ddc55d97a11cb1adcae1dcfe098d1f2a252378688ad7b49201dd2332de7bb82,https://data.chain.link/streams/xrp-usd-twap-60s-streams,1.396986087704512,2026-09-11 15:50:52+00
zec-updown-5m-1789141500,ZEC,"ZCash Up or Down - September 11, 11:45AM-11:50AM ET",2026-09-11T15:50:00Z,2026-09-11T15:45:00Z,1202.4661673355206,Down,"[""0"", ""1""]",,,,-0.495,0.01,resolved,0x9ef6776b2d04d67364a7532b85eea4b4bb54dfa006f8eec98138bff78344f7da,https://data.chain.link/streams/zec-usd-twap-60s-streams,1191.5261568515455,2026-09-11 15:50:52+00
bnb-updown-5m-1789141800,BNB,"BNB Up or Down - September 11, 11:50AM-11:55AM ET",2026-09-11T15:55:00Z,2026-09-11T15:50:00Z,736.3359349405276,Down,"[""0"", ""1""]",0.01,,,-0.4995,0.001,resolved,0xb085faf81841c72c9d4811d6550cfd2b9c8d2c017031d032d530cf62c973de3d,https://data.chain.link/streams/bnb-usd-twap-60s-streams,729.4322406992607,2026-09-11 15:55:54+00
btc-updown-5m-1789141800,BTC,"Bitcoin Up or Down - September 11, 11:50AM-11:55AM ET",2026-09-11T15:55:00Z,2026-09-11T15:50:00Z,78521.61767927674,Down,"[""0"", ""1""]",0.001,48175.71692499997,,-0.5045,0.001,resolved,0x86ebb06d703b6d8a6108dceb53000047a1722b367361c5cfb0ff8442563167b8,https://data.chain.link/streams/btc-usd-twap-60s-streams,77628.87576809042,2026-09-11 15:55:52+00
doge-updown-5m-1789141800,DOGE,"Dogecoin Up or Down - September 11, 11:50AM-11:55AM ET",2026-09-11T15:55:00Z,2026-09-11T15:50:00Z,0.08628955684758917,Down,"[""0"", ""1""]",0.01,896.8271010000001,,-0.4995,0.001,resolved,0xb197aa89066a832e89e62b77600fbb677afe62ed8efb8c84f1971e5e1cb7453d,https://data.chain.link/streams/doge-usd-twap-60s-streams,0.08493164566740762,2026-09-11 15:55:52+00
eth-updown-5m-1789141800,ETH,"Ethereum Up or Down - September 11, 11:50AM-11:55AM ET",2026-09-11T15:55:00Z,2026-09-11T15:50:00Z,2607.168101557888,Down,"[""0"", ""1""]",0.01,3388.110993,,-0.5045,0.001,resolved,0x71ff27550f4ac83c387c9343f21e3df8c6a8e1862cee8349cd27268e1f33b7bc,https://data.chain.link/streams/eth-usd-twap-60s-streams,2563.181195487715,2026-09-11 15:55:54+00
hype-updown-5m-1789141800,HYPE,"Hyperliquid Up or Down - September 11, 11:50AM-11:55AM ET",2026-09-11T15:55:00Z,2026-09-11T15:50:00Z,83.09041156525153,Down,"[""0"", ""1""]",0.48,,,-0.5045,0.001,resolved,0x683a5ae28b5d03bfa459ad7e0b34bb0b507bb5a94ac5e071036e903e51719a05,https://data.chain.link/streams/hype-usd-twap-60s-streams,82.01456973706289,2026-09-11 15:55:52+00
sol-updown-5m-1789141800,SOL,"Solana Up or Down - September 11, 11:50AM-11:55AM ET",2026-09-11T15:55:00Z,2026-09-11T15:50:00Z,103.11810932487556,Down,"[""0"", ""1""]",0.01,1618.4612059999997,,-0.4995,0.001,resolved,0x4076468e3be231c92a54c3365a70b44b4867f513e275b738640fbf89727e087a,https://data.chain.link/streams/sol-usd-twap-60s-streams,101.7029157799274,2026-09-11 15:55:54+00
xrp-updown-5m-1789141800,XRP,"XRP Up or Down - September 11, 11:50AM-11:55AM ET",2026-09-11T15:55:00Z,2026-09-11T15:50:00Z,1.396986087704512,Down,"[""0"", ""1""]",0.01,1638.944535,,-0.5045,0.001,resolved,0x2d4b1d274d46aa3fd277dfb7b290704e285e5c1d873cffb983f9b8fc90e44d18,https://data.chain.link/streams/xrp-usd-twap-60s-streams,1.3736209938539716,2026-09-11 15:55:52+00
zec-updown-5m-1789141800,ZEC,"ZCash Up or Down - September 11, 11:50AM-11:55AM ET",2026-09-11T15:55:00Z,2026-09-11T15:50:00Z,1191.5261568515455,Down,"[""0"", ""1""]",,,,-0.495,0.01,resolved,0x4e91ef8993ba4eb7141f2ea93de94995d1e8af1b3fe5008d46d5906e6472907d,https://data.chain.link/streams/zec-usd-twap-60s-streams,1160.9292329572836,2026-09-11 15:55:52+00
bnb-updown-5m-1789142100,BNB,"BNB Up or Down - September 11, 11:55AM-12:00PM ET",2026-09-11T16:00:00Z,2026-09-11T15:55:00Z,729.4322406992607,Down,"[""0"", ""1""]",0.46,,,-0.5,0.01,resolved,0x48cc46916e24ae423d29df87f7ae2757eb9569d65baea3998f9d37240e1e3544,https://data.chain.link/streams/bnb-usd-twap-60s-streams,728.1845362577532,2026-09-11 16:01:27+00
btc-updown-5m-1789142100,BTC,"Bitcoin Up or Down - September 11, 11:55AM-12:00PM ET",2026-09-11T16:00:00Z,2026-09-11T15:55:00Z,77628.87576809042,Up,"[""1"", ""0""]",0.999,119537.41027800002,30,0.49,0.01,resolved,0xe7801d92bdd98a563729871303161000f9c0349cd096280d01f44465a2ba518c,https://data.chain.link/streams/btc-usd-twap-60s-streams,77668.25470617329,2026-09-11 16:01:36+00
doge-updown-5m-1789142100,DOGE,"Dogecoin Up or Down - September 11, 11:55AM-12:00PM ET",2026-09-11T16:00:00Z,2026-09-11T15:55:00Z,0.08493164566740762,Down,"[""0"", ""1""]",0.01,,,-0.495,0.01,resolved,0x373ee9b890dbb3cd44676ec135f9bc6daed6436647803c85523ee2d07019734e,https://data.chain.link/streams/doge-usd-twap-60s-streams,0.08490970183735223,2026-09-11 16:01:36+00
eth-updown-5m-1789142100,ETH,"Ethereum Up or Down - September 11, 11:55AM-12:00PM ET",2026-09-11T16:00:00Z,2026-09-11T15:55:00Z,2563.181195487715,Down,"[""0"", ""1""]",0.02,,,-0.5,0.01,resolved,0xc09864c8a63e013dfd1ad25c130483ae4b69e0524ef52a4efc92ba9354a15c9f,https://data.chain.link/streams/eth-usd-twap-60s-streams,2557.954107466146,2026-09-11 16:01:27+00
hype-updown-5m-1789142100,HYPE,"Hyperliquid Up or Down - September 11, 11:55AM-12:00PM ET",2026-09-11T16:00:00Z,2026-09-11T15:55:00Z,82.01456973706289,Down,"[""0"", ""1""]",0.77,,,-0.5,0.01,resolved,0xade191a3ca793f2cc150fce15410bc028d51c8ba580ac02fed1945b8f341e468,https://data.chain.link/streams/hype-usd-twap-60s-streams,81.9279610130729,2026-09-11 16:01:27+00
sol-updown-5m-1789142100,SOL,"Solana Up or Down - September 11, 11:55AM-12:00PM ET",2026-09-11T16:00:00Z,2026-09-11T15:55:00Z,101.7029157799274,Down,"[""0"", ""1""]",0.01,,,-0.5,0.01,resolved,0xfc4bbfc111a3e3bb42ae4bea51622135c5aeb630927938b9ca4fcc85227590c4,https://data.chain.link/streams/sol-usd-twap-60s-streams,101.53692991210289,2026-09-11 16:01:36+00
xrp-updown-5m-1789142100,XRP,"XRP Up or Down - September 11, 11:55AM-12:00PM ET",2026-09-11T16:00:00Z,2026-09-11T15:55:00Z,1.3736209938539716,Up,"[""1"", ""0""]",0.99,,,0.49,0.01,resolved,0x6d9f667709ba5081db60267b151cc418e77689e524744b13b0a34708c950ab97,https://data.chain.link/streams/xrp-usd-twap-60s-streams,1.3738549559347484,2026-09-11 16:01:36+00
zec-updown-5m-1789142100,ZEC,"ZCash Up or Down - September 11, 11:55AM-12:00PM ET",2026-09-11T16:00:00Z,2026-09-11T15:55:00Z,1160.9292329572836,Up,"[""1"", ""0""]",,,,0.495,0.01,resolved,0xb6a350819a83949fe9ca6453635bfda4e2552a4d38c642b45ac1cbe05651684e,https://data.chain.link/streams/zec-usd-twap-60s-streams,1163.5964503963764,2026-09-11 16:01:27+00
bnb-updown-5m-1789142400,BNB,"BNB Up or Down - September 11, 12:00PM-12:05PM ET",2026-09-11T16:05:00Z,2026-09-11T16:00:00Z,728.1845362577532,Up,"[""1"", ""0""]",0.99,229.86,,0.4945,0.001,resolved,0x37f71a0970dcc132bdaa63e4017d4bf01fd54d1d79ea7be93b7368d35a8f5e31,https://data.chain.link/streams/bnb-usd-twap-60s-streams,730.2602997887059,2026-09-11 16:06:25+00
btc-updown-5m-1789142400,BTC,"Bitcoin Up or Down - September 11, 12:00PM-12:05PM ET",2026-09-11T16:05:00Z,2026-09-11T16:00:00Z,77668.25470617329,Up,"[""1"", ""0""]",0.999,41822.77422399997,17.706275,0.4945,0.001,resolved,0xe4b9f0a0c878d5a5c4487dc959bb1077fea2e95ce050834899a71e0201c9fbce,https://data.chain.link/streams/btc-usd-twap-60s-streams,77812.47411387254,2026-09-11 16:06:25+00
doge-updown-5m-1789142400,DOGE,"Dogecoin Up or Down - September 11, 12:00PM-12:05PM ET",2026-09-11T16:05:00Z,2026-09-11T16:00:00Z,0.08490970183735223,Up,"[""1"", ""0""]",0.99,495.97315299999997,,0.4995,0.001,resolved,0x4cf0728357b5eb20e2fe9154141b035c87056b35786d665f43d571b515ff2c18,https://data.chain.link/streams/doge-usd-twap-60s-streams,0.0852299808322612,2026-09-11 16:06:25+00
eth-updown-5m-1789142400,ETH,"Ethereum Up or Down - September 11, 12:00PM-12:05PM ET",2026-09-11T16:05:00Z,2026-09-11T16:00:00Z,2557.954107466146,Up,"[""1"", ""0""]",0.99,3536.2746400000005,,0.4945,0.001,resolved,0x0e36e6c33c2fd04a33062b5e31e601465f7bfbc008efb45a2e536f27a0988cb7,https://data.chain.link/streams/eth-usd-twap-60s-streams,2567.3575630171895,2026-09-11 16:06:27+00
hype-updown-5m-1789142400,HYPE,"Hyperliquid Up or Down - September 11, 12:00PM-12:05PM ET",2026-09-11T16:05:00Z,2026-09-11T16:00:00Z,81.9279610130729,Up,"[""1"", ""0""]",0.98,35.1208,,0.4945,0.001,resolved,0x01f28d03f534155a682843f7283bb89a28086f51297494d35cc6c4695efa44fb,https://data.chain.link/streams/hype-usd-twap-60s-streams,82.40699055804589,2026-09-11 16:06:27+00
sol-updown-5m-1789142400,SOL,"Solana Up or Down - September 11, 12:00PM-12:05PM ET",2026-09-11T16:05:00Z,2026-09-11T16:00:00Z,101.53692991210289,Up,"[""1"", ""0""]",0.99,1539.3026869999997,,0.4945,0.001,resolved,0x0c0121c891de87f9de9b18796450713cd6d771a938fdbbf0c31565f7f2f92d8c,https://data.chain.link/streams/sol-usd-twap-60s-streams,101.9369791519653,2026-09-11 16:06:27+00
xrp-updown-5m-1789142400,XRP,"XRP Up or Down - September 11, 12:00PM-12:05PM ET",2026-09-11T16:05:00Z,2026-09-11T16:00:00Z,1.3738549559347484,Up,"[""1"", ""0""]",0.99,941.4951580000001,,0.4945,0.001,resolved,0xf42aefa3dbeeeba3cb26a786743d3b4d6f68ca5b85a801e77efc98a4d4a21920,https://data.chain.link/streams/xrp-usd-twap-60s-streams,1.3763739776551416,2026-09-11 16:06:27+00
zec-updown-5m-1789142400,ZEC,"ZCash Up or Down - September 11, 12:00PM-12:05PM ET",2026-09-11T16:05:00Z,2026-09-11T16:00:00Z,1163.5964503963764,Up,"[""1"", ""0""]",,,,0.495,0.01,resolved,0xaaabdf0702601d00ff31a6bd61e96bbabeaa424971d0fc850cf33583a007e0a3,https://data.chain.link/streams/zec-usd-twap-60s-streams,1173.1712387090988,2026-09-11 16:06:27+00
bnb-updown-5m-1789142700,BNB,"BNB Up or Down - September 11, 12:05PM-12:10PM ET",2026-09-11T16:10:00Z,2026-09-11T16:05:00Z,730.2602997887059,Up,"[""1"", ""0""]",0.99,202.50346399999998,,0.4945,0.001,resolved,0x4549da97da60980192e1a3d7f146591da139f26e0903ed421f63b596fd70b683,https://data.chain.link/streams/bnb-usd-twap-60s-streams,732.7865549686439,2026-09-11 16:11:27+00
btc-updown-5m-1789142700,BTC,"Bitcoin Up or Down - September 11, 12:05PM-12:10PM ET",2026-09-11T16:10:00Z,2026-09-11T16:05:00Z,77812.47411387254,Up,"[""1"", ""0""]",0.99,49190.25837599995,15.686275,0.49,0.01,resolved,0x081cd56e2737c5bdbac672823fdfbbca81dcfba3d67f5d655b08c6d48382fd33,https://data.chain.link/streams/btc-usd-twap-60s-streams,77938.71495375333,2026-09-11 16:11:27+00
doge-updown-5m-1789142700,DOGE,"Dogecoin Up or Down - September 11, 12:05PM-12:10PM ET",2026-09-11T16:10:00Z,2026-09-11T16:05:00Z,0.0852299808322612,Up,"[""1"", ""0""]",0.99,,,0.495,0.01,resolved,0x3d94c39bcc19d41cc2b4e3de02dbc96ce85219f20c5f22bd82e3e4af1f6dae80,https://data.chain.link/streams/doge-usd-twap-60s-streams,0.08555755185932307,2026-09-11 16:11:27+00
eth-updown-5m-1789142700,ETH,"Ethereum Up or Down - September 11, 12:05PM-12:10PM ET",2026-09-11T16:10:00Z,2026-09-11T16:05:00Z,2567.3575630171895,Up,"[""1"", ""0""]",0.99,6487.9694230000005,,0.49,0.01,resolved,0x53806971c02a8b6f9b5d8f06f22371cb9d71369ef2c4f35f9baa6cde8760e8b4,https://data.chain.link/streams/eth-usd-twap-60s-streams,2571.4946569760773,2026-09-11 16:11:27+00
hype-updown-5m-1789142700,HYPE,"Hyperliquid Up or Down - September 11, 12:05PM-12:10PM ET",2026-09-11T16:10:00Z,2026-09-11T16:05:00Z,82.40699055804589,Up,"[""1"", ""0""]",0.97,,,0.49,0.01,resolved,0xb2e969632e1e3f683efe95c319b58ed39955d9de27379044bfce18444b023dc8,https://data.chain.link/streams/hype-usd-twap-60s-streams,82.40804347196807,2026-09-11 16:11:27+00
sol-updown-5m-1789142700,SOL,"Solana Up or Down - September 11, 12:05PM-12:10PM ET",2026-09-11T16:10:00Z,2026-09-11T16:05:00Z,101.9369791519653,Up,"[""1"", ""0""]",0.99,1372.1990320000002,,0.49,0.01,resolved,0xc7eea41d1c3e91840f56fb4406c9e413f1f4f673ba5dfbd19fbf2620d3481862,https://data.chain.link/streams/sol-usd-twap-60s-streams,102.24500524935452,2026-09-11 16:11:27+00
xrp-updown-5m-1789142700,XRP,"XRP Up or Down - September 11, 12:05PM-12:10PM ET",2026-09-11T16:10:00Z,2026-09-11T16:05:00Z,1.3763739776551416,Up,"[""1"", ""0""]",0.99,730.22421,,0.49,0.01,resolved,0x337095f2ab9c0e2dad905f9a666e0818ba226320dd69bd84c4ef8c4202ca85e6,https://data.chain.link/streams/xrp-usd-twap-60s-streams,1.3824476377358375,2026-09-11 16:11:25+00
zec-updown-5m-1789142700,ZEC,"ZCash Up or Down - September 11, 12:05PM-12:10PM ET",2026-09-11T16:10:00Z,2026-09-11T16:05:00Z,1173.1712387090988,Up,"[""1"", ""0""]",,,,0.495,0.01,resolved,0x9a826a7d2b38dd0ff292563b74298a7487cbe23b94b0477d420966b181f666db,https://data.chain.link/streams/zec-usd-twap-60s-streams,1176.5158737870352,2026-09-11 16:11:27+00
bnb-updown-5m-1789143000,BNB,"BNB Up or Down - September 11, 12:10PM-12:15PM ET",2026-09-11T16:15:00Z,2026-09-11T16:10:00Z,732.7865549686439,Down,"[""0"", ""1""]",0.1,,,-0.5045,0.001,resolved,0x96a8a2a6a1fc40fa6be3833d391920709d159fc9117dffda37e33804d870c2f9,https://data.chain.link/streams/bnb-usd-twap-60s-streams,730.4785601827448,2026-09-11 16:15:52+00
btc-updown-5m-1789143000,BTC,"Bitcoin Up or Down - September 11, 12:10PM-12:15PM ET",2026-09-11T16:15:00Z,2026-09-11T16:10:00Z,77938.71495375333,Down,"[""0"", ""1""]",0.01,41280.42716100002,15.686275,-0.5045,0.001,resolved,0x500801a73e317b6e1e9986589c63b6a83388ccc62182a5f85b1c599c35ed9c4a,https://data.chain.link/streams/btc-usd-twap-60s-streams,77794.3191741158,2026-09-11 16:15:52+00
doge-updown-5m-1789143000,DOGE,"Dogecoin Up or Down - September 11, 12:10PM-12:15PM ET",2026-09-11T16:15:00Z,2026-09-11T16:10:00Z,0.08555755185932307,Down,"[""0"", ""1""]",0.21,,,-0.4995,0.001,resolved,0x60715d2bc281aecf73667a7ab28033516c8d3a3588c851cc945d75313ad710d0,https://data.chain.link/streams/doge-usd-twap-60s-streams,0.08530653815345032,2026-09-11 16:15:52+00
eth-updown-5m-1789143000,ETH,"Ethereum Up or Down - September 11, 12:10PM-12:15PM ET",2026-09-11T16:15:00Z,2026-09-11T16:10:00Z,2571.4946569760773,Down,"[""0"", ""1""]",0.01,3696.1576480000003,,-0.5045,0.001,resolved,0x30e70de3c59b255cc9195289fcb315d0e3b6997210e22fbcc431fba2353ad1c1,https://data.chain.link/streams/eth-usd-twap-60s-streams,2561.3282042166184,2026-09-11 16:15:52+00
hype-updown-5m-1789143000,HYPE,"Hyperliquid Up or Down - September 11, 12:10PM-12:15PM ET",2026-09-11T16:15:00Z,2026-09-11T16:10:00Z,82.40804347196807,Down,"[""0"", ""1""]",0.22,,,-0.5045,0.001,resolved,0x4065dc4d2708dc61046ac0ef8ce588d296d0bc9596ea08f420e398f3863ee1b5,https://data.chain.link/streams/hype-usd-twap-60s-streams,82.26969655415287,2026-09-11 16:15:52+00
sol-updown-5m-1789143000,SOL,"Solana Up or Down - September 11, 12:10PM-12:15PM ET",2026-09-11T16:15:00Z,2026-09-11T16:10:00Z,102.24500524935452,Down,"[""0"", ""1""]",0.01,,,-0.5045,0.001,resolved,0xc3f438be49b7fc20e6c275aef9cdf2c067c3ab698dd647c2dc644dd4a358312a,https://data.chain.link/streams/sol-usd-twap-60s-streams,101.98762905610569,2026-09-11 16:15:54+00
xrp-updown-5m-1789143000,XRP,"XRP Up or Down - September 11, 12:10PM-12:15PM ET",2026-09-11T16:15:00Z,2026-09-11T16:10:00Z,1.3824476377358375,Down,"[""0"", ""1""]",0.01,,,-0.5045,0.001,resolved,0xee11e5efd922cce12b3cab1603d85324eda53083299f20f6dfe1021f4db58c26,https://data.chain.link/streams/xrp-usd-twap-60s-streams,1.3771193407335764,2026-09-11 16:15:52+00
zec-updown-5m-1789143000,ZEC,"ZCash Up or Down - September 11, 12:10PM-12:15PM ET",2026-09-11T16:15:00Z,2026-09-11T16:10:00Z,1176.5158737870352,Down,"[""0"", ""1""]",,,,-0.495,0.01,resolved,0x300aeef3e629f21c746bbb9af68677d1fc986b786fdca18467e3c518166e0e57,https://data.chain.link/streams/zec-usd-twap-60s-streams,1172.5895606091062,2026-09-11 16:15:54+00
bnb-updown-5m-1789143300,BNB,"BNB Up or Down - September 11, 12:15PM-12:20PM ET",2026-09-11T16:20:00Z,2026-09-11T16:15:00Z,730.4785601827448,Down,"[""0"", ""1""]",0.01,,,-0.5045,0.001,resolved,0xf46a3aebd3e27207892cc0c76e1c949681a73dd8166da307ba5e8db0c0fe23e5,https://data.chain.link/streams/bnb-usd-twap-60s-streams,728.9680304708456,2026-09-11 16:20:52+00
btc-updown-5m-1789143300,BTC,"Bitcoin Up or Down - September 11, 12:15PM-12:20PM ET",2026-09-11T16:20:00Z,2026-09-11T16:15:00Z,77794.3191741158,Down,"[""0"", ""1""]",0.01,38221.41245899998,,-0.5045,0.001,resolved,0x263377cb600394c8691d5907477e287222c19e7ed540aa4b19e9bf9b82b011a3,https://data.chain.link/streams/btc-usd-twap-60s-streams,77589.02089332421,2026-09-11 16:20:52+00
doge-updown-5m-1789143300,DOGE,"Dogecoin Up or Down - September 11, 12:15PM-12:20PM ET",2026-09-11T16:20:00Z,2026-09-11T16:15:00Z,0.08530653815345032,Down,"[""0"", ""1""]",0.01,,,-0.495,0.01,resolved,0x086547067495686aeb4659e2ca0097d49ba4d3307b42457c5e9e711a27be2f62,https://data.chain.link/streams/doge-usd-twap-60s-streams,0.08510240730692253,2026-09-11 16:20:52+00
eth-updown-5m-1789143300,ETH,"Ethereum Up or Down - September 11, 12:15PM-12:20PM ET",2026-09-11T16:20:00Z,2026-09-11T16:15:00Z,2561.3282042166184,Down,"[""0"", ""1""]",0.01,,,-0.5045,0.001,resolved,0x252c86355cae34e87e457a6448f1f6e88f99a2098a48214e1e1cbc446b7f7926,https://data.chain.link/streams/eth-usd-twap-60s-streams,2553.8166897874517,2026-09-11 16:20:52+00
hype-updown-5m-1789143300,HYPE,"Hyperliquid Up or Down - September 11, 12:15PM-12:20PM ET",2026-09-11T16:20:00Z,2026-09-11T16:15:00Z,82.26969655415287,Down,"[""0"", ""1""]",0.02,,,-0.5045,0.001,resolved,0xc5e9fa44df70a83976c9112d24b96d6a7c27df1b1d26010f2a0097bef6dd8e53,https://data.chain.link/streams/hype-usd-twap-60s-streams,81.80815850471505,2026-09-11 16:20:54+00
sol-updown-5m-1789143300,SOL,"Solana Up or Down - September 11, 12:15PM-12:20PM ET",2026-09-11T16:20:00Z,2026-09-11T16:15:00Z,101.98762905610569,Down,"[""0"", ""1""]",0.01,,,-0.5,0.01,resolved,0x1742e02e5c29d043970d9b6085d6f2db09bcf72f7e9cc6730fd9350f851a9139,https://data.chain.link/streams/sol-usd-twap-60s-streams,101.77325094543758,2026-09-11 16:20:52+00
xrp-updown-5m-1789143300,XRP,"XRP Up or Down - September 11, 12:15PM-12:20PM ET",2026-09-11T16:20:00Z,2026-09-11T16:15:00Z,1.3771193407335764,Down,"[""0"", ""1""]",0.13,,,-0.5045,0.001,resolved,0x85a9e137ec79f30380a68014396a4a9476fbd494275c47a348de07c38ba0687f,https://data.chain.link/streams/xrp-usd-twap-60s-streams,1.3742404653929465,2026-09-11 16:20:54+00
zec-updown-5m-1789143300,ZEC,"ZCash Up or Down - September 11, 12:15PM-12:20PM ET",2026-09-11T16:20:00Z,2026-09-11T16:15:00Z,1172.5895606091062,Down,"[""0"", ""1""]",,,,-0.4995,0.001,resolved,0x18f9b5a61788d033c78536de10a1f68bea9e5127d65f8e1d7b7b65229594f4a0,https://data.chain.link/streams/zec-usd-twap-60s-streams,1162.3111497590285,2026-09-11 16:20:52+00
bnb-updown-5m-1789143600,BNB,"BNB Up or Down - September 11, 12:20PM-12:25PM ET",2026-09-11T16:25:00Z,2026-09-11T16:20:00Z,728.9680304708456,Down,"[""0"", ""1""]",0.55,,,-0.49,0.01,resolved,0x7d958dd7b5fc6aee845d1b606233e144b35739a616d9cb367bb13e6f8bedaea2,https://data.chain.link/streams/bnb-usd-twap-60s-streams,727.6089681550675,2026-09-11 16:26:27+00
btc-updown-5m-1789143600,BTC,"Bitcoin Up or Down - September 11, 12:20PM-12:25PM ET",2026-09-11T16:25:00Z,2026-09-11T16:20:00Z,77589.02089332421,Down,"[""0"", ""1""]",0.01,45434.98495700001,,-0.49,0.01,resolved,0xdcaa287e10a7e117bd7ac7d90d76bc81a7b0ca04e03d742900395a8f3a28dadf,https://data.chain.link/streams/btc-usd-twap-60s-streams,77454.15564962271,2026-09-11 16:26:25+00
doge-updown-5m-1789143600,DOGE,"Dogecoin Up or Down - September 11, 12:20PM-12:25PM ET",2026-09-11T16:25:00Z,2026-09-11T16:20:00Z,0.08510240730692253,Down,"[""0"", ""1""]",0.09,295.18734199999994,,-0.475,0.03,resolved,0xbcaa9ef0d26842e677633694e5f827ccccd749b298661f7235f50df4ea0ac4d3,https://data.chain.link/streams/doge-usd-twap-60s-streams,0.08496233921205139,2026-09-11 16:26:27+00
eth-updown-5m-1789143600,ETH,"Ethereum Up or Down - September 11, 12:20PM-12:25PM ET",2026-09-11T16:25:00Z,2026-09-11T16:20:00Z,2553.8166897874517,Down,"[""0"", ""1""]",0.05,5746.980645,,-0.46,0.01,resolved,0xbcf3d8951d573e77b01394746562a0b359e054dd5ade6fd0df8f5bd469aeb487,https://data.chain.link/streams/eth-usd-twap-60s-streams,2550.8556475334763,2026-09-11 16:26:25+00
hype-updown-5m-1789143600,HYPE,"Hyperliquid Up or Down - September 11, 12:20PM-12:25PM ET",2026-09-11T16:25:00Z,2026-09-11T16:20:00Z,81.80815850471505,Down,"[""0"", ""1""]",0.05,,,-0.5,0.01,resolved,0x63310e2287eb021e0e75219cd3235872300e946ea8f9543241e1bf6a87708eef,https://data.chain.link/streams/hype-usd-twap-60s-streams,81.38069906954063,2026-09-11 16:26:27+00
sol-updown-5m-1789143600,SOL,"Solana Up or Down - September 11, 12:20PM-12:25PM ET",2026-09-11T16:25:00Z,2026-09-11T16:20:00Z,101.77325094543758,Down,"[""0"", ""1""]",0.01,1892.522522,,-0.5,0.01,resolved,0x72fc9e1862ae72b181e05b4efe7dbd35d1205e6aab7a35cf3df2e8c9e11b20dc,https://data.chain.link/streams/sol-usd-twap-60s-streams,101.36929231525437,2026-09-11 16:26:25+00
xrp-updown-5m-1789143600,XRP,"XRP Up or Down - September 11, 12:20PM-12:25PM ET",2026-09-11T16:25:00Z,2026-09-11T16:20:00Z,1.3742404653929465,Down,"[""0"", ""1""]",0.01,402.356086,,-0.49,0.01,resolved,0xf3e58010facccfce69df0b3ba3df0117938beafca936aeb1c04e122d92ef3f67,https://data.chain.link/streams/xrp-usd-twap-60s-streams,1.370042757578681,2026-09-11 16:26:25+00
zec-updown-5m-1789143600,ZEC,"ZCash Up or Down - September 11, 12:20PM-12:25PM ET",2026-09-11T16:25:00Z,2026-09-11T16:20:00Z,1162.3111497590285,Down,"[""0"", ""1""]",,,,-0.39,0.22,resolved,0xa161353faf82d6dfc30f69e691e41c1e128f987530f14357e79aa1d1fd0a29d2,https://data.chain.link/streams/zec-usd-twap-60s-streams,1158.4707198363592,2026-09-11 16:26:25+00
bnb-updown-5m-1789143900,BNB,"BNB Up or Down - September 11, 12:25PM-12:30PM ET",2026-09-11T16:30:00Z,2026-09-11T16:25:00Z,727.6089681550675,Up,"[""1"", ""0""]",,,,-0.005,0.02,resolved,0xc6d4ca70a4045445b68f4ceb2bda64ec4813eae896fda6cd41391c913e0dcac5,https://data.chain.link/streams/bnb-usd-twap-60s-streams,729.7492530433046,2026-09-11 16:31:27+00
btc-updown-5m-1789143900,BTC,"Bitcoin Up or Down - September 11, 12:25PM-12:30PM ET",2026-09-11T16:30:00Z,2026-09-11T16:25:00Z,77454.15564962271,Up,"[""1"", ""0""]",0.51,704.791778,,,0.01,resolved,0xd93ffdeb36dfa68e2a2ba583bbed3df58995fc7c360f8b3aa01d9d06841eaa3d,https://data.chain.link/streams/btc-usd-twap-60s-streams,77677.47901575633,2026-09-11 16:31:27+00
doge-updown-5m-1789143900,DOGE,"Dogecoin Up or Down - September 11, 12:25PM-12:30PM ET",2026-09-11T16:30:00Z,2026-09-11T16:25:00Z,0.08496233921205139,Up,"[""1"", ""0""]",,,,,0.02,resolved,0x990a7ee73b938bed836bdc3b09cfbf7e7c14ec1cf8979066f4ceab3968758171,https://data.chain.link/streams/doge-usd-twap-60s-streams,0.08534422233849814,2026-09-11 16:31:27+00
eth-updown-5m-1789143900,ETH,"Ethereum Up or Down - September 11, 12:25PM-12:30PM ET",2026-09-11T16:30:00Z,2026-09-11T16:25:00Z,2550.8556475334763,Up,"[""1"", ""0""]",0.53,255.99322099999998,,0.02,0.01,resolved,0x06f3eb2620ba300f95ea081fed7313d7ed45a33cc0f7055b72222196c975a0a5,https://data.chain.link/streams/eth-usd-twap-60s-streams,2564.549703569487,2026-09-11 16:31:25+00
hype-updown-5m-1789143900,HYPE,"Hyperliquid Up or Down - September 11, 12:25PM-12:30PM ET",2026-09-11T16:30:00Z,2026-09-11T16:25:00Z,81.38069906954063,Up,"[""1"", ""0""]",,,,-0.005,0.02,resolved,0x5b57fa926511ae3b8768bdb54d43cb5016b494f1354864ff97b6870a7ef942ec,https://data.chain.link/streams/hype-usd-twap-60s-streams,81.53996562032276,2026-09-11 16:31:25+00
sol-updown-5m-1789143900,SOL,"Solana Up or Down - September 11, 12:25PM-12:30PM ET",2026-09-11T16:30:00Z,2026-09-11T16:25:00Z,101.36929231525437,Up,"[""1"", ""0""]",0.51,,,0.01,0.01,resolved,0x653de8d4802b980d5eb636fba0f428c977509bfd694b3b709ebf7d7137ad58b0,https://data.chain.link/streams/sol-usd-twap-60s-streams,101.73763286163872,2026-09-11 16:31:25+00
xrp-updown-5m-1789143900,XRP,"XRP Up or Down - September 11, 12:25PM-12:30PM ET",2026-09-11T16:30:00Z,2026-09-11T16:25:00Z,1.370042757578681,Up,"[""1"", ""0""]",,,,,0.01,resolved,0x12825670233b2b415dd13802a1696c588c5da9582c135542c6fa8b84751d540a,https://data.chain.link/streams/xrp-usd-twap-60s-streams,1.3759824167361554,2026-09-11 16:31:27+00
zec-updown-5m-1789143900,ZEC,"ZCash Up or Down - September 11, 12:25PM-12:30PM ET",2026-09-11T16:30:00Z,2026-09-11T16:25:00Z,1158.4707198363592,Up,"[""1"", ""0""]",,,,,0.06,resolved,0x69c83e071758dcd77c7e8b45ccc8be601631da6dbeab6de9168f639a18ed41bd,https://data.chain.link/streams/zec-usd-twap-60s-streams,1168.270895995715,2026-09-11 16:31:27+00
bnb-updown-5m-1789144200,BNB,"BNB Up or Down - September 11, 12:30PM-12:35PM ET",2026-09-11T16:35:00Z,2026-09-11T16:30:00Z,729.7492530433046,Up,"[""1"", ""0""]",,,,,0.01,resolved,0x9699421d8ce5b0e6f2e8954e5d7f6f929b48570eb5af395ecead5d6f0485c44c,https://data.chain.link/streams/bnb-usd-twap-60s-streams,730.3530252865825,2026-09-11 16:35:52+00
btc-updown-5m-1789144200,BTC,"Bitcoin Up or Down - September 11, 12:30PM-12:35PM ET",2026-09-11T16:35:00Z,2026-09-11T16:30:00Z,77677.47901575633,Up,"[""1"", ""0""]",0.51,89.215687,,,0.01,resolved,0xbf1940f4391803ebc0142a4680ce9a77944fd101bb16bd9e3a6c52598303d8e1,https://data.chain.link/streams/btc-usd-twap-60s-streams,77717.73855340396,2026-09-11 16:35:52+00
doge-updown-5m-1789144200,DOGE,"Dogecoin Up or Down - September 11, 12:30PM-12:35PM ET",2026-09-11T16:35:00Z,2026-09-11T16:30:00Z,0.08534422233849814,Up,"[""1"", ""0""]",,,,,0.02,resolved,0xe669e7bc45521eb6a470451911e65db3407e2b4d2d088aba785c859a771f4e06,https://data.chain.link/streams/doge-usd-twap-60s-streams,0.0855057252735914,2026-09-11 16:35:52+00
eth-updown-5m-1789144200,ETH,"Ethereum Up or Down - September 11, 12:30PM-12:35PM ET",2026-09-11T16:35:00Z,2026-09-11T16:30:00Z,2564.549703569487,Up,"[""1"", ""0""]",,10,,,0.01,resolved,0x58074a2b2c2de752e58b1a159d4786d0610b8c7340461ab195a51564b973cf36,https://data.chain.link/streams/eth-usd-twap-60s-streams,2569.5859732699923,2026-09-11 16:35:54+00
hype-updown-5m-1789144200,HYPE,"Hyperliquid Up or Down - September 11, 12:30PM-12:35PM ET",2026-09-11T16:35:00Z,2026-09-11T16:30:00Z,81.53996562032276,Up,"[""1"", ""0""]",,,,,0.01,resolved,0xab767b5dbefd2cfce2843998e659d09cbfc1ec5d22ccf2ee41f59dcbbf398bdd,https://data.chain.link/streams/hype-usd-twap-60s-streams,81.56924743816109,2026-09-11 16:35:52+00
sol-updown-5m-1789144200,SOL,"Solana Up or Down - September 11, 12:30PM-12:35PM ET",2026-09-11T16:35:00Z,2026-09-11T16:30:00Z,101.73763286163872,Up,"[""1"", ""0""]",,,,,0.01,resolved,0x4f7ec093184cf73fe57d94e05ce3d4fda6e0865d7ee31f0ea0fbf3a5cf948fc4,https://data.chain.link/streams/sol-usd-twap-60s-streams,101.9095592007563,2026-09-11 16:35:52+00
xrp-updown-5m-1789144200,XRP,"XRP Up or Down - September 11, 12:30PM-12:35PM ET",2026-09-11T16:35:00Z,2026-09-11T16:30:00Z,1.3759824167361554,Up,"[""1"", ""0""]",,,,,0.01,resolved,0xb4e6e960a1a7eba0ea41d85774abebdf822e284958715bd32ca06d97b423e314,https://data.chain.link/streams/xrp-usd-twap-60s-streams,1.3762737570309853,2026-09-11 16:35:52+00
zec-updown-5m-1789144200,ZEC,"ZCash Up or Down - September 11, 12:30PM-12:35PM ET",2026-09-11T16:35:00Z,2026-09-11T16:30:00Z,1168.270895995715,Up,"[""1"", ""0""]",,,,,0.06,resolved,0x5fdbd099f3fa69adf02caa6fca435f58ddf5e6953c0efc2a9272c51f16eef169,https://data.chain.link/streams/zec-usd-twap-60s-streams,1172.7024130579377,2026-09-11 16:35:52+00
bnb-updown-5m-1789144500,BNB,"BNB Up or Down - September 11, 12:35PM-12:40PM ET",2026-09-11T16:40:00Z,2026-09-11T16:35:00Z,730.3530252865825,Down,"[""0"", ""1""]",,,,,0.01,resolved,0xc3363b065726f5e041442b1213da23cee49e13301f666e8a02631652747029d1,https://data.chain.link/streams/bnb-usd-twap-60s-streams,728.887356320185,2026-09-11 16:41:25+00
btc-updown-5m-1789144500,BTC,"Bitcoin Up or Down - September 11, 12:35PM-12:40PM ET",2026-09-11T16:40:00Z,2026-09-11T16:35:00Z,77717.73855340396,Down,"[""0"", ""1""]",0.51,39.215687,,,0.01,resolved,0xca7e69b7fe900de75c5763239944dad9db531063c12eabcc1615ebe90bcdf160,https://data.chain.link/streams/btc-usd-twap-60s-streams,77644.1077952854,2026-09-11 16:41:25+00
doge-updown-5m-1789144500,DOGE,"Dogecoin Up or Down - September 11, 12:35PM-12:40PM ET",2026-09-11T16:40:00Z,2026-09-11T16:35:00Z,0.0855057252735914,Down,"[""0"", ""1""]",,,,,0.02,resolved,0xa0ebb7f8d02f7e5630caed5b7f197aa7f4ec0534a259f42b7938d1a96911eb1d,https://data.chain.link/streams/doge-usd-twap-60s-streams,0.08536129301588836,2026-09-11 16:41:25+00
eth-updown-5m-1789144500,ETH,"Ethereum Up or Down - September 11, 12:35PM-12:40PM ET",2026-09-11T16:40:00Z,2026-09-11T16:35:00Z,2569.5859732699923,Down,"[""0"", ""1""]",,10,,,0.01,resolved,0x7e6fc8542c8653a3369ce296a374aaebcf7ef5b5a5c38be1814d19079397c6a4,https://data.chain.link/streams/eth-usd-twap-60s-streams,2565.525533333969,2026-09-11 16:41:25+00
hype-updown-5m-1789144500,HYPE,"Hyperliquid Up or Down - September 11, 12:35PM-12:40PM ET",2026-09-11T16:40:00Z,2026-09-11T16:35:00Z,81.56924743816109,Down,"[""0"", ""1""]",,,,,0.01,resolved,0xf68aa1b96a2699222229293324a625ef47f32301b0b5c87056b60bb413ba9d4f,https://data.chain.link/streams/hype-usd-twap-60s-streams,81.33112909153054,2026-09-11 16:41:27+00
sol-updown-5m-1789144500,SOL,"Solana Up or Down - September 11, 12:35PM-12:40PM ET",2026-09-11T16:40:00Z,2026-09-11T16:35:00Z,101.9095592007563,Down,"[""0"", ""1""]",,,,,0.01,resolved,0xf5df658fe2f76eda9619e4147b0ee3adce3d8d4715f65bdd7c76cf6d95b7a162,https://data.chain.link/streams/sol-usd-twap-60s-streams,101.74901241898321,2026-09-11 16:41:25+00
xrp-updown-5m-1789144500,XRP,"XRP Up or Down - September 11, 12:35PM-12:40PM ET",2026-09-11T16:40:00Z,2026-09-11T16:35:00Z,1.3762737570309853,Down,"[""0"", ""1""]",,,,,0.01,resolved,0xe5d33fda5e33d00166095985db7fffaf10eb33aedbdc08bfb9a25e462283c353,https://data.chain.link/streams/xrp-usd-twap-60s-streams,1.3702115795451086,2026-09-11 16:41:25+00
zec-updown-5m-1789144500,ZEC,"ZCash Up or Down - September 11, 12:35PM-12:40PM ET",2026-09-11T16:40:00Z,2026-09-11T16:35:00Z,1172.7024130579377,Down,"[""0"", ""1""]",,,,,0.02,resolved,0x22e1bb7f3983c46b4deb5ce4652ab21cd50d1d3c64deb4b7716d8a292fd8be5d,https://data.chain.link/streams/zec-usd-twap-60s-streams,1170.0436950905307,2026-09-11 16:41:25+00
bnb-updown-5m-1789144800,BNB,"BNB Up or Down - September 11, 12:40PM-12:45PM ET",2026-09-11T16:45:00Z,2026-09-11T16:40:00Z,728.887356320185,Up,"[""1"", ""0""]",,,,-0.005,0.02,resolved,0x8086ba80a7a60216687e50633291007c297d954cc8f426220d4b6cb47af5b236,https://data.chain.link/streams/bnb-usd-twap-60s-streams,729.7676862536514,2026-09-11 16:45:52+00
btc-updown-5m-1789144800,BTC,"Bitcoin Up or Down - September 11, 12:40PM-12:45PM ET",2026-09-11T16:45:00Z,2026-09-11T16:40:00Z,77644.1077952854,Up,"[""1"", ""0""]",0.51,3.921569,,,0.01,resolved,0x199c363d6e6c1fed955e1ce072138d6c49c356a771354962b06362948efbfa30,https://data.chain.link/streams/btc-usd-twap-60s-streams,77771.3690293438,2026-09-11 16:45:52+00
doge-updown-5m-1789144800,DOGE,"Dogecoin Up or Down - September 11, 12:40PM-12:45PM ET",2026-09-11T16:45:00Z,2026-09-11T16:40:00Z,0.08536129301588836,Up,"[""1"", ""0""]",,,,,0.02,resolved,0xb7f52567ce653511ea88522a48e2f2852545c0ba240d77d465067d97054ab634,https://data.chain.link/streams/doge-usd-twap-60s-streams,0.08547734867729863,2026-09-11 16:45:52+00
eth-updown-5m-1789144800,ETH,"Ethereum Up or Down - September 11, 12:40PM-12:45PM ET",2026-09-11T16:45:00Z,2026-09-11T16:40:00Z,2565.525533333969,Up,"[""1"", ""0""]",,10,,,0.02,resolved,0x6c8177f291dae8f2281ce053acfe7df9be8965bc318d4c4c45db205388563f5a,https://data.chain.link/streams/eth-usd-twap-60s-streams,2570.6643526918365,2026-09-11 16:45:52+00
hype-updown-5m-1789144800,HYPE,"Hyperliquid Up or Down - September 11, 12:40PM-12:45PM ET",2026-09-11T16:45:00Z,2026-09-11T16:40:00Z,81.33112909153054,Up,"[""1"", ""0""]",,,,,0.06,resolved,0xdfc055d8973445b7f75403bd27195600c6808d5842fb3d71dec8b70b849e9f3e,https://data.chain.link/streams/hype-usd-twap-60s-streams,81.48631012353681,2026-09-11 16:45:52+00
sol-updown-5m-1789144800,SOL,"Solana Up or Down - September 11, 12:40PM-12:45PM ET",2026-09-11T16:45:00Z,2026-09-11T16:40:00Z,101.74901241898321,Up,"[""1"", ""0""]",,,,,0.02,resolved,0x7e5b0ae0216ec659c5b04e09f1174613623cc1c56ceefff48acb02a298dd6c55,https://data.chain.link/streams/sol-usd-twap-60s-streams,101.90496424880158,2026-09-11 16:45:52+00
xrp-updown-5m-1789144800,XRP,"XRP Up or Down - September 11, 12:40PM-12:45PM ET",2026-09-11T16:45:00Z,2026-09-11T16:40:00Z,1.3702115795451086,Up,"[""1"", ""0""]",,,,,0.02,resolved,0x4ef8ba0850a0e31a99eaa9cbc7f3f0afb7a1c7922575b83bcdc356869ae299fe,https://data.chain.link/streams/xrp-usd-twap-60s-streams,1.3727553687148815,2026-09-11 16:45:52+00
zec-updown-5m-1789144800,ZEC,"ZCash Up or Down - September 11, 12:40PM-12:45PM ET",2026-09-11T16:45:00Z,2026-09-11T16:40:00Z,1170.0436950905307,Up,"[""1"", ""0""]",,,,,1,resolved,0xa0d548ef71a1d060640a62593fc5d62fc6318fec57caf85354ef6d8f68f74425,https://data.chain.link/streams/zec-usd-twap-60s-streams,1172.7950340062082,2026-09-11 16:45:54+00
bnb-updown-5m-1789145100,BNB,"BNB Up or Down - September 11, 12:45PM-12:50PM ET",2026-09-11T16:50:00Z,2026-09-11T16:45:00Z,729.7676862536514,Up,"[""1"", ""0""]",0.99,,,0.4945,0.001,resolved,0x3dcf27ea53e2e7138689afc4b3c2fee0a46a81107fc9adc1b382862ff475b67a,https://data.chain.link/streams/bnb-usd-twap-60s-streams,731.2961941683666,2026-09-11 16:51:27+00
btc-updown-5m-1789145100,BTC,"Bitcoin Up or Down - September 11, 12:45PM-12:50PM ET",2026-09-11T16:50:00Z,2026-09-11T16:45:00Z,77771.3690293438,Up,"[""1"", ""0""]",0.999,,,0.4945,0.001,resolved,0x87b8118c0712df0c3a17e81169065d2dea4b5c90dff94115c85ef677bb5b2ae3,https://data.chain.link/streams/btc-usd-twap-60s-streams,77908.11937624824,2026-09-11 16:51:27+00
doge-updown-5m-1789145100,DOGE,"Dogecoin Up or Down - September 11, 12:45PM-12:50PM ET",2026-09-11T16:50:00Z,2026-09-11T16:45:00Z,0.08547734867729863,Up,"[""1"", ""0""]",0.99,,,0.4995,0.001,resolved,0x55f7fdba548f92c173be132992b2902745b0a1c4fa5a050edb42635f69c98ef8,https://data.chain.link/streams/doge-usd-twap-60s-streams,0.08572479204765382,2026-09-11 16:51:27+00
eth-updown-5m-1789145100,ETH,"Ethereum Up or Down - September 11, 12:45PM-12:50PM ET",2026-09-11T16:50:00Z,2026-09-11T16:45:00Z,2570.6643526918365,Up,"[""1"", ""0""]",0.999,964.549049,,0.4995,0.001,resolved,0x1150ce8c483e417f0e91f94fdc54d86f33ee39a90ff8f5e11c250f7da4d40757,https://data.chain.link/streams/eth-usd-twap-60s-streams,2578.715882810338,2026-09-11 16:51:27+00
hype-updown-5m-1789145100,HYPE,"Hyperliquid Up or Down - September 11, 12:45PM-12:50PM ET",2026-09-11T16:50:00Z,2026-09-11T16:45:00Z,81.48631012353681,Up,"[""1"", ""0""]",0.999,,,0.4945,0.001,resolved,0x7db8d4ed407cbd56bc70c0cf3243b772dc406e730566234533f4f4fa731574e9,https://data.chain.link/streams/hype-usd-twap-60s-streams,81.99812923618236,2026-09-11 16:51:27+00
sol-updown-5m-1789145100,SOL,"Solana Up or Down - September 11, 12:45PM-12:50PM ET",2026-09-11T16:50:00Z,2026-09-11T16:45:00Z,101.90496424880158,Up,"[""1"", ""0""]",0.99,,,0.4945,0.001,resolved,0x0fc2ac786d1436df5b791ae79589b850ea1ce6f0f87d853e3c4dfd63d5a57a59,https://data.chain.link/streams/sol-usd-twap-60s-streams,102.27340196526082,2026-09-11 16:51:27+00
xrp-updown-5m-1789145100,XRP,"XRP Up or Down - September 11, 12:45PM-12:50PM ET",2026-09-11T16:50:00Z,2026-09-11T16:45:00Z,1.3727553687148815,Up,"[""1"", ""0""]",0.99,,,0.4945,0.001,resolved,0x6ac20a50c92f54f01242476a31e4c5bf179d409f2d5f9ae3b5156b3c6a4034d3,https://data.chain.link/streams/xrp-usd-twap-60s-streams,1.3767783829991793,2026-09-11 16:51:27+00
zec-updown-5m-1789145100,ZEC,"ZCash Up or Down - September 11, 12:45PM-12:50PM ET",2026-09-11T16:50:00Z,2026-09-11T16:45:00Z,1172.7950340062082,Up,"[""1"", ""0""]",,,,0.495,0.01,resolved,0x47de554180f9f1ee6a7da1f83491cf8529ced050ed3c4db6a4eddd6679c2e097,https://data.chain.link/streams/zec-usd-twap-60s-streams,1182.1225734965028,2026-09-11 16:51:28+00
bnb-updown-5m-1789145400,BNB,"BNB Up or Down - September 11, 12:50PM-12:55PM ET",2026-09-11T16:55:00Z,2026-09-11T16:50:00Z,731.2961941683666,Down,"[""0"", ""1""]",0.49,,,-0.5045,0.001,resolved,0x27c51b2a6156ef5b062fd7c4d3fa605c29e6a4f72a83b4075a4223c814215025,https://data.chain.link/streams/bnb-usd-twap-60s-streams,730.5676338379881,2026-09-11 16:56:27+00
btc-updown-5m-1789145400,BTC,"Bitcoin Up or Down - September 11, 12:50PM-12:55PM ET",2026-09-11T16:55:00Z,2026-09-11T16:50:00Z,77908.11937624824,Down,"[""0"", ""1""]",0.01,32112.341917000005,,-0.5045,0.001,resolved,0xe1e3ffbe87a73f065d4e8cccce93ccba9fad5f3109098c9bbf52f303352500cb,https://data.chain.link/streams/btc-usd-twap-60s-streams,77878.48923510186,2026-09-11 16:56:25+00
doge-updown-5m-1789145400,DOGE,"Dogecoin Up or Down - September 11, 12:50PM-12:55PM ET",2026-09-11T16:55:00Z,2026-09-11T16:50:00Z,0.08572479204765382,Up,"[""1"", ""0""]",0.99,156.99393099999998,,0.495,0.01,resolved,0xb210e696d8367edeba4b2cfd2d80a94df0a0d96fcfb344576cd5d187abc3b69a,https://data.chain.link/streams/doge-usd-twap-60s-streams,0.0857443939563346,2026-09-11 16:56:27+00
eth-updown-5m-1789145400,ETH,"Ethereum Up or Down - September 11, 12:50PM-12:55PM ET",2026-09-11T16:55:00Z,2026-09-11T16:50:00Z,2578.715882810338,Down,"[""0"", ""1""]",0.01,3215.947588,,-0.5,0.01,resolved,0x8dda87252b5f13b66f71140293219b63cc40e701b367cce11f5da518a12b47e3,https://data.chain.link/streams/eth-usd-twap-60s-streams,2578.564177731322,2026-09-11 16:56:33+00
hype-updown-5m-1789145400,HYPE,"Hyperliquid Up or Down - September 11, 12:50PM-12:55PM ET",2026-09-11T16:55:00Z,2026-09-11T16:50:00Z,81.99812923618236,Down,"[""0"", ""1""]",0.01,,,-0.5,0.01,resolved,0x77b50a38592f94f7480194ac65aca009d83d35ab077317c0c15dd8aacfa88484,https://data.chain.link/streams/hype-usd-twap-60s-streams,81.99455157077897,2026-09-11 16:56:25+00
sol-updown-5m-1789145400,SOL,"Solana Up or Down - September 11, 12:50PM-12:55PM ET",2026-09-11T16:55:00Z,2026-09-11T16:50:00Z,102.27340196526082,Down,"[""0"", ""1""]",0.01,867.8116180000001,,-0.5045,0.001,resolved,0xff5bff25759b66ae966bcd9951c522228fc565c724f305ac027e460ece634cfd,https://data.chain.link/streams/sol-usd-twap-60s-streams,102.2060040990233,2026-09-11 16:56:27+00
xrp-updown-5m-1789145400,XRP,"XRP Up or Down - September 11, 12:50PM-12:55PM ET",2026-09-11T16:55:00Z,2026-09-11T16:50:00Z,1.3767783829991793,Up,"[""1"", ""0""]",0.99,,,0.49,0.01,resolved,0xc89fa752b217e32fc3aa066e6be650361f1a430a8e462362e3f5eb49a647b499,https://data.chain.link/streams/xrp-usd-twap-60s-streams,1.3768048629870893,2026-09-11 16:56:25+00
zec-updown-5m-1789145400,ZEC,"ZCash Up or Down - September 11, 12:50PM-12:55PM ET",2026-09-11T16:55:00Z,2026-09-11T16:50:00Z,1182.1225734965028,Up,"[""1"", ""0""]",,,,0.495,0.01,resolved,0x5f982ca63c2c747f2bb0dcc17cf456c2eff8bfb37b8db4b0e8c2aba184b8bd3a,https://data.chain.link/streams/zec-usd-twap-60s-streams,1183.4929184184539,2026-09-11 16:56:25+00
bnb-updown-5m-1789145700,BNB,"BNB Up or Down - September 11, 12:55PM-1:00PM ET",2026-09-11T17:00:00Z,2026-09-11T16:55:00Z,730.5676338379881,Down,"[""0"", ""1""]",0.01,,,-0.5,0.01,resolved,0x5d4959f0eef180bb1a0f40b4b348f806ff374ec7535a3230ee3261cbbde8f649,https://data.chain.link/streams/bnb-usd-twap-60s-streams,730.5595452387935,2026-09-11 17:01:27+00
btc-updown-5m-1789145700,BTC,"Bitcoin Up or Down - September 11, 12:55PM-1:00PM ET",2026-09-11T17:00:00Z,2026-09-11T16:55:00Z,77878.48923510186,Up,"[""1"", ""0""]",0.99,39023.08548599999,,0.49,0.01,resolved,0xe6c5b60617ef7d8d1d3fe7db248461cce6b05ba3146569ad480b266880a36f5f,https://data.chain.link/streams/btc-usd-twap-60s-streams,77916.59934103714,2026-09-11 17:01:27+00
doge-updown-5m-1789145700,DOGE,"Dogecoin Up or Down - September 11, 12:55PM-1:00PM ET",2026-09-11T17:00:00Z,2026-09-11T16:55:00Z,0.0857443939563346,Up,"[""1"", ""0""]",0.99,,,0.495,0.01,resolved,0xbc737e2ed0eb20130dfb40b03428051f959abee47b3f41591ebe4c4455aaa0b6,https://data.chain.link/streams/doge-usd-twap-60s-streams,0.08582293723289941,2026-09-11 17:01:25+00
eth-updown-5m-1789145700,ETH,"Ethereum Up or Down - September 11, 12:55PM-1:00PM ET",2026-09-11T17:00:00Z,2026-09-11T16:55:00Z,2578.564177731322,Down,"[""0"", ""1""]",0.01,3367.381333,,-0.5,0.01,resolved,0x3dcaab6541d2dca411f7c1a75265c71bec28e3dd3d33d56be8e521175253e30b,https://data.chain.link/streams/eth-usd-twap-60s-streams,2577.3413095501805,2026-09-11 17:01:27+00
hype-updown-5m-1789145700,HYPE,"Hyperliquid Up or Down - September 11, 12:55PM-1:00PM ET",2026-09-11T17:00:00Z,2026-09-11T16:55:00Z,81.99455157077897,Up,"[""1"", ""0""]",0.98,,,0.49,0.01,resolved,0x40c776ea1ee8bff4472615b9027fd819968ad0522f0a0f914a585863acaf08c1,https://data.chain.link/streams/hype-usd-twap-60s-streams,82.01237276943345,2026-09-11 17:01:27+00
sol-updown-5m-1789145700,SOL,"Solana Up or Down - September 11, 12:55PM-1:00PM ET",2026-09-11T17:00:00Z,2026-09-11T16:55:00Z,102.2060040990233,Up,"[""1"", ""0""]",0.99,,,0.49,0.01,resolved,0xe2d54e922a4b841ccb243f99c38e949478aaaa8b803682a763e7e8818b527138,https://data.chain.link/streams/sol-usd-twap-60s-streams,102.3306120417637,2026-09-11 17:01:27+00
xrp-updown-5m-1789145700,XRP,"XRP Up or Down - September 11, 12:55PM-1:00PM ET",2026-09-11T17:00:00Z,2026-09-11T16:55:00Z,1.3768048629870893,Down,"[""0"", ""1""]",0.19,,,-0.5,0.01,resolved,0xa44437ff6c5d8cbeed9267811dc233850d7bd2988222d587a78f845ea28eb058,https://data.chain.link/streams/xrp-usd-twap-60s-streams,1.3767021686500398,2026-09-11 17:01:27+00
zec-updown-5m-1789145700,ZEC,"ZCash Up or Down - September 11, 12:55PM-1:00PM ET",2026-09-11T17:00:00Z,2026-09-11T16:55:00Z,1183.4929184184539,Up,"[""1"", ""0""]",,,,0.495,0.01,resolved,0x24dd150b4d0171152c619dd6fc00afb8ac28329f1e9e55e42b1db82af88a11ce,https://data.chain.link/streams/zec-usd-twap-60s-streams,1186.285599960363,2026-09-11 17:01:27+00
bnb-updown-5m-1789146000,BNB,"BNB Up or Down - September 11, 1:00PM-1:05PM ET",2026-09-11T17:05:00Z,2026-09-11T17:00:00Z,730.5595452387935,Down,"[""0"", ""1""]",0.49,194.07097400000004,,-0.5045,0.001,resolved,0xb649087964d238df0cc034003f6940d982bffea4ae3fcabe66bf12530c6857d2,https://data.chain.link/streams/bnb-usd-twap-60s-streams,730.0359887217439,2026-09-11 17:06:27+00
btc-updown-5m-1789146000,BTC,"Bitcoin Up or Down - September 11, 1:00PM-1:05PM ET",2026-09-11T17:05:00Z,2026-09-11T17:00:00Z,77916.59934103714,Down,"[""0"", ""1""]",0.01,37877.04152299999,1.960785,-0.5045,0.001,resolved,0x48cb80fcedef86a65f7fa63a1372b5c5e366973cfe9ccd9e08c8e1ce030a7299,https://data.chain.link/streams/btc-usd-twap-60s-streams,77826.00341591836,2026-09-11 17:06:27+00
doge-updown-5m-1789146000,DOGE,"Dogecoin Up or Down - September 11, 1:00PM-1:05PM ET",2026-09-11T17:05:00Z,2026-09-11T17:00:00Z,0.08582293723289941,Down,"[""0"", ""1""]",0.09,122.720101,,-0.4995,0.001,resolved,0xc4653fc28453ffeebd5bba45ddc85fa74cd820200322188402f10a7bb8589b84,https://data.chain.link/streams/doge-usd-twap-60s-streams,0.0857280464428136,2026-09-11 17:06:27+00
eth-updown-5m-1789146000,ETH,"Ethereum Up or Down - September 11, 1:00PM-1:05PM ET",2026-09-11T17:05:00Z,2026-09-11T17:00:00Z,2577.3413095501805,Down,"[""0"", ""1""]",0.01,3836.7506330000006,10,-0.5,0.01,resolved,0x55e8ba19f3d16c8e43e75c265fc5ad5f0ffdd2c5d71b4dd1ea1c8a56d388d45e,https://data.chain.link/streams/eth-usd-twap-60s-streams,2576.894328752132,2026-09-11 17:06:27+00
hype-updown-5m-1789146000,HYPE,"Hyperliquid Up or Down - September 11, 1:00PM-1:05PM ET",2026-09-11T17:05:00Z,2026-09-11T17:00:00Z,82.01237276943345,Down,"[""0"", ""1""]",,20.0273,,-0.5045,0.001,resolved,0x6b8886d42b6f005cdecf0d394591f42baec6b19b160a52446851337d5870396e,https://data.chain.link/streams/hype-usd-twap-60s-streams,81.87216311117359,2026-09-11 17:06:27+00
sol-updown-5m-1789146000,SOL,"Solana Up or Down - September 11, 1:00PM-1:05PM ET",2026-09-11T17:05:00Z,2026-09-11T17:00:00Z,102.3306120417637,Down,"[""0"", ""1""]",0.16,1357.2957620000002,,-0.5045,0.001,resolved,0x028724aa0e5b779f39f12eac4e4e1d4954508b227b3285a9519af9a0df0e4673,https://data.chain.link/streams/sol-usd-twap-60s-streams,102.27476253988961,2026-09-11 17:06:27+00
xrp-updown-5m-1789146000,XRP,"XRP Up or Down - September 11, 1:00PM-1:05PM ET",2026-09-11T17:05:00Z,2026-09-11T17:00:00Z,1.3767021686500398,Down,"[""0"", ""1""]",0.03,1242.2477709999998,,-0.5045,0.001,resolved,0x920435275bd2dd7662f5e3f4739de5840e87804e0a3fe33b4c60471364a5384d,https://data.chain.link/streams/xrp-usd-twap-60s-streams,1.375326810159781,2026-09-11 17:06:27+00
zec-updown-5m-1789146000,ZEC,"ZCash Up or Down - September 11, 1:00PM-1:05PM ET",2026-09-11T17:05:00Z,2026-09-11T17:00:00Z,1186.285599960363,Down,"[""0"", ""1""]",,,,-0.4995,0.001,resolved,0xbaac7f9f77136a6a6248dda3acf9378614e6160f314ecdb24cca9fbf92b3de24,https://data.chain.link/streams/zec-usd-twap-60s-streams,1183.7327605522182,2026-09-11 17:06:27+00
bnb-updown-5m-1789146300,BNB,"BNB Up or Down - September 11, 1:05PM-1:10PM ET",2026-09-11T17:10:00Z,2026-09-11T17:05:00Z,730.0359887217439,Down,"[""0"", ""1""]",0.64,,,-0.5,0.01,resolved,0x82ada8b905ff9e2c906bd16f1f2fc4b369e12ebdf83905d7f8fca7e85d3547e0,https://data.chain.link/streams/bnb-usd-twap-60s-streams,729.2695414642757,2026-09-11 17:11:27+00
btc-updown-5m-1789146300,BTC,"Bitcoin Up or Down - September 11, 1:05PM-1:10PM ET",2026-09-11T17:10:00Z,2026-09-11T17:05:00Z,77826.00341591836,Down,"[""0"", ""1""]",0.01,48985.845899999986,,-0.5,0.01,resolved,0x7c6efee3caeca628ffbdbd9e2e81bc0dce617458401d38e96b41dfbc5bbf199e,https://data.chain.link/streams/btc-usd-twap-60s-streams,77795.44348735148,2026-09-11 17:11:27+00
doge-updown-5m-1789146300,DOGE,"Dogecoin Up or Down - September 11, 1:05PM-1:10PM ET",2026-09-11T17:10:00Z,2026-09-11T17:05:00Z,0.0857280464428136,Down,"[""0"", ""1""]",0.04,136.710461,,-0.495,0.01,resolved,0xc25d9bea6aa661dee8315fe340301bc948475c246105999a7e1673e605e0c768,https://data.chain.link/streams/doge-usd-twap-60s-streams,0.08563820875669784,2026-09-11 17:11:27+00
eth-updown-5m-1789146300,ETH,"Ethereum Up or Down - September 11, 1:05PM-1:10PM ET",2026-09-11T17:10:00Z,2026-09-11T17:05:00Z,2576.894328752132,Down,"[""0"", ""1""]",0.01,3673.804489999999,10,-0.5,0.01,resolved,0xa26d5c6d7a711dce4a6371e7d32e0caf3f491d07b21d7afb1eb6b3f794a1d1a5,https://data.chain.link/streams/eth-usd-twap-60s-streams,2575.9104364404197,2026-09-11 17:11:27+00
hype-updown-5m-1789146300,HYPE,"Hyperliquid Up or Down - September 11, 1:05PM-1:10PM ET",2026-09-11T17:10:00Z,2026-09-11T17:05:00Z,81.87216311117359,Up,"[""1"", ""0""]",0.98,,,0.49,0.01,resolved,0x1f06e18fe65ee304f0407fb56d1e3ee9d431e8bab169ffc7ca17cde0d28cd0ce,https://data.chain.link/streams/hype-usd-twap-60s-streams,81.92188212793435,2026-09-11 17:11:27+00
sol-updown-5m-1789146300,SOL,"Solana Up or Down - September 11, 1:05PM-1:10PM ET",2026-09-11T17:10:00Z,2026-09-11T17:05:00Z,102.27476253988961,Down,"[""0"", ""1""]",0.05,1484.2756590000004,,-0.5,0.01,resolved,0xa6c7f926e034f199235065f1f7265dce25a1980c103201d6c6c190cd237f93b8,https://data.chain.link/streams/sol-usd-twap-60s-streams,102.25320969768484,2026-09-11 17:11:27+00
xrp-updown-5m-1789146300,XRP,"XRP Up or Down - September 11, 1:05PM-1:10PM ET",2026-09-11T17:10:00Z,2026-09-11T17:05:00Z,1.375326810159781,Down,"[""0"", ""1""]",0.01,670.825036,,-0.5,0.01,resolved,0xea086bc8b2d2327a22b5def2ef135a8bf3a9359deafe5934a89ea3b9413dcdde,https://data.chain.link/streams/xrp-usd-twap-60s-streams,1.371546720543467,2026-09-11 17:11:27+00
zec-updown-5m-1789146300,ZEC,"ZCash Up or Down - September 11, 1:05PM-1:10PM ET",2026-09-11T17:10:00Z,2026-09-11T17:05:00Z,1183.7327605522182,Up,"[""1"", ""0""]",,,,0.495,0.01,resolved,0x78b92785d8988c1b79dd4f77aa8a265f066349cdbefedd61ac19a802875c548c,https://data.chain.link/streams/zec-usd-twap-60s-streams,1185.8396988253573,2026-09-11 17:11:27+00
bnb-updown-5m-1789146600,BNB,"BNB Up or Down - September 11, 1:10PM-1:15PM ET",2026-09-11T17:15:00Z,2026-09-11T17:10:00Z,729.2695414642757,Down,"[""0"", ""1""]",0.03,,,-0.5,0.01,resolved,0x62506d0c082e6c0b3e5a7484ef873ade244e136f969c3e5204d844bb80788cb9,https://data.chain.link/streams/bnb-usd-twap-60s-streams,729.1359749879969,2026-09-11 17:15:52+00
btc-updown-5m-1789146600,BTC,"Bitcoin Up or Down - September 11, 1:10PM-1:15PM ET",2026-09-11T17:15:00Z,2026-09-11T17:10:00Z,77795.44348735148,Down,"[""0"", ""1""]",0.01,31961.374317000023,8.52,-0.5045,0.001,resolved,0xe881effff1c9efd336522c307edcdc4dc25c0192c3d4462fe502d6f64edb0543,https://data.chain.link/streams/btc-usd-twap-60s-streams,77763.99743895458,2026-09-11 17:15:52+00
doge-updown-5m-1789146600,DOGE,"Dogecoin Up or Down - September 11, 1:10PM-1:15PM ET",2026-09-11T17:15:00Z,2026-09-11T17:10:00Z,0.08563820875669784,Down,"[""0"", ""1""]",0.25,,,-0.4995,0.001,resolved,0x7fbbb4cb6989b5645d88922f6fa7faec9300555f5aea4bd7258d5847a5ec5e14,https://data.chain.link/streams/doge-usd-twap-60s-streams,0.08541542047439037,2026-09-11 17:15:52+00
eth-updown-5m-1789146600,ETH,"Ethereum Up or Down - September 11, 1:10PM-1:15PM ET",2026-09-11T17:15:00Z,2026-09-11T17:10:00Z,2575.9104364404197,Down,"[""0"", ""1""]",0.09,1594.7995440000004,10,-0.5045,0.001,resolved,0x3d1f7a2e071f6715c7682ad3229385f332e74100e6b44d6b16ee5e899fb0fdd5,https://data.chain.link/streams/eth-usd-twap-60s-streams,2571.4731488564535,2026-09-11 17:15:54+00
hype-updown-5m-1789146600,HYPE,"Hyperliquid Up or Down - September 11, 1:10PM-1:15PM ET",2026-09-11T17:15:00Z,2026-09-11T17:10:00Z,81.92188212793435,Down,"[""0"", ""1""]",,,,-0.5045,0.001,resolved,0x2accf9757db4a99ef22654fd8ee29d2dc33e5eced017cb84d88a9b1c4ee19eea,https://data.chain.link/streams/hype-usd-twap-60s-streams,81.7845319072788,2026-09-11 17:15:52+00
sol-updown-5m-1789146600,SOL,"Solana Up or Down - September 11, 1:10PM-1:15PM ET",2026-09-11T17:15:00Z,2026-09-11T17:10:00Z,102.25320969768484,Down,"[""0"", ""1""]",0.02,,,-0.4995,0.001,resolved,0x1bbf82c31196ebd7f3d3236dd31d19bf5390e72b691b59ff738bc4a3531f0807,https://data.chain.link/streams/sol-usd-twap-60s-streams,102.13686358427873,2026-09-11 17:15:54+00
xrp-updown-5m-1789146600,XRP,"XRP Up or Down - September 11, 1:10PM-1:15PM ET",2026-09-11T17:15:00Z,2026-09-11T17:10:00Z,1.371546720543467,Down,"[""0"", ""1""]",0.17,,,-0.4995,0.001,resolved,0x01db0b79875a8b3019346e3d20b947eb6f4661c4925842443af9b8c084d71b48,https://data.chain.link/streams/xrp-usd-twap-60s-streams,1.3683214742103393,2026-09-11 17:15:52+00
zec-updown-5m-1789146600,ZEC,"ZCash Up or Down - September 11, 1:10PM-1:15PM ET",2026-09-11T17:15:00Z,2026-09-11T17:10:00Z,1185.8396988253573,Down,"[""0"", ""1""]",,,,-0.495,0.01,resolved,0x716d55121bdae123c1859c32d60e8e07d8b28eb8ce57fae80a06826d549ffec2,https://data.chain.link/streams/zec-usd-twap-60s-streams,1180.7363780986261,2026-09-11 17:15:52+00
bnb-updown-5m-1789146900,BNB,"BNB Up or Down - September 11, 1:15PM-1:20PM ET",2026-09-11T17:20:00Z,2026-09-11T17:15:00Z,729.1359749879969,Up,"[""1"", ""0""]",0.99,133.060654,,0.495,0.01,resolved,0x3e63490133e8ce04ef456daf24d2bd1044e96d68f15e8f70d08854d4be0d6ef7,https://data.chain.link/streams/bnb-usd-twap-60s-streams,730.0656644052686,2026-09-11 17:20:52+00
btc-updown-5m-1789146900,BTC,"Bitcoin Up or Down - September 11, 1:15PM-1:20PM ET",2026-09-11T17:20:00Z,2026-09-11T17:15:00Z,77763.99743895458,Up,"[""1"", ""0""]",0.99,41516.896375000004,1.99,0.49,0.01,resolved,0x39f06f56d57b5a1c9a0b82f6e05265513c8621b88c7037d55816c91759e10356,https://data.chain.link/streams/btc-usd-twap-60s-streams,77813.80840664764,2026-09-11 17:20:54+00
doge-updown-5m-1789146900,DOGE,"Dogecoin Up or Down - September 11, 1:15PM-1:20PM ET",2026-09-11T17:20:00Z,2026-09-11T17:15:00Z,0.08541542047439037,Up,"[""1"", ""0""]",0.99,99.53286299999999,,0.495,0.01,resolved,0x7733a4d98f191ceeae03df014b6fde3b4a70b05252a42363752f0e9f90b19c97,https://data.chain.link/streams/doge-usd-twap-60s-streams,0.08560012176448376,2026-09-11 17:20:52+00
eth-updown-5m-1789146900,ETH,"Ethereum Up or Down - September 11, 1:15PM-1:20PM ET",2026-09-11T17:20:00Z,2026-09-11T17:15:00Z,2571.4731488564535,Up,"[""1"", ""0""]",0.99,2145.6780970000004,10,0.49,0.01,resolved,0x9435190e66beb750154cd7e666798b9ea2c2df88d3dce6fa514a2a6391cf855e,https://data.chain.link/streams/eth-usd-twap-60s-streams,2578.285707408536,2026-09-11 17:20:52+00
hype-updown-5m-1789146900,HYPE,"Hyperliquid Up or Down - September 11, 1:15PM-1:20PM ET",2026-09-11T17:20:00Z,2026-09-11T17:15:00Z,81.7845319072788,Up,"[""1"", ""0""]",0.93,57.38840799999999,,0.49,0.01,resolved,0xc24e391b7826e26a9d06d79a28b2f18545fb0cdc0a10cdb0ff470d98265f50bd,https://data.chain.link/streams/hype-usd-twap-60s-streams,81.94128807298661,2026-09-11 17:20:52+00
sol-updown-5m-1789146900,SOL,"Solana Up or Down - September 11, 1:15PM-1:20PM ET",2026-09-11T17:20:00Z,2026-09-11T17:15:00Z,102.13686358427873,Up,"[""1"", ""0""]",0.99,1631.576946,,0.495,0.01,resolved,0x97a870a2a29a3b823bd7a3fa9d58d350c836f6dcc6c903bfe95135fe8b327a8e,https://data.chain.link/streams/sol-usd-twap-60s-streams,102.22671376931942,2026-09-11 17:20:52+00
xrp-updown-5m-1789146900,XRP,"XRP Up or Down - September 11, 1:15PM-1:20PM ET",2026-09-11T17:20:00Z,2026-09-11T17:15:00Z,1.3683214742103393,Up,"[""1"", ""0""]",0.99,1090.603417,,0.49,0.01,resolved,0x56c703e9b489b10dfa0d690a438c7ecd6718152bdd1ab11750d3a706efcede2a,https://data.chain.link/streams/xrp-usd-twap-60s-streams,1.371418079132126,2026-09-11 17:20:52+00
zec-updown-5m-1789146900,ZEC,"ZCash Up or Down - September 11, 1:15PM-1:20PM ET",2026-09-11T17:20:00Z,2026-09-11T17:15:00Z,1180.7363780986261,Down,"[""0"", ""1""]",,,,-0.495,0.01,resolved,0xf9a80d4fd331bd62310b47f9fc965b06fc597144090b50d3dbba3f7d832e37d3,https://data.chain.link/streams/zec-usd-twap-60s-streams,1177.9821913686128,2026-09-11 17:20:54+00
bnb-updown-5m-1789147200,BNB,"BNB Up or Down - September 11, 1:20PM-1:25PM ET",2026-09-11T17:25:00Z,2026-09-11T17:20:00Z,730.0656644052686,Down,"[""0"", ""1""]",0.52,,,-0.48,0.001,resolved,0x9abc20142ee330853d1dcd2c4144fb629887293d31c7be80f1c64bc3bc6cf154,https://data.chain.link/streams/bnb-usd-twap-60s-streams,729.8554954962307,2026-09-11 17:26:27+00
btc-updown-5m-1789147200,BTC,"Bitcoin Up or Down - September 11, 1:20PM-1:25PM ET",2026-09-11T17:25:00Z,2026-09-11T17:20:00Z,77813.80840664764,Up,"[""1"", ""0""]",0.99,47011.11022900003,,-0.45,0.01,resolved,0x8d041597e5ccf29f2d087fc5913fbd25b6f43a6a5f18db0bf37ff3d440bb4aa4,https://data.chain.link/streams/btc-usd-twap-60s-streams,77821.92941674418,2026-09-11 17:26:27+00
doge-updown-5m-1789147200,DOGE,"Dogecoin Up or Down - September 11, 1:20PM-1:25PM ET",2026-09-11T17:25:00Z,2026-09-11T17:20:00Z,0.08560012176448376,Down,"[""0"", ""1""]",0.39,,,-0.465,0.001,resolved,0x8398809dd01302298269e6b09caf6b8176509c09101030bb09a6b562bcee6ddd,https://data.chain.link/streams/doge-usd-twap-60s-streams,0.08556231240329035,2026-09-11 17:26:25+00
eth-updown-5m-1789147200,ETH,"Ethereum Up or Down - September 11, 1:20PM-1:25PM ET",2026-09-11T17:25:00Z,2026-09-11T17:20:00Z,2578.285707408536,Down,"[""0"", ""1""]",0.01,4122.6057439999995,10,-0.475,0.001,resolved,0x275c31ddf5953f52d25f446da663fc5ba40714093616a34a4af23c34e7f542b4,https://data.chain.link/streams/eth-usd-twap-60s-streams,2575.66091907189,2026-09-11 17:26:27+00
hype-updown-5m-1789147200,HYPE,"Hyperliquid Up or Down - September 11, 1:20PM-1:25PM ET",2026-09-11T17:25:00Z,2026-09-11T17:20:00Z,81.94128807298661,Up,"[""1"", ""0""]",0.999,,,-0.475,0.001,resolved,0x024bbe201a84e4eb188bb715a1ac026afd5994545d7451fa51f7850e7eb9fc6a,https://data.chain.link/streams/hype-usd-twap-60s-streams,81.9972675912131,2026-09-11 17:26:27+00
sol-updown-5m-1789147200,SOL,"Solana Up or Down - September 11, 1:20PM-1:25PM ET",2026-09-11T17:25:00Z,2026-09-11T17:20:00Z,102.22671376931942,Up,"[""1"", ""0""]",0.99,1461.6496559999996,,-0.43,0.001,resolved,0x91a81706af5c03073514b19b8a691274b5b308075d89fa5e69d64df28e6b262c,https://data.chain.link/streams/sol-usd-twap-60s-streams,102.29840475706901,2026-09-11 17:26:27+00
xrp-updown-5m-1789147200,XRP,"XRP Up or Down - September 11, 1:20PM-1:25PM ET",2026-09-11T17:25:00Z,2026-09-11T17:20:00Z,1.371418079132126,Down,"[""0"", ""1""]",0.01,943.111475,,-0.46,0.01,resolved,0x22eb1bd84c48d6c99dc2e38b07e19701b8b2f76ed69e93a52f6a3e86bbfca546,https://data.chain.link/streams/xrp-usd-twap-60s-streams,1.3712301443700599,2026-09-11 17:26:27+00
zec-updown-5m-1789147200,ZEC,"ZCash Up or Down - September 11, 1:20PM-1:25PM ET",2026-09-11T17:25:00Z,2026-09-11T17:20:00Z,1177.9821913686128,Up,"[""1"", ""0""]",,,,-0.315,0.001,resolved,0xb194260f20e4d8976167ed0d07eaea67ab5934f165918e32f699125d8f65de01,https://data.chain.link/streams/zec-usd-twap-60s-streams,1183.1648533544308,2026-09-11 17:26:27+00
bnb-updown-5m-1789147500,BNB,"BNB Up or Down - September 11, 1:25PM-1:30PM ET",2026-09-11T17:30:00Z,2026-09-11T17:25:00Z,729.8554954962307,Up,"[""1"", ""0""]",0.99,,,-0.005,0.01,resolved,0x111e1fc6e15cc33d13ec63dc34a26af153d03dbde87f2905edf7e527ed75982a,https://data.chain.link/streams/bnb-usd-twap-60s-streams,730.1154523804636,2026-09-11 17:31:27+00
btc-updown-5m-1789147500,BTC,"Bitcoin Up or Down - September 11, 1:25PM-1:30PM ET",2026-09-11T17:30:00Z,2026-09-11T17:25:00Z,77821.92941674418,Up,"[""1"", ""0""]",0.99,52465.33313599999,,,0.01,resolved,0xbca2dd3da24a5d8a6fa274d014397b81f85236f7f3d477c65aa603c88fa7d22b,https://data.chain.link/streams/btc-usd-twap-60s-streams,77822.3837416681,2026-09-11 17:31:27+00
doge-updown-5m-1789147500,DOGE,"Dogecoin Up or Down - September 11, 1:25PM-1:30PM ET",2026-09-11T17:30:00Z,2026-09-11T17:25:00Z,0.08556231240329035,Down,"[""0"", ""1""]",0.03,,,,0.01,resolved,0x5d6e0a1d4726383af8a486443eeefb53c098ba65ac7b8e78c392e1e7e97e9a04,https://data.chain.link/streams/doge-usd-twap-60s-streams,0.08555325051802948,2026-09-11 17:31:27+00
eth-updown-5m-1789147500,ETH,"Ethereum Up or Down - September 11, 1:25PM-1:30PM ET",2026-09-11T17:30:00Z,2026-09-11T17:25:00Z,2575.66091907189,Up,"[""1"", ""0""]",0.99,2699.2947510000004,10,-0.01,0.01,resolved,0x1bd1b2a7e61f9b6e9ed9783a68223463fb85075f7cd5a99d9e684bd04f51f85c,https://data.chain.link/streams/eth-usd-twap-60s-streams,2576.0336477512856,2026-09-11 17:31:27+00
hype-updown-5m-1789147500,HYPE,"Hyperliquid Up or Down - September 11, 1:25PM-1:30PM ET",2026-09-11T17:30:00Z,2026-09-11T17:25:00Z,81.9972675912131,Up,"[""1"", ""0""]",0.98,,,-0.005,0.01,resolved,0xa2282ce70f890031296f66116cd7fd96fd77016bc02d1351d93ba687c026fd45,https://data.chain.link/streams/hype-usd-twap-60s-streams,82.0149485097032,2026-09-11 17:31:27+00
sol-updown-5m-1789147500,SOL,"Solana Up or Down - September 11, 1:25PM-1:30PM ET",2026-09-11T17:30:00Z,2026-09-11T17:25:00Z,102.29840475706901,Up,"[""1"", ""0""]",0.999,1539.893515,10,,0.01,resolved,0xa212c6ca242afcde0b5b723826a94bcdc96c6e22fbcfb6eef8d25848b0fd0ba8,https://data.chain.link/streams/sol-usd-twap-60s-streams,102.30487761257208,2026-09-11 17:31:27+00
xrp-updown-5m-1789147500,XRP,"XRP Up or Down - September 11, 1:25PM-1:30PM ET",2026-09-11T17:30:00Z,2026-09-11T17:25:00Z,1.3712301443700599,Up,"[""1"", ""0""]",0.99,,,,0.001,resolved,0x2976137a706b8970a0ac2f1beaf1d6b69251414c10fb976be47c508831b307f0,https://data.chain.link/streams/xrp-usd-twap-60s-streams,1.3731454928860416,2026-09-11 17:31:27+00
zec-updown-5m-1789147500,ZEC,"ZCash Up or Down - September 11, 1:25PM-1:30PM ET",2026-09-11T17:30:00Z,2026-09-11T17:25:00Z,1183.1648533544308,Down,"[""0"", ""1""]",,,,,0.01,resolved,0xd42f65836f47bf1c8c47a088b3203d325d3ad9443f3e28a626af8aaba16b60c1,https://data.chain.link/streams/zec-usd-twap-60s-streams,1181.9579448149318,2026-09-11 17:31:27+00
bnb-updown-5m-1789147800,BNB,"BNB Up or Down - September 11, 1:30PM-1:35PM ET",2026-09-11T17:35:00Z,2026-09-11T17:30:00Z,730.1154523804636,Down,"[""0"", ""1""]",0.41,353.408592,,,0.01,resolved,0x87e5728ec1e9eb78c56267c664d10ca0fd284cf1b2de95666d0d05b88cbbefd6,https://data.chain.link/streams/bnb-usd-twap-60s-streams,729.9512056937302,2026-09-11 17:36:27+00
btc-updown-5m-1789147800,BTC,"Bitcoin Up or Down - September 11, 1:30PM-1:35PM ET",2026-09-11T17:35:00Z,2026-09-11T17:30:00Z,77822.3837416681,Down,"[""0"", ""1""]",0.01,48310.53589499999,,,0.001,resolved,0xa876c41dd9b5583b57b91fad1f5bb3a5f6372970e713ddd1d6eae9ec290dfdc9,https://data.chain.link/streams/btc-usd-twap-60s-streams,77793.5792824782,2026-09-11 17:35:55+00
doge-updown-5m-1789147800,DOGE,"Dogecoin Up or Down - September 11, 1:30PM-1:35PM ET",2026-09-11T17:35:00Z,2026-09-11T17:30:00Z,0.08555325051802948,Down,"[""0"", ""1""]",0.04,288.888195,,,0.01,resolved,0x48ea96373f8d76ab15fc2f2219e90740bd4a9b4332d8fb73ae2371eb8d709cda,https://data.chain.link/streams/doge-usd-twap-60s-streams,0.08549658613002055,2026-09-11 17:36:27+00
eth-updown-5m-1789147800,ETH,"Ethereum Up or Down - September 11, 1:30PM-1:35PM ET",2026-09-11T17:35:00Z,2026-09-11T17:30:00Z,2576.0336477512856,Up,"[""1"", ""0""]",0.99,4684.560682999999,10,,0.01,resolved,0x0bc45ac32f942914f4ac78e29bdacb61a4fa071b34676e93200de29bf03fd84b,https://data.chain.link/streams/eth-usd-twap-60s-streams,2576.3334103980606,2026-09-11 17:36:27+00
hype-updown-5m-1789147800,HYPE,"Hyperliquid Up or Down - September 11, 1:30PM-1:35PM ET",2026-09-11T17:35:00Z,2026-09-11T17:30:00Z,82.0149485097032,Up,"[""1"", ""0""]",0.98,193.02772499999998,,,0.01,resolved,0x551c4041c0d017f34479bfb1ba3f3ba36d5b3c8eb165d5d901357181c42a294c,https://data.chain.link/streams/hype-usd-twap-60s-streams,82.0602335840396,2026-09-11 17:36:27+00
sol-updown-5m-1789147800,SOL,"Solana Up or Down - September 11, 1:30PM-1:35PM ET",2026-09-11T17:35:00Z,2026-09-11T17:30:00Z,102.30487761257208,Up,"[""1"", ""0""]",0.99,3289.313287,,,0.01,resolved,0xfccbd89a50a7ec71a63ad2ad743b9970e77beb2eb5f526d3f85fa9a4a49e9f79,https://data.chain.link/streams/sol-usd-twap-60s-streams,102.35661718572926,2026-09-11 17:36:27+00
xrp-updown-5m-1789147800,XRP,"XRP Up or Down - September 11, 1:30PM-1:35PM ET",2026-09-11T17:35:00Z,2026-09-11T17:30:00Z,1.3731454928860416,Up,"[""1"", ""0""]",0.99,603.9660200000001,,,0.01,resolved,0x3a231fccc659e656e9f625c5fd7cd44e5bdea33a3f3fed8852080df1f0a2ec06,https://data.chain.link/streams/xrp-usd-twap-60s-streams,1.3741487772914425,2026-09-11 17:35:55+00
zec-updown-5m-1789147800,ZEC,"ZCash Up or Down - September 11, 1:30PM-1:35PM ET",2026-09-11T17:35:00Z,2026-09-11T17:30:00Z,1181.9579448149318,Down,"[""0"", ""1""]",,,,,0.01,resolved,0x45929c11a2f7f989aaa3c012ef46020fb7538192a94887bf92727f6577bc1ef5,https://data.chain.link/streams/zec-usd-twap-60s-streams,1179.866983271013,2026-09-11 17:36:27+00
bnb-updown-5m-1789148100,BNB,"BNB Up or Down - September 11, 1:35PM-1:40PM ET",2026-09-11T17:40:00Z,2026-09-11T17:35:00Z,729.9512056937302,Down,"[""0"", ""1""]",,,,,0.03,resolved,0xe52b4a9f5ecc279df5b0068ecb6af3bacef39b7b6e471176b6dce2eecc1f4791,https://data.chain.link/streams/bnb-usd-twap-60s-streams,727.6359325511859,2026-09-11 17:41:25+00
btc-updown-5m-1789148100,BTC,"Bitcoin Up or Down - September 11, 1:35PM-1:40PM ET",2026-09-11T17:40:00Z,2026-09-11T17:35:00Z,77793.5792824782,Down,"[""0"", ""1""]",0.01,25391.197985,1.960785,,0.01,resolved,0x594a935aa7de6481b6467074003c4a421ee1b567182272ace5200993c5d846df,https://data.chain.link/streams/btc-usd-twap-60s-streams,77576.93700616795,2026-09-11 17:41:27+00
doge-updown-5m-1789148100,DOGE,"Dogecoin Up or Down - September 11, 1:35PM-1:40PM ET",2026-09-11T17:40:00Z,2026-09-11T17:35:00Z,0.08549658613002055,Down,"[""0"", ""1""]",,,,,0.08,resolved,0x4d044c1d6c3dfa8c648d47c1919bf342b8dcfbc611979252bfd707ee919370fe,https://data.chain.link/streams/doge-usd-twap-60s-streams,0.08516605384254225,2026-09-11 17:41:25+00
eth-updown-5m-1789148100,ETH,"Ethereum Up or Down - September 11, 1:35PM-1:40PM ET",2026-09-11T17:40:00Z,2026-09-11T17:35:00Z,2576.3334103980606,Down,"[""0"", ""1""]",0.45,4225.399090999999,9.901961,0.01,0.01,resolved,0xfa4d16d18761943575bb61c0ae5b41effbd0402a6541734e10aa045d68806bb8,https://data.chain.link/streams/eth-usd-twap-60s-streams,2567.45833035962,2026-09-11 17:41:27+00
hype-updown-5m-1789148100,HYPE,"Hyperliquid Up or Down - September 11, 1:35PM-1:40PM ET",2026-09-11T17:40:00Z,2026-09-11T17:35:00Z,82.0602335840396,Down,"[""0"", ""1""]",,,,,0.12,resolved,0x85143e5a7abb94eaaf3f6a40659705f9a15c0d1cc804107f3fda6e54d42dd485,https://data.chain.link/streams/hype-usd-twap-60s-streams,81.62244016978852,2026-09-11 17:41:25+00
sol-updown-5m-1789148100,SOL,"Solana Up or Down - September 11, 1:35PM-1:40PM ET",2026-09-11T17:40:00Z,2026-09-11T17:35:00Z,102.35661718572926,Down,"[""0"", ""1""]",0.62,3700.692157,,,0.02,resolved,0x8d304310c6db25753e1e8474453ac344eca6bb02e4b0fd186635444cdd0dab37,https://data.chain.link/streams/sol-usd-twap-60s-streams,102.02714950233671,2026-09-11 17:41:27+00
xrp-updown-5m-1789148100,XRP,"XRP Up or Down - September 11, 1:35PM-1:40PM ET",2026-09-11T17:40:00Z,2026-09-11T17:35:00Z,1.3741487772914425,Down,"[""0"", ""1""]",,,,,0.01,resolved,0x2cb78a91132f90fefc3a43b1c76eef352fbc50fdb3b454846ec684d97c8d1b1e,https://data.chain.link/streams/xrp-usd-twap-60s-streams,1.3673210942598137,2026-09-11 17:41:25+00
zec-updown-5m-1789148100,ZEC,"ZCash Up or Down - September 11, 1:35PM-1:40PM ET",2026-09-11T17:40:00Z,2026-09-11T17:35:00Z,1179.866983271013,Down,"[""0"", ""1""]",,,,,0.96,resolved,0x31fcd8f42517b47fdf413fb552cfdf3dd69021f8f1bcdbde6b9bb014376d3117,https://data.chain.link/streams/zec-usd-twap-60s-streams,1173.7871177389957,2026-09-11 17:41:27+00
bnb-updown-5m-1789148400,BNB,"BNB Up or Down - September 11, 1:40PM-1:45PM ET",2026-09-11T17:45:00Z,2026-09-11T17:40:00Z,727.6359325511859,Up,"[""1"", ""0""]",0.999,,,0.4945,0.001,resolved,0xb4b14acdda8fcc5d35196bef4d30b552e147c6127c8747cfbeb165404e6250bd,https://data.chain.link/streams/bnb-usd-twap-60s-streams,727.9602722910353,2026-09-11 17:46:27+00
btc-updown-5m-1789148400,BTC,"Bitcoin Up or Down - September 11, 1:40PM-1:45PM ET",2026-09-11T17:45:00Z,2026-09-11T17:40:00Z,77576.93700616795,Up,"[""1"", ""0""]",0.999,34002.68290699999,1.960785,0.4945,0.001,resolved,0xf1f00b415f6f1ce968719143502075ee50faa5582ebe7121a294a82f41c69b29,https://data.chain.link/streams/btc-usd-twap-60s-streams,77612.49099064001,2026-09-11 17:46:27+00
doge-updown-5m-1789148400,DOGE,"Dogecoin Up or Down - September 11, 1:40PM-1:45PM ET",2026-09-11T17:45:00Z,2026-09-11T17:40:00Z,0.08516605384254225,Up,"[""1"", ""0""]",0.99,,,0.4995,0.001,resolved,0x03b48518307df5a073eea19fe3e57d4a4d33762adf24a812bbd2e5696f502ac1,https://data.chain.link/streams/doge-usd-twap-60s-streams,0.08520351236368719,2026-09-11 17:46:27+00
eth-updown-5m-1789148400,ETH,"Ethereum Up or Down - September 11, 1:40PM-1:45PM ET",2026-09-11T17:45:00Z,2026-09-11T17:40:00Z,2567.45833035962,Up,"[""1"", ""0""]",0.99,4488.293653999999,9.901961,0.5045,0.001,resolved,0x21905d28d4fa2f47b313900194a40e9665961cd141c1a6340539044c9422a37c,https://data.chain.link/streams/eth-usd-twap-60s-streams,2569.643314298783,2026-09-11 17:46:27+00
hype-updown-5m-1789148400,HYPE,"Hyperliquid Up or Down - September 11, 1:40PM-1:45PM ET",2026-09-11T17:45:00Z,2026-09-11T17:40:00Z,81.62244016978852,Up,"[""1"", ""0""]",0.98,,,0.4945,0.001,resolved,0x6c4ae47f3a803f943d8cd3c3bed2329fea67dfd1caa7eb3e684b5bf2cc0ccf13,https://data.chain.link/streams/hype-usd-twap-60s-streams,81.77314845402371,2026-09-11 17:46:27+00
sol-updown-5m-1789148400,SOL,"Solana Up or Down - September 11, 1:40PM-1:45PM ET",2026-09-11T17:45:00Z,2026-09-11T17:40:00Z,102.02714950233671,Up,"[""1"", ""0""]",0.999,,,0.4945,0.001,resolved,0x79b41912490b7bc3ef9c71ab1a6636b956fbe007d525937ec1eaaff2aba5206a,https://data.chain.link/streams/sol-usd-twap-60s-streams,102.0841304936278,2026-09-11 17:46:27+00
xrp-updown-5m-1789148400,XRP,"XRP Up or Down - September 11, 1:40PM-1:45PM ET",2026-09-11T17:45:00Z,2026-09-11T17:40:00Z,1.3673210942598137,Up,"[""1"", ""0""]",0.98,,,0.4945,0.001,resolved,0xacf9abee19f31edb593b3172e655ccc5e867fca580115953a5ce0b03d17b3718,https://data.chain.link/streams/xrp-usd-twap-60s-streams,1.3698999730719017,2026-09-11 17:46:27+00
zec-updown-5m-1789148400,ZEC,"ZCash Up or Down - September 11, 1:40PM-1:45PM ET",2026-09-11T17:45:00Z,2026-09-11T17:40:00Z,1173.7871177389957,Up,"[""1"", ""0""]",,,,0.495,0.01,resolved,0x51507b817e1cdf12d3762c7fa6132bc4a833a240328f204f6214c509eeba795b,https://data.chain.link/streams/zec-usd-twap-60s-streams,1175.6029404446065,2026-09-11 17:46:27+00
bnb-updown-5m-1789148700,BNB,"BNB Up or Down - September 11, 1:45PM-1:50PM ET",2026-09-11T17:50:00Z,2026-09-11T17:45:00Z,727.9602722910353,Up,"[""1"", ""0""]",0.99,,,0.49,0.01,resolved,0xb53a4fcf684c0e8400e84fd5cfb8ccbcc0a695c3721346e0ccef1c8c21e60158,https://data.chain.link/streams/bnb-usd-twap-60s-streams,728.2123300408267,2026-09-11 17:50:54+00
btc-updown-5m-1789148700,BTC,"Bitcoin Up or Down - September 11, 1:45PM-1:50PM ET",2026-09-11T17:50:00Z,2026-09-11T17:45:00Z,77612.49099064001,Down,"[""0"", ""1""]",0.01,32903.77989100001,,-0.5,0.01,resolved,0x34441b690f91768a772c2e555e55b63a7c3f3b7e49b879d70b0dbe2f15c1b068,https://data.chain.link/streams/btc-usd-twap-60s-streams,77586.47332880799,2026-09-11 17:50:54+00
doge-updown-5m-1789148700,DOGE,"Dogecoin Up or Down - September 11, 1:45PM-1:50PM ET",2026-09-11T17:50:00Z,2026-09-11T17:45:00Z,0.08520351236368719,Down,"[""0"", ""1""]",0.66,,,-0.495,0.01,resolved,0x4f95b2efcfd799569f074205330ce29a19b53c8b069f0028e9ecdedf096bfe91,https://data.chain.link/streams/doge-usd-twap-60s-streams,0.08520218765905352,2026-09-11 17:50:54+00
eth-updown-5m-1789148700,ETH,"Ethereum Up or Down - September 11, 1:45PM-1:50PM ET",2026-09-11T17:50:00Z,2026-09-11T17:45:00Z,2569.643314298783,Up,"[""1"", ""0""]",0.99,,,0.49,0.01,resolved,0xe80a3fbeab8bb25b94526a5280e967511f2b0c37abc1f9e6b5910612bee379bd,https://data.chain.link/streams/eth-usd-twap-60s-streams,2571.3349102004468,2026-09-11 17:50:54+00
hype-updown-5m-1789148700,HYPE,"Hyperliquid Up or Down - September 11, 1:45PM-1:50PM ET",2026-09-11T17:50:00Z,2026-09-11T17:45:00Z,81.77314845402371,Up,"[""1"", ""0""]",0.98,,,0.49,0.01,resolved,0xdd07a5dc9d4ea33eec38b3c97625cbd22f5b19ad1be95444e5d1d1fde86e6da0,https://data.chain.link/streams/hype-usd-twap-60s-streams,81.78379472072935,2026-09-11 17:50:54+00
sol-updown-5m-1789148700,SOL,"Solana Up or Down - September 11, 1:45PM-1:50PM ET",2026-09-11T17:50:00Z,2026-09-11T17:45:00Z,102.0841304936278,Down,"[""0"", ""1""]",0.01,,,-0.5,0.01,resolved,0x3a814ae4b2d66620be2a25d0b2025fb4d478bee8938e78415166e8081a7880ea,https://data.chain.link/streams/sol-usd-twap-60s-streams,102.07084672516953,2026-09-11 17:50:54+00
xrp-updown-5m-1789148700,XRP,"XRP Up or Down - September 11, 1:45PM-1:50PM ET",2026-09-11T17:50:00Z,2026-09-11T17:45:00Z,1.3698999730719017,Up,"[""1"", ""0""]",0.99,,,0.49,0.01,resolved,0x5583c33f4515a80c10a72cfec46bc45d82fb2a5b34399c18ce1db04e27cc759a,https://data.chain.link/streams/xrp-usd-twap-60s-streams,1.370525705674489,2026-09-11 17:50:54+00
zec-updown-5m-1789148700,ZEC,"ZCash Up or Down - September 11, 1:45PM-1:50PM ET",2026-09-11T17:50:00Z,2026-09-11T17:45:00Z,1175.6029404446065,Up,"[""1"", ""0""]",,,,0.495,0.01,resolved,0x62692d33d4b4f02a07875d3a6283fc5b9054912650531f2a53f22a45ae6a5d3c,https://data.chain.link/streams/zec-usd-twap-60s-streams,1180.2574553006089,2026-09-11 17:50:54+00
bnb-updown-5m-1789149000,BNB,"BNB Up or Down - September 11, 1:50PM-1:55PM ET",2026-09-11T17:55:00Z,2026-09-11T17:50:00Z,728.2123300408267,Down,"[""0"", ""1""]",0.24,186.34966799999998,,-0.5045,0.001,resolved,0x4780acc42857ff9be9d916385de5b8a73b1cbd3f08b477f5958c3b9b40be6e27,https://data.chain.link/streams/bnb-usd-twap-60s-streams,727.1548536583222,2026-09-11 17:56:27+00
btc-updown-5m-1789149000,BTC,"Bitcoin Up or Down - September 11, 1:50PM-1:55PM ET",2026-09-11T17:55:00Z,2026-09-11T17:50:00Z,77586.47332880799,Down,"[""0"", ""1""]",0.01,25209.050792999977,,-0.5045,0.001,resolved,0x610c9c98216b07cf3676bd2c2c9070e22552c67d4dbbb8d4d56504913487c138,https://data.chain.link/streams/btc-usd-twap-60s-streams,77501.8388405545,2026-09-11 17:56:27+00
doge-updown-5m-1789149000,DOGE,"Dogecoin Up or Down - September 11, 1:50PM-1:55PM ET",2026-09-11T17:55:00Z,2026-09-11T17:50:00Z,0.08520218765905352,Down,"[""0"", ""1""]",0.07,404.27025,,-0.4995,0.001,resolved,0x8b4aed37f58336983e04071917e6f41c77e7ac4d0530b7e17a17ea5c192c5a48,https://data.chain.link/streams/doge-usd-twap-60s-streams,0.08497649759165332,2026-09-11 17:56:27+00
eth-updown-5m-1789149000,ETH,"Ethereum Up or Down - September 11, 1:50PM-1:55PM ET",2026-09-11T17:55:00Z,2026-09-11T17:50:00Z,2571.3349102004468,Down,"[""0"", ""1""]",0.07,3444.436278,,-0.5045,0.001,resolved,0x48175ce97fc54018f18a18e07db5153ef7f97d9d259c441b99bd6ac9fbe423c4,https://data.chain.link/streams/eth-usd-twap-60s-streams,2565.446661382631,2026-09-11 17:56:27+00
hype-updown-5m-1789149000,HYPE,"Hyperliquid Up or Down - September 11, 1:50PM-1:55PM ET",2026-09-11T17:55:00Z,2026-09-11T17:50:00Z,81.78379472072935,Down,"[""0"", ""1""]",0.3,,,-0.5045,0.001,resolved,0x2ecee84d5f5018358ee03a6727764310a02d5fbb19b02ea15ea298eb06c69eea,https://data.chain.link/streams/hype-usd-twap-60s-streams,81.5650805122,2026-09-11 17:56:27+00
sol-updown-5m-1789149000,SOL,"Solana Up or Down - September 11, 1:50PM-1:55PM ET",2026-09-11T17:55:00Z,2026-09-11T17:50:00Z,102.07084672516953,Down,"[""0"", ""1""]",0.03,1082.417562,,-0.5045,0.001,resolved,0x0a28c04fdb3f30cbf930df6754af2c03547c1632d5924ba6c06b7bcd385f9e8c,https://data.chain.link/streams/sol-usd-twap-60s-streams,101.95569902644378,2026-09-11 17:56:27+00
xrp-updown-5m-1789149000,XRP,"XRP Up or Down - September 11, 1:50PM-1:55PM ET",2026-09-11T17:55:00Z,2026-09-11T17:50:00Z,1.370525705674489,Down,"[""0"", ""1""]",0.04,728.5989850000001,,-0.5045,0.001,resolved,0x20665b27298f2864a7d52c88fd3597adb79fe4649862026f5515f7932b10f1d9,https://data.chain.link/streams/xrp-usd-twap-60s-streams,1.3677864289307948,2026-09-11 17:56:25+00
zec-updown-5m-1789149000,ZEC,"ZCash Up or Down - September 11, 1:50PM-1:55PM ET",2026-09-11T17:55:00Z,2026-09-11T17:50:00Z,1180.2574553006089,Down,"[""0"", ""1""]",,,,-0.495,0.01,resolved,0x164065f1044276f9102de232b62c49e68a8b551204142039f8dc1e9a6d8ce8ec,https://data.chain.link/streams/zec-usd-twap-60s-streams,1175.9524762482197,2026-09-11 17:56:25+00
bnb-updown-5m-1789149300,BNB,"BNB Up or Down - September 11, 1:55PM-2:00PM ET",2026-09-11T18:00:00Z,2026-09-11T17:55:00Z,727.1548536583222,Up,"[""1"", ""0""]",0.98,,,0.4995,0.001,resolved,0x547cc2403f3683873ffa350886241acecd62bbd1d15ad885fe5b09e20f76f0c7,https://data.chain.link/streams/bnb-usd-twap-60s-streams,727.4858947844317,2026-09-11 18:01:27+00
btc-updown-5m-1789149300,BTC,"Bitcoin Up or Down - September 11, 1:55PM-2:00PM ET",2026-09-11T18:00:00Z,2026-09-11T17:55:00Z,77501.8388405545,Up,"[""1"", ""0""]",0.999,45469.157493999985,,0.4945,0.001,resolved,0xe8b24c42a25129ea21c098b1e4c74a004d624f0731a6a1c3582ea5376d6612a0,https://data.chain.link/streams/btc-usd-twap-60s-streams,77521.31250632214,2026-09-11 18:01:34+00
doge-updown-5m-1789149300,DOGE,"Dogecoin Up or Down - September 11, 1:55PM-2:00PM ET",2026-09-11T18:00:00Z,2026-09-11T17:55:00Z,0.08497649759165332,Down,"[""0"", ""1""]",0.01,,,-0.495,0.01,resolved,0xab2161bec43e466e1873a0c3d3b8e961372f94c7b7f725cec1e6cd98522fba75,https://data.chain.link/streams/doge-usd-twap-60s-streams,0.08497273866536313,2026-09-11 18:01:27+00
eth-updown-5m-1789149300,ETH,"Ethereum Up or Down - September 11, 1:55PM-2:00PM ET",2026-09-11T18:00:00Z,2026-09-11T17:55:00Z,2565.446661382631,Up,"[""1"", ""0""]",0.999,,,0.4995,0.001,resolved,0x499b7e48cc54f7e12786a8c456c9a59b51f849559ee4335ae0d1494a1b91087e,https://data.chain.link/streams/eth-usd-twap-60s-streams,2566.4914063741944,2026-09-11 18:01:27+00
hype-updown-5m-1789149300,HYPE,"Hyperliquid Up or Down - September 11, 1:55PM-2:00PM ET",2026-09-11T18:00:00Z,2026-09-11T17:55:00Z,81.5650805122,Up,"[""1"", ""0""]",0.98,,,0.4995,0.001,resolved,0xa5079285710fe18748c20ad4f139d6f23645b08797ae6ea95023f00735f3dbcb,https://data.chain.link/streams/hype-usd-twap-60s-streams,81.60560761951011,2026-09-11 18:01:27+00
sol-updown-5m-1789149300,SOL,"Solana Up or Down - September 11, 1:55PM-2:00PM ET",2026-09-11T18:00:00Z,2026-09-11T17:55:00Z,101.95569902644378,Down,"[""0"", ""1""]",0.09,,,-0.495,0.01,resolved,0xd804a4b76779a2a05be472079f2d0257bf2d8bdbd0c3c5efde054bf16d2134ef,https://data.chain.link/streams/sol-usd-twap-60s-streams,101.93501329680589,2026-09-11 18:01:27+00
xrp-updown-5m-1789149300,XRP,"XRP Up or Down - September 11, 1:55PM-2:00PM ET",2026-09-11T18:00:00Z,2026-09-11T17:55:00Z,1.3677864289307948,Up,"[""1"", ""0""]",0.999,,,0.4995,0.001,resolved,0x423e18e91bcb8952c4ccba87d006ad4411b7d3600ad8e0dd242a566ad74fbd40,https://data.chain.link/streams/xrp-usd-twap-60s-streams,1.3680204584795592,2026-09-11 18:01:27+00
zec-updown-5m-1789149300,ZEC,"ZCash Up or Down - September 11, 1:55PM-2:00PM ET",2026-09-11T18:00:00Z,2026-09-11T17:55:00Z,1175.9524762482197,Up,"[""1"", ""0""]",,,,0.495,0.01,resolved,0x9a301231b03ba825e624916ec023d9c6013f079d5be18c1bc82a0d147d8e1cdf,https://data.chain.link/streams/zec-usd-twap-60s-streams,1178.697022102939,2026-09-11 18:01:27+00
bnb-updown-5m-1789149600,BNB,"BNB Up or Down - September 11, 2:00PM-2:05PM ET",2026-09-11T18:05:00Z,2026-09-11T18:00:00Z,727.4858947844317,Down,"[""0"", ""1""]",0.01,1115.3900859999999,,-0.5045,0.001,resolved,0xe37218de5c16caa61c4e7e4534d5aeabc53f71cf5cd144e0ca7efe333102cb43,https://data.chain.link/streams/bnb-usd-twap-60s-streams,724.0023978859224,2026-09-11 18:06:25+00
btc-updown-5m-1789149600,BTC,"Bitcoin Up or Down - September 11, 2:00PM-2:05PM ET",2026-09-11T18:05:00Z,2026-09-11T18:00:00Z,77521.31250632214,Down,"[""0"", ""1""]",0.001,45057.226653999984,8.081569,-0.5045,0.001,resolved,0x8108f6cb9f786d6e8c869281602040229532ce0de813e66409b6f4b36b226c88,https://data.chain.link/streams/btc-usd-twap-60s-streams,77101.79722402354,2026-09-11 18:06:25+00
doge-updown-5m-1789149600,DOGE,"Dogecoin Up or Down - September 11, 2:00PM-2:05PM ET",2026-09-11T18:05:00Z,2026-09-11T18:00:00Z,0.08497273866536313,Down,"[""0"", ""1""]",0.01,745.490456,,-0.4995,0.001,resolved,0xbac72ae3f5eed350487aee76b17e91ee1f929184b918c4f9a5563d7a235d729e,https://data.chain.link/streams/doge-usd-twap-60s-streams,0.08428006243899878,2026-09-11 18:06:27+00
eth-updown-5m-1789149600,ETH,"Ethereum Up or Down - September 11, 2:00PM-2:05PM ET",2026-09-11T18:05:00Z,2026-09-11T18:00:00Z,2566.4914063741944,Down,"[""0"", ""1""]",0.01,4524.704610000001,,-0.5045,0.001,resolved,0xb02e63e4458e37cbedaf12262b70ed430b92d56d72798f316eb8066472dbc1d5,https://data.chain.link/streams/eth-usd-twap-60s-streams,2548.7237478418997,2026-09-11 18:06:27+00
hype-updown-5m-1789149600,HYPE,"Hyperliquid Up or Down - September 11, 2:00PM-2:05PM ET",2026-09-11T18:05:00Z,2026-09-11T18:00:00Z,81.60560761951011,Down,"[""0"", ""1""]",0.27,148.67540499999998,,-0.5045,0.001,resolved,0x0bb3c1f521b46025531faefefd4e8f60c8e6681464ed1d307f8a1673eee6737a,https://data.chain.link/streams/hype-usd-twap-60s-streams,80.85147254466747,2026-09-11 18:06:27+00
sol-updown-5m-1789149600,SOL,"Solana Up or Down - September 11, 2:00PM-2:05PM ET",2026-09-11T18:05:00Z,2026-09-11T18:00:00Z,101.93501329680589,Down,"[""0"", ""1""]",0.04,1798.5478420000002,,-0.5045,0.001,resolved,0xe320eff39c2ceaa58d5a1266b9b2bc9d49394ad9202635f7414dfb7b4700027c,https://data.chain.link/streams/sol-usd-twap-60s-streams,101.29475399941346,2026-09-11 18:06:27+00
xrp-updown-5m-1789149600,XRP,"XRP Up or Down - September 11, 2:00PM-2:05PM ET",2026-09-11T18:05:00Z,2026-09-11T18:00:00Z,1.3680204584795592,Down,"[""0"", ""1""]",0.01,1118.8206029999997,,-0.5045,0.001,resolved,0xd4e1478dbea758fd02d3cec5df7bbc99dbae32602f44ad5c5d21720de7bd0988,https://data.chain.link/streams/xrp-usd-twap-60s-streams,1.3570432436302429,2026-09-11 18:06:27+00
zec-updown-5m-1789149600,ZEC,"ZCash Up or Down - September 11, 2:00PM-2:05PM ET",2026-09-11T18:05:00Z,2026-09-11T18:00:00Z,1178.697022102939,Down,"[""0"", ""1""]",,,,-0.495,0.01,resolved,0x4f07b5eb132501ef21143a0c69e2d5ea303a6bc0279df76987d82bcdd87c4bd5,https://data.chain.link/streams/zec-usd-twap-60s-streams,1166.9385281908728,2026-09-11 18:06:27+00
bnb-updown-5m-1789149900,BNB,"BNB Up or Down - September 11, 2:05PM-2:10PM ET",2026-09-11T18:10:00Z,2026-09-11T18:05:00Z,724.0023978859224,Down,"[""0"", ""1""]",0.43,,,-0.5,0.01,resolved,0x1d695106353254ca66462f167ce769c0a08ba6e8b78de49c391cef75e98cefd8,https://data.chain.link/streams/bnb-usd-twap-60s-streams,723.5397765218346,2026-09-11 18:10:54+00
btc-updown-5m-1789149900,BTC,"Bitcoin Up or Down - September 11, 2:05PM-2:10PM ET",2026-09-11T18:10:00Z,2026-09-11T18:05:00Z,77101.79722402354,Up,"[""1"", ""0""]",0.99,96197.57785900001,4.16,0.49,0.01,resolved,0x0f8c3a8fee76ee3a968d6254b4bdb4b9ff12aec03481c95532c401e05ae39c3c,https://data.chain.link/streams/btc-usd-twap-60s-streams,77102.37183384618,2026-09-11 18:10:54+00
doge-updown-5m-1789149900,DOGE,"Dogecoin Up or Down - September 11, 2:05PM-2:10PM ET",2026-09-11T18:10:00Z,2026-09-11T18:05:00Z,0.08428006243899878,Down,"[""0"", ""1""]",0.18,,,-0.495,0.01,resolved,0x8e1996642f093aac68ba9d03ff9f8d5776d80d2dd02366930030c867a914b2d8,https://data.chain.link/streams/doge-usd-twap-60s-streams,0.0841575391795463,2026-09-11 18:10:54+00
eth-updown-5m-1789149900,ETH,"Ethereum Up or Down - September 11, 2:05PM-2:10PM ET",2026-09-11T18:10:00Z,2026-09-11T18:05:00Z,2548.7237478418997,Down,"[""0"", ""1""]",0.04,8445.775712999999,,-0.5,0.01,resolved,0x5e73e45d9645e4e5e676d9bd08684d5291a8454351e87179ae21ae5d18e6d5aa,https://data.chain.link/streams/eth-usd-twap-60s-streams,2542.217066113014,2026-09-11 18:10:54+00
hype-updown-5m-1789149900,HYPE,"Hyperliquid Up or Down - September 11, 2:05PM-2:10PM ET",2026-09-11T18:10:00Z,2026-09-11T18:05:00Z,80.85147254466747,Down,"[""0"", ""1""]",0.1,,,-0.5,0.01,resolved,0x65f115d77ba264e49cf4ff3dab70c49ad69073ae0c1f93cd04db3f80667adb41,https://data.chain.link/streams/hype-usd-twap-60s-streams,80.74415287168449,2026-09-11 18:10:54+00
sol-updown-5m-1789149900,SOL,"Solana Up or Down - September 11, 2:05PM-2:10PM ET",2026-09-11T18:10:00Z,2026-09-11T18:05:00Z,101.29475399941346,Down,"[""0"", ""1""]",0.02,3345.037931,,-0.5045,0.001,resolved,0x648844e686e81d2161c7df7acfdc9553a3e8ebfaca1ea4c13d66334836eb1063,https://data.chain.link/streams/sol-usd-twap-60s-streams,100.93433542686498,2026-09-11 18:10:54+00
xrp-updown-5m-1789149900,XRP,"XRP Up or Down - September 11, 2:05PM-2:10PM ET",2026-09-11T18:10:00Z,2026-09-11T18:05:00Z,1.3570432436302429,Down,"[""0"", ""1""]",0.37,1964.038404,,-0.5,0.01,resolved,0x562c02157109fdc0676997465ca7fa87264378c99a4cd5f55e746d3b0b2a14ca,https://data.chain.link/streams/xrp-usd-twap-60s-streams,1.3537620874218832,2026-09-11 18:10:54+00
zec-updown-5m-1789149900,ZEC,"ZCash Up or Down - September 11, 2:05PM-2:10PM ET",2026-09-11T18:10:00Z,2026-09-11T18:05:00Z,1166.9385281908728,Up,"[""1"", ""0""]",,,,0.495,0.01,resolved,0x62f1a9b5509d755092cb19170082b38359bd2990e84f5a3e7acc0839fd391951,https://data.chain.link/streams/zec-usd-twap-60s-streams,1170.700670912275,2026-09-11 18:10:54+00
bnb-updown-5m-1789150200,BNB,"BNB Up or Down - September 11, 2:10PM-2:15PM ET",2026-09-11T18:15:00Z,2026-09-11T18:10:00Z,723.5397765218346,Down,"[""0"", ""1""]",0.25,,,-0.5045,0.001,resolved,0xd459adf68c836f75f815c30fc08c1372a3556a442766c855f7ea5dff192c7d68,https://data.chain.link/streams/bnb-usd-twap-60s-streams,722.3548946121487,2026-09-11 18:15:52+00
btc-updown-5m-1789150200,BTC,"Bitcoin Up or Down - September 11, 2:10PM-2:15PM ET",2026-09-11T18:15:00Z,2026-09-11T18:10:00Z,77102.37183384618,Down,"[""0"", ""1""]",0.01,64887.59291400001,,-0.5045,0.001,resolved,0x6c3fb6e0fded81de31567a5f0eee629ff0050506e2cbdd070daf5281067b0ac4,https://data.chain.link/streams/btc-usd-twap-60s-streams,76995.98566464451,2026-09-11 18:15:52+00
doge-updown-5m-1789150200,DOGE,"Dogecoin Up or Down - September 11, 2:10PM-2:15PM ET",2026-09-11T18:15:00Z,2026-09-11T18:10:00Z,0.0841575391795463,Down,"[""0"", ""1""]",0.01,,,-0.4995,0.001,resolved,0x6fb511f52d6e32e7d3e2c4db29a838592c10888eca36e03c34746d290c40e434,https://data.chain.link/streams/doge-usd-twap-60s-streams,0.0840735288400536,2026-09-11 18:15:52+00
eth-updown-5m-1789150200,ETH,"Ethereum Up or Down - September 11, 2:10PM-2:15PM ET",2026-09-11T18:15:00Z,2026-09-11T18:10:00Z,2542.217066113014,Down,"[""0"", ""1""]",0.02,7113.482948,,-0.5045,0.001,resolved,0xc89d8cdf209dbd038f74bf71d3b15dac82df2d080388b124d891c4dcd3601cdb,https://data.chain.link/streams/eth-usd-twap-60s-streams,2536.387368889242,2026-09-11 18:15:54+00
hype-updown-5m-1789150200,HYPE,"Hyperliquid Up or Down - September 11, 2:10PM-2:15PM ET",2026-09-11T18:15:00Z,2026-09-11T18:10:00Z,80.74415287168449,Down,"[""0"", ""1""]",0.63,,,-0.5,0.01,resolved,0x348f269148615ed5b49a597f8f46300d4c01e43db1b46100ef7ef5b3debbc5a0,https://data.chain.link/streams/hype-usd-twap-60s-streams,80.68511759887478,2026-09-11 18:15:54+00
sol-updown-5m-1789150200,SOL,"Solana Up or Down - September 11, 2:10PM-2:15PM ET",2026-09-11T18:15:00Z,2026-09-11T18:10:00Z,100.93433542686498,Down,"[""0"", ""1""]",0.01,3177.006433,,-0.5045,0.001,resolved,0x9fcd67e1f208f141f31b850d4de576b1a3735a4ee5fd7a7fde32b580c7fd6830,https://data.chain.link/streams/sol-usd-twap-60s-streams,100.82535883568858,2026-09-11 18:15:54+00
xrp-updown-5m-1789150200,XRP,"XRP Up or Down - September 11, 2:10PM-2:15PM ET",2026-09-11T18:15:00Z,2026-09-11T18:10:00Z,1.3537620874218832,Down,"[""0"", ""1""]",0.05,1283.1638380000002,,-0.5045,0.001,resolved,0xdb1947d129cc1f823b3d911aa6c20de035147bae16891164fb1aaf4e69d60240,https://data.chain.link/streams/xrp-usd-twap-60s-streams,1.35211182790739,2026-09-11 18:16:01+00
zec-updown-5m-1789150200,ZEC,"ZCash Up or Down - September 11, 2:10PM-2:15PM ET",2026-09-11T18:15:00Z,2026-09-11T18:10:00Z,1170.700670912275,Down,"[""0"", ""1""]",,,,-0.495,0.01,resolved,0xed56dadfd68e128c0950b53add55cd6a9b6077b23a114ffbc3274fb518a628e7,https://data.chain.link/streams/zec-usd-twap-60s-streams,1169.3427321875945,2026-09-11 18:15:52+00
bnb-updown-5m-1789150500,BNB,"BNB Up or Down - September 11, 2:15PM-2:20PM ET",2026-09-11T18:20:00Z,2026-09-11T18:15:00Z,722.3548946121487,Up,"[""1"", ""0""]",0.99,265.455133,,0.4945,0.001,resolved,0xbb87bf81501cde298e7205fe677102b3fe474f016a13a8bab5b72d1a1066c898,https://data.chain.link/streams/bnb-usd-twap-60s-streams,724.8447386698468,2026-09-11 18:20:54+00
btc-updown-5m-1789150500,BTC,"Bitcoin Up or Down - September 11, 2:15PM-2:20PM ET",2026-09-11T18:20:00Z,2026-09-11T18:15:00Z,76995.98566464451,Up,"[""1"", ""0""]",0.999,27790.600567999983,,0.4945,0.001,resolved,0x7546c2a329ff912e0077dca9d520e7ac8eaadb8f155ae04522a1aee473fb8a2c,https://data.chain.link/streams/btc-usd-twap-60s-streams,77217.33712144825,2026-09-11 18:20:54+00
doge-updown-5m-1789150500,DOGE,"Dogecoin Up or Down - September 11, 2:15PM-2:20PM ET",2026-09-11T18:20:00Z,2026-09-11T18:15:00Z,0.0840735288400536,Up,"[""1"", ""0""]",0.99,314.71767499999993,,0.4995,0.001,resolved,0x54f2c2e4a88d7c6a8ddfb54beb5ac5e524e032e7476ee8a492cfd36d1fd7b931,https://data.chain.link/streams/doge-usd-twap-60s-streams,0.08457780853929095,2026-09-11 18:20:54+00
eth-updown-5m-1789150500,ETH,"Ethereum Up or Down - September 11, 2:15PM-2:20PM ET",2026-09-11T18:20:00Z,2026-09-11T18:15:00Z,2536.387368889242,Up,"[""1"", ""0""]",0.99,4181.906418999999,,0.4945,0.001,resolved,0xe337fbf61963022a54ef0e811cd98444901aeb5d50783cb8d46946c36dd0b988,https://data.chain.link/streams/eth-usd-twap-60s-streams,2546.7058822638046,2026-09-11 18:20:54+00
hype-updown-5m-1789150500,HYPE,"Hyperliquid Up or Down - September 11, 2:15PM-2:20PM ET",2026-09-11T18:20:00Z,2026-09-11T18:15:00Z,80.68511759887478,Up,"[""1"", ""0""]",0.98,48.649119000000006,,0.4945,0.001,resolved,0xa0c3ff9e1d327861ba6ea189566be4bdc5b7e028490892cb33b27b5f978daa33,https://data.chain.link/streams/hype-usd-twap-60s-streams,81.06691715605088,2026-09-11 18:20:54+00
sol-updown-5m-1789150500,SOL,"Solana Up or Down - September 11, 2:15PM-2:20PM ET",2026-09-11T18:20:00Z,2026-09-11T18:15:00Z,100.82535883568858,Up,"[""1"", ""0""]",0.99,2009.5628840000002,,0.4945,0.001,resolved,0xc4586fcfc2b749cf337a63f791cc590c5353e3f8a07881ef0854672de8bbd55e,https://data.chain.link/streams/sol-usd-twap-60s-streams,101.49364430315794,2026-09-11 18:20:54+00
xrp-updown-5m-1789150500,XRP,"XRP Up or Down - September 11, 2:15PM-2:20PM ET",2026-09-11T18:20:00Z,2026-09-11T18:15:00Z,1.35211182790739,Up,"[""1"", ""0""]",0.99,640.843847,,0.4945,0.001,resolved,0x7094ce5e6e9330fee3b8be9cd7ed54e84b3482340231325bbde613085d862c5d,https://data.chain.link/streams/xrp-usd-twap-60s-streams,1.3601840698277394,2026-09-11 18:20:52+00
zec-updown-5m-1789150500,ZEC,"ZCash Up or Down - September 11, 2:15PM-2:20PM ET",2026-09-11T18:20:00Z,2026-09-11T18:15:00Z,1169.3427321875945,Up,"[""1"", ""0""]",,,,0.495,0.01,resolved,0x7f26219f046f4ba6e3c44b0fdc7d77ec0e11496208b022f1e8fb6842db87ae34,https://data.chain.link/streams/zec-usd-twap-60s-streams,1179.4595034460456,2026-09-11 18:20:54+00
bnb-updown-5m-1789150800,BNB,"BNB Up or Down - September 11, 2:20PM-2:25PM ET",2026-09-11T18:25:00Z,2026-09-11T18:20:00Z,724.8447386698468,Down,"[""0"", ""1""]",0.42,,,-0.5045,0.001,resolved,0x19ccc14f13b16abbe192632a8990f12cd2a09650a83ce8700afcff67b889b34a,https://data.chain.link/streams/bnb-usd-twap-60s-streams,724.5669976294266,2026-09-11 18:25:54+00
btc-updown-5m-1789150800,BTC,"Bitcoin Up or Down - September 11, 2:20PM-2:25PM ET",2026-09-11T18:25:00Z,2026-09-11T18:20:00Z,77217.33712144825,Down,"[""0"", ""1""]",0.01,48765.15880999997,,-0.5045,0.001,resolved,0xe57410e3a288ebf8d0ff76f570d45b904f3ae81babbb78886922e33bef9195bf,https://data.chain.link/streams/btc-usd-twap-60s-streams,77130.2532053917,2026-09-11 18:25:54+00
doge-updown-5m-1789150800,DOGE,"Dogecoin Up or Down - September 11, 2:20PM-2:25PM ET",2026-09-11T18:25:00Z,2026-09-11T18:20:00Z,0.08457780853929095,Down,"[""0"", ""1""]",0.04,,,-0.4995,0.001,resolved,0x6d44a26dbeb8b067b8a361a0e30bd0c8ddda186f16f6b9985e6d5bdc6c95b3f5,https://data.chain.link/streams/doge-usd-twap-60s-streams,0.08450658717031445,2026-09-11 18:25:54+00
eth-updown-5m-1789150800,ETH,"Ethereum Up or Down - September 11, 2:20PM-2:25PM ET",2026-09-11T18:25:00Z,2026-09-11T18:20:00Z,2546.7058822638046,Down,"[""0"", ""1""]",0.01,5585.351377,,-0.5045,0.001,resolved,0x5f32eaa2bbc1dd10b70dd7cc94a05b402f948c90259cab61ea3fa0b3599efc4f,https://data.chain.link/streams/eth-usd-twap-60s-streams,2544.0727923924196,2026-09-11 18:25:54+00
hype-updown-5m-1789150800,HYPE,"Hyperliquid Up or Down - September 11, 2:20PM-2:25PM ET",2026-09-11T18:25:00Z,2026-09-11T18:20:00Z,81.06691715605088,Down,"[""0"", ""1""]",0.22,,,-0.5045,0.001,resolved,0x894c39cec9efbd4cf2e02ffd8101cba6e5dc876683b31396359fe346138e0584,https://data.chain.link/streams/hype-usd-twap-60s-streams,80.84989756465558,2026-09-11 18:25:54+00
sol-updown-5m-1789150800,SOL,"Solana Up or Down - September 11, 2:20PM-2:25PM ET",2026-09-11T18:25:00Z,2026-09-11T18:20:00Z,101.49364430315794,Down,"[""0"", ""1""]",0.01,2947.8034999999995,,-0.5045,0.001,resolved,0x865d83e0ecd6c92ee4d5eee672fb66fcf4ed6f20780c33b1b7f022736b28dfab,https://data.chain.link/streams/sol-usd-twap-60s-streams,101.29023828348267,2026-09-11 18:25:54+00
xrp-updown-5m-1789150800,XRP,"XRP Up or Down - September 11, 2:20PM-2:25PM ET",2026-09-11T18:25:00Z,2026-09-11T18:20:00Z,1.3601840698277394,Down,"[""0"", ""1""]",0.05,,,-0.5045,0.001,resolved,0x8414922a5d26b96ae6c3b270113d844698bb5c3876dd2e6d38a3541d5bfb5ad8,https://data.chain.link/streams/xrp-usd-twap-60s-streams,1.3591168263964657,2026-09-11 18:25:54+00
zec-updown-5m-1789150800,ZEC,"ZCash Up or Down - September 11, 2:20PM-2:25PM ET",2026-09-11T18:25:00Z,2026-09-11T18:20:00Z,1179.4595034460456,Down,"[""0"", ""1""]",,,,-0.495,0.01,resolved,0x7d647c493ee5f02d769d8892cf61eab01a00401c87562353042ea118fb0bb3fb,https://data.chain.link/streams/zec-usd-twap-60s-streams,1174.172283013157,2026-09-11 18:25:54+00
bnb-updown-5m-1789151100,BNB,"BNB Up or Down - September 11, 2:25PM-2:30PM ET",2026-09-11T18:30:00Z,2026-09-11T18:25:00Z,724.5669976294266,Down,"[""0"", ""1""]",0.12,,,-0.5,0.01,resolved,0x96b75a52853560a18974820389b2942bf912cf7c8501e1dff86d1313994b9f30,https://data.chain.link/streams/bnb-usd-twap-60s-streams,724.4134829565194,2026-09-11 18:30:52+00
btc-updown-5m-1789151100,BTC,"Bitcoin Up or Down - September 11, 2:25PM-2:30PM ET",2026-09-11T18:30:00Z,2026-09-11T18:25:00Z,77130.2532053917,Up,"[""1"", ""0""]",0.99,62595.087664999985,,0.49,0.01,resolved,0x83d4d672794231bfb09f22cc5747af3ddc048766530dceeb0577497c351d8b4b,https://data.chain.link/streams/btc-usd-twap-60s-streams,77182.11334112498,2026-09-11 18:30:52+00
doge-updown-5m-1789151100,DOGE,"Dogecoin Up or Down - September 11, 2:25PM-2:30PM ET",2026-09-11T18:30:00Z,2026-09-11T18:25:00Z,0.08450658717031445,Down,"[""0"", ""1""]",0.12,,,-0.495,0.01,resolved,0x3eacc873e9528929de27b6c128362c2af7051654a394b603cff2aa8824530011,https://data.chain.link/streams/doge-usd-twap-60s-streams,0.08446543656809324,2026-09-11 18:30:52+00
eth-updown-5m-1789151100,ETH,"Ethereum Up or Down - September 11, 2:25PM-2:30PM ET",2026-09-11T18:30:00Z,2026-09-11T18:25:00Z,2544.0727923924196,Down,"[""0"", ""1""]",0.01,,,-0.5,0.01,resolved,0xc0c64c7e62043d8052341747244e5d4f333e496288d7e991ef1c62e500efbfdf,https://data.chain.link/streams/eth-usd-twap-60s-streams,2543.288406020068,2026-09-11 18:30:54+00
hype-updown-5m-1789151100,HYPE,"Hyperliquid Up or Down - September 11, 2:25PM-2:30PM ET",2026-09-11T18:30:00Z,2026-09-11T18:25:00Z,80.84989756465558,Up,"[""1"", ""0""]",0.98,,,0.495,0.01,resolved,0xfc7b7018640d9964568860fc4837318c1a58a5637deb55a1557b2cdac0d997f2,https://data.chain.link/streams/hype-usd-twap-60s-streams,80.91601519769425,2026-09-11 18:30:54+00
sol-updown-5m-1789151100,SOL,"Solana Up or Down - September 11, 2:25PM-2:30PM ET",2026-09-11T18:30:00Z,2026-09-11T18:25:00Z,101.29023828348267,Up,"[""1"", ""0""]",0.99,,,0.495,0.01,resolved,0xd80b38b07e9d2df488cbb38b47538e47834ed75218f953aa9d020cdb7f7c8ab1,https://data.chain.link/streams/sol-usd-twap-60s-streams,101.38368088182561,2026-09-11 18:30:52+00
xrp-updown-5m-1789151100,XRP,"XRP Up or Down - September 11, 2:25PM-2:30PM ET",2026-09-11T18:30:00Z,2026-09-11T18:25:00Z,1.3591168263964657,Up,"[""1"", ""0""]",0.99,,,0.49,0.01,resolved,0x58f5fbb3a1786c00ec95a33a461403654fab9283323debe975c15ec7953787d4,https://data.chain.link/streams/xrp-usd-twap-60s-streams,1.3597804048879263,2026-09-11 18:30:54+00
zec-updown-5m-1789151100,ZEC,"ZCash Up or Down - September 11, 2:25PM-2:30PM ET",2026-09-11T18:30:00Z,2026-09-11T18:25:00Z,1174.172283013157,Down,"[""0"", ""1""]",,,,-0.495,0.01,resolved,0x3192304a2a95b836d99704de5795d6977ae04888ae0fca6011ade8841c1ad09f,https://data.chain.link/streams/zec-usd-twap-60s-streams,1172.5660029106714,2026-09-11 18:30:54+00
bnb-updown-5m-1789151400,BNB,"BNB Up or Down - September 11, 2:30PM-2:35PM ET",2026-09-11T18:35:00Z,2026-09-11T18:30:00Z,724.4134829565194,Up,"[""1"", ""0""]",0.64,,,0.49,0.01,resolved,0xa66e971316e36c30d5de86bef9b41a957bdb20b45aa13bff614bb653e2e1682e,https://data.chain.link/streams/bnb-usd-twap-60s-streams,724.6132091686229,2026-09-11 18:35:54+00
btc-updown-5m-1789151400,BTC,"Bitcoin Up or Down - September 11, 2:30PM-2:35PM ET",2026-09-11T18:35:00Z,2026-09-11T18:30:00Z,77182.11334112498,Up,"[""1"", ""0""]",0.99,65922.905201,,0.49,0.001,resolved,0xa7448c04ae4c728fdeb04adc106eaf245550f353ff4d4b9fd2ea0d40daf33b53,https://data.chain.link/streams/btc-usd-twap-60s-streams,77214.09851737219,2026-09-11 18:35:54+00
doge-updown-5m-1789151400,DOGE,"Dogecoin Up or Down - September 11, 2:30PM-2:35PM ET",2026-09-11T18:35:00Z,2026-09-11T18:30:00Z,0.08446543656809324,Down,"[""0"", ""1""]",0.05,291.86508,,-0.495,0.001,resolved,0x1a3d805e1ae5f9e6113bf23165005e26d63a2ac34ce135abc38c80918c7b8d8f,https://data.chain.link/streams/doge-usd-twap-60s-streams,0.08440801498519786,2026-09-11 18:35:54+00
eth-updown-5m-1789151400,ETH,"Ethereum Up or Down - September 11, 2:30PM-2:35PM ET",2026-09-11T18:35:00Z,2026-09-11T18:30:00Z,2543.288406020068,Up,"[""1"", ""0""]",0.99,5382.223288999999,,0.49,0.001,resolved,0x771b71b3d388cb9714608dad240d08d37fb98e97bb748ce76febb4d43e50f8a2,https://data.chain.link/streams/eth-usd-twap-60s-streams,2544.686847489463,2026-09-11 18:35:54+00
hype-updown-5m-1789151400,HYPE,"Hyperliquid Up or Down - September 11, 2:30PM-2:35PM ET",2026-09-11T18:35:00Z,2026-09-11T18:30:00Z,80.91601519769425,Down,"[""0"", ""1""]",0.23,43.41239899999999,,-0.5,0.001,resolved,0x39609c3ec690fba52026b6b412da1cf30d6bd0268e41f3e7d11f346a8d7a51b2,https://data.chain.link/streams/hype-usd-twap-60s-streams,80.71461527565062,2026-09-11 18:35:54+00
sol-updown-5m-1789151400,SOL,"Solana Up or Down - September 11, 2:30PM-2:35PM ET",2026-09-11T18:35:00Z,2026-09-11T18:30:00Z,101.38368088182561,Up,"[""1"", ""0""]",0.99,2023.3934470000002,,0.49,0.001,resolved,0x45ffd4a21ee2c2876d96a986bc47cd9d25e1717df3fda018c83b192d18d6cc8f,https://data.chain.link/streams/sol-usd-twap-60s-streams,101.42440852992246,2026-09-11 18:35:54+00
xrp-updown-5m-1789151400,XRP,"XRP Up or Down - September 11, 2:30PM-2:35PM ET",2026-09-11T18:35:00Z,2026-09-11T18:30:00Z,1.3597804048879263,Down,"[""0"", ""1""]",0.01,1433.530406,,-0.24,0.01,resolved,0x736eec429c1cfac548cf9fcc4acfa9f003ccd02ffa0197c55fb9889981459ae0,https://data.chain.link/streams/xrp-usd-twap-60s-streams,1.3596350547449405,2026-09-11 18:35:54+00
zec-updown-5m-1789151400,ZEC,"ZCash Up or Down - September 11, 2:30PM-2:35PM ET",2026-09-11T18:35:00Z,2026-09-11T18:30:00Z,1172.5660029106714,Down,"[""0"", ""1""]",,,,-0.39,0.01,resolved,0xd872e298d28ae647005f54ed536b0a3581a92a5b5df19d47b1476b84b3cdb238,https://data.chain.link/streams/zec-usd-twap-60s-streams,1169.727554060968,2026-09-11 18:35:54+00
bnb-updown-5m-1789151700,BNB,"BNB Up or Down - September 11, 2:35PM-2:40PM ET",2026-09-11T18:40:00Z,2026-09-11T18:35:00Z,724.6132091686229,Down,"[""0"", ""1""]",0.13,,,-0.5,0.01,resolved,0xe7959d419659182f43ef43f66375e691c3f8571874a59cabc178efb5df5fc288,https://data.chain.link/streams/bnb-usd-twap-60s-streams,724.3289449649362,2026-09-11 18:40:52+00
btc-updown-5m-1789151700,BTC,"Bitcoin Up or Down - September 11, 2:35PM-2:40PM ET",2026-09-11T18:40:00Z,2026-09-11T18:35:00Z,77214.09851737219,Down,"[""0"", ""1""]",0.01,59843.62968200001,,-0.5,0.01,resolved,0xe544e257ef267adc7256e75116df1cca896333e0f74ee962914528de4584d55a,https://data.chain.link/streams/btc-usd-twap-60s-streams,77200.4961876118,2026-09-11 18:40:52+00
doge-updown-5m-1789151700,DOGE,"Dogecoin Up or Down - September 11, 2:35PM-2:40PM ET",2026-09-11T18:40:00Z,2026-09-11T18:35:00Z,0.08440801498519786,Down,"[""0"", ""1""]",0.05,,,-0.495,0.01,resolved,0x27c921c157fc99719a5a56f37f5d219335931f1edb4803893a64c6d3638c1f51,https://data.chain.link/streams/doge-usd-twap-60s-streams,0.08434768309044796,2026-09-11 18:40:52+00
eth-updown-5m-1789151700,ETH,"Ethereum Up or Down - September 11, 2:35PM-2:40PM ET",2026-09-11T18:40:00Z,2026-09-11T18:35:00Z,2544.686847489463,Up,"[""1"", ""0""]",0.99,5820.171789999998,,0.49,0.01,resolved,0xd8a427403e19274d9e5786a1cf90f15d177a19e288fa3048de10bf0d6c15badb,https://data.chain.link/streams/eth-usd-twap-60s-streams,2544.966432919033,2026-09-11 18:40:54+00
hype-updown-5m-1789151700,HYPE,"Hyperliquid Up or Down - September 11, 2:35PM-2:40PM ET",2026-09-11T18:40:00Z,2026-09-11T18:35:00Z,80.71461527565062,Down,"[""0"", ""1""]",,,,-0.5045,0.001,resolved,0x4b6eeb4da445b1df233e3a48e1066be072bc8b7b0692346d9f89039b49e7a10c,https://data.chain.link/streams/hype-usd-twap-60s-streams,80.57487256361638,2026-09-11 18:40:54+00
sol-updown-5m-1789151700,SOL,"Solana Up or Down - September 11, 2:35PM-2:40PM ET",2026-09-11T18:40:00Z,2026-09-11T18:35:00Z,101.42440852992246,Down,"[""0"", ""1""]",0.03,1296.11282,,-0.5,0.01,resolved,0x6c6c3663017e40fa2dca175ae02fa542a8ed09be406d86d5f43e26d757e2ad6b,https://data.chain.link/streams/sol-usd-twap-60s-streams,101.36752721200885,2026-09-11 18:40:54+00
xrp-updown-5m-1789151700,XRP,"XRP Up or Down - September 11, 2:35PM-2:40PM ET",2026-09-11T18:40:00Z,2026-09-11T18:35:00Z,1.3596350547449405,Down,"[""0"", ""1""]",0.03,,,-0.5,0.01,resolved,0xc35160913d72900d5a7aa53789358bb41ddbc342651c7bda2821366ceab3702e,https://data.chain.link/streams/xrp-usd-twap-60s-streams,1.3583514352966561,2026-09-11 18:40:52+00
zec-updown-5m-1789151700,ZEC,"ZCash Up or Down - September 11, 2:35PM-2:40PM ET",2026-09-11T18:40:00Z,2026-09-11T18:35:00Z,1169.727554060968,Up,"[""1"", ""0""]",,,,0.495,0.01,resolved,0x16168605d8bac70fe4ef7a6a8de93bf3a1a0806b00734231ba64000627c190f9,https://data.chain.link/streams/zec-usd-twap-60s-streams,1170.0983336952438,2026-09-11 18:40:52+00
bnb-updown-5m-1789152000,BNB,"BNB Up or Down - September 11, 2:40PM-2:45PM ET",2026-09-11T18:45:00Z,2026-09-11T18:40:00Z,724.3289449649362,Down,"[""0"", ""1""]",0.45,,,-0.5045,0.001,resolved,0x6a9d6ca8d3680387e90d39b3c080160b210d0e6422e70ea11e954e10ed32061a,https://data.chain.link/streams/bnb-usd-twap-60s-streams,723.7364429362552,2026-09-11 18:45:54+00
btc-updown-5m-1789152000,BTC,"Bitcoin Up or Down - September 11, 2:40PM-2:45PM ET",2026-09-11T18:45:00Z,2026-09-11T18:40:00Z,77200.4961876118,Down,"[""0"", ""1""]",0.01,39261.930481,,-0.5045,0.001,resolved,0x9366197019e7e196757c08de04d32cff9893495066689082831a611cea192b84,https://data.chain.link/streams/btc-usd-twap-60s-streams,77089.4514950134,2026-09-11 18:45:54+00
doge-updown-5m-1789152000,DOGE,"Dogecoin Up or Down - September 11, 2:40PM-2:45PM ET",2026-09-11T18:45:00Z,2026-09-11T18:40:00Z,0.08434768309044796,Down,"[""0"", ""1""]",0.12,,,-0.4995,0.001,resolved,0xf4988fa22e9e37280e2001d8189e3b6b73b8f8d908a2386d35b445d5be5adbf7,https://data.chain.link/streams/doge-usd-twap-60s-streams,0.0842074219483174,2026-09-11 18:45:54+00
eth-updown-5m-1789152000,ETH,"Ethereum Up or Down - September 11, 2:40PM-2:45PM ET",2026-09-11T18:45:00Z,2026-09-11T18:40:00Z,2544.966432919033,Down,"[""0"", ""1""]",0.05,,,-0.5045,0.001,resolved,0x2175b1b120affbd05f3a2e96eee5f856e954b63b15ea02ab103ec83df5555459,https://data.chain.link/streams/eth-usd-twap-60s-streams,2540.485926360828,2026-09-11 18:45:54+00
hype-updown-5m-1789152000,HYPE,"Hyperliquid Up or Down - September 11, 2:40PM-2:45PM ET",2026-09-11T18:45:00Z,2026-09-11T18:40:00Z,80.57487256361638,Down,"[""0"", ""1""]",,,,-0.5045,0.001,resolved,0xf80707cb71c26119f9b4cd40ac7252d9dc48c62475da8b1f91e754d4480357f5,https://data.chain.link/streams/hype-usd-twap-60s-streams,80.44918648709354,2026-09-11 18:45:54+00
sol-updown-5m-1789152000,SOL,"Solana Up or Down - September 11, 2:40PM-2:45PM ET",2026-09-11T18:45:00Z,2026-09-11T18:40:00Z,101.36752721200885,Down,"[""0"", ""1""]",0.09,,,-0.5,0.01,resolved,0x83c2854f84b6e78d51bbf44d547b35ee1c3d638810653dbc4c9cf0360d198874,https://data.chain.link/streams/sol-usd-twap-60s-streams,101.36011156685667,2026-09-11 18:45:54+00
xrp-updown-5m-1789152000,XRP,"XRP Up or Down - September 11, 2:40PM-2:45PM ET",2026-09-11T18:45:00Z,2026-09-11T18:40:00Z,1.3583514352966561,Down,"[""0"", ""1""]",0.2,,,-0.5045,0.001,resolved,0x47c488b09172a483994369c29fcb6007388f803aed712bf9b5c6b03768f0a6a1,https://data.chain.link/streams/xrp-usd-twap-60s-streams,1.3557166801060334,2026-09-11 18:45:52+00
zec-updown-5m-1789152000,ZEC,"ZCash Up or Down - September 11, 2:40PM-2:45PM ET",2026-09-11T18:45:00Z,2026-09-11T18:40:00Z,1170.0983336952438,Up,"[""1"", ""0""]",,,,0.495,0.01,resolved,0x62816dd570c3d20080d2dd6b42182d395e7a348a41faace8bea4c428033a07f3,https://data.chain.link/streams/zec-usd-twap-60s-streams,1171.7905630320047,2026-09-11 18:45:54+00
bnb-updown-5m-1789152300,BNB,"BNB Up or Down - September 11, 2:45PM-2:50PM ET",2026-09-11T18:50:00Z,2026-09-11T18:45:00Z,723.7364429362552,Down,"[""0"", ""1""]",0.02,621.350212,,-0.5045,0.001,resolved,0x61af9918a3b13546621a5561c68305d3d6dd239371bd69da076d0b0573733725,https://data.chain.link/streams/bnb-usd-twap-60s-streams,723.271926244711,2026-09-11 18:50:52+00
btc-updown-5m-1789152300,BTC,"Bitcoin Up or Down - September 11, 2:45PM-2:50PM ET",2026-09-11T18:50:00Z,2026-09-11T18:45:00Z,77089.4514950134,Down,"[""0"", ""1""]",0.01,63985.65456999993,2,-0.5045,0.001,resolved,0xbec574724034653ed31cc66606ff43881e3ebcd262d907dc04f16d64fe7a26aa,https://data.chain.link/streams/btc-usd-twap-60s-streams,77036.03338834947,2026-09-11 18:50:52+00
doge-updown-5m-1789152300,DOGE,"Dogecoin Up or Down - September 11, 2:45PM-2:50PM ET",2026-09-11T18:50:00Z,2026-09-11T18:45:00Z,0.0842074219483174,Down,"[""0"", ""1""]",0.06,614.5829070000001,,-0.495,0.01,resolved,0x592ab0e849dc68352d91cb7bafd43a6725fa1ce64df5ed9fa06d033d8e5965a2,https://data.chain.link/streams/doge-usd-twap-60s-streams,0.08413996022844343,2026-09-11 18:50:54+00
eth-updown-5m-1789152300,ETH,"Ethereum Up or Down - September 11, 2:45PM-2:50PM ET",2026-09-11T18:50:00Z,2026-09-11T18:45:00Z,2540.485926360828,Up,"[""1"", ""0""]",0.99,9453.33659,,0.49,0.01,resolved,0x0a30d3e1e056c8106d9d88537221b5bd912c478e2d73725889322d04d18298da,https://data.chain.link/streams/eth-usd-twap-60s-streams,2540.833442882665,2026-09-11 18:50:54+00
hype-updown-5m-1789152300,HYPE,"Hyperliquid Up or Down - September 11, 2:45PM-2:50PM ET",2026-09-11T18:50:00Z,2026-09-11T18:45:00Z,80.44918648709354,Down,"[""0"", ""1""]",0.44,204.30511,,-0.5,0.01,resolved,0x419d977b07e13a174fd9990d1ff761010939f815b9a494813ddecdff65448e6e,https://data.chain.link/streams/hype-usd-twap-60s-streams,80.39165384514796,2026-09-11 18:50:54+00
sol-updown-5m-1789152300,SOL,"Solana Up or Down - September 11, 2:45PM-2:50PM ET",2026-09-11T18:50:00Z,2026-09-11T18:45:00Z,101.36011156685667,Down,"[""0"", ""1""]",0.01,2364.079796,,-0.5045,0.001,resolved,0xf542c49233610ea268a36a6df8a3f9fa478acf6815536500ed68d86d72e03a16,https://data.chain.link/streams/sol-usd-twap-60s-streams,101.20601815583296,2026-09-11 18:50:52+00
xrp-updown-5m-1789152300,XRP,"XRP Up or Down - September 11, 2:45PM-2:50PM ET",2026-09-11T18:50:00Z,2026-09-11T18:45:00Z,1.3557166801060334,Down,"[""0"", ""1""]",0.11,894.3112249999999,,-0.5045,0.001,resolved,0x637b14eac693ec858c18204cb13f9b8464ac8f642b4a5a8b1b29f9bc8ba03ddd,https://data.chain.link/streams/xrp-usd-twap-60s-streams,1.354042064862569,2026-09-11 18:50:52+00
zec-updown-5m-1789152300,ZEC,"ZCash Up or Down - September 11, 2:45PM-2:50PM ET",2026-09-11T18:50:00Z,2026-09-11T18:45:00Z,1171.7905630320047,Down,"[""0"", ""1""]",,,,-0.495,0.01,resolved,0x870f51f17eef5cac3c8edf01f72cf6a568f1389b52c28caa3d87fe69795001aa,https://data.chain.link/streams/zec-usd-twap-60s-streams,1170.0472617057014,2026-09-11 18:50:52+00
bnb-updown-5m-1789152600,BNB,"BNB Up or Down - September 11, 2:50PM-2:55PM ET",2026-09-11T18:55:00Z,2026-09-11T18:50:00Z,723.271926244711,Down,"[""0"", ""1""]",,,,-0.5045,0.001,resolved,0xcee7a9851a6e219b3a988acb996564dcaaf52bee14bb6e7d1d5b19785d554993,https://data.chain.link/streams/bnb-usd-twap-60s-streams,721.6582349465701,2026-09-11 18:55:52+00
btc-updown-5m-1789152600,BTC,"Bitcoin Up or Down - September 11, 2:50PM-2:55PM ET",2026-09-11T18:55:00Z,2026-09-11T18:50:00Z,77036.03338834947,Down,"[""0"", ""1""]",0.01,37100.598509,,-0.5045,0.001,resolved,0x9fbc9cf7370c452f6ac393f45701a559831ec42e65ca54357e2deeabd3aeaf02,https://data.chain.link/streams/btc-usd-twap-60s-streams,76949.7176886125,2026-09-11 18:55:54+00
doge-updown-5m-1789152600,DOGE,"Dogecoin Up or Down - September 11, 2:50PM-2:55PM ET",2026-09-11T18:55:00Z,2026-09-11T18:50:00Z,0.08413996022844343,Down,"[""0"", ""1""]",0.19,169.495265,,-0.4995,0.001,resolved,0x468506132632c6d3fda176bd4cdc1d25294565c0f72d152f77e7f3550e32c901,https://data.chain.link/streams/doge-usd-twap-60s-streams,0.0838541831719942,2026-09-11 18:55:54+00
eth-updown-5m-1789152600,ETH,"Ethereum Up or Down - September 11, 2:50PM-2:55PM ET",2026-09-11T18:55:00Z,2026-09-11T18:50:00Z,2540.833442882665,Down,"[""0"", ""1""]",0.01,3512.2852199999998,,-0.5045,0.001,resolved,0xab7f75a3d3eb25a5b00fbdbc4338c7fd6c06566fd6ab60aa185b8bb33c92a5f9,https://data.chain.link/streams/eth-usd-twap-60s-streams,2532.890035789996,2026-09-11 18:55:54+00
hype-updown-5m-1789152600,HYPE,"Hyperliquid Up or Down - September 11, 2:50PM-2:55PM ET",2026-09-11T18:55:00Z,2026-09-11T18:50:00Z,80.39165384514796,Down,"[""0"", ""1""]",0.31,,,-0.5045,0.001,resolved,0xd0fbe1a3346ceda2e6b91a304b46d20c1cd2db2d84db567f672e95c1f7e96658,https://data.chain.link/streams/hype-usd-twap-60s-streams,79.98388849907424,2026-09-11 18:55:54+00
sol-updown-5m-1789152600,SOL,"Solana Up or Down - September 11, 2:50PM-2:55PM ET",2026-09-11T18:55:00Z,2026-09-11T18:50:00Z,101.20601815583296,Down,"[""0"", ""1""]",0.01,910.48206,,-0.5045,0.001,resolved,0x4d1d64c0151fc1eb4a9e7d22d9b6f87a2d30f403a4f68509e6e3f2b3582c54c4,https://data.chain.link/streams/sol-usd-twap-60s-streams,100.85955895629257,2026-09-11 18:55:54+00
xrp-updown-5m-1789152600,XRP,"XRP Up or Down - September 11, 2:50PM-2:55PM ET",2026-09-11T18:55:00Z,2026-09-11T18:50:00Z,1.354042064862569,Down,"[""0"", ""1""]",0.01,536.489151,,-0.5045,0.001,resolved,0xcd38f28b2090d9dd1338a4da16d19d0f713d57cb08a839cf0b78db9a2d7592c1,https://data.chain.link/streams/xrp-usd-twap-60s-streams,1.3492990766060187,2026-09-11 18:55:54+00
zec-updown-5m-1789152600,ZEC,"ZCash Up or Down - September 11, 2:50PM-2:55PM ET",2026-09-11T18:55:00Z,2026-09-11T18:50:00Z,1170.0472617057014,Down,"[""0"", ""1""]",,,,-0.495,0.01,resolved,0x3e65bb2878894effcbc45af31dc6e473f5cecc4ca049a3af655cb86e198880bc,https://data.chain.link/streams/zec-usd-twap-60s-streams,1164.999185175326,2026-09-11 18:55:54+00
bnb-updown-5m-1789152900,BNB,"BNB Up or Down - September 11, 2:55PM-3:00PM ET",2026-09-11T19:00:00Z,2026-09-11T18:55:00Z,721.6582349465701,Up,"[""1"", ""0""]",0.99,,,0.49,0.01,resolved,0xbecdbb04d8f01d7a48325d04877a0eb97ba83dc21244d094df96dc40c24bf964,https://data.chain.link/streams/bnb-usd-twap-60s-streams,722.2056857527604,2026-09-11 19:00:54+00
btc-updown-5m-1789152900,BTC,"Bitcoin Up or Down - September 11, 2:55PM-3:00PM ET",2026-09-11T19:00:00Z,2026-09-11T18:55:00Z,76949.7176886125,Up,"[""1"", ""0""]",0.999,42589.678302000015,,0.4945,0.001,resolved,0x2c21b1d1965b270f141bb22d4e3ab85e40c0bf767e89b6cbed302806d42ec9f2,https://data.chain.link/streams/btc-usd-twap-60s-streams,77031.32450001215,2026-09-11 19:00:54+00
doge-updown-5m-1789152900,DOGE,"Dogecoin Up or Down - September 11, 2:55PM-3:00PM ET",2026-09-11T19:00:00Z,2026-09-11T18:55:00Z,0.0838541831719942,Up,"[""1"", ""0""]",0.99,,,0.4995,0.001,resolved,0xfc2fa8079009438f6f00a14ea8d7734dcdd8ea4b245a7dd0ae956c1cf7358ed6,https://data.chain.link/streams/doge-usd-twap-60s-streams,0.08407314531141072,2026-09-11 19:00:54+00
eth-updown-5m-1789152900,ETH,"Ethereum Up or Down - September 11, 2:55PM-3:00PM ET",2026-09-11T19:00:00Z,2026-09-11T18:55:00Z,2532.890035789996,Up,"[""1"", ""0""]",0.99,,,0.49,0.01,resolved,0xfb9ff3c0fb29ce00b0ac0f0a1b73df6b9254877b750b883633ba0ad0f2f497ef,https://data.chain.link/streams/eth-usd-twap-60s-streams,2536.397854934758,2026-09-11 19:00:54+00
hype-updown-5m-1789152900,HYPE,"Hyperliquid Up or Down - September 11, 2:55PM-3:00PM ET",2026-09-11T19:00:00Z,2026-09-11T18:55:00Z,79.98388849907424,Down,"[""0"", ""1""]",0.24,,,-0.5,0.01,resolved,0xc936534cbe5c5d7efaedc885fbcee6c515d88aea146dcb48d69fcb396a74eb64,https://data.chain.link/streams/hype-usd-twap-60s-streams,79.89961493885605,2026-09-11 19:00:54+00
sol-updown-5m-1789152900,SOL,"Solana Up or Down - September 11, 2:55PM-3:00PM ET",2026-09-11T19:00:00Z,2026-09-11T18:55:00Z,100.85955895629257,Up,"[""1"", ""0""]",0.99,,,0.49,0.01,resolved,0xcbe56c359dbae78b67d7ac34321981a1b0e0fe94eca55173034cc4102817ae46,https://data.chain.link/streams/sol-usd-twap-60s-streams,101.04073318369257,2026-09-11 19:00:54+00
xrp-updown-5m-1789152900,XRP,"XRP Up or Down - September 11, 2:55PM-3:00PM ET",2026-09-11T19:00:00Z,2026-09-11T18:55:00Z,1.3492990766060187,Up,"[""1"", ""0""]",0.999,,,0.4945,0.001,resolved,0x764bdb58f8e442a0a05834878ee911968f7e0c178c0d9a5f00d8c8778406d466,https://data.chain.link/streams/xrp-usd-twap-60s-streams,1.351907592688746,2026-09-11 19:00:54+00
zec-updown-5m-1789152900,ZEC,"ZCash Up or Down - September 11, 2:55PM-3:00PM ET",2026-09-11T19:00:00Z,2026-09-11T18:55:00Z,1164.999185175326,Up,"[""1"", ""0""]",,,,0.495,0.01,resolved,0x035d52086845b9ad2cbb3545d52bcff0070e098f94bba432c5f880e3013f1771,https://data.chain.link/streams/zec-usd-twap-60s-streams,1166.7000104864012,2026-09-11 19:00:54+00
bnb-updown-5m-1789153200,BNB,"BNB Up or Down - September 11, 3:00PM-3:05PM ET",2026-09-11T19:05:00Z,2026-09-11T19:00:00Z,722.2056857527604,Up,"[""1"", ""0""]",0.99,,,0.49,0.01,resolved,0xf686fd5f623f3ca947b427f8236ce48ad506e82328b698e592ced770add624b9,https://data.chain.link/streams/bnb-usd-twap-60s-streams,722.605307122003,2026-09-11 19:05:54+00
btc-updown-5m-1789153200,BTC,"Bitcoin Up or Down - September 11, 3:00PM-3:05PM ET",2026-09-11T19:05:00Z,2026-09-11T19:00:00Z,77031.32450001215,Up,"[""1"", ""0""]",0.99,44750.87012799999,,0.4945,0.001,resolved,0x2a5dd8bcd87c964964990435fafd154f7f9843b3e2fb6ae91960ecb571d443c8,https://data.chain.link/streams/btc-usd-twap-60s-streams,77119.58174336745,2026-09-11 19:05:54+00
doge-updown-5m-1789153200,DOGE,"Dogecoin Up or Down - September 11, 3:00PM-3:05PM ET",2026-09-11T19:05:00Z,2026-09-11T19:00:00Z,0.08407314531141072,Down,"[""0"", ""1""]",0.12,,,-0.133,0.246,resolved,0xa45a3245dd143403a213110498b75f792fa346ba52793094ac7f430e24f1f3e3,https://data.chain.link/streams/doge-usd-twap-60s-streams,0.08406690434260271,2026-09-11 19:05:54+00
eth-updown-5m-1789153200,ETH,"Ethereum Up or Down - September 11, 3:00PM-3:05PM ET",2026-09-11T19:05:00Z,2026-09-11T19:00:00Z,2536.397854934758,Up,"[""1"", ""0""]",0.99,,,0.49,0.01,resolved,0xa636c8f58415512584a3611d69559d3f6a6741a094c6b882bfcc25ac8d7b69a6,https://data.chain.link/streams/eth-usd-twap-60s-streams,2539.479842470681,2026-09-11 19:05:54+00
hype-updown-5m-1789153200,HYPE,"Hyperliquid Up or Down - September 11, 3:00PM-3:05PM ET",2026-09-11T19:05:00Z,2026-09-11T19:00:00Z,79.89961493885605,Up,"[""1"", ""0""]",0.99,97.949235,,0.4945,0.001,resolved,0x681c187f0d88b8acba4c4d41c978a752f2eca218e64a4276ccc9c8f3f8c7b909,https://data.chain.link/streams/hype-usd-twap-60s-streams,79.99305208507417,2026-09-11 19:05:54+00
sol-updown-5m-1789153200,SOL,"Solana Up or Down - September 11, 3:00PM-3:05PM ET",2026-09-11T19:05:00Z,2026-09-11T19:00:00Z,101.04073318369257,Up,"[""1"", ""0""]",0.99,,,0.49,0.01,resolved,0xaf2716ea7b3e7cc808038391c4018bf5a04285a7327287a8ab518bcdd70647f0,https://data.chain.link/streams/sol-usd-twap-60s-streams,101.15343858702538,2026-09-11 19:05:54+00
xrp-updown-5m-1789153200,XRP,"XRP Up or Down - September 11, 3:00PM-3:05PM ET",2026-09-11T19:05:00Z,2026-09-11T19:00:00Z,1.351907592688746,Down,"[""0"", ""1""]",0.118,,,-0.4285,0.123,resolved,0xaecc0105f8325ca4fecd096edd3b3f256f93ded8bc33de7812e63a36601bef3d,https://data.chain.link/streams/xrp-usd-twap-60s-streams,1.3514447965877603,2026-09-11 19:05:54+00
zec-updown-5m-1789153200,ZEC,"ZCash Up or Down - September 11, 3:00PM-3:05PM ET",2026-09-11T19:05:00Z,2026-09-11T19:00:00Z,1166.7000104864012,Down,"[""0"", ""1""]",,,,-0.395,0.21,resolved,0xc76b2810579652f81430022532d0c0ad31a2320e59deec02d91c0cf4f206cebb,https://data.chain.link/streams/zec-usd-twap-60s-streams,1159.5009296001144,2026-09-11 19:05:54+00
bnb-updown-5m-1789153500,BNB,"BNB Up or Down - September 11, 3:05PM-3:10PM ET",2026-09-11T19:10:00Z,2026-09-11T19:05:00Z,722.605307122003,Up,"[""1"", ""0""]",0.99,,,0.4945,0.001,resolved,0x011f089a2672c71b1d14e2386853cc983957292b3d82ba6dd27308da2b40bb6e,https://data.chain.link/streams/bnb-usd-twap-60s-streams,723.6217883173476,2026-09-11 19:10:52+00
btc-updown-5m-1789153500,BTC,"Bitcoin Up or Down - September 11, 3:05PM-3:10PM ET",2026-09-11T19:10:00Z,2026-09-11T19:05:00Z,77119.58174336745,Up,"[""1"", ""0""]",0.999,53645.48643500001,27.490197,0.4945,0.001,resolved,0x73197b8e990bca2ef74480866c53e7be4f180d444ae27e2968cd514cebeae135,https://data.chain.link/streams/btc-usd-twap-60s-streams,77185.39891162432,2026-09-11 19:10:54+00
doge-updown-5m-1789153500,DOGE,"Dogecoin Up or Down - September 11, 3:05PM-3:10PM ET",2026-09-11T19:10:00Z,2026-09-11T19:05:00Z,0.08406690434260271,Up,"[""1"", ""0""]",0.99,,,0.4995,0.001,resolved,0x11530754ac91c29a6aff810c1336d512b895a8a4e4f7367f98ea8bb0054a61cb,https://data.chain.link/streams/doge-usd-twap-60s-streams,0.08420922275933942,2026-09-11 19:10:54+00
eth-updown-5m-1789153500,ETH,"Ethereum Up or Down - September 11, 3:05PM-3:10PM ET",2026-09-11T19:10:00Z,2026-09-11T19:05:00Z,2539.479842470681,Up,"[""1"", ""0""]",0.99,3381.149296,,0.4945,0.001,resolved,0x137b3aca73ffb3a2314d1500a3fa817ade26c667fe4538b50aff5eca65ff6aac,https://data.chain.link/streams/eth-usd-twap-60s-streams,2544.89525334025,2026-09-11 19:10:54+00
hype-updown-5m-1789153500,HYPE,"Hyperliquid Up or Down - September 11, 3:05PM-3:10PM ET",2026-09-11T19:10:00Z,2026-09-11T19:05:00Z,79.99305208507417,Up,"[""1"", ""0""]",0.99,,,0.49,0.01,resolved,0x26224d39e609bd30f3fb1135e54423ddc070d87268f86f197aec93b19d7bcd3c,https://data.chain.link/streams/hype-usd-twap-60s-streams,80.09901051244259,2026-09-11 19:10:52+00
sol-updown-5m-1789153500,SOL,"Solana Up or Down - September 11, 3:05PM-3:10PM ET",2026-09-11T19:10:00Z,2026-09-11T19:05:00Z,101.15343858702538,Up,"[""1"", ""0""]",0.99,1752.660013,,0.49,0.01,resolved,0xa8f8208ae3cdee93740b5dbee646ba941038bc9427bd54fe43d0a9ad41ba6c56,https://data.chain.link/streams/sol-usd-twap-60s-streams,101.26748340900825,2026-09-11 19:10:54+00
xrp-updown-5m-1789153500,XRP,"XRP Up or Down - September 11, 3:05PM-3:10PM ET",2026-09-11T19:10:00Z,2026-09-11T19:05:00Z,1.3514447965877603,Up,"[""1"", ""0""]",0.99,,,0.4945,0.001,resolved,0x7371a00acb83c11c6e778192cd251bd9ebd0f83ce60b4f88d9cfcb40ef38d919,https://data.chain.link/streams/xrp-usd-twap-60s-streams,1.3536537033726521,2026-09-11 19:10:54+00
zec-updown-5m-1789153500,ZEC,"ZCash Up or Down - September 11, 3:05PM-3:10PM ET",2026-09-11T19:10:00Z,2026-09-11T19:05:00Z,1159.5009296001144,Up,"[""1"", ""0""]",,,,0.495,0.01,resolved,0xce2105c418a66fa87d1aeab90d8091cfa36fa0297b736b9201aadec2049b390a,https://data.chain.link/streams/zec-usd-twap-60s-streams,1159.9172789974516,2026-09-11 19:10:54+00
bnb-updown-5m-1789153800,BNB,"BNB Up or Down - September 11, 3:10PM-3:15PM ET",2026-09-11T19:15:00Z,2026-09-11T19:10:00Z,723.6217883173476,Up,"[""1"", ""0""]",0.99,,,0.4945,0.001,resolved,0xee0d12b2765ca256c933d4c48f5804bf81fdbafda533c832c20c8bb8caf59f0f,https://data.chain.link/streams/bnb-usd-twap-60s-streams,723.9726450027761,2026-09-11 19:15:54+00
btc-updown-5m-1789153800,BTC,"Bitcoin Up or Down - September 11, 3:10PM-3:15PM ET",2026-09-11T19:15:00Z,2026-09-11T19:10:00Z,77185.39891162432,Down,"[""0"", ""1""]",0.01,62443.89294299999,2,-0.5,0.01,resolved,0x90d0795d5ac19566aa4528128ac4fe0cbd257567cd30e244dfc1f2ca214c37b2,https://data.chain.link/streams/btc-usd-twap-60s-streams,77181.27277206692,2026-09-11 19:15:54+00
doge-updown-5m-1789153800,DOGE,"Dogecoin Up or Down - September 11, 3:10PM-3:15PM ET",2026-09-11T19:15:00Z,2026-09-11T19:10:00Z,0.08420922275933942,Down,"[""0"", ""1""]",0.16,,,-0.4995,0.001,resolved,0x90f4380bd032eb5847f5681d79bf16ecf494ad818af44dc55f87ac3d81da20cf,https://data.chain.link/streams/doge-usd-twap-60s-streams,0.08406737856552367,2026-09-11 19:15:54+00
eth-updown-5m-1789153800,ETH,"Ethereum Up or Down - September 11, 3:10PM-3:15PM ET",2026-09-11T19:15:00Z,2026-09-11T19:10:00Z,2544.89525334025,Down,"[""0"", ""1""]",0.11,,,-0.5,0.01,resolved,0x5e7d08c94d67fe55af25c6b129b8ce74f113a5d0c81aa21a56902755d92c6b6c,https://data.chain.link/streams/eth-usd-twap-60s-streams,2544.5715782560487,2026-09-11 19:15:54+00
hype-updown-5m-1789153800,HYPE,"Hyperliquid Up or Down - September 11, 3:10PM-3:15PM ET",2026-09-11T19:15:00Z,2026-09-11T19:10:00Z,80.09901051244259,Up,"[""1"", ""0""]",0.99,,,0.4945,0.001,resolved,0xa8cbb5a21eaa45c671fc2b20c32a6baf75429f7ef1f006960f32553fe45d67ab,https://data.chain.link/streams/hype-usd-twap-60s-streams,80.13633367884653,2026-09-11 19:15:54+00
sol-updown-5m-1789153800,SOL,"Solana Up or Down - September 11, 3:10PM-3:15PM ET",2026-09-11T19:15:00Z,2026-09-11T19:10:00Z,101.26748340900825,Down,"[""0"", ""1""]",0.02,,,-0.4995,0.001,resolved,0xe0b6b073d542ca4de9dbc43d8e4e93ce2877a461b21ade7acd718f6b00d776d2,https://data.chain.link/streams/sol-usd-twap-60s-streams,101.21300636798524,2026-09-11 19:15:54+00
xrp-updown-5m-1789153800,XRP,"XRP Up or Down - September 11, 3:10PM-3:15PM ET",2026-09-11T19:15:00Z,2026-09-11T19:10:00Z,1.3536537033726521,Down,"[""0"", ""1""]",0.03,,,-0.4995,0.001,resolved,0xd012a24632282bbba14fd07764515d26ae6da3389881d055e4a3dd722612cc31,https://data.chain.link/streams/xrp-usd-twap-60s-streams,1.3514034461911033,2026-09-11 19:15:54+00
zec-updown-5m-1789153800,ZEC,"ZCash Up or Down - September 11, 3:10PM-3:15PM ET",2026-09-11T19:15:00Z,2026-09-11T19:10:00Z,1159.9172789974516,Down,"[""0"", ""1""]",,,,-0.495,0.01,resolved,0x9073e45bdb7b90e713367807b71be5a4820f03fccd3f0b24c46253b18dd4bb3e,https://data.chain.link/streams/zec-usd-twap-60s-streams,1157.1920479763576,2026-09-11 19:15:54+00
bnb-updown-5m-1789154100,BNB,"BNB Up or Down - September 11, 3:15PM-3:20PM ET",2026-09-11T19:20:00Z,2026-09-11T19:15:00Z,723.9726450027761,Down,"[""0"", ""1""]",0.66,427.6368,,-0.5,0.01,resolved,0xa212dd038f278f5d57c4373d4ac364e7050ed7793c76621479a748bf07ce4edc,https://data.chain.link/streams/bnb-usd-twap-60s-streams,723.731220255227,2026-09-11 19:20:54+00
btc-updown-5m-1789154100,BTC,"Bitcoin Up or Down - September 11, 3:15PM-3:20PM ET",2026-09-11T19:20:00Z,2026-09-11T19:15:00Z,77181.27277206692,Down,"[""0"", ""1""]",0.01,66577.41221800004,2,-0.5,0.01,resolved,0x12d1ecfb19df3b175c50dd10a89e75940114501a60881467c2673a6cd72b532c,https://data.chain.link/streams/btc-usd-twap-60s-streams,77154.6761069922,2026-09-11 19:20:54+00
doge-updown-5m-1789154100,DOGE,"Dogecoin Up or Down - September 11, 3:15PM-3:20PM ET",2026-09-11T19:20:00Z,2026-09-11T19:15:00Z,0.08406737856552367,Down,"[""0"", ""1""]",0.01,446.68509199999994,,-0.495,0.01,resolved,0x9870ba65d6122d4aae4da2ae43db81269de99866a9aa43547a47c3881b1ab7d5,https://data.chain.link/streams/doge-usd-twap-60s-streams,0.0840605053391216,2026-09-11 19:20:54+00
eth-updown-5m-1789154100,ETH,"Ethereum Up or Down - September 11, 3:15PM-3:20PM ET",2026-09-11T19:20:00Z,2026-09-11T19:15:00Z,2544.5715782560487,Down,"[""0"", ""1""]",0.03,5294.236291,,-0.4995,0.001,resolved,0x29a70ae8424a3040689ce94523c47dae6c2f7f89b9bdc5b07948bd0c303ea7d5,https://data.chain.link/streams/eth-usd-twap-60s-streams,2541.7634932783894,2026-09-11 19:20:54+00
hype-updown-5m-1789154100,HYPE,"Hyperliquid Up or Down - September 11, 3:15PM-3:20PM ET",2026-09-11T19:20:00Z,2026-09-11T19:15:00Z,80.13633367884653,Down,"[""0"", ""1""]",0.32,113.067644,,-0.5,0.01,resolved,0x9fadf8ec01490b1bd937f730370dba6efe3c0cdab9251a5df752b2af7e61c24d,https://data.chain.link/streams/hype-usd-twap-60s-streams,80.07863342813631,2026-09-11 19:20:54+00
sol-updown-5m-1789154100,SOL,"Solana Up or Down - September 11, 3:15PM-3:20PM ET",2026-09-11T19:20:00Z,2026-09-11T19:15:00Z,101.21300636798524,Down,"[""0"", ""1""]",0.01,2443.0506840000007,,-0.5,0.01,resolved,0x72d19dc3df478dbb390d7a8134abfdb8a3071f1354f9bb6483edcc0d8b1481e7,https://data.chain.link/streams/sol-usd-twap-60s-streams,101.11373269092115,2026-09-11 19:20:54+00
xrp-updown-5m-1789154100,XRP,"XRP Up or Down - September 11, 3:15PM-3:20PM ET",2026-09-11T19:20:00Z,2026-09-11T19:15:00Z,1.3514034461911033,Up,"[""1"", ""0""]",0.99,1285.474861,,0.49,0.01,resolved,0x9db0b87b88618360c0c55c02329266fb08470942afbcab25b1e3acfd3f22c235,https://data.chain.link/streams/xrp-usd-twap-60s-streams,1.3516120090533235,2026-09-11 19:20:54+00
zec-updown-5m-1789154100,ZEC,"ZCash Up or Down - September 11, 3:15PM-3:20PM ET",2026-09-11T19:20:00Z,2026-09-11T19:15:00Z,1157.1920479763576,Up,"[""1"", ""0""]",,,,0.495,0.01,resolved,0x24894f09542e36449f83a641e6ed3ed888a51038161cbfb9fe58e92bdf87a26d,https://data.chain.link/streams/zec-usd-twap-60s-streams,1157.2749758775392,2026-09-11 19:20:54+00
bnb-updown-5m-1789154400,BNB,"BNB Up or Down - September 11, 3:20PM-3:25PM ET",2026-09-11T19:25:00Z,2026-09-11T19:20:00Z,723.731220255227,Up,"[""1"", ""0""]",0.99,,,0.4945,0.001,resolved,0x4515182f9a5054828dbd2ecbaecbe48247cfe2ef8e84cde076e2be44ead4e755,https://data.chain.link/streams/bnb-usd-twap-60s-streams,724.8008279730234,2026-09-11 19:25:54+00
btc-updown-5m-1789154400,BTC,"Bitcoin Up or Down - September 11, 3:20PM-3:25PM ET",2026-09-11T19:25:00Z,2026-09-11T19:20:00Z,77154.6761069922,Up,"[""1"", ""0""]",0.99,40668.63216599998,2,0.4945,0.001,resolved,0x3b96a06cb460adac100349c005ddf56df0acc824063d20b2b07d58f5704b9b54,https://data.chain.link/streams/btc-usd-twap-60s-streams,77221.50881796956,2026-09-11 19:25:54+00
doge-updown-5m-1789154400,DOGE,"Dogecoin Up or Down - September 11, 3:20PM-3:25PM ET",2026-09-11T19:25:00Z,2026-09-11T19:20:00Z,0.0840605053391216,Up,"[""1"", ""0""]",0.99,233.96376099999998,,0.4995,0.001,resolved,0x5b6b66ba5dfecf4cf6e9c12dd1d97f2f10c938d360d73507a8e04c8b96dafa56,https://data.chain.link/streams/doge-usd-twap-60s-streams,0.08430262260913189,2026-09-11 19:25:54+00
eth-updown-5m-1789154400,ETH,"Ethereum Up or Down - September 11, 3:20PM-3:25PM ET",2026-09-11T19:25:00Z,2026-09-11T19:20:00Z,2541.7634932783894,Up,"[""1"", ""0""]",0.99,4074.7650920000005,,0.4945,0.001,resolved,0x15082f7ced009159f41ba281ae2e1e0ccdf6ff77bea82b9f21d33838c71363e3,https://data.chain.link/streams/eth-usd-twap-60s-streams,2543.826451347474,2026-09-11 19:25:54+00
hype-updown-5m-1789154400,HYPE,"Hyperliquid Up or Down - September 11, 3:20PM-3:25PM ET",2026-09-11T19:25:00Z,2026-09-11T19:20:00Z,80.07863342813631,Up,"[""1"", ""0""]",0.98,,,0.4945,0.001,resolved,0x44196ca73f8887263ae8aabbd2cac95df149a92c31115c43770f613c85f0ca14,https://data.chain.link/streams/hype-usd-twap-60s-streams,80.38451831166476,2026-09-11 19:25:54+00
sol-updown-5m-1789154400,SOL,"Solana Up or Down - September 11, 3:20PM-3:25PM ET",2026-09-11T19:25:00Z,2026-09-11T19:20:00Z,101.11373269092115,Up,"[""1"", ""0""]",0.99,2177.0699739999995,,0.4945,0.001,resolved,0x1cf493db564cf85b494fdb8fce6f75a087555c7485bc037a58eb42a685113f5a,https://data.chain.link/streams/sol-usd-twap-60s-streams,101.31361797814186,2026-09-11 19:25:54+00
xrp-updown-5m-1789154400,XRP,"XRP Up or Down - September 11, 3:20PM-3:25PM ET",2026-09-11T19:25:00Z,2026-09-11T19:20:00Z,1.3516120090533235,Up,"[""1"", ""0""]",0.99,,,0.4945,0.001,resolved,0x70bb7940b07a0aa69b36f67a1db209df99a2a340d7c14c443a4a29892c89fc51,https://data.chain.link/streams/xrp-usd-twap-60s-streams,1.3556543309576548,2026-09-11 19:25:54+00
zec-updown-5m-1789154400,ZEC,"ZCash Up or Down - September 11, 3:20PM-3:25PM ET",2026-09-11T19:25:00Z,2026-09-11T19:20:00Z,1157.2749758775392,Up,"[""1"", ""0""]",,,,0.495,0.01,resolved,0xbf99d46173c8c7742656f42e5d6a9456b33a849e01fb98b166a545ccaf34478b,https://data.chain.link/streams/zec-usd-twap-60s-streams,1166.6311733021844,2026-09-11 19:25:54+00
bnb-updown-5m-1789154700,BNB,"BNB Up or Down - September 11, 3:25PM-3:30PM ET",2026-09-11T19:30:00Z,2026-09-11T19:25:00Z,724.8008279730234,Up,"[""1"", ""0""]",0.99,,,0.49,0.01,resolved,0x0d83149a3ba8211935cf7888727afb75ecafa1932aaf1150a1dfe8d6ed8f7c21,https://data.chain.link/streams/bnb-usd-twap-60s-streams,725.1794243659402,2026-09-11 19:31:01+00
btc-updown-5m-1789154700,BTC,"Bitcoin Up or Down - September 11, 3:25PM-3:30PM ET",2026-09-11T19:30:00Z,2026-09-11T19:25:00Z,77221.50881796956,Up,"[""1"", ""0""]",0.99,48132.95408200002,2,0.49,0.01,resolved,0xed73650ba053ea715d4df2bc59f818557f5ebff4a351636379ac2b5a9399afd3,https://data.chain.link/streams/btc-usd-twap-60s-streams,77247.16886966211,2026-09-11 19:31:01+00
doge-updown-5m-1789154700,DOGE,"Dogecoin Up or Down - September 11, 3:25PM-3:30PM ET",2026-09-11T19:30:00Z,2026-09-11T19:25:00Z,0.08430262260913189,Up,"[""1"", ""0""]",0.99,,,0.4995,0.001,resolved,0x129b99f7c4212f1c6d35d48fc6051f2f68f9965961786ae19e2c730fee197254,https://data.chain.link/streams/doge-usd-twap-60s-streams,0.08442070552528615,2026-09-11 19:31:03+00
eth-updown-5m-1789154700,ETH,"Ethereum Up or Down - September 11, 3:25PM-3:30PM ET",2026-09-11T19:30:00Z,2026-09-11T19:25:00Z,2543.826451347474,Up,"[""1"", ""0""]",0.99,,,0.49,0.01,resolved,0x8aa78ede427e72992cc5a9ad0b35ccc4fe99961b80730ac883b6047e07f3a294,https://data.chain.link/streams/eth-usd-twap-60s-streams,2546.2755276811617,2026-09-11 19:31:01+00
hype-updown-5m-1789154700,HYPE,"Hyperliquid Up or Down - September 11, 3:25PM-3:30PM ET",2026-09-11T19:30:00Z,2026-09-11T19:25:00Z,80.38451831166476,Up,"[""1"", ""0""]",0.99,,,0.49,0.01,resolved,0x680c536817b370b776321a224f4fd20abcfc501f97e8d063290dc49aa02ad92a,https://data.chain.link/streams/hype-usd-twap-60s-streams,80.48608516365844,2026-09-11 19:31:01+00
sol-updown-5m-1789154700,SOL,"Solana Up or Down - September 11, 3:25PM-3:30PM ET",2026-09-11T19:30:00Z,2026-09-11T19:25:00Z,101.31361797814186,Up,"[""1"", ""0""]",0.99,,,0.4945,0.001,resolved,0x915e3f13b977482242d48bad613fd4f89f7b679be93193e51e4c104e5bbe0c3b,https://data.chain.link/streams/sol-usd-twap-60s-streams,101.5504334423432,2026-09-11 19:31:01+00
xrp-updown-5m-1789154700,XRP,"XRP Up or Down - September 11, 3:25PM-3:30PM ET",2026-09-11T19:30:00Z,2026-09-11T19:25:00Z,1.3556543309576548,Up,"[""1"", ""0""]",0.99,,,0.49,0.01,resolved,0xae0406e1829430b773a486b8974f0806d23218d1550b43fb6b21f3f3e678b0cd,https://data.chain.link/streams/xrp-usd-twap-60s-streams,1.3570765016827329,2026-09-11 19:31:01+00
zec-updown-5m-1789154700,ZEC,"ZCash Up or Down - September 11, 3:25PM-3:30PM ET",2026-09-11T19:30:00Z,2026-09-11T19:25:00Z,1166.6311733021844,Up,"[""1"", ""0""]",,,,0.495,0.01,resolved,0xf6028f74fef1926a4dd83bc84acbb468b386879e7ff7aa3d0f87c32ea0913ece,https://data.chain.link/streams/zec-usd-twap-60s-streams,1168.6649588011649,2026-09-11 19:31:01+00
bnb-updown-5m-1789155000,BNB,"BNB Up or Down - September 11, 3:30PM-3:35PM ET",2026-09-11T19:35:00Z,2026-09-11T19:30:00Z,725.1794243659402,Down,"[""0"", ""1""]",0.01,883.3825730000001,,-0.5045,0.001,resolved,0x8f26240b04d0885ecaf80aac91a4b4378007f1a8dc547bd82cd8633146c15343,https://data.chain.link/streams/bnb-usd-twap-60s-streams,724.3204357761031,2026-09-11 19:36:27+00
btc-updown-5m-1789155000,BTC,"Bitcoin Up or Down - September 11, 3:30PM-3:35PM ET",2026-09-11T19:35:00Z,2026-09-11T19:30:00Z,77247.16886966211,Down,"[""0"", ""1""]",0.01,41991.77904999998,2,-0.5045,0.001,resolved,0x7a70a8b9dddf789752cff75b9e49289ab49bb7dfb5aa2290689c576f3adb1b3b,https://data.chain.link/streams/btc-usd-twap-60s-streams,77196.005095984,2026-09-11 19:36:27+00
doge-updown-5m-1789155000,DOGE,"Dogecoin Up or Down - September 11, 3:30PM-3:35PM ET",2026-09-11T19:35:00Z,2026-09-11T19:30:00Z,0.08442070552528615,Down,"[""0"", ""1""]",0.16,246.44149499999997,,-0.4995,0.001,resolved,0x8e7a304ecc5479fb962a51bf8d272bb79e526209b36d892dd2e1f45fe6d39df0,https://data.chain.link/streams/doge-usd-twap-60s-streams,0.08433120354354472,2026-09-11 19:36:27+00
eth-updown-5m-1789155000,ETH,"Ethereum Up or Down - September 11, 3:30PM-3:35PM ET",2026-09-11T19:35:00Z,2026-09-11T19:30:00Z,2546.2755276811617,Down,"[""0"", ""1""]",0.02,3547.4082889999986,,-0.5045,0.001,resolved,0x1e03fd2af2074474c366bcbc5b257d38a5c9bb310ffbe34b0c8215aba70d3c80,https://data.chain.link/streams/eth-usd-twap-60s-streams,2544.667736703398,2026-09-11 19:36:27+00
hype-updown-5m-1789155000,HYPE,"Hyperliquid Up or Down - September 11, 3:30PM-3:35PM ET",2026-09-11T19:35:00Z,2026-09-11T19:30:00Z,80.48608516365844,Down,"[""0"", ""1""]",0.32,53.263289,,-0.5045,0.001,resolved,0x127d818497445461169a5815372ab0ca71ffdafa3e787b49142deeeeba3f42bf,https://data.chain.link/streams/hype-usd-twap-60s-streams,80.39604605224234,2026-09-11 19:36:27+00
sol-updown-5m-1789155000,SOL,"Solana Up or Down - September 11, 3:30PM-3:35PM ET",2026-09-11T19:35:00Z,2026-09-11T19:30:00Z,101.5504334423432,Up,"[""1"", ""0""]",0.99,2081.99143,,0.49,0.01,resolved,0x037790c51310b1c84798a749806df1f92b98899ec8352a6fd584db45af8ede87,https://data.chain.link/streams/sol-usd-twap-60s-streams,101.55834194316019,2026-09-11 19:36:27+00
xrp-updown-5m-1789155000,XRP,"XRP Up or Down - September 11, 3:30PM-3:35PM ET",2026-09-11T19:35:00Z,2026-09-11T19:30:00Z,1.3570765016827329,Down,"[""0"", ""1""]",0.01,802.9244630000001,,-0.5,0.01,resolved,0x9b5b5f78f9a06a7cdd9b1ffb46417bb597de7b16b924f783223e579dd61715b7,https://data.chain.link/streams/xrp-usd-twap-60s-streams,1.3564552877734066,2026-09-11 19:36:27+00
zec-updown-5m-1789155000,ZEC,"ZCash Up or Down - September 11, 3:30PM-3:35PM ET",2026-09-11T19:35:00Z,2026-09-11T19:30:00Z,1168.6649588011649,Down,"[""0"", ""1""]",,,,-0.495,0.01,resolved,0xc18285c67bfbd12175d5079b58fed363ea3320e18e970fc74bf26c8dc73bf761,https://data.chain.link/streams/zec-usd-twap-60s-streams,1164.5699454294852,2026-09-11 19:36:27+00
bnb-updown-5m-1789155300,BNB,"BNB Up or Down - September 11, 3:35PM-3:40PM ET",2026-09-11T19:40:00Z,2026-09-11T19:35:00Z,724.3204357761031,Down,"[""0"", ""1""]",0.024,,,-0.5045,0.001,resolved,0x9722aa4255e12d64948dcf28597756d607b7be68bd99ef035ed409bc578e5288,https://data.chain.link/streams/bnb-usd-twap-60s-streams,724.2455312628061,2026-09-11 19:41:28+00
btc-updown-5m-1789155300,BTC,"Bitcoin Up or Down - September 11, 3:35PM-3:40PM ET",2026-09-11T19:40:00Z,2026-09-11T19:35:00Z,77196.005095984,Up,"[""1"", ""0""]",0.99,65208.100089000014,2,0.49,0.01,resolved,0x46fd04bbfd692c3b4a962b90541a1357a5756d9fce5d0bf025a536eff3ccb6c5,https://data.chain.link/streams/btc-usd-twap-60s-streams,77227.85685040572,2026-09-11 19:41:27+00
doge-updown-5m-1789155300,DOGE,"Dogecoin Up or Down - September 11, 3:35PM-3:40PM ET",2026-09-11T19:40:00Z,2026-09-11T19:35:00Z,0.08433120354354472,Down,"[""0"", ""1""]",0.01,1868.555445,,-0.495,0.01,resolved,0xc77470e6d79bf9b58994cf9b8fcd0e410be891acfdef48153ddad3211bb9e92e,https://data.chain.link/streams/doge-usd-twap-60s-streams,0.08432298280381992,2026-09-11 19:41:27+00
eth-updown-5m-1789155300,ETH,"Ethereum Up or Down - September 11, 3:35PM-3:40PM ET",2026-09-11T19:40:00Z,2026-09-11T19:35:00Z,2544.667736703398,Down,"[""0"", ""1""]",0.03,4300.137954999998,,-0.5,0.01,resolved,0xe77878c73b1ab0c94ed86f3c51df725a7e7bfd10a7f08483f051a52051832a6c,https://data.chain.link/streams/eth-usd-twap-60s-streams,2543.3366026554663,2026-09-11 19:41:27+00
hype-updown-5m-1789155300,HYPE,"Hyperliquid Up or Down - September 11, 3:35PM-3:40PM ET",2026-09-11T19:40:00Z,2026-09-11T19:35:00Z,80.39604605224234,Down,"[""0"", ""1""]",0.05,,,-0.5,0.01,resolved,0x149930942f8c7a6e13ce6975c01a4561922a088b876eefbbfb7c35b349eaede9,https://data.chain.link/streams/hype-usd-twap-60s-streams,80.38377653370716,2026-09-11 19:41:27+00
sol-updown-5m-1789155300,SOL,"Solana Up or Down - September 11, 3:35PM-3:40PM ET",2026-09-11T19:40:00Z,2026-09-11T19:35:00Z,101.55834194316019,Up,"[""1"", ""0""]",0.99,2521.057323,,0.49,0.01,resolved,0xb7e5eba4814d53a67ab0ed94966d296ecf2082776292f52edcbb3fb32aca445d,https://data.chain.link/streams/sol-usd-twap-60s-streams,101.56035394925328,2026-09-11 19:41:27+00
xrp-updown-5m-1789155300,XRP,"XRP Up or Down - September 11, 3:35PM-3:40PM ET",2026-09-11T19:40:00Z,2026-09-11T19:35:00Z,1.3564552877734066,Up,"[""1"", ""0""]",0.99,,,0.49,0.01,resolved,0x43b8f33d48a178ea6d973115f4657dbe5659787d70a6a9775cd0a7a73ab585c1,https://data.chain.link/streams/xrp-usd-twap-60s-streams,1.3566031549700825,2026-09-11 19:41:27+00
zec-updown-5m-1789155300,ZEC,"ZCash Up or Down - September 11, 3:35PM-3:40PM ET",2026-09-11T19:40:00Z,2026-09-11T19:35:00Z,1164.5699454294852,Down,"[""0"", ""1""]",,,,-0.495,0.01,resolved,0xa53d88c7dfa41fa9facf204d90cc91f3becf0306d9bd7b1d527e17381da20efc,https://data.chain.link/streams/zec-usd-twap-60s-streams,1162.185157810368,2026-09-11 19:41:27+00
bnb-updown-5m-1789155600,BNB,"BNB Up or Down - September 11, 3:40PM-3:45PM ET",2026-09-11T19:45:00Z,2026-09-11T19:40:00Z,724.2455312628061,Up,"[""1"", ""0""]",0.99,,,0.4945,0.001,resolved,0xe8691056fe8f2e6d29beae2da0a1539c4de653e4c04fb204573e4ab02ebcdff3,https://data.chain.link/streams/bnb-usd-twap-60s-streams,724.7450870148867,2026-09-11 19:45:55+00
btc-updown-5m-1789155600,BTC,"Bitcoin Up or Down - September 11, 3:40PM-3:45PM ET",2026-09-11T19:45:00Z,2026-09-11T19:40:00Z,77227.85685040572,Up,"[""1"", ""0""]",0.999,46371.29966000002,2,0.4945,0.001,resolved,0x2f1ac78b4808bd9c3703176cc08d638cacbc2573e3638da7fdf22d78e2f6a868,https://data.chain.link/streams/btc-usd-twap-60s-streams,77268.0480298392,2026-09-11 19:45:54+00
doge-updown-5m-1789155600,DOGE,"Dogecoin Up or Down - September 11, 3:40PM-3:45PM ET",2026-09-11T19:45:00Z,2026-09-11T19:40:00Z,0.08432298280381992,Up,"[""1"", ""0""]",0.99,,,0.4995,0.001,resolved,0xc3cf0d53bc16d75745e436136947f0ac3cf759d21af00a359e1410a5ce488ea8,https://data.chain.link/streams/doge-usd-twap-60s-streams,0.08440217101735448,2026-09-11 19:45:54+00
eth-updown-5m-1789155600,ETH,"Ethereum Up or Down - September 11, 3:40PM-3:45PM ET",2026-09-11T19:45:00Z,2026-09-11T19:40:00Z,2543.3366026554663,Down,"[""0"", ""1""]",0.01,,,-0.5045,0.001,resolved,0x23c79a17d3f5b4afe33da545dc3ede488e0fc1cb7ae3376c0f908de78ad3865f,https://data.chain.link/streams/eth-usd-twap-60s-streams,2542.4752128089563,2026-09-11 19:45:54+00
hype-updown-5m-1789155600,HYPE,"Hyperliquid Up or Down - September 11, 3:40PM-3:45PM ET",2026-09-11T19:45:00Z,2026-09-11T19:40:00Z,80.38377653370716,Up,"[""1"", ""0""]",0.99,,,0.4945,0.001,resolved,0xccb6cdad7cf015e711040b968b3e0c1d2a83cadf5233136eb8d31c2003b1a1e2,https://data.chain.link/streams/hype-usd-twap-60s-streams,80.58752280275031,2026-09-11 19:45:54+00
sol-updown-5m-1789155600,SOL,"Solana Up or Down - September 11, 3:40PM-3:45PM ET",2026-09-11T19:45:00Z,2026-09-11T19:40:00Z,101.56035394925328,Up,"[""1"", ""0""]",0.99,,,0.4945,0.001,resolved,0xd29dc7b5802d0ac72df564e14a372ce1163235d079b44d1c2f0de8b130c70629,https://data.chain.link/streams/sol-usd-twap-60s-streams,101.65016685434675,2026-09-11 19:45:54+00
xrp-updown-5m-1789155600,XRP,"XRP Up or Down - September 11, 3:40PM-3:45PM ET",2026-09-11T19:45:00Z,2026-09-11T19:40:00Z,1.3566031549700825,Up,"[""1"", ""0""]",0.99,,,0.4945,0.001,resolved,0xe0498094497feb92e176f906483ed4adf70f5f9e146f11a99e2075ce563bbb36,https://data.chain.link/streams/xrp-usd-twap-60s-streams,1.3577156885299486,2026-09-11 19:45:55+00
zec-updown-5m-1789155600,ZEC,"ZCash Up or Down - September 11, 3:40PM-3:45PM ET",2026-09-11T19:45:00Z,2026-09-11T19:40:00Z,1162.185157810368,Up,"[""1"", ""0""]",,,,0.495,0.01,resolved,0x5a9951d04f1297412324ce0e8b56224ec0c00f2ee07d61168f9a2912fe0a2fe7,https://data.chain.link/streams/zec-usd-twap-60s-streams,1167.1419766969252,2026-09-11 19:45:55+00
bnb-updown-5m-1789155900,BNB,"BNB Up or Down - September 11, 3:45PM-3:50PM ET",2026-09-11T19:50:00Z,2026-09-11T19:45:00Z,724.7450870148867,Up,"[""1"", ""0""]",0.99,,,0.49,0.01,resolved,0x62fcb313dbf64af5b121f85cb8728eb0fbd99ce67bc976d450a54120a8ec91ea,https://data.chain.link/streams/bnb-usd-twap-60s-streams,724.8424589741444,2026-09-11 19:51:25+00
btc-updown-5m-1789155900,BTC,"Bitcoin Up or Down - September 11, 3:45PM-3:50PM ET",2026-09-11T19:50:00Z,2026-09-11T19:45:00Z,77268.0480298392,Up,"[""1"", ""0""]",0.99,68941.63810400013,2,0.49,0.01,resolved,0x7ca69ae180c0efe8bfe986b62f79d785a341ef12a2d7667bee3792ffac4a223b,https://data.chain.link/streams/btc-usd-twap-60s-streams,77283.70851719969,2026-09-11 19:51:27+00
doge-updown-5m-1789155900,DOGE,"Dogecoin Up or Down - September 11, 3:45PM-3:50PM ET",2026-09-11T19:50:00Z,2026-09-11T19:45:00Z,0.08440217101735448,Up,"[""1"", ""0""]",0.98,,,0.495,0.01,resolved,0x7713b4eb3720986cbe58b4e149d60ed598bda140ae2c7209371c8cc9fe098cd1,https://data.chain.link/streams/doge-usd-twap-60s-streams,0.08440747579244341,2026-09-11 19:51:27+00
eth-updown-5m-1789155900,ETH,"Ethereum Up or Down - September 11, 3:45PM-3:50PM ET",2026-09-11T19:50:00Z,2026-09-11T19:45:00Z,2542.4752128089563,Down,"[""0"", ""1""]",0.01,,,-0.5,0.01,resolved,0x861d13d56bc2047d9d2034ffbd4da62f9f09b4ba7c0f16e01a12ecdc0d5bcc3f,https://data.chain.link/streams/eth-usd-twap-60s-streams,2540.6009357804724,2026-09-11 19:51:27+00
hype-updown-5m-1789155900,HYPE,"Hyperliquid Up or Down - September 11, 3:45PM-3:50PM ET",2026-09-11T19:50:00Z,2026-09-11T19:45:00Z,80.58752280275031,Up,"[""1"", ""0""]",0.99,,,0.49,0.01,resolved,0x366e8ff34afef00be3cd4d6010c68204467af4d1aa19a8d9e5ef290b02934983,https://data.chain.link/streams/hype-usd-twap-60s-streams,80.64231061970888,2026-09-11 19:51:27+00
sol-updown-5m-1789155900,SOL,"Solana Up or Down - September 11, 3:45PM-3:50PM ET",2026-09-11T19:50:00Z,2026-09-11T19:45:00Z,101.65016685434675,Up,"[""1"", ""0""]",0.99,,,0.49,0.01,resolved,0xdf19014499c1e5b4a2ed5a1828848d2a8d6047bb39e6ecbc7d7428d565dd0d2d,https://data.chain.link/streams/sol-usd-twap-60s-streams,101.72488489310975,2026-09-11 19:51:27+00
xrp-updown-5m-1789155900,XRP,"XRP Up or Down - September 11, 3:45PM-3:50PM ET",2026-09-11T19:50:00Z,2026-09-11T19:45:00Z,1.3577156885299486,Up,"[""1"", ""0""]",0.99,,,0.49,0.01,resolved,0xa998288aef29fe2ef9bbf89b3564d63a4eb82b2dc90a1529a1924ed3167bdf32,https://data.chain.link/streams/xrp-usd-twap-60s-streams,1.3589611409741744,2026-09-11 19:51:27+00
zec-updown-5m-1789155900,ZEC,"ZCash Up or Down - September 11, 3:45PM-3:50PM ET",2026-09-11T19:50:00Z,2026-09-11T19:45:00Z,1167.1419766969252,Up,"[""1"", ""0""]",,,,0.495,0.01,resolved,0x401d26aba0c2b0bd761c15ac12e507804ffb871a7d757b0f978e035fe59567a5,https://data.chain.link/streams/zec-usd-twap-60s-streams,1173.4265848525367,2026-09-11 19:51:27+00
bnb-updown-5m-1789156200,BNB,"BNB Up or Down - September 11, 3:50PM-3:55PM ET",2026-09-11T19:55:00Z,2026-09-11T19:50:00Z,724.8424589741444,Up,"[""1"", ""0""]",0.99,401.48891899999995,,0.44,0.07,resolved,0x241c5065b62855eb25157d0421c5bb4c551130f9b5044fa0a7a0a082029b8320,https://data.chain.link/streams/bnb-usd-twap-60s-streams,725.0310589388462,2026-09-11 19:55:52+00
btc-updown-5m-1789156200,BTC,"Bitcoin Up or Down - September 11, 3:50PM-3:55PM ET",2026-09-11T19:55:00Z,2026-09-11T19:50:00Z,77283.70851719969,Up,"[""1"", ""0""]",0.999,51888.16230000001,2,0.49,0.01,resolved,0x8465d494d9319b54f983e6ef49268a302131aa2570eea9cef23057ebfcbf6004,https://data.chain.link/streams/btc-usd-twap-60s-streams,77312.27564890587,2026-09-11 19:55:52+00
doge-updown-5m-1789156200,DOGE,"Dogecoin Up or Down - September 11, 3:50PM-3:55PM ET",2026-09-11T19:55:00Z,2026-09-11T19:50:00Z,0.08440747579244341,Up,"[""1"", ""0""]",0.99,391.117138,,0.495,0.01,resolved,0xdf48632501398b43e3a68f60c2aa175fd819d8703f169c462f25b8f56aca3d6e,https://data.chain.link/streams/doge-usd-twap-60s-streams,0.08447822966595797,2026-09-11 19:55:52+00
eth-updown-5m-1789156200,ETH,"Ethereum Up or Down - September 11, 3:50PM-3:55PM ET",2026-09-11T19:55:00Z,2026-09-11T19:50:00Z,2540.6009357804724,Down,"[""0"", ""1""]",0.02,5120.359445,,-0.5,0.01,resolved,0x1d493af1aee091e3124d4e507ae57c7170e685f4e64a1c2b2a2d37baa2f2c8ce,https://data.chain.link/streams/eth-usd-twap-60s-streams,2540.294157718368,2026-09-11 19:55:54+00
hype-updown-5m-1789156200,HYPE,"Hyperliquid Up or Down - September 11, 3:50PM-3:55PM ET",2026-09-11T19:55:00Z,2026-09-11T19:50:00Z,80.64231061970888,Up,"[""1"", ""0""]",0.98,,,0.49,0.01,resolved,0x72d8a7754f4f502475f3110635ef8f4427c1a6f8913177ed1ad262b928cadf51,https://data.chain.link/streams/hype-usd-twap-60s-streams,80.80456927762093,2026-09-11 19:55:52+00
sol-updown-5m-1789156200,SOL,"Solana Up or Down - September 11, 3:50PM-3:55PM ET",2026-09-11T19:55:00Z,2026-09-11T19:50:00Z,101.72488489310975,Up,"[""1"", ""0""]",0.99,1844.1576240000002,,0.49,0.01,resolved,0xdf2306287b5d6d2b912822275043d3dcb7d8e533848f300079e3dec95c7d49a6,https://data.chain.link/streams/sol-usd-twap-60s-streams,101.9342466870383,2026-09-11 19:55:52+00
xrp-updown-5m-1789156200,XRP,"XRP Up or Down - September 11, 3:50PM-3:55PM ET",2026-09-11T19:55:00Z,2026-09-11T19:50:00Z,1.3589611409741744,Up,"[""1"", ""0""]",0.99,617.648335,,0.49,0.01,resolved,0x0afd1759866e25775ccb503c7902fbbd78cbd6e98203928698506716e2fdffa1,https://data.chain.link/streams/xrp-usd-twap-60s-streams,1.3610500679092106,2026-09-11 19:55:52+00
zec-updown-5m-1789156200,ZEC,"ZCash Up or Down - September 11, 3:50PM-3:55PM ET",2026-09-11T19:55:00Z,2026-09-11T19:50:00Z,1173.4265848525367,Up,"[""1"", ""0""]",,,,0.39,0.22,resolved,0xbcf2745fb849083de45280c9e3c9e199429936da452fdd35b1810ef2933128e8,https://data.chain.link/streams/zec-usd-twap-60s-streams,1176.146194365767,2026-09-11 19:55:52+00
bnb-updown-5m-1789156500,BNB,"BNB Up or Down - September 11, 3:55PM-4:00PM ET",2026-09-11T20:00:00Z,2026-09-11T19:55:00Z,725.0310589388462,Down,"[""0"", ""1""]",0.01,,,-0.5,0.01,resolved,0x26829bca3476c75a8c0afafacc1fc3d6706133ae0cceed01522a252840a01003,https://data.chain.link/streams/bnb-usd-twap-60s-streams,724.9256212056082,2026-09-11 20:00:54+00
btc-updown-5m-1789156500,BTC,"Bitcoin Up or Down - September 11, 3:55PM-4:00PM ET",2026-09-11T20:00:00Z,2026-09-11T19:55:00Z,77312.27564890587,Down,"[""0"", ""1""]",0.01,76380.19409500003,2,-0.5,0.01,resolved,0x49492cc0a82b57ccd0de0873cb52ecf11b6a360370882a1e8769582abcfaa8d0,https://data.chain.link/streams/btc-usd-twap-60s-streams,77307.19315620817,2026-09-11 20:00:54+00
doge-updown-5m-1789156500,DOGE,"Dogecoin Up or Down - September 11, 3:55PM-4:00PM ET",2026-09-11T20:00:00Z,2026-09-11T19:55:00Z,0.08447822966595797,Up,"[""1"", ""0""]",0.99,,,0.495,0.01,resolved,0x7b39b2a727dbc1122283ce67933c74dfe66bcc28b0060f0ffc156aabf638326a,https://data.chain.link/streams/doge-usd-twap-60s-streams,0.08449061268919413,2026-09-11 20:00:54+00
eth-updown-5m-1789156500,ETH,"Ethereum Up or Down - September 11, 3:55PM-4:00PM ET",2026-09-11T20:00:00Z,2026-09-11T19:55:00Z,2540.294157718368,Down,"[""0"", ""1""]",0.01,,,-0.5,0.01,resolved,0x6a3889823d32361f11bd5fafa87502bdee2a2208e424de9660dd90c20d3bb14d,https://data.chain.link/streams/eth-usd-twap-60s-streams,2539.4324359867874,2026-09-11 20:00:54+00
hype-updown-5m-1789156500,HYPE,"Hyperliquid Up or Down - September 11, 3:55PM-4:00PM ET",2026-09-11T20:00:00Z,2026-09-11T19:55:00Z,80.80456927762093,Down,"[""0"", ""1""]",0.01,,,-0.5,0.01,resolved,0xd338ee22e2f41d9810775bb7fa9f41d75491864941b1f1393383b0696346c828,https://data.chain.link/streams/hype-usd-twap-60s-streams,80.79831016231576,2026-09-11 20:00:54+00
sol-updown-5m-1789156500,SOL,"Solana Up or Down - September 11, 3:55PM-4:00PM ET",2026-09-11T20:00:00Z,2026-09-11T19:55:00Z,101.9342466870383,Up,"[""1"", ""0""]",0.99,,,0.49,0.01,resolved,0xe06f4f988d48da97628819e3ec444e89b5ccbb21d923f7d7e3bbe5f9458a4fd1,https://data.chain.link/streams/sol-usd-twap-60s-streams,102.06162633034648,2026-09-11 20:00:54+00
xrp-updown-5m-1789156500,XRP,"XRP Up or Down - September 11, 3:55PM-4:00PM ET",2026-09-11T20:00:00Z,2026-09-11T19:55:00Z,1.3610500679092106,Up,"[""1"", ""0""]",0.99,,,0.49,0.01,resolved,0x2662c501eb10ef8bdcd37eead59bb650184d3ee8c1773171d4e7d08c1f994908,https://data.chain.link/streams/xrp-usd-twap-60s-streams,1.3617877288153948,2026-09-11 20:00:54+00
zec-updown-5m-1789156500,ZEC,"ZCash Up or Down - September 11, 3:55PM-4:00PM ET",2026-09-11T20:00:00Z,2026-09-11T19:55:00Z,1176.146194365767,Up,"[""1"", ""0""]",,,,0.495,0.01,resolved,0xe248ac2542011d893e279d4d632097f0bf0187547a07ca0487ec1094b6a9406f,https://data.chain.link/streams/zec-usd-twap-60s-streams,1176.5913890506422,2026-09-11 20:00:54+00
bnb-updown-5m-1789156800,BNB,"BNB Up or Down - September 11, 4:00PM-4:05PM ET",2026-09-11T20:05:00Z,2026-09-11T20:00:00Z,724.9256212056082,Up,"[""1"", ""0""]",0.99,221.32375499999998,,0.4945,0.001,resolved,0x58d667ca56d7a84f747eabec5d523d142cf0da020afdca1aa695dedf47ef5574,https://data.chain.link/streams/bnb-usd-twap-60s-streams,726.8901529290733,2026-09-11 20:06:27+00
btc-updown-5m-1789156800,BTC,"Bitcoin Up or Down - September 11, 4:00PM-4:05PM ET",2026-09-11T20:05:00Z,2026-09-11T20:00:00Z,77307.19315620817,Up,"[""1"", ""0""]",0.99,47892.87073500002,32,0.4945,0.001,resolved,0xa62d73c20876584cfed927c2f59aceded65eb6974f7c404d6a42470a9dd1ec81,https://data.chain.link/streams/btc-usd-twap-60s-streams,77416.93941606335,2026-09-11 20:06:27+00
doge-updown-5m-1789156800,DOGE,"Dogecoin Up or Down - September 11, 4:00PM-4:05PM ET",2026-09-11T20:05:00Z,2026-09-11T20:00:00Z,0.08449061268919413,Up,"[""1"", ""0""]",0.99,242.01341399999998,,0.4995,0.001,resolved,0xa932caf232c751dfa771c4a01af322869178fda0908ad85e72935fbf84598bfe,https://data.chain.link/streams/doge-usd-twap-60s-streams,0.08463049062426245,2026-09-11 20:06:27+00
eth-updown-5m-1789156800,ETH,"Ethereum Up or Down - September 11, 4:00PM-4:05PM ET",2026-09-11T20:05:00Z,2026-09-11T20:00:00Z,2539.4324359867874,Up,"[""1"", ""0""]",0.99,3075.1173639999993,,0.4945,0.001,resolved,0xb3ed89d20d6f14418c247722690736ae31ef301fc06b4017bbe678451eaf047c,https://data.chain.link/streams/eth-usd-twap-60s-streams,2544.336098519295,2026-09-11 20:06:27+00
hype-updown-5m-1789156800,HYPE,"Hyperliquid Up or Down - September 11, 4:00PM-4:05PM ET",2026-09-11T20:05:00Z,2026-09-11T20:00:00Z,80.79831016231576,Up,"[""1"", ""0""]",0.99,131.395736,,0.4945,0.001,resolved,0x7dae8cd36bf99e2f2e3ba184081fc4172992044e9cbf0cfe60f889fffad7646e,https://data.chain.link/streams/hype-usd-twap-60s-streams,81.19514945438074,2026-09-11 20:06:27+00
sol-updown-5m-1789156800,SOL,"Solana Up or Down - September 11, 4:00PM-4:05PM ET",2026-09-11T20:05:00Z,2026-09-11T20:00:00Z,102.06162633034648,Up,"[""1"", ""0""]",0.99,2479.3971610000003,,0.4945,0.001,resolved,0x176f8b7260962ff516f435fb2bb6b7730ccce3810041ab5945c967457d7c3395,https://data.chain.link/streams/sol-usd-twap-60s-streams,102.37277966306243,2026-09-11 20:06:27+00
xrp-updown-5m-1789156800,XRP,"XRP Up or Down - September 11, 4:00PM-4:05PM ET",2026-09-11T20:05:00Z,2026-09-11T20:00:00Z,1.3617877288153948,Up,"[""1"", ""0""]",0.99,1250.0541630000002,,0.4945,0.001,resolved,0xa62ab5adf8a09533933787e78aad1c64a17f4b71cf9a23170157fab36fb24d68,https://data.chain.link/streams/xrp-usd-twap-60s-streams,1.3644957541412537,2026-09-11 20:06:27+00
zec-updown-5m-1789156800,ZEC,"ZCash Up or Down - September 11, 4:00PM-4:05PM ET",2026-09-11T20:05:00Z,2026-09-11T20:00:00Z,1176.5913890506422,Up,"[""1"", ""0""]",,,,0.495,0.01,resolved,0xdc54c7c292bb5f74360325f252cb225cbd7b1d0de14d4c8498e1b87f1aa75f0b,https://data.chain.link/streams/zec-usd-twap-60s-streams,1186.1354002084327,2026-09-11 20:06:27+00
bnb-updown-5m-1789157100,BNB,"BNB Up or Down - September 11, 4:05PM-4:10PM ET",2026-09-11T20:10:00Z,2026-09-11T20:05:00Z,726.8901529290733,Down,"[""0"", ""1""]",0.04,537.092131,,-0.5,0.01,resolved,0x461721a24c519e9afa1dc96f9136154aeb3ff2982df87df0c23b7255122f06fd,https://data.chain.link/streams/bnb-usd-twap-60s-streams,726.8695412979023,2026-09-11 20:10:54+00
btc-updown-5m-1789157100,BTC,"Bitcoin Up or Down - September 11, 4:05PM-4:10PM ET",2026-09-11T20:10:00Z,2026-09-11T20:05:00Z,77416.93941606335,Down,"[""0"", ""1""]",0.01,54597.840964999974,32,-0.5,0.01,resolved,0xfc323d1ee50d013841f13d90d74c7fd03b4ee3df14c5029dd479d59a1656b0fd,https://data.chain.link/streams/btc-usd-twap-60s-streams,77410.84798232243,2026-09-11 20:10:54+00
doge-updown-5m-1789157100,DOGE,"Dogecoin Up or Down - September 11, 4:05PM-4:10PM ET",2026-09-11T20:10:00Z,2026-09-11T20:05:00Z,0.08463049062426245,Down,"[""0"", ""1""]",0.23,,,-0.495,0.01,resolved,0xd91d09fa5a537f6dd784c633f57fa9f5e005cc3dd85915f0b870b7cd0365206d,https://data.chain.link/streams/doge-usd-twap-60s-streams,0.08461038697367482,2026-09-11 20:10:54+00
eth-updown-5m-1789157100,ETH,"Ethereum Up or Down - September 11, 4:05PM-4:10PM ET",2026-09-11T20:10:00Z,2026-09-11T20:05:00Z,2544.336098519295,Down,"[""0"", ""1""]",0.03,4192.099718,,-0.5,0.01,resolved,0xf4f16bf1166ce9f5db0ee16e13216fb08b0755cb25004700b13d42a9492bd345,https://data.chain.link/streams/eth-usd-twap-60s-streams,2543.3467558286625,2026-09-11 20:10:54+00
hype-updown-5m-1789157100,HYPE,"Hyperliquid Up or Down - September 11, 4:05PM-4:10PM ET",2026-09-11T20:10:00Z,2026-09-11T20:05:00Z,81.19514945438074,Up,"[""1"", ""0""]",0.98,,,0.49,0.01,resolved,0x6b4bbe5c042ca06159b69ce389a1845f37aba62369187364103b3d100714901c,https://data.chain.link/streams/hype-usd-twap-60s-streams,81.23919870381313,2026-09-11 20:10:52+00
sol-updown-5m-1789157100,SOL,"Solana Up or Down - September 11, 4:05PM-4:10PM ET",2026-09-11T20:10:00Z,2026-09-11T20:05:00Z,102.37277966306243,Up,"[""1"", ""0""]",0.99,3749.2362440000006,,0.4945,0.001,resolved,0xa95bca7c2589ab965ca56551102ac314c5f1f52b8fc76c656a5ebc66ec755ebf,https://data.chain.link/streams/sol-usd-twap-60s-streams,102.5790956886082,2026-09-11 20:10:52+00
xrp-updown-5m-1789157100,XRP,"XRP Up or Down - September 11, 4:05PM-4:10PM ET",2026-09-11T20:10:00Z,2026-09-11T20:05:00Z,1.3644957541412537,Up,"[""1"", ""0""]",0.99,,,0.49,0.01,resolved,0x5d78e682d4b49ef5b3a56e1d29cffe9d5e67083a909e632b011aac1f6ec5e9e7,https://data.chain.link/streams/xrp-usd-twap-60s-streams,1.365312148385516,2026-09-11 20:10:54+00
zec-updown-5m-1789157100,ZEC,"ZCash Up or Down - September 11, 4:05PM-4:10PM ET",2026-09-11T20:10:00Z,2026-09-11T20:05:00Z,1186.1354002084327,Up,"[""1"", ""0""]",,,,0.495,0.01,resolved,0xf9b7dc66e300ecdd7a1b260a8252ba9cc511e345f7e57dc06040856484af036c,https://data.chain.link/streams/zec-usd-twap-60s-streams,1188.8832962639938,2026-09-11 20:10:52+00
bnb-updown-5m-1789157400,BNB,"BNB Up or Down - September 11, 4:10PM-4:15PM ET",2026-09-11T20:15:00Z,2026-09-11T20:10:00Z,726.8695412979023,Down,"[""0"", ""1""]",0.65,,,-0.5,0.01,resolved,0xe6d4f14d1409ece8406b0c50664d363578ed01cb10e8ec68b82276053e9d32d9,https://data.chain.link/streams/bnb-usd-twap-60s-streams,726.8508194074728,2026-09-11 20:15:54+00
btc-updown-5m-1789157400,BTC,"Bitcoin Up or Down - September 11, 4:10PM-4:15PM ET",2026-09-11T20:15:00Z,2026-09-11T20:10:00Z,77410.84798232243,Up,"[""1"", ""0""]",0.99,42327.303777999914,2,0.4945,0.001,resolved,0x88970e7c6ee66eba0373f14315d426a062bb0622ca92dbe0d71ecff68001a41c,https://data.chain.link/streams/btc-usd-twap-60s-streams,77447.0139029806,2026-09-11 20:15:54+00
doge-updown-5m-1789157400,DOGE,"Dogecoin Up or Down - September 11, 4:10PM-4:15PM ET",2026-09-11T20:15:00Z,2026-09-11T20:10:00Z,0.08461038697367482,Up,"[""1"", ""0""]",0.99,,,0.4995,0.001,resolved,0x2614832536287ff74222d172621e0bbff10eed00dd35aefa3ae222ff38b48261,https://data.chain.link/streams/doge-usd-twap-60s-streams,0.08467296954154496,2026-09-11 20:15:54+00
eth-updown-5m-1789157400,ETH,"Ethereum Up or Down - September 11, 4:10PM-4:15PM ET",2026-09-11T20:15:00Z,2026-09-11T20:10:00Z,2543.3467558286625,Up,"[""1"", ""0""]",0.99,,,0.4945,0.001,resolved,0xf0b88446d8c602e32fa600b0412ba510e27c263cb082dba6f8f2287f124c40cf,https://data.chain.link/streams/eth-usd-twap-60s-streams,2544.5355062531844,2026-09-11 20:15:54+00
hype-updown-5m-1789157400,HYPE,"Hyperliquid Up or Down - September 11, 4:10PM-4:15PM ET",2026-09-11T20:15:00Z,2026-09-11T20:10:00Z,81.23919870381313,Down,"[""0"", ""1""]",0.31,,,-0.5045,0.001,resolved,0x39b90dfd1280bd58e79e722acce2c4e4e2f25d0a5bffff6cacc3b7e4542f4872,https://data.chain.link/streams/hype-usd-twap-60s-streams,81.12080756475365,2026-09-11 20:15:54+00
sol-updown-5m-1789157400,SOL,"Solana Up or Down - September 11, 4:10PM-4:15PM ET",2026-09-11T20:15:00Z,2026-09-11T20:10:00Z,102.5790956886082,Up,"[""1"", ""0""]",0.99,,,0.4945,0.001,resolved,0x16ebee7e2744ffc4d88d95926f25d82aa1f34cadfee7cf757f4fdd16ba2a821a,https://data.chain.link/streams/sol-usd-twap-60s-streams,102.77076062049953,2026-09-11 20:15:54+00
xrp-updown-5m-1789157400,XRP,"XRP Up or Down - September 11, 4:10PM-4:15PM ET",2026-09-11T20:15:00Z,2026-09-11T20:10:00Z,1.365312148385516,Up,"[""1"", ""0""]",0.99,,,0.4945,0.001,resolved,0xadec819e464868af37e0852b6c0e4f995b89d349976ffe509de4a8eba3db9be2,https://data.chain.link/streams/xrp-usd-twap-60s-streams,1.367122023371831,2026-09-11 20:15:54+00
zec-updown-5m-1789157400,ZEC,"ZCash Up or Down - September 11, 4:10PM-4:15PM ET",2026-09-11T20:15:00Z,2026-09-11T20:10:00Z,1188.8832962639938,Down,"[""0"", ""1""]",,,,-0.495,0.01,resolved,0x573aa64df03d9a22790ef45dcd2d70ec2aed15a3351ce4652c3d9a955ba45eb8,https://data.chain.link/streams/zec-usd-twap-60s-streams,1185.0391213097978,2026-09-11 20:15:54+00
bnb-updown-5m-1789157700,BNB,"BNB Up or Down - September 11, 4:15PM-4:20PM ET",2026-09-11T20:20:00Z,2026-09-11T20:15:00Z,726.8508194074728,Down,"[""0"", ""1""]",0.39,150.8852,,-0.5045,0.001,resolved,0xccd1e7c82c1119eb7c51e5a4c543037247b0ec6474a0943d87ba1394ec697010,https://data.chain.link/streams/bnb-usd-twap-60s-streams,725.7076255585266,2026-09-11 20:20:54+00
btc-updown-5m-1789157700,BTC,"Bitcoin Up or Down - September 11, 4:15PM-4:20PM ET",2026-09-11T20:20:00Z,2026-09-11T20:15:00Z,77447.0139029806,Down,"[""0"", ""1""]",0.01,32069.44044099999,4,-0.5045,0.001,resolved,0xc32f8a79cac09c01a2f29295c6d97e126a965b224c9be34aeaaee5d52ed3583d,https://data.chain.link/streams/btc-usd-twap-60s-streams,77361.82786038534,2026-09-11 20:20:54+00
doge-updown-5m-1789157700,DOGE,"Dogecoin Up or Down - September 11, 4:15PM-4:20PM ET",2026-09-11T20:20:00Z,2026-09-11T20:15:00Z,0.08467296954154496,Down,"[""0"", ""1""]",0.16,283.77342899999996,,-0.4995,0.001,resolved,0xe3404d1315518fb318f385e645696371429f292694bec6cc45a5f4fce0aa02b0,https://data.chain.link/streams/doge-usd-twap-60s-streams,0.0844933646588788,2026-09-11 20:20:54+00
eth-updown-5m-1789157700,ETH,"Ethereum Up or Down - September 11, 4:15PM-4:20PM ET",2026-09-11T20:20:00Z,2026-09-11T20:15:00Z,2544.5355062531844,Down,"[""0"", ""1""]",0.07,2034.87555,,-0.5045,0.001,resolved,0xd14ccb4af2ff8f90e31c8b027d9cc6e0be9e375dddd11c74c831e4d5ba5a0f65,https://data.chain.link/streams/eth-usd-twap-60s-streams,2539.379841840324,2026-09-11 20:20:54+00
hype-updown-5m-1789157700,HYPE,"Hyperliquid Up or Down - September 11, 4:15PM-4:20PM ET",2026-09-11T20:20:00Z,2026-09-11T20:15:00Z,81.12080756475365,Down,"[""0"", ""1""]",0.2,78.131,,-0.5045,0.001,resolved,0x5d10a2205579c63f6eb01a8825eb2a9f8cfc216f7b65c736ae566937f1f9c8dd,https://data.chain.link/streams/hype-usd-twap-60s-streams,80.89538169738685,2026-09-11 20:20:54+00
sol-updown-5m-1789157700,SOL,"Solana Up or Down - September 11, 4:15PM-4:20PM ET",2026-09-11T20:20:00Z,2026-09-11T20:15:00Z,102.77076062049953,Down,"[""0"", ""1""]",0.02,3586.4445760000003,,-0.5,0.01,resolved,0x8f382234a58debc6c9c53d901902b44645feb17b203f5057981c0c93f6da3e72,https://data.chain.link/streams/sol-usd-twap-60s-streams,102.63993202963407,2026-09-11 20:20:54+00
xrp-updown-5m-1789157700,XRP,"XRP Up or Down - September 11, 4:15PM-4:20PM ET",2026-09-11T20:20:00Z,2026-09-11T20:15:00Z,1.367122023371831,Down,"[""0"", ""1""]",0.23,618.402889,,-0.5045,0.001,resolved,0x4818e1078e89fa5c98f06c9558dc6bbe19b06c054885e7388caad020ec171d09,https://data.chain.link/streams/xrp-usd-twap-60s-streams,1.3635489485239332,2026-09-11 20:20:54+00
zec-updown-5m-1789157700,ZEC,"ZCash Up or Down - September 11, 4:15PM-4:20PM ET",2026-09-11T20:20:00Z,2026-09-11T20:15:00Z,1185.0391213097978,Down,"[""0"", ""1""]",,,,-0.495,0.01,resolved,0xba7d397cadb32562535a02b120611236e02bf860efd2d1ce02dc1a67419df1ab,https://data.chain.link/streams/zec-usd-twap-60s-streams,1179.7644291179743,2026-09-11 20:20:54+00
bnb-updown-5m-1789158000,BNB,"BNB Up or Down - September 11, 4:20PM-4:25PM ET",2026-09-11T20:25:00Z,2026-09-11T20:20:00Z,725.7076255585266,Up,"[""1"", ""0""]",0.99,,,0.4945,0.001,resolved,0x79ba68069f9e5d71b3bb185f8a54938e821dfe595c58efd7dccb8a21e793896f,https://data.chain.link/streams/bnb-usd-twap-60s-streams,726.1575935318482,2026-09-11 20:26:25+00
btc-updown-5m-1789158000,BTC,"Bitcoin Up or Down - September 11, 4:20PM-4:25PM ET",2026-09-11T20:25:00Z,2026-09-11T20:20:00Z,77361.82786038534,Up,"[""1"", ""0""]",0.999,34489.703265000026,2,0.4945,0.001,resolved,0xd950e6cafa91db5283d767f70c6c87bc9aae57c5c7ccd483fa9af9f7ce70e06f,https://data.chain.link/streams/btc-usd-twap-60s-streams,77403.29269331139,2026-09-11 20:25:54+00
doge-updown-5m-1789158000,DOGE,"Dogecoin Up or Down - September 11, 4:20PM-4:25PM ET",2026-09-11T20:25:00Z,2026-09-11T20:20:00Z,0.0844933646588788,Down,"[""0"", ""1""]",0.01,,,-0.4995,0.001,resolved,0x769321f1d304635d0abb7d0a7ed965bb6eb4358bd5438db217c6516b60dfcaae,https://data.chain.link/streams/doge-usd-twap-60s-streams,0.0844845801829808,2026-09-11 20:25:54+00
eth-updown-5m-1789158000,ETH,"Ethereum Up or Down - September 11, 4:20PM-4:25PM ET",2026-09-11T20:25:00Z,2026-09-11T20:20:00Z,2539.379841840324,Down,"[""0"", ""1""]",0.01,6043.368511,,-0.5045,0.001,resolved,0xc2d92b851b72e8aeed9903aece278d35bed38ce3571af61bc431cab7afe8a5e7,https://data.chain.link/streams/eth-usd-twap-60s-streams,2538.817627724746,2026-09-11 20:25:52+00
hype-updown-5m-1789158000,HYPE,"Hyperliquid Up or Down - September 11, 4:20PM-4:25PM ET",2026-09-11T20:25:00Z,2026-09-11T20:20:00Z,80.89538169738685,Down,"[""0"", ""1""]",0.17,,,-0.4995,0.001,resolved,0xf7b632be9421ccb5ca88c90a1ca9574cdf294d58a9a5dec24481f54edbaf31d3,https://data.chain.link/streams/hype-usd-twap-60s-streams,80.77452209288863,2026-09-11 20:26:25+00
sol-updown-5m-1789158000,SOL,"Solana Up or Down - September 11, 4:20PM-4:25PM ET",2026-09-11T20:25:00Z,2026-09-11T20:20:00Z,102.63993202963407,Down,"[""0"", ""1""]",0.12,1014.608422,,-0.5045,0.001,resolved,0x87bb5c814e196e732a64da68d457a53d636f054296fa82a3b76e92b002a2ce84,https://data.chain.link/streams/sol-usd-twap-60s-streams,102.56714277299209,2026-09-11 20:25:52+00
xrp-updown-5m-1789158000,XRP,"XRP Up or Down - September 11, 4:20PM-4:25PM ET",2026-09-11T20:25:00Z,2026-09-11T20:20:00Z,1.3635489485239332,Up,"[""1"", ""0""]",0.99,,,0.49,0.01,resolved,0x6e87bbae9a5882ea63cfafa2577f60389f3536d385fe5d58baf9929142ff56fe,https://data.chain.link/streams/xrp-usd-twap-60s-streams,1.363664346002003,2026-09-11 20:25:52+00
zec-updown-5m-1789158000,ZEC,"ZCash Up or Down - September 11, 4:20PM-4:25PM ET",2026-09-11T20:25:00Z,2026-09-11T20:20:00Z,1179.7644291179743,Down,"[""0"", ""1""]",,,,-0.495,0.01,resolved,0x047436f7b9e14720f3adddd9dc74bb4ba921b7c31513cfa668ab85af5131a01d,https://data.chain.link/streams/zec-usd-twap-60s-streams,1178.3433657024325,2026-09-11 20:25:52+00
bnb-updown-5m-1789158300,BNB,"BNB Up or Down - September 11, 4:25PM-4:30PM ET",2026-09-11T20:30:00Z,2026-09-11T20:25:00Z,726.1575935318482,Down,"[""0"", ""1""]",0.13,,,-0.5,0.01,resolved,0x0be4ad0c54735863d52f2f5b879b00b83a26b2d89ffbd9df14687bda8ad367dc,https://data.chain.link/streams/bnb-usd-twap-60s-streams,726.1023602046221,2026-09-11 20:30:54+00
btc-updown-5m-1789158300,BTC,"Bitcoin Up or Down - September 11, 4:25PM-4:30PM ET",2026-09-11T20:30:00Z,2026-09-11T20:25:00Z,77403.29269331139,Down,"[""0"", ""1""]",0.01,48850.24914000005,2,-0.5,0.01,resolved,0x1e74d776a4f6bcf52bb9d848b44f9e7261fe43e5448757bc96d24b227bc8bcc8,https://data.chain.link/streams/btc-usd-twap-60s-streams,77376.81110068176,2026-09-11 20:30:54+00
doge-updown-5m-1789158300,DOGE,"Dogecoin Up or Down - September 11, 4:25PM-4:30PM ET",2026-09-11T20:30:00Z,2026-09-11T20:25:00Z,0.0844845801829808,Down,"[""0"", ""1""]",0.15,,,-0.495,0.01,resolved,0x63faab25e6a3149b17150ec58819a7209ff2581cd4211e1255dd731a606c37fe,https://data.chain.link/streams/doge-usd-twap-60s-streams,0.0843812241500846,2026-09-11 20:30:54+00
eth-updown-5m-1789158300,ETH,"Ethereum Up or Down - September 11, 4:25PM-4:30PM ET",2026-09-11T20:30:00Z,2026-09-11T20:25:00Z,2538.817627724746,Down,"[""0"", ""1""]",0.01,,,-0.5,0.01,resolved,0x119787248a4aae7177c04ce151af3613178f991436c4858304dfec0eaacf7c28,https://data.chain.link/streams/eth-usd-twap-60s-streams,2536.6589193770124,2026-09-11 20:30:52+00
hype-updown-5m-1789158300,HYPE,"Hyperliquid Up or Down - September 11, 4:25PM-4:30PM ET",2026-09-11T20:30:00Z,2026-09-11T20:25:00Z,80.77452209288863,Down,"[""0"", ""1""]",0.44,,,-0.495,0.01,resolved,0xc3d1bec1ef5f5593ae24378f200d160abfe923be9955efbacb63336f11b1ce10,https://data.chain.link/streams/hype-usd-twap-60s-streams,80.68834656412395,2026-09-11 20:30:52+00
sol-updown-5m-1789158300,SOL,"Solana Up or Down - September 11, 4:25PM-4:30PM ET",2026-09-11T20:30:00Z,2026-09-11T20:25:00Z,102.56714277299209,Down,"[""0"", ""1""]",0.12,,,-0.495,0.01,resolved,0x71e52d863c1e6da72eff878e0df44eec94d7e86406ab56c5710c5cbc4f58241f,https://data.chain.link/streams/sol-usd-twap-60s-streams,102.50823066551034,2026-09-11 20:30:52+00
xrp-updown-5m-1789158300,XRP,"XRP Up or Down - September 11, 4:25PM-4:30PM ET",2026-09-11T20:30:00Z,2026-09-11T20:25:00Z,1.363664346002003,Down,"[""0"", ""1""]",0.37,,,-0.5,0.01,resolved,0x078694a51217b743c60b3c134036c0734046248b24502e575cf1d94ce6c14851,https://data.chain.link/streams/xrp-usd-twap-60s-streams,1.3625082274549642,2026-09-11 20:30:54+00
zec-updown-5m-1789158300,ZEC,"ZCash Up or Down - September 11, 4:25PM-4:30PM ET",2026-09-11T20:30:00Z,2026-09-11T20:25:00Z,1178.3433657024325,Down,"[""0"", ""1""]",,,,-0.495,0.01,resolved,0xa532ca3cfb3221a3436f0871ca379b3b88f0a4bd59e6545492ee568f8d4716e8,https://data.chain.link/streams/zec-usd-twap-60s-streams,1175.987312377718,2026-09-11 20:30:52+00
bnb-updown-5m-1789158600,BNB,"BNB Up or Down - September 11, 4:30PM-4:35PM ET",2026-09-11T20:35:00Z,2026-09-11T20:30:00Z,726.1023602046221,Down,"[""0"", ""1""]",0.16,,,-0.44,0.11,resolved,0xba4e655de8da9be1408438a62cdaeed2a4698327081b0c401333abe065e75597,https://data.chain.link/streams/bnb-usd-twap-60s-streams,725.9673015638347,2026-09-11 20:35:52+00
btc-updown-5m-1789158600,BTC,"Bitcoin Up or Down - September 11, 4:30PM-4:35PM ET",2026-09-11T20:35:00Z,2026-09-11T20:30:00Z,77376.81110068176,Down,"[""0"", ""1""]",0.001,58235.826702999955,2,-0.5,0.01,resolved,0xc1dc6bc11aff45f1c3345bce1ba5e0b5bdf2c8b6bf348229026030440e9b6644,https://data.chain.link/streams/btc-usd-twap-60s-streams,77347.23277563512,2026-09-11 20:35:52+00
doge-updown-5m-1789158600,DOGE,"Dogecoin Up or Down - September 11, 4:30PM-4:35PM ET",2026-09-11T20:35:00Z,2026-09-11T20:30:00Z,0.0843812241500846,Up,"[""1"", ""0""]",0.76,,,0.165,0.23,resolved,0x1e8816b082a4f6f36e405b6bbee4c25db96a13fb855871615af7db88ef4f9082,https://data.chain.link/streams/doge-usd-twap-60s-streams,0.0843869593406241,2026-09-11 20:35:52+00
eth-updown-5m-1789158600,ETH,"Ethereum Up or Down - September 11, 4:30PM-4:35PM ET",2026-09-11T20:35:00Z,2026-09-11T20:30:00Z,2536.6589193770124,Down,"[""0"", ""1""]",0.01,,,-0.495,0.01,resolved,0x675ce8634c70076918f914f2dcf536e8287b5fec4b77b33f3c4ee59aaea8c20a,https://data.chain.link/streams/eth-usd-twap-60s-streams,2532.424240384779,2026-09-11 20:35:52+00
hype-updown-5m-1789158600,HYPE,"Hyperliquid Up or Down - September 11, 4:30PM-4:35PM ET",2026-09-11T20:35:00Z,2026-09-11T20:30:00Z,80.68834656412395,Down,"[""0"", ""1""]",0.01,,,-0.5,0.01,resolved,0x8d4f2351db999650cf951f2dc5c46a6162e2eccd522054725a862bccfb117dbc,https://data.chain.link/streams/hype-usd-twap-60s-streams,80.60141215008794,2026-09-11 20:35:52+00
sol-updown-5m-1789158600,SOL,"Solana Up or Down - September 11, 4:30PM-4:35PM ET",2026-09-11T20:35:00Z,2026-09-11T20:30:00Z,102.50823066551034,Down,"[""0"", ""1""]",0.01,3967.8372039999995,,-0.5,0.01,resolved,0x612052d88639a8c80865f2edb935761b8adf4ad6f8363f9e41a0a534bf1949c2,https://data.chain.link/streams/sol-usd-twap-60s-streams,102.47426653645078,2026-09-11 20:35:54+00
xrp-updown-5m-1789158600,XRP,"XRP Up or Down - September 11, 4:30PM-4:35PM ET",2026-09-11T20:35:00Z,2026-09-11T20:30:00Z,1.3625082274549642,Up,"[""1"", ""0""]",0.99,2790.17425,,0.4945,0.001,resolved,0xeb4b20e41db90a75df81738108628bda08f303878503ea501bd3718d93ef3576,https://data.chain.link/streams/xrp-usd-twap-60s-streams,1.3635447418607407,2026-09-11 20:35:54+00
zec-updown-5m-1789158600,ZEC,"ZCash Up or Down - September 11, 4:30PM-4:35PM ET",2026-09-11T20:35:00Z,2026-09-11T20:30:00Z,1175.987312377718,Down,"[""0"", ""1""]",0.51,,,-0.01,0.98,resolved,0x1ea126e4e3b9d6a1a39bcbd983258e733c88b0782a739782a96edddb1b90d43a,https://data.chain.link/streams/zec-usd-twap-60s-streams,1175.2101435274833,2026-09-11 20:35:52+00
bnb-updown-5m-1789158900,BNB,"BNB Up or Down - September 11, 4:35PM-4:40PM ET",2026-09-11T20:40:00Z,2026-09-11T20:35:00Z,725.9673015638347,Up,"[""1"", ""0""]",0.99,,,0.4945,0.001,resolved,0xce4309c8f8cb1910645c62d8e67ce7cdd1ad094942ff1b702054abca19d20e97,https://data.chain.link/streams/bnb-usd-twap-60s-streams,727.1380780908236,2026-09-11 20:40:52+00
btc-updown-5m-1789158900,BTC,"Bitcoin Up or Down - September 11, 4:35PM-4:40PM ET",2026-09-11T20:40:00Z,2026-09-11T20:35:00Z,77347.23277563512,Up,"[""1"", ""0""]",0.999,40548.50559200001,2,0.4945,0.001,resolved,0xb703aaa66f5042538ca001b6335f65901127e376b51bf86884e7936209c80c49,https://data.chain.link/streams/btc-usd-twap-60s-streams,77418.95220262479,2026-09-11 20:40:52+00
doge-updown-5m-1789158900,DOGE,"Dogecoin Up or Down - September 11, 4:35PM-4:40PM ET",2026-09-11T20:40:00Z,2026-09-11T20:35:00Z,0.0843869593406241,Up,"[""1"", ""0""]",0.99,930.4987160000001,,0.4995,0.001,resolved,0x4531c30884b9bc83bab6aa4cd5e57915a8628c5591780f572beefa280aa95a24,https://data.chain.link/streams/doge-usd-twap-60s-streams,0.08467510188926616,2026-09-11 20:40:54+00
eth-updown-5m-1789158900,ETH,"Ethereum Up or Down - September 11, 4:35PM-4:40PM ET",2026-09-11T20:40:00Z,2026-09-11T20:35:00Z,2532.424240384779,Up,"[""1"", ""0""]",0.99,2900.9430389999998,,0.4945,0.001,resolved,0xe2434581feec05fb2c13b00405149f0be82f58557349360e42034a0defa007f6,https://data.chain.link/streams/eth-usd-twap-60s-streams,2537.370225903046,2026-09-11 20:40:54+00
hype-updown-5m-1789158900,HYPE,"Hyperliquid Up or Down - September 11, 4:35PM-4:40PM ET",2026-09-11T20:40:00Z,2026-09-11T20:35:00Z,80.60141215008794,Up,"[""1"", ""0""]",0.99,,,0.4945,0.001,resolved,0xaf5b47a264ff9b6b18c435e362f296582b0bb96534c617b8cf7e40b7ca7c3d79,https://data.chain.link/streams/hype-usd-twap-60s-streams,80.85719104627785,2026-09-11 20:40:52+00
sol-updown-5m-1789158900,SOL,"Solana Up or Down - September 11, 4:35PM-4:40PM ET",2026-09-11T20:40:00Z,2026-09-11T20:35:00Z,102.47426653645078,Up,"[""1"", ""0""]",0.99,792.378882,,0.4945,0.001,resolved,0x33b8cefd9ade2c258e34c7d687c84216012bf322483d086efaec9a9ba41a1768,https://data.chain.link/streams/sol-usd-twap-60s-streams,102.72563464983791,2026-09-11 20:40:52+00
xrp-updown-5m-1789158900,XRP,"XRP Up or Down - September 11, 4:35PM-4:40PM ET",2026-09-11T20:40:00Z,2026-09-11T20:35:00Z,1.3635447418607407,Up,"[""1"", ""0""]",0.99,,,0.4945,0.001,resolved,0xfb27c03b52fb6050774e60d2cb67f58594673242404afc371368268268976911,https://data.chain.link/streams/xrp-usd-twap-60s-streams,1.3671076177403836,2026-09-11 20:40:52+00
zec-updown-5m-1789158900,ZEC,"ZCash Up or Down - September 11, 4:35PM-4:40PM ET",2026-09-11T20:40:00Z,2026-09-11T20:35:00Z,1175.2101435274833,Up,"[""1"", ""0""]",,,,0.495,0.01,resolved,0x5d6b4dc63fca9761f30dba318b8076305ef60614982a4cd519a8084eb764be2f,https://data.chain.link/streams/zec-usd-twap-60s-streams,1182.5080067259003,2026-09-11 20:40:54+00
bnb-updown-5m-1789159200,BNB,"BNB Up or Down - September 11, 4:40PM-4:45PM ET",2026-09-11T20:45:00Z,2026-09-11T20:40:00Z,727.1380780908236,Down,"[""0"", ""1""]",0.14,,,-0.5045,0.001,resolved,0xcca0bb57e0de2aace525d4cb0f6409242b83a19dc3a87f191d9b2a8ebbb8e4d7,https://data.chain.link/streams/bnb-usd-twap-60s-streams,726.8485221507902,2026-09-11 20:46:27+00
btc-updown-5m-1789159200,BTC,"Bitcoin Up or Down - September 11, 4:40PM-4:45PM ET",2026-09-11T20:45:00Z,2026-09-11T20:40:00Z,77418.95220262479,Down,"[""0"", ""1""]",0.01,59420.76513500001,2,-0.5045,0.001,resolved,0x9b7589d3e342540c0972948cb8ed2e5c1fb43f1888c0c70e383095a226c087b3,https://data.chain.link/streams/btc-usd-twap-60s-streams,77379.96045777074,2026-09-11 20:46:27+00
doge-updown-5m-1789159200,DOGE,"Dogecoin Up or Down - September 11, 4:40PM-4:45PM ET",2026-09-11T20:45:00Z,2026-09-11T20:40:00Z,0.08467510188926616,Down,"[""0"", ""1""]",0.1,,,-0.4995,0.001,resolved,0x1e1cfbe775b8ae3a82970b210ac38247bc8b351520d922e72ba081e8580ce511,https://data.chain.link/streams/doge-usd-twap-60s-streams,0.0844724964543121,2026-09-11 20:46:27+00
eth-updown-5m-1789159200,ETH,"Ethereum Up or Down - September 11, 4:40PM-4:45PM ET",2026-09-11T20:45:00Z,2026-09-11T20:40:00Z,2537.370225903046,Down,"[""0"", ""1""]",0.03,6083.698056999999,,-0.5045,0.001,resolved,0x64611a8e181667109a3d80e5955750cc2ce9490de9315fe2dbe44250d50fa879,https://data.chain.link/streams/eth-usd-twap-60s-streams,2536.260853447784,2026-09-11 20:46:27+00
hype-updown-5m-1789159200,HYPE,"Hyperliquid Up or Down - September 11, 4:40PM-4:45PM ET",2026-09-11T20:45:00Z,2026-09-11T20:40:00Z,80.85719104627785,Down,"[""0"", ""1""]",0.45,,,-0.5045,0.001,resolved,0xb357cf1431b3ba7c3818fd02e7dcf4b4ed1a56185e55423a899153cf1a45c0f6,https://data.chain.link/streams/hype-usd-twap-60s-streams,80.80546336082878,2026-09-11 20:46:27+00
sol-updown-5m-1789159200,SOL,"Solana Up or Down - September 11, 4:40PM-4:45PM ET",2026-09-11T20:45:00Z,2026-09-11T20:40:00Z,102.72563464983791,Down,"[""0"", ""1""]",0.04,,,-0.5045,0.001,resolved,0x3527e30d66113d2567e226cb56d145f37cd28510f95b96a23d6b6445146df940,https://data.chain.link/streams/sol-usd-twap-60s-streams,102.57005466265774,2026-09-11 20:46:27+00
xrp-updown-5m-1789159200,XRP,"XRP Up or Down - September 11, 4:40PM-4:45PM ET",2026-09-11T20:45:00Z,2026-09-11T20:40:00Z,1.3671076177403836,Down,"[""0"", ""1""]",0.07,,,-0.5045,0.001,resolved,0x733e00b699e0d37b1495a3add6ab6d95477a3087677da6dce845a6887b74e9e6,https://data.chain.link/streams/xrp-usd-twap-60s-streams,1.364036525274579,2026-09-11 20:46:27+00
zec-updown-5m-1789159200,ZEC,"ZCash Up or Down - September 11, 4:40PM-4:45PM ET",2026-09-11T20:45:00Z,2026-09-11T20:40:00Z,1182.5080067259003,Down,"[""0"", ""1""]",0.67,,,-0.495,0.01,resolved,0xa58df4261077ffefcc0a8568820a88d4071048fc2e74a1661c4c04f456cb23e2,https://data.chain.link/streams/zec-usd-twap-60s-streams,1180.928461341168,2026-09-11 20:46:27+00
bnb-updown-5m-1789159500,BNB,"BNB Up or Down - September 11, 4:45PM-4:50PM ET",2026-09-11T20:50:00Z,2026-09-11T20:45:00Z,726.8485221507902,Down,"[""0"", ""1""]",0.18,,,-0.5,0.01,resolved,0x2f163561f05c687bab57524b80fc2bd2f602b3dbbf450f39a64118f7688ad837,https://data.chain.link/streams/bnb-usd-twap-60s-streams,725.401284010054,2026-09-11 20:50:54+00
btc-updown-5m-1789159500,BTC,"Bitcoin Up or Down - September 11, 4:45PM-4:50PM ET",2026-09-11T20:50:00Z,2026-09-11T20:45:00Z,77379.96045777074,Down,"[""0"", ""1""]",0.01,40866.41318800001,2,-0.5,0.01,resolved,0xe161dc99a3e840d1b1ceba0d2ff34fcb82e383d744d2666d6c83986768bbee36,https://data.chain.link/streams/btc-usd-twap-60s-streams,77262.80677982928,2026-09-11 20:50:54+00
doge-updown-5m-1789159500,DOGE,"Dogecoin Up or Down - September 11, 4:45PM-4:50PM ET",2026-09-11T20:50:00Z,2026-09-11T20:45:00Z,0.0844724964543121,Down,"[""0"", ""1""]",0.02,,,-0.4995,0.001,resolved,0x25e02a044bd6ddeb634cd9d448997a03c3acdc485dda4a836c2d9c5f9c84b159,https://data.chain.link/streams/doge-usd-twap-60s-streams,0.08425860407676318,2026-09-11 20:50:54+00
eth-updown-5m-1789159500,ETH,"Ethereum Up or Down - September 11, 4:45PM-4:50PM ET",2026-09-11T20:50:00Z,2026-09-11T20:45:00Z,2536.260853447784,Down,"[""0"", ""1""]",0.05,,,-0.5045,0.001,resolved,0xa2091b3d503737fd3dbfd9f5525477b0df2554f944e4be420e33c9285885b939,https://data.chain.link/streams/eth-usd-twap-60s-streams,2527.543756415909,2026-09-11 20:50:54+00
hype-updown-5m-1789159500,HYPE,"Hyperliquid Up or Down - September 11, 4:45PM-4:50PM ET",2026-09-11T20:50:00Z,2026-09-11T20:45:00Z,80.80546336082878,Down,"[""0"", ""1""]",0.14,,,-0.5,0.01,resolved,0x6732a58c2e74be8b57813b0ed8df239a4506f0d995968d2cf9a8f3cec361a795,https://data.chain.link/streams/hype-usd-twap-60s-streams,80.68358104310222,2026-09-11 20:50:54+00
sol-updown-5m-1789159500,SOL,"Solana Up or Down - September 11, 4:45PM-4:50PM ET",2026-09-11T20:50:00Z,2026-09-11T20:45:00Z,102.57005466265774,Down,"[""0"", ""1""]",0.04,,,-0.5045,0.001,resolved,0x12dc84ea45e2b023e57aa1b80dd4ee96860fa7ef370f67bbad230a578e09ee5c,https://data.chain.link/streams/sol-usd-twap-60s-streams,102.17518408296081,2026-09-11 20:50:54+00
xrp-updown-5m-1789159500,XRP,"XRP Up or Down - September 11, 4:45PM-4:50PM ET",2026-09-11T20:50:00Z,2026-09-11T20:45:00Z,1.364036525274579,Down,"[""0"", ""1""]",0.02,,,-0.5045,0.001,resolved,0xf2aa16f27dd1ac123acc26cab8897c313ded86224f45c8cdb880a983333ca0a2,https://data.chain.link/streams/xrp-usd-twap-60s-streams,1.3609588330196143,2026-09-11 20:50:55+00
zec-updown-5m-1789159500,ZEC,"ZCash Up or Down - September 11, 4:45PM-4:50PM ET",2026-09-11T20:50:00Z,2026-09-11T20:45:00Z,1180.928461341168,Down,"[""0"", ""1""]",,,,-0.495,0.01,resolved,0xe2a762ab1c6d3ff6c62e1d5757fb4aa2fd4b3a1bfd7b87985bc7c7cbbaedca33,https://data.chain.link/streams/zec-usd-twap-60s-streams,1177.0787533016683,2026-09-11 20:50:54+00
bnb-updown-5m-1789159800,BNB,"BNB Up or Down - September 11, 4:50PM-4:55PM ET",2026-09-11T20:55:00Z,2026-09-11T20:50:00Z,725.401284010054,Down,"[""0"", ""1""]",0.19,,,-0.5045,0.001,resolved,0xaa47455b6e1347150dba76f5d9ae6f9ce0a10c5f312f1720e481491a762d5f27,https://data.chain.link/streams/bnb-usd-twap-60s-streams,724.7207049254687,2026-09-11 20:55:55+00
btc-updown-5m-1789159800,BTC,"Bitcoin Up or Down - September 11, 4:50PM-4:55PM ET",2026-09-11T20:55:00Z,2026-09-11T20:50:00Z,77262.80677982928,Down,"[""0"", ""1""]",0.01,72367.77148999998,2,-0.5,0.01,resolved,0x955e39187e2548e2985a03110ef3be68b7780b805cc627563d910ecc8581674f,https://data.chain.link/streams/btc-usd-twap-60s-streams,77231.25978574865,2026-09-11 20:55:55+00
doge-updown-5m-1789159800,DOGE,"Dogecoin Up or Down - September 11, 4:50PM-4:55PM ET",2026-09-11T20:55:00Z,2026-09-11T20:50:00Z,0.08425860407676318,Down,"[""0"", ""1""]",0.85,,,-0.4995,0.001,resolved,0x4956e62198361ceaac0826cbe82d4fadaec8f1280d393b709acc2be9e421d16e,https://data.chain.link/streams/doge-usd-twap-60s-streams,0.08416078298450827,2026-09-11 20:55:54+00
eth-updown-5m-1789159800,ETH,"Ethereum Up or Down - September 11, 4:50PM-4:55PM ET",2026-09-11T20:55:00Z,2026-09-11T20:50:00Z,2527.543756415909,Down,"[""0"", ""1""]",0.01,7712.577405000003,,-0.5045,0.001,resolved,0x7b0a7887ab5e1256e8ec5cf0a05f5602b7d4000e83a9f1796b842d8751026391,https://data.chain.link/streams/eth-usd-twap-60s-streams,2526.648585601819,2026-09-11 20:55:54+00
hype-updown-5m-1789159800,HYPE,"Hyperliquid Up or Down - September 11, 4:50PM-4:55PM ET",2026-09-11T20:55:00Z,2026-09-11T20:50:00Z,80.68358104310222,Down,"[""0"", ""1""]",0.39,,,-0.5045,0.001,resolved,0x16943a4632fc0296e4fcc7bafceae09553775dc7a6f76bfb2062539fb2031778,https://data.chain.link/streams/hype-usd-twap-60s-streams,80.42929807145163,2026-09-11 20:55:55+00
sol-updown-5m-1789159800,SOL,"Solana Up or Down - September 11, 4:50PM-4:55PM ET",2026-09-11T20:55:00Z,2026-09-11T20:50:00Z,102.17518408296081,Down,"[""0"", ""1""]",0.03,2363.3279959999995,,-0.5,0.01,resolved,0x3ee4483a3b2a8bbd0ec98a4d799072c5d9d519917071b3569d9a0185c2edc800,https://data.chain.link/streams/sol-usd-twap-60s-streams,102.10608684406452,2026-09-11 20:55:54+00
xrp-updown-5m-1789159800,XRP,"XRP Up or Down - September 11, 4:50PM-4:55PM ET",2026-09-11T20:55:00Z,2026-09-11T20:50:00Z,1.3609588330196143,Down,"[""0"", ""1""]",0.06,1664.4538200000004,,-0.5045,0.001,resolved,0x4d35c746fe247060c15d0317f6386983fa50c78e05b7232a82a99a24c5cd8cb1,https://data.chain.link/streams/xrp-usd-twap-60s-streams,1.3598900705320371,2026-09-11 20:55:54+00
zec-updown-5m-1789159800,ZEC,"ZCash Up or Down - September 11, 4:50PM-4:55PM ET",2026-09-11T20:55:00Z,2026-09-11T20:50:00Z,1177.0787533016683,Up,"[""1"", ""0""]",,,,0.495,0.01,resolved,0x3c14102f0ed26a0bc743fac9106dc415d01875856f29be7e8cf09e4a55200326,https://data.chain.link/streams/zec-usd-twap-60s-streams,1177.97887403735,2026-09-11 20:55:55+00
bnb-updown-5m-1789160100,BNB,"BNB Up or Down - September 11, 4:55PM-5:00PM ET",2026-09-11T21:00:00Z,2026-09-11T20:55:00Z,724.7207049254687,Up,"[""1"", ""0""]",0.99,,,0.49,0.01,resolved,0xb697c204692a917cc9b21d747fff2905a86a81327d88077baaffa59506e76497,https://data.chain.link/streams/bnb-usd-twap-60s-streams,725.8119050509592,2026-09-11 21:00:54+00
btc-updown-5m-1789160100,BTC,"Bitcoin Up or Down - September 11, 4:55PM-5:00PM ET",2026-09-11T21:00:00Z,2026-09-11T20:55:00Z,77231.25978574865,Up,"[""1"", ""0""]",0.999,32304.362276000014,2,0.4945,0.001,resolved,0xbc2e925af006575a629342ccd174f920878c7c9c89051128ca14d2a88616fc65,https://data.chain.link/streams/btc-usd-twap-60s-streams,77322.81764097062,2026-09-11 21:00:52+00
doge-updown-5m-1789160100,DOGE,"Dogecoin Up or Down - September 11, 4:55PM-5:00PM ET",2026-09-11T21:00:00Z,2026-09-11T20:55:00Z,0.08416078298450827,Up,"[""1"", ""0""]",0.99,,,0.495,0.01,resolved,0xf2bb6d7f382f220311f7c15a546132f985452919f6f86f5d892da9cb4c4daf41,https://data.chain.link/streams/doge-usd-twap-60s-streams,0.08438414891178085,2026-09-11 21:00:52+00
eth-updown-5m-1789160100,ETH,"Ethereum Up or Down - September 11, 4:55PM-5:00PM ET",2026-09-11T21:00:00Z,2026-09-11T20:55:00Z,2526.648585601819,Up,"[""1"", ""0""]",0.99,,,0.49,0.01,resolved,0x386437d7f504f467e6840b5b011eac380d8bbfd117376680b83cf51665a145cf,https://data.chain.link/streams/eth-usd-twap-60s-streams,2530.2548742871554,2026-09-11 21:00:52+00
hype-updown-5m-1789160100,HYPE,"Hyperliquid Up or Down - September 11, 4:55PM-5:00PM ET",2026-09-11T21:00:00Z,2026-09-11T20:55:00Z,80.42929807145163,Up,"[""1"", ""0""]",0.99,,,0.49,0.01,resolved,0xd7a60153c96ce5f7ce40a701e070f9b6bed74edd923a45bb8a2ab8388958e87b,https://data.chain.link/streams/hype-usd-twap-60s-streams,80.61330274949344,2026-09-11 21:00:52+00
sol-updown-5m-1789160100,SOL,"Solana Up or Down - September 11, 4:55PM-5:00PM ET",2026-09-11T21:00:00Z,2026-09-11T20:55:00Z,102.10608684406452,Up,"[""1"", ""0""]",0.99,,,0.4945,0.001,resolved,0x2ca21c56c6449805b5feb80de884b5b599c3406e55b198bffdc88180c80e803a,https://data.chain.link/streams/sol-usd-twap-60s-streams,102.45969808280935,2026-09-11 21:00:54+00
xrp-updown-5m-1789160100,XRP,"XRP Up or Down - September 11, 4:55PM-5:00PM ET",2026-09-11T21:00:00Z,2026-09-11T20:55:00Z,1.3598900705320371,Up,"[""1"", ""0""]",0.99,,,0.49,0.01,resolved,0xbf88817c542c894051c55e2bf1ebc9aa386bad4b5ebe28809ce38fa373394274,https://data.chain.link/streams/xrp-usd-twap-60s-streams,1.3624543349895275,2026-09-11 21:00:54+00
zec-updown-5m-1789160100,ZEC,"ZCash Up or Down - September 11, 4:55PM-5:00PM ET",2026-09-11T21:00:00Z,2026-09-11T20:55:00Z,1177.97887403735,Up,"[""1"", ""0""]",,,,0.495,0.01,resolved,0x0d6c954546c554a5344e101db5499e95a3909a9a10e8f6d18af449e480a9acd4,https://data.chain.link/streams/zec-usd-twap-60s-streams,1183.034193022717,2026-09-11 21:00:54+00
bnb-updown-5m-1789160400,BNB,"BNB Up or Down - September 11, 5:00PM-5:05PM ET",2026-09-11T21:05:00Z,2026-09-11T21:00:00Z,725.8119050509592,Down,"[""0"", ""1""]",0.23,412.00521499999996,,-0.5,0.01,resolved,0x9ea9d64258a4d65dedc1693ef6c241b73c52e5200f385fd82d087c5d6bd4603b,https://data.chain.link/streams/bnb-usd-twap-60s-streams,725.7020139820646,2026-09-11 21:05:54+00
btc-updown-5m-1789160400,BTC,"Bitcoin Up or Down - September 11, 5:00PM-5:05PM ET",2026-09-11T21:05:00Z,2026-09-11T21:00:00Z,77322.81764097062,Up,"[""1"", ""0""]",0.99,59643.465096000014,2,0.49,0.01,resolved,0x1aa2a221831510d0dfbbe721a2464c30b7654d4a407ee194bff35e8aead07147,https://data.chain.link/streams/btc-usd-twap-60s-streams,77325.43931587391,2026-09-11 21:05:54+00
doge-updown-5m-1789160400,DOGE,"Dogecoin Up or Down - September 11, 5:00PM-5:05PM ET",2026-09-11T21:05:00Z,2026-09-11T21:00:00Z,0.08438414891178085,Down,"[""0"", ""1""]",0.1,229.937583,,-0.4995,0.001,resolved,0x6a39c3d95cfc99774af07a25e831f875e5fce8268c665304b4cece28460e2198,https://data.chain.link/streams/doge-usd-twap-60s-streams,0.08432648762079205,2026-09-11 21:05:54+00
eth-updown-5m-1789160400,ETH,"Ethereum Up or Down - September 11, 5:00PM-5:05PM ET",2026-09-11T21:05:00Z,2026-09-11T21:00:00Z,2530.2548742871554,Up,"[""1"", ""0""]",0.99,2989.0496160000007,,0.4945,0.001,resolved,0xc91b8ecb2765f0c6d9710b1fc8e37604fa1c1f789f733e205c7a4e7fccc8c0af,https://data.chain.link/streams/eth-usd-twap-60s-streams,2531.5746425557577,2026-09-11 21:05:54+00
hype-updown-5m-1789160400,HYPE,"Hyperliquid Up or Down - September 11, 5:00PM-5:05PM ET",2026-09-11T21:05:00Z,2026-09-11T21:00:00Z,80.61330274949344,Down,"[""0"", ""1""]",0.44,59.293046000000004,,-0.5045,0.001,resolved,0xa7812823dceb558467b614a9ba7257458ec7c3f209315faadca71791abefbb72,https://data.chain.link/streams/hype-usd-twap-60s-streams,80.52853704030632,2026-09-11 21:05:54+00
sol-updown-5m-1789160400,SOL,"Solana Up or Down - September 11, 5:00PM-5:05PM ET",2026-09-11T21:05:00Z,2026-09-11T21:00:00Z,102.45969808280935,Down,"[""0"", ""1""]",0.01,3265.594565,,-0.5,0.01,resolved,0xe741472faa792c82d3df5082918bc80bb84449c13d24a406afbb643a7ad6bb89,https://data.chain.link/streams/sol-usd-twap-60s-streams,102.43996179143167,2026-09-11 21:05:52+00
xrp-updown-5m-1789160400,XRP,"XRP Up or Down - September 11, 5:00PM-5:05PM ET",2026-09-11T21:05:00Z,2026-09-11T21:00:00Z,1.3624543349895275,Down,"[""0"", ""1""]",0.18,442.158303,,-0.5045,0.001,resolved,0x780d75b310a4b214496082a9c06104def8cce521171272277d422fca39e1ea45,https://data.chain.link/streams/xrp-usd-twap-60s-streams,1.3612075341972398,2026-09-11 21:05:54+00
zec-updown-5m-1789160400,ZEC,"ZCash Up or Down - September 11, 5:00PM-5:05PM ET",2026-09-11T21:05:00Z,2026-09-11T21:00:00Z,1183.034193022717,Down,"[""0"", ""1""]",,,,-0.495,0.01,resolved,0x220b632042d1b6d3bf49822b1c8e89fc0601bd4692d3406de3096acc5c048ce5,https://data.chain.link/streams/zec-usd-twap-60s-streams,1181.328603364315,2026-09-11 21:05:54+00
bnb-updown-5m-1789160700,BNB,"BNB Up or Down - September 11, 5:05PM-5:10PM ET",2026-09-11T21:10:00Z,2026-09-11T21:05:00Z,725.7020139820646,Up,"[""1"", ""0""]",0.99,,,0.4945,0.001,resolved,0x45b619476ff8414828b4a08fc66da32dd4cac159eac63887f4dd477e5911cbda,https://data.chain.link/streams/bnb-usd-twap-60s-streams,726.6951997902038,2026-09-11 21:10:54+00
btc-updown-5m-1789160700,BTC,"Bitcoin Up or Down - September 11, 5:05PM-5:10PM ET",2026-09-11T21:10:00Z,2026-09-11T21:05:00Z,77325.43931587391,Up,"[""1"", ""0""]",0.99,27828.69357399999,2,0.4945,0.001,resolved,0x5bc9e04d8052bd3bee57436beab7b1c33271301eb368f5c12676266d312ee075,https://data.chain.link/streams/btc-usd-twap-60s-streams,77371.86763226046,2026-09-11 21:10:54+00
doge-updown-5m-1789160700,DOGE,"Dogecoin Up or Down - September 11, 5:05PM-5:10PM ET",2026-09-11T21:10:00Z,2026-09-11T21:05:00Z,0.08432648762079205,Up,"[""1"", ""0""]",0.99,,,0.4995,0.001,resolved,0xdec15ba6df00a865c0a0ac6fdf2a8622d67e26a7c3922b0f27acc73975cbe579,https://data.chain.link/streams/doge-usd-twap-60s-streams,0.08456036714097814,2026-09-11 21:10:52+00
eth-updown-5m-1789160700,ETH,"Ethereum Up or Down - September 11, 5:05PM-5:10PM ET",2026-09-11T21:10:00Z,2026-09-11T21:05:00Z,2531.5746425557577,Up,"[""1"", ""0""]",0.999,6376.8810889999995,,0.4945,0.001,resolved,0x316dd43ccbbb1f17700ea9ac4dd8f34a71df827ec31f869ac7ee36dd6ec411db,https://data.chain.link/streams/eth-usd-twap-60s-streams,2535.6968574223893,2026-09-11 21:10:54+00
hype-updown-5m-1789160700,HYPE,"Hyperliquid Up or Down - September 11, 5:05PM-5:10PM ET",2026-09-11T21:10:00Z,2026-09-11T21:05:00Z,80.52853704030632,Up,"[""1"", ""0""]",0.999,,,0.4945,0.001,resolved,0xa9c502cdd893d12203303529e2e3d8d5f6100638b944f1e45164cb95ec2633de,https://data.chain.link/streams/hype-usd-twap-60s-streams,80.74280994629676,2026-09-11 21:10:52+00
sol-updown-5m-1789160700,SOL,"Solana Up or Down - September 11, 5:05PM-5:10PM ET",2026-09-11T21:10:00Z,2026-09-11T21:05:00Z,102.43996179143167,Up,"[""1"", ""0""]",0.99,1782.8174200000003,,0.4945,0.001,resolved,0xc622b774fc20df47872882b80efb43c802447bde1120633d984d5b8fa78d1204,https://data.chain.link/streams/sol-usd-twap-60s-streams,102.76617358546714,2026-09-11 21:10:52+00
xrp-updown-5m-1789160700,XRP,"XRP Up or Down - September 11, 5:05PM-5:10PM ET",2026-09-11T21:10:00Z,2026-09-11T21:05:00Z,1.3612075341972398,Up,"[""1"", ""0""]",0.99,,,0.4945,0.001,resolved,0xca5fb06eb5c3eb845f7fce665e84039f67f6f6538a91888185c5868c05e02365,https://data.chain.link/streams/xrp-usd-twap-60s-streams,1.3642138509072332,2026-09-11 21:10:52+00
zec-updown-5m-1789160700,ZEC,"ZCash Up or Down - September 11, 5:05PM-5:10PM ET",2026-09-11T21:10:00Z,2026-09-11T21:05:00Z,1181.328603364315,Up,"[""1"", ""0""]",,,,0.495,0.01,resolved,0xfc2b8602718291660594b2312a2cdfb40194ed53762a1954bcbb7d166d343212,https://data.chain.link/streams/zec-usd-twap-60s-streams,1187.0227201334185,2026-09-11 21:10:52+00
bnb-updown-5m-1789161000,BNB,"BNB Up or Down - September 11, 5:10PM-5:15PM ET",2026-09-11T21:15:00Z,2026-09-11T21:10:00Z,726.6951997902038,Down,"[""0"", ""1""]",0.26,,,-0.5045,0.001,resolved,0x6acf2938545ab4a9ba5b5272649fec25a097816d34b6c26b5bbbbbc816e3ea40,https://data.chain.link/streams/bnb-usd-twap-60s-streams,726.3119787988608,2026-09-11 21:16:27+00
btc-updown-5m-1789161000,BTC,"Bitcoin Up or Down - September 11, 5:10PM-5:15PM ET",2026-09-11T21:15:00Z,2026-09-11T21:10:00Z,77371.86763226046,Down,"[""0"", ""1""]",0.01,52294.27887199998,2,-0.5045,0.001,resolved,0xed1568b0b922617d877cd1d0839c3b4542e69f19f9ebf7ad08d073ce31622952,https://data.chain.link/streams/btc-usd-twap-60s-streams,77321.13326667031,2026-09-11 21:16:27+00
doge-updown-5m-1789161000,DOGE,"Dogecoin Up or Down - September 11, 5:10PM-5:15PM ET",2026-09-11T21:15:00Z,2026-09-11T21:10:00Z,0.08456036714097814,Down,"[""0"", ""1""]",0.06,,,-0.4995,0.001,resolved,0xd259d08d001f9cf579268ad827e4d2057352d50c9ed27f630fbb43634f71b9c5,https://data.chain.link/streams/doge-usd-twap-60s-streams,0.08451922339022526,2026-09-11 21:16:27+00
eth-updown-5m-1789161000,ETH,"Ethereum Up or Down - September 11, 5:10PM-5:15PM ET",2026-09-11T21:15:00Z,2026-09-11T21:10:00Z,2535.6968574223893,Up,"[""1"", ""0""]",0.99,,,0.4945,0.001,resolved,0xc4b34fb9bc4cd84d1967165d8bb830380ed0a7b0cc2e82704f4170c6a7bee236,https://data.chain.link/streams/eth-usd-twap-60s-streams,2537.3796635873537,2026-09-11 21:16:27+00
hype-updown-5m-1789161000,HYPE,"Hyperliquid Up or Down - September 11, 5:10PM-5:15PM ET",2026-09-11T21:15:00Z,2026-09-11T21:10:00Z,80.74280994629676,Down,"[""0"", ""1""]",0.05,,,-0.5045,0.001,resolved,0x260fb3b8d34d9d6a495f40d464edf243dba0886d2257271ad48ca97b10a8665f,https://data.chain.link/streams/hype-usd-twap-60s-streams,80.69263466299853,2026-09-11 21:16:34+00
sol-updown-5m-1789161000,SOL,"Solana Up or Down - September 11, 5:10PM-5:15PM ET",2026-09-11T21:15:00Z,2026-09-11T21:10:00Z,102.76617358546714,Down,"[""0"", ""1""]",0.01,,,-0.5045,0.001,resolved,0x0cf8f1af1d12a2f2d568b041b54be579e5340533916caf005c210057d10a6b80,https://data.chain.link/streams/sol-usd-twap-60s-streams,102.67419597851615,2026-09-11 21:16:27+00
xrp-updown-5m-1789161000,XRP,"XRP Up or Down - September 11, 5:10PM-5:15PM ET",2026-09-11T21:15:00Z,2026-09-11T21:10:00Z,1.3642138509072332,Down,"[""0"", ""1""]",0.19,,,-0.5,0.01,resolved,0x86836830c7f45e4cc729a735b0a0ecae3a46600b80287bd958394d9d42a54214,https://data.chain.link/streams/xrp-usd-twap-60s-streams,1.3639663149128156,2026-09-11 21:16:27+00
zec-updown-5m-1789161000,ZEC,"ZCash Up or Down - September 11, 5:10PM-5:15PM ET",2026-09-11T21:15:00Z,2026-09-11T21:10:00Z,1187.0227201334185,Down,"[""0"", ""1""]",,,,-0.495,0.01,resolved,0xcdb483925b6f2135220a646e87261be38d864cf6e5773957286779f54b0d4f1c,https://data.chain.link/streams/zec-usd-twap-60s-streams,1184.2043560939828,2026-09-11 21:16:27+00
bnb-updown-5m-1789161300,BNB,"BNB Up or Down - September 11, 5:15PM-5:20PM ET",2026-09-11T21:20:00Z,2026-09-11T21:15:00Z,726.3119787988608,Up,"[""1"", ""0""]",0.99,157.303433,,0.4945,0.001,resolved,0xb24a21c302d9d1155f046a48c6077c54c50aacd571844d137388e0fa5f71e2f3,https://data.chain.link/streams/bnb-usd-twap-60s-streams,726.9635137269629,2026-09-11 21:20:54+00
btc-updown-5m-1789161300,BTC,"Bitcoin Up or Down - September 11, 5:15PM-5:20PM ET",2026-09-11T21:20:00Z,2026-09-11T21:15:00Z,77321.13326667031,Up,"[""1"", ""0""]",0.99,20461.138545,2,0.4945,0.001,resolved,0x2ce0a705b323dfbcc675420db73981b7edc69bd991bc7724b8bc5f328e438eb2,https://data.chain.link/streams/btc-usd-twap-60s-streams,77383.38933145914,2026-09-11 21:20:54+00
doge-updown-5m-1789161300,DOGE,"Dogecoin Up or Down - September 11, 5:15PM-5:20PM ET",2026-09-11T21:20:00Z,2026-09-11T21:15:00Z,0.08451922339022526,Up,"[""1"", ""0""]",0.99,209.14339999999999,,0.4995,0.001,resolved,0x73ae72309808604f0dc128fb23ac746931b9341bb6d654b9e4a9f106b6f10ee8,https://data.chain.link/streams/doge-usd-twap-60s-streams,0.08458485212837985,2026-09-11 21:20:54+00
eth-updown-5m-1789161300,ETH,"Ethereum Up or Down - September 11, 5:15PM-5:20PM ET",2026-09-11T21:20:00Z,2026-09-11T21:15:00Z,2537.3796635873537,Up,"[""1"", ""0""]",0.99,2703.6287620000003,,0.49,0.01,resolved,0x86fc09c74464a218a3b9f5d295e59aba21c04c6e56a397aa904dbb7c7f489f68,https://data.chain.link/streams/eth-usd-twap-60s-streams,2538.540295362976,2026-09-11 21:20:55+00
hype-updown-5m-1789161300,HYPE,"Hyperliquid Up or Down - September 11, 5:15PM-5:20PM ET",2026-09-11T21:20:00Z,2026-09-11T21:15:00Z,80.69263466299853,Up,"[""1"", ""0""]",0.98,41.845318,,0.4945,0.001,resolved,0xf2b4c411984e2526a3064b5b3e1e7e2108396a7af8c19a9ffff12c7f8478a9d5,https://data.chain.link/streams/hype-usd-twap-60s-streams,80.79864030541937,2026-09-11 21:20:54+00
sol-updown-5m-1789161300,SOL,"Solana Up or Down - September 11, 5:15PM-5:20PM ET",2026-09-11T21:20:00Z,2026-09-11T21:15:00Z,102.67419597851615,Up,"[""1"", ""0""]",0.99,1636.4059690000001,,0.4945,0.001,resolved,0x5a4f5f200547870380c8a9edb356dbdb6b7e3f90d9d9aacb6d55aec3002b4e49,https://data.chain.link/streams/sol-usd-twap-60s-streams,102.85002034177145,2026-09-11 21:20:55+00
xrp-updown-5m-1789161300,XRP,"XRP Up or Down - September 11, 5:15PM-5:20PM ET",2026-09-11T21:20:00Z,2026-09-11T21:15:00Z,1.3639663149128156,Up,"[""1"", ""0""]",0.99,408.34419399999996,,0.495,0.01,resolved,0x0b6f79a2cb8fd694c5a3d579137520cc94a4a087522d4181d48e24884f54388d,https://data.chain.link/streams/xrp-usd-twap-60s-streams,1.3653880774790457,2026-09-11 21:20:55+00
zec-updown-5m-1789161300,ZEC,"ZCash Up or Down - September 11, 5:15PM-5:20PM ET",2026-09-11T21:20:00Z,2026-09-11T21:15:00Z,1184.2043560939828,Up,"[""1"", ""0""]",,,,0.495,0.01,resolved,0x71db987e5266f7b73e2fc650f30ee43d9574dc9f99f46e80c411b765146909e3,https://data.chain.link/streams/zec-usd-twap-60s-streams,1186.4338098850635,2026-09-11 21:20:54+00
bnb-updown-5m-1789161600,BNB,"BNB Up or Down - September 11, 5:20PM-5:25PM ET",2026-09-11T21:25:00Z,2026-09-11T21:20:00Z,726.9635137269629,Up,"[""1"", ""0""]",0.98,,,0.4945,0.001,resolved,0xfd948e0692a729baf64899df120d1fd0db6624692e17bfc1f9a74699d799f398,https://data.chain.link/streams/bnb-usd-twap-60s-streams,727.005430612398,2026-09-11 21:25:52+00
btc-updown-5m-1789161600,BTC,"Bitcoin Up or Down - September 11, 5:20PM-5:25PM ET",2026-09-11T21:25:00Z,2026-09-11T21:20:00Z,77383.38933145914,Down,"[""0"", ""1""]",0.001,39311.505321,2,-0.5045,0.001,resolved,0xc0d17d3e529ec5e082bccd52468284ee545dc53f181d2299587f553f7a287eb5,https://data.chain.link/streams/btc-usd-twap-60s-streams,77371.57654548716,2026-09-11 21:25:54+00
doge-updown-5m-1789161600,DOGE,"Dogecoin Up or Down - September 11, 5:20PM-5:25PM ET",2026-09-11T21:25:00Z,2026-09-11T21:20:00Z,0.08458485212837985,Down,"[""0"", ""1""]",0.42,,,-0.495,0.01,resolved,0x6313ff75008805c6f9dbe975d84300663d3eac39cadde1f2f66583f1e17c665a,https://data.chain.link/streams/doge-usd-twap-60s-streams,0.08456139680515577,2026-09-11 21:25:54+00
eth-updown-5m-1789161600,ETH,"Ethereum Up or Down - September 11, 5:20PM-5:25PM ET",2026-09-11T21:25:00Z,2026-09-11T21:20:00Z,2538.540295362976,Down,"[""0"", ""1""]",0.03,2933.111253000001,,-0.5045,0.001,resolved,0x2e628537ac86d705aebc9cf7a59d5a6b5e089a487ca68fdae2a57343398c01a7,https://data.chain.link/streams/eth-usd-twap-60s-streams,2536.5944712935766,2026-09-11 21:25:54+00
hype-updown-5m-1789161600,HYPE,"Hyperliquid Up or Down - September 11, 5:20PM-5:25PM ET",2026-09-11T21:25:00Z,2026-09-11T21:20:00Z,80.79864030541937,Up,"[""1"", ""0""]",0.99,,,0.49,0.01,resolved,0xde8f6343126ce2e969d3186652126ff3da35f25e09b62d907b361cde62be7402,https://data.chain.link/streams/hype-usd-twap-60s-streams,80.80003952764368,2026-09-11 21:25:54+00
sol-updown-5m-1789161600,SOL,"Solana Up or Down - September 11, 5:20PM-5:25PM ET",2026-09-11T21:25:00Z,2026-09-11T21:20:00Z,102.85002034177145,Up,"[""1"", ""0""]",0.999,2394.5997480000005,,0.4945,0.001,resolved,0x23c54260c153a7506528ef7003997661f42f59efe70e8a088a68ee293f3e349d,https://data.chain.link/streams/sol-usd-twap-60s-streams,102.90044925232483,2026-09-11 21:25:54+00
xrp-updown-5m-1789161600,XRP,"XRP Up or Down - September 11, 5:20PM-5:25PM ET",2026-09-11T21:25:00Z,2026-09-11T21:20:00Z,1.3653880774790457,Up,"[""1"", ""0""]",0.999,,,0.4945,0.001,resolved,0x8707581751a24242daaaf7584f508066ac2cc674228824c929056480c515e15d,https://data.chain.link/streams/xrp-usd-twap-60s-streams,1.3655460166161693,2026-09-11 21:25:54+00
zec-updown-5m-1789161600,ZEC,"ZCash Up or Down - September 11, 5:20PM-5:25PM ET",2026-09-11T21:25:00Z,2026-09-11T21:20:00Z,1186.4338098850635,Down,"[""0"", ""1""]",,,,-0.495,0.01,resolved,0x5917fa2acfb6eb5512dd78a203055d699eba8951d6fefb9cf395fb8f53040e41,https://data.chain.link/streams/zec-usd-twap-60s-streams,1185.6095834037087,2026-09-11 21:25:54+00
bnb-updown-5m-1789161900,BNB,"BNB Up or Down - September 11, 5:25PM-5:30PM ET",2026-09-11T21:30:00Z,2026-09-11T21:25:00Z,727.005430612398,Down,"[""0"", ""1""]",0.3,,,-0.5045,0.001,resolved,0xca0614deba77c012fc826f25a3189332b6781b0ce634ecae88e592b311921a22,https://data.chain.link/streams/bnb-usd-twap-60s-streams,726.5673537643418,2026-09-11 21:31:27+00
btc-updown-5m-1789161900,BTC,"Bitcoin Up or Down - September 11, 5:25PM-5:30PM ET",2026-09-11T21:30:00Z,2026-09-11T21:25:00Z,77371.57654548716,Down,"[""0"", ""1""]",0.01,36831.98106099997,2,-0.5045,0.001,resolved,0x3c07a1397b73e51f1c0850cd63e11cdfc842609b65ce236a4a66afe6a979fdb3,https://data.chain.link/streams/btc-usd-twap-60s-streams,77339.02214950044,2026-09-11 21:31:27+00
doge-updown-5m-1789161900,DOGE,"Dogecoin Up or Down - September 11, 5:25PM-5:30PM ET",2026-09-11T21:30:00Z,2026-09-11T21:25:00Z,0.08456139680515577,Down,"[""0"", ""1""]",0.07,,,-0.4995,0.001,resolved,0x4c92e9adc009b183010c993b2e2bf7bc6113c04b05a45883de4b14c8b23a4ff4,https://data.chain.link/streams/doge-usd-twap-60s-streams,0.08448694849066651,2026-09-11 21:31:27+00
eth-updown-5m-1789161900,ETH,"Ethereum Up or Down - September 11, 5:25PM-5:30PM ET",2026-09-11T21:30:00Z,2026-09-11T21:25:00Z,2536.5944712935766,Down,"[""0"", ""1""]",0.01,,,-0.5,0.01,resolved,0x8f783831b557f7e24f1d830246c71680426a1a9110c2304b2fce9649e8728244,https://data.chain.link/streams/eth-usd-twap-60s-streams,2535.4623715077796,2026-09-11 21:31:27+00
hype-updown-5m-1789161900,HYPE,"Hyperliquid Up or Down - September 11, 5:25PM-5:30PM ET",2026-09-11T21:30:00Z,2026-09-11T21:25:00Z,80.80003952764368,Down,"[""0"", ""1""]",0.4,,,-0.5045,0.001,resolved,0xd726e211b1357278b0f95a38adf4115127638b1b51568622335fe70f6f81ad56,https://data.chain.link/streams/hype-usd-twap-60s-streams,80.62175250546392,2026-09-11 21:31:27+00
sol-updown-5m-1789161900,SOL,"Solana Up or Down - September 11, 5:25PM-5:30PM ET",2026-09-11T21:30:00Z,2026-09-11T21:25:00Z,102.90044925232483,Down,"[""0"", ""1""]",0.04,,,-0.5,0.01,resolved,0x568f872bdfed52c8144b132b70ae9114c6287713b2c3d2fc770b3c842cfce4f1,https://data.chain.link/streams/sol-usd-twap-60s-streams,102.81430087792793,2026-09-11 21:31:27+00
xrp-updown-5m-1789161900,XRP,"XRP Up or Down - September 11, 5:25PM-5:30PM ET",2026-09-11T21:30:00Z,2026-09-11T21:25:00Z,1.3655460166161693,Down,"[""0"", ""1""]",0.05,,,-0.5045,0.001,resolved,0xb7cfdadd54e8b701f358acc44355c3569140cf424d6724375c6c5eb16fb774ae,https://data.chain.link/streams/xrp-usd-twap-60s-streams,1.3636189891858732,2026-09-11 21:31:27+00
zec-updown-5m-1789161900,ZEC,"ZCash Up or Down - September 11, 5:25PM-5:30PM ET",2026-09-11T21:30:00Z,2026-09-11T21:25:00Z,1185.6095834037087,Down,"[""0"", ""1""]",,,,-0.495,0.01,resolved,0x227fc11d0d1bd23bf3472ddaa68d7986ef69e79abbada1afdeb2f48c32950ea5,https://data.chain.link/streams/zec-usd-twap-60s-streams,1179.826645961338,2026-09-11 21:31:27+00
bnb-updown-5m-1789162200,BNB,"BNB Up or Down - September 11, 5:30PM-5:35PM ET",2026-09-11T21:35:00Z,2026-09-11T21:30:00Z,726.5673537643418,Up,"[""1"", ""0""]",0.99,587.267318,,0.495,0.01,resolved,0x248ac510e468ceb6c3615f7e2e62356e77b29426661b28bacfacb53e2960c8ce,https://data.chain.link/streams/bnb-usd-twap-60s-streams,726.6755770012396,2026-09-11 21:36:25+00
btc-updown-5m-1789162200,BTC,"Bitcoin Up or Down - September 11, 5:30PM-5:35PM ET",2026-09-11T21:35:00Z,2026-09-11T21:30:00Z,77339.02214950044,Up,"[""1"", ""0""]",0.999,36814.738355,2,0.4945,0.001,resolved,0xd73f47f5b6aff193a7daa6d19ed7dc87d9feb75a2b9bbe3f4f4909c7717d30b9,https://data.chain.link/streams/btc-usd-twap-60s-streams,77352.52031674965,2026-09-11 21:36:27+00
doge-updown-5m-1789162200,DOGE,"Dogecoin Up or Down - September 11, 5:30PM-5:35PM ET",2026-09-11T21:35:00Z,2026-09-11T21:30:00Z,0.08448694849066651,Up,"[""1"", ""0""]",0.99,214.11491299999997,,0.4995,0.001,resolved,0xd2e6e4dc4d3a8aa84755226fbc894b5f91334159f7a4df66d8c8bfd35fabf0f3,https://data.chain.link/streams/doge-usd-twap-60s-streams,0.08457538396195491,2026-09-11 21:36:27+00
eth-updown-5m-1789162200,ETH,"Ethereum Up or Down - September 11, 5:30PM-5:35PM ET",2026-09-11T21:35:00Z,2026-09-11T21:30:00Z,2535.4623715077796,Up,"[""1"", ""0""]",0.99,5314.698274,,0.4945,0.001,resolved,0x3ba79a82fca0f4f1216b1450e308db07cb2c9a4f47c1cc3621c6b6dd2c9f7421,https://data.chain.link/streams/eth-usd-twap-60s-streams,2536.860005631029,2026-09-11 21:36:27+00
hype-updown-5m-1789162200,HYPE,"Hyperliquid Up or Down - September 11, 5:30PM-5:35PM ET",2026-09-11T21:35:00Z,2026-09-11T21:30:00Z,80.62175250546392,Down,"[""0"", ""1""]",0.13,52.904788999999994,,-0.5045,0.001,resolved,0xfdc86d053765f131e1b6805bba372c9219b09d0c90b77c514a33fb6a5618f28e,https://data.chain.link/streams/hype-usd-twap-60s-streams,80.59599128918418,2026-09-11 21:36:25+00
sol-updown-5m-1789162200,SOL,"Solana Up or Down - September 11, 5:30PM-5:35PM ET",2026-09-11T21:35:00Z,2026-09-11T21:30:00Z,102.81430087792793,Down,"[""0"", ""1""]",0.01,3485.5368249999988,,-0.495,0.01,resolved,0x3fcd24f661c41258c3ab95d5bfa4acf22329ea40d218827437eb7265c73f71f7,https://data.chain.link/streams/sol-usd-twap-60s-streams,102.81218716226388,2026-09-11 21:36:27+00
xrp-updown-5m-1789162200,XRP,"XRP Up or Down - September 11, 5:30PM-5:35PM ET",2026-09-11T21:35:00Z,2026-09-11T21:30:00Z,1.3636189891858732,Up,"[""1"", ""0""]",0.99,873.7947489999999,,0.49,0.01,resolved,0x1e70a9cd7ac8480f3dc10c05ee6c02a3f56d147f57279aa1ab01c68b2bc072ad,https://data.chain.link/streams/xrp-usd-twap-60s-streams,1.3638189981576387,2026-09-11 21:36:27+00
zec-updown-5m-1789162200,ZEC,"ZCash Up or Down - September 11, 5:30PM-5:35PM ET",2026-09-11T21:35:00Z,2026-09-11T21:30:00Z,1179.826645961338,Down,"[""0"", ""1""]",,,,-0.495,0.01,resolved,0xa4399dc0d907ae1daaff8877e853f5a5c88fd2956a57b0c52e9b016beb2f978c,https://data.chain.link/streams/zec-usd-twap-60s-streams,1176.9750299342147,2026-09-11 21:36:27+00
bnb-updown-5m-1789162500,BNB,"BNB Up or Down - September 11, 5:35PM-5:40PM ET",2026-09-11T21:40:00Z,2026-09-11T21:35:00Z,726.6755770012396,Up,"[""1"", ""0""]",0.99,,,0.49,0.01,resolved,0xa696b50846c53007175ea4fa411f70f9c746b2903bc2516817f3eb7e6fb0b3e1,https://data.chain.link/streams/bnb-usd-twap-60s-streams,726.7834394791968,2026-09-11 21:40:54+00
btc-updown-5m-1789162500,BTC,"Bitcoin Up or Down - September 11, 5:35PM-5:40PM ET",2026-09-11T21:40:00Z,2026-09-11T21:35:00Z,77352.52031674965,Up,"[""1"", ""0""]",0.99,41529.12860200001,2,0.49,0.01,resolved,0xc635b300940996dc72f4f8d85cc82b7e7689a837cc901921a16a49a0c268bfd3,https://data.chain.link/streams/btc-usd-twap-60s-streams,77370.3335314192,2026-09-11 21:40:54+00
doge-updown-5m-1789162500,DOGE,"Dogecoin Up or Down - September 11, 5:35PM-5:40PM ET",2026-09-11T21:40:00Z,2026-09-11T21:35:00Z,0.08457538396195491,Down,"[""0"", ""1""]",0.14,257.361652,,-0.495,0.01,resolved,0xb881786d4f6d1deb5c1a0c56e6718cd671a244772aeabe858d9552452a3dd80e,https://data.chain.link/streams/doge-usd-twap-60s-streams,0.08450640240011029,2026-09-11 21:40:54+00
eth-updown-5m-1789162500,ETH,"Ethereum Up or Down - September 11, 5:35PM-5:40PM ET",2026-09-11T21:40:00Z,2026-09-11T21:35:00Z,2536.860005631029,Up,"[""1"", ""0""]",0.99,5514.695508000002,,0.49,0.01,resolved,0xd1ba0822e5e86a064f469e5de5550ff997d0c940511d789dd4b92102f6ec861b,https://data.chain.link/streams/eth-usd-twap-60s-streams,2537.1448378065875,2026-09-11 21:40:54+00
hype-updown-5m-1789162500,HYPE,"Hyperliquid Up or Down - September 11, 5:35PM-5:40PM ET",2026-09-11T21:40:00Z,2026-09-11T21:35:00Z,80.59599128918418,Down,"[""0"", ""1""]",0.09,,,-0.5,0.01,resolved,0x3ce411aa76f51a50ff4c6382ff846ffab9e5d495f5658d94900dfe9abe96754b,https://data.chain.link/streams/hype-usd-twap-60s-streams,80.57995144506532,2026-09-11 21:40:54+00
sol-updown-5m-1789162500,SOL,"Solana Up or Down - September 11, 5:35PM-5:40PM ET",2026-09-11T21:40:00Z,2026-09-11T21:35:00Z,102.81218716226388,Down,"[""0"", ""1""]",0.01,3442.4586229999995,,-0.5,0.01,resolved,0xc41ea4cd1412704f1b218a6f24a00c9916316c583b8939340b786b884abe36f8,https://data.chain.link/streams/sol-usd-twap-60s-streams,102.73193916210212,2026-09-11 21:40:55+00
xrp-updown-5m-1789162500,XRP,"XRP Up or Down - September 11, 5:35PM-5:40PM ET",2026-09-11T21:40:00Z,2026-09-11T21:35:00Z,1.3638189981576387,Down,"[""0"", ""1""]",0.02,,,-0.5,0.01,resolved,0xff035ad7c1868db4bc0d1d6c758a823a13d936a6e0c99c1da7ec4460b0f3e9d5,https://data.chain.link/streams/xrp-usd-twap-60s-streams,1.362368982857074,2026-09-11 21:40:54+00
zec-updown-5m-1789162500,ZEC,"ZCash Up or Down - September 11, 5:35PM-5:40PM ET",2026-09-11T21:40:00Z,2026-09-11T21:35:00Z,1176.9750299342147,Up,"[""1"", ""0""]",,,,0.495,0.01,resolved,0xf7bb8ad6e6c272cf7ec10f43963a6bfd101cba52ad3b59b792ee2db77a0df38c,https://data.chain.link/streams/zec-usd-twap-60s-streams,1177.401041214323,2026-09-11 21:40:54+00
bnb-updown-5m-1789162800,BNB,"BNB Up or Down - September 11, 5:40PM-5:45PM ET",2026-09-11T21:45:00Z,2026-09-11T21:40:00Z,726.7834394791968,Down,"[""0"", ""1""]",0.04,,,-0.5045,0.001,resolved,0x0608bf7a60a8d6c73e14c5cbd81c6a974a24ec2734cf081614d8489ff74c921d,https://data.chain.link/streams/bnb-usd-twap-60s-streams,726.1707548729219,2026-09-11 21:45:55+00
btc-updown-5m-1789162800,BTC,"Bitcoin Up or Down - September 11, 5:40PM-5:45PM ET",2026-09-11T21:45:00Z,2026-09-11T21:40:00Z,77370.3335314192,Down,"[""0"", ""1""]",0.01,35753.09606399999,2,-0.5045,0.001,resolved,0xc76188091e8c8d5222bf62c29abe8eb188cd0954177f4a048288970e458a8fa4,https://data.chain.link/streams/btc-usd-twap-60s-streams,77323.3258708182,2026-09-11 21:45:55+00
doge-updown-5m-1789162800,DOGE,"Dogecoin Up or Down - September 11, 5:40PM-5:45PM ET",2026-09-11T21:45:00Z,2026-09-11T21:40:00Z,0.08450640240011029,Down,"[""0"", ""1""]",0.05,,,-0.4995,0.001,resolved,0x17ff1fea0444ef34bcb6a51373ea4d4df3893ed6bf118e17a593c9ecfa3d750b,https://data.chain.link/streams/doge-usd-twap-60s-streams,0.08439495918694173,2026-09-11 21:45:54+00
eth-updown-5m-1789162800,ETH,"Ethereum Up or Down - September 11, 5:40PM-5:45PM ET",2026-09-11T21:45:00Z,2026-09-11T21:40:00Z,2537.1448378065875,Down,"[""0"", ""1""]",0.02,,,-0.5045,0.001,resolved,0x88519171bae7a2fa915d74db83addd247ed9bee0e8662929632268cd4e020e04,https://data.chain.link/streams/eth-usd-twap-60s-streams,2534.4840827904986,2026-09-11 21:45:54+00
hype-updown-5m-1789162800,HYPE,"Hyperliquid Up or Down - September 11, 5:40PM-5:45PM ET",2026-09-11T21:45:00Z,2026-09-11T21:40:00Z,80.57995144506532,Down,"[""0"", ""1""]",0.09,,,-0.5045,0.001,resolved,0x1966213b189ea2f9cba552140a254643fc7e50c41d15d892962aa796fe36a329,https://data.chain.link/streams/hype-usd-twap-60s-streams,80.44977096526347,2026-09-11 21:45:54+00
sol-updown-5m-1789162800,SOL,"Solana Up or Down - September 11, 5:40PM-5:45PM ET",2026-09-11T21:45:00Z,2026-09-11T21:40:00Z,102.73193916210212,Down,"[""0"", ""1""]",0.37,,,-0.5045,0.001,resolved,0xe2746b3be5fd1e88f79c49af0a967073a9fd5f8b8cfee104d7b1488cb4c33213,https://data.chain.link/streams/sol-usd-twap-60s-streams,102.64941411999996,2026-09-11 21:45:54+00
xrp-updown-5m-1789162800,XRP,"XRP Up or Down - September 11, 5:40PM-5:45PM ET",2026-09-11T21:45:00Z,2026-09-11T21:40:00Z,1.362368982857074,Down,"[""0"", ""1""]",0.05,,,-0.5045,0.001,resolved,0x61de88317908b8ba28404a9eb99e2caa2862fe7594269cd0e44d9df4835aa7ba,https://data.chain.link/streams/xrp-usd-twap-60s-streams,1.3601869048898116,2026-09-11 21:45:55+00
zec-updown-5m-1789162800,ZEC,"ZCash Up or Down - September 11, 5:40PM-5:45PM ET",2026-09-11T21:45:00Z,2026-09-11T21:40:00Z,1177.401041214323,Down,"[""0"", ""1""]",,,,-0.495,0.01,resolved,0xd7920ba1ae91e10fd4bb59e07c6354dc6cd41f744b3e20d9c8ab0fdaed30ad9a,https://data.chain.link/streams/zec-usd-twap-60s-streams,1175.655040082563,2026-09-11 21:45:54+00
bnb-updown-5m-1789163100,BNB,"BNB Up or Down - September 11, 5:45PM-5:50PM ET",2026-09-11T21:50:00Z,2026-09-11T21:45:00Z,726.1707548729219,Down,"[""0"", ""1""]",0.02,,,-0.5045,0.001,resolved,0x0b77c6f65e076f2d5a379cb8ef3bf5717adc5d2119ccd61e60d0ed8bc305dd2f,https://data.chain.link/streams/bnb-usd-twap-60s-streams,724.8322573417493,2026-09-11 21:50:54+00
btc-updown-5m-1789163100,BTC,"Bitcoin Up or Down - September 11, 5:45PM-5:50PM ET",2026-09-11T21:50:00Z,2026-09-11T21:45:00Z,77323.3258708182,Down,"[""0"", ""1""]",0.001,46554.829298000004,2,-0.5045,0.001,resolved,0x3f7f52edd031f718b7ff31f535af1e492442adbade7fbad9a45030c225330d1e,https://data.chain.link/streams/btc-usd-twap-60s-streams,77265.00216856695,2026-09-11 21:50:55+00
doge-updown-5m-1789163100,DOGE,"Dogecoin Up or Down - September 11, 5:45PM-5:50PM ET",2026-09-11T21:50:00Z,2026-09-11T21:45:00Z,0.08439495918694173,Down,"[""0"", ""1""]",0.15,,,-0.4995,0.001,resolved,0xd6f09672903fbcd05ba44bc85d82bb216212c8833d72f07e7fb2488391fc1ac9,https://data.chain.link/streams/doge-usd-twap-60s-streams,0.08421106713340137,2026-09-11 21:50:55+00
eth-updown-5m-1789163100,ETH,"Ethereum Up or Down - September 11, 5:45PM-5:50PM ET",2026-09-11T21:50:00Z,2026-09-11T21:45:00Z,2534.4840827904986,Down,"[""0"", ""1""]",0.002,,,-0.5045,0.001,resolved,0x540fc38b4414ffe348357090a486a0987cf719303bffe6a1a29720d8628856c8,https://data.chain.link/streams/eth-usd-twap-60s-streams,2530.230381063689,2026-09-11 21:50:55+00
hype-updown-5m-1789163100,HYPE,"Hyperliquid Up or Down - September 11, 5:45PM-5:50PM ET",2026-09-11T21:50:00Z,2026-09-11T21:45:00Z,80.44977096526347,Down,"[""0"", ""1""]",0.12,,,-0.5,0.01,resolved,0x8f66a788ac01ccc30f6269b0c0bf206e0cb2f4d2d19e4c7fba56d5f201ce4f47,https://data.chain.link/streams/hype-usd-twap-60s-streams,80.35403753904654,2026-09-11 21:50:55+00
sol-updown-5m-1789163100,SOL,"Solana Up or Down - September 11, 5:45PM-5:50PM ET",2026-09-11T21:50:00Z,2026-09-11T21:45:00Z,102.64941411999996,Down,"[""0"", ""1""]",0.001,,,-0.5045,0.001,resolved,0xf16735061780f8a18eef1b1616c8fd20021b66f7d1265d457482912cd8795d16,https://data.chain.link/streams/sol-usd-twap-60s-streams,102.45092547777587,2026-09-11 21:50:55+00
xrp-updown-5m-1789163100,XRP,"XRP Up or Down - September 11, 5:45PM-5:50PM ET",2026-09-11T21:50:00Z,2026-09-11T21:45:00Z,1.3601869048898116,Down,"[""0"", ""1""]",0.01,,,-0.5045,0.001,resolved,0x5190973cd111e0815b6b33b748ca347efe2776b3f7e1f5e43697a43ac4264617,https://data.chain.link/streams/xrp-usd-twap-60s-streams,1.3574172583673816,2026-09-11 21:50:55+00
zec-updown-5m-1789163100,ZEC,"ZCash Up or Down - September 11, 5:45PM-5:50PM ET",2026-09-11T21:50:00Z,2026-09-11T21:45:00Z,1175.655040082563,Down,"[""0"", ""1""]",,,,-0.495,0.01,resolved,0xeefa3bbd0cfa2975e3c84e2dc26281222e9fe7e8497a439ae44230868c804c1d,https://data.chain.link/streams/zec-usd-twap-60s-streams,1168.4752658764382,2026-09-11 21:50:55+00
bnb-updown-5m-1789163400,BNB,"BNB Up or Down - September 11, 5:50PM-5:55PM ET",2026-09-11T21:55:00Z,2026-09-11T21:50:00Z,724.8322573417493,Down,"[""0"", ""1""]",0.26,137.985727,,-0.5045,0.001,resolved,0x65aa40e8662980ca1d2d7f96fe7a86aeb5d80bc21e09f9668d10a7ddfaddf744,https://data.chain.link/streams/bnb-usd-twap-60s-streams,723.891144956522,2026-09-11 21:55:54+00
btc-updown-5m-1789163400,BTC,"Bitcoin Up or Down - September 11, 5:50PM-5:55PM ET",2026-09-11T21:55:00Z,2026-09-11T21:50:00Z,77265.00216856695,Down,"[""0"", ""1""]",0.01,32064.040180000025,2,-0.5045,0.001,resolved,0x0700a553ad977ff12187c74d8a656b5e1f660e25dadd7c4aee2f93cf7b884bc1,https://data.chain.link/streams/btc-usd-twap-60s-streams,77217.05996916893,2026-09-11 21:55:54+00
doge-updown-5m-1789163400,DOGE,"Dogecoin Up or Down - September 11, 5:50PM-5:55PM ET",2026-09-11T21:55:00Z,2026-09-11T21:50:00Z,0.08421106713340137,Down,"[""0"", ""1""]",0.13,,,-0.4995,0.001,resolved,0xb2ab2fdc4cccbed5e5dacd23b4e4f7fd47cb613ea4f8aafa995626914d667d0a,https://data.chain.link/streams/doge-usd-twap-60s-streams,0.08403738470811031,2026-09-11 21:55:54+00
eth-updown-5m-1789163400,ETH,"Ethereum Up or Down - September 11, 5:50PM-5:55PM ET",2026-09-11T21:55:00Z,2026-09-11T21:50:00Z,2530.230381063689,Down,"[""0"", ""1""]",0.01,2704.8202029999998,,-0.5045,0.001,resolved,0xe3bdaeadabb8ac59c87fca223371fa8a49185e63e6943264cb68cecef0fb038b,https://data.chain.link/streams/eth-usd-twap-60s-streams,2524.1871128910675,2026-09-11 21:55:54+00
hype-updown-5m-1789163400,HYPE,"Hyperliquid Up or Down - September 11, 5:50PM-5:55PM ET",2026-09-11T21:55:00Z,2026-09-11T21:50:00Z,80.35403753904654,Down,"[""0"", ""1""]",0.48,,,-0.5045,0.001,resolved,0xc59c17f603da290bfed6fd7379bd22aa83288cc656042c9cb77b188e1a3f9baf,https://data.chain.link/streams/hype-usd-twap-60s-streams,80.13841585239508,2026-09-11 21:55:54+00
sol-updown-5m-1789163400,SOL,"Solana Up or Down - September 11, 5:50PM-5:55PM ET",2026-09-11T21:55:00Z,2026-09-11T21:50:00Z,102.45092547777587,Down,"[""0"", ""1""]",0.05,2313.9967179999994,,-0.5045,0.001,resolved,0xf705567a93334b9a25d8bfa8f891bfa5a0b38a26bd185e6122bc4e9e9e5a86c7,https://data.chain.link/streams/sol-usd-twap-60s-streams,102.34616285744751,2026-09-11 21:55:54+00
xrp-updown-5m-1789163400,XRP,"XRP Up or Down - September 11, 5:50PM-5:55PM ET",2026-09-11T21:55:00Z,2026-09-11T21:50:00Z,1.3574172583673816,Down,"[""0"", ""1""]",0.03,566.363433,,-0.5045,0.001,resolved,0xd7195833d7a94e0c26fc3f6fa5a1f621457efb432f5c67217aa0a01756949a46,https://data.chain.link/streams/xrp-usd-twap-60s-streams,1.3549741657277905,2026-09-11 21:55:54+00
zec-updown-5m-1789163400,ZEC,"ZCash Up or Down - September 11, 5:50PM-5:55PM ET",2026-09-11T21:55:00Z,2026-09-11T21:50:00Z,1168.4752658764382,Down,"[""0"", ""1""]",,,,-0.495,0.01,resolved,0x848d7849ad40dc0817f7b0acc9506f554688455568ef805b72fba6f660b2d08e,https://data.chain.link/streams/zec-usd-twap-60s-streams,1166.0264955323885,2026-09-11 21:55:54+00
bnb-updown-5m-1789163700,BNB,"BNB Up or Down - September 11, 5:55PM-6:00PM ET",2026-09-11T22:00:00Z,2026-09-11T21:55:00Z,723.891144956522,Down,"[""0"", ""1""]",0.14,,,-0.5045,0.001,resolved,0x2b8d6ec7cde4ed9c74c047e2c914e0126b18183ffcd167bf51dec2c4af44aaa9,https://data.chain.link/streams/bnb-usd-twap-60s-streams,723.0178899496466,2026-09-11 22:00:55+00
btc-updown-5m-1789163700,BTC,"Bitcoin Up or Down - September 11, 5:55PM-6:00PM ET",2026-09-11T22:00:00Z,2026-09-11T21:55:00Z,77217.05996916893,Down,"[""0"", ""1""]",0.02,23946.00996500001,2,-0.5045,0.001,resolved,0x6287df579fc3f67d88b86631feef4fda7e1d658da85a2db6a55108b466183718,https://data.chain.link/streams/btc-usd-twap-60s-streams,77072.37806427931,2026-09-11 22:00:54+00
doge-updown-5m-1789163700,DOGE,"Dogecoin Up or Down - September 11, 5:55PM-6:00PM ET",2026-09-11T22:00:00Z,2026-09-11T21:55:00Z,0.08403738470811031,Down,"[""0"", ""1""]",0.06,,,-0.4995,0.001,resolved,0x5ffa32bb2d7e257086e0eba3776ccd4178fc9abc516b9f562c2d835f80c06278,https://data.chain.link/streams/doge-usd-twap-60s-streams,0.0839071971589615,2026-09-11 22:00:54+00
eth-updown-5m-1789163700,ETH,"Ethereum Up or Down - September 11, 5:55PM-6:00PM ET",2026-09-11T22:00:00Z,2026-09-11T21:55:00Z,2524.1871128910675,Down,"[""0"", ""1""]",0.02,,,-0.5045,0.001,resolved,0x53618e4406b3698361d13f40dca363afddce8a9bf1b39560240e26b435d8b1ad,https://data.chain.link/streams/eth-usd-twap-60s-streams,2514.42695256115,2026-09-11 22:00:54+00
hype-updown-5m-1789163700,HYPE,"Hyperliquid Up or Down - September 11, 5:55PM-6:00PM ET",2026-09-11T22:00:00Z,2026-09-11T21:55:00Z,80.13841585239508,Down,"[""0"", ""1""]",0.16,,,-0.5045,0.001,resolved,0x93a000d1d107b239172afea42ec9161f8df4065ff8bfaa8eb821bb84343b580b,https://data.chain.link/streams/hype-usd-twap-60s-streams,79.82417215014506,2026-09-11 22:00:55+00
sol-updown-5m-1789163700,SOL,"Solana Up or Down - September 11, 5:55PM-6:00PM ET",2026-09-11T22:00:00Z,2026-09-11T21:55:00Z,102.34616285744751,Down,"[""0"", ""1""]",0.001,,,-0.5045,0.001,resolved,0x22fb603410f615c5f5864b03238336b5507130808c9bbe0dc5e32db89b8c8523,https://data.chain.link/streams/sol-usd-twap-60s-streams,102.0606397362701,2026-09-11 22:00:54+00
xrp-updown-5m-1789163700,XRP,"XRP Up or Down - September 11, 5:55PM-6:00PM ET",2026-09-11T22:00:00Z,2026-09-11T21:55:00Z,1.3549741657277905,Down,"[""0"", ""1""]",0.13,,,-0.5045,0.001,resolved,0x4267c045dd7e49bbb58639b2b8537722c118c3cd3d5056b4b16f568974a98f7e,https://data.chain.link/streams/xrp-usd-twap-60s-streams,1.3522012146141797,2026-09-11 22:00:55+00
zec-updown-5m-1789163700,ZEC,"ZCash Up or Down - September 11, 5:55PM-6:00PM ET",2026-09-11T22:00:00Z,2026-09-11T21:55:00Z,1166.0264955323885,Down,"[""0"", ""1""]",,,,-0.495,0.01,resolved,0xcc221e1e407fe71faedaf1131713c01d8278105dd29d0de3bf10d2eea3985a1f,https://data.chain.link/streams/zec-usd-twap-60s-streams,1158.9304581765346,2026-09-11 22:00:54+00
bnb-updown-5m-1789164000,BNB,"BNB Up or Down - September 11, 6:00PM-6:05PM ET",2026-09-11T22:05:00Z,2026-09-11T22:00:00Z,723.0178899496466,Up,"[""1"", ""0""]",0.99,,,0.49,0.01,resolved,0xdfc197d7a81f001eef390063d01527a0b6c345c52ca9531dcd689b24f75c8f49,https://data.chain.link/streams/bnb-usd-twap-60s-streams,724.4060283675244,2026-09-11 22:05:55+00
btc-updown-5m-1789164000,BTC,"Bitcoin Up or Down - September 11, 6:00PM-6:05PM ET",2026-09-11T22:05:00Z,2026-09-11T22:00:00Z,77072.37806427931,Up,"[""1"", ""0""]",0.999,71058.71901599996,2,0.4945,0.001,resolved,0x4b69308b21a9af93a9167ccf6e228191bd711d1629dc59305219a31d2bb256ff,https://data.chain.link/streams/btc-usd-twap-60s-streams,77113.37649553461,2026-09-11 22:05:54+00
doge-updown-5m-1789164000,DOGE,"Dogecoin Up or Down - September 11, 6:00PM-6:05PM ET",2026-09-11T22:05:00Z,2026-09-11T22:00:00Z,0.0839071971589615,Up,"[""1"", ""0""]",0.99,,,0.495,0.01,resolved,0xb4f6a22102a8bd6a1d1427b18aefe5bc9ff2d33ef0d1d7cd8710425bbc91d82b,https://data.chain.link/streams/doge-usd-twap-60s-streams,0.08420013052980452,2026-09-11 22:05:54+00
eth-updown-5m-1789164000,ETH,"Ethereum Up or Down - September 11, 6:00PM-6:05PM ET",2026-09-11T22:05:00Z,2026-09-11T22:00:00Z,2514.42695256115,Up,"[""1"", ""0""]",0.99,,,0.49,0.01,resolved,0x41fbe92d17a5a507d35934ec7ef41a50a0e42439f5f90b4f34bd4d16f6da84b8,https://data.chain.link/streams/eth-usd-twap-60s-streams,2518.047484981147,2026-09-11 22:05:54+00
hype-updown-5m-1789164000,HYPE,"Hyperliquid Up or Down - September 11, 6:00PM-6:05PM ET",2026-09-11T22:05:00Z,2026-09-11T22:00:00Z,79.82417215014506,Up,"[""1"", ""0""]",0.98,139.46179399999997,,0.4945,0.001,resolved,0x1d17d098a0d847537085ff876931d6df168303a36017edcf750de38a0c092dc6,https://data.chain.link/streams/hype-usd-twap-60s-streams,79.97515756512756,2026-09-11 22:05:54+00
sol-updown-5m-1789164000,SOL,"Solana Up or Down - September 11, 6:00PM-6:05PM ET",2026-09-11T22:05:00Z,2026-09-11T22:00:00Z,102.0606397362701,Up,"[""1"", ""0""]",0.99,,,0.49,0.01,resolved,0xb214614abfdee2b867042c460c43665ac93916e2040540ead30a9a3d8f714bb1,https://data.chain.link/streams/sol-usd-twap-60s-streams,102.31601014293477,2026-09-11 22:05:54+00
xrp-updown-5m-1789164000,XRP,"XRP Up or Down - September 11, 6:00PM-6:05PM ET",2026-09-11T22:05:00Z,2026-09-11T22:00:00Z,1.3522012146141797,Up,"[""1"", ""0""]",0.99,,,0.49,0.01,resolved,0xd2b5cd1b9218df304ac13ab34257ddd234a19e2e3a57b57f8792f6f597bdcea7,https://data.chain.link/streams/xrp-usd-twap-60s-streams,1.3559313122795666,2026-09-11 22:05:54+00
zec-updown-5m-1789164000,ZEC,"ZCash Up or Down - September 11, 6:00PM-6:05PM ET",2026-09-11T22:05:00Z,2026-09-11T22:00:00Z,1158.9304581765346,Up,"[""1"", ""0""]",,,,0.495,0.01,resolved,0xe72eaf3537c2a43ef824921272d9e8cf6dac48c34ff5e144f2c03e9a09de83de,https://data.chain.link/streams/zec-usd-twap-60s-streams,1165.2886788638634,2026-09-11 22:05:54+00
bnb-updown-5m-1789164300,BNB,"BNB Up or Down - September 11, 6:05PM-6:10PM ET",2026-09-11T22:10:00Z,2026-09-11T22:05:00Z,724.4060283675244,Down,"[""0"", ""1""]",0.03,191.22343999999998,,-0.5045,0.001,resolved,0xadbe7e58c7d983166cd9e8eba9a2548250ee3c49e08f75f4804324053160452e,https://data.chain.link/streams/bnb-usd-twap-60s-streams,723.2668680295901,2026-09-11 22:10:54+00
btc-updown-5m-1789164300,BTC,"Bitcoin Up or Down - September 11, 6:05PM-6:10PM ET",2026-09-11T22:10:00Z,2026-09-11T22:05:00Z,77113.37649553461,Down,"[""0"", ""1""]",0.01,41488.53277099998,,-0.5,0.01,resolved,0x6d2ce0f67cdaa552cdb8001b749e64352d54c176a1df0d237f3305273fa45af2,https://data.chain.link/streams/btc-usd-twap-60s-streams,77076.15447540258,2026-09-11 22:10:54+00
doge-updown-5m-1789164300,DOGE,"Dogecoin Up or Down - September 11, 6:05PM-6:10PM ET",2026-09-11T22:10:00Z,2026-09-11T22:05:00Z,0.08420013052980452,Down,"[""0"", ""1""]",0.25,203.408438,,-0.4995,0.001,resolved,0xa0b28f70b239e85d1dcb30d3bdf6158af32d791545e1cc2f5ad7c8ee06119ba5,https://data.chain.link/streams/doge-usd-twap-60s-streams,0.08394222513801984,2026-09-11 22:10:54+00
eth-updown-5m-1789164300,ETH,"Ethereum Up or Down - September 11, 6:05PM-6:10PM ET",2026-09-11T22:10:00Z,2026-09-11T22:05:00Z,2518.047484981147,Down,"[""0"", ""1""]",0.02,2442.6065929999995,,-0.5045,0.001,resolved,0x658e32ec892e2aa7de2706f7dd7e79ae29e78c16c5129f586ff200f25b673911,https://data.chain.link/streams/eth-usd-twap-60s-streams,2511.2387128336027,2026-09-11 22:10:55+00
hype-updown-5m-1789164300,HYPE,"Hyperliquid Up or Down - September 11, 6:05PM-6:10PM ET",2026-09-11T22:10:00Z,2026-09-11T22:05:00Z,79.97515756512756,Down,"[""0"", ""1""]",0.11,,,-0.5045,0.001,resolved,0x2d3b82b1b9ea85c3a8d16113c929148ba9e2ac512f3bc433139a32bf9418b0f7,https://data.chain.link/streams/hype-usd-twap-60s-streams,79.6609723238447,2026-09-11 22:10:54+00
sol-updown-5m-1789164300,SOL,"Solana Up or Down - September 11, 6:05PM-6:10PM ET",2026-09-11T22:10:00Z,2026-09-11T22:05:00Z,102.31601014293477,Down,"[""0"", ""1""]",0.01,1439.1844290000004,,-0.5045,0.001,resolved,0xd8fa5fb27d9c663c9ad23f29cee3918790dffd306baa6d24f0560e4b422eb528,https://data.chain.link/streams/sol-usd-twap-60s-streams,101.95846387202461,2026-09-11 22:10:55+00
xrp-updown-5m-1789164300,XRP,"XRP Up or Down - September 11, 6:05PM-6:10PM ET",2026-09-11T22:10:00Z,2026-09-11T22:05:00Z,1.3559313122795666,Down,"[""0"", ""1""]",0.2,655.6896150000001,,-0.5045,0.001,resolved,0x17df0792009b8b6a0c0889a89a2c7671f85bbc8f68af1d62ed4778dd03431ee9,https://data.chain.link/streams/xrp-usd-twap-60s-streams,1.3529576217768966,2026-09-11 22:10:54+00
zec-updown-5m-1789164300,ZEC,"ZCash Up or Down - September 11, 6:05PM-6:10PM ET",2026-09-11T22:10:00Z,2026-09-11T22:05:00Z,1165.2886788638634,Down,"[""0"", ""1""]",,,,-0.495,0.01,resolved,0xcb44ff39f057201961823dadbb89bb2a01e74589c1fe0e45e8181ca04ce489db,https://data.chain.link/streams/zec-usd-twap-60s-streams,1159.2920289231463,2026-09-11 22:10:54+00
bnb-updown-5m-1789164600,BNB,"BNB Up or Down - September 11, 6:10PM-6:15PM ET",2026-09-11T22:15:00Z,2026-09-11T22:10:00Z,723.2668680295901,Up,"[""1"", ""0""]",0.99,,,0.4945,0.001,resolved,0xbd471fb9d5d7166741d5195d24dc9c44f3b5c0c2c4be9336c51dd6816822eea4,https://data.chain.link/streams/bnb-usd-twap-60s-streams,724.1087243865729,2026-09-11 22:15:54+00
btc-updown-5m-1789164600,BTC,"Bitcoin Up or Down - September 11, 6:10PM-6:15PM ET",2026-09-11T22:15:00Z,2026-09-11T22:10:00Z,77076.15447540258,Up,"[""1"", ""0""]",0.999,31600.237319000018,,0.4945,0.001,resolved,0x9336b3ff2057f3b064edf2ba375bbd56a9663d95323f1b0003fcd00ab254e99d,https://data.chain.link/streams/btc-usd-twap-60s-streams,77159.95095010198,2026-09-11 22:15:54+00
doge-updown-5m-1789164600,DOGE,"Dogecoin Up or Down - September 11, 6:10PM-6:15PM ET",2026-09-11T22:15:00Z,2026-09-11T22:10:00Z,0.08394222513801984,Up,"[""1"", ""0""]",0.999,,,0.4995,0.001,resolved,0xc4400c51e19699ab480eb5b1eb2199d280c94d75b74d36358951e416225a9dc3,https://data.chain.link/streams/doge-usd-twap-60s-streams,0.08417527587320897,2026-09-11 22:15:54+00
eth-updown-5m-1789164600,ETH,"Ethereum Up or Down - September 11, 6:10PM-6:15PM ET",2026-09-11T22:15:00Z,2026-09-11T22:10:00Z,2511.2387128336027,Up,"[""1"", ""0""]",0.999,1800.3896959999993,,0.4945,0.001,resolved,0x5eb4cfde502770a2e58d89e846d6c36f0661d5a18be95140ed98e76076d15bcd,https://data.chain.link/streams/eth-usd-twap-60s-streams,2519.3341284941703,2026-09-11 22:15:52+00
hype-updown-5m-1789164600,HYPE,"Hyperliquid Up or Down - September 11, 6:10PM-6:15PM ET",2026-09-11T22:15:00Z,2026-09-11T22:10:00Z,79.6609723238447,Up,"[""1"", ""0""]",0.98,,,0.4945,0.001,resolved,0xa6a0b91feffc48b8b0aef1bc63dfe0527e44d3f0d5d5612b2e4ea960278373da,https://data.chain.link/streams/hype-usd-twap-60s-streams,79.94315288941236,2026-09-11 22:15:54+00
sol-updown-5m-1789164600,SOL,"Solana Up or Down - September 11, 6:10PM-6:15PM ET",2026-09-11T22:15:00Z,2026-09-11T22:10:00Z,101.95846387202461,Up,"[""1"", ""0""]",0.999,,,0.4945,0.001,resolved,0xc9dd13c6eda2c67b189370fab0c5e23b7497b9f95f42cd37f4bc45aa239656f7,https://data.chain.link/streams/sol-usd-twap-60s-streams,102.17423805164948,2026-09-11 22:15:52+00
xrp-updown-5m-1789164600,XRP,"XRP Up or Down - September 11, 6:10PM-6:15PM ET",2026-09-11T22:15:00Z,2026-09-11T22:10:00Z,1.3529576217768966,Up,"[""1"", ""0""]",0.99,,,0.4945,0.001,resolved,0x9e4a7505160b01fd6caf3656a71d8e29bc5fbdd06d94ecfe800fc11180f3354b,https://data.chain.link/streams/xrp-usd-twap-60s-streams,1.356168749582597,2026-09-11 22:15:54+00
zec-updown-5m-1789164600,ZEC,"ZCash Up or Down - September 11, 6:10PM-6:15PM ET",2026-09-11T22:15:00Z,2026-09-11T22:10:00Z,1159.2920289231463,Up,"[""1"", ""0""]",,,,0.495,0.01,resolved,0x2699d0c7a4ad00f4b731a49d69178ab2e6c23b2720b62eaee9638c3d44890b18,https://data.chain.link/streams/zec-usd-twap-60s-streams,1166.9646744062848,2026-09-11 22:15:54+00
bnb-updown-5m-1789164900,BNB,"BNB Up or Down - September 11, 6:15PM-6:20PM ET",2026-09-11T22:20:00Z,2026-09-11T22:15:00Z,724.1087243865729,Up,"[""1"", ""0""]",0.99,86.733192,,0.49,0.01,resolved,0xb3671c7c86e5ed5d378b087d765ce2c3a6f1189de5aafce540c330afebafd9d6,https://data.chain.link/streams/bnb-usd-twap-60s-streams,724.2037120527547,2026-09-11 22:20:54+00
btc-updown-5m-1789164900,BTC,"Bitcoin Up or Down - September 11, 6:15PM-6:20PM ET",2026-09-11T22:20:00Z,2026-09-11T22:15:00Z,77159.95095010198,Down,"[""0"", ""1""]",0.01,34548.643670000005,,-0.5,0.01,resolved,0xfb07a14a0f2712306d63b2e3db6c3dd6cd7e2506ccbe2f8ce0c9598b2f7f19bc,https://data.chain.link/streams/btc-usd-twap-60s-streams,77147.0690467927,2026-09-11 22:20:54+00
doge-updown-5m-1789164900,DOGE,"Dogecoin Up or Down - September 11, 6:15PM-6:20PM ET",2026-09-11T22:20:00Z,2026-09-11T22:15:00Z,0.08417527587320897,Down,"[""0"", ""1""]",0.24,237.616789,,-0.495,0.01,resolved,0xe280796c8e2deb0c9c4264d36939fd1fc9838b77e120d2af4be65ae55d27fdfd,https://data.chain.link/streams/doge-usd-twap-60s-streams,0.08410966745159316,2026-09-11 22:20:54+00
eth-updown-5m-1789164900,ETH,"Ethereum Up or Down - September 11, 6:15PM-6:20PM ET",2026-09-11T22:20:00Z,2026-09-11T22:15:00Z,2519.3341284941703,Up,"[""1"", ""0""]",0.99,2774.9603389999993,,0.49,0.01,resolved,0x8c70636b646ba2c42faaa62f72c4f1018f12957bf7d4e4d3091a66a0f7fd412b,https://data.chain.link/streams/eth-usd-twap-60s-streams,2519.653107240471,2026-09-11 22:20:55+00
hype-updown-5m-1789164900,HYPE,"Hyperliquid Up or Down - September 11, 6:15PM-6:20PM ET",2026-09-11T22:20:00Z,2026-09-11T22:15:00Z,79.94315288941236,Down,"[""0"", ""1""]",0.17,24.855266,,-0.5,0.01,resolved,0x36b8839c3d363e978f054675908560732a539abfa59093a202e91a5214f44d67,https://data.chain.link/streams/hype-usd-twap-60s-streams,79.89144871997141,2026-09-11 22:20:55+00
sol-updown-5m-1789164900,SOL,"Solana Up or Down - September 11, 6:15PM-6:20PM ET",2026-09-11T22:20:00Z,2026-09-11T22:15:00Z,102.17423805164948,Down,"[""0"", ""1""]",0.01,2102.730094,,-0.5045,0.001,resolved,0x4e453b71bc8622774b80681de57d3084250d309754f17aafff6c0cda7cc91cd0,https://data.chain.link/streams/sol-usd-twap-60s-streams,102.04723012996494,2026-09-11 22:20:55+00
xrp-updown-5m-1789164900,XRP,"XRP Up or Down - September 11, 6:15PM-6:20PM ET",2026-09-11T22:20:00Z,2026-09-11T22:15:00Z,1.356168749582597,Down,"[""0"", ""1""]",0.19,508.0972499999999,,-0.5045,0.001,resolved,0xb84c83f94978dd73c99b5b1eec833fc28b39e2a1e04dd739236c2a24c3aac342,https://data.chain.link/streams/xrp-usd-twap-60s-streams,1.354386204094577,2026-09-11 22:20:54+00
zec-updown-5m-1789164900,ZEC,"ZCash Up or Down - September 11, 6:15PM-6:20PM ET",2026-09-11T22:20:00Z,2026-09-11T22:15:00Z,1166.9646744062848,Down,"[""0"", ""1""]",,,,-0.495,0.01,resolved,0x1efcc1c0de8b62b1a39a36651024815d8575d4075be93bc2d8573d9e2af5b207,https://data.chain.link/streams/zec-usd-twap-60s-streams,1164.9320818329281,2026-09-11 22:20:54+00
bnb-updown-5m-1789165200,BNB,"BNB Up or Down - September 11, 6:20PM-6:25PM ET",2026-09-11T22:25:00Z,2026-09-11T22:20:00Z,724.2037120527547,Up,"[""1"", ""0""]",0.99,,,0.4945,0.001,resolved,0x6be945c7ae9dba7f325f22f96537c03aaa7d8b07e47ca3681e91932b8bb466f4,https://data.chain.link/streams/bnb-usd-twap-60s-streams,725.026319612738,2026-09-11 22:25:54+00
btc-updown-5m-1789165200,BTC,"Bitcoin Up or Down - September 11, 6:20PM-6:25PM ET",2026-09-11T22:25:00Z,2026-09-11T22:20:00Z,77147.0690467927,Up,"[""1"", ""0""]",0.999,46972.73867199999,,0.4945,0.001,resolved,0x23f2be34bd492c360766dfd231034a93afa861d4e6f20ca5222a1d7fd40632c7,https://data.chain.link/streams/btc-usd-twap-60s-streams,77176.38985587902,2026-09-11 22:25:54+00
doge-updown-5m-1789165200,DOGE,"Dogecoin Up or Down - September 11, 6:20PM-6:25PM ET",2026-09-11T22:25:00Z,2026-09-11T22:20:00Z,0.08410966745159316,Up,"[""1"", ""0""]",0.99,,,0.48,0.02,resolved,0xcdb9936b973eeac3ceefacf9d028a376ba8ce28259d728edb8b024760678fc74,https://data.chain.link/streams/doge-usd-twap-60s-streams,0.0841950128011078,2026-09-11 22:26:01+00
eth-updown-5m-1789165200,ETH,"Ethereum Up or Down - September 11, 6:20PM-6:25PM ET",2026-09-11T22:25:00Z,2026-09-11T22:20:00Z,2519.653107240471,Up,"[""1"", ""0""]",0.99,3313.830236999999,,0.4945,0.001,resolved,0x7159fb6f3b318ee440bb2ddc4264c6c19d238500c60b9e7faf3f40c5d05c2a13,https://data.chain.link/streams/eth-usd-twap-60s-streams,2521.7825282358635,2026-09-11 22:25:54+00
hype-updown-5m-1789165200,HYPE,"Hyperliquid Up or Down - September 11, 6:20PM-6:25PM ET",2026-09-11T22:25:00Z,2026-09-11T22:20:00Z,79.89144871997141,Up,"[""1"", ""0""]",0.99,,,0.49,0.01,resolved,0x77fb0427faa44b78605b0176137bf7b1d5a6e1fb55f988861535abc7f3f001f5,https://data.chain.link/streams/hype-usd-twap-60s-streams,79.9156852715705,2026-09-11 22:25:54+00
sol-updown-5m-1789165200,SOL,"Solana Up or Down - September 11, 6:20PM-6:25PM ET",2026-09-11T22:25:00Z,2026-09-11T22:20:00Z,102.04723012996494,Up,"[""1"", ""0""]",0.991,2624.1934589999996,,0.4945,0.001,resolved,0x7aa5d44088a9d731a4a17510d527fb1f1f45fb7cb4e97c9f8c6403f2b3f631f2,https://data.chain.link/streams/sol-usd-twap-60s-streams,102.22442411088151,2026-09-11 22:25:54+00
xrp-updown-5m-1789165200,XRP,"XRP Up or Down - September 11, 6:20PM-6:25PM ET",2026-09-11T22:25:00Z,2026-09-11T22:20:00Z,1.354386204094577,Up,"[""1"", ""0""]",0.99,,,0.49,0.01,resolved,0xd6f4514e9ce98dd1602fcb817f785516f041ae4b483bfc0679446253cedf7c7d,https://data.chain.link/streams/xrp-usd-twap-60s-streams,1.355110368312739,2026-09-11 22:25:54+00
zec-updown-5m-1789165200,ZEC,"ZCash Up or Down - September 11, 6:20PM-6:25PM ET",2026-09-11T22:25:00Z,2026-09-11T22:20:00Z,1164.9320818329281,Up,"[""1"", ""0""]",,,,0.495,0.01,resolved,0x83d61cd3fda207844cf931801532e00802f268fe4999520e1b28fdf318508253,https://data.chain.link/streams/zec-usd-twap-60s-streams,1166.3962177503604,2026-09-11 22:25:54+00
bnb-updown-5m-1789165500,BNB,"BNB Up or Down - September 11, 6:25PM-6:30PM ET",2026-09-11T22:30:00Z,2026-09-11T22:25:00Z,725.026319612738,Down,"[""0"", ""1""]",0.5,,,-0.5,0.01,resolved,0x8a5ccca0ec8284f2733ccbcd2f9796e27d911df2022525ea40ed44f7da4c64d8,https://data.chain.link/streams/bnb-usd-twap-60s-streams,724.3854481228174,2026-09-11 22:30:54+00
btc-updown-5m-1789165500,BTC,"Bitcoin Up or Down - September 11, 6:25PM-6:30PM ET",2026-09-11T22:30:00Z,2026-09-11T22:25:00Z,77176.38985587902,Down,"[""0"", ""1""]",0.001,59475.17358199998,,-0.5,0.01,resolved,0xfdcffed87a20ddaf30a32674739b4c33ae637bcb7d7b6bb11911e62eaf43e3b2,https://data.chain.link/streams/btc-usd-twap-60s-streams,77100.877088373,2026-09-11 22:30:54+00
doge-updown-5m-1789165500,DOGE,"Dogecoin Up or Down - September 11, 6:25PM-6:30PM ET",2026-09-11T22:30:00Z,2026-09-11T22:25:00Z,0.0841950128011078,Down,"[""0"", ""1""]",0.04,,,-0.495,0.01,resolved,0xc2f5d978091bbeb67987e0988f7c3ae1157bc02b3fd3943a523238564d62bc06,https://data.chain.link/streams/doge-usd-twap-60s-streams,0.08401935989075895,2026-09-11 22:30:54+00
eth-updown-5m-1789165500,ETH,"Ethereum Up or Down - September 11, 6:25PM-6:30PM ET",2026-09-11T22:30:00Z,2026-09-11T22:25:00Z,2521.7825282358635,Down,"[""0"", ""1""]",0.01,,,-0.49,0.01,resolved,0x0660ca4aba90f91b3664bec107546a4b9f7b3ff3e47e1fdfc5278f88177cb3b8,https://data.chain.link/streams/eth-usd-twap-60s-streams,2517.673536032719,2026-09-11 22:30:54+00
hype-updown-5m-1789165500,HYPE,"Hyperliquid Up or Down - September 11, 6:25PM-6:30PM ET",2026-09-11T22:30:00Z,2026-09-11T22:25:00Z,79.9156852715705,Down,"[""0"", ""1""]",0.01,,,-0.4995,0.001,resolved,0x04d956e85e2ae85cb87869a791ff269b3fcda6b6e9626afa6d137aeee77e8155,https://data.chain.link/streams/hype-usd-twap-60s-streams,79.6011851837751,2026-09-11 22:30:54+00
sol-updown-5m-1789165500,SOL,"Solana Up or Down - September 11, 6:25PM-6:30PM ET",2026-09-11T22:30:00Z,2026-09-11T22:25:00Z,102.22442411088151,Down,"[""0"", ""1""]",0.11,,,-0.495,0.01,resolved,0xd1ac776d8c5cdb8de26a8e969c52e0ad8e9f32c5e8fed4747baacad66a7fd142,https://data.chain.link/streams/sol-usd-twap-60s-streams,102.01152028158528,2026-09-11 22:30:54+00
xrp-updown-5m-1789165500,XRP,"XRP Up or Down - September 11, 6:25PM-6:30PM ET",2026-09-11T22:30:00Z,2026-09-11T22:25:00Z,1.355110368312739,Down,"[""0"", ""1""]",0.11,,,-0.5,0.01,resolved,0x3eda7caaf4f7c0ce07838b5d0ad2fc75a594975a8233688cc895e032a5a0d8d8,https://data.chain.link/streams/xrp-usd-twap-60s-streams,1.3523559218121908,2026-09-11 22:30:54+00
zec-updown-5m-1789165500,ZEC,"ZCash Up or Down - September 11, 6:25PM-6:30PM ET",2026-09-11T22:30:00Z,2026-09-11T22:25:00Z,1166.3962177503604,Down,"[""0"", ""1""]",,,,-0.495,0.01,resolved,0x8cfa5cb869514dc234370708d9aea64eaa080f097f420936ffbf2520e95fef42,https://data.chain.link/streams/zec-usd-twap-60s-streams,1161.0642522411124,2026-09-11 22:30:52+00
bnb-updown-5m-1789165800,BNB,"BNB Up or Down - September 11, 6:30PM-6:35PM ET",2026-09-11T22:35:00Z,2026-09-11T22:30:00Z,724.3854481228174,Down,"[""0"", ""1""]",0.47,,,-0.5,0.01,resolved,0xec9e345e1a4fe1a573f4662651ef922fd94afb3752e479bb6d251f2a7436a808,https://data.chain.link/streams/bnb-usd-twap-60s-streams,723.2660239677398,2026-09-11 22:35:54+00
btc-updown-5m-1789165800,BTC,"Bitcoin Up or Down - September 11, 6:30PM-6:35PM ET",2026-09-11T22:35:00Z,2026-09-11T22:30:00Z,77100.877088373,Down,"[""0"", ""1""]",0.02,,,-0.5,0.01,resolved,0x3dc596723d0aec3565dec74391e7347fedc4125d0018d9e9d0200680d0303afd,https://data.chain.link/streams/btc-usd-twap-60s-streams,77033.07522711034,2026-09-11 22:35:55+00
doge-updown-5m-1789165800,DOGE,"Dogecoin Up or Down - September 11, 6:30PM-6:35PM ET",2026-09-11T22:35:00Z,2026-09-11T22:30:00Z,0.08401935989075895,Down,"[""0"", ""1""]",0.24,,,-0.495,0.01,resolved,0xc8272009f909fd4bb37cfae43952f94d3eddb5afdc4cb5e10920348c29903587,https://data.chain.link/streams/doge-usd-twap-60s-streams,0.0837903670649738,2026-09-11 22:35:54+00
eth-updown-5m-1789165800,ETH,"Ethereum Up or Down - September 11, 6:30PM-6:35PM ET",2026-09-11T22:35:00Z,2026-09-11T22:30:00Z,2517.673536032719,Down,"[""0"", ""1""]",0.04,,,-0.5,0.01,resolved,0x5251572a123d2cacd735b371ad8a8357d549224f04b472b5e1b09428a4ef22ee,https://data.chain.link/streams/eth-usd-twap-60s-streams,2512.3962687463486,2026-09-11 22:35:55+00
hype-updown-5m-1789165800,HYPE,"Hyperliquid Up or Down - September 11, 6:30PM-6:35PM ET",2026-09-11T22:35:00Z,2026-09-11T22:30:00Z,79.6011851837751,Down,"[""0"", ""1""]",0.1,,,-0.5,0.01,resolved,0x018b1412a640dc6d947cf7383071b04a319589fdf4d2088187bcf19510bbf304,https://data.chain.link/streams/hype-usd-twap-60s-streams,79.15211179193247,2026-09-11 22:35:54+00
sol-updown-5m-1789165800,SOL,"Solana Up or Down - September 11, 6:30PM-6:35PM ET",2026-09-11T22:35:00Z,2026-09-11T22:30:00Z,102.01152028158528,Down,"[""0"", ""1""]",0.01,1854.9342799999997,9.803922,-0.5,0.01,resolved,0x9612793079859dfcd8a85e11b2f2b57b8d435575aec1f7458c0d591fa2505192,https://data.chain.link/streams/sol-usd-twap-60s-streams,101.75862489269032,2026-09-11 22:35:54+00
xrp-updown-5m-1789165800,XRP,"XRP Up or Down - September 11, 6:30PM-6:35PM ET",2026-09-11T22:35:00Z,2026-09-11T22:30:00Z,1.3523559218121908,Down,"[""0"", ""1""]",0.14,,,-0.5,0.01,resolved,0x9f9236c634409b7683351d7ea16a0f851720c36352b08937209151162a4c8484,https://data.chain.link/streams/xrp-usd-twap-60s-streams,1.3487559251057928,2026-09-11 22:35:54+00
zec-updown-5m-1789165800,ZEC,"ZCash Up or Down - September 11, 6:30PM-6:35PM ET",2026-09-11T22:35:00Z,2026-09-11T22:30:00Z,1161.0642522411124,Down,"[""0"", ""1""]",0.77,,,-0.39,0.22,resolved,0xbe8e089ca2d2a51b23767dd4d0c8876eafe6e5412cc2a89826e8200500d28534,https://data.chain.link/streams/zec-usd-twap-60s-streams,1159.652668597677,2026-09-11 22:35:54+00
bnb-updown-5m-1789166100,BNB,"BNB Up or Down - September 11, 6:35PM-6:40PM ET",2026-09-11T22:40:00Z,2026-09-11T22:35:00Z,723.2660239677398,Up,"[""1"", ""0""]",0.99,,,0.4995,0.001,resolved,0xcb57198a2b8cc1b5b348c8a48facd0057358ff45ea7d936e2f23ffc1f09b0c31,https://data.chain.link/streams/bnb-usd-twap-60s-streams,724.8140628291608,2026-09-11 22:41:25+00
btc-updown-5m-1789166100,BTC,"Bitcoin Up or Down - September 11, 6:35PM-6:40PM ET",2026-09-11T22:40:00Z,2026-09-11T22:35:00Z,77033.07522711034,Up,"[""1"", ""0""]",0.999,42458.96828100002,,0.4945,0.001,resolved,0xca374b2d7956f0a5d84cff4983aa2cf7a54170a9d5c97ee92f359df329034642,https://data.chain.link/streams/btc-usd-twap-60s-streams,77153.33004426048,2026-09-11 22:41:27+00
doge-updown-5m-1789166100,DOGE,"Dogecoin Up or Down - September 11, 6:35PM-6:40PM ET",2026-09-11T22:40:00Z,2026-09-11T22:35:00Z,0.0837903670649738,Up,"[""1"", ""0""]",0.99,242.05590499999997,,0.4995,0.001,resolved,0x6a18366affe7dae992c3b414a57bb5cbfc67b47f4a9f355eec0b6723099089a9,https://data.chain.link/streams/doge-usd-twap-60s-streams,0.08398701035330192,2026-09-11 22:41:25+00
eth-updown-5m-1789166100,ETH,"Ethereum Up or Down - September 11, 6:35PM-6:40PM ET",2026-09-11T22:40:00Z,2026-09-11T22:35:00Z,2512.3962687463486,Up,"[""1"", ""0""]",0.999,3389.9005969999985,,0.4995,0.001,resolved,0xe695c532cfac9e45e233082b4313ea1281b234fdd2130c662b0af6388bc25f7f,https://data.chain.link/streams/eth-usd-twap-60s-streams,2519.0857209998057,2026-09-11 22:41:27+00
hype-updown-5m-1789166100,HYPE,"Hyperliquid Up or Down - September 11, 6:35PM-6:40PM ET",2026-09-11T22:40:00Z,2026-09-11T22:35:00Z,79.15211179193247,Up,"[""1"", ""0""]",0.98,,,0.49,0.01,resolved,0x4e5d2f33a12beb193021af23d6b8a14334b2f0958511eed301f3ee074b2c65dd,https://data.chain.link/streams/hype-usd-twap-60s-streams,79.19186854045394,2026-09-11 22:41:27+00
sol-updown-5m-1789166100,SOL,"Solana Up or Down - September 11, 6:35PM-6:40PM ET",2026-09-11T22:40:00Z,2026-09-11T22:35:00Z,101.75862489269032,Up,"[""1"", ""0""]",0.99,2843.5453780000003,,0.4945,0.001,resolved,0x9d9eab1ef3203d090affae4b3969dafb4ff47012c98bde0ded19e11f9773c660,https://data.chain.link/streams/sol-usd-twap-60s-streams,102.01478578345557,2026-09-11 22:41:27+00
xrp-updown-5m-1789166100,XRP,"XRP Up or Down - September 11, 6:35PM-6:40PM ET",2026-09-11T22:40:00Z,2026-09-11T22:35:00Z,1.3487559251057928,Up,"[""1"", ""0""]",0.999,786.2965289999999,,0.4945,0.001,resolved,0x39803f4c3c9ce9ca2ac9038106fee3be3af5db42daac9499cc166001460c0913,https://data.chain.link/streams/xrp-usd-twap-60s-streams,1.351966818555705,2026-09-11 22:41:25+00
zec-updown-5m-1789166100,ZEC,"ZCash Up or Down - September 11, 6:35PM-6:40PM ET",2026-09-11T22:40:00Z,2026-09-11T22:35:00Z,1159.652668597677,Up,"[""1"", ""0""]",,,,0.495,0.01,resolved,0x96cdc00df8f9e2f9a1efd861361f810674bf02160e1fa88d0983e22e37da4d41,https://data.chain.link/streams/zec-usd-twap-60s-streams,1161.2570076616744,2026-09-11 22:41:25+00
bnb-updown-5m-1789166400,BNB,"BNB Up or Down - September 11, 6:40PM-6:45PM ET",2026-09-11T22:45:00Z,2026-09-11T22:40:00Z,724.8140628291608,Down,"[""0"", ""1""]",0.86,,,-0.485,0.02,resolved,0xf65a448a1ac030cc8b0e4ce27ff07e0a6b84d7d194239cf02b237603b0ad1b85,https://data.chain.link/streams/bnb-usd-twap-60s-streams,724.4918288019036,2026-09-11 22:45:55+00
btc-updown-5m-1789166400,BTC,"Bitcoin Up or Down - September 11, 6:40PM-6:45PM ET",2026-09-11T22:45:00Z,2026-09-11T22:40:00Z,77153.33004426048,Down,"[""0"", ""1""]",0.01,69124.88558999995,,-0.4,0.01,resolved,0x084e603e45cb7d8f4448eebdfb5db57da96fa2bbb2ee18084d033a3e5c9d7ae3,https://data.chain.link/streams/btc-usd-twap-60s-streams,77132.7042870074,2026-09-11 22:45:54+00
doge-updown-5m-1789166400,DOGE,"Dogecoin Up or Down - September 11, 6:40PM-6:45PM ET",2026-09-11T22:45:00Z,2026-09-11T22:40:00Z,0.08398701035330192,Down,"[""0"", ""1""]",0.99,,,-0.47,0.04,resolved,0x7cc5e3735f7388a79e64b8402872185a744182a30ccb0f3a435969035021c3b1,https://data.chain.link/streams/doge-usd-twap-60s-streams,0.0839335093002839,2026-09-11 22:45:54+00
eth-updown-5m-1789166400,ETH,"Ethereum Up or Down - September 11, 6:40PM-6:45PM ET",2026-09-11T22:45:00Z,2026-09-11T22:40:00Z,2519.0857209998057,Down,"[""0"", ""1""]",0.99,,,0.08,0.01,resolved,0xda9cbc8bf92ed83c423a56d320bf3c9538392fd6c902504c2a414247fd4273ae,https://data.chain.link/streams/eth-usd-twap-60s-streams,2518.976810088829,2026-09-11 22:45:54+00
hype-updown-5m-1789166400,HYPE,"Hyperliquid Up or Down - September 11, 6:40PM-6:45PM ET",2026-09-11T22:45:00Z,2026-09-11T22:40:00Z,79.19186854045394,Up,"[""1"", ""0""]",0.99,,,0.49,0.01,resolved,0x62cc5331839390173c30c74eb1e54649f0d4d2ff77c10d17847d7fc6baa5a063,https://data.chain.link/streams/hype-usd-twap-60s-streams,79.27117732702276,2026-09-11 22:45:54+00
sol-updown-5m-1789166400,SOL,"Solana Up or Down - September 11, 6:40PM-6:45PM ET",2026-09-11T22:45:00Z,2026-09-11T22:40:00Z,102.01478578345557,Down,"[""0"", ""1""]",0.99,,,0.165,0.08,resolved,0x2d9c8bcc76676e6ecfb87e776c9e3f9ecabeffd0a093261d668815c9c1131fb2,https://data.chain.link/streams/sol-usd-twap-60s-streams,102.01303251988932,2026-09-11 22:45:54+00
xrp-updown-5m-1789166400,XRP,"XRP Up or Down - September 11, 6:40PM-6:45PM ET",2026-09-11T22:45:00Z,2026-09-11T22:40:00Z,1.351966818555705,Down,"[""0"", ""1""]",0.99,,,-0.26,0.17,resolved,0xb5c87711288a351627d4e3df5dc542d37af9ff214714bb921fe7117fc7ebe014,https://data.chain.link/streams/xrp-usd-twap-60s-streams,1.3519552134595916,2026-09-11 22:45:54+00
zec-updown-5m-1789166400,ZEC,"ZCash Up or Down - September 11, 6:40PM-6:45PM ET",2026-09-11T22:45:00Z,2026-09-11T22:40:00Z,1161.2570076616744,Up,"[""1"", ""0""]",,,,0.395,0.21,resolved,0xe82cb62858667821cd622126a604237f608fd09aaaf7aca8011567d054fc6ebc,https://data.chain.link/streams/zec-usd-twap-60s-streams,1165.1875627554057,2026-09-11 22:45:54+00
bnb-updown-5m-1789166700,BNB,"BNB Up or Down - September 11, 6:45PM-6:50PM ET",2026-09-11T22:50:00Z,2026-09-11T22:45:00Z,724.4918288019036,Down,"[""0"", ""1""]",,149.745158,,-0.5,0.01,resolved,0x427d11493be6995c01e78b9eec5b3452b4bf35fc8f44cbe3583ddaed3542c07d,https://data.chain.link/streams/bnb-usd-twap-60s-streams,723.624608407411,2026-09-11 22:50:54+00
btc-updown-5m-1789166700,BTC,"Bitcoin Up or Down - September 11, 6:45PM-6:50PM ET",2026-09-11T22:50:00Z,2026-09-11T22:45:00Z,77132.7042870074,Down,"[""0"", ""1""]",0.01,34537.24085199999,,-0.5,0.01,resolved,0x566c4c41d83da3ad3fb4433e1ff0dc80bcb1bedd3a0fb7cb6e67af0a84800473,https://data.chain.link/streams/btc-usd-twap-60s-streams,77053.18994864648,2026-09-11 22:50:54+00
doge-updown-5m-1789166700,DOGE,"Dogecoin Up or Down - September 11, 6:45PM-6:50PM ET",2026-09-11T22:50:00Z,2026-09-11T22:45:00Z,0.0839335093002839,Down,"[""0"", ""1""]",0.19,296.7814669999999,,-0.495,0.01,resolved,0x5ea2f329a6d68945d8d9b58b9ea25ad91d19f3c0f57dde6fa8a6007a8a903777,https://data.chain.link/streams/doge-usd-twap-60s-streams,0.08375434738478493,2026-09-11 22:50:54+00
eth-updown-5m-1789166700,ETH,"Ethereum Up or Down - September 11, 6:45PM-6:50PM ET",2026-09-11T22:50:00Z,2026-09-11T22:45:00Z,2518.976810088829,Down,"[""0"", ""1""]",0.01,2165.3493259999996,,-0.5045,0.001,resolved,0x8bef8da23edb68f5eb076927a62873fd0478945fe471ba8c175d8ec5a1f841b6,https://data.chain.link/streams/eth-usd-twap-60s-streams,2512.870539536375,2026-09-11 22:50:54+00
hype-updown-5m-1789166700,HYPE,"Hyperliquid Up or Down - September 11, 6:45PM-6:50PM ET",2026-09-11T22:50:00Z,2026-09-11T22:45:00Z,79.27117732702276,Down,"[""0"", ""1""]",0.26,139.97556000000003,,-0.5,0.01,resolved,0x7d351a7d98e44414c21fbfa7a5cef157e79cd8f926beb716b00975f627c35473,https://data.chain.link/streams/hype-usd-twap-60s-streams,78.98898276574933,2026-09-11 22:50:54+00
sol-updown-5m-1789166700,SOL,"Solana Up or Down - September 11, 6:45PM-6:50PM ET",2026-09-11T22:50:00Z,2026-09-11T22:45:00Z,102.01303251988932,Down,"[""0"", ""1""]",0.01,1476.492343,,-0.5045,0.001,resolved,0xe4ecd2b5430883ab79da3c9ba40dd7558bb395a8462d6b81fc3b81500d962d58,https://data.chain.link/streams/sol-usd-twap-60s-streams,101.78600149266529,2026-09-11 22:50:54+00
xrp-updown-5m-1789166700,XRP,"XRP Up or Down - September 11, 6:45PM-6:50PM ET",2026-09-11T22:50:00Z,2026-09-11T22:45:00Z,1.3519552134595916,Down,"[""0"", ""1""]",0.1,424.9352779999999,,-0.5,0.01,resolved,0xaede2e317e8bd309c0f4ba2f2d101bf180165473d8861d61362a1a6bb5ba9457,https://data.chain.link/streams/xrp-usd-twap-60s-streams,1.3493230666349287,2026-09-11 22:50:52+00
zec-updown-5m-1789166700,ZEC,"ZCash Up or Down - September 11, 6:45PM-6:50PM ET",2026-09-11T22:50:00Z,2026-09-11T22:45:00Z,1165.1875627554057,Down,"[""0"", ""1""]",,99.996363,,-0.495,0.01,resolved,0x1c0f0d6969764063bbd1d840cb71f70f1bf1eb5343e509454d0b35a3c84a51a1,https://data.chain.link/streams/zec-usd-twap-60s-streams,1159.461966006432,2026-09-11 22:50:52+00
bnb-updown-5m-1789167000,BNB,"BNB Up or Down - September 11, 6:50PM-6:55PM ET",2026-09-11T22:55:00Z,2026-09-11T22:50:00Z,723.624608407411,Up,"[""1"", ""0""]",0.99,319.942323,,0.49,0.01,resolved,0x4621b5739ae1a96d0ba264cea20703776015f35b1934f58466ee62be38408136,https://data.chain.link/streams/bnb-usd-twap-60s-streams,723.7198657108773,2026-09-11 22:55:54+00
btc-updown-5m-1789167000,BTC,"Bitcoin Up or Down - September 11, 6:50PM-6:55PM ET",2026-09-11T22:55:00Z,2026-09-11T22:50:00Z,77053.18994864648,Up,"[""1"", ""0""]",0.999,64688.71099799997,71.1,0.4945,0.001,resolved,0x27c39797f048d7d014235f3cd32b539fc7aa5c20edb0be2623d60540e58a9910,https://data.chain.link/streams/btc-usd-twap-60s-streams,77078.99723150006,2026-09-11 22:55:54+00
doge-updown-5m-1789167000,DOGE,"Dogecoin Up or Down - September 11, 6:50PM-6:55PM ET",2026-09-11T22:55:00Z,2026-09-11T22:50:00Z,0.08375434738478493,Down,"[""0"", ""1""]",0.61,330.4832,,-0.4995,0.001,resolved,0x2b9d30d90e5abfbabccdb49f255cde92110b294789b3144e062efe26236886a8,https://data.chain.link/streams/doge-usd-twap-60s-streams,0.08372812078039553,2026-09-11 22:55:54+00
eth-updown-5m-1789167000,ETH,"Ethereum Up or Down - September 11, 6:50PM-6:55PM ET",2026-09-11T22:55:00Z,2026-09-11T22:50:00Z,2512.870539536375,Down,"[""0"", ""1""]",0.01,3010.5471669999993,,-0.5045,0.001,resolved,0xb32b2dbff08607823c421609e663a660fa141a1f24e5bcc011fa320711d5bf9b,https://data.chain.link/streams/eth-usd-twap-60s-streams,2512.023310754706,2026-09-11 22:55:54+00
hype-updown-5m-1789167000,HYPE,"Hyperliquid Up or Down - September 11, 6:50PM-6:55PM ET",2026-09-11T22:55:00Z,2026-09-11T22:50:00Z,78.98898276574933,Down,"[""0"", ""1""]",,135.06620500000002,,-0.5045,0.001,resolved,0xd75c9f5d5ef2c4908c6b174e1db7e4da539ebfbd3266439700725ae9ca575824,https://data.chain.link/streams/hype-usd-twap-60s-streams,78.8806089071491,2026-09-11 22:55:54+00
sol-updown-5m-1789167000,SOL,"Solana Up or Down - September 11, 6:50PM-6:55PM ET",2026-09-11T22:55:00Z,2026-09-11T22:50:00Z,101.78600149266529,Down,"[""0"", ""1""]",0.01,2146.2093809999997,,-0.5045,0.001,resolved,0x635029614002e676577b60d3c81d112e569aed8c07959020b15ee4f099de68b3,https://data.chain.link/streams/sol-usd-twap-60s-streams,101.7741971116438,2026-09-11 22:55:54+00
xrp-updown-5m-1789167000,XRP,"XRP Up or Down - September 11, 6:50PM-6:55PM ET",2026-09-11T22:55:00Z,2026-09-11T22:50:00Z,1.3493230666349287,Down,"[""0"", ""1""]",0.05,1082.050765,,-0.5,0.01,resolved,0x2fbb5979b0d9bbdaf69b42b5ea70bac3364364cf72990a06053b78f8c5c7bfe6,https://data.chain.link/streams/xrp-usd-twap-60s-streams,1.3492818160880942,2026-09-11 22:55:54+00
zec-updown-5m-1789167000,ZEC,"ZCash Up or Down - September 11, 6:50PM-6:55PM ET",2026-09-11T22:55:00Z,2026-09-11T22:50:00Z,1159.461966006432,Down,"[""0"", ""1""]",0.48,,,-0.495,0.01,resolved,0x29ac28e73c966bdfe6f87c492b279318b21426a72cdc1512f82a5b44fe761c7e,https://data.chain.link/streams/zec-usd-twap-60s-streams,1157.8391686832178,2026-09-11 22:55:54+00
bnb-updown-5m-1789167300,BNB,"BNB Up or Down - September 11, 6:55PM-7:00PM ET",2026-09-11T23:00:00Z,2026-09-11T22:55:00Z,723.7198657108773,Up,"[""1"", ""0""]",0.99,,,0.49,0.01,resolved,0x30b88bbc4d1ed364123115f374ea19a5b55074e36b0fe7222e72b1e1b58b8818,https://data.chain.link/streams/bnb-usd-twap-60s-streams,723.8787365276437,2026-09-11 23:00:55+00
btc-updown-5m-1789167300,BTC,"Bitcoin Up or Down - September 11, 6:55PM-7:00PM ET",2026-09-11T23:00:00Z,2026-09-11T22:55:00Z,77078.99723150006,Up,"[""1"", ""0""]",0.999,79581.27607599995,,0.4945,0.001,resolved,0x12616e2fac53d2121f4cefdfba2b42aad0092a99d922ffebb5840eba37175dc5,https://data.chain.link/streams/btc-usd-twap-60s-streams,77128.46717392042,2026-09-11 23:00:54+00
doge-updown-5m-1789167300,DOGE,"Dogecoin Up or Down - September 11, 6:55PM-7:00PM ET",2026-09-11T23:00:00Z,2026-09-11T22:55:00Z,0.08372812078039553,Up,"[""1"", ""0""]",0.99,,,0.495,0.01,resolved,0x56dddd8c2d85035b2c8ef3b68079accadcddc704e3195b416a350a5d183eb001,https://data.chain.link/streams/doge-usd-twap-60s-streams,0.08378211503034516,2026-09-11 23:00:55+00
eth-updown-5m-1789167300,ETH,"Ethereum Up or Down - September 11, 6:55PM-7:00PM ET",2026-09-11T23:00:00Z,2026-09-11T22:55:00Z,2512.023310754706,Down,"[""0"", ""1""]",0.13,,,-0.5,0.01,resolved,0x5df7d6d261322a2fa5bb3128b0eacf178670e4ed43e07d2698ed7c3fee2a9cda,https://data.chain.link/streams/eth-usd-twap-60s-streams,2511.2545489190093,2026-09-11 23:00:55+00
hype-updown-5m-1789167300,HYPE,"Hyperliquid Up or Down - September 11, 6:55PM-7:00PM ET",2026-09-11T23:00:00Z,2026-09-11T22:55:00Z,78.8806089071491,Up,"[""1"", ""0""]",0.99,,,0.49,0.01,resolved,0xaf69a6290878bc9edff30f53b7cbd45e5c017e97e49431ae6975a4bc941ae448,https://data.chain.link/streams/hype-usd-twap-60s-streams,78.95086892920163,2026-09-11 23:00:54+00
sol-updown-5m-1789167300,SOL,"Solana Up or Down - September 11, 6:55PM-7:00PM ET",2026-09-11T23:00:00Z,2026-09-11T22:55:00Z,101.7741971116438,Up,"[""1"", ""0""]",0.99,,,0.49,0.01,resolved,0x1f9683d19b1e80d6ea78684359abb74891d14ed4b972496709a763f023242b07,https://data.chain.link/streams/sol-usd-twap-60s-streams,101.8221178241854,2026-09-11 23:00:54+00
xrp-updown-5m-1789167300,XRP,"XRP Up or Down - September 11, 6:55PM-7:00PM ET",2026-09-11T23:00:00Z,2026-09-11T22:55:00Z,1.3492818160880942,Up,"[""1"", ""0""]",0.99,,,0.49,0.01,resolved,0x0007aa84482e675a39b556cfa2943d8c6c5c001b67dffb84a8a6038ed268d5e2,https://data.chain.link/streams/xrp-usd-twap-60s-streams,1.3495912572285296,2026-09-11 23:00:55+00
zec-updown-5m-1789167300,ZEC,"ZCash Up or Down - September 11, 6:55PM-7:00PM ET",2026-09-11T23:00:00Z,2026-09-11T22:55:00Z,1157.8391686832178,Up,"[""1"", ""0""]",0.53,,,0.495,0.01,resolved,0x44a62eb18d6ec4993cebb90eb9c9ba6c066b601a62e26a8a264100575b12b5f9,https://data.chain.link/streams/zec-usd-twap-60s-streams,1158.4918027937565,2026-09-11 23:00:55+00
bnb-updown-5m-1789167600,BNB,"BNB Up or Down - September 11, 7:00PM-7:05PM ET",2026-09-11T23:05:00Z,2026-09-11T23:00:00Z,723.8787365276437,Up,"[""1"", ""0""]",0.99,,,0.49,0.01,resolved,0x4f546f9cb65b6716bf5de55979f3725618c8e0caea04bbe29bb2d6f7f66307ff,https://data.chain.link/streams/bnb-usd-twap-60s-streams,724.9026920802969,2026-09-11 23:05:54+00
btc-updown-5m-1789167600,BTC,"Bitcoin Up or Down - September 11, 7:00PM-7:05PM ET",2026-09-11T23:05:00Z,2026-09-11T23:00:00Z,77128.46717392042,Up,"[""1"", ""0""]",0.999,33068.510542,2,0.4945,0.001,resolved,0x720e6e11442d5ad7574021ac21d761fb80c9d5b2803f5e1185494de9b2efbbf5,https://data.chain.link/streams/btc-usd-twap-60s-streams,77167.87784434557,2026-09-11 23:05:54+00
doge-updown-5m-1789167600,DOGE,"Dogecoin Up or Down - September 11, 7:00PM-7:05PM ET",2026-09-11T23:05:00Z,2026-09-11T23:00:00Z,0.08378211503034516,Up,"[""1"", ""0""]",0.999,202.517269,,0.4995,0.001,resolved,0x7fafb2e76ff9fab0a9522105af1c0620e0ab9cec6534186b3866a5b708240802,https://data.chain.link/streams/doge-usd-twap-60s-streams,0.08393937073578112,2026-09-11 23:05:54+00
eth-updown-5m-1789167600,ETH,"Ethereum Up or Down - September 11, 7:00PM-7:05PM ET",2026-09-11T23:05:00Z,2026-09-11T23:00:00Z,2511.2545489190093,Up,"[""1"", ""0""]",0.99,2362.411699,,0.4995,0.001,resolved,0x200fba367c118824e999e368819ddf1fa5f0f69aebee9de491250f1a1a2bf621,https://data.chain.link/streams/eth-usd-twap-60s-streams,2512.8378020354075,2026-09-11 23:05:54+00
hype-updown-5m-1789167600,HYPE,"Hyperliquid Up or Down - September 11, 7:00PM-7:05PM ET",2026-09-11T23:05:00Z,2026-09-11T23:00:00Z,78.95086892920163,Up,"[""1"", ""0""]",0.97,,,0.495,0.01,resolved,0xcdce88eab50ecefb7a0cfec48c4e9972a1aaf7cd4d61f615e14c743e313744c6,https://data.chain.link/streams/hype-usd-twap-60s-streams,79.3122386008414,2026-09-11 23:05:54+00
sol-updown-5m-1789167600,SOL,"Solana Up or Down - September 11, 7:00PM-7:05PM ET",2026-09-11T23:05:00Z,2026-09-11T23:00:00Z,101.8221178241854,Up,"[""1"", ""0""]",0.999,1124.5741699999999,,0.4945,0.001,resolved,0xcb7f951978d77eef4f00ce378384cab3c33d8123dedcc166c557f878561cb339,https://data.chain.link/streams/sol-usd-twap-60s-streams,102.01492779212555,2026-09-11 23:05:54+00
xrp-updown-5m-1789167600,XRP,"XRP Up or Down - September 11, 7:00PM-7:05PM ET",2026-09-11T23:05:00Z,2026-09-11T23:00:00Z,1.3495912572285296,Up,"[""1"", ""0""]",0.999,604.166652,,0.4945,0.001,resolved,0x1b30cf9420cb657626fe6b53379c031c6bc769723dcf73df9e54fec958ea688d,https://data.chain.link/streams/xrp-usd-twap-60s-streams,1.3521503135103254,2026-09-11 23:05:54+00
zec-updown-5m-1789167600,ZEC,"ZCash Up or Down - September 11, 7:00PM-7:05PM ET",2026-09-11T23:05:00Z,2026-09-11T23:00:00Z,1158.4918027937565,Up,"[""1"", ""0""]",0.7,61.079999,,0.495,0.01,resolved,0x1c209d84d012af699e3e0503ecd6595c12c16532a525ce9b63ab88e12d052e6a,https://data.chain.link/streams/zec-usd-twap-60s-streams,1160.9517691080646,2026-09-11 23:05:55+00
bnb-updown-5m-1789167900,BNB,"BNB Up or Down - September 11, 7:05PM-7:10PM ET",2026-09-11T23:10:00Z,2026-09-11T23:05:00Z,724.9026920802969,Up,"[""1"", ""0""]",0.99,308.724675,,0.4945,0.001,resolved,0xb92798146cb71f3c1be38a6d68377e6aa58ae66dfc5a15f20050633df4abddc2,https://data.chain.link/streams/bnb-usd-twap-60s-streams,725.1198314219682,2026-09-11 23:12:31+00
btc-updown-5m-1789167900,BTC,"Bitcoin Up or Down - September 11, 7:05PM-7:10PM ET",2026-09-11T23:10:00Z,2026-09-11T23:05:00Z,77167.87784434557,Up,"[""1"", ""0""]",0.999,56802.37904399999,2,0.4945,0.001,resolved,0xaa31592c3536dd4ffe3599e46a747e69b5c70eb8b5d5432a8c38fb508e3020ac,https://data.chain.link/streams/btc-usd-twap-60s-streams,77171.91714869795,2026-09-11 23:12:31+00
doge-updown-5m-1789167900,DOGE,"Dogecoin Up or Down - September 11, 7:05PM-7:10PM ET",2026-09-11T23:10:00Z,2026-09-11T23:05:00Z,0.08393937073578112,Up,"[""1"", ""0""]",0.99,,,0.4995,0.001,resolved,0x9f030539e757b7709372efbdb6655cb47d36067dc718bd223b1569adab532ff4,https://data.chain.link/streams/doge-usd-twap-60s-streams,0.08397105296238008,2026-09-11 23:12:31+00
eth-updown-5m-1789167900,ETH,"Ethereum Up or Down - September 11, 7:05PM-7:10PM ET",2026-09-11T23:10:00Z,2026-09-11T23:05:00Z,2512.8378020354075,Down,"[""0"", ""1""]",0.01,2236.890345,,-0.5045,0.001,resolved,0xbcf61276d15678991c0e91dad4c5c806989b721c772d14fece8b282d67c85b10,https://data.chain.link/streams/eth-usd-twap-60s-streams,2511.7324856317564,2026-09-11 23:12:31+00
hype-updown-5m-1789167900,HYPE,"Hyperliquid Up or Down - September 11, 7:05PM-7:10PM ET",2026-09-11T23:10:00Z,2026-09-11T23:05:00Z,79.3122386008414,Down,"[""0"", ""1""]",0.02,,,-0.5045,0.001,resolved,0xd0d26fcee08616620ad1461eb6ddad696b87cf35bcbf43beb78f51c01ef63c2b,https://data.chain.link/streams/hype-usd-twap-60s-streams,79.2171846378034,2026-09-11 23:12:31+00
sol-updown-5m-1789167900,SOL,"Solana Up or Down - September 11, 7:05PM-7:10PM ET",2026-09-11T23:10:00Z,2026-09-11T23:05:00Z,102.01492779212555,Up,"[""1"", ""0""]",0.99,,,0.4945,0.001,resolved,0x43a7ff8382c22954c3d1f6f8909821af3b53489f298562d6db2e39a0e6975197,https://data.chain.link/streams/sol-usd-twap-60s-streams,102.07755969867755,2026-09-11 23:12:31+00
xrp-updown-5m-1789167900,XRP,"XRP Up or Down - September 11, 7:05PM-7:10PM ET",2026-09-11T23:10:00Z,2026-09-11T23:05:00Z,1.3521503135103254,Up,"[""1"", ""0""]",0.99,,,0.4945,0.001,resolved,0xba3f7ec0453dc60f27f67c7cd7ac439bcb1c5b75a64a2e039693ccd1f28bbf56,https://data.chain.link/streams/xrp-usd-twap-60s-streams,1.3529863361471506,2026-09-11 23:12:31+00
zec-updown-5m-1789167900,ZEC,"ZCash Up or Down - September 11, 7:05PM-7:10PM ET",2026-09-11T23:10:00Z,2026-09-11T23:05:00Z,1160.9517691080646,Down,"[""0"", ""1""]",,,,-0.4995,0.001,resolved,0x60c3509b34a44649881b3ecc33bc3cdcd5ba6cbc1bf0dc823fa369e3e0b51197,https://data.chain.link/streams/zec-usd-twap-60s-streams,1157.9721087836544,2026-09-11 23:12:31+00
bnb-updown-5m-1789168200,BNB,"BNB Up or Down - September 11, 7:10PM-7:15PM ET",2026-09-11T23:15:00Z,2026-09-11T23:10:00Z,725.1198314219682,Down,"[""0"", ""1""]",0.16,,,-0.5,0.01,resolved,0x021e2974510ef1602bca29ef2b6ca7e4f77378adb974a7acd93eee1d3b511535,https://data.chain.link/streams/bnb-usd-twap-60s-streams,725.040532710478,2026-09-11 23:16:27+00
btc-updown-5m-1789168200,BTC,"Bitcoin Up or Down - September 11, 7:10PM-7:15PM ET",2026-09-11T23:15:00Z,2026-09-11T23:10:00Z,77171.91714869795,Down,"[""0"", ""1""]",0.001,88818.73109099994,,-0.5045,0.001,resolved,0xa1f785c41cd3ff56624ddd01b198c1eabd533bca3c5b425f5f857013ea562262,https://data.chain.link/streams/btc-usd-twap-60s-streams,77112.9884726417,2026-09-11 23:16:25+00
doge-updown-5m-1789168200,DOGE,"Dogecoin Up or Down - September 11, 7:10PM-7:15PM ET",2026-09-11T23:15:00Z,2026-09-11T23:10:00Z,0.08397105296238008,Up,"[""1"", ""0""]",0.999,,,0.4995,0.001,resolved,0x16a72e75bc0b2bc8c8048b0a6575a52826934141fa4261ad7b554c2030417e08,https://data.chain.link/streams/doge-usd-twap-60s-streams,0.08403350571707999,2026-09-11 23:16:25+00
eth-updown-5m-1789168200,ETH,"Ethereum Up or Down - September 11, 7:10PM-7:15PM ET",2026-09-11T23:15:00Z,2026-09-11T23:10:00Z,2511.7324856317564,Up,"[""1"", ""0""]",0.99,,,0.4945,0.001,resolved,0xdd89d2da4a0b368ff51ff76a8806ffcf77857a9a82dfd7d63334f939e1a7c942,https://data.chain.link/streams/eth-usd-twap-60s-streams,2512.747202606313,2026-09-11 23:16:27+00
hype-updown-5m-1789168200,HYPE,"Hyperliquid Up or Down - September 11, 7:10PM-7:15PM ET",2026-09-11T23:15:00Z,2026-09-11T23:10:00Z,79.2171846378034,Up,"[""1"", ""0""]",0.98,,,0.4945,0.001,resolved,0x41444c070785593fb3261c998b9a450528ebdf7546364445f1ffe9ff869584f8,https://data.chain.link/streams/hype-usd-twap-60s-streams,79.40108979634097,2026-09-11 23:16:27+00
sol-updown-5m-1789168200,SOL,"Solana Up or Down - September 11, 7:10PM-7:15PM ET",2026-09-11T23:15:00Z,2026-09-11T23:10:00Z,102.07755969867755,Up,"[""1"", ""0""]",0.99,,,0.4945,0.001,resolved,0xd76b42996bdeb3aae95a339e0df1358a2ceae8875df293bc6ba316fce91cf6fb,https://data.chain.link/streams/sol-usd-twap-60s-streams,102.13141427794336,2026-09-11 23:16:27+00
xrp-updown-5m-1789168200,XRP,"XRP Up or Down - September 11, 7:10PM-7:15PM ET",2026-09-11T23:15:00Z,2026-09-11T23:10:00Z,1.3529863361471506,Up,"[""1"", ""0""]",0.99,,,0.4945,0.001,resolved,0x7d3c88cfe7351e1d6dc289715babd0530bcc5b2e6bb59271dc273da7d6096476,https://data.chain.link/streams/xrp-usd-twap-60s-streams,1.3534438998474385,2026-09-11 23:16:27+00
zec-updown-5m-1789168200,ZEC,"ZCash Up or Down - September 11, 7:10PM-7:15PM ET",2026-09-11T23:15:00Z,2026-09-11T23:10:00Z,1157.9721087836544,Up,"[""1"", ""0""]",0.53,,,0.495,0.01,resolved,0x443b8945caae051bb9aaaebdb5a17685b8602f22e6384e677cb74cbb142dcf00,https://data.chain.link/streams/zec-usd-twap-60s-streams,1163.609550295492,2026-09-11 23:16:27+00
bnb-updown-5m-1789168500,BNB,"BNB Up or Down - September 11, 7:15PM-7:20PM ET",2026-09-11T23:20:00Z,2026-09-11T23:15:00Z,725.040532710478,Up,"[""1"", ""0""]",0.99,,,0.49,0.01,resolved,0xecd3b3d08efe6443cdee450b614bb28046114a2213bb2e30f336d8a769d204af,https://data.chain.link/streams/bnb-usd-twap-60s-streams,725.3277387603633,2026-09-11 23:20:54+00
btc-updown-5m-1789168500,BTC,"Bitcoin Up or Down - September 11, 7:15PM-7:20PM ET",2026-09-11T23:20:00Z,2026-09-11T23:15:00Z,77112.9884726417,Up,"[""1"", ""0""]",0.999,32905.258563999996,2,0.49,0.01,resolved,0x4c28081c0d9b6f7ea9ec9141286671cdacde26db153a0b91d8b1c0f7de7a9792,https://data.chain.link/streams/btc-usd-twap-60s-streams,77129.15304800164,2026-09-11 23:20:54+00
doge-updown-5m-1789168500,DOGE,"Dogecoin Up or Down - September 11, 7:15PM-7:20PM ET",2026-09-11T23:20:00Z,2026-09-11T23:15:00Z,0.08403350571707999,Up,"[""1"", ""0""]",0.99,,,0.495,0.01,resolved,0x2585b6953627df2b5617e331224fe0d7b68fab5b9d73a839fe5df425a47d30c6,https://data.chain.link/streams/doge-usd-twap-60s-streams,0.08412469255096756,2026-09-11 23:20:54+00
eth-updown-5m-1789168500,ETH,"Ethereum Up or Down - September 11, 7:15PM-7:20PM ET",2026-09-11T23:20:00Z,2026-09-11T23:15:00Z,2512.747202606313,Up,"[""1"", ""0""]",0.99,,,0.49,0.01,resolved,0x19a1d449cf441b8a399f16229ccc9ce1e16c23026bd1815e1d6abab59ec02b44,https://data.chain.link/streams/eth-usd-twap-60s-streams,2513.665911207813,2026-09-11 23:20:54+00
hype-updown-5m-1789168500,HYPE,"Hyperliquid Up or Down - September 11, 7:15PM-7:20PM ET",2026-09-11T23:20:00Z,2026-09-11T23:15:00Z,79.40108979634097,Up,"[""1"", ""0""]",0.98,,,0.49,0.01,resolved,0xaca70db9f8242b2bf5b3d868379d6af79067873c9a932eb619ca25ab2b9bcadd,https://data.chain.link/streams/hype-usd-twap-60s-streams,79.49213051699815,2026-09-11 23:20:52+00
sol-updown-5m-1789168500,SOL,"Solana Up or Down - September 11, 7:15PM-7:20PM ET",2026-09-11T23:20:00Z,2026-09-11T23:15:00Z,102.13141427794336,Up,"[""1"", ""0""]",0.999,,,0.4945,0.001,resolved,0xda802445351c7a3df23b3d58695825a476f2a2a91150a6c993910f8fdea66422,https://data.chain.link/streams/sol-usd-twap-60s-streams,102.26397885594005,2026-09-11 23:20:54+00
xrp-updown-5m-1789168500,XRP,"XRP Up or Down - September 11, 7:15PM-7:20PM ET",2026-09-11T23:20:00Z,2026-09-11T23:15:00Z,1.3534438998474385,Up,"[""1"", ""0""]",0.99,,,0.49,0.01,resolved,0xe04b54789c609f3aa2a2843993b67040ba79fc788e934037fdbe8ef54be84d12,https://data.chain.link/streams/xrp-usd-twap-60s-streams,1.3545068462774899,2026-09-11 23:20:54+00
zec-updown-5m-1789168500,ZEC,"ZCash Up or Down - September 11, 7:15PM-7:20PM ET",2026-09-11T23:20:00Z,2026-09-11T23:15:00Z,1163.609550295492,Up,"[""1"", ""0""]",0.63,,,0.495,0.01,resolved,0x0ac0623a433d5f103fe52534a68c43c7ce52a85688b005c0b1435a80327eeb07,https://data.chain.link/streams/zec-usd-twap-60s-streams,1167.5544195832963,2026-09-11 23:20:54+00
bnb-updown-5m-1789168800,BNB,"BNB Up or Down - September 11, 7:20PM-7:25PM ET",2026-09-11T23:25:00Z,2026-09-11T23:20:00Z,725.3277387603633,Down,"[""0"", ""1""]",0.02,296.52822100000003,,-0.5045,0.001,resolved,0x5e7e5897c4289d324afd6dc60cd7c0aa0644bea85f9e85e161c02ee518b02136,https://data.chain.link/streams/bnb-usd-twap-60s-streams,724.575301012121,2026-09-11 23:25:54+00
btc-updown-5m-1789168800,BTC,"Bitcoin Up or Down - September 11, 7:20PM-7:25PM ET",2026-09-11T23:25:00Z,2026-09-11T23:20:00Z,77129.15304800164,Up,"[""1"", ""0""]",0.999,40118.93677399997,4,0.48,0.01,resolved,0x119aad88cda5e731b534832160d96130ae890a2435e4cb84ac472d9e6e044f65,https://data.chain.link/streams/btc-usd-twap-60s-streams,77135.117116938,2026-09-11 23:25:54+00
doge-updown-5m-1789168800,DOGE,"Dogecoin Up or Down - September 11, 7:20PM-7:25PM ET",2026-09-11T23:25:00Z,2026-09-11T23:20:00Z,0.08412469255096756,Down,"[""0"", ""1""]",0.21,194.566914,,-0.495,0.01,resolved,0xefcd91d6ba128120130e935663ca0eb0ffd1b43df75b46fc72424000dd0049ab,https://data.chain.link/streams/doge-usd-twap-60s-streams,0.08402594850697519,2026-09-11 23:25:54+00
eth-updown-5m-1789168800,ETH,"Ethereum Up or Down - September 11, 7:20PM-7:25PM ET",2026-09-11T23:25:00Z,2026-09-11T23:20:00Z,2513.665911207813,Down,"[""0"", ""1""]",0.01,2350.735634,,-0.5,0.01,resolved,0x213c4c81ea92ef561fc60cb64c92b6eaa9fb49e6cf4a244058890421057811d1,https://data.chain.link/streams/eth-usd-twap-60s-streams,2511.0007473945925,2026-09-11 23:25:54+00
hype-updown-5m-1789168800,HYPE,"Hyperliquid Up or Down - September 11, 7:20PM-7:25PM ET",2026-09-11T23:25:00Z,2026-09-11T23:20:00Z,79.49213051699815,Down,"[""0"", ""1""]",0.28,184.382334,,-0.5,0.01,resolved,0x712a16795ce5644822ad8f9820036260c5d2d2ab29a1f687c6fff9e3b9d2bb5c,https://data.chain.link/streams/hype-usd-twap-60s-streams,79.29512014060238,2026-09-11 23:25:54+00
sol-updown-5m-1789168800,SOL,"Solana Up or Down - September 11, 7:20PM-7:25PM ET",2026-09-11T23:25:00Z,2026-09-11T23:20:00Z,102.26397885594005,Down,"[""0"", ""1""]",0.02,890.5103430000001,,-0.5,0.01,resolved,0x00280473397f80e2105847f8de1502e7b013bc00e56f6342c768905589aced63,https://data.chain.link/streams/sol-usd-twap-60s-streams,102.0984926586576,2026-09-11 23:25:52+00
xrp-updown-5m-1789168800,XRP,"XRP Up or Down - September 11, 7:20PM-7:25PM ET",2026-09-11T23:25:00Z,2026-09-11T23:20:00Z,1.3545068462774899,Down,"[""0"", ""1""]",0.21,663.328633,,-0.5045,0.001,resolved,0x29e725a55e30be0e067db987b10faedc7ffa1cbf5bc60646555c556af27ba64b,https://data.chain.link/streams/xrp-usd-twap-60s-streams,1.353246858519854,2026-09-11 23:25:54+00
zec-updown-5m-1789168800,ZEC,"ZCash Up or Down - September 11, 7:20PM-7:25PM ET",2026-09-11T23:25:00Z,2026-09-11T23:20:00Z,1167.5544195832963,Down,"[""0"", ""1""]",0.53,,,-0.235,0.53,resolved,0xdf1b701e4b4b4a8934e53fe6e452a69c9f82ec6e09e9ff857e0385e66b18b270,https://data.chain.link/streams/zec-usd-twap-60s-streams,1158.5075898240598,2026-09-11 23:25:54+00
bnb-updown-5m-1789169100,BNB,"BNB Up or Down - September 11, 7:25PM-7:30PM ET",2026-09-11T23:30:00Z,2026-09-11T23:25:00Z,724.575301012121,Up,"[""1"", ""0""]",0.99,,,0.4945,0.001,resolved,0x8dd92d742c57dd76f13163ea1a9f4f8472703de81f99fa8cc8700ba6dab5a7b6,https://data.chain.link/streams/bnb-usd-twap-60s-streams,725.2927807150388,2026-09-11 23:30:54+00
btc-updown-5m-1789169100,BTC,"Bitcoin Up or Down - September 11, 7:25PM-7:30PM ET",2026-09-11T23:30:00Z,2026-09-11T23:25:00Z,77135.117116938,Up,"[""1"", ""0""]",0.999,25419.882426,2,0.4945,0.001,resolved,0xcccf91553e14ea8d82c30ef2147fce656633a4d9e8e4843b04d500728602a685,https://data.chain.link/streams/btc-usd-twap-60s-streams,77173.31734570439,2026-09-11 23:30:54+00
doge-updown-5m-1789169100,DOGE,"Dogecoin Up or Down - September 11, 7:25PM-7:30PM ET",2026-09-11T23:30:00Z,2026-09-11T23:25:00Z,0.08402594850697519,Up,"[""1"", ""0""]",0.999,,,0.4995,0.001,resolved,0xbd1ef0099978a0e505cb928914ae3b8da450e3419cc86771aae089c57de31a9f,https://data.chain.link/streams/doge-usd-twap-60s-streams,0.08411588004809419,2026-09-11 23:30:52+00
eth-updown-5m-1789169100,ETH,"Ethereum Up or Down - September 11, 7:25PM-7:30PM ET",2026-09-11T23:30:00Z,2026-09-11T23:25:00Z,2511.0007473945925,Up,"[""1"", ""0""]",0.999,1552.3368180000002,,0.4945,0.001,resolved,0x4a4f4e4a88263d7a1aa05a0fe29aacab1a5a625f3afbaed49d4edcce3b5c280b,https://data.chain.link/streams/eth-usd-twap-60s-streams,2511.960515970638,2026-09-11 23:30:54+00
hype-updown-5m-1789169100,HYPE,"Hyperliquid Up or Down - September 11, 7:25PM-7:30PM ET",2026-09-11T23:30:00Z,2026-09-11T23:25:00Z,79.29512014060238,Down,"[""0"", ""1""]",0.04,,,-0.5,0.01,resolved,0x0f49e21616d72166f082c8de9b96ca4154de8e7be76349b57cf52e96ffc00f19,https://data.chain.link/streams/hype-usd-twap-60s-streams,79.24497755694816,2026-09-11 23:30:54+00
sol-updown-5m-1789169100,SOL,"Solana Up or Down - September 11, 7:25PM-7:30PM ET",2026-09-11T23:30:00Z,2026-09-11T23:25:00Z,102.0984926586576,Up,"[""1"", ""0""]",0.99,,,0.4945,0.001,resolved,0x3dd5310e584f1f50320d2597153cbabdaf79c51443c900f4530c3ba89e8df2ac,https://data.chain.link/streams/sol-usd-twap-60s-streams,102.24246408741891,2026-09-11 23:30:54+00
xrp-updown-5m-1789169100,XRP,"XRP Up or Down - September 11, 7:25PM-7:30PM ET",2026-09-11T23:30:00Z,2026-09-11T23:25:00Z,1.353246858519854,Up,"[""1"", ""0""]",0.999,,,0.4945,0.001,resolved,0x279930b4744df54e06e9f2ae87e050e937d718efcb19c8fd6df5c96c63999fb7,https://data.chain.link/streams/xrp-usd-twap-60s-streams,1.353901740761681,2026-09-11 23:30:54+00
zec-updown-5m-1789169100,ZEC,"ZCash Up or Down - September 11, 7:25PM-7:30PM ET",2026-09-11T23:30:00Z,2026-09-11T23:25:00Z,1158.5075898240598,Up,"[""1"", ""0""]",0.64,,,0.495,0.01,resolved,0xed0fda9dfc555eae6b129a6811eb30ef7c02d6911c5d15b86422c6f5f9b928aa,https://data.chain.link/streams/zec-usd-twap-60s-streams,1163.5673573952056,2026-09-11 23:30:54+00
bnb-updown-5m-1789169400,BNB,"BNB Up or Down - September 11, 7:30PM-7:35PM ET",2026-09-11T23:35:00Z,2026-09-11T23:30:00Z,725.2927807150388,Up,"[""1"", ""0""]",0.99,125.022516,,0.4945,0.001,resolved,0x38ee325f596ef1dec75242a1d93d1ea09c76f30d52150fb223c93757f9c71cab,https://data.chain.link/streams/bnb-usd-twap-60s-streams,725.5351724160695,2026-09-11 23:36:27+00
btc-updown-5m-1789169400,BTC,"Bitcoin Up or Down - September 11, 7:30PM-7:35PM ET",2026-09-11T23:35:00Z,2026-09-11T23:30:00Z,77173.31734570439,Up,"[""1"", ""0""]",0.999,33085.996203999995,2,0.4945,0.001,resolved,0x73ba7568860476fb03a3d8913671dd6676d924711e0b7d9a910caccb2af4c255,https://data.chain.link/streams/btc-usd-twap-60s-streams,77184.84321599228,2026-09-11 23:36:27+00
doge-updown-5m-1789169400,DOGE,"Dogecoin Up or Down - September 11, 7:30PM-7:35PM ET",2026-09-11T23:35:00Z,2026-09-11T23:30:00Z,0.08411588004809419,Up,"[""1"", ""0""]",0.99,1648.37898,,0.495,0.01,resolved,0x8544e770be9f502dd42a1f64b2aaa0cef0481513b92446e8c04e462b3580eed2,https://data.chain.link/streams/doge-usd-twap-60s-streams,0.08411951573724695,2026-09-11 23:36:27+00
eth-updown-5m-1789169400,ETH,"Ethereum Up or Down - September 11, 7:30PM-7:35PM ET",2026-09-11T23:35:00Z,2026-09-11T23:30:00Z,2511.960515970638,Down,"[""0"", ""1""]",0.05,2591.743148,,-0.5045,0.001,resolved,0xf8c3ab6e27dde7d0721e4d4715e8318c717ebee8e631edcf3e74daa8cf8a6f70,https://data.chain.link/streams/eth-usd-twap-60s-streams,2511.052487815026,2026-09-11 23:36:27+00
hype-updown-5m-1789169400,HYPE,"Hyperliquid Up or Down - September 11, 7:30PM-7:35PM ET",2026-09-11T23:35:00Z,2026-09-11T23:30:00Z,79.24497755694816,Down,"[""0"", ""1""]",0.81,185.331554,,-0.5045,0.001,resolved,0x4dd4be623fc2aec576cffdfb728da0bb09b79d39dd30e52645d89207235aecf7,https://data.chain.link/streams/hype-usd-twap-60s-streams,79.15715804401964,2026-09-11 23:36:27+00
sol-updown-5m-1789169400,SOL,"Solana Up or Down - September 11, 7:30PM-7:35PM ET",2026-09-11T23:35:00Z,2026-09-11T23:30:00Z,102.24246408741891,Up,"[""1"", ""0""]",0.99,2487.1432449999998,,0.49,0.01,resolved,0xff2eda4fe04b946f358de2398efb369340cca2b39e4e63cb0ae679d080575fee,https://data.chain.link/streams/sol-usd-twap-60s-streams,102.272260525781,2026-09-11 23:36:27+00
xrp-updown-5m-1789169400,XRP,"XRP Up or Down - September 11, 7:30PM-7:35PM ET",2026-09-11T23:35:00Z,2026-09-11T23:30:00Z,1.353901740761681,Up,"[""1"", ""0""]",0.99,539.9177909999999,,0.4945,0.001,resolved,0xc9dd9bd289dc66adb9bf6d728ae04ae2c8710370a0cd0901e9abe27b154c205d,https://data.chain.link/streams/xrp-usd-twap-60s-streams,1.3547745996119411,2026-09-11 23:36:27+00
zec-updown-5m-1789169400,ZEC,"ZCash Up or Down - September 11, 7:30PM-7:35PM ET",2026-09-11T23:35:00Z,2026-09-11T23:30:00Z,1163.5673573952056,Down,"[""0"", ""1""]",,49.99358599999999,,-0.495,0.01,resolved,0xf7ce2f65aa0738abe6cc558dae65abdda59149fb9b3a35ddf56c4acd9cb8a637,https://data.chain.link/streams/zec-usd-twap-60s-streams,1159.1339830718482,2026-09-11 23:36:27+00
bnb-updown-5m-1789169700,BNB,"BNB Up or Down - September 11, 7:35PM-7:40PM ET",2026-09-11T23:40:00Z,2026-09-11T23:35:00Z,725.5351724160695,Up,"[""1"", ""0""]",0.99,,,0.49,0.01,resolved,0x06277ae35b735781e40fad985eff029017e9380699a85d81da16da6e5c99e3af,https://data.chain.link/streams/bnb-usd-twap-60s-streams,725.7812556658663,2026-09-11 23:40:52+00
btc-updown-5m-1789169700,BTC,"Bitcoin Up or Down - September 11, 7:35PM-7:40PM ET",2026-09-11T23:40:00Z,2026-09-11T23:35:00Z,77184.84321599228,Up,"[""1"", ""0""]",0.99,31063.597968000005,,0.49,0.01,resolved,0x98796bc537d60c9fd0c41f4baca692ca77aeaf8b56127e9f88430aa1fd2113a9,https://data.chain.link/streams/btc-usd-twap-60s-streams,77185.72594969244,2026-09-11 23:40:54+00
doge-updown-5m-1789169700,DOGE,"Dogecoin Up or Down - September 11, 7:35PM-7:40PM ET",2026-09-11T23:40:00Z,2026-09-11T23:35:00Z,0.08411951573724695,Up,"[""1"", ""0""]",0.99,,,0.495,0.01,resolved,0x26bef4a25ea64a2b3276efc0970294a6b26eeb2ba676d9ea9f6aeb0ac3f1fe8c,https://data.chain.link/streams/doge-usd-twap-60s-streams,0.0841929550682262,2026-09-11 23:40:54+00
eth-updown-5m-1789169700,ETH,"Ethereum Up or Down - September 11, 7:35PM-7:40PM ET",2026-09-11T23:40:00Z,2026-09-11T23:35:00Z,2511.052487815026,Up,"[""1"", ""0""]",0.99,1500.4167189999998,,0.495,0.01,resolved,0xad577f8a0f0feb21c2a8aee42a7ddaa21f982b5989af6ae8d379baec534d230b,https://data.chain.link/streams/eth-usd-twap-60s-streams,2512.9961425693596,2026-09-11 23:40:54+00
hype-updown-5m-1789169700,HYPE,"Hyperliquid Up or Down - September 11, 7:35PM-7:40PM ET",2026-09-11T23:40:00Z,2026-09-11T23:35:00Z,79.15715804401964,Up,"[""1"", ""0""]",0.99,,,0.49,0.01,resolved,0xce2a95c7ca90d3b22e65ec0b46febd8a02c66156dd4c951d11171ec1b35348b6,https://data.chain.link/streams/hype-usd-twap-60s-streams,79.26615589477115,2026-09-11 23:40:54+00
sol-updown-5m-1789169700,SOL,"Solana Up or Down - September 11, 7:35PM-7:40PM ET",2026-09-11T23:40:00Z,2026-09-11T23:35:00Z,102.272260525781,Up,"[""1"", ""0""]",0.99,,,0.49,0.01,resolved,0x6a57536d79d7bc22160793a51a466ad753726f9b1c7ef01645995474c34a72e1,https://data.chain.link/streams/sol-usd-twap-60s-streams,102.3022307697174,2026-09-11 23:40:54+00
xrp-updown-5m-1789169700,XRP,"XRP Up or Down - September 11, 7:35PM-7:40PM ET",2026-09-11T23:40:00Z,2026-09-11T23:35:00Z,1.3547745996119411,Up,"[""1"", ""0""]",0.99,,,0.49,0.01,resolved,0x96848f9ab728abdd732fe1d1b4fe5c1555ead286e2039ecfc88b191a0d2c6c9a,https://data.chain.link/streams/xrp-usd-twap-60s-streams,1.3555231592962578,2026-09-11 23:40:52+00
zec-updown-5m-1789169700,ZEC,"ZCash Up or Down - September 11, 7:35PM-7:40PM ET",2026-09-11T23:40:00Z,2026-09-11T23:35:00Z,1159.1339830718482,Up,"[""1"", ""0""]",0.53,,,0.495,0.01,resolved,0x003b5a6065a85d92aa09a1535b2e3e5cba1829efe8b949f80f4a76659e03e6be,https://data.chain.link/streams/zec-usd-twap-60s-streams,1161.4712550037036,2026-09-11 23:40:54+00
bnb-updown-5m-1789170000,BNB,"BNB Up or Down - September 11, 7:40PM-7:45PM ET",2026-09-11T23:45:00Z,2026-09-11T23:40:00Z,725.7812556658663,Up,"[""1"", ""0""]",0.99,,,0.4945,0.001,resolved,0xc4d8f4596879f5a68a9d49a8c38eec4cdcd1ab5bec16554ea1e00a6b9f213a35,https://data.chain.link/streams/bnb-usd-twap-60s-streams,726.2127001401647,2026-09-11 23:45:55+00
btc-updown-5m-1789170000,BTC,"Bitcoin Up or Down - September 11, 7:40PM-7:45PM ET",2026-09-11T23:45:00Z,2026-09-11T23:40:00Z,77185.72594969244,Up,"[""1"", ""0""]",0.99,63325.225025000014,4,0.4945,0.001,resolved,0x4d3e238cabca2b71a97235f0cffa8ca07cd02de11a772e5dd2e04444b8ddfe06,https://data.chain.link/streams/btc-usd-twap-60s-streams,77199.53342264291,2026-09-11 23:45:54+00
doge-updown-5m-1789170000,DOGE,"Dogecoin Up or Down - September 11, 7:40PM-7:45PM ET",2026-09-11T23:45:00Z,2026-09-11T23:40:00Z,0.0841929550682262,Up,"[""1"", ""0""]",0.99,,,0.4995,0.001,resolved,0x73f2813926f32d548d18c0f618ec73a1db897ea16e5777994f3970df4afbc130,https://data.chain.link/streams/doge-usd-twap-60s-streams,0.08424281013897472,2026-09-11 23:45:55+00
eth-updown-5m-1789170000,ETH,"Ethereum Up or Down - September 11, 7:40PM-7:45PM ET",2026-09-11T23:45:00Z,2026-09-11T23:40:00Z,2512.9961425693596,Down,"[""0"", ""1""]",0.11,3823.647913,,-0.5,0.01,resolved,0xc17f9fdbbe123d4308c91cbfd93d35854944ac87182ef2983fb6ac6f9f5c6b40,https://data.chain.link/streams/eth-usd-twap-60s-streams,2512.052299060727,2026-09-11 23:45:55+00
hype-updown-5m-1789170000,HYPE,"Hyperliquid Up or Down - September 11, 7:40PM-7:45PM ET",2026-09-11T23:45:00Z,2026-09-11T23:40:00Z,79.26615589477115,Up,"[""1"", ""0""]",0.98,,,0.49,0.01,resolved,0xba2b5640efcb4d86a17f37cf140a333c4a3bc524481f5f2100dbe48875b90faa,https://data.chain.link/streams/hype-usd-twap-60s-streams,79.34791451275166,2026-09-11 23:45:55+00
sol-updown-5m-1789170000,SOL,"Solana Up or Down - September 11, 7:40PM-7:45PM ET",2026-09-11T23:45:00Z,2026-09-11T23:40:00Z,102.3022307697174,Up,"[""1"", ""0""]",0.99,,,0.4945,0.001,resolved,0x8bbc085773a397bd8d112d4ebe94a21db266c59514de0b09eb1de60cb3c6c4d2,https://data.chain.link/streams/sol-usd-twap-60s-streams,102.33703196916602,2026-09-11 23:45:55+00
xrp-updown-5m-1789170000,XRP,"XRP Up or Down - September 11, 7:40PM-7:45PM ET",2026-09-11T23:45:00Z,2026-09-11T23:40:00Z,1.3555231592962578,Up,"[""1"", ""0""]",0.99,,,0.49,0.01,resolved,0xeb5186307b1f7da61394f565a543a270a0b84ab00a8fe1d3eb0d6309ee46bf3b,https://data.chain.link/streams/xrp-usd-twap-60s-streams,1.355586258338623,2026-09-11 23:45:55+00
zec-updown-5m-1789170000,ZEC,"ZCash Up or Down - September 11, 7:40PM-7:45PM ET",2026-09-11T23:45:00Z,2026-09-11T23:40:00Z,1161.4712550037036,Down,"[""0"", ""1""]",0.53,,,-0.495,0.01,resolved,0xff399a759ebb6430fdf1dc7fd40e87a9fed2bcca0d351dc924ece7fcd722dea6,https://data.chain.link/streams/zec-usd-twap-60s-streams,1160.2871605062455,2026-09-11 23:45:55+00
bnb-updown-5m-1789170300,BNB,"BNB Up or Down - September 11, 7:45PM-7:50PM ET",2026-09-11T23:50:00Z,2026-09-11T23:45:00Z,726.2127001401647,Up,"[""1"", ""0""]",0.99,519.6573630000001,,0.4945,0.001,resolved,0x82c741aaab031a216b4b47517a4245cf91fe97394cc79612f2bc095b09b027a1,https://data.chain.link/streams/bnb-usd-twap-60s-streams,727.0368022864169,2026-09-11 23:51:27+00
btc-updown-5m-1789170300,BTC,"Bitcoin Up or Down - September 11, 7:45PM-7:50PM ET",2026-09-11T23:50:00Z,2026-09-11T23:45:00Z,77199.53342264291,Down,"[""0"", ""1""]",0.01,35843.825166,6,-0.5,0.01,resolved,0xc632a8798b19e1b90f84154034841b94942c4673d51bf09ea4c3a84c1ec25853,https://data.chain.link/streams/btc-usd-twap-60s-streams,77167.44622641175,2026-09-11 23:51:27+00
doge-updown-5m-1789170300,DOGE,"Dogecoin Up or Down - September 11, 7:45PM-7:50PM ET",2026-09-11T23:50:00Z,2026-09-11T23:45:00Z,0.08424281013897472,Up,"[""1"", ""0""]",0.99,238.558466,,0.495,0.01,resolved,0x69d69466d6f627f05e5f5091fb7ad83658ce823d347c8575353aa99ffa62fb20,https://data.chain.link/streams/doge-usd-twap-60s-streams,0.08430951515961346,2026-09-11 23:51:27+00
eth-updown-5m-1789170300,ETH,"Ethereum Up or Down - September 11, 7:45PM-7:50PM ET",2026-09-11T23:50:00Z,2026-09-11T23:45:00Z,2512.052299060727,Up,"[""1"", ""0""]",0.99,2637.792178999999,,0.49,0.01,resolved,0xe07921fe0ab755c6df26f6c6c38c9808904d3e37943a546bbdf285ca1c5ebfae,https://data.chain.link/streams/eth-usd-twap-60s-streams,2512.3280219838684,2026-09-11 23:51:25+00
hype-updown-5m-1789170300,HYPE,"Hyperliquid Up or Down - September 11, 7:45PM-7:50PM ET",2026-09-11T23:50:00Z,2026-09-11T23:45:00Z,79.34791451275166,Up,"[""1"", ""0""]",0.99,151.659226,,0.495,0.01,resolved,0xcf9206857cf78ffd342781dac711563b0cd909fad848395bec2be3e08d505b41,https://data.chain.link/streams/hype-usd-twap-60s-streams,79.41930793192407,2026-09-11 23:51:27+00
sol-updown-5m-1789170300,SOL,"Solana Up or Down - September 11, 7:45PM-7:50PM ET",2026-09-11T23:50:00Z,2026-09-11T23:45:00Z,102.33703196916602,Up,"[""1"", ""0""]",0.99,1765.5687219999998,,0.49,0.01,resolved,0x1ab7ed5d4c0ab3168be6e16e458a53c99c69986733eeead0dd6bbe718ff5491b,https://data.chain.link/streams/sol-usd-twap-60s-streams,102.41883574461028,2026-09-11 23:51:27+00
xrp-updown-5m-1789170300,XRP,"XRP Up or Down - September 11, 7:45PM-7:50PM ET",2026-09-11T23:50:00Z,2026-09-11T23:45:00Z,1.355586258338623,Up,"[""1"", ""0""]",0.99,836.4862069999998,,0.49,0.01,resolved,0x650af22ae1ddc4bc943b722c99b45e4cf150c7d96d06d156c2af52802cc39baf,https://data.chain.link/streams/xrp-usd-twap-60s-streams,1.3561741082781806,2026-09-11 23:51:27+00
zec-updown-5m-1789170300,ZEC,"ZCash Up or Down - September 11, 7:45PM-7:50PM ET",2026-09-11T23:50:00Z,2026-09-11T23:45:00Z,1160.2871605062455,Up,"[""1"", ""0""]",0.7,99.977404,,0.495,0.01,resolved,0x89ce7221ac280bb79b39e93588519cd6440a93896832e58c738cc2c488609ef3,https://data.chain.link/streams/zec-usd-twap-60s-streams,1162.8546611158781,2026-09-11 23:51:25+00
bnb-updown-5m-1789170600,BNB,"BNB Up or Down - September 11, 7:50PM-7:55PM ET",2026-09-11T23:55:00Z,2026-09-11T23:50:00Z,727.0368022864169,Up,"[""1"", ""0""]",0.99,278.042504,,0.4945,0.001,resolved,0xc549461b283e80308a7b9b9862336018a540271a49d10cbac9ea91da95792a1a,https://data.chain.link/streams/bnb-usd-twap-60s-streams,727.3310248230823,2026-09-11 23:55:54+00
btc-updown-5m-1789170600,BTC,"Bitcoin Up or Down - September 11, 7:50PM-7:55PM ET",2026-09-11T23:55:00Z,2026-09-11T23:50:00Z,77167.44622641175,Up,"[""1"", ""0""]",0.999,30456.443238000007,,0.4945,0.001,resolved,0x7c27f3180fe9fca89c6faeb3f107f109cf7b91bb88887c7e2e7da17deb76b0c4,https://data.chain.link/streams/btc-usd-twap-60s-streams,77174.11470858997,2026-09-11 23:55:54+00
doge-updown-5m-1789170600,DOGE,"Dogecoin Up or Down - September 11, 7:50PM-7:55PM ET",2026-09-11T23:55:00Z,2026-09-11T23:50:00Z,0.08430951515961346,Up,"[""1"", ""0""]",0.99,,,0.4995,0.001,resolved,0x098d047d4c7ecbf8fc3bb5cb4c4953d30aa9cadbdd7faee26669ed2017583fc2,https://data.chain.link/streams/doge-usd-twap-60s-streams,0.08431952182457675,2026-09-11 23:55:52+00
eth-updown-5m-1789170600,ETH,"Ethereum Up or Down - September 11, 7:50PM-7:55PM ET",2026-09-11T23:55:00Z,2026-09-11T23:50:00Z,2512.3280219838684,Up,"[""1"", ""0""]",0.99,1944.2501090000003,,0.4945,0.001,resolved,0x99a0edf2f1d0896372d4adcde40333364eb16a542498af77aba74efba3f15f89,https://data.chain.link/streams/eth-usd-twap-60s-streams,2514.312730012378,2026-09-11 23:55:52+00
hype-updown-5m-1789170600,HYPE,"Hyperliquid Up or Down - September 11, 7:50PM-7:55PM ET",2026-09-11T23:55:00Z,2026-09-11T23:50:00Z,79.41930793192407,Down,"[""0"", ""1""]",0.4,,,-0.5045,0.001,resolved,0x05061ea754775cacc6ba1a07b5bc426d3f415e2405e02b16db6f4b8826bed79c,https://data.chain.link/streams/hype-usd-twap-60s-streams,79.38141748425915,2026-09-11 23:55:54+00
sol-updown-5m-1789170600,SOL,"Solana Up or Down - September 11, 7:50PM-7:55PM ET",2026-09-11T23:55:00Z,2026-09-11T23:50:00Z,102.41883574461028,Down,"[""0"", ""1""]",0.01,3069.904748,,-0.5045,0.001,resolved,0xba043b96332bab8a2b51cc8241faa3b66469307173f3ff12879b041777dec273,https://data.chain.link/streams/sol-usd-twap-60s-streams,102.38927953628894,2026-09-11 23:55:54+00
xrp-updown-5m-1789170600,XRP,"XRP Up or Down - September 11, 7:50PM-7:55PM ET",2026-09-11T23:55:00Z,2026-09-11T23:50:00Z,1.3561741082781806,Up,"[""1"", ""0""]",0.99,,,0.4945,0.001,resolved,0x13d45558d0613d0293cf77a3276ecc3b5f7f171643064efd318f2d9a08557021,https://data.chain.link/streams/xrp-usd-twap-60s-streams,1.356378789635114,2026-09-11 23:55:54+00
zec-updown-5m-1789170600,ZEC,"ZCash Up or Down - September 11, 7:50PM-7:55PM ET",2026-09-11T23:55:00Z,2026-09-11T23:50:00Z,1162.8546611158781,Down,"[""0"", ""1""]",,,,-0.495,0.01,resolved,0x2151f067c7c16e2e9ff3ae6ed555359a8e97f92eba45d5ed0eb73cc5a503c24b,https://data.chain.link/streams/zec-usd-twap-60s-streams,1162.4985746960003,2026-09-11 23:55:54+00
bnb-updown-5m-1789170900,BNB,"BNB Up or Down - September 11, 7:55PM-8:00PM ET",2026-09-12T00:00:00Z,2026-09-11T23:55:00Z,727.3310248230823,Down,"[""0"", ""1""]",0.02,,,-0.5045,0.001,resolved,0x8679486f6a010c8b40ae2d18315a24852ea0e78697a3cd4fd98c61385bef0b75,https://data.chain.link/streams/bnb-usd-twap-60s-streams,726.6480283739968,2026-09-12 00:01:27+00
btc-updown-5m-1789170900,BTC,"Bitcoin Up or Down - September 11, 7:55PM-8:00PM ET",2026-09-12T00:00:00Z,2026-09-11T23:55:00Z,77174.11470858997,Up,"[""1"", ""0""]",0.99,22846.890427000006,2,0.49,0.01,resolved,0x958f8bdb135b6b06eb2943729196ec066aa5499599fb6f9fe00e718b44169af9,https://data.chain.link/streams/btc-usd-twap-60s-streams,77205.50569273818,2026-09-12 00:01:27+00
doge-updown-5m-1789170900,DOGE,"Dogecoin Up or Down - September 11, 7:55PM-8:00PM ET",2026-09-12T00:00:00Z,2026-09-11T23:55:00Z,0.08431952182457675,Down,"[""0"", ""1""]",0.51,,,-0.495,0.01,resolved,0xabb59da102a7b90df700dbeff8a96777f8f1f8af964d362c30dcc61ac61729cf,https://data.chain.link/streams/doge-usd-twap-60s-streams,0.08430098930283952,2026-09-12 00:01:27+00
eth-updown-5m-1789170900,ETH,"Ethereum Up or Down - September 11, 7:55PM-8:00PM ET",2026-09-12T00:00:00Z,2026-09-11T23:55:00Z,2514.312730012378,Up,"[""1"", ""0""]",0.99,2642.706303,,0.49,0.01,resolved,0x33f2d17b88673c8c4bbe2c6c1820e21cabc22af760c7e2d4024b5f3f2e68a816,https://data.chain.link/streams/eth-usd-twap-60s-streams,2515.734243874797,2026-09-12 00:01:27+00
hype-updown-5m-1789170900,HYPE,"Hyperliquid Up or Down - September 11, 7:55PM-8:00PM ET",2026-09-12T00:00:00Z,2026-09-11T23:55:00Z,79.38141748425915,Up,"[""1"", ""0""]",0.98,,,0.49,0.01,resolved,0xf81b49f4d58add8c8428134dd4aa3911a9222af91f6fb0efdbe38ca50e1ca64f,https://data.chain.link/streams/hype-usd-twap-60s-streams,79.42777559770336,2026-09-12 00:01:27+00
sol-updown-5m-1789170900,SOL,"Solana Up or Down - September 11, 7:55PM-8:00PM ET",2026-09-12T00:00:00Z,2026-09-11T23:55:00Z,102.38927953628894,Up,"[""1"", ""0""]",0.99,,,0.49,0.01,resolved,0xa6795d955b443eb57bab74a1fbfa18620024aade0f5cefc746c25487b115e80e,https://data.chain.link/streams/sol-usd-twap-60s-streams,102.43248260353764,2026-09-12 00:01:27+00
xrp-updown-5m-1789170900,XRP,"XRP Up or Down - September 11, 7:55PM-8:00PM ET",2026-09-12T00:00:00Z,2026-09-11T23:55:00Z,1.356378789635114,Down,"[""0"", ""1""]",0.47,,,-0.5,0.01,resolved,0xe7f708dcf9a04c6b18e7d6a3115a8a54d4bceafd47b953d71ff5aba7c3c73bca,https://data.chain.link/streams/xrp-usd-twap-60s-streams,1.3562555246532848,2026-09-12 00:01:27+00
zec-updown-5m-1789170900,ZEC,"ZCash Up or Down - September 11, 7:55PM-8:00PM ET",2026-09-12T00:00:00Z,2026-09-11T23:55:00Z,1162.4985746960003,Up,"[""1"", ""0""]",0.53,,,0.495,0.01,resolved,0x86d16195b5860f75a882f2d032a75e9a35cb090504e8488321ff490a5c256389,https://data.chain.link/streams/zec-usd-twap-60s-streams,1165.1948397802812,2026-09-12 00:01:27+00
