slug,asset,question,endDate,eventStartTime,priceToBeat,winningOutcome,outcomePrices,lastTradePrice,volume,openInterest,oneHourPriceChange,spread,umaResolutionStatus,conditionId,resolutionSource,finalPrice,closedTime
bnb-updown-15m-1784073600,BNB,"BNB Up or Down - July 14, 8:00PM-8:15PM ET",2026-07-15T00:15:00Z,2026-07-15T00:00:00Z,581.4130616447317,Up,"[""1"", ""0""]",0.999,319.53943499999997,,0.4945,0.001,resolved,0x3dabaf4609fc7c46b624672e4fcfcc3996e7faa817a4431178b189647701e2f6,https://data.chain.link/streams/bnb-usd,,
btc-updown-15m-1784073600,BTC,"Bitcoin Up or Down - July 14, 8:00PM-8:15PM ET",2026-07-15T00:15:00Z,2026-07-15T00:00:00Z,64994.25270980651,Down,"[""0"", ""1""]",0.01,26017.865732000017,197,-0.5045,0.001,resolved,0x77f7dd482fd73bb3e197a49b657a343aa98f8e88751108b7f4fd897564c23c23,https://data.chain.link/streams/btc-usd,,
doge-updown-15m-1784073600,DOGE,"Dogecoin Up or Down - July 14, 8:00PM-8:15PM ET",2026-07-15T00:15:00Z,2026-07-15T00:00:00Z,0.07439297763105635,Down,"[""0"", ""1""]",0.44,162.749867,,-0.495,0.01,resolved,0x17e51007bde72160b29da261a59d0873bf8e96d3568228daeab221c5882ec1d7,https://data.chain.link/streams/doge-usd,,
eth-updown-15m-1784073600,ETH,"Ethereum Up or Down - July 14, 8:00PM-8:15PM ET",2026-07-15T00:15:00Z,2026-07-15T00:00:00Z,1890.4488180344647,Down,"[""0"", ""1""]",0.02,5623.544771000005,43,-0.4945,0.001,resolved,0x7be35b0877f80e05a50ecaf23fc1ccaf6b2f8586cc2ef77edae0789f28270c69,https://data.chain.link/streams/eth-usd,,
hype-updown-15m-1784073600,HYPE,"Hyperliquid Up or Down - July 14, 8:00PM-8:15PM ET",2026-07-15T00:15:00Z,2026-07-15T00:00:00Z,65.51088209151914,Up,"[""1"", ""0""]",0.99,63.66477,,0.455,0.07,resolved,0x2cf361c78a157ede17039a4c5f924766cdf8a5499f08b3ed31b2514cb2df7720,https://data.chain.link/streams/hype-usd,,
sol-updown-15m-1784073600,SOL,"Solana Up or Down - July 14, 8:00PM-8:15PM ET",2026-07-15T00:15:00Z,2026-07-15T00:00:00Z,77.81215906327402,Down,"[""0"", ""1""]",0.01,2346.0094659999995,20,-0.4945,0.001,resolved,0xc3e706eebb382cf6881186d4fa34b12b456861f190d45d8c88de2eee60e944d8,https://data.chain.link/streams/sol-usd,,
xrp-updown-15m-1784073600,XRP,"XRP Up or Down - July 14, 8:00PM-8:15PM ET",2026-07-15T00:15:00Z,2026-07-15T00:00:00Z,1.1110174240781827,Down,"[""0"", ""1""]",0.01,1933.134467,,-0.5045,0.001,resolved,0xe68a48adb907ffdd75a14e7d30d7b0c940142330c2d8a8ccd573e483ba60f911,https://data.chain.link/streams/xrp-usd,,
bnb-updown-15m-1784074500,BNB,"BNB Up or Down - July 14, 8:15PM-8:30PM ET",2026-07-15T00:30:00Z,2026-07-15T00:15:00Z,582.3325664480053,Down,"[""0"", ""1""]",0.17,321.859701,,-0.5045,0.001,resolved,0x289375714a65a8d79a9818cfa57bbacfac841cd8dbb20fdc8888a7c106debc47,https://data.chain.link/streams/bnb-usd,,
btc-updown-15m-1784074500,BTC,"Bitcoin Up or Down - July 14, 8:15PM-8:30PM ET",2026-07-15T00:30:00Z,2026-07-15T00:15:00Z,64875.031687512506,Down,"[""0"", ""1""]",0.039,28387.99217700001,39,-0.5045,0.001,resolved,0x27f3349d0da1b2b2b3d0092bd462d098347420f020e971264b46debea276c8ba,https://data.chain.link/streams/btc-usd,,
doge-updown-15m-1784074500,DOGE,"Dogecoin Up or Down - July 14, 8:15PM-8:30PM ET",2026-07-15T00:30:00Z,2026-07-15T00:15:00Z,0.07432851754547581,Down,"[""0"", ""1""]",0.4,242.142755,,-0.4995,0.001,resolved,0x043f984c8c9589ec48c3539e1f94fe0b8156bdf3fb626a9577f5f71f11c69b28,https://data.chain.link/streams/doge-usd,,
eth-updown-15m-1784074500,ETH,"Ethereum Up or Down - July 14, 8:15PM-8:30PM ET",2026-07-15T00:30:00Z,2026-07-15T00:15:00Z,1886.086065,Down,"[""0"", ""1""]",0.013,5135.577532999999,33,-0.4945,0.001,resolved,0xb77a8185e997fb2afe02a28b4425a69a7d68a82308be36f9850f9dbaeb262f48,https://data.chain.link/streams/eth-usd,,
hype-updown-15m-1784074500,HYPE,"Hyperliquid Up or Down - July 14, 8:15PM-8:30PM ET",2026-07-15T00:30:00Z,2026-07-15T00:15:00Z,65.57234898517142,Up,"[""1"", ""0""]",0.99,72.581319,,0.495,0.01,resolved,0xa65c702dd774dc552aa77699ca59f6a3bfa1f8b28bd2114cfb3bfbe9da8f2df8,https://data.chain.link/streams/hype-usd,,
sol-updown-15m-1784074500,SOL,"Solana Up or Down - July 14, 8:15PM-8:30PM ET",2026-07-15T00:30:00Z,2026-07-15T00:15:00Z,77.63538645612823,Down,"[""0"", ""1""]",0.03,2446.893927,10,-0.5,0.01,resolved,0x6f0fe4577aefac440ccaf7ff1f8381d9336da75c727615e478f2f7ace7123b01,https://data.chain.link/streams/sol-usd,,
xrp-updown-15m-1784074500,XRP,"XRP Up or Down - July 14, 8:15PM-8:30PM ET",2026-07-15T00:30:00Z,2026-07-15T00:15:00Z,1.1093230647244816,Down,"[""0"", ""1""]",0.05,2890.8626440000016,,-0.4995,0.001,resolved,0xac74910927cbb727b59f07da2188a110d473917802b232b712d9569aca6cd14d,https://data.chain.link/streams/xrp-usd,,
bnb-updown-15m-1784075400,BNB,"BNB Up or Down - July 14, 8:30PM-8:45PM ET",2026-07-15T00:45:00Z,2026-07-15T00:30:00Z,581.5833955632589,Down,"[""0"", ""1""]",0.05,242.637434,,-0.425,0.08,resolved,0xdaf0b8d9c99d49ec4037080909cc4a3dd927e34c9cc6325a9afa8713ffb9f1bb,https://data.chain.link/streams/bnb-usd,,
btc-updown-15m-1784075400,BTC,"Bitcoin Up or Down - July 14, 8:30PM-8:45PM ET",2026-07-15T00:45:00Z,2026-07-15T00:30:00Z,64842.044956408594,Down,"[""0"", ""1""]",0.001,32563.115294999996,33,-0.5045,0.001,resolved,0x08b441424a691f76867d70603e7b636fc41399db8f563c58736b9cedbbf9fff6,https://data.chain.link/streams/btc-usd,,
doge-updown-15m-1784075400,DOGE,"Dogecoin Up or Down - July 14, 8:30PM-8:45PM ET",2026-07-15T00:45:00Z,2026-07-15T00:30:00Z,0.07411890224465192,Down,"[""0"", ""1""]",0.25,302.75841,,-0.4945,0.009,resolved,0xe6712d4abbd55dfedd689432ba3d264675b2e022017b588d01c780d6db8e862e,https://data.chain.link/streams/doge-usd,,
eth-updown-15m-1784075400,ETH,"Ethereum Up or Down - July 14, 8:30PM-8:45PM ET",2026-07-15T00:45:00Z,2026-07-15T00:30:00Z,1879.5711658406117,Down,"[""0"", ""1""]",0.02,7358.797907000003,33,-0.495,0.02,resolved,0xa98aa6e72ca2e6ee5d8c8fd9e3f52153146ddf153422d6d2591cb2e0a28635de,https://data.chain.link/streams/eth-usd,,
hype-updown-15m-1784075400,HYPE,"Hyperliquid Up or Down - July 14, 8:30PM-8:45PM ET",2026-07-15T00:45:00Z,2026-07-15T00:30:00Z,65.75916783887645,Up,"[""1"", ""0""]",0.05,242.71492999999998,,-0.29,0.18,resolved,0xd85285a849afe8719baf37ac7fe12b3bc5720798914c0745c1c4fd442a41011a,https://data.chain.link/streams/hype-usd,,
sol-updown-15m-1784075400,SOL,"Solana Up or Down - July 14, 8:30PM-8:45PM ET",2026-07-15T00:45:00Z,2026-07-15T00:30:00Z,77.56177833672506,Down,"[""0"", ""1""]",0.02,1744.6077949999997,116.490344,-0.47,0.01,resolved,0xae063d309766f42b8b2a4cc38cae03a634349b385f2d615817dd0d8364a57ffe,https://data.chain.link/streams/sol-usd,,
xrp-updown-15m-1784075400,XRP,"XRP Up or Down - July 14, 8:30PM-8:45PM ET",2026-07-15T00:45:00Z,2026-07-15T00:30:00Z,1.1078284527660518,Down,"[""0"", ""1""]",0.06,1640.591722,,-0.5,0.01,resolved,0xf371c31bc43e1373bfffebc5dd75bbee8f6b848bec6bab81c520169455212902,https://data.chain.link/streams/xrp-usd,,
bnb-updown-15m-1784076300,BNB,"BNB Up or Down - July 14, 8:45PM-9:00PM ET",2026-07-15T01:00:00Z,2026-07-15T00:45:00Z,581.4438100478885,Up,"[""1"", ""0""]",0.999,292.903907,154.733332,0.4945,0.001,resolved,0x0df1cdaef941ff5e02ccaa43d4bb19416ba7acc1d49a2af4a36e120dc1ec12e8,https://data.chain.link/streams/bnb-usd,,
btc-updown-15m-1784076300,BTC,"Bitcoin Up or Down - July 14, 8:45PM-9:00PM ET",2026-07-15T01:00:00Z,2026-07-15T00:45:00Z,64737.32301795388,Up,"[""1"", ""0""]",0.999,32753.616274999993,7564.006638,0.4945,0.001,resolved,0x04d6954f22c2d9bd0e17f6bc5503017f346fb3d2ab6f3aaf165792635ff1944a,https://data.chain.link/streams/btc-usd,,
doge-updown-15m-1784076300,DOGE,"Dogecoin Up or Down - July 14, 8:45PM-9:00PM ET",2026-07-15T01:00:00Z,2026-07-15T00:45:00Z,0.074010525,Up,"[""1"", ""0""]",0.99,503.9467580000001,256.62093,0.465,0.01,resolved,0xcdc3de41f2522a96da2097a40c79dc46ce73982ebcd2d3ee0fab2602a75ac155,https://data.chain.link/streams/doge-usd,,
eth-updown-15m-1784076300,ETH,"Ethereum Up or Down - July 14, 8:45PM-9:00PM ET",2026-07-15T01:00:00Z,2026-07-15T00:45:00Z,1878.2062,Up,"[""1"", ""0""]",0.999,5878.369818000001,2174.494525,0.5045,0.001,resolved,0x934026f12ffe7136cc0bb0ffb3176c14ad56ec929daa3f5f4aaf58642bbb5c63,https://data.chain.link/streams/eth-usd,,
hype-updown-15m-1784076300,HYPE,"Hyperliquid Up or Down - July 14, 8:45PM-9:00PM ET",2026-07-15T01:00:00Z,2026-07-15T00:45:00Z,65.75998841181992,Down,"[""0"", ""1""]",0.21,169.530412,26,-0.495,0.01,resolved,0x8789d96590a6a341954c2a1fa3458db4e65662565a237f7003bec53021668537,https://data.chain.link/streams/hype-usd,,
sol-updown-15m-1784076300,SOL,"Solana Up or Down - July 14, 8:45PM-9:00PM ET",2026-07-15T01:00:00Z,2026-07-15T00:45:00Z,77.4651925328593,Up,"[""1"", ""0""]",0.999,2613.465041,1290.457704,0.5045,0.001,resolved,0x4630da0005fa8a4eab6184c9394f5ad47c4787f7bf9b01131985144046334546,https://data.chain.link/streams/sol-usd,,
xrp-updown-15m-1784076300,XRP,"XRP Up or Down - July 14, 8:45PM-9:00PM ET",2026-07-15T01:00:00Z,2026-07-15T00:45:00Z,1.1067056350748363,Up,"[""1"", ""0""]",0.999,2826.401131000001,826.813599,0.4945,0.001,resolved,0x8af1e87f050283277c9227a5b45d69ca7deddf37971a6f8e93054031aba34d15,https://data.chain.link/streams/xrp-usd,,
bnb-updown-15m-1784077200,BNB,"BNB Up or Down - July 14, 9:00PM-9:15PM ET",2026-07-15T01:15:00Z,2026-07-15T01:00:00Z,581.8283133596046,Down,"[""0"", ""1""]",0.022,431.68850100000003,,-0.4995,0.009,resolved,0xf7326d10dc015cce407ce720614e686cec3f0b790c450901e624b44b152b6384,https://data.chain.link/streams/bnb-usd,,
btc-updown-15m-1784077200,BTC,"Bitcoin Up or Down - July 14, 9:00PM-9:15PM ET",2026-07-15T01:15:00Z,2026-07-15T01:00:00Z,64780.251495727076,Down,"[""0"", ""1""]",0.001,23452.74061,203.88235,-0.4925,0.003,resolved,0x8b0bb62e285a65b2da6e2bdada858598e32680269d99f185bf2c9e0eb82c8199,https://data.chain.link/streams/btc-usd,,
doge-updown-15m-1784077200,DOGE,"Dogecoin Up or Down - July 14, 9:00PM-9:15PM ET",2026-07-15T01:15:00Z,2026-07-15T01:00:00Z,0.07406553796034937,Down,"[""0"", ""1""]",0.03,375.206325,,-0.495,0.008,resolved,0x73f59097de4e02ecb17856c8ae6274651dcd2cb822ab95ad6f6a0dc6773e2042,https://data.chain.link/streams/doge-usd,,
eth-updown-15m-1784077200,ETH,"Ethereum Up or Down - July 14, 9:00PM-9:15PM ET",2026-07-15T01:15:00Z,2026-07-15T01:00:00Z,1880.3735700000002,Down,"[""0"", ""1""]",0.001,5389.788788000001,52.55769,-0.5045,0.001,resolved,0x68e82607574c2b46e256e907e92ae2f2674e32d4f859c67e57e67690bb691133,https://data.chain.link/streams/eth-usd,,
hype-updown-15m-1784077200,HYPE,"Hyperliquid Up or Down - July 14, 9:00PM-9:15PM ET",2026-07-15T01:15:00Z,2026-07-15T01:00:00Z,65.6689,Down,"[""0"", ""1""]",0.09,166.38547599999998,,-0.4945,0.009,resolved,0x926dbb05a5804beb8a3c3f0b989c855785c5bbffc7681cb9170a0f0881968710,https://data.chain.link/streams/hype-usd,,
sol-updown-15m-1784077200,SOL,"Solana Up or Down - July 14, 9:00PM-9:15PM ET",2026-07-15T01:15:00Z,2026-07-15T01:00:00Z,77.61147306941152,Down,"[""0"", ""1""]",0.01,3703.881582,29.607841,-0.4905,0.007,resolved,0xef416ed3c2a66af6bf8a6670e6e018f06c86f1fed558fd17ed317d46a5f11462,https://data.chain.link/streams/sol-usd,,
xrp-updown-15m-1784077200,XRP,"XRP Up or Down - July 14, 9:00PM-9:15PM ET",2026-07-15T01:15:00Z,2026-07-15T01:00:00Z,1.1074783414062557,Down,"[""0"", ""1""]",0.05,1630.7164810000002,19.442306,-0.503,0.002,resolved,0x8c855bb1787cdb604c8e8d2c8b3737df5c97dfc81b537d2ca0bd354c5b0a98ce,https://data.chain.link/streams/xrp-usd,,
bnb-updown-15m-1784078100,BNB,"BNB Up or Down - July 14, 9:15PM-9:30PM ET",2026-07-15T01:30:00Z,2026-07-15T01:15:00Z,580.5558098247362,Up,"[""1"", ""0""]",0.999,269.724497,,0.4945,0.001,resolved,0x0f088be4006bdae44b786f4897e3741e4f7db2e5f4502d691c05f9bc79454a97,https://data.chain.link/streams/bnb-usd,,
btc-updown-15m-1784078100,BTC,"Bitcoin Up or Down - July 14, 9:15PM-9:30PM ET",2026-07-15T01:30:00Z,2026-07-15T01:15:00Z,64699.59978904152,Up,"[""1"", ""0""]",0.99,36245.09864900003,33,0.4945,0.001,resolved,0x62cddc4c2db223b410e6312864a5656960ab59bbfdf64ecda50e6132aa4dd1d6,https://data.chain.link/streams/btc-usd,,
doge-updown-15m-1784078100,DOGE,"Dogecoin Up or Down - July 14, 9:15PM-9:30PM ET",2026-07-15T01:30:00Z,2026-07-15T01:15:00Z,0.0739045,Up,"[""1"", ""0""]",0.999,315.662245,,0.4995,0.001,resolved,0xa138df3d564efd8c1c1e0a60cb64c2fafebdea81e46c1c61c78d7882235781d6,https://data.chain.link/streams/doge-usd,,
eth-updown-15m-1784078100,ETH,"Ethereum Up or Down - July 14, 9:15PM-9:30PM ET",2026-07-15T01:30:00Z,2026-07-15T01:15:00Z,1874.6227900000001,Up,"[""1"", ""0""]",0.99,5921.570267000003,,0.4945,0.001,resolved,0x56cc6dbf1e06c572039154b5b201fc200eb948d3413ddeab84cd51fdf3a3e2f0,https://data.chain.link/streams/eth-usd,,
hype-updown-15m-1784078100,HYPE,"Hyperliquid Up or Down - July 14, 9:15PM-9:30PM ET",2026-07-15T01:30:00Z,2026-07-15T01:15:00Z,65.31521988208233,Up,"[""1"", ""0""]",0.99,746.021774,,0.4995,0.001,resolved,0x272ee3dc5dfe0cd2e15b9911485cd6cbba6904d219404f9b07d27d4cf167da06,https://data.chain.link/streams/hype-usd,,
sol-updown-15m-1784078100,SOL,"Solana Up or Down - July 14, 9:15PM-9:30PM ET",2026-07-15T01:30:00Z,2026-07-15T01:15:00Z,77.52831334432007,Up,"[""1"", ""0""]",0.99,2059.962456,10,0.5045,0.001,resolved,0x5383f03e1f50c3eb0b255ccaa7683ee7bdb1c5da7053c564699fba1797a5fb6f,https://data.chain.link/streams/sol-usd,,
xrp-updown-15m-1784078100,XRP,"XRP Up or Down - July 14, 9:15PM-9:30PM ET",2026-07-15T01:30:00Z,2026-07-15T01:15:00Z,1.1051866933075827,Up,"[""1"", ""0""]",0.999,2713.9635049999997,,0.4945,0.001,resolved,0xc72102b4ee8bb5001215fc9f04da02cb336706493fecca8dfb79aea8c185a331,https://data.chain.link/streams/xrp-usd,,
bnb-updown-15m-1784079000,BNB,"BNB Up or Down - July 14, 9:30PM-9:45PM ET",2026-07-15T01:45:00Z,2026-07-15T01:30:00Z,581.0930189962107,Down,"[""0"", ""1""]",0.03,418.51859,,-0.4995,0.009,resolved,0xa463b120f1fb1867de1c2d9f54113eee5df51eb5cb4df20a86c3a8ceed75f07d,https://data.chain.link/streams/bnb-usd,,
btc-updown-15m-1784079000,BTC,"Bitcoin Up or Down - July 14, 9:30PM-9:45PM ET",2026-07-15T01:45:00Z,2026-07-15T01:30:00Z,64787.64624169609,Down,"[""0"", ""1""]",0.001,30213.397708000004,,-0.5045,0.001,resolved,0x1fac4e519fd8c402323f1811684d3193bee0e53d99564e72da966a84eb6f6465,https://data.chain.link/streams/btc-usd,,
doge-updown-15m-1784079000,DOGE,"Dogecoin Up or Down - July 14, 9:30PM-9:45PM ET",2026-07-15T01:45:00Z,2026-07-15T01:30:00Z,0.0741041,Down,"[""0"", ""1""]",0.43,209.14,,-0.495,0.008,resolved,0xe003f54e68526ad7e66cc7960475d0d958adb7050a4c010143b5b5c9b2441aa1,https://data.chain.link/streams/doge-usd,,
eth-updown-15m-1784079000,ETH,"Ethereum Up or Down - July 14, 9:30PM-9:45PM ET",2026-07-15T01:45:00Z,2026-07-15T01:30:00Z,1877.8203545871513,Down,"[""0"", ""1""]",0.001,4646.829205000001,,-0.5045,0.001,resolved,0x7cd5b2fca7edc935400f916d0bca578938ba57e241c22e6041a3cabfa88aa8f6,https://data.chain.link/streams/eth-usd,,
hype-updown-15m-1784079000,HYPE,"Hyperliquid Up or Down - July 14, 9:30PM-9:45PM ET",2026-07-15T01:45:00Z,2026-07-15T01:30:00Z,65.370336,Down,"[""0"", ""1""]",0.12,486.113455,,-0.4945,0.009,resolved,0x6b3279158359f7330967b6b082ff258418d38ad25b806b07f0d76a6bfc912b7b,https://data.chain.link/streams/hype-usd,,
sol-updown-15m-1784079000,SOL,"Solana Up or Down - July 14, 9:30PM-9:45PM ET",2026-07-15T01:45:00Z,2026-07-15T01:30:00Z,77.735635,Down,"[""0"", ""1""]",0.001,2032.8385070000002,44.638677,-0.493,0.002,resolved,0x0fedfc29fb7ae6214261cdf9d8e86f609212d2e07e131163785790e53b6566aa,https://data.chain.link/streams/sol-usd,,
xrp-updown-15m-1784079000,XRP,"XRP Up or Down - July 14, 9:30PM-9:45PM ET",2026-07-15T01:45:00Z,2026-07-15T01:30:00Z,1.1072617784667536,Down,"[""0"", ""1""]",0.001,2624.1282880000003,273.565998,-0.4845,0.001,resolved,0xe2c7e10679092295e433b8701636bec3aa4b0e3792400703b10ce6e8af78e0bf,https://data.chain.link/streams/xrp-usd,,
bnb-updown-15m-1784079900,BNB,"BNB Up or Down - July 14, 9:45PM-10:00PM ET",2026-07-15T02:00:00Z,2026-07-15T01:45:00Z,580.1104218806656,Down,"[""0"", ""1""]",0.16,314.631929,229.654934,-0.5045,0.001,resolved,0x44c30cc7476b323ad9c5bb4a3f72822002a712a28d3f83025024c894740a3baa,https://data.chain.link/streams/bnb-usd,,
btc-updown-15m-1784079900,BTC,"Bitcoin Up or Down - July 14, 9:45PM-10:00PM ET",2026-07-15T02:00:00Z,2026-07-15T01:45:00Z,64674.2366219557,Down,"[""0"", ""1""]",0.001,23204.13524099999,12316.498931,-0.5045,0.001,resolved,0xc9d8ab33dc83ddbbe1560dce0efcfc46df1ace46d6b54d00c6f521c11b4956cc,https://data.chain.link/streams/btc-usd,,
doge-updown-15m-1784079900,DOGE,"Dogecoin Up or Down - July 14, 9:45PM-10:00PM ET",2026-07-15T02:00:00Z,2026-07-15T01:45:00Z,0.0739869,Down,"[""0"", ""1""]",0.21,279.824717,33.509999,-0.4995,0.001,resolved,0xa56a070a23c9942a7d6529d7e8e176b40f4d389b3fcbd7ac16eb7b316f046a97,https://data.chain.link/streams/doge-usd,,
eth-updown-15m-1784079900,ETH,"Ethereum Up or Down - July 14, 9:45PM-10:00PM ET",2026-07-15T02:00:00Z,2026-07-15T01:45:00Z,1868.8759774965465,Up,"[""1"", ""0""]",0.99,8047.973283000001,3457.281512,0.49,0.01,resolved,0xddbfcd695ce5929ee24fe2b456729ef93ef61d879e7607eaff935da291fcfda5,https://data.chain.link/streams/eth-usd,,
hype-updown-15m-1784079900,HYPE,"Hyperliquid Up or Down - July 14, 9:45PM-10:00PM ET",2026-07-15T02:00:00Z,2026-07-15T01:45:00Z,64.9586,Up,"[""1"", ""0""]",0.99,65.75233,20.21739,0.495,0.01,resolved,0x0a57de9e4df84ef9463496654ac73d283a5198d21e3940bfe280e7d650a5b5c1,https://data.chain.link/streams/hype-usd,,
sol-updown-15m-1784079900,SOL,"Solana Up or Down - July 14, 9:45PM-10:00PM ET",2026-07-15T02:00:00Z,2026-07-15T01:45:00Z,77.4959566896085,Down,"[""0"", ""1""]",0.019,3152.8502970000004,1112.687004,-0.5045,0.001,resolved,0x2916661aa3b4beb7bd6eaeef1520ea5ae74252128e51139a2df90f62d810ae41,https://data.chain.link/streams/sol-usd,,
xrp-updown-15m-1784079900,XRP,"XRP Up or Down - July 14, 9:45PM-10:00PM ET",2026-07-15T02:00:00Z,2026-07-15T01:45:00Z,1.1046939443754673,Down,"[""0"", ""1""]",0.05,2841.1798089999998,1728.531245,-0.5045,0.001,resolved,0x540aded8640ae81772ab2ee14add2e36655f2452757c158d09f90c36ab54cced,https://data.chain.link/streams/xrp-usd,,
bnb-updown-15m-1784080800,BNB,"BNB Up or Down - July 14, 10:00PM-10:15PM ET",2026-07-15T02:15:00Z,2026-07-15T02:00:00Z,579.6858629722789,Up,"[""1"", ""0""]",0.999,624.5771500000001,,0.4945,0.001,resolved,0xf194e5ec59b6aea3a9d1025066d1959393b7cc954bc79534069cf3ac9f0f7f2a,https://data.chain.link/streams/bnb-usd,,
btc-updown-15m-1784080800,BTC,"Bitcoin Up or Down - July 14, 10:00PM-10:15PM ET",2026-07-15T02:15:00Z,2026-07-15T02:00:00Z,64626.40306053563,Up,"[""1"", ""0""]",0.999,31198.28374,495.026099,0.4945,0.001,resolved,0x20f2b67b0083ffbcb7ac6ceed1d3c5f302ae401800130562bebdb589d2b8b85e,https://data.chain.link/streams/btc-usd,,
doge-updown-15m-1784080800,DOGE,"Dogecoin Up or Down - July 14, 10:00PM-10:15PM ET",2026-07-15T02:15:00Z,2026-07-15T02:00:00Z,0.0739751860267444,Down,"[""0"", ""1""]",0.03,323.0250669999999,,-0.04,0.22,resolved,0x7edd160e5fe3916638081c535bcd14bc5e43ffbee102ac896762ca5acc5f40a0,https://data.chain.link/streams/doge-usd,,
eth-updown-15m-1784080800,ETH,"Ethereum Up or Down - July 14, 10:00PM-10:15PM ET",2026-07-15T02:15:00Z,2026-07-15T02:00:00Z,1868.9707308572895,Up,"[""1"", ""0""]",0.99,8765.636682000004,10,0.42,0.01,resolved,0x02465f49d16095ef90c25b97648d74a4a4f525141f4d0ba1ff2018c1f768f593,https://data.chain.link/streams/eth-usd,,
hype-updown-15m-1784080800,HYPE,"Hyperliquid Up or Down - July 14, 10:00PM-10:15PM ET",2026-07-15T02:15:00Z,2026-07-15T02:00:00Z,65.063383,Up,"[""1"", ""0""]",0.999,335.084243,,0.4995,0.001,resolved,0x0b0dd2bcbb7715edd4ce65c926c434c89c8bfebe0b795d588291a2d7f3da259d,https://data.chain.link/streams/hype-usd,,
sol-updown-15m-1784080800,SOL,"Solana Up or Down - July 14, 10:00PM-10:15PM ET",2026-07-15T02:15:00Z,2026-07-15T02:00:00Z,77.38346330993993,Down,"[""0"", ""1""]",0.16,5991.998655999999,10,-0.49,0.01,resolved,0x3809aa0bb52e4271207cdb3111e1b3788d5b9a45b20b22bdc39db55f551818aa,https://data.chain.link/streams/sol-usd,,
xrp-updown-15m-1784080800,XRP,"XRP Up or Down - July 14, 10:00PM-10:15PM ET",2026-07-15T02:15:00Z,2026-07-15T02:00:00Z,1.1025012,Down,"[""0"", ""1""]",0.06,3120.9547139999995,5,-0.41,0.01,resolved,0x437ac6ddf8c535009ac338ed138ee4e5daf51fae4c646c32494601811e35c05e,https://data.chain.link/streams/xrp-usd,,
bnb-updown-15m-1784081700,BNB,"BNB Up or Down - July 14, 10:15PM-10:30PM ET",2026-07-15T02:30:00Z,2026-07-15T02:15:00Z,580.5321895910699,Down,"[""0"", ""1""]",0.04,283.30706399999997,,-0.5045,0.001,resolved,0x48f040bb39cae56ac1fa6dd14472b13fdf3a19f914a628af392ad971058d65fa,https://data.chain.link/streams/bnb-usd,,
btc-updown-15m-1784081700,BTC,"Bitcoin Up or Down - July 14, 10:15PM-10:30PM ET",2026-07-15T02:30:00Z,2026-07-15T02:15:00Z,64662.86092,Down,"[""0"", ""1""]",0.001,25100.78840499998,33,-0.5045,0.001,resolved,0x91a54d0034ddd90af071e292b6d956e27b5e85556da79c5bc513fb0d3a78346b,https://data.chain.link/streams/btc-usd,,
doge-updown-15m-1784081700,DOGE,"Dogecoin Up or Down - July 14, 10:15PM-10:30PM ET",2026-07-15T02:30:00Z,2026-07-15T02:15:00Z,0.073964,Down,"[""0"", ""1""]",0.09,490.97901299999995,,-0.4995,0.001,resolved,0x050be91c881eb775fe9696ab252943b7fcb41caa28d14f24e9c7ae22afe05d83,https://data.chain.link/streams/doge-usd,,
eth-updown-15m-1784081700,ETH,"Ethereum Up or Down - July 14, 10:15PM-10:30PM ET",2026-07-15T02:30:00Z,2026-07-15T02:15:00Z,1869.8802440859176,Down,"[""0"", ""1""]",0.001,6742.4164710000005,,-0.5045,0.001,resolved,0x721dc0b0c68b4534f44935b1368ebab4e483f9ec44da40e1eced4a057e222c26,https://data.chain.link/streams/eth-usd,,
hype-updown-15m-1784081700,HYPE,"Hyperliquid Up or Down - July 14, 10:15PM-10:30PM ET",2026-07-15T02:30:00Z,2026-07-15T02:15:00Z,65.50202308680757,Down,"[""0"", ""1""]",0.02,208.006,,-0.4995,0.001,resolved,0x7e8373ab07557308611959f153b313b3fd17353b727fea0a8bd77a8e175cc1a6,https://data.chain.link/streams/hype-usd,,
sol-updown-15m-1784081700,SOL,"Solana Up or Down - July 14, 10:15PM-10:30PM ET",2026-07-15T02:30:00Z,2026-07-15T02:15:00Z,77.34280582309023,Down,"[""0"", ""1""]",0.001,3116.8519870000005,10,-0.4945,0.001,resolved,0xbfe89e7df0291929d3fdf17d8c4056d149b46800dfa7e4151a0d8a3117aa09e6,https://data.chain.link/streams/sol-usd,,
xrp-updown-15m-1784081700,XRP,"XRP Up or Down - July 14, 10:15PM-10:30PM ET",2026-07-15T02:30:00Z,2026-07-15T02:15:00Z,1.101978309388808,Down,"[""0"", ""1""]",0.001,1868.9422149999996,,-0.5045,0.001,resolved,0xedf28550462ca4e7ee619db1f616c43ef0deb6cc9dfb96f228303b839dc21045,https://data.chain.link/streams/xrp-usd,,
bnb-updown-15m-1784082600,BNB,"BNB Up or Down - July 14, 10:30PM-10:45PM ET",2026-07-15T02:45:00Z,2026-07-15T02:30:00Z,579.2111495826866,Up,"[""1"", ""0""]",0.99,222.35038300000002,,0.49,0.01,resolved,0x66cd981136387b9c4d8ff54eb37c44f81d7503d293b92bf085fd297e1d45aa26,https://data.chain.link/streams/bnb-usd,,
btc-updown-15m-1784082600,BTC,"Bitcoin Up or Down - July 14, 10:30PM-10:45PM ET",2026-07-15T02:45:00Z,2026-07-15T02:30:00Z,64472.979385917824,Up,"[""1"", ""0""]",0.99,21917.67251099997,,0.48,0.01,resolved,0xfa1b53c242f7efb0c81612d4189976f8e48f0754782be6ad84eaeae82f7362fd,https://data.chain.link/streams/btc-usd,,
doge-updown-15m-1784082600,DOGE,"Dogecoin Up or Down - July 14, 10:30PM-10:45PM ET",2026-07-15T02:45:00Z,2026-07-15T02:30:00Z,0.073683,Up,"[""1"", ""0""]",0.99,437.16929200000004,,0.475,0.03,resolved,0x3de22f5e964e540f3f6b5afce8f220b407b332161240379982f92c393fe2bc10,https://data.chain.link/streams/doge-usd,,
eth-updown-15m-1784082600,ETH,"Ethereum Up or Down - July 14, 10:30PM-10:45PM ET",2026-07-15T02:45:00Z,2026-07-15T02:30:00Z,1863.5922435003772,Up,"[""1"", ""0""]",0.99,4422.534193,118.70548,0.49,0.01,resolved,0x5527ad433fd7f6f25ccc818026d90d722b9f117db8fdc03c6f07955443ca34f0,https://data.chain.link/streams/eth-usd,,
hype-updown-15m-1784082600,HYPE,"Hyperliquid Up or Down - July 14, 10:30PM-10:45PM ET",2026-07-15T02:45:00Z,2026-07-15T02:30:00Z,65.206633,Up,"[""1"", ""0""]",0.999,262.41075,,0.4945,0.009,resolved,0x1b869a944b5b30f76e5bd11359e91c1cd77d9ff31dc21ac553ae73079176a48e,https://data.chain.link/streams/hype-usd,,
sol-updown-15m-1784082600,SOL,"Solana Up or Down - July 14, 10:30PM-10:45PM ET",2026-07-15T02:45:00Z,2026-07-15T02:30:00Z,77.0995815804163,Up,"[""1"", ""0""]",0.99,4918.753471000002,10,0.47,0.01,resolved,0x62b771d3b963e17ad14d8925b593ed6c57cb3ebdf1b4b0fdd82d876b5cb6997b,https://data.chain.link/streams/sol-usd,,
xrp-updown-15m-1784082600,XRP,"XRP Up or Down - July 14, 10:30PM-10:45PM ET",2026-07-15T02:45:00Z,2026-07-15T02:30:00Z,1.0988639290876554,Up,"[""1"", ""0""]",0.99,2314.424145,,0.49,0.01,resolved,0xb1ccbb89ddce65bab0c03b26806218317a9f0b726681a6152d2190d8b934d43d,https://data.chain.link/streams/xrp-usd,,
bnb-updown-15m-1784083500,BNB,"BNB Up or Down - July 14, 10:45PM-11:00PM ET",2026-07-15T03:00:00Z,2026-07-15T02:45:00Z,579.74208,Down,"[""0"", ""1""]",0.11,352.04317000000003,143.476189,-0.5045,0.001,resolved,0x75b01a050019f2b4b693299b27487acd9149be77087482c8c913fd2aacc98544,https://data.chain.link/streams/bnb-usd,,
btc-updown-15m-1784083500,BTC,"Bitcoin Up or Down - July 14, 10:45PM-11:00PM ET",2026-07-15T03:00:00Z,2026-07-15T02:45:00Z,64511.81732073133,Down,"[""0"", ""1""]",0.01,14345.638830999987,7521.464857,-0.5045,0.001,resolved,0xe207949d38b98c1a2edbcddb44dcb33688c4bfd29211c64626edb317fe316e5b,https://data.chain.link/streams/btc-usd,,
doge-updown-15m-1784083500,DOGE,"Dogecoin Up or Down - July 14, 10:45PM-11:00PM ET",2026-07-15T03:00:00Z,2026-07-15T02:45:00Z,0.073742434,Down,"[""0"", ""1""]",0.16,822.385259,359.831787,-0.495,0.01,resolved,0xe2aada6446a2ae67e338b9969f2aedb2b79704e3f021d6f823b178a6513ccd1a,https://data.chain.link/streams/doge-usd,,
eth-updown-15m-1784083500,ETH,"Ethereum Up or Down - July 14, 10:45PM-11:00PM ET",2026-07-15T03:00:00Z,2026-07-15T02:45:00Z,1865.6079811961279,Down,"[""0"", ""1""]",0.01,7470.528663000002,2664.761183,-0.5045,0.001,resolved,0x3c7bbbdd8c3ba8ad7238874ddaee8f9cfea57ed2c485310fcc7c806669af0548,https://data.chain.link/streams/eth-usd,,
hype-updown-15m-1784083500,HYPE,"Hyperliquid Up or Down - July 14, 10:45PM-11:00PM ET",2026-07-15T03:00:00Z,2026-07-15T02:45:00Z,66.14449570934262,Up,"[""1"", ""0""]",0.999,593.4474100000001,96.014511,0.4995,0.001,resolved,0x7b8e5b1bb2bcf34afe790b6865df20de4663abe58d86be2767da472286cbddc9,https://data.chain.link/streams/hype-usd,,
sol-updown-15m-1784083500,SOL,"Solana Up or Down - July 14, 10:45PM-11:00PM ET",2026-07-15T03:00:00Z,2026-07-15T02:45:00Z,77.1661157647478,Up,"[""1"", ""0""]",0.99,2506.7956599999984,996.933431,0.5,0.01,resolved,0x65a68cb1af09b043efd4936719b6f1ba6ce8adf33318d73566257aa46030dea9,https://data.chain.link/streams/sol-usd,,
xrp-updown-15m-1784083500,XRP,"XRP Up or Down - July 14, 10:45PM-11:00PM ET",2026-07-15T03:00:00Z,2026-07-15T02:45:00Z,1.099994299193618,Down,"[""0"", ""1""]",0.06,4814.726771,901.296705,-0.5045,0.001,resolved,0x699a1143a72e50ac084f29e6a7eeb41017bdb721e437700b6eff23f2f849817a,https://data.chain.link/streams/xrp-usd,,
bnb-updown-15m-1784084400,BNB,"BNB Up or Down - July 14, 11:00PM-11:15PM ET",2026-07-15T03:15:00Z,2026-07-15T03:00:00Z,579.5599,Up,"[""1"", ""0""]",0.999,235.188244,,0.4945,0.001,resolved,0xd451a57983a55d61f6359fa1b35c3bce3361877372bea32567a3bc5213243cef,https://data.chain.link/streams/bnb-usd,,
btc-updown-15m-1784084400,BTC,"Bitcoin Up or Down - July 14, 11:00PM-11:15PM ET",2026-07-15T03:15:00Z,2026-07-15T03:00:00Z,64447.915018283355,Up,"[""1"", ""0""]",0.999,17886.042173,264,0.4945,0.001,resolved,0xf2932b7d6289fdc0e163a1b3c4bca9d452cc6ab87d7eaa6cd6befecdc23dc841,https://data.chain.link/streams/btc-usd,,
doge-updown-15m-1784084400,DOGE,"Dogecoin Up or Down - July 14, 11:00PM-11:15PM ET",2026-07-15T03:15:00Z,2026-07-15T03:00:00Z,0.07369620922750433,Up,"[""1"", ""0""]",0.999,349.051763,,0.4995,0.001,resolved,0x90eded4cca6504e2d006db434f51c405d952f896acf209ea537f0e0861459631,https://data.chain.link/streams/doge-usd,,
eth-updown-15m-1784084400,ETH,"Ethereum Up or Down - July 14, 11:00PM-11:15PM ET",2026-07-15T03:15:00Z,2026-07-15T03:00:00Z,1863.310075381552,Up,"[""1"", ""0""]",0.999,7418.7725009999995,12,0.4945,0.001,resolved,0xb57c5702a1c447108b41d94ebe183d56abe7e8ac359e714805f896dff14186c4,https://data.chain.link/streams/eth-usd,,
hype-updown-15m-1784084400,HYPE,"Hyperliquid Up or Down - July 14, 11:00PM-11:15PM ET",2026-07-15T03:15:00Z,2026-07-15T03:00:00Z,66.48576692005817,Up,"[""1"", ""0""]",0.999,462.854459,,0.4995,0.001,resolved,0xfe21db69ad27bd18562d864d2cc83678d7d0f657ee8a3e428bea439e48084acd,https://data.chain.link/streams/hype-usd,,
sol-updown-15m-1784084400,SOL,"Solana Up or Down - July 14, 11:00PM-11:15PM ET",2026-07-15T03:15:00Z,2026-07-15T03:00:00Z,77.24254179873098,Up,"[""1"", ""0""]",0.999,2184.2448770000005,20,0.5045,0.001,resolved,0xf68d2210aa93667ee4a8e213df0189bddc9a347022b1135727e46cd0232db70a,https://data.chain.link/streams/sol-usd,,
xrp-updown-15m-1784084400,XRP,"XRP Up or Down - July 14, 11:00PM-11:15PM ET",2026-07-15T03:15:00Z,2026-07-15T03:00:00Z,1.0987571,Up,"[""1"", ""0""]",0.999,1863.0992279999998,5,0.4945,0.001,resolved,0xaed97ddaca29761c8286eba725764db2b912a6011d1a359724344a0ce8eb7a07,https://data.chain.link/streams/xrp-usd,,
bnb-updown-15m-1784085300,BNB,"BNB Up or Down - July 14, 11:15PM-11:30PM ET",2026-07-15T03:30:00Z,2026-07-15T03:15:00Z,580.3474818568089,Down,"[""0"", ""1""]",0.91,627.84146,,-0.5,0.01,resolved,0x09ebe6026d71eb2b8ecb289f86ace76768a40218343fc6056cd467a046ea0f6f,https://data.chain.link/streams/bnb-usd,,
btc-updown-15m-1784085300,BTC,"Bitcoin Up or Down - July 14, 11:15PM-11:30PM ET",2026-07-15T03:30:00Z,2026-07-15T03:15:00Z,64580.46849400326,Down,"[""0"", ""1""]",0.001,33299.350797,,-0.5045,0.001,resolved,0x35333c7fb609f97c51dc9b3c9b25e99e725a4f8b697f36ed808940888c5311e1,https://data.chain.link/streams/btc-usd,,
doge-updown-15m-1784085300,DOGE,"Dogecoin Up or Down - July 14, 11:15PM-11:30PM ET",2026-07-15T03:30:00Z,2026-07-15T03:15:00Z,0.073813,Up,"[""1"", ""0""]",0.99,146.272265,,0.495,0.01,resolved,0x5bbe19d1a5971d7e035b8800b1c69ed9fc5695d5088cc52654a834f07960f2f7,https://data.chain.link/streams/doge-usd,,
eth-updown-15m-1784085300,ETH,"Ethereum Up or Down - July 14, 11:15PM-11:30PM ET",2026-07-15T03:30:00Z,2026-07-15T03:15:00Z,1869.0852765282975,Down,"[""0"", ""1""]",0.02,5771.587583,33,-0.5045,0.001,resolved,0x8dab593226d05ed5fbe90692e9a71dbabacfd041c9ca779eeb7770e015d29a62,https://data.chain.link/streams/eth-usd,,
hype-updown-15m-1784085300,HYPE,"Hyperliquid Up or Down - July 14, 11:15PM-11:30PM ET",2026-07-15T03:30:00Z,2026-07-15T03:15:00Z,67.20136694885967,Up,"[""1"", ""0""]",0.999,265.13977800000004,,0.4995,0.001,resolved,0xe130f18eb3a2d039b1cffebf49a03b7561e5e761a470e9bc628c085eb26fef28,https://data.chain.link/streams/hype-usd,,
sol-updown-15m-1784085300,SOL,"Solana Up or Down - July 14, 11:15PM-11:30PM ET",2026-07-15T03:30:00Z,2026-07-15T03:15:00Z,77.41757259542122,Up,"[""1"", ""0""]",0.99,2496.482524999999,10,0.5,0.01,resolved,0xb552d18ae821d8f9941853c804a9b446d6254b38c6c00d07ae9eb35d471e1510,https://data.chain.link/streams/sol-usd,,
xrp-updown-15m-1784085300,XRP,"XRP Up or Down - July 14, 11:15PM-11:30PM ET",2026-07-15T03:30:00Z,2026-07-15T03:15:00Z,1.1002019848714444,Up,"[""1"", ""0""]",0.99,2788.0142260000007,,0.49,0.01,resolved,0x4f51d099371fa6df8f789d57ab8bfd181d17fd5d71ece890a969992dd42c9410,https://data.chain.link/streams/xrp-usd,,
bnb-updown-15m-1784086200,BNB,"BNB Up or Down - July 14, 11:30PM-11:45PM ET",2026-07-15T03:45:00Z,2026-07-15T03:30:00Z,580.2488594555143,Down,"[""0"", ""1""]",0.02,358.608301,,-0.4995,0.009,resolved,0xb82972d5f8cea62e78dc2626292ef037ccc92dcf678e78f72bee6a640579db76,https://data.chain.link/streams/bnb-usd,,
btc-updown-15m-1784086200,BTC,"Bitcoin Up or Down - July 14, 11:30PM-11:45PM ET",2026-07-15T03:45:00Z,2026-07-15T03:30:00Z,64564.501527156535,Up,"[""1"", ""0""]",0.999,41946.20260899996,2,0.4935,0.001,resolved,0xa1f485741a07677c5c8171d36a2f8adcb577593e63e4a7c7441939b2f7d687b7,https://data.chain.link/streams/btc-usd,,
doge-updown-15m-1784086200,DOGE,"Dogecoin Up or Down - July 14, 11:30PM-11:45PM ET",2026-07-15T03:45:00Z,2026-07-15T03:30:00Z,0.07391050427415738,Up,"[""1"", ""0""]",0.99,439.41837999999996,,0.435,0.07,resolved,0x6dd64cd251f3692c6bcad6fa4a3e9d24a730455a265783d9575053cc95617379,https://data.chain.link/streams/doge-usd,,
eth-updown-15m-1784086200,ETH,"Ethereum Up or Down - July 14, 11:30PM-11:45PM ET",2026-07-15T03:45:00Z,2026-07-15T03:30:00Z,1867.535565068836,Up,"[""1"", ""0""]",0.999,8331.493697000002,,0.4945,0.001,resolved,0x6dc65b28e0c6bf6decb30f443947f9a66fb8ffbaf30971f19507f78817282fa8,https://data.chain.link/streams/eth-usd,,
hype-updown-15m-1784086200,HYPE,"Hyperliquid Up or Down - July 14, 11:30PM-11:45PM ET",2026-07-15T03:45:00Z,2026-07-15T03:30:00Z,67.40694677440312,Down,"[""0"", ""1""]",,199.185405,,-0.4945,0.009,resolved,0xd87d55120b537eaf65a4f02128815114ae2605bde715a2fd81dbdc4f62974ca4,https://data.chain.link/streams/hype-usd,,
sol-updown-15m-1784086200,SOL,"Solana Up or Down - July 14, 11:30PM-11:45PM ET",2026-07-15T03:45:00Z,2026-07-15T03:30:00Z,77.46017900000001,Up,"[""1"", ""0""]",0.999,4164.807855,10,0.5045,0.001,resolved,0x531b1087989583a5595a9fd7c5bcd899a7026e112049133f3e46427f0a1bce7c,https://data.chain.link/streams/sol-usd,,
xrp-updown-15m-1784086200,XRP,"XRP Up or Down - July 14, 11:30PM-11:45PM ET",2026-07-15T03:45:00Z,2026-07-15T03:30:00Z,1.1009046,Up,"[""1"", ""0""]",0.99,2252.9263870000013,,0.42,0.01,resolved,0x80653cfb0e4f77948aa7bb3e4070f9b1266ed0c2cefb93c7f742148d1a75f488,https://data.chain.link/streams/xrp-usd,,
bnb-updown-15m-1784087100,BNB,"BNB Up or Down - July 14, 11:45PM-12:00AM ET",2026-07-15T04:00:00Z,2026-07-15T03:45:00Z,579.64886,Up,"[""1"", ""0""]",0.999,323.137291,191.289802,0.4945,0.001,resolved,0xc00daf3d2daca49387510dd177156d80c4116243c50212322d5e21410c77f31c,https://data.chain.link/streams/bnb-usd,,
btc-updown-15m-1784087100,BTC,"Bitcoin Up or Down - July 14, 11:45PM-12:00AM ET",2026-07-15T04:00:00Z,2026-07-15T03:45:00Z,64651.418812763855,Up,"[""1"", ""0""]",0.999,23036.475133999982,8427.688131,0.4945,0.001,resolved,0xed0de9f3a0d9b71d22135c0fdec04964c2e5a928fc1cd2e113a27e1974ccf351,https://data.chain.link/streams/btc-usd,,
doge-updown-15m-1784087100,DOGE,"Dogecoin Up or Down - July 14, 11:45PM-12:00AM ET",2026-07-15T04:00:00Z,2026-07-15T03:45:00Z,0.073929173,Up,"[""1"", ""0""]",0.999,363.110109,74.024734,0.4995,0.001,resolved,0x2f2b157c7b8eb757d668ece22b0ae56c12f3ffacee02a4ba95b721c4b27bf5b4,https://data.chain.link/streams/doge-usd,,
eth-updown-15m-1784087100,ETH,"Ethereum Up or Down - July 14, 11:45PM-12:00AM ET",2026-07-15T04:00:00Z,2026-07-15T03:45:00Z,1871.589775424997,Up,"[""1"", ""0""]",0.999,6112.926382000001,2096.772674,0.5045,0.001,resolved,0x303a10e9728893410713947b464c463684d241d13208eeee29a7283afbc1e381,https://data.chain.link/streams/eth-usd,,
hype-updown-15m-1784087100,HYPE,"Hyperliquid Up or Down - July 14, 11:45PM-12:00AM ET",2026-07-15T04:00:00Z,2026-07-15T03:45:00Z,67.078965,Up,"[""1"", ""0""]",0.999,172.552106,15,0.4995,0.001,resolved,0x8aeef93a590ab81f9662e264356ee58b4295e14a0302afe9260964b8940fea45,https://data.chain.link/streams/hype-usd,,
sol-updown-15m-1784087100,SOL,"Solana Up or Down - July 14, 11:45PM-12:00AM ET",2026-07-15T04:00:00Z,2026-07-15T03:45:00Z,77.63226337071747,Up,"[""1"", ""0""]",0.999,1812.6880049999997,1259.272538,0.5045,0.001,resolved,0x1ac9655baea2a77f789a667339dc687d7c097d630c4de1bc3e77dd4b423db018,https://data.chain.link/streams/sol-usd,,
xrp-updown-15m-1784087100,XRP,"XRP Up or Down - July 14, 11:45PM-12:00AM ET",2026-07-15T04:00:00Z,2026-07-15T03:45:00Z,1.101205,Up,"[""1"", ""0""]",0.999,1826.8165000000001,1392.770585,0.4945,0.001,resolved,0x48eb24a82735bb61ca4d5abd6f4af91edcc3bf37506e64a7e33cfbed4d92988e,https://data.chain.link/streams/xrp-usd,,
bnb-updown-15m-1784088000,BNB,"BNB Up or Down - July 15, 12:00AM-12:15AM ET",2026-07-15T04:15:00Z,2026-07-15T04:00:00Z,580.28326,Up,"[""1"", ""0""]",0.99,457.92302399999994,,0.23,0.01,resolved,0x4318d027069aafc38a221cdc4d38352f26176b750642449ba74188756f638f5b,https://data.chain.link/streams/bnb-usd,,
btc-updown-15m-1784088000,BTC,"Bitcoin Up or Down - July 15, 12:00AM-12:15AM ET",2026-07-15T04:15:00Z,2026-07-15T04:00:00Z,64740.0243832003,Up,"[""1"", ""0""]",0.99,30005.84997000001,635,0.49,0.01,resolved,0xc9318d80d9b93aa38d9d75ff9af037117a5e12019006355e95918a4a6e085792,https://data.chain.link/streams/btc-usd,,
doge-updown-15m-1784088000,DOGE,"Dogecoin Up or Down - July 15, 12:00AM-12:15AM ET",2026-07-15T04:15:00Z,2026-07-15T04:00:00Z,0.07397897,Up,"[""1"", ""0""]",0.98,1075.063943,,0.445,0.01,resolved,0x8a8fd94630f89049c379c805c4f96bfdf7b9a82cfdd25619e7c2939e280d0c17,https://data.chain.link/streams/doge-usd,,
eth-updown-15m-1784088000,ETH,"Ethereum Up or Down - July 15, 12:00AM-12:15AM ET",2026-07-15T04:15:00Z,2026-07-15T04:00:00Z,1874.7625471403883,Up,"[""1"", ""0""]",0.99,10435.007105000002,10,0.43,0.05,resolved,0xf7e74d1d34f6d1414740384c7fdc8bc1cf32d3509b2a7f413c67149731be249d,https://data.chain.link/streams/eth-usd,,
hype-updown-15m-1784088000,HYPE,"Hyperliquid Up or Down - July 15, 12:00AM-12:15AM ET",2026-07-15T04:15:00Z,2026-07-15T04:00:00Z,67.21260750399547,Down,"[""0"", ""1""]",0.13,179.993,,-0.4945,0.009,resolved,0x656436e4320a5ff6dae32424acf5cc60c4a112fd490187f309e6e6da63633f2e,https://data.chain.link/streams/hype-usd,,
sol-updown-15m-1784088000,SOL,"Solana Up or Down - July 15, 12:00AM-12:15AM ET",2026-07-15T04:15:00Z,2026-07-15T04:00:00Z,77.72521577994586,Down,"[""0"", ""1""]",0.01,4375.301497000004,41.826311,-0.44,0.01,resolved,0x96c589906c5d0f4796270a77b52beb90af8f6d73e9655622098b617829922842,https://data.chain.link/streams/sol-usd,,
xrp-updown-15m-1784088000,XRP,"XRP Up or Down - July 15, 12:00AM-12:15AM ET",2026-07-15T04:15:00Z,2026-07-15T04:00:00Z,1.1033629,Up,"[""1"", ""0""]",0.999,2544.2147879999998,30,0.475,0.02,resolved,0x3963bebb21736065604d05761bedcefff24fa02c9702373646250dd86d29b3c3,https://data.chain.link/streams/xrp-usd,,
bnb-updown-15m-1784088900,BNB,"BNB Up or Down - July 15, 12:15AM-12:30AM ET",2026-07-15T04:30:00Z,2026-07-15T04:15:00Z,580.2851,Down,"[""0"", ""1""]",0.08,314.44855800000005,,-0.5045,0.001,resolved,0x1efd4e1ed38e19417badd2e965e5a7a1c598a04033d49a31a90fcd8dba64a6ee,https://data.chain.link/streams/bnb-usd,,
btc-updown-15m-1784088900,BTC,"Bitcoin Up or Down - July 15, 12:15AM-12:30AM ET",2026-07-15T04:30:00Z,2026-07-15T04:15:00Z,64773.09612360873,Down,"[""0"", ""1""]",0.01,17229.755251000006,,-0.5,0.01,resolved,0xff6d4a989d815cef6ec13eebbc91f567bc14dfee20768b999c773d62ac9ac4ae,https://data.chain.link/streams/btc-usd,,
doge-updown-15m-1784088900,DOGE,"Dogecoin Up or Down - July 15, 12:15AM-12:30AM ET",2026-07-15T04:30:00Z,2026-07-15T04:15:00Z,0.074012964,Down,"[""0"", ""1""]",0.11,242.397999,,-0.4995,0.001,resolved,0xa94ef6eedb3846263db7dbaab7ae4a501074188d3215586658c29d9f266c50ea,https://data.chain.link/streams/doge-usd,,
eth-updown-15m-1784088900,ETH,"Ethereum Up or Down - July 15, 12:15AM-12:30AM ET",2026-07-15T04:30:00Z,2026-07-15T04:15:00Z,1875.436135,Down,"[""0"", ""1""]",0.03,5533.7134529999985,,-0.5,0.01,resolved,0x14988d25999de3f6f33b011b407eb9e8d4638c23278c0d1911068b0be8470006,https://data.chain.link/streams/eth-usd,,
hype-updown-15m-1784088900,HYPE,"Hyperliquid Up or Down - July 15, 12:15AM-12:30AM ET",2026-07-15T04:30:00Z,2026-07-15T04:15:00Z,66.95327364134698,Down,"[""0"", ""1""]",,154.43644,,-0.4995,0.001,resolved,0x0e6a2756d32c0c6c93b7958af894e79aa595c3b6fbadc001d78c81c0556caffb,https://data.chain.link/streams/hype-usd,,
sol-updown-15m-1784088900,SOL,"Solana Up or Down - July 15, 12:15AM-12:30AM ET",2026-07-15T04:30:00Z,2026-07-15T04:15:00Z,77.65746650000001,Down,"[""0"", ""1""]",0.01,1566.4965560000005,10,-0.49,0.01,resolved,0xb7d24680d6cb89cb3605641a55479710497992bd37bb38f5109c2432084d2967,https://data.chain.link/streams/sol-usd,,
xrp-updown-15m-1784088900,XRP,"XRP Up or Down - July 15, 12:15AM-12:30AM ET",2026-07-15T04:30:00Z,2026-07-15T04:15:00Z,1.1042222974722786,Down,"[""0"", ""1""]",0.04,1414.9621489999995,,-0.5045,0.001,resolved,0x1e0dc6ac92d4b9b9d687f757ed5954e5d9756b78c1cf36773f162ffd3c30b1f1,https://data.chain.link/streams/xrp-usd,,
bnb-updown-15m-1784089800,BNB,"BNB Up or Down - July 15, 12:30AM-12:45AM ET",2026-07-15T04:45:00Z,2026-07-15T04:30:00Z,578.8654876724004,Up,"[""1"", ""0""]",0.99,669.9150189999996,,0.335,0.12,resolved,0x9b4e5fc5e4f2079e7f974d202ab636d7c9a64403d3ac442a0c72d23ff7d948cb,https://data.chain.link/streams/bnb-usd,,
btc-updown-15m-1784089800,BTC,"Bitcoin Up or Down - July 15, 12:30AM-12:45AM ET",2026-07-15T04:45:00Z,2026-07-15T04:30:00Z,64710.9000446778,Up,"[""1"", ""0""]",0.99,19995.927740000006,,0.48,0.01,resolved,0x48875e5c09857fb05cf6a237de7a55117003bbc715c8be42417b721600390c12,https://data.chain.link/streams/btc-usd,,
doge-updown-15m-1784089800,DOGE,"Dogecoin Up or Down - July 15, 12:30AM-12:45AM ET",2026-07-15T04:45:00Z,2026-07-15T04:30:00Z,0.0738579500162835,Up,"[""1"", ""0""]",0.999,318.01915799999995,,0.495,0.008,resolved,0x33464301a054d1bca1469e3d80b02362270e2d7f217a8bc2a6eda97a02e1f713,https://data.chain.link/streams/doge-usd,,
eth-updown-15m-1784089800,ETH,"Ethereum Up or Down - July 15, 12:30AM-12:45AM ET",2026-07-15T04:45:00Z,2026-07-15T04:30:00Z,1873.9973099103067,Up,"[""1"", ""0""]",0.999,5369.905835,,0.489,0.008,resolved,0x019c9f1ac0566ef63b47a63ddabfea01dd433f34ede2cc6ef86c2bdf1aff22a0,https://data.chain.link/streams/eth-usd,,
hype-updown-15m-1784089800,HYPE,"Hyperliquid Up or Down - July 15, 12:30AM-12:45AM ET",2026-07-15T04:45:00Z,2026-07-15T04:30:00Z,66.76137060656008,Up,"[""1"", ""0""]",0.999,299.85714,,0.4945,0.009,resolved,0xc927ec54302f589b19799872d01f5f476d6549e91df89473e146cabacb98e9a5,https://data.chain.link/streams/hype-usd,,
sol-updown-15m-1784089800,SOL,"Solana Up or Down - July 15, 12:30AM-12:45AM ET",2026-07-15T04:45:00Z,2026-07-15T04:30:00Z,77.56121179025375,Up,"[""1"", ""0""]",0.999,2727.6422330000005,10,0.4945,0.001,resolved,0x8889c56a883179c0b4f4149b91a19f5ea6156b9a1af5ef35c32ff25fe24ee6cf,https://data.chain.link/streams/sol-usd,,
xrp-updown-15m-1784089800,XRP,"XRP Up or Down - July 15, 12:30AM-12:45AM ET",2026-07-15T04:45:00Z,2026-07-15T04:30:00Z,1.1014925345570055,Up,"[""1"", ""0""]",0.999,2660.521698,,0.4895,0.009,resolved,0x88a98e2d19796b827b2f4d74abdc3c41be48778369b5761b53d7e7658d7d2ef5,https://data.chain.link/streams/xrp-usd,,
bnb-updown-15m-1784090700,BNB,"BNB Up or Down - July 15, 12:45AM-1:00AM ET",2026-07-15T05:00:00Z,2026-07-15T04:45:00Z,579.1655292846467,Up,"[""1"", ""0""]",0.99,294.917593,179.717393,0.49,0.01,resolved,0xed7d037cb6d31b01ac6742e48a4f25dc069cd47af5da48c7894becbec8f879db,https://data.chain.link/streams/bnb-usd,,
btc-updown-15m-1784090700,BTC,"Bitcoin Up or Down - July 15, 12:45AM-1:00AM ET",2026-07-15T05:00:00Z,2026-07-15T04:45:00Z,64753.457864535165,Down,"[""0"", ""1""]",0.01,26845.22041100001,8179.936666,-0.5045,0.001,resolved,0x4229b6fc83e79514a501d0bcf97a9be8c1f182c1e865ff8b222c9db0ed5f7aff,https://data.chain.link/streams/btc-usd,,
doge-updown-15m-1784090700,DOGE,"Dogecoin Up or Down - July 15, 12:45AM-1:00AM ET",2026-07-15T05:00:00Z,2026-07-15T04:45:00Z,0.07396534953097762,Up,"[""1"", ""0""]",0.999,260.497455,44.134598,0.4995,0.001,resolved,0x9c183f824e0f1e014e9611f1503ba8923407b135a8045376fc0fb1b107f552d0,https://data.chain.link/streams/doge-usd,,
eth-updown-15m-1784090700,ETH,"Ethereum Up or Down - July 15, 12:45AM-1:00AM ET",2026-07-15T05:00:00Z,2026-07-15T04:45:00Z,1876.2941291334007,Down,"[""0"", ""1""]",0.006,6807.6593070000035,2350.160651,-0.5045,0.001,resolved,0xfcfc195f6c3e64aa788f3e55c7ef409085932dab193d15e12f799c76a299c2dc,https://data.chain.link/streams/eth-usd,,
hype-updown-15m-1784090700,HYPE,"Hyperliquid Up or Down - July 15, 12:45AM-1:00AM ET",2026-07-15T05:00:00Z,2026-07-15T04:45:00Z,66.902775,Down,"[""0"", ""1""]",0.23,155,15,-0.4995,0.001,resolved,0x122156cd669ea14423f60bb15bdd614142f93d80905de9dfe77f6299ef80554d,https://data.chain.link/streams/hype-usd,,
sol-updown-15m-1784090700,SOL,"Solana Up or Down - July 15, 12:45AM-1:00AM ET",2026-07-15T05:00:00Z,2026-07-15T04:45:00Z,77.8535955,Up,"[""1"", ""0""]",0.999,4147.8536939999985,1856.46942,0.5045,0.001,resolved,0xa5d5386687a24d6c70a4f38922c4a7cb35f1ce39c81232c2dc22376161e1b4e5,https://data.chain.link/streams/sol-usd,,
xrp-updown-15m-1784090700,XRP,"XRP Up or Down - July 15, 12:45AM-1:00AM ET",2026-07-15T05:00:00Z,2026-07-15T04:45:00Z,1.1026070416260665,Down,"[""0"", ""1""]",0.01,4138.0441470000005,801.100413,-0.5,0.01,resolved,0x9db132b4f1ef7e327be3ae4fa1b852a6c982952aa83c866a0ce20191bce9c164,https://data.chain.link/streams/xrp-usd,,
bnb-updown-15m-1784091600,BNB,"BNB Up or Down - July 15, 1:00AM-1:15AM ET",2026-07-15T05:15:00Z,2026-07-15T05:00:00Z,579.194,Down,"[""0"", ""1""]",0.01,437.561535,,-0.4945,0.019,resolved,0x45568f55b87eb6570d6dd891c3767b6f9efb6678aa0515ad913c55cd5e399c6b,https://data.chain.link/streams/bnb-usd,,
btc-updown-15m-1784091600,BTC,"Bitcoin Up or Down - July 15, 1:00AM-1:15AM ET",2026-07-15T05:15:00Z,2026-07-15T05:00:00Z,64696.281742328494,Down,"[""0"", ""1""]",0.005,22902.68323300002,765.80392,-0.5035,0.001,resolved,0xc38773bd310295c18860b88f69ab697918d80562f653581b56c1665ddc8e9206,https://data.chain.link/streams/btc-usd,,
doge-updown-15m-1784091600,DOGE,"Dogecoin Up or Down - July 15, 1:00AM-1:15AM ET",2026-07-15T05:15:00Z,2026-07-15T05:00:00Z,0.074036,Down,"[""0"", ""1""]",0.02,290.348471,19.607834,-0.4995,0.001,resolved,0xae969fdb75d42f57d33747f16b5c5c14bd97356a4b78455689d4a5f0ba4cebc2,https://data.chain.link/streams/doge-usd,,
eth-updown-15m-1784091600,ETH,"Ethereum Up or Down - July 15, 1:00AM-1:15AM ET",2026-07-15T05:15:00Z,2026-07-15T05:00:00Z,1874.875729715995,Down,"[""0"", ""1""]",0.001,4934.0570560000015,10,-0.5025,0.003,resolved,0xc7a3a58d84f26641bf2a9dad82ca3e591aedd7d75160a39de71e5a964f93cdcc,https://data.chain.link/streams/eth-usd,,
hype-updown-15m-1784091600,HYPE,"Hyperliquid Up or Down - July 15, 1:00AM-1:15AM ET",2026-07-15T05:15:00Z,2026-07-15T05:00:00Z,66.77009585683551,Down,"[""0"", ""1""]",0.01,312.36407999999994,,-0.4945,0.009,resolved,0x1ac108a29dc55ad52f0cde3505c4b69781fd588a794f8b24efa758e9fbbdfb58,https://data.chain.link/streams/hype-usd,,
sol-updown-15m-1784091600,SOL,"Solana Up or Down - July 15, 1:00AM-1:15AM ET",2026-07-15T05:15:00Z,2026-07-15T05:00:00Z,77.94733251148521,Down,"[""0"", ""1""]",0.05,3240.289452999999,21.647056,-0.493,0.002,resolved,0xbb1ef7f232d34caf2a5bd9b45ebd7b2dfcc81dcd3fad6891f66842b79f27dfb5,https://data.chain.link/streams/sol-usd,,
xrp-updown-15m-1784091600,XRP,"XRP Up or Down - July 15, 1:00AM-1:15AM ET",2026-07-15T05:15:00Z,2026-07-15T05:00:00Z,1.102496597203011,Down,"[""0"", ""1""]",0.07,1023.6586780000001,5,-0.503,0.002,resolved,0xec825ffbfd2ca4b6f45ebd2d552d6a5d8b2d62330fec6d32fd3bae726a93ea6c,https://data.chain.link/streams/xrp-usd,,
bnb-updown-15m-1784092500,BNB,"BNB Up or Down - July 15, 1:15AM-1:30AM ET",2026-07-15T05:30:00Z,2026-07-15T05:15:00Z,578.6421,Down,"[""0"", ""1""]",0.17,433.86278400000003,,-0.5,0.01,resolved,0x6ac060870e34458a762c80b6ec6c90cdebc9d7572a0ce792b89d1d19e63d1a3e,https://data.chain.link/streams/bnb-usd,,
btc-updown-15m-1784092500,BTC,"Bitcoin Up or Down - July 15, 1:15AM-1:30AM ET",2026-07-15T05:30:00Z,2026-07-15T05:15:00Z,64571.349975000005,Up,"[""1"", ""0""]",0.999,20197.519111000016,,0.4945,0.001,resolved,0x65cebc13e4a866d6b3b427566724f5748a12b3ff3352e9ce2447c53998bcb61d,https://data.chain.link/streams/btc-usd,,
doge-updown-15m-1784092500,DOGE,"Dogecoin Up or Down - July 15, 1:15AM-1:30AM ET",2026-07-15T05:30:00Z,2026-07-15T05:15:00Z,0.073842,Up,"[""1"", ""0""]",0.999,244.46161899999998,,0.4995,0.001,resolved,0xe23823d51a9f96df89e81a08226b50b2a0a659d8add19e9e0174a9f554e958d3,https://data.chain.link/streams/doge-usd,,
eth-updown-15m-1784092500,ETH,"Ethereum Up or Down - July 15, 1:15AM-1:30AM ET",2026-07-15T05:30:00Z,2026-07-15T05:15:00Z,1871.07085,Down,"[""0"", ""1""]",0.01,14446.797850999994,,-0.5,0.01,resolved,0x6a835098d774c30d1d7a32c0c86ced83a4005c537f04bdc39d90da7de90570d9,https://data.chain.link/streams/eth-usd,,
hype-updown-15m-1784092500,HYPE,"Hyperliquid Up or Down - July 15, 1:15AM-1:30AM ET",2026-07-15T05:30:00Z,2026-07-15T05:15:00Z,66.6657,Down,"[""0"", ""1""]",0.67,180.938137,,-0.495,0.01,resolved,0x647100c9e2acde654184fcd9dd4b186311ed5e172cc31c7d1c3b34c909a7fab2,https://data.chain.link/streams/hype-usd,,
sol-updown-15m-1784092500,SOL,"Solana Up or Down - July 15, 1:15AM-1:30AM ET",2026-07-15T05:30:00Z,2026-07-15T05:15:00Z,77.71886106333861,Down,"[""0"", ""1""]",0.04,3612.5156669999997,10,-0.4945,0.001,resolved,0x554d4cf308bf46bc2a7e89e8456b3a8a4c8593408041c2c4db741d43fd0163f9,https://data.chain.link/streams/sol-usd,,
xrp-updown-15m-1784092500,XRP,"XRP Up or Down - July 15, 1:15AM-1:30AM ET",2026-07-15T05:30:00Z,2026-07-15T05:15:00Z,1.0991762535788034,Up,"[""1"", ""0""]",0.99,2257.811140999999,,0.49,0.01,resolved,0x5268bd101332c9754212baf7b8b005414a70368cafd966c0d4634033740c65cd,https://data.chain.link/streams/xrp-usd,,
bnb-updown-15m-1784093400,BNB,"BNB Up or Down - July 15, 1:30AM-1:45AM ET",2026-07-15T05:45:00Z,2026-07-15T05:30:00Z,578.5283089640026,Up,"[""1"", ""0""]",0.99,331.8859510000001,,0.435,0.04,resolved,0xf5d7586b1161118131618caa59ac86f1d795a57ca6c722af7c1440e20cbd74e0,https://data.chain.link/streams/bnb-usd,,
btc-updown-15m-1784093400,BTC,"Bitcoin Up or Down - July 15, 1:30AM-1:45AM ET",2026-07-15T05:45:00Z,2026-07-15T05:30:00Z,64598.85298166913,Up,"[""1"", ""0""]",0.999,20923.662577,33,0.4905,0.005,resolved,0x8fa634e782f0d5ff6478a7bb10bf7dfa1119b15ef455a029caf55d17e70b2822,https://data.chain.link/streams/btc-usd,,
doge-updown-15m-1784093400,DOGE,"Dogecoin Up or Down - July 15, 1:30AM-1:45AM ET",2026-07-15T05:45:00Z,2026-07-15T05:30:00Z,0.07388178341986433,Up,"[""1"", ""0""]",0.999,223.041494,,0.495,0.008,resolved,0x73a1aefb185f37f08c505bd45768fa5771a2ea5b68000ccf84a2616142d996f9,https://data.chain.link/streams/doge-usd,,
eth-updown-15m-1784093400,ETH,"Ethereum Up or Down - July 15, 1:30AM-1:45AM ET",2026-07-15T05:45:00Z,2026-07-15T05:30:00Z,1871.0416318524028,Up,"[""1"", ""0""]",0.999,7878.906124000004,,0.49,0.008,resolved,0x12b51fe9922070ca314ba8d6e97653d37cbf9f0cc287d3197c4a1846f1e2aa24,https://data.chain.link/streams/eth-usd,,
hype-updown-15m-1784093400,HYPE,"Hyperliquid Up or Down - July 15, 1:30AM-1:45AM ET",2026-07-15T05:45:00Z,2026-07-15T05:30:00Z,66.64815378065217,Up,"[""1"", ""0""]",0.999,184.993,,0.4745,0.049,resolved,0x7de1722f46338015e8a8570e84f85fd5d73b1e3b90319b3872e004564558343e,https://data.chain.link/streams/hype-usd,,
sol-updown-15m-1784093400,SOL,"Solana Up or Down - July 15, 1:30AM-1:45AM ET",2026-07-15T05:45:00Z,2026-07-15T05:30:00Z,77.60605473245296,Up,"[""1"", ""0""]",0.999,2438.2276659999993,10,0.5045,0.001,resolved,0x151c60db1564d34ae3080fb59fc2f52d89b1174ea7462b625473dd43e6c4dd83,https://data.chain.link/streams/sol-usd,,
xrp-updown-15m-1784093400,XRP,"XRP Up or Down - July 15, 1:30AM-1:45AM ET",2026-07-15T05:45:00Z,2026-07-15T05:30:00Z,1.099541965539809,Up,"[""1"", ""0""]",0.999,2047.9757270000002,,0.491,0.006,resolved,0x861d3d92a0e99c2e9f2d95b7f584b4a7b1aa7e625b8aa4acd1a01bc9e11a0f24,https://data.chain.link/streams/xrp-usd,,
bnb-updown-15m-1784094300,BNB,"BNB Up or Down - July 15, 1:45AM-2:00AM ET",2026-07-15T06:00:00Z,2026-07-15T05:45:00Z,578.7701,Up,"[""1"", ""0""]",0.999,280.858255,177.205125,0.4945,0.001,resolved,0xdaf7af94872e370ffb085518373bd921cb4c5ad587da41aa7c99734f23767689,https://data.chain.link/streams/bnb-usd,,
btc-updown-15m-1784094300,BTC,"Bitcoin Up or Down - July 15, 1:45AM-2:00AM ET",2026-07-15T06:00:00Z,2026-07-15T05:45:00Z,64654.843443583784,Up,"[""1"", ""0""]",0.999,18367.022903999994,8106.964049,0.4945,0.001,resolved,0xfaa841839b84b16c689225df869cfd447d6ae991f9b76714548606ebb29a57c4,https://data.chain.link/streams/btc-usd,,
doge-updown-15m-1784094300,DOGE,"Dogecoin Up or Down - July 15, 1:45AM-2:00AM ET",2026-07-15T06:00:00Z,2026-07-15T05:45:00Z,0.073986,Up,"[""1"", ""0""]",0.999,564.842668,59.230768,0.4995,0.001,resolved,0x6957ddaa6c6ed88c8a50fda0df121e16def352d726be37cdd08b8979faa66cca,https://data.chain.link/streams/doge-usd,,
eth-updown-15m-1784094300,ETH,"Ethereum Up or Down - July 15, 1:45AM-2:00AM ET",2026-07-15T06:00:00Z,2026-07-15T05:45:00Z,1872.808711139801,Up,"[""1"", ""0""]",0.999,7328.626361000001,2352.567903,0.4945,0.001,resolved,0x9e7b9edbd1e175c4b9889ebd81d4417110e8bbb2b26472fd4158a2c30f8a1c4d,https://data.chain.link/streams/eth-usd,,
hype-updown-15m-1784094300,HYPE,"Hyperliquid Up or Down - July 15, 1:45AM-2:00AM ET",2026-07-15T06:00:00Z,2026-07-15T05:45:00Z,66.784666,Up,"[""1"", ""0""]",0.999,199.614822,46.058822,0.4995,0.001,resolved,0x705b862110bedad97fcd05e594746136d1196aadec8dc0160a7f8cf3f52905fd,https://data.chain.link/streams/hype-usd,,
sol-updown-15m-1784094300,SOL,"Solana Up or Down - July 15, 1:45AM-2:00AM ET",2026-07-15T06:00:00Z,2026-07-15T05:45:00Z,77.82205999435917,Up,"[""1"", ""0""]",0.999,2701.089783,1219.093518,0.5045,0.001,resolved,0xd1147a341b974866eda508950ed517e9d27d4afef598054b31a86212e4a1fd44,https://data.chain.link/streams/sol-usd,,
xrp-updown-15m-1784094300,XRP,"XRP Up or Down - July 15, 1:45AM-2:00AM ET",2026-07-15T06:00:00Z,2026-07-15T05:45:00Z,1.1017095874621408,Up,"[""1"", ""0""]",0.999,2919.2944969999994,794.741642,0.4945,0.001,resolved,0xaf9add1a4900f92b71c804d566bd17dded63848230864c35ea303e7a23a0ccea,https://data.chain.link/streams/xrp-usd,,
bnb-updown-15m-1784095200,BNB,"BNB Up or Down - July 15, 2:00AM-2:15AM ET",2026-07-15T06:15:00Z,2026-07-15T06:00:00Z,580.1312881831715,Up,"[""1"", ""0""]",0.99,256.915282,,0.465,0.04,resolved,0x038e413f6cbb2d918a73b7462607410d2514ec1f1ecebbc6793fb60ac2f1e086,https://data.chain.link/streams/bnb-usd,,
btc-updown-15m-1784095200,BTC,"Bitcoin Up or Down - July 15, 2:00AM-2:15AM ET",2026-07-15T06:15:00Z,2026-07-15T06:00:00Z,64887.8200234799,Up,"[""1"", ""0""]",0.99,37170.92977900001,724.843129,0.5,0.01,resolved,0x9f5f8bf5df7231d30e652b7c683244c67abff32bfd99467460d873a2f472dfd7,https://data.chain.link/streams/btc-usd,,
doge-updown-15m-1784095200,DOGE,"Dogecoin Up or Down - July 15, 2:00AM-2:15AM ET",2026-07-15T06:15:00Z,2026-07-15T06:00:00Z,0.074358862,Up,"[""1"", ""0""]",0.97,1113.5022800000002,,0.49,0.02,resolved,0x46180484ec4a43986703dc512cd61e67c805a64522daeb590f93eba6251c42ca,https://data.chain.link/streams/doge-usd,,
eth-updown-15m-1784095200,ETH,"Ethereum Up or Down - July 15, 2:00AM-2:15AM ET",2026-07-15T06:15:00Z,2026-07-15T06:00:00Z,1880.9726275635335,Up,"[""1"", ""0""]",0.999,16549.967636000005,19.705876,0.5045,0.001,resolved,0xe83547797338bec93aaaec0bfbdb5152185fb184c300dea74d27261af74e3abf,https://data.chain.link/streams/eth-usd,,
hype-updown-15m-1784095200,HYPE,"Hyperliquid Up or Down - July 15, 2:00AM-2:15AM ET",2026-07-15T06:15:00Z,2026-07-15T06:00:00Z,67.04934782226093,Up,"[""1"", ""0""]",0.73,144.18096300000002,,0.495,0.01,resolved,0xdc7705f7ea538b58e987155a3baa2bb232f3c7ba63b9ca5c1c57da5517ce9be3,https://data.chain.link/streams/hype-usd,,
sol-updown-15m-1784095200,SOL,"Solana Up or Down - July 15, 2:00AM-2:15AM ET",2026-07-15T06:15:00Z,2026-07-15T06:00:00Z,78.1959185,Up,"[""1"", ""0""]",0.99,6211.102866000002,39.411754,0.495,0.02,resolved,0xe512617ca8de2f198d46c2047d33cc9742c10c12d5def0551c254ede33f60914,https://data.chain.link/streams/sol-usd,,
xrp-updown-15m-1784095200,XRP,"XRP Up or Down - July 15, 2:00AM-2:15AM ET",2026-07-15T06:15:00Z,2026-07-15T06:00:00Z,1.1058030084533044,Up,"[""1"", ""0""]",0.999,5437.381994000001,34.056259,0.5145,0.001,resolved,0x0963e6cc517049b5b8e6782bb7d1cd92c0d332a470fcfd4fa861812ee79c2432,https://data.chain.link/streams/xrp-usd,,
bnb-updown-15m-1784096100,BNB,"BNB Up or Down - July 15, 2:15AM-2:30AM ET",2026-07-15T06:30:00Z,2026-07-15T06:15:00Z,580.8785554002238,Down,"[""0"", ""1""]",0.15,190.799028,,-0.5045,0.001,resolved,0xc6a588a97be16ba33c0205bc524bee06e54beeba4519c22f4f4b710c5f2d1d00,https://data.chain.link/streams/bnb-usd,,
btc-updown-15m-1784096100,BTC,"Bitcoin Up or Down - July 15, 2:15AM-2:30AM ET",2026-07-15T06:30:00Z,2026-07-15T06:15:00Z,64994.35604026812,Down,"[""0"", ""1""]",0.001,22778.99039600003,,-0.5045,0.001,resolved,0x07af4558d977ea4790708cce0580f0fa6f5379adddfc39de9cca922132e9b389,https://data.chain.link/streams/btc-usd,,
doge-updown-15m-1784096100,DOGE,"Dogecoin Up or Down - July 15, 2:15AM-2:30AM ET",2026-07-15T06:30:00Z,2026-07-15T06:15:00Z,0.0745039,Up,"[""1"", ""0""]",0.99,508.18033699999995,,0.495,0.01,resolved,0x4f4978b7adcd01537bc02685eed65d5b51f69f5e343399c3952924d11c5e3ffa,https://data.chain.link/streams/doge-usd,,
eth-updown-15m-1784096100,ETH,"Ethereum Up or Down - July 15, 2:15AM-2:30AM ET",2026-07-15T06:30:00Z,2026-07-15T06:15:00Z,1887.132936141725,Down,"[""0"", ""1""]",0.007,7357.158863000002,,-0.5045,0.001,resolved,0x5287558a2f4361dd511693282be20c3f9565eb348ee365fa21ec807e6c3223d7,https://data.chain.link/streams/eth-usd,,
hype-updown-15m-1784096100,HYPE,"Hyperliquid Up or Down - July 15, 2:15AM-2:30AM ET",2026-07-15T06:30:00Z,2026-07-15T06:15:00Z,67.20229246143634,Down,"[""0"", ""1""]",0.45,164.14551,,-0.4995,0.001,resolved,0xc8ec81c004ae5e79099c95558d2d90d99db98a60885a75e143b0f8a8e40d31f9,https://data.chain.link/streams/hype-usd,,
sol-updown-15m-1784096100,SOL,"Solana Up or Down - July 15, 2:15AM-2:30AM ET",2026-07-15T06:30:00Z,2026-07-15T06:15:00Z,78.368056,Down,"[""0"", ""1""]",0.01,3499.817359000001,10,-0.4945,0.001,resolved,0xc6745e29b5c3469a5bb49658610e5d8b1105a19fd07c38f5084c3e5bbff9a541,https://data.chain.link/streams/sol-usd,,
xrp-updown-15m-1784096100,XRP,"XRP Up or Down - July 15, 2:15AM-2:30AM ET",2026-07-15T06:30:00Z,2026-07-15T06:15:00Z,1.109042832116184,Up,"[""1"", ""0""]",0.99,2667.4809119999995,,0.49,0.01,resolved,0x610904ad1687046ccdb3e45e4c31c8e14f456b1b57f9b355f3fe79a077eed878,https://data.chain.link/streams/xrp-usd,,
bnb-updown-15m-1784097000,BNB,"BNB Up or Down - July 15, 2:30AM-2:45AM ET",2026-07-15T06:45:00Z,2026-07-15T06:30:00Z,580.1950113129769,Up,"[""1"", ""0""]",0.999,226.459688,,0.4945,0.001,resolved,0xa93a40952ce4c5a68c7d9f0444e91d9153cc312a3c2531521f45ecf748c7681a,https://data.chain.link/streams/bnb-usd,,
btc-updown-15m-1784097000,BTC,"Bitcoin Up or Down - July 15, 2:30AM-2:45AM ET",2026-07-15T06:45:00Z,2026-07-15T06:30:00Z,64930.977993555265,Up,"[""1"", ""0""]",0.99,44246.618282999974,,0.49,0.01,resolved,0x451e3130c0eb70953d6f1ea34295e5b9ad8e5ad2a5bf7014fbe721426dee9d18,https://data.chain.link/streams/btc-usd,,
doge-updown-15m-1784097000,DOGE,"Dogecoin Up or Down - July 15, 2:30AM-2:45AM ET",2026-07-15T06:45:00Z,2026-07-15T06:30:00Z,0.0745732,Up,"[""1"", ""0""]",0.99,505.48875599999985,,0.495,0.01,resolved,0x4c80b56f6f6ee552dd571ef41a9c6fa061de1f9e8ad09b62c5c475b82f98dc74,https://data.chain.link/streams/doge-usd,,
eth-updown-15m-1784097000,ETH,"Ethereum Up or Down - July 15, 2:30AM-2:45AM ET",2026-07-15T06:45:00Z,2026-07-15T06:30:00Z,1884.4743,Down,"[""0"", ""1""]",0.01,10093.359133999997,3.901959,-0.5045,0.001,resolved,0xb22cf276ef306e1de2918bd3454ddb0e886b38c7366d8d176c6cd50da085af61,https://data.chain.link/streams/eth-usd,,
hype-updown-15m-1784097000,HYPE,"Hyperliquid Up or Down - July 15, 2:30AM-2:45AM ET",2026-07-15T06:45:00Z,2026-07-15T06:30:00Z,67.0478,Up,"[""1"", ""0""]",0.99,288.14754500000004,,0.495,0.01,resolved,0xb15017da9b1c6ba09f58aa8189e436bac8ea2170bdfa989a42f15c39554e1664,https://data.chain.link/streams/hype-usd,,
sol-updown-15m-1784097000,SOL,"Solana Up or Down - July 15, 2:30AM-2:45AM ET",2026-07-15T06:45:00Z,2026-07-15T06:30:00Z,78.25946300000001,Up,"[""1"", ""0""]",0.99,4763.328763000002,10,0.5,0.01,resolved,0x26cbfb4d8d3d33cf2ad908c06fb08b3bb77a2a866f50bf50bdd0e71634f1d07e,https://data.chain.link/streams/sol-usd,,
xrp-updown-15m-1784097000,XRP,"XRP Up or Down - July 15, 2:30AM-2:45AM ET",2026-07-15T06:45:00Z,2026-07-15T06:30:00Z,1.109319843130206,Up,"[""1"", ""0""]",0.99,2506.214206999998,,0.49,0.01,resolved,0x16f63420ec7b564f63ef40ba82c41c57ac5be96adeb62d36f620b62acac8311c,https://data.chain.link/streams/xrp-usd,,
bnb-updown-15m-1784097900,BNB,"BNB Up or Down - July 15, 2:45AM-3:00AM ET",2026-07-15T07:00:00Z,2026-07-15T06:45:00Z,580.6860706694725,Down,"[""0"", ""1""]",0.1,297.7062930000001,248.739491,-0.5045,0.001,resolved,0x5136aef651cf6d587d58049c49b85c0bba86f38a5668360e0370a8f6a0c107dd,https://data.chain.link/streams/bnb-usd,,
btc-updown-15m-1784097900,BTC,"Bitcoin Up or Down - July 15, 2:45AM-3:00AM ET",2026-07-15T07:00:00Z,2026-07-15T06:45:00Z,64996.649564872954,Down,"[""0"", ""1""]",0.001,22805.70149400002,8415.45939,-0.5045,0.001,resolved,0xbcb91fd7ea330ccfc4751d1686b787e03e5e943b92bf151a23643662bf49d06c,https://data.chain.link/streams/btc-usd,,
doge-updown-15m-1784097900,DOGE,"Dogecoin Up or Down - July 15, 2:45AM-3:00AM ET",2026-07-15T07:00:00Z,2026-07-15T06:45:00Z,0.0746325,Down,"[""0"", ""1""]",0.32,444.48699799999997,294.491997,-0.4995,0.001,resolved,0x9f6c5f73803abeff3382dac4c0870d055e6779ebee66201be09a201c095bf1d5,https://data.chain.link/streams/doge-usd,,
eth-updown-15m-1784097900,ETH,"Ethereum Up or Down - July 15, 2:45AM-3:00AM ET",2026-07-15T07:00:00Z,2026-07-15T06:45:00Z,1883.9112415354848,Down,"[""0"", ""1""]",0.001,6977.995436,2066.95501,-0.5045,0.001,resolved,0x9e8db226633533438c13aa3bb1cbbe4f9825ffc9ec7d59519c09b78b5d9405fa,https://data.chain.link/streams/eth-usd,,
hype-updown-15m-1784097900,HYPE,"Hyperliquid Up or Down - July 15, 2:45AM-3:00AM ET",2026-07-15T07:00:00Z,2026-07-15T06:45:00Z,67.23599234159066,Up,"[""1"", ""0""]",0.999,280.57810700000005,39.999999,0.4995,0.001,resolved,0x6e87f03068aedb596eae7d903a7186e06cea7a4ce04593c32d85a9ad6de2f155,https://data.chain.link/streams/hype-usd,,
sol-updown-15m-1784097900,SOL,"Solana Up or Down - July 15, 2:45AM-3:00AM ET",2026-07-15T07:00:00Z,2026-07-15T06:45:00Z,78.2618257619149,Down,"[""0"", ""1""]",0.04,2539.785309000001,1286.699698,-0.5045,0.001,resolved,0x9b98ea87322716253a6284047fea1fa374b14d0faee8eb772f02279f9238e104,https://data.chain.link/streams/sol-usd,,
xrp-updown-15m-1784097900,XRP,"XRP Up or Down - July 15, 2:45AM-3:00AM ET",2026-07-15T07:00:00Z,2026-07-15T06:45:00Z,1.1096708322056252,Down,"[""0"", ""1""]",0.01,2494.769302999999,790.395291,-0.5045,0.001,resolved,0xa76f5bac3e4e23e5d10bfc68c015949ae5c4e688a1e5729da7ecdc005f4581a4,https://data.chain.link/streams/xrp-usd,,
bnb-updown-15m-1784098800,BNB,"BNB Up or Down - July 15, 3:00AM-3:15AM ET",2026-07-15T07:15:00Z,2026-07-15T07:00:00Z,579.4049116429692,Up,"[""1"", ""0""]",0.99,2347.591948,,0.055,0.3,resolved,0xc1b0c751f2f6f0eb1b2fb7abd3949fa86b0effad93f3dbcb78e47afd1d853cff,https://data.chain.link/streams/bnb-usd,,
btc-updown-15m-1784098800,BTC,"Bitcoin Up or Down - July 15, 3:00AM-3:15AM ET",2026-07-15T07:15:00Z,2026-07-15T07:00:00Z,64770.81086704597,Up,"[""1"", ""0""]",0.99,47163.207095000056,713.823527,0.39,0.01,resolved,0xe27db35bf8d0dcfbeaafecfd52c0977aa7afcab4391f6ef8af6110cb11f5e5da,https://data.chain.link/streams/btc-usd,,
doge-updown-15m-1784098800,DOGE,"Dogecoin Up or Down - July 15, 3:00AM-3:15AM ET",2026-07-15T07:15:00Z,2026-07-15T07:00:00Z,0.0743745,Down,"[""0"", ""1""]",0.13,210.753287,,-0.49,0.02,resolved,0x9f721b31ce1616f6cea6a5d2863f81f3e21535d784a8d40d24ac04265fae71a5,https://data.chain.link/streams/doge-usd,,
eth-updown-15m-1784098800,ETH,"Ethereum Up or Down - July 15, 3:00AM-3:15AM ET",2026-07-15T07:15:00Z,2026-07-15T07:00:00Z,1874.6466984405586,Up,"[""1"", ""0""]",0.99,13456.036391,,0.34,0.01,resolved,0xe4382a9101bbdff3738599d24b4c79d0edfd13c9f0d41c67b390a6ef213c8d20,https://data.chain.link/streams/eth-usd,,
hype-updown-15m-1784098800,HYPE,"Hyperliquid Up or Down - July 15, 3:00AM-3:15AM ET",2026-07-15T07:15:00Z,2026-07-15T07:00:00Z,67.30333,Down,"[""0"", ""1""]",0.01,191,,-0.495,0.01,resolved,0x46570103a0b9fc1ae7d8fe19ba9b9b8665e0b1ed36156c353b2d06168c710f71,https://data.chain.link/streams/hype-usd,,
sol-updown-15m-1784098800,SOL,"Solana Up or Down - July 15, 3:00AM-3:15AM ET",2026-07-15T07:15:00Z,2026-07-15T07:00:00Z,77.901485,Up,"[""1"", ""0""]",0.99,3772.5003759999972,10,0.15,0.01,resolved,0xb8f9d4c01e646cdc9f21b876897c7afcd8251be0d14dc395931e9d43ec65e005,https://data.chain.link/streams/sol-usd,,
xrp-updown-15m-1784098800,XRP,"XRP Up or Down - July 15, 3:00AM-3:15AM ET",2026-07-15T07:15:00Z,2026-07-15T07:00:00Z,1.1066593195578698,Up,"[""1"", ""0""]",0.99,1482.7036260000007,,0.41,0.09,resolved,0xab122c984db4c09dfcf0573e4f43f6b8aa0fd4255598c26b60d4735868727c56,https://data.chain.link/streams/xrp-usd,,
bnb-updown-15m-1784099700,BNB,"BNB Up or Down - July 15, 3:15AM-3:30AM ET",2026-07-15T07:30:00Z,2026-07-15T07:15:00Z,579.5418584720072,Down,"[""0"", ""1""]",0.05,366.768318,,-0.5045,0.001,resolved,0x4ea45865d39bcf07ec2e7af8e57aee9e8a39e74181f3fc8358f3ac0c6512b0f5,https://data.chain.link/streams/bnb-usd,,
btc-updown-15m-1784099700,BTC,"Bitcoin Up or Down - July 15, 3:15AM-3:30AM ET",2026-07-15T07:30:00Z,2026-07-15T07:15:00Z,64823.7494349285,Down,"[""0"", ""1""]",0.001,23401.470843000006,20,-0.5045,0.001,resolved,0xfae13d91831e87e1c4e2470d00c174711c006e9019b248104b858fb22f543cd8,https://data.chain.link/streams/btc-usd,,
doge-updown-15m-1784099700,DOGE,"Dogecoin Up or Down - July 15, 3:15AM-3:30AM ET",2026-07-15T07:30:00Z,2026-07-15T07:15:00Z,0.07429501931251839,Down,"[""0"", ""1""]",0.05,302.441332,,-0.4995,0.001,resolved,0x954beeada5792cc8f6fe73c721c56cad52c84400588486bbd3bbb14ce5b1e90e,https://data.chain.link/streams/doge-usd,,
eth-updown-15m-1784099700,ETH,"Ethereum Up or Down - July 15, 3:15AM-3:30AM ET",2026-07-15T07:30:00Z,2026-07-15T07:15:00Z,1875.426685,Down,"[""0"", ""1""]",0.009,8977.022454999997,,-0.5045,0.001,resolved,0xd7fc0d01ab71a8f9a4e0abb6ab5a7351c306b4e686efa99fd7b800bb267b57da,https://data.chain.link/streams/eth-usd,,
hype-updown-15m-1784099700,HYPE,"Hyperliquid Up or Down - July 15, 3:15AM-3:30AM ET",2026-07-15T07:30:00Z,2026-07-15T07:15:00Z,67.123056,Down,"[""0"", ""1""]",0.47,208.58324599999997,,-0.495,0.01,resolved,0xe5a866f377645981e0955e7ff819b4af0b692dbf5a2759d00c08fbb9e2623ff1,https://data.chain.link/streams/hype-usd,,
sol-updown-15m-1784099700,SOL,"Solana Up or Down - July 15, 3:15AM-3:30AM ET",2026-07-15T07:30:00Z,2026-07-15T07:15:00Z,77.90612194282052,Down,"[""0"", ""1""]",0.04,2122.2916820000005,,-0.5045,0.001,resolved,0x478f155cc74a3ea2a697f62c827cff5dff821405cdf04ec45fcaceabf1311f48,https://data.chain.link/streams/sol-usd,,
xrp-updown-15m-1784099700,XRP,"XRP Up or Down - July 15, 3:15AM-3:30AM ET",2026-07-15T07:30:00Z,2026-07-15T07:15:00Z,1.1071035970700807,Down,"[""0"", ""1""]",0.013,1956.8285219999998,,-0.5045,0.001,resolved,0x95f2e967f87e3d1f8abf210561bbc9e601507a96fbc3c5bba22dcdeb0a45b608,https://data.chain.link/streams/xrp-usd,,
bnb-updown-15m-1784100600,BNB,"BNB Up or Down - July 15, 3:30AM-3:45AM ET",2026-07-15T07:45:00Z,2026-07-15T07:30:00Z,577.1637820914964,Down,"[""0"", ""1""]",0.03,384.1445100000001,,-0.445,0.08,resolved,0x4cb0f1abea2dae2ad4f3dc89dcb804cdec8de8280e21a63b921b2d2260283d9c,https://data.chain.link/streams/bnb-usd,,
btc-updown-15m-1784100600,BTC,"Bitcoin Up or Down - July 15, 3:30AM-3:45AM ET",2026-07-15T07:45:00Z,2026-07-15T07:30:00Z,64485.52890901513,Up,"[""1"", ""0""]",0.999,30042.51153500003,10,0.484,0.002,resolved,0x1256a64bae09dd1eec8732e4f66efe10fdeda8f86660f0b68a1879952d188d6d,https://data.chain.link/streams/btc-usd,,
doge-updown-15m-1784100600,DOGE,"Dogecoin Up or Down - July 15, 3:30AM-3:45AM ET",2026-07-15T07:45:00Z,2026-07-15T07:30:00Z,0.0738638,Up,"[""1"", ""0""]",0.999,506.422948,,0.495,0.008,resolved,0x35c30522db00a16b4b76e518c88bb58b55d65d7a52f7b4127e0c4ab93681ecd6,https://data.chain.link/streams/doge-usd,,
eth-updown-15m-1784100600,ETH,"Ethereum Up or Down - July 15, 3:30AM-3:45AM ET",2026-07-15T07:45:00Z,2026-07-15T07:30:00Z,1864.9215302914697,Up,"[""1"", ""0""]",0.999,5588.845317,,0.4915,0.005,resolved,0x07fdcf2e8664f249adb8267fba6f876a2d0964c7d085ca4c98957cd1982e8a0f,https://data.chain.link/streams/eth-usd,,
hype-updown-15m-1784100600,HYPE,"Hyperliquid Up or Down - July 15, 3:30AM-3:45AM ET",2026-07-15T07:45:00Z,2026-07-15T07:30:00Z,66.99607,Down,"[""0"", ""1""]",0.48,23.552999999999997,,-0.445,0.11,resolved,0xf3c951e8f86cb5cf4049487ee968cb8a103ba018db15eb915596380810ddf80c,https://data.chain.link/streams/hype-usd,,
sol-updown-15m-1784100600,SOL,"Solana Up or Down - July 15, 3:30AM-3:45AM ET",2026-07-15T07:45:00Z,2026-07-15T07:30:00Z,77.47995994047888,Up,"[""1"", ""0""]",0.99,2452.1152559999996,10,0.455,0.02,resolved,0x569e3ac1774f586ed4b3f98b890b56636ff2cb11c9be4bbd7e4329ef1bb2f0cc,https://data.chain.link/streams/sol-usd,,
xrp-updown-15m-1784100600,XRP,"XRP Up or Down - July 15, 3:30AM-3:45AM ET",2026-07-15T07:45:00Z,2026-07-15T07:30:00Z,1.1018201639285503,Up,"[""1"", ""0""]",0.999,2054.9628689999995,,0.4895,0.009,resolved,0xaa9ab9b6dc4c88dce11b964c90de8860e6edb59000edce4ce1db79e0d11d2712,https://data.chain.link/streams/xrp-usd,,
bnb-updown-15m-1784101500,BNB,"BNB Up or Down - July 15, 3:45AM-4:00AM ET",2026-07-15T08:00:00Z,2026-07-15T07:45:00Z,576.73915,Down,"[""0"", ""1""]",0.11,242.01418,148.753661,-0.5045,0.001,resolved,0x2bef4a83b60338e04d24d208f326c81be64452d9d3897bd7f9c169295fb7b267,https://data.chain.link/streams/bnb-usd,,
btc-updown-15m-1784101500,BTC,"Bitcoin Up or Down - July 15, 3:45AM-4:00AM ET",2026-07-15T08:00:00Z,2026-07-15T07:45:00Z,64556.95613583111,Down,"[""0"", ""1""]",0.001,23022.799484999992,9869.583247,-0.5045,0.001,resolved,0x826c94bcfb77a668082ed401e0240856f8030ae587d2309e7956d830ee7b4139,https://data.chain.link/streams/btc-usd,,
doge-updown-15m-1784101500,DOGE,"Dogecoin Up or Down - July 15, 3:45AM-4:00AM ET",2026-07-15T08:00:00Z,2026-07-15T07:45:00Z,0.074014369,Down,"[""0"", ""1""]",0.59,219.53728400000003,62.403259,-0.4995,0.001,resolved,0x28fe4727770b29aa47fe9e9f6d2d061ce43c482f63077a337c2645d3e9b661a4,https://data.chain.link/streams/doge-usd,,
eth-updown-15m-1784101500,ETH,"Ethereum Up or Down - July 15, 3:45AM-4:00AM ET",2026-07-15T08:00:00Z,2026-07-15T07:45:00Z,1868.3808825961771,Up,"[""1"", ""0""]",0.99,5128.742572999997,2378.235967,0.49,0.01,resolved,0x1096ec862b6dc80b9936678b4737dc30307b5517b2d40f9c8927d9d7a96239a0,https://data.chain.link/streams/eth-usd,,
hype-updown-15m-1784101500,HYPE,"Hyperliquid Up or Down - July 15, 3:45AM-4:00AM ET",2026-07-15T08:00:00Z,2026-07-15T07:45:00Z,66.87948990212429,Down,"[""0"", ""1""]",0.29,146.11394,15,-0.495,0.01,resolved,0x8df8e27e7097916799c1e723d1c4e1c117a73eeb873c259585080b0bb785f6ea,https://data.chain.link/streams/hype-usd,,
sol-updown-15m-1784101500,SOL,"Solana Up or Down - July 15, 3:45AM-4:00AM ET",2026-07-15T08:00:00Z,2026-07-15T07:45:00Z,77.52532012668712,Down,"[""0"", ""1""]",0.01,1356.3037279999994,931.783487,-0.4945,0.001,resolved,0x0e4351e0d7fee40e7468c7dcc9ae4d475e14cdf368ca220885230b3b5caa52a5,https://data.chain.link/streams/sol-usd,,
xrp-updown-15m-1784101500,XRP,"XRP Up or Down - July 15, 3:45AM-4:00AM ET",2026-07-15T08:00:00Z,2026-07-15T07:45:00Z,1.1031653356827518,Down,"[""0"", ""1""]",0.18,2365.569684,780.202328,-0.5,0.01,resolved,0xc301f6ca658943092812856f898908378afd45c60d5b59e26f404d0b323914e0,https://data.chain.link/streams/xrp-usd,,
bnb-updown-15m-1784102400,BNB,"BNB Up or Down - July 15, 4:00AM-4:15AM ET",2026-07-15T08:15:00Z,2026-07-15T08:00:00Z,576.074277714122,Down,"[""0"", ""1""]",0.71,646.190777,,0.35,0.15,resolved,0x78781594db33fa123abc96f8d9402077364f36f9b6d1c69adc4a950288db8e60,https://data.chain.link/streams/bnb-usd,,
btc-updown-15m-1784102400,BTC,"Bitcoin Up or Down - July 15, 4:00AM-4:15AM ET",2026-07-15T08:15:00Z,2026-07-15T08:00:00Z,64501.990999999995,Up,"[""1"", ""0""]",0.99,30769.575288999986,614.313724,0.47,0.01,resolved,0xcd6078a8dc1db087457e3267e6774877e146a0c1eb16853740e73023d2329a30,https://data.chain.link/streams/btc-usd,,
doge-updown-15m-1784102400,DOGE,"Dogecoin Up or Down - July 15, 4:00AM-4:15AM ET",2026-07-15T08:15:00Z,2026-07-15T08:00:00Z,0.07394680856847169,Up,"[""1"", ""0""]",0.99,203.597008,,0.47,0.04,resolved,0xbc05f606e13d7c3db49c46423edf66a75c7b52ae788caf794353836aa668f89c,https://data.chain.link/streams/doge-usd,,
eth-updown-15m-1784102400,ETH,"Ethereum Up or Down - July 15, 4:00AM-4:15AM ET",2026-07-15T08:15:00Z,2026-07-15T08:00:00Z,1868.6322150929007,Up,"[""1"", ""0""]",0.999,6754.318697000002,39.21568,0.4945,0.001,resolved,0x014cea580e5679844595cf8a8cd1d0bbb86b10a464e1e74ab0f3a58b805dc466,https://data.chain.link/streams/eth-usd,,
hype-updown-15m-1784102400,HYPE,"Hyperliquid Up or Down - July 15, 4:00AM-4:15AM ET",2026-07-15T08:15:00Z,2026-07-15T08:00:00Z,66.804544,Up,"[""1"", ""0""]",0.99,99.76363699999999,,0.495,0.01,resolved,0x1782c5ea83c4ba07cae5b48aba8a8ebd42fdba503334840d156f7617ab509a2b,https://data.chain.link/streams/hype-usd,,
sol-updown-15m-1784102400,SOL,"Solana Up or Down - July 15, 4:00AM-4:15AM ET",2026-07-15T08:15:00Z,2026-07-15T08:00:00Z,77.35746177909071,Up,"[""1"", ""0""]",0.99,4660.6732360000005,24.156861,0.365,0.01,resolved,0x07dfe25be07fee54ab07a4aeca4c6a5c181143b163697fd77d8a78b1cbe18d4c,https://data.chain.link/streams/sol-usd,,
xrp-updown-15m-1784102400,XRP,"XRP Up or Down - July 15, 4:00AM-4:15AM ET",2026-07-15T08:15:00Z,2026-07-15T08:00:00Z,1.1030991929713678,Up,"[""1"", ""0""]",0.99,3425.627832999999,,0.49,0.01,resolved,0xe874b9689b5b4dd4a3c9f40d3031e90667adec4e3a607d07441d49ffc4276d93,https://data.chain.link/streams/xrp-usd,,
bnb-updown-15m-1784103300,BNB,"BNB Up or Down - July 15, 4:15AM-4:30AM ET",2026-07-15T08:30:00Z,2026-07-15T08:15:00Z,575.8808175263265,Down,"[""0"", ""1""]",0.54,299.99886,,-0.5,0.01,resolved,0x771e9a4645f952b8768dce74193bcc7995b8bc38570e47fed5b393750c83fe76,https://data.chain.link/streams/bnb-usd,,
btc-updown-15m-1784103300,BTC,"Bitcoin Up or Down - July 15, 4:15AM-4:30AM ET",2026-07-15T08:30:00Z,2026-07-15T08:15:00Z,64535.879116530996,Up,"[""1"", ""0""]",0.99,31241.020034999987,,0.49,0.01,resolved,0x6023fb191b211e403d884a52b67f73112f4517259023540341493a7204c1db72,https://data.chain.link/streams/btc-usd,,
doge-updown-15m-1784103300,DOGE,"Dogecoin Up or Down - July 15, 4:15AM-4:30AM ET",2026-07-15T08:30:00Z,2026-07-15T08:15:00Z,0.074048052,Up,"[""1"", ""0""]",0.99,126.361737,,0.495,0.01,resolved,0x3c11e0d01c0cd0285c1227bc96c1aed6a44618ec540d4fec5e3eaf88034b6755,https://data.chain.link/streams/doge-usd,,
eth-updown-15m-1784103300,ETH,"Ethereum Up or Down - July 15, 4:15AM-4:30AM ET",2026-07-15T08:30:00Z,2026-07-15T08:15:00Z,1872.4527743000097,Up,"[""1"", ""0""]",0.99,7673.0224329999955,,0.49,0.01,resolved,0x9c334d35f4ec8d0d0939892e46fbac0ddeccd3565ff138ed59df1b9a8cd2cb8d,https://data.chain.link/streams/eth-usd,,
hype-updown-15m-1784103300,HYPE,"Hyperliquid Up or Down - July 15, 4:15AM-4:30AM ET",2026-07-15T08:30:00Z,2026-07-15T08:15:00Z,66.96307997733078,Down,"[""0"", ""1""]",0.51,17.323832,,-0.495,0.01,resolved,0xa1bb6f6f61fb7edbe8b4713c52efab614616cac59254b01a8b5ef7249c1d2e6f,https://data.chain.link/streams/hype-usd,,
sol-updown-15m-1784103300,SOL,"Solana Up or Down - July 15, 4:15AM-4:30AM ET",2026-07-15T08:30:00Z,2026-07-15T08:15:00Z,77.38310796484373,Down,"[""0"", ""1""]",0.01,4287.717208,15,-0.495,0.01,resolved,0x1a3863d20aaf201dbd9291e4fe0e30c345f8cf42521e2ea5cba33c5aa6ee3204,https://data.chain.link/streams/sol-usd,,
xrp-updown-15m-1784103300,XRP,"XRP Up or Down - July 15, 4:15AM-4:30AM ET",2026-07-15T08:30:00Z,2026-07-15T08:15:00Z,1.1045990037699933,Up,"[""1"", ""0""]",0.99,2049.1507659999997,,0.49,0.01,resolved,0xee2c87953dd557ffe6972e5dd52c7cd86814c91a0876fb3e92610fbc56d2095b,https://data.chain.link/streams/xrp-usd,,
bnb-updown-15m-1784104200,BNB,"BNB Up or Down - July 15, 4:30AM-4:45AM ET",2026-07-15T08:45:00Z,2026-07-15T08:30:00Z,575.8092137223604,Up,"[""1"", ""0""]",0.999,266.694697,,0.4945,0.001,resolved,0x4c4df510cf83dd721b068b7e84480db9e9f6919026ea0bc8d6eec86602ad91cf,https://data.chain.link/streams/bnb-usd,,
btc-updown-15m-1784104200,BTC,"Bitcoin Up or Down - July 15, 4:30AM-4:45AM ET",2026-07-15T08:45:00Z,2026-07-15T08:30:00Z,64592.82217210813,Up,"[""1"", ""0""]",0.999,39704.37088399999,,0.4945,0.001,resolved,0xeb1edf0b60dd6fb79e302617bc8e9dd8a22f8aa12d0d4d11924d57a6b0a4662c,https://data.chain.link/streams/btc-usd,,
doge-updown-15m-1784104200,DOGE,"Dogecoin Up or Down - July 15, 4:30AM-4:45AM ET",2026-07-15T08:45:00Z,2026-07-15T08:30:00Z,0.0741336,Up,"[""1"", ""0""]",0.99,141.82331399999998,,0.47,0.04,resolved,0xe465008feb1331ca57477922ac8c1c92c18d016b33b71d9ba898ed6f52c2da97,https://data.chain.link/streams/doge-usd,,
eth-updown-15m-1784104200,ETH,"Ethereum Up or Down - July 15, 4:30AM-4:45AM ET",2026-07-15T08:45:00Z,2026-07-15T08:30:00Z,1873.0927614246727,Up,"[""1"", ""0""]",0.99,15349.43,,0.49,0.01,resolved,0x50990fe70d7bb8f6de5b17266b9a324aff25958d77ef078bea655604934f82b2,https://data.chain.link/streams/eth-usd,,
hype-updown-15m-1784104200,HYPE,"Hyperliquid Up or Down - July 15, 4:30AM-4:45AM ET",2026-07-15T08:45:00Z,2026-07-15T08:30:00Z,66.86265848931762,Up,"[""1"", ""0""]",0.999,197.18387199999998,,0.4945,0.009,resolved,0x0e6f0c8bf2b11a4528ea44b16e834eaabb9e82442a82a2137849ba4700cce165,https://data.chain.link/streams/hype-usd,,
sol-updown-15m-1784104200,SOL,"Solana Up or Down - July 15, 4:30AM-4:45AM ET",2026-07-15T08:45:00Z,2026-07-15T08:30:00Z,77.34221944803369,Up,"[""1"", ""0""]",0.99,3221.757303000001,15,0.495,0.01,resolved,0xc59439c84c373e051109cc4ee5a13be9312575e504e2114a09b388da47e892d1,https://data.chain.link/streams/sol-usd,,
xrp-updown-15m-1784104200,XRP,"XRP Up or Down - July 15, 4:30AM-4:45AM ET",2026-07-15T08:45:00Z,2026-07-15T08:30:00Z,1.1059265,Up,"[""1"", ""0""]",0.99,2538.1962359999998,,0.4945,0.001,resolved,0x17d5695f56499dde4b0a632ecfc16b790cf2393f0e20aa55b0b07fb6ae8dac26,https://data.chain.link/streams/xrp-usd,,
bnb-updown-15m-1784105100,BNB,"BNB Up or Down - July 15, 4:45AM-5:00AM ET",2026-07-15T09:00:00Z,2026-07-15T08:45:00Z,577.0310235808264,Down,"[""0"", ""1""]",0.11,605.8205319999998,293.062754,-0.5,0.01,resolved,0xe8d75c7626564fd3a1ba916d733831bcffe759d843532d2d9344ca0902371980,https://data.chain.link/streams/bnb-usd,,
btc-updown-15m-1784105100,BTC,"Bitcoin Up or Down - July 15, 4:45AM-5:00AM ET",2026-07-15T09:00:00Z,2026-07-15T08:45:00Z,64688.70258987978,Up,"[""1"", ""0""]",0.99,52322.41979800004,7640.792821,0.49,0.01,resolved,0x9d16102ec2379efda06632fad2da088c2ea348fdaf2c9b923b8acd9f4ad2c216,https://data.chain.link/streams/btc-usd,,
doge-updown-15m-1784105100,DOGE,"Dogecoin Up or Down - July 15, 4:45AM-5:00AM ET",2026-07-15T09:00:00Z,2026-07-15T08:45:00Z,0.07419684669095182,Down,"[""0"", ""1""]",0.11,262.168208,117.119757,-0.495,0.01,resolved,0xac1a30e5dcc5fd17e045f53709732a9b3909df0b86190ab831ea500a8caaa34a,https://data.chain.link/streams/doge-usd,,
eth-updown-15m-1784105100,ETH,"Ethereum Up or Down - July 15, 4:45AM-5:00AM ET",2026-07-15T09:00:00Z,2026-07-15T08:45:00Z,1876.3406526629308,Up,"[""1"", ""0""]",0.99,7814.916984000009,3971.726568,0.49,0.01,resolved,0x2473c5890c20322c44f94b40815dfe75d8f56c48f14b0bd468a185abb68571d0,https://data.chain.link/streams/eth-usd,,
hype-updown-15m-1784105100,HYPE,"Hyperliquid Up or Down - July 15, 4:45AM-5:00AM ET",2026-07-15T09:00:00Z,2026-07-15T08:45:00Z,67.25371,Down,"[""0"", ""1""]",0.18,70.138967,30.592101,-0.495,0.01,resolved,0x0512271e5039cb0fe677573537965133d0f20a103ce24e131f5eb8f94844e212,https://data.chain.link/streams/hype-usd,,
sol-updown-15m-1784105100,SOL,"Solana Up or Down - July 15, 4:45AM-5:00AM ET",2026-07-15T09:00:00Z,2026-07-15T08:45:00Z,77.46775196596073,Up,"[""1"", ""0""]",0.99,3264.807957999999,1072.384709,0.49,0.01,resolved,0xa297e0199130d56c92f189188af4158e8a3bf53109510f52ed6e36c5beae3c0a,https://data.chain.link/streams/sol-usd,,
xrp-updown-15m-1784105100,XRP,"XRP Up or Down - July 15, 4:45AM-5:00AM ET",2026-07-15T09:00:00Z,2026-07-15T08:45:00Z,1.1069957858962132,Up,"[""1"", ""0""]",0.99,3124.189604999999,1102.517329,0.49,0.01,resolved,0x44359f1ccb063522f1408826131a140bc670752ac5396a3a981181795a8cc989,https://data.chain.link/streams/xrp-usd,,
bnb-updown-15m-1784106000,BNB,"BNB Up or Down - July 15, 5:00AM-5:15AM ET",2026-07-15T09:15:00Z,2026-07-15T09:00:00Z,576.6573294053566,Up,"[""1"", ""0""]",0.99,244.925976,,0.465,0.04,resolved,0x231c035156d79fb0f626a396b5b4f7bc78ab96fea726f49152d9b573f3a52d06,https://data.chain.link/streams/bnb-usd,,
btc-updown-15m-1784106000,BTC,"Bitcoin Up or Down - July 15, 5:00AM-5:15AM ET",2026-07-15T09:15:00Z,2026-07-15T09:00:00Z,64718.575560000005,Up,"[""1"", ""0""]",0.999,30247.285974999995,799.96077,0.5005,0.007,resolved,0x9115bbc714dae49ee4dda5e7681f7a3d0542aaec7b72f0c73323fcfa3f5dd38f,https://data.chain.link/streams/btc-usd,,
doge-updown-15m-1784106000,DOGE,"Dogecoin Up or Down - July 15, 5:00AM-5:15AM ET",2026-07-15T09:15:00Z,2026-07-15T09:00:00Z,0.07414750400549933,Up,"[""1"", ""0""]",0.999,851.4554999999998,,0.495,0.008,resolved,0x25bdf69c1f13390b9136cfbbccb4e23659f2a303c30f835e54aaa346228e03a9,https://data.chain.link/streams/doge-usd,,
eth-updown-15m-1784106000,ETH,"Ethereum Up or Down - July 15, 5:00AM-5:15AM ET",2026-07-15T09:15:00Z,2026-07-15T09:00:00Z,1877.9669252179076,Up,"[""1"", ""0""]",0.999,7538.087229000007,36.960775,0.4945,0.001,resolved,0x84d1742633ced17c79ea394096a88c8e9fe505af48eb34e62d58d9792d5f8ad5,https://data.chain.link/streams/eth-usd,,
hype-updown-15m-1784106000,HYPE,"Hyperliquid Up or Down - July 15, 5:00AM-5:15AM ET",2026-07-15T09:15:00Z,2026-07-15T09:00:00Z,67.17950300000001,Up,"[""1"", ""0""]",0.999,149.997,,0.4945,0.009,resolved,0xb831fbe0644b1ad10300aba601fee39e9292180c808b924f36cc9ad724347e27,https://data.chain.link/streams/hype-usd,,
sol-updown-15m-1784106000,SOL,"Solana Up or Down - July 15, 5:00AM-5:15AM ET",2026-07-15T09:15:00Z,2026-07-15T09:00:00Z,77.5213839314735,Up,"[""1"", ""0""]",0.999,2363.5722550000014,15,0.4945,0.001,resolved,0x8c438dba4ba6d53f5199f9e542061a52564ebe30f25306a4be0d61ce621366ee,https://data.chain.link/streams/sol-usd,,
xrp-updown-15m-1784106000,XRP,"XRP Up or Down - July 15, 5:00AM-5:15AM ET",2026-07-15T09:15:00Z,2026-07-15T09:00:00Z,1.1071635803690125,Up,"[""1"", ""0""]",0.999,1766.2441119999999,,0.49,0.008,resolved,0xf52cdd09726d194d1ced224949674160329b5a7bceaa05ca264b91f01c718417,https://data.chain.link/streams/xrp-usd,,
bnb-updown-15m-1784106900,BNB,"BNB Up or Down - July 15, 5:15AM-5:30AM ET",2026-07-15T09:30:00Z,2026-07-15T09:15:00Z,576.9150595537045,Up,"[""1"", ""0""]",0.999,378.933067,,0.4945,0.001,resolved,0xb71b8bc75c04a07e71602697dd2c02fe0cf349693063bbeb5c24dd40741aa374,https://data.chain.link/streams/bnb-usd,,
btc-updown-15m-1784106900,BTC,"Bitcoin Up or Down - July 15, 5:15AM-5:30AM ET",2026-07-15T09:30:00Z,2026-07-15T09:15:00Z,64788.724675446756,Down,"[""0"", ""1""]",0.01,36159.99399800003,15,-0.49,0.01,resolved,0xab638a96ac0edc3432d9c199024870fbd6ac72521677645ce75ec2c8845fcfc1,https://data.chain.link/streams/btc-usd,,
doge-updown-15m-1784106900,DOGE,"Dogecoin Up or Down - July 15, 5:15AM-5:30AM ET",2026-07-15T09:30:00Z,2026-07-15T09:15:00Z,0.0742943,Up,"[""1"", ""0""]",0.999,410.551997,,0.4995,0.001,resolved,0x17e9b3c17a94d7c8af33ea91f1fd745a828eb5b193b04b35a2d9b2834b982f31,https://data.chain.link/streams/doge-usd,,
eth-updown-15m-1784106900,ETH,"Ethereum Up or Down - July 15, 5:15AM-5:30AM ET",2026-07-15T09:30:00Z,2026-07-15T09:15:00Z,1881.6277364039397,Down,"[""0"", ""1""]",0.54,10487.073534000006,,-0.5,0.01,resolved,0x0d4c31b45b9ee2d1bc0c71b40712dd56232e0cf413d12a52b0fcdc31352615d4,https://data.chain.link/streams/eth-usd,,
hype-updown-15m-1784106900,HYPE,"Hyperliquid Up or Down - July 15, 5:15AM-5:30AM ET",2026-07-15T09:30:00Z,2026-07-15T09:15:00Z,67.833499,Up,"[""1"", ""0""]",0.999,186.424243,,0.4995,0.001,resolved,0x8357b9f01524155b1bbe5c77cac360cd924b9c211e90eb0e4d125e541334a852,https://data.chain.link/streams/hype-usd,,
sol-updown-15m-1784106900,SOL,"Solana Up or Down - July 15, 5:15AM-5:30AM ET",2026-07-15T09:30:00Z,2026-07-15T09:15:00Z,77.6974183575629,Up,"[""1"", ""0""]",0.99,4030.520551,10,0.5,0.01,resolved,0xadb35fe228f25a3583d59bc4b829706562132cdaddc6943909617ab0c7fa713d,https://data.chain.link/streams/sol-usd,,
xrp-updown-15m-1784106900,XRP,"XRP Up or Down - July 15, 5:15AM-5:30AM ET",2026-07-15T09:30:00Z,2026-07-15T09:15:00Z,1.1098205087196327,Up,"[""1"", ""0""]",0.99,3732.8826710000008,,0.49,0.01,resolved,0x1166376e0ac1e9f8fa5082a657bd11c00f24fd2d040d35c4e6b50065c89d6813,https://data.chain.link/streams/xrp-usd,,
bnb-updown-15m-1784107800,BNB,"BNB Up or Down - July 15, 5:30AM-5:45AM ET",2026-07-15T09:45:00Z,2026-07-15T09:30:00Z,577.2778756056433,Down,"[""0"", ""1""]",0.01,383.632217,,-0.495,0.02,resolved,0x15fb28844e4b22bf47f5089c3fbc14cdff925865e92ab8c9c881f893354dd71b,https://data.chain.link/streams/bnb-usd,,
btc-updown-15m-1784107800,BTC,"Bitcoin Up or Down - July 15, 5:30AM-5:45AM ET",2026-07-15T09:45:00Z,2026-07-15T09:30:00Z,64782.21866,Down,"[""0"", ""1""]",0.01,19797.012193000028,33,-0.5045,0.001,resolved,0xd30c6fbd3ab71a2af1a0b8cf97cd5f269757b9ac2f2ef8245a727fbe58c7f5fd,https://data.chain.link/streams/btc-usd,,
doge-updown-15m-1784107800,DOGE,"Dogecoin Up or Down - July 15, 5:30AM-5:45AM ET",2026-07-15T09:45:00Z,2026-07-15T09:30:00Z,0.07437738183256362,Down,"[""0"", ""1""]",0.11,254.4949,,-0.495,0.008,resolved,0x6bbb59a762ad0d41c43e638127e868f834ac243ad5db31a5a8c6c1820a038830,https://data.chain.link/streams/doge-usd,,
eth-updown-15m-1784107800,ETH,"Ethereum Up or Down - July 15, 5:30AM-5:45AM ET",2026-07-15T09:45:00Z,2026-07-15T09:30:00Z,1881.5844871597285,Down,"[""0"", ""1""]",0.01,7546.630793000004,,-0.5015,0.004,resolved,0xc6ae7b2e0767e20d0d53ad197eb1ae3efc14af11bbbe8c8fa0647575c250796a,https://data.chain.link/streams/eth-usd,,
hype-updown-15m-1784107800,HYPE,"Hyperliquid Up or Down - July 15, 5:30AM-5:45AM ET",2026-07-15T09:45:00Z,2026-07-15T09:30:00Z,68.0237886883734,Down,"[""0"", ""1""]",0.11,186.96160000000003,,-0.435,0.09,resolved,0x2fcabe7beb8660723c69c6c11665c4bc373c2a09b2de9deeb65fd03b7f81843c,https://data.chain.link/streams/hype-usd,,
sol-updown-15m-1784107800,SOL,"Solana Up or Down - July 15, 5:30AM-5:45AM ET",2026-07-15T09:45:00Z,2026-07-15T09:30:00Z,77.7433555,Down,"[""0"", ""1""]",0.007,2990.838926,10,-0.4945,0.001,resolved,0xf1549c006f23d0756763bd4e324f845750ccc18dd093c70895dfc063b1fe5a44,https://data.chain.link/streams/sol-usd,,
xrp-updown-15m-1784107800,XRP,"XRP Up or Down - July 15, 5:30AM-5:45AM ET",2026-07-15T09:45:00Z,2026-07-15T09:30:00Z,1.1103143773836177,Down,"[""0"", ""1""]",0.02,2340.2394080000004,,-0.5025,0.003,resolved,0x4526679781fa7984456fa5a89d530ca892a8ab333fa49f3759e20a932bd01b99,https://data.chain.link/streams/xrp-usd,,
bnb-updown-15m-1784108700,BNB,"BNB Up or Down - July 15, 5:45AM-6:00AM ET",2026-07-15T10:00:00Z,2026-07-15T09:45:00Z,576.7228558075393,Down,"[""0"", ""1""]",0.05,471.92955700000005,208.235981,-0.5045,0.001,resolved,0xb5f5783e52b6bf152d38d452066bbe3737e501b55ce5341dd8a151e0f7106209,https://data.chain.link/streams/bnb-usd,,
btc-updown-15m-1784108700,BTC,"Bitcoin Up or Down - July 15, 5:45AM-6:00AM ET",2026-07-15T10:00:00Z,2026-07-15T09:45:00Z,64662.102,Down,"[""0"", ""1""]",0.001,30128.194905000004,9067.033203,-0.5045,0.001,resolved,0xe15b4071cbc0bd2a3351b9ec897cb811169018f67c3d9622d9616845acfb3077,https://data.chain.link/streams/btc-usd,,
doge-updown-15m-1784108700,DOGE,"Dogecoin Up or Down - July 15, 5:45AM-6:00AM ET",2026-07-15T10:00:00Z,2026-07-15T09:45:00Z,0.07424559451273513,Down,"[""0"", ""1""]",0.052,1724.9274169999999,969.479525,-0.4945,0.001,resolved,0x6c0f1c9c60302de546979191e1958c2b40c6466582208ee7341985adb0be1daf,https://data.chain.link/streams/doge-usd,,
eth-updown-15m-1784108700,ETH,"Ethereum Up or Down - July 15, 5:45AM-6:00AM ET",2026-07-15T10:00:00Z,2026-07-15T09:45:00Z,1878.948076970746,Down,"[""0"", ""1""]",0.11,9393.242514,2855.966659,-0.5,0.01,resolved,0x20bf2494e65b4a4e9cf63d56d2c58b4816425e508ae3f9dd02cf1dd97c5d4ead,https://data.chain.link/streams/eth-usd,,
hype-updown-15m-1784108700,HYPE,"Hyperliquid Up or Down - July 15, 5:45AM-6:00AM ET",2026-07-15T10:00:00Z,2026-07-15T09:45:00Z,67.971264,Down,"[""0"", ""1""]",0.16,97.255254,26.320752,-0.495,0.01,resolved,0x9b0fc8bcb8534702f363a99a4e13d5d450aee067fa4cd7beafe1f5f4da134bdd,https://data.chain.link/streams/hype-usd,,
sol-updown-15m-1784108700,SOL,"Solana Up or Down - July 15, 5:45AM-6:00AM ET",2026-07-15T10:00:00Z,2026-07-15T09:45:00Z,77.51364640621948,Down,"[""0"", ""1""]",0.01,2179.7579350000005,1079.411775,-0.4945,0.001,resolved,0x895b4a25402c6d4fb361fbb261c7184802b1d48f3e0526f41937fe3fb21e5e94,https://data.chain.link/streams/sol-usd,,
xrp-updown-15m-1784108700,XRP,"XRP Up or Down - July 15, 5:45AM-6:00AM ET",2026-07-15T10:00:00Z,2026-07-15T09:45:00Z,1.10874455,Down,"[""0"", ""1""]",0.05,2910.1628790000004,956.471089,-0.4945,0.001,resolved,0x54f25c6322565f7c4125935ffbc2eaa9e14a0c357b8e41477e8bb76002a9ab6c,https://data.chain.link/streams/xrp-usd,,
bnb-updown-15m-1784109600,BNB,"BNB Up or Down - July 15, 6:00AM-6:15AM ET",2026-07-15T10:15:00Z,2026-07-15T10:00:00Z,576.6356543865696,Up,"[""1"", ""0""]",0.999,278.34052799999995,,0.4945,0.001,resolved,0xc32b6b3319e68f2391a3454d645701bb28c0afa9947a90a831f58037fef2ef85,https://data.chain.link/streams/bnb-usd,,
btc-updown-15m-1784109600,BTC,"Bitcoin Up or Down - July 15, 6:00AM-6:15AM ET",2026-07-15T10:15:00Z,2026-07-15T10:00:00Z,64615.0342328923,Up,"[""1"", ""0""]",0.999,35896.230232,552.960783,0.4945,0.001,resolved,0x9eee3fb80d5c26fa2c09f5cfbfc4ce274f70bebdb11457239313c52922f0127c,https://data.chain.link/streams/btc-usd,,
doge-updown-15m-1784109600,DOGE,"Dogecoin Up or Down - July 15, 6:00AM-6:15AM ET",2026-07-15T10:15:00Z,2026-07-15T10:00:00Z,0.073639676,Up,"[""1"", ""0""]",0.999,368.9173789999999,,0.495,0.008,resolved,0x9e05626f2e1d37d9a00b0a2da7bbbb8c577328adc3c1ac2e52f9c10a92a96431,https://data.chain.link/streams/doge-usd,,
eth-updown-15m-1784109600,ETH,"Ethereum Up or Down - July 15, 6:00AM-6:15AM ET",2026-07-15T10:15:00Z,2026-07-15T10:00:00Z,1878.3704339215928,Up,"[""1"", ""0""]",0.999,8465.261322,71.35,0.4945,0.001,resolved,0x94357e0f8a3e359141f3aed691cb7ebd92a02611daaea2e218735a83dce1fa31,https://data.chain.link/streams/eth-usd,,
hype-updown-15m-1784109600,HYPE,"Hyperliquid Up or Down - July 15, 6:00AM-6:15AM ET",2026-07-15T10:15:00Z,2026-07-15T10:00:00Z,67.886544,Up,"[""1"", ""0""]",0.99,161.082835,,0.495,0.01,resolved,0x92f5fbde12db77ff259865db90b55878e71f80abd954db457ba2301ec35e3c4f,https://data.chain.link/streams/hype-usd,,
sol-updown-15m-1784109600,SOL,"Solana Up or Down - July 15, 6:00AM-6:15AM ET",2026-07-15T10:15:00Z,2026-07-15T10:00:00Z,77.41639374850648,Up,"[""1"", ""0""]",0.999,3109.0419689999994,15,0.5045,0.001,resolved,0x242b826e3ba527ef23006366d697266c0decb2fc60860f18ea923ef50934dcc4,https://data.chain.link/streams/sol-usd,,
xrp-updown-15m-1784109600,XRP,"XRP Up or Down - July 15, 6:00AM-6:15AM ET",2026-07-15T10:15:00Z,2026-07-15T10:00:00Z,1.1079216156476446,Up,"[""1"", ""0""]",0.99,2497.842678000001,5,0.49,0.01,resolved,0x17df47b91073c1108c4fe2fa5366f8a79cb580a348bf719e5005fd2d43b0ac1d,https://data.chain.link/streams/xrp-usd,,
bnb-updown-15m-1784110500,BNB,"BNB Up or Down - July 15, 6:15AM-6:30AM ET",2026-07-15T10:30:00Z,2026-07-15T10:15:00Z,578.1552709181917,Down,"[""0"", ""1""]",0.11,397.748868,,-0.5045,0.001,resolved,0xc1f512386c0d64384e30d8cf94308939aee567f0cb1f730a4a58d6af1af4726c,https://data.chain.link/streams/bnb-usd,,
btc-updown-15m-1784110500,BTC,"Bitcoin Up or Down - July 15, 6:15AM-6:30AM ET",2026-07-15T10:30:00Z,2026-07-15T10:15:00Z,64745.47251519958,Down,"[""0"", ""1""]",0.001,27849.952747999992,,-0.5045,0.001,resolved,0xa6434c34220f7e7c9e739d8282ca4df6ab3827b02db4afc4b4655451bffa5c77,https://data.chain.link/streams/btc-usd,,
doge-updown-15m-1784110500,DOGE,"Dogecoin Up or Down - July 15, 6:15AM-6:30AM ET",2026-07-15T10:30:00Z,2026-07-15T10:15:00Z,0.0737299,Down,"[""0"", ""1""]",0.2,245.62941400000003,,-0.4995,0.001,resolved,0xb51637bb65b2263fba0abe111319771f23b90287187f6a08082ace4409c7f3e3,https://data.chain.link/streams/doge-usd,,
eth-updown-15m-1784110500,ETH,"Ethereum Up or Down - July 15, 6:15AM-6:30AM ET",2026-07-15T10:30:00Z,2026-07-15T10:15:00Z,1882.4124580438126,Down,"[""0"", ""1""]",0.001,7265.819468000002,,-0.5045,0.001,resolved,0x3d8b4b62090e7e9637386821ea689dd88f2a9635b776b738c404e61551e88c3a,https://data.chain.link/streams/eth-usd,,
hype-updown-15m-1784110500,HYPE,"Hyperliquid Up or Down - July 15, 6:15AM-6:30AM ET",2026-07-15T10:30:00Z,2026-07-15T10:15:00Z,67.96487900000001,Down,"[""0"", ""1""]",0.18,208.462719,,-0.4995,0.001,resolved,0x4bf6886a18ab9662429274f1756ef257cd4c39c2ace7c891237d2c98d8e20ee4,https://data.chain.link/streams/hype-usd,,
sol-updown-15m-1784110500,SOL,"Solana Up or Down - July 15, 6:15AM-6:30AM ET",2026-07-15T10:30:00Z,2026-07-15T10:15:00Z,77.56911225603821,Down,"[""0"", ""1""]",0.001,2350.366093,10,-0.4945,0.001,resolved,0x98203885b24b554479f0de5462cfbfa5ad95efce6a3f3ce2f42de3f2328ba067,https://data.chain.link/streams/sol-usd,,
xrp-updown-15m-1784110500,XRP,"XRP Up or Down - July 15, 6:15AM-6:30AM ET",2026-07-15T10:30:00Z,2026-07-15T10:15:00Z,1.1091731846859858,Down,"[""0"", ""1""]",0.001,2397.704132,,-0.5045,0.001,resolved,0xe6f5f61ef5a37da67fd0b2a7e8bed0d177c6a8f4a6adf964a92c1925bca925f3,https://data.chain.link/streams/xrp-usd,,
bnb-updown-15m-1784111400,BNB,"BNB Up or Down - July 15, 6:30AM-6:45AM ET",2026-07-15T10:45:00Z,2026-07-15T10:30:00Z,577.234,Up,"[""1"", ""0""]",0.999,285.81727600000005,,0.49,0.01,resolved,0x84973176354b3ec13f07ba8c3fdd23defaebe5e8282b2493cfc223ae5c73d6c9,https://data.chain.link/streams/bnb-usd,,
btc-updown-15m-1784111400,BTC,"Bitcoin Up or Down - July 15, 6:30AM-6:45AM ET",2026-07-15T10:45:00Z,2026-07-15T10:30:00Z,64584.14326762076,Up,"[""1"", ""0""]",0.999,22328.960378999996,,0.49,0.01,resolved,0x182f655ce0b2389898376808159bb8a06ec7398651f7245dd4d7113584660076,https://data.chain.link/streams/btc-usd,,
doge-updown-15m-1784111400,DOGE,"Dogecoin Up or Down - July 15, 6:30AM-6:45AM ET",2026-07-15T10:45:00Z,2026-07-15T10:30:00Z,0.07360769102525949,Up,"[""1"", ""0""]",0.999,416.84636800000004,,0.496,0.006,resolved,0xc6cea9f8f10d9bbbf92dfa4460d98ff4b3740ac53aef838bbac25e995d42494a,https://data.chain.link/streams/doge-usd,,
eth-updown-15m-1784111400,ETH,"Ethereum Up or Down - July 15, 6:30AM-6:45AM ET",2026-07-15T10:45:00Z,2026-07-15T10:30:00Z,1874.9189348578882,Up,"[""1"", ""0""]",0.999,7165.2126400000025,,0.49,0.01,resolved,0x0e07b43143b71b77b51b21ec701dfae46bf05df13390fb21d21db871731687ed,https://data.chain.link/streams/eth-usd,,
hype-updown-15m-1784111400,HYPE,"Hyperliquid Up or Down - July 15, 6:30AM-6:45AM ET",2026-07-15T10:45:00Z,2026-07-15T10:30:00Z,67.784964,Up,"[""1"", ""0""]",0.999,210.217093,,0.45,0.06,resolved,0x8b3a74ed1e05db0313f26d393b089ebed0e31042e27ead51ea336d05f0603386,https://data.chain.link/streams/hype-usd,,
sol-updown-15m-1784111400,SOL,"Solana Up or Down - July 15, 6:30AM-6:45AM ET",2026-07-15T10:45:00Z,2026-07-15T10:30:00Z,77.27255205273094,Up,"[""1"", ""0""]",0.99,4996.210093000003,,0.44,0.03,resolved,0xdd548594cf38eb9e36cf2258d1547749ea431fbec6adfaa36ba610f93a625ee7,https://data.chain.link/streams/sol-usd,,
xrp-updown-15m-1784111400,XRP,"XRP Up or Down - July 15, 6:30AM-6:45AM ET",2026-07-15T10:45:00Z,2026-07-15T10:30:00Z,1.1058684268396912,Up,"[""1"", ""0""]",0.999,1257.2483929999999,,0.48,0.01,resolved,0xf4f119ce1904ad45685f553465677c8dd5a41fb98081eee6761dae0f7064b3c5,https://data.chain.link/streams/xrp-usd,,
bnb-updown-15m-1784112300,BNB,"BNB Up or Down - July 15, 6:45AM-7:00AM ET",2026-07-15T11:00:00Z,2026-07-15T10:45:00Z,577.8599541867,Up,"[""1"", ""0""]",0.999,255.39181,193.524852,0.4945,0.001,resolved,0xce1b405d9d43b7bed1098f7abdd18e9bb5e1dfa39152ff001ee37b968c64c395,https://data.chain.link/streams/bnb-usd,,
btc-updown-15m-1784112300,BTC,"Bitcoin Up or Down - July 15, 6:45AM-7:00AM ET",2026-07-15T11:00:00Z,2026-07-15T10:45:00Z,64609.5671771823,Down,"[""0"", ""1""]",0.01,31937.343126999993,9897.606102,-0.5,0.01,resolved,0x04e72ec519e54ef2b8476e511e0aae9d04372605843c722b3a3e14f7993eef1b,https://data.chain.link/streams/btc-usd,,
doge-updown-15m-1784112300,DOGE,"Dogecoin Up or Down - July 15, 6:45AM-7:00AM ET",2026-07-15T11:00:00Z,2026-07-15T10:45:00Z,0.073694183,Up,"[""1"", ""0""]",0.99,325.91949700000004,164.219985,0.495,0.01,resolved,0xdb1f36592dbebb9ea4798d46b66b2f685fd88f7129b9b7565c43a28854281aa2,https://data.chain.link/streams/doge-usd,,
eth-updown-15m-1784112300,ETH,"Ethereum Up or Down - July 15, 6:45AM-7:00AM ET",2026-07-15T11:00:00Z,2026-07-15T10:45:00Z,1876.3159563153688,Up,"[""1"", ""0""]",0.99,10883.411855000017,4159.469229,0.495,0.01,resolved,0xb6f391e71077fb5720c11b95da8b1ab7b85e9a4c003d7770ef132b5daf133efa,https://data.chain.link/streams/eth-usd,,
hype-updown-15m-1784112300,HYPE,"Hyperliquid Up or Down - July 15, 6:45AM-7:00AM ET",2026-07-15T11:00:00Z,2026-07-15T10:45:00Z,67.8337409127349,Up,"[""1"", ""0""]",0.999,159.087908,15,0.4995,0.001,resolved,0x7486dd1e13ca9db005375566819a372d04bd0075df1d412b6c140c58bd4e332f,https://data.chain.link/streams/hype-usd,,
sol-updown-15m-1784112300,SOL,"Solana Up or Down - July 15, 6:45AM-7:00AM ET",2026-07-15T11:00:00Z,2026-07-15T10:45:00Z,77.29529364000025,Up,"[""1"", ""0""]",0.99,3321.9558269999998,1225.550483,0.5,0.01,resolved,0x970767735d18c7ddf437ac4b1abf57c48f81554158ac06b513537ea84afef8ef,https://data.chain.link/streams/sol-usd,,
xrp-updown-15m-1784112300,XRP,"XRP Up or Down - July 15, 6:45AM-7:00AM ET",2026-07-15T11:00:00Z,2026-07-15T10:45:00Z,1.1063196442394552,Up,"[""1"", ""0""]",0.999,2010.7771340000002,1050.888942,0.4945,0.001,resolved,0x4106a4f32670ca43dbdafd831f3c2f65aedc04a6f750bc0c65e00b2b3db53424,https://data.chain.link/streams/xrp-usd,,
bnb-updown-15m-1784113200,BNB,"BNB Up or Down - July 15, 7:00AM-7:15AM ET",2026-07-15T11:15:00Z,2026-07-15T11:00:00Z,578.3232687136608,Down,"[""0"", ""1""]",0.15,202.41548000000003,,-0.475,0.02,resolved,0xb9214878dd0f0a9421be07a16e973b572540ed0161c2b75b274f8688d8954cd3,https://data.chain.link/streams/bnb-usd,,
btc-updown-15m-1784113200,BTC,"Bitcoin Up or Down - July 15, 7:00AM-7:15AM ET",2026-07-15T11:15:00Z,2026-07-15T11:00:00Z,64606.18754469004,Up,"[""1"", ""0""]",0.999,27919.052408000003,553,0.4925,0.003,resolved,0x559f2459362b50a42673e75079155f1568ad5aff0c2fe9ce5b36ff7394f9085d,https://data.chain.link/streams/btc-usd,,
doge-updown-15m-1784113200,DOGE,"Dogecoin Up or Down - July 15, 7:00AM-7:15AM ET",2026-07-15T11:15:00Z,2026-07-15T11:00:00Z,0.073727,Down,"[""0"", ""1""]",0.78,322.306783,,-0.47,0.02,resolved,0x502d191320e391a597c2095ee82cd2821f8a2d1b8168c1b225461156ea0d9e85,https://data.chain.link/streams/doge-usd,,
eth-updown-15m-1784113200,ETH,"Ethereum Up or Down - July 15, 7:00AM-7:15AM ET",2026-07-15T11:15:00Z,2026-07-15T11:00:00Z,1876.5797473633677,Up,"[""1"", ""0""]",0.999,9169.077781,,0.4945,0.001,resolved,0xa6da32eb2576358e6c5b2c59c1362819178b37125813d7a202b416643283c05a,https://data.chain.link/streams/eth-usd,,
hype-updown-15m-1784113200,HYPE,"Hyperliquid Up or Down - July 15, 7:00AM-7:15AM ET",2026-07-15T11:15:00Z,2026-07-15T11:00:00Z,68.141493,Up,"[""1"", ""0""]",0.99,164.738009,,0.45,0.08,resolved,0xaabfbb6192e3a1e954c8ee01169b45ae45d5392df584c42aabd4319d01d0c28c,https://data.chain.link/streams/hype-usd,,
sol-updown-15m-1784113200,SOL,"Solana Up or Down - July 15, 7:00AM-7:15AM ET",2026-07-15T11:15:00Z,2026-07-15T11:00:00Z,77.30383508557337,Up,"[""1"", ""0""]",0.99,1613.405053,10,0.5,0.01,resolved,0xe17e14a8f6a0502e1b20576f8ce7015b27f8a26876dbd7918683d35b3979d2b3,https://data.chain.link/streams/sol-usd,,
xrp-updown-15m-1784113200,XRP,"XRP Up or Down - July 15, 7:00AM-7:15AM ET",2026-07-15T11:15:00Z,2026-07-15T11:00:00Z,1.1075065257048113,Up,"[""1"", ""0""]",0.99,3557.9021079999993,,0.42,0.07,resolved,0x0d5035825a2a49fec41930571d6f3791ba7363e4739c5298e0be1226c3ee8090,https://data.chain.link/streams/xrp-usd,,
bnb-updown-15m-1784114100,BNB,"BNB Up or Down - July 15, 7:15AM-7:30AM ET",2026-07-15T11:30:00Z,2026-07-15T11:15:00Z,577.96746,Up,"[""1"", ""0""]",0.99,227.43050999999997,,0.49,0.01,resolved,0x80f327194ea955f726bb8beeddccdab91ae6cca6bd106947f720ec0bb3131d19,https://data.chain.link/streams/bnb-usd,,
btc-updown-15m-1784114100,BTC,"Bitcoin Up or Down - July 15, 7:15AM-7:30AM ET",2026-07-15T11:30:00Z,2026-07-15T11:15:00Z,64669.936525,Down,"[""0"", ""1""]",0.009,30039.522524000018,,-0.5045,0.001,resolved,0x26aeee734df0b16c898ee91074d9593b002e321fd3ba73315402307c0d28d4f9,https://data.chain.link/streams/btc-usd,,
doge-updown-15m-1784114100,DOGE,"Dogecoin Up or Down - July 15, 7:15AM-7:30AM ET",2026-07-15T11:30:00Z,2026-07-15T11:15:00Z,0.073610352,Down,"[""0"", ""1""]",0.05,362.86283399999996,,-0.495,0.01,resolved,0x15f7dffb9986748224c54fa1e8e0a8a08d843008fcedea96ae58ed088787abaa,https://data.chain.link/streams/doge-usd,,
eth-updown-15m-1784114100,ETH,"Ethereum Up or Down - July 15, 7:15AM-7:30AM ET",2026-07-15T11:30:00Z,2026-07-15T11:15:00Z,1880.2949675477344,Down,"[""0"", ""1""]",0.02,6938.362683000003,,-0.5045,0.001,resolved,0x5b16edf930d73d58777a9b9dd9ccd20539cad72bfd77ebeac415f6e9ff1f69e1,https://data.chain.link/streams/eth-usd,,
hype-updown-15m-1784114100,HYPE,"Hyperliquid Up or Down - July 15, 7:15AM-7:30AM ET",2026-07-15T11:30:00Z,2026-07-15T11:15:00Z,68.16166,Up,"[""1"", ""0""]",0.99,153.830124,,0.495,0.01,resolved,0x46a4255d32b2e29cf2a42550dcb1ebfd28954ca82947c03827684f1635ed02a4,https://data.chain.link/streams/hype-usd,,
sol-updown-15m-1784114100,SOL,"Solana Up or Down - July 15, 7:15AM-7:30AM ET",2026-07-15T11:30:00Z,2026-07-15T11:15:00Z,77.39644763389305,Down,"[""0"", ""1""]",0.02,2097.88318,10,-0.4945,0.001,resolved,0xbb6db8366afbd04cd6a31548221777d9719b0e231ab84bfdecf26e61266cbe92,https://data.chain.link/streams/sol-usd,,
xrp-updown-15m-1784114100,XRP,"XRP Up or Down - July 15, 7:15AM-7:30AM ET",2026-07-15T11:30:00Z,2026-07-15T11:15:00Z,1.1079513481431462,Down,"[""0"", ""1""]",0.001,3477.684143,,-0.5045,0.001,resolved,0x1debabbba39104bddb299fc68c75f43a5f93295675c3ed00ff70a4550806842d,https://data.chain.link/streams/xrp-usd,,
bnb-updown-15m-1784115000,BNB,"BNB Up or Down - July 15, 7:30AM-7:45AM ET",2026-07-15T11:45:00Z,2026-07-15T11:30:00Z,578.2934246832416,Up,"[""1"", ""0""]",0.99,830.770125,,-0.285,0.02,resolved,0x0723e33c0abd3d41de4f61fc47f0e9dd99ec78284b4141ccc16dfe8124fd9a75,https://data.chain.link/streams/bnb-usd,,
btc-updown-15m-1784115000,BTC,"Bitcoin Up or Down - July 15, 7:30AM-7:45AM ET",2026-07-15T11:45:00Z,2026-07-15T11:30:00Z,64580.29445309577,Up,"[""1"", ""0""]",0.999,25515.983529000023,,0.49,0.008,resolved,0x56f7dcb0780cc7bee8ea7622ed8562fd6e466321efd6ff780fc04b65a8e97a62,https://data.chain.link/streams/btc-usd,,
doge-updown-15m-1784115000,DOGE,"Dogecoin Up or Down - July 15, 7:30AM-7:45AM ET",2026-07-15T11:45:00Z,2026-07-15T11:30:00Z,0.0736073,Up,"[""1"", ""0""]",0.999,228.777839,,0.495,0.008,resolved,0x63178a99bfe6dbb10a06cd79c9b3c98fbeec75963de6465d2eece96678aa1d7d,https://data.chain.link/streams/doge-usd,,
eth-updown-15m-1784115000,ETH,"Ethereum Up or Down - July 15, 7:30AM-7:45AM ET",2026-07-15T11:45:00Z,2026-07-15T11:30:00Z,1876.795635459263,Up,"[""1"", ""0""]",0.999,10766.195086000003,39.21568,0.4945,0.001,resolved,0xa572df98a15bc4d455c59e4f84031121336bbbebce8dc261ac19289fc61e4f17,https://data.chain.link/streams/eth-usd,,
hype-updown-15m-1784115000,HYPE,"Hyperliquid Up or Down - July 15, 7:30AM-7:45AM ET",2026-07-15T11:45:00Z,2026-07-15T11:30:00Z,68.23320352180225,Down,"[""0"", ""1""]",0.18,100.14567,,-0.45,0.1,resolved,0x711f94fc0cd4f2f4c237f5c5f2128451a06f4c885dd5902cae2fb087bf17d022,https://data.chain.link/streams/hype-usd,,
sol-updown-15m-1784115000,SOL,"Solana Up or Down - July 15, 7:30AM-7:45AM ET",2026-07-15T11:45:00Z,2026-07-15T11:30:00Z,77.31952794438656,Up,"[""1"", ""0""]",0.99,2324.3985199999997,10,0.49,0.01,resolved,0xb69af7712bb28403b9a9cb41ce83174c1ff7f55438ad76ec61d7be141e4cda0a,https://data.chain.link/streams/sol-usd,,
xrp-updown-15m-1784115000,XRP,"XRP Up or Down - July 15, 7:30AM-7:45AM ET",2026-07-15T11:45:00Z,2026-07-15T11:30:00Z,1.1068303047998105,Down,"[""0"", ""1""]",0.17,2986.6260869999996,,-0.34,0.01,resolved,0x5cb9f56c08f6b7ec3611a96fc47d25c690e59adf69f06bf4dec2fcc23f84b0c1,https://data.chain.link/streams/xrp-usd,,
bnb-updown-15m-1784115900,BNB,"BNB Up or Down - July 15, 7:45AM-8:00AM ET",2026-07-15T12:00:00Z,2026-07-15T11:45:00Z,578.3324273968558,Up,"[""1"", ""0""]",0.99,363.67527900000005,236.941237,0.49,0.01,resolved,0x71d15d19cce59b80890966e714b0eb514ad654aae1f0a369bd2bb78fd4a32f33,https://data.chain.link/streams/bnb-usd,,
btc-updown-15m-1784115900,BTC,"Bitcoin Up or Down - July 15, 7:45AM-8:00AM ET",2026-07-15T12:00:00Z,2026-07-15T11:45:00Z,64636.53499649806,Up,"[""1"", ""0""]",0.999,27053.327771999993,8856.876143,0.4945,0.001,resolved,0x8f86b20a384759b19ee814ea591cb8dd09dd5f6239c4f3f5a9ea76b37129e334,https://data.chain.link/streams/btc-usd,,
doge-updown-15m-1784115900,DOGE,"Dogecoin Up or Down - July 15, 7:45AM-8:00AM ET",2026-07-15T12:00:00Z,2026-07-15T11:45:00Z,0.0737382199962828,Up,"[""1"", ""0""]",0.999,417.302054,40,0.4995,0.001,resolved,0xdc135165f56d375e18a25441db71385a4ed656c4ef38508a7fcb44a0c4c86035,https://data.chain.link/streams/doge-usd,,
eth-updown-15m-1784115900,ETH,"Ethereum Up or Down - July 15, 7:45AM-8:00AM ET",2026-07-15T12:00:00Z,2026-07-15T11:45:00Z,1879.8221259854517,Up,"[""1"", ""0""]",0.999,8128.175655999995,2941.672682,0.4945,0.001,resolved,0xfa86f2735d7b7a6ea00eebdcb3b3800693515ec7ba8e3e0fd4358602ede81d79,https://data.chain.link/streams/eth-usd,,
hype-updown-15m-1784115900,HYPE,"Hyperliquid Up or Down - July 15, 7:45AM-8:00AM ET",2026-07-15T12:00:00Z,2026-07-15T11:45:00Z,68.15745420859497,Up,"[""1"", ""0""]",0.99,111.60226499999999,20,0.495,0.01,resolved,0x917478f11d4779dd00a4e5e39751070cf9ef593dd3698170d41515240491c33a,https://data.chain.link/streams/hype-usd,,
sol-updown-15m-1784115900,SOL,"Solana Up or Down - July 15, 7:45AM-8:00AM ET",2026-07-15T12:00:00Z,2026-07-15T11:45:00Z,77.37348770960025,Up,"[""1"", ""0""]",0.99,2247.239999,1108.274745,0.49,0.01,resolved,0x46686c668c0839ca87614fb0450f9d8630a0abbc09d73f569830b349a9decf54,https://data.chain.link/streams/sol-usd,,
xrp-updown-15m-1784115900,XRP,"XRP Up or Down - July 15, 7:45AM-8:00AM ET",2026-07-15T12:00:00Z,2026-07-15T11:45:00Z,1.1066864391595173,Up,"[""1"", ""0""]",0.999,2662.2211460000003,1159.709276,0.4945,0.001,resolved,0x5cad795a6668f50e0d330c899eb05ae69b14a72b484e405720be65b89f7d8957,https://data.chain.link/streams/xrp-usd,,
bnb-updown-15m-1784116800,BNB,"BNB Up or Down - July 15, 8:00AM-8:15AM ET",2026-07-15T12:15:00Z,2026-07-15T12:00:00Z,578.52683,Down,"[""0"", ""1""]",0.11,478.71339600000005,,-0.4995,0.009,resolved,0xe97ad6ddc616d5861e1741931b76aa246a781e1abed6d2ed8c404c65d6c36b39,https://data.chain.link/streams/bnb-usd,,
btc-updown-15m-1784116800,BTC,"Bitcoin Up or Down - July 15, 8:00AM-8:15AM ET",2026-07-15T12:15:00Z,2026-07-15T12:00:00Z,64677.399715,Down,"[""0"", ""1""]",0.01,34958.76365,618.725489,-0.485,0.02,resolved,0x9db13265902eaf88f824a71a14693011036cf41bb597a39dc9aba25acf3d9303,https://data.chain.link/streams/btc-usd,,
doge-updown-15m-1784116800,DOGE,"Dogecoin Up or Down - July 15, 8:00AM-8:15AM ET",2026-07-15T12:15:00Z,2026-07-15T12:00:00Z,0.07379544,Down,"[""0"", ""1""]",0.17,294.913285,,-0.495,0.01,resolved,0x9e7e6b9a065438869bdadba4ad5c3f99fcdf1f3454b955da7c2e8a8468beaa0d,https://data.chain.link/streams/doge-usd,,
eth-updown-15m-1784116800,ETH,"Ethereum Up or Down - July 15, 8:00AM-8:15AM ET",2026-07-15T12:15:00Z,2026-07-15T12:00:00Z,1882.93524,Down,"[""0"", ""1""]",0.01,12857.606887999997,,-0.493,0.006,resolved,0xd1ba86efc6871f176fc30a9073be965e4928924a8f98597f9b2a629d6ece4d44,https://data.chain.link/streams/eth-usd,,
hype-updown-15m-1784116800,HYPE,"Hyperliquid Up or Down - July 15, 8:00AM-8:15AM ET",2026-07-15T12:15:00Z,2026-07-15T12:00:00Z,68.37550368293755,Up,"[""1"", ""0""]",0.99,467.813676,,-0.085,0.01,resolved,0xd90a708e10235d75793c7124d46718082fecf53df4b11da433ef83f15419c2b4,https://data.chain.link/streams/hype-usd,,
sol-updown-15m-1784116800,SOL,"Solana Up or Down - July 15, 8:00AM-8:15AM ET",2026-07-15T12:15:00Z,2026-07-15T12:00:00Z,77.45477317680552,Down,"[""0"", ""1""]",0.01,3860.513253000001,10,-0.5065,0.003,resolved,0xc8f44b0967d2fcd40c135bd378ad5d35d9f1d236b6e9225748b079c5d1dbfbdf,https://data.chain.link/streams/sol-usd,,
xrp-updown-15m-1784116800,XRP,"XRP Up or Down - July 15, 8:00AM-8:15AM ET",2026-07-15T12:15:00Z,2026-07-15T12:00:00Z,1.107482165616844,Down,"[""0"", ""1""]",0.07,2307.4825939999996,,-0.5035,0.001,resolved,0x3fbdca8e8b835c40cf2d0318252865e95cf99d9a46e117ade7ee8244b1f3a68b,https://data.chain.link/streams/xrp-usd,,
bnb-updown-15m-1784117700,BNB,"BNB Up or Down - July 15, 8:15AM-8:30AM ET",2026-07-15T12:30:00Z,2026-07-15T12:15:00Z,577.809551802573,Down,"[""0"", ""1""]",0.001,287.086929,,-0.5045,0.001,resolved,0x4cb62d167c4b98635113075bf303e57f85cfc2a5e31bd3fbab67e5d777dc1fb5,https://data.chain.link/streams/bnb-usd,,
btc-updown-15m-1784117700,BTC,"Bitcoin Up or Down - July 15, 8:15AM-8:30AM ET",2026-07-15T12:30:00Z,2026-07-15T12:15:00Z,64668.89049209457,Down,"[""0"", ""1""]",0.001,33779.07261599999,10,-0.5045,0.001,resolved,0x76c7b1ce029b366bf4cff3bdebd41986bb12ba071ffdb04b9cdfa1065633cd1e,https://data.chain.link/streams/btc-usd,,
doge-updown-15m-1784117700,DOGE,"Dogecoin Up or Down - July 15, 8:15AM-8:30AM ET",2026-07-15T12:30:00Z,2026-07-15T12:15:00Z,0.073701,Down,"[""0"", ""1""]",0.05,543.2601569999999,,-0.495,0.01,resolved,0x0243e7b3306c1d8e370bb4481782a296b13f2fb107aeea1dc4094ee32576e2e5,https://data.chain.link/streams/doge-usd,,
eth-updown-15m-1784117700,ETH,"Ethereum Up or Down - July 15, 8:15AM-8:30AM ET",2026-07-15T12:30:00Z,2026-07-15T12:15:00Z,1881.9280858737793,Up,"[""1"", ""0""]",0.99,9316.433804999997,,0.49,0.01,resolved,0xbeb072e954c8af1a1d2879b7367d25410c4b8fb7df03bdf9b48ac26a9bc771d3,https://data.chain.link/streams/eth-usd,,
hype-updown-15m-1784117700,HYPE,"Hyperliquid Up or Down - July 15, 8:15AM-8:30AM ET",2026-07-15T12:30:00Z,2026-07-15T12:15:00Z,68.41311053866792,Down,"[""0"", ""1""]",0.29,111.2,,-0.495,0.01,resolved,0x606da4ce0af09f1f85bb262ed4723bb66c414b05ccd2050c5149f748e810e0db,https://data.chain.link/streams/hype-usd,,
sol-updown-15m-1784117700,SOL,"Solana Up or Down - July 15, 8:15AM-8:30AM ET",2026-07-15T12:30:00Z,2026-07-15T12:15:00Z,77.38570620897781,Down,"[""0"", ""1""]",0.01,4469.843810999999,10,-0.49,0.01,resolved,0x93e88bb169a5df6163b5dea3418adbadf555945c9b7349cce8e566efa9afd295,https://data.chain.link/streams/sol-usd,,
xrp-updown-15m-1784117700,XRP,"XRP Up or Down - July 15, 8:15AM-8:30AM ET",2026-07-15T12:30:00Z,2026-07-15T12:15:00Z,1.1061278908762302,Up,"[""1"", ""0""]",0.99,1934.9197249999997,,0.49,0.01,resolved,0xa1c7c17069b965a208e243440ae2538de838bada43c3dc38622c9a389648cb2a,https://data.chain.link/streams/xrp-usd,,
bnb-updown-15m-1784118600,BNB,"BNB Up or Down - July 15, 8:30AM-8:45AM ET",2026-07-15T12:45:00Z,2026-07-15T12:30:00Z,577.2414847667801,Up,"[""1"", ""0""]",0.999,450.872861,,0.4945,0.001,resolved,0xe061a38435c350ff7894e429f16432f702b0da5c00ccf6ee504f71805f520248,https://data.chain.link/streams/bnb-usd,,
btc-updown-15m-1784118600,BTC,"Bitcoin Up or Down - July 15, 8:30AM-8:45AM ET",2026-07-15T12:45:00Z,2026-07-15T12:30:00Z,64635.99072916842,Up,"[""1"", ""0""]",0.999,60224.07428399989,539.411754,0.4995,0.007,resolved,0xb7e6cd390c83716b166f2bb587474fcbdf0f6c26e227f4b139543bb5ef5458ab,https://data.chain.link/streams/btc-usd,,
doge-updown-15m-1784118600,DOGE,"Dogecoin Up or Down - July 15, 8:30AM-8:45AM ET",2026-07-15T12:45:00Z,2026-07-15T12:30:00Z,0.07367876,Up,"[""1"", ""0""]",0.999,1225.727343,,0.4995,0.001,resolved,0x727c592c74c21e4cb241ada51e410f88719419dd7bb805fbbaa12c8b5f6a00c7,https://data.chain.link/streams/doge-usd,,
eth-updown-15m-1784118600,ETH,"Ethereum Up or Down - July 15, 8:30AM-8:45AM ET",2026-07-15T12:45:00Z,2026-07-15T12:30:00Z,1883.9784094457398,Up,"[""1"", ""0""]",0.999,13762.817648999999,,0.4945,0.001,resolved,0x9ca002808568e446869af7b3186437502850ed17f2ce3c03e5f6bf298e62d83c,https://data.chain.link/streams/eth-usd,,
hype-updown-15m-1784118600,HYPE,"Hyperliquid Up or Down - July 15, 8:30AM-8:45AM ET",2026-07-15T12:45:00Z,2026-07-15T12:30:00Z,68.32758291948865,Down,"[""0"", ""1""]",0.46,631.2549209999999,,-0.035,0.29,resolved,0x32e5bb5259aeadacfb891b37d1d1ee6a25a0865029139cddfca7129a08d9bbd0,https://data.chain.link/streams/hype-usd,,
sol-updown-15m-1784118600,SOL,"Solana Up or Down - July 15, 8:30AM-8:45AM ET",2026-07-15T12:45:00Z,2026-07-15T12:30:00Z,77.37655726149106,Up,"[""1"", ""0""]",0.999,5779.866983000002,10,0.5,0.008,resolved,0x3b2f96dabb66cc4d24dcd0792ced55a772fbfe5714f81b6bb5aa170bee4aeb3f,https://data.chain.link/streams/sol-usd,,
xrp-updown-15m-1784118600,XRP,"XRP Up or Down - July 15, 8:30AM-8:45AM ET",2026-07-15T12:45:00Z,2026-07-15T12:30:00Z,1.1065360096487313,Up,"[""1"", ""0""]",0.999,5303.371575000002,,0.4945,0.001,resolved,0x04c1b10cf4c9485ba35dd361f3f4ac0897bedd8f290aa15b3f9f005fa7491fdd,https://data.chain.link/streams/xrp-usd,,
bnb-updown-15m-1784119500,BNB,"BNB Up or Down - July 15, 8:45AM-9:00AM ET",2026-07-15T13:00:00Z,2026-07-15T12:45:00Z,578.6131286861471,Up,"[""1"", ""0""]",0.99,2132.640418,196.940418,0.4945,0.001,resolved,0xfd279b13fc9ca55ac0ed50b4631a68f0d268b15b8dafbcab3ded367f4ca5f5e3,https://data.chain.link/streams/bnb-usd,,
btc-updown-15m-1784119500,BTC,"Bitcoin Up or Down - July 15, 8:45AM-9:00AM ET",2026-07-15T13:00:00Z,2026-07-15T12:45:00Z,64742.33656,Up,"[""1"", ""0""]",0.999,50840.60422500001,14759.950185,0.4945,0.001,resolved,0xddfea5aacf9bc13106fb959b852dc34b1f31a0e1d46e6e2bc04e3454ad63daad,https://data.chain.link/streams/btc-usd,,
doge-updown-15m-1784119500,DOGE,"Dogecoin Up or Down - July 15, 8:45AM-9:00AM ET",2026-07-15T13:00:00Z,2026-07-15T12:45:00Z,0.073982,Up,"[""1"", ""0""]",0.999,290.18742399999996,120.552024,0.4995,0.001,resolved,0x399a251c5e7093c19b577569af5109c1807cc3b5383b876391e74e8db46ad859,https://data.chain.link/streams/doge-usd,,
eth-updown-15m-1784119500,ETH,"Ethereum Up or Down - July 15, 8:45AM-9:00AM ET",2026-07-15T13:00:00Z,2026-07-15T12:45:00Z,1891.078161222433,Up,"[""1"", ""0""]",0.999,15616.383190000002,7855.964061,0.4995,0.001,resolved,0x9f9e385ecbdd1f3cd8be86bc274c94cfc3c312b3cb7cd6fde528827e44deba94,https://data.chain.link/streams/eth-usd,,
hype-updown-15m-1784119500,HYPE,"Hyperliquid Up or Down - July 15, 8:45AM-9:00AM ET",2026-07-15T13:00:00Z,2026-07-15T12:45:00Z,68.2655,Up,"[""1"", ""0""]",0.999,213.11277800000002,33.271927,0.4995,0.001,resolved,0x60e94e8cc364bd953bf826579de5e384d095824879b07ab83ff6a4a9d0fe344f,https://data.chain.link/streams/hype-usd,,
sol-updown-15m-1784119500,SOL,"Solana Up or Down - July 15, 8:45AM-9:00AM ET",2026-07-15T13:00:00Z,2026-07-15T12:45:00Z,77.5867308872998,Up,"[""1"", ""0""]",0.999,2290.023221000001,2065.281281,0.5045,0.001,resolved,0x639846d582a515b83e50cfc2ddc600bdd6691931b66eacafc5e1cf5bb9214dfc,https://data.chain.link/streams/sol-usd,,
xrp-updown-15m-1784119500,XRP,"XRP Up or Down - July 15, 8:45AM-9:00AM ET",2026-07-15T13:00:00Z,2026-07-15T12:45:00Z,1.1107386919926243,Up,"[""1"", ""0""]",0.999,2902.2699680000005,1818.980089,0.4945,0.001,resolved,0xaaea5d99faa7c5274cf9588e809731d9ffc0347a7bc8d5d29e2495a360f15f1b,https://data.chain.link/streams/xrp-usd,,
bnb-updown-15m-1784120400,BNB,"BNB Up or Down - July 15, 9:00AM-9:15AM ET",2026-07-15T13:15:00Z,2026-07-15T13:00:00Z,582.1001299777222,Up,"[""1"", ""0""]",0.99,305.85953500000005,,0.4945,0.001,resolved,0x0019966536f63c5bd16a862fe22764bdd401e583f8516b548ba6b4a5cdb9c1e7,https://data.chain.link/streams/bnb-usd,,
btc-updown-15m-1784120400,BTC,"Bitcoin Up or Down - July 15, 9:00AM-9:15AM ET",2026-07-15T13:15:00Z,2026-07-15T13:00:00Z,65107.19663374129,Up,"[""1"", ""0""]",0.999,66850.53195800002,587.607838,0.4945,0.001,resolved,0x5e7dae61530b463e06e0be329ea0a1dd617d6672d2deecf15a750baac8c6df9b,https://data.chain.link/streams/btc-usd,,
doge-updown-15m-1784120400,DOGE,"Dogecoin Up or Down - July 15, 9:00AM-9:15AM ET",2026-07-15T13:15:00Z,2026-07-15T13:00:00Z,0.074645718,Up,"[""1"", ""0""]",0.999,1102.290095,,0.4995,0.001,resolved,0xda2dd178fe6c0147c4574b819a4397703cb1735e8deb06be4f6bb2751d1ead11,https://data.chain.link/streams/doge-usd,,
eth-updown-15m-1784120400,ETH,"Ethereum Up or Down - July 15, 9:00AM-9:15AM ET",2026-07-15T13:15:00Z,2026-07-15T13:00:00Z,1925.5726412311576,Up,"[""1"", ""0""]",0.999,24148.96669299999,222.3274,0.5045,0.001,resolved,0x991da18e025470d8e91b8ed47218b10ce981178bc7373312dea47a939475444f,https://data.chain.link/streams/eth-usd,,
hype-updown-15m-1784120400,HYPE,"Hyperliquid Up or Down - July 15, 9:00AM-9:15AM ET",2026-07-15T13:15:00Z,2026-07-15T13:00:00Z,68.85806371198268,Down,"[""0"", ""1""]",0.51,266.592905,,-0.4995,0.001,resolved,0x5adb21938a4a6fec25e34404783b68da578406edef55e62f555af75b98996c50,https://data.chain.link/streams/hype-usd,,
sol-updown-15m-1784120400,SOL,"Solana Up or Down - July 15, 9:00AM-9:15AM ET",2026-07-15T13:15:00Z,2026-07-15T13:00:00Z,78.21038059141623,Up,"[""1"", ""0""]",0.999,4267.638342000002,,0.4945,0.001,resolved,0x44d870b6ca0fed423d0a3c206d06a15c850c1b85262681f33dbded8a7aa3b5f9,https://data.chain.link/streams/sol-usd,,
xrp-updown-15m-1784120400,XRP,"XRP Up or Down - July 15, 9:00AM-9:15AM ET",2026-07-15T13:15:00Z,2026-07-15T13:00:00Z,1.1201966293339238,Up,"[""1"", ""0""]",0.99,2876.891478000002,,0.4945,0.001,resolved,0xc45b7d0a34aefdcb5d595778f1ddd999ebd241a81358f37580745551db2f15ad,https://data.chain.link/streams/xrp-usd,,
bnb-updown-15m-1784121300,BNB,"BNB Up or Down - July 15, 9:15AM-9:30AM ET",2026-07-15T13:30:00Z,2026-07-15T13:15:00Z,582.94131,Down,"[""0"", ""1""]",0.11,289.24178499999994,,-0.5,0.01,resolved,0x0bb653fbc865602ab7555973b36f5992180cfee6778a76167e89279dfe8a833f,https://data.chain.link/streams/bnb-usd,,
btc-updown-15m-1784121300,BTC,"Bitcoin Up or Down - July 15, 9:15AM-9:30AM ET",2026-07-15T13:30:00Z,2026-07-15T13:15:00Z,65324.40500208897,Down,"[""0"", ""1""]",0.01,63457.382907000036,10,-0.5,0.01,resolved,0xb87ffd09ee3198081c788b0e8c3ea2d6171a10cc191d398ccd31251f93d9527d,https://data.chain.link/streams/btc-usd,,
doge-updown-15m-1784121300,DOGE,"Dogecoin Up or Down - July 15, 9:15AM-9:30AM ET",2026-07-15T13:30:00Z,2026-07-15T13:15:00Z,0.074963151,Up,"[""1"", ""0""]",0.99,1017.9108700000002,,0.495,0.01,resolved,0x23e385a8bbbb12ffa6b13d000eb0c51dfab885fb2d45ad670569bbba0522bd04,https://data.chain.link/streams/doge-usd,,
eth-updown-15m-1784121300,ETH,"Ethereum Up or Down - July 15, 9:15AM-9:30AM ET",2026-07-15T13:30:00Z,2026-07-15T13:15:00Z,1937.1190850827638,Down,"[""0"", ""1""]",0.03,15840.559862000026,33,-0.49,0.01,resolved,0x47bf444b83b34caaba9f3262138f07129d947dd0bf30ecd3e4e276a2cac83647,https://data.chain.link/streams/eth-usd,,
hype-updown-15m-1784121300,HYPE,"Hyperliquid Up or Down - July 15, 9:15AM-9:30AM ET",2026-07-15T13:30:00Z,2026-07-15T13:15:00Z,68.62129524535392,Up,"[""1"", ""0""]",0.99,30.434775000000002,,0.495,0.01,resolved,0x07ceb62997691a307e2de003d8f7c59dcee0405682ef3a9aa5d25908664a84cf,https://data.chain.link/streams/hype-usd,,
sol-updown-15m-1784121300,SOL,"Solana Up or Down - July 15, 9:15AM-9:30AM ET",2026-07-15T13:30:00Z,2026-07-15T13:15:00Z,78.76861258914656,Down,"[""0"", ""1""]",0.019,5792.963808000001,,-0.5045,0.001,resolved,0xc83c72dc3a55075b13065741ea34fa5ccfd54e24e6f522200b2379e75d870120,https://data.chain.link/streams/sol-usd,,
xrp-updown-15m-1784121300,XRP,"XRP Up or Down - July 15, 9:15AM-9:30AM ET",2026-07-15T13:30:00Z,2026-07-15T13:15:00Z,1.1224439216207343,Up,"[""1"", ""0""]",0.999,4845.995398000001,,0.4945,0.001,resolved,0xd3b89e3ab34b49deddb1b4a9c386c28d10186735842a4755d024a0d2c895f80e,https://data.chain.link/streams/xrp-usd,,
bnb-updown-15m-1784122200,BNB,"BNB Up or Down - July 15, 9:30AM-9:45AM ET",2026-07-15T13:45:00Z,2026-07-15T13:30:00Z,582.7695701576324,Up,"[""1"", ""0""]",0.99,208.85907100000003,,0.49,0.01,resolved,0x36735b2b2debc81dc1cd423e0fa01580ad3d6fc709c3ca43640f8a9dfa187453,https://data.chain.link/streams/bnb-usd,,
btc-updown-15m-1784122200,BTC,"Bitcoin Up or Down - July 15, 9:30AM-9:45AM ET",2026-07-15T13:45:00Z,2026-07-15T13:30:00Z,65254.953915000006,Down,"[""0"", ""1""]",0.01,64293.81495799998,33,0.3,0.01,resolved,0xbad27fd968960172d79bece3baff8b77bcb12154bcd5eee3b2006cf47d5e9437,https://data.chain.link/streams/btc-usd,,
doge-updown-15m-1784122200,DOGE,"Dogecoin Up or Down - July 15, 9:30AM-9:45AM ET",2026-07-15T13:45:00Z,2026-07-15T13:30:00Z,0.0749836,Down,"[""0"", ""1""]",0.58,720.6033450000001,,-0.37,0.24,resolved,0x7a6b2e9850258a78828df875b980399670abda3d978feba4da0da226d7447a77,https://data.chain.link/streams/doge-usd,,
eth-updown-15m-1784122200,ETH,"Ethereum Up or Down - July 15, 9:30AM-9:45AM ET",2026-07-15T13:45:00Z,2026-07-15T13:30:00Z,1934.9691140902664,Down,"[""0"", ""1""]",0.04,13169.032704999989,33,-0.49,0.01,resolved,0x19b6fc380db97d107528d8f054361715fcb1f3648f2e77e914d62a4476f386d5,https://data.chain.link/streams/eth-usd,,
hype-updown-15m-1784122200,HYPE,"Hyperliquid Up or Down - July 15, 9:30AM-9:45AM ET",2026-07-15T13:45:00Z,2026-07-15T13:30:00Z,68.79349503336506,Down,"[""0"", ""1""]",0.5,42.769118000000006,,-0.4945,0.009,resolved,0x521d16e866bd776ea0e9928bb032c6c64fb8da8f1e7a13e6f9e2264746fdc7e0,https://data.chain.link/streams/hype-usd,,
sol-updown-15m-1784122200,SOL,"Solana Up or Down - July 15, 9:30AM-9:45AM ET",2026-07-15T13:45:00Z,2026-07-15T13:30:00Z,78.60490704135245,Down,"[""0"", ""1""]",0.09,4414.832171000001,,-0.5,0.01,resolved,0x4066c19a3208b6b36ba1dd2d6e0a222b72bf09e821c32cd0cdc7580fcd2481a1,https://data.chain.link/streams/sol-usd,,
xrp-updown-15m-1784122200,XRP,"XRP Up or Down - July 15, 9:30AM-9:45AM ET",2026-07-15T13:45:00Z,2026-07-15T13:30:00Z,1.1241201,Up,"[""1"", ""0""]",0.99,4095.0821779999997,,0.4945,0.001,resolved,0xe6da4c4ee735730b5891aef4bc8ed76d93869fa7ef70fe3d3ab904537062079b,https://data.chain.link/streams/xrp-usd,,
bnb-updown-15m-1784123100,BNB,"BNB Up or Down - July 15, 9:45AM-10:00AM ET",2026-07-15T14:00:00Z,2026-07-15T13:45:00Z,583.05767,Down,"[""0"", ""1""]",0.009,462.423618,195.642117,-0.5045,0.001,resolved,0x83565b537570ef527ce88e9f5f590c35da11111664d068ec67c98f1696c43ca6,https://data.chain.link/streams/bnb-usd,,
btc-updown-15m-1784123100,BTC,"Bitcoin Up or Down - July 15, 9:45AM-10:00AM ET",2026-07-15T14:00:00Z,2026-07-15T13:45:00Z,65221.512108762945,Down,"[""0"", ""1""]",0.001,64002.423313999985,26527.056308,-0.5045,0.001,resolved,0x16daf72b6f67e19c79ed2f015ab899f8d1bf155c6bdf7e41c24f6832d9f6e21f,https://data.chain.link/streams/btc-usd,,
doge-updown-15m-1784123100,DOGE,"Dogecoin Up or Down - July 15, 9:45AM-10:00AM ET",2026-07-15T14:00:00Z,2026-07-15T13:45:00Z,0.07480953553739365,Down,"[""0"", ""1""]",0.3,191.796069,161.796069,-0.4995,0.001,resolved,0xe4444c01413c4cec7b3b1cd11de8532f8e84f7334a12e178b2ba93bed9a74ee4,https://data.chain.link/streams/doge-usd,,
eth-updown-15m-1784123100,ETH,"Ethereum Up or Down - July 15, 9:45AM-10:00AM ET",2026-07-15T14:00:00Z,2026-07-15T13:45:00Z,1931.8148841406712,Down,"[""0"", ""1""]",0.003,16263.586849000003,9986.930262,-0.5045,0.001,resolved,0x3c871c599a14a131259cc1fd4bded6179303491af56964c6db5934cd47208633,https://data.chain.link/streams/eth-usd,,
hype-updown-15m-1784123100,HYPE,"Hyperliquid Up or Down - July 15, 9:45AM-10:00AM ET",2026-07-15T14:00:00Z,2026-07-15T13:45:00Z,68.55064833280957,Down,"[""0"", ""1""]",0.11,329.860407,61.876976,-0.495,0.01,resolved,0x35debcc353435784fe8992c5a14128fece57ca45e0b9c908ee8d3c4fd321c101,https://data.chain.link/streams/hype-usd,,
sol-updown-15m-1784123100,SOL,"Solana Up or Down - July 15, 9:45AM-10:00AM ET",2026-07-15T14:00:00Z,2026-07-15T13:45:00Z,78.44118549999999,Down,"[""0"", ""1""]",0.001,3118.761132999999,3085.146758,-0.4945,0.001,resolved,0xbad61c81e839542a455f0e2baa9c3018648fd06e039876a45e37824a61d1908a,https://data.chain.link/streams/sol-usd,,
xrp-updown-15m-1784123100,XRP,"XRP Up or Down - July 15, 9:45AM-10:00AM ET",2026-07-15T14:00:00Z,2026-07-15T13:45:00Z,1.12545375,Down,"[""0"", ""1""]",0.01,1882.262048,1857.632313,-0.5045,0.001,resolved,0x6e6d982cc886959f28976443f55ad6bf0212dedfc3e9dd041d2eca0a98364487,https://data.chain.link/streams/xrp-usd,,
bnb-updown-15m-1784124000,BNB,"BNB Up or Down - July 15, 10:00AM-10:15AM ET",2026-07-15T14:15:00Z,2026-07-15T14:00:00Z,581.9519607020304,Down,"[""0"", ""1""]",0.566,259.347883,,-0.5045,0.001,resolved,0x681c5b7deb28927757b2367e99449a5e8fbc26690e1a6efa7618442fc1fbbd2b,https://data.chain.link/streams/bnb-usd,,
btc-updown-15m-1784124000,BTC,"Bitcoin Up or Down - July 15, 10:00AM-10:15AM ET",2026-07-15T14:15:00Z,2026-07-15T14:00:00Z,65056.938944999994,Up,"[""1"", ""0""]",0.999,41154.24780300002,868.268992,0.4945,0.001,resolved,0x7417e9b3a1702c7b7299bc632e3a01c61607a4fa06df90d4327de3aaa56a2a45,https://data.chain.link/streams/btc-usd,,
doge-updown-15m-1784124000,DOGE,"Dogecoin Up or Down - July 15, 10:00AM-10:15AM ET",2026-07-15T14:15:00Z,2026-07-15T14:00:00Z,0.07449437249822696,Up,"[""1"", ""0""]",0.999,147.720402,,0.4995,0.001,resolved,0x8b0ee13989b3ac5f5c432950034154d34940a15c47718e22aac54e2b3fa9b267,https://data.chain.link/streams/doge-usd,,
eth-updown-15m-1784124000,ETH,"Ethereum Up or Down - July 15, 10:00AM-10:15AM ET",2026-07-15T14:15:00Z,2026-07-15T14:00:00Z,1923.9695695211185,Up,"[""1"", ""0""]",0.999,11229.433589999999,211.257883,0.4945,0.001,resolved,0x74d2f9459ea15ad14c1be448c764e2dea645bacf63245c935564c75c56b8cf49,https://data.chain.link/streams/eth-usd,,
hype-updown-15m-1784124000,HYPE,"Hyperliquid Up or Down - July 15, 10:00AM-10:15AM ET",2026-07-15T14:15:00Z,2026-07-15T14:00:00Z,68.407259084426,Up,"[""1"", ""0""]",0.999,163.982933,,0.4995,0.001,resolved,0xa03fe7d845114ba99527e4c3b85457f17df07f2231a2360e13a46af39c55bcf0,https://data.chain.link/streams/hype-usd,,
sol-updown-15m-1784124000,SOL,"Solana Up or Down - July 15, 10:00AM-10:15AM ET",2026-07-15T14:15:00Z,2026-07-15T14:00:00Z,78.02813338799487,Up,"[""1"", ""0""]",0.999,3616.612446999998,184.596313,0.4945,0.001,resolved,0xb2bbb457cdd1f9e1ec12233d95b40b302cae597e5c4c2bc313ac1d65bbdf8e24,https://data.chain.link/streams/sol-usd,,
xrp-updown-15m-1784124000,XRP,"XRP Up or Down - July 15, 10:00AM-10:15AM ET",2026-07-15T14:15:00Z,2026-07-15T14:00:00Z,1.1206978447920697,Up,"[""1"", ""0""]",0.999,1647.9195619999998,5,0.4945,0.001,resolved,0x8f41b3ecddc4b5d286c28d33c48274ce59ff799522008c6841b4498467551706,https://data.chain.link/streams/xrp-usd,,
bnb-updown-15m-1784124900,BNB,"BNB Up or Down - July 15, 10:15AM-10:30AM ET",2026-07-15T14:30:00Z,2026-07-15T14:15:00Z,581.9396717829047,Down,"[""0"", ""1""]",0.01,115.131052,,-0.5045,0.001,resolved,0x27e6861767925f5810a24688cf3aa66de7f5bea9385c0b330878515b9a6f6366,https://data.chain.link/streams/bnb-usd,,
btc-updown-15m-1784124900,BTC,"Bitcoin Up or Down - July 15, 10:15AM-10:30AM ET",2026-07-15T14:30:00Z,2026-07-15T14:15:00Z,65230.26223694554,Up,"[""1"", ""0""]",0.99,65580.39950199994,,0.49,0.01,resolved,0x6a65b98676fcbffd28756152a0c03030ac8d8a42263015772fba82c713a3654a,https://data.chain.link/streams/btc-usd,,
doge-updown-15m-1784124900,DOGE,"Dogecoin Up or Down - July 15, 10:15AM-10:30AM ET",2026-07-15T14:30:00Z,2026-07-15T14:15:00Z,0.074737091,Up,"[""1"", ""0""]",0.99,874.2004369999999,24.90195,0.5,0.01,resolved,0x09225e2cc1fb944e1d1c1edc029fb8bb399f4dd62c53cb9226cdc7aa57d02edd,https://data.chain.link/streams/doge-usd,,
eth-updown-15m-1784124900,ETH,"Ethereum Up or Down - July 15, 10:15AM-10:30AM ET",2026-07-15T14:30:00Z,2026-07-15T14:15:00Z,1927.4364570396947,Down,"[""0"", ""1""]",0.01,16877.78032800001,,-0.5,0.01,resolved,0xb73e35dc82b770768aec6885884255632b6999b113589d4c0707e94b5fef800c,https://data.chain.link/streams/eth-usd,,
hype-updown-15m-1784124900,HYPE,"Hyperliquid Up or Down - July 15, 10:15AM-10:30AM ET",2026-07-15T14:30:00Z,2026-07-15T14:15:00Z,68.72759835720643,Down,"[""0"", ""1""]",,91.692932,,-0.4995,0.001,resolved,0xd5843443029a9ab9aeae83f1a41653cf5417c67eec840e645a1b17cdc91c2e63,https://data.chain.link/streams/hype-usd,,
sol-updown-15m-1784124900,SOL,"Solana Up or Down - July 15, 10:15AM-10:30AM ET",2026-07-15T14:30:00Z,2026-07-15T14:15:00Z,78.04837943375199,Up,"[""1"", ""0""]",0.99,5145.786469999999,,0.49,0.01,resolved,0x01476967a4d367a50e93d22f80496180372b2666c4f5b38698767a60e0fc848c,https://data.chain.link/streams/sol-usd,,
xrp-updown-15m-1784124900,XRP,"XRP Up or Down - July 15, 10:15AM-10:30AM ET",2026-07-15T14:30:00Z,2026-07-15T14:15:00Z,1.12453725,Down,"[""0"", ""1""]",0.01,1636.5685000000003,,-0.5045,0.001,resolved,0xe1725f870d35e0cf0e2db4d2ef0fc9df1db80519ccb3e76a3977436af325321a,https://data.chain.link/streams/xrp-usd,,
bnb-updown-15m-1784125800,BNB,"BNB Up or Down - July 15, 10:30AM-10:45AM ET",2026-07-15T14:45:00Z,2026-07-15T14:30:00Z,581.1043251743226,Down,"[""0"", ""1""]",0.16,201.118506,,-0.435,0.04,resolved,0xf5c6eb51f43e63bc2bdaa70398a75a598600a2db2f1c4038085aa144afe4662c,https://data.chain.link/streams/bnb-usd,,
btc-updown-15m-1784125800,BTC,"Bitcoin Up or Down - July 15, 10:30AM-10:45AM ET",2026-07-15T14:45:00Z,2026-07-15T14:30:00Z,65270.66146649117,Up,"[""1"", ""0""]",0.999,57897.906076999985,,0.46,0.01,resolved,0xe400429b39768c50b22ad63f0301d32488d5ba5e97512cb3962478762db0742d,https://data.chain.link/streams/btc-usd,,
doge-updown-15m-1784125800,DOGE,"Dogecoin Up or Down - July 15, 10:30AM-10:45AM ET",2026-07-15T14:45:00Z,2026-07-15T14:30:00Z,0.07476964593216377,Down,"[""0"", ""1""]",0.08,311.270177,,-0.495,0.01,resolved,0x00e46b75103a568da14863436752f7b6ef0bf094528fe74bae5a05683310a7ad,https://data.chain.link/streams/doge-usd,,
eth-updown-15m-1784125800,ETH,"Ethereum Up or Down - July 15, 10:30AM-10:45AM ET",2026-07-15T14:45:00Z,2026-07-15T14:30:00Z,1927.4024749999999,Down,"[""0"", ""1""]",0.01,9577.768825000003,,-0.36,0.01,resolved,0x521d45055ff0ca60327bc1f39a498439e52cfede7fa50afa8c8587647d691082,https://data.chain.link/streams/eth-usd,,
hype-updown-15m-1784125800,HYPE,"Hyperliquid Up or Down - July 15, 10:30AM-10:45AM ET",2026-07-15T14:45:00Z,2026-07-15T14:30:00Z,68.54248383487776,Down,"[""0"", ""1""]",0.66,72.736637,,-0.495,0.01,resolved,0x78b682aed3e74d705cf78ff26a78773e77e0974a8fc07454f7eb42b6aaeea313,https://data.chain.link/streams/hype-usd,,
sol-updown-15m-1784125800,SOL,"Solana Up or Down - July 15, 10:30AM-10:45AM ET",2026-07-15T14:45:00Z,2026-07-15T14:30:00Z,78.06836999703708,Down,"[""0"", ""1""]",0.01,3153.058172,,-0.5,0.01,resolved,0x640b5c3f34cce18b7d4aec0276e0b91626ce38a5e2dc761ddb1ebc0d930e6249,https://data.chain.link/streams/sol-usd,,
xrp-updown-15m-1784125800,XRP,"XRP Up or Down - July 15, 10:30AM-10:45AM ET",2026-07-15T14:45:00Z,2026-07-15T14:30:00Z,1.12096517214995,Up,"[""1"", ""0""]",0.999,2415.4730659999996,,0.4895,0.009,resolved,0x84c003cef1190cde0facd6caa23e0f131a526cb21835d72c7a22bc48d49b8410,https://data.chain.link/streams/xrp-usd,,
bnb-updown-15m-1784126700,BNB,"BNB Up or Down - July 15, 10:45AM-11:00AM ET",2026-07-15T15:00:00Z,2026-07-15T14:45:00Z,580.612113846864,Up,"[""1"", ""0""]",0.99,188.621376,168.351927,0.49,0.01,resolved,0x8c0d7915b1cf8bfee5d9f643c181f1e691ca3df4d06f52b1ddc1c100ad2a6fc1,https://data.chain.link/streams/bnb-usd,,
btc-updown-15m-1784126700,BTC,"Bitcoin Up or Down - July 15, 10:45AM-11:00AM ET",2026-07-15T15:00:00Z,2026-07-15T14:45:00Z,65317.68842686153,Up,"[""1"", ""0""]",0.999,52697.72424399993,9349.620759,0.49,0.01,resolved,0xba085d10ff480c466041bdee3d1e116f63d784f43227236dc73951a2a3f2abc5,https://data.chain.link/streams/btc-usd,,
doge-updown-15m-1784126700,DOGE,"Dogecoin Up or Down - July 15, 10:45AM-11:00AM ET",2026-07-15T15:00:00Z,2026-07-15T14:45:00Z,0.074684528,Up,"[""1"", ""0""]",0.999,234.52378399999998,45,0.4995,0.001,resolved,0xfdbc87a6042ce79edc9a35ad736f0fdd3d496345ce47aeb060e081da3a810fab,https://data.chain.link/streams/doge-usd,,
eth-updown-15m-1784126700,ETH,"Ethereum Up or Down - July 15, 10:45AM-11:00AM ET",2026-07-15T15:00:00Z,2026-07-15T14:45:00Z,1926.2190005602952,Up,"[""1"", ""0""]",0.999,8146.064980000003,3528.834857,0.4945,0.001,resolved,0x13cd16f939cb058511037ead8610e4e1826effee5060c106d15961cd82cc19e6,https://data.chain.link/streams/eth-usd,,
hype-updown-15m-1784126700,HYPE,"Hyperliquid Up or Down - July 15, 10:45AM-11:00AM ET",2026-07-15T15:00:00Z,2026-07-15T14:45:00Z,68.37577106682738,Down,"[""0"", ""1""]",0.23,541.031295,132,-0.4995,0.001,resolved,0x087fe707903ff7aef9cba25f0977be6ab8aed4cb2f7328b5db4139f1c19db6df,https://data.chain.link/streams/hype-usd,,
sol-updown-15m-1784126700,SOL,"Solana Up or Down - July 15, 10:45AM-11:00AM ET",2026-07-15T15:00:00Z,2026-07-15T14:45:00Z,77.89950671113162,Up,"[""1"", ""0""]",0.999,3927.2844409999993,1584.652932,0.4945,0.001,resolved,0x7fb4e59982171e512ea018bcde3aa9ed7a4c79e28d45b10a6ca653a88a8f44df,https://data.chain.link/streams/sol-usd,,
xrp-updown-15m-1784126700,XRP,"XRP Up or Down - July 15, 10:45AM-11:00AM ET",2026-07-15T15:00:00Z,2026-07-15T14:45:00Z,1.1223829682587367,Up,"[""1"", ""0""]",0.99,1551.5754129999996,1105.528598,0.49,0.01,resolved,0xb0a2b1d090ca2d0504058c225001975dafdfefddb13222fba8b15b1ed6f349e1,https://data.chain.link/streams/xrp-usd,,
bnb-updown-15m-1784127600,BNB,"BNB Up or Down - July 15, 11:00AM-11:15AM ET",2026-07-15T15:15:00Z,2026-07-15T15:00:00Z,581.1056100000001,Down,"[""0"", ""1""]",0.59,173.45535500000005,,-0.385,0.14,resolved,0x3a8561552fccf7514eedd2b5d4d020dbccd21b7fae4dbe6a7bf9be0bd2fcbdb6,https://data.chain.link/streams/bnb-usd,,
btc-updown-15m-1784127600,BTC,"Bitcoin Up or Down - July 15, 11:00AM-11:15AM ET",2026-07-15T15:15:00Z,2026-07-15T15:00:00Z,65339.16041349372,Up,"[""1"", ""0""]",0.99,95937.11845399995,570.865382,0.16,0.01,resolved,0xebd24c05bf955a6008dcff15ef0e0f050d9043983084d2b97c73483525c44573,https://data.chain.link/streams/btc-usd,,
doge-updown-15m-1784127600,DOGE,"Dogecoin Up or Down - July 15, 11:00AM-11:15AM ET",2026-07-15T15:15:00Z,2026-07-15T15:00:00Z,0.074838943,Down,"[""0"", ""1""]",0.22,507.840449,,-0.495,0.01,resolved,0x352ce0a4a4349adbe2e7700f156403a55e3e5e95475ddc6e2ff4cd17f41f9daa,https://data.chain.link/streams/doge-usd,,
eth-updown-15m-1784127600,ETH,"Ethereum Up or Down - July 15, 11:00AM-11:15AM ET",2026-07-15T15:15:00Z,2026-07-15T15:00:00Z,1931.471252525726,Down,"[""0"", ""1""]",0.05,9692.514912000008,44.999999,-0.5,0.01,resolved,0x96161f01773357220da03d5fb1f7a06d96c3db0c23e077434b2ec0481e9dde1c,https://data.chain.link/streams/eth-usd,,
hype-updown-15m-1784127600,HYPE,"Hyperliquid Up or Down - July 15, 11:00AM-11:15AM ET",2026-07-15T15:15:00Z,2026-07-15T15:00:00Z,68.257212,Down,"[""0"", ""1""]",0.1,265.82726699999995,,-0.495,0.01,resolved,0x7b2d1f51c7eadc1b8734eda6f818bd43322859cc89b8da52fba209a925b44e45,https://data.chain.link/streams/hype-usd,,
sol-updown-15m-1784127600,SOL,"Solana Up or Down - July 15, 11:00AM-11:15AM ET",2026-07-15T15:15:00Z,2026-07-15T15:00:00Z,78.14704734316673,Down,"[""0"", ""1""]",0.02,2997.0780489999993,10,-0.5,0.01,resolved,0x992416cfc9b7b0eb440a46f9f236c042424dedd8aa84fe0bab61fb7fba394cb2,https://data.chain.link/streams/sol-usd,,
xrp-updown-15m-1784127600,XRP,"XRP Up or Down - July 15, 11:00AM-11:15AM ET",2026-07-15T15:15:00Z,2026-07-15T15:00:00Z,1.1247718470679442,Down,"[""0"", ""1""]",0.11,2061.1932589999997,5,-0.31,0.09,resolved,0x990902039747ac8dd12451ba741c8170c4cf7d95014b709cede6dc9a556a2605,https://data.chain.link/streams/xrp-usd,,
bnb-updown-15m-1784128500,BNB,"BNB Up or Down - July 15, 11:15AM-11:30AM ET",2026-07-15T15:30:00Z,2026-07-15T15:15:00Z,580.62094,Up,"[""1"", ""0""]",0.99,113.06000300000001,,0.49,0.01,resolved,0xacae59898a8de058c92214026cf4f63a3cf0e815b90e7ecfd9b8c3ec8b600e25,https://data.chain.link/streams/bnb-usd,,
btc-updown-15m-1784128500,BTC,"Bitcoin Up or Down - July 15, 11:15AM-11:30AM ET",2026-07-15T15:30:00Z,2026-07-15T15:15:00Z,65344.80747059883,Up,"[""1"", ""0""]",0.99,52662.14803500002,,0.49,0.01,resolved,0x5b64e7055be99b69e739194ea27e3375bfb8e69443022917304eeefd4a6119d2,https://data.chain.link/streams/btc-usd,,
doge-updown-15m-1784128500,DOGE,"Dogecoin Up or Down - July 15, 11:15AM-11:30AM ET",2026-07-15T15:30:00Z,2026-07-15T15:15:00Z,0.07451432540850782,Down,"[""0"", ""1""]",0.03,215.172582,,-0.495,0.01,resolved,0x6a011c5454011560d969d04c24ab43098933b66ece1a902f23238a9079ec1f9b,https://data.chain.link/streams/doge-usd,,
eth-updown-15m-1784128500,ETH,"Ethereum Up or Down - July 15, 11:15AM-11:30AM ET",2026-07-15T15:30:00Z,2026-07-15T15:15:00Z,1928.7647,Up,"[""1"", ""0""]",0.99,10105.325914000005,33,0.49,0.01,resolved,0x5c85fc63d360c49a1b343755cf4ae93ed6b832416b08b1b4f5e2481ee93894f2,https://data.chain.link/streams/eth-usd,,
hype-updown-15m-1784128500,HYPE,"Hyperliquid Up or Down - July 15, 11:15AM-11:30AM ET",2026-07-15T15:30:00Z,2026-07-15T15:15:00Z,67.8582,Down,"[""0"", ""1""]",0.28,359.598722,,-0.4995,0.001,resolved,0x54e4992fc0f0abd5b29df22f4a570891c53c69e66fcb4ec8616a4202583589ba,https://data.chain.link/streams/hype-usd,,
sol-updown-15m-1784128500,SOL,"Solana Up or Down - July 15, 11:15AM-11:30AM ET",2026-07-15T15:30:00Z,2026-07-15T15:15:00Z,77.88008080235808,Up,"[""1"", ""0""]",0.99,5388.69319,,0.49,0.01,resolved,0x2f7d77ce7a6e7740e4ebdd2aa62589041cf84783775b639cf76487f55fea2f6d,https://data.chain.link/streams/sol-usd,,
xrp-updown-15m-1784128500,XRP,"XRP Up or Down - July 15, 11:15AM-11:30AM ET",2026-07-15T15:30:00Z,2026-07-15T15:15:00Z,1.1228645214057549,Up,"[""1"", ""0""]",0.99,2805.578261,,0.49,0.01,resolved,0x6b6e273c64d2b74527e77000de78357d77cfd17701d83c9443eca69b6adbcf94,https://data.chain.link/streams/xrp-usd,,
bnb-updown-15m-1784129400,BNB,"BNB Up or Down - July 15, 11:30AM-11:45AM ET",2026-07-15T15:45:00Z,2026-07-15T15:30:00Z,580.9434633069803,Up,"[""1"", ""0""]",0.99,117.364246,,0.42,0.09,resolved,0xf0ce39a9caf96d58921492b59a4be41e8836a5ede23cf920363acfc19ba6a677,https://data.chain.link/streams/bnb-usd,,
btc-updown-15m-1784129400,BTC,"Bitcoin Up or Down - July 15, 11:30AM-11:45AM ET",2026-07-15T15:45:00Z,2026-07-15T15:30:00Z,65347.514655,Up,"[""1"", ""0""]",0.999,37997.33725199998,1059.019598,0.5,0.01,resolved,0xa74ba85b9311b4e18828648ab1dc16edde1c5ea296ca11001036d78fcbea37fc,https://data.chain.link/streams/btc-usd,,
doge-updown-15m-1784129400,DOGE,"Dogecoin Up or Down - July 15, 11:30AM-11:45AM ET",2026-07-15T15:45:00Z,2026-07-15T15:30:00Z,0.07448135410827371,Up,"[""1"", ""0""]",0.999,590.45057,,0.495,0.008,resolved,0x494e917756238f7ac10b0dfaf62980a4665743735f6f58ca6d02be33ebe9b14d,https://data.chain.link/streams/doge-usd,,
eth-updown-15m-1784129400,ETH,"Ethereum Up or Down - July 15, 11:30AM-11:45AM ET",2026-07-15T15:45:00Z,2026-07-15T15:30:00Z,1929.862578539284,Up,"[""1"", ""0""]",0.99,11046.670738000003,33,0.49,0.01,resolved,0x374e3280e2e07b7878d7a26d6e69f856264bb40d0325e21e8ae45e97e79d2ba1,https://data.chain.link/streams/eth-usd,,
hype-updown-15m-1784129400,HYPE,"Hyperliquid Up or Down - July 15, 11:30AM-11:45AM ET",2026-07-15T15:45:00Z,2026-07-15T15:30:00Z,67.73492300000001,Up,"[""1"", ""0""]",0.999,189.653231,,0.4945,0.009,resolved,0xacca4ff4531c428537a1a16093f73cf606ee6e7cc43cbbb6d81f0185f5c15ce1,https://data.chain.link/streams/hype-usd,,
sol-updown-15m-1784129400,SOL,"Solana Up or Down - July 15, 11:30AM-11:45AM ET",2026-07-15T15:45:00Z,2026-07-15T15:30:00Z,78.0007285,Up,"[""1"", ""0""]",0.99,3782.7335369999996,,0.46,0.01,resolved,0xc552d28e53c19adf6d378864fccf745aa2f08f471bc275bd301bfee61abb013a,https://data.chain.link/streams/sol-usd,,
xrp-updown-15m-1784129400,XRP,"XRP Up or Down - July 15, 11:30AM-11:45AM ET",2026-07-15T15:45:00Z,2026-07-15T15:30:00Z,1.123489024266627,Up,"[""1"", ""0""]",0.999,2532.902518000001,,0.4895,0.009,resolved,0xe520b0d17b8cbcac066cb3ff6d9010c713cf522d4b0ce48fa65a02c28ec86baf,https://data.chain.link/streams/xrp-usd,,
bnb-updown-15m-1784130300,BNB,"BNB Up or Down - July 15, 11:45AM-12:00PM ET",2026-07-15T16:00:00Z,2026-07-15T15:45:00Z,581.2324138273356,Down,"[""0"", ""1""]",0.17,370.70172800000006,196.98454,-0.5,0.01,resolved,0x79ebd6a1fdd7bb01f367f3baf97641d75781fac0e53b4a1edb07d29d1c4b6507,https://data.chain.link/streams/bnb-usd,,
btc-updown-15m-1784130300,BTC,"Bitcoin Up or Down - July 15, 11:45AM-12:00PM ET",2026-07-15T16:00:00Z,2026-07-15T15:45:00Z,65427.85653731689,Down,"[""0"", ""1""]",0.01,67701.25840300003,14878.947574,-0.5,0.01,resolved,0xa5548c7e901a70b7a6d7328879461bf42131dcdfb6a6631335bbf917bd7359a3,https://data.chain.link/streams/btc-usd,,
doge-updown-15m-1784130300,DOGE,"Dogecoin Up or Down - July 15, 11:45AM-12:00PM ET",2026-07-15T16:00:00Z,2026-07-15T15:45:00Z,0.0746494,Down,"[""0"", ""1""]",0.01,294.78446199999996,36.234041,-0.495,0.01,resolved,0x910019bea6cb989971146b9ff0d089c51ea04f3008833a08f05c6e1c7dfba580,https://data.chain.link/streams/doge-usd,,
eth-updown-15m-1784130300,ETH,"Ethereum Up or Down - July 15, 11:45AM-12:00PM ET",2026-07-15T16:00:00Z,2026-07-15T15:45:00Z,1932.44095,Down,"[""0"", ""1""]",0.001,9116.024407999996,2543.267154,-0.5045,0.001,resolved,0x769243f5e9264afb3c5c09605cd56dedc6c11a0b0ecf0978e84b18e992bc605a,https://data.chain.link/streams/eth-usd,,
hype-updown-15m-1784130300,HYPE,"Hyperliquid Up or Down - July 15, 11:45AM-12:00PM ET",2026-07-15T16:00:00Z,2026-07-15T15:45:00Z,67.96720499999999,Down,"[""0"", ""1""]",0.5,166.547776,23.777776,-0.4995,0.001,resolved,0x91284937acd5b8b9484b39fca521f08833958886f4b75e3d8dba8e652e42613a,https://data.chain.link/streams/hype-usd,,
sol-updown-15m-1784130300,SOL,"Solana Up or Down - July 15, 11:45AM-12:00PM ET",2026-07-15T16:00:00Z,2026-07-15T15:45:00Z,78.07314099999999,Down,"[""0"", ""1""]",0.019,2724.2093560000003,1376.761966,-0.5045,0.001,resolved,0xc5387e6e55dbeaa8e3c16aef3c432671b52a1b1725d5afd3d7cc42092dc5f835,https://data.chain.link/streams/sol-usd,,
xrp-updown-15m-1784130300,XRP,"XRP Up or Down - July 15, 11:45AM-12:00PM ET",2026-07-15T16:00:00Z,2026-07-15T15:45:00Z,1.1249166710459229,Up,"[""1"", ""0""]",0.99,2228.952196,1093.834521,0.49,0.01,resolved,0x15b4dcd5a05700fb8249e3da3cb4aa9796b5f4cc8a988a04ccb87a7779df8f54,https://data.chain.link/streams/xrp-usd,,
bnb-updown-15m-1784131200,BNB,"BNB Up or Down - July 15, 12:00PM-12:15PM ET",2026-07-15T16:15:00Z,2026-07-15T16:00:00Z,581.17813,Down,"[""0"", ""1""]",0.001,1293.429496,,-0.5045,0.001,resolved,0x4b4f5cd931e55a224658215d29e9e46a91326ed70a10f492f26aa9ba73aa19be,https://data.chain.link/streams/bnb-usd,,
btc-updown-15m-1784131200,BTC,"Bitcoin Up or Down - July 15, 12:00PM-12:15PM ET",2026-07-15T16:15:00Z,2026-07-15T16:00:00Z,65366.05682633481,Down,"[""0"", ""1""]",0.001,53356.87136499998,686.303706,-0.4945,0.001,resolved,0x3a9c152378a6554175c45a6596ade639906d640086230566d6927ea709c0ed3e,https://data.chain.link/streams/btc-usd,,
doge-updown-15m-1784131200,DOGE,"Dogecoin Up or Down - July 15, 12:00PM-12:15PM ET",2026-07-15T16:15:00Z,2026-07-15T16:00:00Z,0.0745601,Down,"[""0"", ""1""]",0.001,1729.441132,,-0.4995,0.001,resolved,0x8bd05a38ebab9bdb73177c0f73a87b270b908c37a89caa7def5bc52cd3a1d382,https://data.chain.link/streams/doge-usd,,
eth-updown-15m-1784131200,ETH,"Ethereum Up or Down - July 15, 12:00PM-12:15PM ET",2026-07-15T16:15:00Z,2026-07-15T16:00:00Z,1930.03186941517,Down,"[""0"", ""1""]",0.001,12327.417883000006,29.411763,-0.5045,0.001,resolved,0xb02c7bcf472b9ec563de5aecf29f8b45b082d04b3666ae51b609ab6ac6624ad8,https://data.chain.link/streams/eth-usd,,
hype-updown-15m-1784131200,HYPE,"Hyperliquid Up or Down - July 15, 12:00PM-12:15PM ET",2026-07-15T16:15:00Z,2026-07-15T16:00:00Z,67.83391726734766,Down,"[""0"", ""1""]",0.35,216.94224,,-0.4945,0.009,resolved,0x96ede6d50daa4da606597ec2f7539d4ea9fe07b0894d2825d4684c060ee2adde,https://data.chain.link/streams/hype-usd,,
sol-updown-15m-1784131200,SOL,"Solana Up or Down - July 15, 12:00PM-12:15PM ET",2026-07-15T16:15:00Z,2026-07-15T16:00:00Z,77.99478197750685,Down,"[""0"", ""1""]",0.001,3881.7516219999993,3.921567,-0.5045,0.001,resolved,0xb00f5311cfef62f6d7c920977ff8e066198409576c190616fbd8e6bffeaf40e4,https://data.chain.link/streams/sol-usd,,
xrp-updown-15m-1784131200,XRP,"XRP Up or Down - July 15, 12:00PM-12:15PM ET",2026-07-15T16:15:00Z,2026-07-15T16:00:00Z,1.1252744037701428,Down,"[""0"", ""1""]",0.001,2796.507342,9,-0.5045,0.001,resolved,0x7a02310373119f56c0a78fa4bad29a989e4a8f60011d4c6272e3acc83787addd,https://data.chain.link/streams/xrp-usd,,
bnb-updown-15m-1784132100,BNB,"BNB Up or Down - July 15, 12:15PM-12:30PM ET",2026-07-15T16:30:00Z,2026-07-15T16:15:00Z,578.448,Up,"[""1"", ""0""]",0.99,377.552116,,0.49,0.01,resolved,0x2727f4aa1521f2bf9c1f78e01194ad7817d68256d667c4b8a782e62c83f6d064,https://data.chain.link/streams/bnb-usd,,
btc-updown-15m-1784132100,BTC,"Bitcoin Up or Down - July 15, 12:15PM-12:30PM ET",2026-07-15T16:30:00Z,2026-07-15T16:15:00Z,65042.018065000004,Up,"[""1"", ""0""]",0.99,45955.195832000005,59.901959,0.5,0.01,resolved,0x92b65e4e10b54d169c9635fbada6a5dfd0f2a63cab58060811d75f792a091f0b,https://data.chain.link/streams/btc-usd,,
doge-updown-15m-1784132100,DOGE,"Dogecoin Up or Down - July 15, 12:15PM-12:30PM ET",2026-07-15T16:30:00Z,2026-07-15T16:15:00Z,0.073934,Up,"[""1"", ""0""]",0.99,510.621618,,0.495,0.01,resolved,0x80ea52ae47988bbf708ddb5d2ec886af467e90e9ae798027730a1255b5614db7,https://data.chain.link/streams/doge-usd,,
eth-updown-15m-1784132100,ETH,"Ethereum Up or Down - July 15, 12:15PM-12:30PM ET",2026-07-15T16:30:00Z,2026-07-15T16:15:00Z,1916.8296942906743,Up,"[""1"", ""0""]",0.99,7237.554173999998,,0.4945,0.001,resolved,0xa610df554d336ad62774f7090cac75f82f9292752e620690005537c660965f30,https://data.chain.link/streams/eth-usd,,
hype-updown-15m-1784132100,HYPE,"Hyperliquid Up or Down - July 15, 12:15PM-12:30PM ET",2026-07-15T16:30:00Z,2026-07-15T16:15:00Z,67.534487,Up,"[""1"", ""0""]",0.99,124.753183,,0.495,0.01,resolved,0x4d671d394cc75243c7e6a96ee6b280559048fde5e3625588fba4588fb43fc52d,https://data.chain.link/streams/hype-usd,,
sol-updown-15m-1784132100,SOL,"Solana Up or Down - July 15, 12:15PM-12:30PM ET",2026-07-15T16:30:00Z,2026-07-15T16:15:00Z,77.480106644888,Up,"[""1"", ""0""]",0.999,3515.503108000001,,0.4945,0.001,resolved,0x83d0c45d02817255578e3f96291d9361bf040a616444cece35c6edb374dd8cbb,https://data.chain.link/streams/sol-usd,,
xrp-updown-15m-1784132100,XRP,"XRP Up or Down - July 15, 12:15PM-12:30PM ET",2026-07-15T16:30:00Z,2026-07-15T16:15:00Z,1.11765505,Down,"[""0"", ""1""]",0.02,3039.386380000001,,-0.5,0.01,resolved,0xeb8f051ad71878282dfef14012d8d222a881cb6e89cbdc8cf45b13165c883797,https://data.chain.link/streams/xrp-usd,,
bnb-updown-15m-1784133000,BNB,"BNB Up or Down - July 15, 12:30PM-12:45PM ET",2026-07-15T16:45:00Z,2026-07-15T16:30:00Z,579.2157963076955,Down,"[""0"", ""1""]",0.002,826.631331,,-0.5045,0.001,resolved,0xa0b3a0b9f6de5583aaec5292a9af37e80199346c8ff56515b17ca74423f153b3,https://data.chain.link/streams/bnb-usd,,
btc-updown-15m-1784133000,BTC,"Bitcoin Up or Down - July 15, 12:30PM-12:45PM ET",2026-07-15T16:45:00Z,2026-07-15T16:30:00Z,65112.59842703881,Down,"[""0"", ""1""]",0.001,45821.238847999986,5,-0.5045,0.001,resolved,0xb3cd0e2524b2785e36550d8e641b5a6b5679c1829a7c36fc4077c9050864c959,https://data.chain.link/streams/btc-usd,,
doge-updown-15m-1784133000,DOGE,"Dogecoin Up or Down - July 15, 12:30PM-12:45PM ET",2026-07-15T16:45:00Z,2026-07-15T16:30:00Z,0.07405556534517255,Down,"[""0"", ""1""]",0.001,1565.045832,,-0.4995,0.001,resolved,0x446164e13ea4c927b159eef4ea444ebd7ded676846121ee294d2727e8a471bec,https://data.chain.link/streams/doge-usd,,
eth-updown-15m-1784133000,ETH,"Ethereum Up or Down - July 15, 12:30PM-12:45PM ET",2026-07-15T16:45:00Z,2026-07-15T16:30:00Z,1920.7119171983427,Down,"[""0"", ""1""]",0.001,6780.244051999998,,-0.5045,0.001,resolved,0xb29e37bfe402976baad2303630e46edee541a24f2a015440a3185aca70cad85e,https://data.chain.link/streams/eth-usd,,
hype-updown-15m-1784133000,HYPE,"Hyperliquid Up or Down - July 15, 12:30PM-12:45PM ET",2026-07-15T16:45:00Z,2026-07-15T16:30:00Z,67.66034,Down,"[""0"", ""1""]",0.52,179.855638,,-0.4995,0.001,resolved,0xa5d3f1cfb4afcb9b78ec2da0e04542c9db56642a603529bd40769b8d52717a01,https://data.chain.link/streams/hype-usd,,
sol-updown-15m-1784133000,SOL,"Solana Up or Down - July 15, 12:30PM-12:45PM ET",2026-07-15T16:45:00Z,2026-07-15T16:30:00Z,77.66289827271747,Down,"[""0"", ""1""]",0.001,3305.1558890000006,,-0.5045,0.001,resolved,0xe8e4ffa30bb4725b53c3afc5c7db2710271292895c4631e8c230240c75175034,https://data.chain.link/streams/sol-usd,,
xrp-updown-15m-1784133000,XRP,"XRP Up or Down - July 15, 12:30PM-12:45PM ET",2026-07-15T16:45:00Z,2026-07-15T16:30:00Z,1.1168309712872928,Down,"[""0"", ""1""]",0.001,3403.338512999999,,-0.5045,0.001,resolved,0x901f57bb9153351798be7646046d1cb0daa083dd1939d6061af8f198a082e5ac,https://data.chain.link/streams/xrp-usd,,
bnb-updown-15m-1784133900,BNB,"BNB Up or Down - July 15, 12:45PM-1:00PM ET",2026-07-15T17:00:00Z,2026-07-15T16:45:00Z,577.7092201998909,Up,"[""1"", ""0""]",0.99,446.9735500000001,302.154605,0.49,0.01,resolved,0x0e0af45683a9fd45a0eabfad7fd13e30cfbe8dd149e188bcf57d58eff0ded64d,https://data.chain.link/streams/bnb-usd,,
btc-updown-15m-1784133900,BTC,"Bitcoin Up or Down - July 15, 12:45PM-1:00PM ET",2026-07-15T17:00:00Z,2026-07-15T16:45:00Z,64878.957702696825,Up,"[""1"", ""0""]",0.999,37809.37208600001,15683.215337,0.5045,0.001,resolved,0x433a135473a2f54188d48e1998a72809d3f7a06ae765c0aea3678a30f256b5a8,https://data.chain.link/streams/btc-usd,,
doge-updown-15m-1784133900,DOGE,"Dogecoin Up or Down - July 15, 12:45PM-1:00PM ET",2026-07-15T17:00:00Z,2026-07-15T16:45:00Z,0.07370909883973642,Up,"[""1"", ""0""]",0.999,943.661319,242.895552,0.4995,0.001,resolved,0x4df7efc1b23f84bcd37d1c78099d682b047d4fa4f1f30ca50f75ea1beb68debe,https://data.chain.link/streams/doge-usd,,
eth-updown-15m-1784133900,ETH,"Ethereum Up or Down - July 15, 12:45PM-1:00PM ET",2026-07-15T17:00:00Z,2026-07-15T16:45:00Z,1910.3244700552777,Up,"[""1"", ""0""]",0.999,8310.703461000003,4896.798968,0.4945,0.001,resolved,0x9813206382b6990a9b021c27acee2a2554e86ff33c3b9d10cf41fbf03067cfa3,https://data.chain.link/streams/eth-usd,,
hype-updown-15m-1784133900,HYPE,"Hyperliquid Up or Down - July 15, 12:45PM-1:00PM ET",2026-07-15T17:00:00Z,2026-07-15T16:45:00Z,67.36791921206807,Down,"[""0"", ""1""]",0.11,156.54762399999998,72.18708,-0.495,0.01,resolved,0x9915d955050bf8c67b4897dff95d78656aff9254174fb8977692135afda876d8,https://data.chain.link/streams/hype-usd,,
sol-updown-15m-1784133900,SOL,"Solana Up or Down - July 15, 12:45PM-1:00PM ET",2026-07-15T17:00:00Z,2026-07-15T16:45:00Z,77.32210232448416,Up,"[""1"", ""0""]",0.999,5337.162793,2329.561886,0.4945,0.001,resolved,0x767960ab541d998c6df5338ed9daa3309257c232e6f8a4020bc62bc8a7b94cf5,https://data.chain.link/streams/sol-usd,,
xrp-updown-15m-1784133900,XRP,"XRP Up or Down - July 15, 12:45PM-1:00PM ET",2026-07-15T17:00:00Z,2026-07-15T16:45:00Z,1.1107128,Up,"[""1"", ""0""]",0.999,3755.3334879999998,2262.263866,0.4945,0.001,resolved,0x065638a97ebc72f937f5a36bce8ff3829345bfe657081aa9f4d7606d358b3712,https://data.chain.link/streams/xrp-usd,,
bnb-updown-15m-1784134800,BNB,"BNB Up or Down - July 15, 1:00PM-1:15PM ET",2026-07-15T17:15:00Z,2026-07-15T17:00:00Z,578.1662740412808,Up,"[""1"", ""0""]",0.999,359.12792199999996,,0.455,0.06,resolved,0x94dc1983c8668d26731c4d2675969dcaf66303363aa4ee4a7c324bacab1195a8,https://data.chain.link/streams/bnb-usd,,
btc-updown-15m-1784134800,BTC,"Bitcoin Up or Down - July 15, 1:00PM-1:15PM ET",2026-07-15T17:15:00Z,2026-07-15T17:00:00Z,65062.60542042592,Down,"[""0"", ""1""]",0.01,48346.907729999926,723.80844,-0.5,0.01,resolved,0xe77655ef2b446afcc0c0704f59b8d37176ccda1969da2401151c38e7e1b2e645,https://data.chain.link/streams/btc-usd,,
doge-updown-15m-1784134800,DOGE,"Dogecoin Up or Down - July 15, 1:00PM-1:15PM ET",2026-07-15T17:15:00Z,2026-07-15T17:00:00Z,0.07388680718842705,Up,"[""1"", ""0""]",0.97,326.80973099999994,,0.275,0.15,resolved,0x54e9e1646d41bc02c2c2df98c27eacb0cf06a755d13d9d34ace40ef07747efce,https://data.chain.link/streams/doge-usd,,
eth-updown-15m-1784134800,ETH,"Ethereum Up or Down - July 15, 1:00PM-1:15PM ET",2026-07-15T17:15:00Z,2026-07-15T17:00:00Z,1918.005174257774,Up,"[""1"", ""0""]",0.999,8537.587564999996,33,0.2645,0.079,resolved,0xb28e642046e82a692fbddf7fbce949a445e6532d8118d3af1c1b44ca70be1549,https://data.chain.link/streams/eth-usd,,
hype-updown-15m-1784134800,HYPE,"Hyperliquid Up or Down - July 15, 1:00PM-1:15PM ET",2026-07-15T17:15:00Z,2026-07-15T17:00:00Z,67.31795699999999,Up,"[""1"", ""0""]",0.999,188.29047300000002,,0.4945,0.009,resolved,0x5a17de244a992782f10757eb1ef89b2fd71b6f2ada133ee2fb53e7c255bf0f41,https://data.chain.link/streams/hype-usd,,
sol-updown-15m-1784134800,SOL,"Solana Up or Down - July 15, 1:00PM-1:15PM ET",2026-07-15T17:15:00Z,2026-07-15T17:00:00Z,77.5644796415887,Down,"[""0"", ""1""]",0.01,4472.5417400000015,,-0.295,0.02,resolved,0x7a924a79e522d04f439d33cc1c71c65fe575162db6c5dabf6dbafc369f174191,https://data.chain.link/streams/sol-usd,,
xrp-updown-15m-1784134800,XRP,"XRP Up or Down - July 15, 1:00PM-1:15PM ET",2026-07-15T17:15:00Z,2026-07-15T17:00:00Z,1.1130196776756867,Down,"[""0"", ""1""]",0.01,2854.8685530000002,5,-0.49,0.01,resolved,0xe4d1dd97fbf7f4aaca09b3e2541bc82ed6cdb4b3aec91e9be9a4728e1826ff3f,https://data.chain.link/streams/xrp-usd,,
bnb-updown-15m-1784135700,BNB,"BNB Up or Down - July 15, 1:15PM-1:30PM ET",2026-07-15T17:30:00Z,2026-07-15T17:15:00Z,578.42505,Up,"[""1"", ""0""]",0.999,699.868792,,0.4945,0.001,resolved,0x68e1a16daedcdd2aad1c154de071de45c6eed79b02da41315abc7e2102da3f7f,https://data.chain.link/streams/bnb-usd,,
btc-updown-15m-1784135700,BTC,"Bitcoin Up or Down - July 15, 1:15PM-1:30PM ET",2026-07-15T17:30:00Z,2026-07-15T17:15:00Z,64974.20797978562,Up,"[""1"", ""0""]",0.99,43496.459781000005,,0.49,0.01,resolved,0x5b754bf6774c71d2c9f4a898d11af20fb44c934bed38ad2dc3010bfb25e973c1,https://data.chain.link/streams/btc-usd,,
doge-updown-15m-1784135700,DOGE,"Dogecoin Up or Down - July 15, 1:15PM-1:30PM ET",2026-07-15T17:30:00Z,2026-07-15T17:15:00Z,0.0739456,Down,"[""0"", ""1""]",0.14,546.4429909999999,,-0.4995,0.001,resolved,0x427d9ff6586e96b96da4985861e75d24895508e3f972323162e641d1a3ce83b2,https://data.chain.link/streams/doge-usd,,
eth-updown-15m-1784135700,ETH,"Ethereum Up or Down - July 15, 1:15PM-1:30PM ET",2026-07-15T17:30:00Z,2026-07-15T17:15:00Z,1918.794367440001,Up,"[""1"", ""0""]",0.99,5206.023491999998,33,0.49,0.01,resolved,0x1255cf6e78964a5f2838690c926fea865def3031913bbfd4c39f0ffd8670ebf9,https://data.chain.link/streams/eth-usd,,
hype-updown-15m-1784135700,HYPE,"Hyperliquid Up or Down - July 15, 1:15PM-1:30PM ET",2026-07-15T17:30:00Z,2026-07-15T17:15:00Z,67.6799,Up,"[""1"", ""0""]",0.999,343.22069999999997,,0.4995,0.001,resolved,0xf652e4150873ff1fe2a1d91bd25d6cb388e3c72f5d104c67aeeea73199b48883,https://data.chain.link/streams/hype-usd,,
sol-updown-15m-1784135700,SOL,"Solana Up or Down - July 15, 1:15PM-1:30PM ET",2026-07-15T17:30:00Z,2026-07-15T17:15:00Z,77.52208227982081,Up,"[""1"", ""0""]",0.99,4109.777881999999,,0.49,0.01,resolved,0x13b56a5e1532f4e90164caa19d6487f20108722f457acfd49c62191d18c23beb,https://data.chain.link/streams/sol-usd,,
xrp-updown-15m-1784135700,XRP,"XRP Up or Down - July 15, 1:15PM-1:30PM ET",2026-07-15T17:30:00Z,2026-07-15T17:15:00Z,1.1116050872205383,Up,"[""1"", ""0""]",0.99,1635.3574470000005,,0.49,0.01,resolved,0x2ab1c047f7ff3cdcd5364f269b076bd70e7ae355bb559dd2c4584fcb6a3473d4,https://data.chain.link/streams/xrp-usd,,
bnb-updown-15m-1784136600,BNB,"BNB Up or Down - July 15, 1:30PM-1:45PM ET",2026-07-15T17:45:00Z,2026-07-15T17:30:00Z,579.2181521163136,Up,"[""1"", ""0""]",0.99,541.1712,,-0.015,0.08,resolved,0x9f2d75919243ccf2961771a04f00b5c4bcaf982b075eb5b523065b548aa5e06d,https://data.chain.link/streams/bnb-usd,,
btc-updown-15m-1784136600,BTC,"Bitcoin Up or Down - July 15, 1:30PM-1:45PM ET",2026-07-15T17:45:00Z,2026-07-15T17:30:00Z,64989.84964043385,Down,"[""0"", ""1""]",0.01,64855.413616,,-0.27,0.01,resolved,0x0d884ca90998414e121f12e211dd9053af9a3bd7bbd10b057f43e8f39609070e,https://data.chain.link/streams/btc-usd,,
doge-updown-15m-1784136600,DOGE,"Dogecoin Up or Down - July 15, 1:30PM-1:45PM ET",2026-07-15T17:45:00Z,2026-07-15T17:30:00Z,0.073911061,Up,"[""1"", ""0""]",0.999,621.3688050000001,,0.495,0.01,resolved,0xea5a68544e51b02a4387937b013e37be84feef2358359ded6ef8deb92459fe28,https://data.chain.link/streams/doge-usd,,
eth-updown-15m-1784136600,ETH,"Ethereum Up or Down - July 15, 1:30PM-1:45PM ET",2026-07-15T17:45:00Z,2026-07-15T17:30:00Z,1921.69901,Up,"[""1"", ""0""]",0.99,7940.1073820000065,33,0.42,0.01,resolved,0x97921e94261b11ba0d7823036a3c7f521959da2b9cc68d8b5008a2bf08e3a4aa,https://data.chain.link/streams/eth-usd,,
hype-updown-15m-1784136600,HYPE,"Hyperliquid Up or Down - July 15, 1:30PM-1:45PM ET",2026-07-15T17:45:00Z,2026-07-15T17:30:00Z,67.749356,Down,"[""0"", ""1""]",0.19,169.251173,,-0.44,0.09,resolved,0x5af48f6a7f2bc4cd3a7090a67ca1d7b0afb78fdb42f578a3f93c006b5e450a6c,https://data.chain.link/streams/hype-usd,,
sol-updown-15m-1784136600,SOL,"Solana Up or Down - July 15, 1:30PM-1:45PM ET",2026-07-15T17:45:00Z,2026-07-15T17:30:00Z,77.64351345115769,Up,"[""1"", ""0""]",0.999,5691.901426999998,,0.46,0.01,resolved,0x5c3507ffe33d9654884b807c36694993d0b15810fa9f6c6da044023ff59358be,https://data.chain.link/streams/sol-usd,,
xrp-updown-15m-1784136600,XRP,"XRP Up or Down - July 15, 1:30PM-1:45PM ET",2026-07-15T17:45:00Z,2026-07-15T17:30:00Z,1.1129392288377429,Up,"[""1"", ""0""]",0.999,4034.850018999999,,0.49,0.01,resolved,0xce541b001faf4dbb6efae3c2f29300ae62476f7f813776ca2dda48e211b5c9e2,https://data.chain.link/streams/xrp-usd,,
bnb-updown-15m-1784137500,BNB,"BNB Up or Down - July 15, 1:45PM-2:00PM ET",2026-07-15T18:00:00Z,2026-07-15T17:45:00Z,579.3193505427166,Up,"[""1"", ""0""]",0.999,371.6069930000001,277.421305,0.4945,0.001,resolved,0xc052909e0c0f5e42a9f1176700c3ed098117f6e1e0ab0646dfd62f8f1f73a13b,https://data.chain.link/streams/bnb-usd,,
btc-updown-15m-1784137500,BTC,"Bitcoin Up or Down - July 15, 1:45PM-2:00PM ET",2026-07-15T18:00:00Z,2026-07-15T17:45:00Z,64986.83906201791,Up,"[""1"", ""0""]",0.99,48749.777553000014,23298.062654,0.49,0.01,resolved,0x625a5ebb55878a251d90077504f633db9ff29fc90d09723eb6c5b732f9f6514f,https://data.chain.link/streams/btc-usd,,
doge-updown-15m-1784137500,DOGE,"Dogecoin Up or Down - July 15, 1:45PM-2:00PM ET",2026-07-15T18:00:00Z,2026-07-15T17:45:00Z,0.0740524,Up,"[""1"", ""0""]",0.999,404.68454099999997,72.833331,0.4995,0.001,resolved,0x768a9341fe322e396000162124f7408a613633a8c605b0c92535078cbd6a7041,https://data.chain.link/streams/doge-usd,,
eth-updown-15m-1784137500,ETH,"Ethereum Up or Down - July 15, 1:45PM-2:00PM ET",2026-07-15T18:00:00Z,2026-07-15T17:45:00Z,1923.7019761481477,Up,"[""1"", ""0""]",0.999,7985.460113000007,4240.918165,0.4945,0.001,resolved,0xe696899598390534cbe74decc919fba40e30e71a4d6397329da342739c29b10b,https://data.chain.link/streams/eth-usd,,
hype-updown-15m-1784137500,HYPE,"Hyperliquid Up or Down - July 15, 1:45PM-2:00PM ET",2026-07-15T18:00:00Z,2026-07-15T17:45:00Z,67.66645299999999,Up,"[""1"", ""0""]",0.999,216.48886,29.823527,0.4995,0.001,resolved,0xa549614a616713492be16d82d2904c2ad1114e801c52befe1fbfc2bb6d6c2356,https://data.chain.link/streams/hype-usd,,
sol-updown-15m-1784137500,SOL,"Solana Up or Down - July 15, 1:45PM-2:00PM ET",2026-07-15T18:00:00Z,2026-07-15T17:45:00Z,77.72546746080728,Up,"[""1"", ""0""]",0.99,4094.483011999996,2278.127237,0.49,0.01,resolved,0x5bc7abc854c20a93eb613b0fa0831cdb24c62ad26921183209bb4ce92cb6ed5a,https://data.chain.link/streams/sol-usd,,
xrp-updown-15m-1784137500,XRP,"XRP Up or Down - July 15, 1:45PM-2:00PM ET",2026-07-15T18:00:00Z,2026-07-15T17:45:00Z,1.1159132826603622,Up,"[""1"", ""0""]",0.999,2235.348844,1972.497124,0.5045,0.001,resolved,0x2de4e1052d93b2ed5fdd7b608aeaedb3f7ad5c2d674b3c693088ef1ce52b3023,https://data.chain.link/streams/xrp-usd,,
bnb-updown-15m-1784138400,BNB,"BNB Up or Down - July 15, 2:00PM-2:15PM ET",2026-07-15T18:15:00Z,2026-07-15T18:00:00Z,579.6509866642541,Up,"[""1"", ""0""]",0.999,259.215063,,0.4895,0.009,resolved,0x44054deff921c0e62ae467fee8ab6f81aafa027eaff1da6ebc2af3a0f61f40b4,https://data.chain.link/streams/bnb-usd,,
btc-updown-15m-1784138400,BTC,"Bitcoin Up or Down - July 15, 2:00PM-2:15PM ET",2026-07-15T18:15:00Z,2026-07-15T18:00:00Z,65006.25781,Up,"[""1"", ""0""]",0.99,37125.183620000025,620.973309,0.49,0.01,resolved,0x4c48e7413913ad9349e6137ce981ebec33adb6dccd0f1cd9a41f72f6ed1e0038,https://data.chain.link/streams/btc-usd,,
doge-updown-15m-1784138400,DOGE,"Dogecoin Up or Down - July 15, 2:00PM-2:15PM ET",2026-07-15T18:15:00Z,2026-07-15T18:00:00Z,0.0741871,Up,"[""1"", ""0""]",0.999,300.38677,,0.4995,0.001,resolved,0x9e70cdbe862cd35010f8254d495a3ea5c5629804fa61c6486cafa988e1eefdc7,https://data.chain.link/streams/doge-usd,,
eth-updown-15m-1784138400,ETH,"Ethereum Up or Down - July 15, 2:00PM-2:15PM ET",2026-07-15T18:15:00Z,2026-07-15T18:00:00Z,1926.5061658747939,Up,"[""1"", ""0""]",0.999,5977.8818270000065,124.26,0.4945,0.001,resolved,0xfd89386ddb74f799433155302cd5ac32be0035a3e4be3fa8eee39472cc5dc2c0,https://data.chain.link/streams/eth-usd,,
hype-updown-15m-1784138400,HYPE,"Hyperliquid Up or Down - July 15, 2:00PM-2:15PM ET",2026-07-15T18:15:00Z,2026-07-15T18:00:00Z,67.77539900000001,Up,"[""1"", ""0""]",0.999,205.82907699999998,,0.4945,0.009,resolved,0x21d6bc2130498f3dfcfba2b171fc930479f5928b6614c1741742c19502ef03f9,https://data.chain.link/streams/hype-usd,,
sol-updown-15m-1784138400,SOL,"Solana Up or Down - July 15, 2:00PM-2:15PM ET",2026-07-15T18:15:00Z,2026-07-15T18:00:00Z,77.75823106299161,Up,"[""1"", ""0""]",0.999,2239.9269169999993,,0.4945,0.001,resolved,0xa158c860a86dd70b31cdd6dc74f05e2355d0f0de1be443a3c465f3609bb3078e,https://data.chain.link/streams/sol-usd,,
xrp-updown-15m-1784138400,XRP,"XRP Up or Down - July 15, 2:00PM-2:15PM ET",2026-07-15T18:15:00Z,2026-07-15T18:00:00Z,1.1169027,Up,"[""1"", ""0""]",0.999,1864.5303029999998,,0.4945,0.001,resolved,0x5eb2ea139127364bc27dda21a2370678467bf17b1fb1a4593e1778ebdde6705b,https://data.chain.link/streams/xrp-usd,,
bnb-updown-15m-1784139300,BNB,"BNB Up or Down - July 15, 2:15PM-2:30PM ET",2026-07-15T18:30:00Z,2026-07-15T18:15:00Z,580.7601388807649,Up,"[""1"", ""0""]",0.99,684.1255679999998,,0.49,0.01,resolved,0x712e59459e12fe9de3ecf3313d86b56778f3cdbaab70d0ed2b644ed1f766b77f,https://data.chain.link/streams/bnb-usd,,
btc-updown-15m-1784139300,BTC,"Bitcoin Up or Down - July 15, 2:15PM-2:30PM ET",2026-07-15T18:30:00Z,2026-07-15T18:15:00Z,65075.61077,Down,"[""0"", ""1""]",0.001,24457.324541000005,,-0.5045,0.001,resolved,0x306211d6deab7ff45650d1fd2220d6b66b523e3e9bfddd1656c6b7654a22d165,https://data.chain.link/streams/btc-usd,,
doge-updown-15m-1784139300,DOGE,"Dogecoin Up or Down - July 15, 2:15PM-2:30PM ET",2026-07-15T18:30:00Z,2026-07-15T18:15:00Z,0.07449311284171008,Down,"[""0"", ""1""]",0.25,401.445171,,-0.4995,0.001,resolved,0xd31c06729389a7d5b4b71869f1662aa1289896f43f2ce111576787c05cae1ab5,https://data.chain.link/streams/doge-usd,,
eth-updown-15m-1784139300,ETH,"Ethereum Up or Down - July 15, 2:15PM-2:30PM ET",2026-07-15T18:30:00Z,2026-07-15T18:15:00Z,1933.863953187721,Down,"[""0"", ""1""]",0.01,7395.695342000006,,-0.5045,0.001,resolved,0xb4d064c6309e2942c252b2b5b1c5fd596f5cb6ad40de5fd7083471b05c81dfe1,https://data.chain.link/streams/eth-usd,,
hype-updown-15m-1784139300,HYPE,"Hyperliquid Up or Down - July 15, 2:15PM-2:30PM ET",2026-07-15T18:30:00Z,2026-07-15T18:15:00Z,67.97387442710824,Up,"[""1"", ""0""]",0.999,209.011832,,0.4995,0.001,resolved,0x057868bd9a3405eeec6e9a480fb834ebc4ec3e160c31f16c739830df5c7377bb,https://data.chain.link/streams/hype-usd,,
sol-updown-15m-1784139300,SOL,"Solana Up or Down - July 15, 2:15PM-2:30PM ET",2026-07-15T18:30:00Z,2026-07-15T18:15:00Z,78.0123350692448,Down,"[""0"", ""1""]",0.001,3224.2193780000007,5,-0.4945,0.001,resolved,0x2b58590fac953e258aa68f0267e1aa089d60d5dd88cebcc373c3c30e1aff779f,https://data.chain.link/streams/sol-usd,,
xrp-updown-15m-1784139300,XRP,"XRP Up or Down - July 15, 2:15PM-2:30PM ET",2026-07-15T18:30:00Z,2026-07-15T18:15:00Z,1.1203235012170698,Down,"[""0"", ""1""]",0.05,1298.0082120000002,,-0.5045,0.001,resolved,0xe7f45fcd0a14aa25c20955c81935794f9d66018357731ff9b472e0f589500c65,https://data.chain.link/streams/xrp-usd,,
bnb-updown-15m-1784140200,BNB,"BNB Up or Down - July 15, 2:30PM-2:45PM ET",2026-07-15T18:45:00Z,2026-07-15T18:30:00Z,580.7908209016578,Down,"[""0"", ""1""]",0.01,197.691772,,-0.5,0.01,resolved,0xaf945dbae1e371c26e208f7e95de872ca5367b196dca0aaf691efd3ebb01ae18,https://data.chain.link/streams/bnb-usd,,
btc-updown-15m-1784140200,BTC,"Bitcoin Up or Down - July 15, 2:30PM-2:45PM ET",2026-07-15T18:45:00Z,2026-07-15T18:30:00Z,65013.49231735529,Down,"[""0"", ""1""]",0.001,24774.48760699999,,-0.5,0.01,resolved,0x8947eb62a5bf2e8de07e222f4df191515fd35a7008b90b3c8053b30e7d0ca1d1,https://data.chain.link/streams/btc-usd,,
doge-updown-15m-1784140200,DOGE,"Dogecoin Up or Down - July 15, 2:30PM-2:45PM ET",2026-07-15T18:45:00Z,2026-07-15T18:30:00Z,0.07432383220077989,Down,"[""0"", ""1""]",0.09,189.26599700000003,,-0.475,0.05,resolved,0x63126eeee95ef86aa6bf50f1c673f230e39aa11556c8d3f5158c28076f668826,https://data.chain.link/streams/doge-usd,,
eth-updown-15m-1784140200,ETH,"Ethereum Up or Down - July 15, 2:30PM-2:45PM ET",2026-07-15T18:45:00Z,2026-07-15T18:30:00Z,1929.8385043912351,Down,"[""0"", ""1""]",0.01,8133.876148999997,,-0.5,0.01,resolved,0x1f8b9acedac4a88dcda2d6e13c26a8e51304d21352cc2268a101690970bf8774,https://data.chain.link/streams/eth-usd,,
hype-updown-15m-1784140200,HYPE,"Hyperliquid Up or Down - July 15, 2:30PM-2:45PM ET",2026-07-15T18:45:00Z,2026-07-15T18:30:00Z,68.147852,Down,"[""0"", ""1""]",0.29,78.818133,,-0.335,0.29,resolved,0x29994e138d38b591c1d076b809ccbd75ce136985d2a3412dc1c2c84954dbefeb,https://data.chain.link/streams/hype-usd,,
sol-updown-15m-1784140200,SOL,"Solana Up or Down - July 15, 2:30PM-2:45PM ET",2026-07-15T18:45:00Z,2026-07-15T18:30:00Z,77.9095885691026,Down,"[""0"", ""1""]",0.03,3144.506660999999,5,-0.5,0.01,resolved,0xb96d41b2da3c29e8d7f83b1f6e3108bc40513659ae381868c23f2a458d073481,https://data.chain.link/streams/sol-usd,,
xrp-updown-15m-1784140200,XRP,"XRP Up or Down - July 15, 2:30PM-2:45PM ET",2026-07-15T18:45:00Z,2026-07-15T18:30:00Z,1.1180027208876664,Down,"[""0"", ""1""]",0.003,2260.705053999999,,-0.5045,0.001,resolved,0x5e38897f67ffd9c78987ac0605a38ba340ae278b376d24d622169ddc34e61690,https://data.chain.link/streams/xrp-usd,,
bnb-updown-15m-1784141100,BNB,"BNB Up or Down - July 15, 2:45PM-3:00PM ET",2026-07-15T19:00:00Z,2026-07-15T18:45:00Z,580.4871119865512,Down,"[""0"", ""1""]",0.08,252.72073599999996,197.698374,-0.5045,0.001,resolved,0xd0d9e1a7a105ced2d7cd1ae29998a9b27f8175805e480c127252e07b6bade649,https://data.chain.link/streams/bnb-usd,,
btc-updown-15m-1784141100,BTC,"Bitcoin Up or Down - July 15, 2:45PM-3:00PM ET",2026-07-15T19:00:00Z,2026-07-15T18:45:00Z,64933.38869,Down,"[""0"", ""1""]",0.01,33729.76873600003,13925.919262,-0.5045,0.001,resolved,0xdf83c54753e8cd07b1161acf0e32d88699271ae270f7ce8787a78aaa1c975ba9,https://data.chain.link/streams/btc-usd,,
doge-updown-15m-1784141100,DOGE,"Dogecoin Up or Down - July 15, 2:45PM-3:00PM ET",2026-07-15T19:00:00Z,2026-07-15T18:45:00Z,0.07419477987201693,Down,"[""0"", ""1""]",0.67,209,53,-0.4995,0.001,resolved,0xf073ed80543307a963f8819e2a8de9da4356ed5d488503f3bebaa6757e8ee2af,https://data.chain.link/streams/doge-usd,,
eth-updown-15m-1784141100,ETH,"Ethereum Up or Down - July 15, 2:45PM-3:00PM ET",2026-07-15T19:00:00Z,2026-07-15T18:45:00Z,1927.076090472633,Down,"[""0"", ""1""]",0.01,4539.418777000001,2183.9031,-0.5045,0.001,resolved,0xed9707bda18521986675e489f3ee759ec697f254704bd4ccf5192d90e0c6d6fa,https://data.chain.link/streams/eth-usd,,
hype-updown-15m-1784141100,HYPE,"Hyperliquid Up or Down - July 15, 2:45PM-3:00PM ET",2026-07-15T19:00:00Z,2026-07-15T18:45:00Z,68.065417,Down,"[""0"", ""1""]",,198.951046,53.951046,-0.4995,0.001,resolved,0x38059a087fffdeb1e27f8c57d9a7e394a837eb75fadb2d471b333ec6c0a40a83,https://data.chain.link/streams/hype-usd,,
sol-updown-15m-1784141100,SOL,"Solana Up or Down - July 15, 2:45PM-3:00PM ET",2026-07-15T19:00:00Z,2026-07-15T18:45:00Z,77.78720245185434,Down,"[""0"", ""1""]",0.015,2640.7096050000005,1519.553059,-0.5045,0.001,resolved,0x715fd470638d9987d94de25fff12763603398c01a5ecf3b924f5f088453af392,https://data.chain.link/streams/sol-usd,,
xrp-updown-15m-1784141100,XRP,"XRP Up or Down - July 15, 2:45PM-3:00PM ET",2026-07-15T19:00:00Z,2026-07-15T18:45:00Z,1.1140382299690885,Down,"[""0"", ""1""]",0.013,2321.0334450000005,1616.06166,-0.5045,0.001,resolved,0xc7b9d54f0fa2b8b3a2a910b2fae6483149e665c9258d926aa60d9e857346f698,https://data.chain.link/streams/xrp-usd,,
bnb-updown-15m-1784142000,BNB,"BNB Up or Down - July 15, 3:00PM-3:15PM ET",2026-07-15T19:15:00Z,2026-07-15T19:00:00Z,579.2772452975881,Up,"[""1"", ""0""]",0.99,240.61417299999997,,0.48,0.01,resolved,0x684ad965c27ecb3c6af7b27ade5dd05ddfbf6a88dc03f663f47c62dea3d685e8,https://data.chain.link/streams/bnb-usd,,
btc-updown-15m-1784142000,BTC,"Bitcoin Up or Down - July 15, 3:00PM-3:15PM ET",2026-07-15T19:15:00Z,2026-07-15T19:00:00Z,64812.23960562665,Up,"[""1"", ""0""]",0.999,21387.05351500003,524.999999,0.4945,0.001,resolved,0xba4a65717ac34d376d50d2e7cddb1224be438ff92022cc48dc01717a8ba9a5f6,https://data.chain.link/streams/btc-usd,,
doge-updown-15m-1784142000,DOGE,"Dogecoin Up or Down - July 15, 3:00PM-3:15PM ET",2026-07-15T19:15:00Z,2026-07-15T19:00:00Z,0.0739996,Down,"[""0"", ""1""]",0.13,448.10809400000005,,-0.33,0.12,resolved,0xea112b43a59bc72f9dc78c6ea62b75d629bd07f5c1bfbb6611a4a948faaef774,https://data.chain.link/streams/doge-usd,,
eth-updown-15m-1784142000,ETH,"Ethereum Up or Down - July 15, 3:00PM-3:15PM ET",2026-07-15T19:15:00Z,2026-07-15T19:00:00Z,1922.899465,Up,"[""1"", ""0""]",0.99,5147.267740000002,10,0.49,0.01,resolved,0x404a42306fe4f857e418bdf9a4581f66a04f339c5731d60d08b9fd959db88ef7,https://data.chain.link/streams/eth-usd,,
hype-updown-15m-1784142000,HYPE,"Hyperliquid Up or Down - July 15, 3:00PM-3:15PM ET",2026-07-15T19:15:00Z,2026-07-15T19:00:00Z,67.23560360295525,Up,"[""1"", ""0""]",0.99,249.602227,,0.405,0.17,resolved,0x9ebb8aecb9f251ed32119e00dfc1c4f2e66714a96193d2b14c41ee3bd7d0c025,https://data.chain.link/streams/hype-usd,,
sol-updown-15m-1784142000,SOL,"Solana Up or Down - July 15, 3:00PM-3:15PM ET",2026-07-15T19:15:00Z,2026-07-15T19:00:00Z,77.52736857896683,Down,"[""0"", ""1""]",0.44,3289.1865449999996,,-0.135,0.06,resolved,0x30961c19d319f86ef76ec89b7c690ccbc2ab3c7b76d8a57e2417f6a7cfa51cde,https://data.chain.link/streams/sol-usd,,
xrp-updown-15m-1784142000,XRP,"XRP Up or Down - July 15, 3:00PM-3:15PM ET",2026-07-15T19:15:00Z,2026-07-15T19:00:00Z,1.111586620955794,Up,"[""1"", ""0""]",0.99,1400.0333710000002,,0.48,0.01,resolved,0x9ccd47dea2c6831b83915674c52f20aaad945ed91bea7d76e45207436f5b9c8f,https://data.chain.link/streams/xrp-usd,,
bnb-updown-15m-1784142900,BNB,"BNB Up or Down - July 15, 3:15PM-3:30PM ET",2026-07-15T19:30:00Z,2026-07-15T19:15:00Z,579.6415856989166,Down,"[""0"", ""1""]",0.01,462.656316,,-0.5045,0.001,resolved,0x12fac0555a2d8ddb23da7776457c42d95fa868e0cb24cca8e2f9307c960cacfe,https://data.chain.link/streams/bnb-usd,,
btc-updown-15m-1784142900,BTC,"Bitcoin Up or Down - July 15, 3:15PM-3:30PM ET",2026-07-15T19:30:00Z,2026-07-15T19:15:00Z,64888.25072493211,Down,"[""0"", ""1""]",0.001,22448.544755,,-0.5045,0.001,resolved,0x81e1ed1ab78806d55e8cecc76ec33da122a0c305807305dc22ac337145ccdae7,https://data.chain.link/streams/btc-usd,,
doge-updown-15m-1784142900,DOGE,"Dogecoin Up or Down - July 15, 3:15PM-3:30PM ET",2026-07-15T19:30:00Z,2026-07-15T19:15:00Z,0.07396503669389422,Down,"[""0"", ""1""]",0.21,586.219599,,-0.4995,0.001,resolved,0x21b03fad5d47cf52ee92d622a851131687a11d991ea7795d86c4c582ab39edac,https://data.chain.link/streams/doge-usd,,
eth-updown-15m-1784142900,ETH,"Ethereum Up or Down - July 15, 3:15PM-3:30PM ET",2026-07-15T19:30:00Z,2026-07-15T19:15:00Z,1925.0010383748008,Down,"[""0"", ""1""]",0.01,5933.1830000000045,,-0.4995,0.001,resolved,0x9d7ef2abc42697ab7995dc771ecdefde5e113bc6b43d7a25ec1110b8b1c3dec1,https://data.chain.link/streams/eth-usd,,
hype-updown-15m-1784142900,HYPE,"Hyperliquid Up or Down - July 15, 3:15PM-3:30PM ET",2026-07-15T19:30:00Z,2026-07-15T19:15:00Z,67.323339,Down,"[""0"", ""1""]",0.07,244.663332,,-0.4995,0.001,resolved,0xe23fdf08bc525d2384db983065b1eacb1281915e664d97172ee2eae92235b1a1,https://data.chain.link/streams/hype-usd,,
sol-updown-15m-1784142900,SOL,"Solana Up or Down - July 15, 3:15PM-3:30PM ET",2026-07-15T19:30:00Z,2026-07-15T19:15:00Z,77.50167240731086,Down,"[""0"", ""1""]",0.001,2112.457612,,-0.5045,0.001,resolved,0xc1c8f171383dffe55e5c31b697f4cb41950b77ee15428f61d8f9453b4f93529d,https://data.chain.link/streams/sol-usd,,
xrp-updown-15m-1784142900,XRP,"XRP Up or Down - July 15, 3:15PM-3:30PM ET",2026-07-15T19:30:00Z,2026-07-15T19:15:00Z,1.1125819158729615,Down,"[""0"", ""1""]",0.01,1499.8697499999996,,-0.4995,0.001,resolved,0x97863615aece8482264faf233a3b0aa5a1e280cc473538b210f3eef57e6cfe89,https://data.chain.link/streams/xrp-usd,,
bnb-updown-15m-1784143800,BNB,"BNB Up or Down - July 15, 3:30PM-3:45PM ET",2026-07-15T19:45:00Z,2026-07-15T19:30:00Z,579.142,Up,"[""1"", ""0""]",0.999,254.63773699999996,,0.4895,0.009,resolved,0xc636fce563d80c7c7d6724add18bb26198d21ac0e932201fef1966ce4d1b2f93,https://data.chain.link/streams/bnb-usd,,
btc-updown-15m-1784143800,BTC,"Bitcoin Up or Down - July 15, 3:30PM-3:45PM ET",2026-07-15T19:45:00Z,2026-07-15T19:30:00Z,64812.15840032826,Up,"[""1"", ""0""]",0.999,29213.517718000014,,0.4945,0.001,resolved,0x54da1b6cf0cc54c0f8b1c940f8b2caa33428b1e39b67aa81ce7380fe4362390a,https://data.chain.link/streams/btc-usd,,
doge-updown-15m-1784143800,DOGE,"Dogecoin Up or Down - July 15, 3:30PM-3:45PM ET",2026-07-15T19:45:00Z,2026-07-15T19:30:00Z,0.07380503637859501,Up,"[""1"", ""0""]",0.99,337.87807300000003,,0.455,0.07,resolved,0x73cf40bdb4845e550eb8dc04c495e47a64843e4766dbf95efcb1ff40d656352f,https://data.chain.link/streams/doge-usd,,
eth-updown-15m-1784143800,ETH,"Ethereum Up or Down - July 15, 3:30PM-3:45PM ET",2026-07-15T19:45:00Z,2026-07-15T19:30:00Z,1922.7925723342644,Up,"[""1"", ""0""]",0.999,5406.589765999999,,0.49,0.01,resolved,0x4554cf777da89f189b4105de0fe861301865f579e9e800dffa26068eab2a635f,https://data.chain.link/streams/eth-usd,,
hype-updown-15m-1784143800,HYPE,"Hyperliquid Up or Down - July 15, 3:30PM-3:45PM ET",2026-07-15T19:45:00Z,2026-07-15T19:30:00Z,67.088527,Down,"[""0"", ""1""]",0.14,174.972444,,-0.4945,0.009,resolved,0x9a9cbf5a8cbfa6e0c1e4d75a97b844810c566eb48dd3441be8eebe4b205d2d36,https://data.chain.link/streams/hype-usd,,
sol-updown-15m-1784143800,SOL,"Solana Up or Down - July 15, 3:30PM-3:45PM ET",2026-07-15T19:45:00Z,2026-07-15T19:30:00Z,77.1529890999022,Up,"[""1"", ""0""]",0.999,3232.8377729999993,,0.4945,0.001,resolved,0x0179987da7366f553141afe66a48297e4e1d5bbe34314a19b3caa575f2f90e5a,https://data.chain.link/streams/sol-usd,,
xrp-updown-15m-1784143800,XRP,"XRP Up or Down - July 15, 3:30PM-3:45PM ET",2026-07-15T19:45:00Z,2026-07-15T19:30:00Z,1.1102862408437224,Up,"[""1"", ""0""]",0.999,2037.544648000001,,0.49,0.01,resolved,0xbddee181c2842612e7bcefabd21f48c97751d74537241a3a3ab87fdc42f5829c,https://data.chain.link/streams/xrp-usd,,
bnb-updown-15m-1784144700,BNB,"BNB Up or Down - July 15, 3:45PM-4:00PM ET",2026-07-15T20:00:00Z,2026-07-15T19:45:00Z,579.8651567378711,Down,"[""0"", ""1""]",0.01,591.5850599999999,155.25275,-0.5045,0.001,resolved,0x6a8bb7ef0c466d73551f61d1fd1366221eaa755ce17ab864e65195da3b952127,https://data.chain.link/streams/bnb-usd,,
btc-updown-15m-1784144700,BTC,"Bitcoin Up or Down - July 15, 3:45PM-4:00PM ET",2026-07-15T20:00:00Z,2026-07-15T19:45:00Z,64950.4782376687,Down,"[""0"", ""1""]",0.01,32380.23257000002,8207.209366,-0.5,0.01,resolved,0x060e91a190f2ad17e5a3311f2b28b8c54b26bc8ce354cd1f85be0c6f0767b21e,https://data.chain.link/streams/btc-usd,,
doge-updown-15m-1784144700,DOGE,"Dogecoin Up or Down - July 15, 3:45PM-4:00PM ET",2026-07-15T20:00:00Z,2026-07-15T19:45:00Z,0.073875201,Down,"[""0"", ""1""]",0.1,208.048889,44.992039,-0.4995,0.001,resolved,0x0fd8718401cd10cc6e728d279badf910b1634bca7a6ff885f104476af5da15d5,https://data.chain.link/streams/doge-usd,,
eth-updown-15m-1784144700,ETH,"Ethereum Up or Down - July 15, 3:45PM-4:00PM ET",2026-07-15T20:00:00Z,2026-07-15T19:45:00Z,1926.4849730407495,Down,"[""0"", ""1""]",0.01,6680.092911000004,1707.180369,-0.4995,0.001,resolved,0x5b0a66cb19b6994793bb50e04cb522545f923fb0dfc53de3b4056eb4d9517327,https://data.chain.link/streams/eth-usd,,
hype-updown-15m-1784144700,HYPE,"Hyperliquid Up or Down - July 15, 3:45PM-4:00PM ET",2026-07-15T20:00:00Z,2026-07-15T19:45:00Z,66.817826,Down,"[""0"", ""1""]",0.18,174.636146,63.857141,-0.495,0.01,resolved,0x02bce34812b2d02f5ffa69e433ca4b97ba28c45c5f160b759a51beb16e930dce,https://data.chain.link/streams/hype-usd,,
sol-updown-15m-1784144700,SOL,"Solana Up or Down - July 15, 3:45PM-4:00PM ET",2026-07-15T20:00:00Z,2026-07-15T19:45:00Z,77.26324845527992,Down,"[""0"", ""1""]",0.19,2767.052972999999,1359.636851,-0.5045,0.001,resolved,0xd0297aca32ce121e9742b82fefbed19e5731f928e8108d31703e1f8a1ffc6e84,https://data.chain.link/streams/sol-usd,,
xrp-updown-15m-1784144700,XRP,"XRP Up or Down - July 15, 3:45PM-4:00PM ET",2026-07-15T20:00:00Z,2026-07-15T19:45:00Z,1.1115842489695495,Down,"[""0"", ""1""]",0.05,2286.6526789999994,1096.572799,-0.5045,0.001,resolved,0x10374313a590840ac0ef1ae382e96da0a086acd917743de82e31ce7967d7ee37,https://data.chain.link/streams/xrp-usd,,
bnb-updown-15m-1784145600,BNB,"BNB Up or Down - July 15, 4:00PM-4:15PM ET",2026-07-15T20:15:00Z,2026-07-15T20:00:00Z,579.0529251122667,Up,"[""1"", ""0""]",0.999,722.351254,,0.4945,0.001,resolved,0x09ab35930056fbdd6ef9f91261c816b53afc74e324131a4098beb74c66e1f2d9,https://data.chain.link/streams/bnb-usd,,
btc-updown-15m-1784145600,BTC,"Bitcoin Up or Down - July 15, 4:00PM-4:15PM ET",2026-07-15T20:15:00Z,2026-07-15T20:00:00Z,64930.39865184134,Down,"[""0"", ""1""]",0.05,30637.475171000024,2752.504857,-0.44,0.01,resolved,0x4eb76faeca82f41d4531c1f50d09e7730c53c7d87620723bc31193621cd649eb,https://data.chain.link/streams/btc-usd,,
doge-updown-15m-1784145600,DOGE,"Dogecoin Up or Down - July 15, 4:00PM-4:15PM ET",2026-07-15T20:15:00Z,2026-07-15T20:00:00Z,0.07376266475690808,Up,"[""1"", ""0""]",0.99,415.52685299999996,,0.46,0.06,resolved,0xc36a2c81d61522ed23edfe5ef70d94893076fb39935a78aa06b9ffe4ebf22469,https://data.chain.link/streams/doge-usd,,
eth-updown-15m-1784145600,ETH,"Ethereum Up or Down - July 15, 4:00PM-4:15PM ET",2026-07-15T20:15:00Z,2026-07-15T20:00:00Z,1922.40975,Down,"[""0"", ""1""]",0.02,7235.662052000004,,-0.36,0.01,resolved,0xbc54d045fd99078301bfa08d5e07ce39cc5a61b9597cae2c895edfc71ef89587,https://data.chain.link/streams/eth-usd,,
hype-updown-15m-1784145600,HYPE,"Hyperliquid Up or Down - July 15, 4:00PM-4:15PM ET",2026-07-15T20:15:00Z,2026-07-15T20:00:00Z,66.772963,Up,"[""1"", ""0""]",0.99,281.2182610000001,,0.45,0.08,resolved,0x5e6cedcad3af1502104f29b27b3b9cfbfbb7a0a97734990077d87eaa3107ddb6,https://data.chain.link/streams/hype-usd,,
sol-updown-15m-1784145600,SOL,"Solana Up or Down - July 15, 4:00PM-4:15PM ET",2026-07-15T20:15:00Z,2026-07-15T20:00:00Z,77.12364718265195,Up,"[""1"", ""0""]",0.99,3870.019135,5,0.41,0.03,resolved,0x969cd84eff1d1688b6104061d23b5915d465e1f70783686ec8e86ae34b20a5ed,https://data.chain.link/streams/sol-usd,,
xrp-updown-15m-1784145600,XRP,"XRP Up or Down - July 15, 4:00PM-4:15PM ET",2026-07-15T20:15:00Z,2026-07-15T20:00:00Z,1.1091535679866436,Up,"[""1"", ""0""]",0.99,3626.0864490000013,,0.39,0.07,resolved,0xb8964863e14d3f1ed1c23034b1da035cbba35c2e05e7c028e1b0c6f77b31dcdd,https://data.chain.link/streams/xrp-usd,,
bnb-updown-15m-1784146500,BNB,"BNB Up or Down - July 15, 4:15PM-4:30PM ET",2026-07-15T20:30:00Z,2026-07-15T20:15:00Z,579.7260459044252,Up,"[""1"", ""0""]",0.999,304.083417,,0.4945,0.001,resolved,0xcfd8307f01a5cb2ffbe940e029f9de3161d07752afc43675c676784d7a0bcc26,https://data.chain.link/streams/bnb-usd,,
btc-updown-15m-1784146500,BTC,"Bitcoin Up or Down - July 15, 4:15PM-4:30PM ET",2026-07-15T20:30:00Z,2026-07-15T20:15:00Z,64904.46676225919,Up,"[""1"", ""0""]",0.999,21127.113169000004,100,0.4945,0.001,resolved,0x4753ee097f6b3cdcf9ee65b75121ad2e178bfeabd20ea6502e96b04470edd11b,https://data.chain.link/streams/btc-usd,,
doge-updown-15m-1784146500,DOGE,"Dogecoin Up or Down - July 15, 4:15PM-4:30PM ET",2026-07-15T20:30:00Z,2026-07-15T20:15:00Z,0.07381818607416113,Up,"[""1"", ""0""]",0.999,216.68085000000002,,0.4995,0.001,resolved,0xa7218a79691f24d3e9c6c8312cd9df39489a7f3c560ae10cc12ccb534c98bd68,https://data.chain.link/streams/doge-usd,,
eth-updown-15m-1784146500,ETH,"Ethereum Up or Down - July 15, 4:15PM-4:30PM ET",2026-07-15T20:30:00Z,2026-07-15T20:15:00Z,1921.549872127101,Up,"[""1"", ""0""]",0.999,5384.439812000001,,0.4945,0.001,resolved,0x0aa94ab9fb867a172e75244dcdef917a358a759acfeebe0550d7f1c6ac1644fb,https://data.chain.link/streams/eth-usd,,
hype-updown-15m-1784146500,HYPE,"Hyperliquid Up or Down - July 15, 4:15PM-4:30PM ET",2026-07-15T20:30:00Z,2026-07-15T20:15:00Z,66.84562700000001,Up,"[""1"", ""0""]",0.999,340.81341399999997,,0.4995,0.001,resolved,0xcc6497d941fafd5efba3c7679df1535cac3f5a7bfecc3a9dd582e5981713bab1,https://data.chain.link/streams/hype-usd,,
sol-updown-15m-1784146500,SOL,"Solana Up or Down - July 15, 4:15PM-4:30PM ET",2026-07-15T20:30:00Z,2026-07-15T20:15:00Z,77.15557186030391,Up,"[""1"", ""0""]",0.999,2067.9954,5,0.4945,0.001,resolved,0xb4a5ea291c724a542490b9d8a7384f3960b2c7d3e9ce4fae370b385cb6b688bd,https://data.chain.link/streams/sol-usd,,
xrp-updown-15m-1784146500,XRP,"XRP Up or Down - July 15, 4:15PM-4:30PM ET",2026-07-15T20:30:00Z,2026-07-15T20:15:00Z,1.1095148843664666,Up,"[""1"", ""0""]",0.999,1550.3372160000001,,0.4945,0.001,resolved,0x85b9963add07ebe2c0f23dc30b3928dc38703a6b2dd985005120dc05a9e847b4,https://data.chain.link/streams/xrp-usd,,
bnb-updown-15m-1784147400,BNB,"BNB Up or Down - July 15, 4:30PM-4:45PM ET",2026-07-15T20:45:00Z,2026-07-15T20:30:00Z,580.228713460872,Up,"[""1"", ""0""]",0.999,271.631051,,0.43,0.07,resolved,0xea85d68486b7d33468dfc27dc26ecbc16748bec8068bfd4cc077563e4fec32e4,https://data.chain.link/streams/bnb-usd,,
btc-updown-15m-1784147400,BTC,"Bitcoin Up or Down - July 15, 4:30PM-4:45PM ET",2026-07-15T20:45:00Z,2026-07-15T20:30:00Z,64967.78729407836,Down,"[""0"", ""1""]",0.01,40050.69141700005,24.23568,-0.41,0.01,resolved,0x37dded7f8d1b5c3fb1d96842db36b7145cee3039d802617dabdb1520081d3287,https://data.chain.link/streams/btc-usd,,
doge-updown-15m-1784147400,DOGE,"Dogecoin Up or Down - July 15, 4:30PM-4:45PM ET",2026-07-15T20:45:00Z,2026-07-15T20:30:00Z,0.07396974738648225,Up,"[""1"", ""0""]",0.999,350.655636,,0.45,0.06,resolved,0x3b5fb4abcd41b8815dde42c51867ad596da495f3eaf25fe3e5f1c4cc263f5cce,https://data.chain.link/streams/doge-usd,,
eth-updown-15m-1784147400,ETH,"Ethereum Up or Down - July 15, 4:30PM-4:45PM ET",2026-07-15T20:45:00Z,2026-07-15T20:30:00Z,1925.191515662152,Down,"[""0"", ""1""]",0.01,6506.826357000001,33,-0.455,0.02,resolved,0xe9bd64e649335ce328d4de28976465d0eafec907314c21cb9a7faae6aebe22f9,https://data.chain.link/streams/eth-usd,,
hype-updown-15m-1784147400,HYPE,"Hyperliquid Up or Down - July 15, 4:30PM-4:45PM ET",2026-07-15T20:45:00Z,2026-07-15T20:30:00Z,67.18120499999999,Up,"[""1"", ""0""]",0.99,439.897063,,-0.07,0.16,resolved,0xac4c3a042a85cd8faee636e2ac14d9d7f203d98b59e8ae14159c1d81f74193a5,https://data.chain.link/streams/hype-usd,,
sol-updown-15m-1784147400,SOL,"Solana Up or Down - July 15, 4:30PM-4:45PM ET",2026-07-15T20:45:00Z,2026-07-15T20:30:00Z,77.36587592040215,Up,"[""1"", ""0""]",0.999,2816.162966,5,0.4575,0.005,resolved,0x3a0756f046803c35775ba6043c5dd482ba4e6e2ce4286ce682983707c1d4c96b,https://data.chain.link/streams/sol-usd,,
xrp-updown-15m-1784147400,XRP,"XRP Up or Down - July 15, 4:30PM-4:45PM ET",2026-07-15T20:45:00Z,2026-07-15T20:30:00Z,1.1116861930763449,Up,"[""1"", ""0""]",0.999,1804.9368049999996,,0.3835,0.037,resolved,0xa1fda227cc64b671ed6589652e71839e32e1afe908338ff93f1f7a2b67ac1637,https://data.chain.link/streams/xrp-usd,,
bnb-updown-15m-1784148300,BNB,"BNB Up or Down - July 15, 4:45PM-5:00PM ET",2026-07-15T21:00:00Z,2026-07-15T20:45:00Z,580.556788423503,Down,"[""0"", ""1""]",0.09,220.213069,143.167682,-0.5,0.01,resolved,0xac20a39c15ab684e5a0c4081b58ee90932dcec53f1003d41ef238925cb66e490,https://data.chain.link/streams/bnb-usd,,
btc-updown-15m-1784148300,BTC,"Bitcoin Up or Down - July 15, 4:45PM-5:00PM ET",2026-07-15T21:00:00Z,2026-07-15T20:45:00Z,64959.30698516642,Down,"[""0"", ""1""]",0.01,23397.96606500001,9619.976673,-0.5,0.01,resolved,0x1f1a497cae9dd29b582180e0a04fdd84033f5292b9f8b448cdccfaa95867c840,https://data.chain.link/streams/btc-usd,,
doge-updown-15m-1784148300,DOGE,"Dogecoin Up or Down - July 15, 4:45PM-5:00PM ET",2026-07-15T21:00:00Z,2026-07-15T20:45:00Z,0.0740269686342874,Down,"[""0"", ""1""]",0.43,378.5456289999999,65.43478,-0.495,0.01,resolved,0x5109ef5a4c8ead24a74b5dcf466023ec0bba7aa981d0a13c4e9b3591b90e9107,https://data.chain.link/streams/doge-usd,,
eth-updown-15m-1784148300,ETH,"Ethereum Up or Down - July 15, 4:45PM-5:00PM ET",2026-07-15T21:00:00Z,2026-07-15T20:45:00Z,1924.2491272066943,Down,"[""0"", ""1""]",0.01,4636.518161999999,1570.086938,-0.5,0.01,resolved,0x2515f43f276a0178ccd9258fd632264fd84c91beca4bd5e5ed5cbfb70b28a7af,https://data.chain.link/streams/eth-usd,,
hype-updown-15m-1784148300,HYPE,"Hyperliquid Up or Down - July 15, 4:45PM-5:00PM ET",2026-07-15T21:00:00Z,2026-07-15T20:45:00Z,67.19093500000001,Down,"[""0"", ""1""]",,31.263049999999996,15,-0.495,0.01,resolved,0xadb517bcd414c94749cc5553375b75defb58fc47ee5fd87c02e5f6d5979c7a2f,https://data.chain.link/streams/hype-usd,,
sol-updown-15m-1784148300,SOL,"Solana Up or Down - July 15, 4:45PM-5:00PM ET",2026-07-15T21:00:00Z,2026-07-15T20:45:00Z,77.410136,Down,"[""0"", ""1""]",0.05,1627.292136,1188.824013,-0.51,0.01,resolved,0x966500659a17550ae9de9a41999eb8842a30b98443bc41c319ee5962da4f3511,https://data.chain.link/streams/sol-usd,,
xrp-updown-15m-1784148300,XRP,"XRP Up or Down - July 15, 4:45PM-5:00PM ET",2026-07-15T21:00:00Z,2026-07-15T20:45:00Z,1.112115961667406,Down,"[""0"", ""1""]",0.06,1824.933773000001,1104.480287,-0.5,0.01,resolved,0x5abb063f90d7c407783d9d0fa8d6af3cb9a807d15f59d3da9cbbe1c9f845d4da,https://data.chain.link/streams/xrp-usd,,
bnb-updown-15m-1784149200,BNB,"BNB Up or Down - July 15, 5:00PM-5:15PM ET",2026-07-15T21:15:00Z,2026-07-15T21:00:00Z,580.3839801416738,Up,"[""1"", ""0""]",0.99,398.34788000000003,,0.345,0.1,resolved,0xf4f20961ca6f73f4558f737625742f12fb0fff67f3ee327c06923c9fd7fae563,https://data.chain.link/streams/bnb-usd,,
btc-updown-15m-1784149200,BTC,"Bitcoin Up or Down - July 15, 5:00PM-5:15PM ET",2026-07-15T21:15:00Z,2026-07-15T21:00:00Z,64928.92440642307,Down,"[""0"", ""1""]",0.001,41772.035128999916,515,-0.4995,0.007,resolved,0x5439f2f7192331e8844f39ff89aa1d9b791523bbb31dee7bc205c5d9c5a35d3d,https://data.chain.link/streams/btc-usd,,
doge-updown-15m-1784149200,DOGE,"Dogecoin Up or Down - July 15, 5:00PM-5:15PM ET",2026-07-15T21:15:00Z,2026-07-15T21:00:00Z,0.0739789,Up,"[""1"", ""0""]",0.99,366.4860429999999,,0.495,0.01,resolved,0x087a69253f5d37d3626c4aa0b5aad01962f0ea8c90b45bb2d8b5c80fb5d74ad6,https://data.chain.link/streams/doge-usd,,
eth-updown-15m-1784149200,ETH,"Ethereum Up or Down - July 15, 5:00PM-5:15PM ET",2026-07-15T21:15:00Z,2026-07-15T21:00:00Z,1922.4317083214814,Down,"[""0"", ""1""]",0.67,6554.719431000003,10,0.305,0.04,resolved,0x5788aaa84a04b6352401d6e949be6dca8899dab7d013844febce42cea0a287be,https://data.chain.link/streams/eth-usd,,
hype-updown-15m-1784149200,HYPE,"Hyperliquid Up or Down - July 15, 5:00PM-5:15PM ET",2026-07-15T21:15:00Z,2026-07-15T21:00:00Z,67.147545,Up,"[""1"", ""0""]",0.999,304.69248600000003,,0.4995,0.001,resolved,0x3420a1ae2d7d4169e3b2e9544f75268c73e2c92f319ab6364adf458720cb4c27,https://data.chain.link/streams/hype-usd,,
sol-updown-15m-1784149200,SOL,"Solana Up or Down - July 15, 5:00PM-5:15PM ET",2026-07-15T21:15:00Z,2026-07-15T21:00:00Z,77.3338295,Up,"[""1"", ""0""]",0.99,4066.6996639999998,5,0.465,0.02,resolved,0x3b5ec8d7b774dd44a45b1ce47cd2a019a184501a26538b6910db30beb47716d1,https://data.chain.link/streams/sol-usd,,
xrp-updown-15m-1784149200,XRP,"XRP Up or Down - July 15, 5:00PM-5:15PM ET",2026-07-15T21:15:00Z,2026-07-15T21:00:00Z,1.110589176284963,Up,"[""1"", ""0""]",0.99,4261.596153,,0.49,0.01,resolved,0x25312cf71af51d135af2eec443d942ce2e5833e4db1e7ef01e2779ea6f019218,https://data.chain.link/streams/xrp-usd,,
bnb-updown-15m-1784150100,BNB,"BNB Up or Down - July 15, 5:15PM-5:30PM ET",2026-07-15T21:30:00Z,2026-07-15T21:15:00Z,580.4619560866635,Up,"[""1"", ""0""]",0.99,180.44718400000002,,0.49,0.01,resolved,0x1f6bd5f8471ab5f0f85da98f679cadd4a113f3a38ebe4884107eafb98b946775,https://data.chain.link/streams/bnb-usd,,
btc-updown-15m-1784150100,BTC,"Bitcoin Up or Down - July 15, 5:15PM-5:30PM ET",2026-07-15T21:30:00Z,2026-07-15T21:15:00Z,64856.825336046015,Down,"[""0"", ""1""]",0.01,42984.719640999974,4.04,-0.5,0.01,resolved,0x44fc79bdd7fbf909c420854eb4434b6aa91a43c368a0d615aed77ca9bf06ec52,https://data.chain.link/streams/btc-usd,,
doge-updown-15m-1784150100,DOGE,"Dogecoin Up or Down - July 15, 5:15PM-5:30PM ET",2026-07-15T21:30:00Z,2026-07-15T21:15:00Z,0.074000296,Up,"[""1"", ""0""]",0.999,262.326617,,0.4995,0.001,resolved,0x5fc31e9da725b20ba7599448b4b28ba935aed7590c3edda1190ce162528d51f0,https://data.chain.link/streams/doge-usd,,
eth-updown-15m-1784150100,ETH,"Ethereum Up or Down - July 15, 5:15PM-5:30PM ET",2026-07-15T21:30:00Z,2026-07-15T21:15:00Z,1922.4239361012767,Up,"[""1"", ""0""]",0.999,8580.287589000003,,0.4945,0.001,resolved,0x0b6676931e8964b64b765d173c00843328fab711ae14bfad0f91cc50d575573d,https://data.chain.link/streams/eth-usd,,
hype-updown-15m-1784150100,HYPE,"Hyperliquid Up or Down - July 15, 5:15PM-5:30PM ET",2026-07-15T21:30:00Z,2026-07-15T21:15:00Z,67.30199924056123,Down,"[""0"", ""1""]",0.13,122.16478399999998,,-0.495,0.01,resolved,0x9deeab8b3e01eeb448ac25db12ccdf26ccf4fc67d69f6ead17d74302f938d95d,https://data.chain.link/streams/hype-usd,,
sol-updown-15m-1784150100,SOL,"Solana Up or Down - July 15, 5:15PM-5:30PM ET",2026-07-15T21:30:00Z,2026-07-15T21:15:00Z,77.37948754073916,Down,"[""0"", ""1""]",0.01,2700.83685,,-0.5,0.01,resolved,0xa7c2aa6aacf0c41d0ce4013ab3934c3e97234badfb48955242fd396d579624bf,https://data.chain.link/streams/sol-usd,,
xrp-updown-15m-1784150100,XRP,"XRP Up or Down - July 15, 5:15PM-5:30PM ET",2026-07-15T21:30:00Z,2026-07-15T21:15:00Z,1.1124203688695287,Up,"[""1"", ""0""]",0.999,1232.6074910000002,,0.4945,0.001,resolved,0x81cfea423d95d354b9f20cdd7687e3688412506ef51e0a6daaa0f4e4a73924fb,https://data.chain.link/streams/xrp-usd,,
bnb-updown-15m-1784151000,BNB,"BNB Up or Down - July 15, 5:30PM-5:45PM ET",2026-07-15T21:45:00Z,2026-07-15T21:30:00Z,580.5387204060623,Down,"[""0"", ""1""]",0.39,154.255738,,-0.4,0.11,resolved,0xc279cd59df9169ae5fea3abf14a50a7bf4b02da99165b646a36aefd2958c50cf,https://data.chain.link/streams/bnb-usd,,
btc-updown-15m-1784151000,BTC,"Bitcoin Up or Down - July 15, 5:30PM-5:45PM ET",2026-07-15T21:45:00Z,2026-07-15T21:30:00Z,64830.97555921028,Down,"[""0"", ""1""]",0.01,34216.68684300005,4.04,-0.5,0.01,resolved,0xe82a11c2d6c7c11bb32697740af2db33ed2a01ac94593a36dac8107deaa89338,https://data.chain.link/streams/btc-usd,,
doge-updown-15m-1784151000,DOGE,"Dogecoin Up or Down - July 15, 5:30PM-5:45PM ET",2026-07-15T21:45:00Z,2026-07-15T21:30:00Z,0.074082079,Down,"[""0"", ""1""]",0.2,261.6960420000001,,-0.31,0.16,resolved,0xd7f886cf193f7cf788f6b9ebe658ac64950833a496e72c0193f5462b8d159203,https://data.chain.link/streams/doge-usd,,
eth-updown-15m-1784151000,ETH,"Ethereum Up or Down - July 15, 5:30PM-5:45PM ET",2026-07-15T21:45:00Z,2026-07-15T21:30:00Z,1922.674359530819,Down,"[""0"", ""1""]",0.009,6880.156037000002,,-0.5005,0.009,resolved,0x7bc916d4c4139ffe6468f1407e9f5684a5a1a4a7e95202c0bc9497b467a550c2,https://data.chain.link/streams/eth-usd,,
hype-updown-15m-1784151000,HYPE,"Hyperliquid Up or Down - July 15, 5:30PM-5:45PM ET",2026-07-15T21:45:00Z,2026-07-15T21:30:00Z,67.172173,Down,"[""0"", ""1""]",0.44,115.99602900000001,,-0.39,0.2,resolved,0xa77149fdbd465407de1b4071a5717ee83c72b2632bbe4c15800a81c144637484,https://data.chain.link/streams/hype-usd,,
sol-updown-15m-1784151000,SOL,"Solana Up or Down - July 15, 5:30PM-5:45PM ET",2026-07-15T21:45:00Z,2026-07-15T21:30:00Z,77.32380271077035,Down,"[""0"", ""1""]",0.04,3510.385910999999,,-0.47,0.03,resolved,0xc3db54f84ff6ae27366f692bae7a585cf933cb21461180a5ba7db28285532da2,https://data.chain.link/streams/sol-usd,,
xrp-updown-15m-1784151000,XRP,"XRP Up or Down - July 15, 5:30PM-5:45PM ET",2026-07-15T21:45:00Z,2026-07-15T21:30:00Z,1.1140494088586756,Up,"[""1"", ""0""]",0.99,2969.291349,,0.37,0.03,resolved,0xdf25fb4c96d8555cf4c57fc61259db513534c5dfa62f8ce2e6bb9a4196d5efec,https://data.chain.link/streams/xrp-usd,,
bnb-updown-15m-1784151900,BNB,"BNB Up or Down - July 15, 5:45PM-6:00PM ET",2026-07-15T22:00:00Z,2026-07-15T21:45:00Z,580.3884132251169,Up,"[""1"", ""0""]",0.99,266.485237,145.050231,0.49,0.01,resolved,0x62a1ac1c94ecaf63090d9efbc14a74128491caa7308a10ce409f15e251c24fab,https://data.chain.link/streams/bnb-usd,,
btc-updown-15m-1784151900,BTC,"Bitcoin Up or Down - July 15, 5:45PM-6:00PM ET",2026-07-15T22:00:00Z,2026-07-15T21:45:00Z,64769.849969999996,Up,"[""1"", ""0""]",0.99,41301.95265600003,10719.831256,0.49,0.01,resolved,0xb2ec0555b767afa61cb9ad230773635d697cee1dfe724cf9c8cf811285b02aa9,https://data.chain.link/streams/btc-usd,,
doge-updown-15m-1784151900,DOGE,"Dogecoin Up or Down - July 15, 5:45PM-6:00PM ET",2026-07-15T22:00:00Z,2026-07-15T21:45:00Z,0.07402706762637475,Down,"[""0"", ""1""]",0.28,287.506362,29.999999,-0.4995,0.001,resolved,0x97de64c86395eae497de93fb539599240ad3d3f8b43fbadc126c8ab342d67390,https://data.chain.link/streams/doge-usd,,
eth-updown-15m-1784151900,ETH,"Ethereum Up or Down - July 15, 5:45PM-6:00PM ET",2026-07-15T22:00:00Z,2026-07-15T21:45:00Z,1919.4217193318877,Up,"[""1"", ""0""]",0.99,4749.1019320000005,1800.084733,0.49,0.01,resolved,0xf2de72328ee3e856277b07b6bcd70e9988343240ea1a918c8d74c9023c638df2,https://data.chain.link/streams/eth-usd,,
hype-updown-15m-1784151900,HYPE,"Hyperliquid Up or Down - July 15, 5:45PM-6:00PM ET",2026-07-15T22:00:00Z,2026-07-15T21:45:00Z,67.10445257804508,Down,"[""0"", ""1""]",0.06,222.49377199999998,33.769338,-0.4995,0.001,resolved,0x8dff70a4a55287a0a0ee6360cd79191f57c55a5eb0e3ca941837a0f29b18d7fd,https://data.chain.link/streams/hype-usd,,
sol-updown-15m-1784151900,SOL,"Solana Up or Down - July 15, 5:45PM-6:00PM ET",2026-07-15T22:00:00Z,2026-07-15T21:45:00Z,77.28722296305982,Up,"[""1"", ""0""]",0.99,3524.4805710000023,1242.735052,0.495,0.01,resolved,0x845b64b0973c13dcc1d734e7945c49128db5cff491723f86c83fcfe720b28445,https://data.chain.link/streams/sol-usd,,
xrp-updown-15m-1784151900,XRP,"XRP Up or Down - July 15, 5:45PM-6:00PM ET",2026-07-15T22:00:00Z,2026-07-15T21:45:00Z,1.1142863074594627,Up,"[""1"", ""0""]",0.99,1587.8039179999996,1156.700397,0.49,0.01,resolved,0x112e1ae3058db86e0d6dccd530be8e1ebb1119b87c30e6af963b27c0eb9f45e1,https://data.chain.link/streams/xrp-usd,,
bnb-updown-15m-1784152800,BNB,"BNB Up or Down - July 15, 6:00PM-6:15PM ET",2026-07-15T22:15:00Z,2026-07-15T22:00:00Z,580.7221317080317,Down,"[""0"", ""1""]",0.41,424.2755400000001,,-0.5,0.01,resolved,0x654cb609d7ce16708cefb1de5649436d1a889f3cd736ee5bcbb9877a3c1eac94,https://data.chain.link/streams/bnb-usd,,
btc-updown-15m-1784152800,BTC,"Bitcoin Up or Down - July 15, 6:00PM-6:15PM ET",2026-07-15T22:15:00Z,2026-07-15T22:00:00Z,64790.396140267665,Down,"[""0"", ""1""]",0.01,48616.277619999964,650.195502,-0.41,0.01,resolved,0xedab3c7099c595709913ae0d53f6ed0317bedfebefb46dabd20d0e9a712c9aaa,https://data.chain.link/streams/btc-usd,,
doge-updown-15m-1784152800,DOGE,"Dogecoin Up or Down - July 15, 6:00PM-6:15PM ET",2026-07-15T22:15:00Z,2026-07-15T22:00:00Z,0.0739958,Down,"[""0"", ""1""]",0.21,289.7944330000001,,-0.495,0.01,resolved,0x8980fb82d96d04f51c1ef0e6889d8b96dd554c5d1815486261c4a24a92a5f9b0,https://data.chain.link/streams/doge-usd,,
eth-updown-15m-1784152800,ETH,"Ethereum Up or Down - July 15, 6:00PM-6:15PM ET",2026-07-15T22:15:00Z,2026-07-15T22:00:00Z,1920.7924222409438,Down,"[""0"", ""1""]",0.02,9407.139923999997,,-0.47,0.01,resolved,0x3ba21ac8ff2d8a116a1a11acbb84128704d9e77f21310f8d23d6f613d5f406e1,https://data.chain.link/streams/eth-usd,,
hype-updown-15m-1784152800,HYPE,"Hyperliquid Up or Down - July 15, 6:00PM-6:15PM ET",2026-07-15T22:15:00Z,2026-07-15T22:00:00Z,67.048798,Down,"[""0"", ""1""]",0.78,201.130148,,-0.445,0.09,resolved,0x967766c95eef4f7f28162a1f9aa51712a392fe41c63640366c7d1617f7ffb3b5,https://data.chain.link/streams/hype-usd,,
sol-updown-15m-1784152800,SOL,"Solana Up or Down - July 15, 6:00PM-6:15PM ET",2026-07-15T22:15:00Z,2026-07-15T22:00:00Z,77.37303399999999,Up,"[""1"", ""0""]",0.98,3706.200588000001,5,0.47,0.03,resolved,0x291f6407bab09ea725a9db1a06a426801f72a6af6d7ea5d940d9fd156b3752e0,https://data.chain.link/streams/sol-usd,,
xrp-updown-15m-1784152800,XRP,"XRP Up or Down - July 15, 6:00PM-6:15PM ET",2026-07-15T22:15:00Z,2026-07-15T22:00:00Z,1.11491915,Up,"[""1"", ""0""]",0.99,2313.2571529999996,19.150942,0.365,0.03,resolved,0xcd3c6df10da6b9f8b706712744330e5d04d0585363e5f0967e8d347379952774,https://data.chain.link/streams/xrp-usd,,
bnb-updown-15m-1784153700,BNB,"BNB Up or Down - July 15, 6:15PM-6:30PM ET",2026-07-15T22:30:00Z,2026-07-15T22:15:00Z,580.4887648098197,Up,"[""1"", ""0""]",0.99,154.461955,,0.49,0.01,resolved,0x74ecc049e77fe9a502df64eed9ce26bf5ef3e2f3eb8be63f25c86479f3ff49f4,https://data.chain.link/streams/bnb-usd,,
btc-updown-15m-1784153700,BTC,"Bitcoin Up or Down - July 15, 6:15PM-6:30PM ET",2026-07-15T22:30:00Z,2026-07-15T22:15:00Z,64767.58743872544,Up,"[""1"", ""0""]",0.999,27067.89956100006,,0.4945,0.001,resolved,0x077e7de23493cf4bc4b4b1e215fc2680d72ab67ee4514cf1fbbc655c8ceb29bf,https://data.chain.link/streams/btc-usd,,
doge-updown-15m-1784153700,DOGE,"Dogecoin Up or Down - July 15, 6:15PM-6:30PM ET",2026-07-15T22:30:00Z,2026-07-15T22:15:00Z,0.0739515,Up,"[""1"", ""0""]",0.999,198.082749,,0.4995,0.001,resolved,0x80d982c930be39167a67b56aa2f57355d886759cf6c72606c9ce20bc150baece,https://data.chain.link/streams/doge-usd,,
eth-updown-15m-1784153700,ETH,"Ethereum Up or Down - July 15, 6:15PM-6:30PM ET",2026-07-15T22:30:00Z,2026-07-15T22:15:00Z,1919.316201180483,Up,"[""1"", ""0""]",0.999,5606.463447999999,,0.4945,0.001,resolved,0x0af1e69a0fae8d34d5c2fabe15a9e5c4f7109bb317c79cd7b53802ac84713568,https://data.chain.link/streams/eth-usd,,
hype-updown-15m-1784153700,HYPE,"Hyperliquid Up or Down - July 15, 6:15PM-6:30PM ET",2026-07-15T22:30:00Z,2026-07-15T22:15:00Z,66.94758769610067,Up,"[""1"", ""0""]",0.99,87.86053799999999,,0.495,0.01,resolved,0xc9347c27910ab3955e3e0531783eb5fa6e4dd96ff72bcd5a95685daf70f169e4,https://data.chain.link/streams/hype-usd,,
sol-updown-15m-1784153700,SOL,"Solana Up or Down - July 15, 6:15PM-6:30PM ET",2026-07-15T22:30:00Z,2026-07-15T22:15:00Z,77.447404,Up,"[""1"", ""0""]",0.999,1827.3791110000006,,0.4945,0.001,resolved,0x4653bb099f49becf6dc94c253961cfe9a81086b8a3f6b5f4e4df0281791cd411,https://data.chain.link/streams/sol-usd,,
xrp-updown-15m-1784153700,XRP,"XRP Up or Down - July 15, 6:15PM-6:30PM ET",2026-07-15T22:30:00Z,2026-07-15T22:15:00Z,1.1150622545691393,Up,"[""1"", ""0""]",0.999,1076.5191680000003,,0.4945,0.001,resolved,0x33700dc6630b7e5bd6b871e915211272462b3c056ad78bc033aab2d363628fc2,https://data.chain.link/streams/xrp-usd,,
bnb-updown-15m-1784154600,BNB,"BNB Up or Down - July 15, 6:30PM-6:45PM ET",2026-07-15T22:45:00Z,2026-07-15T22:30:00Z,580.8189777138035,Down,"[""0"", ""1""]",0.06,371.215934,,-0.495,0.02,resolved,0x32c5b44af22c4669787b42750838ad6df6ce436c2e1a31e54d8cf8c37d46b1ac,https://data.chain.link/streams/bnb-usd,,
btc-updown-15m-1784154600,BTC,"Bitcoin Up or Down - July 15, 6:30PM-6:45PM ET",2026-07-15T22:45:00Z,2026-07-15T22:30:00Z,64858.010657981285,Down,"[""0"", ""1""]",0.01,44980.02866599998,43,-0.49,0.01,resolved,0x61752ad650ec7b9f39a424f62a9ca2b55cb88ce5a4be2f88b32b36501c69e637,https://data.chain.link/streams/btc-usd,,
doge-updown-15m-1784154600,DOGE,"Dogecoin Up or Down - July 15, 6:30PM-6:45PM ET",2026-07-15T22:45:00Z,2026-07-15T22:30:00Z,0.07408029080673564,Down,"[""0"", ""1""]",0.04,408.738153,,-0.4745,0.049,resolved,0x45347ec83ebc54990608be80f9385f2a2dafe845a7db5e4760ef9b9ea962e0a7,https://data.chain.link/streams/doge-usd,,
eth-updown-15m-1784154600,ETH,"Ethereum Up or Down - July 15, 6:30PM-6:45PM ET",2026-07-15T22:45:00Z,2026-07-15T22:30:00Z,1922.9979829019103,Down,"[""0"", ""1""]",0.06,5554.447543999998,,-0.41,0.01,resolved,0xcb19d50030c7f94ab1e9930bcf4dfaea4613631e051d0d6f11d93c3609eff45e,https://data.chain.link/streams/eth-usd,,
hype-updown-15m-1784154600,HYPE,"Hyperliquid Up or Down - July 15, 6:30PM-6:45PM ET",2026-07-15T22:45:00Z,2026-07-15T22:30:00Z,67.00223276375705,Down,"[""0"", ""1""]",0.51,226.161383,,-0.495,0.01,resolved,0xb8ff936697be01dc61cfe8e096032438225e661ce2e0de2f3c8dbf67ef1fff0f,https://data.chain.link/streams/hype-usd,,
sol-updown-15m-1784154600,SOL,"Solana Up or Down - July 15, 6:30PM-6:45PM ET",2026-07-15T22:45:00Z,2026-07-15T22:30:00Z,77.62072754948433,Down,"[""0"", ""1""]",0.02,4480.061391999999,5,-0.501,0.006,resolved,0x4cc3e5e69cd9c775bee91d2cb235ba91c304307497c270301dbd2c507468c402,https://data.chain.link/streams/sol-usd,,
xrp-updown-15m-1784154600,XRP,"XRP Up or Down - July 15, 6:30PM-6:45PM ET",2026-07-15T22:45:00Z,2026-07-15T22:30:00Z,1.1173485567264985,Down,"[""0"", ""1""]",0.03,2071.077455,,-0.5,0.01,resolved,0x52adb5988b9bfd5aea2c3d17337e203c0e3a23ea0b187d53d3c88d2c1e2e3536,https://data.chain.link/streams/xrp-usd,,
bnb-updown-15m-1784155500,BNB,"BNB Up or Down - July 15, 6:45PM-7:00PM ET",2026-07-15T23:00:00Z,2026-07-15T22:45:00Z,580.4194270453942,Up,"[""1"", ""0""]",0.99,425.8131109999999,151.756638,0.49,0.01,resolved,0x8c97a73bcd89f15980b46275c75ecef1fae973163fe2baec774cb8bbd0b1aadf,https://data.chain.link/streams/bnb-usd,,
btc-updown-15m-1784155500,BTC,"Bitcoin Up or Down - July 15, 6:45PM-7:00PM ET",2026-07-15T23:00:00Z,2026-07-15T22:45:00Z,64843.26224247063,Down,"[""0"", ""1""]",0.01,40419.850218000014,11822.73787,-0.5,0.01,resolved,0x5eb188f68fe8df56494cf269fa0caecb17cf9af7f535896e31357b78886eba81,https://data.chain.link/streams/btc-usd,,
doge-updown-15m-1784155500,DOGE,"Dogecoin Up or Down - July 15, 6:45PM-7:00PM ET",2026-07-15T23:00:00Z,2026-07-15T22:45:00Z,0.074,Down,"[""0"", ""1""]",0.41,421.128278,104.923333,-0.495,0.01,resolved,0xd20cee101b274adf42fee047a555dc1095556ae484f7f28ad5b57d90872d9083,https://data.chain.link/streams/doge-usd,,
eth-updown-15m-1784155500,ETH,"Ethereum Up or Down - July 15, 6:45PM-7:00PM ET",2026-07-15T23:00:00Z,2026-07-15T22:45:00Z,1922.2592692268381,Down,"[""0"", ""1""]",0.01,11110.283766000008,2541.383512,-0.5,0.01,resolved,0xe77d4b1ef751239940bc6174440b3c165e373a35a44e596ee47aa8490dc22f9e,https://data.chain.link/streams/eth-usd,,
hype-updown-15m-1784155500,HYPE,"Hyperliquid Up or Down - July 15, 6:45PM-7:00PM ET",2026-07-15T23:00:00Z,2026-07-15T22:45:00Z,66.99481,Up,"[""1"", ""0""]",0.99,145.021716,36.840632,0.495,0.01,resolved,0xf633341a4e4d68f0616c3ecfa70e08da2552cbe3e64269973cda49258c7c16b4,https://data.chain.link/streams/hype-usd,,
sol-updown-15m-1784155500,SOL,"Solana Up or Down - July 15, 6:45PM-7:00PM ET",2026-07-15T23:00:00Z,2026-07-15T22:45:00Z,77.4641355,Down,"[""0"", ""1""]",0.15,5134.409993000002,1364.772237,-0.5,0.01,resolved,0x8c03cf7540f3507b834dc9a6c40744a54b4c529ebcb6b146e3d936a5c54a38dc,https://data.chain.link/streams/sol-usd,,
xrp-updown-15m-1784155500,XRP,"XRP Up or Down - July 15, 6:45PM-7:00PM ET",2026-07-15T23:00:00Z,2026-07-15T22:45:00Z,1.115928006879839,Down,"[""0"", ""1""]",0.01,3787.7135599999983,1167.32584,-0.5,0.01,resolved,0x21b7bee1e7bb4dd3e651454373f080a167085f3839d0b59a8442cd6973d4966a,https://data.chain.link/streams/xrp-usd,,
bnb-updown-15m-1784156400,BNB,"BNB Up or Down - July 15, 7:00PM-7:15PM ET",2026-07-15T23:15:00Z,2026-07-15T23:00:00Z,580.6745327017692,Up,"[""1"", ""0""]",0.99,276.37687700000004,,0.455,0.06,resolved,0x3599feaddb26a406b9ae9ccf6ae0b915901cc92454578f83406f4ce98fce8f8a,https://data.chain.link/streams/bnb-usd,,
btc-updown-15m-1784156400,BTC,"Bitcoin Up or Down - July 15, 7:00PM-7:15PM ET",2026-07-15T23:15:00Z,2026-07-15T23:00:00Z,64823.61512211856,Up,"[""1"", ""0""]",0.999,34807.14604399997,540.1,0.4945,0.001,resolved,0xbd7f5f94e160f0b2bb9328b286c85779f4a37eca927d29055f97a7675e7becb8,https://data.chain.link/streams/btc-usd,,
doge-updown-15m-1784156400,DOGE,"Dogecoin Up or Down - July 15, 7:00PM-7:15PM ET",2026-07-15T23:15:00Z,2026-07-15T23:00:00Z,0.073996176,Up,"[""1"", ""0""]",0.999,474.887491,,0.4945,0.009,resolved,0xcc9847eb41fce9ff0d5afbe916eb14e12ba9cfdeef3d7aba7504b47f8824319f,https://data.chain.link/streams/doge-usd,,
eth-updown-15m-1784156400,ETH,"Ethereum Up or Down - July 15, 7:00PM-7:15PM ET",2026-07-15T23:15:00Z,2026-07-15T23:00:00Z,1922.1563361506467,Up,"[""1"", ""0""]",0.999,5046.322652000001,,0.4885,0.005,resolved,0x78fb7cdee54777688b732a657dc37e50584fcc0b823adc14debecf418bdaf6ea,https://data.chain.link/streams/eth-usd,,
hype-updown-15m-1784156400,HYPE,"Hyperliquid Up or Down - July 15, 7:00PM-7:15PM ET",2026-07-15T23:15:00Z,2026-07-15T23:00:00Z,67.01131716048201,Up,"[""1"", ""0""]",0.999,221.468768,,0.4995,0.001,resolved,0x5187cee182cf43ee747f2a04e81805436f73d312dbbc4eb039fb9c11c6d01189,https://data.chain.link/streams/hype-usd,,
sol-updown-15m-1784156400,SOL,"Solana Up or Down - July 15, 7:00PM-7:15PM ET",2026-07-15T23:15:00Z,2026-07-15T23:00:00Z,77.4414259001824,Up,"[""1"", ""0""]",0.999,1761.0349770000003,,0.4845,0.019,resolved,0x7c02e9ee1ad2e7a0e27389fea685b4080855d71bc3b21a94438e9f5beb229644,https://data.chain.link/streams/sol-usd,,
xrp-updown-15m-1784156400,XRP,"XRP Up or Down - July 15, 7:00PM-7:15PM ET",2026-07-15T23:15:00Z,2026-07-15T23:00:00Z,1.1154237050906644,Down,"[""0"", ""1""]",0.01,2707.427667,5,-0.5,0.01,resolved,0xfdbfebe534c5922ec615a5b501636f27323b2743b0c459f9a5dfd8c3bbed26a5,https://data.chain.link/streams/xrp-usd,,
bnb-updown-15m-1784157300,BNB,"BNB Up or Down - July 15, 7:15PM-7:30PM ET",2026-07-15T23:30:00Z,2026-07-15T23:15:00Z,580.8801897893895,Down,"[""0"", ""1""]",0.05,262.2637,,-0.5045,0.001,resolved,0xda60c773d587b6279d0991abc14b066efd2aa1894f31b040e015713205e3ec43,https://data.chain.link/streams/bnb-usd,,
btc-updown-15m-1784157300,BTC,"Bitcoin Up or Down - July 15, 7:15PM-7:30PM ET",2026-07-15T23:30:00Z,2026-07-15T23:15:00Z,64872.120865000004,Down,"[""0"", ""1""]",0.001,45360.04689699996,,-0.5045,0.001,resolved,0xfcd55a4816dc6d5125ff55790a1727574e2ac3d1e1e6f308aba0b4467b63db13,https://data.chain.link/streams/btc-usd,,
doge-updown-15m-1784157300,DOGE,"Dogecoin Up or Down - July 15, 7:15PM-7:30PM ET",2026-07-15T23:30:00Z,2026-07-15T23:15:00Z,0.07407466061785416,Down,"[""0"", ""1""]",0.25,286.862382,,-0.495,0.01,resolved,0x9ca819af7f91460c0034cddbe7c12054d92e3352677c3b1ffbfd386abaa841bd,https://data.chain.link/streams/doge-usd,,
eth-updown-15m-1784157300,ETH,"Ethereum Up or Down - July 15, 7:15PM-7:30PM ET",2026-07-15T23:30:00Z,2026-07-15T23:15:00Z,1924.0619033455562,Down,"[""0"", ""1""]",0.01,5446.279190000001,33,-0.4945,0.001,resolved,0x56dc054bbd06ba513e1c90a18db008b82b7f3aa04578ceca83b50786fcd222c5,https://data.chain.link/streams/eth-usd,,
hype-updown-15m-1784157300,HYPE,"Hyperliquid Up or Down - July 15, 7:15PM-7:30PM ET",2026-07-15T23:30:00Z,2026-07-15T23:15:00Z,67.23595,Down,"[""0"", ""1""]",0.01,293.666665,,-0.4995,0.001,resolved,0x7c937a0a9ea6bc6a31ddaedc22248ee0b6e0113b4ce42ecd1e333fd0bc1752ba,https://data.chain.link/streams/hype-usd,,
sol-updown-15m-1784157300,SOL,"Solana Up or Down - July 15, 7:15PM-7:30PM ET",2026-07-15T23:30:00Z,2026-07-15T23:15:00Z,77.50498211556811,Down,"[""0"", ""1""]",0.04,2296.887497,,-0.5045,0.001,resolved,0x7edfbe265d6f40c53046568be8f88639f13e9c093ce39a2d27174b7b1f61f73c,https://data.chain.link/streams/sol-usd,,
xrp-updown-15m-1784157300,XRP,"XRP Up or Down - July 15, 7:15PM-7:30PM ET",2026-07-15T23:30:00Z,2026-07-15T23:15:00Z,1.1136068066107143,Down,"[""0"", ""1""]",0.05,1899.8659679999996,,-0.5,0.01,resolved,0x09e171c3f068c44c20183ffd13148b4311614ef244f5880d49352c18eef28653,https://data.chain.link/streams/xrp-usd,,
bnb-updown-15m-1784158200,BNB,"BNB Up or Down - July 15, 7:30PM-7:45PM ET",2026-07-15T23:45:00Z,2026-07-15T23:30:00Z,580.4035700416616,Down,"[""0"", ""1""]",0.02,280.047447,,-0.4995,0.009,resolved,0xbdd1c9ebcdacb16d6137b8fb61e3b86ea288a85aeaa50d2d4b3167af0583552c,https://data.chain.link/streams/bnb-usd,,
btc-updown-15m-1784158200,BTC,"Bitcoin Up or Down - July 15, 7:30PM-7:45PM ET",2026-07-15T23:45:00Z,2026-07-15T23:30:00Z,64807.44017217334,Down,"[""0"", ""1""]",0.01,22069.750558000036,,-0.503,0.002,resolved,0x3af391c2f65280e5da54bc4dc442c5e1bc61c4362b9a66d62376b607337c019e,https://data.chain.link/streams/btc-usd,,
doge-updown-15m-1784158200,DOGE,"Dogecoin Up or Down - July 15, 7:30PM-7:45PM ET",2026-07-15T23:45:00Z,2026-07-15T23:30:00Z,0.074068931,Down,"[""0"", ""1""]",0.63,261.839364,,-0.495,0.008,resolved,0xc5535973f4c35744239e1489439542022d26a27f357b4280c451775f7a08ef60,https://data.chain.link/streams/doge-usd,,
eth-updown-15m-1784158200,ETH,"Ethereum Up or Down - July 15, 7:30PM-7:45PM ET",2026-07-15T23:45:00Z,2026-07-15T23:30:00Z,1920.5811665572367,Down,"[""0"", ""1""]",0.001,4080.7246220000015,33,-0.5035,0.001,resolved,0xc42c9e62bb8b0bdadd35337f107f249c9bb060a1bca8dd16b9d1b773a0df3048,https://data.chain.link/streams/eth-usd,,
hype-updown-15m-1784158200,HYPE,"Hyperliquid Up or Down - July 15, 7:30PM-7:45PM ET",2026-07-15T23:45:00Z,2026-07-15T23:30:00Z,66.926483,Down,"[""0"", ""1""]",0.63,187.293602,,-0.4945,0.009,resolved,0x4f5199e63ed3fe583173a5a0454d787f7804bc090b7f8bd9ef7020f3884ece75,https://data.chain.link/streams/hype-usd,,
sol-updown-15m-1784158200,SOL,"Solana Up or Down - July 15, 7:30PM-7:45PM ET",2026-07-15T23:45:00Z,2026-07-15T23:30:00Z,77.39291158598446,Down,"[""0"", ""1""]",0.08,2936.8151309999967,,-0.5,0.008,resolved,0x449ce8a05d456107a47ad9354936beb4649b5925acbe7667f73a0660a146013f,https://data.chain.link/streams/sol-usd,,
xrp-updown-15m-1784158200,XRP,"XRP Up or Down - July 15, 7:30PM-7:45PM ET",2026-07-15T23:45:00Z,2026-07-15T23:30:00Z,1.1131954767423735,Down,"[""0"", ""1""]",0.001,6044.233038,,-0.5,0.01,resolved,0x1323c28f1730a45e13b7261b27a124eb3275d3c5a04e76b6bce24a96f2fa1055,https://data.chain.link/streams/xrp-usd,,
bnb-updown-15m-1784159100,BNB,"BNB Up or Down - July 15, 7:45PM-8:00PM ET",2026-07-16T00:00:00Z,2026-07-15T23:45:00Z,579.8083887602647,Up,"[""1"", ""0""]",0.999,281.90333400000003,160.942871,0.4945,0.001,resolved,0x2c03aa35d3b51db84966b3adeceb454de00e4d1bcfeedee5aa5f961bf093fd44,https://data.chain.link/streams/bnb-usd,,
btc-updown-15m-1784159100,BTC,"Bitcoin Up or Down - July 15, 7:45PM-8:00PM ET",2026-07-16T00:00:00Z,2026-07-15T23:45:00Z,64696.686910058415,Up,"[""1"", ""0""]",0.99,32914.93542200001,11541.278447,0.49,0.01,resolved,0x53dfcc4026a24bef0682d4a16987974f0d4f17967bdec24b24c88f4a358fbfb1,https://data.chain.link/streams/btc-usd,,
doge-updown-15m-1784159100,DOGE,"Dogecoin Up or Down - July 15, 7:45PM-8:00PM ET",2026-07-16T00:00:00Z,2026-07-15T23:45:00Z,0.07397048,Up,"[""1"", ""0""]",0.999,357.094342,106.941795,0.4995,0.001,resolved,0x04ca62a0ce540bcb02543714fca5ac616879cccbb9e5618030e6dac1a4981ee0,https://data.chain.link/streams/doge-usd,,
eth-updown-15m-1784159100,ETH,"Ethereum Up or Down - July 15, 7:45PM-8:00PM ET",2026-07-16T00:00:00Z,2026-07-15T23:45:00Z,1914.4825074764817,Up,"[""1"", ""0""]",0.999,6960.135988000003,2718.276906,0.5045,0.001,resolved,0x931adc2b6c3bd0be9c7c1771209ec22d1e557e46a861a1806dc1faab003ebbe4,https://data.chain.link/streams/eth-usd,,
hype-updown-15m-1784159100,HYPE,"Hyperliquid Up or Down - July 15, 7:45PM-8:00PM ET",2026-07-16T00:00:00Z,2026-07-15T23:45:00Z,66.785201,Up,"[""1"", ""0""]",0.99,84.732269,36.451611,0.495,0.01,resolved,0xa2af1384fdb1686bd5b6ffb4f3437414981bfa2c0701eae27b6d38726c23aa67,https://data.chain.link/streams/hype-usd,,
sol-updown-15m-1784159100,SOL,"Solana Up or Down - July 15, 7:45PM-8:00PM ET",2026-07-16T00:00:00Z,2026-07-15T23:45:00Z,77.25467185962545,Down,"[""0"", ""1""]",0.01,5350.539691000001,1414.416669,-0.5,0.01,resolved,0x378e54dee229cc969196e15f28fa6bc7a2d9513ff453b3f8189114aa0febb5c7,https://data.chain.link/streams/sol-usd,,
xrp-updown-15m-1784159100,XRP,"XRP Up or Down - July 15, 7:45PM-8:00PM ET",2026-07-16T00:00:00Z,2026-07-15T23:45:00Z,1.1123692348967105,Up,"[""1"", ""0""]",0.99,2213.0716059999986,1057.643374,0.49,0.01,resolved,0xae73177817d30bfedeeac9d6355b8818981cadd99fb60f784e45842867cd5b65,https://data.chain.link/streams/xrp-usd,,
