slug,asset,question,endDate,eventStartTime,priceToBeat,winningOutcome,outcomePrices,lastTradePrice,volume,openInterest,oneHourPriceChange,spread,umaResolutionStatus,conditionId,resolutionSource,finalPrice,closedTime
bnb-updown-15m-1789171200,BNB,"BNB Up or Down - September 11, 8:00PM-8:15PM ET",2026-09-12T00:15:00Z,2026-09-12T00:00:00Z,726.6480283739968,Up,"[""1"", ""0""]",0.99,322.175207,,0.4945,0.001,resolved,0x309f9a29e6f06252e3fe7592956c6fbf3025be381c8919cba18cf807f5599607,https://data.chain.link/streams/bnb-usd-twap-60s-streams,726.8264256435785,2026-09-12 00:15:54+00
btc-updown-15m-1789171200,BTC,"Bitcoin Up or Down - September 11, 8:00PM-8:15PM ET",2026-09-12T00:15:00Z,2026-09-12T00:00:00Z,77205.50569273818,Up,"[""1"", ""0""]",0.999,18067.733220000002,2821.103922,0.4945,0.001,resolved,0x303c254651d4144630d08eff23832868ab2bfa2e30ffd5292da5464c317cada3,https://data.chain.link/streams/btc-usd-twap-60s-streams,77269.61766176127,2026-09-12 00:15:54+00
doge-updown-15m-1789171200,DOGE,"Dogecoin Up or Down - September 11, 8:00PM-8:15PM ET",2026-09-12T00:15:00Z,2026-09-12T00:00:00Z,0.08430098930283952,Down,"[""0"", ""1""]",0.002,882.003455,,-0.4995,0.001,resolved,0xb91a2e46fe03c252125907a00da1e82da05d887ea5471013e1193d501433cd13,https://data.chain.link/streams/doge-usd-twap-60s-streams,0.08423521043799144,2026-09-12 00:15:52+00
eth-updown-15m-1789171200,ETH,"Ethereum Up or Down - September 11, 8:00PM-8:15PM ET",2026-09-12T00:15:00Z,2026-09-12T00:00:00Z,2515.734243874797,Up,"[""1"", ""0""]",0.99,6255.722748000001,80,0.49,0.01,resolved,0xe11714aa5b4acaaecc0f9148f6c782396401ade98cecd417f40a1d6e4f7b1022,https://data.chain.link/streams/eth-usd-twap-60s-streams,2516.1813743365606,2026-09-12 00:15:54+00
hype-updown-15m-1789171200,HYPE,"Hyperliquid Up or Down - September 11, 8:00PM-8:15PM ET",2026-09-12T00:15:00Z,2026-09-12T00:00:00Z,79.42777559770336,Down,"[""0"", ""1""]",0.62,156.175568,,-0.5045,0.001,resolved,0xd44adeafbce86ebd47447fba79c8f3999c0a05f172d7814961924c79775dc343,https://data.chain.link/streams/hype-usd-twap-60s-streams,79.03497273946857,2026-09-12 00:15:52+00
sol-updown-15m-1789171200,SOL,"Solana Up or Down - September 11, 8:00PM-8:15PM ET",2026-09-12T00:15:00Z,2026-09-12T00:00:00Z,102.43248260353764,Down,"[""0"", ""1""]",0.01,1494.3058619999995,19.607844,-0.5045,0.001,resolved,0x4d5791ef910bee67ccbe250025ebd039a5ca76bbccdd8b4663a20c926248c4a2,https://data.chain.link/streams/sol-usd-twap-60s-streams,102.29422162001545,2026-09-12 00:15:54+00
xrp-updown-15m-1789171200,XRP,"XRP Up or Down - September 11, 8:00PM-8:15PM ET",2026-09-12T00:15:00Z,2026-09-12T00:00:00Z,1.3562555246532848,Down,"[""0"", ""1""]",0.01,1361.8819010000002,19.607844,-0.5045,0.001,resolved,0x1b235bb327fd228820c722a1b2708da638def7f2bf6712ac0a291f7cb5d603be,https://data.chain.link/streams/xrp-usd-twap-60s-streams,1.3555995594273837,2026-09-12 00:15:54+00
zec-updown-15m-1789171200,ZEC,"ZCash Up or Down - September 11, 8:00PM-8:15PM ET",2026-09-12T00:15:00Z,2026-09-12T00:00:00Z,1165.1948397802812,Down,"[""0"", ""1""]",,99.989215,,-0.495,0.01,resolved,0x8aa693048327a94904c936647e44a49397bb8b69803b57cfec0fd2a69c5300b0,https://data.chain.link/streams/zec-usd-twap-60s-streams,1160.8177825468222,2026-09-12 00:15:54+00
bnb-updown-15m-1789172100,BNB,"BNB Up or Down - September 11, 8:15PM-8:30PM ET",2026-09-12T00:30:00Z,2026-09-12T00:15:00Z,726.8264256435785,Up,"[""1"", ""0""]",0.99,286.18213000000003,,0.4945,0.001,resolved,0x1ab7e45e4dd478e11330a5ce6ebc2acc20e0c9c067212fad1de4d67c8a5cc710,https://data.chain.link/streams/bnb-usd-twap-60s-streams,727.4903908167165,2026-09-12 00:30:52+00
btc-updown-15m-1789172100,BTC,"Bitcoin Up or Down - September 11, 8:15PM-8:30PM ET",2026-09-12T00:30:00Z,2026-09-12T00:15:00Z,77269.61766176127,Down,"[""0"", ""1""]",0.01,32117.144244000006,,-0.5,0.01,resolved,0x566e76dd523461368b3bf87b4a2a9b3b3e41ae38661dde6ec6bce8ad48c72ec3,https://data.chain.link/streams/btc-usd-twap-60s-streams,77266.43024333965,2026-09-12 00:30:52+00
doge-updown-15m-1789172100,DOGE,"Dogecoin Up or Down - September 11, 8:15PM-8:30PM ET",2026-09-12T00:30:00Z,2026-09-12T00:15:00Z,0.08423521043799144,Up,"[""1"", ""0""]",0.999,189.979866,,0.4945,0.001,resolved,0x6daf4b0f774ebcab4a7182007de3c722a28d413219677643f246fe56b282ba7a,https://data.chain.link/streams/doge-usd-twap-60s-streams,0.08433977046675564,2026-09-12 00:30:54+00
eth-updown-15m-1789172100,ETH,"Ethereum Up or Down - September 11, 8:15PM-8:30PM ET",2026-09-12T00:30:00Z,2026-09-12T00:15:00Z,2516.1813743365606,Down,"[""0"", ""1""]",0.04,6341.019484,,-0.5,0.01,resolved,0xeb7723b7cc078adb99fa4bb4812306d86a6fca0315bb64290e5471a851fc6417,https://data.chain.link/streams/eth-usd-twap-60s-streams,2515.5510764770233,2026-09-12 00:30:54+00
hype-updown-15m-1789172100,HYPE,"Hyperliquid Up or Down - September 11, 8:15PM-8:30PM ET",2026-09-12T00:30:00Z,2026-09-12T00:15:00Z,79.03497273946857,Down,"[""0"", ""1""]",0.17,242.40751699999998,,-0.5045,0.001,resolved,0x7035647babd71f697beb3e046f310d5e2b8742a425617f0232e1e202422de009,https://data.chain.link/streams/hype-usd-twap-60s-streams,78.86163715041936,2026-09-12 00:30:54+00
sol-updown-15m-1789172100,SOL,"Solana Up or Down - September 11, 8:15PM-8:30PM ET",2026-09-12T00:30:00Z,2026-09-12T00:15:00Z,102.29422162001545,Down,"[""0"", ""1""]",0.1,764.8950329999999,,-0.495,0.01,resolved,0x828e5870c889c5845b265421a442c304c0cbb02080ab6ca47f36b5356a7f2052,https://data.chain.link/streams/sol-usd-twap-60s-streams,102.17080818086946,2026-09-12 00:30:54+00
xrp-updown-15m-1789172100,XRP,"XRP Up or Down - September 11, 8:15PM-8:30PM ET",2026-09-12T00:30:00Z,2026-09-12T00:15:00Z,1.3555995594273837,Up,"[""1"", ""0""]",0.999,1534.9720880000004,,0.4945,0.001,resolved,0x5e28349a9df014cd3d0482da52f9724a74c8fa64c298e2e8d218bb16cdc38172,https://data.chain.link/streams/xrp-usd-twap-60s-streams,1.357926812494609,2026-09-12 00:30:54+00
zec-updown-15m-1789172100,ZEC,"ZCash Up or Down - September 11, 8:15PM-8:30PM ET",2026-09-12T00:30:00Z,2026-09-12T00:15:00Z,1160.8177825468222,Down,"[""0"", ""1""]",0.52,144.34065800000002,,-0.495,0.01,resolved,0x8b20b75548370de56ed58cc624f3e6a1e0c50f78d5e13d07d76a672c0e7f0d25,https://data.chain.link/streams/zec-usd-twap-60s-streams,1158.4820576835646,2026-09-12 00:30:54+00
bnb-updown-15m-1789173000,BNB,"BNB Up or Down - September 11, 8:30PM-8:45PM ET",2026-09-12T00:45:00Z,2026-09-12T00:30:00Z,727.4903908167165,Up,"[""1"", ""0""]",0.98,288.080582,,0.49,0.01,resolved,0x55a703c6c5231e0932ac98223164851ed99cbda3b633e7e27c9114501df29428,https://data.chain.link/streams/bnb-usd-twap-60s-streams,727.5362798616061,2026-09-12 00:46:27+00
btc-updown-15m-1789173000,BTC,"Bitcoin Up or Down - September 11, 8:30PM-8:45PM ET",2026-09-12T00:45:00Z,2026-09-12T00:30:00Z,77266.43024333965,Up,"[""1"", ""0""]",0.99,22002.99527200001,,0.4995,0.001,resolved,0x748c8ab6988d973c5011385cf38e7871b9f16d8a7604431064048d08c3a04b74,https://data.chain.link/streams/btc-usd-twap-60s-streams,77274.66448019513,2026-09-12 00:46:27+00
doge-updown-15m-1789173000,DOGE,"Dogecoin Up or Down - September 11, 8:30PM-8:45PM ET",2026-09-12T00:45:00Z,2026-09-12T00:30:00Z,0.08433977046675564,Down,"[""0"", ""1""]",0.04,314.528244,,-0.4995,0.001,resolved,0xfc48755347b246c08d2853a5bac7101acc13ceeb7fdc38d35296621bec49bd25,https://data.chain.link/streams/doge-usd-twap-60s-streams,0.08423886172799541,2026-09-12 00:46:27+00
eth-updown-15m-1789173000,ETH,"Ethereum Up or Down - September 11, 8:30PM-8:45PM ET",2026-09-12T00:45:00Z,2026-09-12T00:30:00Z,2515.5510764770233,Down,"[""0"", ""1""]",0.01,2693.7203900000013,,-0.5045,0.001,resolved,0xa1bca74c1da45e77edf4d5fbeb19222ae8d0c65946e3ee36e5b8d5a7890942e7,https://data.chain.link/streams/eth-usd-twap-60s-streams,2513.4904122322896,2026-09-12 00:46:27+00
hype-updown-15m-1789173000,HYPE,"Hyperliquid Up or Down - September 11, 8:30PM-8:45PM ET",2026-09-12T00:45:00Z,2026-09-12T00:30:00Z,78.86163715041936,Down,"[""0"", ""1""]",0.13,515.1099849999999,,-0.5045,0.001,resolved,0x098f4cb224c239370e80ad8408cbe817ff64fbc06eb928eeeb73ead899fbc029,https://data.chain.link/streams/hype-usd-twap-60s-streams,78.8453422567579,2026-09-12 00:46:25+00
sol-updown-15m-1789173000,SOL,"Solana Up or Down - September 11, 8:30PM-8:45PM ET",2026-09-12T00:45:00Z,2026-09-12T00:30:00Z,102.17080818086946,Down,"[""0"", ""1""]",0.19,323.43655600000005,,-0.5045,0.001,resolved,0xab321d269989304e1741b254e0e679b9587b2dbca7c01c7b81fd75ee568b95c3,https://data.chain.link/streams/sol-usd-twap-60s-streams,102.1081969313301,2026-09-12 00:46:27+00
xrp-updown-15m-1789173000,XRP,"XRP Up or Down - September 11, 8:30PM-8:45PM ET",2026-09-12T00:45:00Z,2026-09-12T00:30:00Z,1.357926812494609,Up,"[""1"", ""0""]",0.98,666.2234890000002,,0.5695,0.001,resolved,0xd641864e7d77a2221cfa466a7251e38a1afcc05e604c8517f17b84a025f27870,https://data.chain.link/streams/xrp-usd-twap-60s-streams,1.358132552287522,2026-09-12 00:46:25+00
zec-updown-15m-1789173000,ZEC,"ZCash Up or Down - September 11, 8:30PM-8:45PM ET",2026-09-12T00:45:00Z,2026-09-12T00:30:00Z,1158.4820576835646,Up,"[""1"", ""0""]",0.7,,,0.495,0.01,resolved,0x6ae1ab8de3d0a66be68845aa7727defaaddced2ac5bf126a8f495bcbb5f31d5b,https://data.chain.link/streams/zec-usd-twap-60s-streams,1162.363052824803,2026-09-12 00:46:27+00
bnb-updown-15m-1789173900,BNB,"BNB Up or Down - September 11, 8:45PM-9:00PM ET",2026-09-12T01:00:00Z,2026-09-12T00:45:00Z,727.5362798616061,Down,"[""0"", ""1""]",0.11,280.513701,,-0.5045,0.001,resolved,0x7d0833b783999517881fc7105dc8b11d99351d0eb96103c950517834719afd58,https://data.chain.link/streams/bnb-usd-twap-60s-streams,726.6936062041405,2026-09-12 01:01:27+00
btc-updown-15m-1789173900,BTC,"Bitcoin Up or Down - September 11, 8:45PM-9:00PM ET",2026-09-12T01:00:00Z,2026-09-12T00:45:00Z,77274.66448019513,Up,"[""1"", ""0""]",0.999,26323.869076000014,,0.49,0.01,resolved,0x942ac47faa287ca2c3a038e73387d80be96b2fcc391556783e3957d3c7971f59,https://data.chain.link/streams/btc-usd-twap-60s-streams,77284.26465316408,2026-09-12 01:01:27+00
doge-updown-15m-1789173900,DOGE,"Dogecoin Up or Down - September 11, 8:45PM-9:00PM ET",2026-09-12T01:00:00Z,2026-09-12T00:45:00Z,0.08423886172799541,Down,"[""0"", ""1""]",0.42,327.21180200000003,,-0.495,0.01,resolved,0xbbd9c7a3b24d0dc2c90f2ab80febdefcb98a24285df233576ad40f425c54c1fe,https://data.chain.link/streams/doge-usd-twap-60s-streams,0.08421795030400075,2026-09-12 01:01:27+00
eth-updown-15m-1789173900,ETH,"Ethereum Up or Down - September 11, 8:45PM-9:00PM ET",2026-09-12T01:00:00Z,2026-09-12T00:45:00Z,2513.4904122322896,Down,"[""0"", ""1""]",0.23,3300.1957760000005,,-0.5045,0.001,resolved,0x75e20432e1f1b76e8f6e73e6bc511af624880e8ef67178020775fb0cca86d069,https://data.chain.link/streams/eth-usd-twap-60s-streams,2511.359491360179,2026-09-12 01:01:25+00
hype-updown-15m-1789173900,HYPE,"Hyperliquid Up or Down - September 11, 8:45PM-9:00PM ET",2026-09-12T01:00:00Z,2026-09-12T00:45:00Z,78.8453422567579,Down,"[""0"", ""1""]",0.38,217.02137199999999,,-0.5,0.01,resolved,0xc62767f5cf7f686937a397585ed070ef3dfcb26af448b853db0b8d01848874fa,https://data.chain.link/streams/hype-usd-twap-60s-streams,78.76565509354475,2026-09-12 01:01:25+00
sol-updown-15m-1789173900,SOL,"Solana Up or Down - September 11, 8:45PM-9:00PM ET",2026-09-12T01:00:00Z,2026-09-12T00:45:00Z,102.1081969313301,Down,"[""0"", ""1""]",0.01,1691.5024279999998,,-0.5045,0.001,resolved,0x0d9682142dc71d2a5962489166f070fafa247a9e5666d1b7c8a292752430e93f,https://data.chain.link/streams/sol-usd-twap-60s-streams,101.93719047351199,2026-09-12 01:01:27+00
xrp-updown-15m-1789173900,XRP,"XRP Up or Down - September 11, 8:45PM-9:00PM ET",2026-09-12T01:00:00Z,2026-09-12T00:45:00Z,1.358132552287522,Down,"[""0"", ""1""]",0.09,528.977394,,-0.495,0.01,resolved,0x4946ace40e3701e706fd7ec36a4665f0cbd56ee5fddb4e1d76439dc15d7919d1,https://data.chain.link/streams/xrp-usd-twap-60s-streams,1.3572614760346948,2026-09-12 01:01:27+00
zec-updown-15m-1789173900,ZEC,"ZCash Up or Down - September 11, 8:45PM-9:00PM ET",2026-09-12T01:00:00Z,2026-09-12T00:45:00Z,1162.363052824803,Down,"[""0"", ""1""]",,99.996154,,-0.495,0.01,resolved,0x72fafd53f42ce4d80921cb122587756967dcbdf8f07e2991a2a8529a070d9ab3,https://data.chain.link/streams/zec-usd-twap-60s-streams,1156.939710015755,2026-09-12 01:01:27+00
bnb-updown-15m-1789174800,BNB,"BNB Up or Down - September 11, 9:00PM-9:15PM ET",2026-09-12T01:15:00Z,2026-09-12T01:00:00Z,726.6936062041405,Up,"[""1"", ""0""]",0.999,335.01794200000006,,0.4945,0.001,resolved,0x00908cc38a94d6538d8472f92afaa2e0255c05e6e09d69b8455306b4dee5a6da,https://data.chain.link/streams/bnb-usd-twap-60s-streams,728.1502663121641,2026-09-12 01:16:27+00
btc-updown-15m-1789174800,BTC,"Bitcoin Up or Down - September 11, 9:00PM-9:15PM ET",2026-09-12T01:15:00Z,2026-09-12T01:00:00Z,77284.26465316408,Up,"[""1"", ""0""]",0.999,17859.501512999996,2753.921569,0.4945,0.001,resolved,0x952d3dcc5d71bd8c78493e8ead1994f2535b04f72217e3c1433db2be12094056,https://data.chain.link/streams/btc-usd-twap-60s-streams,77348.88132792329,2026-09-12 01:16:27+00
doge-updown-15m-1789174800,DOGE,"Dogecoin Up or Down - September 11, 9:00PM-9:15PM ET",2026-09-12T01:15:00Z,2026-09-12T01:00:00Z,0.08421795030400075,Up,"[""1"", ""0""]",0.999,262.4789840000001,,0.4995,0.001,resolved,0x1e34e7ca2ba98b126675e9e1da8a39f9a4e15700cf981a13560eee567e5affa3,https://data.chain.link/streams/doge-usd-twap-60s-streams,0.08442711985346632,2026-09-12 01:16:27+00
eth-updown-15m-1789174800,ETH,"Ethereum Up or Down - September 11, 9:00PM-9:15PM ET",2026-09-12T01:15:00Z,2026-09-12T01:00:00Z,2511.359491360179,Up,"[""1"", ""0""]",0.999,3554.424922999999,95,0.4945,0.001,resolved,0xda3ff6201802bdc61f9180c479489ddf0b05baa2186b6c3babee61f79950605a,https://data.chain.link/streams/eth-usd-twap-60s-streams,2514.6670409153776,2026-09-12 01:16:27+00
hype-updown-15m-1789174800,HYPE,"Hyperliquid Up or Down - September 11, 9:00PM-9:15PM ET",2026-09-12T01:15:00Z,2026-09-12T01:00:00Z,78.76565509354475,Up,"[""1"", ""0""]",0.999,153.589557,,0.4945,0.001,resolved,0x5be38692a7acd9a201abc242d8ee961faa46bc6da88baf13e56f7009bb89cc11,https://data.chain.link/streams/hype-usd-twap-60s-streams,78.9499074373502,2026-09-12 01:16:27+00
sol-updown-15m-1789174800,SOL,"Solana Up or Down - September 11, 9:00PM-9:15PM ET",2026-09-12T01:15:00Z,2026-09-12T01:00:00Z,101.93719047351199,Up,"[""1"", ""0""]",0.999,1284.0111109999998,19.607844,0.4945,0.001,resolved,0xbd17c796ae0c0915a7786125903e1a3df512334a9310fc8e77b7a71a5bf9baf2,https://data.chain.link/streams/sol-usd-twap-60s-streams,102.16033137338373,2026-09-12 01:16:27+00
xrp-updown-15m-1789174800,XRP,"XRP Up or Down - September 11, 9:00PM-9:15PM ET",2026-09-12T01:15:00Z,2026-09-12T01:00:00Z,1.3572614760346948,Up,"[""1"", ""0""]",0.999,629.838985,,0.4945,0.001,resolved,0x3c97f8981e90bd13dc2aa7634072e96f4240933fa0146305a3b44aa199465866,https://data.chain.link/streams/xrp-usd-twap-60s-streams,1.3601915737494812,2026-09-12 01:16:27+00
zec-updown-15m-1789174800,ZEC,"ZCash Up or Down - September 11, 9:00PM-9:15PM ET",2026-09-12T01:15:00Z,2026-09-12T01:00:00Z,1156.939710015755,Up,"[""1"", ""0""]",0.52,99.992308,,0.495,0.01,resolved,0xce4e27bcf1475233268cc4cad29a210ae42cced17594aeb1aac8210c43941d47,https://data.chain.link/streams/zec-usd-twap-60s-streams,1160.6944458182347,2026-09-12 01:16:27+00
bnb-updown-15m-1789175700,BNB,"BNB Up or Down - September 11, 9:15PM-9:30PM ET",2026-09-12T01:30:00Z,2026-09-12T01:15:00Z,728.1502663121641,Up,"[""1"", ""0""]",0.999,204.082337,,0.4945,0.001,resolved,0x685a50c53a1f2338fdecbcb955bdcf52106ed0c616978d725b6dd9f33ab2c05d,https://data.chain.link/streams/bnb-usd-twap-60s-streams,729.3069490164833,2026-09-12 01:31:27+00
btc-updown-15m-1789175700,BTC,"Bitcoin Up or Down - September 11, 9:15PM-9:30PM ET",2026-09-12T01:30:00Z,2026-09-12T01:15:00Z,77348.88132792329,Down,"[""0"", ""1""]",0.01,27122.646408999986,,-0.5045,0.001,resolved,0x428b3fc7a10bbf9afc4f5f90e6acef384df8064f8a3a775c0f080889df3f8500,https://data.chain.link/streams/btc-usd-twap-60s-streams,77308.64819994534,2026-09-12 01:31:27+00
doge-updown-15m-1789175700,DOGE,"Dogecoin Up or Down - September 11, 9:15PM-9:30PM ET",2026-09-12T01:30:00Z,2026-09-12T01:15:00Z,0.08442711985346632,Down,"[""0"", ""1""]",0.29,201.99647099999999,,-0.4995,0.001,resolved,0x1757820037242a40a9992d08e98d6a95404f33f7c3cb0eec1ae70cb2d0b77d0b,https://data.chain.link/streams/doge-usd-twap-60s-streams,0.08434955499190594,2026-09-12 01:31:27+00
eth-updown-15m-1789175700,ETH,"Ethereum Up or Down - September 11, 9:15PM-9:30PM ET",2026-09-12T01:30:00Z,2026-09-12T01:15:00Z,2514.6670409153776,Down,"[""0"", ""1""]",0.09,3158.1259470000005,,-0.5045,0.001,resolved,0x8e83872ac091c2f5c9b2efa2ec26d29943642b97f5339cbd7692955ee29b8f0f,https://data.chain.link/streams/eth-usd-twap-60s-streams,2513.736390408612,2026-09-12 01:31:27+00
hype-updown-15m-1789175700,HYPE,"Hyperliquid Up or Down - September 11, 9:15PM-9:30PM ET",2026-09-12T01:30:00Z,2026-09-12T01:15:00Z,78.9499074373502,Down,"[""0"", ""1""]",0.39,201.030219,,-0.5045,0.001,resolved,0x7139be6a5580dd41308ee22c649ee4d4ea198187f95ce14308fa3c2dab55ea36,https://data.chain.link/streams/hype-usd-twap-60s-streams,78.73551677923233,2026-09-12 01:31:27+00
sol-updown-15m-1789175700,SOL,"Solana Up or Down - September 11, 9:15PM-9:30PM ET",2026-09-12T01:30:00Z,2026-09-12T01:15:00Z,102.16033137338373,Down,"[""0"", ""1""]",0.01,925.938009,35.294118,-0.5045,0.001,resolved,0x1ffd1672c419b33f4ac4a407f73e0339b232438e5e6d66267cad0d65e5ffd21b,https://data.chain.link/streams/sol-usd-twap-60s-streams,102.08809989388119,2026-09-12 01:31:27+00
xrp-updown-15m-1789175700,XRP,"XRP Up or Down - September 11, 9:15PM-9:30PM ET",2026-09-12T01:30:00Z,2026-09-12T01:15:00Z,1.3601915737494812,Up,"[""1"", ""0""]",0.99,855.6779410000003,,0.49,0.01,resolved,0x4d700cedd31a98621256ceefc9fee6c4e9d6d3321c05d8b2d90073d0bcc7b262,https://data.chain.link/streams/xrp-usd-twap-60s-streams,1.36171029054344,2026-09-12 01:31:27+00
zec-updown-15m-1789175700,ZEC,"ZCash Up or Down - September 11, 9:15PM-9:30PM ET",2026-09-12T01:30:00Z,2026-09-12T01:15:00Z,1160.6944458182347,Down,"[""0"", ""1""]",,64.986924,,-0.4995,0.001,resolved,0x1919c4a11809f2c6dfd73954753d4a34312aef8761d0402355717784f22d323d,https://data.chain.link/streams/zec-usd-twap-60s-streams,1145.7049175721845,2026-09-12 01:31:27+00
bnb-updown-15m-1789176600,BNB,"BNB Up or Down - September 11, 9:30PM-9:45PM ET",2026-09-12T01:45:00Z,2026-09-12T01:30:00Z,729.3069490164833,Down,"[""0"", ""1""]",0.21,138.620267,,-0.5045,0.001,resolved,0x2c54bce47543dd8e7d67f4186a46d0956e3136f28be15eea478f88181b917fb6,https://data.chain.link/streams/bnb-usd-twap-60s-streams,728.9810752503297,2026-09-12 01:46:27+00
btc-updown-15m-1789176600,BTC,"Bitcoin Up or Down - September 11, 9:30PM-9:45PM ET",2026-09-12T01:45:00Z,2026-09-12T01:30:00Z,77308.64819994534,Down,"[""0"", ""1""]",0.01,27846.729389999997,,-0.5045,0.001,resolved,0xfe9f96a5e3b9e343216f31d3b917d0f4f8973d49e959763a763af73bddbd52d0,https://data.chain.link/streams/btc-usd-twap-60s-streams,77263.42445034436,2026-09-12 01:46:27+00
doge-updown-15m-1789176600,DOGE,"Dogecoin Up or Down - September 11, 9:30PM-9:45PM ET",2026-09-12T01:45:00Z,2026-09-12T01:30:00Z,0.08434955499190594,Up,"[""1"", ""0""]",0.99,274.480023,,0.4995,0.001,resolved,0x743d4c171fd51d13d9f63b4564f01002b38994a7daa7d005fe356c1ac9e698cf,https://data.chain.link/streams/doge-usd-twap-60s-streams,0.08443326129640895,2026-09-12 01:46:27+00
eth-updown-15m-1789176600,ETH,"Ethereum Up or Down - September 11, 9:30PM-9:45PM ET",2026-09-12T01:45:00Z,2026-09-12T01:30:00Z,2513.736390408612,Down,"[""0"", ""1""]",0.16,5753.349866,,-0.5045,0.001,resolved,0x1190c4427ddc5bd17bfa479b6589a828c00485c2f73e302d446db0ad3e6ff738,https://data.chain.link/streams/eth-usd-twap-60s-streams,2513.2257615833632,2026-09-12 01:46:34+00
hype-updown-15m-1789176600,HYPE,"Hyperliquid Up or Down - September 11, 9:30PM-9:45PM ET",2026-09-12T01:45:00Z,2026-09-12T01:30:00Z,78.73551677923233,Down,"[""0"", ""1""]",0.37,188.80141799999998,,-0.5045,0.001,resolved,0xc69bd4dc7113d5b54122cc5adcc84ae8deedae14ae26f334399f968bf00f2477,https://data.chain.link/streams/hype-usd-twap-60s-streams,78.69985428173005,2026-09-12 01:46:27+00
sol-updown-15m-1789176600,SOL,"Solana Up or Down - September 11, 9:30PM-9:45PM ET",2026-09-12T01:45:00Z,2026-09-12T01:30:00Z,102.08809989388119,Down,"[""0"", ""1""]",0.04,942.0819430000001,,-0.5045,0.001,resolved,0x93d1a69582c7715c28ca55f9d1e42fe3471e57326530e59b84f23c97a59b5aae,https://data.chain.link/streams/sol-usd-twap-60s-streams,102.01154861388638,2026-09-12 01:46:27+00
xrp-updown-15m-1789176600,XRP,"XRP Up or Down - September 11, 9:30PM-9:45PM ET",2026-09-12T01:45:00Z,2026-09-12T01:30:00Z,1.36171029054344,Up,"[""1"", ""0""]",0.99,589.985177,,0.4945,0.001,resolved,0xd360ab7fa84145c44cfd9624cd78e5bbc99c5f90dec11791789c65afe0768bc3,https://data.chain.link/streams/xrp-usd-twap-60s-streams,1.3624651225634203,2026-09-12 01:46:27+00
zec-updown-15m-1789176600,ZEC,"ZCash Up or Down - September 11, 9:30PM-9:45PM ET",2026-09-12T01:45:00Z,2026-09-12T01:30:00Z,1145.7049175721845,Down,"[""0"", ""1""]",,49.996922,,-0.4995,0.001,resolved,0xc8be2cb75d30cf9e1495b2b5125ebe39fd2e4c89a7a86864646d3cd3dd6028da,https://data.chain.link/streams/zec-usd-twap-60s-streams,1136.4875774761422,2026-09-12 01:46:36+00
bnb-updown-15m-1789177500,BNB,"BNB Up or Down - September 11, 9:45PM-10:00PM ET",2026-09-12T02:00:00Z,2026-09-12T01:45:00Z,728.9810752503297,Up,"[""1"", ""0""]",0.999,254.36566200000001,,0.4945,0.001,resolved,0x367a1b01ee4d4e1f8af6e247e240558b5c9c5b621fd757c2e3567381b0bdb928,https://data.chain.link/streams/bnb-usd-twap-60s-streams,730.3297475697306,2026-09-12 02:01:27+00
btc-updown-15m-1789177500,BTC,"Bitcoin Up or Down - September 11, 9:45PM-10:00PM ET",2026-09-12T02:00:00Z,2026-09-12T01:45:00Z,77263.42445034436,Down,"[""0"", ""1""]",0.03,29801.780232000012,,-0.5,0.01,resolved,0x9755e6eeb5d3dc7ca7a32bc735ef6b05d278693dcc12737a4320e06171e5ce37,https://data.chain.link/streams/btc-usd-twap-60s-streams,77261.72875943598,2026-09-12 02:01:27+00
doge-updown-15m-1789177500,DOGE,"Dogecoin Up or Down - September 11, 9:45PM-10:00PM ET",2026-09-12T02:00:00Z,2026-09-12T01:45:00Z,0.08443326129640895,Down,"[""0"", ""1""]",0.13,349.195277,,-0.5,0.01,resolved,0xddcf605b340bc8116e3a5986557cc729070319b770aadbfed57086dae6e39f34,https://data.chain.link/streams/doge-usd-twap-60s-streams,0.08439531465006073,2026-09-12 02:01:27+00
eth-updown-15m-1789177500,ETH,"Ethereum Up or Down - September 11, 9:45PM-10:00PM ET",2026-09-12T02:00:00Z,2026-09-12T01:45:00Z,2513.2257615833632,Up,"[""1"", ""0""]",0.999,3056.0598729999992,,0.49,0.01,resolved,0x9243f08377e60f45f614fe7b30e05776385e886253a95cbc1b7268ab1be9159a,https://data.chain.link/streams/eth-usd-twap-60s-streams,2513.9050231059027,2026-09-12 02:01:27+00
hype-updown-15m-1789177500,HYPE,"Hyperliquid Up or Down - September 11, 9:45PM-10:00PM ET",2026-09-12T02:00:00Z,2026-09-12T01:45:00Z,78.69985428173005,Up,"[""1"", ""0""]",0.99,176.14,,0.4945,0.001,resolved,0xfda29874dc508fb7771a6230828c5ea606064733e16874feb963a1c61af07431,https://data.chain.link/streams/hype-usd-twap-60s-streams,78.72118332621932,2026-09-12 02:01:27+00
sol-updown-15m-1789177500,SOL,"Solana Up or Down - September 11, 9:45PM-10:00PM ET",2026-09-12T02:00:00Z,2026-09-12T01:45:00Z,102.01154861388638,Down,"[""0"", ""1""]",0.28,1079.041142,,-0.5,0.01,resolved,0xfbd9068de5aa20800aef9b68acaf68bcc90b1f0da84f855bd8b4f937299ea701,https://data.chain.link/streams/sol-usd-twap-60s-streams,102.00372770842735,2026-09-12 02:01:27+00
xrp-updown-15m-1789177500,XRP,"XRP Up or Down - September 11, 9:45PM-10:00PM ET",2026-09-12T02:00:00Z,2026-09-12T01:45:00Z,1.3624651225634203,Down,"[""0"", ""1""]",0.3,1075.2501739999998,,-0.5045,0.001,resolved,0x4d6d7b1e80fd6e1081a9dc414b148354528209bcd8b7556b6505e6cacb7e6be8,https://data.chain.link/streams/xrp-usd-twap-60s-streams,1.360725449675979,2026-09-12 02:01:27+00
zec-updown-15m-1789177500,ZEC,"ZCash Up or Down - September 11, 9:45PM-10:00PM ET",2026-09-12T02:00:00Z,2026-09-12T01:45:00Z,1136.4875774761422,Up,"[""1"", ""0""]",,100,,0.495,0.01,resolved,0x9912b2fd56787fba3d51be4553926c1c8ee21ce72e8787ce5d66feece6295d53,https://data.chain.link/streams/zec-usd-twap-60s-streams,1141.4159095206965,2026-09-12 02:01:27+00
bnb-updown-15m-1789178400,BNB,"BNB Up or Down - September 11, 10:00PM-10:15PM ET",2026-09-12T02:15:00Z,2026-09-12T02:00:00Z,730.3297475697306,Down,"[""0"", ""1""]",0.25,221.827798,,-0.5045,0.001,resolved,0x6ced4d189c9b62aafa02ae8afebd5faff9847fe151de42a60f62e9139dc66d47,https://data.chain.link/streams/bnb-usd-twap-60s-streams,730.16989475704,2026-09-12 02:16:25+00
btc-updown-15m-1789178400,BTC,"Bitcoin Up or Down - September 11, 10:00PM-10:15PM ET",2026-09-12T02:15:00Z,2026-09-12T02:00:00Z,77261.72875943598,Up,"[""1"", ""0""]",0.999,61218.40775699998,2788.72,0.4945,0.001,resolved,0x2512ff793ecec77bcba576c64a9edbf4b2c55a28dfedf85fb41b0f086eff93d2,https://data.chain.link/streams/btc-usd-twap-60s-streams,77299.75170359353,2026-09-12 02:16:27+00
doge-updown-15m-1789178400,DOGE,"Dogecoin Up or Down - September 11, 10:00PM-10:15PM ET",2026-09-12T02:15:00Z,2026-09-12T02:00:00Z,0.08439531465006073,Up,"[""1"", ""0""]",0.999,214.53195399999998,,0.4995,0.001,resolved,0x523eb4fc5af6f3b58e5300079041a754e41ac474c66a5d4d632283f1fe050581,https://data.chain.link/streams/doge-usd-twap-60s-streams,0.08445429034064833,2026-09-12 02:16:27+00
eth-updown-15m-1789178400,ETH,"Ethereum Up or Down - September 11, 10:00PM-10:15PM ET",2026-09-12T02:15:00Z,2026-09-12T02:00:00Z,2513.9050231059027,Down,"[""0"", ""1""]",0.04,4925.041430999997,80,-0.5,0.01,resolved,0xe9e329f58f5b0054c526a7a4cc3890b7309eb0ad16ad8bc3ae7cafd3f4a89be2,https://data.chain.link/streams/eth-usd-twap-60s-streams,2513.7655973876917,2026-09-12 02:16:27+00
hype-updown-15m-1789178400,HYPE,"Hyperliquid Up or Down - September 11, 10:00PM-10:15PM ET",2026-09-12T02:15:00Z,2026-09-12T02:00:00Z,78.72118332621932,Up,"[""1"", ""0""]",0.999,183.85522,,0.4945,0.001,resolved,0xc3bbbeae5d84aa1d4277d785fc7f207dca1a68059bb2e6423e8e641dd52022ae,https://data.chain.link/streams/hype-usd-twap-60s-streams,79.0626028447447,2026-09-12 02:16:27+00
sol-updown-15m-1789178400,SOL,"Solana Up or Down - September 11, 10:00PM-10:15PM ET",2026-09-12T02:15:00Z,2026-09-12T02:00:00Z,102.00372770842735,Down,"[""0"", ""1""]",0.12,1633.421718,,-0.5045,0.001,resolved,0x4b21552b5e77f34de3f6e74c811aff54029d1a2c775db5f2db2a1be9bbba9973,https://data.chain.link/streams/sol-usd-twap-60s-streams,101.858338303178,2026-09-12 02:16:27+00
xrp-updown-15m-1789178400,XRP,"XRP Up or Down - September 11, 10:00PM-10:15PM ET",2026-09-12T02:15:00Z,2026-09-12T02:00:00Z,1.360725449675979,Up,"[""1"", ""0""]",0.98,569.7877510000001,19.607844,0.49,0.01,resolved,0x50afe3aefc641959eed22950d38d504fd4b7e4266a94192bebe3020ce67313a8,https://data.chain.link/streams/xrp-usd-twap-60s-streams,1.3607435894655033,2026-09-12 02:16:25+00
zec-updown-15m-1789178400,ZEC,"ZCash Up or Down - September 11, 10:00PM-10:15PM ET",2026-09-12T02:15:00Z,2026-09-12T02:00:00Z,1141.4159095206965,Up,"[""1"", ""0""]",0.52,99.99077,,0.495,0.01,resolved,0xe66538e78ecbfbbc66bd49b61660e42771d596aa3888003d074c2ada1d89e23c,https://data.chain.link/streams/zec-usd-twap-60s-streams,1142.9910818719334,2026-09-12 02:16:27+00
bnb-updown-15m-1789179300,BNB,"BNB Up or Down - September 11, 10:15PM-10:30PM ET",2026-09-12T02:30:00Z,2026-09-12T02:15:00Z,730.16989475704,Down,"[""0"", ""1""]",0.22,537.670928,,-0.495,0.01,resolved,0xff26e9d7e27663c84f2485ccfdd37279293b3f8623a5514d7de8ed55a57ac4b2,https://data.chain.link/streams/bnb-usd-twap-60s-streams,729.7090601480897,2026-09-12 02:31:27+00
btc-updown-15m-1789179300,BTC,"Bitcoin Up or Down - September 11, 10:15PM-10:30PM ET",2026-09-12T02:30:00Z,2026-09-12T02:15:00Z,77299.75170359353,Down,"[""0"", ""1""]",0.01,27093.571119000004,,-0.5,0.01,resolved,0x8db432e98f37aa2777ac87d974adc512b1b023ee53e49d749bc62efa5076105a,https://data.chain.link/streams/btc-usd-twap-60s-streams,77282.07551747261,2026-09-12 02:31:27+00
doge-updown-15m-1789179300,DOGE,"Dogecoin Up or Down - September 11, 10:15PM-10:30PM ET",2026-09-12T02:30:00Z,2026-09-12T02:15:00Z,0.08445429034064833,Up,"[""1"", ""0""]",0.999,289.46369999999996,,0.4995,0.001,resolved,0x78294539d08c46ea003f3dc4d671812ed34ebfd05adf85120f4cf187e173f692,https://data.chain.link/streams/doge-usd-twap-60s-streams,0.08448352179823003,2026-09-12 02:31:27+00
eth-updown-15m-1789179300,ETH,"Ethereum Up or Down - September 11, 10:15PM-10:30PM ET",2026-09-12T02:30:00Z,2026-09-12T02:15:00Z,2513.7655973876917,Up,"[""1"", ""0""]",0.99,4666.857627,,0.49,0.01,resolved,0x45ded66d69010453de37f1f41f5eece301a00f79930e9dd36068930c72d27b80,https://data.chain.link/streams/eth-usd-twap-60s-streams,2513.8519978768454,2026-09-12 02:31:27+00
hype-updown-15m-1789179300,HYPE,"Hyperliquid Up or Down - September 11, 10:15PM-10:30PM ET",2026-09-12T02:30:00Z,2026-09-12T02:15:00Z,79.0626028447447,Down,"[""0"", ""1""]",0.13,261.529867,,-0.5,0.01,resolved,0x0aabe6261f66dca1e8ab3f9172f683ad32b9c7013ad54b7d01cc488580f12765,https://data.chain.link/streams/hype-usd-twap-60s-streams,79.01744542495183,2026-09-12 02:31:27+00
sol-updown-15m-1789179300,SOL,"Solana Up or Down - September 11, 10:15PM-10:30PM ET",2026-09-12T02:30:00Z,2026-09-12T02:15:00Z,101.858338303178,Down,"[""0"", ""1""]",0.16,1334.4327050000004,,-0.495,0.01,resolved,0xdd6e268b4fd4c629c9d2def34b43b4e66a2e400c23e119fb93535daf2010f2e6,https://data.chain.link/streams/sol-usd-twap-60s-streams,101.7954285832351,2026-09-12 02:31:27+00
xrp-updown-15m-1789179300,XRP,"XRP Up or Down - September 11, 10:15PM-10:30PM ET",2026-09-12T02:30:00Z,2026-09-12T02:15:00Z,1.3607435894655033,Up,"[""1"", ""0""]",0.999,1273.9897919999999,,0.4945,0.001,resolved,0xcb5818a67204149b620bdab3fcc3eec458816cb4d1f2203e00cc72801bce249f,https://data.chain.link/streams/xrp-usd-twap-60s-streams,1.3621388851500984,2026-09-12 02:31:27+00
zec-updown-15m-1789179300,ZEC,"ZCash Up or Down - September 11, 10:15PM-10:30PM ET",2026-09-12T02:30:00Z,2026-09-12T02:15:00Z,1142.9910818719334,Up,"[""1"", ""0""]",0.7,,,0.495,0.01,resolved,0x4859f64ea40f5419434ef4efdc2e650c33750373d409c74ef19d7ab49a86b825,https://data.chain.link/streams/zec-usd-twap-60s-streams,1143.170896476393,2026-09-12 02:31:27+00
bnb-updown-15m-1789180200,BNB,"BNB Up or Down - September 11, 10:30PM-10:45PM ET",2026-09-12T02:45:00Z,2026-09-12T02:30:00Z,729.7090601480897,Up,"[""1"", ""0""]",0.99,368.31678000000005,,0.49,0.01,resolved,0x5b82f8311a30191d0b0cc7561fc249200ca67be15f6cc581cdf5905dd37c1009,https://data.chain.link/streams/bnb-usd-twap-60s-streams,729.883258123926,2026-09-12 02:46:27+00
btc-updown-15m-1789180200,BTC,"Bitcoin Up or Down - September 11, 10:30PM-10:45PM ET",2026-09-12T02:45:00Z,2026-09-12T02:30:00Z,77282.07551747261,Down,"[""0"", ""1""]",0.01,31487.620059000004,,-0.5045,0.001,resolved,0x8ac805b4659106ec1d2572e8231b85883163de9d17cc6a76267cdc7df9d3e368,https://data.chain.link/streams/btc-usd-twap-60s-streams,77229.42386600503,2026-09-12 02:46:34+00
doge-updown-15m-1789180200,DOGE,"Dogecoin Up or Down - September 11, 10:30PM-10:45PM ET",2026-09-12T02:45:00Z,2026-09-12T02:30:00Z,0.08448352179823003,Down,"[""0"", ""1""]",0.21,191.334478,,-0.4995,0.001,resolved,0x7621a7f6a817f06daab358e7f0683da2ec37b61537a1944eee46f3cef68d93fd,https://data.chain.link/streams/doge-usd-twap-60s-streams,0.08440665475939567,2026-09-12 02:46:27+00
eth-updown-15m-1789180200,ETH,"Ethereum Up or Down - September 11, 10:30PM-10:45PM ET",2026-09-12T02:45:00Z,2026-09-12T02:30:00Z,2513.8519978768454,Down,"[""0"", ""1""]",0.3,3960.6365639999985,,-0.5045,0.001,resolved,0x4b77e8be086eca19ab80beea0a3d1578a18b76c17cdcc1a0e45524c9d543d9c6,https://data.chain.link/streams/eth-usd-twap-60s-streams,2513.4530997659313,2026-09-12 02:46:27+00
hype-updown-15m-1789180200,HYPE,"Hyperliquid Up or Down - September 11, 10:30PM-10:45PM ET",2026-09-12T02:45:00Z,2026-09-12T02:30:00Z,79.01744542495183,Down,"[""0"", ""1""]",0.21,144.150351,,-0.5045,0.001,resolved,0xf72159709392268d5e2312baec091fe18dcb72aaefd5170b5ff850523b48483f,https://data.chain.link/streams/hype-usd-twap-60s-streams,78.82871427388446,2026-09-12 02:46:34+00
sol-updown-15m-1789180200,SOL,"Solana Up or Down - September 11, 10:30PM-10:45PM ET",2026-09-12T02:45:00Z,2026-09-12T02:30:00Z,101.7954285832351,Down,"[""0"", ""1""]",0.01,1634.3594930000002,,-0.5045,0.001,resolved,0x799938f0077ad052be3a1681b018d2f233580aad9f36e049dfd7076dd1064d80,https://data.chain.link/streams/sol-usd-twap-60s-streams,101.69171856090232,2026-09-12 02:46:27+00
xrp-updown-15m-1789180200,XRP,"XRP Up or Down - September 11, 10:30PM-10:45PM ET",2026-09-12T02:45:00Z,2026-09-12T02:30:00Z,1.3621388851500984,Down,"[""0"", ""1""]",0.1,904.4977020000002,,-0.5045,0.001,resolved,0x53efe00d326f5f7b34bd76b8ec1b781a8334341ffd933bb00cca4126d2f312a9,https://data.chain.link/streams/xrp-usd-twap-60s-streams,1.3613193027295343,2026-09-12 02:46:27+00
zec-updown-15m-1789180200,ZEC,"ZCash Up or Down - September 11, 10:30PM-10:45PM ET",2026-09-12T02:45:00Z,2026-09-12T02:30:00Z,1143.170896476393,Down,"[""0"", ""1""]",0.52,114.99615399999999,,-0.4995,0.001,resolved,0xa23a69bfbe6e199db58b0596865b640f6879d508e863ff7f22497a3f88f70bc1,https://data.chain.link/streams/zec-usd-twap-60s-streams,1136.4672454147324,2026-09-12 02:46:27+00
bnb-updown-15m-1789181100,BNB,"BNB Up or Down - September 11, 10:45PM-11:00PM ET",2026-09-12T03:00:00Z,2026-09-12T02:45:00Z,729.883258123926,Up,"[""1"", ""0""]",0.999,273.531242,,0.4945,0.001,resolved,0xbfcd8e79cde5a258453c57f88cc338306a352e2e7ae6af240e950e6c9a0cbac7,https://data.chain.link/streams/bnb-usd-twap-60s-streams,731.083305406702,2026-09-12 03:02:33+00
btc-updown-15m-1789181100,BTC,"Bitcoin Up or Down - September 11, 10:45PM-11:00PM ET",2026-09-12T03:00:00Z,2026-09-12T02:45:00Z,77229.42386600503,Down,"[""0"", ""1""]",0.44,32438.124378999997,,-0.5045,0.001,resolved,0xba4004237e01e00e5384b5c1b51c5981d7b7ac1fc12526d802db8338ae8552a2,https://data.chain.link/streams/btc-usd-twap-60s-streams,77228.02917774327,2026-09-12 03:02:31+00
doge-updown-15m-1789181100,DOGE,"Dogecoin Up or Down - September 11, 10:45PM-11:00PM ET",2026-09-12T03:00:00Z,2026-09-12T02:45:00Z,0.08440665475939567,Down,"[""0"", ""1""]",0.01,540.180696,,-0.4995,0.001,resolved,0x830f4f7ba540a8dec385ad348c3293a48babc35949a58a9edbbfe29a640364df,https://data.chain.link/streams/doge-usd-twap-60s-streams,0.08436283154646163,2026-09-12 03:02:31+00
eth-updown-15m-1789181100,ETH,"Ethereum Up or Down - September 11, 10:45PM-11:00PM ET",2026-09-12T03:00:00Z,2026-09-12T02:45:00Z,2513.4530997659313,Down,"[""0"", ""1""]",0.03,2723.8343069999996,,-0.5045,0.001,resolved,0x9191d2b54fbc7c0d2125cebf6bd052dc42de318c11507cd844d6b5ed9a85676e,https://data.chain.link/streams/eth-usd-twap-60s-streams,2512.870583697452,2026-09-12 03:02:31+00
hype-updown-15m-1789181100,HYPE,"Hyperliquid Up or Down - September 11, 10:45PM-11:00PM ET",2026-09-12T03:00:00Z,2026-09-12T02:45:00Z,78.82871427388446,Up,"[""1"", ""0""]",0.999,188.50890900000002,,0.4945,0.001,resolved,0x6180a58883515bb17663743904b47829fed7b7e29ef46189b5a594e0f88169d8,https://data.chain.link/streams/hype-usd-twap-60s-streams,78.9347174907025,2026-09-12 03:02:31+00
sol-updown-15m-1789181100,SOL,"Solana Up or Down - September 11, 10:45PM-11:00PM ET",2026-09-12T03:00:00Z,2026-09-12T02:45:00Z,101.69171856090232,Up,"[""1"", ""0""]",0.97,1646.4718469999993,,0.4945,0.001,resolved,0xbaaf73dd5a11a3156427c82d746fa36be726f13622c553381a6363b17213512d,https://data.chain.link/streams/sol-usd-twap-60s-streams,101.70678765311419,2026-09-12 03:02:31+00
xrp-updown-15m-1789181100,XRP,"XRP Up or Down - September 11, 10:45PM-11:00PM ET",2026-09-12T03:00:00Z,2026-09-12T02:45:00Z,1.3613193027295343,Up,"[""1"", ""0""]",0.99,947.3588599999999,,0.4945,0.001,resolved,0x361bca1932146fc89dbd8ba3bfbfc2acae997b7d39fbdb15b6bbb4f6f1dc696b,https://data.chain.link/streams/xrp-usd-twap-60s-streams,1.3617593563193051,2026-09-12 03:02:33+00
zec-updown-15m-1789181100,ZEC,"ZCash Up or Down - September 11, 10:45PM-11:00PM ET",2026-09-12T03:00:00Z,2026-09-12T02:45:00Z,1136.4672454147324,Up,"[""1"", ""0""]",0.52,99.98922999999999,,0.4995,0.001,resolved,0x1ea5151dcfdc4b05ef759da20b26dd8b218e14813bcc0616183e0379cba2a116,https://data.chain.link/streams/zec-usd-twap-60s-streams,1138.1780937338403,2026-09-12 03:02:31+00
bnb-updown-15m-1789182000,BNB,"BNB Up or Down - September 11, 11:00PM-11:15PM ET",2026-09-12T03:15:00Z,2026-09-12T03:00:00Z,731.083305406702,Up,"[""1"", ""0""]",0.999,300.35330999999996,,0.4945,0.001,resolved,0xfa5b7586853e888ed0b5a51ef96e48fde45f1a4ffba14ef63e6abdac11d23864,https://data.chain.link/streams/bnb-usd-twap-60s-streams,734.7967386538526,2026-09-12 03:15:54+00
btc-updown-15m-1789182000,BTC,"Bitcoin Up or Down - September 11, 11:00PM-11:15PM ET",2026-09-12T03:15:00Z,2026-09-12T03:00:00Z,77228.02917774327,Up,"[""1"", ""0""]",0.99,35720.96738499998,2829.75,0.49,0.01,resolved,0xc408a53fd59caff1a9de6ef0f404b45457fddebfde2c31badbabc30ee5cd72a5,https://data.chain.link/streams/btc-usd-twap-60s-streams,77258.787006976,2026-09-12 03:15:54+00
doge-updown-15m-1789182000,DOGE,"Dogecoin Up or Down - September 11, 11:00PM-11:15PM ET",2026-09-12T03:15:00Z,2026-09-12T03:00:00Z,0.08436283154646163,Up,"[""1"", ""0""]",0.99,230.01533100000003,,0.495,0.01,resolved,0xe04f9c9120cd3dd645e6f22f3f4a7280958d04cb61395f94f5c9f92f11556fa9,https://data.chain.link/streams/doge-usd-twap-60s-streams,0.08441305112334804,2026-09-12 03:15:54+00
eth-updown-15m-1789182000,ETH,"Ethereum Up or Down - September 11, 11:00PM-11:15PM ET",2026-09-12T03:15:00Z,2026-09-12T03:00:00Z,2512.870583697452,Up,"[""1"", ""0""]",0.999,3089.3069309999987,,0.47,0.01,resolved,0xdb4978aeb753ddb08405d58bdb23aa3fb9cffb4da352e30d24cbf4fb3a7870e6,https://data.chain.link/streams/eth-usd-twap-60s-streams,2513.381515219018,2026-09-12 03:15:54+00
hype-updown-15m-1789182000,HYPE,"Hyperliquid Up or Down - September 11, 11:00PM-11:15PM ET",2026-09-12T03:15:00Z,2026-09-12T03:00:00Z,78.9347174907025,Down,"[""0"", ""1""]",0.48,168.679947,,-0.5,0.01,resolved,0x339a572f95875552c5c84a9bf020b183b81f2f51b5bbef68491fd83a33e678e0,https://data.chain.link/streams/hype-usd-twap-60s-streams,78.86789077190888,2026-09-12 03:15:54+00
sol-updown-15m-1789182000,SOL,"Solana Up or Down - September 11, 11:00PM-11:15PM ET",2026-09-12T03:15:00Z,2026-09-12T03:00:00Z,101.70678765311419,Up,"[""1"", ""0""]",0.99,1682.8998999999997,,0.44,0.09,resolved,0x37878e551bb5c9eba1a3ad952c7132248073d7a6cf276bb405b622877a7eda86,https://data.chain.link/streams/sol-usd-twap-60s-streams,101.73639109905136,2026-09-12 03:15:54+00
xrp-updown-15m-1789182000,XRP,"XRP Up or Down - September 11, 11:00PM-11:15PM ET",2026-09-12T03:15:00Z,2026-09-12T03:00:00Z,1.3617593563193051,Up,"[""1"", ""0""]",0.999,1465.497748,,0.4945,0.001,resolved,0x4d4386db9126158ea1e73c8d5ef1afd447551894b08afa1cc2a75c024fc0b85d,https://data.chain.link/streams/xrp-usd-twap-60s-streams,1.3631156738284826,2026-09-12 03:15:54+00
zec-updown-15m-1789182000,ZEC,"ZCash Up or Down - September 11, 11:00PM-11:15PM ET",2026-09-12T03:15:00Z,2026-09-12T03:00:00Z,1138.1780937338403,Down,"[""0"", ""1""]",0.4,147.33330299999997,,-0.395,0.21,resolved,0x8a836a1289fae5ba32922057791bf789fc83964e9f38c4c2521bf4c32a5eb40c,https://data.chain.link/streams/zec-usd-twap-60s-streams,1135.7642973346726,2026-09-12 03:15:52+00
bnb-updown-15m-1789182900,BNB,"BNB Up or Down - September 11, 11:15PM-11:30PM ET",2026-09-12T03:30:00Z,2026-09-12T03:15:00Z,734.7967386538526,Down,"[""0"", ""1""]",0.21,188.62914100000003,,-0.5045,0.001,resolved,0x62cbcf7aeb1afab0f5bbd86e7e1bbd73c733232325eb9fd28e6c7c91c380f272,https://data.chain.link/streams/bnb-usd-twap-60s-streams,734.1389474769974,2026-09-12 03:31:27+00
btc-updown-15m-1789182900,BTC,"Bitcoin Up or Down - September 11, 11:15PM-11:30PM ET",2026-09-12T03:30:00Z,2026-09-12T03:15:00Z,77258.787006976,Up,"[""1"", ""0""]",0.99,80625.79742999999,105.243922,0.49,0.01,resolved,0xaba11d03db2a419b619a93939ec19b6c1f699ef2c001b4620e498c18c2d0ae88,https://data.chain.link/streams/btc-usd-twap-60s-streams,77271.64234312784,2026-09-12 03:31:27+00
doge-updown-15m-1789182900,DOGE,"Dogecoin Up or Down - September 11, 11:15PM-11:30PM ET",2026-09-12T03:30:00Z,2026-09-12T03:15:00Z,0.08441305112334804,Up,"[""1"", ""0""]",0.99,267.748413,,0.495,0.01,resolved,0xd5eb3b6877e1c7b203ed2eb5979743918f2d69849231e03f409abc19abfb3a78,https://data.chain.link/streams/doge-usd-twap-60s-streams,0.08445690146725467,2026-09-12 03:31:27+00
eth-updown-15m-1789182900,ETH,"Ethereum Up or Down - September 11, 11:15PM-11:30PM ET",2026-09-12T03:30:00Z,2026-09-12T03:15:00Z,2513.381515219018,Down,"[""0"", ""1""]",0.14,3578.2799449999993,2,-0.5,0.01,resolved,0xbac170a3a171eb8bcbcf4bf0d3befd32d796efbb04d3dede230ea935a6bc8cda,https://data.chain.link/streams/eth-usd-twap-60s-streams,2512.976013284795,2026-09-12 03:31:27+00
hype-updown-15m-1789182900,HYPE,"Hyperliquid Up or Down - September 11, 11:15PM-11:30PM ET",2026-09-12T03:30:00Z,2026-09-12T03:15:00Z,78.86789077190888,Down,"[""0"", ""1""]",0.13,495.1534220000001,,-0.5045,0.001,resolved,0x0898b1ed4503184904d7c9c0b38c2c38e0eaec30a0ad4468868b9d63395430d1,https://data.chain.link/streams/hype-usd-twap-60s-streams,78.686722446037,2026-09-12 03:31:27+00
sol-updown-15m-1789182900,SOL,"Solana Up or Down - September 11, 11:15PM-11:30PM ET",2026-09-12T03:30:00Z,2026-09-12T03:15:00Z,101.73639109905136,Up,"[""1"", ""0""]",0.99,1561.4545460000006,5.555556,0.495,0.01,resolved,0xd47660e1f3b209df6e8b7fb13353cf9693c45dc5121d6f2f097c536cd4eef414,https://data.chain.link/streams/sol-usd-twap-60s-streams,101.75165431708405,2026-09-12 03:31:27+00
xrp-updown-15m-1789182900,XRP,"XRP Up or Down - September 11, 11:15PM-11:30PM ET",2026-09-12T03:30:00Z,2026-09-12T03:15:00Z,1.3631156738284826,Up,"[""1"", ""0""]",0.99,1243.7061160000003,,0.49,0.01,resolved,0x7ef56c743c97e861e9de0f7fc536e619ef18f8d65bfcaf711f6f0fd532210511,https://data.chain.link/streams/xrp-usd-twap-60s-streams,1.3632846251553064,2026-09-12 03:31:27+00
zec-updown-15m-1789182900,ZEC,"ZCash Up or Down - September 11, 11:15PM-11:30PM ET",2026-09-12T03:30:00Z,2026-09-12T03:15:00Z,1135.7642973346726,Down,"[""0"", ""1""]",0.79,105.06517699999999,,-0.495,0.01,resolved,0x237585399f171dae39b88a16ca724faab5d59d450f1daee55c08b089974caf69,https://data.chain.link/streams/zec-usd-twap-60s-streams,1132.6450191884999,2026-09-12 03:31:27+00
bnb-updown-15m-1789183800,BNB,"BNB Up or Down - September 11, 11:30PM-11:45PM ET",2026-09-12T03:45:00Z,2026-09-12T03:30:00Z,734.1389474769974,Down,"[""0"", ""1""]",0.512,279.05502,,-0.5045,0.001,resolved,0x2cd02e261fd87d12bc923795586a88d85f3bbcd0958b26b9543e9a64cbf445f9,https://data.chain.link/streams/bnb-usd-twap-60s-streams,733.5973854189457,2026-09-12 03:45:54+00
btc-updown-15m-1789183800,BTC,"Bitcoin Up or Down - September 11, 11:30PM-11:45PM ET",2026-09-12T03:45:00Z,2026-09-12T03:30:00Z,77271.64234312784,Down,"[""0"", ""1""]",0.01,24121.842024999994,8.3,-0.5,0.01,resolved,0x8e0d6ddb41d162c51a768bcb7fa5636132f414c0ee0f42360da4fbda5f7a02e0,https://data.chain.link/streams/btc-usd-twap-60s-streams,77230.78409642242,2026-09-12 03:45:54+00
doge-updown-15m-1789183800,DOGE,"Dogecoin Up or Down - September 11, 11:30PM-11:45PM ET",2026-09-12T03:45:00Z,2026-09-12T03:30:00Z,0.08445690146725467,Down,"[""0"", ""1""]",0.15,127.32642000000001,,-0.4995,0.001,resolved,0x5aa72139c53de75720a3c3a89c9d63b0dc5e7812a7663aae63ca1fc4851f104e,https://data.chain.link/streams/doge-usd-twap-60s-streams,0.08439656522654146,2026-09-12 03:45:52+00
eth-updown-15m-1789183800,ETH,"Ethereum Up or Down - September 11, 11:30PM-11:45PM ET",2026-09-12T03:45:00Z,2026-09-12T03:30:00Z,2512.976013284795,Down,"[""0"", ""1""]",0.02,2007.2824320000009,3.960785,-0.5,0.01,resolved,0xc470b9f44dbad221d5a14ba1f01a5468b0f5c63659a29e0011bf619c1fb7d5aa,https://data.chain.link/streams/eth-usd-twap-60s-streams,2512.0190551587066,2026-09-12 03:45:52+00
hype-updown-15m-1789183800,HYPE,"Hyperliquid Up or Down - September 11, 11:30PM-11:45PM ET",2026-09-12T03:45:00Z,2026-09-12T03:30:00Z,78.686722446037,Up,"[""1"", ""0""]",0.99,189.00142899999997,,0.375,0.22,resolved,0xbbb5df4b8adbce3a5df605bce24e258385ffefa8baa6d9174fa38b06467de224,https://data.chain.link/streams/hype-usd-twap-60s-streams,78.72189554800075,2026-09-12 03:45:52+00
sol-updown-15m-1789183800,SOL,"Solana Up or Down - September 11, 11:30PM-11:45PM ET",2026-09-12T03:45:00Z,2026-09-12T03:30:00Z,101.75165431708405,Down,"[""0"", ""1""]",0.03,1105.0276040000003,3.92157,-0.5045,0.001,resolved,0x0bcf9dd0ee55e58c90f700fad9b30f4f473a6f1489dd9c43d25c74d66d67563d,https://data.chain.link/streams/sol-usd-twap-60s-streams,101.57935348182815,2026-09-12 03:45:54+00
xrp-updown-15m-1789183800,XRP,"XRP Up or Down - September 11, 11:30PM-11:45PM ET",2026-09-12T03:45:00Z,2026-09-12T03:30:00Z,1.3632846251553064,Up,"[""1"", ""0""]",0.99,1179.2949959999999,,0.49,0.01,resolved,0x58f09d024ad6a8d9a505e77fe7951b76f577d05f42a927a1c1e286340bb72b9f,https://data.chain.link/streams/xrp-usd-twap-60s-streams,1.3633905395638861,2026-09-12 03:45:54+00
zec-updown-15m-1789183800,ZEC,"ZCash Up or Down - September 11, 11:30PM-11:45PM ET",2026-09-12T03:45:00Z,2026-09-12T03:30:00Z,1132.6450191884999,Down,"[""0"", ""1""]",0.52,99.99615399999999,,-0.495,0.01,resolved,0x5db65fa0e2374f5ccd41185942183f5af256e6f834c14959d2d93b8e1d5c6486,https://data.chain.link/streams/zec-usd-twap-60s-streams,1130.6309805512228,2026-09-12 03:45:54+00
bnb-updown-15m-1789184700,BNB,"BNB Up or Down - September 11, 11:45PM-12:00AM ET",2026-09-12T04:00:00Z,2026-09-12T03:45:00Z,733.5973854189457,Down,"[""0"", ""1""]",0.38,298.33139399999993,,-0.5,0.01,resolved,0x075a0c198e0aec951cf8a434d2cfa89624bb977689e0f9f2e583e8a8e5ce8527,https://data.chain.link/streams/bnb-usd-twap-60s-streams,733.5581310668291,2026-09-12 04:01:03+00
btc-updown-15m-1789184700,BTC,"Bitcoin Up or Down - September 11, 11:45PM-12:00AM ET",2026-09-12T04:00:00Z,2026-09-12T03:45:00Z,77230.78409642242,Up,"[""1"", ""0""]",0.99,27896.654068,11.764706,0.49,0.01,resolved,0x607458d96afd243ec4387e3f4589ad039a5e4cf527df59b3572561a99da176b1,https://data.chain.link/streams/btc-usd-twap-60s-streams,77256.53547405322,2026-09-12 04:00:54+00
doge-updown-15m-1789184700,DOGE,"Dogecoin Up or Down - September 11, 11:45PM-12:00AM ET",2026-09-12T04:00:00Z,2026-09-12T03:45:00Z,0.08439656522654146,Up,"[""1"", ""0""]",0.99,221.07,,0.495,0.01,resolved,0x535d9d7064bfee3ad7cf007082ab798334c40118241c8168f63801a4048dee56,https://data.chain.link/streams/doge-usd-twap-60s-streams,0.08441707456624757,2026-09-12 04:00:54+00
eth-updown-15m-1789184700,ETH,"Ethereum Up or Down - September 11, 11:45PM-12:00AM ET",2026-09-12T04:00:00Z,2026-09-12T03:45:00Z,2512.0190551587066,Up,"[""1"", ""0""]",0.99,2678.0848680000004,,0.49,0.01,resolved,0xec1bbc7ec743aaeb5f03074a6400d51611628303417b37cdc276f0204548d9d6,https://data.chain.link/streams/eth-usd-twap-60s-streams,2513.1508608518498,2026-09-12 04:00:54+00
hype-updown-15m-1789184700,HYPE,"Hyperliquid Up or Down - September 11, 11:45PM-12:00AM ET",2026-09-12T04:00:00Z,2026-09-12T03:45:00Z,78.72189554800075,Up,"[""1"", ""0""]",0.999,105,,0.4945,0.001,resolved,0x9e27b42e97bcf76ea6bc8d81c30aec043fc8fa9d021dd33e993c283115bdb837,https://data.chain.link/streams/hype-usd-twap-60s-streams,78.86754698847791,2026-09-12 04:00:54+00
sol-updown-15m-1789184700,SOL,"Solana Up or Down - September 11, 11:45PM-12:00AM ET",2026-09-12T04:00:00Z,2026-09-12T03:45:00Z,101.57935348182815,Up,"[""1"", ""0""]",0.99,1303.010139,,0.49,0.01,resolved,0x17bcdac857d203acb0c2abd56b4f1acbc81033486dc7956a5e61ee6886b57c78,https://data.chain.link/streams/sol-usd-twap-60s-streams,101.60437485638636,2026-09-12 04:00:54+00
xrp-updown-15m-1789184700,XRP,"XRP Up or Down - September 11, 11:45PM-12:00AM ET",2026-09-12T04:00:00Z,2026-09-12T03:45:00Z,1.3633905395638861,Up,"[""1"", ""0""]",0.99,801.5256479999999,,0.49,0.01,resolved,0x3133fa05090e8e0ddd88000103d5fb47142434175842791683ed5df1a64dbc12,https://data.chain.link/streams/xrp-usd-twap-60s-streams,1.3638003372602123,2026-09-12 04:00:54+00
zec-updown-15m-1789184700,ZEC,"ZCash Up or Down - September 11, 11:45PM-12:00AM ET",2026-09-12T04:00:00Z,2026-09-12T03:45:00Z,1130.6309805512228,Up,"[""1"", ""0""]",0.52,99.99077,,0.495,0.01,resolved,0xf5cfd0db9bc69e59a99498f05cc1961a9697b9c48cc9e88744c903a39d422971,https://data.chain.link/streams/zec-usd-twap-60s-streams,1134.6371104382197,2026-09-12 04:00:54+00
bnb-updown-15m-1789185600,BNB,"BNB Up or Down - September 12, 12:00AM-12:15AM ET",2026-09-12T04:15:00Z,2026-09-12T04:00:00Z,733.5581310668291,Up,"[""1"", ""0""]",0.99,371.285988,,0.49,0.01,resolved,0x6cb12834ae56602ba4b6e6196c6103d91dc57f11d36cb7cb15615b5bc91ffba7,https://data.chain.link/streams/bnb-usd-twap-60s-streams,733.6707282254816,2026-09-12 04:15:54+00
btc-updown-15m-1789185600,BTC,"Bitcoin Up or Down - September 12, 12:00AM-12:15AM ET",2026-09-12T04:15:00Z,2026-09-12T04:00:00Z,77256.53547405322,Up,"[""1"", ""0""]",0.999,22752.397397999994,2778.72,0.4945,0.001,resolved,0xf98f890181be9bf19b248cb5acc7e232fb814d2168cb257425767813fb4f4898,https://data.chain.link/streams/btc-usd-twap-60s-streams,77282.0593491307,2026-09-12 04:15:54+00
doge-updown-15m-1789185600,DOGE,"Dogecoin Up or Down - September 12, 12:00AM-12:15AM ET",2026-09-12T04:15:00Z,2026-09-12T04:00:00Z,0.08441707456624757,Down,"[""0"", ""1""]",0.04,878.9070279999999,,-0.495,0.01,resolved,0x603be6f73b7ea7824670c89f0024e2b46e27d9dea6234ad2baa7c56890a79b2a,https://data.chain.link/streams/doge-usd-twap-60s-streams,0.0844031122438032,2026-09-12 04:15:54+00
eth-updown-15m-1789185600,ETH,"Ethereum Up or Down - September 12, 12:00AM-12:15AM ET",2026-09-12T04:15:00Z,2026-09-12T04:00:00Z,2513.1508608518498,Down,"[""0"", ""1""]",0.01,2975.290328000001,79.997844,-0.5045,0.001,resolved,0xb75ba4e83ce6a13880ea8bb23cb21989bae891052f5298166efa91fc96b22451,https://data.chain.link/streams/eth-usd-twap-60s-streams,2512.6771647667556,2026-09-12 04:15:54+00
hype-updown-15m-1789185600,HYPE,"Hyperliquid Up or Down - September 12, 12:00AM-12:15AM ET",2026-09-12T04:15:00Z,2026-09-12T04:00:00Z,78.86754698847791,Down,"[""0"", ""1""]",0.09,180,,-0.5045,0.001,resolved,0xbf203bbb634974e2bed6f8f7faeb9a7e4121f1bdd454b89574e3b53d50145a2b,https://data.chain.link/streams/hype-usd-twap-60s-streams,78.74724623603339,2026-09-12 04:15:54+00
sol-updown-15m-1789185600,SOL,"Solana Up or Down - September 12, 12:00AM-12:15AM ET",2026-09-12T04:15:00Z,2026-09-12T04:00:00Z,101.60437485638636,Up,"[""1"", ""0""]",0.999,701.20302,,0.49,0.01,resolved,0x9e41d157db1f195ced4e079b3ec34e4d759364d64e7f8f8f52c3270c01a4b166,https://data.chain.link/streams/sol-usd-twap-60s-streams,101.67330227163973,2026-09-12 04:15:54+00
xrp-updown-15m-1789185600,XRP,"XRP Up or Down - September 12, 12:00AM-12:15AM ET",2026-09-12T04:15:00Z,2026-09-12T04:00:00Z,1.3638003372602123,Down,"[""0"", ""1""]",0.44,779.695619,,-0.5,0.01,resolved,0x0288560d350caf64658fb50dedf7ad3b10d6e46cc52f7fd1cb52759061610263,https://data.chain.link/streams/xrp-usd-twap-60s-streams,1.3637768809853354,2026-09-12 04:15:54+00
zec-updown-15m-1789185600,ZEC,"ZCash Up or Down - September 12, 12:00AM-12:15AM ET",2026-09-12T04:15:00Z,2026-09-12T04:00:00Z,1134.6371104382197,Up,"[""1"", ""0""]",0.7,,,0.495,0.01,resolved,0xe23ef2fffdc1be41b6de9b2a933436b059750fd624d40cedb5cf3bee54f0f4e2,https://data.chain.link/streams/zec-usd-twap-60s-streams,1136.269320914534,2026-09-12 04:15:54+00
bnb-updown-15m-1789186500,BNB,"BNB Up or Down - September 12, 12:15AM-12:30AM ET",2026-09-12T04:30:00Z,2026-09-12T04:15:00Z,733.6707282254816,Up,"[""1"", ""0""]",0.99,177.94068000000004,,0.49,0.01,resolved,0xeeccb74c168ecb9eb60782228cb7c0919746af3fb8872239617824e0a546fde9,https://data.chain.link/streams/bnb-usd-twap-60s-streams,733.8640424099967,2026-09-12 04:31:27+00
btc-updown-15m-1789186500,BTC,"Bitcoin Up or Down - September 12, 12:15AM-12:30AM ET",2026-09-12T04:30:00Z,2026-09-12T04:15:00Z,77282.0593491307,Down,"[""0"", ""1""]",0.01,20972.038074,,-0.5045,0.001,resolved,0xecf9fcad26344cf84149486a0cf37f11ebb57404c4219d094c5db3b954933176,https://data.chain.link/streams/btc-usd-twap-60s-streams,77229.84169101033,2026-09-12 04:31:27+00
doge-updown-15m-1789186500,DOGE,"Dogecoin Up or Down - September 12, 12:15AM-12:30AM ET",2026-09-12T04:30:00Z,2026-09-12T04:15:00Z,0.0844031122438032,Down,"[""0"", ""1""]",0.23,968.6427570000002,,-0.495,0.01,resolved,0x1fe3498dad8d866e125f9b7676d480741791a4cd89be9e48f7208a039d1a729d,https://data.chain.link/streams/doge-usd-twap-60s-streams,0.08436255963594927,2026-09-12 04:31:27+00
eth-updown-15m-1789186500,ETH,"Ethereum Up or Down - September 12, 12:15AM-12:30AM ET",2026-09-12T04:30:00Z,2026-09-12T04:15:00Z,2512.6771647667556,Down,"[""0"", ""1""]",0.04,3890.9856029999996,,-0.5045,0.001,resolved,0xb9358988ff2e74df0e14dfe0e4c9e7779a7b183ec84614aeb8c31e1a8ea40a63,https://data.chain.link/streams/eth-usd-twap-60s-streams,2511.4283267553683,2026-09-12 04:31:27+00
hype-updown-15m-1789186500,HYPE,"Hyperliquid Up or Down - September 12, 12:15AM-12:30AM ET",2026-09-12T04:30:00Z,2026-09-12T04:15:00Z,78.74724623603339,Up,"[""1"", ""0""]",0.99,377.604765,,0.49,0.01,resolved,0x149e3002ea8f1529244135db9361dde75baba9df9ce6caef8658d468790c1da2,https://data.chain.link/streams/hype-usd-twap-60s-streams,78.82087461489546,2026-09-12 04:31:27+00
sol-updown-15m-1789186500,SOL,"Solana Up or Down - September 12, 12:15AM-12:30AM ET",2026-09-12T04:30:00Z,2026-09-12T04:15:00Z,101.67330227163973,Up,"[""1"", ""0""]",0.99,2191.7399909999995,,0.49,0.01,resolved,0x2dd9df5549cbc4ef59771237390d84c4d6ec63ff9fa79bbeffc0b361a08e774b,https://data.chain.link/streams/sol-usd-twap-60s-streams,101.74497575220848,2026-09-12 04:31:27+00
xrp-updown-15m-1789186500,XRP,"XRP Up or Down - September 12, 12:15AM-12:30AM ET",2026-09-12T04:30:00Z,2026-09-12T04:15:00Z,1.3637768809853354,Up,"[""1"", ""0""]",0.99,1621.0395360000002,,0.49,0.01,resolved,0xc102a446ea685c6075cc74aea305ff35ead8c3aef458d1a7fbf995f2cba3eac9,https://data.chain.link/streams/xrp-usd-twap-60s-streams,1.3639761720536607,2026-09-12 04:31:27+00
zec-updown-15m-1789186500,ZEC,"ZCash Up or Down - September 12, 12:15AM-12:30AM ET",2026-09-12T04:30:00Z,2026-09-12T04:15:00Z,1136.269320914534,Up,"[""1"", ""0""]",0.999,127.99230800000001,,0.495,0.01,resolved,0x1a585cab6e2e7a42d9212fbd149a8e57a687618c0ec4bcca746e5467c6b4b23b,https://data.chain.link/streams/zec-usd-twap-60s-streams,1137.5764243007807,2026-09-12 04:31:27+00
bnb-updown-15m-1789187400,BNB,"BNB Up or Down - September 12, 12:30AM-12:45AM ET",2026-09-12T04:45:00Z,2026-09-12T04:30:00Z,733.8640424099967,Up,"[""1"", ""0""]",0.998,154.81556300000003,,0.4945,0.001,resolved,0xcffa49c8095cbfe718ee3c2e10b925e79f9a66472c9d8ad4b580aeea8d5a88bf,https://data.chain.link/streams/bnb-usd-twap-60s-streams,734.5922637019829,2026-09-12 04:45:54+00
btc-updown-15m-1789187400,BTC,"Bitcoin Up or Down - September 12, 12:30AM-12:45AM ET",2026-09-12T04:45:00Z,2026-09-12T04:30:00Z,77229.84169101033,Up,"[""1"", ""0""]",0.99,422141.01747899957,,0.49,0.01,resolved,0x9ca2f500e13e0cbeaedc6768203e3b3f3d38db7c92f499f05bac86812a12639c,https://data.chain.link/streams/btc-usd-twap-60s-streams,77234.41429051835,2026-09-12 04:45:54+00
doge-updown-15m-1789187400,DOGE,"Dogecoin Up or Down - September 12, 12:30AM-12:45AM ET",2026-09-12T04:45:00Z,2026-09-12T04:30:00Z,0.08436255963594927,Up,"[""1"", ""0""]",0.99,226.534516,,0.4995,0.001,resolved,0x81bd5fa9a053cb44b37d9a0e7fd6e89ec0bd55f92318c2de4f500a2e3ace5643,https://data.chain.link/streams/doge-usd-twap-60s-streams,0.08438553328586161,2026-09-12 04:45:54+00
eth-updown-15m-1789187400,ETH,"Ethereum Up or Down - September 12, 12:30AM-12:45AM ET",2026-09-12T04:45:00Z,2026-09-12T04:30:00Z,2511.4283267553683,Up,"[""1"", ""0""]",0.999,3923.5125649999995,,0.4945,0.001,resolved,0x11f0f8c94d2def206e2ff5ec2eacc80368cee7301182103671a2d7ecf1566e54,https://data.chain.link/streams/eth-usd-twap-60s-streams,2512.930821722774,2026-09-12 04:45:54+00
hype-updown-15m-1789187400,HYPE,"Hyperliquid Up or Down - September 12, 12:30AM-12:45AM ET",2026-09-12T04:45:00Z,2026-09-12T04:30:00Z,78.82087461489546,Down,"[""0"", ""1""]",0.07,268.1205,,-0.5045,0.001,resolved,0xadec2106bb4ac1383040ce0db4ec50398493240d8db174d4bd849b8b579e225a,https://data.chain.link/streams/hype-usd-twap-60s-streams,78.62512698279221,2026-09-12 04:45:54+00
sol-updown-15m-1789187400,SOL,"Solana Up or Down - September 12, 12:30AM-12:45AM ET",2026-09-12T04:45:00Z,2026-09-12T04:30:00Z,101.74497575220848,Up,"[""1"", ""0""]",0.99,1843.266741,,0.4945,0.001,resolved,0x807b6822ae8b8940c4da725efb0ce7ad7a968cb767f84871728eef32cf1f8863,https://data.chain.link/streams/sol-usd-twap-60s-streams,101.76381345406274,2026-09-12 04:45:54+00
xrp-updown-15m-1789187400,XRP,"XRP Up or Down - September 12, 12:30AM-12:45AM ET",2026-09-12T04:45:00Z,2026-09-12T04:30:00Z,1.3639761720536607,Up,"[""1"", ""0""]",0.999,803.0360509999998,,0.4945,0.001,resolved,0x8b1af036fcab6f671ce25604f3ba2fdda70503f0e5267f5e7f64f67c381944b9,https://data.chain.link/streams/xrp-usd-twap-60s-streams,1.3645178367925082,2026-09-12 04:45:54+00
zec-updown-15m-1789187400,ZEC,"ZCash Up or Down - September 12, 12:30AM-12:45AM ET",2026-09-12T04:45:00Z,2026-09-12T04:30:00Z,1137.5764243007807,Down,"[""0"", ""1""]",0.26,129.28461699999997,,-0.495,0.01,resolved,0x0e9f4745e226b9a613bc464bbeb2b89768666b2f638e7a72a99d1bd1f2e8c770,https://data.chain.link/streams/zec-usd-twap-60s-streams,1136.4878576623528,2026-09-12 04:45:54+00
bnb-updown-15m-1789188300,BNB,"BNB Up or Down - September 12, 12:45AM-1:00AM ET",2026-09-12T05:00:00Z,2026-09-12T04:45:00Z,734.5922637019829,Down,"[""0"", ""1""]",0.09,221.26262900000003,,-0.5045,0.001,resolved,0xb7c68747e2a9338f3c7cfea66690fc700266e8f656648e1b8e6e584806506835,https://data.chain.link/streams/bnb-usd-twap-60s-streams,733.5992263916312,2026-09-12 05:00:55+00
btc-updown-15m-1789188300,BTC,"Bitcoin Up or Down - September 12, 12:45AM-1:00AM ET",2026-09-12T05:00:00Z,2026-09-12T04:45:00Z,77234.41429051835,Down,"[""0"", ""1""]",0.03,25172.268340000002,,-0.5,0.01,resolved,0xe845f6683bf21e321e8e03a8772cd70011516f9c2d38b0b9f350a34aaa3176d9,https://data.chain.link/streams/btc-usd-twap-60s-streams,77214.60872951515,2026-09-12 05:00:55+00
doge-updown-15m-1789188300,DOGE,"Dogecoin Up or Down - September 12, 12:45AM-1:00AM ET",2026-09-12T05:00:00Z,2026-09-12T04:45:00Z,0.08438553328586161,Down,"[""0"", ""1""]",0.12,181.168325,,-0.495,0.01,resolved,0x068d75a99a8de516c38b35f50df48a2490ee37f2288b24eb8104152bc38224cf,https://data.chain.link/streams/doge-usd-twap-60s-streams,0.08435984717790311,2026-09-12 05:00:55+00
eth-updown-15m-1789188300,ETH,"Ethereum Up or Down - September 12, 12:45AM-1:00AM ET",2026-09-12T05:00:00Z,2026-09-12T04:45:00Z,2512.930821722774,Down,"[""0"", ""1""]",0.16,1987.0744529999995,,-0.495,0.01,resolved,0x4e6fc6244993b116726201ce6c29ec64d35ea75414e5ef3d2b7d71e1d39ad405,https://data.chain.link/streams/eth-usd-twap-60s-streams,2512.4761967482823,2026-09-12 05:00:57+00
hype-updown-15m-1789188300,HYPE,"Hyperliquid Up or Down - September 12, 12:45AM-1:00AM ET",2026-09-12T05:00:00Z,2026-09-12T04:45:00Z,78.62512698279221,Down,"[""0"", ""1""]",0.16,149.052663,,-0.5045,0.001,resolved,0x4efe7eea3df5087fce53350a0bda3efd7db089f90b1011db7c5d3eae5b315652,https://data.chain.link/streams/hype-usd-twap-60s-streams,78.50512990722046,2026-09-12 05:00:55+00
sol-updown-15m-1789188300,SOL,"Solana Up or Down - September 12, 12:45AM-1:00AM ET",2026-09-12T05:00:00Z,2026-09-12T04:45:00Z,101.76381345406274,Down,"[""0"", ""1""]",0.08,1556.96438,,-0.5045,0.001,resolved,0x6ee344a8bb3e53dc8ffacb4c0d5555432159e395f95070bfb27d64352eedffd4,https://data.chain.link/streams/sol-usd-twap-60s-streams,101.6057598528284,2026-09-12 05:00:55+00
xrp-updown-15m-1789188300,XRP,"XRP Up or Down - September 12, 12:45AM-1:00AM ET",2026-09-12T05:00:00Z,2026-09-12T04:45:00Z,1.3645178367925082,Down,"[""0"", ""1""]",0.1,703.212657,,-0.5045,0.001,resolved,0xf4dcd91cd2e3a788288b54512c7e072b9c01c8a319d12c39b67e406c96f4da6f,https://data.chain.link/streams/xrp-usd-twap-60s-streams,1.3631350471056194,2026-09-12 05:00:55+00
zec-updown-15m-1789188300,ZEC,"ZCash Up or Down - September 12, 12:45AM-1:00AM ET",2026-09-12T05:00:00Z,2026-09-12T04:45:00Z,1136.4878576623528,Down,"[""0"", ""1""]",0.37,213.20000000000002,,-0.495,0.01,resolved,0x6ba8cc596c3f39a62010689c3abe0d8d7d7516f6eaf0625c8ea26d7f894e8489,https://data.chain.link/streams/zec-usd-twap-60s-streams,1135.248884583087,2026-09-12 05:00:57+00
bnb-updown-15m-1789189200,BNB,"BNB Up or Down - September 12, 1:00AM-1:15AM ET",2026-09-12T05:15:00Z,2026-09-12T05:00:00Z,733.5992263916312,Up,"[""1"", ""0""]",0.999,163.871223,,0.4945,0.001,resolved,0xe9d6e0bac492323ed4dc32d2d635ba4a4833b983c1887ec6e5beb2cdc09dc281,https://data.chain.link/streams/bnb-usd-twap-60s-streams,734.9361151355363,2026-09-12 05:16:27+00
btc-updown-15m-1789189200,BTC,"Bitcoin Up or Down - September 12, 1:00AM-1:15AM ET",2026-09-12T05:15:00Z,2026-09-12T05:00:00Z,77214.60872951515,Up,"[""1"", ""0""]",0.99,246255.22844400004,2925,0.49,0.01,resolved,0x62724c6854ece50525c604ee4efdfe6a9b614f15bc6fb040428504bfd3ea1182,https://data.chain.link/streams/btc-usd-twap-60s-streams,77229.1874029323,2026-09-12 05:16:27+00
doge-updown-15m-1789189200,DOGE,"Dogecoin Up or Down - September 12, 1:00AM-1:15AM ET",2026-09-12T05:15:00Z,2026-09-12T05:00:00Z,0.08435984717790311,Up,"[""1"", ""0""]",0.99,194.81621800000002,,0.495,0.01,resolved,0xc8103e9ff537056b2fe6e92eb8213fa6674867045e878080cbac693819af5485,https://data.chain.link/streams/doge-usd-twap-60s-streams,0.08436348143548383,2026-09-12 05:16:27+00
eth-updown-15m-1789189200,ETH,"Ethereum Up or Down - September 12, 1:00AM-1:15AM ET",2026-09-12T05:15:00Z,2026-09-12T05:00:00Z,2512.4761967482823,Down,"[""0"", ""1""]",0.02,6203.608603,,-0.5045,0.001,resolved,0xaf12fb523e780b99d0ec5ed2196e82402a0a283bfd48a479438216bdce94fdd3,https://data.chain.link/streams/eth-usd-twap-60s-streams,2511.270410283426,2026-09-12 05:16:27+00
hype-updown-15m-1789189200,HYPE,"Hyperliquid Up or Down - September 12, 1:00AM-1:15AM ET",2026-09-12T05:15:00Z,2026-09-12T05:00:00Z,78.50512990722046,Up,"[""1"", ""0""]",0.99,162.462134,,0.4945,0.001,resolved,0x4633de4ae79b0f74b86a61b83386bb49a2ed09c75fde24830949c6735a2f2fc5,https://data.chain.link/streams/hype-usd-twap-60s-streams,78.59919690506378,2026-09-12 05:16:27+00
sol-updown-15m-1789189200,SOL,"Solana Up or Down - September 12, 1:00AM-1:15AM ET",2026-09-12T05:15:00Z,2026-09-12T05:00:00Z,101.6057598528284,Down,"[""0"", ""1""]",0.02,910.1958490000001,,-0.5045,0.001,resolved,0x34c45712bbbc57d21545f9e46d1ebf5d78705643175feeded5cec8fcda8be53b,https://data.chain.link/streams/sol-usd-twap-60s-streams,101.50223458541814,2026-09-12 05:16:27+00
xrp-updown-15m-1789189200,XRP,"XRP Up or Down - September 12, 1:00AM-1:15AM ET",2026-09-12T05:15:00Z,2026-09-12T05:00:00Z,1.3631350471056194,Down,"[""0"", ""1""]",0.16,853.4138819999998,,-0.5045,0.001,resolved,0x263311530e5b85e51872e948c245f3bde9a02bde79cbf7e55abe8c90aac1ce9d,https://data.chain.link/streams/xrp-usd-twap-60s-streams,1.3617847449894396,2026-09-12 05:16:27+00
zec-updown-15m-1789189200,ZEC,"ZCash Up or Down - September 12, 1:00AM-1:15AM ET",2026-09-12T05:15:00Z,2026-09-12T05:00:00Z,1135.248884583087,Down,"[""0"", ""1""]",,104.173914,,-0.495,0.01,resolved,0x381d147479cd36e981a906e4f4ea4ba2a724e66f1324399c8869bede4f95b1db,https://data.chain.link/streams/zec-usd-twap-60s-streams,1130.477538960405,2026-09-12 05:16:27+00
bnb-updown-15m-1789190100,BNB,"BNB Up or Down - September 12, 1:15AM-1:30AM ET",2026-09-12T05:30:00Z,2026-09-12T05:15:00Z,734.9361151355363,Down,"[""0"", ""1""]",0.2,405.39742500000006,,-0.5045,0.001,resolved,0xbbe430358136a4660494b02df35f39513178612411688d3f9e66b187e18ef22e,https://data.chain.link/streams/bnb-usd-twap-60s-streams,732.8246694463352,2026-09-12 05:31:27+00
btc-updown-15m-1789190100,BTC,"Bitcoin Up or Down - September 12, 1:15AM-1:30AM ET",2026-09-12T05:30:00Z,2026-09-12T05:15:00Z,77229.1874029323,Down,"[""0"", ""1""]",0.01,165567.29993899996,5,-0.5,0.01,resolved,0x5b15cc1674bb81ebe58d062784e54bc177b38d0275c0a3a56c188916c3ed53e0,https://data.chain.link/streams/btc-usd-twap-60s-streams,77200.74418798073,2026-09-12 05:31:27+00
doge-updown-15m-1789190100,DOGE,"Dogecoin Up or Down - September 12, 1:15AM-1:30AM ET",2026-09-12T05:30:00Z,2026-09-12T05:15:00Z,0.08436348143548383,Down,"[""0"", ""1""]",0.07,247.71492899999998,,-0.495,0.01,resolved,0xaccb1bbd07388641380ab42093bd3e8fd55ac958faae36f09de116469cd45628,https://data.chain.link/streams/doge-usd-twap-60s-streams,0.0842671815625932,2026-09-12 05:31:25+00
eth-updown-15m-1789190100,ETH,"Ethereum Up or Down - September 12, 1:15AM-1:30AM ET",2026-09-12T05:30:00Z,2026-09-12T05:15:00Z,2511.270410283426,Down,"[""0"", ""1""]",0.08,5505.6913920000015,,-0.5,0.01,resolved,0x7716d2d95ef092c17a3a4986a188ddf91015739e75a2fa215d0a204a80b13307,https://data.chain.link/streams/eth-usd-twap-60s-streams,2510.1374083769383,2026-09-12 05:31:34+00
hype-updown-15m-1789190100,HYPE,"Hyperliquid Up or Down - September 12, 1:15AM-1:30AM ET",2026-09-12T05:30:00Z,2026-09-12T05:15:00Z,78.59919690506378,Down,"[""0"", ""1""]",0.57,226.224429,,-0.5045,0.001,resolved,0x2170d69f1e71a3857d8afa5581b619fd0d2164e8c39cca1de00bdbf107f4977b,https://data.chain.link/streams/hype-usd-twap-60s-streams,78.41352567675312,2026-09-12 05:31:27+00
sol-updown-15m-1789190100,SOL,"Solana Up or Down - September 12, 1:15AM-1:30AM ET",2026-09-12T05:30:00Z,2026-09-12T05:15:00Z,101.50223458541814,Down,"[""0"", ""1""]",0.01,2110.5889389999993,,-0.5,0.01,resolved,0x68d36e96beb5c849f804d095428b1e686a64a947dc009ad53bd805d657a175f9,https://data.chain.link/streams/sol-usd-twap-60s-streams,101.45332855897463,2026-09-12 05:31:27+00
xrp-updown-15m-1789190100,XRP,"XRP Up or Down - September 12, 1:15AM-1:30AM ET",2026-09-12T05:30:00Z,2026-09-12T05:15:00Z,1.3617847449894396,Up,"[""1"", ""0""]",0.99,1053.190773,,0.49,0.01,resolved,0xf5404f9b3284278f47e76f47466fbdfd3e48fce3e6635374f86a366584f1ac0d,https://data.chain.link/streams/xrp-usd-twap-60s-streams,1.3620887255552279,2026-09-12 05:31:27+00
zec-updown-15m-1789190100,ZEC,"ZCash Up or Down - September 12, 1:15AM-1:30AM ET",2026-09-12T05:30:00Z,2026-09-12T05:15:00Z,1130.477538960405,Down,"[""0"", ""1""]",0.7,203.0624,,-0.495,0.01,resolved,0x93eaec79e086132dfecdd4ae6078c2f6777759315c70ad674cf4e254361d226c,https://data.chain.link/streams/zec-usd-twap-60s-streams,1129.3841108787753,2026-09-12 05:31:27+00
bnb-updown-15m-1789191000,BNB,"BNB Up or Down - September 12, 1:30AM-1:45AM ET",2026-09-12T05:45:00Z,2026-09-12T05:30:00Z,732.8246694463352,Up,"[""1"", ""0""]",0.99,322.443126,,0.47,0.05,resolved,0xb085bfec4e7d09e6d8be999f562e5ede53538886f1029aa8cc00f89d06fe1ab7,https://data.chain.link/streams/bnb-usd-twap-60s-streams,732.9196689234338,2026-09-12 05:45:52+00
btc-updown-15m-1789191000,BTC,"Bitcoin Up or Down - September 12, 1:30AM-1:45AM ET",2026-09-12T05:45:00Z,2026-09-12T05:30:00Z,77200.74418798073,Up,"[""1"", ""0""]",0.999,25068.56222599999,5,0.49,0.01,resolved,0xad058bb370f3b8b5c6f592979f40a141352324481350fe93bda31416c6f55afe,https://data.chain.link/streams/btc-usd-twap-60s-streams,77225.00374729863,2026-09-12 05:45:54+00
doge-updown-15m-1789191000,DOGE,"Dogecoin Up or Down - September 12, 1:30AM-1:45AM ET",2026-09-12T05:45:00Z,2026-09-12T05:30:00Z,0.0842671815625932,Up,"[""1"", ""0""]",0.999,283.451669,,0.4995,0.001,resolved,0x02dcee5e3d756ed4a04ccb02e79dc9c02f5b00562bb66d8ea99ca7586830f7a3,https://data.chain.link/streams/doge-usd-twap-60s-streams,0.08442454590897897,2026-09-12 05:45:54+00
eth-updown-15m-1789191000,ETH,"Ethereum Up or Down - September 12, 1:30AM-1:45AM ET",2026-09-12T05:45:00Z,2026-09-12T05:30:00Z,2510.1374083769383,Up,"[""1"", ""0""]",0.999,8124.846381,,0.49,0.01,resolved,0xedff760089d98d33ba5bb539ad19b56a3b7b5482e9976996bb6252651d51bf2c,https://data.chain.link/streams/eth-usd-twap-60s-streams,2511.0864853467156,2026-09-12 05:45:54+00
hype-updown-15m-1789191000,HYPE,"Hyperliquid Up or Down - September 12, 1:30AM-1:45AM ET",2026-09-12T05:45:00Z,2026-09-12T05:30:00Z,78.41352567675312,Up,"[""1"", ""0""]",0.999,145.388937,,0.4935,0.001,resolved,0xcbc1bbd8c6969a04b33d841eeb4afa9ea1cc5f104f04e10c3361c6c328e623a3,https://data.chain.link/streams/hype-usd-twap-60s-streams,78.65748529378399,2026-09-12 05:45:54+00
sol-updown-15m-1789191000,SOL,"Solana Up or Down - September 12, 1:30AM-1:45AM ET",2026-09-12T05:45:00Z,2026-09-12T05:30:00Z,101.45332855897463,Up,"[""1"", ""0""]",0.999,1629.1827880000003,,0.49,0.01,resolved,0x33ef21715ee0bd75a85065f534bc070594977e47bbb169cc7b056f0cfd1fb96b,https://data.chain.link/streams/sol-usd-twap-60s-streams,101.60046254575757,2026-09-12 05:45:54+00
xrp-updown-15m-1789191000,XRP,"XRP Up or Down - September 12, 1:30AM-1:45AM ET",2026-09-12T05:45:00Z,2026-09-12T05:30:00Z,1.3620887255552279,Up,"[""1"", ""0""]",0.999,1457.5053419999997,,0.49,0.01,resolved,0x8b6f59349f7df343489afac69441204a14f6a556da15d118e14006808f361b91,https://data.chain.link/streams/xrp-usd-twap-60s-streams,1.3636747800333142,2026-09-12 05:45:52+00
zec-updown-15m-1789191000,ZEC,"ZCash Up or Down - September 12, 1:30AM-1:45AM ET",2026-09-12T05:45:00Z,2026-09-12T05:30:00Z,1129.3841108787753,Down,"[""0"", ""1""]",0.49,109.460197,,-0.005,0.01,resolved,0x83432c3a58faf3f26bb1217eb8db1ee009dc5004e2b629808ea2a9c915fa083f,https://data.chain.link/streams/zec-usd-twap-60s-streams,1129.1458325586407,2026-09-12 05:45:54+00
bnb-updown-15m-1789191900,BNB,"BNB Up or Down - September 12, 1:45AM-2:00AM ET",2026-09-12T06:00:00Z,2026-09-12T05:45:00Z,732.9196689234338,Up,"[""1"", ""0""]",0.99,272.278403,,0.49,0.01,resolved,0x78a035cdc2720c71054d5ee567783eac802c9f87ae7d47ba5788a166c2b25301,https://data.chain.link/streams/bnb-usd-twap-60s-streams,732.9850068606759,2026-09-12 06:01:27+00
btc-updown-15m-1789191900,BTC,"Bitcoin Up or Down - September 12, 1:45AM-2:00AM ET",2026-09-12T06:00:00Z,2026-09-12T05:45:00Z,77225.00374729863,Down,"[""0"", ""1""]",0.01,189728.51424600004,,-0.5,0.01,resolved,0xefe833a1b1da31e60f38461dcc5c4d9a04710175be0f18e17c357d9dddcab139,https://data.chain.link/streams/btc-usd-twap-60s-streams,77202.29719630399,2026-09-12 06:01:27+00
doge-updown-15m-1789191900,DOGE,"Dogecoin Up or Down - September 12, 1:45AM-2:00AM ET",2026-09-12T06:00:00Z,2026-09-12T05:45:00Z,0.08442454590897897,Down,"[""0"", ""1""]",0.19,278.570806,,-0.495,0.01,resolved,0x4704aee5aeb8d79886e22eb16301da2acd098f855609b3b273d4cd781a9cf5fe,https://data.chain.link/streams/doge-usd-twap-60s-streams,0.08440993861617647,2026-09-12 06:01:28+00
eth-updown-15m-1789191900,ETH,"Ethereum Up or Down - September 12, 1:45AM-2:00AM ET",2026-09-12T06:00:00Z,2026-09-12T05:45:00Z,2511.0864853467156,Up,"[""1"", ""0""]",0.99,4010.294218,,0.49,0.01,resolved,0x280da46ce9fff2987776b320138de60937d57ec32ed0eb6e71b5f0506b6a3552,https://data.chain.link/streams/eth-usd-twap-60s-streams,2511.258430597242,2026-09-12 06:01:27+00
hype-updown-15m-1789191900,HYPE,"Hyperliquid Up or Down - September 12, 1:45AM-2:00AM ET",2026-09-12T06:00:00Z,2026-09-12T05:45:00Z,78.65748529378399,Down,"[""0"", ""1""]",0.44,352.846072,,-0.5,0.01,resolved,0x9a75739828fc97d6aafc07f4fb828e110ac1d59d28b0fe59da066b879d95789c,https://data.chain.link/streams/hype-usd-twap-60s-streams,78.5788828158857,2026-09-12 06:01:27+00
sol-updown-15m-1789191900,SOL,"Solana Up or Down - September 12, 1:45AM-2:00AM ET",2026-09-12T06:00:00Z,2026-09-12T05:45:00Z,101.60046254575757,Up,"[""1"", ""0""]",0.99,1001.4508239999999,,0.49,0.01,resolved,0x14ccac6584471cfac5aba9215819f3614da3d4c14b9c602f0f994a57a1ffa5e6,https://data.chain.link/streams/sol-usd-twap-60s-streams,101.62659354325883,2026-09-12 06:01:27+00
xrp-updown-15m-1789191900,XRP,"XRP Up or Down - September 12, 1:45AM-2:00AM ET",2026-09-12T06:00:00Z,2026-09-12T05:45:00Z,1.3636747800333142,Down,"[""0"", ""1""]",0.38,837.0824530000002,,-0.5,0.01,resolved,0xacbd2a75112c8352bf1c1ce8e6dfabf6364bea32c3432d17ec84d421138183e0,https://data.chain.link/streams/xrp-usd-twap-60s-streams,1.363645135208608,2026-09-12 06:01:27+00
zec-updown-15m-1789191900,ZEC,"ZCash Up or Down - September 12, 1:45AM-2:00AM ET",2026-09-12T06:00:00Z,2026-09-12T05:45:00Z,1129.1458325586407,Down,"[""0"", ""1""]",0.48,203,,-0.495,0.01,resolved,0xf1e3dce3d5d5bef1fa6678d5416024a83d7dc91ce7be6c5880176029f993abdc,https://data.chain.link/streams/zec-usd-twap-60s-streams,1126.9486671104087,2026-09-12 06:01:27+00
bnb-updown-15m-1789192800,BNB,"BNB Up or Down - September 12, 2:00AM-2:15AM ET",2026-09-12T06:15:00Z,2026-09-12T06:00:00Z,732.9850068606759,Down,"[""0"", ""1""]",0.35,349.133683,,-0.5045,0.001,resolved,0x2abfe7cc4a36f40d44309064b7e5577c7dea1deb0bb135cb0dc97f6a50ef1395,https://data.chain.link/streams/bnb-usd-twap-60s-streams,732.4933698486844,2026-09-12 06:16:28+00
btc-updown-15m-1789192800,BTC,"Bitcoin Up or Down - September 12, 2:00AM-2:15AM ET",2026-09-12T06:15:00Z,2026-09-12T06:00:00Z,77202.29719630399,Down,"[""0"", ""1""]",0.01,119391.475235,2965.97,-0.5,0.01,resolved,0xf36b38f26b51837347a3e5f20bfa846ba8e8f2cd7c5ebc3ddd16655de9fb6c6e,https://data.chain.link/streams/btc-usd-twap-60s-streams,77196.4433109225,2026-09-12 06:16:28+00
doge-updown-15m-1789192800,DOGE,"Dogecoin Up or Down - September 12, 2:00AM-2:15AM ET",2026-09-12T06:15:00Z,2026-09-12T06:00:00Z,0.08440993861617647,Down,"[""0"", ""1""]",0.01,293.700188,,-0.4995,0.001,resolved,0x8d629aec73a7d5c37be4d94157eec411253c7330d2fc0b46bae7fa2f87045afb,https://data.chain.link/streams/doge-usd-twap-60s-streams,0.08439031057190753,2026-09-12 06:16:28+00
eth-updown-15m-1789192800,ETH,"Ethereum Up or Down - September 12, 2:00AM-2:15AM ET",2026-09-12T06:15:00Z,2026-09-12T06:00:00Z,2511.258430597242,Down,"[""0"", ""1""]",0.08,3552.9584840000007,,-0.5045,0.001,resolved,0x2e810426415c6810f29e8380b26d776251cfdf712ba79952ae8041a12728c4d1,https://data.chain.link/streams/eth-usd-twap-60s-streams,2510.6494721497597,2026-09-12 06:16:28+00
hype-updown-15m-1789192800,HYPE,"Hyperliquid Up or Down - September 12, 2:00AM-2:15AM ET",2026-09-12T06:15:00Z,2026-09-12T06:00:00Z,78.5788828158857,Up,"[""1"", ""0""]",0.99,318.26322799999997,,0.49,0.01,resolved,0x55e6776d1f38405ab12ba0204c7c06180e3e0d29b75e1e85e15c7815394d8de8,https://data.chain.link/streams/hype-usd-twap-60s-streams,78.58958617995538,2026-09-12 06:16:27+00
sol-updown-15m-1789192800,SOL,"Solana Up or Down - September 12, 2:00AM-2:15AM ET",2026-09-12T06:15:00Z,2026-09-12T06:00:00Z,101.62659354325883,Down,"[""0"", ""1""]",0.05,1398.7560409999994,,-0.5045,0.001,resolved,0xd30c59ec0c0eb73f0804dddfc149ceebd045c8955bacd5ea6fc033e82f7c77b4,https://data.chain.link/streams/sol-usd-twap-60s-streams,101.52728274152368,2026-09-12 06:16:28+00
xrp-updown-15m-1789192800,XRP,"XRP Up or Down - September 12, 2:00AM-2:15AM ET",2026-09-12T06:15:00Z,2026-09-12T06:00:00Z,1.363645135208608,Down,"[""0"", ""1""]",0.03,1093.1303860000003,,-0.5045,0.001,resolved,0xdc9a932456dc20bbf3ac6d28492c54ce11b2fa2b480b1bc3c4d940521c251951,https://data.chain.link/streams/xrp-usd-twap-60s-streams,1.3624994701286433,2026-09-12 06:16:28+00
zec-updown-15m-1789192800,ZEC,"ZCash Up or Down - September 12, 2:00AM-2:15AM ET",2026-09-12T06:15:00Z,2026-09-12T06:00:00Z,1126.9486671104087,Down,"[""0"", ""1""]",,99.99461600000001,,-0.495,0.01,resolved,0x164f7cea77fb4159b72a547118b1bea6c9a1f5115a95a4499cf7387c4f69c35c,https://data.chain.link/streams/zec-usd-twap-60s-streams,1125.222923924909,2026-09-12 06:16:28+00
bnb-updown-15m-1789193700,BNB,"BNB Up or Down - September 12, 2:15AM-2:30AM ET",2026-09-12T06:30:00Z,2026-09-12T06:15:00Z,732.4933698486844,Down,"[""0"", ""1""]",0.13,204.248628,,-0.5045,0.001,resolved,0xb6855ffc3e35d726b23a2e3895c11de05c4721f46bae69a7ef66925c7db4f655,https://data.chain.link/streams/bnb-usd-twap-60s-streams,731.6452020065235,2026-09-12 06:30:54+00
btc-updown-15m-1789193700,BTC,"Bitcoin Up or Down - September 12, 2:15AM-2:30AM ET",2026-09-12T06:30:00Z,2026-09-12T06:15:00Z,77196.4433109225,Up,"[""1"", ""0""]",0.999,15691.267261,5,0.4945,0.001,resolved,0x6d0b601c39704b1eb51e2b4326b530c24afea4fee22e4a80bf98eaad28d0d31a,https://data.chain.link/streams/btc-usd-twap-60s-streams,77222.16842838998,2026-09-12 06:30:54+00
doge-updown-15m-1789193700,DOGE,"Dogecoin Up or Down - September 12, 2:15AM-2:30AM ET",2026-09-12T06:30:00Z,2026-09-12T06:15:00Z,0.08439031057190753,Down,"[""0"", ""1""]",0.25,1221.822743,,-0.495,0.01,resolved,0x4b5835dfa112ad8bcd8d95beb631b1d2275ece45817e8d24d30fda7cdf01da84,https://data.chain.link/streams/doge-usd-twap-60s-streams,0.08438956683268165,2026-09-12 06:30:52+00
eth-updown-15m-1789193700,ETH,"Ethereum Up or Down - September 12, 2:15AM-2:30AM ET",2026-09-12T06:30:00Z,2026-09-12T06:15:00Z,2510.6494721497597,Up,"[""1"", ""0""]",0.999,2490.2938610000006,,0.4945,0.001,resolved,0x2edf1542a54842d8f7029ea97994952fb8ea34a24fcb1f0d6083c12af2d1f651,https://data.chain.link/streams/eth-usd-twap-60s-streams,2512.138862210445,2026-09-12 06:30:52+00
hype-updown-15m-1789193700,HYPE,"Hyperliquid Up or Down - September 12, 2:15AM-2:30AM ET",2026-09-12T06:30:00Z,2026-09-12T06:15:00Z,78.58958617995538,Up,"[""1"", ""0""]",0.97,343.884445,,0.49,0.01,resolved,0x7b1cd655262ef0158bf014a7bc8dc06bbd5df965d9d2d80fed7f6d4e9f78403a,https://data.chain.link/streams/hype-usd-twap-60s-streams,78.67847162425007,2026-09-12 06:30:54+00
sol-updown-15m-1789193700,SOL,"Solana Up or Down - September 12, 2:15AM-2:30AM ET",2026-09-12T06:30:00Z,2026-09-12T06:15:00Z,101.52728274152368,Up,"[""1"", ""0""]",0.999,1051.180233,,0.4945,0.001,resolved,0xc77ab41dea2a3303e1705d83f3cff43ada36d2b0526382ea5dd3498106982f06,https://data.chain.link/streams/sol-usd-twap-60s-streams,101.6665454584629,2026-09-12 06:30:54+00
xrp-updown-15m-1789193700,XRP,"XRP Up or Down - September 12, 2:15AM-2:30AM ET",2026-09-12T06:30:00Z,2026-09-12T06:15:00Z,1.3624994701286433,Up,"[""1"", ""0""]",0.99,1058.95861,,0.49,0.01,resolved,0x2afccd90b4cc92daf3984b64fcfca6108a3de296e5d51c38348a5ce4721c7d97,https://data.chain.link/streams/xrp-usd-twap-60s-streams,1.362867639721832,2026-09-12 06:30:52+00
zec-updown-15m-1789193700,ZEC,"ZCash Up or Down - September 12, 2:15AM-2:30AM ET",2026-09-12T06:30:00Z,2026-09-12T06:15:00Z,1125.222923924909,Up,"[""1"", ""0""]",0.7,149.990589,,0.495,0.01,resolved,0x9f380c846b5e37d1565b7bde011ef60582cc665e0545294cfc8b52ae32968667,https://data.chain.link/streams/zec-usd-twap-60s-streams,1128.8833521049812,2026-09-12 06:30:52+00
bnb-updown-15m-1789194600,BNB,"BNB Up or Down - September 12, 2:30AM-2:45AM ET",2026-09-12T06:45:00Z,2026-09-12T06:30:00Z,731.6452020065235,Up,"[""1"", ""0""]",0.999,295.535416,,0.4945,0.001,resolved,0xc5a31b28604b5cbba928e9c26c1ee34171900c2e79183c5588f6882144f3017c,https://data.chain.link/streams/bnb-usd-twap-60s-streams,732.2378271821206,2026-09-12 06:45:54+00
btc-updown-15m-1789194600,BTC,"Bitcoin Up or Down - September 12, 2:30AM-2:45AM ET",2026-09-12T06:45:00Z,2026-09-12T06:30:00Z,77222.16842838998,Up,"[""1"", ""0""]",0.999,19104.455195999988,5,0.4945,0.001,resolved,0x992d312ba14c89fa4e1965322d53f23d1818a5f4c9c0b2d3a9911954fcff201f,https://data.chain.link/streams/btc-usd-twap-60s-streams,77301.02876958228,2026-09-12 06:45:54+00
doge-updown-15m-1789194600,DOGE,"Dogecoin Up or Down - September 12, 2:30AM-2:45AM ET",2026-09-12T06:45:00Z,2026-09-12T06:30:00Z,0.08438956683268165,Up,"[""1"", ""0""]",0.999,413.232196,,0.4995,0.001,resolved,0x56db305509459503854a158ad01ea4a35b7baf1a7105e21873bc890d3e65c025,https://data.chain.link/streams/doge-usd-twap-60s-streams,0.08450553121234852,2026-09-12 06:45:55+00
eth-updown-15m-1789194600,ETH,"Ethereum Up or Down - September 12, 2:30AM-2:45AM ET",2026-09-12T06:45:00Z,2026-09-12T06:30:00Z,2512.138862210445,Up,"[""1"", ""0""]",0.999,2297.2555290000005,,0.4945,0.001,resolved,0xff95e3b251db3147f53db6a86bf3f390446bb9eb43e173fde3153d3489e8d917,https://data.chain.link/streams/eth-usd-twap-60s-streams,2517.498161955396,2026-09-12 06:45:52+00
hype-updown-15m-1789194600,HYPE,"Hyperliquid Up or Down - September 12, 2:30AM-2:45AM ET",2026-09-12T06:45:00Z,2026-09-12T06:30:00Z,78.67847162425007,Up,"[""1"", ""0""]",0.999,505.63746,,0.4945,0.001,resolved,0xc074fd0313418d7a17c3d32b1625261791fefb4d39fda0e226015ce84c69d261,https://data.chain.link/streams/hype-usd-twap-60s-streams,78.83730945000002,2026-09-12 06:45:54+00
sol-updown-15m-1789194600,SOL,"Solana Up or Down - September 12, 2:30AM-2:45AM ET",2026-09-12T06:45:00Z,2026-09-12T06:30:00Z,101.6665454584629,Up,"[""1"", ""0""]",0.999,1190.7856570000001,,0.4945,0.001,resolved,0x790a0e97221c9ba2a42848799466a42c48c3a8c6c479b14f82dd2ef0ad5c466a,https://data.chain.link/streams/sol-usd-twap-60s-streams,101.7620708568966,2026-09-12 06:45:54+00
xrp-updown-15m-1789194600,XRP,"XRP Up or Down - September 12, 2:30AM-2:45AM ET",2026-09-12T06:45:00Z,2026-09-12T06:30:00Z,1.362867639721832,Up,"[""1"", ""0""]",0.999,1056.712997,,0.4945,0.001,resolved,0x953227d319e4840a1ba6c121491c1a54ba8202eb3e12c64ddcdb08f0262896cb,https://data.chain.link/streams/xrp-usd-twap-60s-streams,1.3645832711680543,2026-09-12 06:45:55+00
zec-updown-15m-1789194600,ZEC,"ZCash Up or Down - September 12, 2:30AM-2:45AM ET",2026-09-12T06:45:00Z,2026-09-12T06:30:00Z,1128.8833521049812,Up,"[""1"", ""0""]",0.95,225,,0.495,0.01,resolved,0x220894d335a871925ace123451f7841a7655e02ba95370f742e3ee3c68b9f3ae,https://data.chain.link/streams/zec-usd-twap-60s-streams,1130.5002852549949,2026-09-12 06:45:54+00
bnb-updown-15m-1789195500,BNB,"BNB Up or Down - September 12, 2:45AM-3:00AM ET",2026-09-12T07:00:00Z,2026-09-12T06:45:00Z,732.2378271821206,Down,"[""0"", ""1""]",0.49,397.515238,,-0.5045,0.001,resolved,0x91956c8e85e2bfc5fe55223947e27819047390a108a4def41591533147cb160a,https://data.chain.link/streams/bnb-usd-twap-60s-streams,731.6568830117435,2026-09-12 07:01:25+00
btc-updown-15m-1789195500,BTC,"Bitcoin Up or Down - September 12, 2:45AM-3:00AM ET",2026-09-12T07:00:00Z,2026-09-12T06:45:00Z,77301.02876958228,Down,"[""0"", ""1""]",0.02,17299.987520000006,,-0.5045,0.001,resolved,0x82b7eea6b2843623b119323cd393c90a8ce35dedf44b0107b808d1086518bb20,https://data.chain.link/streams/btc-usd-twap-60s-streams,77278.67493196177,2026-09-12 07:01:27+00
doge-updown-15m-1789195500,DOGE,"Dogecoin Up or Down - September 12, 2:45AM-3:00AM ET",2026-09-12T07:00:00Z,2026-09-12T06:45:00Z,0.08450553121234852,Down,"[""0"", ""1""]",0.16,435.687983,,-0.4995,0.001,resolved,0x372d4e49caef3e7c2fbc4802d03bb4e699f621e8b5497c80064f7fdb52f41b9a,https://data.chain.link/streams/doge-usd-twap-60s-streams,0.08439228298370226,2026-09-12 07:01:27+00
eth-updown-15m-1789195500,ETH,"Ethereum Up or Down - September 12, 2:45AM-3:00AM ET",2026-09-12T07:00:00Z,2026-09-12T06:45:00Z,2517.498161955396,Up,"[""1"", ""0""]",0.999,5244.567708,,0.4945,0.001,resolved,0x540ee2f570c5e88c3dac9c7239f7707e1bbef8b00585b4a564a975f93a5f7eb9,https://data.chain.link/streams/eth-usd-twap-60s-streams,2518.992841056504,2026-09-12 07:01:27+00
hype-updown-15m-1789195500,HYPE,"Hyperliquid Up or Down - September 12, 2:45AM-3:00AM ET",2026-09-12T07:00:00Z,2026-09-12T06:45:00Z,78.83730945000002,Down,"[""0"", ""1""]",0.02,322.03477499999997,,-0.5045,0.001,resolved,0x3dcb3f60fe25f4241d9cad943b9320482455c1261852fe516c798b685635d542,https://data.chain.link/streams/hype-usd-twap-60s-streams,78.74114064575473,2026-09-12 07:01:34+00
sol-updown-15m-1789195500,SOL,"Solana Up or Down - September 12, 2:45AM-3:00AM ET",2026-09-12T07:00:00Z,2026-09-12T06:45:00Z,101.7620708568966,Down,"[""0"", ""1""]",0.02,1310.7186290000002,,-0.5045,0.001,resolved,0xb75aa5e8d5d0454bbfdae6da9ef5f92d9e450f91317d4b92e0d0dc141acb866b,https://data.chain.link/streams/sol-usd-twap-60s-streams,101.66852975015064,2026-09-12 07:01:27+00
xrp-updown-15m-1789195500,XRP,"XRP Up or Down - September 12, 2:45AM-3:00AM ET",2026-09-12T07:00:00Z,2026-09-12T06:45:00Z,1.3645832711680543,Down,"[""0"", ""1""]",0.03,1174.6465590000003,,-0.5045,0.001,resolved,0xc6928b2f7363863b653d4f210cf15042f99cede5ee3b9fb90eb13aea40c20c92,https://data.chain.link/streams/xrp-usd-twap-60s-streams,1.3627385355223245,2026-09-12 07:01:25+00
zec-updown-15m-1789195500,ZEC,"ZCash Up or Down - September 12, 2:45AM-3:00AM ET",2026-09-12T07:00:00Z,2026-09-12T06:45:00Z,1130.5002852549949,Up,"[""1"", ""0""]",0.52,108,,0.495,0.01,resolved,0x4eb1042585b3d99e50145d08a96ae6c2f7f92705091d56ef74cd98c5cbd8ddcc,https://data.chain.link/streams/zec-usd-twap-60s-streams,1131.3131776558341,2026-09-12 07:01:27+00
bnb-updown-15m-1789196400,BNB,"BNB Up or Down - September 12, 3:00AM-3:15AM ET",2026-09-12T07:15:00Z,2026-09-12T07:00:00Z,731.6568830117435,Up,"[""1"", ""0""]",0.999,185.91727,,0.4945,0.001,resolved,0x81b9720116943fc596867406f243275d0afc080fecbe03cb0d84ca8448827a76,https://data.chain.link/streams/bnb-usd-twap-60s-streams,732.8780133232955,2026-09-12 07:16:27+00
btc-updown-15m-1789196400,BTC,"Bitcoin Up or Down - September 12, 3:00AM-3:15AM ET",2026-09-12T07:15:00Z,2026-09-12T07:00:00Z,77278.67493196177,Up,"[""1"", ""0""]",0.999,14815.596306999994,2797.46,0.4945,0.001,resolved,0x691e77ce0dbc25ec1483cff7582f496f4f02bbb6ff3e3b00293698b3344282ae,https://data.chain.link/streams/btc-usd-twap-60s-streams,77323.77264558409,2026-09-12 07:16:27+00
doge-updown-15m-1789196400,DOGE,"Dogecoin Up or Down - September 12, 3:00AM-3:15AM ET",2026-09-12T07:15:00Z,2026-09-12T07:00:00Z,0.08439228298370226,Up,"[""1"", ""0""]",0.999,192.185688,,0.4995,0.001,resolved,0x1b242119dd8c0f1f40daebe6e36bf7ffa0f0b805b49ee66a525b0baca5fcdbdc,https://data.chain.link/streams/doge-usd-twap-60s-streams,0.08456871509129175,2026-09-12 07:16:27+00
eth-updown-15m-1789196400,ETH,"Ethereum Up or Down - September 12, 3:00AM-3:15AM ET",2026-09-12T07:15:00Z,2026-09-12T07:00:00Z,2518.992841056504,Up,"[""1"", ""0""]",0.998,4995.84778,26,0.5045,0.001,resolved,0xd648675576c66d1422332efd0aca3c69bbbb01a5ea64fac11f2d9a2badb73152,https://data.chain.link/streams/eth-usd-twap-60s-streams,2523.913047707186,2026-09-12 07:16:27+00
hype-updown-15m-1789196400,HYPE,"Hyperliquid Up or Down - September 12, 3:00AM-3:15AM ET",2026-09-12T07:15:00Z,2026-09-12T07:00:00Z,78.74114064575473,Up,"[""1"", ""0""]",0.999,204.389694,9.156863,0.4945,0.001,resolved,0x4471afd10bd603ecc6a8243d3002e610da015bdd523c657b738edb7454e3e56c,https://data.chain.link/streams/hype-usd-twap-60s-streams,78.91176887456557,2026-09-12 07:16:27+00
sol-updown-15m-1789196400,SOL,"Solana Up or Down - September 12, 3:00AM-3:15AM ET",2026-09-12T07:15:00Z,2026-09-12T07:00:00Z,101.66852975015064,Up,"[""1"", ""0""]",0.999,1216.420133,,0.4945,0.001,resolved,0x6be12bc0f197ab4b1eb5555290dca4a7193f0ebb273c36021c7c280a88161d7e,https://data.chain.link/streams/sol-usd-twap-60s-streams,101.76999017490019,2026-09-12 07:16:27+00
xrp-updown-15m-1789196400,XRP,"XRP Up or Down - September 12, 3:00AM-3:15AM ET",2026-09-12T07:15:00Z,2026-09-12T07:00:00Z,1.3627385355223245,Up,"[""1"", ""0""]",0.999,918.7058640000001,,0.4945,0.001,resolved,0xac2f4b1539c49625530b01ff40a7f1dc3241a271c5d2eaa00387fc0af52bf476,https://data.chain.link/streams/xrp-usd-twap-60s-streams,1.3647646282442416,2026-09-12 07:16:27+00
zec-updown-15m-1789196400,ZEC,"ZCash Up or Down - September 12, 3:00AM-3:15AM ET",2026-09-12T07:15:00Z,2026-09-12T07:00:00Z,1131.3131776558341,Up,"[""1"", ""0""]",0.52,100,,0.4995,0.001,resolved,0x183712d900e30d238240aa3868a253eb26bbdf5a12d26a1a04fdd162e3fc4c50,https://data.chain.link/streams/zec-usd-twap-60s-streams,1145.1825298209874,2026-09-12 07:16:27+00
bnb-updown-15m-1789197300,BNB,"BNB Up or Down - September 12, 3:15AM-3:30AM ET",2026-09-12T07:30:00Z,2026-09-12T07:15:00Z,732.8780133232955,Up,"[""1"", ""0""]",0.99,315.284745,,0.4945,0.001,resolved,0xee85777c9fef4141ed81a8c34cb33196352d250465e8b43218632b07cb840cf2,https://data.chain.link/streams/bnb-usd-twap-60s-streams,733.3993799915652,2026-09-12 07:30:52+00
btc-updown-15m-1789197300,BTC,"Bitcoin Up or Down - September 12, 3:15AM-3:30AM ET",2026-09-12T07:30:00Z,2026-09-12T07:15:00Z,77323.77264558409,Down,"[""0"", ""1""]",0.03,18139.704915000002,5,-0.5045,0.001,resolved,0x9914b5da9871f1198d903b612c765470cddb339d73847b908adf4bf75381e70b,https://data.chain.link/streams/btc-usd-twap-60s-streams,77291.7730121762,2026-09-12 07:30:54+00
doge-updown-15m-1789197300,DOGE,"Dogecoin Up or Down - September 12, 3:15AM-3:30AM ET",2026-09-12T07:30:00Z,2026-09-12T07:15:00Z,0.08456871509129175,Up,"[""1"", ""0""]",0.99,302.91157399999986,,0.495,0.01,resolved,0x70330630dce0f051ef281661873305c7bf0c3dba48e577af5135d9f83e8da772,https://data.chain.link/streams/doge-usd-twap-60s-streams,0.08459639736750166,2026-09-12 07:30:54+00
eth-updown-15m-1789197300,ETH,"Ethereum Up or Down - September 12, 3:15AM-3:30AM ET",2026-09-12T07:30:00Z,2026-09-12T07:15:00Z,2523.913047707186,Down,"[""0"", ""1""]",0.03,4458.542834,5,-0.49,0.01,resolved,0x4ce83efab704183f455d805d857ab6051be73b482b0f709f53d8d3f48ca537ed,https://data.chain.link/streams/eth-usd-twap-60s-streams,2522.9180784765367,2026-09-12 07:30:52+00
hype-updown-15m-1789197300,HYPE,"Hyperliquid Up or Down - September 12, 3:15AM-3:30AM ET",2026-09-12T07:30:00Z,2026-09-12T07:15:00Z,78.91176887456557,Up,"[""1"", ""0""]",0.99,353.871734,,0.49,0.01,resolved,0xa9af4d911126012adb6ba5ba71931bd28f6b944dfecd66e7e7c2de915e4d1f25,https://data.chain.link/streams/hype-usd-twap-60s-streams,78.97261717145356,2026-09-12 07:30:54+00
sol-updown-15m-1789197300,SOL,"Solana Up or Down - September 12, 3:15AM-3:30AM ET",2026-09-12T07:30:00Z,2026-09-12T07:15:00Z,101.76999017490019,Down,"[""0"", ""1""]",0.08,1455.5739529999998,,-0.5,0.01,resolved,0xd02dccf0b6b13e1c4ff8da203cd191ca82bc0985f98555f921921c4a5ac2c87f,https://data.chain.link/streams/sol-usd-twap-60s-streams,101.73143737655408,2026-09-12 07:30:54+00
xrp-updown-15m-1789197300,XRP,"XRP Up or Down - September 12, 3:15AM-3:30AM ET",2026-09-12T07:30:00Z,2026-09-12T07:15:00Z,1.3647646282442416,Up,"[""1"", ""0""]",0.999,710.531873,,0.4945,0.001,resolved,0x037d3ab63948a5ae0dad5150362fe828e2982a011050c6f2411576705cbe2582,https://data.chain.link/streams/xrp-usd-twap-60s-streams,1.3663847901481083,2026-09-12 07:30:54+00
zec-updown-15m-1789197300,ZEC,"ZCash Up or Down - September 12, 3:15AM-3:30AM ET",2026-09-12T07:30:00Z,2026-09-12T07:15:00Z,1145.1825298209874,Down,"[""0"", ""1""]",0.52,199.99039299999998,,-0.495,0.01,resolved,0x203597fd521a9dd8ccc4f9146172a2c9d09f910678705a556181f2013bd39476,https://data.chain.link/streams/zec-usd-twap-60s-streams,1144.818598325995,2026-09-12 07:30:54+00
bnb-updown-15m-1789198200,BNB,"BNB Up or Down - September 12, 3:30AM-3:45AM ET",2026-09-12T07:45:00Z,2026-09-12T07:30:00Z,733.3993799915652,Up,"[""1"", ""0""]",0.98,792.388135,,0.4995,0.001,resolved,0x698107925840ec4e2935817e030a5730a2b837ec9fafcce5ad27bc6be0b0536e,https://data.chain.link/streams/bnb-usd-twap-60s-streams,733.7294479279077,2026-09-12 07:46:27+00
btc-updown-15m-1789198200,BTC,"Bitcoin Up or Down - September 12, 3:30AM-3:45AM ET",2026-09-12T07:45:00Z,2026-09-12T07:30:00Z,77291.7730121762,Down,"[""0"", ""1""]",0.01,22459.172900000005,,-0.4945,0.001,resolved,0xd277731362cc59bbcab045df703cad5f53bacb4d36f033070dc9d04324820a56,https://data.chain.link/streams/btc-usd-twap-60s-streams,77264.89952638446,2026-09-12 07:46:25+00
doge-updown-15m-1789198200,DOGE,"Dogecoin Up or Down - September 12, 3:30AM-3:45AM ET",2026-09-12T07:45:00Z,2026-09-12T07:30:00Z,0.08459639736750166,Up,"[""1"", ""0""]",0.999,269.042767,,0.4995,0.001,resolved,0x72b0e218911fbf0296ae9316671aeca02c32050241f89713fff3c2ef78977765,https://data.chain.link/streams/doge-usd-twap-60s-streams,0.08465753007286651,2026-09-12 07:46:27+00
eth-updown-15m-1789198200,ETH,"Ethereum Up or Down - September 12, 3:30AM-3:45AM ET",2026-09-12T07:45:00Z,2026-09-12T07:30:00Z,2522.9180784765367,Down,"[""0"", ""1""]",0.01,3909.500092,5,-0.4945,0.001,resolved,0x6d3283505267791a57968f9dd79c1c2025da39dd616961d5c9d667d1ed3268ad,https://data.chain.link/streams/eth-usd-twap-60s-streams,2522.6001561351795,2026-09-12 07:46:27+00
hype-updown-15m-1789198200,HYPE,"Hyperliquid Up or Down - September 12, 3:30AM-3:45AM ET",2026-09-12T07:45:00Z,2026-09-12T07:30:00Z,78.97261717145356,Up,"[""1"", ""0""]",0.99,350.67987999999997,,0.4945,0.001,resolved,0xef394a0b16baad9a257110793586c5c4eaa02745f089662cb986510c73597e52,https://data.chain.link/streams/hype-usd-twap-60s-streams,79.05436212653625,2026-09-12 07:46:27+00
sol-updown-15m-1789198200,SOL,"Solana Up or Down - September 12, 3:30AM-3:45AM ET",2026-09-12T07:45:00Z,2026-09-12T07:30:00Z,101.73143737655408,Down,"[""0"", ""1""]",0.07,422.399951,,-0.4995,0.001,resolved,0xabe68e6a15dd09aff3075a49a559b44d650ff708d87e2e82a28c38a3a0020d66,https://data.chain.link/streams/sol-usd-twap-60s-streams,101.64734379276011,2026-09-12 07:46:27+00
xrp-updown-15m-1789198200,XRP,"XRP Up or Down - September 12, 3:30AM-3:45AM ET",2026-09-12T07:45:00Z,2026-09-12T07:30:00Z,1.3663847901481083,Up,"[""1"", ""0""]",0.99,764.6862459999999,,0.4945,0.001,resolved,0x12329ea582857ece030ff7221a237ea35f0075e66bf5e92c06f16921a5209fa3,https://data.chain.link/streams/xrp-usd-twap-60s-streams,1.3668489843316811,2026-09-12 07:46:27+00
zec-updown-15m-1789198200,ZEC,"ZCash Up or Down - September 12, 3:30AM-3:45AM ET",2026-09-12T07:45:00Z,2026-09-12T07:30:00Z,1144.818598325995,Up,"[""1"", ""0""]",0.7,160.171426,,0.495,0.01,resolved,0x67ad85e7426467fbff1e5d0b9eeb0cd04a3bef3c513eb788048a085070adbd37,https://data.chain.link/streams/zec-usd-twap-60s-streams,1146.6886737314906,2026-09-12 07:46:27+00
bnb-updown-15m-1789199100,BNB,"BNB Up or Down - September 12, 3:45AM-4:00AM ET",2026-09-12T08:00:00Z,2026-09-12T07:45:00Z,733.7294479279077,Down,"[""0"", ""1""]",0.27,745.2791520000001,,-0.5,0.01,resolved,0x02c71f66392d1cbf1370d2a1f5917454a38061dee4ce39cf6f67501ac71c4169,https://data.chain.link/streams/bnb-usd-twap-60s-streams,733.5695503398925,2026-09-12 08:01:27+00
btc-updown-15m-1789199100,BTC,"Bitcoin Up or Down - September 12, 3:45AM-4:00AM ET",2026-09-12T08:00:00Z,2026-09-12T07:45:00Z,77264.89952638446,Down,"[""0"", ""1""]",0.01,60777.94687300003,,-0.5,0.01,resolved,0xcd242a1c58156733c20e60e4af548c84b29d3cbe3965011bc986448ed47c4001,https://data.chain.link/streams/btc-usd-twap-60s-streams,77262.69032025184,2026-09-12 08:01:27+00
doge-updown-15m-1789199100,DOGE,"Dogecoin Up or Down - September 12, 3:45AM-4:00AM ET",2026-09-12T08:00:00Z,2026-09-12T07:45:00Z,0.08465753007286651,Up,"[""1"", ""0""]",0.999,346.048472,,0.4995,0.001,resolved,0x6a96de5e5bdd85326901f1521abe7d5806daf041b56acad3c533d2167f689969,https://data.chain.link/streams/doge-usd-twap-60s-streams,0.08477296122103588,2026-09-12 08:01:27+00
eth-updown-15m-1789199100,ETH,"Ethereum Up or Down - September 12, 3:45AM-4:00AM ET",2026-09-12T08:00:00Z,2026-09-12T07:45:00Z,2522.6001561351795,Up,"[""1"", ""0""]",0.999,4419.321337,,0.49,0.01,resolved,0xe88970b1e6d5aece0e84544cb3a991f4ef6c343df3a930e92a09a7b2be8ee2ca,https://data.chain.link/streams/eth-usd-twap-60s-streams,2523.323137335772,2026-09-12 08:01:27+00
hype-updown-15m-1789199100,HYPE,"Hyperliquid Up or Down - September 12, 3:45AM-4:00AM ET",2026-09-12T08:00:00Z,2026-09-12T07:45:00Z,79.05436212653625,Up,"[""1"", ""0""]",0.99,578.0921300000001,,0.49,0.01,resolved,0x4b0868b7f452215beee2645a72562e404ba180a4c2c8b5fed40f74789b47e623,https://data.chain.link/streams/hype-usd-twap-60s-streams,79.08466211381526,2026-09-12 08:01:27+00
sol-updown-15m-1789199100,SOL,"Solana Up or Down - September 12, 3:45AM-4:00AM ET",2026-09-12T08:00:00Z,2026-09-12T07:45:00Z,101.64734379276011,Up,"[""1"", ""0""]",0.99,1349.3628230000004,,0.49,0.01,resolved,0xdf1d92b69c0398b79bb63e04e56e43c410e26544ccea1b7cf1c7fb8d52f7effe,https://data.chain.link/streams/sol-usd-twap-60s-streams,101.6517058344648,2026-09-12 08:01:27+00
xrp-updown-15m-1789199100,XRP,"XRP Up or Down - September 12, 3:45AM-4:00AM ET",2026-09-12T08:00:00Z,2026-09-12T07:45:00Z,1.3668489843316811,Up,"[""1"", ""0""]",0.999,862.840293,,0.4945,0.001,resolved,0xcf8c5d9157aab6244cc19ea5633d252d9da36483d7c27510dfc2ecb6a4d75196,https://data.chain.link/streams/xrp-usd-twap-60s-streams,1.3695052667678869,2026-09-12 08:01:27+00
zec-updown-15m-1789199100,ZEC,"ZCash Up or Down - September 12, 3:45AM-4:00AM ET",2026-09-12T08:00:00Z,2026-09-12T07:45:00Z,1146.6886737314906,Up,"[""1"", ""0""]",0.999,197,,0.495,0.01,resolved,0xca027bb6c2354ccd5857a89db3358b1c59b55b6b559d864e5e50cf5fc597cae0,https://data.chain.link/streams/zec-usd-twap-60s-streams,1149.8807926636496,2026-09-12 08:01:27+00
bnb-updown-15m-1789200000,BNB,"BNB Up or Down - September 12, 4:00AM-4:15AM ET",2026-09-12T08:15:00Z,2026-09-12T08:00:00Z,733.5695503398925,Up,"[""1"", ""0""]",0.99,380.93590700000004,,0.49,0.01,resolved,0xfc334931ec642b94c3029c34921647b247725a823eae31a3311b9bce6b4fe537,https://data.chain.link/streams/bnb-usd-twap-60s-streams,733.6809488872407,2026-09-12 08:16:27+00
btc-updown-15m-1789200000,BTC,"Bitcoin Up or Down - September 12, 4:00AM-4:15AM ET",2026-09-12T08:15:00Z,2026-09-12T08:00:00Z,77262.69032025184,Down,"[""0"", ""1""]",0.001,88723.68275099999,2793.17,-0.5045,0.001,resolved,0x0b597d837ecc4f5f3108bd1e22e7ec71acc35aae8e0335c629456ea8a48a7590,https://data.chain.link/streams/btc-usd-twap-60s-streams,77262.68783445918,2026-09-12 08:16:27+00
doge-updown-15m-1789200000,DOGE,"Dogecoin Up or Down - September 12, 4:00AM-4:15AM ET",2026-09-12T08:15:00Z,2026-09-12T08:00:00Z,0.08477296122103588,Down,"[""0"", ""1""]",0.14,569.0931740000001,,-0.4995,0.001,resolved,0x036e73b123851e9b1b849d0c8ae6d79e5ebcf6963b302b0ffa142b08106ea663,https://data.chain.link/streams/doge-usd-twap-60s-streams,0.08468573086899615,2026-09-12 08:16:27+00
eth-updown-15m-1789200000,ETH,"Ethereum Up or Down - September 12, 4:00AM-4:15AM ET",2026-09-12T08:15:00Z,2026-09-12T08:00:00Z,2523.323137335772,Up,"[""1"", ""0""]",0.999,5577.951182000001,5,0.5045,0.001,resolved,0x41958aae4ee097592becc7b0dc48cc87bf3fdfec11238f6ede3874a3a7e02090,https://data.chain.link/streams/eth-usd-twap-60s-streams,2524.868674701572,2026-09-12 08:16:27+00
hype-updown-15m-1789200000,HYPE,"Hyperliquid Up or Down - September 12, 4:00AM-4:15AM ET",2026-09-12T08:15:00Z,2026-09-12T08:00:00Z,79.08466211381526,Down,"[""0"", ""1""]",0.17,423.09598400000004,,-0.5045,0.001,resolved,0xfa5cd50afe4b370f04927be170054e420c4379a837a0bc4c7c6d457d2d67c25f,https://data.chain.link/streams/hype-usd-twap-60s-streams,79.0628199156106,2026-09-12 08:16:27+00
sol-updown-15m-1789200000,SOL,"Solana Up or Down - September 12, 4:00AM-4:15AM ET",2026-09-12T08:15:00Z,2026-09-12T08:00:00Z,101.6517058344648,Down,"[""0"", ""1""]",0.04,1527.760248,,-0.5045,0.001,resolved,0x7a86098d7e38888828d9388c822242be908edbd5a6cc38ec8c621353a3915100,https://data.chain.link/streams/sol-usd-twap-60s-streams,101.59388035046048,2026-09-12 08:16:27+00
xrp-updown-15m-1789200000,XRP,"XRP Up or Down - September 12, 4:00AM-4:15AM ET",2026-09-12T08:15:00Z,2026-09-12T08:00:00Z,1.3695052667678869,Down,"[""0"", ""1""]",0.01,1726.0904409999996,,-0.5045,0.001,resolved,0xcb20f41db349f327b498fd7eab73f0f4f2f339e1a9d910a0dd89b38a70672bdf,https://data.chain.link/streams/xrp-usd-twap-60s-streams,1.366205845149884,2026-09-12 08:16:27+00
zec-updown-15m-1789200000,ZEC,"ZCash Up or Down - September 12, 4:00AM-4:15AM ET",2026-09-12T08:15:00Z,2026-09-12T08:00:00Z,1149.8807926636496,Down,"[""0"", ""1""]",,129.14655,,-0.495,0.01,resolved,0xa99ce2650d9613fd97eeeb9e9787ce4de17960a8c3575ed81e1e9fdf7ac28fe3,https://data.chain.link/streams/zec-usd-twap-60s-streams,1147.070740091366,2026-09-12 08:16:27+00
bnb-updown-15m-1789200900,BNB,"BNB Up or Down - September 12, 4:15AM-4:30AM ET",2026-09-12T08:30:00Z,2026-09-12T08:15:00Z,733.6809488872407,Down,"[""0"", ""1""]",0.16,382.73972899999995,,-0.5,0.01,resolved,0x0310ac54c823d1f58be7192c86d25e1b9d93869e86434ab1ac3e5d83d5a80fb2,https://data.chain.link/streams/bnb-usd-twap-60s-streams,733.2291597461425,2026-09-12 08:30:54+00
btc-updown-15m-1789200900,BTC,"Bitcoin Up or Down - September 12, 4:15AM-4:30AM ET",2026-09-12T08:30:00Z,2026-09-12T08:15:00Z,77262.68783445918,Up,"[""1"", ""0""]",0.99,20787.665856999996,29.078432,0.49,0.01,resolved,0x03f8a817f1fd892ab351f7a01971991c7408e7f7797f9c1c6c2adb8fc27ba854,https://data.chain.link/streams/btc-usd-twap-60s-streams,77285.50400309612,2026-09-12 08:30:54+00
doge-updown-15m-1789200900,DOGE,"Dogecoin Up or Down - September 12, 4:15AM-4:30AM ET",2026-09-12T08:30:00Z,2026-09-12T08:15:00Z,0.08468573086899615,Down,"[""0"", ""1""]",0.77,470.67528699999997,,-0.495,0.01,resolved,0x0b350044772b2a21d3523dfb760c1ff9fa5f3bb136625c57f56824b5eb3b31c6,https://data.chain.link/streams/doge-usd-twap-60s-streams,0.08467343199526667,2026-09-12 08:30:54+00
eth-updown-15m-1789200900,ETH,"Ethereum Up or Down - September 12, 4:15AM-4:30AM ET",2026-09-12T08:30:00Z,2026-09-12T08:15:00Z,2524.868674701572,Up,"[""1"", ""0""]",0.999,3112.8833449999993,5,0.4945,0.001,resolved,0x0e1436394aeaf4c5029eb7df0f771d13a5d6ed57db74070a137812c953fb0c53,https://data.chain.link/streams/eth-usd-twap-60s-streams,2528.230467176326,2026-09-12 08:30:54+00
hype-updown-15m-1789200900,HYPE,"Hyperliquid Up or Down - September 12, 4:15AM-4:30AM ET",2026-09-12T08:30:00Z,2026-09-12T08:15:00Z,79.0628199156106,Up,"[""1"", ""0""]",0.99,419.947896,,0.49,0.01,resolved,0x7f01540598bed35a7a4492f459198af00925b1c4a672cd0400e535110bd3e898,https://data.chain.link/streams/hype-usd-twap-60s-streams,79.13898954860367,2026-09-12 08:30:54+00
sol-updown-15m-1789200900,SOL,"Solana Up or Down - September 12, 4:15AM-4:30AM ET",2026-09-12T08:30:00Z,2026-09-12T08:15:00Z,101.59388035046048,Up,"[""1"", ""0""]",0.99,803.93185,,0.49,0.01,resolved,0x69cfeeddca9328cce2f46358e250d55c2410e905c10a37a155c7b868e2f20032,https://data.chain.link/streams/sol-usd-twap-60s-streams,101.66347400730078,2026-09-12 08:30:54+00
xrp-updown-15m-1789200900,XRP,"XRP Up or Down - September 12, 4:15AM-4:30AM ET",2026-09-12T08:30:00Z,2026-09-12T08:15:00Z,1.366205845149884,Down,"[""0"", ""1""]",0.08,1207.3465009999998,,-0.5,0.01,resolved,0xeab9855c06ee504bb168482908f1fea6f43279389fa58de339ea2dab4da37ee4,https://data.chain.link/streams/xrp-usd-twap-60s-streams,1.3656399818403864,2026-09-12 08:30:52+00
zec-updown-15m-1789200900,ZEC,"ZCash Up or Down - September 12, 4:15AM-4:30AM ET",2026-09-12T08:30:00Z,2026-09-12T08:15:00Z,1147.070740091366,Up,"[""1"", ""0""]",0.7,568.881736,,0.495,0.01,resolved,0xc5a5dc19dbeb6b9ad787d97147ce764c9da66cf8206df084c1d3689234820f0b,https://data.chain.link/streams/zec-usd-twap-60s-streams,1147.3743399863556,2026-09-12 08:30:52+00
bnb-updown-15m-1789201800,BNB,"BNB Up or Down - September 12, 4:30AM-4:45AM ET",2026-09-12T08:45:00Z,2026-09-12T08:30:00Z,733.2291597461425,Up,"[""1"", ""0""]",0.999,449.98273300000005,,0.4945,0.001,resolved,0x3501fe84d0148362a81d70133f1dc3534ce229ccc65ad2c50e0be6053aaf8f2b,https://data.chain.link/streams/bnb-usd-twap-60s-streams,734.2113858385272,2026-09-12 08:45:54+00
btc-updown-15m-1789201800,BTC,"Bitcoin Up or Down - September 12, 4:30AM-4:45AM ET",2026-09-12T08:45:00Z,2026-09-12T08:30:00Z,77285.50400309612,Up,"[""1"", ""0""]",0.999,11015.829955000003,5,0.4945,0.001,resolved,0x48ee9b2db75ce94897e5d525fb00cccfa978712de59f950c257321cd8115bf58,https://data.chain.link/streams/btc-usd-twap-60s-streams,77331.60638713166,2026-09-12 08:45:54+00
doge-updown-15m-1789201800,DOGE,"Dogecoin Up or Down - September 12, 4:30AM-4:45AM ET",2026-09-12T08:45:00Z,2026-09-12T08:30:00Z,0.08467343199526667,Up,"[""1"", ""0""]",0.99,321.13431399999996,,0.4995,0.001,resolved,0x58e1171f692255aeb40a6caf7adc87a16f6817ff85a8b53b062464313d90c7d9,https://data.chain.link/streams/doge-usd-twap-60s-streams,0.08472706503526498,2026-09-12 08:45:54+00
eth-updown-15m-1789201800,ETH,"Ethereum Up or Down - September 12, 4:30AM-4:45AM ET",2026-09-12T08:45:00Z,2026-09-12T08:30:00Z,2528.230467176326,Up,"[""1"", ""0""]",0.999,5421.568537000001,5,0.5045,0.001,resolved,0x310b5e483f5801cd7a68673e6dac51d4f17afa8aec60e3c42e3f03eeb3e67987,https://data.chain.link/streams/eth-usd-twap-60s-streams,2532.0314189733454,2026-09-12 08:45:54+00
hype-updown-15m-1789201800,HYPE,"Hyperliquid Up or Down - September 12, 4:30AM-4:45AM ET",2026-09-12T08:45:00Z,2026-09-12T08:30:00Z,79.13898954860367,Up,"[""1"", ""0""]",0.999,276.671594,,0.4935,0.001,resolved,0xb8233f40c399582654bf84ab7e1a4eea1374f16d161085888efbd21980de298d,https://data.chain.link/streams/hype-usd-twap-60s-streams,79.31580282522101,2026-09-12 08:45:54+00
sol-updown-15m-1789201800,SOL,"Solana Up or Down - September 12, 4:30AM-4:45AM ET",2026-09-12T08:45:00Z,2026-09-12T08:30:00Z,101.66347400730078,Up,"[""1"", ""0""]",0.99,1568.9831599999998,,0.4945,0.001,resolved,0x58b4627484f7be2e56c03f34a01b2916868094373eacd3b8d82eef03832e1e0a,https://data.chain.link/streams/sol-usd-twap-60s-streams,101.77423184049383,2026-09-12 08:45:54+00
xrp-updown-15m-1789201800,XRP,"XRP Up or Down - September 12, 4:30AM-4:45AM ET",2026-09-12T08:45:00Z,2026-09-12T08:30:00Z,1.3656399818403864,Up,"[""1"", ""0""]",0.99,697.942559,,0.49,0.01,resolved,0x889ee3df3df5e719dcd7f091e511ba38a0be8986c47fe0b17f51aa72c60a98b2,https://data.chain.link/streams/xrp-usd-twap-60s-streams,1.366440258144207,2026-09-12 08:45:54+00
zec-updown-15m-1789201800,ZEC,"ZCash Up or Down - September 12, 4:30AM-4:45AM ET",2026-09-12T08:45:00Z,2026-09-12T08:30:00Z,1147.3743399863556,Up,"[""1"", ""0""]",0.52,425.56596500000006,,0.495,0.01,resolved,0xfbda6e68f0b927e405521cafe6f630f87414239e44c6d22432d004c83419954f,https://data.chain.link/streams/zec-usd-twap-60s-streams,1148.8820767749191,2026-09-12 08:45:54+00
bnb-updown-15m-1789202700,BNB,"BNB Up or Down - September 12, 4:45AM-5:00AM ET",2026-09-12T09:00:00Z,2026-09-12T08:45:00Z,734.2113858385272,Up,"[""1"", ""0""]",0.99,302.619488,,0.4945,0.001,resolved,0xa290eeb09a9320e76acae7ebd1fb83cbb272426ad8a55f6d54265e330519b415,https://data.chain.link/streams/bnb-usd-twap-60s-streams,734.6937882211935,2026-09-12 09:01:03+00
btc-updown-15m-1789202700,BTC,"Bitcoin Up or Down - September 12, 4:45AM-5:00AM ET",2026-09-12T09:00:00Z,2026-09-12T08:45:00Z,77331.60638713166,Up,"[""1"", ""0""]",0.99,38272.186794000016,,0.49,0.01,resolved,0x3b20b7aabf690b0bead188ea2ea3005ccce21eb7554282b590a4c7487bb863d2,https://data.chain.link/streams/btc-usd-twap-60s-streams,77340.70332831267,2026-09-12 09:01:01+00
doge-updown-15m-1789202700,DOGE,"Dogecoin Up or Down - September 12, 4:45AM-5:00AM ET",2026-09-12T09:00:00Z,2026-09-12T08:45:00Z,0.08472706503526498,Up,"[""1"", ""0""]",0.99,302.672701,,0.495,0.01,resolved,0x27ff51210cd41b76faddc39563e9bf02847317726dfce8f816a1934adb560eb9,https://data.chain.link/streams/doge-usd-twap-60s-streams,0.0847659874646406,2026-09-12 09:00:54+00
eth-updown-15m-1789202700,ETH,"Ethereum Up or Down - September 12, 4:45AM-5:00AM ET",2026-09-12T09:00:00Z,2026-09-12T08:45:00Z,2532.0314189733454,Up,"[""1"", ""0""]",0.99,7877.401185000001,,0.49,0.01,resolved,0x9fd1b54c07b47856f09b0a8c2bf19d6c26b49bf3db96922db873d45900164c41,https://data.chain.link/streams/eth-usd-twap-60s-streams,2532.696317139334,2026-09-12 09:00:55+00
hype-updown-15m-1789202700,HYPE,"Hyperliquid Up or Down - September 12, 4:45AM-5:00AM ET",2026-09-12T09:00:00Z,2026-09-12T08:45:00Z,79.31580282522101,Up,"[""1"", ""0""]",0.99,332.773774,,0.49,0.01,resolved,0x4d2b09d514fb732a82ffa3e9ce3d11859a06c11e4fca06fa36a52c847f60eb17,https://data.chain.link/streams/hype-usd-twap-60s-streams,79.38351369051911,2026-09-12 09:00:54+00
sol-updown-15m-1789202700,SOL,"Solana Up or Down - September 12, 4:45AM-5:00AM ET",2026-09-12T09:00:00Z,2026-09-12T08:45:00Z,101.77423184049383,Up,"[""1"", ""0""]",0.99,1247.3145269999998,,0.49,0.01,resolved,0x8c24342eaf595f25da7bf09107d9829d2523ec2b2baf06c17b3e02e6bf924c15,https://data.chain.link/streams/sol-usd-twap-60s-streams,101.78621990383525,2026-09-12 09:00:54+00
xrp-updown-15m-1789202700,XRP,"XRP Up or Down - September 12, 4:45AM-5:00AM ET",2026-09-12T09:00:00Z,2026-09-12T08:45:00Z,1.366440258144207,Down,"[""0"", ""1""]",0.13,800.5316100000001,,-0.5,0.01,resolved,0x23d4cd9ab3f3574ec8ae0047f84173125508cc74aad0d1dd0172c0d9852e582b,https://data.chain.link/streams/xrp-usd-twap-60s-streams,1.3662549771502697,2026-09-12 09:00:54+00
zec-updown-15m-1789202700,ZEC,"ZCash Up or Down - September 12, 4:45AM-5:00AM ET",2026-09-12T09:00:00Z,2026-09-12T08:45:00Z,1148.8820767749191,Up,"[""1"", ""0""]",0.7,155.086154,,0.495,0.01,resolved,0xb8d2241b003d0749a32c1919e828bd028c193d71dcbc8fde092b8a88d186a748,https://data.chain.link/streams/zec-usd-twap-60s-streams,1151.3927483412187,2026-09-12 09:00:54+00
bnb-updown-15m-1789203600,BNB,"BNB Up or Down - September 12, 5:00AM-5:15AM ET",2026-09-12T09:15:00Z,2026-09-12T09:00:00Z,734.6937882211935,Up,"[""1"", ""0""]",0.97,1347.534427,,0.49,0.01,resolved,0xd71cda71fe3281d2db10c71d8b454fa449f26ad0096967f363a259c9372ae20a,https://data.chain.link/streams/bnb-usd-twap-60s-streams,735.0938334250407,2026-09-12 09:15:54+00
btc-updown-15m-1789203600,BTC,"Bitcoin Up or Down - September 12, 5:00AM-5:15AM ET",2026-09-12T09:15:00Z,2026-09-12T09:00:00Z,77340.70332831267,Up,"[""1"", ""0""]",0.99,41538.431751,2822.361961,0.49,0.01,resolved,0x6e6a940c66f5b486184260e023fa8181b124c7351b43bf64381d44bc3360636d,https://data.chain.link/streams/btc-usd-twap-60s-streams,77343.31031998064,2026-09-12 09:15:54+00
doge-updown-15m-1789203600,DOGE,"Dogecoin Up or Down - September 12, 5:00AM-5:15AM ET",2026-09-12T09:15:00Z,2026-09-12T09:00:00Z,0.0847659874646406,Up,"[""1"", ""0""]",0.999,539.004353,,0.4995,0.001,resolved,0xafc0350ef562cf635247095bf2462a3cb7dde2eb2321cc1a6cb5f554d4e1ca96,https://data.chain.link/streams/doge-usd-twap-60s-streams,0.08488737563254957,2026-09-12 09:15:54+00
eth-updown-15m-1789203600,ETH,"Ethereum Up or Down - September 12, 5:00AM-5:15AM ET",2026-09-12T09:15:00Z,2026-09-12T09:00:00Z,2532.696317139334,Up,"[""1"", ""0""]",0.999,8497.424405000003,177.45,0.5045,0.001,resolved,0x09c63b5aa015356c6e8fc02a2b0636d0db1c8d4e3a779526071d581bbd070efd,https://data.chain.link/streams/eth-usd-twap-60s-streams,2534.047766684445,2026-09-12 09:15:54+00
hype-updown-15m-1789203600,HYPE,"Hyperliquid Up or Down - September 12, 5:00AM-5:15AM ET",2026-09-12T09:15:00Z,2026-09-12T09:00:00Z,79.38351369051911,Up,"[""1"", ""0""]",0.99,305.643937,,0.31,0.33,resolved,0xd49eef720c4046f04e2098f056c8976215a728a55fd6955b4ac3928c0203a6ff,https://data.chain.link/streams/hype-usd-twap-60s-streams,79.39963575805393,2026-09-12 09:15:54+00
sol-updown-15m-1789203600,SOL,"Solana Up or Down - September 12, 5:00AM-5:15AM ET",2026-09-12T09:15:00Z,2026-09-12T09:00:00Z,101.78621990383525,Up,"[""1"", ""0""]",0.99,1168.5900789999998,,0.4945,0.001,resolved,0x87ecbe797b1a40a418281e8f7d8fca9104095ca50cab5b9c476ee9d79f202d4b,https://data.chain.link/streams/sol-usd-twap-60s-streams,101.91853399411164,2026-09-12 09:15:54+00
xrp-updown-15m-1789203600,XRP,"XRP Up or Down - September 12, 5:00AM-5:15AM ET",2026-09-12T09:15:00Z,2026-09-12T09:00:00Z,1.3662549771502697,Up,"[""1"", ""0""]",0.99,1237.577905,,0.4945,0.001,resolved,0x53c9ec02c972dabc3e21f0709c64af8a1737dfa3b7a857cdac6df9bf56d0a09b,https://data.chain.link/streams/xrp-usd-twap-60s-streams,1.368408823480499,2026-09-12 09:15:54+00
zec-updown-15m-1789203600,ZEC,"ZCash Up or Down - September 12, 5:00AM-5:15AM ET",2026-09-12T09:15:00Z,2026-09-12T09:00:00Z,1151.3927483412187,Down,"[""0"", ""1""]",0.52,225.61221,,-0.39,0.22,resolved,0x0548f60e5baa1dbe8619d81bd3f5bde13e20fc0680da31be48f011a8787caa33,https://data.chain.link/streams/zec-usd-twap-60s-streams,1150.2023513324198,2026-09-12 09:15:54+00
bnb-updown-15m-1789204500,BNB,"BNB Up or Down - September 12, 5:15AM-5:30AM ET",2026-09-12T09:30:00Z,2026-09-12T09:15:00Z,735.0938334250407,Down,"[""0"", ""1""]",0.17,680.5291960000001,,-0.5,0.01,resolved,0xbd887ca76fc6778d578b243264924f203722b53dfdbe6fa3aa1770ebab3b84d7,https://data.chain.link/streams/bnb-usd-twap-60s-streams,735.0347219256063,2026-09-12 09:31:01+00
btc-updown-15m-1789204500,BTC,"Bitcoin Up or Down - September 12, 5:15AM-5:30AM ET",2026-09-12T09:30:00Z,2026-09-12T09:15:00Z,77343.31031998064,Down,"[""0"", ""1""]",0.01,36231.71415999999,5,-0.5,0.01,resolved,0xaea4cfacc5833df1b5b576fd528a6d883978755bb0ec1d81e5eec5968d7374db,https://data.chain.link/streams/btc-usd-twap-60s-streams,77337.42619585113,2026-09-12 09:30:54+00
doge-updown-15m-1789204500,DOGE,"Dogecoin Up or Down - September 12, 5:15AM-5:30AM ET",2026-09-12T09:30:00Z,2026-09-12T09:15:00Z,0.08488737563254957,Down,"[""0"", ""1""]",0.01,1007.710254,,-0.495,0.01,resolved,0x67b41c1e6a35db8fe9bab2dde22fcbad7206ae3ca15bc71eda7d5cc720a0514e,https://data.chain.link/streams/doge-usd-twap-60s-streams,0.08485357542432644,2026-09-12 09:30:54+00
eth-updown-15m-1789204500,ETH,"Ethereum Up or Down - September 12, 5:15AM-5:30AM ET",2026-09-12T09:30:00Z,2026-09-12T09:15:00Z,2534.047766684445,Up,"[""1"", ""0""]",0.999,7898.084985000001,,0.4995,0.001,resolved,0xd5ae7da46febba0f44a8dcec7599ce31d58502bc9f324bf95e20ecb7de64f11e,https://data.chain.link/streams/eth-usd-twap-60s-streams,2534.579315935434,2026-09-12 09:31:01+00
hype-updown-15m-1789204500,HYPE,"Hyperliquid Up or Down - September 12, 5:15AM-5:30AM ET",2026-09-12T09:30:00Z,2026-09-12T09:15:00Z,79.39963575805393,Down,"[""0"", ""1""]",0.7,624.26815,,-0.495,0.01,resolved,0x37365ccf7c8ac9087b1ff63b17389ab40d8e57d70197e010504162d9f3b7482a,https://data.chain.link/streams/hype-usd-twap-60s-streams,79.31157652370412,2026-09-12 09:30:52+00
sol-updown-15m-1789204500,SOL,"Solana Up or Down - September 12, 5:15AM-5:30AM ET",2026-09-12T09:30:00Z,2026-09-12T09:15:00Z,101.91853399411164,Up,"[""1"", ""0""]",0.999,2514.5393340000005,,0.4995,0.001,resolved,0x9ec61a256a25666f87ba331195c48ed5fbddc555fc2bbeda7bf8d0a26f0e1e0b,https://data.chain.link/streams/sol-usd-twap-60s-streams,102.00015145356943,2026-09-12 09:30:54+00
xrp-updown-15m-1789204500,XRP,"XRP Up or Down - September 12, 5:15AM-5:30AM ET",2026-09-12T09:30:00Z,2026-09-12T09:15:00Z,1.368408823480499,Up,"[""1"", ""0""]",0.999,1710.197288,,0.4945,0.001,resolved,0xe6b98b6a0d0e11690eaf2ee65c429e74709a97496534b47b8501577af04c360b,https://data.chain.link/streams/xrp-usd-twap-60s-streams,1.3685102514993341,2026-09-12 09:30:54+00
zec-updown-15m-1789204500,ZEC,"ZCash Up or Down - September 12, 5:15AM-5:30AM ET",2026-09-12T09:30:00Z,2026-09-12T09:15:00Z,1150.2023513324198,Up,"[""1"", ""0""]",0.7,150,,0.495,0.01,resolved,0xecd862538e85b1a2de6de47b0645135c650d379799d49c5abec01b94c15acab2,https://data.chain.link/streams/zec-usd-twap-60s-streams,1153.7506889354388,2026-09-12 09:30:54+00
bnb-updown-15m-1789205400,BNB,"BNB Up or Down - September 12, 5:30AM-5:45AM ET",2026-09-12T09:45:00Z,2026-09-12T09:30:00Z,735.0347219256063,Down,"[""0"", ""1""]",0.11,378.05211,,-0.5,0.01,resolved,0xeaebe9e74360c36e0eb636e07c3e857366f73b26693608165afd413ee322fd98,https://data.chain.link/streams/bnb-usd-twap-60s-streams,734.889873691979,2026-09-12 09:45:54+00
btc-updown-15m-1789205400,BTC,"Bitcoin Up or Down - September 12, 5:30AM-5:45AM ET",2026-09-12T09:45:00Z,2026-09-12T09:30:00Z,77337.42619585113,Down,"[""0"", ""1""]",0.01,99604.18571699999,5,-0.5045,0.001,resolved,0x9e3aba867c845fc0abb984dba499db88506194180d4fb31883e3a0c1eb3977b8,https://data.chain.link/streams/btc-usd-twap-60s-streams,77321.09743419923,2026-09-12 09:45:54+00
doge-updown-15m-1789205400,DOGE,"Dogecoin Up or Down - September 12, 5:30AM-5:45AM ET",2026-09-12T09:45:00Z,2026-09-12T09:30:00Z,0.08485357542432644,Down,"[""0"", ""1""]",0.39,694.2801850000001,,-0.495,0.01,resolved,0x4fdd70bdc4d1b3618e66f7846ea463c866a8dcc1afe09e04d814d5af92d6533d,https://data.chain.link/streams/doge-usd-twap-60s-streams,0.0848043799986085,2026-09-12 09:45:54+00
eth-updown-15m-1789205400,ETH,"Ethereum Up or Down - September 12, 5:30AM-5:45AM ET",2026-09-12T09:45:00Z,2026-09-12T09:30:00Z,2534.579315935434,Down,"[""0"", ""1""]",0.24,8163.540600000003,5,-0.4945,0.001,resolved,0x0997ae14535ade72ff88a83c478091eed681596e59d6c13886127104b446f8af,https://data.chain.link/streams/eth-usd-twap-60s-streams,2531.6844395998883,2026-09-12 09:45:52+00
hype-updown-15m-1789205400,HYPE,"Hyperliquid Up or Down - September 12, 5:30AM-5:45AM ET",2026-09-12T09:45:00Z,2026-09-12T09:30:00Z,79.31157652370412,Up,"[""1"", ""0""]",0.99,353.454155,,0.49,0.01,resolved,0x863a9dfec48beb35d27eac33977729de0d4c21e3fe09a9687ccd1394b78a59d6,https://data.chain.link/streams/hype-usd-twap-60s-streams,79.34095153455672,2026-09-12 09:45:54+00
sol-updown-15m-1789205400,SOL,"Solana Up or Down - September 12, 5:30AM-5:45AM ET",2026-09-12T09:45:00Z,2026-09-12T09:30:00Z,102.00015145356943,Down,"[""0"", ""1""]",0.021,2665.011934999999,,-0.5045,0.001,resolved,0x282bb76d4447d2598e3c7d4255bcf7a7d5e68d33d245ee8e84814c5a00e8c3bc,https://data.chain.link/streams/sol-usd-twap-60s-streams,101.99677189508768,2026-09-12 09:45:54+00
xrp-updown-15m-1789205400,XRP,"XRP Up or Down - September 12, 5:30AM-5:45AM ET",2026-09-12T09:45:00Z,2026-09-12T09:30:00Z,1.3685102514993341,Down,"[""0"", ""1""]",0.14,1509.6651140000001,,-0.5,0.01,resolved,0x1bfc51357bd409cd1c5b9294ff8df7e050274545c4b9de991513d2f72e7df6ad,https://data.chain.link/streams/xrp-usd-twap-60s-streams,1.3679701991077198,2026-09-12 09:45:54+00
zec-updown-15m-1789205400,ZEC,"ZCash Up or Down - September 12, 5:30AM-5:45AM ET",2026-09-12T09:45:00Z,2026-09-12T09:30:00Z,1153.7506889354388,Down,"[""0"", ""1""]",,99.99804,,-0.4995,0.001,resolved,0xa46aae39b3a91883510c5ce01884065bc36f7ba633481116c650a18bda4e797c,https://data.chain.link/streams/zec-usd-twap-60s-streams,1148.297097207249,2026-09-12 09:45:52+00
bnb-updown-15m-1789206300,BNB,"BNB Up or Down - September 12, 5:45AM-6:00AM ET",2026-09-12T10:00:00Z,2026-09-12T09:45:00Z,734.889873691979,Up,"[""1"", ""0""]",0.99,515.824554,,0.49,0.01,resolved,0x8638a37d7c0cf8b8da2288fbd3842a4087551b688cac3a14f1b63afa443d4dc4,https://data.chain.link/streams/bnb-usd-twap-60s-streams,735.1054981560288,2026-09-12 10:00:52+00
btc-updown-15m-1789206300,BTC,"Bitcoin Up or Down - September 12, 5:45AM-6:00AM ET",2026-09-12T10:00:00Z,2026-09-12T09:45:00Z,77321.09743419923,Up,"[""1"", ""0""]",0.99,17030.726138000005,,0.49,0.01,resolved,0xd2b0448fc1ff4c97b87bba16417a8903d30209aaaaceeb8a7ea526a2d23d896c,https://data.chain.link/streams/btc-usd-twap-60s-streams,77330.11381786781,2026-09-12 10:00:54+00
doge-updown-15m-1789206300,DOGE,"Dogecoin Up or Down - September 12, 5:45AM-6:00AM ET",2026-09-12T10:00:00Z,2026-09-12T09:45:00Z,0.0848043799986085,Up,"[""1"", ""0""]",0.99,650.3442600000001,,0.4995,0.001,resolved,0x300f10a92dc0f1805ac90a61ff2921483f626175546802765cdfb43fe7c4ebda,https://data.chain.link/streams/doge-usd-twap-60s-streams,0.08493093198281482,2026-09-12 10:00:54+00
eth-updown-15m-1789206300,ETH,"Ethereum Up or Down - September 12, 5:45AM-6:00AM ET",2026-09-12T10:00:00Z,2026-09-12T09:45:00Z,2531.6844395998883,Down,"[""0"", ""1""]",0.045,4089.5621649999985,,-0.4945,0.001,resolved,0xe6c7f49b0c97eb1447a1caa3138ad14da488c1e6105c990621b9a2c2bb3b0ab2,https://data.chain.link/streams/eth-usd-twap-60s-streams,2530.3604140900934,2026-09-12 10:00:54+00
hype-updown-15m-1789206300,HYPE,"Hyperliquid Up or Down - September 12, 5:45AM-6:00AM ET",2026-09-12T10:00:00Z,2026-09-12T09:45:00Z,79.34095153455672,Up,"[""1"", ""0""]",0.99,382.027636,,0.49,0.01,resolved,0xa74d9034f4ff1bbda6064f02ce23cd5a69345f3c35f4f030cf6eab6949e971ec,https://data.chain.link/streams/hype-usd-twap-60s-streams,79.47788559592529,2026-09-12 10:00:54+00
sol-updown-15m-1789206300,SOL,"Solana Up or Down - September 12, 5:45AM-6:00AM ET",2026-09-12T10:00:00Z,2026-09-12T09:45:00Z,101.99677189508768,Down,"[""0"", ""1""]",0.58,1760.3223630000002,,-0.5,0.01,resolved,0x155d23323de4d68745193a5dfb453f6ac94844f4bf889d775d84b375e48478a8,https://data.chain.link/streams/sol-usd-twap-60s-streams,101.99477888868424,2026-09-12 10:00:54+00
xrp-updown-15m-1789206300,XRP,"XRP Up or Down - September 12, 5:45AM-6:00AM ET",2026-09-12T10:00:00Z,2026-09-12T09:45:00Z,1.3679701991077198,Up,"[""1"", ""0""]",0.99,1421.421091,,0.4945,0.001,resolved,0x5cc2c077ef3036595229eab718735da97d98fc5cb36c91d768d711b120e83649,https://data.chain.link/streams/xrp-usd-twap-60s-streams,1.3694896574969375,2026-09-12 10:00:52+00
zec-updown-15m-1789206300,ZEC,"ZCash Up or Down - September 12, 5:45AM-6:00AM ET",2026-09-12T10:00:00Z,2026-09-12T09:45:00Z,1148.297097207249,Up,"[""1"", ""0""]",0.97,,,0.495,0.01,resolved,0x411b72d83a461e7608b7dab2902ccfa7e1ba36d7d68ae61672c7f0ce95e63545,https://data.chain.link/streams/zec-usd-twap-60s-streams,1151.9899783212975,2026-09-12 10:00:54+00
bnb-updown-15m-1789207200,BNB,"BNB Up or Down - September 12, 6:00AM-6:15AM ET",2026-09-12T10:15:00Z,2026-09-12T10:00:00Z,735.1054981560288,Up,"[""1"", ""0""]",0.999,254.29652099999998,,0.4945,0.001,resolved,0x5f21adb5f52b4f9e2ec35e2725a9357d503fe73366283cf76f82e7f217b8a7b3,https://data.chain.link/streams/bnb-usd-twap-60s-streams,735.9456831036838,2026-09-12 10:15:52+00
btc-updown-15m-1789207200,BTC,"Bitcoin Up or Down - September 12, 6:00AM-6:15AM ET",2026-09-12T10:15:00Z,2026-09-12T10:00:00Z,77330.11381786781,Up,"[""1"", ""0""]",0.999,21037.151218000014,2783.72,0.4945,0.001,resolved,0xc7a955571314f1f5b9c431f73255c6431835be0dbd07ee2efcb6d86ad137d9d3,https://data.chain.link/streams/btc-usd-twap-60s-streams,77379.46410659558,2026-09-12 10:15:54+00
doge-updown-15m-1789207200,DOGE,"Dogecoin Up or Down - September 12, 6:00AM-6:15AM ET",2026-09-12T10:15:00Z,2026-09-12T10:00:00Z,0.08493093198281482,Up,"[""1"", ""0""]",0.999,229.67717800000003,,0.4995,0.001,resolved,0x7e2dcb52f096f588babe1e20efbd34c0215b4b398efa8add98674f46df7fb4a5,https://data.chain.link/streams/doge-usd-twap-60s-streams,0.0850321763783864,2026-09-12 10:15:54+00
eth-updown-15m-1789207200,ETH,"Ethereum Up or Down - September 12, 6:00AM-6:15AM ET",2026-09-12T10:15:00Z,2026-09-12T10:00:00Z,2530.3604140900934,Up,"[""1"", ""0""]",0.999,5567.351291000002,10,0.5045,0.001,resolved,0xff084a45fb00921bde244ec081cf24febd3b1a23ae6b9b1500a61d44d4900068,https://data.chain.link/streams/eth-usd-twap-60s-streams,2533.6611498609686,2026-09-12 10:15:54+00
hype-updown-15m-1789207200,HYPE,"Hyperliquid Up or Down - September 12, 6:00AM-6:15AM ET",2026-09-12T10:15:00Z,2026-09-12T10:00:00Z,79.47788559592529,Up,"[""1"", ""0""]",0.999,163.68598899999998,,0.4945,0.001,resolved,0x5c33d26426743690ee973ca1d54c46359f377fe5ba1cae5c680e7285e94cdc3e,https://data.chain.link/streams/hype-usd-twap-60s-streams,79.71739816933923,2026-09-12 10:15:54+00
sol-updown-15m-1789207200,SOL,"Solana Up or Down - September 12, 6:00AM-6:15AM ET",2026-09-12T10:15:00Z,2026-09-12T10:00:00Z,101.99477888868424,Up,"[""1"", ""0""]",0.999,1817.8917749999998,,0.4945,0.001,resolved,0x6ee7f20674314c8af4ff69808d062619c26fed9c0755cadec18c2f5b3ac52af3,https://data.chain.link/streams/sol-usd-twap-60s-streams,102.11919109251475,2026-09-12 10:15:54+00
xrp-updown-15m-1789207200,XRP,"XRP Up or Down - September 12, 6:00AM-6:15AM ET",2026-09-12T10:15:00Z,2026-09-12T10:00:00Z,1.3694896574969375,Up,"[""1"", ""0""]",0.999,884.3175899999999,,0.4945,0.001,resolved,0x56ecd3db4e3d3d0d213b79db68502c4912dd502a2f689bcd90c5d7c96168d44e,https://data.chain.link/streams/xrp-usd-twap-60s-streams,1.3702406777387603,2026-09-12 10:15:54+00
zec-updown-15m-1789207200,ZEC,"ZCash Up or Down - September 12, 6:00AM-6:15AM ET",2026-09-12T10:15:00Z,2026-09-12T10:00:00Z,1151.9899783212975,Up,"[""1"", ""0""]",,,,0.495,0.01,resolved,0x0fcabcdadef6116c56df644c67309cb9d9d635c99109a16c95cf5e28da73bea1,https://data.chain.link/streams/zec-usd-twap-60s-streams,1154.3077847487234,2026-09-12 10:15:52+00
bnb-updown-15m-1789208100,BNB,"BNB Up or Down - September 12, 6:15AM-6:30AM ET",2026-09-12T10:30:00Z,2026-09-12T10:15:00Z,735.9456831036838,Up,"[""1"", ""0""]",0.999,682.8711830000001,,0.4945,0.001,resolved,0xe86193a114dd59f44ab17a03c6f64d34b17db27a049114e018ae8d51cf02af2e,https://data.chain.link/streams/bnb-usd-twap-60s-streams,737.7861090847283,2026-09-12 10:30:54+00
btc-updown-15m-1789208100,BTC,"Bitcoin Up or Down - September 12, 6:15AM-6:30AM ET",2026-09-12T10:30:00Z,2026-09-12T10:15:00Z,77379.46410659558,Down,"[""0"", ""1""]",0.04,25834.970640000018,33.72,-0.5,0.01,resolved,0x810d4c5cb789c1b71d58de3434307e4fe7d322b4e47b3fa9cbed912f306510b6,https://data.chain.link/streams/btc-usd-twap-60s-streams,77359.69899356856,2026-09-12 10:30:54+00
doge-updown-15m-1789208100,DOGE,"Dogecoin Up or Down - September 12, 6:15AM-6:30AM ET",2026-09-12T10:30:00Z,2026-09-12T10:15:00Z,0.0850321763783864,Down,"[""0"", ""1""]",0.65,189.373412,,-0.495,0.01,resolved,0xd89f5de2e35d785c03e420c835d1ee279709e17e084c916afd62e8cb0ae7fb2a,https://data.chain.link/streams/doge-usd-twap-60s-streams,0.08501467740075755,2026-09-12 10:30:54+00
eth-updown-15m-1789208100,ETH,"Ethereum Up or Down - September 12, 6:15AM-6:30AM ET",2026-09-12T10:30:00Z,2026-09-12T10:15:00Z,2533.6611498609686,Down,"[""0"", ""1""]",0.06,3375.4165510000007,5,-0.5045,0.001,resolved,0xd0d2d3c3be060b57d78d579e4e3377733610aed634b1de23d01230c297775b94,https://data.chain.link/streams/eth-usd-twap-60s-streams,2531.4408172349035,2026-09-12 10:30:54+00
hype-updown-15m-1789208100,HYPE,"Hyperliquid Up or Down - September 12, 6:15AM-6:30AM ET",2026-09-12T10:30:00Z,2026-09-12T10:15:00Z,79.71739816933923,Up,"[""1"", ""0""]",0.999,395.11102,,0.4945,0.001,resolved,0x8acceca6fc841b1c908ff00e7f6cf3a30b9b79cac0f4ec725e8e6353fdf1c8b5,https://data.chain.link/streams/hype-usd-twap-60s-streams,79.80814381415787,2026-09-12 10:30:54+00
sol-updown-15m-1789208100,SOL,"Solana Up or Down - September 12, 6:15AM-6:30AM ET",2026-09-12T10:30:00Z,2026-09-12T10:15:00Z,102.11919109251475,Down,"[""0"", ""1""]",0.13,771.1983729999998,,-0.5045,0.001,resolved,0x1b92a0710a609bbbe915afaf1faf0c4ad19acb4030bc0f802423e54051fa8f64,https://data.chain.link/streams/sol-usd-twap-60s-streams,102.06778399827343,2026-09-12 10:30:54+00
xrp-updown-15m-1789208100,XRP,"XRP Up or Down - September 12, 6:15AM-6:30AM ET",2026-09-12T10:30:00Z,2026-09-12T10:15:00Z,1.3702406777387603,Up,"[""1"", ""0""]",0.99,761.0223210000001,,0.4945,0.001,resolved,0xb883eb2f4bdbf672d6bb153f099a16eb3529af9fd6e27589ea5e30299f6bf4c4,https://data.chain.link/streams/xrp-usd-twap-60s-streams,1.3714855884660762,2026-09-12 10:30:54+00
zec-updown-15m-1789208100,ZEC,"ZCash Up or Down - September 12, 6:15AM-6:30AM ET",2026-09-12T10:30:00Z,2026-09-12T10:15:00Z,1154.3077847487234,Up,"[""1"", ""0""]",,,,0.495,0.01,resolved,0xd025d3bcf495f446fdb67ba3f989fc919121591cd2d15e9c11565974b01a241f,https://data.chain.link/streams/zec-usd-twap-60s-streams,1154.7012889819666,2026-09-12 10:30:52+00
bnb-updown-15m-1789209000,BNB,"BNB Up or Down - September 12, 6:30AM-6:45AM ET",2026-09-12T10:45:00Z,2026-09-12T10:30:00Z,737.7861090847283,Up,"[""1"", ""0""]",0.99,470.384307,,0.4945,0.001,resolved,0x18ec241faf8f72d5d427fd359880b59fa70b73c7b3a0ee64a9f7da3456403c80,https://data.chain.link/streams/bnb-usd-twap-60s-streams,738.5266804305837,2026-09-12 10:46:25+00
btc-updown-15m-1789209000,BTC,"Bitcoin Up or Down - September 12, 6:30AM-6:45AM ET",2026-09-12T10:45:00Z,2026-09-12T10:30:00Z,77359.69899356856,Down,"[""0"", ""1""]",0.02,36570.88967099998,5,-0.5045,0.001,resolved,0x9fc4d568052b6a6f6dd7143a03f05455f0d6a5b79bd7f2f3df3afc84d1aac8f9,https://data.chain.link/streams/btc-usd-twap-60s-streams,77351.94922561827,2026-09-12 10:46:27+00
doge-updown-15m-1789209000,DOGE,"Dogecoin Up or Down - September 12, 6:30AM-6:45AM ET",2026-09-12T10:45:00Z,2026-09-12T10:30:00Z,0.08501467740075755,Down,"[""0"", ""1""]",0.22,307.03925499999997,,-0.495,0.01,resolved,0xb7980c9e17619c70fb76fefa517d48d107f4ea0a2c36e8e269cc35dd12c5ce8e,https://data.chain.link/streams/doge-usd-twap-60s-streams,0.08500316399999996,2026-09-12 10:46:27+00
eth-updown-15m-1789209000,ETH,"Ethereum Up or Down - September 12, 6:30AM-6:45AM ET",2026-09-12T10:45:00Z,2026-09-12T10:30:00Z,2531.4408172349035,Up,"[""1"", ""0""]",0.99,6472.038514,5,0.4945,0.001,resolved,0x2b8c92d1af7443c24cb12d08cd4fab8436f6f441f0adfcca5f432e1299cd10bd,https://data.chain.link/streams/eth-usd-twap-60s-streams,2532.5891293613668,2026-09-12 10:46:27+00
hype-updown-15m-1789209000,HYPE,"Hyperliquid Up or Down - September 12, 6:30AM-6:45AM ET",2026-09-12T10:45:00Z,2026-09-12T10:30:00Z,79.80814381415787,Up,"[""1"", ""0""]",0.99,323.63104,,0.49,0.01,resolved,0xa417cca9e7f9ca0da48a175fa01e8d6e62c1099ce2668d7f8a5f0a7df076872f,https://data.chain.link/streams/hype-usd-twap-60s-streams,79.83127232810509,2026-09-12 10:46:27+00
sol-updown-15m-1789209000,SOL,"Solana Up or Down - September 12, 6:30AM-6:45AM ET",2026-09-12T10:45:00Z,2026-09-12T10:30:00Z,102.06778399827343,Down,"[""0"", ""1""]",0.08,1723.422255,,-0.5045,0.001,resolved,0x24ca43baf6d385c96134573745051230d6cf58f65457b6a0474c979c686f66b1,https://data.chain.link/streams/sol-usd-twap-60s-streams,102.03417461446872,2026-09-12 10:46:25+00
xrp-updown-15m-1789209000,XRP,"XRP Up or Down - September 12, 6:30AM-6:45AM ET",2026-09-12T10:45:00Z,2026-09-12T10:30:00Z,1.3714855884660762,Up,"[""1"", ""0""]",0.99,1782.4385769999997,,0.4945,0.001,resolved,0x2a9616ad7bcf81fc5c6566128dfb97bc5f9a3288b97ba864c2fcb275d3a9314f,https://data.chain.link/streams/xrp-usd-twap-60s-streams,1.3723403579864775,2026-09-12 10:46:27+00
zec-updown-15m-1789209000,ZEC,"ZCash Up or Down - September 12, 6:30AM-6:45AM ET",2026-09-12T10:45:00Z,2026-09-12T10:30:00Z,1154.7012889819666,Down,"[""0"", ""1""]",,,,-0.4995,0.001,resolved,0x9c2144ee4e93bb7252f5809edb2494fa646ae450728dc3426b5b9afe59b2ce1a,https://data.chain.link/streams/zec-usd-twap-60s-streams,1152.4176847051071,2026-09-12 10:46:27+00
bnb-updown-15m-1789209900,BNB,"BNB Up or Down - September 12, 6:45AM-7:00AM ET",2026-09-12T11:00:00Z,2026-09-12T10:45:00Z,738.5266804305837,Down,"[""0"", ""1""]",0.17,127.26070099999998,,-0.5045,0.001,resolved,0x3f6902bcaaaa71f43e24601406222a2266f9488f3af9bfe6116facd19c06efea,https://data.chain.link/streams/bnb-usd-twap-60s-streams,737.6775378809634,2026-09-12 11:00:54+00
btc-updown-15m-1789209900,BTC,"Bitcoin Up or Down - September 12, 6:45AM-7:00AM ET",2026-09-12T11:00:00Z,2026-09-12T10:45:00Z,77351.94922561827,Down,"[""0"", ""1""]",0.01,25891.303312999997,,-0.4995,0.001,resolved,0x90a3de10b5133dbec07b54515fb6893e513f0e033eb69f136e139bae60dee09b,https://data.chain.link/streams/btc-usd-twap-60s-streams,77314.34989658075,2026-09-12 11:00:54+00
doge-updown-15m-1789209900,DOGE,"Dogecoin Up or Down - September 12, 6:45AM-7:00AM ET",2026-09-12T11:00:00Z,2026-09-12T10:45:00Z,0.08500316399999996,Down,"[""0"", ""1""]",0.24,400.797367,,-0.495,0.01,resolved,0x15fc28d3c862e5c6686ec7b902619723b3e553663046b785eb9263fe58dcca99,https://data.chain.link/streams/doge-usd-twap-60s-streams,0.08498054485651438,2026-09-12 11:00:54+00
eth-updown-15m-1789209900,ETH,"Ethereum Up or Down - September 12, 6:45AM-7:00AM ET",2026-09-12T11:00:00Z,2026-09-12T10:45:00Z,2532.5891293613668,Up,"[""1"", ""0""]",0.99,6526.767276999997,,0.49,0.01,resolved,0x7be37399adb7e85e1d6764e0485981c09143b941d797931ab40c6840a7eb03bd,https://data.chain.link/streams/eth-usd-twap-60s-streams,2532.6632959387007,2026-09-12 11:00:54+00
hype-updown-15m-1789209900,HYPE,"Hyperliquid Up or Down - September 12, 6:45AM-7:00AM ET",2026-09-12T11:00:00Z,2026-09-12T10:45:00Z,79.83127232810509,Up,"[""1"", ""0""]",0.98,676.543473,,0.49,0.01,resolved,0x3c19270094586f06ac790f7a12bc3f01f170c9ca9bf8dcd301e7dcb67f3179fd,https://data.chain.link/streams/hype-usd-twap-60s-streams,79.85755714227294,2026-09-12 11:00:52+00
sol-updown-15m-1789209900,SOL,"Solana Up or Down - September 12, 6:45AM-7:00AM ET",2026-09-12T11:00:00Z,2026-09-12T10:45:00Z,102.03417461446872,Up,"[""1"", ""0""]",0.99,1665.616875,,0.49,0.01,resolved,0x9cdd4d5d2594b7219c48006952f12163adfa77a884c17410add74b0404ed3912,https://data.chain.link/streams/sol-usd-twap-60s-streams,102.10552961311734,2026-09-12 11:00:54+00
xrp-updown-15m-1789209900,XRP,"XRP Up or Down - September 12, 6:45AM-7:00AM ET",2026-09-12T11:00:00Z,2026-09-12T10:45:00Z,1.3723403579864775,Up,"[""1"", ""0""]",0.99,1433.7828490000002,,0.49,0.01,resolved,0x278dcee0fcdc7ed90fcb3d3f8868c47f512c29b1a285fd47d05e9b7eb86cfe8a,https://data.chain.link/streams/xrp-usd-twap-60s-streams,1.3730027793313713,2026-09-12 11:00:54+00
zec-updown-15m-1789209900,ZEC,"ZCash Up or Down - September 12, 6:45AM-7:00AM ET",2026-09-12T11:00:00Z,2026-09-12T10:45:00Z,1152.4176847051071,Up,"[""1"", ""0""]",,,,0.495,0.01,resolved,0x3c1807efe445267b3c06e1c2c044dc1de05bbae673594aa2218bca9947885c4f,https://data.chain.link/streams/zec-usd-twap-60s-streams,1152.8636905868516,2026-09-12 11:01:01+00
bnb-updown-15m-1789210800,BNB,"BNB Up or Down - September 12, 7:00AM-7:15AM ET",2026-09-12T11:15:00Z,2026-09-12T11:00:00Z,737.6775378809634,Down,"[""0"", ""1""]",0.15,350.46166800000003,,-0.5045,0.001,resolved,0x7f3e040953b25aaa192ab3e0701756b81c67f25bb3f04c522b942ce3ff7bd017,https://data.chain.link/streams/bnb-usd-twap-60s-streams,736.7759220582353,2026-09-12 11:16:27+00
btc-updown-15m-1789210800,BTC,"Bitcoin Up or Down - September 12, 7:00AM-7:15AM ET",2026-09-12T11:15:00Z,2026-09-12T11:00:00Z,77314.34989658075,Down,"[""0"", ""1""]",0.02,27995.25968899999,2750,-0.49,0.01,resolved,0xd8b5f74dabc6d339f4b50cda7fd5a074e85e94040b2b505cb1eb7fc040a79047,https://data.chain.link/streams/btc-usd-twap-60s-streams,77309.75817990412,2026-09-12 11:16:27+00
doge-updown-15m-1789210800,DOGE,"Dogecoin Up or Down - September 12, 7:00AM-7:15AM ET",2026-09-12T11:15:00Z,2026-09-12T11:00:00Z,0.08498054485651438,Up,"[""1"", ""0""]",0.99,261.05519000000004,,0.495,0.01,resolved,0x585c557b1890dc136cd40b59a493d0b4537d253d8aa5bec2881a0c69556c4756,https://data.chain.link/streams/doge-usd-twap-60s-streams,0.08501153739371514,2026-09-12 11:16:27+00
eth-updown-15m-1789210800,ETH,"Ethereum Up or Down - September 12, 7:00AM-7:15AM ET",2026-09-12T11:15:00Z,2026-09-12T11:00:00Z,2532.6632959387007,Down,"[""0"", ""1""]",0.1,2042.6159819999996,34.411766,-0.4945,0.001,resolved,0x77ae7b16742ad39f6c6d1067a75164d6a28a4e5bc5e26758cde97e8c0335443d,https://data.chain.link/streams/eth-usd-twap-60s-streams,2531.9037636070066,2026-09-12 11:16:27+00
hype-updown-15m-1789210800,HYPE,"Hyperliquid Up or Down - September 12, 7:00AM-7:15AM ET",2026-09-12T11:15:00Z,2026-09-12T11:00:00Z,79.85755714227294,Down,"[""0"", ""1""]",0.07,122.074625,,-0.5045,0.001,resolved,0xaa8bfc37ce1d3621ccdd465a3fa7f3552b1bcb4335a2fa547860496033bffe9b,https://data.chain.link/streams/hype-usd-twap-60s-streams,79.79772368599801,2026-09-12 11:16:27+00
sol-updown-15m-1789210800,SOL,"Solana Up or Down - September 12, 7:00AM-7:15AM ET",2026-09-12T11:15:00Z,2026-09-12T11:00:00Z,102.10552961311734,Down,"[""0"", ""1""]",0.01,1255.017012,,-0.5045,0.001,resolved,0xbd0a191e65fb7aeb025c5519ead632e55b29162b40c17f08baa525060c202ab5,https://data.chain.link/streams/sol-usd-twap-60s-streams,102.06426236642866,2026-09-12 11:16:27+00
xrp-updown-15m-1789210800,XRP,"XRP Up or Down - September 12, 7:00AM-7:15AM ET",2026-09-12T11:15:00Z,2026-09-12T11:00:00Z,1.3730027793313713,Down,"[""0"", ""1""]",0.14,490.00070000000005,,-0.4995,0.001,resolved,0xcb73281be208e10d81b12207ff571265a515baf9595a13c3f94b056bc326d8ea,https://data.chain.link/streams/xrp-usd-twap-60s-streams,1.3723475530126268,2026-09-12 11:16:27+00
zec-updown-15m-1789210800,ZEC,"ZCash Up or Down - September 12, 7:00AM-7:15AM ET",2026-09-12T11:15:00Z,2026-09-12T11:00:00Z,1152.8636905868516,Up,"[""1"", ""0""]",,,,0.4995,0.001,resolved,0x787cf5679fb922ec7c3cd99df3eded4158aa5f498c628b61d0281de7523fdca4,https://data.chain.link/streams/zec-usd-twap-60s-streams,1155.3007469807521,2026-09-12 11:16:27+00
bnb-updown-15m-1789211700,BNB,"BNB Up or Down - September 12, 7:15AM-7:30AM ET",2026-09-12T11:30:00Z,2026-09-12T11:15:00Z,736.7759220582353,Down,"[""0"", ""1""]",0.14,171.45304400000003,,-0.5045,0.001,resolved,0x68896d185c0555fcc35a179082ccfc849c686ab3fa9163f812c271953f08fed2,https://data.chain.link/streams/bnb-usd-twap-60s-streams,736.1897318975712,2026-09-12 11:31:27+00
btc-updown-15m-1789211700,BTC,"Bitcoin Up or Down - September 12, 7:15AM-7:30AM ET",2026-09-12T11:30:00Z,2026-09-12T11:15:00Z,77309.75817990412,Down,"[""0"", ""1""]",0.02,24730.926593000004,5,-0.5045,0.001,resolved,0x34167e1d85f6f148427d687c9490d917d0de89ee9b167b6e8eaba5fc833cde21,https://data.chain.link/streams/btc-usd-twap-60s-streams,77279.29412250566,2026-09-12 11:31:27+00
doge-updown-15m-1789211700,DOGE,"Dogecoin Up or Down - September 12, 7:15AM-7:30AM ET",2026-09-12T11:30:00Z,2026-09-12T11:15:00Z,0.08501153739371514,Down,"[""0"", ""1""]",0.11,136.74165900000003,,-0.4995,0.001,resolved,0x838f21baec94197616951026612b262aa6eee2621e07de169ec29f438b0bc05f,https://data.chain.link/streams/doge-usd-twap-60s-streams,0.0849557500436963,2026-09-12 11:31:27+00
eth-updown-15m-1789211700,ETH,"Ethereum Up or Down - September 12, 7:15AM-7:30AM ET",2026-09-12T11:30:00Z,2026-09-12T11:15:00Z,2531.9037636070066,Up,"[""1"", ""0""]",0.99,5025.391612999999,5,0.49,0.01,resolved,0xc3b23899b1725ee736ef1f20231d002b6011f51e1b7e88f758285b6b18d210d8,https://data.chain.link/streams/eth-usd-twap-60s-streams,2532.273289890935,2026-09-12 11:31:27+00
hype-updown-15m-1789211700,HYPE,"Hyperliquid Up or Down - September 12, 7:15AM-7:30AM ET",2026-09-12T11:30:00Z,2026-09-12T11:15:00Z,79.79772368599801,Up,"[""1"", ""0""]",0.999,274.26126899999997,,0.4945,0.001,resolved,0xbcb6f2d44384755a1443fe3f50fe2e4fd0ef903dbd7f443e447c2b6adc14d3e9,https://data.chain.link/streams/hype-usd-twap-60s-streams,80.0074930999736,2026-09-12 11:31:27+00
sol-updown-15m-1789211700,SOL,"Solana Up or Down - September 12, 7:15AM-7:30AM ET",2026-09-12T11:30:00Z,2026-09-12T11:15:00Z,102.06426236642866,Down,"[""0"", ""1""]",0.08,648.248689,,-0.5,0.01,resolved,0x073343c94c1dc1a432ff4f99d14dd430027d6a3b5e1d7f8e7304f12254ad7ad6,https://data.chain.link/streams/sol-usd-twap-60s-streams,102.0210880882212,2026-09-12 11:31:27+00
xrp-updown-15m-1789211700,XRP,"XRP Up or Down - September 12, 7:15AM-7:30AM ET",2026-09-12T11:30:00Z,2026-09-12T11:15:00Z,1.3723475530126268,Down,"[""0"", ""1""]",0.1,680.039017,,-0.5045,0.001,resolved,0x495815b25f3bb582c8dffb42d75235451f3aee6fbc13ee27c25c23be1ef2d6ec,https://data.chain.link/streams/xrp-usd-twap-60s-streams,1.3712587303385733,2026-09-12 11:31:27+00
zec-updown-15m-1789211700,ZEC,"ZCash Up or Down - September 12, 7:15AM-7:30AM ET",2026-09-12T11:30:00Z,2026-09-12T11:15:00Z,1155.3007469807521,Down,"[""0"", ""1""]",0.28,,,-0.495,0.01,resolved,0x7417227c2906df927229c8591d9f1b2e9ac903daec703d83ff594d2e9d69c0a3,https://data.chain.link/streams/zec-usd-twap-60s-streams,1152.8620395197331,2026-09-12 11:31:27+00
bnb-updown-15m-1789212600,BNB,"BNB Up or Down - September 12, 7:30AM-7:45AM ET",2026-09-12T11:45:00Z,2026-09-12T11:30:00Z,736.1897318975712,Down,"[""0"", ""1""]",0.94,138.63596,,-0.5,0.01,resolved,0xe7e61d56195346c5ab3649318602d83be8facbeb462917b8e4c49d2909a64ff5,https://data.chain.link/streams/bnb-usd-twap-60s-streams,736.1587710233268,2026-09-12 11:46:27+00
btc-updown-15m-1789212600,BTC,"Bitcoin Up or Down - September 12, 7:30AM-7:45AM ET",2026-09-12T11:45:00Z,2026-09-12T11:30:00Z,77279.29412250566,Up,"[""1"", ""0""]",0.999,17199.765236,5,0.4945,0.001,resolved,0xacb6f4658c083f7b2edcbcea6cbf307147686f2b7a178ef0e145bfe652c52190,https://data.chain.link/streams/btc-usd-twap-60s-streams,77327.24897636636,2026-09-12 11:46:27+00
doge-updown-15m-1789212600,DOGE,"Dogecoin Up or Down - September 12, 7:30AM-7:45AM ET",2026-09-12T11:45:00Z,2026-09-12T11:30:00Z,0.0849557500436963,Up,"[""1"", ""0""]",0.99,232.055547,,0.4995,0.001,resolved,0x62814f69e0612fc2a048f85ba7f4b32d068466c3b4682c0884ba390aba40eaec,https://data.chain.link/streams/doge-usd-twap-60s-streams,0.08508725092265171,2026-09-12 11:46:27+00
eth-updown-15m-1789212600,ETH,"Ethereum Up or Down - September 12, 7:30AM-7:45AM ET",2026-09-12T11:45:00Z,2026-09-12T11:30:00Z,2532.273289890935,Up,"[""1"", ""0""]",0.999,4971.245199,5,0.5045,0.001,resolved,0xc777c02004aa9adf5480b1d577ceb5ffa2bfc305eb100e67f14b29f9d59f3ad6,https://data.chain.link/streams/eth-usd-twap-60s-streams,2536.1554620549246,2026-09-12 11:46:27+00
hype-updown-15m-1789212600,HYPE,"Hyperliquid Up or Down - September 12, 7:30AM-7:45AM ET",2026-09-12T11:45:00Z,2026-09-12T11:30:00Z,80.0074930999736,Up,"[""1"", ""0""]",0.999,134.01599799999997,,0.4945,0.001,resolved,0x2afea5fb890c61f01214457d16fac78af7efd4e33f664978e9013d22058c5b35,https://data.chain.link/streams/hype-usd-twap-60s-streams,80.4043775073607,2026-09-12 11:46:27+00
sol-updown-15m-1789212600,SOL,"Solana Up or Down - September 12, 7:30AM-7:45AM ET",2026-09-12T11:45:00Z,2026-09-12T11:30:00Z,102.0210880882212,Up,"[""1"", ""0""]",0.999,1202.9278639999998,,0.4945,0.001,resolved,0x7665d7ff5c3c4533292c181d3344fd02c1171193910df56a8f704af26d089473,https://data.chain.link/streams/sol-usd-twap-60s-streams,102.06498284060464,2026-09-12 11:46:27+00
xrp-updown-15m-1789212600,XRP,"XRP Up or Down - September 12, 7:30AM-7:45AM ET",2026-09-12T11:45:00Z,2026-09-12T11:30:00Z,1.3712587303385733,Up,"[""1"", ""0""]",0.99,482.6217740000001,,0.4945,0.001,resolved,0x7656c2b2219f92ba397caf9284aa0f4c40e174eb635dc696b392143ca2c47e8c,https://data.chain.link/streams/xrp-usd-twap-60s-streams,1.3727435405330959,2026-09-12 11:46:27+00
zec-updown-15m-1789212600,ZEC,"ZCash Up or Down - September 12, 7:30AM-7:45AM ET",2026-09-12T11:45:00Z,2026-09-12T11:30:00Z,1152.8620395197331,Down,"[""0"", ""1""]",,,,-0.495,0.01,resolved,0x02280874ac8ea351cb55c8f45038dd19f373d012f35dfb470680392e05b5be47,https://data.chain.link/streams/zec-usd-twap-60s-streams,1151.117183872299,2026-09-12 11:46:27+00
bnb-updown-15m-1789213500,BNB,"BNB Up or Down - September 12, 7:45AM-8:00AM ET",2026-09-12T12:00:00Z,2026-09-12T11:45:00Z,736.1587710233268,Up,"[""1"", ""0""]",0.99,486.7138540000001,,0.49,0.01,resolved,0xd6379f625e029b415a91261d913915c28a550e948a12aa18657da3de524d0071,https://data.chain.link/streams/bnb-usd-twap-60s-streams,736.4946366342934,2026-09-12 12:00:54+00
btc-updown-15m-1789213500,BTC,"Bitcoin Up or Down - September 12, 7:45AM-8:00AM ET",2026-09-12T12:00:00Z,2026-09-12T11:45:00Z,77327.24897636636,Up,"[""1"", ""0""]",0.999,16603.584519000004,,0.4945,0.001,resolved,0x86a9e7ca906eecd868b17014a1077d4f36396ae0eb3dd481e17eb6b5dbf1e98e,https://data.chain.link/streams/btc-usd-twap-60s-streams,77338.86223947103,2026-09-12 12:01:03+00
doge-updown-15m-1789213500,DOGE,"Dogecoin Up or Down - September 12, 7:45AM-8:00AM ET",2026-09-12T12:00:00Z,2026-09-12T11:45:00Z,0.08508725092265171,Down,"[""0"", ""1""]",0.06,216.862552,,-0.495,0.01,resolved,0xcafe03808eb47a1114fa286b70c59cc9f2bf1b41898bb6fb505977227b564258,https://data.chain.link/streams/doge-usd-twap-60s-streams,0.08505672786151622,2026-09-12 12:01:03+00
eth-updown-15m-1789213500,ETH,"Ethereum Up or Down - September 12, 7:45AM-8:00AM ET",2026-09-12T12:00:00Z,2026-09-12T11:45:00Z,2536.1554620549246,Down,"[""0"", ""1""]",0.05,4905.828242999999,,-0.5,0.01,resolved,0xfdf1e8a861c39d06e7c8bfc7e289bb958a93246c7bf3aff5f5cc89b67a1282f8,https://data.chain.link/streams/eth-usd-twap-60s-streams,2535.7093119110646,2026-09-12 12:00:54+00
hype-updown-15m-1789213500,HYPE,"Hyperliquid Up or Down - September 12, 7:45AM-8:00AM ET",2026-09-12T12:00:00Z,2026-09-12T11:45:00Z,80.4043775073607,Down,"[""0"", ""1""]",0.09,466.810044,,-0.5045,0.001,resolved,0xc45923b5d4eb86bfac77e86dfae12fdc930501a41178b63787cc07392690ba6e,https://data.chain.link/streams/hype-usd-twap-60s-streams,80.25581767543699,2026-09-12 12:01:03+00
sol-updown-15m-1789213500,SOL,"Solana Up or Down - September 12, 7:45AM-8:00AM ET",2026-09-12T12:00:00Z,2026-09-12T11:45:00Z,102.06498284060464,Up,"[""1"", ""0""]",0.99,1472.1041789999997,,0.49,0.01,resolved,0xd67303a7db9fd60c0567c7f194f3f2e645f5a41eb0f8a0951d7c00afd3b157bb,https://data.chain.link/streams/sol-usd-twap-60s-streams,102.10952918616395,2026-09-12 12:00:54+00
xrp-updown-15m-1789213500,XRP,"XRP Up or Down - September 12, 7:45AM-8:00AM ET",2026-09-12T12:00:00Z,2026-09-12T11:45:00Z,1.3727435405330959,Down,"[""0"", ""1""]",0.12,640.627427,,-0.5045,0.001,resolved,0x009deda1ab2b1968e073c35acc971de442651a1619793e034c46709c8a767e99,https://data.chain.link/streams/xrp-usd-twap-60s-streams,1.3720044917028047,2026-09-12 12:00:54+00
zec-updown-15m-1789213500,ZEC,"ZCash Up or Down - September 12, 7:45AM-8:00AM ET",2026-09-12T12:00:00Z,2026-09-12T11:45:00Z,1151.117183872299,Up,"[""1"", ""0""]",0.22,,,0.495,0.01,resolved,0x840cc221eba4efbbfce0c044c46bbbb4e5f6e2155c28ce27c04e0cd69160b4b7,https://data.chain.link/streams/zec-usd-twap-60s-streams,1151.569055816181,2026-09-12 12:01:03+00
bnb-updown-15m-1789214400,BNB,"BNB Up or Down - September 12, 8:00AM-8:15AM ET",2026-09-12T12:15:00Z,2026-09-12T12:00:00Z,736.4946366342934,Down,"[""0"", ""1""]",0.16,952.3466950000002,,-0.5045,0.001,resolved,0x5a4e4abc469e027cb49cf515fc210e38c7bb95451ee6c3db05b6410f14798705,https://data.chain.link/streams/bnb-usd-twap-60s-streams,736.1486654847905,2026-09-12 12:16:27+00
btc-updown-15m-1789214400,BTC,"Bitcoin Up or Down - September 12, 8:00AM-8:15AM ET",2026-09-12T12:15:00Z,2026-09-12T12:00:00Z,77338.86223947103,Down,"[""0"", ""1""]",0.02,23356.110141999998,2797.273922,-0.5045,0.001,resolved,0x63c1ca89c52c79eddf699bea257e5c0a1f660a36d0d04d2dad66bb918387b216,https://data.chain.link/streams/btc-usd-twap-60s-streams,77311.29846296592,2026-09-12 12:16:34+00
doge-updown-15m-1789214400,DOGE,"Dogecoin Up or Down - September 12, 8:00AM-8:15AM ET",2026-09-12T12:15:00Z,2026-09-12T12:00:00Z,0.08505672786151622,Down,"[""0"", ""1""]",0.01,924.6387599999999,,-0.4995,0.001,resolved,0xc85ae7c8e718e9ab3c932db3b3795c0971f3405466ad013068862e5230af9630,https://data.chain.link/streams/doge-usd-twap-60s-streams,0.08500164990471666,2026-09-12 12:16:27+00
eth-updown-15m-1789214400,ETH,"Ethereum Up or Down - September 12, 8:00AM-8:15AM ET",2026-09-12T12:15:00Z,2026-09-12T12:00:00Z,2535.7093119110646,Down,"[""0"", ""1""]",0.003,5096.8578640000005,21,-0.4945,0.001,resolved,0xe2f7905b5e80394fee226c157a6da3e4308c1806214b3f42930a37e6f6be3231,https://data.chain.link/streams/eth-usd-twap-60s-streams,2533.326278945379,2026-09-12 12:16:27+00
hype-updown-15m-1789214400,HYPE,"Hyperliquid Up or Down - September 12, 8:00AM-8:15AM ET",2026-09-12T12:15:00Z,2026-09-12T12:00:00Z,80.25581767543699,Down,"[""0"", ""1""]",0.15,252.70253100000002,,-0.5045,0.001,resolved,0x8b1ac1a87a44a4d691b9a133b7d5da8d0c9b1ad2c55767c5089bf5e72e3ecb97,https://data.chain.link/streams/hype-usd-twap-60s-streams,80.19799670865017,2026-09-12 12:16:27+00
sol-updown-15m-1789214400,SOL,"Solana Up or Down - September 12, 8:00AM-8:15AM ET",2026-09-12T12:15:00Z,2026-09-12T12:00:00Z,102.10952918616395,Up,"[""1"", ""0""]",0.99,1714.8959140000002,9.803922,0.4945,0.001,resolved,0xcf514f702980eacfd620fc11f9109338a8c3a1860c06c3094930cdaa3b257011,https://data.chain.link/streams/sol-usd-twap-60s-streams,102.19005272410438,2026-09-12 12:16:27+00
xrp-updown-15m-1789214400,XRP,"XRP Up or Down - September 12, 8:00AM-8:15AM ET",2026-09-12T12:15:00Z,2026-09-12T12:00:00Z,1.3720044917028047,Down,"[""0"", ""1""]",0.1,653.3766449999999,,-0.5045,0.001,resolved,0xc7be4eaf49684259d51f0e063c874b32eff9b7c12d7327a9f5233e210635e38a,https://data.chain.link/streams/xrp-usd-twap-60s-streams,1.3709474022898425,2026-09-12 12:16:27+00
zec-updown-15m-1789214400,ZEC,"ZCash Up or Down - September 12, 8:00AM-8:15AM ET",2026-09-12T12:15:00Z,2026-09-12T12:00:00Z,1151.569055816181,Down,"[""0"", ""1""]",0.44,,,-0.495,0.01,resolved,0x0cff65af816b094365b0bcf0ff107c98aedcb55cc100770dd8420760763b67f3,https://data.chain.link/streams/zec-usd-twap-60s-streams,1147.5115563654447,2026-09-12 12:16:27+00
bnb-updown-15m-1789215300,BNB,"BNB Up or Down - September 12, 8:15AM-8:30AM ET",2026-09-12T12:30:00Z,2026-09-12T12:15:00Z,736.1486654847905,Down,"[""0"", ""1""]",0.23,75.347827,,-0.5045,0.001,resolved,0x2d778574d792217c05ce55f1e3189f19e62b9acee308e45343ed738cd7f86b57,https://data.chain.link/streams/bnb-usd-twap-60s-streams,735.8516128767244,2026-09-12 12:31:27+00
btc-updown-15m-1789215300,BTC,"Bitcoin Up or Down - September 12, 8:15AM-8:30AM ET",2026-09-12T12:30:00Z,2026-09-12T12:15:00Z,77311.29846296592,Up,"[""1"", ""0""]",0.99,31593.764650999983,5,0.49,0.01,resolved,0x57ba63563c5a604ae5ce42051c488cd2dc9db82b617365082063efa122c7b701,https://data.chain.link/streams/btc-usd-twap-60s-streams,77315.43844778741,2026-09-12 12:31:25+00
doge-updown-15m-1789215300,DOGE,"Dogecoin Up or Down - September 12, 8:15AM-8:30AM ET",2026-09-12T12:30:00Z,2026-09-12T12:15:00Z,0.08500164990471666,Down,"[""0"", ""1""]",0.08,337.287037,,-0.495,0.01,resolved,0xbab568982ba77080a6957f016524400ba9bffb1929e72e56d982e6d3287f7895,https://data.chain.link/streams/doge-usd-twap-60s-streams,0.08498445772215237,2026-09-12 12:31:27+00
eth-updown-15m-1789215300,ETH,"Ethereum Up or Down - September 12, 8:15AM-8:30AM ET",2026-09-12T12:30:00Z,2026-09-12T12:15:00Z,2533.326278945379,Down,"[""0"", ""1""]",0.26,4063.155446,5,-0.5,0.01,resolved,0x8e2168b2e99190e6d605942d4096a02127f82a926fff6a15874e1ca03b69fc74,https://data.chain.link/streams/eth-usd-twap-60s-streams,2533.2340369413055,2026-09-12 12:31:27+00
hype-updown-15m-1789215300,HYPE,"Hyperliquid Up or Down - September 12, 8:15AM-8:30AM ET",2026-09-12T12:30:00Z,2026-09-12T12:15:00Z,80.19799670865017,Down,"[""0"", ""1""]",0.1,,,-0.5,0.01,resolved,0xf5840aa16a586e8a97fe76c5f357e746518ef53f3cb0292f987dbfe2eb43f51a,https://data.chain.link/streams/hype-usd-twap-60s-streams,80.1645465967053,2026-09-12 12:31:27+00
sol-updown-15m-1789215300,SOL,"Solana Up or Down - September 12, 8:15AM-8:30AM ET",2026-09-12T12:30:00Z,2026-09-12T12:15:00Z,102.19005272410438,Up,"[""1"", ""0""]",0.98,1267.8085259999996,,0.4945,0.001,resolved,0x30fadce71f36d92b064c9687578d2390cd888e76a37216967de67649855bbfb3,https://data.chain.link/streams/sol-usd-twap-60s-streams,102.30427839324348,2026-09-12 12:31:27+00
xrp-updown-15m-1789215300,XRP,"XRP Up or Down - September 12, 8:15AM-8:30AM ET",2026-09-12T12:30:00Z,2026-09-12T12:15:00Z,1.3709474022898425,Up,"[""1"", ""0""]",0.99,985.7954699999999,,0.49,0.01,resolved,0x961f5a0aace70685f5add1e403efffe7f8ebc5755763f863a7da11491f775333,https://data.chain.link/streams/xrp-usd-twap-60s-streams,1.3710007893249614,2026-09-12 12:31:25+00
zec-updown-15m-1789215300,ZEC,"ZCash Up or Down - September 12, 8:15AM-8:30AM ET",2026-09-12T12:30:00Z,2026-09-12T12:15:00Z,1147.5115563654447,Up,"[""1"", ""0""]",,,,0.495,0.01,resolved,0x8b3e83a4281c670ab82802c691c29b89d91be03e45fd6077ff90174eea836bb3,https://data.chain.link/streams/zec-usd-twap-60s-streams,1149.3788414153614,2026-09-12 12:31:25+00
bnb-updown-15m-1789216200,BNB,"BNB Up or Down - September 12, 8:30AM-8:45AM ET",2026-09-12T12:45:00Z,2026-09-12T12:30:00Z,735.8516128767244,Up,"[""1"", ""0""]",0.96,170.23725000000002,,0.4945,0.001,resolved,0x01559d2ef0eeadb45565b1113bdf92e0fed759ed006e3452777142fb1efdba88,https://data.chain.link/streams/bnb-usd-twap-60s-streams,736.346331607991,2026-09-12 12:46:27+00
btc-updown-15m-1789216200,BTC,"Bitcoin Up or Down - September 12, 8:30AM-8:45AM ET",2026-09-12T12:45:00Z,2026-09-12T12:30:00Z,77315.43844778741,Down,"[""0"", ""1""]",0.01,50730.04388799999,5,-0.5,0.01,resolved,0x7d6b4b7d418c352cbd0d934da07189a37ed46271ecb8f651ee6e94b874bdfe8d,https://data.chain.link/streams/btc-usd-twap-60s-streams,77312.85489555752,2026-09-12 12:46:25+00
doge-updown-15m-1789216200,DOGE,"Dogecoin Up or Down - September 12, 8:30AM-8:45AM ET",2026-09-12T12:45:00Z,2026-09-12T12:30:00Z,0.08498445772215237,Up,"[""1"", ""0""]",0.999,109.357886,,0.4995,0.001,resolved,0x03d38bf68c98227f496429b3457dbeb82d257eb667c2d5a813c4ff8c70f7ccb9,https://data.chain.link/streams/doge-usd-twap-60s-streams,0.08502936931385982,2026-09-12 12:46:33+00
eth-updown-15m-1789216200,ETH,"Ethereum Up or Down - September 12, 8:30AM-8:45AM ET",2026-09-12T12:45:00Z,2026-09-12T12:30:00Z,2533.2340369413055,Up,"[""1"", ""0""]",0.999,2183.028375,5,0.5045,0.001,resolved,0x58fe4bca6dedc2d8955379022716586a6f033d597e385851fcb98b61f8b77739,https://data.chain.link/streams/eth-usd-twap-60s-streams,2534.369989843959,2026-09-12 12:46:25+00
hype-updown-15m-1789216200,HYPE,"Hyperliquid Up or Down - September 12, 8:30AM-8:45AM ET",2026-09-12T12:45:00Z,2026-09-12T12:30:00Z,80.1645465967053,Up,"[""1"", ""0""]",0.999,,,0.4945,0.001,resolved,0xb6c126c53e10fc4fdd438a907c6d922401576636a2013990da87b74a8f26aa00,https://data.chain.link/streams/hype-usd-twap-60s-streams,80.3278628557085,2026-09-12 12:46:27+00
sol-updown-15m-1789216200,SOL,"Solana Up or Down - September 12, 8:30AM-8:45AM ET",2026-09-12T12:45:00Z,2026-09-12T12:30:00Z,102.30427839324348,Down,"[""0"", ""1""]",0.06,1607.1283680000001,,-0.5045,0.001,resolved,0x55330ad4cbeeecbb465b761fab803f4d58e8ad7731cf68a35fa04fda4150de1a,https://data.chain.link/streams/sol-usd-twap-60s-streams,102.24387110150737,2026-09-12 12:46:25+00
xrp-updown-15m-1789216200,XRP,"XRP Up or Down - September 12, 8:30AM-8:45AM ET",2026-09-12T12:45:00Z,2026-09-12T12:30:00Z,1.3710007893249614,Down,"[""0"", ""1""]",0.13,588.9581200000001,,-0.4995,0.001,resolved,0xaedf7d35e4b0c33c6e3dcc7690a5cd0fe5ba537755117f130019ddd27d09ece1,https://data.chain.link/streams/xrp-usd-twap-60s-streams,1.3703735515479358,2026-09-12 12:46:25+00
zec-updown-15m-1789216200,ZEC,"ZCash Up or Down - September 12, 8:30AM-8:45AM ET",2026-09-12T12:45:00Z,2026-09-12T12:30:00Z,1149.3788414153614,Up,"[""1"", ""0""]",,,,0.4995,0.001,resolved,0xe9efbcef092a894c26290ca79ff73a8ba85d55c37f493895020be368c8981cb7,https://data.chain.link/streams/zec-usd-twap-60s-streams,1158.2545144870394,2026-09-12 12:46:27+00
bnb-updown-15m-1789217100,BNB,"BNB Up or Down - September 12, 8:45AM-9:00AM ET",2026-09-12T13:00:00Z,2026-09-12T12:45:00Z,736.346331607991,Down,"[""0"", ""1""]",,,,-0.5045,0.001,resolved,0x809cd42f9bc436f894ce528144723fa107caad3522be5969bcf4fd7a4f30af84,https://data.chain.link/streams/bnb-usd-twap-60s-streams,735.9907947704252,2026-09-12 13:00:55+00
btc-updown-15m-1789217100,BTC,"Bitcoin Up or Down - September 12, 8:45AM-9:00AM ET",2026-09-12T13:00:00Z,2026-09-12T12:45:00Z,77312.85489555752,Up,"[""1"", ""0""]",0.99,164145.8303600001,,0.49,0.01,resolved,0x9c3d90f6904f41cf65e67c8a2de038cf8f17fc27c6aa23e614342fd8fcc1a6ae,https://data.chain.link/streams/btc-usd-twap-60s-streams,77313.87980820447,2026-09-12 13:00:55+00
doge-updown-15m-1789217100,DOGE,"Dogecoin Up or Down - September 12, 8:45AM-9:00AM ET",2026-09-12T13:00:00Z,2026-09-12T12:45:00Z,0.08502936931385982,Down,"[""0"", ""1""]",0.22,251.230828,34.9037,-0.5,0.01,resolved,0xbe309ba448a229b1c441d63f21484d8f58851ae674878ef409a164a8307284fa,https://data.chain.link/streams/doge-usd-twap-60s-streams,0.08500989837464082,2026-09-12 13:00:55+00
eth-updown-15m-1789217100,ETH,"Ethereum Up or Down - September 12, 8:45AM-9:00AM ET",2026-09-12T13:00:00Z,2026-09-12T12:45:00Z,2534.369989843959,Up,"[""1"", ""0""]",0.99,6304.43774,,0.49,0.01,resolved,0x05283272e11cc02cad713d56e504dd50f232d42fbb07bc10e4f51b3a7b45476f,https://data.chain.link/streams/eth-usd-twap-60s-streams,2534.648497598088,2026-09-12 13:00:55+00
hype-updown-15m-1789217100,HYPE,"Hyperliquid Up or Down - September 12, 8:45AM-9:00AM ET",2026-09-12T13:00:00Z,2026-09-12T12:45:00Z,80.3278628557085,Down,"[""0"", ""1""]",0.29,,,-0.5045,0.001,resolved,0x9cc5a700be11f93b846995805eb30f37340997a79ac00b67447b7a1c45c4c6b7,https://data.chain.link/streams/hype-usd-twap-60s-streams,80.29860575180105,2026-09-12 13:00:55+00
sol-updown-15m-1789217100,SOL,"Solana Up or Down - September 12, 8:45AM-9:00AM ET",2026-09-12T13:00:00Z,2026-09-12T12:45:00Z,102.24387110150737,Down,"[""0"", ""1""]",0.04,1211.616069,,-0.5045,0.001,resolved,0x6ccbdffd0b8dc983a0f3728b91e0a690a8d07b3f641b5eb8e07d697a3eaa224f,https://data.chain.link/streams/sol-usd-twap-60s-streams,102.03120415026602,2026-09-12 13:00:54+00
xrp-updown-15m-1789217100,XRP,"XRP Up or Down - September 12, 8:45AM-9:00AM ET",2026-09-12T13:00:00Z,2026-09-12T12:45:00Z,1.3703735515479358,Down,"[""0"", ""1""]",0.2,530.619867,,-0.5045,0.001,resolved,0xa25cdb70da79a98c85b5df0c5ab44a888e2755e22cfaa92187a2b770a141cd85,https://data.chain.link/streams/xrp-usd-twap-60s-streams,1.369827206638427,2026-09-12 13:00:55+00
zec-updown-15m-1789217100,ZEC,"ZCash Up or Down - September 12, 8:45AM-9:00AM ET",2026-09-12T13:00:00Z,2026-09-12T12:45:00Z,1158.2545144870394,Up,"[""1"", ""0""]",,,,0.495,0.01,resolved,0x3e678e9b525391a773b65424a2956be7b54ff7a4f412f47ceccd33f6b0348f45,https://data.chain.link/streams/zec-usd-twap-60s-streams,1160.2410907167034,2026-09-12 13:00:55+00
bnb-updown-15m-1789218000,BNB,"BNB Up or Down - September 12, 9:00AM-9:15AM ET",2026-09-12T13:15:00Z,2026-09-12T13:00:00Z,735.9907947704252,Down,"[""0"", ""1""]",0.15,,,-0.5045,0.001,resolved,0x7f49141745a6a40b016e292c602829ff216391ea7ee3253c1d40cdef9b0fc2dc,https://data.chain.link/streams/bnb-usd-twap-60s-streams,735.3520478704428,2026-09-12 13:15:55+00
btc-updown-15m-1789218000,BTC,"Bitcoin Up or Down - September 12, 9:00AM-9:15AM ET",2026-09-12T13:15:00Z,2026-09-12T13:00:00Z,77313.87980820447,Down,"[""0"", ""1""]",0.01,180416.16102400006,2824.92,-0.49,0.01,resolved,0x8ab70a2d1613de823fed7c584643fcb3a19034c6de337d032141e952ce608f43,https://data.chain.link/streams/btc-usd-twap-60s-streams,77305.23436822729,2026-09-12 13:15:55+00
doge-updown-15m-1789218000,DOGE,"Dogecoin Up or Down - September 12, 9:00AM-9:15AM ET",2026-09-12T13:15:00Z,2026-09-12T13:00:00Z,0.08500989837464082,Down,"[""0"", ""1""]",0.1,653.384978,,-0.4995,0.001,resolved,0x5453f39874b9262cdf391464e01b6a4ccc60e28e6c81ad889b3b839a3aa93fee,https://data.chain.link/streams/doge-usd-twap-60s-streams,0.08485229451458205,2026-09-12 13:15:55+00
eth-updown-15m-1789218000,ETH,"Ethereum Up or Down - September 12, 9:00AM-9:15AM ET",2026-09-12T13:15:00Z,2026-09-12T13:00:00Z,2534.648497598088,Up,"[""1"", ""0""]",0.999,6703.257429000002,,0.5045,0.001,resolved,0x9b31b219964bfeaca1f4889de68709c7ef815c1ff8e3a7f37a930e36f27a5ede,https://data.chain.link/streams/eth-usd-twap-60s-streams,2539.505301626306,2026-09-12 13:15:55+00
hype-updown-15m-1789218000,HYPE,"Hyperliquid Up or Down - September 12, 9:00AM-9:15AM ET",2026-09-12T13:15:00Z,2026-09-12T13:00:00Z,80.29860575180105,Down,"[""0"", ""1""]",0.66,,,-0.4995,0.001,resolved,0x5edd081cc72132768087d41c5c34fded212b93b66e5b998bf730789d0cd52118,https://data.chain.link/streams/hype-usd-twap-60s-streams,80.16036177233802,2026-09-12 13:15:55+00
sol-updown-15m-1789218000,SOL,"Solana Up or Down - September 12, 9:00AM-9:15AM ET",2026-09-12T13:15:00Z,2026-09-12T13:00:00Z,102.03120415026602,Down,"[""0"", ""1""]",0.01,3189.696338000001,,-0.4995,0.001,resolved,0xaff816b787475401f7603cc4c79d874be2b44c18ee85b4a09bebf44805892a8f,https://data.chain.link/streams/sol-usd-twap-60s-streams,101.92426787815032,2026-09-12 13:15:55+00
xrp-updown-15m-1789218000,XRP,"XRP Up or Down - September 12, 9:00AM-9:15AM ET",2026-09-12T13:15:00Z,2026-09-12T13:00:00Z,1.369827206638427,Down,"[""0"", ""1""]",0.28,1409.926803,,-0.4995,0.001,resolved,0x2f9ea2feb7b50e4b2922f09c8f0701cb7e8e0b25c2880bdfdd0b8b31416b6faa,https://data.chain.link/streams/xrp-usd-twap-60s-streams,1.3676693875729213,2026-09-12 13:15:55+00
zec-updown-15m-1789218000,ZEC,"ZCash Up or Down - September 12, 9:00AM-9:15AM ET",2026-09-12T13:15:00Z,2026-09-12T13:00:00Z,1160.2410907167034,Down,"[""0"", ""1""]",,,,-0.4995,0.001,resolved,0x7e4c02d2075ea396ea50637251b316b418c5ea63d9e398f63e9ef27a2b073e8d,https://data.chain.link/streams/zec-usd-twap-60s-streams,1154.12908093492,2026-09-12 13:15:55+00
bnb-updown-15m-1789218900,BNB,"BNB Up or Down - September 12, 9:15AM-9:30AM ET",2026-09-12T13:30:00Z,2026-09-12T13:15:00Z,735.3520478704428,Up,"[""1"", ""0""]",0.99,268.167993,,0.49,0.01,resolved,0xbbb5cd9d6149663f8f75353a656b02ccd3861ea5706d762c9c5c17a54d7b7ee5,https://data.chain.link/streams/bnb-usd-twap-60s-streams,735.7795524819749,2026-09-12 13:31:27+00
btc-updown-15m-1789218900,BTC,"Bitcoin Up or Down - September 12, 9:15AM-9:30AM ET",2026-09-12T13:30:00Z,2026-09-12T13:15:00Z,77305.23436822729,Down,"[""0"", ""1""]",0.01,154193.29269799992,5,-0.5,0.01,resolved,0xb30722dd438b43fa8dac98cc31470b6637e83297203d05230eb0a19e8fa99e21,https://data.chain.link/streams/btc-usd-twap-60s-streams,77295.2418593405,2026-09-12 13:31:27+00
doge-updown-15m-1789218900,DOGE,"Dogecoin Up or Down - September 12, 9:15AM-9:30AM ET",2026-09-12T13:30:00Z,2026-09-12T13:15:00Z,0.08485229451458205,Up,"[""1"", ""0""]",0.99,391.402502,,0.495,0.01,resolved,0x6800b187c3bb3694b27edb8160dbbe52629da6c8c0bc0bdcb2843016ca952a1a,https://data.chain.link/streams/doge-usd-twap-60s-streams,0.08494872835865376,2026-09-12 13:31:27+00
eth-updown-15m-1789218900,ETH,"Ethereum Up or Down - September 12, 9:15AM-9:30AM ET",2026-09-12T13:30:00Z,2026-09-12T13:15:00Z,2539.505301626306,Up,"[""1"", ""0""]",0.99,7825.183691000002,5,0.49,0.01,resolved,0x6652f97dba1b459fe0a72e7202686ffe93743ce5d3fb12f34ae9504d96f0ef7a,https://data.chain.link/streams/eth-usd-twap-60s-streams,2540.266901407671,2026-09-12 13:31:27+00
hype-updown-15m-1789218900,HYPE,"Hyperliquid Up or Down - September 12, 9:15AM-9:30AM ET",2026-09-12T13:30:00Z,2026-09-12T13:15:00Z,80.16036177233802,Up,"[""1"", ""0""]",0.99,,,0.4945,0.001,resolved,0xc47bce5745f03bc99132a29b56be7f92e7afe66bec1d502cc4064e86551bc545,https://data.chain.link/streams/hype-usd-twap-60s-streams,80.30643244910722,2026-09-12 13:31:27+00
sol-updown-15m-1789218900,SOL,"Solana Up or Down - September 12, 9:15AM-9:30AM ET",2026-09-12T13:30:00Z,2026-09-12T13:15:00Z,101.92426787815032,Down,"[""0"", ""1""]",0.01,2156.1230919999994,,-0.5,0.01,resolved,0x4f06632ce0e98f9612e7875598d237811b37c71379c8814a0ecfd8e8654ad6cc,https://data.chain.link/streams/sol-usd-twap-60s-streams,101.90419400102994,2026-09-12 13:31:25+00
xrp-updown-15m-1789218900,XRP,"XRP Up or Down - September 12, 9:15AM-9:30AM ET",2026-09-12T13:30:00Z,2026-09-12T13:15:00Z,1.3676693875729213,Up,"[""1"", ""0""]",0.98,1044.6880460000002,,0.49,0.01,resolved,0x24dfd8b5254a94734688432265bb50ca5db39cbc4cb85549946cab0a28b4521e,https://data.chain.link/streams/xrp-usd-twap-60s-streams,1.3682582659598856,2026-09-12 13:31:27+00
zec-updown-15m-1789218900,ZEC,"ZCash Up or Down - September 12, 9:15AM-9:30AM ET",2026-09-12T13:30:00Z,2026-09-12T13:15:00Z,1154.12908093492,Down,"[""0"", ""1""]",0.45,,,-0.495,0.01,resolved,0x2618899d9985ad209d83dcfbba85e139806e59e842ae22b3ec873c81facfdc66,https://data.chain.link/streams/zec-usd-twap-60s-streams,1153.1832142841015,2026-09-12 13:31:27+00
bnb-updown-15m-1789219800,BNB,"BNB Up or Down - September 12, 9:30AM-9:45AM ET",2026-09-12T13:45:00Z,2026-09-12T13:30:00Z,735.7795524819749,Up,"[""1"", ""0""]",0.99,101.26852099999999,,0.49,0.01,resolved,0xc78bec67b1d4098393351a3637ef04cfebc7e318664848986629227fae927633,https://data.chain.link/streams/bnb-usd-twap-60s-streams,735.8390513189466,2026-09-12 13:46:27+00
btc-updown-15m-1789219800,BTC,"Bitcoin Up or Down - September 12, 9:30AM-9:45AM ET",2026-09-12T13:45:00Z,2026-09-12T13:30:00Z,77295.2418593405,Down,"[""0"", ""1""]",0.01,148086.65076000002,5,-0.5045,0.001,resolved,0x009c9fbf524d70ea5cc9ef04db560f17e95a4d75353ae03c845a01a9cb8095b4,https://data.chain.link/streams/btc-usd-twap-60s-streams,77281.95278173167,2026-09-12 13:46:27+00
doge-updown-15m-1789219800,DOGE,"Dogecoin Up or Down - September 12, 9:30AM-9:45AM ET",2026-09-12T13:45:00Z,2026-09-12T13:30:00Z,0.08494872835865376,Down,"[""0"", ""1""]",0.02,140.904173,,-0.4995,0.001,resolved,0x26e901cec9582cf181f8d12e1748e8b4b0ff5b0d84ddc615c1325470e543e8aa,https://data.chain.link/streams/doge-usd-twap-60s-streams,0.08492579192738434,2026-09-12 13:46:34+00
eth-updown-15m-1789219800,ETH,"Ethereum Up or Down - September 12, 9:30AM-9:45AM ET",2026-09-12T13:45:00Z,2026-09-12T13:30:00Z,2540.266901407671,Down,"[""0"", ""1""]",0.06,3731.1565689999998,5,-0.4945,0.001,resolved,0x7eff4f1a52637fc33dd69ba4914c7bc3b6d253a474ad1808d2224a8bb6d461b9,https://data.chain.link/streams/eth-usd-twap-60s-streams,2538.101597014636,2026-09-12 13:46:27+00
hype-updown-15m-1789219800,HYPE,"Hyperliquid Up or Down - September 12, 9:30AM-9:45AM ET",2026-09-12T13:45:00Z,2026-09-12T13:30:00Z,80.30643244910722,Down,"[""0"", ""1""]",0.55,463.47603599999997,,-0.4995,0.001,resolved,0x04f7b3753a780454c546a4db167afafcb104bfbf024426d75404b36ac1d059ff,https://data.chain.link/streams/hype-usd-twap-60s-streams,80.21590068083799,2026-09-12 13:46:27+00
sol-updown-15m-1789219800,SOL,"Solana Up or Down - September 12, 9:30AM-9:45AM ET",2026-09-12T13:45:00Z,2026-09-12T13:30:00Z,101.90419400102994,Down,"[""0"", ""1""]",0.01,2133.5158060000003,,-0.4995,0.001,resolved,0x381ddac70b0bc7d43fb13f78bfc936fb497026f2c36fca40f00a94d264590252,https://data.chain.link/streams/sol-usd-twap-60s-streams,101.85463932861224,2026-09-12 13:46:36+00
xrp-updown-15m-1789219800,XRP,"XRP Up or Down - September 12, 9:30AM-9:45AM ET",2026-09-12T13:45:00Z,2026-09-12T13:30:00Z,1.3682582659598856,Down,"[""0"", ""1""]",0.05,633.9451120000001,,-0.5045,0.001,resolved,0x16b0423186eb027e51d8c9c869c5c33481ade4f082198dd03e60dc1aebffc00b,https://data.chain.link/streams/xrp-usd-twap-60s-streams,1.3666382616068162,2026-09-12 13:46:27+00
zec-updown-15m-1789219800,ZEC,"ZCash Up or Down - September 12, 9:30AM-9:45AM ET",2026-09-12T13:45:00Z,2026-09-12T13:30:00Z,1153.1832142841015,Up,"[""1"", ""0""]",,,,0.4995,0.001,resolved,0x78bd20941e64f8e86d8a87879a85c420bd06fd68adb3a4ffc02f5eaf8a5bcaba,https://data.chain.link/streams/zec-usd-twap-60s-streams,1154.8796779167926,2026-09-12 13:46:27+00
bnb-updown-15m-1789220700,BNB,"BNB Up or Down - September 12, 9:45AM-10:00AM ET",2026-09-12T14:00:00Z,2026-09-12T13:45:00Z,735.8390513189466,Up,"[""1"", ""0""]",0.99,224.45951500000004,,0.49,0.01,resolved,0xa7327eb8293460e1e27963046fbefd5ef78af3a38d4bc8205b961e5720dd6115,https://data.chain.link/streams/bnb-usd-twap-60s-streams,736.2181889991051,2026-09-12 14:00:54+00
btc-updown-15m-1789220700,BTC,"Bitcoin Up or Down - September 12, 9:45AM-10:00AM ET",2026-09-12T14:00:00Z,2026-09-12T13:45:00Z,77281.95278173167,Up,"[""1"", ""0""]",0.999,15651.957246,9.803922,0.4945,0.001,resolved,0xefdfbbf17d3a44e847349470d1133817a0afd6c295279e31de06be382718b297,https://data.chain.link/streams/btc-usd-twap-60s-streams,77345.89970658894,2026-09-12 14:00:55+00
doge-updown-15m-1789220700,DOGE,"Dogecoin Up or Down - September 12, 9:45AM-10:00AM ET",2026-09-12T14:00:00Z,2026-09-12T13:45:00Z,0.08492579192738434,Up,"[""1"", ""0""]",0.99,502.528382,,0.495,0.01,resolved,0xd3adc492ab1f571c96f300f4c726ae03a7459b8f16bc6fe8e50189193595d2d3,https://data.chain.link/streams/doge-usd-twap-60s-streams,0.0849428434025914,2026-09-12 14:00:55+00
eth-updown-15m-1789220700,ETH,"Ethereum Up or Down - September 12, 9:45AM-10:00AM ET",2026-09-12T14:00:00Z,2026-09-12T13:45:00Z,2538.101597014636,Up,"[""1"", ""0""]",0.999,2669.840892,,0.4945,0.001,resolved,0xb4d61a6db5171c4fc0cb501660147dd4ca9985b5b8f0a757ae67edca5656cd8d,https://data.chain.link/streams/eth-usd-twap-60s-streams,2543.709399672487,2026-09-12 14:01:27+00
hype-updown-15m-1789220700,HYPE,"Hyperliquid Up or Down - September 12, 9:45AM-10:00AM ET",2026-09-12T14:00:00Z,2026-09-12T13:45:00Z,80.21590068083799,Down,"[""0"", ""1""]",0.37,158.15582799999999,,-0.5,0.01,resolved,0x678ac9b8c0a4b196d1f2cb15efcc635582ff600adfa7dbb26f096e8918a88888,https://data.chain.link/streams/hype-usd-twap-60s-streams,80.17979877724137,2026-09-12 14:01:27+00
sol-updown-15m-1789220700,SOL,"Solana Up or Down - September 12, 9:45AM-10:00AM ET",2026-09-12T14:00:00Z,2026-09-12T13:45:00Z,101.85463932861224,Up,"[""1"", ""0""]",0.99,1284.8387829999997,9.803922,0.49,0.01,resolved,0xd1a6873c722217e97aa7002046d08ae8fde3543b7a70555c9e5eee3acc48fe3a,https://data.chain.link/streams/sol-usd-twap-60s-streams,101.94851456417584,2026-09-12 14:00:55+00
xrp-updown-15m-1789220700,XRP,"XRP Up or Down - September 12, 9:45AM-10:00AM ET",2026-09-12T14:00:00Z,2026-09-12T13:45:00Z,1.3666382616068162,Up,"[""1"", ""0""]",0.999,625.335197,,0.4945,0.001,resolved,0x224b1e4e594639af3b241ed78b21eede8d146b95ab72368ea50959b56f49a889,https://data.chain.link/streams/xrp-usd-twap-60s-streams,1.3676627046405783,2026-09-12 14:01:27+00
zec-updown-15m-1789220700,ZEC,"ZCash Up or Down - September 12, 9:45AM-10:00AM ET",2026-09-12T14:00:00Z,2026-09-12T13:45:00Z,1154.8796779167926,Down,"[""0"", ""1""]",,,,-0.495,0.01,resolved,0x70970ec6bd20560c84d80ce7174642d1a97fe73c567b9ea068666dab56fe7da5,https://data.chain.link/streams/zec-usd-twap-60s-streams,1151.275295860943,2026-09-12 14:01:27+00
bnb-updown-15m-1789221600,BNB,"BNB Up or Down - September 12, 10:00AM-10:15AM ET",2026-09-12T14:15:00Z,2026-09-12T14:00:00Z,736.2181889991051,Down,"[""0"", ""1""]",0.13,152.546158,,-0.47,0.05,resolved,0x5e4ca2917547dd3e35a0b99cc322aecffdd18c973f3ca208f4afbb224f34a1be,https://data.chain.link/streams/bnb-usd-twap-60s-streams,735.9635121103593,2026-09-12 14:15:54+00
btc-updown-15m-1789221600,BTC,"Bitcoin Up or Down - September 12, 10:00AM-10:15AM ET",2026-09-12T14:15:00Z,2026-09-12T14:00:00Z,77345.89970658894,Up,"[""1"", ""0""]",0.99,19014.902567000016,2750,0.48,0.01,resolved,0x151e305580703d677d87467814f47de3a34971b7c6037f4c2c8aceeecb5c34df,https://data.chain.link/streams/btc-usd-twap-60s-streams,77351.18360752985,2026-09-12 14:15:54+00
doge-updown-15m-1789221600,DOGE,"Dogecoin Up or Down - September 12, 10:00AM-10:15AM ET",2026-09-12T14:15:00Z,2026-09-12T14:00:00Z,0.0849428434025914,Up,"[""1"", ""0""]",0.999,386.415158,,0.4995,0.001,resolved,0x0b9ff280e6c0916305745cace4075657c42c2524baa5d925a0e63a22e5172fed,https://data.chain.link/streams/doge-usd-twap-60s-streams,0.08501570580760134,2026-09-12 14:15:54+00
eth-updown-15m-1789221600,ETH,"Ethereum Up or Down - September 12, 10:00AM-10:15AM ET",2026-09-12T14:15:00Z,2026-09-12T14:00:00Z,2543.709399672487,Down,"[""0"", ""1""]",0.01,3896.8264990000002,,-0.5045,0.001,resolved,0x2695f1b557e0f2dad4ceea600c4ddf3b686d679d68439b9aeada246e8f7c0a0e,https://data.chain.link/streams/eth-usd-twap-60s-streams,2540.607226377989,2026-09-12 14:15:54+00
hype-updown-15m-1789221600,HYPE,"Hyperliquid Up or Down - September 12, 10:00AM-10:15AM ET",2026-09-12T14:15:00Z,2026-09-12T14:00:00Z,80.17979877724137,Up,"[""1"", ""0""]",0.99,61.11,,0.495,0.01,resolved,0x0675bf95658b5c09cc969298ea11f397920f47a3c5bd83879770694a7a8147a3,https://data.chain.link/streams/hype-usd-twap-60s-streams,80.24371040184819,2026-09-12 14:15:54+00
sol-updown-15m-1789221600,SOL,"Solana Up or Down - September 12, 10:00AM-10:15AM ET",2026-09-12T14:15:00Z,2026-09-12T14:00:00Z,101.94851456417584,Down,"[""0"", ""1""]",0.12,1326.218318,,-0.47,0.05,resolved,0xcf6839b28c5dea7364b0cd336dc37a1c20a53dee3295c9ce85e5c5fa258c67ac,https://data.chain.link/streams/sol-usd-twap-60s-streams,101.92216475141548,2026-09-12 14:15:54+00
xrp-updown-15m-1789221600,XRP,"XRP Up or Down - September 12, 10:00AM-10:15AM ET",2026-09-12T14:15:00Z,2026-09-12T14:00:00Z,1.3676627046405783,Up,"[""1"", ""0""]",0.99,786.692654,,0.395,0.04,resolved,0x49552a40b79070764a426db1c523f10b37609803d954826c9c7e0c1f7262ee55,https://data.chain.link/streams/xrp-usd-twap-60s-streams,1.3677476947655531,2026-09-12 14:15:54+00
zec-updown-15m-1789221600,ZEC,"ZCash Up or Down - September 12, 10:00AM-10:15AM ET",2026-09-12T14:15:00Z,2026-09-12T14:00:00Z,1151.275295860943,Down,"[""0"", ""1""]",,,,-0.39,0.22,resolved,0xea715f7c8d0214d25074e6d8751fe64dfb93b40235fd2a2a1ff41a6df0da638f,https://data.chain.link/streams/zec-usd-twap-60s-streams,1149.4774049503976,2026-09-12 14:15:54+00
bnb-updown-15m-1789222500,BNB,"BNB Up or Down - September 12, 10:15AM-10:30AM ET",2026-09-12T14:30:00Z,2026-09-12T14:15:00Z,735.9635121103593,Down,"[""0"", ""1""]",0.06,,,-0.5045,0.001,resolved,0xc2182860d967705948b28c0d364545c930b3e09d816ec91ffacce0089491e972,https://data.chain.link/streams/bnb-usd-twap-60s-streams,735.318938965789,2026-09-12 14:31:01+00
btc-updown-15m-1789222500,BTC,"Bitcoin Up or Down - September 12, 10:15AM-10:30AM ET",2026-09-12T14:30:00Z,2026-09-12T14:15:00Z,77351.18360752985,Up,"[""1"", ""0""]",0.99,22996.66515899999,,0.4945,0.001,resolved,0x38df0064146e4a06d9d389d8571831998119214a8c06d18fb121b247f8d0f33c,https://data.chain.link/streams/btc-usd-twap-60s-streams,77406.69833526756,2026-09-12 14:30:54+00
doge-updown-15m-1789222500,DOGE,"Dogecoin Up or Down - September 12, 10:15AM-10:30AM ET",2026-09-12T14:30:00Z,2026-09-12T14:15:00Z,0.08501570580760134,Up,"[""1"", ""0""]",0.99,,,0.495,0.01,resolved,0x9586bd44ee3ec6a067618ac8f44e9b3bc85d0dd64fd753dce310bbd470ae2205,https://data.chain.link/streams/doge-usd-twap-60s-streams,0.0850726057166667,2026-09-12 14:30:54+00
eth-updown-15m-1789222500,ETH,"Ethereum Up or Down - September 12, 10:15AM-10:30AM ET",2026-09-12T14:30:00Z,2026-09-12T14:15:00Z,2540.607226377989,Up,"[""1"", ""0""]",0.99,4269.159041000002,9.901961,0.5,0.01,resolved,0xe59acf0e0bfe828c2a6d84f37c4accf492e00291b3db6d2cbe14a9250883aa5f,https://data.chain.link/streams/eth-usd-twap-60s-streams,2542.1592511330696,2026-09-12 14:31:01+00
hype-updown-15m-1789222500,HYPE,"Hyperliquid Up or Down - September 12, 10:15AM-10:30AM ET",2026-09-12T14:30:00Z,2026-09-12T14:15:00Z,80.24371040184819,Up,"[""1"", ""0""]",0.99,,,0.4945,0.001,resolved,0x0cfaac95aa30e6427df993e971af0299b0faf0a0c9a5cbecbc81f4cfec7df34f,https://data.chain.link/streams/hype-usd-twap-60s-streams,80.46839071288838,2026-09-12 14:30:54+00
sol-updown-15m-1789222500,SOL,"Solana Up or Down - September 12, 10:15AM-10:30AM ET",2026-09-12T14:30:00Z,2026-09-12T14:15:00Z,101.92216475141548,Up,"[""1"", ""0""]",0.99,,,0.49,0.01,resolved,0x31c59ad9a6aec33eee22a2d737f1e1514146fe4bb994d20430293d15895bb862,https://data.chain.link/streams/sol-usd-twap-60s-streams,101.99721676161491,2026-09-12 14:31:03+00
xrp-updown-15m-1789222500,XRP,"XRP Up or Down - September 12, 10:15AM-10:30AM ET",2026-09-12T14:30:00Z,2026-09-12T14:15:00Z,1.3677476947655531,Up,"[""1"", ""0""]",0.99,,,0.4945,0.001,resolved,0x6eea6d7fba344630871c45326300a7753d53edfa2109b2c9a87c694c9077d86b,https://data.chain.link/streams/xrp-usd-twap-60s-streams,1.3700747699690712,2026-09-12 14:31:01+00
zec-updown-15m-1789222500,ZEC,"ZCash Up or Down - September 12, 10:15AM-10:30AM ET",2026-09-12T14:30:00Z,2026-09-12T14:15:00Z,1149.4774049503976,Up,"[""1"", ""0""]",0.74,,,0.495,0.01,resolved,0x4512051e51303a293c48fed7e96d8d06c7a9a1686dacdb63a26c459725bbb65f,https://data.chain.link/streams/zec-usd-twap-60s-streams,1150.1179428900011,2026-09-12 14:30:54+00
bnb-updown-15m-1789223400,BNB,"BNB Up or Down - September 12, 10:30AM-10:45AM ET",2026-09-12T14:45:00Z,2026-09-12T14:30:00Z,735.318938965789,Down,"[""0"", ""1""]",0.12,177.07226699999998,,-0.5045,0.001,resolved,0xde3d81965a1cdd57deec7c19d9471be295005728a93b3de24a146870d69bf2f3,https://data.chain.link/streams/bnb-usd-twap-60s-streams,734.8838849000516,2026-09-12 14:46:27+00
btc-updown-15m-1789223400,BTC,"Bitcoin Up or Down - September 12, 10:30AM-10:45AM ET",2026-09-12T14:45:00Z,2026-09-12T14:30:00Z,77406.69833526756,Up,"[""1"", ""0""]",0.999,22259.781910000016,,0.4945,0.001,resolved,0x16e60f27665af35b34771ace770f672fb62d0c33fda4813d928fadeecbb5805d,https://data.chain.link/streams/btc-usd-twap-60s-streams,77448.42521083809,2026-09-12 14:46:27+00
doge-updown-15m-1789223400,DOGE,"Dogecoin Up or Down - September 12, 10:30AM-10:45AM ET",2026-09-12T14:45:00Z,2026-09-12T14:30:00Z,0.0850726057166667,Up,"[""1"", ""0""]",0.99,60.244167000000004,,0.4995,0.001,resolved,0xe0ce0499c0892c277812c175330036c601115ab62b249e47e53aed28394aa91c,https://data.chain.link/streams/doge-usd-twap-60s-streams,0.08509501593008485,2026-09-12 14:46:27+00
eth-updown-15m-1789223400,ETH,"Ethereum Up or Down - September 12, 10:30AM-10:45AM ET",2026-09-12T14:45:00Z,2026-09-12T14:30:00Z,2542.1592511330696,Down,"[""0"", ""1""]",0.01,5297.036046,,-0.5045,0.001,resolved,0x43ea3e094044780e416e98db649c2a7b0a6f160c4fc255c4c6bc2301722c77a6,https://data.chain.link/streams/eth-usd-twap-60s-streams,2540.217900193832,2026-09-12 14:46:27+00
hype-updown-15m-1789223400,HYPE,"Hyperliquid Up or Down - September 12, 10:30AM-10:45AM ET",2026-09-12T14:45:00Z,2026-09-12T14:30:00Z,80.46839071288838,Down,"[""0"", ""1""]",0.17,191.24679600000002,,-0.5,0.01,resolved,0x1c977ce8357709fff29aa87b7eb9901a72dacbaafbca816ee4bb31c9bbf471ba,https://data.chain.link/streams/hype-usd-twap-60s-streams,80.45447481823975,2026-09-12 14:46:27+00
sol-updown-15m-1789223400,SOL,"Solana Up or Down - September 12, 10:30AM-10:45AM ET",2026-09-12T14:45:00Z,2026-09-12T14:30:00Z,101.99721676161491,Up,"[""1"", ""0""]",0.99,451.402443,,0.4945,0.001,resolved,0x00eb488b40f6315f5117032c5bc468ed893a5b2f1db1ed896b2aa3b93717d9df,https://data.chain.link/streams/sol-usd-twap-60s-streams,102.02987553158461,2026-09-12 14:46:27+00
xrp-updown-15m-1789223400,XRP,"XRP Up or Down - September 12, 10:30AM-10:45AM ET",2026-09-12T14:45:00Z,2026-09-12T14:30:00Z,1.3700747699690712,Down,"[""0"", ""1""]",0.69,764.3142339999999,,-0.5,0.01,resolved,0xb1651b99b0a13ebfcc73c8e30f2736a4a147d6335ded060a51f9588c88d9c3be,https://data.chain.link/streams/xrp-usd-twap-60s-streams,1.3700152851419973,2026-09-12 14:46:27+00
zec-updown-15m-1789223400,ZEC,"ZCash Up or Down - September 12, 10:30AM-10:45AM ET",2026-09-12T14:45:00Z,2026-09-12T14:30:00Z,1150.1179428900011,Down,"[""0"", ""1""]",,,,-0.495,0.01,resolved,0x61aee4d8ebbafdb071baa4461c27839fa976a455c521c86124524086f8046de8,https://data.chain.link/streams/zec-usd-twap-60s-streams,1147.322326693223,2026-09-12 14:46:25+00
bnb-updown-15m-1789224300,BNB,"BNB Up or Down - September 12, 10:45AM-11:00AM ET",2026-09-12T15:00:00Z,2026-09-12T14:45:00Z,734.8838849000516,Down,"[""0"", ""1""]",0.11,217.05943299999998,,-0.5045,0.001,resolved,0xdcf002c177dc1a0bf5be0ca4e7c0cc4ffa48689c5ec9beba816cdfc59341315d,https://data.chain.link/streams/bnb-usd-twap-60s-streams,734.5724207250714,2026-09-12 15:00:54+00
btc-updown-15m-1789224300,BTC,"Bitcoin Up or Down - September 12, 10:45AM-11:00AM ET",2026-09-12T15:00:00Z,2026-09-12T14:45:00Z,77448.42521083809,Down,"[""0"", ""1""]",0.04,35605.461967999996,,-0.5,0.01,resolved,0x0f00d6a2b27a7ab4dd40817f90f68b2eeab3726b2ac6462a4b171b85310de6e4,https://data.chain.link/streams/btc-usd-twap-60s-streams,77440.71930672241,2026-09-12 15:00:55+00
doge-updown-15m-1789224300,DOGE,"Dogecoin Up or Down - September 12, 10:45AM-11:00AM ET",2026-09-12T15:00:00Z,2026-09-12T14:45:00Z,0.08509501593008485,Up,"[""1"", ""0""]",0.99,198.53103099999998,,0.495,0.01,resolved,0xa3899ca02a18e67afb21c6c5b68646e7492022ad554ba716440515ace20fe5e5,https://data.chain.link/streams/doge-usd-twap-60s-streams,0.0851219688333331,2026-09-12 15:00:55+00
eth-updown-15m-1789224300,ETH,"Ethereum Up or Down - September 12, 10:45AM-11:00AM ET",2026-09-12T15:00:00Z,2026-09-12T14:45:00Z,2540.217900193832,Down,"[""0"", ""1""]",0.08,5787.814156,,-0.5045,0.001,resolved,0xa575df61d176d162c346e3d7f60a3eb5f56a7acc5fd045902ed424b6753767e6,https://data.chain.link/streams/eth-usd-twap-60s-streams,2539.194210455896,2026-09-12 15:00:55+00
hype-updown-15m-1789224300,HYPE,"Hyperliquid Up or Down - September 12, 10:45AM-11:00AM ET",2026-09-12T15:00:00Z,2026-09-12T14:45:00Z,80.45447481823975,Down,"[""0"", ""1""]",0.49,140.6508,,-0.5045,0.001,resolved,0xecde1ac3f1c44c740c70550b008a134e00a0dbf07373f14e19a4fde23f806468,https://data.chain.link/streams/hype-usd-twap-60s-streams,80.30834088972843,2026-09-12 15:00:55+00
sol-updown-15m-1789224300,SOL,"Solana Up or Down - September 12, 10:45AM-11:00AM ET",2026-09-12T15:00:00Z,2026-09-12T14:45:00Z,102.02987553158461,Down,"[""0"", ""1""]",0.01,571.279006,,-0.5,0.01,resolved,0x91008f68f837c67e3117c56f0da1f1c227e5ea0d82c2b1d62c2093760408ff72,https://data.chain.link/streams/sol-usd-twap-60s-streams,101.98004545285424,2026-09-12 15:00:55+00
xrp-updown-15m-1789224300,XRP,"XRP Up or Down - September 12, 10:45AM-11:00AM ET",2026-09-12T15:00:00Z,2026-09-12T14:45:00Z,1.3700152851419973,Down,"[""0"", ""1""]",0.09,511.209982,,-0.5045,0.001,resolved,0xe13ec066b933e1eadcdcee534e06c865fd77c3865c64415da8f12a8bb0becb0b,https://data.chain.link/streams/xrp-usd-twap-60s-streams,1.3694055031601038,2026-09-12 15:00:55+00
zec-updown-15m-1789224300,ZEC,"ZCash Up or Down - September 12, 10:45AM-11:00AM ET",2026-09-12T15:00:00Z,2026-09-12T14:45:00Z,1147.322326693223,Down,"[""0"", ""1""]",,,,-0.495,0.01,resolved,0x9fff89b769973f5a663dec8fb2db48f287cc3ad5e1142ee2a79c5906dcbe03d7,https://data.chain.link/streams/zec-usd-twap-60s-streams,1143.1746287615247,2026-09-12 15:00:55+00
bnb-updown-15m-1789225200,BNB,"BNB Up or Down - September 12, 11:00AM-11:15AM ET",2026-09-12T15:15:00Z,2026-09-12T15:00:00Z,734.5724207250714,Up,"[""1"", ""0""]",0.999,320.40999899999997,,0.4945,0.001,resolved,0x8ead78ecf24ac212eb613a072fc5dc6edf7015d3776268bedefc566840b06db0,https://data.chain.link/streams/bnb-usd-twap-60s-streams,736.6799827014564,2026-09-12 15:16:27+00
btc-updown-15m-1789225200,BTC,"Bitcoin Up or Down - September 12, 11:00AM-11:15AM ET",2026-09-12T15:15:00Z,2026-09-12T15:00:00Z,77440.71930672241,Down,"[""0"", ""1""]",0.02,17739.574268,2895.483208,-0.4945,0.001,resolved,0xfe9baace52be1993f2e6b7a758d09425d5c94bf8b1ea44926cb819baf80f5287,https://data.chain.link/streams/btc-usd-twap-60s-streams,77412.95074145528,2026-09-12 15:16:27+00
doge-updown-15m-1789225200,DOGE,"Dogecoin Up or Down - September 12, 11:00AM-11:15AM ET",2026-09-12T15:15:00Z,2026-09-12T15:00:00Z,0.0851219688333331,Up,"[""1"", ""0""]",0.988,319.68231,,0.4995,0.001,resolved,0x2fce414faf838bd58c8e67f115d0392d365529c937f1a7b771afdf876508889a,https://data.chain.link/streams/doge-usd-twap-60s-streams,0.08524489345942939,2026-09-12 15:16:27+00
eth-updown-15m-1789225200,ETH,"Ethereum Up or Down - September 12, 11:00AM-11:15AM ET",2026-09-12T15:15:00Z,2026-09-12T15:00:00Z,2539.194210455896,Down,"[""0"", ""1""]",0.01,8908.432811000004,,-0.5045,0.001,resolved,0xfe84c17cc55a4f50f3dd2587586b8fdfb44e403d2ec60cdc2ca83647f582c0e1,https://data.chain.link/streams/eth-usd-twap-60s-streams,2539.099840015785,2026-09-12 15:16:27+00
hype-updown-15m-1789225200,HYPE,"Hyperliquid Up or Down - September 12, 11:00AM-11:15AM ET",2026-09-12T15:15:00Z,2026-09-12T15:00:00Z,80.30834088972843,Up,"[""1"", ""0""]",0.99,501.47950399999996,,0.4995,0.001,resolved,0x6d1353c355d082335527468d8c52fa78c47cbe9c7fee543bbd758bf36056380d,https://data.chain.link/streams/hype-usd-twap-60s-streams,80.35668107796998,2026-09-12 15:16:27+00
sol-updown-15m-1789225200,SOL,"Solana Up or Down - September 12, 11:00AM-11:15AM ET",2026-09-12T15:15:00Z,2026-09-12T15:00:00Z,101.98004545285424,Up,"[""1"", ""0""]",0.99,1170.9816979999998,9.711539,0.49,0.01,resolved,0xb902327fd896ffde3195ee304c2bab73e59abb6e3510e061d60676e9369d9bdb,https://data.chain.link/streams/sol-usd-twap-60s-streams,101.98706564882784,2026-09-12 15:16:27+00
xrp-updown-15m-1789225200,XRP,"XRP Up or Down - September 12, 11:00AM-11:15AM ET",2026-09-12T15:15:00Z,2026-09-12T15:00:00Z,1.3694055031601038,Up,"[""1"", ""0""]",0.99,3176.4721310000004,,0.4945,0.001,resolved,0x5814a4e4afcf993ea0231dd9cd206247ce82b5972d834e2f90b10ed715db6762,https://data.chain.link/streams/xrp-usd-twap-60s-streams,1.370958764654738,2026-09-12 15:16:27+00
zec-updown-15m-1789225200,ZEC,"ZCash Up or Down - September 12, 11:00AM-11:15AM ET",2026-09-12T15:15:00Z,2026-09-12T15:00:00Z,1143.1746287615247,Up,"[""1"", ""0""]",,,,0.4995,0.001,resolved,0xe84e8ed6722ca73cc346e3fb937926559a68cb8ffb3a4505a26214a235ed9abb,https://data.chain.link/streams/zec-usd-twap-60s-streams,1144.3538399563195,2026-09-12 15:16:27+00
bnb-updown-15m-1789226100,BNB,"BNB Up or Down - September 12, 11:15AM-11:30AM ET",2026-09-12T15:30:00Z,2026-09-12T15:15:00Z,736.6799827014564,Down,"[""0"", ""1""]",0.14,251.60225300000002,,-0.5,0.01,resolved,0x48feeeb9d13b343c71d3fea21295b385e3424b53a09837b9e51e473f425b3047,https://data.chain.link/streams/bnb-usd-twap-60s-streams,736.3570361726502,2026-09-12 15:31:27+00
btc-updown-15m-1789226100,BTC,"Bitcoin Up or Down - September 12, 11:15AM-11:30AM ET",2026-09-12T15:30:00Z,2026-09-12T15:15:00Z,77412.95074145528,Up,"[""1"", ""0""]",0.999,20350.945568000003,42.14,0.4995,0.001,resolved,0x40420dc2d5c89a27cdc5d4cb6a77d8bea109130018e95af78e10625643958420,https://data.chain.link/streams/btc-usd-twap-60s-streams,77447.84304089673,2026-09-12 15:31:34+00
doge-updown-15m-1789226100,DOGE,"Dogecoin Up or Down - September 12, 11:15AM-11:30AM ET",2026-09-12T15:30:00Z,2026-09-12T15:15:00Z,0.08524489345942939,Down,"[""0"", ""1""]",0.19,374.8955880000001,,-0.4995,0.001,resolved,0x48be24a69645bcdf4abb243d5331e1527c7814a288f41eefc789d5056eb5cff3,https://data.chain.link/streams/doge-usd-twap-60s-streams,0.08516328464928485,2026-09-12 15:31:27+00
eth-updown-15m-1789226100,ETH,"Ethereum Up or Down - September 12, 11:15AM-11:30AM ET",2026-09-12T15:30:00Z,2026-09-12T15:15:00Z,2539.099840015785,Up,"[""1"", ""0""]",0.999,6054.254259999998,,0.4945,0.001,resolved,0xf93eb910fdde44f18cc94952d5bb32251b024ea1d09a67d8e095f61fa15cd0e7,https://data.chain.link/streams/eth-usd-twap-60s-streams,2540.177682134051,2026-09-12 15:31:27+00
hype-updown-15m-1789226100,HYPE,"Hyperliquid Up or Down - September 12, 11:15AM-11:30AM ET",2026-09-12T15:30:00Z,2026-09-12T15:15:00Z,80.35668107796998,Up,"[""1"", ""0""]",0.99,157.981887,,0.49,0.01,resolved,0xa525988287900b4a0fafe0bba945c7464eab0f6d205c978815eb3f6637a2f131,https://data.chain.link/streams/hype-usd-twap-60s-streams,80.37723095825949,2026-09-12 15:31:27+00
sol-updown-15m-1789226100,SOL,"Solana Up or Down - September 12, 11:15AM-11:30AM ET",2026-09-12T15:30:00Z,2026-09-12T15:15:00Z,101.98706564882784,Up,"[""1"", ""0""]",0.99,1563.8184329999997,,0.49,0.01,resolved,0x15c32896f01b5879ed590590a57e69614d806956c0a262f0b0bae8c75c827c51,https://data.chain.link/streams/sol-usd-twap-60s-streams,102.0335684799358,2026-09-12 15:31:27+00
xrp-updown-15m-1789226100,XRP,"XRP Up or Down - September 12, 11:15AM-11:30AM ET",2026-09-12T15:30:00Z,2026-09-12T15:15:00Z,1.370958764654738,Down,"[""0"", ""1""]",0.06,1328.6956140000002,,-0.5045,0.001,resolved,0x7baf7b5afd04a3a55e7634bcc5598ded3219835b771aabb3b2d62914baf5564f,https://data.chain.link/streams/xrp-usd-twap-60s-streams,1.3708180960293896,2026-09-12 15:31:27+00
zec-updown-15m-1789226100,ZEC,"ZCash Up or Down - September 12, 11:15AM-11:30AM ET",2026-09-12T15:30:00Z,2026-09-12T15:15:00Z,1144.3538399563195,Down,"[""0"", ""1""]",,,,-0.495,0.01,resolved,0x2453b8ec5d3f942c938453984c745b8fe6987369b4b49a7864245d7546b9fa8b,https://data.chain.link/streams/zec-usd-twap-60s-streams,1144.002054440084,2026-09-12 15:31:27+00
bnb-updown-15m-1789227000,BNB,"BNB Up or Down - September 12, 11:30AM-11:45AM ET",2026-09-12T15:45:00Z,2026-09-12T15:30:00Z,736.3570361726502,Down,"[""0"", ""1""]",0.12,210.083167,,-0.5045,0.001,resolved,0x2eb366b4e5408a741f8432f29974a2bddf8c13c4cca34097406fc601d7c78bf8,https://data.chain.link/streams/bnb-usd-twap-60s-streams,735.6720803146252,2026-09-12 15:45:54+00
btc-updown-15m-1789227000,BTC,"Bitcoin Up or Down - September 12, 11:30AM-11:45AM ET",2026-09-12T15:45:00Z,2026-09-12T15:30:00Z,77447.84304089673,Down,"[""0"", ""1""]",0.001,22489.873987000017,,-0.5045,0.001,resolved,0x349b13b031c37633ac2c5f3630e07d455d1f07f7c74a292e3028a21902135b1d,https://data.chain.link/streams/btc-usd-twap-60s-streams,77384.07695413151,2026-09-12 15:45:54+00
doge-updown-15m-1789227000,DOGE,"Dogecoin Up or Down - September 12, 11:30AM-11:45AM ET",2026-09-12T15:45:00Z,2026-09-12T15:30:00Z,0.08516328464928485,Up,"[""1"", ""0""]",0.99,462.863604,,0.465,0.03,resolved,0x758f6023a4d76cc5563c4b7c5426003bafca3e12e7f32d785aee3d935ba948fb,https://data.chain.link/streams/doge-usd-twap-60s-streams,0.08518799938244041,2026-09-12 15:45:54+00
eth-updown-15m-1789227000,ETH,"Ethereum Up or Down - September 12, 11:30AM-11:45AM ET",2026-09-12T15:45:00Z,2026-09-12T15:30:00Z,2540.177682134051,Down,"[""0"", ""1""]",0.01,7655.942889000003,,-0.5045,0.001,resolved,0x223e3029bacc2118919251c58cdecf539873264d032c4a3555fe688d8da947a9,https://data.chain.link/streams/eth-usd-twap-60s-streams,2534.8292793358705,2026-09-12 15:45:54+00
hype-updown-15m-1789227000,HYPE,"Hyperliquid Up or Down - September 12, 11:30AM-11:45AM ET",2026-09-12T15:45:00Z,2026-09-12T15:30:00Z,80.37723095825949,Down,"[""0"", ""1""]",0.46,367.227823,,-0.17,0.63,resolved,0x7baf3edc166306ef35c866129d59d2c993d39500e05aced771cf1cd145a4a40c,https://data.chain.link/streams/hype-usd-twap-60s-streams,80.37119808919077,2026-09-12 15:45:52+00
sol-updown-15m-1789227000,SOL,"Solana Up or Down - September 12, 11:30AM-11:45AM ET",2026-09-12T15:45:00Z,2026-09-12T15:30:00Z,102.0335684799358,Up,"[""1"", ""0""]",0.99,1723.368291,,0.49,0.01,resolved,0x66345ec048d9c066528d0f1936d47b0386968476c67ad5a9eb6fd8357b28c8da,https://data.chain.link/streams/sol-usd-twap-60s-streams,102.04344732866112,2026-09-12 15:46:01+00
xrp-updown-15m-1789227000,XRP,"XRP Up or Down - September 12, 11:30AM-11:45AM ET",2026-09-12T15:45:00Z,2026-09-12T15:30:00Z,1.3708180960293896,Up,"[""1"", ""0""]",0.99,1759.907779,,0.435,0.08,resolved,0xe776e6ff7c679af44028023fcb80632833ef99796405276afb2e8427ebc30732,https://data.chain.link/streams/xrp-usd-twap-60s-streams,1.371067551073134,2026-09-12 15:45:54+00
zec-updown-15m-1789227000,ZEC,"ZCash Up or Down - September 12, 11:30AM-11:45AM ET",2026-09-12T15:45:00Z,2026-09-12T15:30:00Z,1144.002054440084,Down,"[""0"", ""1""]",,,,-0.395,0.21,resolved,0x2f01cdfee46446b1055e18a2d3dd5efaddb08a589530a6fbb85ab8e29e212e48,https://data.chain.link/streams/zec-usd-twap-60s-streams,1140.8034656236407,2026-09-12 15:45:54+00
bnb-updown-15m-1789227900,BNB,"BNB Up or Down - September 12, 11:45AM-12:00PM ET",2026-09-12T16:00:00Z,2026-09-12T15:45:00Z,735.6720803146252,Down,"[""0"", ""1""]",0.35,164.595967,,-0.5045,0.001,resolved,0x13e6bb07e0f958102f28927b59b7b9c5af8cfa6c7b2214d3b04ba79f53cbbbb4,https://data.chain.link/streams/bnb-usd-twap-60s-streams,735.045075923558,2026-09-12 16:00:54+00
btc-updown-15m-1789227900,BTC,"Bitcoin Up or Down - September 12, 11:45AM-12:00PM ET",2026-09-12T16:00:00Z,2026-09-12T15:45:00Z,77384.07695413151,Down,"[""0"", ""1""]",0.01,40929.80386000001,24.078432,-0.5,0.01,resolved,0x0e9969beac64d6e674ce1a4ffa0067c41abae3c93c706bfe17f9cf1b15b5557a,https://data.chain.link/streams/btc-usd-twap-60s-streams,77372.64337767778,2026-09-12 16:00:54+00
doge-updown-15m-1789227900,DOGE,"Dogecoin Up or Down - September 12, 11:45AM-12:00PM ET",2026-09-12T16:00:00Z,2026-09-12T15:45:00Z,0.08518799938244041,Down,"[""0"", ""1""]",0.137,118.36111,,-0.4995,0.001,resolved,0x309b7e72999a176435a46b08998ad7dd8d69232a92ce1adb22e560db36191a28,https://data.chain.link/streams/doge-usd-twap-60s-streams,0.0850814296631245,2026-09-12 16:00:54+00
eth-updown-15m-1789227900,ETH,"Ethereum Up or Down - September 12, 11:45AM-12:00PM ET",2026-09-12T16:00:00Z,2026-09-12T15:45:00Z,2534.8292793358705,Down,"[""0"", ""1""]",0.02,7812.7214760000015,,-0.5,0.01,resolved,0xdbe08208ba50abe162672e171c913bb186e86ed18533dc8c67e70d68a479dab0,https://data.chain.link/streams/eth-usd-twap-60s-streams,2534.685924371598,2026-09-12 16:00:54+00
hype-updown-15m-1789227900,HYPE,"Hyperliquid Up or Down - September 12, 11:45AM-12:00PM ET",2026-09-12T16:00:00Z,2026-09-12T15:45:00Z,80.37119808919077,Down,"[""0"", ""1""]",0.09,153.768123,,-0.5,0.01,resolved,0xfd8fdf1e2e896a37003e4fc93f790f47b42d4c11a6d4ec4ef8c582b8c8909e41,https://data.chain.link/streams/hype-usd-twap-60s-streams,80.24656632150975,2026-09-12 16:00:54+00
sol-updown-15m-1789227900,SOL,"Solana Up or Down - September 12, 11:45AM-12:00PM ET",2026-09-12T16:00:00Z,2026-09-12T15:45:00Z,102.04344732866112,Up,"[""1"", ""0""]",0.99,1371.282119,,0.49,0.01,resolved,0x1783d5071600f21c0c6c15409d4aa1a9deb5aa3bf3c12d50a98355890ae53d27,https://data.chain.link/streams/sol-usd-twap-60s-streams,102.0462807169788,2026-09-12 16:00:54+00
xrp-updown-15m-1789227900,XRP,"XRP Up or Down - September 12, 11:45AM-12:00PM ET",2026-09-12T16:00:00Z,2026-09-12T15:45:00Z,1.371067551073134,Up,"[""1"", ""0""]",0.99,1454.118144,,0.49,0.01,resolved,0x1abb94245c26d7f4d50e46ad1ac80776151c9073146063e4d398516ed5d2be98,https://data.chain.link/streams/xrp-usd-twap-60s-streams,1.3723186131363863,2026-09-12 16:00:54+00
zec-updown-15m-1789227900,ZEC,"ZCash Up or Down - September 12, 11:45AM-12:00PM ET",2026-09-12T16:00:00Z,2026-09-12T15:45:00Z,1140.8034656236407,Down,"[""0"", ""1""]",,,,-0.495,0.01,resolved,0x6dff81e2dc6a7625bc0f59d9e32b39c54564816f8472943b2e07b3b2ed3fc42b,https://data.chain.link/streams/zec-usd-twap-60s-streams,1139.158686075927,2026-09-12 16:00:54+00
bnb-updown-15m-1789228800,BNB,"BNB Up or Down - September 12, 12:00PM-12:15PM ET",2026-09-12T16:15:00Z,2026-09-12T16:00:00Z,735.045075923558,Down,"[""0"", ""1""]",0.01,703.527592,,-0.5,0.01,resolved,0x016fc25f4ac18a01458a173696087c8ec86e5ffc524e0b12af88ef378f51a091,https://data.chain.link/streams/bnb-usd-twap-60s-streams,734.2172546851712,2026-09-12 16:15:55+00
btc-updown-15m-1789228800,BTC,"Bitcoin Up or Down - September 12, 12:00PM-12:15PM ET",2026-09-12T16:15:00Z,2026-09-12T16:00:00Z,77372.64337767778,Down,"[""0"", ""1""]",0.01,26471.38791600001,3164.683519,-0.5,0.01,resolved,0x69b9eedc928f9498b7fd9642147388946a6da78c18f62d5c6af89b0124eb83bf,https://data.chain.link/streams/btc-usd-twap-60s-streams,77348.0173947405,2026-09-12 16:15:55+00
doge-updown-15m-1789228800,DOGE,"Dogecoin Up or Down - September 12, 12:00PM-12:15PM ET",2026-09-12T16:15:00Z,2026-09-12T16:00:00Z,0.0850814296631245,Down,"[""0"", ""1""]",0.1,,,-0.495,0.01,resolved,0xb770d643e5fb5846e8cdd8dc6d5d96dec667f6fab8365bbabb9330cfd316b147,https://data.chain.link/streams/doge-usd-twap-60s-streams,0.08504423023587492,2026-09-12 16:15:55+00
eth-updown-15m-1789228800,ETH,"Ethereum Up or Down - September 12, 12:00PM-12:15PM ET",2026-09-12T16:15:00Z,2026-09-12T16:00:00Z,2534.685924371598,Down,"[""0"", ""1""]",0.11,5682.982695,42.45,-0.48,0.03,resolved,0x094a6d6cf985ffed1c5db5e1a3b4f07a460921a5fc7117698ea1154c51a6093c,https://data.chain.link/streams/eth-usd-twap-60s-streams,2534.501503948764,2026-09-12 16:15:55+00
hype-updown-15m-1789228800,HYPE,"Hyperliquid Up or Down - September 12, 12:00PM-12:15PM ET",2026-09-12T16:15:00Z,2026-09-12T16:00:00Z,80.24656632150975,Down,"[""0"", ""1""]",0.06,110.548325,,-0.5,0.01,resolved,0xcfb09f9f29dde3e09755dc72d9c650ff5af679deaac0db7c6a155e55fab182b4,https://data.chain.link/streams/hype-usd-twap-60s-streams,80.21545396622804,2026-09-12 16:15:55+00
sol-updown-15m-1789228800,SOL,"Solana Up or Down - September 12, 12:00PM-12:15PM ET",2026-09-12T16:15:00Z,2026-09-12T16:00:00Z,102.0462807169788,Down,"[""0"", ""1""]",0.12,1140.495495,,-0.5,0.01,resolved,0x5de5da6363305469b925c70b2dec5c6e076f2869c81fed17c40cac0d8690eb96,https://data.chain.link/streams/sol-usd-twap-60s-streams,102.01230667825173,2026-09-12 16:15:55+00
xrp-updown-15m-1789228800,XRP,"XRP Up or Down - September 12, 12:00PM-12:15PM ET",2026-09-12T16:15:00Z,2026-09-12T16:00:00Z,1.3723186131363863,Down,"[""0"", ""1""]",0.09,804.695154,,-0.5045,0.001,resolved,0x9ffbf03b1c98e95412b9f39832f1453bc3fd5978d72e5923cdd65ff4859df641,https://data.chain.link/streams/xrp-usd-twap-60s-streams,1.3710347931988676,2026-09-12 16:15:55+00
zec-updown-15m-1789228800,ZEC,"ZCash Up or Down - September 12, 12:00PM-12:15PM ET",2026-09-12T16:15:00Z,2026-09-12T16:00:00Z,1139.158686075927,Up,"[""1"", ""0""]",,,,0.395,0.21,resolved,0x056da306daa1d6b3334ed1bd34969b0428eaa32770ef226edb0fc54eeeedecb1,https://data.chain.link/streams/zec-usd-twap-60s-streams,1141.832080737583,2026-09-12 16:15:55+00
bnb-updown-15m-1789229700,BNB,"BNB Up or Down - September 12, 12:15PM-12:30PM ET",2026-09-12T16:30:00Z,2026-09-12T16:15:00Z,734.2172546851712,Down,"[""0"", ""1""]",0.14,223.049862,,-0.4995,0.001,resolved,0x110b5d78da84c006043c5e0d4f3d925a5e253bcf1ce561c007c9d8518ffb08ea,https://data.chain.link/streams/bnb-usd-twap-60s-streams,733.848920114719,2026-09-12 16:30:52+00
btc-updown-15m-1789229700,BTC,"Bitcoin Up or Down - September 12, 12:15PM-12:30PM ET",2026-09-12T16:30:00Z,2026-09-12T16:15:00Z,77348.0173947405,Up,"[""1"", ""0""]",0.999,13198.325238000003,,0.4995,0.001,resolved,0xb5408ee2ebd5097dca594e104f51d1f272cd66d3c97fad427f096adc4573c372,https://data.chain.link/streams/btc-usd-twap-60s-streams,77367.12446532134,2026-09-12 16:30:54+00
doge-updown-15m-1789229700,DOGE,"Dogecoin Up or Down - September 12, 12:15PM-12:30PM ET",2026-09-12T16:30:00Z,2026-09-12T16:15:00Z,0.08504423023587492,Up,"[""1"", ""0""]",0.99,711.821789,,0.495,0.01,resolved,0x75cfae2ebc7c10a3a030b37feabc7fd164be2b347edad5a5669d87fb14d974a8,https://data.chain.link/streams/doge-usd-twap-60s-streams,0.08505331343691427,2026-09-12 16:30:54+00
eth-updown-15m-1789229700,ETH,"Ethereum Up or Down - September 12, 12:15PM-12:30PM ET",2026-09-12T16:30:00Z,2026-09-12T16:15:00Z,2534.501503948764,Down,"[""0"", ""1""]",0.02,2804.9833,,-0.5045,0.001,resolved,0xa59a56fd280df3ffeebd4135d99f899211398209f7cc367916332e920820a215,https://data.chain.link/streams/eth-usd-twap-60s-streams,2532.1067365358103,2026-09-12 16:30:54+00
hype-updown-15m-1789229700,HYPE,"Hyperliquid Up or Down - September 12, 12:15PM-12:30PM ET",2026-09-12T16:30:00Z,2026-09-12T16:15:00Z,80.21545396622804,Down,"[""0"", ""1""]",0.04,344.9708,,-0.5,0.01,resolved,0xf9a0cdc698a5bba0d2c555c5fb25934b7c8d7356b238da319ba5e80c988ae3c2,https://data.chain.link/streams/hype-usd-twap-60s-streams,80.10702038847162,2026-09-12 16:30:54+00
sol-updown-15m-1789229700,SOL,"Solana Up or Down - September 12, 12:15PM-12:30PM ET",2026-09-12T16:30:00Z,2026-09-12T16:15:00Z,102.01230667825173,Up,"[""1"", ""0""]",0.99,1428.7534340000004,,0.49,0.01,resolved,0xd0dcac91896ce0b699d69fa9744ab3e791e60d3a8e0a315c10757421d2833e37,https://data.chain.link/streams/sol-usd-twap-60s-streams,102.01967873039784,2026-09-12 16:30:54+00
xrp-updown-15m-1789229700,XRP,"XRP Up or Down - September 12, 12:15PM-12:30PM ET",2026-09-12T16:30:00Z,2026-09-12T16:15:00Z,1.3710347931988676,Down,"[""0"", ""1""]",0.04,1211.705997,,-0.5045,0.001,resolved,0x165c01153769bdbc286ef751ef086fad3b872f2608987455ffb60ab10bfbd5ba,https://data.chain.link/streams/xrp-usd-twap-60s-streams,1.3703456489959729,2026-09-12 16:30:54+00
zec-updown-15m-1789229700,ZEC,"ZCash Up or Down - September 12, 12:15PM-12:30PM ET",2026-09-12T16:30:00Z,2026-09-12T16:15:00Z,1141.832080737583,Up,"[""1"", ""0""]",,,,0.495,0.01,resolved,0x5ba510b454d1b7175c356da1dd804139ac02c6bdd3dff72955ac6b7cf59ff602,https://data.chain.link/streams/zec-usd-twap-60s-streams,1142.4041906363218,2026-09-12 16:30:54+00
bnb-updown-15m-1789230600,BNB,"BNB Up or Down - September 12, 12:30PM-12:45PM ET",2026-09-12T16:45:00Z,2026-09-12T16:30:00Z,733.848920114719,Down,"[""0"", ""1""]",0.22,154.20282,,-0.4995,0.001,resolved,0x2747866a8315193c143f3475f5beaa87ab1b6197057e3e625bb1ce3e59707c1f,https://data.chain.link/streams/bnb-usd-twap-60s-streams,732.1690328161468,2026-09-12 16:46:25+00
btc-updown-15m-1789230600,BTC,"Bitcoin Up or Down - September 12, 12:30PM-12:45PM ET",2026-09-12T16:45:00Z,2026-09-12T16:30:00Z,77367.12446532134,Down,"[""0"", ""1""]",0.01,35082.648157,19.607844,-0.4945,0.001,resolved,0x78e5174d708284f1a5c2fc294e81e15b03171dd3fea384fefb5de34f5ed9eb93,https://data.chain.link/streams/btc-usd-twap-60s-streams,77345.90206556462,2026-09-12 16:46:27+00
doge-updown-15m-1789230600,DOGE,"Dogecoin Up or Down - September 12, 12:30PM-12:45PM ET",2026-09-12T16:45:00Z,2026-09-12T16:30:00Z,0.08505331343691427,Down,"[""0"", ""1""]",0.23,216.34702700000003,,-0.4995,0.001,resolved,0x1f932ff3dcbbf04b26f4e6305fc53c75c7b0463b12019aac680a0e35baa3e41d,https://data.chain.link/streams/doge-usd-twap-60s-streams,0.084996729307896,2026-09-12 16:46:27+00
eth-updown-15m-1789230600,ETH,"Ethereum Up or Down - September 12, 12:30PM-12:45PM ET",2026-09-12T16:45:00Z,2026-09-12T16:30:00Z,2532.1067365358103,Down,"[""0"", ""1""]",0.03,6682.271613000001,,-0.4945,0.001,resolved,0x1b616ebbaefa304a84c9c7db76e8a246dc0f15b44f68a0681d15aa2e3e40db44,https://data.chain.link/streams/eth-usd-twap-60s-streams,2530.775242463923,2026-09-12 16:46:27+00
hype-updown-15m-1789230600,HYPE,"Hyperliquid Up or Down - September 12, 12:30PM-12:45PM ET",2026-09-12T16:45:00Z,2026-09-12T16:30:00Z,80.10702038847162,Down,"[""0"", ""1""]",0.14,448.85940199999993,,-0.495,0.01,resolved,0x1ff6a905c1bde8b61ab9cb7fa8f95d93f2d980ada52f917bb23e67aeb1acfee1,https://data.chain.link/streams/hype-usd-twap-60s-streams,80.07872959103142,2026-09-12 16:46:27+00
sol-updown-15m-1789230600,SOL,"Solana Up or Down - September 12, 12:30PM-12:45PM ET",2026-09-12T16:45:00Z,2026-09-12T16:30:00Z,102.01967873039784,Down,"[""0"", ""1""]",0.14,1053.4329260000004,,-0.4995,0.001,resolved,0x6e42e30fbe985cdd995868c196acd3f2e092081d76c2d065f65d626584d7a945,https://data.chain.link/streams/sol-usd-twap-60s-streams,101.99070008503938,2026-09-12 16:46:27+00
xrp-updown-15m-1789230600,XRP,"XRP Up or Down - September 12, 12:30PM-12:45PM ET",2026-09-12T16:45:00Z,2026-09-12T16:30:00Z,1.3703456489959729,Down,"[""0"", ""1""]",0.07,898.6703709999999,,-0.4995,0.001,resolved,0x13f9bbdd02af24960180018910755ed6bbeca03df50b04deeeab6875737b9ca9,https://data.chain.link/streams/xrp-usd-twap-60s-streams,1.369442137659511,2026-09-12 16:46:27+00
zec-updown-15m-1789230600,ZEC,"ZCash Up or Down - September 12, 12:30PM-12:45PM ET",2026-09-12T16:45:00Z,2026-09-12T16:30:00Z,1142.4041906363218,Down,"[""0"", ""1""]",,,,-0.4995,0.001,resolved,0x2ee660aed5c4a9987cedfd0271ad3a1b29a2739c5eea1165ade2985fd4026107,https://data.chain.link/streams/zec-usd-twap-60s-streams,1139.3163185687386,2026-09-12 16:46:27+00
bnb-updown-15m-1789231500,BNB,"BNB Up or Down - September 12, 12:45PM-1:00PM ET",2026-09-12T17:00:00Z,2026-09-12T16:45:00Z,732.1690328161468,Down,"[""0"", ""1""]",0.09,378.61425899999995,,-0.5,0.01,resolved,0x8c462475ec3074a71c634d22f9fd8d612035d468b94d790658eaf2712cd23c78,https://data.chain.link/streams/bnb-usd-twap-60s-streams,731.9318215821677,2026-09-12 17:00:54+00
btc-updown-15m-1789231500,BTC,"Bitcoin Up or Down - September 12, 12:45PM-1:00PM ET",2026-09-12T17:00:00Z,2026-09-12T16:45:00Z,77345.90206556462,Up,"[""1"", ""0""]",0.99,44599.427588999984,,0.49,0.01,resolved,0x456b9f2035f6fc1a323df86057f13ab79a238e766788fa62f1366afa7a0fe274,https://data.chain.link/streams/btc-usd-twap-60s-streams,77347.13352312337,2026-09-12 17:00:54+00
doge-updown-15m-1789231500,DOGE,"Dogecoin Up or Down - September 12, 12:45PM-1:00PM ET",2026-09-12T17:00:00Z,2026-09-12T16:45:00Z,0.084996729307896,Up,"[""1"", ""0""]",0.999,452.05646899999994,,0.4995,0.001,resolved,0x0c90b82b46e30a152ecaa1339f1cd43808e373b35ef1031e2cb004fd12f0aced,https://data.chain.link/streams/doge-usd-twap-60s-streams,0.08501170216991362,2026-09-12 17:00:54+00
eth-updown-15m-1789231500,ETH,"Ethereum Up or Down - September 12, 12:45PM-1:00PM ET",2026-09-12T17:00:00Z,2026-09-12T16:45:00Z,2530.775242463923,Up,"[""1"", ""0""]",0.99,7435.718443,,0.49,0.01,resolved,0xe57ddbb9c94da6d6c124c8e3df4a0be44f48f434845ac8e5b0df17f32e42aff4,https://data.chain.link/streams/eth-usd-twap-60s-streams,2530.929776758484,2026-09-12 17:00:54+00
hype-updown-15m-1789231500,HYPE,"Hyperliquid Up or Down - September 12, 12:45PM-1:00PM ET",2026-09-12T17:00:00Z,2026-09-12T16:45:00Z,80.07872959103142,Up,"[""1"", ""0""]",0.99,144.65857799999998,,0.4945,0.001,resolved,0xa83c4171f793faca74e810ce0c9c09c86f09e43ec032fcd238e5f4fbeb0230e6,https://data.chain.link/streams/hype-usd-twap-60s-streams,80.31389715544991,2026-09-12 17:00:54+00
sol-updown-15m-1789231500,SOL,"Solana Up or Down - September 12, 12:45PM-1:00PM ET",2026-09-12T17:00:00Z,2026-09-12T16:45:00Z,101.99070008503938,Up,"[""1"", ""0""]",0.99,1353.6454480000002,,0.49,0.01,resolved,0x56a1ea4afd2598e2d2dfe79ef266a4086fb96c53ac9ebe04cf47d011c5905dd4,https://data.chain.link/streams/sol-usd-twap-60s-streams,102.03384503290432,2026-09-12 17:00:54+00
xrp-updown-15m-1789231500,XRP,"XRP Up or Down - September 12, 12:45PM-1:00PM ET",2026-09-12T17:00:00Z,2026-09-12T16:45:00Z,1.369442137659511,Up,"[""1"", ""0""]",0.99,1732.9511680000003,,0.49,0.01,resolved,0xbcf8d6105ad0c1aa516d2fd7d56117a643acdad78cc3ce3b079f0cf0c553800f,https://data.chain.link/streams/xrp-usd-twap-60s-streams,1.3695290596034406,2026-09-12 17:00:52+00
zec-updown-15m-1789231500,ZEC,"ZCash Up or Down - September 12, 12:45PM-1:00PM ET",2026-09-12T17:00:00Z,2026-09-12T16:45:00Z,1139.3163185687386,Up,"[""1"", ""0""]",,,,0.495,0.01,resolved,0xbe628fdb13324ad25831a11a622c64ae91cda11f3e63cfe6ae0b5fafd87dddf9,https://data.chain.link/streams/zec-usd-twap-60s-streams,1141.2873239884336,2026-09-12 17:00:54+00
bnb-updown-15m-1789232400,BNB,"BNB Up or Down - September 12, 1:00PM-1:15PM ET",2026-09-12T17:15:00Z,2026-09-12T17:00:00Z,731.9318215821677,Down,"[""0"", ""1""]",0.19,251.52470900000003,,-0.095,0.78,resolved,0x94f95c9a2b4e0b7071367dcbf7689983d1300d5b85483d2b588070ce934d4cb4,https://data.chain.link/streams/bnb-usd-twap-60s-streams,731.863877039914,2026-09-12 17:15:54+00
btc-updown-15m-1789232400,BTC,"Bitcoin Up or Down - September 12, 1:00PM-1:15PM ET",2026-09-12T17:15:00Z,2026-09-12T17:00:00Z,77347.13352312337,Down,"[""0"", ""1""]",0.01,24010.56661600001,2884.9,-0.5,0.01,resolved,0xaa1e6670679db7df6b85c9245e4a6ed45c26854b7c99deca2c2291660a1841d7,https://data.chain.link/streams/btc-usd-twap-60s-streams,77336.1762709665,2026-09-12 17:15:52+00
doge-updown-15m-1789232400,DOGE,"Dogecoin Up or Down - September 12, 1:00PM-1:15PM ET",2026-09-12T17:15:00Z,2026-09-12T17:00:00Z,0.08501170216991362,Down,"[""0"", ""1""]",0.15,732.3377019999998,,-0.495,0.01,resolved,0xc744661acf88e0334105026e60bbb1683eee37e66540be07da44c05d3420b61e,https://data.chain.link/streams/doge-usd-twap-60s-streams,0.08498946586335378,2026-09-12 17:15:54+00
eth-updown-15m-1789232400,ETH,"Ethereum Up or Down - September 12, 1:00PM-1:15PM ET",2026-09-12T17:15:00Z,2026-09-12T17:00:00Z,2530.929776758484,Down,"[""0"", ""1""]",0.1,8010.013754999997,89.9,-0.045,0.03,resolved,0xa18566875ce44fd880c4058de66aa0e7a69e5e981a8722da763b570f4ae73b04,https://data.chain.link/streams/eth-usd-twap-60s-streams,2530.8859974222437,2026-09-12 17:15:54+00
hype-updown-15m-1789232400,HYPE,"Hyperliquid Up or Down - September 12, 1:00PM-1:15PM ET",2026-09-12T17:15:00Z,2026-09-12T17:00:00Z,80.31389715544991,Down,"[""0"", ""1""]",0.28,387.099656,,-0.5,0.01,resolved,0x89656b407c6cc403e604b5a3d8ef394fa70af439a7796bd99995db84db9b6677,https://data.chain.link/streams/hype-usd-twap-60s-streams,80.25859456738391,2026-09-12 17:15:54+00
sol-updown-15m-1789232400,SOL,"Solana Up or Down - September 12, 1:00PM-1:15PM ET",2026-09-12T17:15:00Z,2026-09-12T17:00:00Z,102.03384503290432,Up,"[""1"", ""0""]",0.99,2395.352001,,0.49,0.01,resolved,0x93f5430613a19dc6b5d3c56c941871262febf00a7085e8683f604fd8a3b29bf7,https://data.chain.link/streams/sol-usd-twap-60s-streams,102.06686718911445,2026-09-12 17:15:52+00
xrp-updown-15m-1789232400,XRP,"XRP Up or Down - September 12, 1:00PM-1:15PM ET",2026-09-12T17:15:00Z,2026-09-12T17:00:00Z,1.3695290596034406,Down,"[""0"", ""1""]",0.04,1296.1679729999998,,-0.5045,0.001,resolved,0xe2408ad8d7a10375a4a64908c7c6b4671ffbfceb8ec27ec8c8de64ac080566f4,https://data.chain.link/streams/xrp-usd-twap-60s-streams,1.3681679559973174,2026-09-12 17:15:52+00
zec-updown-15m-1789232400,ZEC,"ZCash Up or Down - September 12, 1:00PM-1:15PM ET",2026-09-12T17:15:00Z,2026-09-12T17:00:00Z,1141.2873239884336,Down,"[""0"", ""1""]",,,,-0.395,0.21,resolved,0xc0ff0a54371223f22adc96d9aab60f45ae09ab89ac7d41a80a0feafc2bd2fd58,https://data.chain.link/streams/zec-usd-twap-60s-streams,1139.6352897372462,2026-09-12 17:15:54+00
bnb-updown-15m-1789233300,BNB,"BNB Up or Down - September 12, 1:15PM-1:30PM ET",2026-09-12T17:30:00Z,2026-09-12T17:15:00Z,731.863877039914,Down,"[""0"", ""1""]",0.16,366.417897,33.078432,-0.5045,0.001,resolved,0xe59822535708ff098459e485aa4d6e05132218993b7775f0ad420de8d023d8ff,https://data.chain.link/streams/bnb-usd-twap-60s-streams,731.1973134343933,2026-09-12 17:31:27+00
btc-updown-15m-1789233300,BTC,"Bitcoin Up or Down - September 12, 1:15PM-1:30PM ET",2026-09-12T17:30:00Z,2026-09-12T17:15:00Z,77336.1762709665,Down,"[""0"", ""1""]",0.01,26011.055415000006,,-0.5045,0.001,resolved,0xbc5b615031629beae764af3cb3dc4b6568d60b2af124a4e44e6b2ea99a05fba5,https://data.chain.link/streams/btc-usd-twap-60s-streams,77275.86766572841,2026-09-12 17:31:27+00
doge-updown-15m-1789233300,DOGE,"Dogecoin Up or Down - September 12, 1:15PM-1:30PM ET",2026-09-12T17:30:00Z,2026-09-12T17:15:00Z,0.08498946586335378,Down,"[""0"", ""1""]",0.1,356.783433,,-0.4995,0.001,resolved,0xf127425caae16d68a3c29162c57cd6744fa357d2a242ccc7caa01bdb89e33af5,https://data.chain.link/streams/doge-usd-twap-60s-streams,0.08487358240902887,2026-09-12 17:31:27+00
eth-updown-15m-1789233300,ETH,"Ethereum Up or Down - September 12, 1:15PM-1:30PM ET",2026-09-12T17:30:00Z,2026-09-12T17:15:00Z,2530.8859974222437,Down,"[""0"", ""1""]",0.01,3701.228990999999,,-0.5045,0.001,resolved,0xf4aecab38676824f015ff513d3a84e9e640c7644cb4069ac6ce8ca19162e1e20,https://data.chain.link/streams/eth-usd-twap-60s-streams,2527.675960268383,2026-09-12 17:31:27+00
hype-updown-15m-1789233300,HYPE,"Hyperliquid Up or Down - September 12, 1:15PM-1:30PM ET",2026-09-12T17:30:00Z,2026-09-12T17:15:00Z,80.25859456738391,Up,"[""1"", ""0""]",0.99,146.101052,,0.4945,0.001,resolved,0x926e87faa0e4ab6310975aecdb6663cfdac3c48508072f7faec6712e82802b61,https://data.chain.link/streams/hype-usd-twap-60s-streams,80.48942656801441,2026-09-12 17:31:27+00
sol-updown-15m-1789233300,SOL,"Solana Up or Down - September 12, 1:15PM-1:30PM ET",2026-09-12T17:30:00Z,2026-09-12T17:15:00Z,102.06686718911445,Down,"[""0"", ""1""]",0.16,1320.734403,,-0.5,0.01,resolved,0xe270d1dd42c96fd80cd302568de1a0e8d147c30b7e74680be1ac2f3c9b7b3e9b,https://data.chain.link/streams/sol-usd-twap-60s-streams,102.02261110792445,2026-09-12 17:31:27+00
xrp-updown-15m-1789233300,XRP,"XRP Up or Down - September 12, 1:15PM-1:30PM ET",2026-09-12T17:30:00Z,2026-09-12T17:15:00Z,1.3681679559973174,Down,"[""0"", ""1""]",0.11,683.2714729999998,,-0.5045,0.001,resolved,0x106cb216c679e047a2eb6c944d94688f697d3a78255375f03c04f6dd2bd81b83,https://data.chain.link/streams/xrp-usd-twap-60s-streams,1.3673676868178275,2026-09-12 17:31:27+00
zec-updown-15m-1789233300,ZEC,"ZCash Up or Down - September 12, 1:15PM-1:30PM ET",2026-09-12T17:30:00Z,2026-09-12T17:15:00Z,1139.6352897372462,Up,"[""1"", ""0""]",0.59,,,0.495,0.01,resolved,0xdc442f09277cfb8352a75685f0af0b2c7db32f7ae53c9e93a0b60b03e6bae134,https://data.chain.link/streams/zec-usd-twap-60s-streams,1140.2966346522765,2026-09-12 17:31:27+00
bnb-updown-15m-1789234200,BNB,"BNB Up or Down - September 12, 1:30PM-1:45PM ET",2026-09-12T17:45:00Z,2026-09-12T17:30:00Z,731.1973134343933,Down,"[""0"", ""1""]",0.16,401.55171999999993,,-0.4995,0.001,resolved,0x218ea2102b0d43fb876b07dc8bd1cf47a18f657c75398c99732682b2d0fd4a75,https://data.chain.link/streams/bnb-usd-twap-60s-streams,730.6684775593699,2026-09-12 17:46:27+00
btc-updown-15m-1789234200,BTC,"Bitcoin Up or Down - September 12, 1:30PM-1:45PM ET",2026-09-12T17:45:00Z,2026-09-12T17:30:00Z,77275.86766572841,Down,"[""0"", ""1""]",0.03,21790.926580999996,,-0.4945,0.001,resolved,0xcb3991508984ee1c4b8eefa70619e9ceccb065eaf0759f7582bbb905ff753ddc,https://data.chain.link/streams/btc-usd-twap-60s-streams,77218.91592011339,2026-09-12 17:46:27+00
doge-updown-15m-1789234200,DOGE,"Dogecoin Up or Down - September 12, 1:30PM-1:45PM ET",2026-09-12T17:45:00Z,2026-09-12T17:30:00Z,0.08487358240902887,Up,"[""1"", ""0""]",0.99,352.243432,,0.4995,0.001,resolved,0xa449c60393f433e9db4235be722c447cd33c89d74349a9c8d312765cade8c502,https://data.chain.link/streams/doge-usd-twap-60s-streams,0.08495966026661188,2026-09-12 17:46:27+00
eth-updown-15m-1789234200,ETH,"Ethereum Up or Down - September 12, 1:30PM-1:45PM ET",2026-09-12T17:45:00Z,2026-09-12T17:30:00Z,2527.675960268383,Down,"[""0"", ""1""]",0.05,5293.885704,,-0.5045,0.001,resolved,0x68b8a274b1d38b97270312916a70eb793de277601a25fa504142179f1bb6b5f4,https://data.chain.link/streams/eth-usd-twap-60s-streams,2526.2773046264165,2026-09-12 17:46:27+00
hype-updown-15m-1789234200,HYPE,"Hyperliquid Up or Down - September 12, 1:30PM-1:45PM ET",2026-09-12T17:45:00Z,2026-09-12T17:30:00Z,80.48942656801441,Up,"[""1"", ""0""]",0.999,396.8720809999999,,0.4995,0.001,resolved,0x35f8149979c079b39b3522b992c8c7f27c603145eddbade18be0384bd92e79a6,https://data.chain.link/streams/hype-usd-twap-60s-streams,80.7745328507766,2026-09-12 17:46:27+00
sol-updown-15m-1789234200,SOL,"Solana Up or Down - September 12, 1:30PM-1:45PM ET",2026-09-12T17:45:00Z,2026-09-12T17:30:00Z,102.02261110792445,Up,"[""1"", ""0""]",0.99,1345.004199,,0.4995,0.001,resolved,0xdf4c35ac343e43702d71608ec7ab446f7e73387e98593696ee7445fcbcd8d3ef,https://data.chain.link/streams/sol-usd-twap-60s-streams,102.0711911706864,2026-09-12 17:46:27+00
xrp-updown-15m-1789234200,XRP,"XRP Up or Down - September 12, 1:30PM-1:45PM ET",2026-09-12T17:45:00Z,2026-09-12T17:30:00Z,1.3673676868178275,Up,"[""1"", ""0""]",0.999,763.3248509999999,,0.4995,0.001,resolved,0x73012975477d697c4146672616be905539e12d46e06a3e65f65e41a8cb8651d9,https://data.chain.link/streams/xrp-usd-twap-60s-streams,1.3679278122074676,2026-09-12 17:46:27+00
zec-updown-15m-1789234200,ZEC,"ZCash Up or Down - September 12, 1:30PM-1:45PM ET",2026-09-12T17:45:00Z,2026-09-12T17:30:00Z,1140.2966346522765,Down,"[""0"", ""1""]",,,,-0.4995,0.001,resolved,0xc40a805f31ead2c44f9cc73bf223e49bf3e6e6e071566f0917f82cb295822b38,https://data.chain.link/streams/zec-usd-twap-60s-streams,1136.952450254054,2026-09-12 17:46:27+00
bnb-updown-15m-1789235100,BNB,"BNB Up or Down - September 12, 1:45PM-2:00PM ET",2026-09-12T18:00:00Z,2026-09-12T17:45:00Z,730.6684775593699,Up,"[""1"", ""0""]",0.99,557.227239,,0.49,0.01,resolved,0x115ce5850c0b2df8aa2d33f789a2519f5c5e9799edb58f937ac8e105fc718f66,https://data.chain.link/streams/bnb-usd-twap-60s-streams,730.7556312742183,2026-09-12 18:01:27+00
btc-updown-15m-1789235100,BTC,"Bitcoin Up or Down - September 12, 1:45PM-2:00PM ET",2026-09-12T18:00:00Z,2026-09-12T17:45:00Z,77218.91592011339,Down,"[""0"", ""1""]",0.02,25764.98172100002,5,-0.5045,0.001,resolved,0xd6bfd12503d973b69082d4ac7f2994b8969aae70bd125581147a238a46c5ad27,https://data.chain.link/streams/btc-usd-twap-60s-streams,77194.84991585217,2026-09-12 18:00:55+00
doge-updown-15m-1789235100,DOGE,"Dogecoin Up or Down - September 12, 1:45PM-2:00PM ET",2026-09-12T18:00:00Z,2026-09-12T17:45:00Z,0.08495966026661188,Up,"[""1"", ""0""]",0.99,559.505759,,0.495,0.01,resolved,0x01be1e719fc1743220fcf2d01cb2f2be9e6d552a0a3d2e6256b948d410b3a193,https://data.chain.link/streams/doge-usd-twap-60s-streams,0.0849831938610804,2026-09-12 18:00:55+00
eth-updown-15m-1789235100,ETH,"Ethereum Up or Down - September 12, 1:45PM-2:00PM ET",2026-09-12T18:00:00Z,2026-09-12T17:45:00Z,2526.2773046264165,Down,"[""0"", ""1""]",0.02,3972.4194619999994,,-0.5045,0.001,resolved,0xbad7693a507f0011c13a3b111c9ec7a0e3d1fa53a0793a52deb0503072fd8563,https://data.chain.link/streams/eth-usd-twap-60s-streams,2525.3054581815836,2026-09-12 18:00:55+00
hype-updown-15m-1789235100,HYPE,"Hyperliquid Up or Down - September 12, 1:45PM-2:00PM ET",2026-09-12T18:00:00Z,2026-09-12T17:45:00Z,80.7745328507766,Down,"[""0"", ""1""]",0.01,321.15045599999996,,-0.5045,0.001,resolved,0xc831e9f8fb8bcb269b8ab033093fbad3e6ae51d96c2bf5f962826d9dc01f90c0,https://data.chain.link/streams/hype-usd-twap-60s-streams,80.55613074826846,2026-09-12 18:00:55+00
sol-updown-15m-1789235100,SOL,"Solana Up or Down - September 12, 1:45PM-2:00PM ET",2026-09-12T18:00:00Z,2026-09-12T17:45:00Z,102.0711911706864,Down,"[""0"", ""1""]",0.03,709.7083550000001,,-0.5045,0.001,resolved,0xf065328a5cf4fc8afea2ef5f92ab1c9bdb71234543606f507fd8888b4a40eea3,https://data.chain.link/streams/sol-usd-twap-60s-streams,101.94980317418144,2026-09-12 18:00:55+00
xrp-updown-15m-1789235100,XRP,"XRP Up or Down - September 12, 1:45PM-2:00PM ET",2026-09-12T18:00:00Z,2026-09-12T17:45:00Z,1.3679278122074676,Down,"[""0"", ""1""]",0.04,1259.444189,,-0.5045,0.001,resolved,0x977a7605e263c3291e908e7f10f85004506bb426d70480d251f9eb66bc4483ee,https://data.chain.link/streams/xrp-usd-twap-60s-streams,1.366528767261791,2026-09-12 18:00:55+00
zec-updown-15m-1789235100,ZEC,"ZCash Up or Down - September 12, 1:45PM-2:00PM ET",2026-09-12T18:00:00Z,2026-09-12T17:45:00Z,1136.952450254054,Up,"[""1"", ""0""]",,,,0.495,0.01,resolved,0xc3f6275ba9f2782ee9219fe9df5661ac831c9c52df767a1161571674792f0deb,https://data.chain.link/streams/zec-usd-twap-60s-streams,1138.1587043778454,2026-09-12 18:00:55+00
bnb-updown-15m-1789236000,BNB,"BNB Up or Down - September 12, 2:00PM-2:15PM ET",2026-09-12T18:15:00Z,2026-09-12T18:00:00Z,730.7556312742183,Down,"[""0"", ""1""]",0.1,398.227214,,-0.5045,0.001,resolved,0x64d1585e687d98b8878d47c7b78db61cb7b087c5a6173b4780b261ed75028db3,https://data.chain.link/streams/bnb-usd-twap-60s-streams,730.4238380406217,2026-09-12 18:17:31+00
btc-updown-15m-1789236000,BTC,"Bitcoin Up or Down - September 12, 2:00PM-2:15PM ET",2026-09-12T18:15:00Z,2026-09-12T18:00:00Z,77194.84991585217,Down,"[""0"", ""1""]",0.001,43162.86318100001,3170.56,-0.5045,0.001,resolved,0x87aea44f95806f21b07be10fb50e23ae0a2e08a39867180fc8ffc6d10b73d455,https://data.chain.link/streams/btc-usd-twap-60s-streams,77168.44888043343,2026-09-12 18:17:33+00
doge-updown-15m-1789236000,DOGE,"Dogecoin Up or Down - September 12, 2:00PM-2:15PM ET",2026-09-12T18:15:00Z,2026-09-12T18:00:00Z,0.0849831938610804,Down,"[""0"", ""1""]",0.1,525.408981,,-0.4995,0.001,resolved,0x9ea3c5f7fc0ba26830a580dda9956fa99fe05bfba3474a42ea8a526ee86e7333,https://data.chain.link/streams/doge-usd-twap-60s-streams,0.08482764304159862,2026-09-12 18:17:31+00
eth-updown-15m-1789236000,ETH,"Ethereum Up or Down - September 12, 2:00PM-2:15PM ET",2026-09-12T18:15:00Z,2026-09-12T18:00:00Z,2525.3054581815836,Down,"[""0"", ""1""]",0.01,8003.305428000005,99.9,-0.5045,0.001,resolved,0x2640c1b97f8b2abe887f4fd9734fff0a9439f055ea276650ce86f5867dc43659,https://data.chain.link/streams/eth-usd-twap-60s-streams,2524.1561376971486,2026-09-12 18:17:33+00
hype-updown-15m-1789236000,HYPE,"Hyperliquid Up or Down - September 12, 2:00PM-2:15PM ET",2026-09-12T18:15:00Z,2026-09-12T18:00:00Z,80.55613074826846,Down,"[""0"", ""1""]",0.08,210.981,,-0.5045,0.001,resolved,0xf4edd620b5a140b99ce25d1537e0b14f1461414700be85f8bebade0b8c6b09ae,https://data.chain.link/streams/hype-usd-twap-60s-streams,80.23833498630339,2026-09-12 18:17:33+00
sol-updown-15m-1789236000,SOL,"Solana Up or Down - September 12, 2:00PM-2:15PM ET",2026-09-12T18:15:00Z,2026-09-12T18:00:00Z,101.94980317418144,Down,"[""0"", ""1""]",0.03,1335.2791209999998,,-0.5045,0.001,resolved,0xcca42c74065446a438f61a08fb59ed8d4ffeda5280dbfd22fb0620d953863fdf,https://data.chain.link/streams/sol-usd-twap-60s-streams,101.81257905702462,2026-09-12 18:17:31+00
xrp-updown-15m-1789236000,XRP,"XRP Up or Down - September 12, 2:00PM-2:15PM ET",2026-09-12T18:15:00Z,2026-09-12T18:00:00Z,1.366528767261791,Down,"[""0"", ""1""]",0.04,1636.0633050000001,,-0.5045,0.001,resolved,0x38a041aa8def86703214aaf79de7247b2fd4f7f29d77ee40093b6b5cd1d1beec,https://data.chain.link/streams/xrp-usd-twap-60s-streams,1.3652526555206255,2026-09-12 18:17:31+00
zec-updown-15m-1789236000,ZEC,"ZCash Up or Down - September 12, 2:00PM-2:15PM ET",2026-09-12T18:15:00Z,2026-09-12T18:00:00Z,1138.1587043778454,Down,"[""0"", ""1""]",,,,-0.4995,0.001,resolved,0x7b45d126886bdcfea5be94afb285fd2c2fcfeaf1bc1da060b276f46cf65df0e2,https://data.chain.link/streams/zec-usd-twap-60s-streams,1134.130834623774,2026-09-12 18:17:33+00
bnb-updown-15m-1789236900,BNB,"BNB Up or Down - September 12, 2:15PM-2:30PM ET",2026-09-12T18:30:00Z,2026-09-12T18:15:00Z,730.4238380406217,Up,"[""1"", ""0""]",0.99,448.970192,,0.49,0.01,resolved,0x567f677978422d18d47af47b0e8af72f4dd0a8142b065bcea7d757554c9b63ca,https://data.chain.link/streams/bnb-usd-twap-60s-streams,730.6163470379083,2026-09-12 18:30:54+00
btc-updown-15m-1789236900,BTC,"Bitcoin Up or Down - September 12, 2:15PM-2:30PM ET",2026-09-12T18:30:00Z,2026-09-12T18:15:00Z,77168.44888043343,Up,"[""1"", ""0""]",0.99,32099.965516999993,157.87,0.49,0.01,resolved,0xe1450cf4668edd11111652793af0f4bfdedbad63c84790d45672481a7944f33c,https://data.chain.link/streams/btc-usd-twap-60s-streams,77179.73942761307,2026-09-12 18:30:52+00
doge-updown-15m-1789236900,DOGE,"Dogecoin Up or Down - September 12, 2:15PM-2:30PM ET",2026-09-12T18:30:00Z,2026-09-12T18:15:00Z,0.08482764304159862,Up,"[""1"", ""0""]",0.99,472.846161,,0.495,0.01,resolved,0xa0cf0dd4be3c78835611cf0aeb264aef19ca2f5650c4af85c635619a3d0d5395,https://data.chain.link/streams/doge-usd-twap-60s-streams,0.08488467133717342,2026-09-12 18:30:52+00
eth-updown-15m-1789236900,ETH,"Ethereum Up or Down - September 12, 2:15PM-2:30PM ET",2026-09-12T18:30:00Z,2026-09-12T18:15:00Z,2524.1561376971486,Up,"[""1"", ""0""]",0.99,6793.574667000003,,0.49,0.01,resolved,0xc8912f4d4a9ba962d570a6925bca5c1c7dc191cf5697055f8f8184c681ac35b1,https://data.chain.link/streams/eth-usd-twap-60s-streams,2524.2812946471277,2026-09-12 18:30:52+00
hype-updown-15m-1789236900,HYPE,"Hyperliquid Up or Down - September 12, 2:15PM-2:30PM ET",2026-09-12T18:30:00Z,2026-09-12T18:15:00Z,80.23833498630339,Down,"[""0"", ""1""]",0.07,228.84838399999998,,-0.5,0.01,resolved,0x5f7566bc7327c19c29a4203c1d329ef6edc92ad3ab15ec3f6fb613c72711cbba,https://data.chain.link/streams/hype-usd-twap-60s-streams,80.17707385405055,2026-09-12 18:30:54+00
sol-updown-15m-1789236900,SOL,"Solana Up or Down - September 12, 2:15PM-2:30PM ET",2026-09-12T18:30:00Z,2026-09-12T18:15:00Z,101.81257905702462,Down,"[""0"", ""1""]",0.27,1300.098494,,-0.5,0.01,resolved,0x08ad4148f7bfc65d6933c03cd0b32f5c6a4b27437c11b7c6f721733268a908e0,https://data.chain.link/streams/sol-usd-twap-60s-streams,101.79193287485435,2026-09-12 18:30:54+00
xrp-updown-15m-1789236900,XRP,"XRP Up or Down - September 12, 2:15PM-2:30PM ET",2026-09-12T18:30:00Z,2026-09-12T18:15:00Z,1.3652526555206255,Up,"[""1"", ""0""]",0.99,1175.8364740000002,,0.49,0.01,resolved,0xc3824ec8d9aff1ca08382570daae61171c568e504ccb979cb8fff27d8ff9af55,https://data.chain.link/streams/xrp-usd-twap-60s-streams,1.3654902485419576,2026-09-12 18:30:54+00
zec-updown-15m-1789236900,ZEC,"ZCash Up or Down - September 12, 2:15PM-2:30PM ET",2026-09-12T18:30:00Z,2026-09-12T18:15:00Z,1134.130834623774,Down,"[""0"", ""1""]",,,,-0.495,0.01,resolved,0x63d4978b0cbda9bf0591a21df5eea3bf7bae1f78116a7372d92660d343e58b15,https://data.chain.link/streams/zec-usd-twap-60s-streams,1133.4978771040576,2026-09-12 18:30:52+00
bnb-updown-15m-1789237800,BNB,"BNB Up or Down - September 12, 2:30PM-2:45PM ET",2026-09-12T18:45:00Z,2026-09-12T18:30:00Z,730.6163470379083,Down,"[""0"", ""1""]",0.07,200.17093799999998,,-0.5045,0.001,resolved,0x051449522c0bee3a02d8c3183f2b02b8e94f2d1778506575e82ce10a2160ceb7,https://data.chain.link/streams/bnb-usd-twap-60s-streams,729.3928264910464,2026-09-12 18:45:54+00
btc-updown-15m-1789237800,BTC,"Bitcoin Up or Down - September 12, 2:30PM-2:45PM ET",2026-09-12T18:45:00Z,2026-09-12T18:30:00Z,77179.73942761307,Down,"[""0"", ""1""]",0.01,24479.907236999992,,-0.49,0.01,resolved,0x13ba1d4e653bf53e151a48a01f3f479abf5121ead8e8a7b78007a4dd7d0e3655,https://data.chain.link/streams/btc-usd-twap-60s-streams,77169.97359355689,2026-09-12 18:46:01+00
doge-updown-15m-1789237800,DOGE,"Dogecoin Up or Down - September 12, 2:30PM-2:45PM ET",2026-09-12T18:45:00Z,2026-09-12T18:30:00Z,0.08488467133717342,Down,"[""0"", ""1""]",0.26,452.909489,,-0.495,0.01,resolved,0xe23d867bb0a541f743c81620587cef344cae382b83b0b43723b7064b34d81970,https://data.chain.link/streams/doge-usd-twap-60s-streams,0.08483112147015853,2026-09-12 18:45:54+00
eth-updown-15m-1789237800,ETH,"Ethereum Up or Down - September 12, 2:30PM-2:45PM ET",2026-09-12T18:45:00Z,2026-09-12T18:30:00Z,2524.2812946471277,Down,"[""0"", ""1""]",0.09,5753.696817999999,,-0.5,0.01,resolved,0x45faa242832b79f3574fcc878c999481ddcc5ffcaed471d812f76c42bf712fb2,https://data.chain.link/streams/eth-usd-twap-60s-streams,2523.6250448162896,2026-09-12 18:46:01+00
hype-updown-15m-1789237800,HYPE,"Hyperliquid Up or Down - September 12, 2:30PM-2:45PM ET",2026-09-12T18:45:00Z,2026-09-12T18:30:00Z,80.17707385405055,Down,"[""0"", ""1""]",0.04,,,-0.475,0.04,resolved,0x635a0ffcc6674b204d44af6232ad03e1931b71ba611365f19a9012a1e978a1ed,https://data.chain.link/streams/hype-usd-twap-60s-streams,80.14417898520436,2026-09-12 18:45:54+00
sol-updown-15m-1789237800,SOL,"Solana Up or Down - September 12, 2:30PM-2:45PM ET",2026-09-12T18:45:00Z,2026-09-12T18:30:00Z,101.79193287485435,Down,"[""0"", ""1""]",0.29,1568.277641,,-0.5045,0.001,resolved,0xda3a24af29205c12b92508ac88dd570c75a8e697079f01638a75cf9236e992ca,https://data.chain.link/streams/sol-usd-twap-60s-streams,101.67569016779335,2026-09-12 18:45:52+00
xrp-updown-15m-1789237800,XRP,"XRP Up or Down - September 12, 2:30PM-2:45PM ET",2026-09-12T18:45:00Z,2026-09-12T18:30:00Z,1.3654902485419576,Down,"[""0"", ""1""]",0.28,1205.7160660000002,,-0.5045,0.001,resolved,0x8eea8caf4b83be0481f7d50475613060aba22be1ebb355ef2eab9ee799eb83f0,https://data.chain.link/streams/xrp-usd-twap-60s-streams,1.3640733428720582,2026-09-12 18:45:52+00
zec-updown-15m-1789237800,ZEC,"ZCash Up or Down - September 12, 2:30PM-2:45PM ET",2026-09-12T18:45:00Z,2026-09-12T18:30:00Z,1133.4978771040576,Down,"[""0"", ""1""]",,,,-0.495,0.01,resolved,0x4acff9c21dbc6430e0acb6220436e7e8635fcdace6af75b235a77bba832d1282,https://data.chain.link/streams/zec-usd-twap-60s-streams,1130.8263919520025,2026-09-12 18:45:54+00
bnb-updown-15m-1789238700,BNB,"BNB Up or Down - September 12, 2:45PM-3:00PM ET",2026-09-12T19:00:00Z,2026-09-12T18:45:00Z,729.3928264910464,Down,"[""0"", ""1""]",0.29,206.10441500000002,,-0.5,0.01,resolved,0x31cafa5be6448cc8e59c2f23c5062b3a18c6b39493e1e297595ea0abd26b3ef6,https://data.chain.link/streams/bnb-usd-twap-60s-streams,729.0285341572203,2026-09-12 19:00:54+00
btc-updown-15m-1789238700,BTC,"Bitcoin Up or Down - September 12, 2:45PM-3:00PM ET",2026-09-12T19:00:00Z,2026-09-12T18:45:00Z,77169.97359355689,Down,"[""0"", ""1""]",0.02,16440.277601,,-0.5,0.01,resolved,0x6721de3e285d76f70ad92a1d012479442a45404bc47b17baa470637f8319548f,https://data.chain.link/streams/btc-usd-twap-60s-streams,77130.10404343162,2026-09-12 19:00:52+00
doge-updown-15m-1789238700,DOGE,"Dogecoin Up or Down - September 12, 2:45PM-3:00PM ET",2026-09-12T19:00:00Z,2026-09-12T18:45:00Z,0.08483112147015853,Down,"[""0"", ""1""]",0.1,787.8539820000001,,-0.4995,0.001,resolved,0x7231225ef485032c2f6d90487198a170494526dc9768e18ff0e8a52102d7d67e,https://data.chain.link/streams/doge-usd-twap-60s-streams,0.0847179025379093,2026-09-12 19:00:54+00
eth-updown-15m-1789238700,ETH,"Ethereum Up or Down - September 12, 2:45PM-3:00PM ET",2026-09-12T19:00:00Z,2026-09-12T18:45:00Z,2523.6250448162896,Down,"[""0"", ""1""]",0.06,4793.08742,,-0.5045,0.001,resolved,0x3f61712186b2557fa63890b039bab74c79ff2492a490a9b5aac7ddcb9f8defa1,https://data.chain.link/streams/eth-usd-twap-60s-streams,2521.8539736682856,2026-09-12 19:00:54+00
hype-updown-15m-1789238700,HYPE,"Hyperliquid Up or Down - September 12, 2:45PM-3:00PM ET",2026-09-12T19:00:00Z,2026-09-12T18:45:00Z,80.14417898520436,Down,"[""0"", ""1""]",0.09,272.082788,,-0.495,0.01,resolved,0x8cbeb612f6e4e64c99acfd45f306ffa1b186d5009465d494c1740f22db905d2a,https://data.chain.link/streams/hype-usd-twap-60s-streams,80.0665305288718,2026-09-12 19:00:52+00
sol-updown-15m-1789238700,SOL,"Solana Up or Down - September 12, 2:45PM-3:00PM ET",2026-09-12T19:00:00Z,2026-09-12T18:45:00Z,101.67569016779335,Down,"[""0"", ""1""]",0.11,1190.1054049999998,,-0.495,0.01,resolved,0x135488a022d9d65138abc6eb6d7c4c737e74ef565552ca4ab5c7ca8ac2c32400,https://data.chain.link/streams/sol-usd-twap-60s-streams,101.59908982098786,2026-09-12 19:00:52+00
xrp-updown-15m-1789238700,XRP,"XRP Up or Down - September 12, 2:45PM-3:00PM ET",2026-09-12T19:00:00Z,2026-09-12T18:45:00Z,1.3640733428720582,Down,"[""0"", ""1""]",0.06,622.9304970000001,,-0.5045,0.001,resolved,0xebbb0c34c8cdb9ea627415bc50441682282052c33042d4e76bdc424b590fb880,https://data.chain.link/streams/xrp-usd-twap-60s-streams,1.3631472738290318,2026-09-12 19:00:52+00
zec-updown-15m-1789238700,ZEC,"ZCash Up or Down - September 12, 2:45PM-3:00PM ET",2026-09-12T19:00:00Z,2026-09-12T18:45:00Z,1130.8263919520025,Down,"[""0"", ""1""]",,,,-0.495,0.01,resolved,0x512f0f8a8187b16753e924693be9283959ded4707f72f2cc5e8805df5e4df237,https://data.chain.link/streams/zec-usd-twap-60s-streams,1125.2592236134471,2026-09-12 19:00:54+00
bnb-updown-15m-1789239600,BNB,"BNB Up or Down - September 12, 3:00PM-3:15PM ET",2026-09-12T19:15:00Z,2026-09-12T19:00:00Z,729.0285341572203,Down,"[""0"", ""1""]",0.18,377.82634400000006,,-0.5045,0.001,resolved,0xd7d44ceefcae24e1d30d9415df5a1f69ff4f75f420fa7c37c6910eb94b8f01f4,https://data.chain.link/streams/bnb-usd-twap-60s-streams,727.9443062576928,2026-09-12 19:16:27+00
btc-updown-15m-1789239600,BTC,"Bitcoin Up or Down - September 12, 3:00PM-3:15PM ET",2026-09-12T19:15:00Z,2026-09-12T19:00:00Z,77130.10404343162,Up,"[""1"", ""0""]",0.999,43572.715106999996,2976.13,0.4945,0.001,resolved,0xf47723839819c355b3464248cc7391d27ad715dc09ed924c4135e6cc48a3b770,https://data.chain.link/streams/btc-usd-twap-60s-streams,77158.42153157784,2026-09-12 19:16:27+00
doge-updown-15m-1789239600,DOGE,"Dogecoin Up or Down - September 12, 3:00PM-3:15PM ET",2026-09-12T19:15:00Z,2026-09-12T19:00:00Z,0.0847179025379093,Up,"[""1"", ""0""]",0.99,513.408458,,0.4995,0.001,resolved,0xa8f1e5f0c7aa594cfd7f8b966323b38a71ffc579a87e37e86949d17b8092b15c,https://data.chain.link/streams/doge-usd-twap-60s-streams,0.0848426176334037,2026-09-12 19:16:33+00
eth-updown-15m-1789239600,ETH,"Ethereum Up or Down - September 12, 3:00PM-3:15PM ET",2026-09-12T19:15:00Z,2026-09-12T19:00:00Z,2521.8539736682856,Down,"[""0"", ""1""]",0.01,8534.835847,5,-0.5,0.01,resolved,0x7040ed1b10eb3bb03a1819ec8ae7a1a76a9460a19b725d8b75955069879ed809,https://data.chain.link/streams/eth-usd-twap-60s-streams,2521.8096025761847,2026-09-12 19:16:27+00
hype-updown-15m-1789239600,HYPE,"Hyperliquid Up or Down - September 12, 3:00PM-3:15PM ET",2026-09-12T19:15:00Z,2026-09-12T19:00:00Z,80.0665305288718,Down,"[""0"", ""1""]",0.009,,,-0.5045,0.001,resolved,0x154f70d11a7eb4ebffda777aaaeee256407695423c963e97f28a793fc558918b,https://data.chain.link/streams/hype-usd-twap-60s-streams,80.00342708140275,2026-09-12 19:16:27+00
sol-updown-15m-1789239600,SOL,"Solana Up or Down - September 12, 3:00PM-3:15PM ET",2026-09-12T19:15:00Z,2026-09-12T19:00:00Z,101.59908982098786,Up,"[""1"", ""0""]",0.99,1750.385354,,0.4945,0.001,resolved,0xbf8b5b318cbe7546380df07b7aeba84c1392208b7f369829699d8651ff9df224,https://data.chain.link/streams/sol-usd-twap-60s-streams,101.65905118420578,2026-09-12 19:16:34+00
xrp-updown-15m-1789239600,XRP,"XRP Up or Down - September 12, 3:00PM-3:15PM ET",2026-09-12T19:15:00Z,2026-09-12T19:00:00Z,1.3631472738290318,Up,"[""1"", ""0""]",0.99,1523.551827,,0.4945,0.001,resolved,0x2b92acf2962b57430055287ebbc2189824c9d11d02fd1346ba2d579936913b58,https://data.chain.link/streams/xrp-usd-twap-60s-streams,1.3640602352166744,2026-09-12 19:16:27+00
zec-updown-15m-1789239600,ZEC,"ZCash Up or Down - September 12, 3:00PM-3:15PM ET",2026-09-12T19:15:00Z,2026-09-12T19:00:00Z,1125.2592236134471,Up,"[""1"", ""0""]",0.84,,,0.4995,0.001,resolved,0xc14d249e4e723de101a9525a4bc5b81e0473beb69148517c9e6e1aa0fdc63d0e,https://data.chain.link/streams/zec-usd-twap-60s-streams,1127.263535088893,2026-09-12 19:16:27+00
bnb-updown-15m-1789240500,BNB,"BNB Up or Down - September 12, 3:15PM-3:30PM ET",2026-09-12T19:30:00Z,2026-09-12T19:15:00Z,727.9443062576928,Down,"[""0"", ""1""]",0.1,240.091025,35.192124,-0.4845,0.001,resolved,0x00f445440cfa99243c9b59bb9e2f13fef979f66ff1da284cb771cb6133b28199,https://data.chain.link/streams/bnb-usd-twap-60s-streams,725.7838163171258,2026-09-12 19:30:54+00
btc-updown-15m-1789240500,BTC,"Bitcoin Up or Down - September 12, 3:15PM-3:30PM ET",2026-09-12T19:30:00Z,2026-09-12T19:15:00Z,77158.42153157784,Down,"[""0"", ""1""]",0.01,36474.08029800001,,-0.5,0.01,resolved,0xca7c69ccbc1cad5905a17a3a59c0d30e76948094b8801ae8a230b4b49830f3a0,https://data.chain.link/streams/btc-usd-twap-60s-streams,77141.15317830695,2026-09-12 19:30:54+00
doge-updown-15m-1789240500,DOGE,"Dogecoin Up or Down - September 12, 3:15PM-3:30PM ET",2026-09-12T19:30:00Z,2026-09-12T19:15:00Z,0.0848426176334037,Down,"[""0"", ""1""]",0.149,665.0256649999999,,-0.4995,0.001,resolved,0xdd6a9d090607680911cf17361ee0e3954031533e827bd6d233cc153d594601f7,https://data.chain.link/streams/doge-usd-twap-60s-streams,0.08483898789368181,2026-09-12 19:30:54+00
eth-updown-15m-1789240500,ETH,"Ethereum Up or Down - September 12, 3:15PM-3:30PM ET",2026-09-12T19:30:00Z,2026-09-12T19:15:00Z,2521.8096025761847,Down,"[""0"", ""1""]",0.02,3655.048537999999,,-0.5045,0.001,resolved,0x366e69bbe5dc498c9303ae1573b20b3d56a1000706dfadf3bf55786b632fd3ad,https://data.chain.link/streams/eth-usd-twap-60s-streams,2519.9385660646117,2026-09-12 19:30:52+00
hype-updown-15m-1789240500,HYPE,"Hyperliquid Up or Down - September 12, 3:15PM-3:30PM ET",2026-09-12T19:30:00Z,2026-09-12T19:15:00Z,80.00342708140275,Down,"[""0"", ""1""]",0.25,131.859614,,-0.5045,0.001,resolved,0x1a5fc9ec08a451c30518f9450b79eb2527a6d21cdac57068a3f5f88264d3dd55,https://data.chain.link/streams/hype-usd-twap-60s-streams,79.82740619950027,2026-09-12 19:30:54+00
sol-updown-15m-1789240500,SOL,"Solana Up or Down - September 12, 3:15PM-3:30PM ET",2026-09-12T19:30:00Z,2026-09-12T19:15:00Z,101.65905118420578,Down,"[""0"", ""1""]",0.19,1800.7829929999998,,-0.5045,0.001,resolved,0x6804151ecef7d46d8eb99f5cf2a7e308f90f1f39367b7de851bbbab12229f7f9,https://data.chain.link/streams/sol-usd-twap-60s-streams,101.61815565162556,2026-09-12 19:30:54+00
xrp-updown-15m-1789240500,XRP,"XRP Up or Down - September 12, 3:15PM-3:30PM ET",2026-09-12T19:30:00Z,2026-09-12T19:15:00Z,1.3640602352166744,Down,"[""0"", ""1""]",0.81,1805.2536369999998,,-0.5,0.01,resolved,0x891d0330ab79f4a2a5aead0b821d191cb17238b1a5fb9ac9601d247cd73e468d,https://data.chain.link/streams/xrp-usd-twap-60s-streams,1.3640472770146155,2026-09-12 19:30:52+00
zec-updown-15m-1789240500,ZEC,"ZCash Up or Down - September 12, 3:15PM-3:30PM ET",2026-09-12T19:30:00Z,2026-09-12T19:15:00Z,1127.263535088893,Down,"[""0"", ""1""]",,,,-0.495,0.01,resolved,0x66c931f1ab71302517651605c85a2d982618572d0a3c14ea0e2c2da131d93437,https://data.chain.link/streams/zec-usd-twap-60s-streams,1124.5767037320832,2026-09-12 19:30:54+00
bnb-updown-15m-1789241400,BNB,"BNB Up or Down - September 12, 3:30PM-3:45PM ET",2026-09-12T19:45:00Z,2026-09-12T19:30:00Z,725.7838163171258,Down,"[""0"", ""1""]",0.04,269.597045,,-0.5,0.01,resolved,0x4723768d9346566db6bf214c66232c4d2e0d79d2497fc0bbf17e38031ab1999f,https://data.chain.link/streams/bnb-usd-twap-60s-streams,725.4002964995641,2026-09-12 19:45:54+00
btc-updown-15m-1789241400,BTC,"Bitcoin Up or Down - September 12, 3:30PM-3:45PM ET",2026-09-12T19:45:00Z,2026-09-12T19:30:00Z,77141.15317830695,Down,"[""0"", ""1""]",0.001,27056.36561200001,,-0.5045,0.001,resolved,0xc0db521cdbfee3158a81fed8ab307f38eb56abbe8d4340de1e77570be87efce8,https://data.chain.link/streams/btc-usd-twap-60s-streams,77054.34341198487,2026-09-12 19:45:54+00
doge-updown-15m-1789241400,DOGE,"Dogecoin Up or Down - September 12, 3:30PM-3:45PM ET",2026-09-12T19:45:00Z,2026-09-12T19:30:00Z,0.08483898789368181,Down,"[""0"", ""1""]",0.01,353.24396,,-0.4995,0.001,resolved,0xd0c7448e0ac7eef59300d0d13bda87a868f1f6ccb290e505b6a33cdf26312550,https://data.chain.link/streams/doge-usd-twap-60s-streams,0.08465412666757105,2026-09-12 19:45:52+00
eth-updown-15m-1789241400,ETH,"Ethereum Up or Down - September 12, 3:30PM-3:45PM ET",2026-09-12T19:45:00Z,2026-09-12T19:30:00Z,2519.9385660646117,Down,"[""0"", ""1""]",0.03,3874.4819579999994,,-0.5045,0.001,resolved,0x16f8a21726c4a113ad36afa026b014d4d2bcc072570109dbf5408f1600c1217f,https://data.chain.link/streams/eth-usd-twap-60s-streams,2514.911104618537,2026-09-12 19:45:54+00
hype-updown-15m-1789241400,HYPE,"Hyperliquid Up or Down - September 12, 3:30PM-3:45PM ET",2026-09-12T19:45:00Z,2026-09-12T19:30:00Z,79.82740619950027,Down,"[""0"", ""1""]",0.2,113.179549,,-0.5035,0.001,resolved,0xae9172ab414f82d5eed9743466b55414ba7facf0bddb46ee51ecfbf8498cf426,https://data.chain.link/streams/hype-usd-twap-60s-streams,79.41422713992975,2026-09-12 19:45:54+00
sol-updown-15m-1789241400,SOL,"Solana Up or Down - September 12, 3:30PM-3:45PM ET",2026-09-12T19:45:00Z,2026-09-12T19:30:00Z,101.61815565162556,Down,"[""0"", ""1""]",0.04,1325.7576470000001,,-0.5045,0.001,resolved,0x4dd8e06c816b0229ecb422c3f22ed274f802be08d02cee20f36106cac7e9b0cb,https://data.chain.link/streams/sol-usd-twap-60s-streams,101.32108205797671,2026-09-12 19:45:52+00
xrp-updown-15m-1789241400,XRP,"XRP Up or Down - September 12, 3:30PM-3:45PM ET",2026-09-12T19:45:00Z,2026-09-12T19:30:00Z,1.3640472770146155,Down,"[""0"", ""1""]",0.07,1347.165683,,-0.5045,0.001,resolved,0x49f60f6a8b36d91053796d6ebe7682c647547cbcf14d68891f4da7a662b1253b,https://data.chain.link/streams/xrp-usd-twap-60s-streams,1.3620761230815266,2026-09-12 19:45:54+00
zec-updown-15m-1789241400,ZEC,"ZCash Up or Down - September 12, 3:30PM-3:45PM ET",2026-09-12T19:45:00Z,2026-09-12T19:30:00Z,1124.5767037320832,Down,"[""0"", ""1""]",,,,-0.495,0.01,resolved,0xe77e4f9289804387d3f2a5eab65ebaeb35f57b668b739a59d89b44c98ce515bd,https://data.chain.link/streams/zec-usd-twap-60s-streams,1115.0554546008336,2026-09-12 19:45:54+00
bnb-updown-15m-1789242300,BNB,"BNB Up or Down - September 12, 3:45PM-4:00PM ET",2026-09-12T20:00:00Z,2026-09-12T19:45:00Z,725.4002964995641,Up,"[""1"", ""0""]",0.999,168.14309,,0.4945,0.001,resolved,0x867e8dbe0e5a60642d6621576ac2ecae4080df9bc4e858eb87c695f9407276fc,https://data.chain.link/streams/bnb-usd-twap-60s-streams,726.0095974906403,2026-09-12 20:00:54+00
btc-updown-15m-1789242300,BTC,"Bitcoin Up or Down - September 12, 3:45PM-4:00PM ET",2026-09-12T20:00:00Z,2026-09-12T19:45:00Z,77054.34341198487,Up,"[""1"", ""0""]",0.999,19725.137847999995,48.882353,0.5045,0.001,resolved,0xd892d057fe5a315eb016cdacffc6002024f31d9f2b08a53365296d1729ca5443,https://data.chain.link/streams/btc-usd-twap-60s-streams,77107.81285967746,2026-09-12 20:00:54+00
doge-updown-15m-1789242300,DOGE,"Dogecoin Up or Down - September 12, 3:45PM-4:00PM ET",2026-09-12T20:00:00Z,2026-09-12T19:45:00Z,0.08465412666757105,Up,"[""1"", ""0""]",0.999,271.851036,,0.4995,0.001,resolved,0xeee3432897624ece03400fb816454947e3d66c1052621040bb65fcf3e7ce7764,https://data.chain.link/streams/doge-usd-twap-60s-streams,0.08478013734594832,2026-09-12 20:00:54+00
eth-updown-15m-1789242300,ETH,"Ethereum Up or Down - September 12, 3:45PM-4:00PM ET",2026-09-12T20:00:00Z,2026-09-12T19:45:00Z,2514.911104618537,Up,"[""1"", ""0""]",0.999,2321.2169219999996,,0.4945,0.001,resolved,0x42c7ddc5022ddfdc1ee46ec547248296d3ef9ef1864d6b3445a3fa33aec9a685,https://data.chain.link/streams/eth-usd-twap-60s-streams,2518.9981042649865,2026-09-12 20:00:54+00
hype-updown-15m-1789242300,HYPE,"Hyperliquid Up or Down - September 12, 3:45PM-4:00PM ET",2026-09-12T20:00:00Z,2026-09-12T19:45:00Z,79.41422713992975,Up,"[""1"", ""0""]",0.999,75.011,,0.4945,0.001,resolved,0x9ff0610c581bc07e2de155123f6861ae9c08609a4633de152453a30bbbad694c,https://data.chain.link/streams/hype-usd-twap-60s-streams,79.67107895696084,2026-09-12 20:01:03+00
sol-updown-15m-1789242300,SOL,"Solana Up or Down - September 12, 3:45PM-4:00PM ET",2026-09-12T20:00:00Z,2026-09-12T19:45:00Z,101.32108205797671,Down,"[""0"", ""1""]",0.15,1880.313602,,-0.5,0.01,resolved,0x217291c58bc4e684eb4d6eca3efeff5c2c2c8313c075f104afcc7141dda14ec6,https://data.chain.link/streams/sol-usd-twap-60s-streams,101.26975054489002,2026-09-12 20:00:54+00
xrp-updown-15m-1789242300,XRP,"XRP Up or Down - September 12, 3:45PM-4:00PM ET",2026-09-12T20:00:00Z,2026-09-12T19:45:00Z,1.3620761230815266,Up,"[""1"", ""0""]",0.999,715.651196,,0.4945,0.001,resolved,0x0da86d9d2ff80aaf004967e47c4bffcd8c4c012108cfdf5342b494b362863878,https://data.chain.link/streams/xrp-usd-twap-60s-streams,1.3626120504575572,2026-09-12 20:01:03+00
zec-updown-15m-1789242300,ZEC,"ZCash Up or Down - September 12, 3:45PM-4:00PM ET",2026-09-12T20:00:00Z,2026-09-12T19:45:00Z,1115.0554546008336,Up,"[""1"", ""0""]",,,,0.495,0.01,resolved,0xb9e300d030a7e5d525761079a0d663d8099a862222f6f2f38c14364d4ed69438,https://data.chain.link/streams/zec-usd-twap-60s-streams,1119.1407883809788,2026-09-12 20:00:54+00
bnb-updown-15m-1789243200,BNB,"BNB Up or Down - September 12, 4:00PM-4:15PM ET",2026-09-12T20:15:00Z,2026-09-12T20:00:00Z,726.0095974906403,Up,"[""1"", ""0""]",0.99,127.797086,,0.4945,0.001,resolved,0x7de5795a40ed25c135fdc73b4ec453ee4df60f698aa995f1d0e058414c3c236a,https://data.chain.link/streams/bnb-usd-twap-60s-streams,726.6391343430832,2026-09-12 20:15:54+00
btc-updown-15m-1789243200,BTC,"Bitcoin Up or Down - September 12, 4:00PM-4:15PM ET",2026-09-12T20:15:00Z,2026-09-12T20:00:00Z,77107.81285967746,Up,"[""1"", ""0""]",0.999,15569.118173999996,3142.51,0.4945,0.001,resolved,0x4ca8c7af2e4a742b130484ad0c65a8adc8ff2f3e5e844ffb151b20a31ddd3ef3,https://data.chain.link/streams/btc-usd-twap-60s-streams,77166.82984077626,2026-09-12 20:15:54+00
doge-updown-15m-1789243200,DOGE,"Dogecoin Up or Down - September 12, 4:00PM-4:15PM ET",2026-09-12T20:15:00Z,2026-09-12T20:00:00Z,0.08478013734594832,Up,"[""1"", ""0""]",0.99,281.575086,,0.4995,0.001,resolved,0xf2401265b208561d036f1743a7642215f99ec85abab19e6a928f1508a6021743,https://data.chain.link/streams/doge-usd-twap-60s-streams,0.08490485930380848,2026-09-12 20:15:54+00
eth-updown-15m-1789243200,ETH,"Ethereum Up or Down - September 12, 4:00PM-4:15PM ET",2026-09-12T20:15:00Z,2026-09-12T20:00:00Z,2518.9981042649865,Up,"[""1"", ""0""]",0.999,2150.367626,119.6,0.4945,0.001,resolved,0x9c58152a3bbf6e8988d590aed2e1d26c80d86f943a6581219a5a5075e9b093a5,https://data.chain.link/streams/eth-usd-twap-60s-streams,2521.945102214799,2026-09-12 20:15:54+00
hype-updown-15m-1789243200,HYPE,"Hyperliquid Up or Down - September 12, 4:00PM-4:15PM ET",2026-09-12T20:15:00Z,2026-09-12T20:00:00Z,79.67107895696084,Up,"[""1"", ""0""]",0.99,100.108687,,0.4945,0.001,resolved,0x4fdfab8b93d6d2aa7e7e1720b670e63d71755a2ef7fb00699ad78028bb30a655,https://data.chain.link/streams/hype-usd-twap-60s-streams,79.8932577581775,2026-09-12 20:15:54+00
sol-updown-15m-1789243200,SOL,"Solana Up or Down - September 12, 4:00PM-4:15PM ET",2026-09-12T20:15:00Z,2026-09-12T20:00:00Z,101.26975054489002,Up,"[""1"", ""0""]",0.99,1232.3242429999998,,0.4945,0.001,resolved,0x659125af3fe71e92c18d2974b9f1d2a0d4baff693ae7444bbdc69eb66bb7852d,https://data.chain.link/streams/sol-usd-twap-60s-streams,101.37664120811971,2026-09-12 20:15:54+00
xrp-updown-15m-1789243200,XRP,"XRP Up or Down - September 12, 4:00PM-4:15PM ET",2026-09-12T20:15:00Z,2026-09-12T20:00:00Z,1.3626120504575572,Up,"[""1"", ""0""]",0.99,856.284245,,0.4945,0.001,resolved,0xbf6f3270536002a8745992c68053e9d41dc928fc435bf5b408d46fc0bdca9b96,https://data.chain.link/streams/xrp-usd-twap-60s-streams,1.3650502367046549,2026-09-12 20:15:54+00
zec-updown-15m-1789243200,ZEC,"ZCash Up or Down - September 12, 4:00PM-4:15PM ET",2026-09-12T20:15:00Z,2026-09-12T20:00:00Z,1119.1407883809788,Up,"[""1"", ""0""]",,,,0.495,0.01,resolved,0xc8892928b3352f7674bafba4c4e22074fdc1c6032b5eed0414535a8b232696d3,https://data.chain.link/streams/zec-usd-twap-60s-streams,1123.1960272827944,2026-09-12 20:15:54+00
bnb-updown-15m-1789244100,BNB,"BNB Up or Down - September 12, 4:15PM-4:30PM ET",2026-09-12T20:30:00Z,2026-09-12T20:15:00Z,726.6391343430832,Down,"[""0"", ""1""]",0.2,159.817979,,-0.5,0.01,resolved,0x076cec445119ce177e5351fbfb8c8790780e22b16d4612039c928b0cc24bd592,https://data.chain.link/streams/bnb-usd-twap-60s-streams,726.5728199514161,2026-09-12 20:30:54+00
btc-updown-15m-1789244100,BTC,"Bitcoin Up or Down - September 12, 4:15PM-4:30PM ET",2026-09-12T20:30:00Z,2026-09-12T20:15:00Z,77166.82984077626,Up,"[""1"", ""0""]",0.99,37821.41604999999,106.76,0.49,0.01,resolved,0x44a6fb2a098e8e7d63537fb8ee9793a85541be35cf2d0563ef2363872d630925,https://data.chain.link/streams/btc-usd-twap-60s-streams,77176.5207975578,2026-09-12 20:30:52+00
doge-updown-15m-1789244100,DOGE,"Dogecoin Up or Down - September 12, 4:15PM-4:30PM ET",2026-09-12T20:30:00Z,2026-09-12T20:15:00Z,0.08490485930380848,Down,"[""0"", ""1""]",0.54,525.481038,34.9037,-0.49,0.01,resolved,0xbb20f7887a86ec60c086edc09ecd10d4009f5dbc888ab75a01a9107cc54f6645,https://data.chain.link/streams/doge-usd-twap-60s-streams,0.0848925930413848,2026-09-12 20:30:52+00
eth-updown-15m-1789244100,ETH,"Ethereum Up or Down - September 12, 4:15PM-4:30PM ET",2026-09-12T20:30:00Z,2026-09-12T20:15:00Z,2521.945102214799,Up,"[""1"", ""0""]",0.99,3895.0396080000005,,0.49,0.01,resolved,0x477ff6efdc4b44c2c89da1b9a803cbc5e921f5f1a9b07229db158b10e046a3b7,https://data.chain.link/streams/eth-usd-twap-60s-streams,2522.4546557575827,2026-09-12 20:30:54+00
hype-updown-15m-1789244100,HYPE,"Hyperliquid Up or Down - September 12, 4:15PM-4:30PM ET",2026-09-12T20:30:00Z,2026-09-12T20:15:00Z,79.8932577581775,Up,"[""1"", ""0""]",0.99,184.534166,,0.4945,0.001,resolved,0xe907b3a577f2eda9e6a0116d3a0d9c70e54cecda34a82ad768e97345eddfdf3c,https://data.chain.link/streams/hype-usd-twap-60s-streams,79.95936363956307,2026-09-12 20:30:54+00
sol-updown-15m-1789244100,SOL,"Solana Up or Down - September 12, 4:15PM-4:30PM ET",2026-09-12T20:30:00Z,2026-09-12T20:15:00Z,101.37664120811971,Up,"[""1"", ""0""]",0.99,1389.4296620000002,,0.49,0.01,resolved,0xa5dce713f1e0fce0463c8b8fcd3dfdbc29a3fb86c2faafaa80094e2c79d25c3d,https://data.chain.link/streams/sol-usd-twap-60s-streams,101.41078971117372,2026-09-12 20:30:54+00
xrp-updown-15m-1789244100,XRP,"XRP Up or Down - September 12, 4:15PM-4:30PM ET",2026-09-12T20:30:00Z,2026-09-12T20:15:00Z,1.3650502367046549,Up,"[""1"", ""0""]",0.99,943.406882,,0.4945,0.001,resolved,0xd0332841aeb173564dee45e64cbacdeb86d4719377f5496250eb2256ea5150fb,https://data.chain.link/streams/xrp-usd-twap-60s-streams,1.3655694898967565,2026-09-12 20:30:54+00
zec-updown-15m-1789244100,ZEC,"ZCash Up or Down - September 12, 4:15PM-4:30PM ET",2026-09-12T20:30:00Z,2026-09-12T20:15:00Z,1123.1960272827944,Up,"[""1"", ""0""]",,,,0.495,0.01,resolved,0x7dc5beeeb1cbe58490fa77ccf0ae781de8a1891aa3ccb37391f76f9d899fa633,https://data.chain.link/streams/zec-usd-twap-60s-streams,1124.8948504796472,2026-09-12 20:30:54+00
bnb-updown-15m-1789245000,BNB,"BNB Up or Down - September 12, 4:30PM-4:45PM ET",2026-09-12T20:45:00Z,2026-09-12T20:30:00Z,726.5728199514161,Up,"[""1"", ""0""]",0.99,410.659688,,0.49,0.01,resolved,0x52439844128bd0571d96974ccc3620305b84dca794f950f6f2cf973b5ab825fb,https://data.chain.link/streams/bnb-usd-twap-60s-streams,726.7498337619177,2026-09-12 20:45:54+00
btc-updown-15m-1789245000,BTC,"Bitcoin Up or Down - September 12, 4:30PM-4:45PM ET",2026-09-12T20:45:00Z,2026-09-12T20:30:00Z,77176.5207975578,Down,"[""0"", ""1""]",0.01,36046.31146699999,,-0.5,0.01,resolved,0x9c10db15967807faac623ea2c4abd8f990deac3a43a936948c1d6ac9f13ff1ca,https://data.chain.link/streams/btc-usd-twap-60s-streams,77175.24240408187,2026-09-12 20:45:52+00
doge-updown-15m-1789245000,DOGE,"Dogecoin Up or Down - September 12, 4:30PM-4:45PM ET",2026-09-12T20:45:00Z,2026-09-12T20:30:00Z,0.0848925930413848,Up,"[""1"", ""0""]",0.99,280.98457900000005,,0.4995,0.001,resolved,0x9ef847d8613fcd492faf2db658efcbd829136500bab6c5975aeda0165d8937ba,https://data.chain.link/streams/doge-usd-twap-60s-streams,0.08491868525914398,2026-09-12 20:45:54+00
eth-updown-15m-1789245000,ETH,"Ethereum Up or Down - September 12, 4:30PM-4:45PM ET",2026-09-12T20:45:00Z,2026-09-12T20:30:00Z,2522.4546557575827,Down,"[""0"", ""1""]",0.01,3603.5173190000005,,-0.5045,0.001,resolved,0xe3586e2553ad5356e14f0416be8cc9985cf4e3987310e0d93f41ab0a271b61b8,https://data.chain.link/streams/eth-usd-twap-60s-streams,2522.138458150248,2026-09-12 20:45:54+00
hype-updown-15m-1789245000,HYPE,"Hyperliquid Up or Down - September 12, 4:30PM-4:45PM ET",2026-09-12T20:45:00Z,2026-09-12T20:30:00Z,79.95936363956307,Down,"[""0"", ""1""]",0.18,166.344191,,-0.5,0.01,resolved,0xb81023e50fa7d98d6e21c640ac190f663a1e4506631427ce7d564294bc60b66e,https://data.chain.link/streams/hype-usd-twap-60s-streams,79.94506157249924,2026-09-12 20:45:54+00
sol-updown-15m-1789245000,SOL,"Solana Up or Down - September 12, 4:30PM-4:45PM ET",2026-09-12T20:45:00Z,2026-09-12T20:30:00Z,101.41078971117372,Up,"[""1"", ""0""]",0.99,1044.8753080000001,,0.4945,0.001,resolved,0xf6259de587c42397cb0319e302fcb9097ac1cd396f7fa5240ea0819cacd3b5dd,https://data.chain.link/streams/sol-usd-twap-60s-streams,101.47280095458581,2026-09-12 20:45:54+00
xrp-updown-15m-1789245000,XRP,"XRP Up or Down - September 12, 4:30PM-4:45PM ET",2026-09-12T20:45:00Z,2026-09-12T20:30:00Z,1.3655694898967565,Up,"[""1"", ""0""]",0.99,975.101144,,0.49,0.01,resolved,0xfd10f2955d4ab2d21f6df3de2bbd28a4eacbab54cfdd0c32fcc327671704bb18,https://data.chain.link/streams/xrp-usd-twap-60s-streams,1.365670207640118,2026-09-12 20:45:54+00
zec-updown-15m-1789245000,ZEC,"ZCash Up or Down - September 12, 4:30PM-4:45PM ET",2026-09-12T20:45:00Z,2026-09-12T20:30:00Z,1124.8948504796472,Up,"[""1"", ""0""]",,14.997778,,0.4995,0.001,resolved,0x0a31b351f906620bd702e4436b5735654e9ad2a83e51388d5783b99cfc9fea58,https://data.chain.link/streams/zec-usd-twap-60s-streams,1126.2978319692463,2026-09-12 20:45:54+00
bnb-updown-15m-1789245900,BNB,"BNB Up or Down - September 12, 4:45PM-5:00PM ET",2026-09-12T21:00:00Z,2026-09-12T20:45:00Z,726.7498337619177,Down,"[""0"", ""1""]",0.15,352.12607299999996,,-0.5045,0.001,resolved,0xb6bd1eeef1eda9d6c4bf80fc0301ca6e5a25f3f67793b16cc0df8d9ee0d14a9e,https://data.chain.link/streams/bnb-usd-twap-60s-streams,726.2592428922902,2026-09-12 21:00:54+00
btc-updown-15m-1789245900,BTC,"Bitcoin Up or Down - September 12, 4:45PM-5:00PM ET",2026-09-12T21:00:00Z,2026-09-12T20:45:00Z,77175.24240408187,Down,"[""0"", ""1""]",0.01,22426.954982000003,,-0.5,0.01,resolved,0xfd8657b7ff9f13d8f20a05ea66ccf0ddad3c1e142895139e9bbdf6aeb4e12c17,https://data.chain.link/streams/btc-usd-twap-60s-streams,77150.90999109483,2026-09-12 21:00:54+00
doge-updown-15m-1789245900,DOGE,"Dogecoin Up or Down - September 12, 4:45PM-5:00PM ET",2026-09-12T21:00:00Z,2026-09-12T20:45:00Z,0.08491868525914398,Down,"[""0"", ""1""]",0.18,331.337165,,-0.4995,0.001,resolved,0xce9316531233f1584cb8289c47f3028f526b6316a1e85ceae83a3a973ceeb066,https://data.chain.link/streams/doge-usd-twap-60s-streams,0.08476715247987203,2026-09-12 21:00:54+00
eth-updown-15m-1789245900,ETH,"Ethereum Up or Down - September 12, 4:45PM-5:00PM ET",2026-09-12T21:00:00Z,2026-09-12T20:45:00Z,2522.138458150248,Down,"[""0"", ""1""]",0.06,5010.432518,,-0.5045,0.001,resolved,0x0def93d564a53fa849e9a14fbc58d81c7a45ea3967da024a9de09ee5c771abf1,https://data.chain.link/streams/eth-usd-twap-60s-streams,2520.1085818877136,2026-09-12 21:01:27+00
hype-updown-15m-1789245900,HYPE,"Hyperliquid Up or Down - September 12, 4:45PM-5:00PM ET",2026-09-12T21:00:00Z,2026-09-12T20:45:00Z,79.94506157249924,Down,"[""0"", ""1""]",0.16,133.99411800000001,,-0.5045,0.001,resolved,0x03c35f8d3a7e6f8386719be4e6e4920f6ca360ca4fc6f0f1540b4dcdae685a55,https://data.chain.link/streams/hype-usd-twap-60s-streams,79.79144883500314,2026-09-12 21:00:55+00
sol-updown-15m-1789245900,SOL,"Solana Up or Down - September 12, 4:45PM-5:00PM ET",2026-09-12T21:00:00Z,2026-09-12T20:45:00Z,101.47280095458581,Down,"[""0"", ""1""]",0.03,1145.1599609999998,,-0.5045,0.001,resolved,0x10a5be95198fce8de63949cdd8f9ce360b28fd8aa25b04522078413aa28c8b61,https://data.chain.link/streams/sol-usd-twap-60s-streams,101.33795700948517,2026-09-12 21:00:54+00
xrp-updown-15m-1789245900,XRP,"XRP Up or Down - September 12, 4:45PM-5:00PM ET",2026-09-12T21:00:00Z,2026-09-12T20:45:00Z,1.365670207640118,Down,"[""0"", ""1""]",0.05,997.553652,,-0.5045,0.001,resolved,0xdf894100909646045e7aaebeae8a7debc4eb5082b870138226155b24cd21f485,https://data.chain.link/streams/xrp-usd-twap-60s-streams,1.3642232099311413,2026-09-12 21:00:54+00
zec-updown-15m-1789245900,ZEC,"ZCash Up or Down - September 12, 4:45PM-5:00PM ET",2026-09-12T21:00:00Z,2026-09-12T20:45:00Z,1126.2978319692463,Down,"[""0"", ""1""]",,,,-0.4995,0.001,resolved,0x4809ebe3748a39ce7c3874c6ba440d559e1ff6899492d4f198241e612893d0c9,https://data.chain.link/streams/zec-usd-twap-60s-streams,1122.745430210182,2026-09-12 21:00:54+00
bnb-updown-15m-1789246800,BNB,"BNB Up or Down - September 12, 5:00PM-5:15PM ET",2026-09-12T21:15:00Z,2026-09-12T21:00:00Z,726.2592428922902,Up,"[""1"", ""0""]",0.99,334.180387,,0.475,0.02,resolved,0xe2548cda73d87cc22bc6104f5e882bd4edc3f32c389a06ee4f2c61d1c99da410,https://data.chain.link/streams/bnb-usd-twap-60s-streams,726.4603376570453,2026-09-12 21:15:54+00
btc-updown-15m-1789246800,BTC,"Bitcoin Up or Down - September 12, 5:00PM-5:15PM ET",2026-09-12T21:15:00Z,2026-09-12T21:00:00Z,77150.90999109483,Down,"[""0"", ""1""]",0.01,45787.372269,2793.28,-0.21,0.01,resolved,0x8ab1a8fe4cc96a9e6c5d4dffaa103f0c82b29ce88c32a2634269e31c721cec51,https://data.chain.link/streams/btc-usd-twap-60s-streams,77144.94534371319,2026-09-12 21:15:54+00
doge-updown-15m-1789246800,DOGE,"Dogecoin Up or Down - September 12, 5:00PM-5:15PM ET",2026-09-12T21:15:00Z,2026-09-12T21:00:00Z,0.08476715247987203,Up,"[""1"", ""0""]",0.999,437.6927,,0.495,0.01,resolved,0xb071d4901fca02598c74933ea29898fba84563ab3d0057feede53cc08a26bfd1,https://data.chain.link/streams/doge-usd-twap-60s-streams,0.08481548514052177,2026-09-12 21:15:52+00
eth-updown-15m-1789246800,ETH,"Ethereum Up or Down - September 12, 5:00PM-5:15PM ET",2026-09-12T21:15:00Z,2026-09-12T21:00:00Z,2520.1085818877136,Up,"[""1"", ""0""]",0.99,2602.083791,,0.4945,0.001,resolved,0xe7587730d0e2039b8da786429fe4c4554a72e128a41e7a0bad3a9709af91aab3,https://data.chain.link/streams/eth-usd-twap-60s-streams,2524.4766191507724,2026-09-12 21:15:52+00
hype-updown-15m-1789246800,HYPE,"Hyperliquid Up or Down - September 12, 5:00PM-5:15PM ET",2026-09-12T21:15:00Z,2026-09-12T21:00:00Z,79.79144883500314,Down,"[""0"", ""1""]",0.65,691.169308,,-0.5,0.01,resolved,0xb5d3a136225d106abcd89d73feffc6def8cb74b355a753945fe26383e7dc2447,https://data.chain.link/streams/hype-usd-twap-60s-streams,79.65830803301608,2026-09-12 21:15:54+00
sol-updown-15m-1789246800,SOL,"Solana Up or Down - September 12, 5:00PM-5:15PM ET",2026-09-12T21:15:00Z,2026-09-12T21:00:00Z,101.33795700948517,Up,"[""1"", ""0""]",0.999,1245.8470039999997,,0.4945,0.001,resolved,0xccf9fc7e2645689efb6e2677dec823dfc146d713d4c1e14bbe7dc70d2f35ec6d,https://data.chain.link/streams/sol-usd-twap-60s-streams,101.43202707579881,2026-09-12 21:15:54+00
xrp-updown-15m-1789246800,XRP,"XRP Up or Down - September 12, 5:00PM-5:15PM ET",2026-09-12T21:15:00Z,2026-09-12T21:00:00Z,1.3642232099311413,Up,"[""1"", ""0""]",0.999,884.5373169999999,,0.4945,0.001,resolved,0xe3f4b4368530323c9dc50bb368f74fc818d507de2d9b0d7c46c5fb4d7d62f36b,https://data.chain.link/streams/xrp-usd-twap-60s-streams,1.364994988417271,2026-09-12 21:15:54+00
zec-updown-15m-1789246800,ZEC,"ZCash Up or Down - September 12, 5:00PM-5:15PM ET",2026-09-12T21:15:00Z,2026-09-12T21:00:00Z,1122.745430210182,Up,"[""1"", ""0""]",0.97,,,0.4945,0.009,resolved,0x7200be94d77d2d219ca9d797cf7e09c9f86b3c02ba62ae83b3e6afa233c61631,https://data.chain.link/streams/zec-usd-twap-60s-streams,1126.447349401931,2026-09-12 21:15:54+00
bnb-updown-15m-1789247700,BNB,"BNB Up or Down - September 12, 5:15PM-5:30PM ET",2026-09-12T21:30:00Z,2026-09-12T21:15:00Z,726.4603376570453,Up,"[""1"", ""0""]",0.99,294.004349,,0.49,0.01,resolved,0x295daabce9ecad91afd888f5652f8d18ca6a82c59c2ee4c1c849e654300d2e25,https://data.chain.link/streams/bnb-usd-twap-60s-streams,726.5734292760856,2026-09-12 21:30:54+00
btc-updown-15m-1789247700,BTC,"Bitcoin Up or Down - September 12, 5:15PM-5:30PM ET",2026-09-12T21:30:00Z,2026-09-12T21:15:00Z,77144.94534371319,Up,"[""1"", ""0""]",0.999,19985.191453000003,,0.4945,0.001,resolved,0x8649b9db1676f2aa1f806e451319b2da98cae4e53a3545a4cd067089d9f79743,https://data.chain.link/streams/btc-usd-twap-60s-streams,77190.63950521813,2026-09-12 21:30:54+00
doge-updown-15m-1789247700,DOGE,"Dogecoin Up or Down - September 12, 5:15PM-5:30PM ET",2026-09-12T21:30:00Z,2026-09-12T21:15:00Z,0.08481548514052177,Down,"[""0"", ""1""]",0.12,259.105008,,-0.495,0.01,resolved,0x366bd7c94d324d9ec2fb9d0fb82ad868bbfc98a3e803a278e4fcc5aa6cc9c0e0,https://data.chain.link/streams/doge-usd-twap-60s-streams,0.0847518186440233,2026-09-12 21:31:03+00
eth-updown-15m-1789247700,ETH,"Ethereum Up or Down - September 12, 5:15PM-5:30PM ET",2026-09-12T21:30:00Z,2026-09-12T21:15:00Z,2524.4766191507724,Down,"[""0"", ""1""]",0.14,2905.7809079999997,,-0.5,0.01,resolved,0x5438b501e685035ca462c8f5e327755d42e662d5f66a6605a4c475bddf82bbe2,https://data.chain.link/streams/eth-usd-twap-60s-streams,2524.079834393873,2026-09-12 21:30:54+00
hype-updown-15m-1789247700,HYPE,"Hyperliquid Up or Down - September 12, 5:15PM-5:30PM ET",2026-09-12T21:30:00Z,2026-09-12T21:15:00Z,79.65830803301608,Up,"[""1"", ""0""]",0.98,,,0.49,0.01,resolved,0x3164d163a44c52f78fbbc48dbd2214c2025c37b58219692e46afef732c742234,https://data.chain.link/streams/hype-usd-twap-60s-streams,79.66479583238267,2026-09-12 21:30:54+00
sol-updown-15m-1789247700,SOL,"Solana Up or Down - September 12, 5:15PM-5:30PM ET",2026-09-12T21:30:00Z,2026-09-12T21:15:00Z,101.43202707579881,Up,"[""1"", ""0""]",0.99,1170.240346,,0.49,0.01,resolved,0xf6d350da6e34e25d3835681fb9a7ead1cbca69b4760ad43dff64f084f2348815,https://data.chain.link/streams/sol-usd-twap-60s-streams,101.4758235213869,2026-09-12 21:30:54+00
xrp-updown-15m-1789247700,XRP,"XRP Up or Down - September 12, 5:15PM-5:30PM ET",2026-09-12T21:30:00Z,2026-09-12T21:15:00Z,1.364994988417271,Down,"[""0"", ""1""]",0.4,1283.2888580000001,,-0.5,0.01,resolved,0x64d919adb30917c9aeb89d9a871f7fd6b2cabe8f53fc2e8390e453b6a1d4d94e,https://data.chain.link/streams/xrp-usd-twap-60s-streams,1.3649557390006095,2026-09-12 21:31:01+00
zec-updown-15m-1789247700,ZEC,"ZCash Up or Down - September 12, 5:15PM-5:30PM ET",2026-09-12T21:30:00Z,2026-09-12T21:15:00Z,1126.447349401931,Down,"[""0"", ""1""]",,,,-0.4995,0.001,resolved,0xec365d9ed5d29ee85f2c690aca3c9cc91a7519595f59f85569f61ac1183b5e7e,https://data.chain.link/streams/zec-usd-twap-60s-streams,1122.6043139663639,2026-09-12 21:30:54+00
bnb-updown-15m-1789248600,BNB,"BNB Up or Down - September 12, 5:30PM-5:45PM ET",2026-09-12T21:45:00Z,2026-09-12T21:30:00Z,726.5734292760856,Up,"[""1"", ""0""]",0.99,291.460133,,0.4945,0.001,resolved,0x9619f45b721ff0461cbf3590dc967443a1f8ec000d2f7492cdf7cb6dccb07662,https://data.chain.link/streams/bnb-usd-twap-60s-streams,726.9442971940772,2026-09-12 21:45:54+00
btc-updown-15m-1789248600,BTC,"Bitcoin Up or Down - September 12, 5:30PM-5:45PM ET",2026-09-12T21:45:00Z,2026-09-12T21:30:00Z,77190.63950521813,Up,"[""1"", ""0""]",0.999,21732.694583000004,,0.4995,0.001,resolved,0xab6f55169fbe69032d7c388b5e79985b7971089ac4f01a36417d26259ed2c84b,https://data.chain.link/streams/btc-usd-twap-60s-streams,77234.45238798358,2026-09-12 21:45:54+00
doge-updown-15m-1789248600,DOGE,"Dogecoin Up or Down - September 12, 5:30PM-5:45PM ET",2026-09-12T21:45:00Z,2026-09-12T21:30:00Z,0.0847518186440233,Down,"[""0"", ""1""]",0.14,731.613916,,-0.4995,0.001,resolved,0xfbb7dfc9344c5aa59b8e8fa1f5b6b9122c787809c9f4e40329e6129a9a0b41f6,https://data.chain.link/streams/doge-usd-twap-60s-streams,0.0847214396852765,2026-09-12 21:45:54+00
eth-updown-15m-1789248600,ETH,"Ethereum Up or Down - September 12, 5:30PM-5:45PM ET",2026-09-12T21:45:00Z,2026-09-12T21:30:00Z,2524.079834393873,Down,"[""0"", ""1""]",0.03,5129.8466260000005,,-0.5,0.01,resolved,0x58eb405b9c7e9a939d3660c79f3c846064746d7cc8c575c18ceed8a0f7440592,https://data.chain.link/streams/eth-usd-twap-60s-streams,2523.8425495786028,2026-09-12 21:45:54+00
hype-updown-15m-1789248600,HYPE,"Hyperliquid Up or Down - September 12, 5:30PM-5:45PM ET",2026-09-12T21:45:00Z,2026-09-12T21:30:00Z,79.66479583238267,Down,"[""0"", ""1""]",0.16,114.829632,,-0.5045,0.001,resolved,0xaa24836e1840f23927cdfc2cfc191e3eb7d6376bd88b3e82838ed03b5f17e94e,https://data.chain.link/streams/hype-usd-twap-60s-streams,79.55436368418391,2026-09-12 21:45:54+00
sol-updown-15m-1789248600,SOL,"Solana Up or Down - September 12, 5:30PM-5:45PM ET",2026-09-12T21:45:00Z,2026-09-12T21:30:00Z,101.4758235213869,Up,"[""1"", ""0""]",0.999,1404.1897789999998,,0.4945,0.001,resolved,0x3a3449e6a33d7620ca8ad5f0bc1e437e9a2678b13fdb5a890879347cdf0a0a80,https://data.chain.link/streams/sol-usd-twap-60s-streams,101.54488884940834,2026-09-12 21:45:54+00
xrp-updown-15m-1789248600,XRP,"XRP Up or Down - September 12, 5:30PM-5:45PM ET",2026-09-12T21:45:00Z,2026-09-12T21:30:00Z,1.3649557390006095,Down,"[""0"", ""1""]",0.03,593.874597,,-0.5045,0.001,resolved,0x3383d1c5fea6a61b2a8c63a19e43a42a494da9229c8de882d3045dcc5a48ae9e,https://data.chain.link/streams/xrp-usd-twap-60s-streams,1.3640749758464796,2026-09-12 21:45:54+00
zec-updown-15m-1789248600,ZEC,"ZCash Up or Down - September 12, 5:30PM-5:45PM ET",2026-09-12T21:45:00Z,2026-09-12T21:30:00Z,1122.6043139663639,Up,"[""1"", ""0""]",,,,0.495,0.01,resolved,0x1a2b00e38deb342124b0d4e23fdf965ecc7458d0d437bd95db15c054926361df,https://data.chain.link/streams/zec-usd-twap-60s-streams,1124.2064215207945,2026-09-12 21:45:54+00
bnb-updown-15m-1789249500,BNB,"BNB Up or Down - September 12, 5:45PM-6:00PM ET",2026-09-12T22:00:00Z,2026-09-12T21:45:00Z,726.9442971940772,Down,"[""0"", ""1""]",0.2,265.794876,,-0.5045,0.001,resolved,0x529d550dfc2ed878780c76eb7b9eb411b9a1a86e546c9c3cc8a6f5008dddcd09,https://data.chain.link/streams/bnb-usd-twap-60s-streams,726.4162666493577,2026-09-12 22:01:27+00
btc-updown-15m-1789249500,BTC,"Bitcoin Up or Down - September 12, 5:45PM-6:00PM ET",2026-09-12T22:00:00Z,2026-09-12T21:45:00Z,77234.45238798358,Up,"[""1"", ""0""]",0.99,34571.053783999996,,0.49,0.01,resolved,0x790ee738ba65cc3449a4c8349e22e246a7354af19674fbded015c737f2c9c08a,https://data.chain.link/streams/btc-usd-twap-60s-streams,77243.80350784145,2026-09-12 22:01:27+00
doge-updown-15m-1789249500,DOGE,"Dogecoin Up or Down - September 12, 5:45PM-6:00PM ET",2026-09-12T22:00:00Z,2026-09-12T21:45:00Z,0.0847214396852765,Down,"[""0"", ""1""]",0.01,522.7796510000001,,-0.495,0.01,resolved,0x94b696564c8d60d0a1f6562ddd7e2dd5cf720ec4c2ec6d1dbd04dd493d714a75,https://data.chain.link/streams/doge-usd-twap-60s-streams,0.08463554077667552,2026-09-12 22:01:27+00
eth-updown-15m-1789249500,ETH,"Ethereum Up or Down - September 12, 5:45PM-6:00PM ET",2026-09-12T22:00:00Z,2026-09-12T21:45:00Z,2523.8425495786028,Down,"[""0"", ""1""]",0.01,4410.2022959999995,,-0.5,0.01,resolved,0x25de977f326cf6462e9ca7457544fbe6ad112595c9349c0957a8fed005d8a8f0,https://data.chain.link/streams/eth-usd-twap-60s-streams,2523.662955639891,2026-09-12 22:01:27+00
hype-updown-15m-1789249500,HYPE,"Hyperliquid Up or Down - September 12, 5:45PM-6:00PM ET",2026-09-12T22:00:00Z,2026-09-12T21:45:00Z,79.55436368418391,Down,"[""0"", ""1""]",0.13,445.364673,,-0.5,0.01,resolved,0x88e3857e640652a9b8a870278df640b7cf24d361b9be4703027052c545daa642,https://data.chain.link/streams/hype-usd-twap-60s-streams,79.53516930442461,2026-09-12 22:01:27+00
sol-updown-15m-1789249500,SOL,"Solana Up or Down - September 12, 5:45PM-6:00PM ET",2026-09-12T22:00:00Z,2026-09-12T21:45:00Z,101.54488884940834,Down,"[""0"", ""1""]",0.05,725.080762,,-0.5045,0.001,resolved,0x21cd02049c4171318f28e628d9a633edd53b8dd535e441bf4546217f95869a9b,https://data.chain.link/streams/sol-usd-twap-60s-streams,101.46680041705936,2026-09-12 22:01:27+00
xrp-updown-15m-1789249500,XRP,"XRP Up or Down - September 12, 5:45PM-6:00PM ET",2026-09-12T22:00:00Z,2026-09-12T21:45:00Z,1.3640749758464796,Down,"[""0"", ""1""]",0.06,1085.252946,,-0.5045,0.001,resolved,0x3f808b45db184a4a22ab38a4bf5e47de1492bb6b3331ea8caae3bf36da0956c1,https://data.chain.link/streams/xrp-usd-twap-60s-streams,1.3628581598473561,2026-09-12 22:01:27+00
zec-updown-15m-1789249500,ZEC,"ZCash Up or Down - September 12, 5:45PM-6:00PM ET",2026-09-12T22:00:00Z,2026-09-12T21:45:00Z,1124.2064215207945,Down,"[""0"", ""1""]",,,,-0.495,0.01,resolved,0x778ba13d3d3657fe3beaa8a929b4a21eca81f0f826b3ec1be8a34080fb1869cd,https://data.chain.link/streams/zec-usd-twap-60s-streams,1121.9920600850921,2026-09-12 22:01:27+00
bnb-updown-15m-1789250400,BNB,"BNB Up or Down - September 12, 6:00PM-6:15PM ET",2026-09-12T22:15:00Z,2026-09-12T22:00:00Z,726.4162666493577,Down,"[""0"", ""1""]",0.08,361.60852900000003,,-0.5045,0.001,resolved,0xdf272100ff03aa6e72c286c0452e3ee011b8a01a824b2295044ddfe9869420d4,https://data.chain.link/streams/bnb-usd-twap-60s-streams,725.9653021599402,2026-09-12 22:16:27+00
btc-updown-15m-1789250400,BTC,"Bitcoin Up or Down - September 12, 6:00PM-6:15PM ET",2026-09-12T22:15:00Z,2026-09-12T22:00:00Z,77243.80350784145,Down,"[""0"", ""1""]",0.03,19257.000362,2786.3,-0.5045,0.001,resolved,0x2538902bc4fe74e8939765a800712102e0ef82f7f9ac28dd45bc71c600496d7f,https://data.chain.link/streams/btc-usd-twap-60s-streams,77214.87577721458,2026-09-12 22:16:27+00
doge-updown-15m-1789250400,DOGE,"Dogecoin Up or Down - September 12, 6:00PM-6:15PM ET",2026-09-12T22:15:00Z,2026-09-12T22:00:00Z,0.08463554077667552,Down,"[""0"", ""1""]",0.01,833.669396,,-0.495,0.01,resolved,0x31d926c1c969f809fb392e10fe9562ed3121129cd5e8e394b6f252bd83af26eb,https://data.chain.link/streams/doge-usd-twap-60s-streams,0.08460871747068653,2026-09-12 22:16:27+00
eth-updown-15m-1789250400,ETH,"Ethereum Up or Down - September 12, 6:00PM-6:15PM ET",2026-09-12T22:15:00Z,2026-09-12T22:00:00Z,2523.662955639891,Down,"[""0"", ""1""]",0.23,3299.905744,,-0.5045,0.001,resolved,0x8c612de9c3d4e126b680d8a27f59a55d04edb9871b31892fe36b8bda7e786ea0,https://data.chain.link/streams/eth-usd-twap-60s-streams,2521.514980010158,2026-09-12 22:16:27+00
hype-updown-15m-1789250400,HYPE,"Hyperliquid Up or Down - September 12, 6:00PM-6:15PM ET",2026-09-12T22:15:00Z,2026-09-12T22:00:00Z,79.53516930442461,Up,"[""1"", ""0""]",0.99,250.62622,,0.49,0.01,resolved,0x2351beafaee06b65691325fab59b55a5ba3668083ca246c998f7b728783e8b71,https://data.chain.link/streams/hype-usd-twap-60s-streams,79.54640657069197,2026-09-12 22:16:27+00
sol-updown-15m-1789250400,SOL,"Solana Up or Down - September 12, 6:00PM-6:15PM ET",2026-09-12T22:15:00Z,2026-09-12T22:00:00Z,101.46680041705936,Down,"[""0"", ""1""]",0.01,1504.9767930000003,,-0.5,0.01,resolved,0x848c79daa09c4e87bd90573df939b714771682dc983825958a59c18f03ff0ee5,https://data.chain.link/streams/sol-usd-twap-60s-streams,101.46329290715279,2026-09-12 22:16:27+00
xrp-updown-15m-1789250400,XRP,"XRP Up or Down - September 12, 6:00PM-6:15PM ET",2026-09-12T22:15:00Z,2026-09-12T22:00:00Z,1.3628581598473561,Down,"[""0"", ""1""]",0.01,1530.026901,,-0.5,0.01,resolved,0x8838240578b0654e0f47cbaee96188f212a133a79fb605626f5b97fae30ce2c5,https://data.chain.link/streams/xrp-usd-twap-60s-streams,1.3625957959202084,2026-09-12 22:16:27+00
zec-updown-15m-1789250400,ZEC,"ZCash Up or Down - September 12, 6:00PM-6:15PM ET",2026-09-12T22:15:00Z,2026-09-12T22:00:00Z,1121.9920600850921,Down,"[""0"", ""1""]",0.55,,,-0.495,0.01,resolved,0x076f3568f7311043dd8e5817581c6956e83d5fde6fca77a64a7768541814f330,https://data.chain.link/streams/zec-usd-twap-60s-streams,1121.5434559338184,2026-09-12 22:16:27+00
bnb-updown-15m-1789251300,BNB,"BNB Up or Down - September 12, 6:15PM-6:30PM ET",2026-09-12T22:30:00Z,2026-09-12T22:15:00Z,725.9653021599402,Down,"[""0"", ""1""]",0.1,427.767753,,-0.5,0.01,resolved,0xacfe175442a22069ad150c7906ce5b744b999de161f07c629296b5d46c3de5d0,https://data.chain.link/streams/bnb-usd-twap-60s-streams,725.7584505964041,2026-09-12 22:30:54+00
btc-updown-15m-1789251300,BTC,"Bitcoin Up or Down - September 12, 6:15PM-6:30PM ET",2026-09-12T22:30:00Z,2026-09-12T22:15:00Z,77214.87577721458,Down,"[""0"", ""1""]",0.01,33265.577988000005,6.6,-0.5,0.01,resolved,0x33a16520e720dd0daa22d26919cb41a814495cdc5b231dc2836a1bc59de62f6d,https://data.chain.link/streams/btc-usd-twap-60s-streams,77188.67380359402,2026-09-12 22:30:54+00
doge-updown-15m-1789251300,DOGE,"Dogecoin Up or Down - September 12, 6:15PM-6:30PM ET",2026-09-12T22:30:00Z,2026-09-12T22:15:00Z,0.08460871747068653,Up,"[""1"", ""0""]",0.999,476.572202,,0.4995,0.001,resolved,0x0d327360cecdc9505b337bf8891bdfe62d706a1bf1801e692214f8a3444a7d8a,https://data.chain.link/streams/doge-usd-twap-60s-streams,0.08464001667110951,2026-09-12 22:30:54+00
eth-updown-15m-1789251300,ETH,"Ethereum Up or Down - September 12, 6:15PM-6:30PM ET",2026-09-12T22:30:00Z,2026-09-12T22:15:00Z,2521.514980010158,Down,"[""0"", ""1""]",0.04,4408.225748999999,,-0.5045,0.001,resolved,0xe6e281965335504db65529c158e0cddd66dea46229e459f017f0675a674210a2,https://data.chain.link/streams/eth-usd-twap-60s-streams,2520.727329694045,2026-09-12 22:30:54+00
hype-updown-15m-1789251300,HYPE,"Hyperliquid Up or Down - September 12, 6:15PM-6:30PM ET",2026-09-12T22:30:00Z,2026-09-12T22:15:00Z,79.54640657069197,Up,"[""1"", ""0""]",0.999,182.680786,,0.4945,0.001,resolved,0xd03f7df710c1c3566815165597703b062b82e76f1e18c37a4aeb71d424268d40,https://data.chain.link/streams/hype-usd-twap-60s-streams,79.59700207371311,2026-09-12 22:30:54+00
sol-updown-15m-1789251300,SOL,"Solana Up or Down - September 12, 6:15PM-6:30PM ET",2026-09-12T22:30:00Z,2026-09-12T22:15:00Z,101.46329290715279,Up,"[""1"", ""0""]",0.999,1384.803572,,0.4945,0.001,resolved,0xb4ce5b7683013c2646b2f58b5397c039fd62db6b8f6683ed1b6aade2ad35ff36,https://data.chain.link/streams/sol-usd-twap-60s-streams,101.47275009099432,2026-09-12 22:31:01+00
xrp-updown-15m-1789251300,XRP,"XRP Up or Down - September 12, 6:15PM-6:30PM ET",2026-09-12T22:30:00Z,2026-09-12T22:15:00Z,1.3625957959202084,Down,"[""0"", ""1""]",0.05,1562.7957279999998,,-0.5045,0.001,resolved,0xb6a02f9af322da7bb2b884c728e8a8c09510b8b4a123791568d063a2f8190fc6,https://data.chain.link/streams/xrp-usd-twap-60s-streams,1.3623798850731375,2026-09-12 22:30:54+00
zec-updown-15m-1789251300,ZEC,"ZCash Up or Down - September 12, 6:15PM-6:30PM ET",2026-09-12T22:30:00Z,2026-09-12T22:15:00Z,1121.5434559338184,Down,"[""0"", ""1""]",,,,-0.495,0.01,resolved,0xfee7432aa261301225abe9cb968b83e9965bd10c71638006f9d39665923c0438,https://data.chain.link/streams/zec-usd-twap-60s-streams,1121.10464144479,2026-09-12 22:30:54+00
bnb-updown-15m-1789252200,BNB,"BNB Up or Down - September 12, 6:30PM-6:45PM ET",2026-09-12T22:45:00Z,2026-09-12T22:30:00Z,725.7584505964041,Down,"[""0"", ""1""]",0.26,311.45552,,-0.5,0.01,resolved,0xa6293e883945834991ae5c1b534b57a2adaac1c598a29efabedc1494f50b2b23,https://data.chain.link/streams/bnb-usd-twap-60s-streams,725.6707128840942,2026-09-12 22:45:54+00
btc-updown-15m-1789252200,BTC,"Bitcoin Up or Down - September 12, 6:30PM-6:45PM ET",2026-09-12T22:45:00Z,2026-09-12T22:30:00Z,77188.67380359402,Down,"[""0"", ""1""]",0.01,21238.98036,,-0.5,0.01,resolved,0xaa82020968036e3f91b9470fe7aebfc61aadd8092dc7f0504aff5afc1ec0942d,https://data.chain.link/streams/btc-usd-twap-60s-streams,77178.62924369068,2026-09-12 22:45:54+00
doge-updown-15m-1789252200,DOGE,"Dogecoin Up or Down - September 12, 6:30PM-6:45PM ET",2026-09-12T22:45:00Z,2026-09-12T22:30:00Z,0.08464001667110951,Down,"[""0"", ""1""]",0.01,693.687167,,-0.4995,0.001,resolved,0x37b9cbfe1153b2fe05658ef74615d797500638feb5adc9591c8f5be8008e7ca2,https://data.chain.link/streams/doge-usd-twap-60s-streams,0.0846020275618563,2026-09-12 22:45:52+00
eth-updown-15m-1789252200,ETH,"Ethereum Up or Down - September 12, 6:30PM-6:45PM ET",2026-09-12T22:45:00Z,2026-09-12T22:30:00Z,2520.727329694045,Up,"[""1"", ""0""]",0.99,3440.4608960000014,,0.49,0.01,resolved,0xedb71683db1a5ca2e530f011894d219ad9cea2e68fca9c7fd2f302eb1d7dd718,https://data.chain.link/streams/eth-usd-twap-60s-streams,2520.847503800244,2026-09-12 22:45:54+00
hype-updown-15m-1789252200,HYPE,"Hyperliquid Up or Down - September 12, 6:30PM-6:45PM ET",2026-09-12T22:45:00Z,2026-09-12T22:30:00Z,79.59700207371311,Down,"[""0"", ""1""]",0.35,184.29857600000003,,-0.5045,0.001,resolved,0x44aba1afd84419ea82795d1782209d52a44a85d30bfc16c69b51b5d9ada0e8be,https://data.chain.link/streams/hype-usd-twap-60s-streams,79.54416025847938,2026-09-12 22:45:54+00
sol-updown-15m-1789252200,SOL,"Solana Up or Down - September 12, 6:30PM-6:45PM ET",2026-09-12T22:45:00Z,2026-09-12T22:30:00Z,101.47275009099432,Up,"[""1"", ""0""]",0.99,1261.173022,,0.4945,0.001,resolved,0xe22f3d0afac6e07d5591590df21ed4eb48385cd0447646bbebaa7442a3b631c6,https://data.chain.link/streams/sol-usd-twap-60s-streams,101.59288253919979,2026-09-12 22:45:54+00
xrp-updown-15m-1789252200,XRP,"XRP Up or Down - September 12, 6:30PM-6:45PM ET",2026-09-12T22:45:00Z,2026-09-12T22:30:00Z,1.3623798850731375,Down,"[""0"", ""1""]",0.09,853.543807,,-0.5045,0.001,resolved,0x28b306618c1748a9e19cb0d40dc7da1258654fab2edd460373a8f7557216e345,https://data.chain.link/streams/xrp-usd-twap-60s-streams,1.3620251157960466,2026-09-12 22:45:54+00
zec-updown-15m-1789252200,ZEC,"ZCash Up or Down - September 12, 6:30PM-6:45PM ET",2026-09-12T22:45:00Z,2026-09-12T22:30:00Z,1121.10464144479,Up,"[""1"", ""0""]",,,,0.495,0.01,resolved,0x66f7eda3de6345f5e804c3abd3a68955c76edc84338decae13e9e49b5d169820,https://data.chain.link/streams/zec-usd-twap-60s-streams,1123.047322384714,2026-09-12 22:45:54+00
bnb-updown-15m-1789253100,BNB,"BNB Up or Down - September 12, 6:45PM-7:00PM ET",2026-09-12T23:00:00Z,2026-09-12T22:45:00Z,725.6707128840942,Up,"[""1"", ""0""]",0.99,174.64703200000002,,0.49,0.01,resolved,0xbd6e5a54d9a763c0f2f790d8c49dd421d4bab78c0c94622962c818c887467dd3,https://data.chain.link/streams/bnb-usd-twap-60s-streams,726.0764062836702,2026-09-12 23:00:54+00
btc-updown-15m-1789253100,BTC,"Bitcoin Up or Down - September 12, 6:45PM-7:00PM ET",2026-09-12T23:00:00Z,2026-09-12T22:45:00Z,77178.62924369068,Up,"[""1"", ""0""]",0.999,20013.722754000002,,0.4945,0.001,resolved,0x2357f033901bc359c7fac811365ffe4fbf2c9a7fa3c4c811fd15536bdd4cfc0f,https://data.chain.link/streams/btc-usd-twap-60s-streams,77218.42044273143,2026-09-12 23:00:54+00
doge-updown-15m-1789253100,DOGE,"Dogecoin Up or Down - September 12, 6:45PM-7:00PM ET",2026-09-12T23:00:00Z,2026-09-12T22:45:00Z,0.0846020275618563,Up,"[""1"", ""0""]",0.99,337.09094100000004,,0.495,0.01,resolved,0xd7be2f455f9da1af99237acaeb88b5cb07cd591915d6059ac0ae7976e51b6721,https://data.chain.link/streams/doge-usd-twap-60s-streams,0.08463012126121308,2026-09-12 23:00:54+00
eth-updown-15m-1789253100,ETH,"Ethereum Up or Down - September 12, 6:45PM-7:00PM ET",2026-09-12T23:00:00Z,2026-09-12T22:45:00Z,2520.847503800244,Up,"[""1"", ""0""]",0.999,2551.2073149999997,,0.4945,0.001,resolved,0x6e39e7fcf3454705c3ea2408e1d379bde771a4c765d9f3719ce82b152bb7afdf,https://data.chain.link/streams/eth-usd-twap-60s-streams,2522.421248830206,2026-09-12 23:00:54+00
hype-updown-15m-1789253100,HYPE,"Hyperliquid Up or Down - September 12, 6:45PM-7:00PM ET",2026-09-12T23:00:00Z,2026-09-12T22:45:00Z,79.54416025847938,Up,"[""1"", ""0""]",0.99,75.866667,,0.4945,0.001,resolved,0xf4cb5d0fc54e86437bf81d234b5561725a8a77c22582bf54a0ce1abf5d1f4e68,https://data.chain.link/streams/hype-usd-twap-60s-streams,79.65041612090387,2026-09-12 23:00:54+00
sol-updown-15m-1789253100,SOL,"Solana Up or Down - September 12, 6:45PM-7:00PM ET",2026-09-12T23:00:00Z,2026-09-12T22:45:00Z,101.59288253919979,Up,"[""1"", ""0""]",0.99,830.5334850000002,,0.4945,0.001,resolved,0xa086276baca199397554df03fda050807a93fa957dd64064fd9ff92b3767be1e,https://data.chain.link/streams/sol-usd-twap-60s-streams,101.65619613174867,2026-09-12 23:00:54+00
xrp-updown-15m-1789253100,XRP,"XRP Up or Down - September 12, 6:45PM-7:00PM ET",2026-09-12T23:00:00Z,2026-09-12T22:45:00Z,1.3620251157960466,Up,"[""1"", ""0""]",0.99,934.7974609999999,,0.49,0.01,resolved,0x0ff7c635ce8988ce4d6587dc70f9d8bde84ab36f73754bdc1615441c53d6ba1f,https://data.chain.link/streams/xrp-usd-twap-60s-streams,1.3630349337543237,2026-09-12 23:00:54+00
zec-updown-15m-1789253100,ZEC,"ZCash Up or Down - September 12, 6:45PM-7:00PM ET",2026-09-12T23:00:00Z,2026-09-12T22:45:00Z,1123.047322384714,Up,"[""1"", ""0""]",0.97,,,0.495,0.01,resolved,0xb5b856fd9c4a36c908111f723c1eed96741d2dbcbf0c8d5ebc9e0279a7492284,https://data.chain.link/streams/zec-usd-twap-60s-streams,1123.7765224371615,2026-09-12 23:00:54+00
bnb-updown-15m-1789254000,BNB,"BNB Up or Down - September 12, 7:00PM-7:15PM ET",2026-09-12T23:15:00Z,2026-09-12T23:00:00Z,726.0764062836702,Up,"[""1"", ""0""]",0.99,139.357718,,0.4945,0.001,resolved,0x2fa0473bc3d95320feb611a9faaa7c37ef967596564563dcbc0f152eb30ca085,https://data.chain.link/streams/bnb-usd-twap-60s-streams,726.9527960938069,2026-09-12 23:15:52+00
btc-updown-15m-1789254000,BTC,"Bitcoin Up or Down - September 12, 7:00PM-7:15PM ET",2026-09-12T23:15:00Z,2026-09-12T23:00:00Z,77218.42044273143,Up,"[""1"", ""0""]",0.999,23463.181372000006,2758.3,0.4945,0.001,resolved,0x826bb04cf6337968d2d074f0e3bc3fe1311e96d42ae4dbbedade798487c1cb3d,https://data.chain.link/streams/btc-usd-twap-60s-streams,77258.14547728632,2026-09-12 23:15:54+00
doge-updown-15m-1789254000,DOGE,"Dogecoin Up or Down - September 12, 7:00PM-7:15PM ET",2026-09-12T23:15:00Z,2026-09-12T23:00:00Z,0.08463012126121308,Up,"[""1"", ""0""]",0.99,313.818151,,0.4995,0.001,resolved,0x9e5bb4d386d561b535713b95404e73628ce1de28b8dc7d79096d92b7cc562f03,https://data.chain.link/streams/doge-usd-twap-60s-streams,0.08473394680121069,2026-09-12 23:15:52+00
eth-updown-15m-1789254000,ETH,"Ethereum Up or Down - September 12, 7:00PM-7:15PM ET",2026-09-12T23:15:00Z,2026-09-12T23:00:00Z,2522.421248830206,Up,"[""1"", ""0""]",0.999,1864.5857529999994,,0.4945,0.001,resolved,0x7761ff577538f3150e0724c7a6d4b1b90a8b370594c9348ee7db7381d1fdd5ca,https://data.chain.link/streams/eth-usd-twap-60s-streams,2524.051084310752,2026-09-12 23:15:52+00
hype-updown-15m-1789254000,HYPE,"Hyperliquid Up or Down - September 12, 7:00PM-7:15PM ET",2026-09-12T23:15:00Z,2026-09-12T23:00:00Z,79.65041612090387,Up,"[""1"", ""0""]",0.99,,,0.4995,0.001,resolved,0x19eb69d65cf7f8942e25b22ecabbb4a4976e38a768956a5d571746a6863f85fa,https://data.chain.link/streams/hype-usd-twap-60s-streams,79.72179553991968,2026-09-12 23:15:54+00
sol-updown-15m-1789254000,SOL,"Solana Up or Down - September 12, 7:00PM-7:15PM ET",2026-09-12T23:15:00Z,2026-09-12T23:00:00Z,101.65619613174867,Up,"[""1"", ""0""]",0.99,1897.5829569999996,,0.49,0.01,resolved,0x952913633a1bd12a92f613adfd7dab956aab3597aa437cdb97de7ddb2c9bab85,https://data.chain.link/streams/sol-usd-twap-60s-streams,101.67866930265659,2026-09-12 23:15:54+00
xrp-updown-15m-1789254000,XRP,"XRP Up or Down - September 12, 7:00PM-7:15PM ET",2026-09-12T23:15:00Z,2026-09-12T23:00:00Z,1.3630349337543237,Up,"[""1"", ""0""]",0.99,772.800339,,0.4945,0.001,resolved,0x5a816b7eba9ee64e0f926b07d8ae97ced15e86bab2773a63d6bc8c0480ef48e6,https://data.chain.link/streams/xrp-usd-twap-60s-streams,1.3640344486952358,2026-09-12 23:15:54+00
zec-updown-15m-1789254000,ZEC,"ZCash Up or Down - September 12, 7:00PM-7:15PM ET",2026-09-12T23:15:00Z,2026-09-12T23:00:00Z,1123.7765224371615,Up,"[""1"", ""0""]",0.97,,,0.495,0.01,resolved,0x0940eae1b6e5861e277600c00bf6e9ad006975f3da2dbd17718ca16070429d35,https://data.chain.link/streams/zec-usd-twap-60s-streams,1123.8887237901558,2026-09-12 23:15:54+00
bnb-updown-15m-1789254900,BNB,"BNB Up or Down - September 12, 7:15PM-7:30PM ET",2026-09-12T23:30:00Z,2026-09-12T23:15:00Z,726.9527960938069,Down,"[""0"", ""1""]",0.02,362.5512289999999,,-0.5,0.01,resolved,0xbabf1aaf931765db14b359e069d6f986d715dac5776f3e3e883f0d5fa44d2dc2,https://data.chain.link/streams/bnb-usd-twap-60s-streams,726.8382368614741,2026-09-12 23:30:55+00
btc-updown-15m-1789254900,BTC,"Bitcoin Up or Down - September 12, 7:15PM-7:30PM ET",2026-09-12T23:30:00Z,2026-09-12T23:15:00Z,77258.14547728632,Down,"[""0"", ""1""]",0.01,32299.419316999993,,-0.5,0.01,resolved,0xa2aeb16c9d23828161ab0cb9a471aefac1f4a1a795098eb827c6432055a1848f,https://data.chain.link/streams/btc-usd-twap-60s-streams,77239.65298023955,2026-09-12 23:31:27+00
doge-updown-15m-1789254900,DOGE,"Dogecoin Up or Down - September 12, 7:15PM-7:30PM ET",2026-09-12T23:30:00Z,2026-09-12T23:15:00Z,0.08473394680121069,Down,"[""0"", ""1""]",0.78,758.297618,,-0.495,0.01,resolved,0x75f5042d0b1e7f905065ba7c8ef6147ed6b0d0ccd47c956c561d6de095037080,https://data.chain.link/streams/doge-usd-twap-60s-streams,0.08472825339563841,2026-09-12 23:31:27+00
eth-updown-15m-1789254900,ETH,"Ethereum Up or Down - September 12, 7:15PM-7:30PM ET",2026-09-12T23:30:00Z,2026-09-12T23:15:00Z,2524.051084310752,Down,"[""0"", ""1""]",0.1,3254.896413,,-0.5,0.01,resolved,0xccc3f9ba5d35fd2d2ea5638a404eaa9906e41d1ff09989d636513626ab4f565e,https://data.chain.link/streams/eth-usd-twap-60s-streams,2524.0108812901103,2026-09-12 23:31:27+00
hype-updown-15m-1789254900,HYPE,"Hyperliquid Up or Down - September 12, 7:15PM-7:30PM ET",2026-09-12T23:30:00Z,2026-09-12T23:15:00Z,79.72179553991968,Down,"[""0"", ""1""]",0.63,267.056808,,-0.5,0.01,resolved,0x8a6d1ec12f7cc6055b93723d78e00194710447205bb9e20ee622e57b38ce8aa3,https://data.chain.link/streams/hype-usd-twap-60s-streams,79.67546611548364,2026-09-12 23:31:27+00
sol-updown-15m-1789254900,SOL,"Solana Up or Down - September 12, 7:15PM-7:30PM ET",2026-09-12T23:30:00Z,2026-09-12T23:15:00Z,101.67866930265659,Up,"[""1"", ""0""]",0.99,1811.23782,,0.4945,0.001,resolved,0x5fb5e09d6db431534006d89af8bfc9c065d8c52fd62f5939518758dd7b7f0d5c,https://data.chain.link/streams/sol-usd-twap-60s-streams,101.76068039699265,2026-09-12 23:31:27+00
xrp-updown-15m-1789254900,XRP,"XRP Up or Down - September 12, 7:15PM-7:30PM ET",2026-09-12T23:30:00Z,2026-09-12T23:15:00Z,1.3640344486952358,Up,"[""1"", ""0""]",0.99,737.3970280000001,,0.4945,0.001,resolved,0x93bf557a71993c6662a7f69a06cca1ed29494bda07689edc711367c98346f0ac,https://data.chain.link/streams/xrp-usd-twap-60s-streams,1.3654420582406923,2026-09-12 23:31:25+00
zec-updown-15m-1789254900,ZEC,"ZCash Up or Down - September 12, 7:15PM-7:30PM ET",2026-09-12T23:30:00Z,2026-09-12T23:15:00Z,1123.8887237901558,Down,"[""0"", ""1""]",,,,-0.495,0.01,resolved,0xdaf86809599d1c2a10a1cb727959b7efc525a15379726b69fe4dfd3e2c214ce2,https://data.chain.link/streams/zec-usd-twap-60s-streams,1122.808705412866,2026-09-12 23:31:27+00
bnb-updown-15m-1789255800,BNB,"BNB Up or Down - September 12, 7:30PM-7:45PM ET",2026-09-12T23:45:00Z,2026-09-12T23:30:00Z,726.8382368614741,Up,"[""1"", ""0""]",0.99,443.35587200000003,,0.49,0.01,resolved,0xcd29c0fb9a5e7e2d7a65d6032d762dbc6db4c3105c2498d34666134276bc1ee0,https://data.chain.link/streams/bnb-usd-twap-60s-streams,727.2269365516966,2026-09-12 23:45:54+00
btc-updown-15m-1789255800,BTC,"Bitcoin Up or Down - September 12, 7:30PM-7:45PM ET",2026-09-12T23:45:00Z,2026-09-12T23:30:00Z,77239.65298023955,Down,"[""0"", ""1""]",0.04,29178.86405800001,,-0.45,0.01,resolved,0x8d21037ee9c09530889f4352847df07ec7059fb6484dfedb991bff18ccf0f06c,https://data.chain.link/streams/btc-usd-twap-60s-streams,77233.48392711104,2026-09-12 23:45:54+00
doge-updown-15m-1789255800,DOGE,"Dogecoin Up or Down - September 12, 7:30PM-7:45PM ET",2026-09-12T23:45:00Z,2026-09-12T23:30:00Z,0.08472825339563841,Up,"[""1"", ""0""]",0.999,281.70087,,0.495,0.01,resolved,0xd0df704582aa5c133281fcab577322d23327567cc287a4c19c362793297a5857,https://data.chain.link/streams/doge-usd-twap-60s-streams,0.08480945854664339,2026-09-12 23:45:54+00
eth-updown-15m-1789255800,ETH,"Ethereum Up or Down - September 12, 7:30PM-7:45PM ET",2026-09-12T23:45:00Z,2026-09-12T23:30:00Z,2524.0108812901103,Up,"[""1"", ""0""]",0.999,5805.521825999999,,0.48,0.01,resolved,0x2dcd123d943751899d1810c68997431bcb30e42575675c3f508b5a84ff0db071,https://data.chain.link/streams/eth-usd-twap-60s-streams,2524.562436800891,2026-09-12 23:45:54+00
hype-updown-15m-1789255800,HYPE,"Hyperliquid Up or Down - September 12, 7:30PM-7:45PM ET",2026-09-12T23:45:00Z,2026-09-12T23:30:00Z,79.67546611548364,Up,"[""1"", ""0""]",0.999,174.395485,,0.49,0.01,resolved,0x81558aaed51160912aca2f51081785439974a323cd93d1abed6c6263939fe648,https://data.chain.link/streams/hype-usd-twap-60s-streams,79.79929352931323,2026-09-12 23:45:52+00
sol-updown-15m-1789255800,SOL,"Solana Up or Down - September 12, 7:30PM-7:45PM ET",2026-09-12T23:45:00Z,2026-09-12T23:30:00Z,101.76068039699265,Up,"[""1"", ""0""]",0.99,1919.542931,,0.44,0.01,resolved,0x64e4efc776363264bd7f24a16d14ab5e78b2a874b2e2d1ca1895490e258098f3,https://data.chain.link/streams/sol-usd-twap-60s-streams,101.7722907751521,2026-09-12 23:45:54+00
xrp-updown-15m-1789255800,XRP,"XRP Up or Down - September 12, 7:30PM-7:45PM ET",2026-09-12T23:45:00Z,2026-09-12T23:30:00Z,1.3654420582406923,Up,"[""1"", ""0""]",0.999,1170.353415,,0.49,0.01,resolved,0xe4f0c07c16029ef0bc4b009da39708dfc4e3fa99bf2ff0936963730cf44befdb,https://data.chain.link/streams/xrp-usd-twap-60s-streams,1.36676485146139,2026-09-12 23:45:54+00
zec-updown-15m-1789255800,ZEC,"ZCash Up or Down - September 12, 7:30PM-7:45PM ET",2026-09-12T23:45:00Z,2026-09-12T23:30:00Z,1122.808705412866,Up,"[""1"", ""0""]",,,,0.495,0.01,resolved,0xde7865ebe48bc8fed2c1801b440ea2f87babed08b0f902a2746ea61a85ba71fd,https://data.chain.link/streams/zec-usd-twap-60s-streams,1124.3321779589585,2026-09-12 23:45:54+00
bnb-updown-15m-1789256700,BNB,"BNB Up or Down - September 12, 7:45PM-8:00PM ET",2026-09-13T00:00:00Z,2026-09-12T23:45:00Z,727.2269365516966,Up,"[""1"", ""0""]",0.99,318.24165500000004,,0.4995,0.001,resolved,0xda6665099554fc61aba524e309957560af8e176d8df97bebb264659532aed987,https://data.chain.link/streams/bnb-usd-twap-60s-streams,727.4849617694675,2026-09-13 00:00:54+00
btc-updown-15m-1789256700,BTC,"Bitcoin Up or Down - September 12, 7:45PM-8:00PM ET",2026-09-13T00:00:00Z,2026-09-12T23:45:00Z,77233.48392711104,Up,"[""1"", ""0""]",0.999,17343.636287,,0.4945,0.001,resolved,0x4e6045549461be299cfba8e38f55a602b4b72ec4f394dd31c9e4a7a9b101ae6c,https://data.chain.link/streams/btc-usd-twap-60s-streams,77273.05693295125,2026-09-13 00:00:54+00
doge-updown-15m-1789256700,DOGE,"Dogecoin Up or Down - September 12, 7:45PM-8:00PM ET",2026-09-13T00:00:00Z,2026-09-12T23:45:00Z,0.08480945854664339,Up,"[""1"", ""0""]",0.99,226.73170100000004,,0.4995,0.001,resolved,0xc9d85b3f76cce8b7e7718c50d2b941a1eecae149c2b56bf70ce8e1d0d5e80dbc,https://data.chain.link/streams/doge-usd-twap-60s-streams,0.08483166753125201,2026-09-13 00:00:54+00
eth-updown-15m-1789256700,ETH,"Ethereum Up or Down - September 12, 7:45PM-8:00PM ET",2026-09-13T00:00:00Z,2026-09-12T23:45:00Z,2524.562436800891,Up,"[""1"", ""0""]",0.999,2204.4327380000004,,0.4945,0.001,resolved,0xa4311860fc9c0475f51aca694910030aafc9f20fa6e5ea92a00674d1c0e51823,https://data.chain.link/streams/eth-usd-twap-60s-streams,2525.6849929884224,2026-09-13 00:00:54+00
hype-updown-15m-1789256700,HYPE,"Hyperliquid Up or Down - September 12, 7:45PM-8:00PM ET",2026-09-13T00:00:00Z,2026-09-12T23:45:00Z,79.79929352931323,Down,"[""0"", ""1""]",0.29,,,-0.5045,0.001,resolved,0x08581d92c6ed15c6b89fb1f5662aa3f96709899edbc7b07dc1338bf1782a0ced,https://data.chain.link/streams/hype-usd-twap-60s-streams,79.6562877069392,2026-09-13 00:00:54+00
sol-updown-15m-1789256700,SOL,"Solana Up or Down - September 12, 7:45PM-8:00PM ET",2026-09-13T00:00:00Z,2026-09-12T23:45:00Z,101.7722907751521,Down,"[""0"", ""1""]",0.01,2700.523937,,-0.495,0.01,resolved,0x18f4f6124a573f389fa7d47527037010bb9657d8abae9bd88648a341888218ee,https://data.chain.link/streams/sol-usd-twap-60s-streams,101.76144336400235,2026-09-13 00:00:54+00
xrp-updown-15m-1789256700,XRP,"XRP Up or Down - September 12, 7:45PM-8:00PM ET",2026-09-13T00:00:00Z,2026-09-12T23:45:00Z,1.36676485146139,Down,"[""0"", ""1""]",0.01,1150.0859130000001,,-0.5,0.01,resolved,0x34fe861d3b98e0c9446dd6839ffac66448b6a74b920304a2872f4b1409a4a398,https://data.chain.link/streams/xrp-usd-twap-60s-streams,1.3661732776804,2026-09-13 00:00:54+00
zec-updown-15m-1789256700,ZEC,"ZCash Up or Down - September 12, 7:45PM-8:00PM ET",2026-09-13T00:00:00Z,2026-09-12T23:45:00Z,1124.3321779589585,Down,"[""0"", ""1""]",0.53,,,-0.495,0.01,resolved,0x4840b73ab344f213c695cbccdfdf1d242cdda35d2300c638ed94d04fe87c069b,https://data.chain.link/streams/zec-usd-twap-60s-streams,1123.997298291606,2026-09-13 00:00:54+00
