slug,asset,question,endDate,eventStartTime,priceToBeat,winningOutcome,outcomePrices,lastTradePrice,volume,openInterest,oneHourPriceChange,spread,umaResolutionStatus,conditionId,resolutionSource,finalPrice,closedTime
bnb-updown-15m-1790121600,BNB,"BNB Up or Down - September 22, 8:00PM-8:15PM ET",2026-09-23T00:15:00Z,2026-09-23T00:00:00Z,788.2326082466861,Up,"[""1"", ""0""]",0.999,322.993984,,0.4945,0.001,resolved,0xe51064f3341699dec731e2cb1fc7e2c63bc60f428b243f46eca0176d9e394e55,https://data.chain.link/streams/bnb-usd-twap-60s-streams,791.008863213028,2026-09-23 00:15:53+00
btc-updown-15m-1790121600,BTC,"Bitcoin Up or Down - September 22, 8:00PM-8:15PM ET",2026-09-23T00:15:00Z,2026-09-23T00:00:00Z,86186.33807381388,Up,"[""1"", ""0""]",0.999,28196.487298,4091.23,0.4945,0.001,resolved,0xac57e97367cfe9e4c665e91b385195c1cc764408bc4b5e67f573ed54dd15c0b9,https://data.chain.link/streams/btc-usd-twap-60s-streams,86349.72138459909,2026-09-23 00:15:55+00
doge-updown-15m-1790121600,DOGE,"Dogecoin Up or Down - September 22, 8:00PM-8:15PM ET",2026-09-23T00:15:00Z,2026-09-23T00:00:00Z,0.10039472312252314,Up,"[""1"", ""0""]",0.999,963.450646,,0.4995,0.001,resolved,0x8cac18c279595b25422887def651837580b96cdb1434def029d715459fe82d07,https://data.chain.link/streams/doge-usd-twap-60s-streams,0.100809552669577,2026-09-23 00:15:53+00
eth-updown-15m-1790121600,ETH,"Ethereum Up or Down - September 22, 8:00PM-8:15PM ET",2026-09-23T00:15:00Z,2026-09-23T00:00:00Z,2753.1035918597395,Up,"[""1"", ""0""]",0.999,6018.5772529999995,,0.4945,0.001,resolved,0xc936ffd9e7c47c49ddfbbaf7cd5cb1aff9a5056f698db7ce30cf843dbe04be5b,https://data.chain.link/streams/eth-usd-twap-60s-streams,2757.6628295937007,2026-09-23 00:15:55+00
hype-updown-15m-1790121600,HYPE,"Hyperliquid Up or Down - September 22, 8:00PM-8:15PM ET",2026-09-23T00:15:00Z,2026-09-23T00:00:00Z,97.21745555588505,Up,"[""1"", ""0""]",0.999,523.7091290000001,,0.4945,0.001,resolved,0xd2d4e32b42ce1590cde9afaa7a3bca38a40357456a4c022926d95fb172448e2e,https://data.chain.link/streams/hype-usd-twap-60s-streams,97.47749729284727,2026-09-23 00:15:55+00
sol-updown-15m-1790121600,SOL,"Solana Up or Down - September 22, 8:00PM-8:15PM ET",2026-09-23T00:15:00Z,2026-09-23T00:00:00Z,118.56038190719728,Up,"[""1"", ""0""]",0.999,1823.2850819999999,,0.4945,0.001,resolved,0xb42f74cb1e0b7ff5b1cbc24befe2c8c8d1f211e84630edc652f40dd9031efc27,https://data.chain.link/streams/sol-usd-twap-60s-streams,118.76455041319332,2026-09-23 00:15:55+00
xrp-updown-15m-1790121600,XRP,"XRP Up or Down - September 22, 8:00PM-8:15PM ET",2026-09-23T00:15:00Z,2026-09-23T00:00:00Z,1.5718698615222646,Up,"[""1"", ""0""]",0.999,1122.7763009999999,,0.4945,0.001,resolved,0x222baedfd4c436efd808e910ea9990f15b6cfc94fdf472db76048d44a775ba86,https://data.chain.link/streams/xrp-usd-twap-60s-streams,1.578608540907553,2026-09-23 00:15:55+00
zec-updown-15m-1790121600,ZEC,"ZCash Up or Down - September 22, 8:00PM-8:15PM ET",2026-09-23T00:15:00Z,2026-09-23T00:00:00Z,1629.4192779869395,Down,"[""0"", ""1""]",,,,-0.4995,0.001,resolved,0x240c093d1c6884a94b913a5ef67cd4a4fc0a810a9310990d33dc33a79aa029f3,https://data.chain.link/streams/zec-usd-twap-60s-streams,1619.4043854621932,2026-09-23 00:15:53+00
bnb-updown-15m-1790122500,BNB,"BNB Up or Down - September 22, 8:15PM-8:30PM ET",2026-09-23T00:30:00Z,2026-09-23T00:15:00Z,791.008863213028,Up,"[""1"", ""0""]",0.99,2041.5941470000002,,0.49,0.01,resolved,0xb18d55ac9d719a97de888eed15417684ddd9abbfc8fd6ef210c1609f0e9f86d4,https://data.chain.link/streams/bnb-usd-twap-60s-streams,791.987359840622,2026-09-23 00:31:26+00
btc-updown-15m-1790122500,BTC,"Bitcoin Up or Down - September 22, 8:15PM-8:30PM ET",2026-09-23T00:30:00Z,2026-09-23T00:15:00Z,86349.72138459909,Up,"[""1"", ""0""]",0.999,11176.007385999992,,0.4945,0.001,resolved,0x93e83d1addd34b28d7d3ac2db86d9d2e5de5bdffb608031547545d8a72116adf,https://data.chain.link/streams/btc-usd-twap-60s-streams,86434.33744369619,2026-09-23 00:31:28+00
doge-updown-15m-1790122500,DOGE,"Dogecoin Up or Down - September 22, 8:15PM-8:30PM ET",2026-09-23T00:30:00Z,2026-09-23T00:15:00Z,0.100809552669577,Down,"[""0"", ""1""]",0.04,894.5167650000001,,-0.495,0.01,resolved,0x087ac4199caa150b600ef8b7bb18e7bf0f6b84629df5690f5b3d94a64e18ce03,https://data.chain.link/streams/doge-usd-twap-60s-streams,0.1006339340133218,2026-09-23 00:31:26+00
eth-updown-15m-1790122500,ETH,"Ethereum Up or Down - September 22, 8:15PM-8:30PM ET",2026-09-23T00:30:00Z,2026-09-23T00:15:00Z,2757.6628295937007,Down,"[""0"", ""1""]",0.28,3443.332891000001,,-0.5,0.01,resolved,0x36b3319275f80fc8d9c3770d2a7f19d7e1e0d25e2066a48471a07d977b4ce60b,https://data.chain.link/streams/eth-usd-twap-60s-streams,2756.9385942289546,2026-09-23 00:31:28+00
hype-updown-15m-1790122500,HYPE,"Hyperliquid Up or Down - September 22, 8:15PM-8:30PM ET",2026-09-23T00:30:00Z,2026-09-23T00:15:00Z,97.47749729284727,Up,"[""1"", ""0""]",0.999,510.38022900000004,,0.4945,0.001,resolved,0xad6e6c0acdf1d8ad55c2369cf8b58366b8b774cf828ef1bf249949f85559b8cf,https://data.chain.link/streams/hype-usd-twap-60s-streams,97.59746193351934,2026-09-23 00:31:26+00
sol-updown-15m-1790122500,SOL,"Solana Up or Down - September 22, 8:15PM-8:30PM ET",2026-09-23T00:30:00Z,2026-09-23T00:15:00Z,118.76455041319332,Up,"[""1"", ""0""]",0.999,1985.6731319999997,,0.4945,0.001,resolved,0x3639e16e963e942e8d4891765738a4534c3a69c7ba218853cc980bd4b8f17e98,https://data.chain.link/streams/sol-usd-twap-60s-streams,118.91201823443669,2026-09-23 00:31:26+00
xrp-updown-15m-1790122500,XRP,"XRP Up or Down - September 22, 8:15PM-8:30PM ET",2026-09-23T00:30:00Z,2026-09-23T00:15:00Z,1.578608540907553,Up,"[""1"", ""0""]",0.999,792.232239,,0.4945,0.001,resolved,0xf973307cd7c45449aba0dab4a8774256917b0018e40f25f263e1afcc38eaf79c,https://data.chain.link/streams/xrp-usd-twap-60s-streams,1.5826851397629176,2026-09-23 00:31:28+00
zec-updown-15m-1790122500,ZEC,"ZCash Up or Down - September 22, 8:15PM-8:30PM ET",2026-09-23T00:30:00Z,2026-09-23T00:15:00Z,1619.4043854621932,Down,"[""0"", ""1""]",,,,-0.495,0.01,resolved,0x170385d4f9170be98d5d7a3421989c807e48bc053b7ea9829eae4c82ed5edf51,https://data.chain.link/streams/zec-usd-twap-60s-streams,1611.8812871553193,2026-09-23 00:30:55+00
bnb-updown-15m-1790123400,BNB,"BNB Up or Down - September 22, 8:30PM-8:45PM ET",2026-09-23T00:45:00Z,2026-09-23T00:30:00Z,791.987359840622,Down,"[""0"", ""1""]",0.15,1597.621868,,-0.5,0.01,resolved,0xff0b5ca760b91c7f9cf8fd26d60f79480fbfaf85cdbdf2e2e3c0c86ab57f83d5,https://data.chain.link/streams/bnb-usd-twap-60s-streams,791.2790082563065,2026-09-23 00:45:53+00
btc-updown-15m-1790123400,BTC,"Bitcoin Up or Down - September 22, 8:30PM-8:45PM ET",2026-09-23T00:45:00Z,2026-09-23T00:30:00Z,86434.33744369619,Down,"[""0"", ""1""]",0.04,49137.20542699999,,-0.5,0.01,resolved,0xa657c2970f753d505bbfd0d794c5f3776218cce199bbf9d5c7c80704c618919f,https://data.chain.link/streams/btc-usd-twap-60s-streams,86425.85521121495,2026-09-23 00:45:53+00
doge-updown-15m-1790123400,DOGE,"Dogecoin Up or Down - September 22, 8:30PM-8:45PM ET",2026-09-23T00:45:00Z,2026-09-23T00:30:00Z,0.1006339340133218,Down,"[""0"", ""1""]",0.71,343.386006,,-0.4995,0.001,resolved,0x0e2ce0946095005fb37690dc2f029337cc52fd598f2d23861df13b437fb3bf1d,https://data.chain.link/streams/doge-usd-twap-60s-streams,0.10061199269681141,2026-09-23 00:45:53+00
eth-updown-15m-1790123400,ETH,"Ethereum Up or Down - September 22, 8:30PM-8:45PM ET",2026-09-23T00:45:00Z,2026-09-23T00:30:00Z,2756.9385942289546,Up,"[""1"", ""0""]",0.999,3587.508183,,0.4945,0.001,resolved,0x3598b0122b0bae5830ed5be32bbdcc3e69c5b2f05022cbb9f3f52c7dc634451b,https://data.chain.link/streams/eth-usd-twap-60s-streams,2760.383799812129,2026-09-23 00:45:53+00
hype-updown-15m-1790123400,HYPE,"Hyperliquid Up or Down - September 22, 8:30PM-8:45PM ET",2026-09-23T00:45:00Z,2026-09-23T00:30:00Z,97.59746193351934,Down,"[""0"", ""1""]",0.25,869.4247120000001,,-0.5,0.01,resolved,0x978cee773df6622cc8770604b6eacaaec52c81c0a89f98e675bc19a679fa50ca,https://data.chain.link/streams/hype-usd-twap-60s-streams,97.54841298406794,2026-09-23 00:45:53+00
sol-updown-15m-1790123400,SOL,"Solana Up or Down - September 22, 8:30PM-8:45PM ET",2026-09-23T00:45:00Z,2026-09-23T00:30:00Z,118.91201823443669,Down,"[""0"", ""1""]",0.61,1108.396176,,-0.5,0.01,resolved,0xf22b98543dca43da5a86387822a42ae2f8fd2b3b52e62a291bf253369285dfa1,https://data.chain.link/streams/sol-usd-twap-60s-streams,118.82843257312977,2026-09-23 00:45:55+00
xrp-updown-15m-1790123400,XRP,"XRP Up or Down - September 22, 8:30PM-8:45PM ET",2026-09-23T00:45:00Z,2026-09-23T00:30:00Z,1.5826851397629176,Up,"[""1"", ""0""]",0.999,1063.4905250000002,,0.4945,0.001,resolved,0x0e8505aec77ef70b4c75ec82112781c0f25df1201349025c19d8fd07ab3a9bda,https://data.chain.link/streams/xrp-usd-twap-60s-streams,1.5832864828376911,2026-09-23 00:45:53+00
zec-updown-15m-1790123400,ZEC,"ZCash Up or Down - September 22, 8:30PM-8:45PM ET",2026-09-23T00:45:00Z,2026-09-23T00:30:00Z,1611.8812871553193,Up,"[""1"", ""0""]",0.85,,,0.495,0.01,resolved,0x0141da1376c328d1183c303d6db69239ca2ac2477d352d5369fcba2c86bff71e,https://data.chain.link/streams/zec-usd-twap-60s-streams,1613.050940575381,2026-09-23 00:45:53+00
bnb-updown-15m-1790124300,BNB,"BNB Up or Down - September 22, 8:45PM-9:00PM ET",2026-09-23T01:00:00Z,2026-09-23T00:45:00Z,791.2790082563065,Down,"[""0"", ""1""]",0.04,303.46266199999997,,-0.5045,0.001,resolved,0xd3d1d329e23538e670b321fd395a02d483097398afc818512aed4354a11306b2,https://data.chain.link/streams/bnb-usd-twap-60s-streams,790.4092549564194,2026-09-23 01:01:26+00
btc-updown-15m-1790124300,BTC,"Bitcoin Up or Down - September 22, 8:45PM-9:00PM ET",2026-09-23T01:00:00Z,2026-09-23T00:45:00Z,86425.85521121495,Up,"[""1"", ""0""]",0.99,59263.687616999996,,0.4945,0.001,resolved,0x3f84cbac6832f173e4725fc4d0c1984fd2be2dfe01209215d391ef96e7af1fed,https://data.chain.link/streams/btc-usd-twap-60s-streams,86446.69440541188,2026-09-23 01:01:26+00
doge-updown-15m-1790124300,DOGE,"Dogecoin Up or Down - September 22, 8:45PM-9:00PM ET",2026-09-23T01:00:00Z,2026-09-23T00:45:00Z,0.10061199269681141,Up,"[""1"", ""0""]",0.99,308.423135,,0.4995,0.001,resolved,0x76fc4b19aefed7eeba10e49b556d9f85c5a2fa92e60e1a24bef97da44aa6b8b7,https://data.chain.link/streams/doge-usd-twap-60s-streams,0.10072099488857764,2026-09-23 01:01:26+00
eth-updown-15m-1790124300,ETH,"Ethereum Up or Down - September 22, 8:45PM-9:00PM ET",2026-09-23T01:00:00Z,2026-09-23T00:45:00Z,2760.383799812129,Down,"[""0"", ""1""]",0.27,3715.9318819999994,,-0.5,0.01,resolved,0xe8ad9144603554bb9a44325f45d518a0a12d5980ff02f0fff7914f231ee2d6b4,https://data.chain.link/streams/eth-usd-twap-60s-streams,2760.1625834195306,2026-09-23 01:01:26+00
hype-updown-15m-1790124300,HYPE,"Hyperliquid Up or Down - September 22, 8:45PM-9:00PM ET",2026-09-23T01:00:00Z,2026-09-23T00:45:00Z,97.54841298406794,Down,"[""0"", ""1""]",0.08,571.288343,,-0.5045,0.001,resolved,0x1f0608fb33f395e7bd4c54fd7c65f39a71fe6f7f020829c437c81328684beac6,https://data.chain.link/streams/hype-usd-twap-60s-streams,97.45078799582734,2026-09-23 01:01:26+00
sol-updown-15m-1790124300,SOL,"Solana Up or Down - September 22, 8:45PM-9:00PM ET",2026-09-23T01:00:00Z,2026-09-23T00:45:00Z,118.82843257312977,Down,"[""0"", ""1""]",0.01,1246.0535450000002,,-0.5045,0.001,resolved,0x926a74d5c8b6f9416957bb32ed56efdddba1cc8cd8ac406775838347296de449,https://data.chain.link/streams/sol-usd-twap-60s-streams,118.79372579061982,2026-09-23 01:01:26+00
xrp-updown-15m-1790124300,XRP,"XRP Up or Down - September 22, 8:45PM-9:00PM ET",2026-09-23T01:00:00Z,2026-09-23T00:45:00Z,1.5832864828376911,Up,"[""1"", ""0""]",0.999,773.9373899999999,,0.49,0.01,resolved,0x1be907803f1ef63053d5bed9de89f9c7a6c2e7014c453af733fba24d77589a22,https://data.chain.link/streams/xrp-usd-twap-60s-streams,1.5851547372294825,2026-09-23 01:01:26+00
zec-updown-15m-1790124300,ZEC,"ZCash Up or Down - September 22, 8:45PM-9:00PM ET",2026-09-23T01:00:00Z,2026-09-23T00:45:00Z,1613.050940575381,Up,"[""1"", ""0""]",,,,0.4995,0.001,resolved,0x90fa8ea8e4dbe22fd4833caa6b39097f11cfdce746b052342543c0806dc26baf,https://data.chain.link/streams/zec-usd-twap-60s-streams,1614.0528088409183,2026-09-23 01:01:26+00
bnb-updown-15m-1790125200,BNB,"BNB Up or Down - September 22, 9:00PM-9:15PM ET",2026-09-23T01:15:00Z,2026-09-23T01:00:00Z,790.4092549564194,Up,"[""1"", ""0""]",0.999,331.41666699999996,,0.4945,0.001,resolved,0x55bfb34ea05f477024163a5f8d70fffe2faafdffb5b160df911d11654d70c0c4,https://data.chain.link/streams/bnb-usd-twap-60s-streams,791.8922660988478,2026-09-23 01:15:53+00
btc-updown-15m-1790125200,BTC,"Bitcoin Up or Down - September 22, 9:00PM-9:15PM ET",2026-09-23T01:15:00Z,2026-09-23T01:00:00Z,86446.69440541188,Up,"[""1"", ""0""]",0.999,127315.04210700002,4140.284692,0.4945,0.001,resolved,0x6495a0da90aed78dbf163835219684a919816c56ebed9787c99b0e8c5c549108,https://data.chain.link/streams/btc-usd-twap-60s-streams,86720.8403236766,2026-09-23 01:15:53+00
doge-updown-15m-1790125200,DOGE,"Dogecoin Up or Down - September 22, 9:00PM-9:15PM ET",2026-09-23T01:15:00Z,2026-09-23T01:00:00Z,0.10072099488857764,Up,"[""1"", ""0""]",0.999,256.991,,0.4995,0.001,resolved,0x668bd3be6e7ec21b16afc4c83184a1f957e6fe4a8a5b064584d5515a73dc493e,https://data.chain.link/streams/doge-usd-twap-60s-streams,0.1015680241525643,2026-09-23 01:15:53+00
eth-updown-15m-1790125200,ETH,"Ethereum Up or Down - September 22, 9:00PM-9:15PM ET",2026-09-23T01:15:00Z,2026-09-23T01:00:00Z,2760.1625834195306,Up,"[""1"", ""0""]",0.999,2220.996628,,0.4945,0.001,resolved,0x5e9e5f86c4c0eef723ad03a619bf2f8e6bf93fb6e247d54a463450cadb19aa8d,https://data.chain.link/streams/eth-usd-twap-60s-streams,2770.8991563774407,2026-09-23 01:15:53+00
hype-updown-15m-1790125200,HYPE,"Hyperliquid Up or Down - September 22, 9:00PM-9:15PM ET",2026-09-23T01:15:00Z,2026-09-23T01:00:00Z,97.45078799582734,Up,"[""1"", ""0""]",0.929,993.2388820000001,,0.4945,0.001,resolved,0xd8407df1ead3162b75ef3ccf8f201a4c616aad251743052534a716f62d04268e,https://data.chain.link/streams/hype-usd-twap-60s-streams,97.46314035171217,2026-09-23 01:15:53+00
sol-updown-15m-1790125200,SOL,"Solana Up or Down - September 22, 9:00PM-9:15PM ET",2026-09-23T01:15:00Z,2026-09-23T01:00:00Z,118.79372579061982,Up,"[""1"", ""0""]",0.999,1067.177745,,0.4945,0.001,resolved,0x3cc4b12a0f58182379755328e3829780b48c2716db0a1a4425c9e9a46a8bfcba,https://data.chain.link/streams/sol-usd-twap-60s-streams,119.18185094558882,2026-09-23 01:15:53+00
xrp-updown-15m-1790125200,XRP,"XRP Up or Down - September 22, 9:00PM-9:15PM ET",2026-09-23T01:15:00Z,2026-09-23T01:00:00Z,1.5851547372294825,Up,"[""1"", ""0""]",0.999,709.1212730000001,2,0.4945,0.001,resolved,0x1233e60e1019d9fa16eaf03a3d1d071ff092518311749e8d8d52bb4b399508b5,https://data.chain.link/streams/xrp-usd-twap-60s-streams,1.5981332091198475,2026-09-23 01:15:53+00
zec-updown-15m-1790125200,ZEC,"ZCash Up or Down - September 22, 9:00PM-9:15PM ET",2026-09-23T01:15:00Z,2026-09-23T01:00:00Z,1614.0528088409183,Down,"[""0"", ""1""]",,,,-0.495,0.01,resolved,0x8ba557c070c4fb5b5bd8635c4b3d713c9bfad8b67e666bcd7f3ce825ce8c01be,https://data.chain.link/streams/zec-usd-twap-60s-streams,1610.258804033377,2026-09-23 01:15:53+00
bnb-updown-15m-1790126100,BNB,"BNB Up or Down - September 22, 9:15PM-9:30PM ET",2026-09-23T01:30:00Z,2026-09-23T01:15:00Z,791.8922660988478,Down,"[""0"", ""1""]",0.01,544.523498,,-0.5045,0.001,resolved,0x3d174fc0530c9ca87dc284518e57cb9343bef32991032747b00b45b0479b9542,https://data.chain.link/streams/bnb-usd-twap-60s-streams,791.7442433628339,2026-09-23 01:30:53+00
btc-updown-15m-1790126100,BTC,"Bitcoin Up or Down - September 22, 9:15PM-9:30PM ET",2026-09-23T01:30:00Z,2026-09-23T01:15:00Z,86720.8403236766,Down,"[""0"", ""1""]",0.01,107353.28969399993,82.46,-0.5,0.01,resolved,0xa3e60e140186ad1cff63cc77920ad79e286fe551699b355a3b7cfd6334b5be8b,https://data.chain.link/streams/btc-usd-twap-60s-streams,86617.49749746868,2026-09-23 01:30:53+00
doge-updown-15m-1790126100,DOGE,"Dogecoin Up or Down - September 22, 9:15PM-9:30PM ET",2026-09-23T01:30:00Z,2026-09-23T01:15:00Z,0.1015680241525643,Up,"[""1"", ""0""]",0.999,238.99114900000004,,0.4995,0.001,resolved,0xfbb9234a2c9abe19b732d95f786073b669f1a133b187f05aabbaa9bb57e8cf4f,https://data.chain.link/streams/doge-usd-twap-60s-streams,0.102137802494518,2026-09-23 01:30:53+00
eth-updown-15m-1790126100,ETH,"Ethereum Up or Down - September 22, 9:15PM-9:30PM ET",2026-09-23T01:30:00Z,2026-09-23T01:15:00Z,2770.8991563774407,Down,"[""0"", ""1""]",0.06,3605.6289019999995,,-0.5045,0.001,resolved,0x9e627b098fcb20da128bc992bb8ec591949b3b70d03b5e1e44728c7152f91b51,https://data.chain.link/streams/eth-usd-twap-60s-streams,2766.923187885898,2026-09-23 01:30:53+00
hype-updown-15m-1790126100,HYPE,"Hyperliquid Up or Down - September 22, 9:15PM-9:30PM ET",2026-09-23T01:30:00Z,2026-09-23T01:15:00Z,97.46314035171217,Down,"[""0"", ""1""]",0.03,258.64637,,-0.5045,0.001,resolved,0x6454fb7e68e7fc3f7a127cdd2052980bd89b2d68d7d06fed77c211cb773f15a6,https://data.chain.link/streams/hype-usd-twap-60s-streams,97.1468975800947,2026-09-23 01:30:53+00
sol-updown-15m-1790126100,SOL,"Solana Up or Down - September 22, 9:15PM-9:30PM ET",2026-09-23T01:30:00Z,2026-09-23T01:15:00Z,119.18185094558882,Down,"[""0"", ""1""]",0.06,808.4802120000002,,-0.5045,0.001,resolved,0x5a4c03daaef7379563cd1642d9726d4190f4321e17f8366aaf873ce01e143761,https://data.chain.link/streams/sol-usd-twap-60s-streams,118.91075302356565,2026-09-23 01:30:53+00
xrp-updown-15m-1790126100,XRP,"XRP Up or Down - September 22, 9:15PM-9:30PM ET",2026-09-23T01:30:00Z,2026-09-23T01:15:00Z,1.5981332091198475,Down,"[""0"", ""1""]",0.04,848.4804890000003,,-0.5045,0.001,resolved,0x472ba544811d45aa78fa1424c564b2d6eca1f7004cacc169e067576e08e0763a,https://data.chain.link/streams/xrp-usd-twap-60s-streams,1.5895168512235103,2026-09-23 01:30:53+00
zec-updown-15m-1790126100,ZEC,"ZCash Up or Down - September 22, 9:15PM-9:30PM ET",2026-09-23T01:30:00Z,2026-09-23T01:15:00Z,1610.258804033377,Down,"[""0"", ""1""]",,,,-0.495,0.01,resolved,0x0cedb9b7cdb76ec075062df2b4e807b4909939898decccda3fea4499d616f63d,https://data.chain.link/streams/zec-usd-twap-60s-streams,1607.8990277146336,2026-09-23 01:30:53+00
bnb-updown-15m-1790127000,BNB,"BNB Up or Down - September 22, 9:30PM-9:45PM ET",2026-09-23T01:45:00Z,2026-09-23T01:30:00Z,791.7442433628339,Down,"[""0"", ""1""]",0.05,232.79261599999995,,-0.5045,0.001,resolved,0x489f50d4deab9508bd6b546115eed9af8a63834cff163b5d8f8ab784ac526405,https://data.chain.link/streams/bnb-usd-twap-60s-streams,789.4565172225634,2026-09-23 01:46:28+00
btc-updown-15m-1790127000,BTC,"Bitcoin Up or Down - September 22, 9:30PM-9:45PM ET",2026-09-23T01:45:00Z,2026-09-23T01:30:00Z,86617.49749746868,Down,"[""0"", ""1""]",0.002,18365.882415000004,,-0.5045,0.001,resolved,0x1ac0b0e0819672f1c1a4c7f283b7b06ddbaaf46b1c2e9e7ce2543b82fa046be7,https://data.chain.link/streams/btc-usd-twap-60s-streams,86298.13165781932,2026-09-23 01:46:26+00
doge-updown-15m-1790127000,DOGE,"Dogecoin Up or Down - September 22, 9:30PM-9:45PM ET",2026-09-23T01:45:00Z,2026-09-23T01:30:00Z,0.102137802494518,Down,"[""0"", ""1""]",0.02,342.20387100000005,,-0.4995,0.001,resolved,0xcc31543d50fb6b8fbe4789a2e820455ef63842000a6c9151ea7ffa8ae17dec7b,https://data.chain.link/streams/doge-usd-twap-60s-streams,0.10156986581797692,2026-09-23 01:46:28+00
eth-updown-15m-1790127000,ETH,"Ethereum Up or Down - September 22, 9:30PM-9:45PM ET",2026-09-23T01:45:00Z,2026-09-23T01:30:00Z,2766.923187885898,Down,"[""0"", ""1""]",0.019,1386.8818140000003,,-0.5045,0.001,resolved,0xa3c4c32d93e23c23ca2dbb64f656a5ab14d4d62c6b7aeb0be1a0a1bb5c39e163,https://data.chain.link/streams/eth-usd-twap-60s-streams,2753.861215618266,2026-09-23 01:46:26+00
hype-updown-15m-1790127000,HYPE,"Hyperliquid Up or Down - September 22, 9:30PM-9:45PM ET",2026-09-23T01:45:00Z,2026-09-23T01:30:00Z,97.1468975800947,Down,"[""0"", ""1""]",0.01,317.07429700000006,,-0.5045,0.001,resolved,0x60bf6eb73c657f6f513ca4eeaa0d45ac73b90d361fdf6b9f69ba3d6e777af618,https://data.chain.link/streams/hype-usd-twap-60s-streams,96.98956023063056,2026-09-23 01:46:26+00
sol-updown-15m-1790127000,SOL,"Solana Up or Down - September 22, 9:30PM-9:45PM ET",2026-09-23T01:45:00Z,2026-09-23T01:30:00Z,118.91075302356565,Down,"[""0"", ""1""]",0.02,443.40770699999996,,-0.5045,0.001,resolved,0x41209fcacc60a98a14303db0f3860b4226b259588e1a8fddd56a0ecded94d104,https://data.chain.link/streams/sol-usd-twap-60s-streams,118.31553726481847,2026-09-23 01:46:26+00
xrp-updown-15m-1790127000,XRP,"XRP Up or Down - September 22, 9:30PM-9:45PM ET",2026-09-23T01:45:00Z,2026-09-23T01:30:00Z,1.5895168512235103,Down,"[""0"", ""1""]",0.03,965.4717640000001,,-0.5045,0.001,resolved,0x84bfc0a7fd388e5eb4d04ad6c58b23e0fed864ba628433963e0d2c393225a995,https://data.chain.link/streams/xrp-usd-twap-60s-streams,1.5808635871799268,2026-09-23 01:46:28+00
zec-updown-15m-1790127000,ZEC,"ZCash Up or Down - September 22, 9:30PM-9:45PM ET",2026-09-23T01:45:00Z,2026-09-23T01:30:00Z,1607.8990277146336,Down,"[""0"", ""1""]",,,,-0.495,0.01,resolved,0x0794444c3bfc69b7665b81cd918943b988985d618016b1405b4734c0d24329fc,https://data.chain.link/streams/zec-usd-twap-60s-streams,1590.0070193569252,2026-09-23 01:46:28+00
bnb-updown-15m-1790127900,BNB,"BNB Up or Down - September 22, 9:45PM-10:00PM ET",2026-09-23T02:00:00Z,2026-09-23T01:45:00Z,789.4565172225634,Down,"[""0"", ""1""]",0.099,727.685674,,-0.5045,0.001,resolved,0xeeda4e6f810ad43778c13e62f312a7b54d3024b93a88c3fb7dd96849ed4e7d79,https://data.chain.link/streams/bnb-usd-twap-60s-streams,788.4901896879991,2026-09-23 02:00:55+00
btc-updown-15m-1790127900,BTC,"Bitcoin Up or Down - September 22, 9:45PM-10:00PM ET",2026-09-23T02:00:00Z,2026-09-23T01:45:00Z,86298.13165781932,Up,"[""1"", ""0""]",0.999,71152.26285500002,,0.49,0.01,resolved,0x2a1bc7ce27f8ac4611c54c2652e996daff409862de595fe8d1d1607d827abf96,https://data.chain.link/streams/btc-usd-twap-60s-streams,86327.57336423031,2026-09-23 02:00:53+00
doge-updown-15m-1790127900,DOGE,"Dogecoin Up or Down - September 22, 9:45PM-10:00PM ET",2026-09-23T02:00:00Z,2026-09-23T01:45:00Z,0.10156986581797692,Down,"[""0"", ""1""]",0.07,470.55112800000006,,-0.4995,0.001,resolved,0x22cfac7d8bfcdc2f29da24befa5a968db5736a9df7a1b8a1665bf51f64efba9a,https://data.chain.link/streams/doge-usd-twap-60s-streams,0.10142180341571093,2026-09-23 02:00:55+00
eth-updown-15m-1790127900,ETH,"Ethereum Up or Down - September 22, 9:45PM-10:00PM ET",2026-09-23T02:00:00Z,2026-09-23T01:45:00Z,2753.861215618266,Down,"[""0"", ""1""]",0.001,3634.5596149999997,,-0.5045,0.001,resolved,0xa43896c77c4582a0d3912598ae3fc40f686232697a763dedf7524e82366ae5c3,https://data.chain.link/streams/eth-usd-twap-60s-streams,2752.686094744062,2026-09-23 02:00:55+00
hype-updown-15m-1790127900,HYPE,"Hyperliquid Up or Down - September 22, 9:45PM-10:00PM ET",2026-09-23T02:00:00Z,2026-09-23T01:45:00Z,96.98956023063056,Up,"[""1"", ""0""]",0.89,373.497334,,0.49,0.01,resolved,0x26e05a08ce496e59cae21746015c61108b8c7fe5d47a3acc0fdf402f517f09b0,https://data.chain.link/streams/hype-usd-twap-60s-streams,97.07366224958047,2026-09-23 02:00:53+00
sol-updown-15m-1790127900,SOL,"Solana Up or Down - September 22, 9:45PM-10:00PM ET",2026-09-23T02:00:00Z,2026-09-23T01:45:00Z,118.31553726481847,Down,"[""0"", ""1""]",0.073,786.3747350000001,,-0.5045,0.001,resolved,0x8c26fc8c6065dbfe32755c4acb7cf77f518b8017e57a4c6f3f3e7abbf9160468,https://data.chain.link/streams/sol-usd-twap-60s-streams,118.21959037945334,2026-09-23 02:00:53+00
xrp-updown-15m-1790127900,XRP,"XRP Up or Down - September 22, 9:45PM-10:00PM ET",2026-09-23T02:00:00Z,2026-09-23T01:45:00Z,1.5808635871799268,Up,"[""1"", ""0""]",0.999,2097.3732449999998,,0.4945,0.001,resolved,0x3bbef73b3c45b443029768425c45ae8cc3716dd3e6594c74ff956f7200cfdeda,https://data.chain.link/streams/xrp-usd-twap-60s-streams,1.5855113421762819,2026-09-23 02:00:53+00
zec-updown-15m-1790127900,ZEC,"ZCash Up or Down - September 22, 9:45PM-10:00PM ET",2026-09-23T02:00:00Z,2026-09-23T01:45:00Z,1590.0070193569252,Up,"[""1"", ""0""]",,,,0.495,0.01,resolved,0x84f3e08107f5a8105bdcc5db822fcb3dc535634039999517850f798a4aff6732,https://data.chain.link/streams/zec-usd-twap-60s-streams,1606.5486957493663,2026-09-23 02:00:55+00
bnb-updown-15m-1790128800,BNB,"BNB Up or Down - September 22, 10:00PM-10:15PM ET",2026-09-23T02:15:00Z,2026-09-23T02:00:00Z,788.4901896879991,Down,"[""0"", ""1""]",0.05,236.69715499999998,19.519115,-0.5045,0.001,resolved,0xffb50437ea5fe6c5ea98d4056fce26e126c27d6266817d4fcf7e171db057a891,https://data.chain.link/streams/bnb-usd-twap-60s-streams,787.5195752523125,2026-09-23 02:17:32+00
btc-updown-15m-1790128800,BTC,"Bitcoin Up or Down - September 22, 10:00PM-10:15PM ET",2026-09-23T02:15:00Z,2026-09-23T02:00:00Z,86327.57336423031,Up,"[""1"", ""0""]",0.99,79650.80628999995,4060.107061,0.49,0.01,resolved,0xae2bc39808859ff43f7176f616f6d99d8574af6f9c261e18b6f01002127b7655,https://data.chain.link/streams/btc-usd-twap-60s-streams,86349.21175271615,2026-09-23 02:17:32+00
doge-updown-15m-1790128800,DOGE,"Dogecoin Up or Down - September 22, 10:00PM-10:15PM ET",2026-09-23T02:15:00Z,2026-09-23T02:00:00Z,0.10142180341571093,Down,"[""0"", ""1""]",0.02,206.953865,,-0.4995,0.001,resolved,0x521573b6ca19bad9eeac8ef911349f3e332ffe325ed33b99acb8365a7da17c5b,https://data.chain.link/streams/doge-usd-twap-60s-streams,0.10057105550277463,2026-09-23 02:17:31+00
eth-updown-15m-1790128800,ETH,"Ethereum Up or Down - September 22, 10:00PM-10:15PM ET",2026-09-23T02:15:00Z,2026-09-23T02:00:00Z,2752.686094744062,Down,"[""0"", ""1""]",0.01,3535.5267780000004,,-0.5045,0.001,resolved,0x591d6bd064b314f064a8d02b39db65c3e4507b3c90ebefd949e7d63a51996c8e,https://data.chain.link/streams/eth-usd-twap-60s-streams,2751.288230496617,2026-09-23 02:17:31+00
hype-updown-15m-1790128800,HYPE,"Hyperliquid Up or Down - September 22, 10:00PM-10:15PM ET",2026-09-23T02:15:00Z,2026-09-23T02:00:00Z,97.07366224958047,Down,"[""0"", ""1""]",0.15,870.8153289999998,38.490248,-0.5045,0.001,resolved,0xda3b5f4b1fd22705d8489fc82ad7d98296d6d9020e9b2e72301b0cf0e78e4f2e,https://data.chain.link/streams/hype-usd-twap-60s-streams,96.71320031249194,2026-09-23 02:17:31+00
sol-updown-15m-1790128800,SOL,"Solana Up or Down - September 22, 10:00PM-10:15PM ET",2026-09-23T02:15:00Z,2026-09-23T02:00:00Z,118.21959037945334,Down,"[""0"", ""1""]",0.16,800.090394,67.691884,-0.5045,0.001,resolved,0x23e962c77338a4c14733b6a0ab13d575f78680643fe87b16045cad5ed6ef5e47,https://data.chain.link/streams/sol-usd-twap-60s-streams,118.0457977940101,2026-09-23 02:17:32+00
xrp-updown-15m-1790128800,XRP,"XRP Up or Down - September 22, 10:00PM-10:15PM ET",2026-09-23T02:15:00Z,2026-09-23T02:00:00Z,1.5855113421762819,Down,"[""0"", ""1""]",0.02,512.097782,,-0.5045,0.001,resolved,0xab45b1a6cd124610352397709b0f77ba1e4c981bb2b4efbea6ed515e17e7102e,https://data.chain.link/streams/xrp-usd-twap-60s-streams,1.5766806818931354,2026-09-23 02:17:32+00
zec-updown-15m-1790128800,ZEC,"ZCash Up or Down - September 22, 10:00PM-10:15PM ET",2026-09-23T02:15:00Z,2026-09-23T02:00:00Z,1606.5486957493663,Up,"[""1"", ""0""]",,12.071429,,0.495,0.01,resolved,0xae6481db483f20cebfc1302f7a05cb67d03ffae59b5d91f1edcc995e217e2531,https://data.chain.link/streams/zec-usd-twap-60s-streams,1613.844124389995,2026-09-23 02:17:32+00
bnb-updown-15m-1790129700,BNB,"BNB Up or Down - September 22, 10:15PM-10:30PM ET",2026-09-23T02:30:00Z,2026-09-23T02:15:00Z,787.5195752523125,Up,"[""1"", ""0""]",0.999,71.752967,,0.4945,0.001,resolved,0xf21f8adf86ff861b6a4943683f77301be12b96fa1033e72a07566b9dcaceb61f,https://data.chain.link/streams/bnb-usd-twap-60s-streams,790.9809594954711,2026-09-23 02:30:53+00
btc-updown-15m-1790129700,BTC,"Bitcoin Up or Down - September 22, 10:15PM-10:30PM ET",2026-09-23T02:30:00Z,2026-09-23T02:15:00Z,86349.21175271615,Up,"[""1"", ""0""]",0.999,28794.262534999998,,0.4945,0.001,resolved,0x246c960895ce9effa2252b5e6594a7b862bd46e78ee1a81b861ddddc2499d8f3,https://data.chain.link/streams/btc-usd-twap-60s-streams,86577.5121525643,2026-09-23 02:30:53+00
doge-updown-15m-1790129700,DOGE,"Dogecoin Up or Down - September 22, 10:15PM-10:30PM ET",2026-09-23T02:30:00Z,2026-09-23T02:15:00Z,0.10057105550277463,Up,"[""1"", ""0""]",0.999,125.394935,,0.4995,0.001,resolved,0x72918abb97b353939409030fc243087096cb2202415218460a82fb0375d6b917,https://data.chain.link/streams/doge-usd-twap-60s-streams,0.1016915099024776,2026-09-23 02:30:53+00
eth-updown-15m-1790129700,ETH,"Ethereum Up or Down - September 22, 10:15PM-10:30PM ET",2026-09-23T02:30:00Z,2026-09-23T02:15:00Z,2751.288230496617,Up,"[""1"", ""0""]",0.999,1810.526114,,0.4945,0.001,resolved,0x8d1a9595f190c4ef44a879b8da7910e2b6baebd424656b714336cbe077338eb3,https://data.chain.link/streams/eth-usd-twap-60s-streams,2759.030142112379,2026-09-23 02:30:53+00
hype-updown-15m-1790129700,HYPE,"Hyperliquid Up or Down - September 22, 10:15PM-10:30PM ET",2026-09-23T02:30:00Z,2026-09-23T02:15:00Z,96.71320031249194,Up,"[""1"", ""0""]",0.999,311.91844199999997,,0.4945,0.001,resolved,0x945def91f5f4259fe43e8bf409c7856d93a6f52e789d1a8ba443605061cc65cc,https://data.chain.link/streams/hype-usd-twap-60s-streams,96.9148581090275,2026-09-23 02:30:53+00
sol-updown-15m-1790129700,SOL,"Solana Up or Down - September 22, 10:15PM-10:30PM ET",2026-09-23T02:30:00Z,2026-09-23T02:15:00Z,118.0457977940101,Up,"[""1"", ""0""]",0.999,520.4193230000001,,0.4945,0.001,resolved,0xa0efa8cb8305df10711298c6a8ef38617e84c81f38f39f7f6f66365df5f8e4ff,https://data.chain.link/streams/sol-usd-twap-60s-streams,118.42189539330532,2026-09-23 02:30:53+00
xrp-updown-15m-1790129700,XRP,"XRP Up or Down - September 22, 10:15PM-10:30PM ET",2026-09-23T02:30:00Z,2026-09-23T02:15:00Z,1.5766806818931354,Up,"[""1"", ""0""]",0.999,229.12858300000005,,0.4945,0.001,resolved,0x3d5d5c5bf004c95b0276e71a6a900bf707d58a6d5ca8d84e714f9817239e52d1,https://data.chain.link/streams/xrp-usd-twap-60s-streams,1.5888817278204768,2026-09-23 02:30:53+00
zec-updown-15m-1790129700,ZEC,"ZCash Up or Down - September 22, 10:15PM-10:30PM ET",2026-09-23T02:30:00Z,2026-09-23T02:15:00Z,1613.844124389995,Down,"[""0"", ""1""]",,,,-0.495,0.01,resolved,0x0aad45adedb8387581ad0c5eb3569a9a4c9e7e9df312859f857c7f698a0006ad,https://data.chain.link/streams/zec-usd-twap-60s-streams,1610.9042218968739,2026-09-23 02:30:53+00
bnb-updown-15m-1790130600,BNB,"BNB Up or Down - September 22, 10:30PM-10:45PM ET",2026-09-23T02:45:00Z,2026-09-23T02:30:00Z,790.9809594954711,Up,"[""1"", ""0""]",0.99,166.6774,,0.49,0.01,resolved,0x64abdb99952b6eec976b7888693e22675d5ae93d87076dce5fc257f4b9dc429b,https://data.chain.link/streams/bnb-usd-twap-60s-streams,791.0817551725893,2026-09-23 02:45:53+00
btc-updown-15m-1790130600,BTC,"Bitcoin Up or Down - September 22, 10:30PM-10:45PM ET",2026-09-23T02:45:00Z,2026-09-23T02:30:00Z,86577.5121525643,Down,"[""0"", ""1""]",0.01,11106.877967,380,-0.5045,0.001,resolved,0xfd1cac529b409bf189b712d8e736c0d6d75111a6be4252a27145a3d5e7e55ac7,https://data.chain.link/streams/btc-usd-twap-60s-streams,86461.7234544608,2026-09-23 02:45:53+00
doge-updown-15m-1790130600,DOGE,"Dogecoin Up or Down - September 22, 10:30PM-10:45PM ET",2026-09-23T02:45:00Z,2026-09-23T02:30:00Z,0.1016915099024776,Up,"[""1"", ""0""]",0.98,602.2207579999999,,0.495,0.01,resolved,0x523cffaf4f04594327a96c2574c05ffcef26386ff02033baea70d9e9b6eeb670,https://data.chain.link/streams/doge-usd-twap-60s-streams,0.10169931923180298,2026-09-23 02:45:53+00
eth-updown-15m-1790130600,ETH,"Ethereum Up or Down - September 22, 10:30PM-10:45PM ET",2026-09-23T02:45:00Z,2026-09-23T02:30:00Z,2759.030142112379,Down,"[""0"", ""1""]",0.17,2440.6133460000005,,-0.5045,0.001,resolved,0x9e0c83962c41c39f8a616a5f8875752402fc036f9ad434bbf52478fd70448e7b,https://data.chain.link/streams/eth-usd-twap-60s-streams,2756.4799872671056,2026-09-23 02:45:53+00
hype-updown-15m-1790130600,HYPE,"Hyperliquid Up or Down - September 22, 10:30PM-10:45PM ET",2026-09-23T02:45:00Z,2026-09-23T02:30:00Z,96.9148581090275,Up,"[""1"", ""0""]",0.99,359.430213,,0.4945,0.001,resolved,0xc63eca045f05e669806b292a454847a3911cb746cc2142b1cac23b3eff3550d7,https://data.chain.link/streams/hype-usd-twap-60s-streams,97.01025160643051,2026-09-23 02:45:53+00
sol-updown-15m-1790130600,SOL,"Solana Up or Down - September 22, 10:30PM-10:45PM ET",2026-09-23T02:45:00Z,2026-09-23T02:30:00Z,118.42189539330532,Down,"[""0"", ""1""]",0.21,1102.335818,,-0.5045,0.001,resolved,0x324743e2b7b596d18cf408c8023f73ab00e554bd712754662335a2fdb7c24277,https://data.chain.link/streams/sol-usd-twap-60s-streams,118.30596908990233,2026-09-23 02:45:53+00
xrp-updown-15m-1790130600,XRP,"XRP Up or Down - September 22, 10:30PM-10:45PM ET",2026-09-23T02:45:00Z,2026-09-23T02:30:00Z,1.5888817278204768,Up,"[""1"", ""0""]",0.999,810.269378,,0.4945,0.001,resolved,0x259aec84a47d53a6084b13e285f38906bbc5de4dcf4c21a1d1582f3c3c75da15,https://data.chain.link/streams/xrp-usd-twap-60s-streams,1.5900838648266848,2026-09-23 02:45:53+00
zec-updown-15m-1790130600,ZEC,"ZCash Up or Down - September 22, 10:30PM-10:45PM ET",2026-09-23T02:45:00Z,2026-09-23T02:30:00Z,1610.9042218968739,Up,"[""1"", ""0""]",,,,0.495,0.01,resolved,0xcdae4f47639da1a1c3c36a0e840a27e226ce9feac24d83763e6bc1fb2a95faca,https://data.chain.link/streams/zec-usd-twap-60s-streams,1612.920934917836,2026-09-23 02:45:53+00
bnb-updown-15m-1790131500,BNB,"BNB Up or Down - September 22, 10:45PM-11:00PM ET",2026-09-23T03:00:00Z,2026-09-23T02:45:00Z,791.0817551725893,Up,"[""1"", ""0""]",0.999,223.977602,,0.4945,0.001,resolved,0xd46c5e9bb1e032cfbdda41503d740c1b59c18dd75073bf4e84e8c74c64eb0cb4,https://data.chain.link/streams/bnb-usd-twap-60s-streams,792.8496444121307,2026-09-23 03:01:26+00
btc-updown-15m-1790131500,BTC,"Bitcoin Up or Down - September 22, 10:45PM-11:00PM ET",2026-09-23T03:00:00Z,2026-09-23T02:45:00Z,86461.7234544608,Up,"[""1"", ""0""]",0.999,16885.28893900001,,0.49,0.01,resolved,0x4b9c7c2c6e2620c1806cce264845af81ee8284a83d5b0bb54fb057a55bd6054e,https://data.chain.link/streams/btc-usd-twap-60s-streams,86529.42975400476,2026-09-23 03:01:26+00
doge-updown-15m-1790131500,DOGE,"Dogecoin Up or Down - September 22, 10:45PM-11:00PM ET",2026-09-23T03:00:00Z,2026-09-23T02:45:00Z,0.10169931923180298,Up,"[""1"", ""0""]",0.999,95.08923800000001,,0.4995,0.001,resolved,0x97a4b538caa7ed932a0eab995e6299f096f8e17ef0bd8a61e6c0bc8ebae5d516,https://data.chain.link/streams/doge-usd-twap-60s-streams,0.10345354762202796,2026-09-23 03:01:26+00
eth-updown-15m-1790131500,ETH,"Ethereum Up or Down - September 22, 10:45PM-11:00PM ET",2026-09-23T03:00:00Z,2026-09-23T02:45:00Z,2756.4799872671056,Up,"[""1"", ""0""]",0.999,3575.4330299999992,,0.4945,0.001,resolved,0x053f1e985c2da81d37dc228daf83ed12beb907e45b15b7b32508e9723831ddc9,https://data.chain.link/streams/eth-usd-twap-60s-streams,2762.1185755296037,2026-09-23 03:01:26+00
hype-updown-15m-1790131500,HYPE,"Hyperliquid Up or Down - September 22, 10:45PM-11:00PM ET",2026-09-23T03:00:00Z,2026-09-23T02:45:00Z,97.01025160643051,Up,"[""1"", ""0""]",0.999,602.0087010000001,,0.4945,0.001,resolved,0xe64d49f50f9df1ad6ff06cbe5ec841476e0d9b743feb6106f75806b80944284d,https://data.chain.link/streams/hype-usd-twap-60s-streams,97.03763295572062,2026-09-23 03:01:26+00
sol-updown-15m-1790131500,SOL,"Solana Up or Down - September 22, 10:45PM-11:00PM ET",2026-09-23T03:00:00Z,2026-09-23T02:45:00Z,118.30596908990233,Up,"[""1"", ""0""]",0.999,1256.2817730000002,,0.49,0.01,resolved,0x1b6e35ce1936dba9fdd0e7c13931d25c2722051767dad4d8db907b8a9a349735,https://data.chain.link/streams/sol-usd-twap-60s-streams,118.45669246313918,2026-09-23 03:01:26+00
xrp-updown-15m-1790131500,XRP,"XRP Up or Down - September 22, 10:45PM-11:00PM ET",2026-09-23T03:00:00Z,2026-09-23T02:45:00Z,1.5900838648266848,Up,"[""1"", ""0""]",0.999,365.93949799999996,,0.4945,0.001,resolved,0x143f7aa673e8d9d64f1fe29d299a2058ec2121abc4609ccbc712964188c4fa2a,https://data.chain.link/streams/xrp-usd-twap-60s-streams,1.5995057425766828,2026-09-23 03:01:26+00
zec-updown-15m-1790131500,ZEC,"ZCash Up or Down - September 22, 10:45PM-11:00PM ET",2026-09-23T03:00:00Z,2026-09-23T02:45:00Z,1612.920934917836,Up,"[""1"", ""0""]",,,,0.4995,0.001,resolved,0xb878bc8fbe71f84d88dae5796b03feccb14e528ca31cbb601cefa2fcb19d90de,https://data.chain.link/streams/zec-usd-twap-60s-streams,1617.5879002083025,2026-09-23 03:01:28+00
bnb-updown-15m-1790132400,BNB,"BNB Up or Down - September 22, 11:00PM-11:15PM ET",2026-09-23T03:15:00Z,2026-09-23T03:00:00Z,792.8496444121307,Up,"[""1"", ""0""]",0.999,475.032653,,0.4945,0.001,resolved,0x504ee1431a14711a82df1865b63db0583d00ca45e813185631b5580c4feff0b6,https://data.chain.link/streams/bnb-usd-twap-60s-streams,794.5197102430047,2026-09-23 03:16:26+00
btc-updown-15m-1790132400,BTC,"Bitcoin Up or Down - September 22, 11:00PM-11:15PM ET",2026-09-23T03:15:00Z,2026-09-23T03:00:00Z,86529.42975400476,Down,"[""0"", ""1""]",0.01,19353.017961,4134.62,-0.4945,0.001,resolved,0xd3d6b3e42dbc1661af7e882a9bba8580a511fcc561ac6ec1e0f8854d2dd195d0,https://data.chain.link/streams/btc-usd-twap-60s-streams,86507.72044471717,2026-09-23 03:16:26+00
doge-updown-15m-1790132400,DOGE,"Dogecoin Up or Down - September 22, 11:00PM-11:15PM ET",2026-09-23T03:15:00Z,2026-09-23T03:00:00Z,0.10345354762202796,Down,"[""0"", ""1""]",0.03,1699.5249000000003,,-0.4995,0.001,resolved,0xfb8d4c32c6e9215793c64c655c0c016dbb5a63fcc0d20094e6f36ceefe1b5632,https://data.chain.link/streams/doge-usd-twap-60s-streams,0.10311306288793891,2026-09-23 03:16:26+00
eth-updown-15m-1790132400,ETH,"Ethereum Up or Down - September 22, 11:00PM-11:15PM ET",2026-09-23T03:15:00Z,2026-09-23T03:00:00Z,2762.1185755296037,Up,"[""1"", ""0""]",0.99,1761.74182,,0.4945,0.001,resolved,0xef887b9b599723234df4dc0f97bf508e7bb778b9e0e7fcfc06739924eac329dc,https://data.chain.link/streams/eth-usd-twap-60s-streams,2764.008377557849,2026-09-23 03:16:26+00
hype-updown-15m-1790132400,HYPE,"Hyperliquid Up or Down - September 22, 11:00PM-11:15PM ET",2026-09-23T03:15:00Z,2026-09-23T03:00:00Z,97.03763295572062,Up,"[""1"", ""0""]",0.99,756.397793,,0.49,0.01,resolved,0xed5de18d40aadfc8c3c4c7abd74d4008b0038ad97724ccf09187e92e68afa9b5,https://data.chain.link/streams/hype-usd-twap-60s-streams,97.0511317900361,2026-09-23 03:16:26+00
sol-updown-15m-1790132400,SOL,"Solana Up or Down - September 22, 11:00PM-11:15PM ET",2026-09-23T03:15:00Z,2026-09-23T03:00:00Z,118.45669246313918,Up,"[""1"", ""0""]",0.99,649.396937,,0.4945,0.001,resolved,0xe9e7b7382cb5ed88b476468cfc31fc6e6141a57a2d21ef4cd7b3686f034cdacd,https://data.chain.link/streams/sol-usd-twap-60s-streams,118.59663888094337,2026-09-23 03:16:35+00
xrp-updown-15m-1790132400,XRP,"XRP Up or Down - September 22, 11:00PM-11:15PM ET",2026-09-23T03:15:00Z,2026-09-23T03:00:00Z,1.5995057425766828,Down,"[""0"", ""1""]",0.016,868.005011,,-0.5045,0.001,resolved,0xcc6bf986167087149f6db02c3e585d7f2ec542171a599fa9c68f4898e1f4edbc,https://data.chain.link/streams/xrp-usd-twap-60s-streams,1.5945869227591751,2026-09-23 03:16:26+00
zec-updown-15m-1790132400,ZEC,"ZCash Up or Down - September 22, 11:00PM-11:15PM ET",2026-09-23T03:15:00Z,2026-09-23T03:00:00Z,1617.5879002083025,Down,"[""0"", ""1""]",,,,-0.495,0.01,resolved,0x31d1a608b194e353018ed951c3edf80d1199cfa4bfa77e96e1291cadb6ec66e5,https://data.chain.link/streams/zec-usd-twap-60s-streams,1610.7241988185958,2026-09-23 03:16:26+00
bnb-updown-15m-1790133300,BNB,"BNB Up or Down - September 22, 11:15PM-11:30PM ET",2026-09-23T03:30:00Z,2026-09-23T03:15:00Z,794.5197102430047,Up,"[""1"", ""0""]",0.999,449.19855300000006,,0.4945,0.001,resolved,0xa696152292fe52e9e4d0d6bbe93d535cbd8b63122fd0cf8be5a0be471a177c60,https://data.chain.link/streams/bnb-usd-twap-60s-streams,795.0069951471628,2026-09-23 03:30:53+00
btc-updown-15m-1790133300,BTC,"Bitcoin Up or Down - September 22, 11:15PM-11:30PM ET",2026-09-23T03:30:00Z,2026-09-23T03:15:00Z,86507.72044471717,Up,"[""1"", ""0""]",0.999,18428.925113999998,23.529412,0.4945,0.001,resolved,0x6d7d49c97d95619b74e403698b1c576751cf10df45ea953b23e4409cdb05f2af,https://data.chain.link/streams/btc-usd-twap-60s-streams,86651.9534380584,2026-09-23 03:30:53+00
doge-updown-15m-1790133300,DOGE,"Dogecoin Up or Down - September 22, 11:15PM-11:30PM ET",2026-09-23T03:30:00Z,2026-09-23T03:15:00Z,0.10311306288793891,Up,"[""1"", ""0""]",0.98,1208.80466,,0.495,0.01,resolved,0x9c2f1badb4028b1278345e70ff909a425c6e5c0fef70e55620f437a7226b60b4,https://data.chain.link/streams/doge-usd-twap-60s-streams,0.10324919199478558,2026-09-23 03:30:53+00
eth-updown-15m-1790133300,ETH,"Ethereum Up or Down - September 22, 11:15PM-11:30PM ET",2026-09-23T03:30:00Z,2026-09-23T03:15:00Z,2764.008377557849,Up,"[""1"", ""0""]",0.999,2465.0979700000003,,0.4945,0.001,resolved,0x8acfbdd8305b682220ce5eb07356c7754cd03cbec2ebb7d412e11faba67a3c2c,https://data.chain.link/streams/eth-usd-twap-60s-streams,2767.49093304025,2026-09-23 03:30:53+00
hype-updown-15m-1790133300,HYPE,"Hyperliquid Up or Down - September 22, 11:15PM-11:30PM ET",2026-09-23T03:30:00Z,2026-09-23T03:15:00Z,97.0511317900361,Up,"[""1"", ""0""]",0.92,967.558781,,0.49,0.01,resolved,0xba703d1fd1f11753b33b68cdde03e45001f946818dbe563264385e5e7ab93f32,https://data.chain.link/streams/hype-usd-twap-60s-streams,97.08115089267463,2026-09-23 03:30:53+00
sol-updown-15m-1790133300,SOL,"Solana Up or Down - September 22, 11:15PM-11:30PM ET",2026-09-23T03:30:00Z,2026-09-23T03:15:00Z,118.59663888094337,Up,"[""1"", ""0""]",0.999,422.91073299999994,,0.4945,0.001,resolved,0x12bab14376a6308c5245b0d82e8ed2ab0ceccc65c8fd32265783134aad0cdbd1,https://data.chain.link/streams/sol-usd-twap-60s-streams,118.98084197974403,2026-09-23 03:30:53+00
xrp-updown-15m-1790133300,XRP,"XRP Up or Down - September 22, 11:15PM-11:30PM ET",2026-09-23T03:30:00Z,2026-09-23T03:15:00Z,1.5945869227591751,Up,"[""1"", ""0""]",0.999,1266.3720389999999,,0.4945,0.001,resolved,0x49c6166719fdfb62c3787fbaf8edd7f6c9ef8ee00175924c12584568a9246efa,https://data.chain.link/streams/xrp-usd-twap-60s-streams,1.6002427363573752,2026-09-23 03:30:53+00
zec-updown-15m-1790133300,ZEC,"ZCash Up or Down - September 22, 11:15PM-11:30PM ET",2026-09-23T03:30:00Z,2026-09-23T03:15:00Z,1610.7241988185958,Up,"[""1"", ""0""]",,,,0.495,0.01,resolved,0xda47ac3afc49afc2e2eca0d427c4c1ff47d08c2a631b24dda231e7bc1f31ca81,https://data.chain.link/streams/zec-usd-twap-60s-streams,1614.429545552003,2026-09-23 03:31:02+00
bnb-updown-15m-1790134200,BNB,"BNB Up or Down - September 22, 11:30PM-11:45PM ET",2026-09-23T03:45:00Z,2026-09-23T03:30:00Z,795.0069951471628,Up,"[""1"", ""0""]",0.999,675.382389,,0.4945,0.001,resolved,0x39b96fe7a85bec8f9b69afb19fffbb4897bcf0cb4d82134d05f5ec486c99bbbb,https://data.chain.link/streams/bnb-usd-twap-60s-streams,796.7587136727311,2026-09-23 03:45:55+00
btc-updown-15m-1790134200,BTC,"Bitcoin Up or Down - September 22, 11:30PM-11:45PM ET",2026-09-23T03:45:00Z,2026-09-23T03:30:00Z,86651.9534380584,Up,"[""1"", ""0""]",0.993,31389.668229,,0.4945,0.001,resolved,0x8a6664c94a5c52a2ae7723db6e9b8cb54686c1a8770ccbd7c537342bea98850e,https://data.chain.link/streams/btc-usd-twap-60s-streams,86823.65824125508,2026-09-23 03:45:55+00
doge-updown-15m-1790134200,DOGE,"Dogecoin Up or Down - September 22, 11:30PM-11:45PM ET",2026-09-23T03:45:00Z,2026-09-23T03:30:00Z,0.10324919199478558,Up,"[""1"", ""0""]",0.999,1348.080911,,0.4995,0.001,resolved,0x646f9c8adad139f864c7f4b9aa50e85556a22d550632cc63683e2d4f200f6321,https://data.chain.link/streams/doge-usd-twap-60s-streams,0.10356599952352889,2026-09-23 03:45:53+00
eth-updown-15m-1790134200,ETH,"Ethereum Up or Down - September 22, 11:30PM-11:45PM ET",2026-09-23T03:45:00Z,2026-09-23T03:30:00Z,2767.49093304025,Up,"[""1"", ""0""]",0.999,6833.076089000001,,0.4945,0.001,resolved,0x6cde40794652a33badd2efd9edf4e2b3189599d414ab58e511d21d1a406900ec,https://data.chain.link/streams/eth-usd-twap-60s-streams,2779.6757430223497,2026-09-23 03:45:53+00
hype-updown-15m-1790134200,HYPE,"Hyperliquid Up or Down - September 22, 11:30PM-11:45PM ET",2026-09-23T03:45:00Z,2026-09-23T03:30:00Z,97.08115089267463,Down,"[""0"", ""1""]",0.46,1697.964809,,-0.5045,0.001,resolved,0x02e50fd945337390bbf543bf6bd03f3e3c40a7b0bdbe2dca386c514ec7b4fac6,https://data.chain.link/streams/hype-usd-twap-60s-streams,97.02747881560167,2026-09-23 03:45:53+00
sol-updown-15m-1790134200,SOL,"Solana Up or Down - September 22, 11:30PM-11:45PM ET",2026-09-23T03:45:00Z,2026-09-23T03:30:00Z,118.98084197974403,Up,"[""1"", ""0""]",0.999,2141.350193,,0.4945,0.001,resolved,0x7c1ddc3f9767d0de3c4465a63bb2589eec3f409a69f3e0acbf606b6608b15592,https://data.chain.link/streams/sol-usd-twap-60s-streams,119.4063707780381,2026-09-23 03:45:55+00
xrp-updown-15m-1790134200,XRP,"XRP Up or Down - September 22, 11:30PM-11:45PM ET",2026-09-23T03:45:00Z,2026-09-23T03:30:00Z,1.6002427363573752,Up,"[""1"", ""0""]",0.999,1303.848002,,0.4945,0.001,resolved,0xf0d0b0f23147bf7d12502a7820ed59aa49f8ede27cd2e00a451d8d709b8ac285,https://data.chain.link/streams/xrp-usd-twap-60s-streams,1.61760701899684,2026-09-23 03:45:53+00
zec-updown-15m-1790134200,ZEC,"ZCash Up or Down - September 22, 11:30PM-11:45PM ET",2026-09-23T03:45:00Z,2026-09-23T03:30:00Z,1614.429545552003,Down,"[""0"", ""1""]",,,,-0.495,0.01,resolved,0x29b3719b8753dfc423f2b82599d63593881827fa10a21fb58870c0529fd7cd38,https://data.chain.link/streams/zec-usd-twap-60s-streams,1613.496830119394,2026-09-23 03:45:55+00
bnb-updown-15m-1790135100,BNB,"BNB Up or Down - September 22, 11:45PM-12:00AM ET",2026-09-23T04:00:00Z,2026-09-23T03:45:00Z,796.7587136727311,Down,"[""0"", ""1""]",0.08,543.1989259999999,,-0.5045,0.001,resolved,0x0148569901ad0921870e37ec4d84531bbf77d15bc1b57aa9b7549edcaab3df2d,https://data.chain.link/streams/bnb-usd-twap-60s-streams,796.4583954493489,2026-09-23 04:01:26+00
btc-updown-15m-1790135100,BTC,"Bitcoin Up or Down - September 22, 11:45PM-12:00AM ET",2026-09-23T04:00:00Z,2026-09-23T03:45:00Z,86823.65824125508,Down,"[""0"", ""1""]",0.008,13565.443234,,-0.5045,0.001,resolved,0x9029ac5a8add6ac0d8972bc71652adb23e8cb84798275d46dda9126d9210505f,https://data.chain.link/streams/btc-usd-twap-60s-streams,86689.1642913242,2026-09-23 04:01:35+00
doge-updown-15m-1790135100,DOGE,"Dogecoin Up or Down - September 22, 11:45PM-12:00AM ET",2026-09-23T04:00:00Z,2026-09-23T03:45:00Z,0.10356599952352889,Up,"[""1"", ""0""]",0.99,337.92390200000006,,0.4995,0.001,resolved,0x1f65f3141f9cedf147ca5841fe92af9161e5cf8943f6e40a6e2a1081f14ec447,https://data.chain.link/streams/doge-usd-twap-60s-streams,0.10398333712056575,2026-09-23 04:01:28+00
eth-updown-15m-1790135100,ETH,"Ethereum Up or Down - September 22, 11:45PM-12:00AM ET",2026-09-23T04:00:00Z,2026-09-23T03:45:00Z,2779.6757430223497,Down,"[""0"", ""1""]",0.003,11322.573523000001,,-0.5045,0.001,resolved,0xe3a7aa151d9bf72022916621a9e61a5f3bbaafbf509177e5fe81f6fd1e976dfa,https://data.chain.link/streams/eth-usd-twap-60s-streams,2773.4492008339935,2026-09-23 04:01:26+00
hype-updown-15m-1790135100,HYPE,"Hyperliquid Up or Down - September 22, 11:45PM-12:00AM ET",2026-09-23T04:00:00Z,2026-09-23T03:45:00Z,97.02747881560167,Down,"[""0"", ""1""]",0.08,591.524466,,-0.5045,0.001,resolved,0x508af29b96c7d664a1d744a27f908d5844d5533a90ae652814019d7f15e33932,https://data.chain.link/streams/hype-usd-twap-60s-streams,96.88298565496306,2026-09-23 04:01:28+00
sol-updown-15m-1790135100,SOL,"Solana Up or Down - September 22, 11:45PM-12:00AM ET",2026-09-23T04:00:00Z,2026-09-23T03:45:00Z,119.4063707780381,Down,"[""0"", ""1""]",0.05,2194.5394890000002,,-0.5045,0.001,resolved,0x827edcd01bd8758d531cfb1ec1793f5eb7c001f11f6dfa03d7fd9b945f2d2124,https://data.chain.link/streams/sol-usd-twap-60s-streams,119.1109619057481,2026-09-23 04:01:28+00
xrp-updown-15m-1790135100,XRP,"XRP Up or Down - September 22, 11:45PM-12:00AM ET",2026-09-23T04:00:00Z,2026-09-23T03:45:00Z,1.61760701899684,Up,"[""1"", ""0""]",0.99,2159.9051210000002,,0.4945,0.001,resolved,0xf1a7aac09649d3b4e9d525d3abbea5aff4725c98757457a453a7d2c559e63e6c,https://data.chain.link/streams/xrp-usd-twap-60s-streams,1.6176233386770933,2026-09-23 04:01:28+00
zec-updown-15m-1790135100,ZEC,"ZCash Up or Down - September 22, 11:45PM-12:00AM ET",2026-09-23T04:00:00Z,2026-09-23T03:45:00Z,1613.496830119394,Down,"[""0"", ""1""]",,,,-0.4995,0.001,resolved,0xa6adca390a54baf61e4a3543ef1adecc2e343a5753c08ffe1a29d6f836ec5393,https://data.chain.link/streams/zec-usd-twap-60s-streams,1603.8322441944629,2026-09-23 04:01:26+00
bnb-updown-15m-1790136000,BNB,"BNB Up or Down - September 23, 12:00AM-12:15AM ET",2026-09-23T04:15:00Z,2026-09-23T04:00:00Z,796.4583954493489,Down,"[""0"", ""1""]",0.04,297.736177,2,-0.5045,0.001,resolved,0x585f34fcce0f7d75583a8c4504eb3c2063b15a36a40378becab580ee2eaa0078,https://data.chain.link/streams/bnb-usd-twap-60s-streams,795.3260915695313,2026-09-23 04:15:53+00
btc-updown-15m-1790136000,BTC,"Bitcoin Up or Down - September 23, 12:00AM-12:15AM ET",2026-09-23T04:15:00Z,2026-09-23T04:00:00Z,86689.1642913242,Up,"[""1"", ""0""]",0.999,13237.14769899999,4125.21,0.4945,0.001,resolved,0x289b8baca931590fbfbc14b0e77b80d981db78de1f66c2f120adfae172b8e103,https://data.chain.link/streams/btc-usd-twap-60s-streams,86834.2935462208,2026-09-23 04:15:53+00
doge-updown-15m-1790136000,DOGE,"Dogecoin Up or Down - September 23, 12:00AM-12:15AM ET",2026-09-23T04:15:00Z,2026-09-23T04:00:00Z,0.10398333712056575,Down,"[""0"", ""1""]",0.78,428.606847,,-0.495,0.01,resolved,0x546e5e4455de1f6f45f8d48ba711e00378e78c7a4d6820674835d45c10cee57f,https://data.chain.link/streams/doge-usd-twap-60s-streams,0.10391230502121344,2026-09-23 04:15:53+00
eth-updown-15m-1790136000,ETH,"Ethereum Up or Down - September 23, 12:00AM-12:15AM ET",2026-09-23T04:15:00Z,2026-09-23T04:00:00Z,2773.4492008339935,Up,"[""1"", ""0""]",0.999,6281.209711,329.366154,0.4945,0.001,resolved,0x19eec34eef56bc4ead6fca66cf5604b15e6ed5c7454e67b7bf56635cc6eea0bb,https://data.chain.link/streams/eth-usd-twap-60s-streams,2776.4658864767684,2026-09-23 04:15:53+00
hype-updown-15m-1790136000,HYPE,"Hyperliquid Up or Down - September 23, 12:00AM-12:15AM ET",2026-09-23T04:15:00Z,2026-09-23T04:00:00Z,96.88298565496306,Up,"[""1"", ""0""]",0.97,658.2202360000001,,0.49,0.01,resolved,0x69f49ffa75379ba092bdb9bd35ba4aa200d9d1746afefcb4f15abe039500d1e8,https://data.chain.link/streams/hype-usd-twap-60s-streams,96.97695345370269,2026-09-23 04:15:53+00
sol-updown-15m-1790136000,SOL,"Solana Up or Down - September 23, 12:00AM-12:15AM ET",2026-09-23T04:15:00Z,2026-09-23T04:00:00Z,119.1109619057481,Up,"[""1"", ""0""]",0.99,1540.186572,2,0.49,0.01,resolved,0x5071b3a6dbfb03caa84cf1ea3f8e66da2647f38e66b4c74b8a75595e739e5ff0,https://data.chain.link/streams/sol-usd-twap-60s-streams,119.12444913678122,2026-09-23 04:15:53+00
xrp-updown-15m-1790136000,XRP,"XRP Up or Down - September 23, 12:00AM-12:15AM ET",2026-09-23T04:15:00Z,2026-09-23T04:00:00Z,1.6176233386770933,Up,"[""1"", ""0""]",0.999,794.4429690000002,,0.4945,0.001,resolved,0x48ab81ffe52790bfbccaaa9bbe8a621350db65d6f1af0b4f158f33e77d78f306,https://data.chain.link/streams/xrp-usd-twap-60s-streams,1.633161898766811,2026-09-23 04:15:53+00
zec-updown-15m-1790136000,ZEC,"ZCash Up or Down - September 23, 12:00AM-12:15AM ET",2026-09-23T04:15:00Z,2026-09-23T04:00:00Z,1603.8322441944629,Up,"[""1"", ""0""]",,,,0.495,0.01,resolved,0x3b11a7df632f3ba7f21ea84a7313bfa7e7796ee543b713c3580b9908e92b7f72,https://data.chain.link/streams/zec-usd-twap-60s-streams,1604.0876445339893,2026-09-23 04:15:53+00
bnb-updown-15m-1790136900,BNB,"BNB Up or Down - September 23, 12:15AM-12:30AM ET",2026-09-23T04:30:00Z,2026-09-23T04:15:00Z,795.3260915695313,Up,"[""1"", ""0""]",0.999,313.031801,,0.4945,0.001,resolved,0x7106de1cb7e3832f89168ca11e107b8a5a36449318dbc245040889b225ffa915,https://data.chain.link/streams/bnb-usd-twap-60s-streams,797.2327053912113,2026-09-23 04:30:53+00
btc-updown-15m-1790136900,BTC,"Bitcoin Up or Down - September 23, 12:15AM-12:30AM ET",2026-09-23T04:30:00Z,2026-09-23T04:15:00Z,86834.2935462208,Up,"[""1"", ""0""]",0.999,22779.576035000002,,0.4945,0.001,resolved,0x4a2654e6b15027bf835f0786c01e9287b0c5cd8761440a2320d7a9570c652ebf,https://data.chain.link/streams/btc-usd-twap-60s-streams,87060.27535945062,2026-09-23 04:30:53+00
doge-updown-15m-1790136900,DOGE,"Dogecoin Up or Down - September 23, 12:15AM-12:30AM ET",2026-09-23T04:30:00Z,2026-09-23T04:15:00Z,0.10391230502121344,Up,"[""1"", ""0""]",0.99,977.5289180000001,,0.495,0.01,resolved,0xaf1781b67cb09c3a8c958ea7444b17df81817343a319ae58aa78aa57227176c5,https://data.chain.link/streams/doge-usd-twap-60s-streams,0.10402696867561273,2026-09-23 04:30:53+00
eth-updown-15m-1790136900,ETH,"Ethereum Up or Down - September 23, 12:15AM-12:30AM ET",2026-09-23T04:30:00Z,2026-09-23T04:15:00Z,2776.4658864767684,Up,"[""1"", ""0""]",0.999,4518.1109799999995,,0.4945,0.001,resolved,0x32293049efa7aa03ca1351d5846ae674ff60e4d8ffcbcc25b954d013e29442b3,https://data.chain.link/streams/eth-usd-twap-60s-streams,2782.4711841440953,2026-09-23 04:30:53+00
hype-updown-15m-1790136900,HYPE,"Hyperliquid Up or Down - September 23, 12:15AM-12:30AM ET",2026-09-23T04:30:00Z,2026-09-23T04:15:00Z,96.97695345370269,Up,"[""1"", ""0""]",0.999,1155.6188710000001,,0.4945,0.001,resolved,0xfa36297bf2e57f2f8893df59d6bc868a4124ef23f4c4c7c268f700bbebe703cc,https://data.chain.link/streams/hype-usd-twap-60s-streams,97.02091397455895,2026-09-23 04:30:53+00
sol-updown-15m-1790136900,SOL,"Solana Up or Down - September 23, 12:15AM-12:30AM ET",2026-09-23T04:30:00Z,2026-09-23T04:15:00Z,119.12444913678122,Up,"[""1"", ""0""]",0.999,843.3914980000002,,0.4945,0.001,resolved,0xbd949a6a34db4a3caa90df56026d9d095f49dd23bea92274d33b3561cb1d7c15,https://data.chain.link/streams/sol-usd-twap-60s-streams,119.53303753393749,2026-09-23 04:30:53+00
xrp-updown-15m-1790136900,XRP,"XRP Up or Down - September 23, 12:15AM-12:30AM ET",2026-09-23T04:30:00Z,2026-09-23T04:15:00Z,1.633161898766811,Up,"[""1"", ""0""]",0.999,1080.320847,,0.4945,0.001,resolved,0x28ade84e856a47e026cebf6faed1633f35709cdacce5db3585f51a85038029b3,https://data.chain.link/streams/xrp-usd-twap-60s-streams,1.6428589563214433,2026-09-23 04:30:53+00
zec-updown-15m-1790136900,ZEC,"ZCash Up or Down - September 23, 12:15AM-12:30AM ET",2026-09-23T04:30:00Z,2026-09-23T04:15:00Z,1604.0876445339893,Down,"[""0"", ""1""]",,,,-0.495,0.01,resolved,0x254d6592e6bba88917aeb13302491bff2ac3af1def6bbe09eb014540d3115eb0,https://data.chain.link/streams/zec-usd-twap-60s-streams,1603.2870608128621,2026-09-23 04:30:53+00
bnb-updown-15m-1790137800,BNB,"BNB Up or Down - September 23, 12:30AM-12:45AM ET",2026-09-23T04:45:00Z,2026-09-23T04:30:00Z,797.2327053912113,Down,"[""0"", ""1""]",0.14,384.901143,,-0.5,0.01,resolved,0x460aa2b10ff5ddeb071c6d3e6780aef1adb843961892d639fc7b6aa400034f92,https://data.chain.link/streams/bnb-usd-twap-60s-streams,796.9602239658391,2026-09-23 04:46:26+00
btc-updown-15m-1790137800,BTC,"Bitcoin Up or Down - September 23, 12:30AM-12:45AM ET",2026-09-23T04:45:00Z,2026-09-23T04:30:00Z,87060.27535945062,Up,"[""1"", ""0""]",0.999,16727.606755999994,,0.4945,0.001,resolved,0xd9a99e966a0e594a832e39e40ee904007f502a738085c312be8d065654dcecbc,https://data.chain.link/streams/btc-usd-twap-60s-streams,87155.90230478228,2026-09-23 04:46:26+00
doge-updown-15m-1790137800,DOGE,"Dogecoin Up or Down - September 23, 12:30AM-12:45AM ET",2026-09-23T04:45:00Z,2026-09-23T04:30:00Z,0.10402696867561273,Down,"[""0"", ""1""]",0.13,1662.2723700000001,,-0.4995,0.001,resolved,0xa09641985d467b68ff2e7685453fabdf50e4573d005770175dfd8b56c229dde5,https://data.chain.link/streams/doge-usd-twap-60s-streams,0.10368159492909756,2026-09-23 04:46:28+00
eth-updown-15m-1790137800,ETH,"Ethereum Up or Down - September 23, 12:30AM-12:45AM ET",2026-09-23T04:45:00Z,2026-09-23T04:30:00Z,2782.4711841440953,Down,"[""0"", ""1""]",0.06,6228.923253999999,,-0.5,0.01,resolved,0x82328e4a4a4b313d31c4943f0611547e2784c7fe31185386a51d68115ed754f9,https://data.chain.link/streams/eth-usd-twap-60s-streams,2781.8319696113495,2026-09-23 04:46:26+00
hype-updown-15m-1790137800,HYPE,"Hyperliquid Up or Down - September 23, 12:30AM-12:45AM ET",2026-09-23T04:45:00Z,2026-09-23T04:30:00Z,97.02091397455895,Up,"[""1"", ""0""]",0.999,185.48299999999998,,0.4945,0.001,resolved,0x009b8a180854de209a68d93ef180dac66764876d6207f007924f519828fd9ca4,https://data.chain.link/streams/hype-usd-twap-60s-streams,97.6472167890148,2026-09-23 04:46:26+00
sol-updown-15m-1790137800,SOL,"Solana Up or Down - September 23, 12:30AM-12:45AM ET",2026-09-23T04:45:00Z,2026-09-23T04:30:00Z,119.53303753393749,Up,"[""1"", ""0""]",0.99,1478.4385039999997,,0.49,0.01,resolved,0xf56dd7cc0eead187c14905942f5cfd5bf3f2efb4d016fc73db1d1f8dfb176490,https://data.chain.link/streams/sol-usd-twap-60s-streams,119.53462657541048,2026-09-23 04:46:26+00
xrp-updown-15m-1790137800,XRP,"XRP Up or Down - September 23, 12:30AM-12:45AM ET",2026-09-23T04:45:00Z,2026-09-23T04:30:00Z,1.6428589563214433,Up,"[""1"", ""0""]",0.999,986.777675,,0.4945,0.001,resolved,0x817a4c8eb25700a22ec39302472c60c2f110c519c541dc5345f7b54b5a65778e,https://data.chain.link/streams/xrp-usd-twap-60s-streams,1.6520680415294446,2026-09-23 04:46:28+00
zec-updown-15m-1790137800,ZEC,"ZCash Up or Down - September 23, 12:30AM-12:45AM ET",2026-09-23T04:45:00Z,2026-09-23T04:30:00Z,1603.2870608128621,Down,"[""0"", ""1""]",,,,-0.495,0.01,resolved,0x7f44176d9ee30e6ee617d4592b2e30f380f369d910b1447d08e24257aafe00db,https://data.chain.link/streams/zec-usd-twap-60s-streams,1600.534498904314,2026-09-23 04:46:26+00
bnb-updown-15m-1790138700,BNB,"BNB Up or Down - September 23, 12:45AM-1:00AM ET",2026-09-23T05:00:00Z,2026-09-23T04:45:00Z,796.9602239658391,Down,"[""0"", ""1""]",0.07,193.498408,,-0.5045,0.001,resolved,0x204949ca700197231682b581ba22a0c9956760d504138641813655cffba5b360,https://data.chain.link/streams/bnb-usd-twap-60s-streams,794.678935950473,2026-09-23 05:01:26+00
btc-updown-15m-1790138700,BTC,"Bitcoin Up or Down - September 23, 12:45AM-1:00AM ET",2026-09-23T05:00:00Z,2026-09-23T04:45:00Z,87155.90230478228,Up,"[""1"", ""0""]",0.99,31907.05859299999,,0.49,0.01,resolved,0x5a911fcf59bfb6157b083affbe6219308b75b87eb1e3e7a538777be4f63bc07e,https://data.chain.link/streams/btc-usd-twap-60s-streams,87169.12906972546,2026-09-23 05:01:26+00
doge-updown-15m-1790138700,DOGE,"Dogecoin Up or Down - September 23, 12:45AM-1:00AM ET",2026-09-23T05:00:00Z,2026-09-23T04:45:00Z,0.10368159492909756,Down,"[""0"", ""1""]",0.09,606.7913199999999,,-0.4995,0.001,resolved,0xa6059cd8df186a8a8b7ea1e3f80b1efbf4a39f9c5bfdd6618293c08d5dd4bde0,https://data.chain.link/streams/doge-usd-twap-60s-streams,0.10360865563199474,2026-09-23 05:01:26+00
eth-updown-15m-1790138700,ETH,"Ethereum Up or Down - September 23, 12:45AM-1:00AM ET",2026-09-23T05:00:00Z,2026-09-23T04:45:00Z,2781.8319696113495,Down,"[""0"", ""1""]",0.16,6190.652931999999,,-0.5045,0.001,resolved,0x12076131c6770aa2709daa76015073e56dfbefcc635c77bf47e42456c2ae9a59,https://data.chain.link/streams/eth-usd-twap-60s-streams,2779.7914792133615,2026-09-23 05:01:26+00
hype-updown-15m-1790138700,HYPE,"Hyperliquid Up or Down - September 23, 12:45AM-1:00AM ET",2026-09-23T05:00:00Z,2026-09-23T04:45:00Z,97.6472167890148,Down,"[""0"", ""1""]",0.01,355.466504,,-0.5045,0.001,resolved,0xaf554327a5e17e2e0ceda952e1d5d5bb5199db7f81c2c002baf44ef967d578d6,https://data.chain.link/streams/hype-usd-twap-60s-streams,97.5299690911674,2026-09-23 05:01:35+00
sol-updown-15m-1790138700,SOL,"Solana Up or Down - September 23, 12:45AM-1:00AM ET",2026-09-23T05:00:00Z,2026-09-23T04:45:00Z,119.53462657541048,Down,"[""0"", ""1""]",0.13,1463.0500060000002,,-0.5045,0.001,resolved,0xba39838de33fa0d45180cde23497270444c780db1f1ff4d592aa2996dffec532,https://data.chain.link/streams/sol-usd-twap-60s-streams,119.5187099673602,2026-09-23 05:01:26+00
xrp-updown-15m-1790138700,XRP,"XRP Up or Down - September 23, 12:45AM-1:00AM ET",2026-09-23T05:00:00Z,2026-09-23T04:45:00Z,1.6520680415294446,Down,"[""0"", ""1""]",0.01,2351.920828,,-0.5045,0.001,resolved,0x21bc4af9b7dca297336277de90febf2896925da654efbb7519f1f323baadf06a,https://data.chain.link/streams/xrp-usd-twap-60s-streams,1.6398229066489178,2026-09-23 05:01:26+00
zec-updown-15m-1790138700,ZEC,"ZCash Up or Down - September 23, 12:45AM-1:00AM ET",2026-09-23T05:00:00Z,2026-09-23T04:45:00Z,1600.534498904314,Up,"[""1"", ""0""]",,,,0.4995,0.001,resolved,0x3e5598736203f73aab0f0a3cedfbe22377ba4b45dd3c130d78c7cf9c7608544d,https://data.chain.link/streams/zec-usd-twap-60s-streams,1602.0003986336803,2026-09-23 05:01:26+00
bnb-updown-15m-1790139600,BNB,"BNB Up or Down - September 23, 1:00AM-1:15AM ET",2026-09-23T05:15:00Z,2026-09-23T05:00:00Z,794.678935950473,Down,"[""0"", ""1""]",0.03,136.99393799999999,,-0.5045,0.001,resolved,0xbcb01e95934f0288f82286d74c52e52d5da5d3bb14fe8778ca85d91dfde40a49,https://data.chain.link/streams/bnb-usd-twap-60s-streams,792.4068045447657,2026-09-23 05:15:53+00
btc-updown-15m-1790139600,BTC,"Bitcoin Up or Down - September 23, 1:00AM-1:15AM ET",2026-09-23T05:15:00Z,2026-09-23T05:00:00Z,87169.12906972546,Down,"[""0"", ""1""]",0.01,22780.997930999987,4049.843138,-0.5045,0.001,resolved,0x4d01632b2690120ff036071c323a79698863ba5dcf6fb31d148f067522c42667,https://data.chain.link/streams/btc-usd-twap-60s-streams,86925.4078741525,2026-09-23 05:15:53+00
doge-updown-15m-1790139600,DOGE,"Dogecoin Up or Down - September 23, 1:00AM-1:15AM ET",2026-09-23T05:15:00Z,2026-09-23T05:00:00Z,0.10360865563199474,Down,"[""0"", ""1""]",0.06,82.612852,,-0.4995,0.001,resolved,0x6ffb4fc682f1557416d186abc2f9ce5f64ba8b626def72a4ef8c4869b7707745,https://data.chain.link/streams/doge-usd-twap-60s-streams,0.10262065135944952,2026-09-23 05:15:53+00
eth-updown-15m-1790139600,ETH,"Ethereum Up or Down - September 23, 1:00AM-1:15AM ET",2026-09-23T05:15:00Z,2026-09-23T05:00:00Z,2779.7914792133615,Down,"[""0"", ""1""]",0.019,1847.2870289999996,173.901961,-0.5045,0.001,resolved,0x0f8eb26d961bc46cc3b2dc7057a65657d114d41a0e0cf43c9ba67f015ebf5391,https://data.chain.link/streams/eth-usd-twap-60s-streams,2770.6066983445057,2026-09-23 05:15:53+00
hype-updown-15m-1790139600,HYPE,"Hyperliquid Up or Down - September 23, 1:00AM-1:15AM ET",2026-09-23T05:15:00Z,2026-09-23T05:00:00Z,97.5299690911674,Up,"[""1"", ""0""]",0.999,903.461259,,0.4945,0.001,resolved,0x5f244698ddc3bfc2186d0b34cc8f972398201d9a967e899afb23513334a93a3b,https://data.chain.link/streams/hype-usd-twap-60s-streams,97.90157284532152,2026-09-23 05:15:53+00
sol-updown-15m-1790139600,SOL,"Solana Up or Down - September 23, 1:00AM-1:15AM ET",2026-09-23T05:15:00Z,2026-09-23T05:00:00Z,119.5187099673602,Down,"[""0"", ""1""]",0.01,1156.918757,9.803922,-0.5045,0.001,resolved,0x12efb917b22701453af6ff921e3922362e23e28e7414ec65952b140b081ccb56,https://data.chain.link/streams/sol-usd-twap-60s-streams,119.12986029994713,2026-09-23 05:15:53+00
xrp-updown-15m-1790139600,XRP,"XRP Up or Down - September 23, 1:00AM-1:15AM ET",2026-09-23T05:15:00Z,2026-09-23T05:00:00Z,1.6398229066489178,Down,"[""0"", ""1""]",0.02,1217.9462500000002,11.803922,-0.5045,0.001,resolved,0x2068ed571520708942ddc436f5920cd30649ac80a6f084459f336c0429d726de,https://data.chain.link/streams/xrp-usd-twap-60s-streams,1.6197352919324017,2026-09-23 05:15:53+00
zec-updown-15m-1790139600,ZEC,"ZCash Up or Down - September 23, 1:00AM-1:15AM ET",2026-09-23T05:15:00Z,2026-09-23T05:00:00Z,1602.0003986336803,Up,"[""1"", ""0""]",0.999,,,0.4995,0.001,resolved,0xc8ced674c8e508080afb3b282b862261b9406bc8081f3251580d329c10c26661,https://data.chain.link/streams/zec-usd-twap-60s-streams,1624.765495638405,2026-09-23 05:15:53+00
bnb-updown-15m-1790140500,BNB,"BNB Up or Down - September 23, 1:15AM-1:30AM ET",2026-09-23T05:30:00Z,2026-09-23T05:15:00Z,792.4068045447657,Down,"[""0"", ""1""]",0.1,1507.841469,,-0.5,0.01,resolved,0x0fec80627da9a8f9d238ccce3e37d59b6120fe3a682a8479f361d6d8def2f3cf,https://data.chain.link/streams/bnb-usd-twap-60s-streams,791.7888125858726,2026-09-23 05:31:26+00
btc-updown-15m-1790140500,BTC,"Bitcoin Up or Down - September 23, 1:15AM-1:30AM ET",2026-09-23T05:30:00Z,2026-09-23T05:15:00Z,86925.4078741525,Down,"[""0"", ""1""]",0.01,16980.0661,,-0.5045,0.001,resolved,0xd3746d4f360bbd271caec1c322b0495918f2338042f2aa95375dc6bf0f662a82,https://data.chain.link/streams/btc-usd-twap-60s-streams,86760.72847367226,2026-09-23 05:31:26+00
doge-updown-15m-1790140500,DOGE,"Dogecoin Up or Down - September 23, 1:15AM-1:30AM ET",2026-09-23T05:30:00Z,2026-09-23T05:15:00Z,0.10262065135944952,Down,"[""0"", ""1""]",0.08,524.296658,,-0.4995,0.001,resolved,0xd6e94a28acf765ca08a48c0c7436e267a3c612c1c886e7b8c58ccb8277c76cf1,https://data.chain.link/streams/doge-usd-twap-60s-streams,0.10214462915254371,2026-09-23 05:31:26+00
eth-updown-15m-1790140500,ETH,"Ethereum Up or Down - September 23, 1:15AM-1:30AM ET",2026-09-23T05:30:00Z,2026-09-23T05:15:00Z,2770.6066983445057,Down,"[""0"", ""1""]",0.05,3803.4491099999996,6,-0.5045,0.001,resolved,0x5745608f5be3ff4863d1f723edb3e69f27ce313c1cf72e4c2471689b4742b457,https://data.chain.link/streams/eth-usd-twap-60s-streams,2766.1272560064713,2026-09-23 05:31:26+00
hype-updown-15m-1790140500,HYPE,"Hyperliquid Up or Down - September 23, 1:15AM-1:30AM ET",2026-09-23T05:30:00Z,2026-09-23T05:15:00Z,97.90157284532152,Down,"[""0"", ""1""]",0.08,752.9727730000001,,-0.5045,0.001,resolved,0xa918a5a39ae882d18f35309353cadb64ab3d82ed5e66f3d73e14b0ee3d9117ea,https://data.chain.link/streams/hype-usd-twap-60s-streams,97.63169779854502,2026-09-23 05:31:26+00
sol-updown-15m-1790140500,SOL,"Solana Up or Down - September 23, 1:15AM-1:30AM ET",2026-09-23T05:30:00Z,2026-09-23T05:15:00Z,119.12986029994713,Down,"[""0"", ""1""]",0.06,1988.6731499999996,,-0.5045,0.001,resolved,0xd2c0aada36e2f0ed570c0d9f6389396b0dc7fadadb8067607a76d294878bdafc,https://data.chain.link/streams/sol-usd-twap-60s-streams,118.98234869524806,2026-09-23 05:31:26+00
xrp-updown-15m-1790140500,XRP,"XRP Up or Down - September 23, 1:15AM-1:30AM ET",2026-09-23T05:30:00Z,2026-09-23T05:15:00Z,1.6197352919324017,Down,"[""0"", ""1""]",0.18,1739.1105909999999,,-0.5045,0.001,resolved,0x0f11da50b4c1dd7a5f8bb8da63e356171b3e61251a8702dc1cfd51c82f605b64,https://data.chain.link/streams/xrp-usd-twap-60s-streams,1.6168203884870582,2026-09-23 05:31:26+00
zec-updown-15m-1790140500,ZEC,"ZCash Up or Down - September 23, 1:15AM-1:30AM ET",2026-09-23T05:30:00Z,2026-09-23T05:15:00Z,1624.765495638405,Down,"[""0"", ""1""]",,,,-0.495,0.01,resolved,0xf4a1ceb1e0d8047274d23dc5fd367361d80f2861341d71f30d668318d278425d,https://data.chain.link/streams/zec-usd-twap-60s-streams,1622.0963742033384,2026-09-23 05:31:26+00
bnb-updown-15m-1790141400,BNB,"BNB Up or Down - September 23, 1:30AM-1:45AM ET",2026-09-23T05:45:00Z,2026-09-23T05:30:00Z,791.7888125858726,Down,"[""0"", ""1""]",0.05,1083.71562,,-0.5,0.01,resolved,0x4bfe985d5d9f4d241fa13638f430889c17aea3b35a247e7c0ac27aa3039363db,https://data.chain.link/streams/bnb-usd-twap-60s-streams,791.7003957925368,2026-09-23 05:45:53+00
btc-updown-15m-1790141400,BTC,"Bitcoin Up or Down - September 23, 1:30AM-1:45AM ET",2026-09-23T05:45:00Z,2026-09-23T05:30:00Z,86760.72847367226,Down,"[""0"", ""1""]",0.01,38028.26828700002,,-0.5,0.01,resolved,0x265b5ba4644fcf6430f5b05cf7fbedaf980b77ac02aee4f684c10d69de9f61df,https://data.chain.link/streams/btc-usd-twap-60s-streams,86721.15411189695,2026-09-23 05:45:53+00
doge-updown-15m-1790141400,DOGE,"Dogecoin Up or Down - September 23, 1:30AM-1:45AM ET",2026-09-23T05:45:00Z,2026-09-23T05:30:00Z,0.10214462915254371,Up,"[""1"", ""0""]",0.999,1164.0904770000002,,0.4995,0.001,resolved,0x52ad69ec12b454e70b17d253dbbef897bd1b43ee55c22b145dee07da9f21a31b,https://data.chain.link/streams/doge-usd-twap-60s-streams,0.10245198120554393,2026-09-23 05:45:53+00
eth-updown-15m-1790141400,ETH,"Ethereum Up or Down - September 23, 1:30AM-1:45AM ET",2026-09-23T05:45:00Z,2026-09-23T05:30:00Z,2766.1272560064713,Up,"[""1"", ""0""]",0.999,3745.0944289999993,,0.4945,0.001,resolved,0x8276582814e8ba62c6249cf407ee329c2a6046bfd0655957acd49f8360240392,https://data.chain.link/streams/eth-usd-twap-60s-streams,2767.619726158359,2026-09-23 05:45:53+00
hype-updown-15m-1790141400,HYPE,"Hyperliquid Up or Down - September 23, 1:30AM-1:45AM ET",2026-09-23T05:45:00Z,2026-09-23T05:30:00Z,97.63169779854502,Down,"[""0"", ""1""]",0.46,864.5020229999999,,-0.5045,0.001,resolved,0xda3d336d85ff6570694cdaa95a8946711799048b64bade5374d3526e3e952e28,https://data.chain.link/streams/hype-usd-twap-60s-streams,97.5167423072898,2026-09-23 05:45:53+00
sol-updown-15m-1790141400,SOL,"Solana Up or Down - September 23, 1:30AM-1:45AM ET",2026-09-23T05:45:00Z,2026-09-23T05:30:00Z,118.98234869524806,Down,"[""0"", ""1""]",0.05,1877.9496660000002,,-0.5,0.01,resolved,0x0049669b828faf6e687b50799b5227c43562de1fc8b73a14f48e52cacb8d93de,https://data.chain.link/streams/sol-usd-twap-60s-streams,118.94785179506677,2026-09-23 05:45:53+00
xrp-updown-15m-1790141400,XRP,"XRP Up or Down - September 23, 1:30AM-1:45AM ET",2026-09-23T05:45:00Z,2026-09-23T05:30:00Z,1.6168203884870582,Up,"[""1"", ""0""]",0.999,1483.9832049999995,,0.4945,0.001,resolved,0x89568701aec3ee07801123a2d9e78fe6b026adbef15a0f2b4f5deb2bd75ae223,https://data.chain.link/streams/xrp-usd-twap-60s-streams,1.6203153779937784,2026-09-23 05:45:53+00
zec-updown-15m-1790141400,ZEC,"ZCash Up or Down - September 23, 1:30AM-1:45AM ET",2026-09-23T05:45:00Z,2026-09-23T05:30:00Z,1622.0963742033384,Down,"[""0"", ""1""]",,,,-0.4995,0.001,resolved,0x7b678affb1f3e62c4db6b80ba1503af85b1178d79d9f74616bb498d4beeee3fa,https://data.chain.link/streams/zec-usd-twap-60s-streams,1617.467477059994,2026-09-23 05:45:53+00
bnb-updown-15m-1790142300,BNB,"BNB Up or Down - September 23, 1:45AM-2:00AM ET",2026-09-23T06:00:00Z,2026-09-23T05:45:00Z,791.7003957925368,Down,"[""0"", ""1""]",0.024,302.726615,,-0.5045,0.001,resolved,0x8dd028af1de98dc03d22524d19a20310cf4d4c5b580542c1e4dffcde055ce49e,https://data.chain.link/streams/bnb-usd-twap-60s-streams,790.3219114987135,2026-09-23 06:00:53+00
btc-updown-15m-1790142300,BTC,"Bitcoin Up or Down - September 23, 1:45AM-2:00AM ET",2026-09-23T06:00:00Z,2026-09-23T05:45:00Z,86721.15411189695,Down,"[""0"", ""1""]",0.001,24839.088013,,-0.5045,0.001,resolved,0x46edef2c06be35c35ba17dab9274769ab258b685356637bdb50d866f44814f07,https://data.chain.link/streams/btc-usd-twap-60s-streams,86473.17713619726,2026-09-23 06:00:53+00
doge-updown-15m-1790142300,DOGE,"Dogecoin Up or Down - September 23, 1:45AM-2:00AM ET",2026-09-23T06:00:00Z,2026-09-23T05:45:00Z,0.10245198120554393,Down,"[""0"", ""1""]",0.05,692.15554,,-0.4995,0.001,resolved,0x36560812f65cb4e23cb4addfa349fecb24e7d271593125be0e6aeb990d61bf59,https://data.chain.link/streams/doge-usd-twap-60s-streams,0.10132374405612085,2026-09-23 06:00:53+00
eth-updown-15m-1790142300,ETH,"Ethereum Up or Down - September 23, 1:45AM-2:00AM ET",2026-09-23T06:00:00Z,2026-09-23T05:45:00Z,2767.619726158359,Down,"[""0"", ""1""]",0.05,1279.2905890000002,,-0.5045,0.001,resolved,0x5fbe273091acaad28e88d34dbc59fd144e74a99b3bee12679e37c1c41ba0468b,https://data.chain.link/streams/eth-usd-twap-60s-streams,2757.072248989047,2026-09-23 06:00:53+00
hype-updown-15m-1790142300,HYPE,"Hyperliquid Up or Down - September 23, 1:45AM-2:00AM ET",2026-09-23T06:00:00Z,2026-09-23T05:45:00Z,97.5167423072898,Down,"[""0"", ""1""]",0.21,443.38255200000003,,-0.5045,0.001,resolved,0xe892f418325fee0a8b59d62749432f6b1fa59d75f578dccdf503a20c61b946c5,https://data.chain.link/streams/hype-usd-twap-60s-streams,97.43126988386855,2026-09-23 06:00:53+00
sol-updown-15m-1790142300,SOL,"Solana Up or Down - September 23, 1:45AM-2:00AM ET",2026-09-23T06:00:00Z,2026-09-23T05:45:00Z,118.94785179506677,Down,"[""0"", ""1""]",0.002,4162.995838,,-0.5045,0.001,resolved,0x6d870bc02aa2734689628999ac8d8728ee8743277d4aa1f394b976836ae0c384,https://data.chain.link/streams/sol-usd-twap-60s-streams,118.39320862437332,2026-09-23 06:00:53+00
xrp-updown-15m-1790142300,XRP,"XRP Up or Down - September 23, 1:45AM-2:00AM ET",2026-09-23T06:00:00Z,2026-09-23T05:45:00Z,1.6203153779937784,Down,"[""0"", ""1""]",0.01,713.96016,,-0.5045,0.001,resolved,0x672aadb3c9f9f90438d0483f11795c9e112f08f9f3276429132bec59480334c4,https://data.chain.link/streams/xrp-usd-twap-60s-streams,1.6077583475723534,2026-09-23 06:00:53+00
zec-updown-15m-1790142300,ZEC,"ZCash Up or Down - September 23, 1:45AM-2:00AM ET",2026-09-23T06:00:00Z,2026-09-23T05:45:00Z,1617.467477059994,Up,"[""1"", ""0""]",,,,0.495,0.01,resolved,0x5ec459481bf9e80a047b3cb9a61c94f70b85735b641c89161e48176fae5fec3d,https://data.chain.link/streams/zec-usd-twap-60s-streams,1619.3178763200485,2026-09-23 06:00:53+00
bnb-updown-15m-1790143200,BNB,"BNB Up or Down - September 23, 2:00AM-2:15AM ET",2026-09-23T06:15:00Z,2026-09-23T06:00:00Z,790.3219114987135,Up,"[""1"", ""0""]",0.999,245.511547,12.110785,0.4945,0.001,resolved,0xe4a695a1a828076ab672574e382f6bf1aea679e2da8a38fcdecac92b03020b5e,https://data.chain.link/streams/bnb-usd-twap-60s-streams,791.6724712917837,2026-09-23 06:15:53+00
btc-updown-15m-1790143200,BTC,"Bitcoin Up or Down - September 23, 2:00AM-2:15AM ET",2026-09-23T06:15:00Z,2026-09-23T06:00:00Z,86473.17713619726,Up,"[""1"", ""0""]",0.999,15203.490460000003,4089.588235,0.4945,0.001,resolved,0x9a63fd06ab9e1f907200e000ed02d442725a2e16ced16d109285d074fa164ecb,https://data.chain.link/streams/btc-usd-twap-60s-streams,86590.32368217902,2026-09-23 06:15:53+00
doge-updown-15m-1790143200,DOGE,"Dogecoin Up or Down - September 23, 2:00AM-2:15AM ET",2026-09-23T06:15:00Z,2026-09-23T06:00:00Z,0.10132374405612085,Up,"[""1"", ""0""]",0.93,904.7712160000001,,0.4995,0.001,resolved,0x49789dcfa42c666108a113acc466361384be67712a8816eb1ab9a719bd2dfed9,https://data.chain.link/streams/doge-usd-twap-60s-streams,0.1015544604384146,2026-09-23 06:15:53+00
eth-updown-15m-1790143200,ETH,"Ethereum Up or Down - September 23, 2:00AM-2:15AM ET",2026-09-23T06:15:00Z,2026-09-23T06:00:00Z,2757.072248989047,Up,"[""1"", ""0""]",0.999,3006.0312019999997,,0.4945,0.001,resolved,0xfeb8891b865ec8910c8214f652cebf69b3cf1ccb640f593d54a029dc64cc50a1,https://data.chain.link/streams/eth-usd-twap-60s-streams,2759.378368590075,2026-09-23 06:15:53+00
hype-updown-15m-1790143200,HYPE,"Hyperliquid Up or Down - September 23, 2:00AM-2:15AM ET",2026-09-23T06:15:00Z,2026-09-23T06:00:00Z,97.43126988386855,Down,"[""0"", ""1""]",0.1,175.078872,,-0.5045,0.001,resolved,0xb6e08722c240f01e70f259d60da96ed4f0e2ef437079f5b9051fe9a402d0e744,https://data.chain.link/streams/hype-usd-twap-60s-streams,97.35967883722464,2026-09-23 06:15:53+00
sol-updown-15m-1790143200,SOL,"Solana Up or Down - September 23, 2:00AM-2:15AM ET",2026-09-23T06:15:00Z,2026-09-23T06:00:00Z,118.39320862437332,Up,"[""1"", ""0""]",0.999,1185.8428789999998,1.960785,0.4945,0.001,resolved,0x6adbdc93d927bf2988d34e08edbac564214189cf750ab34f2732d48b39c29855,https://data.chain.link/streams/sol-usd-twap-60s-streams,118.68507622858218,2026-09-23 06:15:53+00
xrp-updown-15m-1790143200,XRP,"XRP Up or Down - September 23, 2:00AM-2:15AM ET",2026-09-23T06:15:00Z,2026-09-23T06:00:00Z,1.6077583475723534,Up,"[""1"", ""0""]",0.999,261.222626,,0.4945,0.001,resolved,0x78714b2ed89beccda6be423b34becf1fd0f9df1ccb05d7e7dbbe312634560172,https://data.chain.link/streams/xrp-usd-twap-60s-streams,1.6163858437313214,2026-09-23 06:15:53+00
zec-updown-15m-1790143200,ZEC,"ZCash Up or Down - September 23, 2:00AM-2:15AM ET",2026-09-23T06:15:00Z,2026-09-23T06:00:00Z,1619.3178763200485,Down,"[""0"", ""1""]",,,,-0.495,0.01,resolved,0xc5c0b091f785ecf00679c0cd5d83bbc0c066939e1b069254700a3105e8fa119b,https://data.chain.link/streams/zec-usd-twap-60s-streams,1618.7835947635037,2026-09-23 06:15:53+00
bnb-updown-15m-1790144100,BNB,"BNB Up or Down - September 23, 2:15AM-2:30AM ET",2026-09-23T06:30:00Z,2026-09-23T06:15:00Z,791.6724712917837,Down,"[""0"", ""1""]",0.17,559.52934,,-0.5,0.01,resolved,0xc19adc2e5a47715b48b5bb3663fe9915fe463d5724d72ddd14aebe33deab7529,https://data.chain.link/streams/bnb-usd-twap-60s-streams,791.0747174675856,2026-09-23 06:30:53+00
btc-updown-15m-1790144100,BTC,"Bitcoin Up or Down - September 23, 2:15AM-2:30AM ET",2026-09-23T06:30:00Z,2026-09-23T06:15:00Z,86590.32368217902,Down,"[""0"", ""1""]",0.01,11473.294652000002,,-0.5045,0.001,resolved,0xa4de7e7259668bb285f4d0abdf13ae676f4b659cef215fada6a5c94bbf9bcf8f,https://data.chain.link/streams/btc-usd-twap-60s-streams,86428.87288563602,2026-09-23 06:30:53+00
doge-updown-15m-1790144100,DOGE,"Dogecoin Up or Down - September 23, 2:15AM-2:30AM ET",2026-09-23T06:30:00Z,2026-09-23T06:15:00Z,0.1015544604384146,Up,"[""1"", ""0""]",0.999,1719.8134879999998,,0.4995,0.001,resolved,0x6df1e94b32edeb34b045dd12875407b757de08fa66a1c962eb523fd4f1d6009c,https://data.chain.link/streams/doge-usd-twap-60s-streams,0.10174054851793023,2026-09-23 06:30:53+00
eth-updown-15m-1790144100,ETH,"Ethereum Up or Down - September 23, 2:15AM-2:30AM ET",2026-09-23T06:30:00Z,2026-09-23T06:15:00Z,2759.378368590075,Down,"[""0"", ""1""]",0.05,1884.9665629999997,,-0.5045,0.001,resolved,0xbcca32dc5f4b0b6bc6ba50b3edd08d71b37c55a5493f60f88801d88e469d2ebf,https://data.chain.link/streams/eth-usd-twap-60s-streams,2755.7124486374014,2026-09-23 06:30:53+00
hype-updown-15m-1790144100,HYPE,"Hyperliquid Up or Down - September 23, 2:15AM-2:30AM ET",2026-09-23T06:30:00Z,2026-09-23T06:15:00Z,97.35967883722464,Up,"[""1"", ""0""]",0.999,322.35738900000007,,0.49,0.01,resolved,0x8cb373c04dfadbb5c77439256c01ef1f41c566e1122d41437c1c0723c4e2c7b9,https://data.chain.link/streams/hype-usd-twap-60s-streams,97.42513157599795,2026-09-23 06:30:53+00
sol-updown-15m-1790144100,SOL,"Solana Up or Down - September 23, 2:15AM-2:30AM ET",2026-09-23T06:30:00Z,2026-09-23T06:15:00Z,118.68507622858218,Up,"[""1"", ""0""]",0.999,839.611188,,0.49,0.01,resolved,0x61b26ac96db9ef90b2ba9d864758164ae74670ecd7a474b2b432d3c62ba7a260,https://data.chain.link/streams/sol-usd-twap-60s-streams,118.7400993125384,2026-09-23 06:30:53+00
xrp-updown-15m-1790144100,XRP,"XRP Up or Down - September 23, 2:15AM-2:30AM ET",2026-09-23T06:30:00Z,2026-09-23T06:15:00Z,1.6163858437313214,Up,"[""1"", ""0""]",0.999,1052.157895,,0.49,0.01,resolved,0x14f69de27b50be8891f0c35a23d981a2c60a2ead25c4b49369ebca41a13b4cfb,https://data.chain.link/streams/xrp-usd-twap-60s-streams,1.6178874604600078,2026-09-23 06:30:53+00
zec-updown-15m-1790144100,ZEC,"ZCash Up or Down - September 23, 2:15AM-2:30AM ET",2026-09-23T06:30:00Z,2026-09-23T06:15:00Z,1618.7835947635037,Down,"[""0"", ""1""]",,,,-0.495,0.01,resolved,0x2461bc9e849c7bfc5fc31024bb2c218777c5abbcaa7d454fd1e64eec581d78d6,https://data.chain.link/streams/zec-usd-twap-60s-streams,1613.2458484713188,2026-09-23 06:30:53+00
bnb-updown-15m-1790145000,BNB,"BNB Up or Down - September 23, 2:30AM-2:45AM ET",2026-09-23T06:45:00Z,2026-09-23T06:30:00Z,791.0747174675856,Up,"[""1"", ""0""]",0.999,214.173849,,0.4945,0.001,resolved,0xd4dad341977643eb18db51709ced9b4a5d5e30cc41fb448dee7d1f94b87329e4,https://data.chain.link/streams/bnb-usd-twap-60s-streams,792.2384016623296,2026-09-23 06:45:53+00
btc-updown-15m-1790145000,BTC,"Bitcoin Up or Down - September 23, 2:30AM-2:45AM ET",2026-09-23T06:45:00Z,2026-09-23T06:30:00Z,86428.87288563602,Up,"[""1"", ""0""]",0.999,14130.793332999996,,0.4945,0.001,resolved,0x7a4585e57398552258cc01c5df79305091da41f96ecafa309f98927f02152819,https://data.chain.link/streams/btc-usd-twap-60s-streams,86539.26792265469,2026-09-23 06:45:53+00
doge-updown-15m-1790145000,DOGE,"Dogecoin Up or Down - September 23, 2:30AM-2:45AM ET",2026-09-23T06:45:00Z,2026-09-23T06:30:00Z,0.10174054851793023,Up,"[""1"", ""0""]",0.999,320.27174999999994,,0.4995,0.001,resolved,0x0beada94627f13de19b5dcbc728720f79f83bf154c90337e6f440f8f6f5f4e40,https://data.chain.link/streams/doge-usd-twap-60s-streams,0.10267839017073144,2026-09-23 06:45:53+00
eth-updown-15m-1790145000,ETH,"Ethereum Up or Down - September 23, 2:30AM-2:45AM ET",2026-09-23T06:45:00Z,2026-09-23T06:30:00Z,2755.7124486374014,Up,"[""1"", ""0""]",0.999,1179.7758779999997,,0.4945,0.001,resolved,0xd86b201fa47c71c72ad923690ed65302587f3af027be5bf7cdc2c8b94d2c9995,https://data.chain.link/streams/eth-usd-twap-60s-streams,2758.4980025289447,2026-09-23 06:45:53+00
hype-updown-15m-1790145000,HYPE,"Hyperliquid Up or Down - September 23, 2:30AM-2:45AM ET",2026-09-23T06:45:00Z,2026-09-23T06:30:00Z,97.42513157599795,Down,"[""0"", ""1""]",0.05,1785.962029,,-0.5,0.01,resolved,0xeb873e6698a3490abd242a288c3cbcfb5d98e6d5659bbda167758b843ab9db9a,https://data.chain.link/streams/hype-usd-twap-60s-streams,97.39661612313603,2026-09-23 06:45:53+00
sol-updown-15m-1790145000,SOL,"Solana Up or Down - September 23, 2:30AM-2:45AM ET",2026-09-23T06:45:00Z,2026-09-23T06:30:00Z,118.7400993125384,Up,"[""1"", ""0""]",0.999,623.200082,,0.4945,0.001,resolved,0x57c427ab1aaa9680a09b6636e83f3b3e0385be5bae7e8158c6b290a50ca970e2,https://data.chain.link/streams/sol-usd-twap-60s-streams,119.1220643694886,2026-09-23 06:45:53+00
xrp-updown-15m-1790145000,XRP,"XRP Up or Down - September 23, 2:30AM-2:45AM ET",2026-09-23T06:45:00Z,2026-09-23T06:30:00Z,1.6178874604600078,Up,"[""1"", ""0""]",0.999,399.08009500000003,,0.4945,0.001,resolved,0xdb24e355330673a2f0ffd6dc9bb3e113efbdd16f0c3f360e122ff2131d954cf3,https://data.chain.link/streams/xrp-usd-twap-60s-streams,1.6327053671020526,2026-09-23 06:45:53+00
zec-updown-15m-1790145000,ZEC,"ZCash Up or Down - September 23, 2:30AM-2:45AM ET",2026-09-23T06:45:00Z,2026-09-23T06:30:00Z,1613.2458484713188,Down,"[""0"", ""1""]",,,,-0.495,0.01,resolved,0x3da5ec21dd99bd91f8bc4ea7a4cbe124cb569afcbf52ff95d96318747cbc799a,https://data.chain.link/streams/zec-usd-twap-60s-streams,1610.6432188849872,2026-09-23 06:45:53+00
bnb-updown-15m-1790145900,BNB,"BNB Up or Down - September 23, 2:45AM-3:00AM ET",2026-09-23T07:00:00Z,2026-09-23T06:45:00Z,792.2384016623296,Down,"[""0"", ""1""]",0.05,686.446971,,-0.5045,0.001,resolved,0xa26b89b162d2fef31dfc03b5d98adbebaef061ec482fbb777b69ac60e31345a4,https://data.chain.link/streams/bnb-usd-twap-60s-streams,791.8459939485537,2026-09-23 07:01:26+00
btc-updown-15m-1790145900,BTC,"Bitcoin Up or Down - September 23, 2:45AM-3:00AM ET",2026-09-23T07:00:00Z,2026-09-23T06:45:00Z,86539.26792265469,Down,"[""0"", ""1""]",0.001,25030.266026000005,,-0.5045,0.001,resolved,0xb2aae052f68ea72e71d893250a2de78a7f79483fa3e8db1acf9d6d38fa85d5ad,https://data.chain.link/streams/btc-usd-twap-60s-streams,86473.41582727128,2026-09-23 07:01:26+00
doge-updown-15m-1790145900,DOGE,"Dogecoin Up or Down - September 23, 2:45AM-3:00AM ET",2026-09-23T07:00:00Z,2026-09-23T06:45:00Z,0.10267839017073144,Down,"[""0"", ""1""]",0.04,854.632805,,-0.4995,0.001,resolved,0x391157b91f82fa47537e6d06a3b0d26e7522222775ada9fc770193208b7fbf8b,https://data.chain.link/streams/doge-usd-twap-60s-streams,0.10225210373832493,2026-09-23 07:01:26+00
eth-updown-15m-1790145900,ETH,"Ethereum Up or Down - September 23, 2:45AM-3:00AM ET",2026-09-23T07:00:00Z,2026-09-23T06:45:00Z,2758.4980025289447,Down,"[""0"", ""1""]",0.01,3638.1114039999993,,-0.5045,0.001,resolved,0xd6017c2daa10935c5d0a8ca6e003a9a5896a7132d4427e6defa644fe111b11f3,https://data.chain.link/streams/eth-usd-twap-60s-streams,2754.2988311267854,2026-09-23 07:01:26+00
hype-updown-15m-1790145900,HYPE,"Hyperliquid Up or Down - September 23, 2:45AM-3:00AM ET",2026-09-23T07:00:00Z,2026-09-23T06:45:00Z,97.39661612313603,Down,"[""0"", ""1""]",0.04,556.628857,,-0.5045,0.001,resolved,0x46bf1920939bd69e9b7aae43905d5d00d26c9fbd201f639de8685eed80fb2c10,https://data.chain.link/streams/hype-usd-twap-60s-streams,97.17733500868455,2026-09-23 07:01:26+00
sol-updown-15m-1790145900,SOL,"Solana Up or Down - September 23, 2:45AM-3:00AM ET",2026-09-23T07:00:00Z,2026-09-23T06:45:00Z,119.1220643694886,Down,"[""0"", ""1""]",0.01,852.1355299999999,,-0.5045,0.001,resolved,0x1512435202f0b414cd63f046860d9baa8767ef182930b191f5873877b822a630,https://data.chain.link/streams/sol-usd-twap-60s-streams,118.93772358367622,2026-09-23 07:01:26+00
xrp-updown-15m-1790145900,XRP,"XRP Up or Down - September 23, 2:45AM-3:00AM ET",2026-09-23T07:00:00Z,2026-09-23T06:45:00Z,1.6327053671020526,Down,"[""0"", ""1""]",0.2,1876.750663,,-0.5045,0.001,resolved,0x01402161ec4d1ea62d003d71b4d9095ba33c4e9f73949ad8c530edb1a18b71f5,https://data.chain.link/streams/xrp-usd-twap-60s-streams,1.6265344392261074,2026-09-23 07:01:26+00
zec-updown-15m-1790145900,ZEC,"ZCash Up or Down - September 23, 2:45AM-3:00AM ET",2026-09-23T07:00:00Z,2026-09-23T06:45:00Z,1610.6432188849872,Up,"[""1"", ""0""]",0.999,,,0.4995,0.001,resolved,0xab1460e53639528a3298cb71e6900a1a6969b77ee34ce1087894278d4bf9f7a5,https://data.chain.link/streams/zec-usd-twap-60s-streams,1624.0122253631168,2026-09-23 07:01:35+00
bnb-updown-15m-1790146800,BNB,"BNB Up or Down - September 23, 3:00AM-3:15AM ET",2026-09-23T07:15:00Z,2026-09-23T07:00:00Z,791.8459939485537,Down,"[""0"", ""1""]",0.05,379.764832,,-0.5045,0.001,resolved,0x69cd2c71e013ca43dee270bca4ebe2d71abeca8df22fb6048baf94ad189dcabb,https://data.chain.link/streams/bnb-usd-twap-60s-streams,789.493601793867,2026-09-23 07:15:53+00
btc-updown-15m-1790146800,BTC,"Bitcoin Up or Down - September 23, 3:00AM-3:15AM ET",2026-09-23T07:15:00Z,2026-09-23T07:00:00Z,86473.41582727128,Down,"[""0"", ""1""]",0.01,23992.534147000002,4516.565384,-0.5045,0.001,resolved,0xb81516bf1c8fe680db8a3080dfa0776ac67cad93bf9adce1b40ee2bba264b6e5,https://data.chain.link/streams/btc-usd-twap-60s-streams,86354.74238237363,2026-09-23 07:15:53+00
doge-updown-15m-1790146800,DOGE,"Dogecoin Up or Down - September 23, 3:00AM-3:15AM ET",2026-09-23T07:15:00Z,2026-09-23T07:00:00Z,0.10225210373832493,Down,"[""0"", ""1""]",0.01,821.3893969999999,1.960785,-0.4995,0.001,resolved,0x1681d1a19342354d2c6ffde75b49c0967413e2ffee202708ae3fd5ae039da255,https://data.chain.link/streams/doge-usd-twap-60s-streams,0.10181580795994075,2026-09-23 07:15:53+00
eth-updown-15m-1790146800,ETH,"Ethereum Up or Down - September 23, 3:00AM-3:15AM ET",2026-09-23T07:15:00Z,2026-09-23T07:00:00Z,2754.2988311267854,Down,"[""0"", ""1""]",0.009,3406.0330659999995,,-0.5045,0.001,resolved,0xcc2adf56384207d96e6e47f7d516d4c6a9f0ec592aeb835c478d3e9736cca1de,https://data.chain.link/streams/eth-usd-twap-60s-streams,2747.8804198659,2026-09-23 07:15:53+00
hype-updown-15m-1790146800,HYPE,"Hyperliquid Up or Down - September 23, 3:00AM-3:15AM ET",2026-09-23T07:15:00Z,2026-09-23T07:00:00Z,97.17733500868455,Down,"[""0"", ""1""]",0.41,695.088538,,-0.5045,0.001,resolved,0x08d59e5481f4593d4b715e69d91e1d7a9c32b7c7325166c6e62297a267aca9ae,https://data.chain.link/streams/hype-usd-twap-60s-streams,97.10565531907585,2026-09-23 07:15:53+00
sol-updown-15m-1790146800,SOL,"Solana Up or Down - September 23, 3:00AM-3:15AM ET",2026-09-23T07:15:00Z,2026-09-23T07:00:00Z,118.93772358367622,Down,"[""0"", ""1""]",0.07,812.9890590000002,11.803922,-0.5045,0.001,resolved,0x97a529c1bda7ff7f00d717a85a5e5fbd7cdcca8f28e09bb47dd6ff964f714ab1,https://data.chain.link/streams/sol-usd-twap-60s-streams,118.70156757550374,2026-09-23 07:15:53+00
xrp-updown-15m-1790146800,XRP,"XRP Up or Down - September 23, 3:00AM-3:15AM ET",2026-09-23T07:15:00Z,2026-09-23T07:00:00Z,1.6265344392261074,Down,"[""0"", ""1""]",0.036,1256.884932,11.803922,-0.5045,0.001,resolved,0x58ab78a54750386bdd758bb2e7a393ff5a0a609065f605b9d09695131f8d33c6,https://data.chain.link/streams/xrp-usd-twap-60s-streams,1.6203452382996815,2026-09-23 07:15:53+00
zec-updown-15m-1790146800,ZEC,"ZCash Up or Down - September 23, 3:00AM-3:15AM ET",2026-09-23T07:15:00Z,2026-09-23T07:00:00Z,1624.0122253631168,Down,"[""0"", ""1""]",,,,-0.495,0.01,resolved,0xada1dc7e379b905c5929189df4b29edf0a0114f494788747cdcc624df370e5ee,https://data.chain.link/streams/zec-usd-twap-60s-streams,1622.3909781940158,2026-09-23 07:15:53+00
bnb-updown-15m-1790147700,BNB,"BNB Up or Down - September 23, 3:15AM-3:30AM ET",2026-09-23T07:30:00Z,2026-09-23T07:15:00Z,789.493601793867,Up,"[""1"", ""0""]",0.99,468.0708810000001,,0.4945,0.001,resolved,0x9e3600a5a0817a1ce4131d6bdb88ee163348077ae925684c94c226d2d9b6a0c7,https://data.chain.link/streams/bnb-usd-twap-60s-streams,790.0940005859077,2026-09-23 07:31:26+00
btc-updown-15m-1790147700,BTC,"Bitcoin Up or Down - September 23, 3:15AM-3:30AM ET",2026-09-23T07:30:00Z,2026-09-23T07:15:00Z,86354.74238237363,Up,"[""1"", ""0""]",0.99,23218.754899000018,49.607845,0.4945,0.001,resolved,0x12c13a8ad1dd51d198fb5934f807620d94ac66c81bdb9553e3d3b78c64e2ac38,https://data.chain.link/streams/btc-usd-twap-60s-streams,86380.9861741273,2026-09-23 07:31:26+00
doge-updown-15m-1790147700,DOGE,"Dogecoin Up or Down - September 23, 3:15AM-3:30AM ET",2026-09-23T07:30:00Z,2026-09-23T07:15:00Z,0.10181580795994075,Down,"[""0"", ""1""]",0.12,555.2712860000001,,-0.4995,0.001,resolved,0x85a80074322f8ed84938e1bac7e83545c3d1bb62c2396bd493e5eb4d8b594939,https://data.chain.link/streams/doge-usd-twap-60s-streams,0.10175676007188977,2026-09-23 07:31:26+00
eth-updown-15m-1790147700,ETH,"Ethereum Up or Down - September 23, 3:15AM-3:30AM ET",2026-09-23T07:30:00Z,2026-09-23T07:15:00Z,2747.8804198659,Up,"[""1"", ""0""]",0.999,3834.225265,,0.4945,0.001,resolved,0xe4e7bfcee073a621a362c179d34dc2572ab9353f7925faa462115204db69cb2e,https://data.chain.link/streams/eth-usd-twap-60s-streams,2750.013931383876,2026-09-23 07:31:26+00
hype-updown-15m-1790147700,HYPE,"Hyperliquid Up or Down - September 23, 3:15AM-3:30AM ET",2026-09-23T07:30:00Z,2026-09-23T07:15:00Z,97.10565531907585,Up,"[""1"", ""0""]",0.999,185.587723,,0.4945,0.001,resolved,0x12e2da86616d3714e65448cafd00a919501d7314bdc2d948b477863a6c6b79fb,https://data.chain.link/streams/hype-usd-twap-60s-streams,97.32361008615823,2026-09-23 07:31:26+00
sol-updown-15m-1790147700,SOL,"Solana Up or Down - September 23, 3:15AM-3:30AM ET",2026-09-23T07:30:00Z,2026-09-23T07:15:00Z,118.70156757550374,Up,"[""1"", ""0""]",0.999,992.797389,,0.4945,0.001,resolved,0x8f3d851b29166418b4c97cc87fc1c44966d963fe2ae6b59bb7f7c751e34d1feb,https://data.chain.link/streams/sol-usd-twap-60s-streams,118.76973790943953,2026-09-23 07:31:26+00
xrp-updown-15m-1790147700,XRP,"XRP Up or Down - September 23, 3:15AM-3:30AM ET",2026-09-23T07:30:00Z,2026-09-23T07:15:00Z,1.6203452382996815,Up,"[""1"", ""0""]",0.999,1200.6187519999996,,0.4945,0.001,resolved,0x3862ada875fcd49664f45aa8eb4ef17ceb21edb95e42f3d91356f135a4f93f96,https://data.chain.link/streams/xrp-usd-twap-60s-streams,1.6228012924388542,2026-09-23 07:31:26+00
zec-updown-15m-1790147700,ZEC,"ZCash Up or Down - September 23, 3:15AM-3:30AM ET",2026-09-23T07:30:00Z,2026-09-23T07:15:00Z,1622.3909781940158,Up,"[""1"", ""0""]",,,,0.4995,0.001,resolved,0x836cba3a01cf89b476d43647c07c00f3f970c837d05dc5f34caf4fa8afcd0c62,https://data.chain.link/streams/zec-usd-twap-60s-streams,1623.7651415837254,2026-09-23 07:31:26+00
bnb-updown-15m-1790148600,BNB,"BNB Up or Down - September 23, 3:30AM-3:45AM ET",2026-09-23T07:45:00Z,2026-09-23T07:30:00Z,790.0940005859077,Down,"[""0"", ""1""]",0.04,341.15102500000006,,-0.5045,0.001,resolved,0x3536954f6c3afb7fb69bc1686c05207bf56c66efad8f6f2e2132e7b176d66b0f,https://data.chain.link/streams/bnb-usd-twap-60s-streams,787.4122444416492,2026-09-23 07:45:53+00
btc-updown-15m-1790148600,BTC,"Bitcoin Up or Down - September 23, 3:30AM-3:45AM ET",2026-09-23T07:45:00Z,2026-09-23T07:30:00Z,86380.9861741273,Down,"[""0"", ""1""]",0.001,29113.822979999997,,-0.5045,0.001,resolved,0xc17d769f766b721bd68f5d572f4a9e538e82587e0afb700920c7ded16d5414dd,https://data.chain.link/streams/btc-usd-twap-60s-streams,86083.03405471874,2026-09-23 07:45:53+00
doge-updown-15m-1790148600,DOGE,"Dogecoin Up or Down - September 23, 3:30AM-3:45AM ET",2026-09-23T07:45:00Z,2026-09-23T07:30:00Z,0.10175676007188977,Down,"[""0"", ""1""]",0.05,446.07478,,-0.4995,0.001,resolved,0xa7157cf0bbc01ffeaee55fbaa988ad8c6d7ae784371d3acf865a589460f1d0b5,https://data.chain.link/streams/doge-usd-twap-60s-streams,0.10085690806701314,2026-09-23 07:45:53+00
eth-updown-15m-1790148600,ETH,"Ethereum Up or Down - September 23, 3:30AM-3:45AM ET",2026-09-23T07:45:00Z,2026-09-23T07:30:00Z,2750.013931383876,Down,"[""0"", ""1""]",0.019,2230.9832920000003,,-0.5045,0.001,resolved,0x6fe7a374d235dfd0715c104919b1b1c2d3b7b2e3f15bb959c97d267c16d03857,https://data.chain.link/streams/eth-usd-twap-60s-streams,2738.3682648247395,2026-09-23 07:46:01+00
hype-updown-15m-1790148600,HYPE,"Hyperliquid Up or Down - September 23, 3:30AM-3:45AM ET",2026-09-23T07:45:00Z,2026-09-23T07:30:00Z,97.32361008615823,Down,"[""0"", ""1""]",0.02,179.592579,,-0.5045,0.001,resolved,0xd5044d6b6991db3ada84f8baa6c798227ee1a118b33f55ab59b4b571a3084e06,https://data.chain.link/streams/hype-usd-twap-60s-streams,96.82430741680595,2026-09-23 07:46:01+00
sol-updown-15m-1790148600,SOL,"Solana Up or Down - September 23, 3:30AM-3:45AM ET",2026-09-23T07:45:00Z,2026-09-23T07:30:00Z,118.76973790943953,Down,"[""0"", ""1""]",0.31,2279.8653850000005,,-0.5045,0.001,resolved,0x73338d17e2a9da94f12ba4b3fb607ff09dc4103931de32d84a5f6479805d8e72,https://data.chain.link/streams/sol-usd-twap-60s-streams,117.85335684049362,2026-09-23 07:46:01+00
xrp-updown-15m-1790148600,XRP,"XRP Up or Down - September 23, 3:30AM-3:45AM ET",2026-09-23T07:45:00Z,2026-09-23T07:30:00Z,1.6228012924388542,Down,"[""0"", ""1""]",0.03,1182.7659059999999,,-0.5045,0.001,resolved,0xe64cd200dafaa9e07e813c04ad81df6dacdd5f51dfb5b27076a6f614d5d596d4,https://data.chain.link/streams/xrp-usd-twap-60s-streams,1.6153639635115629,2026-09-23 07:45:53+00
zec-updown-15m-1790148600,ZEC,"ZCash Up or Down - September 23, 3:30AM-3:45AM ET",2026-09-23T07:45:00Z,2026-09-23T07:30:00Z,1623.7651415837254,Up,"[""1"", ""0""]",0.71,,,0.495,0.01,resolved,0xb8a2e4843f60bc1c49fadaa2e2228726d26097e7d5cf79789945f02b416cc125,https://data.chain.link/streams/zec-usd-twap-60s-streams,1628.3029560450818,2026-09-23 07:45:53+00
bnb-updown-15m-1790149500,BNB,"BNB Up or Down - September 23, 3:45AM-4:00AM ET",2026-09-23T08:00:00Z,2026-09-23T07:45:00Z,787.4122444416492,Up,"[""1"", ""0""]",0.999,899.257661,,0.4945,0.001,resolved,0x82e3f503613ff7d1bcc38beb50d0b319e230745760af3f37c16523bc80b6e78e,https://data.chain.link/streams/bnb-usd-twap-60s-streams,788.3435499473305,2026-09-23 08:00:53+00
btc-updown-15m-1790149500,BTC,"Bitcoin Up or Down - September 23, 3:45AM-4:00AM ET",2026-09-23T08:00:00Z,2026-09-23T07:45:00Z,86083.03405471874,Up,"[""1"", ""0""]",0.99,25230.11882899999,,0.49,0.01,resolved,0xcb0108a43e5dc4739de8027713334694b989528473f7ef08315416e22e930168,https://data.chain.link/streams/btc-usd-twap-60s-streams,86127.15790770185,2026-09-23 08:00:53+00
doge-updown-15m-1790149500,DOGE,"Dogecoin Up or Down - September 23, 3:45AM-4:00AM ET",2026-09-23T08:00:00Z,2026-09-23T07:45:00Z,0.10085690806701314,Up,"[""1"", ""0""]",0.98,1497.200181,,0.495,0.01,resolved,0xe4b597159924c9a26163c42c616d25d8433282b4141d97db804c7283e8855be4,https://data.chain.link/streams/doge-usd-twap-60s-streams,0.10087396731143347,2026-09-23 08:00:55+00
eth-updown-15m-1790149500,ETH,"Ethereum Up or Down - September 23, 3:45AM-4:00AM ET",2026-09-23T08:00:00Z,2026-09-23T07:45:00Z,2738.3682648247395,Up,"[""1"", ""0""]",0.999,6713.586065999998,,0.4945,0.001,resolved,0xb5db491f94f90c3f9457a1250b5235c28232f911148c18279d064d1f3aef6142,https://data.chain.link/streams/eth-usd-twap-60s-streams,2742.759166646836,2026-09-23 08:00:53+00
hype-updown-15m-1790149500,HYPE,"Hyperliquid Up or Down - September 23, 3:45AM-4:00AM ET",2026-09-23T08:00:00Z,2026-09-23T07:45:00Z,96.82430741680595,Down,"[""0"", ""1""]",0.03,767.258834,,-0.5045,0.001,resolved,0x63918c5f032f8ffb06945b8af22e44c5a8ccb0e1c08a869964d12d7cc5ea996c,https://data.chain.link/streams/hype-usd-twap-60s-streams,96.49803415923972,2026-09-23 08:00:53+00
sol-updown-15m-1790149500,SOL,"Solana Up or Down - September 23, 3:45AM-4:00AM ET",2026-09-23T08:00:00Z,2026-09-23T07:45:00Z,117.85335684049362,Up,"[""1"", ""0""]",0.99,2040.1234379999999,,0.495,0.01,resolved,0x54598eb9e5d449f49788dda61d15da2a665652d5a741e12878fab0569a01a5e3,https://data.chain.link/streams/sol-usd-twap-60s-streams,117.92471869551423,2026-09-23 08:00:53+00
xrp-updown-15m-1790149500,XRP,"XRP Up or Down - September 23, 3:45AM-4:00AM ET",2026-09-23T08:00:00Z,2026-09-23T07:45:00Z,1.6153639635115629,Up,"[""1"", ""0""]",0.99,2333.837522,,0.495,0.01,resolved,0x9749b60c85a52d3aefbe73b69c80b4af62df9919f0404d5f37aa2031aebd2f87,https://data.chain.link/streams/xrp-usd-twap-60s-streams,1.6167161848689646,2026-09-23 08:00:53+00
zec-updown-15m-1790149500,ZEC,"ZCash Up or Down - September 23, 3:45AM-4:00AM ET",2026-09-23T08:00:00Z,2026-09-23T07:45:00Z,1628.3029560450818,Up,"[""1"", ""0""]",0.33,,,0.495,0.01,resolved,0xdfa78bdbd67bb4a522cea51d48b80d27cee07c7755717de7a81e7f6e03fd0220,https://data.chain.link/streams/zec-usd-twap-60s-streams,1628.4346894408916,2026-09-23 08:00:53+00
bnb-updown-15m-1790150400,BNB,"BNB Up or Down - September 23, 4:00AM-4:15AM ET",2026-09-23T08:15:00Z,2026-09-23T08:00:00Z,788.3435499473305,Up,"[""1"", ""0""]",0.999,518.7948349999999,10.196079,0.4945,0.001,resolved,0x299b28c458d0ee4b6da6a43d720d33411cc43a78d743ae1246ca83ab00a9a472,https://data.chain.link/streams/bnb-usd-twap-60s-streams,789.3157143257779,2026-09-23 08:16:26+00
btc-updown-15m-1790150400,BTC,"Bitcoin Up or Down - September 23, 4:00AM-4:15AM ET",2026-09-23T08:15:00Z,2026-09-23T08:00:00Z,86127.15790770185,Up,"[""1"", ""0""]",0.999,22264.067216,4475.45,0.4945,0.001,resolved,0x1f98a2d711d8bb12419e0d3e66d658dc64f18bbd16a413c58386494de470b253,https://data.chain.link/streams/btc-usd-twap-60s-streams,86154.55232287054,2026-09-23 08:16:26+00
doge-updown-15m-1790150400,DOGE,"Dogecoin Up or Down - September 23, 4:00AM-4:15AM ET",2026-09-23T08:15:00Z,2026-09-23T08:00:00Z,0.10087396731143347,Up,"[""1"", ""0""]",0.88,773.3502970000002,12.156864,0.495,0.01,resolved,0x074fed1cae2cb0801af5a759002964f6605169eb64aa205b53688f68c18b2499,https://data.chain.link/streams/doge-usd-twap-60s-streams,0.1009573155073269,2026-09-23 08:16:26+00
eth-updown-15m-1790150400,ETH,"Ethereum Up or Down - September 23, 4:00AM-4:15AM ET",2026-09-23T08:15:00Z,2026-09-23T08:00:00Z,2742.759166646836,Up,"[""1"", ""0""]",0.99,3937.8903430000005,50.45,0.4945,0.001,resolved,0xd9c438292570f660d425b0a5b03c40f86495c6d8b9d2c7c3b45c688bc6e8e1d6,https://data.chain.link/streams/eth-usd-twap-60s-streams,2743.750538544705,2026-09-23 08:16:26+00
hype-updown-15m-1790150400,HYPE,"Hyperliquid Up or Down - September 23, 4:00AM-4:15AM ET",2026-09-23T08:15:00Z,2026-09-23T08:00:00Z,96.49803415923972,Down,"[""0"", ""1""]",0.03,522.753729,,-0.5045,0.001,resolved,0xedce9dcec94ed763b44ad45657bf53139add3c12ac23e163371299242fc77a82,https://data.chain.link/streams/hype-usd-twap-60s-streams,96.13191785483346,2026-09-23 08:16:28+00
sol-updown-15m-1790150400,SOL,"Solana Up or Down - September 23, 4:00AM-4:15AM ET",2026-09-23T08:15:00Z,2026-09-23T08:00:00Z,117.92471869551423,Down,"[""0"", ""1""]",0.01,1253.7148049999998,,-0.5045,0.001,resolved,0xc76ff3bd1ee856caf08d43959935d3fc4861473a30205eaa443ca823e6813361,https://data.chain.link/streams/sol-usd-twap-60s-streams,117.83766531613477,2026-09-23 08:16:28+00
xrp-updown-15m-1790150400,XRP,"XRP Up or Down - September 23, 4:00AM-4:15AM ET",2026-09-23T08:15:00Z,2026-09-23T08:00:00Z,1.6167161848689646,Down,"[""0"", ""1""]",0.03,1074.991618,,-0.5045,0.001,resolved,0xe54c13b3ce90135598612e673c1173a6be6f29d928154aa5857436b6adf3f911,https://data.chain.link/streams/xrp-usd-twap-60s-streams,1.6100174494698931,2026-09-23 08:16:28+00
zec-updown-15m-1790150400,ZEC,"ZCash Up or Down - September 23, 4:00AM-4:15AM ET",2026-09-23T08:15:00Z,2026-09-23T08:00:00Z,1628.4346894408916,Down,"[""0"", ""1""]",,,,-0.4995,0.001,resolved,0xb7c45d54dff744647ea34dfffcdc6f1a1f53685db76774ba00987bb42e3b5b9a,https://data.chain.link/streams/zec-usd-twap-60s-streams,1620.8928223070086,2026-09-23 08:16:28+00
bnb-updown-15m-1790151300,BNB,"BNB Up or Down - September 23, 4:15AM-4:30AM ET",2026-09-23T08:30:00Z,2026-09-23T08:15:00Z,789.3157143257779,Up,"[""1"", ""0""]",0.99,532.324476,,0.4945,0.001,resolved,0x269157094c6d43def9ddcd60a418a64d0818341ecb7243e3b5a92c6f00654707,https://data.chain.link/streams/bnb-usd-twap-60s-streams,789.3671820179004,2026-09-23 08:31:26+00
btc-updown-15m-1790151300,BTC,"Bitcoin Up or Down - September 23, 4:15AM-4:30AM ET",2026-09-23T08:30:00Z,2026-09-23T08:15:00Z,86154.55232287054,Down,"[""0"", ""1""]",0.01,38536.810675,10,-0.5045,0.001,resolved,0x1faff12548143799aaf3eec5a9813f94d9cae8a3ee8cc7b31f3e24028968ea23,https://data.chain.link/streams/btc-usd-twap-60s-streams,86147.49165374106,2026-09-23 08:31:28+00
doge-updown-15m-1790151300,DOGE,"Dogecoin Up or Down - September 23, 4:15AM-4:30AM ET",2026-09-23T08:30:00Z,2026-09-23T08:15:00Z,0.1009573155073269,Up,"[""1"", ""0""]",0.999,727.550197,,0.4995,0.001,resolved,0xc64d1e0f728514e4474ca6d5f29f8874971cdc9457e6aab97520040c5c9677c4,https://data.chain.link/streams/doge-usd-twap-60s-streams,0.10109687009995774,2026-09-23 08:31:28+00
eth-updown-15m-1790151300,ETH,"Ethereum Up or Down - September 23, 4:15AM-4:30AM ET",2026-09-23T08:30:00Z,2026-09-23T08:15:00Z,2743.750538544705,Up,"[""1"", ""0""]",0.999,2064.638198,,0.4945,0.001,resolved,0xae48965890a67e46e2d408481c59f6805ec5dd751fc7194c08af159e3c4b645b,https://data.chain.link/streams/eth-usd-twap-60s-streams,2745.281618005272,2026-09-23 08:31:28+00
hype-updown-15m-1790151300,HYPE,"Hyperliquid Up or Down - September 23, 4:15AM-4:30AM ET",2026-09-23T08:30:00Z,2026-09-23T08:15:00Z,96.13191785483346,Up,"[""1"", ""0""]",0.999,472.58223399999997,,0.4945,0.001,resolved,0x2e462c6bb1a99a28d71a6db7bee89c5ee609474b159588305a98f6d6ddf3210d,https://data.chain.link/streams/hype-usd-twap-60s-streams,96.29643639328648,2026-09-23 08:31:26+00
sol-updown-15m-1790151300,SOL,"Solana Up or Down - September 23, 4:15AM-4:30AM ET",2026-09-23T08:30:00Z,2026-09-23T08:15:00Z,117.83766531613477,Up,"[""1"", ""0""]",0.999,934.570815,,0.49,0.01,resolved,0x68444701c14948ff89e8b4c43d963099d0ade10a4cee3f1d8afa1ba77dec7aaa,https://data.chain.link/streams/sol-usd-twap-60s-streams,117.95466681468109,2026-09-23 08:31:28+00
xrp-updown-15m-1790151300,XRP,"XRP Up or Down - September 23, 4:15AM-4:30AM ET",2026-09-23T08:30:00Z,2026-09-23T08:15:00Z,1.6100174494698931,Up,"[""1"", ""0""]",0.999,1159.6755859999998,,0.4945,0.001,resolved,0xb06f4c7a7c5c4323d5413e47f1993830bc717f7a462868dd887c876cd8b1a980,https://data.chain.link/streams/xrp-usd-twap-60s-streams,1.6102944543169948,2026-09-23 08:31:26+00
zec-updown-15m-1790151300,ZEC,"ZCash Up or Down - September 23, 4:15AM-4:30AM ET",2026-09-23T08:30:00Z,2026-09-23T08:15:00Z,1620.8928223070086,Up,"[""1"", ""0""]",,,,0.495,0.01,resolved,0x4c2218bde053b028bf51574159d86d9e29ce144e8f0bc47b81d43186f37ca211,https://data.chain.link/streams/zec-usd-twap-60s-streams,1623.2941460590232,2026-09-23 08:31:26+00
bnb-updown-15m-1790152200,BNB,"BNB Up or Down - September 23, 4:30AM-4:45AM ET",2026-09-23T08:45:00Z,2026-09-23T08:30:00Z,789.3671820179004,Down,"[""0"", ""1""]",0.02,289.626283,,-0.5045,0.001,resolved,0xeda173bf0ebbafdf7fcc83b3f44fced2a720b2148d558da4d9e9aa969f960ec6,https://data.chain.link/streams/bnb-usd-twap-60s-streams,789.1801178137185,2026-09-23 08:45:53+00
btc-updown-15m-1790152200,BTC,"Bitcoin Up or Down - September 23, 4:30AM-4:45AM ET",2026-09-23T08:45:00Z,2026-09-23T08:30:00Z,86147.49165374106,Down,"[""0"", ""1""]",0.01,35131.866018999994,,-0.5045,0.001,resolved,0xd34fc3a88654b5f0665b052fb84535a9c2b373f411bf231c71dc4451e906d236,https://data.chain.link/streams/btc-usd-twap-60s-streams,86083.3704220005,2026-09-23 08:45:53+00
doge-updown-15m-1790152200,DOGE,"Dogecoin Up or Down - September 23, 4:30AM-4:45AM ET",2026-09-23T08:45:00Z,2026-09-23T08:30:00Z,0.10109687009995774,Down,"[""0"", ""1""]",0.18,599.264652,,-0.4995,0.001,resolved,0xf6c73cc3ff0e9113d133721c803c88012b53353b7e29f482179278ef9a96d879,https://data.chain.link/streams/doge-usd-twap-60s-streams,0.10085519705962608,2026-09-23 08:45:53+00
eth-updown-15m-1790152200,ETH,"Ethereum Up or Down - September 23, 4:30AM-4:45AM ET",2026-09-23T08:45:00Z,2026-09-23T08:30:00Z,2745.281618005272,Down,"[""0"", ""1""]",0.05,5767.893829,,-0.5045,0.001,resolved,0xa2dc047fadfdfd037387eb1216177b4beefc114ed122364dce65dcd6ee35f2c5,https://data.chain.link/streams/eth-usd-twap-60s-streams,2742.747250248646,2026-09-23 08:45:53+00
hype-updown-15m-1790152200,HYPE,"Hyperliquid Up or Down - September 23, 4:30AM-4:45AM ET",2026-09-23T08:45:00Z,2026-09-23T08:30:00Z,96.29643639328648,Up,"[""1"", ""0""]",0.99,895.323835,,0.49,0.01,resolved,0x9fcdcfbef26bfd0c6027fa6b5448ca90280b7d99cd9a5b11e33fadd2af542fac,https://data.chain.link/streams/hype-usd-twap-60s-streams,96.32696443535887,2026-09-23 08:45:53+00
sol-updown-15m-1790152200,SOL,"Solana Up or Down - September 23, 4:30AM-4:45AM ET",2026-09-23T08:45:00Z,2026-09-23T08:30:00Z,117.95466681468109,Down,"[""0"", ""1""]",0.01,1703.4607150000002,,-0.5,0.01,resolved,0x278bb50dfba69db260abae1b77c33f80e968f7c3024071de079430e0739a730a,https://data.chain.link/streams/sol-usd-twap-60s-streams,117.93003161346648,2026-09-23 08:45:53+00
xrp-updown-15m-1790152200,XRP,"XRP Up or Down - September 23, 4:30AM-4:45AM ET",2026-09-23T08:45:00Z,2026-09-23T08:30:00Z,1.6102944543169948,Down,"[""0"", ""1""]",0.07,1235.7729080000001,,-0.5045,0.001,resolved,0xba8e540907a064c913193b30a7470da3427184c258df9bcc9ce7384d6967885f,https://data.chain.link/streams/xrp-usd-twap-60s-streams,1.6081342563343393,2026-09-23 08:45:53+00
zec-updown-15m-1790152200,ZEC,"ZCash Up or Down - September 23, 4:30AM-4:45AM ET",2026-09-23T08:45:00Z,2026-09-23T08:30:00Z,1623.2941460590232,Down,"[""0"", ""1""]",,,,-0.495,0.01,resolved,0x4fe99063b53a23cf3072166559a33ff823600401411337ba4b055613729e3651,https://data.chain.link/streams/zec-usd-twap-60s-streams,1622.6515831377062,2026-09-23 08:45:53+00
bnb-updown-15m-1790153100,BNB,"BNB Up or Down - September 23, 4:45AM-5:00AM ET",2026-09-23T09:00:00Z,2026-09-23T08:45:00Z,789.1801178137185,Down,"[""0"", ""1""]",0.21,125.099588,,-0.5045,0.001,resolved,0x84fa1d2c082b3f3443d035f624e4fa78b097428bd8c533156f6a733f528e4015,https://data.chain.link/streams/bnb-usd-twap-60s-streams,785.9701560533472,2026-09-23 09:01:26+00
btc-updown-15m-1790153100,BTC,"Bitcoin Up or Down - September 23, 4:45AM-5:00AM ET",2026-09-23T09:00:00Z,2026-09-23T08:45:00Z,86083.3704220005,Down,"[""0"", ""1""]",0.007,115828.97082099995,,-0.5045,0.001,resolved,0x60141eb291da379202dccba0731665bdcaeae8ecddc67f3ceda6a62da9b4d11e,https://data.chain.link/streams/btc-usd-twap-60s-streams,85886.5467243671,2026-09-23 09:01:26+00
doge-updown-15m-1790153100,DOGE,"Dogecoin Up or Down - September 23, 4:45AM-5:00AM ET",2026-09-23T09:00:00Z,2026-09-23T08:45:00Z,0.10085519705962608,Down,"[""0"", ""1""]",0.01,384.867064,,-0.4995,0.001,resolved,0x4e183bdbeed3bb5486e95a9b22606d24deb2d1a887529a92dbda4d3c5681b318,https://data.chain.link/streams/doge-usd-twap-60s-streams,0.09970003822345161,2026-09-23 09:01:26+00
eth-updown-15m-1790153100,ETH,"Ethereum Up or Down - September 23, 4:45AM-5:00AM ET",2026-09-23T09:00:00Z,2026-09-23T08:45:00Z,2742.747250248646,Down,"[""0"", ""1""]",0.001,13906.010235000014,,-0.5045,0.001,resolved,0xff314b4422042194d2901af1ddd8fc5ce1c15460d68996ac604d27cf0e524e84,https://data.chain.link/streams/eth-usd-twap-60s-streams,2734.272104668255,2026-09-23 09:01:26+00
hype-updown-15m-1790153100,HYPE,"Hyperliquid Up or Down - September 23, 4:45AM-5:00AM ET",2026-09-23T09:00:00Z,2026-09-23T08:45:00Z,96.32696443535887,Down,"[""0"", ""1""]",0.07,254.73751599999997,,-0.5045,0.001,resolved,0x738381e1ea16f65ed161f2aae17a2437c3791ff000285a7f1f559d9c773655a2,https://data.chain.link/streams/hype-usd-twap-60s-streams,95.7103279187252,2026-09-23 09:01:26+00
sol-updown-15m-1790153100,SOL,"Solana Up or Down - September 23, 4:45AM-5:00AM ET",2026-09-23T09:00:00Z,2026-09-23T08:45:00Z,117.93003161346648,Down,"[""0"", ""1""]",0.01,1123.1259340000001,,-0.5045,0.001,resolved,0xa5578bc222c5db8c02c9df17b272ac841a95868cb7162dc655b985d4334b65a1,https://data.chain.link/streams/sol-usd-twap-60s-streams,117.38164131381065,2026-09-23 09:01:26+00
xrp-updown-15m-1790153100,XRP,"XRP Up or Down - September 23, 4:45AM-5:00AM ET",2026-09-23T09:00:00Z,2026-09-23T08:45:00Z,1.6081342563343393,Down,"[""0"", ""1""]",0.01,1057.1016690000001,,-0.4995,0.001,resolved,0x229174b2cbecbcbd2034aa7e73a1f89635a711bba499afcd7456d0d21623eefd,https://data.chain.link/streams/xrp-usd-twap-60s-streams,1.5966907108154897,2026-09-23 09:01:28+00
zec-updown-15m-1790153100,ZEC,"ZCash Up or Down - September 23, 4:45AM-5:00AM ET",2026-09-23T09:00:00Z,2026-09-23T08:45:00Z,1622.6515831377062,Down,"[""0"", ""1""]",,,,-0.4995,0.001,resolved,0x210ea6cf0517d6a374e9e400f1ad09609fe9fe0486e2141818b0095414787fd2,https://data.chain.link/streams/zec-usd-twap-60s-streams,1613.8092869104498,2026-09-23 09:01:26+00
bnb-updown-15m-1790154000,BNB,"BNB Up or Down - September 23, 5:00AM-5:15AM ET",2026-09-23T09:15:00Z,2026-09-23T09:00:00Z,785.9701560533472,Up,"[""1"", ""0""]",0.999,370.4719979999999,,0.4945,0.001,resolved,0x8cdf435c9c5834465a92f03affbc192b68bce2c4e0aad3094f42e2b61f2421f8,https://data.chain.link/streams/bnb-usd-twap-60s-streams,787.298236287231,2026-09-23 09:15:55+00
btc-updown-15m-1790154000,BTC,"Bitcoin Up or Down - September 23, 5:00AM-5:15AM ET",2026-09-23T09:15:00Z,2026-09-23T09:00:00Z,85886.5467243671,Up,"[""1"", ""0""]",0.999,36384.44192,4211.87,0.4945,0.001,resolved,0xda76be8c9cbfa76549ca1df17608810e9c88777a000cf6e6e2f25c9d55f6b69a,https://data.chain.link/streams/btc-usd-twap-60s-streams,85934.41214984484,2026-09-23 09:15:55+00
doge-updown-15m-1790154000,DOGE,"Dogecoin Up or Down - September 23, 5:00AM-5:15AM ET",2026-09-23T09:15:00Z,2026-09-23T09:00:00Z,0.09970003822345161,Up,"[""1"", ""0""]",0.999,415.31553,,0.4995,0.001,resolved,0x8de8eb8fed215acf292abeff8537a675988e21529b2487ba455130d4165e138a,https://data.chain.link/streams/doge-usd-twap-60s-streams,0.09989817999381487,2026-09-23 09:15:53+00
eth-updown-15m-1790154000,ETH,"Ethereum Up or Down - September 23, 5:00AM-5:15AM ET",2026-09-23T09:15:00Z,2026-09-23T09:00:00Z,2734.272104668255,Up,"[""1"", ""0""]",0.999,2376.4361440000002,,0.4945,0.001,resolved,0x9778e601d17236d1f2dc1b79a323c4eaf9aaec054e891fceef577816a2cff2c7,https://data.chain.link/streams/eth-usd-twap-60s-streams,2739.068108594671,2026-09-23 09:15:55+00
hype-updown-15m-1790154000,HYPE,"Hyperliquid Up or Down - September 23, 5:00AM-5:15AM ET",2026-09-23T09:15:00Z,2026-09-23T09:00:00Z,95.7103279187252,Up,"[""1"", ""0""]",0.999,75.768778,,0.4945,0.001,resolved,0xf6d3fdebc7b49b3e539d11023e3c6a1c624e3280f5d5de185706cd34eb143c0f,https://data.chain.link/streams/hype-usd-twap-60s-streams,96.00008202362962,2026-09-23 09:15:53+00
sol-updown-15m-1790154000,SOL,"Solana Up or Down - September 23, 5:00AM-5:15AM ET",2026-09-23T09:15:00Z,2026-09-23T09:00:00Z,117.38164131381065,Up,"[""1"", ""0""]",0.99,836.4140229999999,,0.49,0.01,resolved,0xa6d2a790d3d8dfcdac18155ba29c9f96ef83c497cc00b333c7008b9353578138,https://data.chain.link/streams/sol-usd-twap-60s-streams,117.41945336370242,2026-09-23 09:15:53+00
xrp-updown-15m-1790154000,XRP,"XRP Up or Down - September 23, 5:00AM-5:15AM ET",2026-09-23T09:15:00Z,2026-09-23T09:00:00Z,1.5966907108154897,Up,"[""1"", ""0""]",0.999,821.7658570000001,,0.4945,0.001,resolved,0x595b001af471bf2c5c424ffda4080c0cdff205dc32b40eeef38e4956a940f746,https://data.chain.link/streams/xrp-usd-twap-60s-streams,1.5999614512750135,2026-09-23 09:15:55+00
zec-updown-15m-1790154000,ZEC,"ZCash Up or Down - September 23, 5:00AM-5:15AM ET",2026-09-23T09:15:00Z,2026-09-23T09:00:00Z,1613.8092869104498,Down,"[""0"", ""1""]",,,,-0.495,0.01,resolved,0x665c4a4c0509c230c049c36c0b2f8cad01250045a2e0b01311ee2c5553b0f34a,https://data.chain.link/streams/zec-usd-twap-60s-streams,1613.5334781761435,2026-09-23 09:15:55+00
bnb-updown-15m-1790154900,BNB,"BNB Up or Down - September 23, 5:15AM-5:30AM ET",2026-09-23T09:30:00Z,2026-09-23T09:15:00Z,787.298236287231,Down,"[""0"", ""1""]",0.2,640.7190700000001,,-0.5,0.01,resolved,0xc6002e0abedddd79db5bc61270aec1426aadcb6279c1db6106a1cb965a030fd8,https://data.chain.link/streams/bnb-usd-twap-60s-streams,786.9065060157649,2026-09-23 09:30:55+00
btc-updown-15m-1790154900,BTC,"Bitcoin Up or Down - September 23, 5:15AM-5:30AM ET",2026-09-23T09:30:00Z,2026-09-23T09:15:00Z,85934.41214984484,Down,"[""0"", ""1""]",0.01,29490.275400000013,49.45804,-0.5,0.01,resolved,0xd7f4ab6d1e6a956fa503ea4b225d6e77e243bc99f37d02a68e2bf8b7bbeae052,https://data.chain.link/streams/btc-usd-twap-60s-streams,85878.26590252505,2026-09-23 09:30:55+00
doge-updown-15m-1790154900,DOGE,"Dogecoin Up or Down - September 23, 5:15AM-5:30AM ET",2026-09-23T09:30:00Z,2026-09-23T09:15:00Z,0.09989817999381487,Up,"[""1"", ""0""]",0.999,2050.461997,,0.4995,0.001,resolved,0xdb9605972b1fb3233e3f331c65ec83143c5119d049324c828886b4112f8c3f8a,https://data.chain.link/streams/doge-usd-twap-60s-streams,0.09996235531252833,2026-09-23 09:30:55+00
eth-updown-15m-1790154900,ETH,"Ethereum Up or Down - September 23, 5:15AM-5:30AM ET",2026-09-23T09:30:00Z,2026-09-23T09:15:00Z,2739.068108594671,Down,"[""0"", ""1""]",0.04,6591.030463,,-0.5,0.01,resolved,0x313cfc8b00c6bd1feb49c06917d812ed5d29675a1d2591059e6027c0801ed466,https://data.chain.link/streams/eth-usd-twap-60s-streams,2736.8310811147344,2026-09-23 09:30:55+00
hype-updown-15m-1790154900,HYPE,"Hyperliquid Up or Down - September 23, 5:15AM-5:30AM ET",2026-09-23T09:30:00Z,2026-09-23T09:15:00Z,96.00008202362962,Down,"[""0"", ""1""]",0.01,790.2617929999999,,-0.5,0.01,resolved,0x9b98241f530886670f6d719bb1ee24d3ac661eee9a707c79e13aa687cbb27faa,https://data.chain.link/streams/hype-usd-twap-60s-streams,95.95475333525732,2026-09-23 09:31:01+00
sol-updown-15m-1790154900,SOL,"Solana Up or Down - September 23, 5:15AM-5:30AM ET",2026-09-23T09:30:00Z,2026-09-23T09:15:00Z,117.41945336370242,Up,"[""1"", ""0""]",0.999,2897.204962,,0.4945,0.001,resolved,0x88eca0e3e5b75d6b32feab9dd262a2875c973fedef28d55d9014d03cdfb0ff1c,https://data.chain.link/streams/sol-usd-twap-60s-streams,117.45363947786976,2026-09-23 09:30:55+00
xrp-updown-15m-1790154900,XRP,"XRP Up or Down - September 23, 5:15AM-5:30AM ET",2026-09-23T09:30:00Z,2026-09-23T09:15:00Z,1.5999614512750135,Down,"[""0"", ""1""]",0.07,1689.1270100000002,,-0.5,0.01,resolved,0xc0def534cfa68a42d7fab40b348fe93d3f78043776190d70ce2e8cadffcf62c9,https://data.chain.link/streams/xrp-usd-twap-60s-streams,1.5985944196582607,2026-09-23 09:30:55+00
zec-updown-15m-1790154900,ZEC,"ZCash Up or Down - September 23, 5:15AM-5:30AM ET",2026-09-23T09:30:00Z,2026-09-23T09:15:00Z,1613.5334781761435,Down,"[""0"", ""1""]",,,,-0.495,0.01,resolved,0x407573f2d7a32f9a4199a1e6431192fb67592effd1d222d97af7ee607ebcb5e1,https://data.chain.link/streams/zec-usd-twap-60s-streams,1609.0544275512127,2026-09-23 09:30:55+00
bnb-updown-15m-1790155800,BNB,"BNB Up or Down - September 23, 5:30AM-5:45AM ET",2026-09-23T09:45:00Z,2026-09-23T09:30:00Z,786.9065060157649,Down,"[""0"", ""1""]",0.09,375.78074699999996,,-0.5045,0.001,resolved,0xc692dd560b25cd9bfa17c64dcbb07ca3c6262885c80fdb1dc54283c71d289f07,https://data.chain.link/streams/bnb-usd-twap-60s-streams,783.5734552431257,2026-09-23 09:46:26+00
btc-updown-15m-1790155800,BTC,"Bitcoin Up or Down - September 23, 5:30AM-5:45AM ET",2026-09-23T09:45:00Z,2026-09-23T09:30:00Z,85878.26590252505,Down,"[""0"", ""1""]",0.01,16916.89416,40,-0.5045,0.001,resolved,0x50e30f479b793192900a9d71b821d539ea095f2e8abe159d19ad56942aec801c,https://data.chain.link/streams/btc-usd-twap-60s-streams,85793.60039837346,2026-09-23 09:46:26+00
doge-updown-15m-1790155800,DOGE,"Dogecoin Up or Down - September 23, 5:30AM-5:45AM ET",2026-09-23T09:45:00Z,2026-09-23T09:30:00Z,0.09996235531252833,Down,"[""0"", ""1""]",0.38,432.955955,,-0.4995,0.001,resolved,0xbcd3d7b8c70adb42998aba722a9a8a6d682a63504028af50a8f246d3743d447d,https://data.chain.link/streams/doge-usd-twap-60s-streams,0.0998094657536611,2026-09-23 09:46:26+00
eth-updown-15m-1790155800,ETH,"Ethereum Up or Down - September 23, 5:30AM-5:45AM ET",2026-09-23T09:45:00Z,2026-09-23T09:30:00Z,2736.8310811147344,Down,"[""0"", ""1""]",0.09,4306.729769000002,,-0.5,0.01,resolved,0x2f923de821a351a9b5c345820f1a9b5ba7563b0d5403413e0e902b424eb6ba84,https://data.chain.link/streams/eth-usd-twap-60s-streams,2735.9657720460755,2026-09-23 09:46:26+00
hype-updown-15m-1790155800,HYPE,"Hyperliquid Up or Down - September 23, 5:30AM-5:45AM ET",2026-09-23T09:45:00Z,2026-09-23T09:30:00Z,95.95475333525732,Down,"[""0"", ""1""]",0.11,168.725472,,-0.5045,0.001,resolved,0x088a6d127554ef511cedba02577880819885c44bbf394208691bb245abdbde88,https://data.chain.link/streams/hype-usd-twap-60s-streams,95.67759076481086,2026-09-23 09:46:26+00
sol-updown-15m-1790155800,SOL,"Solana Up or Down - September 23, 5:30AM-5:45AM ET",2026-09-23T09:45:00Z,2026-09-23T09:30:00Z,117.45363947786976,Down,"[""0"", ""1""]",0.09,491.839196,,-0.5045,0.001,resolved,0x35eb353f941ceee037a2ea2484433ad6fc01b7f68f08af462f4f56afbe90444c,https://data.chain.link/streams/sol-usd-twap-60s-streams,117.32010703031872,2026-09-23 09:46:26+00
xrp-updown-15m-1790155800,XRP,"XRP Up or Down - September 23, 5:30AM-5:45AM ET",2026-09-23T09:45:00Z,2026-09-23T09:30:00Z,1.5985944196582607,Down,"[""0"", ""1""]",0.08,1484.7334779999999,,-0.5045,0.001,resolved,0x7ec3114638e7c90304966ad4eb12c6336790134253d06deb4061b66b4aebdb96,https://data.chain.link/streams/xrp-usd-twap-60s-streams,1.5963736817359289,2026-09-23 09:46:26+00
zec-updown-15m-1790155800,ZEC,"ZCash Up or Down - September 23, 5:30AM-5:45AM ET",2026-09-23T09:45:00Z,2026-09-23T09:30:00Z,1609.0544275512127,Up,"[""1"", ""0""]",,,,0.495,0.01,resolved,0x7b165e9fb665a0ab258ab194459dc82b875bd02c8972f35966ce4855e237db12,https://data.chain.link/streams/zec-usd-twap-60s-streams,1614.8609162611679,2026-09-23 09:46:26+00
bnb-updown-15m-1790156700,BNB,"BNB Up or Down - September 23, 5:45AM-6:00AM ET",2026-09-23T10:00:00Z,2026-09-23T09:45:00Z,783.5734552431257,Down,"[""0"", ""1""]",0.12,451.12006600000007,,-0.5,0.01,resolved,0x8ce59e381cc7ce770f939fe400f9445af988081bc6702e0dc61b509edab20c55,https://data.chain.link/streams/bnb-usd-twap-60s-streams,782.6370775211509,2026-09-23 10:00:53+00
btc-updown-15m-1790156700,BTC,"Bitcoin Up or Down - September 23, 5:45AM-6:00AM ET",2026-09-23T10:00:00Z,2026-09-23T09:45:00Z,85793.60039837346,Up,"[""1"", ""0""]",0.99,51076.83748699999,30,0.49,0.01,resolved,0xb0f69527d6a07ac237f73a6bd2f563dd08bcb040576af16e4248c59239c0b096,https://data.chain.link/streams/btc-usd-twap-60s-streams,85830.73187847005,2026-09-23 10:00:53+00
doge-updown-15m-1790156700,DOGE,"Dogecoin Up or Down - September 23, 5:45AM-6:00AM ET",2026-09-23T10:00:00Z,2026-09-23T09:45:00Z,0.0998094657536611,Up,"[""1"", ""0""]",0.99,968.5422369999999,,0.495,0.01,resolved,0x7de1e07ecbc3955e316fb11e1b83437d75dbee7aa33abed4453376fe1dca5fbe,https://data.chain.link/streams/doge-usd-twap-60s-streams,0.09982892640315016,2026-09-23 10:00:53+00
eth-updown-15m-1790156700,ETH,"Ethereum Up or Down - September 23, 5:45AM-6:00AM ET",2026-09-23T10:00:00Z,2026-09-23T09:45:00Z,2735.9657720460755,Down,"[""0"", ""1""]",0.02,5023.340677000001,,-0.5,0.01,resolved,0x56147f72c80f260ea7d9a408b8ca1f00e24a5a10fe92ff4947ad19a407b4e6e6,https://data.chain.link/streams/eth-usd-twap-60s-streams,2733.2983809108255,2026-09-23 10:00:53+00
hype-updown-15m-1790156700,HYPE,"Hyperliquid Up or Down - September 23, 5:45AM-6:00AM ET",2026-09-23T10:00:00Z,2026-09-23T09:45:00Z,95.67759076481086,Down,"[""0"", ""1""]",0.04,630.731909,,-0.5,0.01,resolved,0xc8262461f653367a80a8ce79dba249d8939e019b41edf6de61cd159cc0ae95b7,https://data.chain.link/streams/hype-usd-twap-60s-streams,95.63382214444047,2026-09-23 10:00:53+00
sol-updown-15m-1790156700,SOL,"Solana Up or Down - September 23, 5:45AM-6:00AM ET",2026-09-23T10:00:00Z,2026-09-23T09:45:00Z,117.32010703031872,Up,"[""1"", ""0""]",0.99,3427.144858,,0.49,0.01,resolved,0x1c19d77fc8c31100826d61ee8753e7082dd50b4846849495c8abb7bc2e6ca109,https://data.chain.link/streams/sol-usd-twap-60s-streams,117.33080244662949,2026-09-23 10:00:53+00
xrp-updown-15m-1790156700,XRP,"XRP Up or Down - September 23, 5:45AM-6:00AM ET",2026-09-23T10:00:00Z,2026-09-23T09:45:00Z,1.5963736817359289,Down,"[""0"", ""1""]",0.16,1218.622764,,-0.5,0.01,resolved,0x4eeea3009e183ad0adf1d24407228d4f2805580087847c282c864616b44129ec,https://data.chain.link/streams/xrp-usd-twap-60s-streams,1.5936590246337825,2026-09-23 10:00:53+00
zec-updown-15m-1790156700,ZEC,"ZCash Up or Down - September 23, 5:45AM-6:00AM ET",2026-09-23T10:00:00Z,2026-09-23T09:45:00Z,1614.8609162611679,Up,"[""1"", ""0""]",0.999,,,0.4995,0.001,resolved,0x45702e35d8a8350df7df4000e78fdcdc6196d5395551d9d00c213c4ac8574574,https://data.chain.link/streams/zec-usd-twap-60s-streams,1624.2169042889248,2026-09-23 10:00:53+00
bnb-updown-15m-1790157600,BNB,"BNB Up or Down - September 23, 6:00AM-6:15AM ET",2026-09-23T10:15:00Z,2026-09-23T10:00:00Z,782.6370775211509,Up,"[""1"", ""0""]",0.99,203.312819,10.196079,0.49,0.01,resolved,0x4706b06bdf868195c76dce7e4d90f03088a36e01aa6b9999033776dc114bce79,https://data.chain.link/streams/bnb-usd-twap-60s-streams,782.9789888497203,2026-09-23 10:16:26+00
btc-updown-15m-1790157600,BTC,"Bitcoin Up or Down - September 23, 6:00AM-6:15AM ET",2026-09-23T10:15:00Z,2026-09-23T10:00:00Z,85830.73187847005,Down,"[""0"", ""1""]",0.01,40624.829030999965,4171.601569,-0.5,0.01,resolved,0xcfbd02ff1def45703db681cc1198c5070dfb5d616c26b3130381cb2236d8b707,https://data.chain.link/streams/btc-usd-twap-60s-streams,85830.5120415192,2026-09-23 10:16:26+00
doge-updown-15m-1790157600,DOGE,"Dogecoin Up or Down - September 23, 6:00AM-6:15AM ET",2026-09-23T10:15:00Z,2026-09-23T10:00:00Z,0.09982892640315016,Down,"[""0"", ""1""]",0.36,303.328523,,-0.4995,0.001,resolved,0x40aeb78b88f31d6f46ec2a29697ded6b224adbc466d8110e8b574c85ae5cb987,https://data.chain.link/streams/doge-usd-twap-60s-streams,0.09969780083670546,2026-09-23 10:16:26+00
eth-updown-15m-1790157600,ETH,"Ethereum Up or Down - September 23, 6:00AM-6:15AM ET",2026-09-23T10:15:00Z,2026-09-23T10:00:00Z,2733.2983809108255,Down,"[""0"", ""1""]",0.09,4172.933802,40,-0.5045,0.001,resolved,0xd2ad859268eefc56c0e57a46fa275671c2e3901bdc6fa73191a8de60f4ef73c5,https://data.chain.link/streams/eth-usd-twap-60s-streams,2732.750705592736,2026-09-23 10:16:26+00
hype-updown-15m-1790157600,HYPE,"Hyperliquid Up or Down - September 23, 6:00AM-6:15AM ET",2026-09-23T10:15:00Z,2026-09-23T10:00:00Z,95.63382214444047,Down,"[""0"", ""1""]",0.16,357.406924,,-0.5,0.01,resolved,0x646012925d2217815cd7dbc3d262bf8133ef3ca2c0341e0191072c8c80f4ee77,https://data.chain.link/streams/hype-usd-twap-60s-streams,95.57892016526534,2026-09-23 10:16:26+00
sol-updown-15m-1790157600,SOL,"Solana Up or Down - September 23, 6:00AM-6:15AM ET",2026-09-23T10:15:00Z,2026-09-23T10:00:00Z,117.33080244662949,Up,"[""1"", ""0""]",0.99,961.481568,,0.49,0.01,resolved,0xbfffe2799fe03a714ecf64f857d13147701edb6e1751290fa6772a0ecbcdd4b6,https://data.chain.link/streams/sol-usd-twap-60s-streams,117.40373516980794,2026-09-23 10:16:26+00
xrp-updown-15m-1790157600,XRP,"XRP Up or Down - September 23, 6:00AM-6:15AM ET",2026-09-23T10:15:00Z,2026-09-23T10:00:00Z,1.5936590246337825,Down,"[""0"", ""1""]",0.1,505.4928509999999,,-0.5045,0.001,resolved,0x37815064f77e803a94d7188cc986611c3e034f8709a9a69fab09a477865b4f66,https://data.chain.link/streams/xrp-usd-twap-60s-streams,1.588363996924733,2026-09-23 10:16:26+00
zec-updown-15m-1790157600,ZEC,"ZCash Up or Down - September 23, 6:00AM-6:15AM ET",2026-09-23T10:15:00Z,2026-09-23T10:00:00Z,1624.2169042889248,Down,"[""0"", ""1""]",,29.991,,-0.495,0.01,resolved,0x2bad76862d3d21d8909b5de0930f8795c54ac44891b6133459d9441d7ce0f7dd,https://data.chain.link/streams/zec-usd-twap-60s-streams,1623.4011752907782,2026-09-23 10:16:26+00
bnb-updown-15m-1790158500,BNB,"BNB Up or Down - September 23, 6:15AM-6:30AM ET",2026-09-23T10:30:00Z,2026-09-23T10:15:00Z,782.9789888497203,Up,"[""1"", ""0""]",0.999,304.943799,,0.4945,0.001,resolved,0x4aa1708a29061297d5d4ccdac25e19668908ba02c7b6ef376d004b32dc07b634,https://data.chain.link/streams/bnb-usd-twap-60s-streams,783.1852579491352,2026-09-23 10:30:53+00
btc-updown-15m-1790158500,BTC,"Bitcoin Up or Down - September 23, 6:15AM-6:30AM ET",2026-09-23T10:30:00Z,2026-09-23T10:15:00Z,85830.5120415192,Down,"[""0"", ""1""]",0.02,30990.630397,10,-0.5045,0.001,resolved,0x04501c21b3fdc5ae89be2c0e61504d2159a03eff88d7246566be7fc0aeeb8b94,https://data.chain.link/streams/btc-usd-twap-60s-streams,85767.23439378937,2026-09-23 10:30:53+00
doge-updown-15m-1790158500,DOGE,"Dogecoin Up or Down - September 23, 6:15AM-6:30AM ET",2026-09-23T10:30:00Z,2026-09-23T10:15:00Z,0.09969780083670546,Down,"[""0"", ""1""]",0.01,398.056149,,-0.4995,0.001,resolved,0x5a6d2bcf79950c690cb596fe73263caec1aac7b8acd356361c7bb44a39b6b0b1,https://data.chain.link/streams/doge-usd-twap-60s-streams,0.09964983679088017,2026-09-23 10:30:53+00
eth-updown-15m-1790158500,ETH,"Ethereum Up or Down - September 23, 6:15AM-6:30AM ET",2026-09-23T10:30:00Z,2026-09-23T10:15:00Z,2732.750705592736,Down,"[""0"", ""1""]",0.04,4029.6751019999992,,-0.5045,0.001,resolved,0x1cefbb1666b9b451a1b0534fb4e92018e46a559625277b3fc0c1ff136904ebe4,https://data.chain.link/streams/eth-usd-twap-60s-streams,2731.3202146954454,2026-09-23 10:30:53+00
hype-updown-15m-1790158500,HYPE,"Hyperliquid Up or Down - September 23, 6:15AM-6:30AM ET",2026-09-23T10:30:00Z,2026-09-23T10:15:00Z,95.57892016526534,Down,"[""0"", ""1""]",0.33,78.14,,-0.5045,0.001,resolved,0x17dea322c1b91c267dd519151b993bf266d1bab6c09407555d85c331aee8c90a,https://data.chain.link/streams/hype-usd-twap-60s-streams,95.44979431619936,2026-09-23 10:30:53+00
sol-updown-15m-1790158500,SOL,"Solana Up or Down - September 23, 6:15AM-6:30AM ET",2026-09-23T10:30:00Z,2026-09-23T10:15:00Z,117.40373516980794,Down,"[""0"", ""1""]",0.01,542.6444710000001,,-0.5045,0.001,resolved,0xcdf1a27dea7ac2a9d85f75494d738e0b409fb7eea9f8cab53f370182cf50252d,https://data.chain.link/streams/sol-usd-twap-60s-streams,117.18831869020079,2026-09-23 10:30:53+00
xrp-updown-15m-1790158500,XRP,"XRP Up or Down - September 23, 6:15AM-6:30AM ET",2026-09-23T10:30:00Z,2026-09-23T10:15:00Z,1.588363996924733,Down,"[""0"", ""1""]",0.08,2220.9062759999997,,-0.5045,0.001,resolved,0xda428e6b8caf22d8971a072732ac4d95e4c041fbf510cfc9922fef15c757116b,https://data.chain.link/streams/xrp-usd-twap-60s-streams,1.5848547395701982,2026-09-23 10:30:53+00
zec-updown-15m-1790158500,ZEC,"ZCash Up or Down - September 23, 6:15AM-6:30AM ET",2026-09-23T10:30:00Z,2026-09-23T10:15:00Z,1623.4011752907782,Down,"[""0"", ""1""]",0.51,25,,-0.4995,0.001,resolved,0xc1f67e8b5115597bb970e16e645f27e7425418c9ac7be8c4efc9f7b6b9d02d0a,https://data.chain.link/streams/zec-usd-twap-60s-streams,1609.5088691881774,2026-09-23 10:30:53+00
bnb-updown-15m-1790159400,BNB,"BNB Up or Down - September 23, 6:30AM-6:45AM ET",2026-09-23T10:45:00Z,2026-09-23T10:30:00Z,783.1852579491352,Up,"[""1"", ""0""]",0.998,505.17992700000013,,0.4945,0.001,resolved,0x5db742b04fe6446607578742ac5885ecb20532f44d74d08ac2e2963411a0a9aa,https://data.chain.link/streams/bnb-usd-twap-60s-streams,784.5747651143553,2026-09-23 10:45:53+00
btc-updown-15m-1790159400,BTC,"Bitcoin Up or Down - September 23, 6:30AM-6:45AM ET",2026-09-23T10:45:00Z,2026-09-23T10:30:00Z,85767.23439378937,Up,"[""1"", ""0""]",0.99,17702.321052,,0.4945,0.001,resolved,0x145c4462848c3f7c10ebb6a5666769b1e39273485eab8546ea1a72ab15946c91,https://data.chain.link/streams/btc-usd-twap-60s-streams,85856.68950062299,2026-09-23 10:45:53+00
doge-updown-15m-1790159400,DOGE,"Dogecoin Up or Down - September 23, 6:30AM-6:45AM ET",2026-09-23T10:45:00Z,2026-09-23T10:30:00Z,0.09964983679088017,Up,"[""1"", ""0""]",0.999,529.8214310000001,,0.4995,0.001,resolved,0x7d1489a8e194b8d9bef2236dab1caf4e22a26e6a61ea6261c7ffb515be967aa6,https://data.chain.link/streams/doge-usd-twap-60s-streams,0.09989324059817173,2026-09-23 10:45:53+00
eth-updown-15m-1790159400,ETH,"Ethereum Up or Down - September 23, 6:30AM-6:45AM ET",2026-09-23T10:45:00Z,2026-09-23T10:30:00Z,2731.3202146954454,Up,"[""1"", ""0""]",0.999,2484.6315350000004,4.82,0.4945,0.001,resolved,0x78ca615be5a7270d7ec629f2bea64c188984923d2b282f9955a042d52906131f,https://data.chain.link/streams/eth-usd-twap-60s-streams,2736.0345737388243,2026-09-23 10:45:53+00
hype-updown-15m-1790159400,HYPE,"Hyperliquid Up or Down - September 23, 6:30AM-6:45AM ET",2026-09-23T10:45:00Z,2026-09-23T10:30:00Z,95.44979431619936,Up,"[""1"", ""0""]",0.999,106.382879,,0.4945,0.001,resolved,0x3a1e42d864ed1c8c2749a185353cceeb328927f57c36854e9a7901b530267f52,https://data.chain.link/streams/hype-usd-twap-60s-streams,95.75834362225854,2026-09-23 10:45:53+00
sol-updown-15m-1790159400,SOL,"Solana Up or Down - September 23, 6:30AM-6:45AM ET",2026-09-23T10:45:00Z,2026-09-23T10:30:00Z,117.18831869020079,Up,"[""1"", ""0""]",0.999,396.8339770000001,,0.4945,0.001,resolved,0x6ffa6cec6d5de7c08165ed310e99c14db93d103bb931b90b53ed9e4443f1e2ff,https://data.chain.link/streams/sol-usd-twap-60s-streams,117.4765867847959,2026-09-23 10:45:53+00
xrp-updown-15m-1790159400,XRP,"XRP Up or Down - September 23, 6:30AM-6:45AM ET",2026-09-23T10:45:00Z,2026-09-23T10:30:00Z,1.5848547395701982,Up,"[""1"", ""0""]",0.999,1219.30982,,0.4945,0.001,resolved,0xf50d6b351b3250401441d7c3fe75b79a2ed4f42dbc0e0b8eecc33f0d08444c2a,https://data.chain.link/streams/xrp-usd-twap-60s-streams,1.5894793492679196,2026-09-23 10:45:53+00
zec-updown-15m-1790159400,ZEC,"ZCash Up or Down - September 23, 6:30AM-6:45AM ET",2026-09-23T10:45:00Z,2026-09-23T10:30:00Z,1609.5088691881774,Up,"[""1"", ""0""]",0.67,86,,0.4995,0.001,resolved,0xfb388ac2e8bee7d990946d5ec70b6979b3db2db388868e0ae1de3f628f67e0fe,https://data.chain.link/streams/zec-usd-twap-60s-streams,1617.9380417125508,2026-09-23 10:45:53+00
bnb-updown-15m-1790160300,BNB,"BNB Up or Down - September 23, 6:45AM-7:00AM ET",2026-09-23T11:00:00Z,2026-09-23T10:45:00Z,784.5747651143553,Up,"[""1"", ""0""]",0.99,222.064735,,0.49,0.01,resolved,0x33fcf416710d95b18a009c22ab907ff03c014f2b4cb1a91ca410214c59cb6908,https://data.chain.link/streams/bnb-usd-twap-60s-streams,785.3567528616435,2026-09-23 11:00:55+00
btc-updown-15m-1790160300,BTC,"Bitcoin Up or Down - September 23, 6:45AM-7:00AM ET",2026-09-23T11:00:00Z,2026-09-23T10:45:00Z,85856.68950062299,Up,"[""1"", ""0""]",0.99,25391.027409,,0.49,0.01,resolved,0xc6d494d29f2c2f91e29f4389e8160fb8963c6e43b1219fa9a2331375c1728596,https://data.chain.link/streams/btc-usd-twap-60s-streams,85900.80610907773,2026-09-23 11:00:55+00
doge-updown-15m-1790160300,DOGE,"Dogecoin Up or Down - September 23, 6:45AM-7:00AM ET",2026-09-23T11:00:00Z,2026-09-23T10:45:00Z,0.09989324059817173,Up,"[""1"", ""0""]",0.99,405.077107,,0.495,0.01,resolved,0xf9c7453a7e4264ccbdc76abb054f281df4e2f65acca7c1455068c60ae7dda3c4,https://data.chain.link/streams/doge-usd-twap-60s-streams,0.10006276058873098,2026-09-23 11:00:53+00
eth-updown-15m-1790160300,ETH,"Ethereum Up or Down - September 23, 6:45AM-7:00AM ET",2026-09-23T11:00:00Z,2026-09-23T10:45:00Z,2736.0345737388243,Up,"[""1"", ""0""]",0.99,3023.323163,,0.49,0.01,resolved,0xf5b7542496b6e48c43a3dea1f750ef4d4aec750ce176225376f32ae608e92c72,https://data.chain.link/streams/eth-usd-twap-60s-streams,2737.6368097866584,2026-09-23 11:00:53+00
hype-updown-15m-1790160300,HYPE,"Hyperliquid Up or Down - September 23, 6:45AM-7:00AM ET",2026-09-23T11:00:00Z,2026-09-23T10:45:00Z,95.75834362225854,Up,"[""1"", ""0""]",0.999,204.17000000000002,,0.4945,0.001,resolved,0x90a3df59c5b79f19d9163bc0d7740881ba364fdcfa13dfbf1e2cd9ba8a947996,https://data.chain.link/streams/hype-usd-twap-60s-streams,95.95941886544632,2026-09-23 11:00:53+00
sol-updown-15m-1790160300,SOL,"Solana Up or Down - September 23, 6:45AM-7:00AM ET",2026-09-23T11:00:00Z,2026-09-23T10:45:00Z,117.4765867847959,Up,"[""1"", ""0""]",0.99,709.9461409999999,4.82,0.49,0.01,resolved,0x538860aa10dd5bc4ad343e3c0fd1317be7445f6b82fee27af5c513e67cbf30f7,https://data.chain.link/streams/sol-usd-twap-60s-streams,117.5862718515762,2026-09-23 11:00:53+00
xrp-updown-15m-1790160300,XRP,"XRP Up or Down - September 23, 6:45AM-7:00AM ET",2026-09-23T11:00:00Z,2026-09-23T10:45:00Z,1.5894793492679196,Up,"[""1"", ""0""]",0.99,926.6198139999999,4.82,0.49,0.01,resolved,0x786a35e52e984f7c46f18b30ba4d0cc9f197281089e47f6634883cfe034c3fc3,https://data.chain.link/streams/xrp-usd-twap-60s-streams,1.593617668567028,2026-09-23 11:00:53+00
zec-updown-15m-1790160300,ZEC,"ZCash Up or Down - September 23, 6:45AM-7:00AM ET",2026-09-23T11:00:00Z,2026-09-23T10:45:00Z,1617.9380417125508,Up,"[""1"", ""0""]",0.66,10,,0.495,0.01,resolved,0xc0198729163a8ccc99fbbd216bb47f20695101d963f74c5357c5a21ef7f9b9db,https://data.chain.link/streams/zec-usd-twap-60s-streams,1650.8774257663285,2026-09-23 11:00:53+00
bnb-updown-15m-1790161200,BNB,"BNB Up or Down - September 23, 7:00AM-7:15AM ET",2026-09-23T11:15:00Z,2026-09-23T11:00:00Z,785.3567528616435,Down,"[""0"", ""1""]",0.18,89.036417,2,-0.5045,0.001,resolved,0x9bd660c255d2f918b9ab4b32057f3a656570fa0bdfbce03affbb05851244b6ab,https://data.chain.link/streams/bnb-usd-twap-60s-streams,783.812842896299,2026-09-23 11:16:28+00
btc-updown-15m-1790161200,BTC,"Bitcoin Up or Down - September 23, 7:00AM-7:15AM ET",2026-09-23T11:15:00Z,2026-09-23T11:00:00Z,85900.80610907773,Down,"[""0"", ""1""]",0.01,21808.94228499999,4132.45,-0.5045,0.001,resolved,0xca1a6fc62e35f900009d95e6e60088a639692b9bd6899b975a7acb07616cadc2,https://data.chain.link/streams/btc-usd-twap-60s-streams,85733.43071139843,2026-09-23 11:16:28+00
doge-updown-15m-1790161200,DOGE,"Dogecoin Up or Down - September 23, 7:00AM-7:15AM ET",2026-09-23T11:15:00Z,2026-09-23T11:00:00Z,0.10006276058873098,Down,"[""0"", ""1""]",0.19,472.42575099999993,,-0.4995,0.001,resolved,0x26f41a110cf2fdbf942a5712a8b96f918e0aaf7d014b0e48303de267afd6a691,https://data.chain.link/streams/doge-usd-twap-60s-streams,0.09978416806647016,2026-09-23 11:16:28+00
eth-updown-15m-1790161200,ETH,"Ethereum Up or Down - September 23, 7:00AM-7:15AM ET",2026-09-23T11:15:00Z,2026-09-23T11:00:00Z,2737.6368097866584,Down,"[""0"", ""1""]",0.09,2076.8567829999997,,-0.5045,0.001,resolved,0x561b17cd8a8b5836ea9543f95409590d4d4f1671e87196659ea8554215396ca4,https://data.chain.link/streams/eth-usd-twap-60s-streams,2732.9226303972086,2026-09-23 11:16:28+00
hype-updown-15m-1790161200,HYPE,"Hyperliquid Up or Down - September 23, 7:00AM-7:15AM ET",2026-09-23T11:15:00Z,2026-09-23T11:00:00Z,95.95941886544632,Down,"[""0"", ""1""]",0.1,86.004605,,-0.5045,0.001,resolved,0xc7ce48d648bf21030cd8ee4195613daa9ea379102915cbead8025bb2e93ea016,https://data.chain.link/streams/hype-usd-twap-60s-streams,95.79607471711866,2026-09-23 11:16:28+00
sol-updown-15m-1790161200,SOL,"Solana Up or Down - September 23, 7:00AM-7:15AM ET",2026-09-23T11:15:00Z,2026-09-23T11:00:00Z,117.5862718515762,Down,"[""0"", ""1""]",0.11,678.7080960000002,,-0.5045,0.001,resolved,0xe644df9733ea0a110ea8d12fc3718267daac7f450fbd4028d21bd4004f872f07,https://data.chain.link/streams/sol-usd-twap-60s-streams,117.2455277297916,2026-09-23 11:16:26+00
xrp-updown-15m-1790161200,XRP,"XRP Up or Down - September 23, 7:00AM-7:15AM ET",2026-09-23T11:15:00Z,2026-09-23T11:00:00Z,1.593617668567028,Down,"[""0"", ""1""]",0.02,959.1716739999999,4.82,-0.5045,0.001,resolved,0xe545ff9089a5e781c913ba56f18a5af5a710caa9edd2d037a44d1112db79b8a8,https://data.chain.link/streams/xrp-usd-twap-60s-streams,1.591271031387796,2026-09-23 11:16:28+00
zec-updown-15m-1790161200,ZEC,"ZCash Up or Down - September 23, 7:00AM-7:15AM ET",2026-09-23T11:15:00Z,2026-09-23T11:00:00Z,1650.8774257663285,Down,"[""0"", ""1""]",0.51,50,9.686275,-0.495,0.01,resolved,0xb0a611d9f37f2bcbe13dfbb51dcd17bc06350c4a1ac0c64a90f42200797ea4ac,https://data.chain.link/streams/zec-usd-twap-60s-streams,1637.7149373679165,2026-09-23 11:16:28+00
bnb-updown-15m-1790162100,BNB,"BNB Up or Down - September 23, 7:15AM-7:30AM ET",2026-09-23T11:30:00Z,2026-09-23T11:15:00Z,783.812842896299,Down,"[""0"", ""1""]",0.17,119.21572400000001,,-0.5045,0.001,resolved,0x6be6d31e67398e140c3cf122a3b8aad4d886e041bf112446b949dceee3e991e4,https://data.chain.link/streams/bnb-usd-twap-60s-streams,781.4765297865223,2026-09-23 11:30:53+00
btc-updown-15m-1790162100,BTC,"Bitcoin Up or Down - September 23, 7:15AM-7:30AM ET",2026-09-23T11:30:00Z,2026-09-23T11:15:00Z,85733.43071139843,Down,"[""0"", ""1""]",0.001,17744.076653000007,20,-0.5045,0.001,resolved,0xe1c4876b34d953ea3781288a842e73a0c48433ea3375a769596cf088e3a9a428,https://data.chain.link/streams/btc-usd-twap-60s-streams,85486.46494431743,2026-09-23 11:30:53+00
doge-updown-15m-1790162100,DOGE,"Dogecoin Up or Down - September 23, 7:15AM-7:30AM ET",2026-09-23T11:30:00Z,2026-09-23T11:15:00Z,0.09978416806647016,Down,"[""0"", ""1""]",0.6,144.52412,,-0.4995,0.001,resolved,0x5e055a2b4fdf14f4dd10dc2c0e47ba009736d7691eaf4103cf6ef837df8a33d1,https://data.chain.link/streams/doge-usd-twap-60s-streams,0.09926550212818289,2026-09-23 11:30:53+00
eth-updown-15m-1790162100,ETH,"Ethereum Up or Down - September 23, 7:15AM-7:30AM ET",2026-09-23T11:30:00Z,2026-09-23T11:15:00Z,2732.9226303972086,Down,"[""0"", ""1""]",0.01,1419.1251309999998,,-0.5045,0.001,resolved,0x97a5c06ac4178ba35a0bef9fc804921665862f6cd579f8cd59038caa9fb91972,https://data.chain.link/streams/eth-usd-twap-60s-streams,2720.8876873257846,2026-09-23 11:30:53+00
hype-updown-15m-1790162100,HYPE,"Hyperliquid Up or Down - September 23, 7:15AM-7:30AM ET",2026-09-23T11:30:00Z,2026-09-23T11:15:00Z,95.79607471711866,Down,"[""0"", ""1""]",0.08,109.348184,,-0.5045,0.001,resolved,0xfa930ac9d1bb69f57eb5eca6a66b7ed2dfcab84f132bf52992a36f87c5521b88,https://data.chain.link/streams/hype-usd-twap-60s-streams,95.18163691894941,2026-09-23 11:30:53+00
sol-updown-15m-1790162100,SOL,"Solana Up or Down - September 23, 7:15AM-7:30AM ET",2026-09-23T11:30:00Z,2026-09-23T11:15:00Z,117.2455277297916,Down,"[""0"", ""1""]",0.07,253.040103,,-0.5045,0.001,resolved,0x429d06246bc9c17a0b287f17121297e241a8f87ffe2ae5d5fcba826b2de165a9,https://data.chain.link/streams/sol-usd-twap-60s-streams,116.65719373236537,2026-09-23 11:30:53+00
xrp-updown-15m-1790162100,XRP,"XRP Up or Down - September 23, 7:15AM-7:30AM ET",2026-09-23T11:30:00Z,2026-09-23T11:15:00Z,1.591271031387796,Down,"[""0"", ""1""]",0.01,476.60058399999997,,-0.5045,0.001,resolved,0x01b3845a3e81ef29c430804d2a73420238a92c1b6a88c1d78eb0a2d4fbfecbc9,https://data.chain.link/streams/xrp-usd-twap-60s-streams,1.5800231776751525,2026-09-23 11:30:53+00
zec-updown-15m-1790162100,ZEC,"ZCash Up or Down - September 23, 7:15AM-7:30AM ET",2026-09-23T11:30:00Z,2026-09-23T11:15:00Z,1637.7149373679165,Down,"[""0"", ""1""]",0.5,130,,-0.495,0.01,resolved,0x456af9932940ddf6a60e140fcb0603b65305ce253fe695afcf735d05f34bc8ea,https://data.chain.link/streams/zec-usd-twap-60s-streams,1629.5769217306442,2026-09-23 11:30:53+00
bnb-updown-15m-1790163000,BNB,"BNB Up or Down - September 23, 7:30AM-7:45AM ET",2026-09-23T11:45:00Z,2026-09-23T11:30:00Z,781.4765297865223,Down,"[""0"", ""1""]",0.15,366.10931,,-0.5,0.01,resolved,0x7b3376e4d5fe3caacba17e8082a2257cecd6bf23c233d04f6e5c2cd101b63e94,https://data.chain.link/streams/bnb-usd-twap-60s-streams,781.2473160228733,2026-09-23 11:45:53+00
btc-updown-15m-1790163000,BTC,"Bitcoin Up or Down - September 23, 7:30AM-7:45AM ET",2026-09-23T11:45:00Z,2026-09-23T11:30:00Z,85486.46494431743,Down,"[""0"", ""1""]",0.01,31262.073744000005,20,-0.49,0.01,resolved,0xb0d75e3427e5d2b7577d139d79219893d9b14c5cf4410dc526b0157a96a7829c,https://data.chain.link/streams/btc-usd-twap-60s-streams,85472.94165450153,2026-09-23 11:45:53+00
doge-updown-15m-1790163000,DOGE,"Dogecoin Up or Down - September 23, 7:30AM-7:45AM ET",2026-09-23T11:45:00Z,2026-09-23T11:30:00Z,0.09926550212818289,Down,"[""0"", ""1""]",0.16,529.2589089999999,,-0.4995,0.001,resolved,0xc15458a1a5ef91eeb710afa2f82e727af2773ac52aa46f4958ba41dc4bb43855,https://data.chain.link/streams/doge-usd-twap-60s-streams,0.0990133733565114,2026-09-23 11:45:53+00
eth-updown-15m-1790163000,ETH,"Ethereum Up or Down - September 23, 7:30AM-7:45AM ET",2026-09-23T11:45:00Z,2026-09-23T11:30:00Z,2720.8876873257846,Down,"[""0"", ""1""]",0.05,5903.54888,,-0.5045,0.001,resolved,0x44900ec6fd0dfad0eadcab5eca7178fca6b1db04cffa7d9f3a6bbf0489139dec,https://data.chain.link/streams/eth-usd-twap-60s-streams,2717.9403522574094,2026-09-23 11:45:53+00
hype-updown-15m-1790163000,HYPE,"Hyperliquid Up or Down - September 23, 7:30AM-7:45AM ET",2026-09-23T11:45:00Z,2026-09-23T11:30:00Z,95.18163691894941,Down,"[""0"", ""1""]",0.02,309.68456499999996,,-0.5045,0.001,resolved,0x666f2ed5a5664448d28e202e49d641c07e1a20fb89b8006aaffb4798fa3c9f92,https://data.chain.link/streams/hype-usd-twap-60s-streams,95.04160267185466,2026-09-23 11:45:53+00
sol-updown-15m-1790163000,SOL,"Solana Up or Down - September 23, 7:30AM-7:45AM ET",2026-09-23T11:45:00Z,2026-09-23T11:30:00Z,116.65719373236537,Down,"[""0"", ""1""]",0.06,1097.553416,,-0.5,0.01,resolved,0xb59c785ceb9092cff15b8f263a95a5c3915dc2307b4659c44c8ce946314c5dc5,https://data.chain.link/streams/sol-usd-twap-60s-streams,116.58700338434937,2026-09-23 11:45:55+00
xrp-updown-15m-1790163000,XRP,"XRP Up or Down - September 23, 7:30AM-7:45AM ET",2026-09-23T11:45:00Z,2026-09-23T11:30:00Z,1.5800231776751525,Down,"[""0"", ""1""]",0.01,647.694119,,-0.5045,0.001,resolved,0xa87b77dbd6d50d52cbd50728225099bc05920e9cd72afaddca089d10efa885d2,https://data.chain.link/streams/xrp-usd-twap-60s-streams,1.5706091574834338,2026-09-23 11:45:53+00
zec-updown-15m-1790163000,ZEC,"ZCash Up or Down - September 23, 7:30AM-7:45AM ET",2026-09-23T11:45:00Z,2026-09-23T11:30:00Z,1629.5769217306442,Down,"[""0"", ""1""]",0.64,10,,-0.495,0.01,resolved,0x73ea72a9df8b14c546135abf64b76ee52bdb342d0a9eb2e904b0627597c4e754,https://data.chain.link/streams/zec-usd-twap-60s-streams,1615.9751597731965,2026-09-23 11:45:53+00
bnb-updown-15m-1790163900,BNB,"BNB Up or Down - September 23, 7:45AM-8:00AM ET",2026-09-23T12:00:00Z,2026-09-23T11:45:00Z,781.2473160228733,Up,"[""1"", ""0""]",0.999,237.57489900000002,,0.4945,0.001,resolved,0x0f0b9539465ff2c09fc34e35181d35804199566caf2c43f41159a787249a8ded,https://data.chain.link/streams/bnb-usd-twap-60s-streams,782.6620188788515,2026-09-23 12:00:53+00
btc-updown-15m-1790163900,BTC,"Bitcoin Up or Down - September 23, 7:45AM-8:00AM ET",2026-09-23T12:00:00Z,2026-09-23T11:45:00Z,85472.94165450153,Up,"[""1"", ""0""]",0.999,16768.935425999996,20,0.5045,0.001,resolved,0xfdd74873e27e6b7032c8d9913a5cec2ba489250b1de67f1e34ba9de3e5ef9abb,https://data.chain.link/streams/btc-usd-twap-60s-streams,85631.70527261277,2026-09-23 12:00:53+00
doge-updown-15m-1790163900,DOGE,"Dogecoin Up or Down - September 23, 7:45AM-8:00AM ET",2026-09-23T12:00:00Z,2026-09-23T11:45:00Z,0.0990133733565114,Up,"[""1"", ""0""]",0.999,413.0690689999999,,0.4995,0.001,resolved,0x8a26c8096d183c7e5dfdbc93b404e514d78e96bcb7812a3a9a031b4f5891b715,https://data.chain.link/streams/doge-usd-twap-60s-streams,0.09932774578183051,2026-09-23 12:00:53+00
eth-updown-15m-1790163900,ETH,"Ethereum Up or Down - September 23, 7:45AM-8:00AM ET",2026-09-23T12:00:00Z,2026-09-23T11:45:00Z,2717.9403522574094,Up,"[""1"", ""0""]",0.999,2233.2144559999997,4.82,0.4945,0.001,resolved,0x09cc254aa87be4d41b9a6aa35cc1ed6cd5d9f8053bc4cbe7b34622c7a3fe1aa2,https://data.chain.link/streams/eth-usd-twap-60s-streams,2727.181791626513,2026-09-23 12:00:53+00
hype-updown-15m-1790163900,HYPE,"Hyperliquid Up or Down - September 23, 7:45AM-8:00AM ET",2026-09-23T12:00:00Z,2026-09-23T11:45:00Z,95.04160267185466,Up,"[""1"", ""0""]",0.999,41.32,,0.4945,0.001,resolved,0xd1b24de6cbce32c8d828d6c13f96b181285f0cc5acf50c7e1046b420186bf17c,https://data.chain.link/streams/hype-usd-twap-60s-streams,95.24888233965869,2026-09-23 12:00:53+00
sol-updown-15m-1790163900,SOL,"Solana Up or Down - September 23, 7:45AM-8:00AM ET",2026-09-23T12:00:00Z,2026-09-23T11:45:00Z,116.58700338434937,Up,"[""1"", ""0""]",0.999,502.51775299999997,,0.4945,0.001,resolved,0xcaa95a332124b08aaf6bd831cc23e494f1c4f306a0739b40dd0ffc69f6f0714c,https://data.chain.link/streams/sol-usd-twap-60s-streams,117.08328221429953,2026-09-23 12:00:55+00
xrp-updown-15m-1790163900,XRP,"XRP Up or Down - September 23, 7:45AM-8:00AM ET",2026-09-23T12:00:00Z,2026-09-23T11:45:00Z,1.5706091574834338,Up,"[""1"", ""0""]",0.99,1078.658879,,0.49,0.01,resolved,0x12ef3b9a13828cdcd1d4b88e4477f4074a8b93971010990ec0f90df491dd3c2c,https://data.chain.link/streams/xrp-usd-twap-60s-streams,1.5728508352638348,2026-09-23 12:00:53+00
zec-updown-15m-1790163900,ZEC,"ZCash Up or Down - September 23, 7:45AM-8:00AM ET",2026-09-23T12:00:00Z,2026-09-23T11:45:00Z,1615.9751597731965,Up,"[""1"", ""0""]",0.89,,,0.495,0.01,resolved,0xf820a8df7c8ecbaa491a12c1fea507d2e01cc5c2460d1284847672777812c4f2,https://data.chain.link/streams/zec-usd-twap-60s-streams,1616.5375638293476,2026-09-23 12:00:53+00
bnb-updown-15m-1790164800,BNB,"BNB Up or Down - September 23, 8:00AM-8:15AM ET",2026-09-23T12:15:00Z,2026-09-23T12:00:00Z,782.6620188788515,Down,"[""0"", ""1""]",0.02,530.1686669999999,1.960785,-0.5045,0.001,resolved,0xba61d3730f37f684d808110bd684e88d933c09462de9a8c8275b7cbff4fd846d,https://data.chain.link/streams/bnb-usd-twap-60s-streams,779.6439477090199,2026-09-23 12:16:02+00
btc-updown-15m-1790164800,BTC,"Bitcoin Up or Down - September 23, 8:00AM-8:15AM ET",2026-09-23T12:15:00Z,2026-09-23T12:00:00Z,85631.70527261277,Down,"[""0"", ""1""]",0.008,32253.998162999997,4305.811766,-0.5045,0.001,resolved,0xc1190835dd5108f1e75993f7ed36241021e98149d754783e7ea9fbbc9d5d5786,https://data.chain.link/streams/btc-usd-twap-60s-streams,85446.4688489121,2026-09-23 12:15:53+00
doge-updown-15m-1790164800,DOGE,"Dogecoin Up or Down - September 23, 8:00AM-8:15AM ET",2026-09-23T12:15:00Z,2026-09-23T12:00:00Z,0.09932774578183051,Down,"[""0"", ""1""]",0.1,671.330471,1.960785,-0.495,0.01,resolved,0x25da71cafcbcadbfe78485df900f2538a8802fe042c47358bc693773529aa019,https://data.chain.link/streams/doge-usd-twap-60s-streams,0.0992586048134887,2026-09-23 12:15:53+00
eth-updown-15m-1790164800,ETH,"Ethereum Up or Down - September 23, 8:00AM-8:15AM ET",2026-09-23T12:15:00Z,2026-09-23T12:00:00Z,2727.181791626513,Down,"[""0"", ""1""]",0.05,3470.4704240000005,172.964707,-0.5045,0.001,resolved,0xf263c19ac01607823655d4b512534e771feb9aa20d767dcfeae6fecb21b1cade,https://data.chain.link/streams/eth-usd-twap-60s-streams,2720.997162962705,2026-09-23 12:15:53+00
hype-updown-15m-1790164800,HYPE,"Hyperliquid Up or Down - September 23, 8:00AM-8:15AM ET",2026-09-23T12:15:00Z,2026-09-23T12:00:00Z,95.24888233965869,Down,"[""0"", ""1""]",0.34,365.299482,,-0.5,0.01,resolved,0x106da3af1ba172069a3c2a06ea5123f11cb8a90d88781df0e1bcf28d71e5740a,https://data.chain.link/streams/hype-usd-twap-60s-streams,95.23247474557434,2026-09-23 12:15:53+00
sol-updown-15m-1790164800,SOL,"Solana Up or Down - September 23, 8:00AM-8:15AM ET",2026-09-23T12:15:00Z,2026-09-23T12:00:00Z,117.08328221429953,Down,"[""0"", ""1""]",0.04,1049.150719,11.764707,-0.5045,0.001,resolved,0x5f63b7e8873c2db289548a0c8fda202d756f34e84afa01471a3297f932539846,https://data.chain.link/streams/sol-usd-twap-60s-streams,116.8303160230903,2026-09-23 12:15:53+00
xrp-updown-15m-1790164800,XRP,"XRP Up or Down - September 23, 8:00AM-8:15AM ET",2026-09-23T12:15:00Z,2026-09-23T12:00:00Z,1.5728508352638348,Down,"[""0"", ""1""]",0.01,1080.2164650000002,11.764707,-0.5045,0.001,resolved,0xd8cda27fd515f1eb8d3e06366d1ca37f583d750be2595e22a5d6711a5f46f7a1,https://data.chain.link/streams/xrp-usd-twap-60s-streams,1.563253998042003,2026-09-23 12:16:02+00
zec-updown-15m-1790164800,ZEC,"ZCash Up or Down - September 23, 8:00AM-8:15AM ET",2026-09-23T12:15:00Z,2026-09-23T12:00:00Z,1616.5375638293476,Up,"[""1"", ""0""]",,,,0.4995,0.001,resolved,0x25d185afed6d7bf8cebb753f43adaf780032d7fe25a4a9e6c8545ca11f17cac2,https://data.chain.link/streams/zec-usd-twap-60s-streams,1628.5620865553667,2026-09-23 12:15:53+00
bnb-updown-15m-1790165700,BNB,"BNB Up or Down - September 23, 8:15AM-8:30AM ET",2026-09-23T12:30:00Z,2026-09-23T12:15:00Z,779.6439477090199,Down,"[""0"", ""1""]",0.25,331.00004099999995,,-0.5045,0.001,resolved,0xa28436949c210024b8e2593764121dfcbabfb821d10c9026b287ae24c7a2fe25,https://data.chain.link/streams/bnb-usd-twap-60s-streams,778.540802798887,2026-09-23 12:31:26+00
btc-updown-15m-1790165700,BTC,"Bitcoin Up or Down - September 23, 8:15AM-8:30AM ET",2026-09-23T12:30:00Z,2026-09-23T12:15:00Z,85446.4688489121,Up,"[""1"", ""0""]",0.99,38448.277264,37.680785,0.49,0.01,resolved,0xfe4dc85c2b20a3d688285800116cde94628996f44aa217466ec1fbd81e34224d,https://data.chain.link/streams/btc-usd-twap-60s-streams,85452.28111308976,2026-09-23 12:31:26+00
doge-updown-15m-1790165700,DOGE,"Dogecoin Up or Down - September 23, 8:15AM-8:30AM ET",2026-09-23T12:30:00Z,2026-09-23T12:15:00Z,0.0992586048134887,Up,"[""1"", ""0""]",0.999,325.308096,,0.4995,0.001,resolved,0xf7432cda3b45421feb345a7bd93926256c5f9a71ec197db30aa8ae0decb00ba9,https://data.chain.link/streams/doge-usd-twap-60s-streams,0.09941948902434597,2026-09-23 12:31:34+00
eth-updown-15m-1790165700,ETH,"Ethereum Up or Down - September 23, 8:15AM-8:30AM ET",2026-09-23T12:30:00Z,2026-09-23T12:15:00Z,2720.997162962705,Up,"[""1"", ""0""]",0.99,5645.345834,,0.49,0.01,resolved,0x77a91f2dcc346d93ef3ab576cf2037c931be444709a7b74a052499875ce0f9df,https://data.chain.link/streams/eth-usd-twap-60s-streams,2721.5571056988056,2026-09-23 12:31:26+00
hype-updown-15m-1790165700,HYPE,"Hyperliquid Up or Down - September 23, 8:15AM-8:30AM ET",2026-09-23T12:30:00Z,2026-09-23T12:15:00Z,95.23247474557434,Down,"[""0"", ""1""]",0.08,289.113519,,-0.5045,0.001,resolved,0xb64f52f12520fd9bf9836468baa2fa9efc15db4b35fc6d58b64bbc04b58a61f0,https://data.chain.link/streams/hype-usd-twap-60s-streams,95.1116531405634,2026-09-23 12:31:26+00
sol-updown-15m-1790165700,SOL,"Solana Up or Down - September 23, 8:15AM-8:30AM ET",2026-09-23T12:30:00Z,2026-09-23T12:15:00Z,116.8303160230903,Up,"[""1"", ""0""]",0.999,833.232527,,0.49,0.01,resolved,0x406528920ecf273e71791ea98b02d49e07827ce0459c2b0ecdd31994fd503604,https://data.chain.link/streams/sol-usd-twap-60s-streams,116.93296412643495,2026-09-23 12:31:35+00
xrp-updown-15m-1790165700,XRP,"XRP Up or Down - September 23, 8:15AM-8:30AM ET",2026-09-23T12:30:00Z,2026-09-23T12:15:00Z,1.563253998042003,Up,"[""1"", ""0""]",0.999,1060.6221579999997,,0.4945,0.001,resolved,0x1418ba9dcbb1c5d846168605ebf328041e7d5ee4f309025d532c20c0a8324ab6,https://data.chain.link/streams/xrp-usd-twap-60s-streams,1.5664216097446302,2026-09-23 12:31:26+00
zec-updown-15m-1790165700,ZEC,"ZCash Up or Down - September 23, 8:15AM-8:30AM ET",2026-09-23T12:30:00Z,2026-09-23T12:15:00Z,1628.5620865553667,Up,"[""1"", ""0""]",,,,0.4995,0.001,resolved,0xa40b3add19d648dfd62ecb37730e5760f7d9707cf01b65f56916566c6d843b24,https://data.chain.link/streams/zec-usd-twap-60s-streams,1631.8201160142144,2026-09-23 12:31:26+00
bnb-updown-15m-1790166600,BNB,"BNB Up or Down - September 23, 8:30AM-8:45AM ET",2026-09-23T12:45:00Z,2026-09-23T12:30:00Z,778.540802798887,Up,"[""1"", ""0""]",0.999,350.99106099999995,,0.4945,0.001,resolved,0xe0545287e73c099135d63ac862d207617dda4c770606fe2f1dd8321f7f8123f8,https://data.chain.link/streams/bnb-usd-twap-60s-streams,779.63057013224,2026-09-23 12:46:28+00
btc-updown-15m-1790166600,BTC,"Bitcoin Up or Down - September 23, 8:30AM-8:45AM ET",2026-09-23T12:45:00Z,2026-09-23T12:30:00Z,85452.28111308976,Down,"[""0"", ""1""]",0.01,29224.59434399999,20,-0.5,0.01,resolved,0x98cee1c638dc283ba2a12a643e67ce5af1c665d7b2698567be1f506330abc64f,https://data.chain.link/streams/btc-usd-twap-60s-streams,85443.35886766855,2026-09-23 12:46:28+00
doge-updown-15m-1790166600,DOGE,"Dogecoin Up or Down - September 23, 8:30AM-8:45AM ET",2026-09-23T12:45:00Z,2026-09-23T12:30:00Z,0.09941948902434597,Up,"[""1"", ""0""]",0.81,474.361328,,0.4995,0.001,resolved,0xfa07d175d413534a21e7ef11cd3560c94f4fc4058e77ff251ca1cfecdf284e65,https://data.chain.link/streams/doge-usd-twap-60s-streams,0.09947970532005956,2026-09-23 12:46:26+00
eth-updown-15m-1790166600,ETH,"Ethereum Up or Down - September 23, 8:30AM-8:45AM ET",2026-09-23T12:45:00Z,2026-09-23T12:30:00Z,2721.5571056988056,Up,"[""1"", ""0""]",0.99,3645.0795310000003,,0.49,0.01,resolved,0xdaabbef41eb9d544fb73679a7a01c88dc043aabe45051c255d9eaa623bb08858,https://data.chain.link/streams/eth-usd-twap-60s-streams,2721.8994867124925,2026-09-23 12:46:28+00
hype-updown-15m-1790166600,HYPE,"Hyperliquid Up or Down - September 23, 8:30AM-8:45AM ET",2026-09-23T12:45:00Z,2026-09-23T12:30:00Z,95.1116531405634,Down,"[""0"", ""1""]",0.11,101.74564000000001,,-0.5045,0.001,resolved,0x6747cd41b4d4d1e37817eaa6ecbe86fc784bab02d32c5732be7216726affb0d2,https://data.chain.link/streams/hype-usd-twap-60s-streams,94.9313430627025,2026-09-23 12:46:26+00
sol-updown-15m-1790166600,SOL,"Solana Up or Down - September 23, 8:30AM-8:45AM ET",2026-09-23T12:45:00Z,2026-09-23T12:30:00Z,116.93296412643495,Down,"[""0"", ""1""]",0.17,837.2194750000001,,-0.5,0.01,resolved,0xad22c96bf62daac3b03a037820e87f133ffc81b251aea0e6b9862b765ea6baea,https://data.chain.link/streams/sol-usd-twap-60s-streams,116.86788957095324,2026-09-23 12:46:26+00
xrp-updown-15m-1790166600,XRP,"XRP Up or Down - September 23, 8:30AM-8:45AM ET",2026-09-23T12:45:00Z,2026-09-23T12:30:00Z,1.5664216097446302,Up,"[""1"", ""0""]",0.99,1142.010079,,0.49,0.01,resolved,0x5853a62174dbc1e19d8b9309ae4bffb1dd28cf8339491bdf90abe5d3dfcb5079,https://data.chain.link/streams/xrp-usd-twap-60s-streams,1.5668502521740948,2026-09-23 12:46:26+00
zec-updown-15m-1790166600,ZEC,"ZCash Up or Down - September 23, 8:30AM-8:45AM ET",2026-09-23T12:45:00Z,2026-09-23T12:30:00Z,1631.8201160142144,Up,"[""1"", ""0""]",0.59,10,,0.495,0.01,resolved,0x159946e98602fec1b24a48d5146ec776a524650d27533a05c4ac65381dfcebce,https://data.chain.link/streams/zec-usd-twap-60s-streams,1635.5217699513928,2026-09-23 12:46:26+00
bnb-updown-15m-1790167500,BNB,"BNB Up or Down - September 23, 8:45AM-9:00AM ET",2026-09-23T13:00:00Z,2026-09-23T12:45:00Z,779.63057013224,Down,"[""0"", ""1""]",0.13,266.040082,4.82,-0.5,0.01,resolved,0xf46adcdd309c480efb1aa351659b9a104bf4617a8d4bae6d1afb53aae5f1f838,https://data.chain.link/streams/bnb-usd-twap-60s-streams,779.3007800347353,2026-09-23 13:01:26+00
btc-updown-15m-1790167500,BTC,"Bitcoin Up or Down - September 23, 8:45AM-9:00AM ET",2026-09-23T13:00:00Z,2026-09-23T12:45:00Z,85443.35886766855,Up,"[""1"", ""0""]",0.99,21839.418730999994,29.803922,0.5,0.01,resolved,0xed8c83258c972d2ace6ef47af4a145d83227e84b7f63f787d48148dcaf06f171,https://data.chain.link/streams/btc-usd-twap-60s-streams,85466.04579787687,2026-09-23 13:01:26+00
doge-updown-15m-1790167500,DOGE,"Dogecoin Up or Down - September 23, 8:45AM-9:00AM ET",2026-09-23T13:00:00Z,2026-09-23T12:45:00Z,0.09947970532005956,Down,"[""0"", ""1""]",0.22,371.901753,,-0.495,0.01,resolved,0xd1ee442f7f47604d3d4b98f6711afb6f787fe128046a2a04d2bfb04be39f7d93,https://data.chain.link/streams/doge-usd-twap-60s-streams,0.09942356577052125,2026-09-23 13:01:26+00
eth-updown-15m-1790167500,ETH,"Ethereum Up or Down - September 23, 8:45AM-9:00AM ET",2026-09-23T13:00:00Z,2026-09-23T12:45:00Z,2721.8994867124925,Down,"[""0"", ""1""]",0.06,1701.0598669999997,,-0.5045,0.001,resolved,0x79eb2b53eee38db3dac15b565d65038ff94912d2a2413ddf9af52109cd011e43,https://data.chain.link/streams/eth-usd-twap-60s-streams,2720.330596382372,2026-09-23 13:01:26+00
hype-updown-15m-1790167500,HYPE,"Hyperliquid Up or Down - September 23, 8:45AM-9:00AM ET",2026-09-23T13:00:00Z,2026-09-23T12:45:00Z,94.9313430627025,Up,"[""1"", ""0""]",0.99,416.993977,,0.49,0.01,resolved,0x3f5fa93d589e45369454d4ce996642727ee9a0b23e38e5a52ecb366299972bbc,https://data.chain.link/streams/hype-usd-twap-60s-streams,94.965132295894,2026-09-23 13:01:26+00
sol-updown-15m-1790167500,SOL,"Solana Up or Down - September 23, 8:45AM-9:00AM ET",2026-09-23T13:00:00Z,2026-09-23T12:45:00Z,116.86788957095324,Down,"[""0"", ""1""]",0.19,771.6729849999999,4.82,-0.5,0.01,resolved,0x22787921c7adcca8b3aaeef43ae536725adff9b9ad7b33f47bdb1b6601281f01,https://data.chain.link/streams/sol-usd-twap-60s-streams,116.84971366234639,2026-09-23 13:01:26+00
xrp-updown-15m-1790167500,XRP,"XRP Up or Down - September 23, 8:45AM-9:00AM ET",2026-09-23T13:00:00Z,2026-09-23T12:45:00Z,1.5668502521740948,Down,"[""0"", ""1""]",0.05,871.479756,,-0.5,0.01,resolved,0xffcb92b2a263e29ef913e35dbf2e1b1a71af17d5842fda5655ffd896eccedd0d,https://data.chain.link/streams/xrp-usd-twap-60s-streams,1.565646230104947,2026-09-23 13:01:26+00
zec-updown-15m-1790167500,ZEC,"ZCash Up or Down - September 23, 8:45AM-9:00AM ET",2026-09-23T13:00:00Z,2026-09-23T12:45:00Z,1635.5217699513928,Down,"[""0"", ""1""]",,,,-0.4995,0.001,resolved,0xdb8504f58f93daf1b02578b8ebd017d547fa22c18ffc5d0cbf024652ab43b5a9,https://data.chain.link/streams/zec-usd-twap-60s-streams,1625.279148397992,2026-09-23 13:01:26+00
bnb-updown-15m-1790168400,BNB,"BNB Up or Down - September 23, 9:00AM-9:15AM ET",2026-09-23T13:15:00Z,2026-09-23T13:00:00Z,779.3007800347353,Down,"[""0"", ""1""]",0.12,201.889316,,-0.5045,0.001,resolved,0x98e50ca1886c67f023d3534809b716c136b501d1c3d0e8341939b1ca7b7b7be4,https://data.chain.link/streams/bnb-usd-twap-60s-streams,776.9270337381929,2026-09-23 13:15:53+00
btc-updown-15m-1790168400,BTC,"Bitcoin Up or Down - September 23, 9:00AM-9:15AM ET",2026-09-23T13:15:00Z,2026-09-23T13:00:00Z,85466.04579787687,Down,"[""0"", ""1""]",0.001,25129.74124899999,4580.432353,-0.5045,0.001,resolved,0x1d6289bfdbbfe294bba8fb86a3235bf8da81d143b8b5cbd5ea3c85ab8194c623,https://data.chain.link/streams/btc-usd-twap-60s-streams,85335.595585992,2026-09-23 13:15:53+00
doge-updown-15m-1790168400,DOGE,"Dogecoin Up or Down - September 23, 9:00AM-9:15AM ET",2026-09-23T13:15:00Z,2026-09-23T13:00:00Z,0.09942356577052125,Down,"[""0"", ""1""]",0.06,163.991,,-0.4995,0.001,resolved,0x29c7709898fc6feea8ff503fe81e4e7d3c87f1a46bf43b83590ff37c413043d2,https://data.chain.link/streams/doge-usd-twap-60s-streams,0.09866038861639394,2026-09-23 13:15:53+00
eth-updown-15m-1790168400,ETH,"Ethereum Up or Down - September 23, 9:00AM-9:15AM ET",2026-09-23T13:15:00Z,2026-09-23T13:00:00Z,2720.330596382372,Down,"[""0"", ""1""]",0.03,1910.334334,4.82,-0.5045,0.001,resolved,0x582a04e47b19aceb6649e984a5b7d112baede6c4f72ecec204a32e5a7aaa341c,https://data.chain.link/streams/eth-usd-twap-60s-streams,2708.2711011481874,2026-09-23 13:15:53+00
hype-updown-15m-1790168400,HYPE,"Hyperliquid Up or Down - September 23, 9:00AM-9:15AM ET",2026-09-23T13:15:00Z,2026-09-23T13:00:00Z,94.965132295894,Down,"[""0"", ""1""]",0.11,54.091,,-0.5045,0.001,resolved,0xca0755c1416f3cc9a6dd16da66a9c4be92a4fb23b1e11ad2551b363e7916da3f,https://data.chain.link/streams/hype-usd-twap-60s-streams,94.44575394324855,2026-09-23 13:15:53+00
sol-updown-15m-1790168400,SOL,"Solana Up or Down - September 23, 9:00AM-9:15AM ET",2026-09-23T13:15:00Z,2026-09-23T13:00:00Z,116.84971366234639,Down,"[""0"", ""1""]",0.01,531.974162,,-0.5045,0.001,resolved,0xfb23c7efa75651f41793c8ae5ec6bbf3ffa2e9377f43fccf15f82ae414c748f9,https://data.chain.link/streams/sol-usd-twap-60s-streams,116.055678225496,2026-09-23 13:15:53+00
xrp-updown-15m-1790168400,XRP,"XRP Up or Down - September 23, 9:00AM-9:15AM ET",2026-09-23T13:15:00Z,2026-09-23T13:00:00Z,1.565646230104947,Down,"[""0"", ""1""]",0.01,615.9718099999999,,-0.5045,0.001,resolved,0x36e7ec49ff696d3ffc5bbdd130caeb590db38980c449b57678cfa5d44a268320,https://data.chain.link/streams/xrp-usd-twap-60s-streams,1.559385948634325,2026-09-23 13:15:53+00
zec-updown-15m-1790168400,ZEC,"ZCash Up or Down - September 23, 9:00AM-9:15AM ET",2026-09-23T13:15:00Z,2026-09-23T13:00:00Z,1625.279148397992,Down,"[""0"", ""1""]",,,,-0.495,0.01,resolved,0xfc93556b4e21e2d271b80efdf53a4833aca8ca4a78c2e3201dc28c5b9f8bb858,https://data.chain.link/streams/zec-usd-twap-60s-streams,1622.2334836331227,2026-09-23 13:15:53+00
bnb-updown-15m-1790169300,BNB,"BNB Up or Down - September 23, 9:15AM-9:30AM ET",2026-09-23T13:30:00Z,2026-09-23T13:15:00Z,776.9270337381929,Up,"[""1"", ""0""]",0.999,168.63111099999998,,0.4945,0.001,resolved,0x4532f1a7fd0550a8a0f5bc5c42f5bf7281bca35671d844b265e45d018299a6bd,https://data.chain.link/streams/bnb-usd-twap-60s-streams,780.0910006481431,2026-09-23 13:30:53+00
btc-updown-15m-1790169300,BTC,"Bitcoin Up or Down - September 23, 9:15AM-9:30AM ET",2026-09-23T13:30:00Z,2026-09-23T13:15:00Z,85335.595585992,Up,"[""1"", ""0""]",0.999,22722.918038000007,13.960785,0.4945,0.001,resolved,0x79a1c8641da146ccae7fe550ea8b5b1e76209debe4a6c1f7279671813114ff90,https://data.chain.link/streams/btc-usd-twap-60s-streams,85523.03114042518,2026-09-23 13:30:53+00
doge-updown-15m-1790169300,DOGE,"Dogecoin Up or Down - September 23, 9:15AM-9:30AM ET",2026-09-23T13:30:00Z,2026-09-23T13:15:00Z,0.09866038861639394,Up,"[""1"", ""0""]",0.999,472.1674669999999,,0.4995,0.001,resolved,0xc93f6b5c29feffb689fc972a2e17fd1766245ff1fa540e6ff96948f83e6b2da2,https://data.chain.link/streams/doge-usd-twap-60s-streams,0.09929969465381618,2026-09-23 13:30:53+00
eth-updown-15m-1790169300,ETH,"Ethereum Up or Down - September 23, 9:15AM-9:30AM ET",2026-09-23T13:30:00Z,2026-09-23T13:15:00Z,2708.2711011481874,Up,"[""1"", ""0""]",0.999,2545.0450299999993,,0.4945,0.001,resolved,0x6e60b44f070732881686b492f9670c1e9e5cd3fc3d03020c5afd12f33653771d,https://data.chain.link/streams/eth-usd-twap-60s-streams,2715.0227896686874,2026-09-23 13:30:53+00
hype-updown-15m-1790169300,HYPE,"Hyperliquid Up or Down - September 23, 9:15AM-9:30AM ET",2026-09-23T13:30:00Z,2026-09-23T13:15:00Z,94.44575394324855,Up,"[""1"", ""0""]",0.999,67.767881,,0.4945,0.001,resolved,0x39ba0ff30361e03a0eb633bbfba11601992f6e3c6523298fb9b19fd85a3f8939,https://data.chain.link/streams/hype-usd-twap-60s-streams,95.24518903505484,2026-09-23 13:30:53+00
sol-updown-15m-1790169300,SOL,"Solana Up or Down - September 23, 9:15AM-9:30AM ET",2026-09-23T13:30:00Z,2026-09-23T13:15:00Z,116.055678225496,Up,"[""1"", ""0""]",0.999,892.821206,4.82,0.4945,0.001,resolved,0x2b45e748e95e7c35498eb60ba90e5a742d780bb0a57af14e523d86fde2f21876,https://data.chain.link/streams/sol-usd-twap-60s-streams,116.66913322643165,2026-09-23 13:30:53+00
xrp-updown-15m-1790169300,XRP,"XRP Up or Down - September 23, 9:15AM-9:30AM ET",2026-09-23T13:30:00Z,2026-09-23T13:15:00Z,1.559385948634325,Up,"[""1"", ""0""]",0.999,610.8366050000002,,0.4945,0.001,resolved,0xd414e4c56b608d1ba373eb12de27a885b80678b03e024ad6867739a0b07461fb,https://data.chain.link/streams/xrp-usd-twap-60s-streams,1.571158756483223,2026-09-23 13:31:02+00
zec-updown-15m-1790169300,ZEC,"ZCash Up or Down - September 23, 9:15AM-9:30AM ET",2026-09-23T13:30:00Z,2026-09-23T13:15:00Z,1622.2334836331227,Up,"[""1"", ""0""]",,,,0.495,0.01,resolved,0x81d500998168964cd3b9ec76551206250c10058e049ba9d93d99942994d3afe2,https://data.chain.link/streams/zec-usd-twap-60s-streams,1634.9328132880673,2026-09-23 13:31:02+00
bnb-updown-15m-1790170200,BNB,"BNB Up or Down - September 23, 9:30AM-9:45AM ET",2026-09-23T13:45:00Z,2026-09-23T13:30:00Z,780.0910006481431,Up,"[""1"", ""0""]",0.999,619.716021,,0.4945,0.001,resolved,0xbb2affd4ab19efdf4c217a23345ea4b31c339d813e529eb9f25eb885d173c497,https://data.chain.link/streams/bnb-usd-twap-60s-streams,782.0988552104712,2026-09-23 13:46:01+00
btc-updown-15m-1790170200,BTC,"Bitcoin Up or Down - September 23, 9:30AM-9:45AM ET",2026-09-23T13:45:00Z,2026-09-23T13:30:00Z,85523.03114042518,Up,"[""1"", ""0""]",0.999,38376.514103,7.92157,0.4945,0.001,resolved,0x2534ce937dae3b76a6be07197d4ed5bf9c1b34906c8075c0ea72decb9af314cf,https://data.chain.link/streams/btc-usd-twap-60s-streams,85817.01508249808,2026-09-23 13:45:53+00
doge-updown-15m-1790170200,DOGE,"Dogecoin Up or Down - September 23, 9:30AM-9:45AM ET",2026-09-23T13:45:00Z,2026-09-23T13:30:00Z,0.09929969465381618,Up,"[""1"", ""0""]",0.999,676.358241,,0.4995,0.001,resolved,0x9e7d70658479309b18c30620f6f071cb15def8cea1e9ced09498e475eddfb605,https://data.chain.link/streams/doge-usd-twap-60s-streams,0.09974129645741249,2026-09-23 13:45:53+00
eth-updown-15m-1790170200,ETH,"Ethereum Up or Down - September 23, 9:30AM-9:45AM ET",2026-09-23T13:45:00Z,2026-09-23T13:30:00Z,2715.0227896686874,Up,"[""1"", ""0""]",0.999,5301.783955,,0.4945,0.001,resolved,0xeb2c4b67607b4394228e17e01d63ce8cdf40f5463ce7b3d37acbf8f933dfcb66,https://data.chain.link/streams/eth-usd-twap-60s-streams,2719.979047639343,2026-09-23 13:45:53+00
hype-updown-15m-1790170200,HYPE,"Hyperliquid Up or Down - September 23, 9:30AM-9:45AM ET",2026-09-23T13:45:00Z,2026-09-23T13:30:00Z,95.24518903505484,Up,"[""1"", ""0""]",0.999,257.291,,0.4945,0.001,resolved,0x6db3bd3771e9e6c87bf45f079e328bcdf8f7da024196096c85cc77e23bc75de2,https://data.chain.link/streams/hype-usd-twap-60s-streams,95.65091213795034,2026-09-23 13:45:53+00
sol-updown-15m-1790170200,SOL,"Solana Up or Down - September 23, 9:30AM-9:45AM ET",2026-09-23T13:45:00Z,2026-09-23T13:30:00Z,116.66913322643165,Up,"[""1"", ""0""]",0.999,1449.696728,,0.4945,0.001,resolved,0x29916530de8163983d50d3b2f34c0feac436110bafbc72a698eebefe1afb4e00,https://data.chain.link/streams/sol-usd-twap-60s-streams,117.03178770940183,2026-09-23 13:45:53+00
xrp-updown-15m-1790170200,XRP,"XRP Up or Down - September 23, 9:30AM-9:45AM ET",2026-09-23T13:45:00Z,2026-09-23T13:30:00Z,1.571158756483223,Up,"[""1"", ""0""]",0.999,854.0806790000001,,0.4945,0.001,resolved,0xb8dd166ba4dfc9c3a3ec9287811f2680a33bf223ca8238160f56fa7bed5c8647,https://data.chain.link/streams/xrp-usd-twap-60s-streams,1.5796677104907548,2026-09-23 13:45:53+00
zec-updown-15m-1790170200,ZEC,"ZCash Up or Down - September 23, 9:30AM-9:45AM ET",2026-09-23T13:45:00Z,2026-09-23T13:30:00Z,1634.9328132880673,Up,"[""1"", ""0""]",,,,0.4995,0.001,resolved,0xa9705050dffec5acfcaf2675bff41cbfb0d2c966cb1e2118de403f890e877a64,https://data.chain.link/streams/zec-usd-twap-60s-streams,1640.90153369064,2026-09-23 13:45:53+00
bnb-updown-15m-1790171100,BNB,"BNB Up or Down - September 23, 9:45AM-10:00AM ET",2026-09-23T14:00:00Z,2026-09-23T13:45:00Z,782.0988552104712,Down,"[""0"", ""1""]",0.12,203.70564499999998,,-0.5045,0.001,resolved,0xed65e29ae3cc9a7fc0941781e54724a74e745f517937139e6294db400ccaae41,https://data.chain.link/streams/bnb-usd-twap-60s-streams,780.9373569179864,2026-09-23 14:01:26+00
btc-updown-15m-1790171100,BTC,"Bitcoin Up or Down - September 23, 9:45AM-10:00AM ET",2026-09-23T14:00:00Z,2026-09-23T13:45:00Z,85817.01508249808,Down,"[""0"", ""1""]",0.01,24229.410998000003,9.92157,-0.5,0.01,resolved,0x9d5b759e29a9ca0d61ea8fa5f0e1e0ec78c22487a47649707e94833c2566c477,https://data.chain.link/streams/btc-usd-twap-60s-streams,85760.01765870558,2026-09-23 14:01:26+00
doge-updown-15m-1790171100,DOGE,"Dogecoin Up or Down - September 23, 9:45AM-10:00AM ET",2026-09-23T14:00:00Z,2026-09-23T13:45:00Z,0.09974129645741249,Down,"[""0"", ""1""]",0.1,306.406739,,-0.4995,0.001,resolved,0xf5d5687ccf177035078403e775f74c500d734faa928f7054978e302ea515cbef,https://data.chain.link/streams/doge-usd-twap-60s-streams,0.09938454435761317,2026-09-23 14:01:26+00
eth-updown-15m-1790171100,ETH,"Ethereum Up or Down - September 23, 9:45AM-10:00AM ET",2026-09-23T14:00:00Z,2026-09-23T13:45:00Z,2719.979047639343,Down,"[""0"", ""1""]",0.044,1768.789069,,-0.5045,0.001,resolved,0x037532d9ef728c302ed38da63b6f2a38d3487ba6730da5177a712dba21349a49,https://data.chain.link/streams/eth-usd-twap-60s-streams,2714.6755861585543,2026-09-23 14:01:26+00
hype-updown-15m-1790171100,HYPE,"Hyperliquid Up or Down - September 23, 9:45AM-10:00AM ET",2026-09-23T14:00:00Z,2026-09-23T13:45:00Z,95.65091213795034,Down,"[""0"", ""1""]",0.27,201.641437,,-0.5,0.01,resolved,0x465a2de56707f90ffbcb47a53f61740c134dac90801593b075b0e2450c61be2b,https://data.chain.link/streams/hype-usd-twap-60s-streams,95.54080162625478,2026-09-23 14:01:26+00
sol-updown-15m-1790171100,SOL,"Solana Up or Down - September 23, 9:45AM-10:00AM ET",2026-09-23T14:00:00Z,2026-09-23T13:45:00Z,117.03178770940183,Down,"[""0"", ""1""]",0.01,652.454082,,-0.5045,0.001,resolved,0x49830e5a54288593bd216fb46c18e9abc05d8d1690f276d75eb69b65d40d19ce,https://data.chain.link/streams/sol-usd-twap-60s-streams,116.7328397318601,2026-09-23 14:01:26+00
xrp-updown-15m-1790171100,XRP,"XRP Up or Down - September 23, 9:45AM-10:00AM ET",2026-09-23T14:00:00Z,2026-09-23T13:45:00Z,1.5796677104907548,Down,"[""0"", ""1""]",0.03,480.56919300000004,,-0.5045,0.001,resolved,0x17dc89096891932e696227850f408a09e421b9cef7689ac4547e1301806e7188,https://data.chain.link/streams/xrp-usd-twap-60s-streams,1.5747710094566405,2026-09-23 14:01:26+00
zec-updown-15m-1790171100,ZEC,"ZCash Up or Down - September 23, 9:45AM-10:00AM ET",2026-09-23T14:00:00Z,2026-09-23T13:45:00Z,1640.90153369064,Down,"[""0"", ""1""]",,,,-0.4995,0.001,resolved,0x59c30ba442af27eb4fdb12273984c8a6b3e6829e734beca4bb024e2eede8c404,https://data.chain.link/streams/zec-usd-twap-60s-streams,1630.1434444914696,2026-09-23 14:01:26+00
bnb-updown-15m-1790172000,BNB,"BNB Up or Down - September 23, 10:00AM-10:15AM ET",2026-09-23T14:15:00Z,2026-09-23T14:00:00Z,780.9373569179864,Down,"[""0"", ""1""]",0.01,651.9733289999999,,-0.5045,0.001,resolved,0xc1c5f64ee8a71fab7212bf3c7fb783bf0cffabdf315d0a0f3512d0b0a1462b84,https://data.chain.link/streams/bnb-usd-twap-60s-streams,768.5841283408075,2026-09-23 14:15:55+00
btc-updown-15m-1790172000,BTC,"Bitcoin Up or Down - September 23, 10:00AM-10:15AM ET",2026-09-23T14:15:00Z,2026-09-23T14:00:00Z,85760.01765870558,Down,"[""0"", ""1""]",0.001,27605.833105,4120.404316,-0.5045,0.001,resolved,0x37df116ad202c07021f43cb9151041bfd79b72b19211f0d0b8f5a5ccd48d85e1,https://data.chain.link/streams/btc-usd-twap-60s-streams,84821.57404701838,2026-09-23 14:15:53+00
doge-updown-15m-1790172000,DOGE,"Dogecoin Up or Down - September 23, 10:00AM-10:15AM ET",2026-09-23T14:15:00Z,2026-09-23T14:00:00Z,0.09938454435761317,Down,"[""0"", ""1""]",0.15,414.987898,,-0.4995,0.001,resolved,0x0155dd655b87a30660c8b35930a19055d0ee3a01de811dac4909364ba54dcee4,https://data.chain.link/streams/doge-usd-twap-60s-streams,0.09587430819148558,2026-09-23 14:15:53+00
eth-updown-15m-1790172000,ETH,"Ethereum Up or Down - September 23, 10:00AM-10:15AM ET",2026-09-23T14:15:00Z,2026-09-23T14:00:00Z,2714.6755861585543,Down,"[""0"", ""1""]",0.05,2275.5470640000003,,-0.5045,0.001,resolved,0x268d857590af1fdbcf28f062b9f7b15b5d5836bcb93f514a08665d7af0e06cd0,https://data.chain.link/streams/eth-usd-twap-60s-streams,2676.0191862393126,2026-09-23 14:15:53+00
hype-updown-15m-1790172000,HYPE,"Hyperliquid Up or Down - September 23, 10:00AM-10:15AM ET",2026-09-23T14:15:00Z,2026-09-23T14:00:00Z,95.54080162625478,Down,"[""0"", ""1""]",0.001,364.68451899999997,,-0.5045,0.001,resolved,0xc216e7a64eb7e5472f3767d0b1636459b0682beda51186f2c0ef647ace0eb4d3,https://data.chain.link/streams/hype-usd-twap-60s-streams,93.80759704067667,2026-09-23 14:15:53+00
sol-updown-15m-1790172000,SOL,"Solana Up or Down - September 23, 10:00AM-10:15AM ET",2026-09-23T14:15:00Z,2026-09-23T14:00:00Z,116.7328397318601,Down,"[""0"", ""1""]",0.01,1233.696236,,-0.5045,0.001,resolved,0xa4be13621efcb23f11c1663d67c7574207dc96c02b82e41fcbd0231752371378,https://data.chain.link/streams/sol-usd-twap-60s-streams,114.52448641571586,2026-09-23 14:16:02+00
xrp-updown-15m-1790172000,XRP,"XRP Up or Down - September 23, 10:00AM-10:15AM ET",2026-09-23T14:15:00Z,2026-09-23T14:00:00Z,1.5747710094566405,Down,"[""0"", ""1""]",0.03,880.988107,,-0.5045,0.001,resolved,0xdd0d81ab5b49882646f3f4eeb163ceef13a37dbdc0599b7e02cdd8861a433301,https://data.chain.link/streams/xrp-usd-twap-60s-streams,1.5350395560474082,2026-09-23 14:16:02+00
zec-updown-15m-1790172000,ZEC,"ZCash Up or Down - September 23, 10:00AM-10:15AM ET",2026-09-23T14:15:00Z,2026-09-23T14:00:00Z,1630.1434444914696,Down,"[""0"", ""1""]",,,,-0.495,0.01,resolved,0x66b034eee37b6c7508d23e8795ff022cee387662417f200d86210ffee077d35b,https://data.chain.link/streams/zec-usd-twap-60s-streams,1586.6548769397455,2026-09-23 14:15:53+00
bnb-updown-15m-1790172900,BNB,"BNB Up or Down - September 23, 10:15AM-10:30AM ET",2026-09-23T14:30:00Z,2026-09-23T14:15:00Z,768.5841283408075,Down,"[""0"", ""1""]",0.13,550.588149,,-0.5045,0.001,resolved,0x434100b25b71b01b0abe60ab74e8c94abb99e7c778cf04bc1765fadfd65bed90,https://data.chain.link/streams/bnb-usd-twap-60s-streams,760.5814557812275,2026-09-23 14:30:53+00
btc-updown-15m-1790172900,BTC,"Bitcoin Up or Down - September 23, 10:15AM-10:30AM ET",2026-09-23T14:30:00Z,2026-09-23T14:15:00Z,84821.57404701838,Down,"[""0"", ""1""]",0.002,22718.368754999996,10.490197,-0.5045,0.001,resolved,0xe341a5a2524785a402b192f79df334628708264dc6d864dccfc41ccd3e5c32ab,https://data.chain.link/streams/btc-usd-twap-60s-streams,84043.36112598723,2026-09-23 14:30:53+00
doge-updown-15m-1790172900,DOGE,"Dogecoin Up or Down - September 23, 10:15AM-10:30AM ET",2026-09-23T14:30:00Z,2026-09-23T14:15:00Z,0.09587430819148558,Down,"[""0"", ""1""]",0.04,998.031742,,-0.4995,0.001,resolved,0xd7a5b4dbefc89c5d0f443038eca22da1479655b4563f2f380308057dd397e0fd,https://data.chain.link/streams/doge-usd-twap-60s-streams,0.09400822139755585,2026-09-23 14:30:53+00
eth-updown-15m-1790172900,ETH,"Ethereum Up or Down - September 23, 10:15AM-10:30AM ET",2026-09-23T14:30:00Z,2026-09-23T14:15:00Z,2676.0191862393126,Down,"[""0"", ""1""]",0.01,5752.946520000001,,-0.5045,0.001,resolved,0xd8bfe969e2c2219e236ee2d7d9f4d103b2e5aa1ae1d55dfeffd633e04257b7e1,https://data.chain.link/streams/eth-usd-twap-60s-streams,2651.3360122780923,2026-09-23 14:31:02+00
hype-updown-15m-1790172900,HYPE,"Hyperliquid Up or Down - September 23, 10:15AM-10:30AM ET",2026-09-23T14:30:00Z,2026-09-23T14:15:00Z,93.80759704067667,Down,"[""0"", ""1""]",0.18,1137.459013,,-0.5045,0.001,resolved,0x0bf91c5ceb7910399f2fe6ee9168eb0371ddfd1b32663f573793354e34e47fa6,https://data.chain.link/streams/hype-usd-twap-60s-streams,93.29738549940508,2026-09-23 14:31:02+00
sol-updown-15m-1790172900,SOL,"Solana Up or Down - September 23, 10:15AM-10:30AM ET",2026-09-23T14:30:00Z,2026-09-23T14:15:00Z,114.52448641571586,Down,"[""0"", ""1""]",0.13,1614.0767609999998,,-0.5045,0.001,resolved,0x9248929e529068ccf509b500c0b27a43493a840c2c021b1e4b1f842b86d95863,https://data.chain.link/streams/sol-usd-twap-60s-streams,113.41417554623891,2026-09-23 14:31:01+00
xrp-updown-15m-1790172900,XRP,"XRP Up or Down - September 23, 10:15AM-10:30AM ET",2026-09-23T14:30:00Z,2026-09-23T14:15:00Z,1.5350395560474082,Down,"[""0"", ""1""]",0.15,2071.6024919999995,,-0.5045,0.001,resolved,0x177aa97b8aa4489cb33b1469b50387593d049bd36bd82442c77bb96c5915599d,https://data.chain.link/streams/xrp-usd-twap-60s-streams,1.5171865864969587,2026-09-23 14:30:53+00
zec-updown-15m-1790172900,ZEC,"ZCash Up or Down - September 23, 10:15AM-10:30AM ET",2026-09-23T14:30:00Z,2026-09-23T14:15:00Z,1586.6548769397455,Down,"[""0"", ""1""]",0.21,72.04042,,-0.4995,0.001,resolved,0xd362216b2a0eddaca8226397c022139b6b931487ab9773e55ef61916d7c1629e,https://data.chain.link/streams/zec-usd-twap-60s-streams,1567.7234351039635,2026-09-23 14:31:01+00
bnb-updown-15m-1790173800,BNB,"BNB Up or Down - September 23, 10:30AM-10:45AM ET",2026-09-23T14:45:00Z,2026-09-23T14:30:00Z,760.5814557812275,Up,"[""1"", ""0""]",0.999,298.569915,,0.4945,0.001,resolved,0xaaf7cd9c4e5de60af51041ee66966b0e79c551bef66773e2739caa8cc97f9900,https://data.chain.link/streams/bnb-usd-twap-60s-streams,765.8521787881679,2026-09-23 14:45:55+00
btc-updown-15m-1790173800,BTC,"Bitcoin Up or Down - September 23, 10:30AM-10:45AM ET",2026-09-23T14:45:00Z,2026-09-23T14:30:00Z,84043.36112598723,Up,"[""1"", ""0""]",0.999,24454.496408999996,,0.4945,0.001,resolved,0x45e5b093633fb77af53f00a418042f3e6cca16d0700a8e728320093ad1d2690a,https://data.chain.link/streams/btc-usd-twap-60s-streams,84332.13965064792,2026-09-23 14:45:55+00
doge-updown-15m-1790173800,DOGE,"Dogecoin Up or Down - September 23, 10:30AM-10:45AM ET",2026-09-23T14:45:00Z,2026-09-23T14:30:00Z,0.09400822139755585,Up,"[""1"", ""0""]",0.999,614.529629,,0.4995,0.001,resolved,0x0fb4c32925b82726f1529d42bbd29ed7e9e9164c55a5f2831073a9aae4ebafd1,https://data.chain.link/streams/doge-usd-twap-60s-streams,0.09470214728472437,2026-09-23 14:45:55+00
eth-updown-15m-1790173800,ETH,"Ethereum Up or Down - September 23, 10:30AM-10:45AM ET",2026-09-23T14:45:00Z,2026-09-23T14:30:00Z,2651.3360122780923,Up,"[""1"", ""0""]",0.999,3619.3996469999984,,0.4945,0.001,resolved,0xb001204a87c86138843e1caa5167fe2740c623429f4c9b3ded1827816fe44cda,https://data.chain.link/streams/eth-usd-twap-60s-streams,2668.816300019859,2026-09-23 14:45:56+00
hype-updown-15m-1790173800,HYPE,"Hyperliquid Up or Down - September 23, 10:30AM-10:45AM ET",2026-09-23T14:45:00Z,2026-09-23T14:30:00Z,93.29738549940508,Up,"[""1"", ""0""]",0.999,286.635524,,0.4945,0.001,resolved,0x8c48bdbb05df71d99a92f232d8a3fdb752f562443b0e75340de9a1cc4b71a1e9,https://data.chain.link/streams/hype-usd-twap-60s-streams,94.19339428713101,2026-09-23 14:45:56+00
sol-updown-15m-1790173800,SOL,"Solana Up or Down - September 23, 10:30AM-10:45AM ET",2026-09-23T14:45:00Z,2026-09-23T14:30:00Z,113.41417554623891,Up,"[""1"", ""0""]",0.999,759.8437939999999,,0.4945,0.001,resolved,0xc09028f1910f92328055ae4f650d75286cc757a22ae76a75436a95a08d5b71f9,https://data.chain.link/streams/sol-usd-twap-60s-streams,114.55341045463094,2026-09-23 14:45:55+00
xrp-updown-15m-1790173800,XRP,"XRP Up or Down - September 23, 10:30AM-10:45AM ET",2026-09-23T14:45:00Z,2026-09-23T14:30:00Z,1.5171865864969587,Up,"[""1"", ""0""]",0.999,2271.064672,,0.4945,0.001,resolved,0x753b5c17ff33d97cee22cd8f10f27cb6024c902c1b84cf876430ff06a70ef80b,https://data.chain.link/streams/xrp-usd-twap-60s-streams,1.5271561196066528,2026-09-23 14:45:55+00
zec-updown-15m-1790173800,ZEC,"ZCash Up or Down - September 23, 10:30AM-10:45AM ET",2026-09-23T14:45:00Z,2026-09-23T14:30:00Z,1567.7234351039635,Up,"[""1"", ""0""]",0.999,,,0.4995,0.001,resolved,0x2afcd43bcd5652b9d403d6cec7f98f768adaef2d6279922d04f47659cb8e7551,https://data.chain.link/streams/zec-usd-twap-60s-streams,1595.4828895754426,2026-09-23 14:45:55+00
bnb-updown-15m-1790174700,BNB,"BNB Up or Down - September 23, 10:45AM-11:00AM ET",2026-09-23T15:00:00Z,2026-09-23T14:45:00Z,765.8521787881679,Up,"[""1"", ""0""]",0.99,537.878967,,0.4945,0.001,resolved,0x21c5e980cc866a431a2e39a5714f2cce76c9c06450934286f49c761170ed042b,https://data.chain.link/streams/bnb-usd-twap-60s-streams,766.9521951722126,2026-09-23 15:00:59+00
btc-updown-15m-1790174700,BTC,"Bitcoin Up or Down - September 23, 10:45AM-11:00AM ET",2026-09-23T15:00:00Z,2026-09-23T14:45:00Z,84332.13965064792,Up,"[""1"", ""0""]",0.999,27967.004363,,0.4945,0.001,resolved,0x77ec36db1b3bf2f9d70822668bb794fb16c02d16fd2cc0aad9d93ac998e9b4f8,https://data.chain.link/streams/btc-usd-twap-60s-streams,84502.35990852672,2026-09-23 15:00:53+00
doge-updown-15m-1790174700,DOGE,"Dogecoin Up or Down - September 23, 10:45AM-11:00AM ET",2026-09-23T15:00:00Z,2026-09-23T14:45:00Z,0.09470214728472437,Up,"[""1"", ""0""]",0.99,548.208966,,0.4995,0.001,resolved,0xcbbf4725132c81b1800b0edd5af9fa781ffe73c6f468216b89e5b0d2c4e9c53f,https://data.chain.link/streams/doge-usd-twap-60s-streams,0.09488310277280686,2026-09-23 15:00:53+00
eth-updown-15m-1790174700,ETH,"Ethereum Up or Down - September 23, 10:45AM-11:00AM ET",2026-09-23T15:00:00Z,2026-09-23T14:45:00Z,2668.816300019859,Up,"[""1"", ""0""]",0.999,5759.012589,,0.4945,0.001,resolved,0x6e5ba66c52935dc87bbe5fc2859f4ce3f67398c0744f43f1f67558f0181927b5,https://data.chain.link/streams/eth-usd-twap-60s-streams,2675.8510399559423,2026-09-23 15:00:53+00
hype-updown-15m-1790174700,HYPE,"Hyperliquid Up or Down - September 23, 10:45AM-11:00AM ET",2026-09-23T15:00:00Z,2026-09-23T14:45:00Z,94.19339428713101,Up,"[""1"", ""0""]",0.999,,,0.4945,0.001,resolved,0x8f101e8eb2c37496505e7e4a35c0d8a07e339ceec9c29e46a48a0abfcd39490a,https://data.chain.link/streams/hype-usd-twap-60s-streams,94.79561520159983,2026-09-23 15:00:53+00
sol-updown-15m-1790174700,SOL,"Solana Up or Down - September 23, 10:45AM-11:00AM ET",2026-09-23T15:00:00Z,2026-09-23T14:45:00Z,114.55341045463094,Up,"[""1"", ""0""]",0.999,1336.8451689999995,,0.4945,0.001,resolved,0xf1921ceaf9ab00516394fd36879ab0518516f3b2be7bb03e6eeae569ec26da2d,https://data.chain.link/streams/sol-usd-twap-60s-streams,115.1211809880322,2026-09-23 15:01:01+00
xrp-updown-15m-1790174700,XRP,"XRP Up or Down - September 23, 10:45AM-11:00AM ET",2026-09-23T15:00:00Z,2026-09-23T14:45:00Z,1.5271561196066528,Up,"[""1"", ""0""]",0.999,2316.831889,,0.4945,0.001,resolved,0x9c97c7e8216fe677a690f123be3e67c3901ce98aaa45ed61d5419ddae05ab88c,https://data.chain.link/streams/xrp-usd-twap-60s-streams,1.5282773902069302,2026-09-23 15:01:02+00
zec-updown-15m-1790174700,ZEC,"ZCash Up or Down - September 23, 10:45AM-11:00AM ET",2026-09-23T15:00:00Z,2026-09-23T14:45:00Z,1595.4828895754426,Up,"[""1"", ""0""]",,,,0.4995,0.001,resolved,0x824a3b6cd22ce3bbee46a747dfe39a4af2a2e26f3e6d94f3014ffd073a633d17,https://data.chain.link/streams/zec-usd-twap-60s-streams,1608.0115593678042,2026-09-23 15:00:53+00
bnb-updown-15m-1790175600,BNB,"BNB Up or Down - September 23, 11:00AM-11:15AM ET",2026-09-23T15:15:00Z,2026-09-23T15:00:00Z,766.9521951722126,Up,"[""1"", ""0""]",0.99,300.803645,,0.4945,0.001,resolved,0x43c2f2acf147238ccdb0812b0e3215675238c15c42ee8abb2a3dcf52d8d4b50e,https://data.chain.link/streams/bnb-usd-twap-60s-streams,767.810305945709,2026-09-23 15:15:52+00
btc-updown-15m-1790175600,BTC,"Bitcoin Up or Down - September 23, 11:00AM-11:15AM ET",2026-09-23T15:15:00Z,2026-09-23T15:00:00Z,84502.35990852672,Up,"[""1"", ""0""]",0.999,22346.05234,4127.835688,0.4945,0.001,resolved,0xfefa1a75eb033187b2309ef7a17849fca261ece008bfd260f47c43f539c6c426,https://data.chain.link/streams/btc-usd-twap-60s-streams,84639.99412867556,2026-09-23 15:16:01+00
doge-updown-15m-1790175600,DOGE,"Dogecoin Up or Down - September 23, 11:00AM-11:15AM ET",2026-09-23T15:15:00Z,2026-09-23T15:00:00Z,0.09488310277280686,Down,"[""0"", ""1""]",0.06,715.763649,,-0.495,0.01,resolved,0x2828ea627e064d35157973bc86ef20dc1042bc076461b2d18c72cd4e033d70f6,https://data.chain.link/streams/doge-usd-twap-60s-streams,0.09485998225755589,2026-09-23 15:15:53+00
eth-updown-15m-1790175600,ETH,"Ethereum Up or Down - September 23, 11:00AM-11:15AM ET",2026-09-23T15:15:00Z,2026-09-23T15:00:00Z,2675.8510399559423,Up,"[""1"", ""0""]",0.999,4116.211746999999,1.960785,0.4945,0.001,resolved,0xb1eef3fa5f1033195ca63e635a3597dff18345797ea861acb5313eadc84c91f7,https://data.chain.link/streams/eth-usd-twap-60s-streams,2679.3857751597056,2026-09-23 15:15:53+00
hype-updown-15m-1790175600,HYPE,"Hyperliquid Up or Down - September 23, 11:00AM-11:15AM ET",2026-09-23T15:15:00Z,2026-09-23T15:00:00Z,94.79561520159983,Up,"[""1"", ""0""]",0.999,190.307673,,0.4945,0.001,resolved,0xb943e810070dfbc78c4982a7c3f6b2213bf409fc04e9978d737e4b41da8a41c5,https://data.chain.link/streams/hype-usd-twap-60s-streams,95.01566211598686,2026-09-23 15:15:53+00
sol-updown-15m-1790175600,SOL,"Solana Up or Down - September 23, 11:00AM-11:15AM ET",2026-09-23T15:15:00Z,2026-09-23T15:00:00Z,115.1211809880322,Up,"[""1"", ""0""]",0.999,601.022745,,0.4945,0.001,resolved,0xb5a5bfd5909f9af1903885c4ffe7e35566f48de5d108bd20f310d5eb6c4740ca,https://data.chain.link/streams/sol-usd-twap-60s-streams,115.66410205585208,2026-09-23 15:15:52+00
xrp-updown-15m-1790175600,XRP,"XRP Up or Down - September 23, 11:00AM-11:15AM ET",2026-09-23T15:15:00Z,2026-09-23T15:00:00Z,1.5282773902069302,Up,"[""1"", ""0""]",0.99,821.564073,,0.49,0.01,resolved,0xeb77b979a922e534b61f7687cf4296b20718fe3d547bec2a2e44e65a7bec7ea5,https://data.chain.link/streams/xrp-usd-twap-60s-streams,1.5311556543597367,2026-09-23 15:15:53+00
zec-updown-15m-1790175600,ZEC,"ZCash Up or Down - September 23, 11:00AM-11:15AM ET",2026-09-23T15:15:00Z,2026-09-23T15:00:00Z,1608.0115593678042,Down,"[""0"", ""1""]",,60,,-0.495,0.01,resolved,0x27526d4e54f9d7631653164a92292caef512ab779ea0eb934dc83bf8e5b725ec,https://data.chain.link/streams/zec-usd-twap-60s-streams,1604.8488500507092,2026-09-23 15:15:53+00
bnb-updown-15m-1790176500,BNB,"BNB Up or Down - September 23, 11:15AM-11:30AM ET",2026-09-23T15:30:00Z,2026-09-23T15:15:00Z,767.810305945709,Down,"[""0"", ""1""]",0.35,195.831085,,-0.5045,0.001,resolved,0x188292c043e357b354f04dacad9f621850f1765dcf9a8512a9865f4febf4d2df,https://data.chain.link/streams/bnb-usd-twap-60s-streams,766.2944807256625,2026-09-23 15:30:55+00
btc-updown-15m-1790176500,BTC,"Bitcoin Up or Down - September 23, 11:15AM-11:30AM ET",2026-09-23T15:30:00Z,2026-09-23T15:15:00Z,84639.99412867556,Down,"[""0"", ""1""]",0.01,18476.100397000002,24.960786,-0.5,0.01,resolved,0x82c768fdba48ce53acc80c9995bf79be872b4ff1e4d3fd029ca368dc43534393,https://data.chain.link/streams/btc-usd-twap-60s-streams,84515.1606374856,2026-09-23 15:30:53+00
doge-updown-15m-1790176500,DOGE,"Dogecoin Up or Down - September 23, 11:15AM-11:30AM ET",2026-09-23T15:30:00Z,2026-09-23T15:15:00Z,0.09485998225755589,Down,"[""0"", ""1""]",0.03,581.62131,,-0.4995,0.001,resolved,0xb079a65f65c55cb412ed1aa34f638d24e245f05146f3eede735e3dc0833dc9e9,https://data.chain.link/streams/doge-usd-twap-60s-streams,0.0939546128661781,2026-09-23 15:30:55+00
eth-updown-15m-1790176500,ETH,"Ethereum Up or Down - September 23, 11:15AM-11:30AM ET",2026-09-23T15:30:00Z,2026-09-23T15:15:00Z,2679.3857751597056,Down,"[""0"", ""1""]",0.04,4287.397800999999,4.882353,-0.5,0.01,resolved,0x8a72549bf16dc2dc38c7edba24902af157999243446c6b28eb8b2da8fd81293a,https://data.chain.link/streams/eth-usd-twap-60s-streams,2675.2117908337436,2026-09-23 15:30:53+00
hype-updown-15m-1790176500,HYPE,"Hyperliquid Up or Down - September 23, 11:15AM-11:30AM ET",2026-09-23T15:30:00Z,2026-09-23T15:15:00Z,95.01566211598686,Down,"[""0"", ""1""]",0.14,223.707667,,-0.5045,0.001,resolved,0x1eabcf7224ce262f9590741a983c43c6dfdd11a7fc78e983c6e5e95d643bff49,https://data.chain.link/streams/hype-usd-twap-60s-streams,94.22952854547222,2026-09-23 15:30:55+00
sol-updown-15m-1790176500,SOL,"Solana Up or Down - September 23, 11:15AM-11:30AM ET",2026-09-23T15:30:00Z,2026-09-23T15:15:00Z,115.66410205585208,Down,"[""0"", ""1""]",0.03,816.8016030000001,,-0.5045,0.001,resolved,0xa5244c79833164108728c345325e89d4d7ef416992126ad01d48386322a20507,https://data.chain.link/streams/sol-usd-twap-60s-streams,115.14127702996997,2026-09-23 15:30:53+00
xrp-updown-15m-1790176500,XRP,"XRP Up or Down - September 23, 11:15AM-11:30AM ET",2026-09-23T15:30:00Z,2026-09-23T15:15:00Z,1.5311556543597367,Down,"[""0"", ""1""]",0.01,583.791277,,-0.5045,0.001,resolved,0x8b66b06bcef6a2d2348a469dd82be21c3b570a0f89e11ad1dd461e957757a3c2,https://data.chain.link/streams/xrp-usd-twap-60s-streams,1.5212501047758384,2026-09-23 15:30:53+00
zec-updown-15m-1790176500,ZEC,"ZCash Up or Down - September 23, 11:15AM-11:30AM ET",2026-09-23T15:30:00Z,2026-09-23T15:15:00Z,1604.8488500507092,Down,"[""0"", ""1""]",,,,-0.4995,0.001,resolved,0x93b7c6aefe2acff17db36897746b16f315979dc468b29c63daf8c8692135c3fe,https://data.chain.link/streams/zec-usd-twap-60s-streams,1586.836741641687,2026-09-23 15:30:53+00
bnb-updown-15m-1790177400,BNB,"BNB Up or Down - September 23, 11:30AM-11:45AM ET",2026-09-23T15:45:00Z,2026-09-23T15:30:00Z,766.2944807256625,Down,"[""0"", ""1""]",0.05,289.640702,,-0.5045,0.001,resolved,0x241853d6a1dfe91c8a60e592350820e7c3f25b0487e06cdb16bd3a70ffee7e6c,https://data.chain.link/streams/bnb-usd-twap-60s-streams,763.664598873514,2026-09-23 15:45:53+00
btc-updown-15m-1790177400,BTC,"Bitcoin Up or Down - September 23, 11:30AM-11:45AM ET",2026-09-23T15:45:00Z,2026-09-23T15:30:00Z,84515.1606374856,Down,"[""0"", ""1""]",0.02,15423.52654200001,1.960785,-0.5045,0.001,resolved,0x29e16a58a88b07695d8ba6a8df126df27ef50c5ec557e5501727346708aacd23,https://data.chain.link/streams/btc-usd-twap-60s-streams,84300.2213109421,2026-09-23 15:45:53+00
doge-updown-15m-1790177400,DOGE,"Dogecoin Up or Down - September 23, 11:30AM-11:45AM ET",2026-09-23T15:45:00Z,2026-09-23T15:30:00Z,0.0939546128661781,Down,"[""0"", ""1""]",0.04,656.9788510000001,,-0.4995,0.001,resolved,0xec5e427150641c0b775737e355cdb21f53fa90a6bce6ddc6d5a99d240a62815c,https://data.chain.link/streams/doge-usd-twap-60s-streams,0.09347756401382462,2026-09-23 15:45:53+00
eth-updown-15m-1790177400,ETH,"Ethereum Up or Down - September 23, 11:30AM-11:45AM ET",2026-09-23T15:45:00Z,2026-09-23T15:30:00Z,2675.2117908337436,Down,"[""0"", ""1""]",0.02,1665.2472710000002,,-0.5045,0.001,resolved,0x137f4a94e428c22848a5788a8b865791d06030a0450c34a0a732101161391b1b,https://data.chain.link/streams/eth-usd-twap-60s-streams,2665.4492166058044,2026-09-23 15:45:53+00
hype-updown-15m-1790177400,HYPE,"Hyperliquid Up or Down - September 23, 11:30AM-11:45AM ET",2026-09-23T15:45:00Z,2026-09-23T15:30:00Z,94.22952854547222,Down,"[""0"", ""1""]",0.13,112.07410399999999,,-0.5045,0.001,resolved,0xfc6ec55f485c4d4ce71f046ac9ab78013ecb6021d2e2d6b2256f2a4dc6dbac8c,https://data.chain.link/streams/hype-usd-twap-60s-streams,93.43956860777539,2026-09-23 15:45:53+00
sol-updown-15m-1790177400,SOL,"Solana Up or Down - September 23, 11:30AM-11:45AM ET",2026-09-23T15:45:00Z,2026-09-23T15:30:00Z,115.14127702996997,Down,"[""0"", ""1""]",0.01,748.9915120000001,,-0.5045,0.001,resolved,0x48c4846f3b6c6b10864decee250cc633006c8a4a7c3cba6967ce7455750e3ba8,https://data.chain.link/streams/sol-usd-twap-60s-streams,114.49974907379239,2026-09-23 15:45:53+00
xrp-updown-15m-1790177400,XRP,"XRP Up or Down - September 23, 11:30AM-11:45AM ET",2026-09-23T15:45:00Z,2026-09-23T15:30:00Z,1.5212501047758384,Down,"[""0"", ""1""]",0.08,1371.8986069999999,,-0.5045,0.001,resolved,0x5fc35c59baed74d5d9bcba414ef1fe3a5114babbcd5babbb5f4ff9dec2aa579f,https://data.chain.link/streams/xrp-usd-twap-60s-streams,1.5144353774301402,2026-09-23 15:45:53+00
zec-updown-15m-1790177400,ZEC,"ZCash Up or Down - September 23, 11:30AM-11:45AM ET",2026-09-23T15:45:00Z,2026-09-23T15:30:00Z,1586.836741641687,Down,"[""0"", ""1""]",,,,-0.4995,0.001,resolved,0xdf55ab0f30eb92f5ae991af15a5d0615d41a996eb86c3abd2307285f81e99fcd,https://data.chain.link/streams/zec-usd-twap-60s-streams,1571.098372391434,2026-09-23 15:45:53+00
bnb-updown-15m-1790178300,BNB,"BNB Up or Down - September 23, 11:45AM-12:00PM ET",2026-09-23T16:00:00Z,2026-09-23T15:45:00Z,763.664598873514,Down,"[""0"", ""1""]",0.01,220.239531,,-0.5045,0.001,resolved,0x3afad75c8ce9406e45f3f05f1d5a405f565f0464369bf069a3e11ffc9252148d,https://data.chain.link/streams/bnb-usd-twap-60s-streams,761.4596862997885,2026-09-23 16:00:55+00
btc-updown-15m-1790178300,BTC,"Bitcoin Up or Down - September 23, 11:45AM-12:00PM ET",2026-09-23T16:00:00Z,2026-09-23T15:45:00Z,84300.2213109421,Down,"[""0"", ""1""]",0.001,16435.719499,,-0.5045,0.001,resolved,0x6d68c88d7e839109e4abd737eba6a338748e539fbeebf5799ac76bcf298e2688,https://data.chain.link/streams/btc-usd-twap-60s-streams,83993.81655107706,2026-09-23 16:00:55+00
doge-updown-15m-1790178300,DOGE,"Dogecoin Up or Down - September 23, 11:45AM-12:00PM ET",2026-09-23T16:00:00Z,2026-09-23T15:45:00Z,0.09347756401382462,Down,"[""0"", ""1""]",0.02,489.6496,,-0.4995,0.001,resolved,0xcf472ae01a1d239299c82df7090687288c5af3bcc55a5ec2f756834129179403,https://data.chain.link/streams/doge-usd-twap-60s-streams,0.09270559544338057,2026-09-23 16:00:55+00
eth-updown-15m-1790178300,ETH,"Ethereum Up or Down - September 23, 11:45AM-12:00PM ET",2026-09-23T16:00:00Z,2026-09-23T15:45:00Z,2665.4492166058044,Down,"[""0"", ""1""]",0.027,3681.237561999999,,-0.5045,0.001,resolved,0x64c3cd24585f0832a14dcb9d25ef9665c022fccf23fdbb33769890526c60c347,https://data.chain.link/streams/eth-usd-twap-60s-streams,2655.781222992174,2026-09-23 16:01:02+00
hype-updown-15m-1790178300,HYPE,"Hyperliquid Up or Down - September 23, 11:45AM-12:00PM ET",2026-09-23T16:00:00Z,2026-09-23T15:45:00Z,93.43956860777539,Down,"[""0"", ""1""]",0.28,161.18330799999998,,-0.5005,0.009,resolved,0xfbc1a4e7b9038841cefb3f7c4691a7b03690fd98d434e6b60f14d2d30e01e463,https://data.chain.link/streams/hype-usd-twap-60s-streams,92.9555240031394,2026-09-23 16:00:55+00
sol-updown-15m-1790178300,SOL,"Solana Up or Down - September 23, 11:45AM-12:00PM ET",2026-09-23T16:00:00Z,2026-09-23T15:45:00Z,114.49974907379239,Down,"[""0"", ""1""]",0.05,718.0453809999999,,-0.5045,0.001,resolved,0xab926ab896c18ebada33c408ab44e0ccd19dc697f027a08f98994e187b48e850,https://data.chain.link/streams/sol-usd-twap-60s-streams,113.917066981515,2026-09-23 16:00:55+00
xrp-updown-15m-1790178300,XRP,"XRP Up or Down - September 23, 11:45AM-12:00PM ET",2026-09-23T16:00:00Z,2026-09-23T15:45:00Z,1.5144353774301402,Down,"[""0"", ""1""]",0.07,1345.631456,,-0.5045,0.001,resolved,0xafe20d9f8170ef13beb99a5488f7e0332254702ea59ec7758e962b25fd5dc271,https://data.chain.link/streams/xrp-usd-twap-60s-streams,1.5059441869721122,2026-09-23 16:00:55+00
zec-updown-15m-1790178300,ZEC,"ZCash Up or Down - September 23, 11:45AM-12:00PM ET",2026-09-23T16:00:00Z,2026-09-23T15:45:00Z,1571.098372391434,Down,"[""0"", ""1""]",0.51,55,6.705883,-0.4945,0.009,resolved,0xc3c8fc3b5b0495ed015e6e6039fabf03568f20da5f1c3399aec999b885b903f3,https://data.chain.link/streams/zec-usd-twap-60s-streams,1556.2862769696912,2026-09-23 16:00:55+00
bnb-updown-15m-1790179200,BNB,"BNB Up or Down - September 23, 12:00PM-12:15PM ET",2026-09-23T16:15:00Z,2026-09-23T16:00:00Z,761.4596862997885,Up,"[""1"", ""0""]",0.999,471.4576789999999,,0.4945,0.001,resolved,0x69858ea6af7f3bdcc2dbf614d6e4d8581bdb69a688cc80ae45ed4f364c7835a2,https://data.chain.link/streams/bnb-usd-twap-60s-streams,765.5184919151126,2026-09-23 16:15:52+00
btc-updown-15m-1790179200,BTC,"Bitcoin Up or Down - September 23, 12:00PM-12:15PM ET",2026-09-23T16:15:00Z,2026-09-23T16:00:00Z,83993.81655107706,Up,"[""1"", ""0""]",0.999,34366.450300999975,4086.342354,0.4945,0.001,resolved,0x7d03a0784b087eef0c05419c4a50cdebe17d1dd7068ab02f4cc51be285cc9f6a,https://data.chain.link/streams/btc-usd-twap-60s-streams,84314.63803803489,2026-09-23 16:15:52+00
doge-updown-15m-1790179200,DOGE,"Dogecoin Up or Down - September 23, 12:00PM-12:15PM ET",2026-09-23T16:15:00Z,2026-09-23T16:00:00Z,0.09270559544338057,Up,"[""1"", ""0""]",0.99,1263.8153530000002,1.960785,0.4995,0.001,resolved,0x3205f59fdb1f3a2bebf8e10e13e89d292afec9f9eb17b92029b681d1ca4d0105,https://data.chain.link/streams/doge-usd-twap-60s-streams,0.09306676654735228,2026-09-23 16:15:52+00
eth-updown-15m-1790179200,ETH,"Ethereum Up or Down - September 23, 12:00PM-12:15PM ET",2026-09-23T16:15:00Z,2026-09-23T16:00:00Z,2655.781222992174,Up,"[""1"", ""0""]",0.999,8851.105561,111.43,0.4945,0.001,resolved,0xb784956e7f4370f1a34f67a12725f8c1352a2ebadb9346d3845894d164931a54,https://data.chain.link/streams/eth-usd-twap-60s-streams,2662.7420595326867,2026-09-23 16:15:54+00
hype-updown-15m-1790179200,HYPE,"Hyperliquid Up or Down - September 23, 12:00PM-12:15PM ET",2026-09-23T16:15:00Z,2026-09-23T16:00:00Z,92.9555240031394,Up,"[""1"", ""0""]",0.999,337.070608,,0.4945,0.001,resolved,0xfa42c652ce9ec19365e58bbac94eddd60ccfdd68e5a1d5b5733276232ad71503,https://data.chain.link/streams/hype-usd-twap-60s-streams,93.86858046004092,2026-09-23 16:15:54+00
sol-updown-15m-1790179200,SOL,"Solana Up or Down - September 23, 12:00PM-12:15PM ET",2026-09-23T16:15:00Z,2026-09-23T16:00:00Z,113.917066981515,Up,"[""1"", ""0""]",0.999,1725.3229280000003,,0.4945,0.001,resolved,0xb4249afbec2fcf40719a902f62376731c670e9f1b3772c9f9c8b4b54fb8d8d42,https://data.chain.link/streams/sol-usd-twap-60s-streams,115.05816708155356,2026-09-23 16:15:52+00
xrp-updown-15m-1790179200,XRP,"XRP Up or Down - September 23, 12:00PM-12:15PM ET",2026-09-23T16:15:00Z,2026-09-23T16:00:00Z,1.5059441869721122,Up,"[""1"", ""0""]",0.999,2375.3447629999996,,0.4945,0.001,resolved,0xdd49b6ab30203c7d05787e39a555c269b9c8ea87500a9123b9314badd0a2499d,https://data.chain.link/streams/xrp-usd-twap-60s-streams,1.513156679850332,2026-09-23 16:15:52+00
zec-updown-15m-1790179200,ZEC,"ZCash Up or Down - September 23, 12:00PM-12:15PM ET",2026-09-23T16:15:00Z,2026-09-23T16:00:00Z,1556.2862769696912,Up,"[""1"", ""0""]",,,,0.495,0.01,resolved,0x183f1c5706b04f9cd096a7d096d7c2b203c19a84330e1b35faab4f133392a8cf,https://data.chain.link/streams/zec-usd-twap-60s-streams,1562.9011599002317,2026-09-23 16:15:54+00
bnb-updown-15m-1790180100,BNB,"BNB Up or Down - September 23, 12:15PM-12:30PM ET",2026-09-23T16:30:00Z,2026-09-23T16:15:00Z,765.5184919151126,Down,"[""0"", ""1""]",0.05,405.54530800000003,,-0.5,0.01,resolved,0x0a9c8f9616668540577244014bd14ee156a3e27044cf255ba180005b2a8c74bb,https://data.chain.link/streams/bnb-usd-twap-60s-streams,764.6737488715731,2026-09-23 16:30:54+00
btc-updown-15m-1790180100,BTC,"Bitcoin Up or Down - September 23, 12:15PM-12:30PM ET",2026-09-23T16:30:00Z,2026-09-23T16:15:00Z,84314.63803803489,Down,"[""0"", ""1""]",0.01,20134.493194999995,70.490197,-0.5,0.01,resolved,0x1f26ded1b29d8c5fc4a2d415c3728bb7c5ed7d2bd69129e7c692b82a05ac920a,https://data.chain.link/streams/btc-usd-twap-60s-streams,84194.54036118694,2026-09-23 16:30:52+00
doge-updown-15m-1790180100,DOGE,"Dogecoin Up or Down - September 23, 12:15PM-12:30PM ET",2026-09-23T16:30:00Z,2026-09-23T16:15:00Z,0.09306676654735228,Down,"[""0"", ""1""]",0.1,264.614577,,-0.4995,0.001,resolved,0xaebc89f4144f4293f6f8e4016055ac21a0873486e79848479802e1ecd49045d0,https://data.chain.link/streams/doge-usd-twap-60s-streams,0.09249444029947315,2026-09-23 16:30:52+00
eth-updown-15m-1790180100,ETH,"Ethereum Up or Down - September 23, 12:15PM-12:30PM ET",2026-09-23T16:30:00Z,2026-09-23T16:15:00Z,2662.7420595326867,Down,"[""0"", ""1""]",0.02,6757.354069000002,,-0.5,0.01,resolved,0x4cd2fa1db6e856b0784b774996bad25908dd592371d284d4a20e5a2826aa6d37,https://data.chain.link/streams/eth-usd-twap-60s-streams,2661.2650371848417,2026-09-23 16:30:54+00
hype-updown-15m-1790180100,HYPE,"Hyperliquid Up or Down - September 23, 12:15PM-12:30PM ET",2026-09-23T16:30:00Z,2026-09-23T16:15:00Z,93.86858046004092,Down,"[""0"", ""1""]",0.14,415.12287399999997,,-0.5,0.01,resolved,0xd84572cd06b0819bbff3912c6365ac4176116348249325ea7000c3098dd105bc,https://data.chain.link/streams/hype-usd-twap-60s-streams,93.6258140845771,2026-09-23 16:30:54+00
sol-updown-15m-1790180100,SOL,"Solana Up or Down - September 23, 12:15PM-12:30PM ET",2026-09-23T16:30:00Z,2026-09-23T16:15:00Z,115.05816708155356,Down,"[""0"", ""1""]",0.04,1100.4333159999999,,-0.5045,0.001,resolved,0x81933f01464f5da820901cd70ae50c96c8bb821bbb3cb33bf2e0ec59818df42e,https://data.chain.link/streams/sol-usd-twap-60s-streams,114.64382940489517,2026-09-23 16:30:54+00
xrp-updown-15m-1790180100,XRP,"XRP Up or Down - September 23, 12:15PM-12:30PM ET",2026-09-23T16:30:00Z,2026-09-23T16:15:00Z,1.513156679850332,Down,"[""0"", ""1""]",0.01,852.918371,,-0.5045,0.001,resolved,0x228653f533b714cc9de2a874d84655d07255df78f694ca1960e8ec79eeb3394a,https://data.chain.link/streams/xrp-usd-twap-60s-streams,1.501426889071377,2026-09-23 16:30:52+00
zec-updown-15m-1790180100,ZEC,"ZCash Up or Down - September 23, 12:15PM-12:30PM ET",2026-09-23T16:30:00Z,2026-09-23T16:15:00Z,1562.9011599002317,Down,"[""0"", ""1""]",,,,-0.495,0.01,resolved,0xe4997ccdfb8fbc17e6306fd8f323a129aab310088913e80cf26118df7ba48f16,https://data.chain.link/streams/zec-usd-twap-60s-streams,1559.9307210313207,2026-09-23 16:30:52+00
bnb-updown-15m-1790181000,BNB,"BNB Up or Down - September 23, 12:30PM-12:45PM ET",2026-09-23T16:45:00Z,2026-09-23T16:30:00Z,764.6737488715731,Up,"[""1"", ""0""]",0.99,375.135938,,0.4945,0.001,resolved,0x723f87e8acafb62127233956a8b7df8063794f33df0c19db84422c7a79c3720d,https://data.chain.link/streams/bnb-usd-twap-60s-streams,764.964980520302,2026-09-23 16:45:54+00
btc-updown-15m-1790181000,BTC,"Bitcoin Up or Down - September 23, 12:30PM-12:45PM ET",2026-09-23T16:45:00Z,2026-09-23T16:30:00Z,84194.54036118694,Down,"[""0"", ""1""]",0.01,25286.547811000015,,-0.5045,0.001,resolved,0x8bb98857bc3910d5d95f59f9b6094463df7ddb066ba71c82d0dea73ada62bbc7,https://data.chain.link/streams/btc-usd-twap-60s-streams,84095.1520649423,2026-09-23 16:45:54+00
doge-updown-15m-1790181000,DOGE,"Dogecoin Up or Down - September 23, 12:30PM-12:45PM ET",2026-09-23T16:45:00Z,2026-09-23T16:30:00Z,0.09249444029947315,Up,"[""1"", ""0""]",0.92,466.73177,,0.495,0.01,resolved,0x4bb3f2154685d1909d0c5daf679282da3e468f59bae36a06fae43849eeeac03d,https://data.chain.link/streams/doge-usd-twap-60s-streams,0.09254607092371839,2026-09-23 16:45:54+00
eth-updown-15m-1790181000,ETH,"Ethereum Up or Down - September 23, 12:30PM-12:45PM ET",2026-09-23T16:45:00Z,2026-09-23T16:30:00Z,2661.2650371848417,Up,"[""1"", ""0""]",0.999,6624.445813,,0.4945,0.001,resolved,0x46dcd3470fed7492a2a492af1e09e9e8d3e57513dac5be1346453b046830b2bb,https://data.chain.link/streams/eth-usd-twap-60s-streams,2663.4201450839214,2026-09-23 16:45:54+00
hype-updown-15m-1790181000,HYPE,"Hyperliquid Up or Down - September 23, 12:30PM-12:45PM ET",2026-09-23T16:45:00Z,2026-09-23T16:30:00Z,93.6258140845771,Down,"[""0"", ""1""]",0.19,311.19383099999993,,-0.5045,0.001,resolved,0x35de2bd27e486fd4086d2f8911fa63a0f93f4ccfd9e8b7e782ddafb880ba3f5c,https://data.chain.link/streams/hype-usd-twap-60s-streams,93.35191979812947,2026-09-23 16:45:55+00
sol-updown-15m-1790181000,SOL,"Solana Up or Down - September 23, 12:30PM-12:45PM ET",2026-09-23T16:45:00Z,2026-09-23T16:30:00Z,114.64382940489517,Down,"[""0"", ""1""]",0.03,990.4524,,-0.5045,0.001,resolved,0x9e506bdb974d3d5f79947908f3f010a998368af00096b6abbb3eac71ada3285d,https://data.chain.link/streams/sol-usd-twap-60s-streams,114.5401472117994,2026-09-23 16:45:55+00
xrp-updown-15m-1790181000,XRP,"XRP Up or Down - September 23, 12:30PM-12:45PM ET",2026-09-23T16:45:00Z,2026-09-23T16:30:00Z,1.501426889071377,Up,"[""1"", ""0""]",0.99,992.619422,,0.49,0.01,resolved,0x94e93d86c4e655d31d59b7bd653846a4376b0552ccb6ea32c2913a1a4c8d7245,https://data.chain.link/streams/xrp-usd-twap-60s-streams,1.5017536807209317,2026-09-23 16:45:54+00
zec-updown-15m-1790181000,ZEC,"ZCash Up or Down - September 23, 12:30PM-12:45PM ET",2026-09-23T16:45:00Z,2026-09-23T16:30:00Z,1559.9307210313207,Down,"[""0"", ""1""]",,,,-0.495,0.01,resolved,0xdb83f50512cff90205d8727f4472d92e80d9603d83baa234f694f929b357ccdb,https://data.chain.link/streams/zec-usd-twap-60s-streams,1553.2133884000482,2026-09-23 16:45:55+00
bnb-updown-15m-1790181900,BNB,"BNB Up or Down - September 23, 12:45PM-1:00PM ET",2026-09-23T17:00:00Z,2026-09-23T16:45:00Z,764.964980520302,Up,"[""1"", ""0""]",0.72,293.024007,,0.49,0.01,resolved,0x1f20b4073254205cd2af0d596a04cea16a088be865940d7b539024e06346c14f,https://data.chain.link/streams/bnb-usd-twap-60s-streams,764.9848392582678,2026-09-23 17:00:53+00
btc-updown-15m-1790181900,BTC,"Bitcoin Up or Down - September 23, 12:45PM-1:00PM ET",2026-09-23T17:00:00Z,2026-09-23T16:45:00Z,84095.1520649423,Down,"[""0"", ""1""]",0.001,26909.53765500001,,-0.5045,0.001,resolved,0xa973b185ad912880a82f3efa0f5c1b2cc3a6f6ded2104bfbb4c4eea2b13978ca,https://data.chain.link/streams/btc-usd-twap-60s-streams,84008.11557031103,2026-09-23 17:00:55+00
doge-updown-15m-1790181900,DOGE,"Dogecoin Up or Down - September 23, 12:45PM-1:00PM ET",2026-09-23T17:00:00Z,2026-09-23T16:45:00Z,0.09254607092371839,Down,"[""0"", ""1""]",0.08,532.123632,,-0.4995,0.001,resolved,0x52a4dde6fd859622de3c0f27189f7f2a8d1eef7b3de22a0736c45289bbf657a3,https://data.chain.link/streams/doge-usd-twap-60s-streams,0.09243000100921238,2026-09-23 17:00:55+00
eth-updown-15m-1790181900,ETH,"Ethereum Up or Down - September 23, 12:45PM-1:00PM ET",2026-09-23T17:00:00Z,2026-09-23T16:45:00Z,2663.4201450839214,Down,"[""0"", ""1""]",0.08,2595.415547,,-0.5045,0.001,resolved,0x275d42c3b47df5d9bca75c554bb15825b51371b1ed2be8164bc82298828a2dba,https://data.chain.link/streams/eth-usd-twap-60s-streams,2660.036355503962,2026-09-23 17:00:55+00
hype-updown-15m-1790181900,HYPE,"Hyperliquid Up or Down - September 23, 12:45PM-1:00PM ET",2026-09-23T17:00:00Z,2026-09-23T16:45:00Z,93.35191979812947,Down,"[""0"", ""1""]",0.18,268.48462,,-0.5045,0.001,resolved,0x31a49039795f16c563ffbbeb58a9eadc0c299b97fd99e1e3181632f97c955267,https://data.chain.link/streams/hype-usd-twap-60s-streams,92.8048459775987,2026-09-23 17:00:55+00
sol-updown-15m-1790181900,SOL,"Solana Up or Down - September 23, 12:45PM-1:00PM ET",2026-09-23T17:00:00Z,2026-09-23T16:45:00Z,114.5401472117994,Down,"[""0"", ""1""]",0.2,669.2383569999998,,-0.5045,0.001,resolved,0xca35a178620e246b309190d5655e8a4c947a79abe54c57ad5114d5caf190eaf0,https://data.chain.link/streams/sol-usd-twap-60s-streams,114.37142820253501,2026-09-23 17:00:55+00
xrp-updown-15m-1790181900,XRP,"XRP Up or Down - September 23, 12:45PM-1:00PM ET",2026-09-23T17:00:00Z,2026-09-23T16:45:00Z,1.5017536807209317,Down,"[""0"", ""1""]",0.14,797.138018,,-0.5045,0.001,resolved,0xeaaa83de6196b5484330712ac151671a9fbaf2dc20f8f901ad87e2483f3b5c2b,https://data.chain.link/streams/xrp-usd-twap-60s-streams,1.5000696274445802,2026-09-23 17:00:55+00
zec-updown-15m-1790181900,ZEC,"ZCash Up or Down - September 23, 12:45PM-1:00PM ET",2026-09-23T17:00:00Z,2026-09-23T16:45:00Z,1553.2133884000482,Down,"[""0"", ""1""]",,,,-0.495,0.01,resolved,0xb12bfe917a0b252b747f9081d9844b7749efa9a29069ee8a0a64d69a11a576e0,https://data.chain.link/streams/zec-usd-twap-60s-streams,1535.1916542551298,2026-09-23 17:00:53+00
bnb-updown-15m-1790182800,BNB,"BNB Up or Down - September 23, 1:00PM-1:15PM ET",2026-09-23T17:15:00Z,2026-09-23T17:00:00Z,764.9848392582678,Down,"[""0"", ""1""]",0.1,198.52291,,-0.5045,0.001,resolved,0x53b6060d855a6fa8ea25ebc849a0314e3a59ac163097a7f64384ed7e9696b1b2,https://data.chain.link/streams/bnb-usd-twap-60s-streams,763.1336222357164,2026-09-23 17:15:56+00
btc-updown-15m-1790182800,BTC,"Bitcoin Up or Down - September 23, 1:00PM-1:15PM ET",2026-09-23T17:15:00Z,2026-09-23T17:00:00Z,84008.11557031103,Down,"[""0"", ""1""]",0.001,18637.97542999999,4123.104314,-0.5045,0.001,resolved,0xb8cdaa63d70ebb48ad763afd25aece9de00af6e02477083e526ce59b8217c709,https://data.chain.link/streams/btc-usd-twap-60s-streams,83760.40697460104,2026-09-23 17:15:56+00
doge-updown-15m-1790182800,DOGE,"Dogecoin Up or Down - September 23, 1:00PM-1:15PM ET",2026-09-23T17:15:00Z,2026-09-23T17:00:00Z,0.09243000100921238,Down,"[""0"", ""1""]",0.03,450.50987499999997,,-0.4995,0.001,resolved,0xd79eb94a395ec7133ae9da128221018d57670027c2891183ded36d732f908f4e,https://data.chain.link/streams/doge-usd-twap-60s-streams,0.09187005601344475,2026-09-23 17:15:56+00
eth-updown-15m-1790182800,ETH,"Ethereum Up or Down - September 23, 1:00PM-1:15PM ET",2026-09-23T17:15:00Z,2026-09-23T17:00:00Z,2660.036355503962,Down,"[""0"", ""1""]",0.05,1873.1078759999996,,-0.5045,0.001,resolved,0x7f96e1eae42f7f5927edfc39ead211ed5619ebb87493e1187d0a7d99496fa8b9,https://data.chain.link/streams/eth-usd-twap-60s-streams,2650.6192771696337,2026-09-23 17:15:56+00
hype-updown-15m-1790182800,HYPE,"Hyperliquid Up or Down - September 23, 1:00PM-1:15PM ET",2026-09-23T17:15:00Z,2026-09-23T17:00:00Z,92.8048459775987,Down,"[""0"", ""1""]",0.1,310.806334,,-0.5045,0.001,resolved,0x12d9cc6432d8452c0ba2e202c6ca75a07390a4d99617bda3acf2fa9e193958c8,https://data.chain.link/streams/hype-usd-twap-60s-streams,92.1575430393423,2026-09-23 17:15:56+00
sol-updown-15m-1790182800,SOL,"Solana Up or Down - September 23, 1:00PM-1:15PM ET",2026-09-23T17:15:00Z,2026-09-23T17:00:00Z,114.37142820253501,Down,"[""0"", ""1""]",0.04,682.1337820000001,,-0.5045,0.001,resolved,0x56ba719877b951b415d6d9320ab78f85f906d4122537210c605569f957aa4492,https://data.chain.link/streams/sol-usd-twap-60s-streams,113.68941698880204,2026-09-23 17:15:56+00
xrp-updown-15m-1790182800,XRP,"XRP Up or Down - September 23, 1:00PM-1:15PM ET",2026-09-23T17:15:00Z,2026-09-23T17:00:00Z,1.5000696274445802,Down,"[""0"", ""1""]",0.02,786.895413,,-0.5045,0.001,resolved,0x915e873202bba5e3914c9c914370b42fbb3309f19dffcdf2fdf2f4c72957fd56,https://data.chain.link/streams/xrp-usd-twap-60s-streams,1.4918758996991066,2026-09-23 17:15:56+00
zec-updown-15m-1790182800,ZEC,"ZCash Up or Down - September 23, 1:00PM-1:15PM ET",2026-09-23T17:15:00Z,2026-09-23T17:00:00Z,1535.1916542551298,Down,"[""0"", ""1""]",0.001,,,-0.4995,0.001,resolved,0xfb1018cf9585b01de813bffca672b4bf29f04ca2d1e9e5a2f5f2d7163a8ecae8,https://data.chain.link/streams/zec-usd-twap-60s-streams,1515.0257309484523,2026-09-23 17:15:56+00
bnb-updown-15m-1790183700,BNB,"BNB Up or Down - September 23, 1:15PM-1:30PM ET",2026-09-23T17:30:00Z,2026-09-23T17:15:00Z,763.1336222357164,Up,"[""1"", ""0""]",0.999,91.54338999999999,,0.4945,0.001,resolved,0x9ed03efe39aa02b750db8f0cddde25bc8f9024b4e8e236881075358f800f2d21,https://data.chain.link/streams/bnb-usd-twap-60s-streams,766.3662965325315,2026-09-23 17:31:28+00
btc-updown-15m-1790183700,BTC,"Bitcoin Up or Down - September 23, 1:15PM-1:30PM ET",2026-09-23T17:30:00Z,2026-09-23T17:15:00Z,83760.40697460104,Up,"[""1"", ""0""]",0.999,18161.954967,20.490197,0.4945,0.001,resolved,0x6175685e1fe28086a487c3eb090d033a194a07950c89c1f2b8623c0b1a8becb5,https://data.chain.link/streams/btc-usd-twap-60s-streams,84048.76356223538,2026-09-23 17:31:26+00
doge-updown-15m-1790183700,DOGE,"Dogecoin Up or Down - September 23, 1:15PM-1:30PM ET",2026-09-23T17:30:00Z,2026-09-23T17:15:00Z,0.09187005601344475,Up,"[""1"", ""0""]",0.999,495.9117239999999,,0.4995,0.001,resolved,0xef9ba45860e53c4c37e1a8da763869dce7963700e3109e1478258d50a843d286,https://data.chain.link/streams/doge-usd-twap-60s-streams,0.09233789601519363,2026-09-23 17:31:26+00
eth-updown-15m-1790183700,ETH,"Ethereum Up or Down - September 23, 1:15PM-1:30PM ET",2026-09-23T17:30:00Z,2026-09-23T17:15:00Z,2650.6192771696337,Up,"[""1"", ""0""]",0.999,3601.9654310000005,,0.4945,0.001,resolved,0x946afe9213ebaf53aec5dc117b71f1c5e0f11d4e90f72246868685681b5e0d14,https://data.chain.link/streams/eth-usd-twap-60s-streams,2662.4932958913128,2026-09-23 17:31:35+00
hype-updown-15m-1790183700,HYPE,"Hyperliquid Up or Down - September 23, 1:15PM-1:30PM ET",2026-09-23T17:30:00Z,2026-09-23T17:15:00Z,92.1575430393423,Up,"[""1"", ""0""]",0.999,205.507738,,0.4945,0.001,resolved,0xb100b36cb992801c0b49419affbf50bfe5a1c209e5179ee6bf0556fdcb2068bb,https://data.chain.link/streams/hype-usd-twap-60s-streams,93.1061082443275,2026-09-23 17:31:26+00
sol-updown-15m-1790183700,SOL,"Solana Up or Down - September 23, 1:15PM-1:30PM ET",2026-09-23T17:30:00Z,2026-09-23T17:15:00Z,113.68941698880204,Up,"[""1"", ""0""]",0.999,423.656489,,0.4945,0.001,resolved,0x40377ce1811d4b785737a762831e05511370198e8515cfa62e3e0d778a84c76a,https://data.chain.link/streams/sol-usd-twap-60s-streams,114.21854900905164,2026-09-23 17:31:26+00
xrp-updown-15m-1790183700,XRP,"XRP Up or Down - September 23, 1:15PM-1:30PM ET",2026-09-23T17:30:00Z,2026-09-23T17:15:00Z,1.4918758996991066,Up,"[""1"", ""0""]",0.999,729.7347480000001,,0.4945,0.001,resolved,0x5c04c729e6e417bf400995e859a4caed4ef0df84199d8d3d9bad1a62161b1cde,https://data.chain.link/streams/xrp-usd-twap-60s-streams,1.4984168107736955,2026-09-23 17:31:26+00
zec-updown-15m-1790183700,ZEC,"ZCash Up or Down - September 23, 1:15PM-1:30PM ET",2026-09-23T17:30:00Z,2026-09-23T17:15:00Z,1515.0257309484523,Up,"[""1"", ""0""]",,,,0.4995,0.001,resolved,0xde2e1f98fbb337ab085903d9c7a5f79b382aca18f8d5e4a28579184337a162ae,https://data.chain.link/streams/zec-usd-twap-60s-streams,1522.259556843987,2026-09-23 17:31:28+00
bnb-updown-15m-1790184600,BNB,"BNB Up or Down - September 23, 1:30PM-1:45PM ET",2026-09-23T17:45:00Z,2026-09-23T17:30:00Z,766.3662965325315,Up,"[""1"", ""0""]",0.99,442.67374799999993,,0.4945,0.001,resolved,0xefe701d62b6b0291c168ef6f2b671019b8abc04dd4578cf2af7c7905cb67b4c7,https://data.chain.link/streams/bnb-usd-twap-60s-streams,766.7912130714451,2026-09-23 17:46:28+00
btc-updown-15m-1790184600,BTC,"Bitcoin Up or Down - September 23, 1:30PM-1:45PM ET",2026-09-23T17:45:00Z,2026-09-23T17:30:00Z,84048.76356223538,Up,"[""1"", ""0""]",0.999,23713.613655999994,,0.4945,0.001,resolved,0x6d90e2f780e0666915084d4934978ba8eea147f0fcd109f4e6d77c27f370f83d,https://data.chain.link/streams/btc-usd-twap-60s-streams,84216.0066524536,2026-09-23 17:46:28+00
doge-updown-15m-1790184600,DOGE,"Dogecoin Up or Down - September 23, 1:30PM-1:45PM ET",2026-09-23T17:45:00Z,2026-09-23T17:30:00Z,0.09233789601519363,Up,"[""1"", ""0""]",0.99,700.30163,,0.4995,0.001,resolved,0x2ea3dd89ad263a5bfe98aa9b547cad6d2edaefb252db22decb46840a20fced1a,https://data.chain.link/streams/doge-usd-twap-60s-streams,0.09259566800362463,2026-09-23 17:46:35+00
eth-updown-15m-1790184600,ETH,"Ethereum Up or Down - September 23, 1:30PM-1:45PM ET",2026-09-23T17:45:00Z,2026-09-23T17:30:00Z,2662.4932958913128,Up,"[""1"", ""0""]",0.999,7438.515141000001,,0.4945,0.001,resolved,0xc7b3bfa2b7b20b6adbe02bf85f9b5d58b3a601a56048311955cd4bbff640db5c,https://data.chain.link/streams/eth-usd-twap-60s-streams,2665.982186360874,2026-09-23 17:46:28+00
hype-updown-15m-1790184600,HYPE,"Hyperliquid Up or Down - September 23, 1:30PM-1:45PM ET",2026-09-23T17:45:00Z,2026-09-23T17:30:00Z,93.1061082443275,Up,"[""1"", ""0""]",0.999,384.89113,,0.4945,0.001,resolved,0xcf82601e118708ea164a1bb34dfa40fd4a63a609e404a4493c9cc1036b3cfb65,https://data.chain.link/streams/hype-usd-twap-60s-streams,93.36111413331942,2026-09-23 17:46:28+00
sol-updown-15m-1790184600,SOL,"Solana Up or Down - September 23, 1:30PM-1:45PM ET",2026-09-23T17:45:00Z,2026-09-23T17:30:00Z,114.21854900905164,Up,"[""1"", ""0""]",0.999,934.1204130000001,,0.4945,0.001,resolved,0xe7d589f50742e4949135e999d3d65a0ff7ac90ecc8b80810b0f59959671f99ae,https://data.chain.link/streams/sol-usd-twap-60s-streams,114.54390431080557,2026-09-23 17:46:28+00
xrp-updown-15m-1790184600,XRP,"XRP Up or Down - September 23, 1:30PM-1:45PM ET",2026-09-23T17:45:00Z,2026-09-23T17:30:00Z,1.4984168107736955,Up,"[""1"", ""0""]",0.999,451.774832,,0.4945,0.001,resolved,0x322fe39d86d58f0c3e0829a463a9932d8faa0434ee0e3d39927d5cb20c45d62e,https://data.chain.link/streams/xrp-usd-twap-60s-streams,1.5036814071382953,2026-09-23 17:46:35+00
zec-updown-15m-1790184600,ZEC,"ZCash Up or Down - September 23, 1:30PM-1:45PM ET",2026-09-23T17:45:00Z,2026-09-23T17:30:00Z,1522.259556843987,Up,"[""1"", ""0""]",,,,0.495,0.01,resolved,0x4668fff109a1019507efa399c78a37158e4cdbf2f41d11c2f2532feca11f17d0,https://data.chain.link/streams/zec-usd-twap-60s-streams,1527.1926914234011,2026-09-23 17:46:35+00
bnb-updown-15m-1790185500,BNB,"BNB Up or Down - September 23, 1:45PM-2:00PM ET",2026-09-23T18:00:00Z,2026-09-23T17:45:00Z,766.7912130714451,Down,"[""0"", ""1""]",0.03,615.861912,,-0.5045,0.001,resolved,0x55f609142cca5c30fd8908e66722bb8f3c860e6e7169c5e38b115f1864253dbf,https://data.chain.link/streams/bnb-usd-twap-60s-streams,766.6216355612239,2026-09-23 18:01:26+00
btc-updown-15m-1790185500,BTC,"Bitcoin Up or Down - September 23, 1:45PM-2:00PM ET",2026-09-23T18:00:00Z,2026-09-23T17:45:00Z,84216.0066524536,Up,"[""1"", ""0""]",0.999,16640.356533000002,,0.4945,0.001,resolved,0xe64bbea441371fd2a8375784b7b670290b435630057f62f0d69d0314effb9284,https://data.chain.link/streams/btc-usd-twap-60s-streams,84307.04699787176,2026-09-23 18:01:26+00
doge-updown-15m-1790185500,DOGE,"Dogecoin Up or Down - September 23, 1:45PM-2:00PM ET",2026-09-23T18:00:00Z,2026-09-23T17:45:00Z,0.09259566800362463,Down,"[""0"", ""1""]",0.13,992.107098,,-0.4995,0.001,resolved,0xcacfe7b1cffe7cdeac6b0ac4ec7e5dbd89cf218b48589199e3c0cf0c7634dfd1,https://data.chain.link/streams/doge-usd-twap-60s-streams,0.09242239721266252,2026-09-23 18:01:26+00
eth-updown-15m-1790185500,ETH,"Ethereum Up or Down - September 23, 1:45PM-2:00PM ET",2026-09-23T18:00:00Z,2026-09-23T17:45:00Z,2665.982186360874,Up,"[""1"", ""0""]",0.999,2303.012526,,0.4945,0.001,resolved,0xe25d95b0fa75a70b64894f8e9c0d90d62d4e2423fc93406a47ac1d7ee71c6b47,https://data.chain.link/streams/eth-usd-twap-60s-streams,2667.1793998258913,2026-09-23 18:01:26+00
hype-updown-15m-1790185500,HYPE,"Hyperliquid Up or Down - September 23, 1:45PM-2:00PM ET",2026-09-23T18:00:00Z,2026-09-23T17:45:00Z,93.36111413331942,Up,"[""1"", ""0""]",0.95,380.741215,,0.4945,0.001,resolved,0x87fa38bc18b8fc8fa555bdab3005f9face050d64fef7c6246eb7e6f67e9a2649,https://data.chain.link/streams/hype-usd-twap-60s-streams,93.43100766785908,2026-09-23 18:01:26+00
sol-updown-15m-1790185500,SOL,"Solana Up or Down - September 23, 1:45PM-2:00PM ET",2026-09-23T18:00:00Z,2026-09-23T17:45:00Z,114.54390431080557,Down,"[""0"", ""1""]",0.01,776.204115,,-0.5045,0.001,resolved,0x2476d708a11008a2efd508e63d7eee2734cb60b389acda269bac3908a1f3cf7b,https://data.chain.link/streams/sol-usd-twap-60s-streams,114.53000158842522,2026-09-23 18:01:26+00
xrp-updown-15m-1790185500,XRP,"XRP Up or Down - September 23, 1:45PM-2:00PM ET",2026-09-23T18:00:00Z,2026-09-23T17:45:00Z,1.5036814071382953,Down,"[""0"", ""1""]",0.06,620.673963,,-0.5045,0.001,resolved,0x4232be2a721e4d55e6b217f150fe5628643b2e02a6167c9a889851e1ae36746a,https://data.chain.link/streams/xrp-usd-twap-60s-streams,1.5026862316794112,2026-09-23 18:01:35+00
zec-updown-15m-1790185500,ZEC,"ZCash Up or Down - September 23, 1:45PM-2:00PM ET",2026-09-23T18:00:00Z,2026-09-23T17:45:00Z,1527.1926914234011,Down,"[""0"", ""1""]",,,,-0.4995,0.001,resolved,0x70e1f0588b30c0cb8ba14773e4a7be876736e5d8e47bfbfb1abe6cad75488943,https://data.chain.link/streams/zec-usd-twap-60s-streams,1525.0710052542338,2026-09-23 18:01:26+00
bnb-updown-15m-1790186400,BNB,"BNB Up or Down - September 23, 2:00PM-2:15PM ET",2026-09-23T18:15:00Z,2026-09-23T18:00:00Z,766.6216355612239,Down,"[""0"", ""1""]",0.01,342.309777,,-0.5045,0.001,resolved,0xaccdb1383c24c88efc66c89ba8a1fe613ab40f3f904317ccb70c70f4876ea51f,https://data.chain.link/streams/bnb-usd-twap-60s-streams,765.7640492751348,2026-09-23 18:16:04+00
btc-updown-15m-1790186400,BTC,"Bitcoin Up or Down - September 23, 2:00PM-2:15PM ET",2026-09-23T18:15:00Z,2026-09-23T18:00:00Z,84307.04699787176,Down,"[""0"", ""1""]",0.03,17778.25472800001,1360.325884,-0.5045,0.001,resolved,0xd4b5648eb078c9c933626a1b140036e0012ccbffe547d0a06bc76b75a5b9d048,https://data.chain.link/streams/btc-usd-twap-60s-streams,84210.7265099475,2026-09-23 18:15:55+00
doge-updown-15m-1790186400,DOGE,"Dogecoin Up or Down - September 23, 2:00PM-2:15PM ET",2026-09-23T18:15:00Z,2026-09-23T18:00:00Z,0.09242239721266252,Down,"[""0"", ""1""]",0.08,549.1567869999999,,-0.4995,0.001,resolved,0x3073191f2dced9aeba00ad8a67611d0e965b7e488f2a81aa1503e5a897a2c8b7,https://data.chain.link/streams/doge-usd-twap-60s-streams,0.09205803052541793,2026-09-23 18:15:55+00
eth-updown-15m-1790186400,ETH,"Ethereum Up or Down - September 23, 2:00PM-2:15PM ET",2026-09-23T18:15:00Z,2026-09-23T18:00:00Z,2667.1793998258913,Down,"[""0"", ""1""]",0.07,3014.887017,,-0.5045,0.001,resolved,0x705eaa2f97fabd4e59bf10e2a98ad9b163c4ad9ac8fcea39b4669611580eb258,https://data.chain.link/streams/eth-usd-twap-60s-streams,2663.402353349645,2026-09-23 18:15:55+00
hype-updown-15m-1790186400,HYPE,"Hyperliquid Up or Down - September 23, 2:00PM-2:15PM ET",2026-09-23T18:15:00Z,2026-09-23T18:00:00Z,93.43100766785908,Down,"[""0"", ""1""]",0.001,66.36779299999999,,-0.5045,0.001,resolved,0x75aceee7697741f8dd9983a0e62cd7d14b4fdabdc313a80379d2e5e3a004c097,https://data.chain.link/streams/hype-usd-twap-60s-streams,92.87986244059455,2026-09-23 18:15:53+00
sol-updown-15m-1790186400,SOL,"Solana Up or Down - September 23, 2:00PM-2:15PM ET",2026-09-23T18:15:00Z,2026-09-23T18:00:00Z,114.53000158842522,Down,"[""0"", ""1""]",0.13,663.66663,,-0.5045,0.001,resolved,0xe95f819fbd9cdf97e590a472050886a211af7e74e7d13605de5b204bd0e6c06d,https://data.chain.link/streams/sol-usd-twap-60s-streams,114.10776685487065,2026-09-23 18:15:55+00
xrp-updown-15m-1790186400,XRP,"XRP Up or Down - September 23, 2:00PM-2:15PM ET",2026-09-23T18:15:00Z,2026-09-23T18:00:00Z,1.5026862316794112,Down,"[""0"", ""1""]",0.03,523.3827140000001,,-0.5045,0.001,resolved,0xae5c353186f9c134350387d825d61510e157d5d3efe5633afc8bab16d516e5e2,https://data.chain.link/streams/xrp-usd-twap-60s-streams,1.4923965973870639,2026-09-23 18:15:55+00
zec-updown-15m-1790186400,ZEC,"ZCash Up or Down - September 23, 2:00PM-2:15PM ET",2026-09-23T18:15:00Z,2026-09-23T18:00:00Z,1525.0710052542338,Down,"[""0"", ""1""]",,,,-0.495,0.01,resolved,0x90aa8c4745bbaec89e182f5d1f9ea489c10e26c2515c0247adb390e20332ef6c,https://data.chain.link/streams/zec-usd-twap-60s-streams,1521.1035725734248,2026-09-23 18:15:55+00
bnb-updown-15m-1790187300,BNB,"BNB Up or Down - September 23, 2:15PM-2:30PM ET",2026-09-23T18:30:00Z,2026-09-23T18:15:00Z,765.7640492751348,Up,"[""1"", ""0""]",0.99,466.374131,,0.49,0.01,resolved,0x2e5f72ee08f83dd68abf21d0104995bdba64c98edf696fbd212c8f19d004d368,https://data.chain.link/streams/bnb-usd-twap-60s-streams,765.828607332628,2026-09-23 18:30:55+00
btc-updown-15m-1790187300,BTC,"Bitcoin Up or Down - September 23, 2:15PM-2:30PM ET",2026-09-23T18:30:00Z,2026-09-23T18:15:00Z,84210.7265099475,Down,"[""0"", ""1""]",0.01,26512.768427,69.313727,-0.5045,0.001,resolved,0xa370f973dcc248547457f717f639cd73205f936f0a132f860592652f643655bf,https://data.chain.link/streams/btc-usd-twap-60s-streams,84158.26464990416,2026-09-23 18:31:26+00
doge-updown-15m-1790187300,DOGE,"Dogecoin Up or Down - September 23, 2:15PM-2:30PM ET",2026-09-23T18:30:00Z,2026-09-23T18:15:00Z,0.09205803052541793,Down,"[""0"", ""1""]",0.01,753.4209760000001,,-0.4995,0.001,resolved,0xb08315ae553b742860d849d5cbbeec92c223550fe84321d8979444570e98e29f,https://data.chain.link/streams/doge-usd-twap-60s-streams,0.09181498897654831,2026-09-23 18:30:53+00
eth-updown-15m-1790187300,ETH,"Ethereum Up or Down - September 23, 2:15PM-2:30PM ET",2026-09-23T18:30:00Z,2026-09-23T18:15:00Z,2663.402353349645,Down,"[""0"", ""1""]",0.01,2158.6530979999993,,-0.5,0.01,resolved,0x3d6b63de1a9014ab38d54640b9fcfe016775b1806e51acd9ee589178029ae8b2,https://data.chain.link/streams/eth-usd-twap-60s-streams,2661.737235767144,2026-09-23 18:30:55+00
hype-updown-15m-1790187300,HYPE,"Hyperliquid Up or Down - September 23, 2:15PM-2:30PM ET",2026-09-23T18:30:00Z,2026-09-23T18:15:00Z,92.87986244059455,Down,"[""0"", ""1""]",0.001,277.699391,,-0.5045,0.001,resolved,0xee0c6cd12ac83620a148f5f53eda20ffb6fe0097de25394dfa2a524f28dbd2cd,https://data.chain.link/streams/hype-usd-twap-60s-streams,92.85238242598992,2026-09-23 18:30:55+00
sol-updown-15m-1790187300,SOL,"Solana Up or Down - September 23, 2:15PM-2:30PM ET",2026-09-23T18:30:00Z,2026-09-23T18:15:00Z,114.10776685487065,Up,"[""1"", ""0""]",0.99,1738.9370840000004,,0.49,0.01,resolved,0x02cac10fe2bed2a46f14b8e53227e44a0da937c41939b0d3bc5147203db84d79,https://data.chain.link/streams/sol-usd-twap-60s-streams,114.16322816852109,2026-09-23 18:30:55+00
xrp-updown-15m-1790187300,XRP,"XRP Up or Down - September 23, 2:15PM-2:30PM ET",2026-09-23T18:30:00Z,2026-09-23T18:15:00Z,1.4923965973870639,Down,"[""0"", ""1""]",0.2,1928.944118,,-0.5045,0.001,resolved,0xaeeffbd3d150c7ce6c698332c7274f85cc38f2dc2b11cde162adf7721441bef0,https://data.chain.link/streams/xrp-usd-twap-60s-streams,1.4909225741644887,2026-09-23 18:31:26+00
zec-updown-15m-1790187300,ZEC,"ZCash Up or Down - September 23, 2:15PM-2:30PM ET",2026-09-23T18:30:00Z,2026-09-23T18:15:00Z,1521.1035725734248,Up,"[""1"", ""0""]",,,,0.495,0.01,resolved,0x06d51b15594ccf54fbfab56115d9a83895b8e26759ccdaf52a6c7eddeab8c1b1,https://data.chain.link/streams/zec-usd-twap-60s-streams,1522.7502376640919,2026-09-23 18:30:53+00
bnb-updown-15m-1790188200,BNB,"BNB Up or Down - September 23, 2:30PM-2:45PM ET",2026-09-23T18:45:00Z,2026-09-23T18:30:00Z,765.828607332628,Up,"[""1"", ""0""]",0.999,611.1017340000001,,0.4945,0.001,resolved,0xd3f526c0a9c0b0bc6e8ca1c44141fc7b2510b86f4ae779da1a47050f2ed003fe,https://data.chain.link/streams/bnb-usd-twap-60s-streams,766.6559531990889,2026-09-23 18:45:53+00
btc-updown-15m-1790188200,BTC,"Bitcoin Up or Down - September 23, 2:30PM-2:45PM ET",2026-09-23T18:45:00Z,2026-09-23T18:30:00Z,84158.26464990416,Up,"[""1"", ""0""]",0.999,24398.995779999983,,0.4945,0.001,resolved,0x5b0a89e2ab63e42ed0d0bd35f8ac138d4b875bd18ac0a7c2a807447d47957fcd,https://data.chain.link/streams/btc-usd-twap-60s-streams,84203.60332014097,2026-09-23 18:45:53+00
doge-updown-15m-1790188200,DOGE,"Dogecoin Up or Down - September 23, 2:30PM-2:45PM ET",2026-09-23T18:45:00Z,2026-09-23T18:30:00Z,0.09181498897654831,Up,"[""1"", ""0""]",0.98,450.1162240000001,,0.495,0.01,resolved,0xda526d4538f73ee877775cda23afbdcbf84014b6e69b79b77cbadb9a0cbc5d0f,https://data.chain.link/streams/doge-usd-twap-60s-streams,0.09189045463486087,2026-09-23 18:45:53+00
eth-updown-15m-1790188200,ETH,"Ethereum Up or Down - September 23, 2:30PM-2:45PM ET",2026-09-23T18:45:00Z,2026-09-23T18:30:00Z,2661.737235767144,Up,"[""1"", ""0""]",0.99,2477.955387,,0.49,0.01,resolved,0xaf7bdf361f7c9d12a9ab34619bdc4f1598a9bbb50803a8062b867d5ed767491b,https://data.chain.link/streams/eth-usd-twap-60s-streams,2662.8315689265382,2026-09-23 18:45:53+00
hype-updown-15m-1790188200,HYPE,"Hyperliquid Up or Down - September 23, 2:30PM-2:45PM ET",2026-09-23T18:45:00Z,2026-09-23T18:30:00Z,92.85238242598992,Up,"[""1"", ""0""]",0.999,64.543943,,0.4945,0.001,resolved,0x8d6b36af66913ef4f701969f565a0b71d9136b556910c69a85453fc1b0450b27,https://data.chain.link/streams/hype-usd-twap-60s-streams,93.46872213080819,2026-09-23 18:46:02+00
sol-updown-15m-1790188200,SOL,"Solana Up or Down - September 23, 2:30PM-2:45PM ET",2026-09-23T18:45:00Z,2026-09-23T18:30:00Z,114.16322816852109,Up,"[""1"", ""0""]",0.98,920.454039,,0.49,0.01,resolved,0x0e0bd06dbca3ca5d264065d9a9cff2d5cb4cfacb51e24e49325f804253856e95,https://data.chain.link/streams/sol-usd-twap-60s-streams,114.16598407649569,2026-09-23 18:45:53+00
xrp-updown-15m-1790188200,XRP,"XRP Up or Down - September 23, 2:30PM-2:45PM ET",2026-09-23T18:45:00Z,2026-09-23T18:30:00Z,1.4909225741644887,Up,"[""1"", ""0""]",0.99,1087.140873,,0.4945,0.001,resolved,0x281a2b30c02241aa958ae8883efcdae9289bb51d9f136dccbdffd71dee5e2d75,https://data.chain.link/streams/xrp-usd-twap-60s-streams,1.4931991244693583,2026-09-23 18:45:53+00
zec-updown-15m-1790188200,ZEC,"ZCash Up or Down - September 23, 2:30PM-2:45PM ET",2026-09-23T18:45:00Z,2026-09-23T18:30:00Z,1522.7502376640919,Down,"[""0"", ""1""]",,,,-0.495,0.01,resolved,0x4e14f2766238c2f50624698caf639c385889203734e2e93a28ae32e68e816aea,https://data.chain.link/streams/zec-usd-twap-60s-streams,1519.3931361625419,2026-09-23 18:45:53+00
bnb-updown-15m-1790189100,BNB,"BNB Up or Down - September 23, 2:45PM-3:00PM ET",2026-09-23T19:00:00Z,2026-09-23T18:45:00Z,766.6559531990889,Up,"[""1"", ""0""]",0.999,609.889282,,0.4945,0.001,resolved,0xd54300104954fd02975250b91008c8daff10388754c9d204a8a615b95c751dc4,https://data.chain.link/streams/bnb-usd-twap-60s-streams,766.9793991678789,2026-09-23 19:01:35+00
btc-updown-15m-1790189100,BTC,"Bitcoin Up or Down - September 23, 2:45PM-3:00PM ET",2026-09-23T19:00:00Z,2026-09-23T18:45:00Z,84203.60332014097,Up,"[""1"", ""0""]",0.999,23314.30163099999,,0.4945,0.001,resolved,0xb7ac3127fc3cf9d1faac7ee531ff6762e92474cb1aa7727758102f476bc48ed9,https://data.chain.link/streams/btc-usd-twap-60s-streams,84330.82269635616,2026-09-23 19:01:26+00
doge-updown-15m-1790189100,DOGE,"Dogecoin Up or Down - September 23, 2:45PM-3:00PM ET",2026-09-23T19:00:00Z,2026-09-23T18:45:00Z,0.09189045463486087,Up,"[""1"", ""0""]",0.999,362.48523,,0.4995,0.001,resolved,0x64ffb1ac30c7ebf43b017af1e4d8f54064e82bd00681df8343ebd9d48db3c5ad,https://data.chain.link/streams/doge-usd-twap-60s-streams,0.09209595243896118,2026-09-23 19:01:26+00
eth-updown-15m-1790189100,ETH,"Ethereum Up or Down - September 23, 2:45PM-3:00PM ET",2026-09-23T19:00:00Z,2026-09-23T18:45:00Z,2662.8315689265382,Up,"[""1"", ""0""]",0.999,1622.807903,,0.4945,0.001,resolved,0x34278e86f122a22b37cb061182e574c370589cbca4ea3767f1faa47fb7efcfa9,https://data.chain.link/streams/eth-usd-twap-60s-streams,2669.1935625426427,2026-09-23 19:01:26+00
hype-updown-15m-1790189100,HYPE,"Hyperliquid Up or Down - September 23, 2:45PM-3:00PM ET",2026-09-23T19:00:00Z,2026-09-23T18:45:00Z,93.46872213080819,Up,"[""1"", ""0""]",0.999,51.168616,,0.4945,0.001,resolved,0x61d9700373d309dbaa69578bee842b0b07ee9ebc79a9071e8f237b6389b6bf1a,https://data.chain.link/streams/hype-usd-twap-60s-streams,93.83425813879117,2026-09-23 19:01:38+00
sol-updown-15m-1790189100,SOL,"Solana Up or Down - September 23, 2:45PM-3:00PM ET",2026-09-23T19:00:00Z,2026-09-23T18:45:00Z,114.16598407649569,Up,"[""1"", ""0""]",0.999,452.55545599999994,,0.4945,0.001,resolved,0x75169252bf6216b672b9127bd57c26ce6b49abd158123070c7e50fc79454b97d,https://data.chain.link/streams/sol-usd-twap-60s-streams,114.30755885607762,2026-09-23 19:01:26+00
xrp-updown-15m-1790189100,XRP,"XRP Up or Down - September 23, 2:45PM-3:00PM ET",2026-09-23T19:00:00Z,2026-09-23T18:45:00Z,1.4931991244693583,Up,"[""1"", ""0""]",0.999,512.777529,,0.4945,0.001,resolved,0x3abdc9809f1c10469cc12ab8dbd5dbce1da1372939e797310e7606ccb6be4521,https://data.chain.link/streams/xrp-usd-twap-60s-streams,1.4960290501165443,2026-09-23 19:01:26+00
zec-updown-15m-1790189100,ZEC,"ZCash Up or Down - September 23, 2:45PM-3:00PM ET",2026-09-23T19:00:00Z,2026-09-23T18:45:00Z,1519.3931361625419,Up,"[""1"", ""0""]",,,,0.495,0.01,resolved,0x72c4e114290f76dd4f54681f075d044383eb7e2eaa44de42ebd1f0e161ce2b53,https://data.chain.link/streams/zec-usd-twap-60s-streams,1521.7542436848298,2026-09-23 19:01:26+00
bnb-updown-15m-1790190000,BNB,"BNB Up or Down - September 23, 3:00PM-3:15PM ET",2026-09-23T19:15:00Z,2026-09-23T19:00:00Z,766.9793991678789,Down,"[""0"", ""1""]",0.1,1203.3090370000002,,-0.5,0.01,resolved,0xddc40605e9ec1c794a6dff5927cd5b58270422f481b30535909ad19b1784b6cb,https://data.chain.link/streams/bnb-usd-twap-60s-streams,766.9736058186446,2026-09-23 19:15:53+00
btc-updown-15m-1790190000,BTC,"Bitcoin Up or Down - September 23, 3:00PM-3:15PM ET",2026-09-23T19:15:00Z,2026-09-23T19:00:00Z,84330.82269635616,Up,"[""1"", ""0""]",0.999,24104.30406800001,2551.110197,0.4945,0.001,resolved,0x537818ff61e3322353e602a2285bbcf9f34e99c7cd8b16f00f1816f432018e0c,https://data.chain.link/streams/btc-usd-twap-60s-streams,84359.46528191696,2026-09-23 19:15:53+00
doge-updown-15m-1790190000,DOGE,"Dogecoin Up or Down - September 23, 3:00PM-3:15PM ET",2026-09-23T19:15:00Z,2026-09-23T19:00:00Z,0.09209595243896118,Up,"[""1"", ""0""]",0.99,551.5774759999999,,0.4995,0.001,resolved,0xb8fdf5439958bba14a7e1a0015733ece3329f94d583ebdd7778b381dfeb8c7ae,https://data.chain.link/streams/doge-usd-twap-60s-streams,0.09218928214554219,2026-09-23 19:15:53+00
eth-updown-15m-1790190000,ETH,"Ethereum Up or Down - September 23, 3:00PM-3:15PM ET",2026-09-23T19:15:00Z,2026-09-23T19:00:00Z,2669.1935625426427,Down,"[""0"", ""1""]",0.11,2478.599348999999,,-0.495,0.01,resolved,0xa9b98b83b2be8595f98d0b081e7d3766a90548ad49b19d5f70d89bd5b201fc81,https://data.chain.link/streams/eth-usd-twap-60s-streams,2668.274619127893,2026-09-23 19:15:53+00
hype-updown-15m-1790190000,HYPE,"Hyperliquid Up or Down - September 23, 3:00PM-3:15PM ET",2026-09-23T19:15:00Z,2026-09-23T19:00:00Z,93.83425813879117,Down,"[""0"", ""1""]",0.45,79.77370400000001,,-0.5,0.01,resolved,0xaf0ed7a839ecc7b0b3b2a2e95359971ffb453776dba7a10b9d56ef5111070c34,https://data.chain.link/streams/hype-usd-twap-60s-streams,93.72428509159292,2026-09-23 19:16:02+00
sol-updown-15m-1790190000,SOL,"Solana Up or Down - September 23, 3:00PM-3:15PM ET",2026-09-23T19:15:00Z,2026-09-23T19:00:00Z,114.30755885607762,Down,"[""0"", ""1""]",0.09,480.51729600000004,,-0.5,0.01,resolved,0x05d5779d5a6914a3c78affbc21088e95ab4dbf375e64e463def87ec7d174a8bb,https://data.chain.link/streams/sol-usd-twap-60s-streams,114.19419311518287,2026-09-23 19:16:01+00
xrp-updown-15m-1790190000,XRP,"XRP Up or Down - September 23, 3:00PM-3:15PM ET",2026-09-23T19:15:00Z,2026-09-23T19:00:00Z,1.4960290501165443,Up,"[""1"", ""0""]",0.99,951.4078670000002,,0.49,0.01,resolved,0x571bd8c71a66de92d101ad6c9d9da2511042a1c1eea31055e1f30af755e68076,https://data.chain.link/streams/xrp-usd-twap-60s-streams,1.4961335457094251,2026-09-23 19:15:53+00
zec-updown-15m-1790190000,ZEC,"ZCash Up or Down - September 23, 3:00PM-3:15PM ET",2026-09-23T19:15:00Z,2026-09-23T19:00:00Z,1521.7542436848298,Up,"[""1"", ""0""]",,,,0.495,0.01,resolved,0x7d740c9dcad54eaf7ee73baefdaacb99637bbfcddf0b60ad40d93e86a54c53c8,https://data.chain.link/streams/zec-usd-twap-60s-streams,1525.3674805019245,2026-09-23 19:15:53+00
bnb-updown-15m-1790190900,BNB,"BNB Up or Down - September 23, 3:15PM-3:30PM ET",2026-09-23T19:30:00Z,2026-09-23T19:15:00Z,766.9736058186446,Up,"[""1"", ""0""]",0.99,510.28576599999997,,0.49,0.01,resolved,0x39a9df213f2887dbc431da1234c82d29c96a1337fe06c5f3b100c28466d80474,https://data.chain.link/streams/bnb-usd-twap-60s-streams,767.2724830257639,2026-09-23 19:31:35+00
btc-updown-15m-1790190900,BTC,"Bitcoin Up or Down - September 23, 3:15PM-3:30PM ET",2026-09-23T19:30:00Z,2026-09-23T19:15:00Z,84359.46528191696,Up,"[""1"", ""0""]",0.999,20132.52256,10.490197,0.4945,0.001,resolved,0x8ea7879e930c67f5985001e12e352e263be276d241c6174fe544c382dad9fd19,https://data.chain.link/streams/btc-usd-twap-60s-streams,84397.71354053663,2026-09-23 19:31:26+00
doge-updown-15m-1790190900,DOGE,"Dogecoin Up or Down - September 23, 3:15PM-3:30PM ET",2026-09-23T19:30:00Z,2026-09-23T19:15:00Z,0.09218928214554219,Up,"[""1"", ""0""]",0.99,313.21223200000003,,0.4995,0.001,resolved,0xb9e4226856fe37311c71a77122b5eec484d784de93cbbca15e6ec264356a4427,https://data.chain.link/streams/doge-usd-twap-60s-streams,0.09251118822288178,2026-09-23 19:31:26+00
eth-updown-15m-1790190900,ETH,"Ethereum Up or Down - September 23, 3:15PM-3:30PM ET",2026-09-23T19:30:00Z,2026-09-23T19:15:00Z,2668.274619127893,Up,"[""1"", ""0""]",0.999,1428.6470709999999,,0.4945,0.001,resolved,0x670f6bf9fc937efc6a9e7de68951b764084aedae69b1eeafd8791b17bb469d47,https://data.chain.link/streams/eth-usd-twap-60s-streams,2672.6631031449483,2026-09-23 19:31:26+00
hype-updown-15m-1790190900,HYPE,"Hyperliquid Up or Down - September 23, 3:15PM-3:30PM ET",2026-09-23T19:30:00Z,2026-09-23T19:15:00Z,93.72428509159292,Up,"[""1"", ""0""]",0.999,100.804425,,0.4945,0.001,resolved,0xc7a6f46e7ab8fc0268dbde50861fa495a2e3fb40915e953e2b4c1d4b59b1111a,https://data.chain.link/streams/hype-usd-twap-60s-streams,93.77592634922952,2026-09-23 19:31:26+00
sol-updown-15m-1790190900,SOL,"Solana Up or Down - September 23, 3:15PM-3:30PM ET",2026-09-23T19:30:00Z,2026-09-23T19:15:00Z,114.19419311518287,Up,"[""1"", ""0""]",0.999,353.14465800000005,,0.4945,0.001,resolved,0x8988575532eb677e8b204954be1e84042a3116bd870284518afc9a97f6e280d7,https://data.chain.link/streams/sol-usd-twap-60s-streams,114.46429478094208,2026-09-23 19:31:26+00
xrp-updown-15m-1790190900,XRP,"XRP Up or Down - September 23, 3:15PM-3:30PM ET",2026-09-23T19:30:00Z,2026-09-23T19:15:00Z,1.4961335457094251,Up,"[""1"", ""0""]",0.99,248.571302,,0.4945,0.001,resolved,0x792d2184b821cd9dec21c2fe8af91445374756795e90062e8ce8edf441f0dd15,https://data.chain.link/streams/xrp-usd-twap-60s-streams,1.4988367366236324,2026-09-23 19:31:35+00
zec-updown-15m-1790190900,ZEC,"ZCash Up or Down - September 23, 3:15PM-3:30PM ET",2026-09-23T19:30:00Z,2026-09-23T19:15:00Z,1525.3674805019245,Down,"[""0"", ""1""]",,,,-0.495,0.01,resolved,0x2b15cd3ade54ff30772a2978680e667703dab0f3c0005e29603ab829c894449c,https://data.chain.link/streams/zec-usd-twap-60s-streams,1523.4830847134251,2026-09-23 19:31:26+00
bnb-updown-15m-1790191800,BNB,"BNB Up or Down - September 23, 3:30PM-3:45PM ET",2026-09-23T19:45:00Z,2026-09-23T19:30:00Z,767.2724830257639,Down,"[""0"", ""1""]",0.09,251.80941999999996,,-0.5,0.01,resolved,0xe70352bc8ca4d02bddde551abbe4b2b4eb7be21aab40774b5e29c4fc24e0c5b1,https://data.chain.link/streams/bnb-usd-twap-60s-streams,767.1344951230733,2026-09-23 19:45:53+00
btc-updown-15m-1790191800,BTC,"Bitcoin Up or Down - September 23, 3:30PM-3:45PM ET",2026-09-23T19:45:00Z,2026-09-23T19:30:00Z,84397.71354053663,Up,"[""1"", ""0""]",0.999,18992.598491000008,,0.4945,0.001,resolved,0xfcd855498e4d33dba7fa5947020c41089359bebc78b7ff99b3c7bb0471fc1b19,https://data.chain.link/streams/btc-usd-twap-60s-streams,84448.05138654225,2026-09-23 19:45:53+00
doge-updown-15m-1790191800,DOGE,"Dogecoin Up or Down - September 23, 3:30PM-3:45PM ET",2026-09-23T19:45:00Z,2026-09-23T19:30:00Z,0.09251118822288178,Down,"[""0"", ""1""]",0.01,415.07004700000005,,-0.4995,0.001,resolved,0xef69b47f6f3e57887602334217e140245a223ca56157e20e1ad61b78d80906ac,https://data.chain.link/streams/doge-usd-twap-60s-streams,0.09234304241872215,2026-09-23 19:45:53+00
eth-updown-15m-1790191800,ETH,"Ethereum Up or Down - September 23, 3:30PM-3:45PM ET",2026-09-23T19:45:00Z,2026-09-23T19:30:00Z,2672.6631031449483,Up,"[""1"", ""0""]",0.999,5646.445066999999,,0.4945,0.001,resolved,0xbd608f9bbda134cda848812948dcd7d94b7928a486380e1a94413a2b2ae149f2,https://data.chain.link/streams/eth-usd-twap-60s-streams,2674.511082428327,2026-09-23 19:45:53+00
hype-updown-15m-1790191800,HYPE,"Hyperliquid Up or Down - September 23, 3:30PM-3:45PM ET",2026-09-23T19:45:00Z,2026-09-23T19:30:00Z,93.77592634922952,Down,"[""0"", ""1""]",0.01,,,-0.5045,0.001,resolved,0x8e52a4d81659393c06fa421fef60ce43a2101389d0aab0eab540be4a1ee36970,https://data.chain.link/streams/hype-usd-twap-60s-streams,93.54149559032199,2026-09-23 19:45:53+00
sol-updown-15m-1790191800,SOL,"Solana Up or Down - September 23, 3:30PM-3:45PM ET",2026-09-23T19:45:00Z,2026-09-23T19:30:00Z,114.46429478094208,Down,"[""0"", ""1""]",0.02,1142.191502,,-0.5,0.01,resolved,0x4bbf021b01bd1d68ef63ba6c531d6353314b8c29c2a300b0c6c2f5ebb39799b4,https://data.chain.link/streams/sol-usd-twap-60s-streams,114.41975712840895,2026-09-23 19:45:53+00
xrp-updown-15m-1790191800,XRP,"XRP Up or Down - September 23, 3:30PM-3:45PM ET",2026-09-23T19:45:00Z,2026-09-23T19:30:00Z,1.4988367366236324,Down,"[""0"", ""1""]",0.12,722.3454519999999,,-0.5,0.01,resolved,0xde2f3325aa0bb463c5001104f47800458e3a87c49b168bd67a3d49d122e827f9,https://data.chain.link/streams/xrp-usd-twap-60s-streams,1.4985073591805258,2026-09-23 19:45:53+00
zec-updown-15m-1790191800,ZEC,"ZCash Up or Down - September 23, 3:30PM-3:45PM ET",2026-09-23T19:45:00Z,2026-09-23T19:30:00Z,1523.4830847134251,Down,"[""0"", ""1""]",,,,-0.495,0.01,resolved,0xea7fcc09e0a1aaeca644236d14a1251b70da7ed489e78e65179f43b8e6baf151,https://data.chain.link/streams/zec-usd-twap-60s-streams,1511.4908466239117,2026-09-23 19:46:01+00
bnb-updown-15m-1790192700,BNB,"BNB Up or Down - September 23, 3:45PM-4:00PM ET",2026-09-23T20:00:00Z,2026-09-23T19:45:00Z,767.1344951230733,Up,"[""1"", ""0""]",0.99,138.3203,,0.4945,0.001,resolved,0xfeba85152a3dafd11f58c9cc73b22faab45c9cfb9fdd6e0262c9a17fe502e09b,https://data.chain.link/streams/bnb-usd-twap-60s-streams,767.7161438649844,2026-09-23 20:01:26+00
btc-updown-15m-1790192700,BTC,"Bitcoin Up or Down - September 23, 3:45PM-4:00PM ET",2026-09-23T20:00:00Z,2026-09-23T19:45:00Z,84448.05138654225,Up,"[""1"", ""0""]",0.999,32869.683313999994,,0.4945,0.001,resolved,0x5fb3e67143e7e530bb7e8b73429ec9606bd5d37550ff8db2ac22855bb1d1a2c1,https://data.chain.link/streams/btc-usd-twap-60s-streams,84470.636598215,2026-09-23 20:01:35+00
doge-updown-15m-1790192700,DOGE,"Dogecoin Up or Down - September 23, 3:45PM-4:00PM ET",2026-09-23T20:00:00Z,2026-09-23T19:45:00Z,0.09234304241872215,Down,"[""0"", ""1""]",0.04,716.6536950000001,,-0.4995,0.001,resolved,0x203b97bb6c2dcb5ce89faadb509d6b3805479da94c6497026e5b1ec297d1e199,https://data.chain.link/streams/doge-usd-twap-60s-streams,0.09230931130088367,2026-09-23 20:01:26+00
eth-updown-15m-1790192700,ETH,"Ethereum Up or Down - September 23, 3:45PM-4:00PM ET",2026-09-23T20:00:00Z,2026-09-23T19:45:00Z,2674.511082428327,Up,"[""1"", ""0""]",0.999,3250.277107,,0.4945,0.001,resolved,0x8dee1ecfc58896e1703733f0be5aee8979e68f9e7d249431779771fff1a71b52,https://data.chain.link/streams/eth-usd-twap-60s-streams,2676.646402409237,2026-09-23 20:01:26+00
hype-updown-15m-1790192700,HYPE,"Hyperliquid Up or Down - September 23, 3:45PM-4:00PM ET",2026-09-23T20:00:00Z,2026-09-23T19:45:00Z,93.54149559032199,Up,"[""1"", ""0""]",0.999,191.50914,,0.4945,0.001,resolved,0xdb3fda38249557679cbdc7f9420ee91e01ea9c470c0883c686e131af9585b494,https://data.chain.link/streams/hype-usd-twap-60s-streams,93.59437481050233,2026-09-23 20:01:26+00
sol-updown-15m-1790192700,SOL,"Solana Up or Down - September 23, 3:45PM-4:00PM ET",2026-09-23T20:00:00Z,2026-09-23T19:45:00Z,114.41975712840895,Up,"[""1"", ""0""]",0.999,1117.6818309999999,,0.4945,0.001,resolved,0x71eeb084d77c48025a1b9876e0502f97fe4c7f195c556652b72c247bdfd4aa88,https://data.chain.link/streams/sol-usd-twap-60s-streams,114.5436289891774,2026-09-23 20:01:26+00
xrp-updown-15m-1790192700,XRP,"XRP Up or Down - September 23, 3:45PM-4:00PM ET",2026-09-23T20:00:00Z,2026-09-23T19:45:00Z,1.4985073591805258,Down,"[""0"", ""1""]",0.01,921.294967,,-0.5,0.01,resolved,0x44baa271792dc26a46b5372f1e7004cac3040f49dc198b368bb98597d072b63f,https://data.chain.link/streams/xrp-usd-twap-60s-streams,1.4945528568526054,2026-09-23 20:01:26+00
zec-updown-15m-1790192700,ZEC,"ZCash Up or Down - September 23, 3:45PM-4:00PM ET",2026-09-23T20:00:00Z,2026-09-23T19:45:00Z,1511.4908466239117,Up,"[""1"", ""0""]",,,,0.4995,0.001,resolved,0xa72efdf73200cfdde760239bc28b5a0e0cb375a867d56162a40aefb3997c7107,https://data.chain.link/streams/zec-usd-twap-60s-streams,1516.4519709221306,2026-09-23 20:01:35+00
bnb-updown-15m-1790193600,BNB,"BNB Up or Down - September 23, 4:00PM-4:15PM ET",2026-09-23T20:15:00Z,2026-09-23T20:00:00Z,767.7161438649844,Down,"[""0"", ""1""]",0.13,231.07418,,-0.5045,0.001,resolved,0xccf105057b9d182741eaf5895f229003b6c352aefa2f97a8a37c8923a3306257,https://data.chain.link/streams/bnb-usd-twap-60s-streams,767.0241372598027,2026-09-23 20:15:53+00
btc-updown-15m-1790193600,BTC,"Bitcoin Up or Down - September 23, 4:00PM-4:15PM ET",2026-09-23T20:15:00Z,2026-09-23T20:00:00Z,84470.636598215,Down,"[""0"", ""1""]",0.001,21712.065101000022,1546.776327,-0.5045,0.001,resolved,0xecf07745e96dee772d5ab64489a158a3d71a20cb62ebab065bca7ef4fadaa25f,https://data.chain.link/streams/btc-usd-twap-60s-streams,84366.58569667081,2026-09-23 20:15:53+00
doge-updown-15m-1790193600,DOGE,"Dogecoin Up or Down - September 23, 4:00PM-4:15PM ET",2026-09-23T20:15:00Z,2026-09-23T20:00:00Z,0.09230931130088367,Down,"[""0"", ""1""]",0.15,330.006233,,-0.4995,0.001,resolved,0x92ed3dbe08227850a93e370d2320607e386be133dda992d3621416735d754572,https://data.chain.link/streams/doge-usd-twap-60s-streams,0.09220196398815951,2026-09-23 20:15:53+00
eth-updown-15m-1790193600,ETH,"Ethereum Up or Down - September 23, 4:00PM-4:15PM ET",2026-09-23T20:15:00Z,2026-09-23T20:00:00Z,2676.646402409237,Down,"[""0"", ""1""]",0.03,4034.792265999999,40,-0.5045,0.001,resolved,0x32d630e3683fd06808c9c2f7045122057b4094422b4631ed6793fb7a7779c634,https://data.chain.link/streams/eth-usd-twap-60s-streams,2674.06730694071,2026-09-23 20:15:53+00
hype-updown-15m-1790193600,HYPE,"Hyperliquid Up or Down - September 23, 4:00PM-4:15PM ET",2026-09-23T20:15:00Z,2026-09-23T20:00:00Z,93.59437481050233,Down,"[""0"", ""1""]",0.05,305.56496599999997,,-0.5045,0.001,resolved,0x1315858c7bac745cb0c63319147036725a432e00d4c56dc32a95fc106eb40267,https://data.chain.link/streams/hype-usd-twap-60s-streams,93.4115565514506,2026-09-23 20:16:02+00
sol-updown-15m-1790193600,SOL,"Solana Up or Down - September 23, 4:00PM-4:15PM ET",2026-09-23T20:15:00Z,2026-09-23T20:00:00Z,114.5436289891774,Down,"[""0"", ""1""]",0.14,476.02427,,-0.5045,0.001,resolved,0x60bbd1ce5960671d791eb362e6d0c557023ed606cfd0cb6d1979d4f7784bdd67,https://data.chain.link/streams/sol-usd-twap-60s-streams,114.35960575914395,2026-09-23 20:15:53+00
xrp-updown-15m-1790193600,XRP,"XRP Up or Down - September 23, 4:00PM-4:15PM ET",2026-09-23T20:15:00Z,2026-09-23T20:00:00Z,1.4945528568526054,Down,"[""0"", ""1""]",0.19,301.110199,,-0.5045,0.001,resolved,0xd467c6f405863d83e443a1ba6ba6fafc1bb229f12c98592efb3abf91e720aef4,https://data.chain.link/streams/xrp-usd-twap-60s-streams,1.4895764502252329,2026-09-23 20:15:53+00
zec-updown-15m-1790193600,ZEC,"ZCash Up or Down - September 23, 4:00PM-4:15PM ET",2026-09-23T20:15:00Z,2026-09-23T20:00:00Z,1516.4519709221306,Down,"[""0"", ""1""]",0.1,,,-0.495,0.01,resolved,0x5657d05fbc53307acb577e505b857e5a7befc571ecc66e4952544c563d1f8699,https://data.chain.link/streams/zec-usd-twap-60s-streams,1508.7545431304613,2026-09-23 20:15:53+00
bnb-updown-15m-1790194500,BNB,"BNB Up or Down - September 23, 4:15PM-4:30PM ET",2026-09-23T20:30:00Z,2026-09-23T20:15:00Z,767.0241372598027,Down,"[""0"", ""1""]",0.05,462.248063,,-0.5045,0.001,resolved,0xea2d7d633a637c9bde1c2e9d7b92db909ae2ae839fe9ece51067809061e9746d,https://data.chain.link/streams/bnb-usd-twap-60s-streams,765.3629360828782,2026-09-23 20:30:53+00
btc-updown-15m-1790194500,BTC,"Bitcoin Up or Down - September 23, 4:15PM-4:30PM ET",2026-09-23T20:30:00Z,2026-09-23T20:15:00Z,84366.58569667081,Down,"[""0"", ""1""]",0.008,9992.222323,402.64706,-0.5045,0.001,resolved,0x99afdc74ee140794b238a08a720d7fbc6ce0bbc9d610335ffb08ce5254dd369e,https://data.chain.link/streams/btc-usd-twap-60s-streams,84272.64294768315,2026-09-23 20:30:53+00
doge-updown-15m-1790194500,DOGE,"Dogecoin Up or Down - September 23, 4:15PM-4:30PM ET",2026-09-23T20:30:00Z,2026-09-23T20:15:00Z,0.09220196398815951,Down,"[""0"", ""1""]",0.04,348.530804,,-0.4995,0.001,resolved,0x9188b3b844ac118baf57e66a331c7009fdc8fce5f15814f4a77889050216918d,https://data.chain.link/streams/doge-usd-twap-60s-streams,0.09191788965139656,2026-09-23 20:30:53+00
eth-updown-15m-1790194500,ETH,"Ethereum Up or Down - September 23, 4:15PM-4:30PM ET",2026-09-23T20:30:00Z,2026-09-23T20:15:00Z,2674.06730694071,Down,"[""0"", ""1""]",0.05,1861.245312,,-0.5045,0.001,resolved,0xb945f12ed4b5b4840de160f23a5874fdb61f9edcbab73945e3a58221288199d3,https://data.chain.link/streams/eth-usd-twap-60s-streams,2669.8138904502875,2026-09-23 20:30:53+00
hype-updown-15m-1790194500,HYPE,"Hyperliquid Up or Down - September 23, 4:15PM-4:30PM ET",2026-09-23T20:30:00Z,2026-09-23T20:15:00Z,93.4115565514506,Down,"[""0"", ""1""]",0.001,231.8922,,-0.5045,0.001,resolved,0x9210ae5fefda00da806450634c7a1764cdb2508890d23775c7af7a2beafc34ab,https://data.chain.link/streams/hype-usd-twap-60s-streams,92.97087687391145,2026-09-23 20:30:53+00
sol-updown-15m-1790194500,SOL,"Solana Up or Down - September 23, 4:15PM-4:30PM ET",2026-09-23T20:30:00Z,2026-09-23T20:15:00Z,114.35960575914395,Down,"[""0"", ""1""]",0.05,770.508667,,-0.5045,0.001,resolved,0xf93e03750383c720ed1f28861db020e88615965fde649f52ee284b36997a4ae9,https://data.chain.link/streams/sol-usd-twap-60s-streams,114.06647417511815,2026-09-23 20:30:53+00
xrp-updown-15m-1790194500,XRP,"XRP Up or Down - September 23, 4:15PM-4:30PM ET",2026-09-23T20:30:00Z,2026-09-23T20:15:00Z,1.4895764502252329,Down,"[""0"", ""1""]",0.08,1065.723849,,-0.5045,0.001,resolved,0xe188cae42da69ad950d8ba7f72f71e41aca594757a1479ec1c96db0405c7bc96,https://data.chain.link/streams/xrp-usd-twap-60s-streams,1.4819947520820458,2026-09-23 20:30:53+00
zec-updown-15m-1790194500,ZEC,"ZCash Up or Down - September 23, 4:15PM-4:30PM ET",2026-09-23T20:30:00Z,2026-09-23T20:15:00Z,1508.7545431304613,Down,"[""0"", ""1""]",,,,-0.495,0.01,resolved,0xd93b6d87a60092d9fa614a5968104bf04824399cdd7d6a6c3edebef5114c4b43,https://data.chain.link/streams/zec-usd-twap-60s-streams,1508.1016395192717,2026-09-23 20:30:53+00
bnb-updown-15m-1790195400,BNB,"BNB Up or Down - September 23, 4:30PM-4:45PM ET",2026-09-23T20:45:00Z,2026-09-23T20:30:00Z,765.3629360828782,Up,"[""1"", ""0""]",0.999,362.901272,,0.4945,0.001,resolved,0x971e898cbfcbb7e1f4da0172f097fbf2276747e579af93b72271e671078c881d,https://data.chain.link/streams/bnb-usd-twap-60s-streams,766.2755343079754,2026-09-23 20:46:26+00
btc-updown-15m-1790195400,BTC,"Bitcoin Up or Down - September 23, 4:30PM-4:45PM ET",2026-09-23T20:45:00Z,2026-09-23T20:30:00Z,84272.64294768315,Up,"[""1"", ""0""]",0.999,13932.931428999995,,0.4945,0.001,resolved,0x18d81b9c9e385f1d65511ec0e74f8b0dfaaebb5bc4ecd0cbbfb2f801b0fdce6d,https://data.chain.link/streams/btc-usd-twap-60s-streams,84390.83754637647,2026-09-23 20:46:26+00
doge-updown-15m-1790195400,DOGE,"Dogecoin Up or Down - September 23, 4:30PM-4:45PM ET",2026-09-23T20:45:00Z,2026-09-23T20:30:00Z,0.09191788965139656,Up,"[""1"", ""0""]",0.999,577.5818619999999,,0.4995,0.001,resolved,0x0676e8a1ca69e98e99c10215d8e989761a95d90c53feaf6135dc228ee9125153,https://data.chain.link/streams/doge-usd-twap-60s-streams,0.09218427483156019,2026-09-23 20:46:26+00
eth-updown-15m-1790195400,ETH,"Ethereum Up or Down - September 23, 4:30PM-4:45PM ET",2026-09-23T20:45:00Z,2026-09-23T20:30:00Z,2669.8138904502875,Up,"[""1"", ""0""]",0.999,1511.235886,,0.4945,0.001,resolved,0x26371e4a6b8c5e32de9a5b5d43d2ce97bec2fb2f0f622da7a649ef3d82f11e09,https://data.chain.link/streams/eth-usd-twap-60s-streams,2674.957055592832,2026-09-23 20:46:28+00
hype-updown-15m-1790195400,HYPE,"Hyperliquid Up or Down - September 23, 4:30PM-4:45PM ET",2026-09-23T20:45:00Z,2026-09-23T20:30:00Z,92.97087687391145,Down,"[""0"", ""1""]",0.97,1187.598952,,-0.5,0.01,resolved,0x768f9e40147cb2a443d214bf1f632cfe339d8d0a21f4e9cbbca76bce00f82736,https://data.chain.link/streams/hype-usd-twap-60s-streams,92.95273387328024,2026-09-23 20:46:28+00
sol-updown-15m-1790195400,SOL,"Solana Up or Down - September 23, 4:30PM-4:45PM ET",2026-09-23T20:45:00Z,2026-09-23T20:30:00Z,114.06647417511815,Up,"[""1"", ""0""]",0.999,472.6549520000001,,0.4945,0.001,resolved,0x3211cc777cb35c8d5a339b5cc18ec5edf1e08482475f9c149f96f2142e59d83f,https://data.chain.link/streams/sol-usd-twap-60s-streams,114.30190247360315,2026-09-23 20:46:28+00
xrp-updown-15m-1790195400,XRP,"XRP Up or Down - September 23, 4:30PM-4:45PM ET",2026-09-23T20:45:00Z,2026-09-23T20:30:00Z,1.4819947520820458,Up,"[""1"", ""0""]",0.999,596.5635169999999,,0.4945,0.001,resolved,0xba53ec3dfe184f43cc02951cba7693132cc134160c75d492ded67b614a23778a,https://data.chain.link/streams/xrp-usd-twap-60s-streams,1.486896885217,2026-09-23 20:46:26+00
zec-updown-15m-1790195400,ZEC,"ZCash Up or Down - September 23, 4:30PM-4:45PM ET",2026-09-23T20:45:00Z,2026-09-23T20:30:00Z,1508.1016395192717,Up,"[""1"", ""0""]",,,,0.495,0.01,resolved,0x22cc0c9ce177c994ba9f748b6ff33ddfe11164c5ccafa424c224bccfdd89153b,https://data.chain.link/streams/zec-usd-twap-60s-streams,1519.7275111127965,2026-09-23 20:46:37+00
bnb-updown-15m-1790196300,BNB,"BNB Up or Down - September 23, 4:45PM-5:00PM ET",2026-09-23T21:00:00Z,2026-09-23T20:45:00Z,766.2755343079754,Down,"[""0"", ""1""]",0.12,357.47169299999996,,-0.5045,0.001,resolved,0x17be09af754481c74a8778f429aa573bf0c3b658dcaeb5e1336d5f6ff8247909,https://data.chain.link/streams/bnb-usd-twap-60s-streams,765.2598399969713,2026-09-23 21:00:55+00
btc-updown-15m-1790196300,BTC,"Bitcoin Up or Down - September 23, 4:45PM-5:00PM ET",2026-09-23T21:00:00Z,2026-09-23T20:45:00Z,84390.83754637647,Down,"[""0"", ""1""]",0.01,14554.198951000004,,-0.5045,0.001,resolved,0xb856333d6fcce20c3b66a4fafbf87f7274482f4709cd707a206e48159dabfd9c,https://data.chain.link/streams/btc-usd-twap-60s-streams,84216.58352416786,2026-09-23 21:00:55+00
doge-updown-15m-1790196300,DOGE,"Dogecoin Up or Down - September 23, 4:45PM-5:00PM ET",2026-09-23T21:00:00Z,2026-09-23T20:45:00Z,0.09218427483156019,Down,"[""0"", ""1""]",0.016,464.414489,,-0.4995,0.001,resolved,0x9155b08b719dd31e916ec76d3b4b59251ac8e96ede384dbb6311b4aa92f309f5,https://data.chain.link/streams/doge-usd-twap-60s-streams,0.09186059698729095,2026-09-23 21:00:55+00
eth-updown-15m-1790196300,ETH,"Ethereum Up or Down - September 23, 4:45PM-5:00PM ET",2026-09-23T21:00:00Z,2026-09-23T20:45:00Z,2674.957055592832,Down,"[""0"", ""1""]",0.01,1831.0340849999998,,-0.5045,0.001,resolved,0x7612b41540c9b6887aeb30090aaead4b69d8a03d6c805594683be113567a0c30,https://data.chain.link/streams/eth-usd-twap-60s-streams,2670.3228166942426,2026-09-23 21:00:55+00
hype-updown-15m-1790196300,HYPE,"Hyperliquid Up or Down - September 23, 4:45PM-5:00PM ET",2026-09-23T21:00:00Z,2026-09-23T20:45:00Z,92.95273387328024,Down,"[""0"", ""1""]",0.18,346.235726,,-0.5,0.01,resolved,0x90e578b2a166c6430ff2062159905af1d805ba7b99e41bffadefb7f47aaa3e5f,https://data.chain.link/streams/hype-usd-twap-60s-streams,92.8219238208288,2026-09-23 21:00:55+00
sol-updown-15m-1790196300,SOL,"Solana Up or Down - September 23, 4:45PM-5:00PM ET",2026-09-23T21:00:00Z,2026-09-23T20:45:00Z,114.30190247360315,Down,"[""0"", ""1""]",0.15,665.5008210000001,,-0.5045,0.001,resolved,0x2f424a55102ee5013a2906d9f826e663d9f4caed3339be2fdeece784dd16ca7c,https://data.chain.link/streams/sol-usd-twap-60s-streams,114.00337254045631,2026-09-23 21:00:55+00
xrp-updown-15m-1790196300,XRP,"XRP Up or Down - September 23, 4:45PM-5:00PM ET",2026-09-23T21:00:00Z,2026-09-23T20:45:00Z,1.486896885217,Down,"[""0"", ""1""]",0.12,555.3343559999998,,-0.5045,0.001,resolved,0x4a96fa75db9d1bb73e323fe29b9a1a90f99865ffdd7e9579c085f13b81cf2131,https://data.chain.link/streams/xrp-usd-twap-60s-streams,1.4826369087780285,2026-09-23 21:00:55+00
zec-updown-15m-1790196300,ZEC,"ZCash Up or Down - September 23, 4:45PM-5:00PM ET",2026-09-23T21:00:00Z,2026-09-23T20:45:00Z,1519.7275111127965,Down,"[""0"", ""1""]",,,,-0.495,0.01,resolved,0xd7377351d838b7c86b5e2330eae5575e881f59085885df49c02ab89fe1a35071,https://data.chain.link/streams/zec-usd-twap-60s-streams,1504.4611387245538,2026-09-23 21:00:55+00
bnb-updown-15m-1790197200,BNB,"BNB Up or Down - September 23, 5:00PM-5:15PM ET",2026-09-23T21:15:00Z,2026-09-23T21:00:00Z,765.2598399969713,Up,"[""1"", ""0""]",0.99,718.729623,,0.4945,0.001,resolved,0x3612a91a2fad35b27a945efde92efb3ddfc2c70d3c5622c262a343514684e08f,https://data.chain.link/streams/bnb-usd-twap-60s-streams,766.4121794060785,2026-09-23 21:15:53+00
btc-updown-15m-1790197200,BTC,"Bitcoin Up or Down - September 23, 5:00PM-5:15PM ET",2026-09-23T21:15:00Z,2026-09-23T21:00:00Z,84216.58352416786,Up,"[""1"", ""0""]",0.999,21185.845051000004,2914.149414,0.4945,0.001,resolved,0x3b2e5436361a9fdc2d3e0e8b541c9b0de5ce6904dc98684a26da2fe8cf63f66b,https://data.chain.link/streams/btc-usd-twap-60s-streams,84359.10032403741,2026-09-23 21:16:01+00
doge-updown-15m-1790197200,DOGE,"Dogecoin Up or Down - September 23, 5:00PM-5:15PM ET",2026-09-23T21:15:00Z,2026-09-23T21:00:00Z,0.09186059698729095,Up,"[""1"", ""0""]",0.999,617.678789,,0.4995,0.001,resolved,0xa4846f785fa9598325952ea0b64b77359d6562857dc367fdfb8cd868984573a6,https://data.chain.link/streams/doge-usd-twap-60s-streams,0.09220562406475137,2026-09-23 21:15:53+00
eth-updown-15m-1790197200,ETH,"Ethereum Up or Down - September 23, 5:00PM-5:15PM ET",2026-09-23T21:15:00Z,2026-09-23T21:00:00Z,2670.3228166942426,Up,"[""1"", ""0""]",0.999,5367.059188000001,,0.4945,0.001,resolved,0x5821a185ddd9cdc93cb7c1ecf387a4ab672422b79c0d0e29a020e0d4b97dce39,https://data.chain.link/streams/eth-usd-twap-60s-streams,2673.2945787496014,2026-09-23 21:15:53+00
hype-updown-15m-1790197200,HYPE,"Hyperliquid Up or Down - September 23, 5:00PM-5:15PM ET",2026-09-23T21:15:00Z,2026-09-23T21:00:00Z,92.8219238208288,Up,"[""1"", ""0""]",0.36,243.144583,,0.49,0.01,resolved,0x00e4bd45519d5d050074fb3cc032bc64a9a161ed2c93eb42803ee4cff659b894,https://data.chain.link/streams/hype-usd-twap-60s-streams,92.84839248746444,2026-09-23 21:15:53+00
sol-updown-15m-1790197200,SOL,"Solana Up or Down - September 23, 5:00PM-5:15PM ET",2026-09-23T21:15:00Z,2026-09-23T21:00:00Z,114.00337254045631,Up,"[""1"", ""0""]",0.999,1160.657203,,0.4945,0.001,resolved,0x97216091921d9eab8e05db408b1ff11ea1f89facb27ccfeb0c5f293f6ff7a369,https://data.chain.link/streams/sol-usd-twap-60s-streams,114.33675911564673,2026-09-23 21:15:53+00
xrp-updown-15m-1790197200,XRP,"XRP Up or Down - September 23, 5:00PM-5:15PM ET",2026-09-23T21:15:00Z,2026-09-23T21:00:00Z,1.4826369087780285,Up,"[""1"", ""0""]",0.999,613.098372,,0.4945,0.001,resolved,0x4aaa4460bb64a20fead5a9a60e80724704c57f129506c2fc2e730e8101870ebf,https://data.chain.link/streams/xrp-usd-twap-60s-streams,1.4890437975564392,2026-09-23 21:15:53+00
zec-updown-15m-1790197200,ZEC,"ZCash Up or Down - September 23, 5:00PM-5:15PM ET",2026-09-23T21:15:00Z,2026-09-23T21:00:00Z,1504.4611387245538,Down,"[""0"", ""1""]",0.22,,,-0.495,0.01,resolved,0x50cc0f169e911a016180b143b3076d536ed3bbaa8349b1be468892d09fd3c848,https://data.chain.link/streams/zec-usd-twap-60s-streams,1503.0267993108212,2026-09-23 21:15:53+00
bnb-updown-15m-1790198100,BNB,"BNB Up or Down - September 23, 5:15PM-5:30PM ET",2026-09-23T21:30:00Z,2026-09-23T21:15:00Z,766.4121794060785,Down,"[""0"", ""1""]",0.19,341.20886700000005,,-0.5045,0.001,resolved,0x0158f9a9d5b7f81c3c525193e5d4770d4eedccb9e93f89b5264d37015f9573f4,https://data.chain.link/streams/bnb-usd-twap-60s-streams,765.181751780066,2026-09-23 21:30:53+00
btc-updown-15m-1790198100,BTC,"Bitcoin Up or Down - September 23, 5:15PM-5:30PM ET",2026-09-23T21:30:00Z,2026-09-23T21:15:00Z,84359.10032403741,Up,"[""1"", ""0""]",0.999,19103.62642999999,,0.49,0.01,resolved,0x85402329a94f44caf7a5c0cdb7b6df2623898a29da841133d43500317d245fe3,https://data.chain.link/streams/btc-usd-twap-60s-streams,84404.55510281553,2026-09-23 21:30:53+00
doge-updown-15m-1790198100,DOGE,"Dogecoin Up or Down - September 23, 5:15PM-5:30PM ET",2026-09-23T21:30:00Z,2026-09-23T21:15:00Z,0.09220562406475137,Up,"[""1"", ""0""]",0.99,487.098414,,0.495,0.01,resolved,0x53e66707952a7fa246611d5cd4d8f32bf7c0be70a6bed7c210a46c4a388a9947,https://data.chain.link/streams/doge-usd-twap-60s-streams,0.09237629183318423,2026-09-23 21:30:53+00
eth-updown-15m-1790198100,ETH,"Ethereum Up or Down - September 23, 5:15PM-5:30PM ET",2026-09-23T21:30:00Z,2026-09-23T21:15:00Z,2673.2945787496014,Up,"[""1"", ""0""]",0.99,4211.303777,,0.49,0.01,resolved,0x780c42fe6ec2b1a6056f432e304b8d1256a1c7c10c4ef96c2671f4e9ba2de784,https://data.chain.link/streams/eth-usd-twap-60s-streams,2674.3941468888033,2026-09-23 21:30:53+00
hype-updown-15m-1790198100,HYPE,"Hyperliquid Up or Down - September 23, 5:15PM-5:30PM ET",2026-09-23T21:30:00Z,2026-09-23T21:15:00Z,92.84839248746444,Up,"[""1"", ""0""]",0.36,,,0.49,0.01,resolved,0x0a5ef01e2ffb95244b03acbc4851143dfde6c39aa02574511a2ff56664273a67,https://data.chain.link/streams/hype-usd-twap-60s-streams,92.89206383170925,2026-09-23 21:30:53+00
sol-updown-15m-1790198100,SOL,"Solana Up or Down - September 23, 5:15PM-5:30PM ET",2026-09-23T21:30:00Z,2026-09-23T21:15:00Z,114.33675911564673,Down,"[""0"", ""1""]",0.09,1774.1269210000005,,-0.5,0.01,resolved,0xc86064128e7f6c6434ec7aab39308790ca4b4522a2e78f35d0ed39a094620216,https://data.chain.link/streams/sol-usd-twap-60s-streams,114.30637881650767,2026-09-23 21:30:53+00
xrp-updown-15m-1790198100,XRP,"XRP Up or Down - September 23, 5:15PM-5:30PM ET",2026-09-23T21:30:00Z,2026-09-23T21:15:00Z,1.4890437975564392,Up,"[""1"", ""0""]",0.999,1051.2575359999998,,0.4945,0.001,resolved,0xf8306865519c608cc238ec1a514a119c4236d5993d6cfccaf2839d3ff736be99,https://data.chain.link/streams/xrp-usd-twap-60s-streams,1.4932598525256173,2026-09-23 21:30:53+00
zec-updown-15m-1790198100,ZEC,"ZCash Up or Down - September 23, 5:15PM-5:30PM ET",2026-09-23T21:30:00Z,2026-09-23T21:15:00Z,1503.0267993108212,Up,"[""1"", ""0""]",,,,0.495,0.01,resolved,0x8d0e06b330a9f0d4d1dcc24a72f07e196f2b7e9c707a2ff0ad3ee129ce4e98a1,https://data.chain.link/streams/zec-usd-twap-60s-streams,1509.219023618239,2026-09-23 21:30:53+00
bnb-updown-15m-1790199000,BNB,"BNB Up or Down - September 23, 5:30PM-5:45PM ET",2026-09-23T21:45:00Z,2026-09-23T21:30:00Z,765.181751780066,Up,"[""1"", ""0""]",0.99,992.6698779999999,,0.4945,0.001,resolved,0xeaf3d121ed01fe414272762803c1456b98851dfc800fef3ff1912acf0b04a82d,https://data.chain.link/streams/bnb-usd-twap-60s-streams,766.2155352803844,2026-09-23 21:45:53+00
btc-updown-15m-1790199000,BTC,"Bitcoin Up or Down - September 23, 5:30PM-5:45PM ET",2026-09-23T21:45:00Z,2026-09-23T21:30:00Z,84404.55510281553,Up,"[""1"", ""0""]",0.999,14483.480776000004,,0.4945,0.001,resolved,0x744ad6c72fb7742546b26b790fcabfb4c2dd2f98237a0d1c80a71747ffeced85,https://data.chain.link/streams/btc-usd-twap-60s-streams,84492.69109587529,2026-09-23 21:46:01+00
doge-updown-15m-1790199000,DOGE,"Dogecoin Up or Down - September 23, 5:30PM-5:45PM ET",2026-09-23T21:45:00Z,2026-09-23T21:30:00Z,0.09237629183318423,Up,"[""1"", ""0""]",0.999,364.305781,,0.4995,0.001,resolved,0xddf74a7ed2848df8aa642163882313bf851f2a2432758b857715d943f6f01cae,https://data.chain.link/streams/doge-usd-twap-60s-streams,0.09265653171161735,2026-09-23 21:45:55+00
eth-updown-15m-1790199000,ETH,"Ethereum Up or Down - September 23, 5:30PM-5:45PM ET",2026-09-23T21:45:00Z,2026-09-23T21:30:00Z,2674.3941468888033,Up,"[""1"", ""0""]",0.999,4780.909204999999,,0.4945,0.001,resolved,0x0f53dfd52c2db87b4dfffd8bcfeafc82a85d9a317c9dd7b04f815957a229a603,https://data.chain.link/streams/eth-usd-twap-60s-streams,2677.6695503483056,2026-09-23 21:45:53+00
hype-updown-15m-1790199000,HYPE,"Hyperliquid Up or Down - September 23, 5:30PM-5:45PM ET",2026-09-23T21:45:00Z,2026-09-23T21:30:00Z,92.89206383170925,Up,"[""1"", ""0""]",0.999,134.05414000000002,,0.4945,0.001,resolved,0x471575c748511642eee03c68adbdfef1070157411b37d919a30a0d733a2a019d,https://data.chain.link/streams/hype-usd-twap-60s-streams,93.23770567534383,2026-09-23 21:45:53+00
sol-updown-15m-1790199000,SOL,"Solana Up or Down - September 23, 5:30PM-5:45PM ET",2026-09-23T21:45:00Z,2026-09-23T21:30:00Z,114.30637881650767,Up,"[""1"", ""0""]",0.999,556.3569020000001,,0.4945,0.001,resolved,0x8b4e4d8db5d832d3ae49f7096233d990d4a7ab5c175339c228a62846354aae71,https://data.chain.link/streams/sol-usd-twap-60s-streams,114.60660349151507,2026-09-23 21:45:53+00
xrp-updown-15m-1790199000,XRP,"XRP Up or Down - September 23, 5:30PM-5:45PM ET",2026-09-23T21:45:00Z,2026-09-23T21:30:00Z,1.4932598525256173,Up,"[""1"", ""0""]",0.999,527.497745,,0.4945,0.001,resolved,0x921de3c11a75ecc11309bd0ca688af15eebf671971089593ae06d8e6af3801c1,https://data.chain.link/streams/xrp-usd-twap-60s-streams,1.5021225685487865,2026-09-23 21:45:55+00
zec-updown-15m-1790199000,ZEC,"ZCash Up or Down - September 23, 5:30PM-5:45PM ET",2026-09-23T21:45:00Z,2026-09-23T21:30:00Z,1509.219023618239,Up,"[""1"", ""0""]",,,,0.495,0.01,resolved,0x48f4c3a55a1c1ccc6743c402db63d2cd25513b7c2bf019bf528a3b555c5538c9,https://data.chain.link/streams/zec-usd-twap-60s-streams,1521.7443929487456,2026-09-23 21:45:55+00
bnb-updown-15m-1790199900,BNB,"BNB Up or Down - September 23, 5:45PM-6:00PM ET",2026-09-23T22:00:00Z,2026-09-23T21:45:00Z,766.2155352803844,Up,"[""1"", ""0""]",0.99,1574.1770319999998,,0.49,0.01,resolved,0x1af77428ac46f8263169fc4654fc45dd95fbd7d01cfa18b1f6f51d5fe3bc8578,https://data.chain.link/streams/bnb-usd-twap-60s-streams,766.3685794047311,2026-09-23 22:00:53+00
btc-updown-15m-1790199900,BTC,"Bitcoin Up or Down - September 23, 5:45PM-6:00PM ET",2026-09-23T22:00:00Z,2026-09-23T21:45:00Z,84492.69109587529,Down,"[""0"", ""1""]",0.01,19279.961663,,-0.5045,0.001,resolved,0x0f2c673d7eed6ed7a009c67b5785eec8bc77ff1eb6daf759226bab39c6f3957e,https://data.chain.link/streams/btc-usd-twap-60s-streams,84418.88393756714,2026-09-23 22:00:53+00
doge-updown-15m-1790199900,DOGE,"Dogecoin Up or Down - September 23, 5:45PM-6:00PM ET",2026-09-23T22:00:00Z,2026-09-23T21:45:00Z,0.09265653171161735,Down,"[""0"", ""1""]",0.01,619.1735250000002,,-0.4995,0.001,resolved,0xee150eee2e7702b368566783258a71641497b62dde443bdf278452861d0edcf5,https://data.chain.link/streams/doge-usd-twap-60s-streams,0.09253067726038086,2026-09-23 22:00:53+00
eth-updown-15m-1790199900,ETH,"Ethereum Up or Down - September 23, 5:45PM-6:00PM ET",2026-09-23T22:00:00Z,2026-09-23T21:45:00Z,2677.6695503483056,Down,"[""0"", ""1""]",0.01,4809.890617999999,,-0.5,0.01,resolved,0x975862d214db99e54ac9a095533d638a7452e30c839b195df718e3e7a6f7069f,https://data.chain.link/streams/eth-usd-twap-60s-streams,2677.118461997699,2026-09-23 22:00:53+00
hype-updown-15m-1790199900,HYPE,"Hyperliquid Up or Down - September 23, 5:45PM-6:00PM ET",2026-09-23T22:00:00Z,2026-09-23T21:45:00Z,93.23770567534383,Up,"[""1"", ""0""]",0.999,102.991,,0.4945,0.001,resolved,0x5cca0968b74befa96d72ec3a16180934cd5a5fe59b9c89af76ad177185b9753f,https://data.chain.link/streams/hype-usd-twap-60s-streams,93.67272204263968,2026-09-23 22:00:53+00
sol-updown-15m-1790199900,SOL,"Solana Up or Down - September 23, 5:45PM-6:00PM ET",2026-09-23T22:00:00Z,2026-09-23T21:45:00Z,114.60660349151507,Up,"[""1"", ""0""]",0.99,1861.3026120000002,,0.49,0.01,resolved,0xe71d71b6e9716545e481b978ec30f8d3c10d1adee5e875b7e59db09618248bf2,https://data.chain.link/streams/sol-usd-twap-60s-streams,114.70400296629141,2026-09-23 22:00:53+00
xrp-updown-15m-1790199900,XRP,"XRP Up or Down - September 23, 5:45PM-6:00PM ET",2026-09-23T22:00:00Z,2026-09-23T21:45:00Z,1.5021225685487865,Down,"[""0"", ""1""]",0.06,1334.370654,,-0.5,0.01,resolved,0x41297e3e9ad4a60d69ececda6dd7f7bcec860eff007573e25ff1bf8cbcde9cf2,https://data.chain.link/streams/xrp-usd-twap-60s-streams,1.4994290919864588,2026-09-23 22:00:53+00
zec-updown-15m-1790199900,ZEC,"ZCash Up or Down - September 23, 5:45PM-6:00PM ET",2026-09-23T22:00:00Z,2026-09-23T21:45:00Z,1521.7443929487456,Down,"[""0"", ""1""]",,,,-0.495,0.01,resolved,0x39438d60c1e90c1c10fd8e9dbbab480d673383196c31972fe36dc0c9a3495a5b,https://data.chain.link/streams/zec-usd-twap-60s-streams,1514.6890237639172,2026-09-23 22:00:53+00
bnb-updown-15m-1790200800,BNB,"BNB Up or Down - September 23, 6:00PM-6:15PM ET",2026-09-23T22:15:00Z,2026-09-23T22:00:00Z,766.3685794047311,Up,"[""1"", ""0""]",0.999,199.69636699999998,,0.4945,0.001,resolved,0xe479904c266ac8ed49c5718dd3946894c9fd4b7bf177a12ae18822436677ed45,https://data.chain.link/streams/bnb-usd-twap-60s-streams,768.0464880280007,2026-09-23 22:15:53+00
btc-updown-15m-1790200800,BTC,"Bitcoin Up or Down - September 23, 6:00PM-6:15PM ET",2026-09-23T22:15:00Z,2026-09-23T22:00:00Z,84418.88393756714,Up,"[""1"", ""0""]",0.999,14242.442038000001,2960.73,0.4945,0.001,resolved,0xfb4fea5cf88a110d032c4108f8ab03333b91aca458c1d669ae07834abee0c326,https://data.chain.link/streams/btc-usd-twap-60s-streams,84594.88531864621,2026-09-23 22:15:53+00
doge-updown-15m-1790200800,DOGE,"Dogecoin Up or Down - September 23, 6:00PM-6:15PM ET",2026-09-23T22:15:00Z,2026-09-23T22:00:00Z,0.09253067726038086,Up,"[""1"", ""0""]",0.999,427.51707200000004,,0.4995,0.001,resolved,0x43d882cf1967c8bb75e2c0e4e453c2b76419a4fa48b5b5d9de30789becdab46f,https://data.chain.link/streams/doge-usd-twap-60s-streams,0.09302489150334277,2026-09-23 22:15:53+00
eth-updown-15m-1790200800,ETH,"Ethereum Up or Down - September 23, 6:00PM-6:15PM ET",2026-09-23T22:15:00Z,2026-09-23T22:00:00Z,2677.118461997699,Up,"[""1"", ""0""]",0.999,2842.302484,,0.4945,0.001,resolved,0xff3601cc3bef01e39b491f61f32fbdea2612408d19a60f60b06714dc498eda03,https://data.chain.link/streams/eth-usd-twap-60s-streams,2690.4191058151123,2026-09-23 22:15:53+00
hype-updown-15m-1790200800,HYPE,"Hyperliquid Up or Down - September 23, 6:00PM-6:15PM ET",2026-09-23T22:15:00Z,2026-09-23T22:00:00Z,93.67272204263968,Up,"[""1"", ""0""]",0.999,226.803072,,0.4945,0.001,resolved,0x00c6e5b793c1413b12298699298749db764af59a1f68717bfcbf457405fef84e,https://data.chain.link/streams/hype-usd-twap-60s-streams,94.08016331736755,2026-09-23 22:15:53+00
sol-updown-15m-1790200800,SOL,"Solana Up or Down - September 23, 6:00PM-6:15PM ET",2026-09-23T22:15:00Z,2026-09-23T22:00:00Z,114.70400296629141,Up,"[""1"", ""0""]",0.999,556.099565,,0.4945,0.001,resolved,0x0006b9f62d8978303bf0c24e78eaf8c4c176c21098a11d2e7deb01d1dfa3a9bd,https://data.chain.link/streams/sol-usd-twap-60s-streams,115.33900879043291,2026-09-23 22:15:53+00
xrp-updown-15m-1790200800,XRP,"XRP Up or Down - September 23, 6:00PM-6:15PM ET",2026-09-23T22:15:00Z,2026-09-23T22:00:00Z,1.4994290919864588,Up,"[""1"", ""0""]",0.999,541.878559,,0.4945,0.001,resolved,0x5d39ff4068b68472c93f6e68fb628aaa4cb66d3e80ac6e58772f54b0fc4ffd43,https://data.chain.link/streams/xrp-usd-twap-60s-streams,1.5087539606191365,2026-09-23 22:15:53+00
zec-updown-15m-1790200800,ZEC,"ZCash Up or Down - September 23, 6:00PM-6:15PM ET",2026-09-23T22:15:00Z,2026-09-23T22:00:00Z,1514.6890237639172,Up,"[""1"", ""0""]",,,,0.495,0.01,resolved,0x11e694c33863ec5a1a03d6034190e3b2a28d607d6eda8f70663b11a4498968d7,https://data.chain.link/streams/zec-usd-twap-60s-streams,1522.2003634793373,2026-09-23 22:15:53+00
bnb-updown-15m-1790201700,BNB,"BNB Up or Down - September 23, 6:15PM-6:30PM ET",2026-09-23T22:30:00Z,2026-09-23T22:15:00Z,768.0464880280007,Down,"[""0"", ""1""]",0.09,397.525505,,-0.5045,0.001,resolved,0xcc59e63a70522f402f18abd0ecc8922a48c0643929b88dfadab7ffb63530eafa,https://data.chain.link/streams/bnb-usd-twap-60s-streams,767.0465908637883,2026-09-23 22:31:26+00
btc-updown-15m-1790201700,BTC,"Bitcoin Up or Down - September 23, 6:15PM-6:30PM ET",2026-09-23T22:30:00Z,2026-09-23T22:15:00Z,84594.88531864621,Down,"[""0"", ""1""]",0.02,10803.037968999999,,-0.5045,0.001,resolved,0xcbed4c40ac06519fab554c03b09d2d6fc4842d662eab4f84bb24748fcc79bdae,https://data.chain.link/streams/btc-usd-twap-60s-streams,84483.84988734107,2026-09-23 22:31:26+00
doge-updown-15m-1790201700,DOGE,"Dogecoin Up or Down - September 23, 6:15PM-6:30PM ET",2026-09-23T22:30:00Z,2026-09-23T22:15:00Z,0.09302489150334277,Down,"[""0"", ""1""]",0.1,258.404083,,-0.4995,0.001,resolved,0xaf82a01c6fdceed2e9fde1f85e1cf9e1cab5a11bf1f99090f99a55b90d5e00d6,https://data.chain.link/streams/doge-usd-twap-60s-streams,0.092643741030414,2026-09-23 22:31:26+00
eth-updown-15m-1790201700,ETH,"Ethereum Up or Down - September 23, 6:15PM-6:30PM ET",2026-09-23T22:30:00Z,2026-09-23T22:15:00Z,2690.4191058151123,Down,"[""0"", ""1""]",0.03,4000.7481400000006,,-0.5045,0.001,resolved,0xb5f86b9d827cf42ae29dc1903ac68f5b755d3fb630eb22c48f1782b082a5d5ea,https://data.chain.link/streams/eth-usd-twap-60s-streams,2687.7281028220236,2026-09-23 22:31:26+00
hype-updown-15m-1790201700,HYPE,"Hyperliquid Up or Down - September 23, 6:15PM-6:30PM ET",2026-09-23T22:30:00Z,2026-09-23T22:15:00Z,94.08016331736755,Down,"[""0"", ""1""]",0.001,164.30328,,-0.5045,0.001,resolved,0x1e9cb6992f0b0e9a0042f297e978657f3a72aae3e4a03bbf149d8526d86e95c9,https://data.chain.link/streams/hype-usd-twap-60s-streams,93.81565573548077,2026-09-23 22:31:26+00
sol-updown-15m-1790201700,SOL,"Solana Up or Down - September 23, 6:15PM-6:30PM ET",2026-09-23T22:30:00Z,2026-09-23T22:15:00Z,115.33900879043291,Down,"[""0"", ""1""]",0.06,1069.7620180000001,,-0.5045,0.001,resolved,0x9f75a0d7615451e85c4d9ac6a8dcb16ff49995773679652684b59e3645e99f85,https://data.chain.link/streams/sol-usd-twap-60s-streams,114.9048340665431,2026-09-23 22:31:26+00
xrp-updown-15m-1790201700,XRP,"XRP Up or Down - September 23, 6:15PM-6:30PM ET",2026-09-23T22:30:00Z,2026-09-23T22:15:00Z,1.5087539606191365,Down,"[""0"", ""1""]",0.05,685.343516,,-0.5045,0.001,resolved,0x6abbf7a6d24afdda3d5f6ac60acfb9ae1d2013c0c9bf555d8f6bf596874035c8,https://data.chain.link/streams/xrp-usd-twap-60s-streams,1.5025041852172345,2026-09-23 22:31:26+00
zec-updown-15m-1790201700,ZEC,"ZCash Up or Down - September 23, 6:15PM-6:30PM ET",2026-09-23T22:30:00Z,2026-09-23T22:15:00Z,1522.2003634793373,Down,"[""0"", ""1""]",,,,-0.4995,0.001,resolved,0xa7627e9f9896c9fe9348c0ea6ade5bba4381015116fdb05baa7ccf3a042a6ef0,https://data.chain.link/streams/zec-usd-twap-60s-streams,1499.7771852980277,2026-09-23 22:31:26+00
bnb-updown-15m-1790202600,BNB,"BNB Up or Down - September 23, 6:30PM-6:45PM ET",2026-09-23T22:45:00Z,2026-09-23T22:30:00Z,767.0465908637883,Down,"[""0"", ""1""]",0.11,884.0804579999999,,-0.5,0.01,resolved,0x21e40f1cce3b03a1b259976bb979b92a541195c6ec4110d742214575ad8a2e00,https://data.chain.link/streams/bnb-usd-twap-60s-streams,766.9520297327145,2026-09-23 22:45:53+00
btc-updown-15m-1790202600,BTC,"Bitcoin Up or Down - September 23, 6:30PM-6:45PM ET",2026-09-23T22:45:00Z,2026-09-23T22:30:00Z,84483.84988734107,Up,"[""1"", ""0""]",0.99,34666.178112,,0.49,0.01,resolved,0xeb2077efcbd47c80c952d7c100cb0956bbba88a5ea4d79f83a242a5acb350316,https://data.chain.link/streams/btc-usd-twap-60s-streams,84489.71371674338,2026-09-23 22:45:53+00
doge-updown-15m-1790202600,DOGE,"Dogecoin Up or Down - September 23, 6:30PM-6:45PM ET",2026-09-23T22:45:00Z,2026-09-23T22:30:00Z,0.092643741030414,Down,"[""0"", ""1""]",0.09,339.322496,,-0.4995,0.001,resolved,0xaf418ad264118a13bf5ed760a21c34a92ea389f7a34a75985acd71c919ddaee6,https://data.chain.link/streams/doge-usd-twap-60s-streams,0.09247146507496433,2026-09-23 22:45:53+00
eth-updown-15m-1790202600,ETH,"Ethereum Up or Down - September 23, 6:30PM-6:45PM ET",2026-09-23T22:45:00Z,2026-09-23T22:30:00Z,2687.7281028220236,Down,"[""0"", ""1""]",0.01,990.3235039999997,,-0.5045,0.001,resolved,0x52086561ec3a7852a3a19b4f2f257db2335e3b7f4a62702fac0fc18e27b8bd9d,https://data.chain.link/streams/eth-usd-twap-60s-streams,2684.934506276177,2026-09-23 22:45:53+00
hype-updown-15m-1790202600,HYPE,"Hyperliquid Up or Down - September 23, 6:30PM-6:45PM ET",2026-09-23T22:45:00Z,2026-09-23T22:30:00Z,93.81565573548077,Down,"[""0"", ""1""]",0.001,407.9333419999999,,-0.5045,0.001,resolved,0x88b86caf101d85c22478236f5196ac366f14cabfe3307beb3d05fa3e50e64932,https://data.chain.link/streams/hype-usd-twap-60s-streams,93.56461379157382,2026-09-23 22:45:53+00
sol-updown-15m-1790202600,SOL,"Solana Up or Down - September 23, 6:30PM-6:45PM ET",2026-09-23T22:45:00Z,2026-09-23T22:30:00Z,114.9048340665431,Down,"[""0"", ""1""]",0.28,1143.640692,,-0.5045,0.001,resolved,0xc23a4d243fc700adb56f307cacf440fbc7a7e3e7518eed87ba8a6845df2e0588,https://data.chain.link/streams/sol-usd-twap-60s-streams,114.83069565906872,2026-09-23 22:45:53+00
xrp-updown-15m-1790202600,XRP,"XRP Up or Down - September 23, 6:30PM-6:45PM ET",2026-09-23T22:45:00Z,2026-09-23T22:30:00Z,1.5025041852172345,Down,"[""0"", ""1""]",0.09,573.812881,,-0.5045,0.001,resolved,0x96e29d019638d3edabd4ad8c5f1c19632fb8f05aa441016d27cd559ee99e9ad3,https://data.chain.link/streams/xrp-usd-twap-60s-streams,1.499804200833459,2026-09-23 22:45:53+00
zec-updown-15m-1790202600,ZEC,"ZCash Up or Down - September 23, 6:30PM-6:45PM ET",2026-09-23T22:45:00Z,2026-09-23T22:30:00Z,1499.7771852980277,Down,"[""0"", ""1""]",,,,-0.495,0.01,resolved,0x010ed42c5d689d1388f6c9b30d5226ab4b41e7d7e5b137f55489ce7ff85ab3c8,https://data.chain.link/streams/zec-usd-twap-60s-streams,1488.900652319199,2026-09-23 22:45:53+00
bnb-updown-15m-1790203500,BNB,"BNB Up or Down - September 23, 6:45PM-7:00PM ET",2026-09-23T23:00:00Z,2026-09-23T22:45:00Z,766.9520297327145,Up,"[""1"", ""0""]",0.999,160.959997,,0.4945,0.001,resolved,0x1935c05c510febd6a1d40c2c8ac3a0a8d940c453bd2e13b1b51467c32d98dd7b,https://data.chain.link/streams/bnb-usd-twap-60s-streams,767.6587978480513,2026-09-23 23:01:04+00
btc-updown-15m-1790203500,BTC,"Bitcoin Up or Down - September 23, 6:45PM-7:00PM ET",2026-09-23T23:00:00Z,2026-09-23T22:45:00Z,84489.71371674338,Up,"[""1"", ""0""]",0.999,15348.651105000004,,0.4945,0.001,resolved,0x63ebf8e15984fe7208f5758cecc2b3fcdd9fbfe6ad0e72ba4bbb3442701aae03,https://data.chain.link/streams/btc-usd-twap-60s-streams,84550.0123649054,2026-09-23 23:01:01+00
doge-updown-15m-1790203500,DOGE,"Dogecoin Up or Down - September 23, 6:45PM-7:00PM ET",2026-09-23T23:00:00Z,2026-09-23T22:45:00Z,0.09247146507496433,Up,"[""1"", ""0""]",0.999,422.07767200000006,,0.4995,0.001,resolved,0x12ef5d5ff5b2f2c70ee93aa70fef45d89781d44a1b9f1abf9290ade5a370931c,https://data.chain.link/streams/doge-usd-twap-60s-streams,0.09258899027508072,2026-09-23 23:00:53+00
eth-updown-15m-1790203500,ETH,"Ethereum Up or Down - September 23, 6:45PM-7:00PM ET",2026-09-23T23:00:00Z,2026-09-23T22:45:00Z,2684.934506276177,Up,"[""1"", ""0""]",0.999,2317.841357,,0.4945,0.001,resolved,0x9483fb36a92cd6abb5647c4d13c778a9cdb4d4ed716efa1d83199405155a2276,https://data.chain.link/streams/eth-usd-twap-60s-streams,2689.60325084879,2026-09-23 23:00:53+00
hype-updown-15m-1790203500,HYPE,"Hyperliquid Up or Down - September 23, 6:45PM-7:00PM ET",2026-09-23T23:00:00Z,2026-09-23T22:45:00Z,93.56461379157382,Up,"[""1"", ""0""]",0.999,235.977575,,0.4945,0.001,resolved,0x7b73fc51a5e01aba3d3b6c3670532fe352584a3fdcb2d7d036958a0f17327193,https://data.chain.link/streams/hype-usd-twap-60s-streams,93.98362994023704,2026-09-23 23:00:53+00
sol-updown-15m-1790203500,SOL,"Solana Up or Down - September 23, 6:45PM-7:00PM ET",2026-09-23T23:00:00Z,2026-09-23T22:45:00Z,114.83069565906872,Up,"[""1"", ""0""]",0.999,556.807024,,0.4945,0.001,resolved,0x2d9fc3455a5df3fa256aa90d9c43da281efb36f771efd4d7639ceafc10a8ef27,https://data.chain.link/streams/sol-usd-twap-60s-streams,115.06780822395287,2026-09-23 23:00:53+00
xrp-updown-15m-1790203500,XRP,"XRP Up or Down - September 23, 6:45PM-7:00PM ET",2026-09-23T23:00:00Z,2026-09-23T22:45:00Z,1.499804200833459,Up,"[""1"", ""0""]",0.999,621.3760729999999,,0.4945,0.001,resolved,0x8f6334f9abebec079443e075008f2fc809d1ba116745b55051382f81602da5b4,https://data.chain.link/streams/xrp-usd-twap-60s-streams,1.5012757247882604,2026-09-23 23:00:53+00
zec-updown-15m-1790203500,ZEC,"ZCash Up or Down - September 23, 6:45PM-7:00PM ET",2026-09-23T23:00:00Z,2026-09-23T22:45:00Z,1488.900652319199,Up,"[""1"", ""0""]",0.999,,,0.4945,0.009,resolved,0x72afed4edb7f74bf7ce03c88118a76daa4a4dcaee43f082edc2863cae4cb8148,https://data.chain.link/streams/zec-usd-twap-60s-streams,1495.4189634865345,2026-09-23 23:00:53+00
bnb-updown-15m-1790204400,BNB,"BNB Up or Down - September 23, 7:00PM-7:15PM ET",2026-09-23T23:15:00Z,2026-09-23T23:00:00Z,767.6587978480513,Down,"[""0"", ""1""]",0.22,110.22757499999999,,-0.5045,0.001,resolved,0x49c623e9360aac4757bdf08c23d83a3be9055d2788af1eac2fe1db95055d6c8a,https://data.chain.link/streams/bnb-usd-twap-60s-streams,765.7121244322248,2026-09-23 23:15:53+00
btc-updown-15m-1790204400,BTC,"Bitcoin Up or Down - September 23, 7:00PM-7:15PM ET",2026-09-23T23:15:00Z,2026-09-23T23:00:00Z,84550.0123649054,Down,"[""0"", ""1""]",0.02,31946.870602,2820,-0.5045,0.001,resolved,0x3c011c037c9a65683b410afc572a66dec5edc5072020a8c575a4b8a3ec4c54f3,https://data.chain.link/streams/btc-usd-twap-60s-streams,84493.63365960444,2026-09-23 23:15:55+00
doge-updown-15m-1790204400,DOGE,"Dogecoin Up or Down - September 23, 7:00PM-7:15PM ET",2026-09-23T23:15:00Z,2026-09-23T23:00:00Z,0.09258899027508072,Up,"[""1"", ""0""]",0.99,638.9684670000003,,0.4995,0.001,resolved,0x0f19d34e8bb3368a04784fcafa4acfed5138c54883c69ae9f36f83a4a0f90970,https://data.chain.link/streams/doge-usd-twap-60s-streams,0.09270018946293693,2026-09-23 23:15:55+00
eth-updown-15m-1790204400,ETH,"Ethereum Up or Down - September 23, 7:00PM-7:15PM ET",2026-09-23T23:15:00Z,2026-09-23T23:00:00Z,2689.60325084879,Down,"[""0"", ""1""]",0.06,3487.5242900000007,,-0.5045,0.001,resolved,0x9bae80894cae427d13a6601e4f2266690f5ca401a6d1fd8fac1e630261cfa520,https://data.chain.link/streams/eth-usd-twap-60s-streams,2686.1714394204632,2026-09-23 23:15:55+00
hype-updown-15m-1790204400,HYPE,"Hyperliquid Up or Down - September 23, 7:00PM-7:15PM ET",2026-09-23T23:15:00Z,2026-09-23T23:00:00Z,93.98362994023704,Down,"[""0"", ""1""]",0.99,466.989027,,-0.5,0.01,resolved,0x21432268aedf3b7958a99716a60426995e88207306e21378afb682878500c7d3,https://data.chain.link/streams/hype-usd-twap-60s-streams,93.98272251729401,2026-09-23 23:15:53+00
sol-updown-15m-1790204400,SOL,"Solana Up or Down - September 23, 7:00PM-7:15PM ET",2026-09-23T23:15:00Z,2026-09-23T23:00:00Z,115.06780822395287,Down,"[""0"", ""1""]",0.24,1180.0076619999998,,-0.5,0.01,resolved,0x8a360570d3d400aa60bf0d2d3cddaa70c5cd07ee09f13bd8eb05f66f8902393b,https://data.chain.link/streams/sol-usd-twap-60s-streams,115.00968059185462,2026-09-23 23:15:53+00
xrp-updown-15m-1790204400,XRP,"XRP Up or Down - September 23, 7:00PM-7:15PM ET",2026-09-23T23:15:00Z,2026-09-23T23:00:00Z,1.5012757247882604,Up,"[""1"", ""0""]",0.999,1781.252196,,0.4945,0.001,resolved,0xe3af24ee3af8c1830c34ecb4c08c32c12323922bbf2b5aec4ddee080fb0253ec,https://data.chain.link/streams/xrp-usd-twap-60s-streams,1.5015900725265199,2026-09-23 23:15:53+00
zec-updown-15m-1790204400,ZEC,"ZCash Up or Down - September 23, 7:00PM-7:15PM ET",2026-09-23T23:15:00Z,2026-09-23T23:00:00Z,1495.4189634865345,Up,"[""1"", ""0""]",,,,0.495,0.01,resolved,0x18a5ec92ed451d2c6b351780697ee8abd30f19e69e68f0c63fa4259432660fb3,https://data.chain.link/streams/zec-usd-twap-60s-streams,1496.9930103784495,2026-09-23 23:15:55+00
bnb-updown-15m-1790205300,BNB,"BNB Up or Down - September 23, 7:15PM-7:30PM ET",2026-09-23T23:30:00Z,2026-09-23T23:15:00Z,765.7121244322248,Down,"[""0"", ""1""]",0.19,1137.916097,,-0.5,0.01,resolved,0x287e85ef7470265988bf9773f69f87518b91fb3ceb56a8709cb5d552970e9d74,https://data.chain.link/streams/bnb-usd-twap-60s-streams,765.6757963652913,2026-09-23 23:30:53+00
btc-updown-15m-1790205300,BTC,"Bitcoin Up or Down - September 23, 7:15PM-7:30PM ET",2026-09-23T23:30:00Z,2026-09-23T23:15:00Z,84493.63365960444,Down,"[""0"", ""1""]",0.01,22268.571261999998,,-0.5,0.01,resolved,0x97b6fe4162d6b0743f0f00966d63b8ef57ad4b5fbf06dd33ea3ca06a47041aac,https://data.chain.link/streams/btc-usd-twap-60s-streams,84470.20199583445,2026-09-23 23:30:53+00
doge-updown-15m-1790205300,DOGE,"Dogecoin Up or Down - September 23, 7:15PM-7:30PM ET",2026-09-23T23:30:00Z,2026-09-23T23:15:00Z,0.09270018946293693,Down,"[""0"", ""1""]",0.06,732.8925820000001,,-0.4995,0.001,resolved,0xba75e782a0a28ac32bed0adfd4a1b7687bcdfec307080618b3193406201be6c6,https://data.chain.link/streams/doge-usd-twap-60s-streams,0.09257770596757046,2026-09-23 23:30:53+00
eth-updown-15m-1790205300,ETH,"Ethereum Up or Down - September 23, 7:15PM-7:30PM ET",2026-09-23T23:30:00Z,2026-09-23T23:15:00Z,2686.1714394204632,Down,"[""0"", ""1""]",0.11,1635.6410729999998,,-0.5045,0.001,resolved,0x8ca7c944d5a1248b973ca9b385572b600564754dc7623d1eb138a2161d43c041,https://data.chain.link/streams/eth-usd-twap-60s-streams,2683.6061786439545,2026-09-23 23:30:53+00
hype-updown-15m-1790205300,HYPE,"Hyperliquid Up or Down - September 23, 7:15PM-7:30PM ET",2026-09-23T23:30:00Z,2026-09-23T23:15:00Z,93.98272251729401,Up,"[""1"", ""0""]",0.98,498.31367800000004,,0.49,0.01,resolved,0x984b412eb70bccd899664c1d74697e5f18a204baa35c05f0afc7f32ec2ec482f,https://data.chain.link/streams/hype-usd-twap-60s-streams,94.04887533366205,2026-09-23 23:30:53+00
sol-updown-15m-1790205300,SOL,"Solana Up or Down - September 23, 7:15PM-7:30PM ET",2026-09-23T23:30:00Z,2026-09-23T23:15:00Z,115.00968059185462,Down,"[""0"", ""1""]",0.11,730.7481059999999,,-0.5,0.01,resolved,0xb9936b9c7a6fe0c33322bdef0f6926081c09c797937338f33ac25ca3e1f53c50,https://data.chain.link/streams/sol-usd-twap-60s-streams,114.93801019177616,2026-09-23 23:30:53+00
xrp-updown-15m-1790205300,XRP,"XRP Up or Down - September 23, 7:15PM-7:30PM ET",2026-09-23T23:30:00Z,2026-09-23T23:15:00Z,1.5015900725265199,Down,"[""0"", ""1""]",0.16,1028.22927,,-0.5,0.01,resolved,0x124696446b46e1228c0436783365373ba44293662126f913d3047c651575a9aa,https://data.chain.link/streams/xrp-usd-twap-60s-streams,1.5009470843080184,2026-09-23 23:30:53+00
zec-updown-15m-1790205300,ZEC,"ZCash Up or Down - September 23, 7:15PM-7:30PM ET",2026-09-23T23:30:00Z,2026-09-23T23:15:00Z,1496.9930103784495,Up,"[""1"", ""0""]",,,,0.495,0.01,resolved,0xe4271993ee593514ff30043fd93e5eef5a7c9817a83e4aa87837d88b449b8e1a,https://data.chain.link/streams/zec-usd-twap-60s-streams,1500.7875339589211,2026-09-23 23:30:53+00
bnb-updown-15m-1790206200,BNB,"BNB Up or Down - September 23, 7:30PM-7:45PM ET",2026-09-23T23:45:00Z,2026-09-23T23:30:00Z,765.6757963652913,Up,"[""1"", ""0""]",0.99,508.95348699999994,,0.4945,0.001,resolved,0x7ac19de2a9b9204080aea4c18b62508357b2f688d5ce10a0b1c0736ab659ea36,https://data.chain.link/streams/bnb-usd-twap-60s-streams,766.2189879371468,2026-09-23 23:46:26+00
btc-updown-15m-1790206200,BTC,"Bitcoin Up or Down - September 23, 7:30PM-7:45PM ET",2026-09-23T23:45:00Z,2026-09-23T23:30:00Z,84470.20199583445,Down,"[""0"", ""1""]",0.01,54454.147978000015,,-0.5045,0.001,resolved,0x229818d6d3a044ba669942521cb95db0190206e14fc90dbc966edd928d91bd97,https://data.chain.link/streams/btc-usd-twap-60s-streams,84450.31460214527,2026-09-23 23:46:26+00
doge-updown-15m-1790206200,DOGE,"Dogecoin Up or Down - September 23, 7:30PM-7:45PM ET",2026-09-23T23:45:00Z,2026-09-23T23:30:00Z,0.09257770596757046,Down,"[""0"", ""1""]",0.03,853.4676959999999,,-0.4995,0.001,resolved,0x4073ccc748a2099a3d7f77c2a5729b5da328e627f0b2ca6685c0d9ae6d2d03be,https://data.chain.link/streams/doge-usd-twap-60s-streams,0.09243804753299323,2026-09-23 23:46:26+00
eth-updown-15m-1790206200,ETH,"Ethereum Up or Down - September 23, 7:30PM-7:45PM ET",2026-09-23T23:45:00Z,2026-09-23T23:30:00Z,2683.6061786439545,Down,"[""0"", ""1""]",0.04,2645.688723,,-0.5045,0.001,resolved,0x00a93c3bb7b0312950dd3289d47008673151582468444ece2e0cb7f43d62787f,https://data.chain.link/streams/eth-usd-twap-60s-streams,2681.4237651522603,2026-09-23 23:46:26+00
hype-updown-15m-1790206200,HYPE,"Hyperliquid Up or Down - September 23, 7:30PM-7:45PM ET",2026-09-23T23:45:00Z,2026-09-23T23:30:00Z,94.04887533366205,Down,"[""0"", ""1""]",0.12,364.818894,,-0.5045,0.001,resolved,0x909cf215318bb2effcf33e3c8f4e939059cdd5a24417aff8be03795f83ef68d8,https://data.chain.link/streams/hype-usd-twap-60s-streams,93.92458938087375,2026-09-23 23:46:26+00
sol-updown-15m-1790206200,SOL,"Solana Up or Down - September 23, 7:30PM-7:45PM ET",2026-09-23T23:45:00Z,2026-09-23T23:30:00Z,114.93801019177616,Down,"[""0"", ""1""]",0.01,1705.8409719999997,,-0.5045,0.001,resolved,0x1ab2cb1d29f62ab1ab4154af190262f9638c84ccf2ad3fc7614282fc5c08faa2,https://data.chain.link/streams/sol-usd-twap-60s-streams,114.78148968499852,2026-09-23 23:46:26+00
xrp-updown-15m-1790206200,XRP,"XRP Up or Down - September 23, 7:30PM-7:45PM ET",2026-09-23T23:45:00Z,2026-09-23T23:30:00Z,1.5009470843080184,Down,"[""0"", ""1""]",0.06,545.6426620000001,,-0.5045,0.001,resolved,0x51fd86119efc9d87840a7b8a3f85260ad47091a0b64a4b479ce3e2ec8ba8617f,https://data.chain.link/streams/xrp-usd-twap-60s-streams,1.4971487206675451,2026-09-23 23:46:26+00
zec-updown-15m-1790206200,ZEC,"ZCash Up or Down - September 23, 7:30PM-7:45PM ET",2026-09-23T23:45:00Z,2026-09-23T23:30:00Z,1500.7875339589211,Down,"[""0"", ""1""]",,,,-0.4995,0.001,resolved,0x46958b33c26c63cfcbbf6d28e43669b267ea1c64aeb8528943cd2a56462e6a52,https://data.chain.link/streams/zec-usd-twap-60s-streams,1494.0098994663279,2026-09-23 23:46:26+00
bnb-updown-15m-1790207100,BNB,"BNB Up or Down - September 23, 7:45PM-8:00PM ET",2026-09-24T00:00:00Z,2026-09-23T23:45:00Z,766.2189879371468,Up,"[""1"", ""0""]",0.999,300.709773,,0.4945,0.001,resolved,0x2d7188f06d8bc51049e9158682afbc36996dda7f6fa51522cb85da6df3545c77,https://data.chain.link/streams/bnb-usd-twap-60s-streams,767.2239290810596,2026-09-24 00:00:53+00
btc-updown-15m-1790207100,BTC,"Bitcoin Up or Down - September 23, 7:45PM-8:00PM ET",2026-09-24T00:00:00Z,2026-09-23T23:45:00Z,84450.31460214527,Down,"[""0"", ""1""]",0.001,11849.854166000006,5.48,-0.5045,0.001,resolved,0x198bd9b23dc765ae86c4c50e194018f5da405a1a716097ca0c970543265ebf20,https://data.chain.link/streams/btc-usd-twap-60s-streams,84379.0866053719,2026-09-24 00:00:55+00
doge-updown-15m-1790207100,DOGE,"Dogecoin Up or Down - September 23, 7:45PM-8:00PM ET",2026-09-24T00:00:00Z,2026-09-23T23:45:00Z,0.09243804753299323,Up,"[""1"", ""0""]",0.999,422.699737,,0.4995,0.001,resolved,0x9cf28cd8fc4a01b0b33c4120ef02e5c0323a8acc73d23f68411112274bf8484b,https://data.chain.link/streams/doge-usd-twap-60s-streams,0.09270447667909791,2026-09-24 00:00:55+00
eth-updown-15m-1790207100,ETH,"Ethereum Up or Down - September 23, 7:45PM-8:00PM ET",2026-09-24T00:00:00Z,2026-09-23T23:45:00Z,2681.4237651522603,Up,"[""1"", ""0""]",0.999,3573.147206,,0.4945,0.001,resolved,0xcad1f8978ed8e50b44bc06f6df1a6de7c88f1a71600f144f69cf0a871655cd37,https://data.chain.link/streams/eth-usd-twap-60s-streams,2684.4121336320577,2026-09-24 00:00:53+00
hype-updown-15m-1790207100,HYPE,"Hyperliquid Up or Down - September 23, 7:45PM-8:00PM ET",2026-09-24T00:00:00Z,2026-09-23T23:45:00Z,93.92458938087375,Up,"[""1"", ""0""]",0.95,277.542907,,0.49,0.01,resolved,0x188c558c69d8ae5d1853609cca67668b40c95a065c66f5f599f0446c451a7e7d,https://data.chain.link/streams/hype-usd-twap-60s-streams,94.02447059233762,2026-09-24 00:00:53+00
sol-updown-15m-1790207100,SOL,"Solana Up or Down - September 23, 7:45PM-8:00PM ET",2026-09-24T00:00:00Z,2026-09-23T23:45:00Z,114.78148968499852,Up,"[""1"", ""0""]",0.999,790.2683740000001,,0.4945,0.001,resolved,0xb65ad97f5e673765ef916cd3c417fed16c68f5e1ccf6679523de4ed3cbd59e50,https://data.chain.link/streams/sol-usd-twap-60s-streams,114.99146398500847,2026-09-24 00:00:53+00
xrp-updown-15m-1790207100,XRP,"XRP Up or Down - September 23, 7:45PM-8:00PM ET",2026-09-24T00:00:00Z,2026-09-23T23:45:00Z,1.4971487206675451,Up,"[""1"", ""0""]",0.999,398.500907,,0.4945,0.001,resolved,0x130a8812e25c57c8761e90157f702ca45bf10562197e8945488a296b3c2f8b58,https://data.chain.link/streams/xrp-usd-twap-60s-streams,1.5008051255765915,2026-09-24 00:00:53+00
zec-updown-15m-1790207100,ZEC,"ZCash Up or Down - September 23, 7:45PM-8:00PM ET",2026-09-24T00:00:00Z,2026-09-23T23:45:00Z,1494.0098994663279,Up,"[""1"", ""0""]",0.96,,,0.495,0.01,resolved,0xa960d95efa907c4608dfcc49d386a20e2813762569f6c8b10f76bab5c19560e0,https://data.chain.link/streams/zec-usd-twap-60s-streams,1498.2405499044567,2026-09-24 00:00:53+00
