slug,asset,question,endDate,eventStartTime,priceToBeat,winningOutcome,outcomePrices,lastTradePrice,volume,openInterest,oneHourPriceChange,spread,umaResolutionStatus,conditionId,resolutionSource,finalPrice,closedTime
bnb-updown-15m-1788825600,BNB,"BNB Up or Down - September 7, 8:00PM-8:15PM ET",2026-09-08T00:15:00Z,2026-09-08T00:00:00Z,739.9908465761039,Down,"[""0"", ""1""]",0.06,386.262471,,-0.5045,0.001,resolved,0x14f159bc528b19ed27f99bb3f80c0d1f7aded8d2df180ef79e3ed11dd74fa336,https://data.chain.link/streams/bnb-usd-twap-60s-streams,739.5090882340929,2026-09-08 00:16:25+00
btc-updown-15m-1788825600,BTC,"Bitcoin Up or Down - September 7, 8:00PM-8:15PM ET",2026-09-08T00:15:00Z,2026-09-08T00:00:00Z,79104.86905846035,Down,"[""0"", ""1""]",0.001,165580.57859700004,2786.65,-0.5045,0.001,resolved,0x5bbdc6168633a8c44bcaee82cf9fbeac55383ce0dff4aa45bbde6e87d9077074,https://data.chain.link/streams/btc-usd-twap-60s-streams,79033.0038853735,2026-09-08 00:16:25+00
doge-updown-15m-1788825600,DOGE,"Dogecoin Up or Down - September 7, 8:00PM-8:15PM ET",2026-09-08T00:15:00Z,2026-09-08T00:00:00Z,0.09058262410225415,Up,"[""1"", ""0""]",0.999,448.73913600000003,,0.4995,0.001,resolved,0x7b8c8774080a06090f41ee4a08aa2509fb80c3a4ffef8ae069af9d2f608f2b1b,https://data.chain.link/streams/doge-usd-twap-60s-streams,0.09098721876394947,2026-09-08 00:16:25+00
eth-updown-15m-1788825600,ETH,"Ethereum Up or Down - September 7, 8:00PM-8:15PM ET",2026-09-08T00:15:00Z,2026-09-08T00:00:00Z,2490.2530600981977,Down,"[""0"", ""1""]",0.01,1942.6935759999997,5,-0.5045,0.001,resolved,0xf9c0f2b46782a315dd18c5860b35784e1740a3ae245d1128e1d1f24599f02eb1,https://data.chain.link/streams/eth-usd-twap-60s-streams,2487.7866398301785,2026-09-08 00:16:25+00
hype-updown-15m-1788825600,HYPE,"Hyperliquid Up or Down - September 7, 8:00PM-8:15PM ET",2026-09-08T00:15:00Z,2026-09-08T00:00:00Z,85.18745351118265,Down,"[""0"", ""1""]",0.1,141.209478,,-0.5045,0.001,resolved,0x3c972476e9e33ad35be9751b317e1b8cde0694e7cc9bae2f9d367c450ec17e61,https://data.chain.link/streams/hype-usd-twap-60s-streams,85.08468886460128,2026-09-08 00:16:25+00
sol-updown-15m-1788825600,SOL,"Solana Up or Down - September 7, 8:00PM-8:15PM ET",2026-09-08T00:15:00Z,2026-09-08T00:00:00Z,103.83412685117761,Down,"[""0"", ""1""]",0.01,686.7182730000001,,-0.5,0.01,resolved,0x586cd1fbe83445891e175f3ffb758e46d0aa12cc0344affc33fdae720e1f3491,https://data.chain.link/streams/sol-usd-twap-60s-streams,103.72413778898988,2026-09-08 00:16:25+00
xrp-updown-15m-1788825600,XRP,"XRP Up or Down - September 7, 8:00PM-8:15PM ET",2026-09-08T00:15:00Z,2026-09-08T00:00:00Z,1.3974030074586512,Up,"[""1"", ""0""]",0.99,1300.560138,,0.49,0.01,resolved,0x21c3310f27653c9d9c42d9b02191366b469d77354e71c6de87e896a831bc87f5,https://data.chain.link/streams/xrp-usd-twap-60s-streams,1.3975603154068101,2026-09-08 00:16:25+00
zec-updown-15m-1788825600,ZEC,"ZCash Up or Down - September 7, 8:00PM-8:15PM ET",2026-09-08T00:15:00Z,2026-09-08T00:00:00Z,1139.9063372687365,Up,"[""1"", ""0""]",,,,0.495,0.01,resolved,0x206a8507497fdd652bca782b244ef33bd58a125b7cd309e7305b881f0371678d,https://data.chain.link/streams/zec-usd-twap-60s-streams,1140.3673694359034,2026-09-08 00:16:25+00
bnb-updown-15m-1788826500,BNB,"BNB Up or Down - September 7, 8:15PM-8:30PM ET",2026-09-08T00:30:00Z,2026-09-08T00:15:00Z,739.5090882340929,Down,"[""0"", ""1""]",0.06,138.862786,,-0.5045,0.001,resolved,0xe193e7137712a6e70bc26847c4caefb15fea15a8491b5392365fd96837213035,https://data.chain.link/streams/bnb-usd-twap-60s-streams,738.4599735119543,2026-09-08 00:30:52+00
btc-updown-15m-1788826500,BTC,"Bitcoin Up or Down - September 7, 8:15PM-8:30PM ET",2026-09-08T00:30:00Z,2026-09-08T00:15:00Z,79033.0038853735,Down,"[""0"", ""1""]",0.01,160033.69709300008,,-0.5,0.01,resolved,0xa3eef42d1efa46b3eed42cf68548b36e86e41b89e19b07a24cc09e77ea6e9767,https://data.chain.link/streams/btc-usd-twap-60s-streams,79007.09473827647,2026-09-08 00:30:52+00
doge-updown-15m-1788826500,DOGE,"Dogecoin Up or Down - September 7, 8:15PM-8:30PM ET",2026-09-08T00:30:00Z,2026-09-08T00:15:00Z,0.09098721876394947,Down,"[""0"", ""1""]",0.02,184.965905,,-0.495,0.01,resolved,0xf2fe4a7f781bbe4579f9cf1976349b89cff932321223ac119068e2baf1950813,https://data.chain.link/streams/doge-usd-twap-60s-streams,0.09076536804086449,2026-09-08 00:30:52+00
eth-updown-15m-1788826500,ETH,"Ethereum Up or Down - September 7, 8:15PM-8:30PM ET",2026-09-08T00:30:00Z,2026-09-08T00:15:00Z,2487.7866398301785,Down,"[""0"", ""1""]",0.03,2177.034811,,-0.5045,0.001,resolved,0xbe4f9d340027a2cdaafa75be53f429fd4f8965fb436b87da33ca327bdce5ccb4,https://data.chain.link/streams/eth-usd-twap-60s-streams,2484.190313545808,2026-09-08 00:30:54+00
hype-updown-15m-1788826500,HYPE,"Hyperliquid Up or Down - September 7, 8:15PM-8:30PM ET",2026-09-08T00:30:00Z,2026-09-08T00:15:00Z,85.08468886460128,Down,"[""0"", ""1""]",0.1,176.58664,,-0.4995,0.009,resolved,0xba045d624dd2b78e44b65a29fbc33e822c563798d110712099fb8e393c67e11a,https://data.chain.link/streams/hype-usd-twap-60s-streams,84.76012382282697,2026-09-08 00:30:52+00
sol-updown-15m-1788826500,SOL,"Solana Up or Down - September 7, 8:15PM-8:30PM ET",2026-09-08T00:30:00Z,2026-09-08T00:15:00Z,103.72413778898988,Down,"[""0"", ""1""]",0.07,673.0648130000001,,-0.5045,0.001,resolved,0xb77e9cd6e6cc069c74a936eb29ddc8d5f8352320e51ff5d2d2db55f90a4885dd,https://data.chain.link/streams/sol-usd-twap-60s-streams,103.50212806833822,2026-09-08 00:30:52+00
xrp-updown-15m-1788826500,XRP,"XRP Up or Down - September 7, 8:15PM-8:30PM ET",2026-09-08T00:30:00Z,2026-09-08T00:15:00Z,1.3975603154068101,Down,"[""0"", ""1""]",0.03,840.090698,,-0.5045,0.001,resolved,0x1a9df67b22b1355a01cee5caf324ac397afc5d1a90c1aeba3a060284fed62f2d,https://data.chain.link/streams/xrp-usd-twap-60s-streams,1.393725652076376,2026-09-08 00:30:54+00
zec-updown-15m-1788826500,ZEC,"ZCash Up or Down - September 7, 8:15PM-8:30PM ET",2026-09-08T00:30:00Z,2026-09-08T00:15:00Z,1140.3673694359034,Down,"[""0"", ""1""]",,,,-0.495,0.01,resolved,0x1350f84ba64c0413301d3e3fb901ce413e99ce1e9d1edb9f5041d9f21c9dc1bf,https://data.chain.link/streams/zec-usd-twap-60s-streams,1134.9518795705828,2026-09-08 00:30:52+00
bnb-updown-15m-1788827400,BNB,"BNB Up or Down - September 7, 8:30PM-8:45PM ET",2026-09-08T00:45:00Z,2026-09-08T00:30:00Z,738.4599735119543,Up,"[""1"", ""0""]",0.999,266.35669700000005,,0.4945,0.001,resolved,0xdfdb496d39c6d6924aa90bbb9eefd4446cb898d71bc2801db4b78517301e55dd,https://data.chain.link/streams/bnb-usd-twap-60s-streams,740.3754752449822,2026-09-08 00:46:25+00
btc-updown-15m-1788827400,BTC,"Bitcoin Up or Down - September 7, 8:30PM-8:45PM ET",2026-09-08T00:45:00Z,2026-09-08T00:30:00Z,79007.09473827647,Up,"[""1"", ""0""]",0.999,110054.54369600001,,0.4945,0.001,resolved,0x3843670e79716112cbfddaaba48839e5920c855042f4e8e8deb322cdd584308a,https://data.chain.link/streams/btc-usd-twap-60s-streams,79189.69535026413,2026-09-08 00:46:25+00
doge-updown-15m-1788827400,DOGE,"Dogecoin Up or Down - September 7, 8:30PM-8:45PM ET",2026-09-08T00:45:00Z,2026-09-08T00:30:00Z,0.09076536804086449,Up,"[""1"", ""0""]",0.999,195.64587799999998,,0.4995,0.001,resolved,0xc9ada4b557204baea0c073111db42e110aebdad123147adf0ae12c2736ea8470,https://data.chain.link/streams/doge-usd-twap-60s-streams,0.09133088129731777,2026-09-08 00:46:25+00
eth-updown-15m-1788827400,ETH,"Ethereum Up or Down - September 7, 8:30PM-8:45PM ET",2026-09-08T00:45:00Z,2026-09-08T00:30:00Z,2484.190313545808,Up,"[""1"", ""0""]",0.999,2320.9495899999997,,0.4945,0.001,resolved,0xc1b1bd6defd3acb2df0685a559d06dadc5c0e42c165a7e62084e567fa52bbe6f,https://data.chain.link/streams/eth-usd-twap-60s-streams,2489.9145623333966,2026-09-08 00:46:25+00
hype-updown-15m-1788827400,HYPE,"Hyperliquid Up or Down - September 7, 8:30PM-8:45PM ET",2026-09-08T00:45:00Z,2026-09-08T00:30:00Z,84.76012382282697,Up,"[""1"", ""0""]",0.999,252.552625,,0.4945,0.001,resolved,0x634958b23cb66cf8e0f1f3220c712eaba726fd75cafffd994252c49127a0413e,https://data.chain.link/streams/hype-usd-twap-60s-streams,84.9166001025382,2026-09-08 00:46:25+00
sol-updown-15m-1788827400,SOL,"Solana Up or Down - September 7, 8:30PM-8:45PM ET",2026-09-08T00:45:00Z,2026-09-08T00:30:00Z,103.50212806833822,Up,"[""1"", ""0""]",0.999,1221.724438,,0.4945,0.001,resolved,0x788e97a639f40e30177321c960c8f4da36572858a5aec252a4e281f3bb160796,https://data.chain.link/streams/sol-usd-twap-60s-streams,103.8121197679558,2026-09-08 00:46:25+00
xrp-updown-15m-1788827400,XRP,"XRP Up or Down - September 7, 8:30PM-8:45PM ET",2026-09-08T00:45:00Z,2026-09-08T00:30:00Z,1.393725652076376,Up,"[""1"", ""0""]",0.999,781.9304399999999,5,0.5045,0.001,resolved,0x6113c41c3f41c1e7f8981fedb4b6336cbcc09c204305f1e9640140875d1b96ef,https://data.chain.link/streams/xrp-usd-twap-60s-streams,1.398056932837274,2026-09-08 00:46:25+00
zec-updown-15m-1788827400,ZEC,"ZCash Up or Down - September 7, 8:30PM-8:45PM ET",2026-09-08T00:45:00Z,2026-09-08T00:30:00Z,1134.9518795705828,Up,"[""1"", ""0""]",0.9,,,0.495,0.01,resolved,0x96c530442756698cdd533c1e23791ffe4d5a8e7772f1f0baa08e391fa56cfb16,https://data.chain.link/streams/zec-usd-twap-60s-streams,1136.0613894469845,2026-09-08 00:46:25+00
bnb-updown-15m-1788828300,BNB,"BNB Up or Down - September 7, 8:45PM-9:00PM ET",2026-09-08T01:00:00Z,2026-09-08T00:45:00Z,740.3754752449822,Down,"[""0"", ""1""]",0.01,386.99925600000006,,-0.5,0.01,resolved,0x3c830f9e98698ea9a35ac676d5e9ce11f74715f45a452edb51101a983af5b62f,https://data.chain.link/streams/bnb-usd-twap-60s-streams,740.3539132163307,2026-09-08 01:00:54+00
btc-updown-15m-1788828300,BTC,"Bitcoin Up or Down - September 7, 8:45PM-9:00PM ET",2026-09-08T01:00:00Z,2026-09-08T00:45:00Z,79189.69535026413,Up,"[""1"", ""0""]",0.999,10866.487083999997,70.980387,0.5045,0.001,resolved,0x89605408fbb6f8aa51b20c4fa670b399b94e612e3cc1b396500edce40ed0a604,https://data.chain.link/streams/btc-usd-twap-60s-streams,79283.0097315822,2026-09-08 01:00:54+00
doge-updown-15m-1788828300,DOGE,"Dogecoin Up or Down - September 7, 8:45PM-9:00PM ET",2026-09-08T01:00:00Z,2026-09-08T00:45:00Z,0.09133088129731777,Down,"[""0"", ""1""]",0.01,708.894455,267.544886,-0.48,0.01,resolved,0x3db854d4d846eabf1020683ffad7305fae8b68196b131ed685c5b77082abd94a,https://data.chain.link/streams/doge-usd-twap-60s-streams,0.09130678267206496,2026-09-08 01:00:54+00
eth-updown-15m-1788828300,ETH,"Ethereum Up or Down - September 7, 8:45PM-9:00PM ET",2026-09-08T01:00:00Z,2026-09-08T00:45:00Z,2489.9145623333966,Up,"[""1"", ""0""]",0.999,3288.3156,441.274511,0.5045,0.001,resolved,0xdcd8c37137e2d03b8cb7386e96b5817adf3418e7ca77b8a9a1b4fc714f565510,https://data.chain.link/streams/eth-usd-twap-60s-streams,2494.7134368890725,2026-09-08 01:00:54+00
hype-updown-15m-1788828300,HYPE,"Hyperliquid Up or Down - September 7, 8:45PM-9:00PM ET",2026-09-08T01:00:00Z,2026-09-08T00:45:00Z,84.9166001025382,Up,"[""1"", ""0""]",0.999,293.267722,,0.4945,0.001,resolved,0x5d0c9a726909a9d4f05775f4041775b332d94466f0a05a0c500d6e887e8b644d,https://data.chain.link/streams/hype-usd-twap-60s-streams,85.21543594746605,2026-09-08 01:00:54+00
sol-updown-15m-1788828300,SOL,"Solana Up or Down - September 7, 8:45PM-9:00PM ET",2026-09-08T01:00:00Z,2026-09-08T00:45:00Z,103.8121197679558,Up,"[""1"", ""0""]",0.999,909.331723,154.997844,0.5245,0.001,resolved,0x71ccd380d8b897fbd82fc7476572cb412b44a460fea7ae5a2c638496b4ac9110,https://data.chain.link/streams/sol-usd-twap-60s-streams,104.06656588620778,2026-09-08 01:00:54+00
xrp-updown-15m-1788828300,XRP,"XRP Up or Down - September 7, 8:45PM-9:00PM ET",2026-09-08T01:00:00Z,2026-09-08T00:45:00Z,1.398056932837274,Up,"[""1"", ""0""]",0.999,547.9896699999999,47.156858,0.5045,0.001,resolved,0xee420e96c021820c4df7bfacbd215c1e9e9f5a8a9bbcd8d484f821dc7031beaa,https://data.chain.link/streams/xrp-usd-twap-60s-streams,1.4011138955794236,2026-09-08 01:00:54+00
zec-updown-15m-1788828300,ZEC,"ZCash Up or Down - September 7, 8:45PM-9:00PM ET",2026-09-08T01:00:00Z,2026-09-08T00:45:00Z,1136.0613894469845,Up,"[""1"", ""0""]",0.9,,,0.4945,0.009,resolved,0x3bc6a6feffb6bfbdb5a17b2765b5a5f4cea4ef76aceda4f1672d64c4677e3809,https://data.chain.link/streams/zec-usd-twap-60s-streams,1138.5026555250258,2026-09-08 01:00:54+00
bnb-updown-15m-1788829200,BNB,"BNB Up or Down - September 7, 9:00PM-9:15PM ET",2026-09-08T01:15:00Z,2026-09-08T01:00:00Z,740.3539132163307,Up,"[""1"", ""0""]",0.99,341.642859,,0.49,0.01,resolved,0x93028c5fc0677b0f6c7496c7093a372dc86ee84fbe5270aaef176d47c6c96031,https://data.chain.link/streams/bnb-usd-twap-60s-streams,740.5602204962337,2026-09-08 01:15:54+00
btc-updown-15m-1788829200,BTC,"Bitcoin Up or Down - September 7, 9:00PM-9:15PM ET",2026-09-08T01:15:00Z,2026-09-08T01:00:00Z,79283.0097315822,Up,"[""1"", ""0""]",0.99,24058.595984,2758.13,0.49,0.01,resolved,0xfd9581128505222431917317cf73b6d30c49d95f60e93f23a9b258c0153c7fb1,https://data.chain.link/streams/btc-usd-twap-60s-streams,79295.23534250919,2026-09-08 01:15:52+00
doge-updown-15m-1788829200,DOGE,"Dogecoin Up or Down - September 7, 9:00PM-9:15PM ET",2026-09-08T01:15:00Z,2026-09-08T01:00:00Z,0.09130678267206496,Down,"[""0"", ""1""]",0.07,291.124574,,-0.4995,0.001,resolved,0xb11fb2babf20c0baf4670aaa7bcfadfed7d55f087bde666fd31b5222aaee9e9c,https://data.chain.link/streams/doge-usd-twap-60s-streams,0.09115314274961792,2026-09-08 01:15:52+00
eth-updown-15m-1788829200,ETH,"Ethereum Up or Down - September 7, 9:00PM-9:15PM ET",2026-09-08T01:15:00Z,2026-09-08T01:00:00Z,2494.7134368890725,Up,"[""1"", ""0""]",0.99,3305.3746530000017,,0.49,0.01,resolved,0x1a4983d1c4e01a1c2a9b6dc55aedeeab1f5f75e9ff22f93457094b345b22e22e,https://data.chain.link/streams/eth-usd-twap-60s-streams,2495.351812136539,2026-09-08 01:15:52+00
hype-updown-15m-1788829200,HYPE,"Hyperliquid Up or Down - September 7, 9:00PM-9:15PM ET",2026-09-08T01:15:00Z,2026-09-08T01:00:00Z,85.21543594746605,Down,"[""0"", ""1""]",0.12,101.4297,,-0.5045,0.001,resolved,0xf836d1991ecb71691feb7f5f5b9f626053d8a84983b4915c0361a6e5e27825d1,https://data.chain.link/streams/hype-usd-twap-60s-streams,85.01323622098828,2026-09-08 01:15:52+00
sol-updown-15m-1788829200,SOL,"Solana Up or Down - September 7, 9:00PM-9:15PM ET",2026-09-08T01:15:00Z,2026-09-08T01:00:00Z,104.06656588620778,Up,"[""1"", ""0""]",0.99,574.3326420000001,,0.49,0.01,resolved,0x444aa5ad67b8f6b3ecb2aa492a3d06de7426f78538d118e30bfc3f3595d9bb56,https://data.chain.link/streams/sol-usd-twap-60s-streams,104.14063063810647,2026-09-08 01:15:54+00
xrp-updown-15m-1788829200,XRP,"XRP Up or Down - September 7, 9:00PM-9:15PM ET",2026-09-08T01:15:00Z,2026-09-08T01:00:00Z,1.4011138955794236,Up,"[""1"", ""0""]",0.99,880.6057840000001,150.159991,0.48,0.01,resolved,0xd1d91b131fb7ba80379acb1974bccb58ee974da9c4326a84ea81cbc1b1d25732,https://data.chain.link/streams/xrp-usd-twap-60s-streams,1.4019046222302576,2026-09-08 01:15:54+00
zec-updown-15m-1788829200,ZEC,"ZCash Up or Down - September 7, 9:00PM-9:15PM ET",2026-09-08T01:15:00Z,2026-09-08T01:00:00Z,1138.5026555250258,Up,"[""1"", ""0""]",0.9,,,0.495,0.01,resolved,0x90a34d89ddf3341cebc625233c9e0bf9af55ee7d626611f7baebfd580e0064cb,https://data.chain.link/streams/zec-usd-twap-60s-streams,1141.153631939153,2026-09-08 01:15:54+00
bnb-updown-15m-1788830100,BNB,"BNB Up or Down - September 7, 9:15PM-9:30PM ET",2026-09-08T01:30:00Z,2026-09-08T01:15:00Z,740.5602204962337,Up,"[""1"", ""0""]",0.999,177.79836600000002,,0.4945,0.001,resolved,0x334c909363b5e1c3775c9ece606fbaf063094617cd2dc9c7e470bf09bd884b64,https://data.chain.link/streams/bnb-usd-twap-60s-streams,742.1083020105813,2026-09-08 01:30:52+00
btc-updown-15m-1788830100,BTC,"Bitcoin Up or Down - September 7, 9:15PM-9:30PM ET",2026-09-08T01:30:00Z,2026-09-08T01:15:00Z,79295.23534250919,Up,"[""1"", ""0""]",0.999,28547.816901000006,14,0.4945,0.001,resolved,0x982724bb23906b5894df5272cc6082dbf5119d4ed9fa15d73314994443f0b285,https://data.chain.link/streams/btc-usd-twap-60s-streams,79378.28078132101,2026-09-08 01:30:54+00
doge-updown-15m-1788830100,DOGE,"Dogecoin Up or Down - September 7, 9:15PM-9:30PM ET",2026-09-08T01:30:00Z,2026-09-08T01:15:00Z,0.09115314274961792,Up,"[""1"", ""0""]",0.99,193.781124,,0.4995,0.001,resolved,0xc45720094f200805e319e26597f527dca69c4aca3d58ccfdddac885d8adbfa7b,https://data.chain.link/streams/doge-usd-twap-60s-streams,0.09142497048343018,2026-09-08 01:30:54+00
eth-updown-15m-1788830100,ETH,"Ethereum Up or Down - September 7, 9:15PM-9:30PM ET",2026-09-08T01:30:00Z,2026-09-08T01:15:00Z,2495.351812136539,Up,"[""1"", ""0""]",0.999,4680.786583,,0.4945,0.001,resolved,0xd4bf505006049b9043060deb77b175b12c4e0ff27de3af7cea64b5c7208dd03a,https://data.chain.link/streams/eth-usd-twap-60s-streams,2502.0185373019826,2026-09-08 01:30:52+00
hype-updown-15m-1788830100,HYPE,"Hyperliquid Up or Down - September 7, 9:15PM-9:30PM ET",2026-09-08T01:30:00Z,2026-09-08T01:15:00Z,85.01323622098828,Up,"[""1"", ""0""]",0.999,109.026958,,0.4895,0.009,resolved,0x6d8a511f811a38ae31abe0dfdd5728ae6944236d4ed29ec85b77b84d099a1f18,https://data.chain.link/streams/hype-usd-twap-60s-streams,85.27058620827493,2026-09-08 01:30:52+00
sol-updown-15m-1788830100,SOL,"Solana Up or Down - September 7, 9:15PM-9:30PM ET",2026-09-08T01:30:00Z,2026-09-08T01:15:00Z,104.14063063810647,Up,"[""1"", ""0""]",0.99,975.967945,,0.4945,0.001,resolved,0x1f3b53bd9741b2504bfc8813b5969bd1eb85c17198b47cd12eb5d4e78be35ec9,https://data.chain.link/streams/sol-usd-twap-60s-streams,104.27283183432533,2026-09-08 01:30:54+00
xrp-updown-15m-1788830100,XRP,"XRP Up or Down - September 7, 9:15PM-9:30PM ET",2026-09-08T01:30:00Z,2026-09-08T01:15:00Z,1.4019046222302576,Up,"[""1"", ""0""]",0.99,670.7896119999997,,0.4945,0.001,resolved,0x7ed6a36fb6a1ef98e3854e7cb0c7c93f5a90cac49825973098ef60af062eb278,https://data.chain.link/streams/xrp-usd-twap-60s-streams,1.405094034469119,2026-09-08 01:30:54+00
zec-updown-15m-1788830100,ZEC,"ZCash Up or Down - September 7, 9:15PM-9:30PM ET",2026-09-08T01:30:00Z,2026-09-08T01:15:00Z,1141.153631939153,Up,"[""1"", ""0""]",0.9,,,0.495,0.01,resolved,0xe4b463526a9df50b904ebb465090918f417854c36402e89715556fdf4b47d672,https://data.chain.link/streams/zec-usd-twap-60s-streams,1146.0375088115957,2026-09-08 01:30:52+00
bnb-updown-15m-1788831000,BNB,"BNB Up or Down - September 7, 9:30PM-9:45PM ET",2026-09-08T01:45:00Z,2026-09-08T01:30:00Z,742.1083020105813,Down,"[""0"", ""1""]",0.218,337.205494,,-0.5045,0.001,resolved,0x068558cfaf422cfd351f4ca04705cdb0938f21fcfbb85dc82a2ac6747c637c70,https://data.chain.link/streams/bnb-usd-twap-60s-streams,741.7795733906531,2026-09-08 01:46:25+00
btc-updown-15m-1788831000,BTC,"Bitcoin Up or Down - September 7, 9:30PM-9:45PM ET",2026-09-08T01:45:00Z,2026-09-08T01:30:00Z,79378.28078132101,Down,"[""0"", ""1""]",0.001,17808.61582799999,35.29,-0.4945,0.001,resolved,0x19f1bc8a7e0962a9159b7aab8f785d99786ec4923bfea1f3debeead878391312,https://data.chain.link/streams/btc-usd-twap-60s-streams,79303.14303499254,2026-09-08 01:46:25+00
doge-updown-15m-1788831000,DOGE,"Dogecoin Up or Down - September 7, 9:30PM-9:45PM ET",2026-09-08T01:45:00Z,2026-09-08T01:30:00Z,0.09142497048343018,Down,"[""0"", ""1""]",0.1,199.694285,,-0.4995,0.001,resolved,0x1159a52f69493a1ae7a3bb6e2f2af2dc5e55826c0aa30180bc00a4e7719a29f5,https://data.chain.link/streams/doge-usd-twap-60s-streams,0.09114716604157519,2026-09-08 01:46:25+00
eth-updown-15m-1788831000,ETH,"Ethereum Up or Down - September 7, 9:30PM-9:45PM ET",2026-09-08T01:45:00Z,2026-09-08T01:30:00Z,2502.0185373019826,Down,"[""0"", ""1""]",0.001,2219.0390509999997,,-0.5045,0.001,resolved,0x5383186016d7b44ccf2c4384346ac23b26424ae0eead4d9a83450288909a7a54,https://data.chain.link/streams/eth-usd-twap-60s-streams,2499.2793897979395,2026-09-08 01:46:25+00
hype-updown-15m-1788831000,HYPE,"Hyperliquid Up or Down - September 7, 9:30PM-9:45PM ET",2026-09-08T01:45:00Z,2026-09-08T01:30:00Z,85.27058620827493,Up,"[""1"", ""0""]",0.99,583.389516,,0.49,0.01,resolved,0xae6cd14532a12fac536d26ba0dab3d6d81a01aa507474f6af3c65c7264924de9,https://data.chain.link/streams/hype-usd-twap-60s-streams,85.30806853862978,2026-09-08 01:46:25+00
sol-updown-15m-1788831000,SOL,"Solana Up or Down - September 7, 9:30PM-9:45PM ET",2026-09-08T01:45:00Z,2026-09-08T01:30:00Z,104.27283183432533,Down,"[""0"", ""1""]",0.1,641.1651179999999,,-0.5045,0.001,resolved,0xff9c9105291e5a47109a1fd3de5b90e5e704863cf1a8be42319c335f8d70c05c,https://data.chain.link/streams/sol-usd-twap-60s-streams,104.12072627160462,2026-09-08 01:46:25+00
xrp-updown-15m-1788831000,XRP,"XRP Up or Down - September 7, 9:30PM-9:45PM ET",2026-09-08T01:45:00Z,2026-09-08T01:30:00Z,1.405094034469119,Down,"[""0"", ""1""]",0.07,723.7987580000001,,-0.5045,0.001,resolved,0x77cdfefc06c68d7c164fd5ade456739e2f77190687eae06e94d8a06b24013b73,https://data.chain.link/streams/xrp-usd-twap-60s-streams,1.401785853268086,2026-09-08 01:46:25+00
zec-updown-15m-1788831000,ZEC,"ZCash Up or Down - September 7, 9:30PM-9:45PM ET",2026-09-08T01:45:00Z,2026-09-08T01:30:00Z,1146.0375088115957,Down,"[""0"", ""1""]",,,,-0.495,0.01,resolved,0x47e71010b700ca5f9383baf1f5045d27bd52f660ec0ebc1993037f20e1ab817b,https://data.chain.link/streams/zec-usd-twap-60s-streams,1143.6139465713711,2026-09-08 01:46:25+00
bnb-updown-15m-1788831900,BNB,"BNB Up or Down - September 7, 9:45PM-10:00PM ET",2026-09-08T02:00:00Z,2026-09-08T01:45:00Z,741.7795733906531,Up,"[""1"", ""0""]",0.99,313.156197,,0.4945,0.001,resolved,0xcb4c2984e874998e880473cfeb71bbf4289dedea278e7889f3deecf596cde725,https://data.chain.link/streams/bnb-usd-twap-60s-streams,742.4559854136276,2026-09-08 02:00:52+00
btc-updown-15m-1788831900,BTC,"Bitcoin Up or Down - September 7, 9:45PM-10:00PM ET",2026-09-08T02:00:00Z,2026-09-08T01:45:00Z,79303.14303499254,Up,"[""1"", ""0""]",0.999,16317.98191,,0.4945,0.001,resolved,0xee1541436fa2ed8be02990217f7f3acbf43662dfbfaae5f77e2d9c4b05960875,https://data.chain.link/streams/btc-usd-twap-60s-streams,79419.32566945523,2026-09-08 02:00:54+00
doge-updown-15m-1788831900,DOGE,"Dogecoin Up or Down - September 7, 9:45PM-10:00PM ET",2026-09-08T02:00:00Z,2026-09-08T01:45:00Z,0.09114716604157519,Up,"[""1"", ""0""]",0.95,506.448328,,0.4995,0.001,resolved,0xb0164c7480a511d9589e06e39c5d518dc7f4193cb58f77acd1a219f34fbd1897,https://data.chain.link/streams/doge-usd-twap-60s-streams,0.09126075659195491,2026-09-08 02:00:54+00
eth-updown-15m-1788831900,ETH,"Ethereum Up or Down - September 7, 9:45PM-10:00PM ET",2026-09-08T02:00:00Z,2026-09-08T01:45:00Z,2499.2793897979395,Up,"[""1"", ""0""]",0.999,2601.8246940000004,,0.4945,0.001,resolved,0x65b50b6363da83d1aeac76bb1bd910386620b26a01221bdf0e0e70826751aef2,https://data.chain.link/streams/eth-usd-twap-60s-streams,2503.4171141619217,2026-09-08 02:00:52+00
hype-updown-15m-1788831900,HYPE,"Hyperliquid Up or Down - September 7, 9:45PM-10:00PM ET",2026-09-08T02:00:00Z,2026-09-08T01:45:00Z,85.30806853862978,Up,"[""1"", ""0""]",0.99,534.9845580000001,,0.4945,0.001,resolved,0x357f4d37941227c5e6c67a41f6c9da987ec03aa7feba05f8f379e926bc7d2967,https://data.chain.link/streams/hype-usd-twap-60s-streams,85.40357732123101,2026-09-08 02:00:54+00
sol-updown-15m-1788831900,SOL,"Solana Up or Down - September 7, 9:45PM-10:00PM ET",2026-09-08T02:00:00Z,2026-09-08T01:45:00Z,104.12072627160462,Up,"[""1"", ""0""]",0.99,1279.0462420000001,,0.4945,0.001,resolved,0xf0a13b3781f5d27ab350b8875682d912e50efe95c17e4bd21548ae19b16ef51d,https://data.chain.link/streams/sol-usd-twap-60s-streams,104.36139005447872,2026-09-08 02:00:52+00
xrp-updown-15m-1788831900,XRP,"XRP Up or Down - September 7, 9:45PM-10:00PM ET",2026-09-08T02:00:00Z,2026-09-08T01:45:00Z,1.401785853268086,Up,"[""1"", ""0""]",0.99,574.997166,,0.49,0.01,resolved,0x1763bbb189a6c53b42f357e339cbb56c7d469d59a6d705175ff28948c98a20f5,https://data.chain.link/streams/xrp-usd-twap-60s-streams,1.40384550807001,2026-09-08 02:00:52+00
zec-updown-15m-1788831900,ZEC,"ZCash Up or Down - September 7, 9:45PM-10:00PM ET",2026-09-08T02:00:00Z,2026-09-08T01:45:00Z,1143.6139465713711,Up,"[""1"", ""0""]",0.9,,,0.495,0.01,resolved,0x780aa4f71ff1c8adf4a30d9fa4bf20cce930551b29a0f4323742c6b97d74f85a,https://data.chain.link/streams/zec-usd-twap-60s-streams,1154.4412059823835,2026-09-08 02:00:52+00
bnb-updown-15m-1788832800,BNB,"BNB Up or Down - September 7, 10:00PM-10:15PM ET",2026-09-08T02:15:00Z,2026-09-08T02:00:00Z,742.4559854136276,Down,"[""0"", ""1""]",0.05,158.52361100000005,,-0.5045,0.001,resolved,0x3c4eb69bce5d706fb8c27f9fa459942cc094af2d12e8c676e23e65d434f088d0,https://data.chain.link/streams/bnb-usd-twap-60s-streams,741.6667002279828,2026-09-08 02:15:52+00
btc-updown-15m-1788832800,BTC,"Bitcoin Up or Down - September 7, 10:00PM-10:15PM ET",2026-09-08T02:15:00Z,2026-09-08T02:00:00Z,79419.32566945523,Down,"[""0"", ""1""]",0.001,14771.380888999996,2754.04,-0.5045,0.001,resolved,0x1fe35c0394a92942d4eef8073c21e989e0a7f23fb0ba0295da6d58f8cf6f5778,https://data.chain.link/streams/btc-usd-twap-60s-streams,79319.16331086721,2026-09-08 02:15:52+00
doge-updown-15m-1788832800,DOGE,"Dogecoin Up or Down - September 7, 10:00PM-10:15PM ET",2026-09-08T02:15:00Z,2026-09-08T02:00:00Z,0.09126075659195491,Down,"[""0"", ""1""]",0.07,374.07088799999997,,-0.4995,0.001,resolved,0x14c8dc8cc919306f38006c2a1fdf5293393a92983f9f36cac9883886e212d91b,https://data.chain.link/streams/doge-usd-twap-60s-streams,0.09107029611924719,2026-09-08 02:15:52+00
eth-updown-15m-1788832800,ETH,"Ethereum Up or Down - September 7, 10:00PM-10:15PM ET",2026-09-08T02:15:00Z,2026-09-08T02:00:00Z,2503.4171141619217,Down,"[""0"", ""1""]",0.009,2714.1529330000008,,-0.5045,0.001,resolved,0x1a3478472028ea258ae4fd3ea2c5ef9f83930047fa78c30c880288c2b7f8e5a3,https://data.chain.link/streams/eth-usd-twap-60s-streams,2498.4978117062406,2026-09-08 02:15:54+00
hype-updown-15m-1788832800,HYPE,"Hyperliquid Up or Down - September 7, 10:00PM-10:15PM ET",2026-09-08T02:15:00Z,2026-09-08T02:00:00Z,85.40357732123101,Down,"[""0"", ""1""]",0.14,94.3427,,-0.5045,0.001,resolved,0x6efca042d068a7262f6d4369137e80027b1ffb60ca0647ab182d807a0bca2e20,https://data.chain.link/streams/hype-usd-twap-60s-streams,85.0741839730643,2026-09-08 02:15:54+00
sol-updown-15m-1788832800,SOL,"Solana Up or Down - September 7, 10:00PM-10:15PM ET",2026-09-08T02:15:00Z,2026-09-08T02:00:00Z,104.36139005447872,Down,"[""0"", ""1""]",0.001,1813.1316679999998,,-0.5045,0.001,resolved,0x8ed2b2d2a8b1b8ea8cdb178df8fcce05eac6b5f31f79d53c6e0ad213f3adfa63,https://data.chain.link/streams/sol-usd-twap-60s-streams,104.16561545330354,2026-09-08 02:15:54+00
xrp-updown-15m-1788832800,XRP,"XRP Up or Down - September 7, 10:00PM-10:15PM ET",2026-09-08T02:15:00Z,2026-09-08T02:00:00Z,1.40384550807001,Down,"[""0"", ""1""]",0.03,1108.580469,,-0.5045,0.001,resolved,0x2cc28da9773f2d61339f7a9aaa8126e929a4cd8f6aa88e0d996edc5d897ee3ac,https://data.chain.link/streams/xrp-usd-twap-60s-streams,1.4026493527842694,2026-09-08 02:15:52+00
zec-updown-15m-1788832800,ZEC,"ZCash Up or Down - September 7, 10:00PM-10:15PM ET",2026-09-08T02:15:00Z,2026-09-08T02:00:00Z,1154.4412059823835,Down,"[""0"", ""1""]",,,,-0.495,0.01,resolved,0xfb609eef088458d79f78abd688d4cbaf6e1e0c7ec7c94a7f0026dc83e99b4dae,https://data.chain.link/streams/zec-usd-twap-60s-streams,1149.09242069413,2026-09-08 02:15:54+00
bnb-updown-15m-1788833700,BNB,"BNB Up or Down - September 7, 10:15PM-10:30PM ET",2026-09-08T02:30:00Z,2026-09-08T02:15:00Z,741.6667002279828,Down,"[""0"", ""1""]",0.021,435.06499299999996,,-0.5045,0.001,resolved,0xc562367bc30ce4664e7c0a3ee7a2f87c486f31fdd7ace6935060d1ad5abd5453,https://data.chain.link/streams/bnb-usd-twap-60s-streams,740.9248897889462,2026-09-08 02:30:52+00
btc-updown-15m-1788833700,BTC,"Bitcoin Up or Down - September 7, 10:15PM-10:30PM ET",2026-09-08T02:30:00Z,2026-09-08T02:15:00Z,79319.16331086721,Down,"[""0"", ""1""]",0.02,31180.561658,,-0.5,0.01,resolved,0xfcee84ab2f7339819d22197af3f0a1161be828b69ab53e3d4d4caeaccabf96fd,https://data.chain.link/streams/btc-usd-twap-60s-streams,79249.88914998565,2026-09-08 02:30:52+00
doge-updown-15m-1788833700,DOGE,"Dogecoin Up or Down - September 7, 10:15PM-10:30PM ET",2026-09-08T02:30:00Z,2026-09-08T02:15:00Z,0.09107029611924719,Down,"[""0"", ""1""]",0.1,377.20301499999994,,-0.4995,0.001,resolved,0xbe97fdfd1c76de49c9f39ed431246da26e518733bd7e0b18c2a18651e75b75e8,https://data.chain.link/streams/doge-usd-twap-60s-streams,0.09094704807986939,2026-09-08 02:30:52+00
eth-updown-15m-1788833700,ETH,"Ethereum Up or Down - September 7, 10:15PM-10:30PM ET",2026-09-08T02:30:00Z,2026-09-08T02:15:00Z,2498.4978117062406,Down,"[""0"", ""1""]",0.01,5521.8836839999985,,-0.5045,0.001,resolved,0xe614bf8d8fd5d5c9c90403ccd3e5d16b02a70be2fd8c9e62c3712d364201a61d,https://data.chain.link/streams/eth-usd-twap-60s-streams,2496.484035504509,2026-09-08 02:30:52+00
hype-updown-15m-1788833700,HYPE,"Hyperliquid Up or Down - September 7, 10:15PM-10:30PM ET",2026-09-08T02:30:00Z,2026-09-08T02:15:00Z,85.0741839730643,Up,"[""1"", ""0""]",0.999,132.3015,,0.4895,0.009,resolved,0x3eaaecff135e7458a05d527947b06f8186622da7383484076bceb1f523eac1a8,https://data.chain.link/streams/hype-usd-twap-60s-streams,85.11591753107757,2026-09-08 02:30:52+00
sol-updown-15m-1788833700,SOL,"Solana Up or Down - September 7, 10:15PM-10:30PM ET",2026-09-08T02:30:00Z,2026-09-08T02:15:00Z,104.16561545330354,Down,"[""0"", ""1""]",0.04,1266.9661330000001,,-0.5045,0.001,resolved,0x572ea98f29fea3889ff0992268bf8d6fbbfd19d6737c52d097ef236850c13daa,https://data.chain.link/streams/sol-usd-twap-60s-streams,104.06865441157623,2026-09-08 02:30:52+00
xrp-updown-15m-1788833700,XRP,"XRP Up or Down - September 7, 10:15PM-10:30PM ET",2026-09-08T02:30:00Z,2026-09-08T02:15:00Z,1.4026493527842694,Down,"[""0"", ""1""]",0.08,1146.4921769999999,,-0.5,0.01,resolved,0xd6d6124aa120440c05bd14a5d797daf9cd34a65eca19c382ab66c40d200f271e,https://data.chain.link/streams/xrp-usd-twap-60s-streams,1.4014985548804746,2026-09-08 02:30:52+00
zec-updown-15m-1788833700,ZEC,"ZCash Up or Down - September 7, 10:15PM-10:30PM ET",2026-09-08T02:30:00Z,2026-09-08T02:15:00Z,1149.09242069413,Down,"[""0"", ""1""]",,,,-0.495,0.01,resolved,0x5fcb3fb94234148d8565528a3a0054fea71cd26ae3e422d16ff6dcfa4e2618c3,https://data.chain.link/streams/zec-usd-twap-60s-streams,1142.2445399269209,2026-09-08 02:30:52+00
bnb-updown-15m-1788834600,BNB,"BNB Up or Down - September 7, 10:30PM-10:45PM ET",2026-09-08T02:45:00Z,2026-09-08T02:30:00Z,740.9248897889462,Down,"[""0"", ""1""]",0.1,257.662007,,-0.5045,0.001,resolved,0xe5b555fc6e4a5c8be05af72093235c464e547b77244c3b7ed2884ceed0e43f6c,https://data.chain.link/streams/bnb-usd-twap-60s-streams,739.747868830223,2026-09-08 02:46:25+00
btc-updown-15m-1788834600,BTC,"Bitcoin Up or Down - September 7, 10:30PM-10:45PM ET",2026-09-08T02:45:00Z,2026-09-08T02:30:00Z,79249.88914998565,Down,"[""0"", ""1""]",0.001,22260.424097999996,,-0.5045,0.001,resolved,0x630b2a0db8ec1062b17cc5c3ca25d8298e954fc468faf6def315c5fa479e9680,https://data.chain.link/streams/btc-usd-twap-60s-streams,79114.15503611173,2026-09-08 02:46:31+00
doge-updown-15m-1788834600,DOGE,"Dogecoin Up or Down - September 7, 10:30PM-10:45PM ET",2026-09-08T02:45:00Z,2026-09-08T02:30:00Z,0.09094704807986939,Down,"[""0"", ""1""]",0.002,852.552192,,-0.4995,0.001,resolved,0xe627917652df0a683a75b31a94e68b8366e53d1f4785819efc9d92c22991445a,https://data.chain.link/streams/doge-usd-twap-60s-streams,0.09060784947998252,2026-09-08 02:46:25+00
eth-updown-15m-1788834600,ETH,"Ethereum Up or Down - September 7, 10:30PM-10:45PM ET",2026-09-08T02:45:00Z,2026-09-08T02:30:00Z,2496.484035504509,Down,"[""0"", ""1""]",0.02,2427.5335750000004,435.294118,-0.5045,0.001,resolved,0xbdd79bdec3ea9f538948a9d737211c1fdaae8bda94a63687f16d8b67e08a6fc9,https://data.chain.link/streams/eth-usd-twap-60s-streams,2491.0580634594694,2026-09-08 02:46:25+00
hype-updown-15m-1788834600,HYPE,"Hyperliquid Up or Down - September 7, 10:30PM-10:45PM ET",2026-09-08T02:45:00Z,2026-09-08T02:30:00Z,85.11591753107757,Down,"[""0"", ""1""]",0.1,102.21742900000001,,-0.5045,0.001,resolved,0x30ab871b935e0f58ad746e251475427cd271829e11e49112d58fa9d1fecb9da1,https://data.chain.link/streams/hype-usd-twap-60s-streams,84.56279213199844,2026-09-08 02:46:25+00
sol-updown-15m-1788834600,SOL,"Solana Up or Down - September 7, 10:30PM-10:45PM ET",2026-09-08T02:45:00Z,2026-09-08T02:30:00Z,104.06865441157623,Down,"[""0"", ""1""]",0.1,755.3604060000001,144.99077,-0.5245,0.001,resolved,0x59d6c7be72bf2f042fb7351006b473d90af6f2c86dd7a9b823736a8fa7916c49,https://data.chain.link/streams/sol-usd-twap-60s-streams,103.67711539581003,2026-09-08 02:46:25+00
xrp-updown-15m-1788834600,XRP,"XRP Up or Down - September 7, 10:30PM-10:45PM ET",2026-09-08T02:45:00Z,2026-09-08T02:30:00Z,1.4014985548804746,Down,"[""0"", ""1""]",0.01,1049.809832,,-0.5045,0.001,resolved,0x03a7c77e504e075d5968fc86500783bc53be7617214e6affd8a3f4009f9b08a7,https://data.chain.link/streams/xrp-usd-twap-60s-streams,1.3976643722301596,2026-09-08 02:46:31+00
zec-updown-15m-1788834600,ZEC,"ZCash Up or Down - September 7, 10:30PM-10:45PM ET",2026-09-08T02:45:00Z,2026-09-08T02:30:00Z,1142.2445399269209,Down,"[""0"", ""1""]",0.57,13.578948,,-0.4995,0.001,resolved,0xb6600cfabd034d8979004e057edf473f1382c34fca83a43d997fa587190698f3,https://data.chain.link/streams/zec-usd-twap-60s-streams,1131.9485347339305,2026-09-08 02:46:25+00
bnb-updown-15m-1788835500,BNB,"BNB Up or Down - September 7, 10:45PM-11:00PM ET",2026-09-08T03:00:00Z,2026-09-08T02:45:00Z,739.747868830223,Down,"[""0"", ""1""]",0.1,720.2916039999999,,-0.5045,0.001,resolved,0x2e2d832bb7344358fd4f5c025c2e551b289a7dd85483e2396ce74b063df277ad,https://data.chain.link/streams/bnb-usd-twap-60s-streams,738.3809627373588,2026-09-08 03:00:54+00
btc-updown-15m-1788835500,BTC,"Bitcoin Up or Down - September 7, 10:45PM-11:00PM ET",2026-09-08T03:00:00Z,2026-09-08T02:45:00Z,79114.15503611173,Down,"[""0"", ""1""]",0.001,19558.9667,,-0.5045,0.001,resolved,0x6c96d09f609a864ddcae30b17160aac60eff52e02e41a424d3e6e9b1addc5ee6,https://data.chain.link/streams/btc-usd-twap-60s-streams,78927.9074193921,2026-09-08 03:00:54+00
doge-updown-15m-1788835500,DOGE,"Dogecoin Up or Down - September 7, 10:45PM-11:00PM ET",2026-09-08T03:00:00Z,2026-09-08T02:45:00Z,0.09060784947998252,Down,"[""0"", ""1""]",0.06,333.868722,,-0.4995,0.001,resolved,0x38f491db8b81a748d71fd12f876c491a30ab99b90abacc6ffa12be2fae182e59,https://data.chain.link/streams/doge-usd-twap-60s-streams,0.0900401860333624,2026-09-08 03:00:52+00
eth-updown-15m-1788835500,ETH,"Ethereum Up or Down - September 7, 10:45PM-11:00PM ET",2026-09-08T03:00:00Z,2026-09-08T02:45:00Z,2491.0580634594694,Down,"[""0"", ""1""]",0.04,2803.456709,,-0.5045,0.001,resolved,0x0b6df29e553d54c815b7f1f8c71b545a36dfbef4576bb247ec3558199abb1396,https://data.chain.link/streams/eth-usd-twap-60s-streams,2484.7043070284317,2026-09-08 03:00:52+00
hype-updown-15m-1788835500,HYPE,"Hyperliquid Up or Down - September 7, 10:45PM-11:00PM ET",2026-09-08T03:00:00Z,2026-09-08T02:45:00Z,84.56279213199844,Down,"[""0"", ""1""]",0.02,310.653943,,-0.5045,0.001,resolved,0xd662d9bc09429c1d49f6fa17b019748bf1300f6569f361d3c0a1919a90f40be7,https://data.chain.link/streams/hype-usd-twap-60s-streams,84.18470188477279,2026-09-08 03:00:54+00
sol-updown-15m-1788835500,SOL,"Solana Up or Down - September 7, 10:45PM-11:00PM ET",2026-09-08T03:00:00Z,2026-09-08T02:45:00Z,103.67711539581003,Down,"[""0"", ""1""]",0.14,852.457937,,-0.5045,0.001,resolved,0xb6012b9addbfc92eb092dc2a02d62b3a37a5e4b43884cb6e20cf18f8e8937b85,https://data.chain.link/streams/sol-usd-twap-60s-streams,103.30033465113,2026-09-08 03:00:52+00
xrp-updown-15m-1788835500,XRP,"XRP Up or Down - September 7, 10:45PM-11:00PM ET",2026-09-08T03:00:00Z,2026-09-08T02:45:00Z,1.3976643722301596,Down,"[""0"", ""1""]",0.02,1716.514181,5.882355,-0.5045,0.001,resolved,0x6c2ba54f201e3b9ebe42d217151ce4ee73d07cf42df0b695906de877a705ff58,https://data.chain.link/streams/xrp-usd-twap-60s-streams,1.391876257523178,2026-09-08 03:00:54+00
zec-updown-15m-1788835500,ZEC,"ZCash Up or Down - September 7, 10:45PM-11:00PM ET",2026-09-08T03:00:00Z,2026-09-08T02:45:00Z,1131.9485347339305,Down,"[""0"", ""1""]",,,,-0.4995,0.001,resolved,0xf6bdc10e82e25b38a36c698f7b63d32fd6d5ff170eadd414d6fa35eefe57c63f,https://data.chain.link/streams/zec-usd-twap-60s-streams,1130.8297170276323,2026-09-08 03:00:52+00
bnb-updown-15m-1788836400,BNB,"BNB Up or Down - September 7, 11:00PM-11:15PM ET",2026-09-08T03:15:00Z,2026-09-08T03:00:00Z,738.3809627373588,Down,"[""0"", ""1""]",0.01,580.301168,,-0.5,0.01,resolved,0x317b9dc40e06dd29436b3a12c974ba13cbaf247a64a3872b219d23deeaa7facd,https://data.chain.link/streams/bnb-usd-twap-60s-streams,738.0708222286764,2026-09-08 03:15:52+00
btc-updown-15m-1788836400,BTC,"Bitcoin Up or Down - September 7, 11:00PM-11:15PM ET",2026-09-08T03:15:00Z,2026-09-08T03:00:00Z,78927.9074193921,Down,"[""0"", ""1""]",0.01,24749.601158000005,3372.43409,-0.5,0.01,resolved,0x9fafd468c87dc4d17fa4719a695cd047c7f0ea2fac36364afbffc2763242cf9a,https://data.chain.link/streams/btc-usd-twap-60s-streams,78891.92804491892,2026-09-08 03:15:52+00
doge-updown-15m-1788836400,DOGE,"Dogecoin Up or Down - September 7, 11:00PM-11:15PM ET",2026-09-08T03:15:00Z,2026-09-08T03:00:00Z,0.0900401860333624,Down,"[""0"", ""1""]",0.05,644.2693409999999,,-0.4995,0.001,resolved,0x5c7a4c899a2ec7fa7c134739ac29a00df26c74edd17f75858bd57e5a9d6be626,https://data.chain.link/streams/doge-usd-twap-60s-streams,0.08984476042485041,2026-09-08 03:15:52+00
eth-updown-15m-1788836400,ETH,"Ethereum Up or Down - September 7, 11:00PM-11:15PM ET",2026-09-08T03:15:00Z,2026-09-08T03:00:00Z,2484.7043070284317,Down,"[""0"", ""1""]",0.04,4891.686286000001,24.607844,-0.5,0.01,resolved,0xf119ff5ffed2e0388bae24936e03a5363eaf9f54eb82ba45bbf29ef511715e7d,https://data.chain.link/streams/eth-usd-twap-60s-streams,2482.712793447904,2026-09-08 03:15:54+00
hype-updown-15m-1788836400,HYPE,"Hyperliquid Up or Down - September 7, 11:00PM-11:15PM ET",2026-09-08T03:15:00Z,2026-09-08T03:00:00Z,84.18470188477279,Down,"[""0"", ""1""]",0.1,450.945004,,-0.5045,0.001,resolved,0x1c656cadb31b90477b6117a316646ed43a9c36ddef6d756546e38ea303902d15,https://data.chain.link/streams/hype-usd-twap-60s-streams,84.0105434661596,2026-09-08 03:15:54+00
sol-updown-15m-1788836400,SOL,"Solana Up or Down - September 7, 11:00PM-11:15PM ET",2026-09-08T03:15:00Z,2026-09-08T03:00:00Z,103.30033465113,Down,"[""0"", ""1""]",0.06,976.0521860000001,19.607844,-0.5045,0.001,resolved,0x33bef46c9cc9871e2ae48c1083f3192b5ef4dcf120995ab397f60b70703fb66c,https://data.chain.link/streams/sol-usd-twap-60s-streams,103.10155092587725,2026-09-08 03:15:54+00
xrp-updown-15m-1788836400,XRP,"XRP Up or Down - September 7, 11:00PM-11:15PM ET",2026-09-08T03:15:00Z,2026-09-08T03:00:00Z,1.391876257523178,Up,"[""1"", ""0""]",0.99,1245.5130809999998,19.607844,0.49,0.01,resolved,0xc9f349454dbc529f11b63037621c6c498a4f24b7becdb1bc84ee110f77be3388,https://data.chain.link/streams/xrp-usd-twap-60s-streams,1.3922611224985708,2026-09-08 03:15:54+00
zec-updown-15m-1788836400,ZEC,"ZCash Up or Down - September 7, 11:00PM-11:15PM ET",2026-09-08T03:15:00Z,2026-09-08T03:00:00Z,1130.8297170276323,Down,"[""0"", ""1""]",,,,-0.495,0.01,resolved,0xc6fd2ba477cf0c8a56b095187e83d8adf36eea566602534f87b80577b23e328f,https://data.chain.link/streams/zec-usd-twap-60s-streams,1126.5435498727577,2026-09-08 03:15:54+00
bnb-updown-15m-1788837300,BNB,"BNB Up or Down - September 7, 11:15PM-11:30PM ET",2026-09-08T03:30:00Z,2026-09-08T03:15:00Z,738.0708222286764,Up,"[""1"", ""0""]",0.26,365.5898269999999,,0.4945,0.001,resolved,0x365d48548d79c2db849b9f05c4f577f8ad23c70bec79b61a41e28a3568052c1c,https://data.chain.link/streams/bnb-usd-twap-60s-streams,738.1315767830766,2026-09-08 03:31:25+00
btc-updown-15m-1788837300,BTC,"Bitcoin Up or Down - September 7, 11:15PM-11:30PM ET",2026-09-08T03:30:00Z,2026-09-08T03:15:00Z,78891.92804491892,Down,"[""0"", ""1""]",0.01,21595.87968,20,-0.4945,0.001,resolved,0xf3449cf6c1a35f5c668b46aa6a17be4a261c81aa3c43a30a2b0339d72f7459fe,https://data.chain.link/streams/btc-usd-twap-60s-streams,78735.15165234011,2026-09-08 03:31:25+00
doge-updown-15m-1788837300,DOGE,"Dogecoin Up or Down - September 7, 11:15PM-11:30PM ET",2026-09-08T03:30:00Z,2026-09-08T03:15:00Z,0.08984476042485041,Down,"[""0"", ""1""]",0.05,726.124211,,-0.4995,0.001,resolved,0x51bba30488bedb001d0c279d0ed43ed0ba9da73fa0472d50b5ec79a3c8ed0254,https://data.chain.link/streams/doge-usd-twap-60s-streams,0.08969743881185853,2026-09-08 03:31:25+00
eth-updown-15m-1788837300,ETH,"Ethereum Up or Down - September 7, 11:15PM-11:30PM ET",2026-09-08T03:30:00Z,2026-09-08T03:15:00Z,2482.712793447904,Down,"[""0"", ""1""]",0.04,5546.063717000003,,-0.5045,0.001,resolved,0x6cceeeb0826511e38efe29730d0cc15e1fc512a56f50f703301bee5d3258ae9e,https://data.chain.link/streams/eth-usd-twap-60s-streams,2480.017040328287,2026-09-08 03:31:25+00
hype-updown-15m-1788837300,HYPE,"Hyperliquid Up or Down - September 7, 11:15PM-11:30PM ET",2026-09-08T03:30:00Z,2026-09-08T03:15:00Z,84.0105434661596,Down,"[""0"", ""1""]",0.06,568.7609849999999,,-0.5045,0.001,resolved,0x8ee50eb9b0f8b5a3a03cee19fede02ba49be855cefb48a14542b8b3b98006b55,https://data.chain.link/streams/hype-usd-twap-60s-streams,83.86949147037835,2026-09-08 03:31:25+00
sol-updown-15m-1788837300,SOL,"Solana Up or Down - September 7, 11:15PM-11:30PM ET",2026-09-08T03:30:00Z,2026-09-08T03:15:00Z,103.10155092587725,Down,"[""0"", ""1""]",0.17,1928.1715409999997,,-0.5045,0.001,resolved,0x06e6c58ac5143b152e8c12d844723844c6b1905ba2ac7dde4ea3e417c7dc9424,https://data.chain.link/streams/sol-usd-twap-60s-streams,102.83303112605907,2026-09-08 03:31:25+00
xrp-updown-15m-1788837300,XRP,"XRP Up or Down - September 7, 11:15PM-11:30PM ET",2026-09-08T03:30:00Z,2026-09-08T03:15:00Z,1.3922611224985708,Down,"[""0"", ""1""]",0.01,1753.1990640000001,,-0.5045,0.001,resolved,0x37efe375e325df8e976d9cf0cfac5331672e88fbe5224af438b415e0fc65bb81,https://data.chain.link/streams/xrp-usd-twap-60s-streams,1.3901785620285279,2026-09-08 03:31:25+00
zec-updown-15m-1788837300,ZEC,"ZCash Up or Down - September 7, 11:15PM-11:30PM ET",2026-09-08T03:30:00Z,2026-09-08T03:15:00Z,1126.5435498727577,Up,"[""1"", ""0""]",,,,0.495,0.01,resolved,0x8f0645273dd9d37022dd440902941408a2f6d05ddb889f0910866873a7cb7243,https://data.chain.link/streams/zec-usd-twap-60s-streams,1126.8959340225865,2026-09-08 03:31:25+00
bnb-updown-15m-1788838200,BNB,"BNB Up or Down - September 7, 11:30PM-11:45PM ET",2026-09-08T03:45:00Z,2026-09-08T03:30:00Z,738.1315767830766,Up,"[""1"", ""0""]",0.999,183.75248599999998,,0.4945,0.001,resolved,0x25b9600481d1b968c7a80085f14ec82e889c4705f2d9ec57428fbc09617b0b90,https://data.chain.link/streams/bnb-usd-twap-60s-streams,743.24019756004,2026-09-08 03:45:54+00
btc-updown-15m-1788838200,BTC,"Bitcoin Up or Down - September 7, 11:30PM-11:45PM ET",2026-09-08T03:45:00Z,2026-09-08T03:30:00Z,78735.15165234011,Up,"[""1"", ""0""]",0.999,27823.474258999995,,0.4945,0.001,resolved,0xbae7f1bafb9fdbe1ba8912f7abd6c0b907e5ef584bb0dd5be7e66211d230c523,https://data.chain.link/streams/btc-usd-twap-60s-streams,78928.14318548168,2026-09-08 03:45:54+00
doge-updown-15m-1788838200,DOGE,"Dogecoin Up or Down - September 7, 11:30PM-11:45PM ET",2026-09-08T03:45:00Z,2026-09-08T03:30:00Z,0.08969743881185853,Up,"[""1"", ""0""]",0.999,342.89637799999997,,0.4995,0.001,resolved,0xca180c1dff9a8edc064af3ecfb083cd3a88596f70cd08ee4c16ed329404c5e25,https://data.chain.link/streams/doge-usd-twap-60s-streams,0.09011566604007328,2026-09-08 03:45:54+00
eth-updown-15m-1788838200,ETH,"Ethereum Up or Down - September 7, 11:30PM-11:45PM ET",2026-09-08T03:45:00Z,2026-09-08T03:30:00Z,2480.017040328287,Up,"[""1"", ""0""]",0.999,3449.4817439999993,,0.4945,0.001,resolved,0xbe067e979c9814fa28db9d11d16940b30e9419ff47b58322dc27ce7a1b3edc35,https://data.chain.link/streams/eth-usd-twap-60s-streams,2485.91808731059,2026-09-08 03:45:54+00
hype-updown-15m-1788838200,HYPE,"Hyperliquid Up or Down - September 7, 11:30PM-11:45PM ET",2026-09-08T03:45:00Z,2026-09-08T03:30:00Z,83.86949147037835,Up,"[""1"", ""0""]",0.999,429.1076280000001,,0.4945,0.001,resolved,0xc2ae10d9783c44a7eb1c350c3903bacbcb489cfa3d676ada43e2b5407a21164c,https://data.chain.link/streams/hype-usd-twap-60s-streams,83.99686258613615,2026-09-08 03:45:54+00
sol-updown-15m-1788838200,SOL,"Solana Up or Down - September 7, 11:30PM-11:45PM ET",2026-09-08T03:45:00Z,2026-09-08T03:30:00Z,102.83303112605907,Up,"[""1"", ""0""]",0.999,1799.581761,,0.4945,0.001,resolved,0xf074d251f5ec6b5a0ff88cae2d2868ccfdd4461ebecfa425a26ac3ff8a997c0b,https://data.chain.link/streams/sol-usd-twap-60s-streams,103.30140814961791,2026-09-08 03:45:54+00
xrp-updown-15m-1788838200,XRP,"XRP Up or Down - September 7, 11:30PM-11:45PM ET",2026-09-08T03:45:00Z,2026-09-08T03:30:00Z,1.3901785620285279,Up,"[""1"", ""0""]",0.999,749.7256010000001,,0.4945,0.001,resolved,0x36fe2a9a2773db70302d11a1dab0fc767411f8fcda1b970786f07f71d623948e,https://data.chain.link/streams/xrp-usd-twap-60s-streams,1.3958514890365106,2026-09-08 03:45:54+00
zec-updown-15m-1788838200,ZEC,"ZCash Up or Down - September 7, 11:30PM-11:45PM ET",2026-09-08T03:45:00Z,2026-09-08T03:30:00Z,1126.8959340225865,Up,"[""1"", ""0""]",0.9,,,0.495,0.01,resolved,0x56bdd41ae60f16a6ea3ba747e8db0ab8b0b9a8bf079d16ef7be334dd99a8e1db,https://data.chain.link/streams/zec-usd-twap-60s-streams,1130.7695086532326,2026-09-08 03:45:54+00
bnb-updown-15m-1788839100,BNB,"BNB Up or Down - September 7, 11:45PM-12:00AM ET",2026-09-08T04:00:00Z,2026-09-08T03:45:00Z,743.24019756004,Down,"[""0"", ""1""]",0.08,610.489608,,-0.5,0.01,resolved,0x8f4015517931ee42c4539f0edf8596c0413e01984a2072070c857004c712256d,https://data.chain.link/streams/bnb-usd-twap-60s-streams,742.8409907777699,2026-09-08 04:00:54+00
btc-updown-15m-1788839100,BTC,"Bitcoin Up or Down - September 7, 11:45PM-12:00AM ET",2026-09-08T04:00:00Z,2026-09-08T03:45:00Z,78928.14318548168,Down,"[""0"", ""1""]",0.01,19489.388637,20,-0.515,0.01,resolved,0x380257345cf1a44fad69c2bab15ca954870c29b294d839cd4f68520dd292c4b4,https://data.chain.link/streams/btc-usd-twap-60s-streams,78890.8669083863,2026-09-08 04:00:54+00
doge-updown-15m-1788839100,DOGE,"Dogecoin Up or Down - September 7, 11:45PM-12:00AM ET",2026-09-08T04:00:00Z,2026-09-08T03:45:00Z,0.09011566604007328,Down,"[""0"", ""1""]",0.06,275.844298,,-0.4995,0.001,resolved,0x4bdbf0901bf84d839387d57c8e77d7c29eda3bf8d01f890fa16cc72bbae613df,https://data.chain.link/streams/doge-usd-twap-60s-streams,0.08997188069685888,2026-09-08 04:00:54+00
eth-updown-15m-1788839100,ETH,"Ethereum Up or Down - September 7, 11:45PM-12:00AM ET",2026-09-08T04:00:00Z,2026-09-08T03:45:00Z,2485.91808731059,Down,"[""0"", ""1""]",0.04,4243.333290999998,5.882353,-0.5,0.01,resolved,0x5fec39bf9228d948fa299ea5202b01f7c9d5de558cb43cdb3b582f8b698bfeb7,https://data.chain.link/streams/eth-usd-twap-60s-streams,2485.4145898376723,2026-09-08 04:00:54+00
hype-updown-15m-1788839100,HYPE,"Hyperliquid Up or Down - September 7, 11:45PM-12:00AM ET",2026-09-08T04:00:00Z,2026-09-08T03:45:00Z,83.99686258613615,Up,"[""1"", ""0""]",0.99,516.3701130000001,,0.49,0.01,resolved,0x09d0bad3d8ce774d333d088d8697683892ac5149c8eedf865f1a5570cac47a3a,https://data.chain.link/streams/hype-usd-twap-60s-streams,84.07860013137586,2026-09-08 04:00:54+00
sol-updown-15m-1788839100,SOL,"Solana Up or Down - September 7, 11:45PM-12:00AM ET",2026-09-08T04:00:00Z,2026-09-08T03:45:00Z,103.30140814961791,Up,"[""1"", ""0""]",0.99,1896.0445369999998,,0.49,0.01,resolved,0x6d55c150c4a2abcfe4c524700cd999be3a44981dcd4242bdeed575326fca051b,https://data.chain.link/streams/sol-usd-twap-60s-streams,103.32674236207487,2026-09-08 04:00:54+00
xrp-updown-15m-1788839100,XRP,"XRP Up or Down - September 7, 11:45PM-12:00AM ET",2026-09-08T04:00:00Z,2026-09-08T03:45:00Z,1.3958514890365106,Down,"[""0"", ""1""]",0.03,837.472724,,-0.5045,0.001,resolved,0xe90fb61791903d7542a63173d83af060bfbc663ea833e9a64645c7e85b2bf15d,https://data.chain.link/streams/xrp-usd-twap-60s-streams,1.3944817185666794,2026-09-08 04:00:54+00
zec-updown-15m-1788839100,ZEC,"ZCash Up or Down - September 7, 11:45PM-12:00AM ET",2026-09-08T04:00:00Z,2026-09-08T03:45:00Z,1130.7695086532326,Up,"[""1"", ""0""]",0.9,,,0.495,0.01,resolved,0x3bf2ab3871d544e6ab0d712ca3ed808d1e5ba72a5ad10ec34eedb448adb0f47a,https://data.chain.link/streams/zec-usd-twap-60s-streams,1134.1584661278362,2026-09-08 04:00:54+00
bnb-updown-15m-1788840000,BNB,"BNB Up or Down - September 8, 12:00AM-12:15AM ET",2026-09-08T04:15:00Z,2026-09-08T04:00:00Z,742.8409907777699,Down,"[""0"", ""1""]",0.03,400.928466,,-0.5045,0.001,resolved,0xd39a1f43db5ae77ca88c30cab8c6695ae7782bda20dbbe18383477a4b47c3c4c,https://data.chain.link/streams/bnb-usd-twap-60s-streams,742.0552269639797,2026-09-08 04:17:30+00
btc-updown-15m-1788840000,BTC,"Bitcoin Up or Down - September 8, 12:00AM-12:15AM ET",2026-09-08T04:15:00Z,2026-09-08T04:00:00Z,78890.8669083863,Down,"[""0"", ""1""]",0.009,24633.676206999997,2924.858629,-0.4945,0.001,resolved,0x8dc4cd9a9ec4273585f9cb5135eb45db90e3e47d69552aaec9f30675c4ee6e4e,https://data.chain.link/streams/btc-usd-twap-60s-streams,78797.30814127935,2026-09-08 04:17:30+00
doge-updown-15m-1788840000,DOGE,"Dogecoin Up or Down - September 8, 12:00AM-12:15AM ET",2026-09-08T04:15:00Z,2026-09-08T04:00:00Z,0.08997188069685888,Down,"[""0"", ""1""]",0.04,522.630053,,-0.4995,0.001,resolved,0x1ca91b13eb0bf969907828c3ba34ca3742ff9f915d26f4efa63d687292b48f99,https://data.chain.link/streams/doge-usd-twap-60s-streams,0.08981407705525633,2026-09-08 04:17:30+00
eth-updown-15m-1788840000,ETH,"Ethereum Up or Down - September 8, 12:00AM-12:15AM ET",2026-09-08T04:15:00Z,2026-09-08T04:00:00Z,2485.4145898376723,Down,"[""0"", ""1""]",0.01,3544.8702249999997,,-0.5045,0.001,resolved,0x4b988fa34d8b37d094348b9b39880dd3e4c46317dd0d498873e9096a90f3bc0d,https://data.chain.link/streams/eth-usd-twap-60s-streams,2482.4252364537683,2026-09-08 04:17:30+00
hype-updown-15m-1788840000,HYPE,"Hyperliquid Up or Down - September 8, 12:00AM-12:15AM ET",2026-09-08T04:15:00Z,2026-09-08T04:00:00Z,84.07860013137586,Down,"[""0"", ""1""]",0.1,927.8998850000002,,-0.5045,0.001,resolved,0xaba130b1038a9d91192fbf69a8f6d3846f3be724267b86b75500db4829219a8d,https://data.chain.link/streams/hype-usd-twap-60s-streams,84.04089614145977,2026-09-08 04:17:30+00
sol-updown-15m-1788840000,SOL,"Solana Up or Down - September 8, 12:00AM-12:15AM ET",2026-09-08T04:15:00Z,2026-09-08T04:00:00Z,103.32674236207487,Down,"[""0"", ""1""]",0.01,1206.526354,,-0.5045,0.001,resolved,0x32e92a2f1609d07ebe82d3b4d3cddc16eb9d03795ec93569fa67c50ef15b2f61,https://data.chain.link/streams/sol-usd-twap-60s-streams,103.18504556612902,2026-09-08 04:17:30+00
xrp-updown-15m-1788840000,XRP,"XRP Up or Down - September 8, 12:00AM-12:15AM ET",2026-09-08T04:15:00Z,2026-09-08T04:00:00Z,1.3944817185666794,Down,"[""0"", ""1""]",0.01,1568.432073,5.980393,-0.4945,0.001,resolved,0x55ec20d3be580a824d65052c8e9c1a38344c0816c2a9ba8ea584ed3a5cb5d210,https://data.chain.link/streams/xrp-usd-twap-60s-streams,1.3937906415976489,2026-09-08 04:17:30+00
zec-updown-15m-1788840000,ZEC,"ZCash Up or Down - September 8, 12:00AM-12:15AM ET",2026-09-08T04:15:00Z,2026-09-08T04:00:00Z,1134.1584661278362,Down,"[""0"", ""1""]",,,,-0.4995,0.001,resolved,0x13424393b99bd966055804a0e85cd5e9c79005b21fd572b6df550cff02056376,https://data.chain.link/streams/zec-usd-twap-60s-streams,1125.8230232018377,2026-09-08 04:17:30+00
bnb-updown-15m-1788840900,BNB,"BNB Up or Down - September 8, 12:15AM-12:30AM ET",2026-09-08T04:30:00Z,2026-09-08T04:15:00Z,742.0552269639797,Up,"[""1"", ""0""]",0.999,226.01189300000004,,0.4945,0.001,resolved,0xa96f092a9aa2da81c768671dc479bfecc038638f897d577738024e3efaedd5b2,https://data.chain.link/streams/bnb-usd-twap-60s-streams,744.3399065670794,2026-09-08 04:30:52+00
btc-updown-15m-1788840900,BTC,"Bitcoin Up or Down - September 8, 12:15AM-12:30AM ET",2026-09-08T04:30:00Z,2026-09-08T04:15:00Z,78797.30814127935,Down,"[""0"", ""1""]",0.01,49560.824752,20,-0.46,0.01,resolved,0xd662d11f5c9fbab37056e929bb10cebfeaa8bb81a27f922a5312d2b89ea151e5,https://data.chain.link/streams/btc-usd-twap-60s-streams,78785.3656388203,2026-09-08 04:30:52+00
doge-updown-15m-1788840900,DOGE,"Dogecoin Up or Down - September 8, 12:15AM-12:30AM ET",2026-09-08T04:30:00Z,2026-09-08T04:15:00Z,0.08981407705525633,Down,"[""0"", ""1""]",0.04,498.05079799999993,,-0.495,0.01,resolved,0x377f2bfb27e8412fbcb73c059721060a50d74769a05fd917330e58a9978c8516,https://data.chain.link/streams/doge-usd-twap-60s-streams,0.08973942790895083,2026-09-08 04:30:52+00
eth-updown-15m-1788840900,ETH,"Ethereum Up or Down - September 8, 12:15AM-12:30AM ET",2026-09-08T04:30:00Z,2026-09-08T04:15:00Z,2482.4252364537683,Down,"[""0"", ""1""]",0.01,11220.549131,,-0.5,0.01,resolved,0xc87633a3f771f33375b778ebccb17e3eaa336462dcda2fcf2d894fd91b8a02be,https://data.chain.link/streams/eth-usd-twap-60s-streams,2481.74038674185,2026-09-08 04:30:52+00
hype-updown-15m-1788840900,HYPE,"Hyperliquid Up or Down - September 8, 12:15AM-12:30AM ET",2026-09-08T04:30:00Z,2026-09-08T04:15:00Z,84.04089614145977,Up,"[""1"", ""0""]",0.999,378.00319099999996,,0.4895,0.009,resolved,0x0c9d54d6197e575732d2e60b93529eb57cd70bb256e00ba4d12892e708e54d18,https://data.chain.link/streams/hype-usd-twap-60s-streams,84.2261806210522,2026-09-08 04:30:52+00
sol-updown-15m-1788840900,SOL,"Solana Up or Down - September 8, 12:15AM-12:30AM ET",2026-09-08T04:30:00Z,2026-09-08T04:15:00Z,103.18504556612902,Down,"[""0"", ""1""]",0.1,1742.621335,,-0.315,0.24,resolved,0xcd24f7e58f943b5a44b43791f7ea7a685d503462bddce1fdd70ea81c4f15d379,https://data.chain.link/streams/sol-usd-twap-60s-streams,103.17473835196579,2026-09-08 04:30:52+00
xrp-updown-15m-1788840900,XRP,"XRP Up or Down - September 8, 12:15AM-12:30AM ET",2026-09-08T04:30:00Z,2026-09-08T04:15:00Z,1.3937906415976489,Up,"[""1"", ""0""]",0.99,2316.1653189999993,,0.08,0.73,resolved,0x005b28f7c08127b2af69b35b0bf34e939e30a91185b6b88e1851bd64b4d9a80b,https://data.chain.link/streams/xrp-usd-twap-60s-streams,1.393871327992379,2026-09-08 04:30:52+00
zec-updown-15m-1788840900,ZEC,"ZCash Up or Down - September 8, 12:15AM-12:30AM ET",2026-09-08T04:30:00Z,2026-09-08T04:15:00Z,1125.8230232018377,Up,"[""1"", ""0""]",0.9,,,0.495,0.01,resolved,0x27c6ae77012e3f9fdbf8c60a8cd9c059019b9a83218feec31b3e53df424273d5,https://data.chain.link/streams/zec-usd-twap-60s-streams,1128.7290875415524,2026-09-08 04:30:52+00
bnb-updown-15m-1788841800,BNB,"BNB Up or Down - September 8, 12:30AM-12:45AM ET",2026-09-08T04:45:00Z,2026-09-08T04:30:00Z,744.3399065670794,Up,"[""1"", ""0""]",0.999,360.80468200000007,,0.4945,0.001,resolved,0x3c3b7d69586873164f746da8131e462dd0780afa34c4fe71d40f22bcff936cd1,https://data.chain.link/streams/bnb-usd-twap-60s-streams,745.3260954355768,2026-09-08 04:45:52+00
btc-updown-15m-1788841800,BTC,"Bitcoin Up or Down - September 8, 12:30AM-12:45AM ET",2026-09-08T04:45:00Z,2026-09-08T04:30:00Z,78785.3656388203,Down,"[""0"", ""1""]",0.01,25193.767216000007,,-0.5,0.01,resolved,0xbd4013328c8974fdba3d4cda7cd226549a4a1247709469502d9cb38a39831b10,https://data.chain.link/streams/btc-usd-twap-60s-streams,78754.16254846216,2026-09-08 04:45:52+00
doge-updown-15m-1788841800,DOGE,"Dogecoin Up or Down - September 8, 12:30AM-12:45AM ET",2026-09-08T04:45:00Z,2026-09-08T04:30:00Z,0.08973942790895083,Up,"[""1"", ""0""]",0.99,540.4764190000001,,0.4995,0.001,resolved,0xc86eb32c2d801223949210e4c9eed4a0124f1f3bc0c38593033ca9046582d78f,https://data.chain.link/streams/doge-usd-twap-60s-streams,0.08985513984521651,2026-09-08 04:45:52+00
eth-updown-15m-1788841800,ETH,"Ethereum Up or Down - September 8, 12:30AM-12:45AM ET",2026-09-08T04:45:00Z,2026-09-08T04:30:00Z,2481.74038674185,Up,"[""1"", ""0""]",0.99,7129.427817999999,,0.49,0.01,resolved,0xe15b49d541e5a5aa7a6fab32fd6f5eb1e5642f1bb6deea9035572b3909cf7624,https://data.chain.link/streams/eth-usd-twap-60s-streams,2482.2283645754324,2026-09-08 04:45:52+00
hype-updown-15m-1788841800,HYPE,"Hyperliquid Up or Down - September 8, 12:30AM-12:45AM ET",2026-09-08T04:45:00Z,2026-09-08T04:30:00Z,84.2261806210522,Up,"[""1"", ""0""]",0.99,156.112965,,0.49,0.01,resolved,0x9ba820fc2f29df61f9deb590cfb415d21a9042d7e826ede13defd603061beca5,https://data.chain.link/streams/hype-usd-twap-60s-streams,84.33723260612555,2026-09-08 04:45:52+00
sol-updown-15m-1788841800,SOL,"Solana Up or Down - September 8, 12:30AM-12:45AM ET",2026-09-08T04:45:00Z,2026-09-08T04:30:00Z,103.17473835196579,Up,"[""1"", ""0""]",0.999,342.054959,,0.4945,0.001,resolved,0x84069cef2ff8ecc90c2614027de96f43ef953638ddfa6691a6d60f8d60743949,https://data.chain.link/streams/sol-usd-twap-60s-streams,103.29641441337226,2026-09-08 04:45:52+00
xrp-updown-15m-1788841800,XRP,"XRP Up or Down - September 8, 12:30AM-12:45AM ET",2026-09-08T04:45:00Z,2026-09-08T04:30:00Z,1.393871327992379,Up,"[""1"", ""0""]",0.99,1363.2889640000003,,0.49,0.01,resolved,0xd5be8a91d119a3f55001efba0109ec8c8f18c464358ed834cfa2be2f6ab440fb,https://data.chain.link/streams/xrp-usd-twap-60s-streams,1.3940801760629855,2026-09-08 04:45:52+00
zec-updown-15m-1788841800,ZEC,"ZCash Up or Down - September 8, 12:30AM-12:45AM ET",2026-09-08T04:45:00Z,2026-09-08T04:30:00Z,1128.7290875415524,Down,"[""0"", ""1""]",,,,-0.495,0.01,resolved,0x9c2f86adc1f9b760cf63ed06d17922ce64c385e3f55abf9d2a7f04633a732725,https://data.chain.link/streams/zec-usd-twap-60s-streams,1127.8633767578851,2026-09-08 04:45:52+00
bnb-updown-15m-1788842700,BNB,"BNB Up or Down - September 8, 12:45AM-1:00AM ET",2026-09-08T05:00:00Z,2026-09-08T04:45:00Z,745.3260954355768,Up,"[""1"", ""0""]",0.999,577.650122,,0.4945,0.001,resolved,0xbe24c3bd34c36b177dc996167be6839fbd4b2ae0ccbed2da007d02d2aca43170,https://data.chain.link/streams/bnb-usd-twap-60s-streams,745.4200292355123,2026-09-08 05:01:25+00
btc-updown-15m-1788842700,BTC,"Bitcoin Up or Down - September 8, 12:45AM-1:00AM ET",2026-09-08T05:00:00Z,2026-09-08T04:45:00Z,78754.16254846216,Down,"[""0"", ""1""]",0.001,19009.561417000004,,-0.5045,0.001,resolved,0x3b50f2c41f2feebb0cb6348a32279b3858b18e623b729b2cd035f63aaafded13,https://data.chain.link/streams/btc-usd-twap-60s-streams,78690.45509955064,2026-09-08 05:01:25+00
doge-updown-15m-1788842700,DOGE,"Dogecoin Up or Down - September 8, 12:45AM-1:00AM ET",2026-09-08T05:00:00Z,2026-09-08T04:45:00Z,0.08985513984521651,Down,"[""0"", ""1""]",0.06,315.46949499999994,,-0.4995,0.001,resolved,0x4e73a7b291266319bc2c27a9e1e69eef7d6f8f385d70fe588467be6f8c821ebd,https://data.chain.link/streams/doge-usd-twap-60s-streams,0.08965740201866679,2026-09-08 05:01:25+00
eth-updown-15m-1788842700,ETH,"Ethereum Up or Down - September 8, 12:45AM-1:00AM ET",2026-09-08T05:00:00Z,2026-09-08T04:45:00Z,2482.2283645754324,Down,"[""0"", ""1""]",0.03,2749.568063999999,,-0.5045,0.001,resolved,0xc3cfebdaf9a4fe3973d8f172350b704d0ed393accf0252375bc77d6694dfed2b,https://data.chain.link/streams/eth-usd-twap-60s-streams,2479.134915042087,2026-09-08 05:01:25+00
hype-updown-15m-1788842700,HYPE,"Hyperliquid Up or Down - September 8, 12:45AM-1:00AM ET",2026-09-08T05:00:00Z,2026-09-08T04:45:00Z,84.33723260612555,Down,"[""0"", ""1""]",0.04,233.051195,,-0.5045,0.001,resolved,0x0447eb9cb330fe5c0bf3c6a6bb3990a1d74ba5c001425cadd6ff61303c876d1a,https://data.chain.link/streams/hype-usd-twap-60s-streams,84.25777004041915,2026-09-08 05:01:25+00
sol-updown-15m-1788842700,SOL,"Solana Up or Down - September 8, 12:45AM-1:00AM ET",2026-09-08T05:00:00Z,2026-09-08T04:45:00Z,103.29641441337226,Down,"[""0"", ""1""]",0.17,585.112479,,-0.5045,0.001,resolved,0xc5f0b3b9fb970654a43d0819507a62deaf98030a0c035dde77607bc74b395797,https://data.chain.link/streams/sol-usd-twap-60s-streams,103.01868708976023,2026-09-08 05:01:25+00
xrp-updown-15m-1788842700,XRP,"XRP Up or Down - September 8, 12:45AM-1:00AM ET",2026-09-08T05:00:00Z,2026-09-08T04:45:00Z,1.3940801760629855,Down,"[""0"", ""1""]",0.02,1294.9989119999998,,-0.5045,0.001,resolved,0x0ba3a2161eabd3365252cbb2780c94dd4d6d9adbdbf1391e9c5c869e8d01c9eb,https://data.chain.link/streams/xrp-usd-twap-60s-streams,1.3908786513826756,2026-09-08 05:01:25+00
zec-updown-15m-1788842700,ZEC,"ZCash Up or Down - September 8, 12:45AM-1:00AM ET",2026-09-08T05:00:00Z,2026-09-08T04:45:00Z,1127.8633767578851,Down,"[""0"", ""1""]",,,,-0.4995,0.001,resolved,0x54ceee98f830961c999bc793641677132aa2e90883fbfbd450afdb97fcbb6c75,https://data.chain.link/streams/zec-usd-twap-60s-streams,1123.7446175274908,2026-09-08 05:01:25+00
bnb-updown-15m-1788843600,BNB,"BNB Up or Down - September 8, 1:00AM-1:15AM ET",2026-09-08T05:15:00Z,2026-09-08T05:00:00Z,745.4200292355123,Up,"[""1"", ""0""]",0.999,389.27259000000004,,0.4945,0.001,resolved,0xf64b34591b6652cceef328a0e63a6b0b13ed4e8a26112ca6ae9bd5151f456677,https://data.chain.link/streams/bnb-usd-twap-60s-streams,747.6946424040965,2026-09-08 05:15:54+00
btc-updown-15m-1788843600,BTC,"Bitcoin Up or Down - September 8, 1:00AM-1:15AM ET",2026-09-08T05:15:00Z,2026-09-08T05:00:00Z,78690.45509955064,Up,"[""1"", ""0""]",0.99,42995.902085999995,2779.04,0.49,0.01,resolved,0x748665103aca3726da7d612d689f95291e32b89cc73dbcfd4bce2517eb0f86d0,https://data.chain.link/streams/btc-usd-twap-60s-streams,78716.0322221943,2026-09-08 05:15:54+00
doge-updown-15m-1788843600,DOGE,"Dogecoin Up or Down - September 8, 1:00AM-1:15AM ET",2026-09-08T05:15:00Z,2026-09-08T05:00:00Z,0.08965740201866679,Up,"[""1"", ""0""]",0.99,302.23193999999995,,0.4995,0.001,resolved,0x2d2d229d50f7040389ee285b507b0c11cc519c5aa99e00cdf84d2c7af81690e0,https://data.chain.link/streams/doge-usd-twap-60s-streams,0.08970151898714653,2026-09-08 05:15:58+00
eth-updown-15m-1788843600,ETH,"Ethereum Up or Down - September 8, 1:00AM-1:15AM ET",2026-09-08T05:15:00Z,2026-09-08T05:00:00Z,2479.134915042087,Down,"[""0"", ""1""]",0.38,13725.731355999997,,-0.5,0.01,resolved,0x74c5c82fda0029209d2739eb9ba8cb84ee09d63dbbb35714aba42e232695e8e3,https://data.chain.link/streams/eth-usd-twap-60s-streams,2478.9126853846824,2026-09-08 05:15:52+00
hype-updown-15m-1788843600,HYPE,"Hyperliquid Up or Down - September 8, 1:00AM-1:15AM ET",2026-09-08T05:15:00Z,2026-09-08T05:00:00Z,84.25777004041915,Up,"[""1"", ""0""]",0.99,610.0011569999999,,0.49,0.01,resolved,0xd3280db1641fe9a23bc1f0ced9b6618e17db96358463b6ad12af801550916334,https://data.chain.link/streams/hype-usd-twap-60s-streams,84.34503733926833,2026-09-08 05:15:58+00
sol-updown-15m-1788843600,SOL,"Solana Up or Down - September 8, 1:00AM-1:15AM ET",2026-09-08T05:15:00Z,2026-09-08T05:00:00Z,103.01868708976023,Up,"[""1"", ""0""]",0.99,1329.2939059999999,,0.4945,0.001,resolved,0xd5e854114c3aba436aab6a95ec2313f48394b865c6c44d99b589e736d37ffa7d,https://data.chain.link/streams/sol-usd-twap-60s-streams,103.10337086171751,2026-09-08 05:15:54+00
xrp-updown-15m-1788843600,XRP,"XRP Up or Down - September 8, 1:00AM-1:15AM ET",2026-09-08T05:15:00Z,2026-09-08T05:00:00Z,1.3908786513826756,Up,"[""1"", ""0""]",0.95,1302.9307480000002,,0.49,0.01,resolved,0xc3246fc301372638fa18e0b96b1b86926a556f8bad3c89bb27ba0d220df4db5f,https://data.chain.link/streams/xrp-usd-twap-60s-streams,1.391061261905703,2026-09-08 05:15:54+00
zec-updown-15m-1788843600,ZEC,"ZCash Up or Down - September 8, 1:00AM-1:15AM ET",2026-09-08T05:15:00Z,2026-09-08T05:00:00Z,1123.7446175274908,Up,"[""1"", ""0""]",0.9,,,0.5,0.01,resolved,0x493d6f55da6789076c1f37fda3a00247bdb4af4cc5f517a35a91f5a4a1d7fb5d,https://data.chain.link/streams/zec-usd-twap-60s-streams,1127.4313158218756,2026-09-08 05:15:54+00
bnb-updown-15m-1788844500,BNB,"BNB Up or Down - September 8, 1:15AM-1:30AM ET",2026-09-08T05:30:00Z,2026-09-08T05:15:00Z,747.6946424040965,Up,"[""1"", ""0""]",0.999,248.54611100000002,,0.4945,0.001,resolved,0xa2939ff9d6ec75a1ee3adcceeba6d8a720317c4a08c9cdeda422946d5403543a,https://data.chain.link/streams/bnb-usd-twap-60s-streams,753.3860803305572,2026-09-08 05:30:52+00
btc-updown-15m-1788844500,BTC,"Bitcoin Up or Down - September 8, 1:15AM-1:30AM ET",2026-09-08T05:30:00Z,2026-09-08T05:15:00Z,78716.0322221943,Up,"[""1"", ""0""]",0.999,21469.910863000005,11.764707,0.4945,0.001,resolved,0x3a83bf255cf65d3bf926a6ba7dabf076ff6746d3c7b8f0d16347320b1cd4863d,https://data.chain.link/streams/btc-usd-twap-60s-streams,78797.6997346149,2026-09-08 05:30:52+00
doge-updown-15m-1788844500,DOGE,"Dogecoin Up or Down - September 8, 1:15AM-1:30AM ET",2026-09-08T05:30:00Z,2026-09-08T05:15:00Z,0.08970151898714653,Up,"[""1"", ""0""]",0.97,416.21576100000004,,0.4995,0.001,resolved,0x9f4f516f6bae6273bae3b40422330711c8d1a744975426a38d9f25385c6cd37e,https://data.chain.link/streams/doge-usd-twap-60s-streams,0.09006729879278369,2026-09-08 05:30:52+00
eth-updown-15m-1788844500,ETH,"Ethereum Up or Down - September 8, 1:15AM-1:30AM ET",2026-09-08T05:30:00Z,2026-09-08T05:15:00Z,2478.9126853846824,Up,"[""1"", ""0""]",0.999,4468.8403579999995,,0.4945,0.001,resolved,0x3d41579a4124404c2168b1b900ea7b59c2885885218ef9aa94728e4047341d58,https://data.chain.link/streams/eth-usd-twap-60s-streams,2481.49261029291,2026-09-08 05:30:52+00
hype-updown-15m-1788844500,HYPE,"Hyperliquid Up or Down - September 8, 1:15AM-1:30AM ET",2026-09-08T05:30:00Z,2026-09-08T05:15:00Z,84.34503733926833,Down,"[""0"", ""1""]",0.06,332.33458700000006,,-0.5045,0.001,resolved,0xdafee46c8cda824e4daf8f9e63cd796bfa434b4c8a7ec193dc5b8b2177bc32a1,https://data.chain.link/streams/hype-usd-twap-60s-streams,84.3112158160187,2026-09-08 05:30:52+00
sol-updown-15m-1788844500,SOL,"Solana Up or Down - September 8, 1:15AM-1:30AM ET",2026-09-08T05:30:00Z,2026-09-08T05:15:00Z,103.10337086171751,Up,"[""1"", ""0""]",0.999,960.3193289999999,,0.4945,0.001,resolved,0xd07a74ea36622bb26ad4ac2bd4dc528f1a5b36549054e4970067c37b62bac633,https://data.chain.link/streams/sol-usd-twap-60s-streams,103.3184416699543,2026-09-08 05:30:52+00
xrp-updown-15m-1788844500,XRP,"XRP Up or Down - September 8, 1:15AM-1:30AM ET",2026-09-08T05:30:00Z,2026-09-08T05:15:00Z,1.391061261905703,Up,"[""1"", ""0""]",0.999,891.6663740000001,,0.4945,0.001,resolved,0xed198791b2babf4b0d45cbf07d162b397fd7620d8017ae6ecd2aa78ee83b031f,https://data.chain.link/streams/xrp-usd-twap-60s-streams,1.3937133466833733,2026-09-08 05:30:52+00
zec-updown-15m-1788844500,ZEC,"ZCash Up or Down - September 8, 1:15AM-1:30AM ET",2026-09-08T05:30:00Z,2026-09-08T05:15:00Z,1127.4313158218756,Up,"[""1"", ""0""]",0.9,,,0.4995,0.001,resolved,0xfd6e10e5ebc3131e0d094bf90d2d6677f053daefd6c7926a375d5510b933851b,https://data.chain.link/streams/zec-usd-twap-60s-streams,1135.6923708981685,2026-09-08 05:30:52+00
bnb-updown-15m-1788845400,BNB,"BNB Up or Down - September 8, 1:30AM-1:45AM ET",2026-09-08T05:45:00Z,2026-09-08T05:30:00Z,753.3860803305572,Down,"[""0"", ""1""]",0.01,456.553376,,-0.5,0.01,resolved,0xb6298b6ee2c0e4018eb35d1b460e410b7ec851e5cc200ac11debdbebdeda9c4b,https://data.chain.link/streams/bnb-usd-twap-60s-streams,752.6373722607102,2026-09-08 05:45:52+00
btc-updown-15m-1788845400,BTC,"Bitcoin Up or Down - September 8, 1:30AM-1:45AM ET",2026-09-08T05:45:00Z,2026-09-08T05:30:00Z,78797.6997346149,Down,"[""0"", ""1""]",0.01,18663.760673999997,25,-0.5045,0.001,resolved,0x69473c206ad3633c4032c4177e1be20202d96320320a27d28aed40a7b2b628ec,https://data.chain.link/streams/btc-usd-twap-60s-streams,78622.1788682389,2026-09-08 05:45:52+00
doge-updown-15m-1788845400,DOGE,"Dogecoin Up or Down - September 8, 1:30AM-1:45AM ET",2026-09-08T05:45:00Z,2026-09-08T05:30:00Z,0.09006729879278369,Down,"[""0"", ""1""]",0.06,320.290997,,-0.4995,0.001,resolved,0xb7ea9cf9ab0068c1176c7350cebeb4a7b898224e4dc763213f62590cba26f691,https://data.chain.link/streams/doge-usd-twap-60s-streams,0.08975140712021558,2026-09-08 05:45:52+00
eth-updown-15m-1788845400,ETH,"Ethereum Up or Down - September 8, 1:30AM-1:45AM ET",2026-09-08T05:45:00Z,2026-09-08T05:30:00Z,2481.49261029291,Down,"[""0"", ""1""]",0.01,4523.329597,,-0.5045,0.001,resolved,0x3cc833fe71db80011f8aa7fdc507595e82583cddbb985903a3f3023b83351c41,https://data.chain.link/streams/eth-usd-twap-60s-streams,2473.823025242792,2026-09-08 05:45:52+00
hype-updown-15m-1788845400,HYPE,"Hyperliquid Up or Down - September 8, 1:30AM-1:45AM ET",2026-09-08T05:45:00Z,2026-09-08T05:30:00Z,84.3112158160187,Down,"[""0"", ""1""]",0.18,176.37,,-0.5045,0.001,resolved,0x16f5230eab64111a3ae0e36f135fddddd14b8d036046e7cc6cee99ed9cc83c65,https://data.chain.link/streams/hype-usd-twap-60s-streams,84.17011511950776,2026-09-08 05:45:52+00
sol-updown-15m-1788845400,SOL,"Solana Up or Down - September 8, 1:30AM-1:45AM ET",2026-09-08T05:45:00Z,2026-09-08T05:30:00Z,103.3184416699543,Down,"[""0"", ""1""]",0.01,666.2463049999999,,-0.5045,0.001,resolved,0xa53c432379b7220d4dccf07d5fe079e982bf74f057b81ea3253b32dfe7343f76,https://data.chain.link/streams/sol-usd-twap-60s-streams,103.09939835738383,2026-09-08 05:45:52+00
xrp-updown-15m-1788845400,XRP,"XRP Up or Down - September 8, 1:30AM-1:45AM ET",2026-09-08T05:45:00Z,2026-09-08T05:30:00Z,1.3937133466833733,Down,"[""0"", ""1""]",0.16,854.16471,,-0.5045,0.001,resolved,0x6e89d600baf234743ed6806f3f683f915be3907e097ae6513710a609eea6555e,https://data.chain.link/streams/xrp-usd-twap-60s-streams,1.3907914477458652,2026-09-08 05:45:52+00
zec-updown-15m-1788845400,ZEC,"ZCash Up or Down - September 8, 1:30AM-1:45AM ET",2026-09-08T05:45:00Z,2026-09-08T05:30:00Z,1135.6923708981685,Down,"[""0"", ""1""]",,,,-0.495,0.01,resolved,0x8f84a5c77412651bbd80027ca646f5e3bed18003dd9954c4041719e512b19106,https://data.chain.link/streams/zec-usd-twap-60s-streams,1130.3411258156796,2026-09-08 05:45:52+00
bnb-updown-15m-1788846300,BNB,"BNB Up or Down - September 8, 1:45AM-2:00AM ET",2026-09-08T06:00:00Z,2026-09-08T05:45:00Z,752.6373722607102,Down,"[""0"", ""1""]",0.1,158.81654300000002,,-0.5045,0.001,resolved,0xa8d2d799d2e0b6b034a32c3f8f44d9c5c5c44f7a60beb919375fff769f75d2e5,https://data.chain.link/streams/bnb-usd-twap-60s-streams,750.5450158367789,2026-09-08 06:01:25+00
btc-updown-15m-1788846300,BTC,"Bitcoin Up or Down - September 8, 1:45AM-2:00AM ET",2026-09-08T06:00:00Z,2026-09-08T05:45:00Z,78622.1788682389,Down,"[""0"", ""1""]",0.02,16277.582370000006,,-0.5045,0.001,resolved,0x25dd173179842d54d949c7f78046c71aa19e81a6d3b524ceebddc87f35942832,https://data.chain.link/streams/btc-usd-twap-60s-streams,78554.04384956538,2026-09-08 06:01:25+00
doge-updown-15m-1788846300,DOGE,"Dogecoin Up or Down - September 8, 1:45AM-2:00AM ET",2026-09-08T06:00:00Z,2026-09-08T05:45:00Z,0.08975140712021558,Down,"[""0"", ""1""]",0.1,339.459668,,-0.4995,0.001,resolved,0x903a08d85855bb2f22e9fb6d1e2b275e972cdaeefd457af22294b971e0d8d868,https://data.chain.link/streams/doge-usd-twap-60s-streams,0.08960124620788815,2026-09-08 06:01:25+00
eth-updown-15m-1788846300,ETH,"Ethereum Up or Down - September 8, 1:45AM-2:00AM ET",2026-09-08T06:00:00Z,2026-09-08T05:45:00Z,2473.823025242792,Down,"[""0"", ""1""]",0.01,3043.742360999999,,-0.5045,0.001,resolved,0x054b15a9adf8092949a10edcd03d5bf0568aec7151c8e47d59d513bbb04a8cab,https://data.chain.link/streams/eth-usd-twap-60s-streams,2472.336653273954,2026-09-08 06:01:25+00
hype-updown-15m-1788846300,HYPE,"Hyperliquid Up or Down - September 8, 1:45AM-2:00AM ET",2026-09-08T06:00:00Z,2026-09-08T05:45:00Z,84.17011511950776,Down,"[""0"", ""1""]",0.1,377.85254,,-0.5045,0.001,resolved,0x130424c8e4142b9fdabad74d6283812b065e87763588fca255992eaee46e318f,https://data.chain.link/streams/hype-usd-twap-60s-streams,84.10047411087267,2026-09-08 06:01:25+00
sol-updown-15m-1788846300,SOL,"Solana Up or Down - September 8, 1:45AM-2:00AM ET",2026-09-08T06:00:00Z,2026-09-08T05:45:00Z,103.09939835738383,Down,"[""0"", ""1""]",0.1,669.583296,,-0.5045,0.001,resolved,0xb22df65fb1dc82bd6052e2e6b7adbcb0f6b72ba1de5036dd47e2cb70cc3d6845,https://data.chain.link/streams/sol-usd-twap-60s-streams,102.92886424945223,2026-09-08 06:01:25+00
xrp-updown-15m-1788846300,XRP,"XRP Up or Down - September 8, 1:45AM-2:00AM ET",2026-09-08T06:00:00Z,2026-09-08T05:45:00Z,1.3907914477458652,Down,"[""0"", ""1""]",0.14,473.376933,,-0.5045,0.001,resolved,0x1bb88e122a73f1e07d5aff68508eafbe926ca961166244cb7811109d8f6b16f1,https://data.chain.link/streams/xrp-usd-twap-60s-streams,1.3870325438872948,2026-09-08 06:01:25+00
zec-updown-15m-1788846300,ZEC,"ZCash Up or Down - September 8, 1:45AM-2:00AM ET",2026-09-08T06:00:00Z,2026-09-08T05:45:00Z,1130.3411258156796,Down,"[""0"", ""1""]",,60.941645,,-0.4995,0.001,resolved,0x003ea4c6f49c880ac434237b2d1f5ebf597867ab0d8de2ef76ba4ebb4fe44a67,https://data.chain.link/streams/zec-usd-twap-60s-streams,1127.4275880109676,2026-09-08 06:01:25+00
bnb-updown-15m-1788847200,BNB,"BNB Up or Down - September 8, 2:00AM-2:15AM ET",2026-09-08T06:15:00Z,2026-09-08T06:00:00Z,750.5450158367789,Down,"[""0"", ""1""]",0.05,161.87164600000003,,-0.5045,0.001,resolved,0xf4a1e2148177d761b69ef185b21e1ef5026a591ded9aa28e3b24ef80476ab6ed,https://data.chain.link/streams/bnb-usd-twap-60s-streams,749.1025796262907,2026-09-08 06:16:25+00
btc-updown-15m-1788847200,BTC,"Bitcoin Up or Down - September 8, 2:00AM-2:15AM ET",2026-09-08T06:15:00Z,2026-09-08T06:00:00Z,78554.04384956538,Down,"[""0"", ""1""]",0.01,31234.476572000003,2768.84,-0.5,0.01,resolved,0x17e85412afa5b959287c3766891a2ccef400c8728a26fc56e101b0a8e1746a6a,https://data.chain.link/streams/btc-usd-twap-60s-streams,78551.73277634483,2026-09-08 06:16:25+00
doge-updown-15m-1788847200,DOGE,"Dogecoin Up or Down - September 8, 2:00AM-2:15AM ET",2026-09-08T06:15:00Z,2026-09-08T06:00:00Z,0.08960124620788815,Up,"[""1"", ""0""]",0.99,294.089689,,0.4995,0.001,resolved,0x1b520f4fd4c9cc19197f3f7be582573261247665d91804508b5db07ab2d67b9c,https://data.chain.link/streams/doge-usd-twap-60s-streams,0.08969199331230417,2026-09-08 06:16:25+00
eth-updown-15m-1788847200,ETH,"Ethereum Up or Down - September 8, 2:00AM-2:15AM ET",2026-09-08T06:15:00Z,2026-09-08T06:00:00Z,2472.336653273954,Up,"[""1"", ""0""]",0.99,4401.913299999999,58.45,0.4945,0.001,resolved,0x09bd43c6eef9dd75f06574b6e1937bc7637be6cbaff3a909ff30d582ae16acec,https://data.chain.link/streams/eth-usd-twap-60s-streams,2473.8796208859617,2026-09-08 06:16:25+00
hype-updown-15m-1788847200,HYPE,"Hyperliquid Up or Down - September 8, 2:00AM-2:15AM ET",2026-09-08T06:15:00Z,2026-09-08T06:00:00Z,84.10047411087267,Up,"[""1"", ""0""]",0.99,121.799846,,0.4945,0.001,resolved,0x825a091a69a81b2804855480b2dff46edd60e3fcd017751bc931f93610d8086f,https://data.chain.link/streams/hype-usd-twap-60s-streams,84.23382271495377,2026-09-08 06:16:25+00
sol-updown-15m-1788847200,SOL,"Solana Up or Down - September 8, 2:00AM-2:15AM ET",2026-09-08T06:15:00Z,2026-09-08T06:00:00Z,102.92886424945223,Up,"[""1"", ""0""]",0.99,2121.7377450000004,,0.4945,0.001,resolved,0xbecd8b9d7a73581d3a69079d7111c773fde1e701bd29ff56e3020b8682664b5f,https://data.chain.link/streams/sol-usd-twap-60s-streams,103.02210533636557,2026-09-08 06:16:25+00
xrp-updown-15m-1788847200,XRP,"XRP Up or Down - September 8, 2:00AM-2:15AM ET",2026-09-08T06:15:00Z,2026-09-08T06:00:00Z,1.3870325438872948,Up,"[""1"", ""0""]",0.99,821.5413799999998,,0.49,0.01,resolved,0x270696a27e937b916bac9d24dc7d57b566e45651792a5a8602e6673d8ed8142a,https://data.chain.link/streams/xrp-usd-twap-60s-streams,1.3878633847523614,2026-09-08 06:16:25+00
zec-updown-15m-1788847200,ZEC,"ZCash Up or Down - September 8, 2:00AM-2:15AM ET",2026-09-08T06:15:00Z,2026-09-08T06:00:00Z,1127.4275880109676,Up,"[""1"", ""0""]",0.95,,,0.495,0.01,resolved,0xd24ac834492047c95f21899f0a2eadcf5adda42d81e8e67afd2a72778a7103cd,https://data.chain.link/streams/zec-usd-twap-60s-streams,1133.3348128830776,2026-09-08 06:16:25+00
bnb-updown-15m-1788848100,BNB,"BNB Up or Down - September 8, 2:15AM-2:30AM ET",2026-09-08T06:30:00Z,2026-09-08T06:15:00Z,749.1025796262907,Down,"[""0"", ""1""]",0.002,741.008989,,-0.5045,0.001,resolved,0x98f1c7456fd1eab4e8767f4ba2a65a70c2e6678c7d8a3082f6033b49a7a218c4,https://data.chain.link/streams/bnb-usd-twap-60s-streams,747.0522055149063,2026-09-08 06:31:25+00
btc-updown-15m-1788848100,BTC,"Bitcoin Up or Down - September 8, 2:15AM-2:30AM ET",2026-09-08T06:30:00Z,2026-09-08T06:15:00Z,78551.73277634483,Down,"[""0"", ""1""]",0.001,22679.675374000002,25,-0.4945,0.001,resolved,0x8dc7cf47fa21bbca0af458f1536f2dc3a728a428c8b3a7f76a02b79de93ceac7,https://data.chain.link/streams/btc-usd-twap-60s-streams,78365.0315342746,2026-09-08 06:31:25+00
doge-updown-15m-1788848100,DOGE,"Dogecoin Up or Down - September 8, 2:15AM-2:30AM ET",2026-09-08T06:30:00Z,2026-09-08T06:15:00Z,0.08969199331230417,Down,"[""0"", ""1""]",0.07,305.461103,,-0.4995,0.001,resolved,0xc96e993614055c8c9c8b15ad28cc6d14614d62062574e449c44980cc1c38188a,https://data.chain.link/streams/doge-usd-twap-60s-streams,0.08923700451455553,2026-09-08 06:31:25+00
eth-updown-15m-1788848100,ETH,"Ethereum Up or Down - September 8, 2:15AM-2:30AM ET",2026-09-08T06:30:00Z,2026-09-08T06:15:00Z,2473.8796208859617,Down,"[""0"", ""1""]",0.001,3190.2654860000007,151.078432,-0.4945,0.001,resolved,0xef72620b10f897c78d0f99e560953d2cc889e9d13ea8eef50c01ea33124dc455,https://data.chain.link/streams/eth-usd-twap-60s-streams,2466.5709050476776,2026-09-08 06:31:25+00
hype-updown-15m-1788848100,HYPE,"Hyperliquid Up or Down - September 8, 2:15AM-2:30AM ET",2026-09-08T06:30:00Z,2026-09-08T06:15:00Z,84.23382271495377,Down,"[""0"", ""1""]",0.09,160.908453,,-0.5045,0.001,resolved,0x801fcb2ea1646e24fba0b15107a9901c97c040db16f1bd27cf07550357295729,https://data.chain.link/streams/hype-usd-twap-60s-streams,84.0168972755215,2026-09-08 06:31:25+00
sol-updown-15m-1788848100,SOL,"Solana Up or Down - September 8, 2:15AM-2:30AM ET",2026-09-08T06:30:00Z,2026-09-08T06:15:00Z,103.02210533636557,Down,"[""0"", ""1""]",0.01,900.732546,,-0.5045,0.001,resolved,0x6985cf6f63044f1b7b92500b4bb367adb476aae395e9b92c2249882b21df0373,https://data.chain.link/streams/sol-usd-twap-60s-streams,102.62687263951585,2026-09-08 06:31:27+00
xrp-updown-15m-1788848100,XRP,"XRP Up or Down - September 8, 2:15AM-2:30AM ET",2026-09-08T06:30:00Z,2026-09-08T06:15:00Z,1.3878633847523614,Down,"[""0"", ""1""]",0.15,859.084302,,-0.5045,0.001,resolved,0x266117ec16d1e6ff109b37e0a1bcc50be0d99745458d247df64449988e3a104b,https://data.chain.link/streams/xrp-usd-twap-60s-streams,1.3843574182465657,2026-09-08 06:31:25+00
zec-updown-15m-1788848100,ZEC,"ZCash Up or Down - September 8, 2:15AM-2:30AM ET",2026-09-08T06:30:00Z,2026-09-08T06:15:00Z,1133.3348128830776,Down,"[""0"", ""1""]",,,,-0.4995,0.001,resolved,0x9aa3d7ed9f6cddc6055ef2ad9f20d55df1f15b965155a92f332f1e14f8b3e7c4,https://data.chain.link/streams/zec-usd-twap-60s-streams,1130.8079252540376,2026-09-08 06:31:25+00
bnb-updown-15m-1788849000,BNB,"BNB Up or Down - September 8, 2:30AM-2:45AM ET",2026-09-08T06:45:00Z,2026-09-08T06:30:00Z,747.0522055149063,Up,"[""1"", ""0""]",0.99,413.481841,,0.49,0.01,resolved,0x59fdd66993f89bcc436e82bdd587715c45ce26db3d9d2a7afeb18fa5a796aea4,https://data.chain.link/streams/bnb-usd-twap-60s-streams,747.2422329171444,2026-09-08 06:45:52+00
btc-updown-15m-1788849000,BTC,"Bitcoin Up or Down - September 8, 2:30AM-2:45AM ET",2026-09-08T06:45:00Z,2026-09-08T06:30:00Z,78365.0315342746,Up,"[""1"", ""0""]",0.99,21124.881250999995,,0.49,0.01,resolved,0x64fc07fbd2292eac39f747a57af31fd37de90f5d9b2b35796bdef80edcfd67c9,https://data.chain.link/streams/btc-usd-twap-60s-streams,78396.66216429499,2026-09-08 06:45:52+00
doge-updown-15m-1788849000,DOGE,"Dogecoin Up or Down - September 8, 2:30AM-2:45AM ET",2026-09-08T06:45:00Z,2026-09-08T06:30:00Z,0.08923700451455553,Down,"[""0"", ""1""]",0.01,268.720608,,-0.4995,0.001,resolved,0x85833283d2e4ed6c79bf9736410f917fe928140d290228e0eac6daf05865755e,https://data.chain.link/streams/doge-usd-twap-60s-streams,0.08917450405179209,2026-09-08 06:45:52+00
eth-updown-15m-1788849000,ETH,"Ethereum Up or Down - September 8, 2:30AM-2:45AM ET",2026-09-08T06:45:00Z,2026-09-08T06:30:00Z,2466.5709050476776,Down,"[""0"", ""1""]",0.01,3284.8594749999997,,-0.5045,0.001,resolved,0x03053a89b4a8321aa58c4caa8c11075db2a4592d1169a209e57d1fba262395a5,https://data.chain.link/streams/eth-usd-twap-60s-streams,2465.0791407139573,2026-09-08 06:45:52+00
hype-updown-15m-1788849000,HYPE,"Hyperliquid Up or Down - September 8, 2:30AM-2:45AM ET",2026-09-08T06:45:00Z,2026-09-08T06:30:00Z,84.0168972755215,Down,"[""0"", ""1""]",0.13,137.00400000000002,,-0.5045,0.001,resolved,0x3a0aa36da9e73e87ec62486cac107fc49325fabd4f13dd0e48557919828a8419,https://data.chain.link/streams/hype-usd-twap-60s-streams,83.52874699180549,2026-09-08 06:45:52+00
sol-updown-15m-1788849000,SOL,"Solana Up or Down - September 8, 2:30AM-2:45AM ET",2026-09-08T06:45:00Z,2026-09-08T06:30:00Z,102.62687263951585,Down,"[""0"", ""1""]",0.01,838.8718199999998,,-0.5045,0.001,resolved,0xbc88f905c3f548b4ff9f16ecf1eed42b510b0a725e028cacd18e1d96104bfc09,https://data.chain.link/streams/sol-usd-twap-60s-streams,102.57911805456999,2026-09-08 06:45:52+00
xrp-updown-15m-1788849000,XRP,"XRP Up or Down - September 8, 2:30AM-2:45AM ET",2026-09-08T06:45:00Z,2026-09-08T06:30:00Z,1.3843574182465657,Down,"[""0"", ""1""]",0.06,679.84314,,-0.5045,0.001,resolved,0xe9ea650683ad68597d953e63b43700a28632d2ad441b921f43d3bd0236e3f4a0,https://data.chain.link/streams/xrp-usd-twap-60s-streams,1.382803508112891,2026-09-08 06:45:52+00
zec-updown-15m-1788849000,ZEC,"ZCash Up or Down - September 8, 2:30AM-2:45AM ET",2026-09-08T06:45:00Z,2026-09-08T06:30:00Z,1130.8079252540376,Down,"[""0"", ""1""]",,,,-0.495,0.01,resolved,0x9e317ae0285bb8c8c51c025f14034c2b73a46b28f6317036f670b2af03ff6f00,https://data.chain.link/streams/zec-usd-twap-60s-streams,1129.7503830455378,2026-09-08 06:45:52+00
bnb-updown-15m-1788849900,BNB,"BNB Up or Down - September 8, 2:45AM-3:00AM ET",2026-09-08T07:00:00Z,2026-09-08T06:45:00Z,747.2422329171444,Up,"[""1"", ""0""]",0.99,336.35253800000004,,0.4945,0.001,resolved,0x112aff38afef439eee7ec6d44ceecfda0d1c1a450717cee349259c5e6cf7e443,https://data.chain.link/streams/bnb-usd-twap-60s-streams,747.5337956538092,2026-09-08 07:01:25+00
btc-updown-15m-1788849900,BTC,"Bitcoin Up or Down - September 8, 2:45AM-3:00AM ET",2026-09-08T07:00:00Z,2026-09-08T06:45:00Z,78396.66216429499,Down,"[""0"", ""1""]",0.02,21465.436716999997,54.411766,-0.4945,0.001,resolved,0xbd8c9cc5d269569801189692088b8363092ae1e1ee7f3ab40d0ee5ae53537f09,https://data.chain.link/streams/btc-usd-twap-60s-streams,78320.64198810245,2026-09-08 07:01:25+00
doge-updown-15m-1788849900,DOGE,"Dogecoin Up or Down - September 8, 2:45AM-3:00AM ET",2026-09-08T07:00:00Z,2026-09-08T06:45:00Z,0.08917450405179209,Up,"[""1"", ""0""]",0.999,409.8971,,0.4995,0.001,resolved,0xf7d198de343364f65588283b2e3cafa322fe46c8aa84175b9299dbb8e2cbeae5,https://data.chain.link/streams/doge-usd-twap-60s-streams,0.08934985167164168,2026-09-08 07:01:25+00
eth-updown-15m-1788849900,ETH,"Ethereum Up or Down - September 8, 2:45AM-3:00AM ET",2026-09-08T07:00:00Z,2026-09-08T06:45:00Z,2465.0791407139573,Up,"[""1"", ""0""]",0.99,5557.607188,,0.4945,0.001,resolved,0xb34fbaadf133c19df08f043982a3887ab19d6c0ee896b28ba03aa46aa16380ac,https://data.chain.link/streams/eth-usd-twap-60s-streams,2468.435645590292,2026-09-08 07:01:25+00
hype-updown-15m-1788849900,HYPE,"Hyperliquid Up or Down - September 8, 2:45AM-3:00AM ET",2026-09-08T07:00:00Z,2026-09-08T06:45:00Z,83.52874699180549,Up,"[""1"", ""0""]",0.999,278.908007,,0.4945,0.001,resolved,0x727f553f8df8fef9ecf14993df8653f0e8b65a348eac5f3f17f45d0050c05c08,https://data.chain.link/streams/hype-usd-twap-60s-streams,83.91931349303684,2026-09-08 07:01:25+00
sol-updown-15m-1788849900,SOL,"Solana Up or Down - September 8, 2:45AM-3:00AM ET",2026-09-08T07:00:00Z,2026-09-08T06:45:00Z,102.57911805456999,Up,"[""1"", ""0""]",0.99,751.759483,,0.4945,0.001,resolved,0xfd2bce5022aab5063eda7e2fde087e23a997e346ab86fd1b8e85bf803d03833c,https://data.chain.link/streams/sol-usd-twap-60s-streams,102.72568740565725,2026-09-08 07:01:25+00
xrp-updown-15m-1788849900,XRP,"XRP Up or Down - September 8, 2:45AM-3:00AM ET",2026-09-08T07:00:00Z,2026-09-08T06:45:00Z,1.382803508112891,Up,"[""1"", ""0""]",0.99,1184.121244,,0.4945,0.001,resolved,0xf3d16bcf45690ed61ff71c57f7db1b07b8268b90d40c1dcbc09d9dc999e805c8,https://data.chain.link/streams/xrp-usd-twap-60s-streams,1.3840664643044347,2026-09-08 07:01:25+00
zec-updown-15m-1788849900,ZEC,"ZCash Up or Down - September 8, 2:45AM-3:00AM ET",2026-09-08T07:00:00Z,2026-09-08T06:45:00Z,1129.7503830455378,Up,"[""1"", ""0""]",,,,0.4995,0.001,resolved,0xf97c9f44ffde7863ff6878d301057a6426a8dbfc4378b49e2324e26ff2f7889e,https://data.chain.link/streams/zec-usd-twap-60s-streams,1131.2159274285766,2026-09-08 07:01:25+00
bnb-updown-15m-1788850800,BNB,"BNB Up or Down - September 8, 3:00AM-3:15AM ET",2026-09-08T07:15:00Z,2026-09-08T07:00:00Z,747.5337956538092,Up,"[""1"", ""0""]",0.999,181.214734,,0.4945,0.001,resolved,0xd3602f01c6771efe95319d35695ea20b67447467c011de7585939fb771e25c17,https://data.chain.link/streams/bnb-usd-twap-60s-streams,749.4140579914495,2026-09-08 07:16:25+00
btc-updown-15m-1788850800,BTC,"Bitcoin Up or Down - September 8, 3:00AM-3:15AM ET",2026-09-08T07:15:00Z,2026-09-08T07:00:00Z,78320.64198810245,Up,"[""1"", ""0""]",0.999,16439.255918,2818.292746,0.4945,0.001,resolved,0xc79ad9d36b245318184c3a04f6f87a36fab5c6bb4c3b18f5fb81a47915a3f555,https://data.chain.link/streams/btc-usd-twap-60s-streams,78397.1485962102,2026-09-08 07:16:25+00
doge-updown-15m-1788850800,DOGE,"Dogecoin Up or Down - September 8, 3:00AM-3:15AM ET",2026-09-08T07:15:00Z,2026-09-08T07:00:00Z,0.08934985167164168,Down,"[""0"", ""1""]",0.42,422.64198899999997,11.764707,-0.495,0.01,resolved,0x3ede1b49d614e75fde4f8319efdc5bfb2a1baeed9ce92779a2df2ea11cc19a89,https://data.chain.link/streams/doge-usd-twap-60s-streams,0.08926661565100678,2026-09-08 07:16:25+00
eth-updown-15m-1788850800,ETH,"Ethereum Up or Down - September 8, 3:00AM-3:15AM ET",2026-09-08T07:15:00Z,2026-09-08T07:00:00Z,2468.435645590292,Up,"[""1"", ""0""]",0.999,2527.9323179999997,165.214706,0.4945,0.001,resolved,0x8321b3eca59d362ab6bee41febb1b923c3ebcbf2c14185f417924dc62a20c44a,https://data.chain.link/streams/eth-usd-twap-60s-streams,2473.634366296055,2026-09-08 07:16:25+00
hype-updown-15m-1788850800,HYPE,"Hyperliquid Up or Down - September 8, 3:00AM-3:15AM ET",2026-09-08T07:15:00Z,2026-09-08T07:00:00Z,83.91931349303684,Up,"[""1"", ""0""]",0.99,370.686724,,0.49,0.01,resolved,0x9d035b90c9d0eb50c998f3ab642e1076208b2c667b9866e00ea30d60b2057f9e,https://data.chain.link/streams/hype-usd-twap-60s-streams,83.93549965875988,2026-09-08 07:16:25+00
sol-updown-15m-1788850800,SOL,"Solana Up or Down - September 8, 3:00AM-3:15AM ET",2026-09-08T07:15:00Z,2026-09-08T07:00:00Z,102.72568740565725,Up,"[""1"", ""0""]",0.99,801.7597870000001,,0.49,0.01,resolved,0xa1375f9c9e7bb2b7aaebf252e791d45761f1d9a3d61654cb4b322db8a4ce4b51,https://data.chain.link/streams/sol-usd-twap-60s-streams,102.76412511779291,2026-09-08 07:16:25+00
xrp-updown-15m-1788850800,XRP,"XRP Up or Down - September 8, 3:00AM-3:15AM ET",2026-09-08T07:15:00Z,2026-09-08T07:00:00Z,1.3840664643044347,Up,"[""1"", ""0""]",0.999,853.680673,,0.4945,0.001,resolved,0x4e86246316f0fc10038d750f84de929ffbb546d9e9c55b5a8083883a0fb24bf2,https://data.chain.link/streams/xrp-usd-twap-60s-streams,1.385356786411623,2026-09-08 07:16:25+00
zec-updown-15m-1788850800,ZEC,"ZCash Up or Down - September 8, 3:00AM-3:15AM ET",2026-09-08T07:15:00Z,2026-09-08T07:00:00Z,1131.2159274285766,Down,"[""0"", ""1""]",,,,-0.4995,0.001,resolved,0x3502fdc955eecbf672b36edbf02355e8ebae9a56c33dce12842584b999a44906,https://data.chain.link/streams/zec-usd-twap-60s-streams,1123.236336850016,2026-09-08 07:16:25+00
bnb-updown-15m-1788851700,BNB,"BNB Up or Down - September 8, 3:15AM-3:30AM ET",2026-09-08T07:30:00Z,2026-09-08T07:15:00Z,749.4140579914495,Up,"[""1"", ""0""]",0.999,185.202311,,0.4945,0.001,resolved,0xda46e4e821a20da4296def9b81ece2d936d503aad3d7dedc6a5637e2e5950026,https://data.chain.link/streams/bnb-usd-twap-60s-streams,751.6341929524568,2026-09-08 07:31:25+00
btc-updown-15m-1788851700,BTC,"Bitcoin Up or Down - September 8, 3:15AM-3:30AM ET",2026-09-08T07:30:00Z,2026-09-08T07:15:00Z,78397.1485962102,Up,"[""1"", ""0""]",0.999,15078.410715000007,,0.4945,0.001,resolved,0x6295297b965bb8b7bf8e3cce4b2817cf38f407e96c172c9eb1086c6675807ebe,https://data.chain.link/streams/btc-usd-twap-60s-streams,78453.58634074824,2026-09-08 07:31:25+00
doge-updown-15m-1788851700,DOGE,"Dogecoin Up or Down - September 8, 3:15AM-3:30AM ET",2026-09-08T07:30:00Z,2026-09-08T07:15:00Z,0.08926661565100678,Up,"[""1"", ""0""]",0.999,1026.1705510000002,,0.4995,0.001,resolved,0x6e87d329e99937d30ba39a2ff2a6a88c7e341d37bbfed3150fccb90c1563bbeb,https://data.chain.link/streams/doge-usd-twap-60s-streams,0.0895229802393639,2026-09-08 07:31:25+00
eth-updown-15m-1788851700,ETH,"Ethereum Up or Down - September 8, 3:15AM-3:30AM ET",2026-09-08T07:30:00Z,2026-09-08T07:15:00Z,2473.634366296055,Up,"[""1"", ""0""]",0.999,2119.352945,,0.4945,0.001,resolved,0xe63891ac6b9457516076db22604f6b41b91802202cac23081f4d9f204dec234a,https://data.chain.link/streams/eth-usd-twap-60s-streams,2477.8376440365078,2026-09-08 07:31:25+00
hype-updown-15m-1788851700,HYPE,"Hyperliquid Up or Down - September 8, 3:15AM-3:30AM ET",2026-09-08T07:30:00Z,2026-09-08T07:15:00Z,83.93549965875988,Up,"[""1"", ""0""]",0.999,256.936728,,0.4945,0.001,resolved,0xe78105a5f9ffeca82581b805713373945c658d65cb76522fe550640e7d0e1407,https://data.chain.link/streams/hype-usd-twap-60s-streams,84.17804605725766,2026-09-08 07:31:25+00
sol-updown-15m-1788851700,SOL,"Solana Up or Down - September 8, 3:15AM-3:30AM ET",2026-09-08T07:30:00Z,2026-09-08T07:15:00Z,102.76412511779291,Up,"[""1"", ""0""]",0.99,770.393223,,0.4945,0.001,resolved,0xc299f6ce4535dc788c844b0eca5ea1ac32731eb923419f9e2d7d6259b4903a72,https://data.chain.link/streams/sol-usd-twap-60s-streams,102.93041095353298,2026-09-08 07:31:25+00
xrp-updown-15m-1788851700,XRP,"XRP Up or Down - September 8, 3:15AM-3:30AM ET",2026-09-08T07:30:00Z,2026-09-08T07:15:00Z,1.385356786411623,Up,"[""1"", ""0""]",0.999,1156.77873,,0.4945,0.001,resolved,0x80c75bb6acdce4a2d6f54a9f30f88985972c0203eff85dfda9078b0558a9f337,https://data.chain.link/streams/xrp-usd-twap-60s-streams,1.3883068594717958,2026-09-08 07:31:25+00
zec-updown-15m-1788851700,ZEC,"ZCash Up or Down - September 8, 3:15AM-3:30AM ET",2026-09-08T07:30:00Z,2026-09-08T07:15:00Z,1123.236336850016,Up,"[""1"", ""0""]",,,,0.4995,0.001,resolved,0x817d203f22080a3ebb956b6618440c431034874be9a1664550dc1a14b9a98e7e,https://data.chain.link/streams/zec-usd-twap-60s-streams,1124.76924531701,2026-09-08 07:31:25+00
bnb-updown-15m-1788852600,BNB,"BNB Up or Down - September 8, 3:30AM-3:45AM ET",2026-09-08T07:45:00Z,2026-09-08T07:30:00Z,751.6341929524568,Up,"[""1"", ""0""]",0.997,206.25757200000004,,0.4945,0.001,resolved,0xe791c2d1e1b386c0640a90a8d962606f843822bb9fb3730f0be0823f93688883,https://data.chain.link/streams/bnb-usd-twap-60s-streams,756.0705089080927,2026-09-08 07:46:25+00
btc-updown-15m-1788852600,BTC,"Bitcoin Up or Down - September 8, 3:30AM-3:45AM ET",2026-09-08T07:45:00Z,2026-09-08T07:30:00Z,78453.58634074824,Down,"[""0"", ""1""]",0.01,23917.686363999994,,-0.5,0.01,resolved,0x4edaea443d1decb53b99acf99b8b2902723bea715701d33ad30df58f68347a92,https://data.chain.link/streams/btc-usd-twap-60s-streams,78422.38744844095,2026-09-08 07:46:25+00
doge-updown-15m-1788852600,DOGE,"Dogecoin Up or Down - September 8, 3:30AM-3:45AM ET",2026-09-08T07:45:00Z,2026-09-08T07:30:00Z,0.0895229802393639,Down,"[""0"", ""1""]",0.02,222.463216,,-0.495,0.01,resolved,0x8755c135af3fbe2f5779b7af3f27e3d97693f5da239f04c081e545598dbc7977,https://data.chain.link/streams/doge-usd-twap-60s-streams,0.08943477239381285,2026-09-08 07:46:25+00
eth-updown-15m-1788852600,ETH,"Ethereum Up or Down - September 8, 3:30AM-3:45AM ET",2026-09-08T07:45:00Z,2026-09-08T07:30:00Z,2477.8376440365078,Up,"[""1"", ""0""]",0.999,3512.6697329999993,,0.4945,0.001,resolved,0x56f1145dbc07b32a0a9c5b962d3f48e94d69a3fd498268b9e7db1dc58d8c2cfd,https://data.chain.link/streams/eth-usd-twap-60s-streams,2478.5564010051435,2026-09-08 07:46:25+00
hype-updown-15m-1788852600,HYPE,"Hyperliquid Up or Down - September 8, 3:30AM-3:45AM ET",2026-09-08T07:45:00Z,2026-09-08T07:30:00Z,84.17804605725766,Down,"[""0"", ""1""]",0.1,236.61470600000004,4.431371,-0.5,0.01,resolved,0xb2192717a70c3085c1fddbe68b4cb5ecb5dc6ac3837971466136ecd95c275cb4,https://data.chain.link/streams/hype-usd-twap-60s-streams,84.05887504174869,2026-09-08 07:46:25+00
sol-updown-15m-1788852600,SOL,"Solana Up or Down - September 8, 3:30AM-3:45AM ET",2026-09-08T07:45:00Z,2026-09-08T07:30:00Z,102.93041095353298,Down,"[""0"", ""1""]",0.07,1041.6280989999998,254.997844,-0.47,0.01,resolved,0x979656315ccb0bc5f54dd0714d1ba77b3ef1813def927da760974904aecca324,https://data.chain.link/streams/sol-usd-twap-60s-streams,102.85041306888253,2026-09-08 07:46:25+00
xrp-updown-15m-1788852600,XRP,"XRP Up or Down - September 8, 3:30AM-3:45AM ET",2026-09-08T07:45:00Z,2026-09-08T07:30:00Z,1.3883068594717958,Up,"[""1"", ""0""]",0.999,708.587723,,0.4945,0.001,resolved,0xa1a318b52651653a26677ad8204e473fdcc66443ceac2f3aa49cd3629185fff2,https://data.chain.link/streams/xrp-usd-twap-60s-streams,1.3890278256219424,2026-09-08 07:46:25+00
zec-updown-15m-1788852600,ZEC,"ZCash Up or Down - September 8, 3:30AM-3:45AM ET",2026-09-08T07:45:00Z,2026-09-08T07:30:00Z,1124.76924531701,Down,"[""0"", ""1""]",0.78,,,-0.495,0.01,resolved,0xac756ed163380ad6d735a698d82cb5587cd7fd378063f37900cb22443940d5a1,https://data.chain.link/streams/zec-usd-twap-60s-streams,1122.3822690698705,2026-09-08 07:46:25+00
bnb-updown-15m-1788853500,BNB,"BNB Up or Down - September 8, 3:45AM-4:00AM ET",2026-09-08T08:00:00Z,2026-09-08T07:45:00Z,756.0705089080927,Down,"[""0"", ""1""]",0.01,202.21343700000003,,-0.5,0.01,resolved,0x8917ede8bef40660726819de715d27e13eedb2ba8a6b7370f92f417ab154fd44,https://data.chain.link/streams/bnb-usd-twap-60s-streams,754.7311990723532,2026-09-08 08:00:52+00
btc-updown-15m-1788853500,BTC,"Bitcoin Up or Down - September 8, 3:45AM-4:00AM ET",2026-09-08T08:00:00Z,2026-09-08T07:45:00Z,78422.38744844095,Up,"[""1"", ""0""]",0.999,34533.01510500001,,0.4945,0.001,resolved,0xf4458b2112b7a486886633ee98329efa5284bf2bd372a571bf808513fd6f5e7a,https://data.chain.link/streams/btc-usd-twap-60s-streams,78443.61119972247,2026-09-08 08:00:52+00
doge-updown-15m-1788853500,DOGE,"Dogecoin Up or Down - September 8, 3:45AM-4:00AM ET",2026-09-08T08:00:00Z,2026-09-08T07:45:00Z,0.08943477239381285,Down,"[""0"", ""1""]",0.123,180.338456,,-0.4995,0.001,resolved,0x0534756521e3ff1b33cf6838b7d8a0a5bd48b85a911c006f569905fe279fd2c8,https://data.chain.link/streams/doge-usd-twap-60s-streams,0.08925191321793914,2026-09-08 08:00:52+00
eth-updown-15m-1788853500,ETH,"Ethereum Up or Down - September 8, 3:45AM-4:00AM ET",2026-09-08T08:00:00Z,2026-09-08T07:45:00Z,2478.5564010051435,Down,"[""0"", ""1""]",0.01,6215.078941000001,,-0.4995,0.009,resolved,0xe977d01cec79ce955fe202b2e0314b1949da001f8cb808b10b2c8a0317f76e20,https://data.chain.link/streams/eth-usd-twap-60s-streams,2478.3329527244255,2026-09-08 08:00:52+00
hype-updown-15m-1788853500,HYPE,"Hyperliquid Up or Down - September 8, 3:45AM-4:00AM ET",2026-09-08T08:00:00Z,2026-09-08T07:45:00Z,84.05887504174869,Up,"[""1"", ""0""]",0.99,205.39157999999998,,0.4945,0.001,resolved,0xd45c8ef9c318d5e822d1d0d2d1561b947ef6e5e03f0c41e91f6fbd5c06b2491d,https://data.chain.link/streams/hype-usd-twap-60s-streams,84.12802036833662,2026-09-08 08:01:00+00
sol-updown-15m-1788853500,SOL,"Solana Up or Down - September 8, 3:45AM-4:00AM ET",2026-09-08T08:00:00Z,2026-09-08T07:45:00Z,102.85041306888253,Up,"[""1"", ""0""]",0.99,1303.7038270000005,,0.49,0.01,resolved,0xbee7bfdbc83792605c3c63dc93dc16694627e8b775418855a986c8b06903e39a,https://data.chain.link/streams/sol-usd-twap-60s-streams,102.9039243788807,2026-09-08 08:00:52+00
xrp-updown-15m-1788853500,XRP,"XRP Up or Down - September 8, 3:45AM-4:00AM ET",2026-09-08T08:00:00Z,2026-09-08T07:45:00Z,1.3890278256219424,Down,"[""0"", ""1""]",0.07,357.35423000000003,,-0.5045,0.001,resolved,0xbbb58e4335b5a186475ba5fc50ff3e92a5f3be861baf1a096e5b63ed1fce307e,https://data.chain.link/streams/xrp-usd-twap-60s-streams,1.3875400978231132,2026-09-08 08:00:58+00
zec-updown-15m-1788853500,ZEC,"ZCash Up or Down - September 8, 3:45AM-4:00AM ET",2026-09-08T08:00:00Z,2026-09-08T07:45:00Z,1122.3822690698705,Up,"[""1"", ""0""]",,,,0.495,0.01,resolved,0xeff140279e49fa9e57b6875750a187d7c52715cb83fc6014b59953ea248bd887,https://data.chain.link/streams/zec-usd-twap-60s-streams,1124.233207746926,2026-09-08 08:00:58+00
bnb-updown-15m-1788854400,BNB,"BNB Up or Down - September 8, 4:00AM-4:15AM ET",2026-09-08T08:15:00Z,2026-09-08T08:00:00Z,754.7311990723532,Up,"[""1"", ""0""]",0.999,252.13927000000007,,0.4945,0.001,resolved,0x29abb7ce2c820284aff7a9a3d3b73a089ee130c13314007c1cfd6bfdab6335e5,https://data.chain.link/streams/bnb-usd-twap-60s-streams,756.4345402098942,2026-09-08 08:17:30+00
btc-updown-15m-1788854400,BTC,"Bitcoin Up or Down - September 8, 4:00AM-4:15AM ET",2026-09-08T08:15:00Z,2026-09-08T08:00:00Z,78443.61119972247,Down,"[""0"", ""1""]",0.03,15843.865864000003,2784.824314,-0.5045,0.001,resolved,0x01c0fa1db1092378f7ca795eb6425efb09f25d3b08c7dc6d16d01d07e1c02bc4,https://data.chain.link/streams/btc-usd-twap-60s-streams,78343.49769128644,2026-09-08 08:17:30+00
doge-updown-15m-1788854400,DOGE,"Dogecoin Up or Down - September 8, 4:00AM-4:15AM ET",2026-09-08T08:15:00Z,2026-09-08T08:00:00Z,0.08925191321793914,Down,"[""0"", ""1""]",0.05,156.522349,,-0.4995,0.001,resolved,0x6155b3c91d2f2ad18452ab0db44c744cdc0397aa6a0b1513d1dbdc9e4e0b3742,https://data.chain.link/streams/doge-usd-twap-60s-streams,0.08901815913631748,2026-09-08 08:17:31+00
eth-updown-15m-1788854400,ETH,"Ethereum Up or Down - September 8, 4:00AM-4:15AM ET",2026-09-08T08:15:00Z,2026-09-08T08:00:00Z,2478.3329527244255,Down,"[""0"", ""1""]",0.01,2293.1078800000005,,-0.5045,0.001,resolved,0x95b9aead37aa676e630e5d6eb6646950efd85de5feacbd0cd0d942742180ffa4,https://data.chain.link/streams/eth-usd-twap-60s-streams,2470.88352311688,2026-09-08 08:17:30+00
hype-updown-15m-1788854400,HYPE,"Hyperliquid Up or Down - September 8, 4:00AM-4:15AM ET",2026-09-08T08:15:00Z,2026-09-08T08:00:00Z,84.12802036833662,Down,"[""0"", ""1""]",0.14,130.125184,,-0.5045,0.001,resolved,0x077406296fc64eb31a64fd450c30deeada545aeecc64cb2998f3761757325153,https://data.chain.link/streams/hype-usd-twap-60s-streams,83.97090852599965,2026-09-08 08:17:36+00
sol-updown-15m-1788854400,SOL,"Solana Up or Down - September 8, 4:00AM-4:15AM ET",2026-09-08T08:15:00Z,2026-09-08T08:00:00Z,102.9039243788807,Down,"[""0"", ""1""]",0.04,454.3064299999999,,-0.5045,0.001,resolved,0x39e212fef8033367b1f2d898658e43ce895a61efda175647187a074b8cbb4c9e,https://data.chain.link/streams/sol-usd-twap-60s-streams,102.59840184595146,2026-09-08 08:17:30+00
xrp-updown-15m-1788854400,XRP,"XRP Up or Down - September 8, 4:00AM-4:15AM ET",2026-09-08T08:15:00Z,2026-09-08T08:00:00Z,1.3875400978231132,Down,"[""0"", ""1""]",0.01,594.8801920000001,,-0.5045,0.001,resolved,0x9c1579ecbccffdbc5190e2c1c906e7419045c283b202e8b22c92a7a9a73103ab,https://data.chain.link/streams/xrp-usd-twap-60s-streams,1.3845254853456281,2026-09-08 08:17:30+00
zec-updown-15m-1788854400,ZEC,"ZCash Up or Down - September 8, 4:00AM-4:15AM ET",2026-09-08T08:15:00Z,2026-09-08T08:00:00Z,1124.233207746926,Up,"[""1"", ""0""]",,,,0.4995,0.001,resolved,0x9fbee876d6f2035712f5d0d14438dc04442c1726feaea710fa2bb3a84d75e188,https://data.chain.link/streams/zec-usd-twap-60s-streams,1126.9039981672888,2026-09-08 08:17:30+00
bnb-updown-15m-1788855300,BNB,"BNB Up or Down - September 8, 4:15AM-4:30AM ET",2026-09-08T08:30:00Z,2026-09-08T08:15:00Z,756.4345402098942,Up,"[""1"", ""0""]",0.999,518.134517,,0.4945,0.001,resolved,0xe02004fc2d355ca26faeb1be0871c35a5b551474e42c95878e6c727f7fabd949,https://data.chain.link/streams/bnb-usd-twap-60s-streams,758.7676157322734,2026-09-08 08:30:52+00
btc-updown-15m-1788855300,BTC,"Bitcoin Up or Down - September 8, 4:15AM-4:30AM ET",2026-09-08T08:30:00Z,2026-09-08T08:15:00Z,78343.49769128644,Up,"[""1"", ""0""]",0.999,22168.597950000003,,0.4945,0.001,resolved,0x2cadc931aa4e84e94eaa08a0604ec971c055b4f86ea5342b51978fb4161cd220,https://data.chain.link/streams/btc-usd-twap-60s-streams,78472.61589258883,2026-09-08 08:30:52+00
doge-updown-15m-1788855300,DOGE,"Dogecoin Up or Down - September 8, 4:15AM-4:30AM ET",2026-09-08T08:30:00Z,2026-09-08T08:15:00Z,0.08901815913631748,Up,"[""1"", ""0""]",0.99,586.707701,,0.495,0.01,resolved,0x820164c974f3b7be33649f74e7e55012609a34bb297ed8e314ceced5c7fbf58a,https://data.chain.link/streams/doge-usd-twap-60s-streams,0.08918851432938046,2026-09-08 08:30:52+00
eth-updown-15m-1788855300,ETH,"Ethereum Up or Down - September 8, 4:15AM-4:30AM ET",2026-09-08T08:30:00Z,2026-09-08T08:15:00Z,2470.88352311688,Up,"[""1"", ""0""]",0.999,2121.3787920000004,,0.4945,0.001,resolved,0x5e528025a1d85f3abbdca20badf7b540775092417c136a4d8c14e5f787ca9e79,https://data.chain.link/streams/eth-usd-twap-60s-streams,2476.5644440951214,2026-09-08 08:30:52+00
hype-updown-15m-1788855300,HYPE,"Hyperliquid Up or Down - September 8, 4:15AM-4:30AM ET",2026-09-08T08:30:00Z,2026-09-08T08:15:00Z,83.97090852599965,Up,"[""1"", ""0""]",0.99,356.878347,,0.49,0.01,resolved,0x077a7728127a33eb5870a0d3d3443ffe10b757b5c5f9d4ead3fab8ceb4e3a016,https://data.chain.link/streams/hype-usd-twap-60s-streams,84.1021781209775,2026-09-08 08:30:52+00
sol-updown-15m-1788855300,SOL,"Solana Up or Down - September 8, 4:15AM-4:30AM ET",2026-09-08T08:30:00Z,2026-09-08T08:15:00Z,102.59840184595146,Up,"[""1"", ""0""]",0.99,1054.7217809999997,,0.49,0.01,resolved,0x54d34ee74cfcfe4ac8e4de6a2f29dec438e5865e4c790974813d7e31ecab9977,https://data.chain.link/streams/sol-usd-twap-60s-streams,102.87208225467765,2026-09-08 08:30:52+00
xrp-updown-15m-1788855300,XRP,"XRP Up or Down - September 8, 4:15AM-4:30AM ET",2026-09-08T08:30:00Z,2026-09-08T08:15:00Z,1.3845254853456281,Up,"[""1"", ""0""]",0.999,740.7596130000001,,0.4945,0.001,resolved,0xa0303d1ba1dc62f254f9981e550bebc21c779d9e411333a55311759688d214f2,https://data.chain.link/streams/xrp-usd-twap-60s-streams,1.3875324057495793,2026-09-08 08:30:52+00
zec-updown-15m-1788855300,ZEC,"ZCash Up or Down - September 8, 4:15AM-4:30AM ET",2026-09-08T08:30:00Z,2026-09-08T08:15:00Z,1126.9039981672888,Down,"[""0"", ""1""]",,,,-0.005,0.99,resolved,0x2c8138fe5f809761c52344f5dabc70fedf347b40175716540927e1b33c7feeb2,https://data.chain.link/streams/zec-usd-twap-60s-streams,1125.9584440849235,2026-09-08 08:30:52+00
bnb-updown-15m-1788856200,BNB,"BNB Up or Down - September 8, 4:30AM-4:45AM ET",2026-09-08T08:45:00Z,2026-09-08T08:30:00Z,758.7676157322734,Down,"[""0"", ""1""]",0.06,282.678804,,-0.5,0.01,resolved,0xc9ca63f24531200032eec4a4195a707659909e2ecb48b2830918781de54570ee,https://data.chain.link/streams/bnb-usd-twap-60s-streams,757.1373000665006,2026-09-08 08:45:52+00
btc-updown-15m-1788856200,BTC,"Bitcoin Up or Down - September 8, 4:30AM-4:45AM ET",2026-09-08T08:45:00Z,2026-09-08T08:30:00Z,78472.61589258883,Up,"[""1"", ""0""]",0.99,20147.438365,,0.49,0.01,resolved,0x13e8120d58a009986deb60ddea770a6473caa76983f9c5ea434f59063cbc6555,https://data.chain.link/streams/btc-usd-twap-60s-streams,78488.5639445808,2026-09-08 08:45:52+00
doge-updown-15m-1788856200,DOGE,"Dogecoin Up or Down - September 8, 4:30AM-4:45AM ET",2026-09-08T08:45:00Z,2026-09-08T08:30:00Z,0.08918851432938046,Up,"[""1"", ""0""]",0.99,161.949961,,0.4995,0.001,resolved,0xe985d01b533c74bcf1b4d37b137c3b2208a8ca51457c27342191fd1f2317472e,https://data.chain.link/streams/doge-usd-twap-60s-streams,0.08937153579404461,2026-09-08 08:45:52+00
eth-updown-15m-1788856200,ETH,"Ethereum Up or Down - September 8, 4:30AM-4:45AM ET",2026-09-08T08:45:00Z,2026-09-08T08:30:00Z,2476.5644440951214,Up,"[""1"", ""0""]",0.999,2625.1220710000002,,0.4945,0.001,resolved,0x0c1bde0ed38a5db755977813c356e1f28a5c94ebdf21f466ae381bf181593d7a,https://data.chain.link/streams/eth-usd-twap-60s-streams,2480.070648083163,2026-09-08 08:45:58+00
hype-updown-15m-1788856200,HYPE,"Hyperliquid Up or Down - September 8, 4:30AM-4:45AM ET",2026-09-08T08:45:00Z,2026-09-08T08:30:00Z,84.1021781209775,Up,"[""1"", ""0""]",0.999,162.868182,,0.4945,0.001,resolved,0x6ccc6b5428a28fad370494950864e49aeeb7d788b72219f4ccca345ee5ec8c50,https://data.chain.link/streams/hype-usd-twap-60s-streams,84.2767920122362,2026-09-08 08:45:52+00
sol-updown-15m-1788856200,SOL,"Solana Up or Down - September 8, 4:30AM-4:45AM ET",2026-09-08T08:45:00Z,2026-09-08T08:30:00Z,102.87208225467765,Up,"[""1"", ""0""]",0.999,550.2178260000001,,0.4945,0.001,resolved,0xed293333d82fa50c59e1809c2d0f9672ba451dfe86537dba6600f3c7f368b04a,https://data.chain.link/streams/sol-usd-twap-60s-streams,102.99565899529352,2026-09-08 08:45:58+00
xrp-updown-15m-1788856200,XRP,"XRP Up or Down - September 8, 4:30AM-4:45AM ET",2026-09-08T08:45:00Z,2026-09-08T08:30:00Z,1.3875324057495793,Up,"[""1"", ""0""]",0.999,316.654279,,0.4945,0.001,resolved,0x9b613aae98c79a839f3356b82bb82bbc1a74988866d50480d62cdd720858b9b2,https://data.chain.link/streams/xrp-usd-twap-60s-streams,1.390717862905356,2026-09-08 08:45:52+00
zec-updown-15m-1788856200,ZEC,"ZCash Up or Down - September 8, 4:30AM-4:45AM ET",2026-09-08T08:45:00Z,2026-09-08T08:30:00Z,1125.9584440849235,Up,"[""1"", ""0""]",0.999,,,0.4995,0.001,resolved,0x85e89571477561c909aa8a5ee23ecedbe0c71b2dbcb5eab5220d6a29d052928e,https://data.chain.link/streams/zec-usd-twap-60s-streams,1134.1695647266345,2026-09-08 08:45:58+00
bnb-updown-15m-1788857100,BNB,"BNB Up or Down - September 8, 4:45AM-5:00AM ET",2026-09-08T09:00:00Z,2026-09-08T08:45:00Z,757.1373000665006,Down,"[""0"", ""1""]",0.05,217.29170899999997,35.29,-0.4945,0.001,resolved,0x1371e822423dcbadf9213d12641338a095ede37eb4bd397c62ffb85591efc0a2,https://data.chain.link/streams/bnb-usd-twap-60s-streams,754.8214483834973,2026-09-08 09:01:25+00
btc-updown-15m-1788857100,BTC,"Bitcoin Up or Down - September 8, 4:45AM-5:00AM ET",2026-09-08T09:00:00Z,2026-09-08T08:45:00Z,78488.5639445808,Down,"[""0"", ""1""]",0.06,22359.175612000006,,-0.5045,0.001,resolved,0x408ecdbffce2d8cc479960d8684bafb64e19af6e639ac8f0e3af0a8a3dde68cc,https://data.chain.link/streams/btc-usd-twap-60s-streams,78378.57268218225,2026-09-08 09:01:25+00
doge-updown-15m-1788857100,DOGE,"Dogecoin Up or Down - September 8, 4:45AM-5:00AM ET",2026-09-08T09:00:00Z,2026-09-08T08:45:00Z,0.08937153579404461,Down,"[""0"", ""1""]",0.06,367.365378,,-0.4995,0.001,resolved,0xd1dfd9f708873d263e2c6bf18e46b907cd01346f9e40515398f377088c9bd43e,https://data.chain.link/streams/doge-usd-twap-60s-streams,0.08924347389636637,2026-09-08 09:01:25+00
eth-updown-15m-1788857100,ETH,"Ethereum Up or Down - September 8, 4:45AM-5:00AM ET",2026-09-08T09:00:00Z,2026-09-08T08:45:00Z,2480.070648083163,Down,"[""0"", ""1""]",0.02,2313.5279140000002,,-0.5045,0.001,resolved,0x6302f2b3445e9643721d80e27c86e3798022a8a2bf9301d4c70ed0a00b08dee8,https://data.chain.link/streams/eth-usd-twap-60s-streams,2476.230804583514,2026-09-08 09:01:25+00
hype-updown-15m-1788857100,HYPE,"Hyperliquid Up or Down - September 8, 4:45AM-5:00AM ET",2026-09-08T09:00:00Z,2026-09-08T08:45:00Z,84.2767920122362,Down,"[""0"", ""1""]",0.08,164.69404500000002,,-0.5045,0.001,resolved,0x26da2e66fdb272bdf8998b1e1e2db5af2b6fddebcee59ae6da5592774f3f1c49,https://data.chain.link/streams/hype-usd-twap-60s-streams,84.02016217962986,2026-09-08 09:01:25+00
sol-updown-15m-1788857100,SOL,"Solana Up or Down - September 8, 4:45AM-5:00AM ET",2026-09-08T09:00:00Z,2026-09-08T08:45:00Z,102.99565899529352,Down,"[""0"", ""1""]",0.52,638.857084,,-0.5045,0.001,resolved,0x51f06c9fb930f06ee0e01f3d3cbc9b383f00ac86bf726ab741183fc876505bf7,https://data.chain.link/streams/sol-usd-twap-60s-streams,102.98960275000344,2026-09-08 09:01:25+00
xrp-updown-15m-1788857100,XRP,"XRP Up or Down - September 8, 4:45AM-5:00AM ET",2026-09-08T09:00:00Z,2026-09-08T08:45:00Z,1.390717862905356,Down,"[""0"", ""1""]",0.03,696.078484,,-0.5045,0.001,resolved,0xb7f279c54a3b96a7ff53d8a1670fde5136c1218ff0289d8013ea3218bd2cc2b6,https://data.chain.link/streams/xrp-usd-twap-60s-streams,1.3893211291770602,2026-09-08 09:01:25+00
zec-updown-15m-1788857100,ZEC,"ZCash Up or Down - September 8, 4:45AM-5:00AM ET",2026-09-08T09:00:00Z,2026-09-08T08:45:00Z,1134.1695647266345,Down,"[""0"", ""1""]",,,,-0.495,0.01,resolved,0x6c29f8d2a2ee2bf935fac99c1703a455441563254c91fcab523d003ca76bc428,https://data.chain.link/streams/zec-usd-twap-60s-streams,1130.590221662379,2026-09-08 09:01:25+00
bnb-updown-15m-1788858000,BNB,"BNB Up or Down - September 8, 5:00AM-5:15AM ET",2026-09-08T09:15:00Z,2026-09-08T09:00:00Z,754.8214483834973,Up,"[""1"", ""0""]",0.98,358.413806,,0.49,0.01,resolved,0x585873fab3f4f17dc2f944336e4c368297434f62c80f0dc5a0a0725fcfdecd05,https://data.chain.link/streams/bnb-usd-twap-60s-streams,754.9476702299467,2026-09-08 09:15:52+00
btc-updown-15m-1788858000,BTC,"Bitcoin Up or Down - September 8, 5:00AM-5:15AM ET",2026-09-08T09:15:00Z,2026-09-08T09:00:00Z,78378.57268218225,Up,"[""1"", ""0""]",0.99,20221.155995000005,2758.29,0.4945,0.001,resolved,0x1dbc3b4292635201f26c507d28f22cc1f9f93636b8111f25d5b4dc77a7998bfa,https://data.chain.link/streams/btc-usd-twap-60s-streams,78462.12674541972,2026-09-08 09:15:52+00
doge-updown-15m-1788858000,DOGE,"Dogecoin Up or Down - September 8, 5:00AM-5:15AM ET",2026-09-08T09:15:00Z,2026-09-08T09:00:00Z,0.08924347389636637,Up,"[""1"", ""0""]",0.99,464.36039099999994,,0.495,0.01,resolved,0x66d4bc5c1fbcb67d9b89a3d18d3763bd9a4bc0dac382d43bc61660fdda938b78,https://data.chain.link/streams/doge-usd-twap-60s-streams,0.0894309309241964,2026-09-08 09:15:52+00
eth-updown-15m-1788858000,ETH,"Ethereum Up or Down - September 8, 5:00AM-5:15AM ET",2026-09-08T09:15:00Z,2026-09-08T09:00:00Z,2476.230804583514,Up,"[""1"", ""0""]",0.99,2415.7052789999993,,0.4945,0.001,resolved,0xdd5f665779562e673a476e81c6adc8180daadc63c03ea6fe1be7133a2f44228d,https://data.chain.link/streams/eth-usd-twap-60s-streams,2479.9738101783073,2026-09-08 09:15:52+00
hype-updown-15m-1788858000,HYPE,"Hyperliquid Up or Down - September 8, 5:00AM-5:15AM ET",2026-09-08T09:15:00Z,2026-09-08T09:00:00Z,84.02016217962986,Up,"[""1"", ""0""]",0.97,262.840434,,0.49,0.01,resolved,0x34b51d86653ee5950d2da109e5b36de303770d27df22e677829c3dd4f30515bc,https://data.chain.link/streams/hype-usd-twap-60s-streams,84.12286986130053,2026-09-08 09:15:52+00
sol-updown-15m-1788858000,SOL,"Solana Up or Down - September 8, 5:00AM-5:15AM ET",2026-09-08T09:15:00Z,2026-09-08T09:00:00Z,102.98960275000344,Up,"[""1"", ""0""]",0.99,698.1037670000001,,0.49,0.01,resolved,0x6fdec724282b51d29eea3308fdaae419d5bd419c25f7a90705f573dfc8e25a6e,https://data.chain.link/streams/sol-usd-twap-60s-streams,103.16357285929304,2026-09-08 09:15:52+00
xrp-updown-15m-1788858000,XRP,"XRP Up or Down - September 8, 5:00AM-5:15AM ET",2026-09-08T09:15:00Z,2026-09-08T09:00:00Z,1.3893211291770602,Up,"[""1"", ""0""]",0.99,1252.523237,,0.49,0.01,resolved,0x66489d3a5875e709ac62ec635a982bc02babe7c2271afbd92fb2e214befef1bd,https://data.chain.link/streams/xrp-usd-twap-60s-streams,1.3917210072951558,2026-09-08 09:15:52+00
zec-updown-15m-1788858000,ZEC,"ZCash Up or Down - September 8, 5:00AM-5:15AM ET",2026-09-08T09:15:00Z,2026-09-08T09:00:00Z,1130.590221662379,Down,"[""0"", ""1""]",,,,-0.495,0.01,resolved,0x9c828ea6551691c5b345258e77def76915c86478bdbbd38cd6b94e110b8d2522,https://data.chain.link/streams/zec-usd-twap-60s-streams,1130.5480737292144,2026-09-08 09:15:52+00
bnb-updown-15m-1788858900,BNB,"BNB Up or Down - September 8, 5:15AM-5:30AM ET",2026-09-08T09:30:00Z,2026-09-08T09:15:00Z,754.9476702299467,Up,"[""1"", ""0""]",0.99,441.1481160000001,,0.49,0.01,resolved,0x3776d9cf86c224e30e225248302b4f83b660257b511ab86d9e34b09960dbb98f,https://data.chain.link/streams/bnb-usd-twap-60s-streams,755.4347213725732,2026-09-08 09:30:52+00
btc-updown-15m-1788858900,BTC,"Bitcoin Up or Down - September 8, 5:15AM-5:30AM ET",2026-09-08T09:30:00Z,2026-09-08T09:15:00Z,78462.12674541972,Down,"[""0"", ""1""]",0.02,25654.877576000003,,-0.5,0.01,resolved,0xba1c9514eef345b19d513551dac739969fb2dfe5b3b4e3ab53c693d7d5121913,https://data.chain.link/streams/btc-usd-twap-60s-streams,78450.73364565472,2026-09-08 09:30:52+00
doge-updown-15m-1788858900,DOGE,"Dogecoin Up or Down - September 8, 5:15AM-5:30AM ET",2026-09-08T09:30:00Z,2026-09-08T09:15:00Z,0.0894309309241964,Up,"[""1"", ""0""]",0.96,887.618358,,0.495,0.01,resolved,0xd1609802353e73312c7f3b5a3425fa53f33cf01ad4da553385c06079ab8edd12,https://data.chain.link/streams/doge-usd-twap-60s-streams,0.08946438365111499,2026-09-08 09:30:52+00
eth-updown-15m-1788858900,ETH,"Ethereum Up or Down - September 8, 5:15AM-5:30AM ET",2026-09-08T09:30:00Z,2026-09-08T09:15:00Z,2479.9738101783073,Up,"[""1"", ""0""]",0.99,2748.30598,,0.49,0.01,resolved,0x47776c3683d4c20dfa20e3090cb1441a17c11f5f9b11b71cce27b915fe5d47fb,https://data.chain.link/streams/eth-usd-twap-60s-streams,2480.4519453018875,2026-09-08 09:30:52+00
hype-updown-15m-1788858900,HYPE,"Hyperliquid Up or Down - September 8, 5:15AM-5:30AM ET",2026-09-08T09:30:00Z,2026-09-08T09:15:00Z,84.12286986130053,Down,"[""0"", ""1""]",0.22,458.597437,,-0.5,0.01,resolved,0x00743ba7b7d70de3021348004d8f16a5962372e2cefd14df018cfda5a7f07ff7,https://data.chain.link/streams/hype-usd-twap-60s-streams,84.00696018501873,2026-09-08 09:30:52+00
sol-updown-15m-1788858900,SOL,"Solana Up or Down - September 8, 5:15AM-5:30AM ET",2026-09-08T09:30:00Z,2026-09-08T09:15:00Z,103.16357285929304,Up,"[""1"", ""0""]",0.99,1200.7253199999998,,0.49,0.01,resolved,0xfabf889cec70825004e4a8f00975509e973c2ee2da13fd2ac82c26e2dc34c870,https://data.chain.link/streams/sol-usd-twap-60s-streams,103.2273324975871,2026-09-08 09:30:52+00
xrp-updown-15m-1788858900,XRP,"XRP Up or Down - September 8, 5:15AM-5:30AM ET",2026-09-08T09:30:00Z,2026-09-08T09:15:00Z,1.3917210072951558,Down,"[""0"", ""1""]",0.18,1152.301291,,-0.5,0.01,resolved,0x67577bb57d400f036c6e3122f5cc15ee1be2a59649ef07ec2cd4e63724795012,https://data.chain.link/streams/xrp-usd-twap-60s-streams,1.3914808920352675,2026-09-08 09:30:52+00
zec-updown-15m-1788858900,ZEC,"ZCash Up or Down - September 8, 5:15AM-5:30AM ET",2026-09-08T09:30:00Z,2026-09-08T09:15:00Z,1130.5480737292144,Up,"[""1"", ""0""]",,,,0.495,0.01,resolved,0x7898b3dcb75a0211ec15c09d614ac7ce1a9eceff97794509d83be7c0b4b022ad,https://data.chain.link/streams/zec-usd-twap-60s-streams,1131.0207633389289,2026-09-08 09:30:52+00
bnb-updown-15m-1788859800,BNB,"BNB Up or Down - September 8, 5:30AM-5:45AM ET",2026-09-08T09:45:00Z,2026-09-08T09:30:00Z,755.4347213725732,Up,"[""1"", ""0""]",0.99,691.4001949999999,,0.49,0.01,resolved,0x2543409bfc1d42c8e2cb65d27c1cbca9a6713e6fa505a42b3a4f73b8193fc74f,https://data.chain.link/streams/bnb-usd-twap-60s-streams,755.668931488665,2026-09-08 09:45:52+00
btc-updown-15m-1788859800,BTC,"Bitcoin Up or Down - September 8, 5:30AM-5:45AM ET",2026-09-08T09:45:00Z,2026-09-08T09:30:00Z,78450.73364565472,Up,"[""1"", ""0""]",0.999,16701.900396,,0.4945,0.001,resolved,0xb5feb4d5f31ed16fa44618e86eb6b6256ed9a5814e03c17eca2ec22afdd46ecb,https://data.chain.link/streams/btc-usd-twap-60s-streams,78720.38877782345,2026-09-08 09:45:52+00
doge-updown-15m-1788859800,DOGE,"Dogecoin Up or Down - September 8, 5:30AM-5:45AM ET",2026-09-08T09:45:00Z,2026-09-08T09:30:00Z,0.08946438365111499,Up,"[""1"", ""0""]",0.999,247.37641,,0.4995,0.001,resolved,0x0ee2059e0c46524566be9697e1f688089ea457c813aa05dd1296cd78d711e823,https://data.chain.link/streams/doge-usd-twap-60s-streams,0.09012970959852791,2026-09-08 09:45:52+00
eth-updown-15m-1788859800,ETH,"Ethereum Up or Down - September 8, 5:30AM-5:45AM ET",2026-09-08T09:45:00Z,2026-09-08T09:30:00Z,2480.4519453018875,Up,"[""1"", ""0""]",0.999,3109.965533,,0.4945,0.001,resolved,0x3641d5d54d967f37fd79c2b72d8ef83a2e48a93593b9288cb205af2b88cb1db3,https://data.chain.link/streams/eth-usd-twap-60s-streams,2492.4651143018127,2026-09-08 09:45:52+00
hype-updown-15m-1788859800,HYPE,"Hyperliquid Up or Down - September 8, 5:30AM-5:45AM ET",2026-09-08T09:45:00Z,2026-09-08T09:30:00Z,84.00696018501873,Up,"[""1"", ""0""]",0.999,75.50393799999999,,0.4945,0.001,resolved,0x93ff3d0ee2c79d689e0fc988de27e5f552b390153ddfe36db7319b00849c2627,https://data.chain.link/streams/hype-usd-twap-60s-streams,84.32082414021859,2026-09-08 09:45:52+00
sol-updown-15m-1788859800,SOL,"Solana Up or Down - September 8, 5:30AM-5:45AM ET",2026-09-08T09:45:00Z,2026-09-08T09:30:00Z,103.2273324975871,Up,"[""1"", ""0""]",0.999,952.7007080000001,,0.4945,0.001,resolved,0xbf7d0c3f754be5c1e2295423e950eb16e628f2dff951540c84f651ab82618934,https://data.chain.link/streams/sol-usd-twap-60s-streams,103.59489352592135,2026-09-08 09:45:52+00
xrp-updown-15m-1788859800,XRP,"XRP Up or Down - September 8, 5:30AM-5:45AM ET",2026-09-08T09:45:00Z,2026-09-08T09:30:00Z,1.3914808920352675,Up,"[""1"", ""0""]",0.999,558.0429220000001,,0.4945,0.001,resolved,0xf391a1ec218b11359b3bda307cbeca4cd5d55a167126c7779a931755fe3e4d16,https://data.chain.link/streams/xrp-usd-twap-60s-streams,1.3994511693469536,2026-09-08 09:45:52+00
zec-updown-15m-1788859800,ZEC,"ZCash Up or Down - September 8, 5:30AM-5:45AM ET",2026-09-08T09:45:00Z,2026-09-08T09:30:00Z,1131.0207633389289,Up,"[""1"", ""0""]",0.999,,,0.4995,0.001,resolved,0x961bc5a302159817dd83e53e9ea933e37f9b6168b0e1604e2c4e14ab8409379d,https://data.chain.link/streams/zec-usd-twap-60s-streams,1140.7766819506062,2026-09-08 09:45:52+00
bnb-updown-15m-1788860700,BNB,"BNB Up or Down - September 8, 5:45AM-6:00AM ET",2026-09-08T10:00:00Z,2026-09-08T09:45:00Z,755.668931488665,Down,"[""0"", ""1""]",0.1,202.81493700000001,,-0.5045,0.001,resolved,0x5900c029559265d2077f973672c4154aadac9143326a9b7a859d7c4376cd1458,https://data.chain.link/streams/bnb-usd-twap-60s-streams,754.6454092651088,2026-09-08 10:01:25+00
btc-updown-15m-1788860700,BTC,"Bitcoin Up or Down - September 8, 5:45AM-6:00AM ET",2026-09-08T10:00:00Z,2026-09-08T09:45:00Z,78720.38877782345,Up,"[""1"", ""0""]",0.99,26388.26762,,0.4945,0.001,resolved,0xc5ca99bcf7bcd7c0e2902ada7e213b5fdff32e7f851c38adfe38b5eae4f05971,https://data.chain.link/streams/btc-usd-twap-60s-streams,78732.01575553462,2026-09-08 10:01:25+00
doge-updown-15m-1788860700,DOGE,"Dogecoin Up or Down - September 8, 5:45AM-6:00AM ET",2026-09-08T10:00:00Z,2026-09-08T09:45:00Z,0.09012970959852791,Up,"[""1"", ""0""]",0.999,574.92806,,0.4995,0.001,resolved,0x5dc7a48fae6c1a8bafedfc455a4925a1b43803db3f38c097fe74455eb1c225b2,https://data.chain.link/streams/doge-usd-twap-60s-streams,0.09041555959286442,2026-09-08 10:01:25+00
eth-updown-15m-1788860700,ETH,"Ethereum Up or Down - September 8, 5:45AM-6:00AM ET",2026-09-08T10:00:00Z,2026-09-08T09:45:00Z,2492.4651143018127,Down,"[""0"", ""1""]",0.03,5474.907236,,-0.5045,0.001,resolved,0x3cb990161c51cb6fa63f9b30e502f9544294b0a8b90f7f88f12a4d49a2c3b456,https://data.chain.link/streams/eth-usd-twap-60s-streams,2491.106996758712,2026-09-08 10:01:25+00
hype-updown-15m-1788860700,HYPE,"Hyperliquid Up or Down - September 8, 5:45AM-6:00AM ET",2026-09-08T10:00:00Z,2026-09-08T09:45:00Z,84.32082414021859,Up,"[""1"", ""0""]",0.99,486.450102,,0.4945,0.001,resolved,0x75b502a5e04acfded983a8dd2e8b2aef892a127fd3adb54aee44b872f5c726e2,https://data.chain.link/streams/hype-usd-twap-60s-streams,84.36387987353422,2026-09-08 10:01:25+00
sol-updown-15m-1788860700,SOL,"Solana Up or Down - September 8, 5:45AM-6:00AM ET",2026-09-08T10:00:00Z,2026-09-08T09:45:00Z,103.59489352592135,Up,"[""1"", ""0""]",0.99,1603.4229449999998,,0.4945,0.001,resolved,0x53412b566812faeded5d782b110a418cd81ec0ac9b56c12f80d0055f3c469857,https://data.chain.link/streams/sol-usd-twap-60s-streams,103.66418893608841,2026-09-08 10:01:31+00
xrp-updown-15m-1788860700,XRP,"XRP Up or Down - September 8, 5:45AM-6:00AM ET",2026-09-08T10:00:00Z,2026-09-08T09:45:00Z,1.3994511693469536,Down,"[""0"", ""1""]",0.02,815.5280020000002,,-0.5045,0.001,resolved,0x3c79c899c347ed3f53b53f495c32615ee14713d108488b834bced81c2e0acdc5,https://data.chain.link/streams/xrp-usd-twap-60s-streams,1.3988804662138556,2026-09-08 10:01:25+00
zec-updown-15m-1788860700,ZEC,"ZCash Up or Down - September 8, 5:45AM-6:00AM ET",2026-09-08T10:00:00Z,2026-09-08T09:45:00Z,1140.7766819506062,Up,"[""1"", ""0""]",0.999,,,0.4995,0.001,resolved,0xa93d327c79db0c5117f4f5762dfb2d5d7f922fe45f770b4df85c1c311966f128,https://data.chain.link/streams/zec-usd-twap-60s-streams,1151.954895123792,2026-09-08 10:01:25+00
bnb-updown-15m-1788861600,BNB,"BNB Up or Down - September 8, 6:00AM-6:15AM ET",2026-09-08T10:15:00Z,2026-09-08T10:00:00Z,754.6454092651088,Up,"[""1"", ""0""]",0.97,549.7903049999999,,0.495,0.01,resolved,0xf9a895b636ed774fd0d8eb218ad84327251f18ec1515aac23a96bd527954812d,https://data.chain.link/streams/bnb-usd-twap-60s-streams,755.1388664176319,2026-09-08 10:15:52+00
btc-updown-15m-1788861600,BTC,"Bitcoin Up or Down - September 8, 6:00AM-6:15AM ET",2026-09-08T10:15:00Z,2026-09-08T10:00:00Z,78732.01575553462,Down,"[""0"", ""1""]",0.001,19524.493147000005,2788.5,-0.4995,0.001,resolved,0x24fd28af122c6d9aa0b20c5f6e6e156ebf157f630b6b27fb9012bc3db09fd4ed,https://data.chain.link/streams/btc-usd-twap-60s-streams,78704.43592050382,2026-09-08 10:15:52+00
doge-updown-15m-1788861600,DOGE,"Dogecoin Up or Down - September 8, 6:00AM-6:15AM ET",2026-09-08T10:15:00Z,2026-09-08T10:00:00Z,0.09041555959286442,Up,"[""1"", ""0""]",0.99,774.3013399999999,,0.495,0.01,resolved,0xcbb173a7b378cd3a620db13ab3a590afe2f36544356e11d12acbc87d7ede8aa2,https://data.chain.link/streams/doge-usd-twap-60s-streams,0.09052656099930154,2026-09-08 10:15:52+00
eth-updown-15m-1788861600,ETH,"Ethereum Up or Down - September 8, 6:00AM-6:15AM ET",2026-09-08T10:15:00Z,2026-09-08T10:00:00Z,2491.106996758712,Down,"[""0"", ""1""]",0.02,2054.182596,135.607844,-0.5045,0.001,resolved,0xd6586c4e14d3d65263336f53a37386b80c94b725e432a16f64ab8d8086665cb5,https://data.chain.link/streams/eth-usd-twap-60s-streams,2488.586430018557,2026-09-08 10:15:52+00
hype-updown-15m-1788861600,HYPE,"Hyperliquid Up or Down - September 8, 6:00AM-6:15AM ET",2026-09-08T10:15:00Z,2026-09-08T10:00:00Z,84.36387987353422,Down,"[""0"", ""1""]",0.05,139.25294799999998,,-0.4995,0.001,resolved,0xfd2bd556fc5629fdaa09975f269616c5de438d1b5796afc60de3d061806c34a7,https://data.chain.link/streams/hype-usd-twap-60s-streams,84.26238967275565,2026-09-08 10:15:52+00
sol-updown-15m-1788861600,SOL,"Solana Up or Down - September 8, 6:00AM-6:15AM ET",2026-09-08T10:15:00Z,2026-09-08T10:00:00Z,103.66418893608841,Down,"[""0"", ""1""]",0.01,2246.0826669999997,19.326922,-0.49,0.01,resolved,0x34fa869fa43af014f796b1e6cef30e773a42c4e0ec7e6e020e9e10d0501fb2f4,https://data.chain.link/streams/sol-usd-twap-60s-streams,103.63131845036769,2026-09-08 10:15:52+00
xrp-updown-15m-1788861600,XRP,"XRP Up or Down - September 8, 6:00AM-6:15AM ET",2026-09-08T10:15:00Z,2026-09-08T10:00:00Z,1.3988804662138556,Down,"[""0"", ""1""]",0.07,539.481666,19.607844,-0.5045,0.001,resolved,0x4542edd755b2a14165fbdbf0f2faa80b8db0feef7bb1b65201c8172de26db443,https://data.chain.link/streams/xrp-usd-twap-60s-streams,1.3974825379020293,2026-09-08 10:15:52+00
zec-updown-15m-1788861600,ZEC,"ZCash Up or Down - September 8, 6:00AM-6:15AM ET",2026-09-08T10:15:00Z,2026-09-08T10:00:00Z,1151.954895123792,Down,"[""0"", ""1""]",,28.0303,,-0.495,0.01,resolved,0xc80cce609282058864935e421d5432320d276f8a8807cecef98812bf81ecf438,https://data.chain.link/streams/zec-usd-twap-60s-streams,1151.7441835602845,2026-09-08 10:15:52+00
bnb-updown-15m-1788862500,BNB,"BNB Up or Down - September 8, 6:15AM-6:30AM ET",2026-09-08T10:30:00Z,2026-09-08T10:15:00Z,755.1388664176319,Up,"[""1"", ""0""]",0.999,171.395625,,0.4945,0.001,resolved,0x93565ee90acd375da9ecaaeee4745a1375c8771a78d969ecaa0b416731277e20,https://data.chain.link/streams/bnb-usd-twap-60s-streams,756.9284551131569,2026-09-08 10:31:25+00
btc-updown-15m-1788862500,BTC,"Bitcoin Up or Down - September 8, 6:15AM-6:30AM ET",2026-09-08T10:30:00Z,2026-09-08T10:15:00Z,78704.43592050382,Up,"[""1"", ""0""]",0.999,21304.086251000004,36.352942,0.4945,0.001,resolved,0x6ebe67b5bf0767bf8326ac333d6a9a9b9a6fb02f3459facb926416538dc04b90,https://data.chain.link/streams/btc-usd-twap-60s-streams,78808.63913160507,2026-09-08 10:31:25+00
doge-updown-15m-1788862500,DOGE,"Dogecoin Up or Down - September 8, 6:15AM-6:30AM ET",2026-09-08T10:30:00Z,2026-09-08T10:15:00Z,0.09052656099930154,Up,"[""1"", ""0""]",0.99,651.0888530000001,,0.4995,0.001,resolved,0xce46f94cbd1300c76ca0504e2dcde76cbdf3438edc10509dbb88757e994775f5,https://data.chain.link/streams/doge-usd-twap-60s-streams,0.0907204300491582,2026-09-08 10:31:25+00
eth-updown-15m-1788862500,ETH,"Ethereum Up or Down - September 8, 6:15AM-6:30AM ET",2026-09-08T10:30:00Z,2026-09-08T10:15:00Z,2488.586430018557,Up,"[""1"", ""0""]",0.999,4575.629796999999,,0.4945,0.001,resolved,0x80f649633f25279b7dc1384df1d27481bee11b92afdbdf7f562110c5b4dafc73,https://data.chain.link/streams/eth-usd-twap-60s-streams,2491.2288993616266,2026-09-08 10:31:25+00
hype-updown-15m-1788862500,HYPE,"Hyperliquid Up or Down - September 8, 6:15AM-6:30AM ET",2026-09-08T10:30:00Z,2026-09-08T10:15:00Z,84.26238967275565,Up,"[""1"", ""0""]",0.999,494.92890199999994,,0.4945,0.001,resolved,0x1f9f07e2f411fb7c6792ee32c93b885d9be4385c83f942f1a3627227384da692,https://data.chain.link/streams/hype-usd-twap-60s-streams,84.27098972999197,2026-09-08 10:31:25+00
sol-updown-15m-1788862500,SOL,"Solana Up or Down - September 8, 6:15AM-6:30AM ET",2026-09-08T10:30:00Z,2026-09-08T10:15:00Z,103.63131845036769,Up,"[""1"", ""0""]",0.999,2505.3103700000006,,0.4945,0.001,resolved,0x8cec9809e7ac8d1471e8bdd8e09030369fc748ac5199b041088f8bc717dbf1fa,https://data.chain.link/streams/sol-usd-twap-60s-streams,103.7431900729786,2026-09-08 10:31:25+00
xrp-updown-15m-1788862500,XRP,"XRP Up or Down - September 8, 6:15AM-6:30AM ET",2026-09-08T10:30:00Z,2026-09-08T10:15:00Z,1.3974825379020293,Up,"[""1"", ""0""]",0.99,852.8457379999999,,0.4945,0.001,resolved,0x6f231b1d36a0d932ca8fce807951e067f84857180b3a72fe70a8e0304fce7923,https://data.chain.link/streams/xrp-usd-twap-60s-streams,1.3998624199475171,2026-09-08 10:31:25+00
zec-updown-15m-1788862500,ZEC,"ZCash Up or Down - September 8, 6:15AM-6:30AM ET",2026-09-08T10:30:00Z,2026-09-08T10:15:00Z,1151.7441835602845,Up,"[""1"", ""0""]",,,,0.495,0.01,resolved,0x19ed72830b01d1899be69dbfc2d3acdf530978cdf0a45cd0ab47c86efbd3d94d,https://data.chain.link/streams/zec-usd-twap-60s-streams,1154.7967195116626,2026-09-08 10:31:25+00
bnb-updown-15m-1788863400,BNB,"BNB Up or Down - September 8, 6:30AM-6:45AM ET",2026-09-08T10:45:00Z,2026-09-08T10:30:00Z,756.9284551131569,Down,"[""0"", ""1""]",0.01,1020.9573700000001,,-0.5,0.01,resolved,0x3bfb606493750f51816ef5941e6f0fc47dda20f36f2bea509af335d4632659e0,https://data.chain.link/streams/bnb-usd-twap-60s-streams,756.802451403759,2026-09-08 10:45:52+00
btc-updown-15m-1788863400,BTC,"Bitcoin Up or Down - September 8, 6:30AM-6:45AM ET",2026-09-08T10:45:00Z,2026-09-08T10:30:00Z,78808.63913160507,Down,"[""0"", ""1""]",0.001,17051.862208,,-0.5045,0.001,resolved,0x3c97cc80688361aed93acb258419490c6bfdbc026e7beeb8d919cd7eb9a583bf,https://data.chain.link/streams/btc-usd-twap-60s-streams,78638.71601878847,2026-09-08 10:45:52+00
doge-updown-15m-1788863400,DOGE,"Dogecoin Up or Down - September 8, 6:30AM-6:45AM ET",2026-09-08T10:45:00Z,2026-09-08T10:30:00Z,0.0907204300491582,Down,"[""0"", ""1""]",0.1,817.3261850000001,,-0.4995,0.001,resolved,0x4e880867b559c0dd031be7b2f0d6eeff77e5757fa19b88543455cbc4f8e25265,https://data.chain.link/streams/doge-usd-twap-60s-streams,0.09039355183330101,2026-09-08 10:45:52+00
eth-updown-15m-1788863400,ETH,"Ethereum Up or Down - September 8, 6:30AM-6:45AM ET",2026-09-08T10:45:00Z,2026-09-08T10:30:00Z,2491.2288993616266,Down,"[""0"", ""1""]",0.001,2196.760916,,-0.5045,0.001,resolved,0x24f3aea5d2bb8ccee245de25172861c4d15b04e8c5e2c1b4d4174ba149844221,https://data.chain.link/streams/eth-usd-twap-60s-streams,2483.382258543969,2026-09-08 10:45:52+00
hype-updown-15m-1788863400,HYPE,"Hyperliquid Up or Down - September 8, 6:30AM-6:45AM ET",2026-09-08T10:45:00Z,2026-09-08T10:30:00Z,84.27098972999197,Down,"[""0"", ""1""]",0.03,285.282889,,-0.5045,0.001,resolved,0xb26ef64d27ea05e1609aedf4d64d969d888dad89aa7cfd1d58fce54655380e63,https://data.chain.link/streams/hype-usd-twap-60s-streams,83.90648061581864,2026-09-08 10:45:52+00
sol-updown-15m-1788863400,SOL,"Solana Up or Down - September 8, 6:30AM-6:45AM ET",2026-09-08T10:45:00Z,2026-09-08T10:30:00Z,103.7431900729786,Down,"[""0"", ""1""]",0.03,535.34371,,-0.5045,0.001,resolved,0xe8eed3848f452e6a02fe17493820c2b1109f40f03a235f74aeac62df8057b5ae,https://data.chain.link/streams/sol-usd-twap-60s-streams,103.4323040444899,2026-09-08 10:45:52+00
xrp-updown-15m-1788863400,XRP,"XRP Up or Down - September 8, 6:30AM-6:45AM ET",2026-09-08T10:45:00Z,2026-09-08T10:30:00Z,1.3998624199475171,Down,"[""0"", ""1""]",0.01,809.7503780000001,,-0.5,0.01,resolved,0x730bc9121ce4dfbf39d12fd5d06bbe87caad7964a43121385ef7955cf2b9e979,https://data.chain.link/streams/xrp-usd-twap-60s-streams,1.398934462805643,2026-09-08 10:45:52+00
zec-updown-15m-1788863400,ZEC,"ZCash Up or Down - September 8, 6:30AM-6:45AM ET",2026-09-08T10:45:00Z,2026-09-08T10:30:00Z,1154.7967195116626,Down,"[""0"", ""1""]",,,,-0.495,0.01,resolved,0x6dfadb8a6c4826e5bd3952b9cb01d10f1de0e4c854cd8343e7174c021a796ec2,https://data.chain.link/streams/zec-usd-twap-60s-streams,1148.5054258120376,2026-09-08 10:45:52+00
bnb-updown-15m-1788864300,BNB,"BNB Up or Down - September 8, 6:45AM-7:00AM ET",2026-09-08T11:00:00Z,2026-09-08T10:45:00Z,756.802451403759,Down,"[""0"", ""1""]",0.1,531.9583129999999,,-0.5,0.01,resolved,0xda61eb3e3fef1a2701886fafa1c1dd1771b4b500dd2568558e125bd72ffc3b31,https://data.chain.link/streams/bnb-usd-twap-60s-streams,755.8958792053456,2026-09-08 11:00:52+00
btc-updown-15m-1788864300,BTC,"Bitcoin Up or Down - September 8, 6:45AM-7:00AM ET",2026-09-08T11:00:00Z,2026-09-08T10:45:00Z,78638.71601878847,Down,"[""0"", ""1""]",0.01,24617.652398000002,,-0.5045,0.001,resolved,0x46bca111e8ce383fa2c8174d1f273846f344ce61ba6a6ce8e5cae2c2c6c98b3c,https://data.chain.link/streams/btc-usd-twap-60s-streams,78555.11539767368,2026-09-08 11:00:52+00
doge-updown-15m-1788864300,DOGE,"Dogecoin Up or Down - September 8, 6:45AM-7:00AM ET",2026-09-08T11:00:00Z,2026-09-08T10:45:00Z,0.09039355183330101,Down,"[""0"", ""1""]",0.03,383.551875,,-0.4995,0.001,resolved,0xeaeddb93b98f0f675af791cfa82a87f9d872039bfa5842dea9015fbf43d79a59,https://data.chain.link/streams/doge-usd-twap-60s-streams,0.09012885812535457,2026-09-08 11:00:52+00
eth-updown-15m-1788864300,ETH,"Ethereum Up or Down - September 8, 6:45AM-7:00AM ET",2026-09-08T11:00:00Z,2026-09-08T10:45:00Z,2483.382258543969,Down,"[""0"", ""1""]",0.02,3707.6899789999993,,-0.5,0.01,resolved,0x427f5055049963022c8bc1e796c5ab1526aa56f4700c12ac1ea6324e188500b7,https://data.chain.link/streams/eth-usd-twap-60s-streams,2481.030037019246,2026-09-08 11:00:52+00
hype-updown-15m-1788864300,HYPE,"Hyperliquid Up or Down - September 8, 6:45AM-7:00AM ET",2026-09-08T11:00:00Z,2026-09-08T10:45:00Z,83.90648061581864,Down,"[""0"", ""1""]",0.06,159.286134,,-0.4995,0.009,resolved,0x8691d838c68bd364202a0408f72c30ff7fc3424243167f06b69b76ee40cae872,https://data.chain.link/streams/hype-usd-twap-60s-streams,83.75931719603727,2026-09-08 11:00:52+00
sol-updown-15m-1788864300,SOL,"Solana Up or Down - September 8, 6:45AM-7:00AM ET",2026-09-08T11:00:00Z,2026-09-08T10:45:00Z,103.4323040444899,Down,"[""0"", ""1""]",0.11,1073.463458,,-0.5,0.01,resolved,0xaa31670214bb12e08416e25f54b359f1e8ea26a2efa7855e05e3b36a26e1b912,https://data.chain.link/streams/sol-usd-twap-60s-streams,103.36411919105666,2026-09-08 11:00:52+00
xrp-updown-15m-1788864300,XRP,"XRP Up or Down - September 8, 6:45AM-7:00AM ET",2026-09-08T11:00:00Z,2026-09-08T10:45:00Z,1.398934462805643,Down,"[""0"", ""1""]",0.15,303.63167599999997,,-0.5,0.01,resolved,0xf8b386fcef88ac9fdd8e676db88fec292ed3399cafe8727c64fd64a296d24482,https://data.chain.link/streams/xrp-usd-twap-60s-streams,1.3974995180730447,2026-09-08 11:00:52+00
zec-updown-15m-1788864300,ZEC,"ZCash Up or Down - September 8, 6:45AM-7:00AM ET",2026-09-08T11:00:00Z,2026-09-08T10:45:00Z,1148.5054258120376,Down,"[""0"", ""1""]",,,,-0.005,0.99,resolved,0x11a65a7be44475cf1df2c52dfdc637606ded81b5cae6b5e5e6c764f44a1e5925,https://data.chain.link/streams/zec-usd-twap-60s-streams,1147.6451407971513,2026-09-08 11:00:52+00
bnb-updown-15m-1788865200,BNB,"BNB Up or Down - September 8, 7:00AM-7:15AM ET",2026-09-08T11:15:00Z,2026-09-08T11:00:00Z,755.8958792053456,Down,"[""0"", ""1""]",0.01,568.51524,,-0.5045,0.001,resolved,0x9600721bc66372d133d220efe7b37ac19ad1e3d738c6b28f87d71403b4894c4d,https://data.chain.link/streams/bnb-usd-twap-60s-streams,752.3327514205987,2026-09-08 11:16:25+00
btc-updown-15m-1788865200,BTC,"Bitcoin Up or Down - September 8, 7:00AM-7:15AM ET",2026-09-08T11:15:00Z,2026-09-08T11:00:00Z,78555.11539767368,Down,"[""0"", ""1""]",0.001,18877.925453000003,2754.901961,-0.5045,0.001,resolved,0x8bbafecc851171f9ee441ec3c976b83ae749b20a58c20fa4b027cbe985a1976d,https://data.chain.link/streams/btc-usd-twap-60s-streams,78275.94436128112,2026-09-08 11:16:25+00
doge-updown-15m-1788865200,DOGE,"Dogecoin Up or Down - September 8, 7:00AM-7:15AM ET",2026-09-08T11:15:00Z,2026-09-08T11:00:00Z,0.09012885812535457,Down,"[""0"", ""1""]",0.1,324.000359,,-0.4995,0.001,resolved,0x0a69a16b1a19c39b723647cd0a141b2d11cc66d41ef8678145023825d345fefb,https://data.chain.link/streams/doge-usd-twap-60s-streams,0.0894301011878634,2026-09-08 11:16:27+00
eth-updown-15m-1788865200,ETH,"Ethereum Up or Down - September 8, 7:00AM-7:15AM ET",2026-09-08T11:15:00Z,2026-09-08T11:00:00Z,2481.030037019246,Down,"[""0"", ""1""]",0.06,4219.301507,,-0.5045,0.001,resolved,0x296f98db856f62e8a2fd0477c03b26437782b4dacc85ba9b0e620a82c81ca607,https://data.chain.link/streams/eth-usd-twap-60s-streams,2471.3864645934664,2026-09-08 11:16:27+00
hype-updown-15m-1788865200,HYPE,"Hyperliquid Up or Down - September 8, 7:00AM-7:15AM ET",2026-09-08T11:15:00Z,2026-09-08T11:00:00Z,83.75931719603727,Down,"[""0"", ""1""]",0.06,507.108423,,-0.5045,0.001,resolved,0xa88abd1b8f21b243af64ab26ce4af76756f6dbdc35c06d6c810ff2d27300a21d,https://data.chain.link/streams/hype-usd-twap-60s-streams,83.4612511163705,2026-09-08 11:16:25+00
sol-updown-15m-1788865200,SOL,"Solana Up or Down - September 8, 7:00AM-7:15AM ET",2026-09-08T11:15:00Z,2026-09-08T11:00:00Z,103.36411919105666,Down,"[""0"", ""1""]",0.002,2136.2818460000008,,-0.5045,0.001,resolved,0xeba1cef21545c2583bf66df058b24f79d0b01bf366f87da91cc80bbfbbfc1409,https://data.chain.link/streams/sol-usd-twap-60s-streams,102.79427871524526,2026-09-08 11:16:25+00
xrp-updown-15m-1788865200,XRP,"XRP Up or Down - September 8, 7:00AM-7:15AM ET",2026-09-08T11:15:00Z,2026-09-08T11:00:00Z,1.3974995180730447,Down,"[""0"", ""1""]",0.01,796.573859,,-0.5045,0.001,resolved,0x0b885f6b2f8c13f7beea680c4850bcb421d47f30d2d0ae598ead26ff4ada2753,https://data.chain.link/streams/xrp-usd-twap-60s-streams,1.390262726408258,2026-09-08 11:16:25+00
zec-updown-15m-1788865200,ZEC,"ZCash Up or Down - September 8, 7:00AM-7:15AM ET",2026-09-08T11:15:00Z,2026-09-08T11:00:00Z,1147.6451407971513,Up,"[""1"", ""0""]",,,,0.495,0.01,resolved,0xe266924a63d58829ab46719e07ff544818a46b3527aff483cca1a46c5916434e,https://data.chain.link/streams/zec-usd-twap-60s-streams,1151.133030768785,2026-09-08 11:16:25+00
bnb-updown-15m-1788866100,BNB,"BNB Up or Down - September 8, 7:15AM-7:30AM ET",2026-09-08T11:30:00Z,2026-09-08T11:15:00Z,752.3327514205987,Up,"[""1"", ""0""]",0.999,233.54192500000002,,0.4945,0.001,resolved,0x63650f225a7728a1e8d761b20ee8ce5bb22a611fa8eeecc409ac4844c88b16bc,https://data.chain.link/streams/bnb-usd-twap-60s-streams,753.636931490199,2026-09-08 11:31:25+00
btc-updown-15m-1788866100,BTC,"Bitcoin Up or Down - September 8, 7:15AM-7:30AM ET",2026-09-08T11:30:00Z,2026-09-08T11:15:00Z,78275.94436128112,Up,"[""1"", ""0""]",0.999,19889.775815,,0.4945,0.001,resolved,0xfeb4aa69acfe24ba31246edbfc28b6c356442b6937fd99c343931e611aec8817,https://data.chain.link/streams/btc-usd-twap-60s-streams,78425.07323959783,2026-09-08 11:31:25+00
doge-updown-15m-1788866100,DOGE,"Dogecoin Up or Down - September 8, 7:15AM-7:30AM ET",2026-09-08T11:30:00Z,2026-09-08T11:15:00Z,0.0894301011878634,Up,"[""1"", ""0""]",0.999,575.2709030000001,,0.4995,0.001,resolved,0x032435cd7978cba2a50d8794f07af9d0c5aae08c70e2c54526401e09171701a6,https://data.chain.link/streams/doge-usd-twap-60s-streams,0.08957189525996123,2026-09-08 11:31:25+00
eth-updown-15m-1788866100,ETH,"Ethereum Up or Down - September 8, 7:15AM-7:30AM ET",2026-09-08T11:30:00Z,2026-09-08T11:15:00Z,2471.3864645934664,Up,"[""1"", ""0""]",0.999,4837.479820999998,,0.4945,0.001,resolved,0x866792d80c1f04fad5f533db7c5cc5d41e4dd686a9ef55c9bbb3256cca4f1683,https://data.chain.link/streams/eth-usd-twap-60s-streams,2474.270357112056,2026-09-08 11:31:25+00
hype-updown-15m-1788866100,HYPE,"Hyperliquid Up or Down - September 8, 7:15AM-7:30AM ET",2026-09-08T11:30:00Z,2026-09-08T11:15:00Z,83.4612511163705,Up,"[""1"", ""0""]",0.99,326.81307100000004,,0.4945,0.001,resolved,0xd521c601264e1af0913b8ea881208936cff1b1ddc8ba201736ba113348f21ac6,https://data.chain.link/streams/hype-usd-twap-60s-streams,83.49649811120283,2026-09-08 11:31:25+00
sol-updown-15m-1788866100,SOL,"Solana Up or Down - September 8, 7:15AM-7:30AM ET",2026-09-08T11:30:00Z,2026-09-08T11:15:00Z,102.79427871524526,Up,"[""1"", ""0""]",0.999,840.1202,,0.4945,0.001,resolved,0xca2495455bf0703f239263c59e663b62633e8f5efbad7dadd038be6b0663fe0a,https://data.chain.link/streams/sol-usd-twap-60s-streams,102.94499253143216,2026-09-08 11:31:25+00
xrp-updown-15m-1788866100,XRP,"XRP Up or Down - September 8, 7:15AM-7:30AM ET",2026-09-08T11:30:00Z,2026-09-08T11:15:00Z,1.390262726408258,Up,"[""1"", ""0""]",0.999,507.7175760000001,,0.4945,0.001,resolved,0x5e54f2fd8475da78a566021f32a76f7c5208dc66f398b8f95789669cab05d4fd,https://data.chain.link/streams/xrp-usd-twap-60s-streams,1.393751530768438,2026-09-08 11:31:25+00
zec-updown-15m-1788866100,ZEC,"ZCash Up or Down - September 8, 7:15AM-7:30AM ET",2026-09-08T11:30:00Z,2026-09-08T11:15:00Z,1151.133030768785,Up,"[""1"", ""0""]",,,,0.4995,0.001,resolved,0xd8f7fcaeb1e682a6559b5dd5c3f529965d91def5c93a2be4a1101fc6dc554add,https://data.chain.link/streams/zec-usd-twap-60s-streams,1154.0568133367951,2026-09-08 11:31:25+00
bnb-updown-15m-1788867000,BNB,"BNB Up or Down - September 8, 7:30AM-7:45AM ET",2026-09-08T11:45:00Z,2026-09-08T11:30:00Z,753.636931490199,Down,"[""0"", ""1""]",0.06,398.41997100000003,,-0.4995,0.001,resolved,0x5b089056c3cac07a89b31d4943a63be605028895e443a4cbf7971641cd402f8a,https://data.chain.link/streams/bnb-usd-twap-60s-streams,751.5661624713254,2026-09-08 11:45:52+00
btc-updown-15m-1788867000,BTC,"Bitcoin Up or Down - September 8, 7:30AM-7:45AM ET",2026-09-08T11:45:00Z,2026-09-08T11:30:00Z,78425.07323959783,Down,"[""0"", ""1""]",0.01,30050.00426700001,,-0.5,0.01,resolved,0xc5736d80404363f96b90a49ad67bfe7079d18f850753253c3b2efd6edddf5334,https://data.chain.link/streams/btc-usd-twap-60s-streams,78421.3052680755,2026-09-08 11:45:52+00
doge-updown-15m-1788867000,DOGE,"Dogecoin Up or Down - September 8, 7:30AM-7:45AM ET",2026-09-08T11:45:00Z,2026-09-08T11:30:00Z,0.08957189525996123,Up,"[""1"", ""0""]",0.99,509.9059189999999,,0.4995,0.001,resolved,0x454a46fe2bdd950a88319cd0776d2c07c0396aeb44d3cf23e75b2059c43753c4,https://data.chain.link/streams/doge-usd-twap-60s-streams,0.08963693625638441,2026-09-08 11:45:52+00
eth-updown-15m-1788867000,ETH,"Ethereum Up or Down - September 8, 7:30AM-7:45AM ET",2026-09-08T11:45:00Z,2026-09-08T11:30:00Z,2474.270357112056,Up,"[""1"", ""0""]",0.99,6119.268112000002,,0.49,0.01,resolved,0x8546aad919c6fbbf76cbff7e5136cc265b20932fcf33f2006405f941961f8cf3,https://data.chain.link/streams/eth-usd-twap-60s-streams,2474.324631583438,2026-09-08 11:45:52+00
hype-updown-15m-1788867000,HYPE,"Hyperliquid Up or Down - September 8, 7:30AM-7:45AM ET",2026-09-08T11:45:00Z,2026-09-08T11:30:00Z,83.49649811120283,Down,"[""0"", ""1""]",0.06,756.111342,,-0.5,0.01,resolved,0x034ab2be49913a813b3d109a301e91d7a6c74786a084a2c45e68bb92801493ab,https://data.chain.link/streams/hype-usd-twap-60s-streams,83.39184752876731,2026-09-08 11:45:52+00
sol-updown-15m-1788867000,SOL,"Solana Up or Down - September 8, 7:30AM-7:45AM ET",2026-09-08T11:45:00Z,2026-09-08T11:30:00Z,102.94499253143216,Down,"[""0"", ""1""]",0.04,2003.9810129999998,,-0.495,0.01,resolved,0xaf8ddff476c0374b1754c49b05834e7190d8921b67518d3d26431369b1b60860,https://data.chain.link/streams/sol-usd-twap-60s-streams,102.91411810606454,2026-09-08 11:45:52+00
xrp-updown-15m-1788867000,XRP,"XRP Up or Down - September 8, 7:30AM-7:45AM ET",2026-09-08T11:45:00Z,2026-09-08T11:30:00Z,1.393751530768438,Up,"[""1"", ""0""]",0.99,1224.4894600000002,,0.4945,0.001,resolved,0xdde02d604dfd156f29d1653db85e3428e3a9d33e00161d0fecb624947c537eda,https://data.chain.link/streams/xrp-usd-twap-60s-streams,1.3950785729633357,2026-09-08 11:45:52+00
zec-updown-15m-1788867000,ZEC,"ZCash Up or Down - September 8, 7:30AM-7:45AM ET",2026-09-08T11:45:00Z,2026-09-08T11:30:00Z,1154.0568133367951,Up,"[""1"", ""0""]",0.95,,,0.495,0.01,resolved,0x09b0a28848c2ef7a8b64a5062d128b3618d0741459c60e86f64aaa5894709a36,https://data.chain.link/streams/zec-usd-twap-60s-streams,1168.6199875246384,2026-09-08 11:45:51+00
bnb-updown-15m-1788867900,BNB,"BNB Up or Down - September 8, 7:45AM-8:00AM ET",2026-09-08T12:00:00Z,2026-09-08T11:45:00Z,751.5661624713254,Up,"[""1"", ""0""]",0.99,521.8237740000001,,0.49,0.01,resolved,0xc8e706a45c9acc0d1d1c7b4da65e665f241276a96f788b4e8281aac95231e072,https://data.chain.link/streams/bnb-usd-twap-60s-streams,752.3103941472427,2026-09-08 12:00:52+00
btc-updown-15m-1788867900,BTC,"Bitcoin Up or Down - September 8, 7:45AM-8:00AM ET",2026-09-08T12:00:00Z,2026-09-08T11:45:00Z,78421.3052680755,Down,"[""0"", ""1""]",0.01,38283.86683800001,,-0.5,0.01,resolved,0x5e6a36003e036614ba19ede3f7dc0f4bfc9fb1ad5d04cc68c0308e8d3c13a2be,https://data.chain.link/streams/btc-usd-twap-60s-streams,78412.10093266836,2026-09-08 12:00:52+00
doge-updown-15m-1788867900,DOGE,"Dogecoin Up or Down - September 8, 7:45AM-8:00AM ET",2026-09-08T12:00:00Z,2026-09-08T11:45:00Z,0.08963693625638441,Down,"[""0"", ""1""]",0.09,499.33731000000006,,-0.4995,0.001,resolved,0xb2e304275a7d0c170517c99d3d18f815ac838fc3d217b81194cbafb8721db022,https://data.chain.link/streams/doge-usd-twap-60s-streams,0.08953747610982501,2026-09-08 12:00:52+00
eth-updown-15m-1788867900,ETH,"Ethereum Up or Down - September 8, 7:45AM-8:00AM ET",2026-09-08T12:00:00Z,2026-09-08T11:45:00Z,2474.324631583438,Down,"[""0"", ""1""]",0.01,6929.587805999999,,-0.5,0.01,resolved,0x9c17222ddbc6f5b76bd49d0ff7d4c9e29bd41710192c086185039e5096c0fa18,https://data.chain.link/streams/eth-usd-twap-60s-streams,2474.02049924613,2026-09-08 12:00:52+00
hype-updown-15m-1788867900,HYPE,"Hyperliquid Up or Down - September 8, 7:45AM-8:00AM ET",2026-09-08T12:00:00Z,2026-09-08T11:45:00Z,83.39184752876731,Down,"[""0"", ""1""]",0.1,221.96705099999997,,-0.5045,0.001,resolved,0xb4dd7481492becde14a2aed41f8c4ec3956ac4c113fcd3072eeb4fb406b24aad,https://data.chain.link/streams/hype-usd-twap-60s-streams,83.18867737301089,2026-09-08 12:00:52+00
sol-updown-15m-1788867900,SOL,"Solana Up or Down - September 8, 7:45AM-8:00AM ET",2026-09-08T12:00:00Z,2026-09-08T11:45:00Z,102.91411810606454,Down,"[""0"", ""1""]",0.001,2870.377507,,-0.5045,0.001,resolved,0x1952fc7ad237352b7bb54719a553608dc4f447979687b3a17d0e4a89760ee741,https://data.chain.link/streams/sol-usd-twap-60s-streams,102.83168403750187,2026-09-08 12:00:52+00
xrp-updown-15m-1788867900,XRP,"XRP Up or Down - September 8, 7:45AM-8:00AM ET",2026-09-08T12:00:00Z,2026-09-08T11:45:00Z,1.3950785729633357,Down,"[""0"", ""1""]",0.01,1190.065239,,-0.5045,0.001,resolved,0xa0930e2ec5b860ce9141e820baebdaa0f40726a950a98db8ffa054493fc78b50,https://data.chain.link/streams/xrp-usd-twap-60s-streams,1.3942099892905968,2026-09-08 12:00:52+00
zec-updown-15m-1788867900,ZEC,"ZCash Up or Down - September 8, 7:45AM-8:00AM ET",2026-09-08T12:00:00Z,2026-09-08T11:45:00Z,1168.6199875246384,Down,"[""0"", ""1""]",,35,,-0.4945,0.009,resolved,0x451212fc41e71e9b951798e489d6dce1d4e9d6efbe1f3565996acb0bff806e9a,https://data.chain.link/streams/zec-usd-twap-60s-streams,1157.8930107001586,2026-09-08 12:00:52+00
bnb-updown-15m-1788868800,BNB,"BNB Up or Down - September 8, 8:00AM-8:15AM ET",2026-09-08T12:15:00Z,2026-09-08T12:00:00Z,752.3103941472427,Down,"[""0"", ""1""]",0.1,145.370529,,-0.5045,0.001,resolved,0xa66247123c581bd0bfae86432740ffe0ad55e65e1cd6bca075ba7660515f257a,https://data.chain.link/streams/bnb-usd-twap-60s-streams,750.2192452884659,2026-09-08 12:16:25+00
btc-updown-15m-1788868800,BTC,"Bitcoin Up or Down - September 8, 8:00AM-8:15AM ET",2026-09-08T12:15:00Z,2026-09-08T12:00:00Z,78412.10093266836,Down,"[""0"", ""1""]",0.01,17384.709127,2758.941961,-0.5045,0.001,resolved,0x1b1988de71cd0cf1f584bdb34a00fe4a9d6172690e1c9f2370cb716c396f7520,https://data.chain.link/streams/btc-usd-twap-60s-streams,78197.51612400987,2026-09-08 12:16:25+00
doge-updown-15m-1788868800,DOGE,"Dogecoin Up or Down - September 8, 8:00AM-8:15AM ET",2026-09-08T12:15:00Z,2026-09-08T12:00:00Z,0.08953747610982501,Down,"[""0"", ""1""]",0.01,192.874263,,-0.4995,0.001,resolved,0xab569519532f2d589bdb5c17da0230970fa734913ebcbcb9a3ce105973a00300,https://data.chain.link/streams/doge-usd-twap-60s-streams,0.08874213529487017,2026-09-08 12:16:25+00
eth-updown-15m-1788868800,ETH,"Ethereum Up or Down - September 8, 8:00AM-8:15AM ET",2026-09-08T12:15:00Z,2026-09-08T12:00:00Z,2474.02049924613,Down,"[""0"", ""1""]",0.07,3826.0246270000002,,-0.5045,0.001,resolved,0x3be7af5d1d41f2b9bc54a510b6879e383c359a570bb0c0cc90f70f04fe7c205b,https://data.chain.link/streams/eth-usd-twap-60s-streams,2468.8812286867123,2026-09-08 12:16:25+00
hype-updown-15m-1788868800,HYPE,"Hyperliquid Up or Down - September 8, 8:00AM-8:15AM ET",2026-09-08T12:15:00Z,2026-09-08T12:00:00Z,83.18867737301089,Down,"[""0"", ""1""]",0.1,425.0701729999999,,-0.5045,0.001,resolved,0x19dc354c62214be82c767ef4d374a5f7c2d21b2aff54e7b4b1d9d5ab6b30b2df,https://data.chain.link/streams/hype-usd-twap-60s-streams,82.75698826461304,2026-09-08 12:16:25+00
sol-updown-15m-1788868800,SOL,"Solana Up or Down - September 8, 8:00AM-8:15AM ET",2026-09-08T12:15:00Z,2026-09-08T12:00:00Z,102.83168403750187,Down,"[""0"", ""1""]",0.16,935.324917,,-0.5045,0.001,resolved,0xaa3d170c901dc708d6c86d4a661149f9b45531f0d834e884a5caf4a9feeb0413,https://data.chain.link/streams/sol-usd-twap-60s-streams,102.50050759765044,2026-09-08 12:16:25+00
xrp-updown-15m-1788868800,XRP,"XRP Up or Down - September 8, 8:00AM-8:15AM ET",2026-09-08T12:15:00Z,2026-09-08T12:00:00Z,1.3942099892905968,Down,"[""0"", ""1""]",0.04,605.7089319999999,,-0.5045,0.001,resolved,0xa53ce8333b4f84007e4c57b6e5bed4f4d3bcab26f3bd7485afcfeffaeb2b7682,https://data.chain.link/streams/xrp-usd-twap-60s-streams,1.3878971778645133,2026-09-08 12:16:25+00
zec-updown-15m-1788868800,ZEC,"ZCash Up or Down - September 8, 8:00AM-8:15AM ET",2026-09-08T12:15:00Z,2026-09-08T12:00:00Z,1157.8930107001586,Down,"[""0"", ""1""]",,,,-0.495,0.01,resolved,0x51664433f439cf1d562e220e9247942a35dfee465f4bb55929aced25a61ea5ab,https://data.chain.link/streams/zec-usd-twap-60s-streams,1150.0371282293638,2026-09-08 12:16:25+00
bnb-updown-15m-1788869700,BNB,"BNB Up or Down - September 8, 8:15AM-8:30AM ET",2026-09-08T12:30:00Z,2026-09-08T12:15:00Z,750.2192452884659,Up,"[""1"", ""0""]",0.99,1882.8503879999996,,0.44,0.01,resolved,0xbe6dc620dfd5e6e1ccbf7e07e9d92f00f245ea107d42bce08107a4fe29a4de75,https://data.chain.link/streams/bnb-usd-twap-60s-streams,750.2769791360225,2026-09-08 12:30:52+00
btc-updown-15m-1788869700,BTC,"Bitcoin Up or Down - September 8, 8:15AM-8:30AM ET",2026-09-08T12:30:00Z,2026-09-08T12:15:00Z,78197.51612400987,Up,"[""1"", ""0""]",0.999,19315.922328,,0.4945,0.001,resolved,0x44e56aa8d33dc617e688f0adbac5479c4027027f6de95bba00b80c48e0fc3175,https://data.chain.link/streams/btc-usd-twap-60s-streams,78340.83301663477,2026-09-08 12:30:52+00
doge-updown-15m-1788869700,DOGE,"Dogecoin Up or Down - September 8, 8:15AM-8:30AM ET",2026-09-08T12:30:00Z,2026-09-08T12:15:00Z,0.08874213529487017,Up,"[""1"", ""0""]",0.99,211.195228,,0.4995,0.001,resolved,0xb8af8c0f366a6990ed67a4f3f24783b23f3eda1854745881b861fc4a04b3ea67,https://data.chain.link/streams/doge-usd-twap-60s-streams,0.08906450585809603,2026-09-08 12:30:52+00
eth-updown-15m-1788869700,ETH,"Ethereum Up or Down - September 8, 8:15AM-8:30AM ET",2026-09-08T12:30:00Z,2026-09-08T12:15:00Z,2468.8812286867123,Up,"[""1"", ""0""]",0.999,4726.670451000001,,0.4945,0.001,resolved,0xe2f5599543e15be3d6cffa3c6c89c855e50523f44aa04e3d50d59c418ee4d408,https://data.chain.link/streams/eth-usd-twap-60s-streams,2474.5010635099943,2026-09-08 12:30:52+00
hype-updown-15m-1788869700,HYPE,"Hyperliquid Up or Down - September 8, 8:15AM-8:30AM ET",2026-09-08T12:30:00Z,2026-09-08T12:15:00Z,82.75698826461304,Up,"[""1"", ""0""]",0.999,216.39227,,0.4945,0.001,resolved,0x5816484407cf0407cd77cdff6cde6c102837f37110c55864982c99463e434745,https://data.chain.link/streams/hype-usd-twap-60s-streams,83.01275178275286,2026-09-08 12:30:57+00
sol-updown-15m-1788869700,SOL,"Solana Up or Down - September 8, 8:15AM-8:30AM ET",2026-09-08T12:30:00Z,2026-09-08T12:15:00Z,102.50050759765044,Up,"[""1"", ""0""]",0.999,628.6985300000001,,0.4945,0.001,resolved,0xe40cdb0901ee7c61a9bcc83f7ae3443253c31b715f27fab78a00225c73c5b43a,https://data.chain.link/streams/sol-usd-twap-60s-streams,102.84216945091974,2026-09-08 12:30:52+00
xrp-updown-15m-1788869700,XRP,"XRP Up or Down - September 8, 8:15AM-8:30AM ET",2026-09-08T12:30:00Z,2026-09-08T12:15:00Z,1.3878971778645133,Up,"[""1"", ""0""]",0.999,364.8364390000001,,0.4945,0.001,resolved,0x22362947cac930d744f00782d489e16ac801bbe3631ca0893535d66d9a1e2415,https://data.chain.link/streams/xrp-usd-twap-60s-streams,1.3933128203344254,2026-09-08 12:30:52+00
zec-updown-15m-1788869700,ZEC,"ZCash Up or Down - September 8, 8:15AM-8:30AM ET",2026-09-08T12:30:00Z,2026-09-08T12:15:00Z,1150.0371282293638,Up,"[""1"", ""0""]",,,,0.4945,0.009,resolved,0x06d969a4593f9c8d794dc635126e4e9d89ca679977e27a719df286e0a6d58416,https://data.chain.link/streams/zec-usd-twap-60s-streams,1160.1289775858197,2026-09-08 12:30:52+00
bnb-updown-15m-1788870600,BNB,"BNB Up or Down - September 8, 8:30AM-8:45AM ET",2026-09-08T12:45:00Z,2026-09-08T12:30:00Z,750.2769791360225,Up,"[""1"", ""0""]",0.94,890.6499249999999,,0.49,0.01,resolved,0x67ae19b306f3b27eda17d53a65fa6ada946a49afc8fc1afc091221f672f093a4,https://data.chain.link/streams/bnb-usd-twap-60s-streams,750.2817248916388,2026-09-08 12:46:25+00
btc-updown-15m-1788870600,BTC,"Bitcoin Up or Down - September 8, 8:30AM-8:45AM ET",2026-09-08T12:45:00Z,2026-09-08T12:30:00Z,78340.83301663477,Down,"[""0"", ""1""]",0.02,24210.222359,,-0.5,0.01,resolved,0x2b6b68e138ed1e4958bc783ab882ca17f454f33f0cc03183e1f1fa1f5a82735d,https://data.chain.link/streams/btc-usd-twap-60s-streams,78300.43099854866,2026-09-08 12:46:25+00
doge-updown-15m-1788870600,DOGE,"Dogecoin Up or Down - September 8, 8:30AM-8:45AM ET",2026-09-08T12:45:00Z,2026-09-08T12:30:00Z,0.08906450585809603,Up,"[""1"", ""0""]",0.99,304.163173,,0.4995,0.001,resolved,0x6f67d6af52d06c819df97cdb5bd04f295492c8d85b404565210ee0c62ff0a6ae,https://data.chain.link/streams/doge-usd-twap-60s-streams,0.08917932223525013,2026-09-08 12:46:25+00
eth-updown-15m-1788870600,ETH,"Ethereum Up or Down - September 8, 8:30AM-8:45AM ET",2026-09-08T12:45:00Z,2026-09-08T12:30:00Z,2474.5010635099943,Down,"[""0"", ""1""]",0.03,4183.952025,,-0.5045,0.001,resolved,0x0eff3f20865f4f9b46274b30f5215413c4c2512ba9795ccfcc2341cd1f599131,https://data.chain.link/streams/eth-usd-twap-60s-streams,2471.8869767036995,2026-09-08 12:46:25+00
hype-updown-15m-1788870600,HYPE,"Hyperliquid Up or Down - September 8, 8:30AM-8:45AM ET",2026-09-08T12:45:00Z,2026-09-08T12:30:00Z,83.01275178275286,Up,"[""1"", ""0""]",0.999,393.49636399999997,,0.4995,0.001,resolved,0x627418dce5b35834068d50eab2bcd932a7bd2bdf09471a116673df056263a02b,https://data.chain.link/streams/hype-usd-twap-60s-streams,83.10816046327257,2026-09-08 12:46:25+00
sol-updown-15m-1788870600,SOL,"Solana Up or Down - September 8, 8:30AM-8:45AM ET",2026-09-08T12:45:00Z,2026-09-08T12:30:00Z,102.84216945091974,Up,"[""1"", ""0""]",0.999,690.282412,,0.4945,0.001,resolved,0xf173294a295cb83f860584ef8c6ddbcc867d7dcae40c9d0dd04a925765925e40,https://data.chain.link/streams/sol-usd-twap-60s-streams,103.02851988857627,2026-09-08 12:46:25+00
xrp-updown-15m-1788870600,XRP,"XRP Up or Down - September 8, 8:30AM-8:45AM ET",2026-09-08T12:45:00Z,2026-09-08T12:30:00Z,1.3933128203344254,Up,"[""1"", ""0""]",0.999,476.4848830000001,,0.4945,0.001,resolved,0x4627d32305c01ce212743c7539fe1471ed1515e19e6cea546fe7b04042c85405,https://data.chain.link/streams/xrp-usd-twap-60s-streams,1.3955701702703918,2026-09-08 12:46:25+00
zec-updown-15m-1788870600,ZEC,"ZCash Up or Down - September 8, 8:30AM-8:45AM ET",2026-09-08T12:45:00Z,2026-09-08T12:30:00Z,1160.1289775858197,Down,"[""0"", ""1""]",,,,-0.495,0.01,resolved,0x8b92888fc20adecb1898127a728368d9b68427b91d509b1f54d56873e0781f40,https://data.chain.link/streams/zec-usd-twap-60s-streams,1153.6971524009343,2026-09-08 12:46:25+00
bnb-updown-15m-1788871500,BNB,"BNB Up or Down - September 8, 8:45AM-9:00AM ET",2026-09-08T13:00:00Z,2026-09-08T12:45:00Z,750.2817248916388,Up,"[""1"", ""0""]",0.99,242.01744599999998,,0.4995,0.001,resolved,0xd2940966375ebc82d783a4299f910939490e0333db541110de118fe2971559d2,https://data.chain.link/streams/bnb-usd-twap-60s-streams,751.6068750772489,2026-09-08 13:00:52+00
btc-updown-15m-1788871500,BTC,"Bitcoin Up or Down - September 8, 8:45AM-9:00AM ET",2026-09-08T13:00:00Z,2026-09-08T12:45:00Z,78300.43099854866,Up,"[""1"", ""0""]",0.999,22345.521804999997,,0.4945,0.001,resolved,0x2cf6a4cd7f6048e6a6bbcf50bdbeffb8094a3d6f33530809ef23094d21c46742,https://data.chain.link/streams/btc-usd-twap-60s-streams,78399.23781783626,2026-09-08 13:00:52+00
doge-updown-15m-1788871500,DOGE,"Dogecoin Up or Down - September 8, 8:45AM-9:00AM ET",2026-09-08T13:00:00Z,2026-09-08T12:45:00Z,0.08917932223525013,Up,"[""1"", ""0""]",0.999,695.7483500000001,,0.495,0.01,resolved,0x355b74d48bf52bdc46617943cf99abd055c6cacb3476344b880cb03239c0652e,https://data.chain.link/streams/doge-usd-twap-60s-streams,0.08927587264636178,2026-09-08 13:00:52+00
eth-updown-15m-1788871500,ETH,"Ethereum Up or Down - September 8, 8:45AM-9:00AM ET",2026-09-08T13:00:00Z,2026-09-08T12:45:00Z,2471.8869767036995,Down,"[""0"", ""1""]",0.01,5013.897478,,-0.5,0.01,resolved,0xb3aa02bb44065840d6e8867ffe14ea996d361a37c110e38ecdcac0ec05102393,https://data.chain.link/streams/eth-usd-twap-60s-streams,2471.4663197914165,2026-09-08 13:00:52+00
hype-updown-15m-1788871500,HYPE,"Hyperliquid Up or Down - September 8, 8:45AM-9:00AM ET",2026-09-08T13:00:00Z,2026-09-08T12:45:00Z,83.10816046327257,Up,"[""1"", ""0""]",0.99,574.7167160000001,,0.49,0.01,resolved,0x6822b67cbd1918a025ef28948c3188ebdad8db65f6fc42343723a34272d6873a,https://data.chain.link/streams/hype-usd-twap-60s-streams,83.25665037353325,2026-09-08 13:00:52+00
sol-updown-15m-1788871500,SOL,"Solana Up or Down - September 8, 8:45AM-9:00AM ET",2026-09-08T13:00:00Z,2026-09-08T12:45:00Z,103.02851988857627,Up,"[""1"", ""0""]",0.99,2207.9487710000003,,0.49,0.01,resolved,0x48ff7e7007141751b6dbdfaa250b26f242cf22f1b6e7fd32a6269f79733bf814,https://data.chain.link/streams/sol-usd-twap-60s-streams,103.03675417894371,2026-09-08 13:00:52+00
xrp-updown-15m-1788871500,XRP,"XRP Up or Down - September 8, 8:45AM-9:00AM ET",2026-09-08T13:00:00Z,2026-09-08T12:45:00Z,1.3955701702703918,Up,"[""1"", ""0""]",0.99,554.776712,,0.49,0.01,resolved,0x63a4ab550de51fa4608eb7780285c7a43c256d11c9e56904bffb74ae539353b7,https://data.chain.link/streams/xrp-usd-twap-60s-streams,1.398078005624721,2026-09-08 13:00:52+00
zec-updown-15m-1788871500,ZEC,"ZCash Up or Down - September 8, 8:45AM-9:00AM ET",2026-09-08T13:00:00Z,2026-09-08T12:45:00Z,1153.6971524009343,Up,"[""1"", ""0""]",,,,0.005,0.99,resolved,0x28db294494bf2456a4f4ff205976e644f93a40a11a67446017235423de9f6928,https://data.chain.link/streams/zec-usd-twap-60s-streams,1159.7058168938806,2026-09-08 13:00:52+00
bnb-updown-15m-1788872400,BNB,"BNB Up or Down - September 8, 9:00AM-9:15AM ET",2026-09-08T13:15:00Z,2026-09-08T13:00:00Z,751.6068750772489,Up,"[""1"", ""0""]",0.98,1569.783256,,0.49,0.01,resolved,0x7850efe05a33682da4f7f039bf7b6363fec8b5a7b102eb75eb55e27accd0961a,https://data.chain.link/streams/bnb-usd-twap-60s-streams,751.8001308436966,2026-09-08 13:15:52+00
btc-updown-15m-1788872400,BTC,"Bitcoin Up or Down - September 8, 9:00AM-9:15AM ET",2026-09-08T13:15:00Z,2026-09-08T13:00:00Z,78399.23781783626,Up,"[""1"", ""0""]",0.99,24183.725959999996,3620.550786,0.5,0.01,resolved,0x16b1b2fd8e51ae253c05abcfc17bcd0cc51a354e32722c8577127a9c2f87009c,https://data.chain.link/streams/btc-usd-twap-60s-streams,78437.50061315716,2026-09-08 13:15:52+00
doge-updown-15m-1788872400,DOGE,"Dogecoin Up or Down - September 8, 9:00AM-9:15AM ET",2026-09-08T13:15:00Z,2026-09-08T13:00:00Z,0.08927587264636178,Up,"[""1"", ""0""]",0.99,343.272025,,0.495,0.01,resolved,0x744711c0343f3b6c20104f3db0294ee7e84dc9d3ffad1e5ed5c3f246289d1f6b,https://data.chain.link/streams/doge-usd-twap-60s-streams,0.0893492145135514,2026-09-08 13:15:52+00
eth-updown-15m-1788872400,ETH,"Ethereum Up or Down - September 8, 9:00AM-9:15AM ET",2026-09-08T13:15:00Z,2026-09-08T13:00:00Z,2471.4663197914165,Up,"[""1"", ""0""]",0.99,5351.835796000001,,0.49,0.01,resolved,0x9e0618742ee1c2efed2a24f1d5ca39bd5f625ae82a142d02442895f398433724,https://data.chain.link/streams/eth-usd-twap-60s-streams,2471.9456425363815,2026-09-08 13:15:52+00
hype-updown-15m-1788872400,HYPE,"Hyperliquid Up or Down - September 8, 9:00AM-9:15AM ET",2026-09-08T13:15:00Z,2026-09-08T13:00:00Z,83.25665037353325,Down,"[""0"", ""1""]",0.07,1094.694739,,-0.5045,0.001,resolved,0x2aa0daea19d4d7fafff97a5cc591a1c82d469c0a985d762f95331442d1b38c95,https://data.chain.link/streams/hype-usd-twap-60s-streams,83.12309621637738,2026-09-08 13:15:52+00
sol-updown-15m-1788872400,SOL,"Solana Up or Down - September 8, 9:00AM-9:15AM ET",2026-09-08T13:15:00Z,2026-09-08T13:00:00Z,103.03675417894371,Down,"[""0"", ""1""]",0.22,1388.6501630000002,,-0.5,0.01,resolved,0x228d9984d8b33286b69f0d1366e8e1d1b428c5a7c0f5954b16b427de4e365799,https://data.chain.link/streams/sol-usd-twap-60s-streams,102.977297539963,2026-09-08 13:15:52+00
xrp-updown-15m-1788872400,XRP,"XRP Up or Down - September 8, 9:00AM-9:15AM ET",2026-09-08T13:15:00Z,2026-09-08T13:00:00Z,1.398078005624721,Up,"[""1"", ""0""]",0.999,946.470319,,0.4945,0.001,resolved,0x7cf109d7814c7a235d46b1a9fe79083727a513753d2d5b97673b84b020229f7b,https://data.chain.link/streams/xrp-usd-twap-60s-streams,1.401431544509292,2026-09-08 13:15:52+00
zec-updown-15m-1788872400,ZEC,"ZCash Up or Down - September 8, 9:00AM-9:15AM ET",2026-09-08T13:15:00Z,2026-09-08T13:00:00Z,1159.7058168938806,Down,"[""0"", ""1""]",,,,-0.495,0.01,resolved,0xf872d7dada7f30e5dd05b98f6f15e8813a017561e84a95384ad35ed80b7ffa61,https://data.chain.link/streams/zec-usd-twap-60s-streams,1156.9411234439,2026-09-08 13:15:52+00
bnb-updown-15m-1788873300,BNB,"BNB Up or Down - September 8, 9:15AM-9:30AM ET",2026-09-08T13:30:00Z,2026-09-08T13:15:00Z,751.8001308436966,Down,"[""0"", ""1""]",0.04,1391.4899480000004,35.29,-0.49,0.01,resolved,0xb4a91522bc8205f030bdac013df666ae0502ea8b248a104fd74f9448ac453e32,https://data.chain.link/streams/bnb-usd-twap-60s-streams,750.8890492995997,2026-09-08 13:30:52+00
btc-updown-15m-1788873300,BTC,"Bitcoin Up or Down - September 8, 9:15AM-9:30AM ET",2026-09-08T13:30:00Z,2026-09-08T13:15:00Z,78437.50061315716,Down,"[""0"", ""1""]",0.02,19730.193413000005,35.29,-0.4945,0.001,resolved,0x9e231ad78d69f1cfa988f27b6e34e82c4897d5713b607289038a026ab4ef5f36,https://data.chain.link/streams/btc-usd-twap-60s-streams,78326.53846050448,2026-09-08 13:30:52+00
doge-updown-15m-1788873300,DOGE,"Dogecoin Up or Down - September 8, 9:15AM-9:30AM ET",2026-09-08T13:30:00Z,2026-09-08T13:15:00Z,0.0893492145135514,Down,"[""0"", ""1""]",0.06,1368.324811,,-0.495,0.01,resolved,0x0466f288277d6c57f3c98b6d914215d6cd7f408fcdc2fc51bcc1ecfcf7f21e65,https://data.chain.link/streams/doge-usd-twap-60s-streams,0.08931903436494816,2026-09-08 13:30:52+00
eth-updown-15m-1788873300,ETH,"Ethereum Up or Down - September 8, 9:15AM-9:30AM ET",2026-09-08T13:30:00Z,2026-09-08T13:15:00Z,2471.9456425363815,Down,"[""0"", ""1""]",0.02,3711.466313,,-0.5,0.01,resolved,0x97b4cb2168739489fab6ccdc0be3bf74c5e8ab45f4f62d19db9e0668afe2e0f9,https://data.chain.link/streams/eth-usd-twap-60s-streams,2469.003488121679,2026-09-08 13:30:52+00
hype-updown-15m-1788873300,HYPE,"Hyperliquid Up or Down - September 8, 9:15AM-9:30AM ET",2026-09-08T13:30:00Z,2026-09-08T13:15:00Z,83.12309621637738,Down,"[""0"", ""1""]",0.03,517.562677,,-0.4995,0.009,resolved,0x0af42fdd1a03e76c1e3e7f18843620e52a4aeb537dc3307137e123c0ae7d386d,https://data.chain.link/streams/hype-usd-twap-60s-streams,82.7845903836069,2026-09-08 13:30:52+00
sol-updown-15m-1788873300,SOL,"Solana Up or Down - September 8, 9:15AM-9:30AM ET",2026-09-08T13:30:00Z,2026-09-08T13:15:00Z,102.977297539963,Down,"[""0"", ""1""]",0.06,1113.8052390000003,,-0.5045,0.001,resolved,0x6f8ea3986e715059a2dc2a31d7cba18c9e05b183582b76da2acca18bfc12f1c7,https://data.chain.link/streams/sol-usd-twap-60s-streams,102.82731729326665,2026-09-08 13:30:52+00
xrp-updown-15m-1788873300,XRP,"XRP Up or Down - September 8, 9:15AM-9:30AM ET",2026-09-08T13:30:00Z,2026-09-08T13:15:00Z,1.401431544509292,Down,"[""0"", ""1""]",0.04,1673.293012,,-0.5045,0.001,resolved,0xc6799aff4ba6964a79a6ea04c6fff9c32801d5262f2db7f9b3023357845d245b,https://data.chain.link/streams/xrp-usd-twap-60s-streams,1.3991636749306577,2026-09-08 13:30:52+00
zec-updown-15m-1788873300,ZEC,"ZCash Up or Down - September 8, 9:15AM-9:30AM ET",2026-09-08T13:30:00Z,2026-09-08T13:15:00Z,1156.9411234439,Up,"[""1"", ""0""]",,,,0.005,0.99,resolved,0x4914fbc19f444e41452188e4e3f3c95b8875ff868c857bdc22a8c356e5c59d59,https://data.chain.link/streams/zec-usd-twap-60s-streams,1156.97674636126,2026-09-08 13:30:52+00
bnb-updown-15m-1788874200,BNB,"BNB Up or Down - September 8, 9:30AM-9:45AM ET",2026-09-08T13:45:00Z,2026-09-08T13:30:00Z,750.8890492995997,Down,"[""0"", ""1""]",0.05,378.609812,,-0.5045,0.001,resolved,0xe51c8f4c55d9895ef5b3ce6f6f9ea21ab54931b848c90aa2e9d065fa04f2173b,https://data.chain.link/streams/bnb-usd-twap-60s-streams,742.7513051874178,2026-09-08 13:46:25+00
btc-updown-15m-1788874200,BTC,"Bitcoin Up or Down - September 8, 9:30AM-9:45AM ET",2026-09-08T13:45:00Z,2026-09-08T13:30:00Z,78326.53846050448,Down,"[""0"", ""1""]",0.001,25585.074760999993,,-0.5045,0.001,resolved,0x104a5ab6ce28a31af9956f9114228267b4758510813516af20b9eda07f507933,https://data.chain.link/streams/btc-usd-twap-60s-streams,77729.5182974474,2026-09-08 13:46:25+00
doge-updown-15m-1788874200,DOGE,"Dogecoin Up or Down - September 8, 9:30AM-9:45AM ET",2026-09-08T13:45:00Z,2026-09-08T13:30:00Z,0.08931903436494816,Down,"[""0"", ""1""]",0.002,1218.0412709999998,,-0.4995,0.001,resolved,0xabd7da39cc9aa8cb6ccbaaf4488ad288d5489b279900417a428ad3dcaf1dec8a,https://data.chain.link/streams/doge-usd-twap-60s-streams,0.08815987231492191,2026-09-08 13:46:25+00
eth-updown-15m-1788874200,ETH,"Ethereum Up or Down - September 8, 9:30AM-9:45AM ET",2026-09-08T13:45:00Z,2026-09-08T13:30:00Z,2469.003488121679,Down,"[""0"", ""1""]",0.004,7704.270515,,-0.5045,0.001,resolved,0x5f04e77eb5d2554c55e7ee6321b8d1f2db82624b97ee6cd6bd74e11e32749919,https://data.chain.link/streams/eth-usd-twap-60s-streams,2445.0388846492874,2026-09-08 13:46:25+00
hype-updown-15m-1788874200,HYPE,"Hyperliquid Up or Down - September 8, 9:30AM-9:45AM ET",2026-09-08T13:45:00Z,2026-09-08T13:30:00Z,82.7845903836069,Down,"[""0"", ""1""]",0.1,718.287622,,-0.5045,0.001,resolved,0x2abd544a1b0cf160b73b99daa373b082a024fc91fb755f33e038427276c84d5a,https://data.chain.link/streams/hype-usd-twap-60s-streams,81.98448169343645,2026-09-08 13:46:25+00
sol-updown-15m-1788874200,SOL,"Solana Up or Down - September 8, 9:30AM-9:45AM ET",2026-09-08T13:45:00Z,2026-09-08T13:30:00Z,102.82731729326665,Down,"[""0"", ""1""]",0.04,1919.395238,,-0.5045,0.001,resolved,0x94f89c197bf38b455389e4d72f96bc404e674f07a27ef12e4761de160f6cdf49,https://data.chain.link/streams/sol-usd-twap-60s-streams,101.85709135091186,2026-09-08 13:46:25+00
xrp-updown-15m-1788874200,XRP,"XRP Up or Down - September 8, 9:30AM-9:45AM ET",2026-09-08T13:45:00Z,2026-09-08T13:30:00Z,1.3991636749306577,Down,"[""0"", ""1""]",0.002,1612.783162,,-0.5045,0.001,resolved,0x7218e12ea229345ab92d6947e342dbf9b21bd19f2d6403c3537b5a66710dd2c0,https://data.chain.link/streams/xrp-usd-twap-60s-streams,1.385584723326054,2026-09-08 13:46:25+00
zec-updown-15m-1788874200,ZEC,"ZCash Up or Down - September 8, 9:30AM-9:45AM ET",2026-09-08T13:45:00Z,2026-09-08T13:30:00Z,1156.97674636126,Down,"[""0"", ""1""]",,,,-0.4995,0.001,resolved,0x2133057ec734c0a21768b3de32d5999c316e7d4a79870d920f9185059be281e9,https://data.chain.link/streams/zec-usd-twap-60s-streams,1135.5782647609585,2026-09-08 13:46:25+00
bnb-updown-15m-1788875100,BNB,"BNB Up or Down - September 8, 9:45AM-10:00AM ET",2026-09-08T14:00:00Z,2026-09-08T13:45:00Z,742.7513051874178,Up,"[""1"", ""0""]",0.999,725.3285039999998,,0.4945,0.001,resolved,0xf67a1a2b8f6a69ad94c90fd4530723ec6065bd0d892fb81e2698e42a8d676333,https://data.chain.link/streams/bnb-usd-twap-60s-streams,746.4753663026892,2026-09-08 14:01:25+00
btc-updown-15m-1788875100,BTC,"Bitcoin Up or Down - September 8, 9:45AM-10:00AM ET",2026-09-08T14:00:00Z,2026-09-08T13:45:00Z,77729.5182974474,Up,"[""1"", ""0""]",0.999,35775.667059,,0.4945,0.001,resolved,0xce8f7c208e7173100d73601bf641b139b03b5867bae314a461ba4ad61059bb3e,https://data.chain.link/streams/btc-usd-twap-60s-streams,77904.29471314808,2026-09-08 14:01:25+00
doge-updown-15m-1788875100,DOGE,"Dogecoin Up or Down - September 8, 9:45AM-10:00AM ET",2026-09-08T14:00:00Z,2026-09-08T13:45:00Z,0.08815987231492191,Up,"[""1"", ""0""]",0.99,305.838351,,0.4995,0.001,resolved,0x098cf582fb5b6903371c272dccf03b58c0dc34f39aca117ab832d612e0c65bef,https://data.chain.link/streams/doge-usd-twap-60s-streams,0.08900361255193162,2026-09-08 14:01:25+00
eth-updown-15m-1788875100,ETH,"Ethereum Up or Down - September 8, 9:45AM-10:00AM ET",2026-09-08T14:00:00Z,2026-09-08T13:45:00Z,2445.0388846492874,Up,"[""1"", ""0""]",0.999,4991.4888759999985,,0.4945,0.001,resolved,0x4f66c12375e4879958632a13efb017c8f675f9edbd8dfd786fb77d6554d02a0d,https://data.chain.link/streams/eth-usd-twap-60s-streams,2457.353286685885,2026-09-08 14:01:25+00
hype-updown-15m-1788875100,HYPE,"Hyperliquid Up or Down - September 8, 9:45AM-10:00AM ET",2026-09-08T14:00:00Z,2026-09-08T13:45:00Z,81.98448169343645,Up,"[""1"", ""0""]",0.999,343.338479,,0.4945,0.001,resolved,0x3581ff8f9f97a2bbac5a39003359107b587d7db55e9edd7ae527f3af344068a4,https://data.chain.link/streams/hype-usd-twap-60s-streams,82.61469048866398,2026-09-08 14:01:25+00
sol-updown-15m-1788875100,SOL,"Solana Up or Down - September 8, 9:45AM-10:00AM ET",2026-09-08T14:00:00Z,2026-09-08T13:45:00Z,101.85709135091186,Up,"[""1"", ""0""]",0.98,1220.655167,,0.4945,0.001,resolved,0x82b2fd31773c792419b3f56ffcd7b565ea3c58ed0984cbb5437138710658d20b,https://data.chain.link/streams/sol-usd-twap-60s-streams,102.58805256073282,2026-09-08 14:01:25+00
xrp-updown-15m-1788875100,XRP,"XRP Up or Down - September 8, 9:45AM-10:00AM ET",2026-09-08T14:00:00Z,2026-09-08T13:45:00Z,1.385584723326054,Up,"[""1"", ""0""]",0.999,1567.8773820000004,,0.4945,0.001,resolved,0x04aa454a2b8efa24f4c87d7ce99c6d08518db8a8fa22dc84d52cc3423920fe2d,https://data.chain.link/streams/xrp-usd-twap-60s-streams,1.4009123075494279,2026-09-08 14:01:25+00
zec-updown-15m-1788875100,ZEC,"ZCash Up or Down - September 8, 9:45AM-10:00AM ET",2026-09-08T14:00:00Z,2026-09-08T13:45:00Z,1135.5782647609585,Up,"[""1"", ""0""]",0.999,44.41176,,0.4995,0.001,resolved,0x2c29bd8b3a5ddc99fa9ee4f145de910ee06051f3447b3b2d61b530998f2bff5a,https://data.chain.link/streams/zec-usd-twap-60s-streams,1152.2061555838852,2026-09-08 14:01:25+00
bnb-updown-15m-1788876000,BNB,"BNB Up or Down - September 8, 10:00AM-10:15AM ET",2026-09-08T14:15:00Z,2026-09-08T14:00:00Z,746.4753663026892,Up,"[""1"", ""0""]",0.99,636.819926,,0.4945,0.001,resolved,0xbdf69fb1ac5442e225a3e04c8fe3d31027d50520e1116a36f014453cbe05835a,https://data.chain.link/streams/bnb-usd-twap-60s-streams,749.8538887423618,2026-09-08 14:15:52+00
btc-updown-15m-1788876000,BTC,"Bitcoin Up or Down - September 8, 10:00AM-10:15AM ET",2026-09-08T14:15:00Z,2026-09-08T14:00:00Z,77904.29471314808,Up,"[""1"", ""0""]",0.999,24696.92960699999,2861.940981,0.5045,0.001,resolved,0x1a189054f5768a00bcb7b0b67c4b967045be4f838b657fc75b422543226ca9ba,https://data.chain.link/streams/btc-usd-twap-60s-streams,78126.44528437727,2026-09-08 14:15:52+00
doge-updown-15m-1788876000,DOGE,"Dogecoin Up or Down - September 8, 10:00AM-10:15AM ET",2026-09-08T14:15:00Z,2026-09-08T14:00:00Z,0.08900361255193162,Up,"[""1"", ""0""]",0.999,421.72282900000005,,0.4995,0.001,resolved,0xafff3e0f7c9c4a29938a5fe416e024aa6f649815d401d8ef004d3de3c4368f36,https://data.chain.link/streams/doge-usd-twap-60s-streams,0.08960255278908029,2026-09-08 14:15:52+00
eth-updown-15m-1788876000,ETH,"Ethereum Up or Down - September 8, 10:00AM-10:15AM ET",2026-09-08T14:15:00Z,2026-09-08T14:00:00Z,2457.353286685885,Up,"[""1"", ""0""]",0.999,3398.440756,99.9,0.4945,0.001,resolved,0xabdd9c3f89a6a2f8b584f2bf41a725c8d2ccf5bd31e07c9236ba378cac2eb314,https://data.chain.link/streams/eth-usd-twap-60s-streams,2471.8331372412194,2026-09-08 14:15:52+00
hype-updown-15m-1788876000,HYPE,"Hyperliquid Up or Down - September 8, 10:00AM-10:15AM ET",2026-09-08T14:15:00Z,2026-09-08T14:00:00Z,82.61469048866398,Up,"[""1"", ""0""]",0.999,648.3817280000001,,0.4945,0.001,resolved,0xa8d67913484c80a95a02c28bed9a6c939a40985855615711304f8bc14b5130d7,https://data.chain.link/streams/hype-usd-twap-60s-streams,82.91261185018257,2026-09-08 14:15:52+00
sol-updown-15m-1788876000,SOL,"Solana Up or Down - September 8, 10:00AM-10:15AM ET",2026-09-08T14:15:00Z,2026-09-08T14:00:00Z,102.58805256073282,Up,"[""1"", ""0""]",0.99,2074.991574,19.607844,0.4945,0.001,resolved,0x2894135ad4dd72e3e1fc99d1a645b5f284a333a9b76d42f5c265ca7d39a89ad1,https://data.chain.link/streams/sol-usd-twap-60s-streams,102.99678228414291,2026-09-08 14:15:58+00
xrp-updown-15m-1788876000,XRP,"XRP Up or Down - September 8, 10:00AM-10:15AM ET",2026-09-08T14:15:00Z,2026-09-08T14:00:00Z,1.4009123075494279,Up,"[""1"", ""0""]",0.99,1069.1419369999999,,0.4945,0.001,resolved,0xaad029c2e7a7c57216cd81ec59cebf99fa65a090bd2d770a49fba826953c8eb8,https://data.chain.link/streams/xrp-usd-twap-60s-streams,1.40723007244139,2026-09-08 14:15:52+00
zec-updown-15m-1788876000,ZEC,"ZCash Up or Down - September 8, 10:00AM-10:15AM ET",2026-09-08T14:15:00Z,2026-09-08T14:00:00Z,1152.2061555838852,Up,"[""1"", ""0""]",0.71,4.165026,,0.495,0.01,resolved,0xbd6c5cd21dbde933364733507637f205187fe682b30cb3cea0fcb95ff8404707,https://data.chain.link/streams/zec-usd-twap-60s-streams,1163.0098337923523,2026-09-08 14:15:52+00
bnb-updown-15m-1788876900,BNB,"BNB Up or Down - September 8, 10:15AM-10:30AM ET",2026-09-08T14:30:00Z,2026-09-08T14:15:00Z,749.8538887423618,Down,"[""0"", ""1""]",0.4,1740.4370420000002,,-0.5,0.01,resolved,0x5e0b9f09d6d008fea2d5e7f94d8e9d7cb44fabe8eef4dce6f2b853cd9c343aa4,https://data.chain.link/streams/bnb-usd-twap-60s-streams,749.8463606740659,2026-09-08 14:31:25+00
btc-updown-15m-1788876900,BTC,"Bitcoin Up or Down - September 8, 10:15AM-10:30AM ET",2026-09-08T14:30:00Z,2026-09-08T14:15:00Z,78126.44528437727,Up,"[""1"", ""0""]",0.999,22390.516072999995,,0.4945,0.001,resolved,0xf22c30c44ba6f5d260dad6dd3f517987b0e2c6fad5e26fbab527522fce25bf48,https://data.chain.link/streams/btc-usd-twap-60s-streams,78294.11273922732,2026-09-08 14:31:25+00
doge-updown-15m-1788876900,DOGE,"Dogecoin Up or Down - September 8, 10:15AM-10:30AM ET",2026-09-08T14:30:00Z,2026-09-08T14:15:00Z,0.08960255278908029,Down,"[""0"", ""1""]",0.11,402.37103499999995,,-0.4995,0.001,resolved,0x765c28d9c0a66e5d631f5bdd674211d060f9fb34c6474153b13239a8a437b5a4,https://data.chain.link/streams/doge-usd-twap-60s-streams,0.08942750987699402,2026-09-08 14:31:25+00
eth-updown-15m-1788876900,ETH,"Ethereum Up or Down - September 8, 10:15AM-10:30AM ET",2026-09-08T14:30:00Z,2026-09-08T14:15:00Z,2471.8331372412194,Up,"[""1"", ""0""]",0.999,4451.710550000001,,0.4945,0.001,resolved,0xa33127e3d6902b2afc321bd74a848250615a5a763e8ff682ddb01f9e3dd51d39,https://data.chain.link/streams/eth-usd-twap-60s-streams,2477.708362956768,2026-09-08 14:31:25+00
hype-updown-15m-1788876900,HYPE,"Hyperliquid Up or Down - September 8, 10:15AM-10:30AM ET",2026-09-08T14:30:00Z,2026-09-08T14:15:00Z,82.91261185018257,Up,"[""1"", ""0""]",0.999,263.801577,,0.4945,0.001,resolved,0x8957c1d0155a7fd8034ddd793edab12fd8fe58b731c1956d11ee45e277f0d0ca,https://data.chain.link/streams/hype-usd-twap-60s-streams,83.51755606078154,2026-09-08 14:31:25+00
sol-updown-15m-1788876900,SOL,"Solana Up or Down - September 8, 10:15AM-10:30AM ET",2026-09-08T14:30:00Z,2026-09-08T14:15:00Z,102.99678228414291,Down,"[""0"", ""1""]",0.001,2242.899406,,-0.5045,0.001,resolved,0x2721df55d60a0878b9afa4520a9b63a93d8c511afb0f0e30c6f609da2c36755f,https://data.chain.link/streams/sol-usd-twap-60s-streams,102.8790176774417,2026-09-08 14:31:25+00
xrp-updown-15m-1788876900,XRP,"XRP Up or Down - September 8, 10:15AM-10:30AM ET",2026-09-08T14:30:00Z,2026-09-08T14:15:00Z,1.40723007244139,Up,"[""1"", ""0""]",0.99,1103.810116,,0.4945,0.001,resolved,0xd4fcfab05997a21c211c13d1d3b5ff7483c7005d7655d2efa2d651c35c27ced8,https://data.chain.link/streams/xrp-usd-twap-60s-streams,1.4075724338690916,2026-09-08 14:31:25+00
zec-updown-15m-1788876900,ZEC,"ZCash Up or Down - September 8, 10:15AM-10:30AM ET",2026-09-08T14:30:00Z,2026-09-08T14:15:00Z,1163.0098337923523,Down,"[""0"", ""1""]",,,,-0.495,0.01,resolved,0x12c9751d72bb680dac1f24aea2298b8ec6842c73039504e5284eaad5c502ea1b,https://data.chain.link/streams/zec-usd-twap-60s-streams,1162.9479270559636,2026-09-08 14:31:25+00
bnb-updown-15m-1788877800,BNB,"BNB Up or Down - September 8, 10:30AM-10:45AM ET",2026-09-08T14:45:00Z,2026-09-08T14:30:00Z,749.8463606740659,Down,"[""0"", ""1""]",0.01,1152.455754,,-0.5,0.01,resolved,0x6b7768f8da2317954b4c23bc24f94226af13497d5ffd794907ea67aacd8f488a,https://data.chain.link/streams/bnb-usd-twap-60s-streams,749.5479943330574,2026-09-08 14:46:25+00
btc-updown-15m-1788877800,BTC,"Bitcoin Up or Down - September 8, 10:30AM-10:45AM ET",2026-09-08T14:45:00Z,2026-09-08T14:30:00Z,78294.11273922732,Up,"[""1"", ""0""]",0.999,25969.5524,,0.4945,0.001,resolved,0x56c0b3ddb18ec11f932b25497d9bbc38cbade1cd398b361daf6ce9305987962d,https://data.chain.link/streams/btc-usd-twap-60s-streams,78389.96949900681,2026-09-08 14:46:25+00
doge-updown-15m-1788877800,DOGE,"Dogecoin Up or Down - September 8, 10:30AM-10:45AM ET",2026-09-08T14:45:00Z,2026-09-08T14:30:00Z,0.08942750987699402,Down,"[""0"", ""1""]",0.1,1722.3918399999998,,-0.495,0.01,resolved,0xc2dd263ae6cb82cb3fb337626f4398a1abf60f869c259fa0322ea5210e262c20,https://data.chain.link/streams/doge-usd-twap-60s-streams,0.08939125515428398,2026-09-08 14:46:25+00
eth-updown-15m-1788877800,ETH,"Ethereum Up or Down - September 8, 10:30AM-10:45AM ET",2026-09-08T14:45:00Z,2026-09-08T14:30:00Z,2477.708362956768,Up,"[""1"", ""0""]",0.999,4871.209623999999,,0.4945,0.001,resolved,0xeff2a0a9557d9806c788c817de8ebc631280d8edfd203a29396726a72d581895,https://data.chain.link/streams/eth-usd-twap-60s-streams,2480.691347422533,2026-09-08 14:46:25+00
hype-updown-15m-1788877800,HYPE,"Hyperliquid Up or Down - September 8, 10:30AM-10:45AM ET",2026-09-08T14:45:00Z,2026-09-08T14:30:00Z,83.51755606078154,Down,"[""0"", ""1""]",0.21,1956.77707,,-0.5,0.01,resolved,0x64d1f6852948720692fa7f6cb52f8a995453508efde739874eb5af1b0e966284,https://data.chain.link/streams/hype-usd-twap-60s-streams,83.50541374668187,2026-09-08 14:46:25+00
sol-updown-15m-1788877800,SOL,"Solana Up or Down - September 8, 10:30AM-10:45AM ET",2026-09-08T14:45:00Z,2026-09-08T14:30:00Z,102.8790176774417,Up,"[""1"", ""0""]",0.99,1286.6920129999999,,0.4945,0.001,resolved,0xf89fab5748f239eb8ffb994686bb234e4432b68126cb4afbdd723e9fe956b04f,https://data.chain.link/streams/sol-usd-twap-60s-streams,103.05418239881364,2026-09-08 14:46:25+00
xrp-updown-15m-1788877800,XRP,"XRP Up or Down - September 8, 10:30AM-10:45AM ET",2026-09-08T14:45:00Z,2026-09-08T14:30:00Z,1.4075724338690916,Up,"[""1"", ""0""]",0.99,1883.643559,,0.4945,0.001,resolved,0x9db5ef533e67573bdf2760f9baec167fbab6159db09d70fb41f8b98703516810,https://data.chain.link/streams/xrp-usd-twap-60s-streams,1.4114619461011144,2026-09-08 14:46:25+00
zec-updown-15m-1788877800,ZEC,"ZCash Up or Down - September 8, 10:30AM-10:45AM ET",2026-09-08T14:45:00Z,2026-09-08T14:30:00Z,1162.9479270559636,Up,"[""1"", ""0""]",0.999,,,0.4995,0.001,resolved,0xf78af2e7ca24f3ddedf83ec574aa601314dfa12db8aee2b4d959b4b17009f1d6,https://data.chain.link/streams/zec-usd-twap-60s-streams,1176.4523177130307,2026-09-08 14:46:25+00
bnb-updown-15m-1788878700,BNB,"BNB Up or Down - September 8, 10:45AM-11:00AM ET",2026-09-08T15:00:00Z,2026-09-08T14:45:00Z,749.5479943330574,Up,"[""1"", ""0""]",0.99,505.26596499999994,,0.4945,0.001,resolved,0xcd17c516fbc947f5452e1fdd80513f3daa18a46e6e627b034e102f69130775ad,https://data.chain.link/streams/bnb-usd-twap-60s-streams,750.4639024943431,2026-09-08 15:01:25+00
btc-updown-15m-1788878700,BTC,"Bitcoin Up or Down - September 8, 10:45AM-11:00AM ET",2026-09-08T15:00:00Z,2026-09-08T14:45:00Z,78389.96949900681,Up,"[""1"", ""0""]",0.999,18621.850898000004,,0.4945,0.001,resolved,0x22b238bd4901bfffb996b34f01274d6267fc87260bccf0e199a175f57c3c3642,https://data.chain.link/streams/btc-usd-twap-60s-streams,78548.38449402241,2026-09-08 15:01:25+00
doge-updown-15m-1788878700,DOGE,"Dogecoin Up or Down - September 8, 10:45AM-11:00AM ET",2026-09-08T15:00:00Z,2026-09-08T14:45:00Z,0.08939125515428398,Up,"[""1"", ""0""]",0.99,460.42135300000007,,0.4995,0.001,resolved,0x72bdb716caac296a5030b7c849ae005f0e4626b330f302ea04f1883836f1c566,https://data.chain.link/streams/doge-usd-twap-60s-streams,0.08970804924018017,2026-09-08 15:01:25+00
eth-updown-15m-1788878700,ETH,"Ethereum Up or Down - September 8, 10:45AM-11:00AM ET",2026-09-08T15:00:00Z,2026-09-08T14:45:00Z,2480.691347422533,Up,"[""1"", ""0""]",0.999,6033.1748990000015,,0.4945,0.001,resolved,0x7aae5051f5a58218baa12b41a461f8b7478f75f2ae57046d7c16d19d0efba542,https://data.chain.link/streams/eth-usd-twap-60s-streams,2484.7186568142374,2026-09-08 15:01:25+00
hype-updown-15m-1788878700,HYPE,"Hyperliquid Up or Down - September 8, 10:45AM-11:00AM ET",2026-09-08T15:00:00Z,2026-09-08T14:45:00Z,83.50541374668187,Up,"[""1"", ""0""]",0.999,532.128028,,0.4945,0.001,resolved,0x3bded4a47559ccec1d7bf2110f95348bb817813b4a4099c760c28bc81dbad145,https://data.chain.link/streams/hype-usd-twap-60s-streams,83.63056427586386,2026-09-08 15:01:30+00
sol-updown-15m-1788878700,SOL,"Solana Up or Down - September 8, 10:45AM-11:00AM ET",2026-09-08T15:00:00Z,2026-09-08T14:45:00Z,103.05418239881364,Up,"[""1"", ""0""]",0.99,1208.0511940000001,,0.4945,0.001,resolved,0xf8f8f6d77a65a10215f13a4445944e9e15fe19ed7c1ed9d8c373087821783c32,https://data.chain.link/streams/sol-usd-twap-60s-streams,103.31565112728426,2026-09-08 15:01:30+00
xrp-updown-15m-1788878700,XRP,"XRP Up or Down - September 8, 10:45AM-11:00AM ET",2026-09-08T15:00:00Z,2026-09-08T14:45:00Z,1.4114619461011144,Up,"[""1"", ""0""]",0.99,609.151945,,0.4945,0.001,resolved,0x405852fb1fb57d767e28bb838ca56c502da9e2f2a3fbfaa73ab1732834dbdd06,https://data.chain.link/streams/xrp-usd-twap-60s-streams,1.4172907009630695,2026-09-08 15:01:25+00
zec-updown-15m-1788878700,ZEC,"ZCash Up or Down - September 8, 10:45AM-11:00AM ET",2026-09-08T15:00:00Z,2026-09-08T14:45:00Z,1176.4523177130307,Down,"[""0"", ""1""]",0.93,5.156074,,-0.495,0.01,resolved,0x5865ddffe283b0253c768070601de1712aa93784a6b0bd44e09c69cd43298e3f,https://data.chain.link/streams/zec-usd-twap-60s-streams,1173.337643194122,2026-09-08 15:01:25+00
bnb-updown-15m-1788879600,BNB,"BNB Up or Down - September 8, 11:00AM-11:15AM ET",2026-09-08T15:15:00Z,2026-09-08T15:00:00Z,750.4639024943431,Up,"[""1"", ""0""]",0.99,1375.437477,,0.4945,0.001,resolved,0x46c6d3767d5729fc26ff26b7cf331a7b2d500059441db98248f2613961032929,https://data.chain.link/streams/bnb-usd-twap-60s-streams,751.2767962409243,2026-09-08 15:15:52+00
btc-updown-15m-1788879600,BTC,"Bitcoin Up or Down - September 8, 11:00AM-11:15AM ET",2026-09-08T15:15:00Z,2026-09-08T15:00:00Z,78548.38449402241,Up,"[""1"", ""0""]",0.999,30414.30001999999,2800.751767,0.4945,0.001,resolved,0xdc878a099651e6af06b4cd7ca1c9e2979aa0827066869cdd726a726b554791ac,https://data.chain.link/streams/btc-usd-twap-60s-streams,78610.93236861468,2026-09-08 15:15:52+00
doge-updown-15m-1788879600,DOGE,"Dogecoin Up or Down - September 8, 11:00AM-11:15AM ET",2026-09-08T15:15:00Z,2026-09-08T15:00:00Z,0.08970804924018017,Up,"[""1"", ""0""]",0.99,397.65611600000005,,0.4995,0.001,resolved,0xdfba88641714821b41eb5a5d9344d8d0ad4b694272946b0eff893381b3406b8a,https://data.chain.link/streams/doge-usd-twap-60s-streams,0.09009824038561076,2026-09-08 15:15:52+00
eth-updown-15m-1788879600,ETH,"Ethereum Up or Down - September 8, 11:00AM-11:15AM ET",2026-09-08T15:15:00Z,2026-09-08T15:00:00Z,2484.7186568142374,Up,"[""1"", ""0""]",0.999,8305.127280999997,,0.4945,0.001,resolved,0x04aec88017ec7344cab9b20cf429298ef9196887135df22df3fba4ea9a3ad782,https://data.chain.link/streams/eth-usd-twap-60s-streams,2487.693177822708,2026-09-08 15:15:52+00
hype-updown-15m-1788879600,HYPE,"Hyperliquid Up or Down - September 8, 11:00AM-11:15AM ET",2026-09-08T15:15:00Z,2026-09-08T15:00:00Z,83.63056427586386,Up,"[""1"", ""0""]",0.99,218.10937800000002,,0.4945,0.001,resolved,0x761bf95cb221e68c80fbf1953ce71e60803a62d666f1db5421ec9956050f6966,https://data.chain.link/streams/hype-usd-twap-60s-streams,83.88727412369744,2026-09-08 15:15:52+00
sol-updown-15m-1788879600,SOL,"Solana Up or Down - September 8, 11:00AM-11:15AM ET",2026-09-08T15:15:00Z,2026-09-08T15:00:00Z,103.31565112728426,Up,"[""1"", ""0""]",0.99,937.6891800000001,5.882353,0.4945,0.001,resolved,0x9e1ef896a6a096cecee9f2b18e0b60e5d588fb275cc9577219d9d03f2c34f49f,https://data.chain.link/streams/sol-usd-twap-60s-streams,103.59833900126311,2026-09-08 15:15:52+00
xrp-updown-15m-1788879600,XRP,"XRP Up or Down - September 8, 11:00AM-11:15AM ET",2026-09-08T15:15:00Z,2026-09-08T15:00:00Z,1.4172907009630695,Down,"[""0"", ""1""]",0.06,1175.887031,5.980393,-0.49,0.01,resolved,0x4200084211cade15fe798860edc401cedf7625846cbec05740ca693f33de80c4,https://data.chain.link/streams/xrp-usd-twap-60s-streams,1.4162471569391928,2026-09-08 15:15:52+00
zec-updown-15m-1788879600,ZEC,"ZCash Up or Down - September 8, 11:00AM-11:15AM ET",2026-09-08T15:15:00Z,2026-09-08T15:00:00Z,1173.337643194122,Up,"[""1"", ""0""]",,,,0.495,0.01,resolved,0xc25dd49c16604771e2648f9fc00f607f1a1a0f6cc8641f8f494c0f7da7222731,https://data.chain.link/streams/zec-usd-twap-60s-streams,1180.8047343350595,2026-09-08 15:15:52+00
bnb-updown-15m-1788880500,BNB,"BNB Up or Down - September 8, 11:15AM-11:30AM ET",2026-09-08T15:30:00Z,2026-09-08T15:15:00Z,751.2767962409243,Down,"[""0"", ""1""]",0.05,484.186359,,-0.5045,0.001,resolved,0x8d3d46404e4de8f893a1e27af32f0ea3a23df9e1e1223b72b1111eb5e404e628,https://data.chain.link/streams/bnb-usd-twap-60s-streams,749.7409157102691,2026-09-08 15:31:25+00
btc-updown-15m-1788880500,BTC,"Bitcoin Up or Down - September 8, 11:15AM-11:30AM ET",2026-09-08T15:30:00Z,2026-09-08T15:15:00Z,78610.93236861468,Down,"[""0"", ""1""]",0.001,27563.538350000006,,-0.5045,0.001,resolved,0x79de86cfb98ac7e2c696da3ba71b46dae42beccfed6559020d029f5d7d830c91,https://data.chain.link/streams/btc-usd-twap-60s-streams,78443.92014720423,2026-09-08 15:31:25+00
doge-updown-15m-1788880500,DOGE,"Dogecoin Up or Down - September 8, 11:15AM-11:30AM ET",2026-09-08T15:30:00Z,2026-09-08T15:15:00Z,0.09009824038561076,Down,"[""0"", ""1""]",0.01,683.652882,,-0.4995,0.001,resolved,0x35ee3076f93e4b750b5331101eb41d9516245ce53a3670a7b8c2f246a8fdb3e6,https://data.chain.link/streams/doge-usd-twap-60s-streams,0.09005217095251349,2026-09-08 15:31:25+00
eth-updown-15m-1788880500,ETH,"Ethereum Up or Down - September 8, 11:15AM-11:30AM ET",2026-09-08T15:30:00Z,2026-09-08T15:15:00Z,2487.693177822708,Down,"[""0"", ""1""]",0.1,8500.504340999998,,-0.5045,0.001,resolved,0xdf6dc9f5926999b9cb72d6bb8773201fef199c31faaa69ebde4bfc563cb4f17c,https://data.chain.link/streams/eth-usd-twap-60s-streams,2481.9086183136033,2026-09-08 15:31:25+00
hype-updown-15m-1788880500,HYPE,"Hyperliquid Up or Down - September 8, 11:15AM-11:30AM ET",2026-09-08T15:30:00Z,2026-09-08T15:15:00Z,83.88727412369744,Down,"[""0"", ""1""]",0.11,330.27198799999996,,-0.5045,0.001,resolved,0x5279b2a8949f3c9eaddd6c4b45ad014a32a93642dcf43eb4ebcccad55d27b343,https://data.chain.link/streams/hype-usd-twap-60s-streams,83.5518941963635,2026-09-08 15:31:25+00
sol-updown-15m-1788880500,SOL,"Solana Up or Down - September 8, 11:15AM-11:30AM ET",2026-09-08T15:30:00Z,2026-09-08T15:15:00Z,103.59833900126311,Down,"[""0"", ""1""]",0.04,1509.3368220000002,,-0.5045,0.001,resolved,0xcca668c4243416e9a949e023c783b875db2ff7fb490d256d44005391fbfd1ff2,https://data.chain.link/streams/sol-usd-twap-60s-streams,103.42038818101408,2026-09-08 15:31:25+00
xrp-updown-15m-1788880500,XRP,"XRP Up or Down - September 8, 11:15AM-11:30AM ET",2026-09-08T15:30:00Z,2026-09-08T15:15:00Z,1.4162471569391928,Down,"[""0"", ""1""]",0.03,562.472683,,-0.5045,0.001,resolved,0xc2308b3767d7cf22335b95294b75c6c561b2704eab731e992f2a5e166e15e99d,https://data.chain.link/streams/xrp-usd-twap-60s-streams,1.4142179446098164,2026-09-08 15:31:25+00
zec-updown-15m-1788880500,ZEC,"ZCash Up or Down - September 8, 11:15AM-11:30AM ET",2026-09-08T15:30:00Z,2026-09-08T15:15:00Z,1180.8047343350595,Down,"[""0"", ""1""]",,,,-0.495,0.01,resolved,0x2880a1c106aa59b2983c720a0a24c3dc86b5b80097935e8f77cad4aeb8c39ea8,https://data.chain.link/streams/zec-usd-twap-60s-streams,1176.6033326554061,2026-09-08 15:31:25+00
bnb-updown-15m-1788881400,BNB,"BNB Up or Down - September 8, 11:30AM-11:45AM ET",2026-09-08T15:45:00Z,2026-09-08T15:30:00Z,749.7409157102691,Up,"[""1"", ""0""]",0.999,513.6189749999999,,0.4945,0.001,resolved,0xa8c1957bf9292a1ce654a1a7f46ca0fd238a0a1a6a289e313a3a81ddd27d1bd2,https://data.chain.link/streams/bnb-usd-twap-60s-streams,754.1355055816078,2026-09-08 15:45:52+00
btc-updown-15m-1788881400,BTC,"Bitcoin Up or Down - September 8, 11:30AM-11:45AM ET",2026-09-08T15:45:00Z,2026-09-08T15:30:00Z,78443.92014720423,Up,"[""1"", ""0""]",0.999,14997.664522999992,,0.4945,0.001,resolved,0x412f0628321011f96d92c3faaa094d713b06e0ab966f3602f5893a26d6546c19,https://data.chain.link/streams/btc-usd-twap-60s-streams,78708.50010778323,2026-09-08 15:45:52+00
doge-updown-15m-1788881400,DOGE,"Dogecoin Up or Down - September 8, 11:30AM-11:45AM ET",2026-09-08T15:45:00Z,2026-09-08T15:30:00Z,0.09005217095251349,Up,"[""1"", ""0""]",0.99,671.7764460000001,,0.4995,0.001,resolved,0xb10df8981d05e17de3ec2431ae3cdda9e518419d4511dd78105c4538fba40da6,https://data.chain.link/streams/doge-usd-twap-60s-streams,0.09057695966306958,2026-09-08 15:45:52+00
eth-updown-15m-1788881400,ETH,"Ethereum Up or Down - September 8, 11:30AM-11:45AM ET",2026-09-08T15:45:00Z,2026-09-08T15:30:00Z,2481.9086183136033,Up,"[""1"", ""0""]",0.999,3418.830921999999,,0.4945,0.001,resolved,0x07295a9c054587e8bc0c7fce2585185efb27593994d244d33f870c71e5a5d557,https://data.chain.link/streams/eth-usd-twap-60s-streams,2495.4375472767556,2026-09-08 15:45:52+00
hype-updown-15m-1788881400,HYPE,"Hyperliquid Up or Down - September 8, 11:30AM-11:45AM ET",2026-09-08T15:45:00Z,2026-09-08T15:30:00Z,83.5518941963635,Up,"[""1"", ""0""]",0.999,414.304629,,0.4945,0.001,resolved,0x5a54261ec52d7b3393b98a12585a8b2bfe487df54275676385599ff2a07f29ba,https://data.chain.link/streams/hype-usd-twap-60s-streams,83.9594327752338,2026-09-08 15:45:52+00
sol-updown-15m-1788881400,SOL,"Solana Up or Down - September 8, 11:30AM-11:45AM ET",2026-09-08T15:45:00Z,2026-09-08T15:30:00Z,103.42038818101408,Up,"[""1"", ""0""]",0.999,1778.843058,,0.4945,0.001,resolved,0x8055fa4f671752b3f3f179007d4cf2ae842da0615d87ce5465d8bbf77524803f,https://data.chain.link/streams/sol-usd-twap-60s-streams,103.87200420618836,2026-09-08 15:45:52+00
xrp-updown-15m-1788881400,XRP,"XRP Up or Down - September 8, 11:30AM-11:45AM ET",2026-09-08T15:45:00Z,2026-09-08T15:30:00Z,1.4142179446098164,Up,"[""1"", ""0""]",0.999,551.3669329999999,,0.4945,0.001,resolved,0x0389bdf3df62c279b068554ae7c893452784e7fdfb02e002e4a683aef7b85ae3,https://data.chain.link/streams/xrp-usd-twap-60s-streams,1.4205842334698424,2026-09-08 15:45:52+00
zec-updown-15m-1788881400,ZEC,"ZCash Up or Down - September 8, 11:30AM-11:45AM ET",2026-09-08T15:45:00Z,2026-09-08T15:30:00Z,1176.6033326554061,Up,"[""1"", ""0""]",,,,0.495,0.01,resolved,0x26cc2103eb9e8ced20d11c0c4be7ba40d9e188fa5f422e22e10eeff5066888a8,https://data.chain.link/streams/zec-usd-twap-60s-streams,1183.9022707373103,2026-09-08 15:45:52+00
bnb-updown-15m-1788882300,BNB,"BNB Up or Down - September 8, 11:45AM-12:00PM ET",2026-09-08T16:00:00Z,2026-09-08T15:45:00Z,754.1355055816078,Up,"[""1"", ""0""]",0.999,425.05786,,0.4945,0.001,resolved,0x4c59dca051360c966b5df06e0392ab4108f610f23420c261289cf2802a904873,https://data.chain.link/streams/bnb-usd-twap-60s-streams,756.2028572395195,2026-09-08 16:01:25+00
btc-updown-15m-1788882300,BTC,"Bitcoin Up or Down - September 8, 11:45AM-12:00PM ET",2026-09-08T16:00:00Z,2026-09-08T15:45:00Z,78708.50010778323,Up,"[""1"", ""0""]",0.999,22765.872066999993,,0.4945,0.001,resolved,0x279979d91f3bd9ad5eee9b780c62667f6170a94a76dadfe4947e4ef40b61d42f,https://data.chain.link/streams/btc-usd-twap-60s-streams,78873.73603891445,2026-09-08 16:01:25+00
doge-updown-15m-1788882300,DOGE,"Dogecoin Up or Down - September 8, 11:45AM-12:00PM ET",2026-09-08T16:00:00Z,2026-09-08T15:45:00Z,0.09057695966306958,Up,"[""1"", ""0""]",0.98,1016.0155750000004,,0.4995,0.001,resolved,0x2b833e428c79ce4b643a0c9315da2084a7068337c92c9e39478f42f0617688a0,https://data.chain.link/streams/doge-usd-twap-60s-streams,0.0906364449383665,2026-09-08 16:01:25+00
eth-updown-15m-1788882300,ETH,"Ethereum Up or Down - September 8, 11:45AM-12:00PM ET",2026-09-08T16:00:00Z,2026-09-08T15:45:00Z,2495.4375472767556,Up,"[""1"", ""0""]",0.999,7813.684053000001,,0.4945,0.001,resolved,0x605edc0f0a65a68f60b93d18d95471d81824ce2870d644125627e6c5bf1befaa,https://data.chain.link/streams/eth-usd-twap-60s-streams,2497.9468584694137,2026-09-08 16:01:25+00
hype-updown-15m-1788882300,HYPE,"Hyperliquid Up or Down - September 8, 11:45AM-12:00PM ET",2026-09-08T16:00:00Z,2026-09-08T15:45:00Z,83.9594327752338,Up,"[""1"", ""0""]",0.97,1276.2835970000003,,0.4945,0.001,resolved,0x6bd476b1e7d68a94d783d903b2012797ff714cfcd698a983f63f0a2850637010,https://data.chain.link/streams/hype-usd-twap-60s-streams,83.97116587090487,2026-09-08 16:01:25+00
sol-updown-15m-1788882300,SOL,"Solana Up or Down - September 8, 11:45AM-12:00PM ET",2026-09-08T16:00:00Z,2026-09-08T15:45:00Z,103.87200420618836,Up,"[""1"", ""0""]",0.999,1301.7879830000002,,0.4945,0.001,resolved,0x8d2a1d1ed8c32b2412f89086dafb40ef6a97145259855d0c3fcd1a2a98ac8604,https://data.chain.link/streams/sol-usd-twap-60s-streams,104.28040748190614,2026-09-08 16:01:25+00
xrp-updown-15m-1788882300,XRP,"XRP Up or Down - September 8, 11:45AM-12:00PM ET",2026-09-08T16:00:00Z,2026-09-08T15:45:00Z,1.4205842334698424,Up,"[""1"", ""0""]",0.999,1173.557002,,0.4995,0.001,resolved,0x9742cdc4a2cbb6aa28635182124ab52ddaa89c861d7560f9ef25675ee5ce7b67,https://data.chain.link/streams/xrp-usd-twap-60s-streams,1.4333282754167225,2026-09-08 16:01:27+00
zec-updown-15m-1788882300,ZEC,"ZCash Up or Down - September 8, 11:45AM-12:00PM ET",2026-09-08T16:00:00Z,2026-09-08T15:45:00Z,1183.9022707373103,Down,"[""0"", ""1""]",,,,-0.495,0.01,resolved,0x595b6461a68de91175ff4f6b87817d80a251cae6a320a9f20823213d3b0bd8b1,https://data.chain.link/streams/zec-usd-twap-60s-streams,1181.890911511353,2026-09-08 16:01:25+00
bnb-updown-15m-1788883200,BNB,"BNB Up or Down - September 8, 12:00PM-12:15PM ET",2026-09-08T16:15:00Z,2026-09-08T16:00:00Z,756.2028572395195,Down,"[""0"", ""1""]",0.1,299.563236,,-0.5045,0.001,resolved,0x41921cfa0f3c347ed91dbad3ee9363bcb5647c328252e6d741e36e14bb4d50de,https://data.chain.link/streams/bnb-usd-twap-60s-streams,753.7679386385063,2026-09-08 16:15:52+00
btc-updown-15m-1788883200,BTC,"Bitcoin Up or Down - September 8, 12:00PM-12:15PM ET",2026-09-08T16:15:00Z,2026-09-08T16:00:00Z,78873.73603891445,Down,"[""0"", ""1""]",0.01,13560.505673,2883.772041,-0.5045,0.001,resolved,0xf897c7a27651ff29b5f76758af4e18f441b6b0f5ee5b8ac0645145ccffe0423b,https://data.chain.link/streams/btc-usd-twap-60s-streams,78635.04219790244,2026-09-08 16:15:52+00
doge-updown-15m-1788883200,DOGE,"Dogecoin Up or Down - September 8, 12:00PM-12:15PM ET",2026-09-08T16:15:00Z,2026-09-08T16:00:00Z,0.0906364449383665,Down,"[""0"", ""1""]",0.11,544.9367340000001,,-0.4995,0.001,resolved,0xf53d214411e837faae5b6df51a4deb11bee4ebd187515105ecf2b2ad07d318d7,https://data.chain.link/streams/doge-usd-twap-60s-streams,0.09009279709031552,2026-09-08 16:15:52+00
eth-updown-15m-1788883200,ETH,"Ethereum Up or Down - September 8, 12:00PM-12:15PM ET",2026-09-08T16:15:00Z,2026-09-08T16:00:00Z,2497.9468584694137,Down,"[""0"", ""1""]",0.03,3689.936159999999,16,-0.5045,0.001,resolved,0x60e997d20555bbbbc66b188a7df401b6b881e90eba022f6dde86ca323a7a580f,https://data.chain.link/streams/eth-usd-twap-60s-streams,2489.745965077489,2026-09-08 16:15:52+00
hype-updown-15m-1788883200,HYPE,"Hyperliquid Up or Down - September 8, 12:00PM-12:15PM ET",2026-09-08T16:15:00Z,2026-09-08T16:00:00Z,83.97116587090487,Down,"[""0"", ""1""]",0.18,400.126622,,-0.5045,0.001,resolved,0xa8992859ee5184eb0e5caaa0d92c91ece2d644e4df619726824d705ae6424e83,https://data.chain.link/streams/hype-usd-twap-60s-streams,83.7125888311925,2026-09-08 16:15:52+00
sol-updown-15m-1788883200,SOL,"Solana Up or Down - September 8, 12:00PM-12:15PM ET",2026-09-08T16:15:00Z,2026-09-08T16:00:00Z,104.28040748190614,Down,"[""0"", ""1""]",0.06,1191.2687459999995,35.29,-0.4845,0.001,resolved,0xe8bb445b5c7201b08ef8025de4d61e590b30f7bcfcc18b81bd9c17c450816869,https://data.chain.link/streams/sol-usd-twap-60s-streams,103.71993357726905,2026-09-08 16:15:52+00
xrp-updown-15m-1788883200,XRP,"XRP Up or Down - September 8, 12:00PM-12:15PM ET",2026-09-08T16:15:00Z,2026-09-08T16:00:00Z,1.4333282754167225,Down,"[""0"", ""1""]",0.02,2011.5672469999997,,-0.4995,0.001,resolved,0xc60a92ebc44577e48f0ce9b8ac643455643eaaa45420f8ae6ec3fe6da32be586,https://data.chain.link/streams/xrp-usd-twap-60s-streams,1.4308965718406956,2026-09-08 16:15:52+00
zec-updown-15m-1788883200,ZEC,"ZCash Up or Down - September 8, 12:00PM-12:15PM ET",2026-09-08T16:15:00Z,2026-09-08T16:00:00Z,1181.890911511353,Down,"[""0"", ""1""]",,,,-0.495,0.01,resolved,0x08f4eeeff7fb683d872c1c516b082ac2e712f79a325c56d179520117cc139e41,https://data.chain.link/streams/zec-usd-twap-60s-streams,1179.7009515325312,2026-09-08 16:15:52+00
bnb-updown-15m-1788884100,BNB,"BNB Up or Down - September 8, 12:15PM-12:30PM ET",2026-09-08T16:30:00Z,2026-09-08T16:15:00Z,753.7679386385063,Up,"[""1"", ""0""]",0.97,531.919172,,0.4945,0.001,resolved,0x1e346983fa0aed54a790288bb6a700cdb19a738dd16bbbae3ec85356f66fe87f,https://data.chain.link/streams/bnb-usd-twap-60s-streams,754.0768806812723,2026-09-08 16:31:25+00
btc-updown-15m-1788884100,BTC,"Bitcoin Up or Down - September 8, 12:15PM-12:30PM ET",2026-09-08T16:30:00Z,2026-09-08T16:15:00Z,78635.04219790244,Down,"[""0"", ""1""]",0.01,29660.56651799999,,-0.5045,0.001,resolved,0x509ea76d104ec912315cddd9ce28544dfde80976001628310d566d8c1fc29e37,https://data.chain.link/streams/btc-usd-twap-60s-streams,78630.76260386001,2026-09-08 16:31:25+00
doge-updown-15m-1788884100,DOGE,"Dogecoin Up or Down - September 8, 12:15PM-12:30PM ET",2026-09-08T16:30:00Z,2026-09-08T16:15:00Z,0.09009279709031552,Down,"[""0"", ""1""]",0.06,361.370961,,-0.4995,0.001,resolved,0x33b5c69cd48e717b9a48f97f787d695627f1ae503f96d5a941f26e2fc93c85df,https://data.chain.link/streams/doge-usd-twap-60s-streams,0.08992079208422127,2026-09-08 16:31:25+00
eth-updown-15m-1788884100,ETH,"Ethereum Up or Down - September 8, 12:15PM-12:30PM ET",2026-09-08T16:30:00Z,2026-09-08T16:15:00Z,2489.745965077489,Up,"[""1"", ""0""]",0.99,5811.908798,,0.4945,0.001,resolved,0x0ce9ec83a13d866dee310fa3805f7d69097a5e447bbb3f43be3d21edb7e18e90,https://data.chain.link/streams/eth-usd-twap-60s-streams,2489.920367816903,2026-09-08 16:31:25+00
hype-updown-15m-1788884100,HYPE,"Hyperliquid Up or Down - September 8, 12:15PM-12:30PM ET",2026-09-08T16:30:00Z,2026-09-08T16:15:00Z,83.7125888311925,Up,"[""1"", ""0""]",0.99,382.402371,,0.4945,0.001,resolved,0xf89ae3c780a57c09646fe9da5a931c26b17dfbcb8edfc5989e4ecc12e2647a76,https://data.chain.link/streams/hype-usd-twap-60s-streams,83.75586378814377,2026-09-08 16:31:25+00
sol-updown-15m-1788884100,SOL,"Solana Up or Down - September 8, 12:15PM-12:30PM ET",2026-09-08T16:30:00Z,2026-09-08T16:15:00Z,103.71993357726905,Up,"[""1"", ""0""]",0.99,938.3543290000001,2,0.4945,0.001,resolved,0xc28f64ed0200be7cebdfce28bd54bc5584cee447960677f0ffb04696102f37ae,https://data.chain.link/streams/sol-usd-twap-60s-streams,103.79930664475425,2026-09-08 16:31:25+00
xrp-updown-15m-1788884100,XRP,"XRP Up or Down - September 8, 12:15PM-12:30PM ET",2026-09-08T16:30:00Z,2026-09-08T16:15:00Z,1.4308965718406956,Down,"[""0"", ""1""]",0.02,1102.3671869999998,,-0.5045,0.001,resolved,0xfc23ae31686b9156058a56f25b461ef0c5d4d73240bfb7808f4660a13c01e27e,https://data.chain.link/streams/xrp-usd-twap-60s-streams,1.4274007232030201,2026-09-08 16:31:25+00
zec-updown-15m-1788884100,ZEC,"ZCash Up or Down - September 8, 12:15PM-12:30PM ET",2026-09-08T16:30:00Z,2026-09-08T16:15:00Z,1179.7009515325312,Up,"[""1"", ""0""]",,,,0.495,0.01,resolved,0xc507a425e841f53c1201fa3d997bb2e4bc372c4f7ae1b4fa7f2b2ac665fb9570,https://data.chain.link/streams/zec-usd-twap-60s-streams,1188.2415204131223,2026-09-08 16:31:25+00
bnb-updown-15m-1788885000,BNB,"BNB Up or Down - September 8, 12:30PM-12:45PM ET",2026-09-08T16:45:00Z,2026-09-08T16:30:00Z,754.0768806812723,Up,"[""1"", ""0""]",0.999,644.7243769999999,,0.4945,0.001,resolved,0xb22c6d67e8723e2e5a89b97cd4c65eb6e6195c102a41410f844ccac1b8e2b8c5,https://data.chain.link/streams/bnb-usd-twap-60s-streams,756.2428146427526,2026-09-08 16:45:58+00
btc-updown-15m-1788885000,BTC,"Bitcoin Up or Down - September 8, 12:30PM-12:45PM ET",2026-09-08T16:45:00Z,2026-09-08T16:30:00Z,78630.76260386001,Up,"[""1"", ""0""]",0.999,18575.589142,14,0.4945,0.001,resolved,0x988fde73d00f4646c6f80767962f95238c001208b4841c52a494c3abb31b3410,https://data.chain.link/streams/btc-usd-twap-60s-streams,78794.3500330218,2026-09-08 16:45:58+00
doge-updown-15m-1788885000,DOGE,"Dogecoin Up or Down - September 8, 12:30PM-12:45PM ET",2026-09-08T16:45:00Z,2026-09-08T16:30:00Z,0.08992079208422127,Up,"[""1"", ""0""]",0.999,386.089308,,0.4995,0.001,resolved,0x57a5cfcf68211335b903c4bad2008e83a56edd1f59cad036251cfd619f53e2a5,https://data.chain.link/streams/doge-usd-twap-60s-streams,0.09055328624947,2026-09-08 16:45:52+00
eth-updown-15m-1788885000,ETH,"Ethereum Up or Down - September 8, 12:30PM-12:45PM ET",2026-09-08T16:45:00Z,2026-09-08T16:30:00Z,2489.920367816903,Up,"[""1"", ""0""]",0.999,2706.588689,12.882353,0.5045,0.001,resolved,0x034ffda9a4b5c2560088904a9dfcd8fa54bf1a551b9ccd548404d41187ba9cc5,https://data.chain.link/streams/eth-usd-twap-60s-streams,2496.6965950159924,2026-09-08 16:45:52+00
hype-updown-15m-1788885000,HYPE,"Hyperliquid Up or Down - September 8, 12:30PM-12:45PM ET",2026-09-08T16:45:00Z,2026-09-08T16:30:00Z,83.75586378814377,Up,"[""1"", ""0""]",0.999,229.736473,,0.4945,0.001,resolved,0x35093fbf34ea31889979d8eb74366c950006fc6a332dfac8117113a007b6d5dc,https://data.chain.link/streams/hype-usd-twap-60s-streams,84.3731900358354,2026-09-08 16:45:52+00
sol-updown-15m-1788885000,SOL,"Solana Up or Down - September 8, 12:30PM-12:45PM ET",2026-09-08T16:45:00Z,2026-09-08T16:30:00Z,103.79930664475425,Up,"[""1"", ""0""]",0.999,2259.819501,4,0.4945,0.001,resolved,0x46ce909c9507ae046b9f572efc82dbcdb3b3438127e064bc571fbc11d65a2b62,https://data.chain.link/streams/sol-usd-twap-60s-streams,104.30145693199334,2026-09-08 16:45:52+00
xrp-updown-15m-1788885000,XRP,"XRP Up or Down - September 8, 12:30PM-12:45PM ET",2026-09-08T16:45:00Z,2026-09-08T16:30:00Z,1.4274007232030201,Up,"[""1"", ""0""]",0.99,395.513077,,0.4945,0.001,resolved,0xa2d05be6b5893435d065330d5c28bb6d799f36ea120a4f39260daeb7f0c2418a,https://data.chain.link/streams/xrp-usd-twap-60s-streams,1.4348291409231815,2026-09-08 16:45:52+00
zec-updown-15m-1788885000,ZEC,"ZCash Up or Down - September 8, 12:30PM-12:45PM ET",2026-09-08T16:45:00Z,2026-09-08T16:30:00Z,1188.2415204131223,Up,"[""1"", ""0""]",,,,0.4995,0.001,resolved,0x4ef7b62ef700b4f12aa4738e225dc3599b2c2bdbaa67659faff1a1cc6f15a437,https://data.chain.link/streams/zec-usd-twap-60s-streams,1206.0627926942002,2026-09-08 16:45:52+00
bnb-updown-15m-1788885900,BNB,"BNB Up or Down - September 8, 12:45PM-1:00PM ET",2026-09-08T17:00:00Z,2026-09-08T16:45:00Z,756.2428146427526,Down,"[""0"", ""1""]",0.06,591.470959,,-0.5045,0.001,resolved,0x857c3c18d1913216aa4c9ef16183fc5d2ac9b0d9b5522cb99141ca2d941757ac,https://data.chain.link/streams/bnb-usd-twap-60s-streams,755.725305200341,2026-09-08 17:01:25+00
btc-updown-15m-1788885900,BTC,"Bitcoin Up or Down - September 8, 12:45PM-1:00PM ET",2026-09-08T17:00:00Z,2026-09-08T16:45:00Z,78794.3500330218,Down,"[""0"", ""1""]",0.001,20448.086692999997,2,-0.5045,0.001,resolved,0x30f5a71ae13cd8c53de8a5a212305c96bca641dd56ebd5acc8a01a44cc70bf36,https://data.chain.link/streams/btc-usd-twap-60s-streams,78724.19140586093,2026-09-08 17:01:25+00
doge-updown-15m-1788885900,DOGE,"Dogecoin Up or Down - September 8, 12:45PM-1:00PM ET",2026-09-08T17:00:00Z,2026-09-08T16:45:00Z,0.09055328624947,Up,"[""1"", ""0""]",0.99,1424.001923,,0.4995,0.001,resolved,0xc1b462f5de4932d2e5c379f73eb9427b0656ecfc5218f5a1d94706c7cb6ef51d,https://data.chain.link/streams/doge-usd-twap-60s-streams,0.09069082024355105,2026-09-08 17:01:25+00
eth-updown-15m-1788885900,ETH,"Ethereum Up or Down - September 8, 12:45PM-1:00PM ET",2026-09-08T17:00:00Z,2026-09-08T16:45:00Z,2496.6965950159924,Down,"[""0"", ""1""]",0.01,7428.999642000001,,-0.5045,0.001,resolved,0x3bab373c696462e72fbf8a53f8a9a068249baac681ff77441f4a595735551914,https://data.chain.link/streams/eth-usd-twap-60s-streams,2496.513954993951,2026-09-08 17:01:25+00
hype-updown-15m-1788885900,HYPE,"Hyperliquid Up or Down - September 8, 12:45PM-1:00PM ET",2026-09-08T17:00:00Z,2026-09-08T16:45:00Z,84.3731900358354,Down,"[""0"", ""1""]",0.01,502.37390600000003,,-0.5045,0.001,resolved,0x0b79db091edeba8457b14770a55bf4e74b9ab168f2a48911fdf34405774afad4,https://data.chain.link/streams/hype-usd-twap-60s-streams,84.27796352636788,2026-09-08 17:01:25+00
sol-updown-15m-1788885900,SOL,"Solana Up or Down - September 8, 12:45PM-1:00PM ET",2026-09-08T17:00:00Z,2026-09-08T16:45:00Z,104.30145693199334,Down,"[""0"", ""1""]",0.01,2402.63099,,-0.5045,0.001,resolved,0xc57c937c2eb6b0bedb6154cee8d74b070165ab3ee073962a5163aab6f3fdc2df,https://data.chain.link/streams/sol-usd-twap-60s-streams,104.19424432671613,2026-09-08 17:01:25+00
xrp-updown-15m-1788885900,XRP,"XRP Up or Down - September 8, 12:45PM-1:00PM ET",2026-09-08T17:00:00Z,2026-09-08T16:45:00Z,1.4348291409231815,Up,"[""1"", ""0""]",0.99,1726.4528069999997,,0.4945,0.001,resolved,0xe433b9a6bbddb96a3a03ac68ae1a5fb5b8bdda4e61b6ee6e8ec1ca1210ae420a,https://data.chain.link/streams/xrp-usd-twap-60s-streams,1.4363009407242535,2026-09-08 17:01:25+00
zec-updown-15m-1788885900,ZEC,"ZCash Up or Down - September 8, 12:45PM-1:00PM ET",2026-09-08T17:00:00Z,2026-09-08T16:45:00Z,1206.0627926942002,Down,"[""0"", ""1""]",,,,-0.4995,0.001,resolved,0xb2e0328c76ad57ad02ba9953e5e3ecc8543e2c69ad1da15e3d0fb6f8f9013ac6,https://data.chain.link/streams/zec-usd-twap-60s-streams,1193.8794082062022,2026-09-08 17:01:25+00
bnb-updown-15m-1788886800,BNB,"BNB Up or Down - September 8, 1:00PM-1:15PM ET",2026-09-08T17:15:00Z,2026-09-08T17:00:00Z,755.725305200341,Down,"[""0"", ""1""]",0.04,240.436017,,-0.5045,0.001,resolved,0x7c2a263b4868a73a8ca8c1fc79ac3e4de08bec33cb1555a1727bdf126391f714,https://data.chain.link/streams/bnb-usd-twap-60s-streams,754.4858817747072,2026-09-08 17:15:52+00
btc-updown-15m-1788886800,BTC,"Bitcoin Up or Down - September 8, 1:00PM-1:15PM ET",2026-09-08T17:15:00Z,2026-09-08T17:00:00Z,78724.19140586093,Down,"[""0"", ""1""]",0.01,23212.587993999987,2771.041961,-0.5,0.01,resolved,0x147cef565e9eb9381f6270f89c965168c5d000b6218ad8923b4f06cd31986a67,https://data.chain.link/streams/btc-usd-twap-60s-streams,78689.9718601553,2026-09-08 17:15:52+00
doge-updown-15m-1788886800,DOGE,"Dogecoin Up or Down - September 8, 1:00PM-1:15PM ET",2026-09-08T17:15:00Z,2026-09-08T17:00:00Z,0.09069082024355105,Down,"[""0"", ""1""]",0.1,1018.3483790000001,,-0.4995,0.001,resolved,0x7267bf54a0482ec3490caecd59c6c50ba26914da1c47f7f0cb844ae1a99c5509,https://data.chain.link/streams/doge-usd-twap-60s-streams,0.09025703323869881,2026-09-08 17:15:52+00
eth-updown-15m-1788886800,ETH,"Ethereum Up or Down - September 8, 1:00PM-1:15PM ET",2026-09-08T17:15:00Z,2026-09-08T17:00:00Z,2496.513954993951,Down,"[""0"", ""1""]",0.01,6990.779834,102,-0.5,0.01,resolved,0x067e401791f773c37f3eca9b7563013b1925e6f47d1496b8b20455b5c2e91f4e,https://data.chain.link/streams/eth-usd-twap-60s-streams,2495.5503676697313,2026-09-08 17:15:52+00
hype-updown-15m-1788886800,HYPE,"Hyperliquid Up or Down - September 8, 1:00PM-1:15PM ET",2026-09-08T17:15:00Z,2026-09-08T17:00:00Z,84.27796352636788,Down,"[""0"", ""1""]",0.06,490.49261799999994,,-0.5045,0.001,resolved,0x684148e1b870796997faca9cced34b33d0f3ffc9b07c9f419ac8116d9ec6bd89,https://data.chain.link/streams/hype-usd-twap-60s-streams,84.1542869667611,2026-09-08 17:15:52+00
sol-updown-15m-1788886800,SOL,"Solana Up or Down - September 8, 1:00PM-1:15PM ET",2026-09-08T17:15:00Z,2026-09-08T17:00:00Z,104.19424432671613,Down,"[""0"", ""1""]",0.04,793.8213179999999,,-0.5045,0.001,resolved,0xa8ccb4bde9914c36f5b536b731ca5d530fc46393b2b4c21bf11fcfb30e98aa87,https://data.chain.link/streams/sol-usd-twap-60s-streams,103.95155800990558,2026-09-08 17:15:52+00
xrp-updown-15m-1788886800,XRP,"XRP Up or Down - September 8, 1:00PM-1:15PM ET",2026-09-08T17:15:00Z,2026-09-08T17:00:00Z,1.4363009407242535,Down,"[""0"", ""1""]",0.001,1430.086037,,-0.5045,0.001,resolved,0x0440d56b7e9ceb56c6efab1429a79891dbf29c1a7d71ed0e02b089227dd91b0e,https://data.chain.link/streams/xrp-usd-twap-60s-streams,1.432737221096902,2026-09-08 17:15:52+00
zec-updown-15m-1788886800,ZEC,"ZCash Up or Down - September 8, 1:00PM-1:15PM ET",2026-09-08T17:15:00Z,2026-09-08T17:00:00Z,1193.8794082062022,Down,"[""0"", ""1""]",,,,-0.495,0.01,resolved,0x2ef47e379316948827aafe558db4b3de2b248b679c942744c9b4924d7b0ffab7,https://data.chain.link/streams/zec-usd-twap-60s-streams,1185.1503282506242,2026-09-08 17:15:52+00
bnb-updown-15m-1788887700,BNB,"BNB Up or Down - September 8, 1:15PM-1:30PM ET",2026-09-08T17:30:00Z,2026-09-08T17:15:00Z,754.4858817747072,Down,"[""0"", ""1""]",0.07,120.83894,,-0.5045,0.001,resolved,0x68c97739e05dd0489f8c8b861a944457263332c488757cde3d70848210f6300d,https://data.chain.link/streams/bnb-usd-twap-60s-streams,752.2545696020306,2026-09-08 17:31:25+00
btc-updown-15m-1788887700,BTC,"Bitcoin Up or Down - September 8, 1:15PM-1:30PM ET",2026-09-08T17:30:00Z,2026-09-08T17:15:00Z,78689.9718601553,Down,"[""0"", ""1""]",0.44,14142.600077999992,10.13,-0.5045,0.001,resolved,0xab74a8be852f0e443acd217958b25cff461026b987cf50714065f221df517804,https://data.chain.link/streams/btc-usd-twap-60s-streams,78579.67261055866,2026-09-08 17:31:25+00
doge-updown-15m-1788887700,DOGE,"Dogecoin Up or Down - September 8, 1:15PM-1:30PM ET",2026-09-08T17:30:00Z,2026-09-08T17:15:00Z,0.09025703323869881,Down,"[""0"", ""1""]",0.1,380.496268,,-0.4995,0.001,resolved,0x05b39d51b72dc636a0244bf88ac63ee8638ad36efa0ae0087f856b2ee9799e6d,https://data.chain.link/streams/doge-usd-twap-60s-streams,0.09007999610983353,2026-09-08 17:31:25+00
eth-updown-15m-1788887700,ETH,"Ethereum Up or Down - September 8, 1:15PM-1:30PM ET",2026-09-08T17:30:00Z,2026-09-08T17:15:00Z,2495.5503676697313,Down,"[""0"", ""1""]",0.04,1811.4071520000005,2,-0.5045,0.001,resolved,0x3df3c91edc30cefa8411893e877caf8e28e63ffeecdb40ebd3395a549b317f66,https://data.chain.link/streams/eth-usd-twap-60s-streams,2490.7665495862884,2026-09-08 17:31:25+00
hype-updown-15m-1788887700,HYPE,"Hyperliquid Up or Down - September 8, 1:15PM-1:30PM ET",2026-09-08T17:30:00Z,2026-09-08T17:15:00Z,84.1542869667611,Down,"[""0"", ""1""]",0.13,375.464754,,-0.5045,0.001,resolved,0x883f3fb38dd55a2db9894825aaf7408cfb711800982e31551febb70f373efaa9,https://data.chain.link/streams/hype-usd-twap-60s-streams,83.98513902007356,2026-09-08 17:31:25+00
sol-updown-15m-1788887700,SOL,"Solana Up or Down - September 8, 1:15PM-1:30PM ET",2026-09-08T17:30:00Z,2026-09-08T17:15:00Z,103.95155800990558,Down,"[""0"", ""1""]",0.44,1407.893123,2,-0.5045,0.001,resolved,0xf4a8ee598b943c2c7259ce6a092ddc2a38dd03ba507c6a999f6bcaf012f94ff2,https://data.chain.link/streams/sol-usd-twap-60s-streams,103.79777168612192,2026-09-08 17:31:25+00
xrp-updown-15m-1788887700,XRP,"XRP Up or Down - September 8, 1:15PM-1:30PM ET",2026-09-08T17:30:00Z,2026-09-08T17:15:00Z,1.432737221096902,Down,"[""0"", ""1""]",0.07,480.133515,,-0.5045,0.001,resolved,0x448faed190f568570c6acd35e19effa19cfe31bed6250983ceb5ec08563b295e,https://data.chain.link/streams/xrp-usd-twap-60s-streams,1.4266612195735944,2026-09-08 17:31:25+00
zec-updown-15m-1788887700,ZEC,"ZCash Up or Down - September 8, 1:15PM-1:30PM ET",2026-09-08T17:30:00Z,2026-09-08T17:15:00Z,1185.1503282506242,Down,"[""0"", ""1""]",,,,-0.495,0.01,resolved,0xc3a5680bf8bda6efff93c45d6541eb417a1f705411a80e6244b32659ece532a3,https://data.chain.link/streams/zec-usd-twap-60s-streams,1181.6674213774022,2026-09-08 17:31:25+00
bnb-updown-15m-1788888600,BNB,"BNB Up or Down - September 8, 1:30PM-1:45PM ET",2026-09-08T17:45:00Z,2026-09-08T17:30:00Z,752.2545696020306,Up,"[""1"", ""0""]",0.999,263.50555399999996,,0.4945,0.001,resolved,0x84ac80af10d9984eea1546acdadff44a121f3ccbf2ce42b5c5cfa637b6325e28,https://data.chain.link/streams/bnb-usd-twap-60s-streams,752.5923086558425,2026-09-08 17:45:52+00
btc-updown-15m-1788888600,BTC,"Bitcoin Up or Down - September 8, 1:30PM-1:45PM ET",2026-09-08T17:45:00Z,2026-09-08T17:30:00Z,78579.67261055866,Down,"[""0"", ""1""]",0.03,27917.583785000003,2,-0.5,0.01,resolved,0x0a14d146ce0f73b05b354685c018047c9f1c4502544af491daed2d1c98a27ca9,https://data.chain.link/streams/btc-usd-twap-60s-streams,78549.31497260388,2026-09-08 17:45:52+00
doge-updown-15m-1788888600,DOGE,"Dogecoin Up or Down - September 8, 1:30PM-1:45PM ET",2026-09-08T17:45:00Z,2026-09-08T17:30:00Z,0.09007999610983353,Up,"[""1"", ""0""]",0.99,410.83376000000004,,0.495,0.01,resolved,0x807b55b2d6488732eb85e9cb6bbf5cd24de496879f24d4f3b742b955197f9bd7,https://data.chain.link/streams/doge-usd-twap-60s-streams,0.09010985077866716,2026-09-08 17:45:52+00
eth-updown-15m-1788888600,ETH,"Ethereum Up or Down - September 8, 1:30PM-1:45PM ET",2026-09-08T17:45:00Z,2026-09-08T17:30:00Z,2490.7665495862884,Down,"[""0"", ""1""]",0.14,4453.816223,2,-0.5,0.01,resolved,0x8d3f416496e89fca20e76ce69f6b862d2a00795ba454f018ca3cc6a5412b2eb1,https://data.chain.link/streams/eth-usd-twap-60s-streams,2489.504884960774,2026-09-08 17:45:52+00
hype-updown-15m-1788888600,HYPE,"Hyperliquid Up or Down - September 8, 1:30PM-1:45PM ET",2026-09-08T17:45:00Z,2026-09-08T17:30:00Z,83.98513902007356,Down,"[""0"", ""1""]",0.16,215.638089,,-0.5045,0.001,resolved,0xf2640eb88cdc67aa27f92cce05fc58641d4b69eaf4e2a9152999e2d8f724f4f4,https://data.chain.link/streams/hype-usd-twap-60s-streams,83.8722501555419,2026-09-08 17:45:52+00
sol-updown-15m-1788888600,SOL,"Solana Up or Down - September 8, 1:30PM-1:45PM ET",2026-09-08T17:45:00Z,2026-09-08T17:30:00Z,103.79777168612192,Down,"[""0"", ""1""]",0.01,3446.641859,2,-0.5,0.01,resolved,0x1bbfbcd0799f4a375827394c20a06f0c7a2a3e3f5ce118bc30999b59381431b5,https://data.chain.link/streams/sol-usd-twap-60s-streams,103.79045824933688,2026-09-08 17:45:52+00
xrp-updown-15m-1788888600,XRP,"XRP Up or Down - September 8, 1:30PM-1:45PM ET",2026-09-08T17:45:00Z,2026-09-08T17:30:00Z,1.4266612195735944,Up,"[""1"", ""0""]",0.99,989.374666,,0.4945,0.001,resolved,0xcc64013b53bca2b6e53f18dc5b5c9e8d779d845e83b4c6d1dc4b325756aa161e,https://data.chain.link/streams/xrp-usd-twap-60s-streams,1.4294081484553323,2026-09-08 17:45:52+00
zec-updown-15m-1788888600,ZEC,"ZCash Up or Down - September 8, 1:30PM-1:45PM ET",2026-09-08T17:45:00Z,2026-09-08T17:30:00Z,1181.6674213774022,Down,"[""0"", ""1""]",,,,-0.495,0.01,resolved,0x56d057a83c5f70d08b5d3c33b9228c0c4941036c73210bb341e19fb5559a226b,https://data.chain.link/streams/zec-usd-twap-60s-streams,1177.856249287606,2026-09-08 17:45:52+00
bnb-updown-15m-1788889500,BNB,"BNB Up or Down - September 8, 1:45PM-2:00PM ET",2026-09-08T18:00:00Z,2026-09-08T17:45:00Z,752.5923086558425,Down,"[""0"", ""1""]",0.01,743.616661,,-0.5045,0.001,resolved,0xd366fc073adc2ca58d3dabcaa4a866285f7991ce21c639ad084dbb18e6cf8238,https://data.chain.link/streams/bnb-usd-twap-60s-streams,751.8882120598691,2026-09-08 18:01:25+00
btc-updown-15m-1788889500,BTC,"Bitcoin Up or Down - September 8, 1:45PM-2:00PM ET",2026-09-08T18:00:00Z,2026-09-08T17:45:00Z,78549.31497260388,Down,"[""0"", ""1""]",0.01,26451.270200000003,2,-0.5045,0.001,resolved,0x66dc53ce43b0a69795da46f00f0798be09d36194c2749ab50beb906a7bf8e9e1,https://data.chain.link/streams/btc-usd-twap-60s-streams,78497.64772270805,2026-09-08 18:01:30+00
doge-updown-15m-1788889500,DOGE,"Dogecoin Up or Down - September 8, 1:45PM-2:00PM ET",2026-09-08T18:00:00Z,2026-09-08T17:45:00Z,0.09010985077866716,Down,"[""0"", ""1""]",0.04,731.7663820000001,,-0.4995,0.001,resolved,0x83d58ac10d2115d8ae28b99b103d31612b62e6ec894d0691a1086c1d373b7f86,https://data.chain.link/streams/doge-usd-twap-60s-streams,0.09003987085304847,2026-09-08 18:01:25+00
eth-updown-15m-1788889500,ETH,"Ethereum Up or Down - September 8, 1:45PM-2:00PM ET",2026-09-08T18:00:00Z,2026-09-08T17:45:00Z,2489.504884960774,Down,"[""0"", ""1""]",0.01,4528.140676000001,2,-0.5045,0.001,resolved,0x854aa5556cd8c5d02a6fe756cc8aee4bbbe2fa5b45883a8b6809d014c553204a,https://data.chain.link/streams/eth-usd-twap-60s-streams,2487.9335319550823,2026-09-08 18:01:25+00
hype-updown-15m-1788889500,HYPE,"Hyperliquid Up or Down - September 8, 1:45PM-2:00PM ET",2026-09-08T18:00:00Z,2026-09-08T17:45:00Z,83.8722501555419,Up,"[""1"", ""0""]",0.99,1722.2986030000004,,0.4945,0.001,resolved,0x4822b1479646777c0a9b3cf46e9732f2ce24f06ca91485ed2e40a86c424a5f17,https://data.chain.link/streams/hype-usd-twap-60s-streams,83.87328147914172,2026-09-08 18:01:25+00
sol-updown-15m-1788889500,SOL,"Solana Up or Down - September 8, 1:45PM-2:00PM ET",2026-09-08T18:00:00Z,2026-09-08T17:45:00Z,103.79045824933688,Down,"[""0"", ""1""]",0.1,992.0719089999999,,-0.5045,0.001,resolved,0xa892a7dfd4ad0b918ed16c209747f45e237e2755644c28a1346ff8bb1ccb1a59,https://data.chain.link/streams/sol-usd-twap-60s-streams,103.70107191767825,2026-09-08 18:01:25+00
xrp-updown-15m-1788889500,XRP,"XRP Up or Down - September 8, 1:45PM-2:00PM ET",2026-09-08T18:00:00Z,2026-09-08T17:45:00Z,1.4294081484553323,Down,"[""0"", ""1""]",0.1,1546.3035900000002,,-0.5045,0.001,resolved,0x2b2c816d6760f66d2d32e19f81a85a27b07b5e70148ecd6d35a5fcaeaba47c34,https://data.chain.link/streams/xrp-usd-twap-60s-streams,1.4270890086240569,2026-09-08 18:01:25+00
zec-updown-15m-1788889500,ZEC,"ZCash Up or Down - September 8, 1:45PM-2:00PM ET",2026-09-08T18:00:00Z,2026-09-08T17:45:00Z,1177.856249287606,Down,"[""0"", ""1""]",,,,-0.495,0.01,resolved,0x0fdc652f074ac6b56548b084dcb7b108538cf4768d61a7565159dfc1df3cc4f5,https://data.chain.link/streams/zec-usd-twap-60s-streams,1175.9085111478535,2026-09-08 18:01:25+00
bnb-updown-15m-1788890400,BNB,"BNB Up or Down - September 8, 2:00PM-2:15PM ET",2026-09-08T18:15:00Z,2026-09-08T18:00:00Z,751.8882120598691,Up,"[""1"", ""0""]",0.999,504.542845,,0.4995,0.001,resolved,0xfb31494213477ee5abdd3167474814ea1d9829e90b5c5bf311a175e52e24120e,https://data.chain.link/streams/bnb-usd-twap-60s-streams,752.9665660006415,2026-09-08 18:15:52+00
btc-updown-15m-1788890400,BTC,"Bitcoin Up or Down - September 8, 2:00PM-2:15PM ET",2026-09-08T18:15:00Z,2026-09-08T18:00:00Z,78497.64772270805,Up,"[""1"", ""0""]",0.999,30205.917034000002,2804.661961,0.4945,0.001,resolved,0x928d27c4335337def4568067ab39814f1195547fcb53c15972a3b1b553db3408,https://data.chain.link/streams/btc-usd-twap-60s-streams,78658.77640838534,2026-09-08 18:15:52+00
doge-updown-15m-1788890400,DOGE,"Dogecoin Up or Down - September 8, 2:00PM-2:15PM ET",2026-09-08T18:15:00Z,2026-09-08T18:00:00Z,0.09003987085304847,Up,"[""1"", ""0""]",0.999,834.344201,,0.4995,0.001,resolved,0xe51250d6c9678f13855bb742b6a3828be05e14207bf941d63844dfb918ddee11,https://data.chain.link/streams/doge-usd-twap-60s-streams,0.0904251918925199,2026-09-08 18:15:52+00
eth-updown-15m-1788890400,ETH,"Ethereum Up or Down - September 8, 2:00PM-2:15PM ET",2026-09-08T18:15:00Z,2026-09-08T18:00:00Z,2487.9335319550823,Up,"[""1"", ""0""]",0.999,2689.2328740000003,5,0.4945,0.001,resolved,0x74eca03d9cc776bc3545277011a71b2344f869055d3ae859e81ca150f1f6f08f,https://data.chain.link/streams/eth-usd-twap-60s-streams,2496.8909943536023,2026-09-08 18:15:52+00
hype-updown-15m-1788890400,HYPE,"Hyperliquid Up or Down - September 8, 2:00PM-2:15PM ET",2026-09-08T18:15:00Z,2026-09-08T18:00:00Z,83.87328147914172,Up,"[""1"", ""0""]",0.999,510.84000999999995,,0.4945,0.001,resolved,0xfe21c0a5f6e393fa2c0fdd0f83a18f0c34904c1257ec9401d2a31c223f68c163,https://data.chain.link/streams/hype-usd-twap-60s-streams,84.32408489489441,2026-09-08 18:15:58+00
sol-updown-15m-1788890400,SOL,"Solana Up or Down - September 8, 2:00PM-2:15PM ET",2026-09-08T18:15:00Z,2026-09-08T18:00:00Z,103.70107191767825,Up,"[""1"", ""0""]",0.999,823.1683159999999,,0.4945,0.001,resolved,0xd86473433029af9f0f5552fb83e46852e76250b1c234f0a4b5d9f2ce3b5cc397,https://data.chain.link/streams/sol-usd-twap-60s-streams,104.06765990882161,2026-09-08 18:15:52+00
xrp-updown-15m-1788890400,XRP,"XRP Up or Down - September 8, 2:00PM-2:15PM ET",2026-09-08T18:15:00Z,2026-09-08T18:00:00Z,1.4270890086240569,Up,"[""1"", ""0""]",0.999,309.21733500000005,,0.4945,0.001,resolved,0xecd964bb0835013a9e3b3d372d8317eb8b0968170e26318eefb61b1277b1812c,https://data.chain.link/streams/xrp-usd-twap-60s-streams,1.4360496804874403,2026-09-08 18:15:52+00
zec-updown-15m-1788890400,ZEC,"ZCash Up or Down - September 8, 2:00PM-2:15PM ET",2026-09-08T18:15:00Z,2026-09-08T18:00:00Z,1175.9085111478535,Up,"[""1"", ""0""]",,,,0.495,0.01,resolved,0xe1010b1abf5ae2ab662225c4c909bbfd7c39a430841728c7af22b9e4068d61c7,https://data.chain.link/streams/zec-usd-twap-60s-streams,1180.7433408603908,2026-09-08 18:15:52+00
bnb-updown-15m-1788891300,BNB,"BNB Up or Down - September 8, 2:15PM-2:30PM ET",2026-09-08T18:30:00Z,2026-09-08T18:15:00Z,752.9665660006415,Down,"[""0"", ""1""]",0.02,527.970716,,-0.5045,0.001,resolved,0x4454579ef07cee5efc1ef96f56ad7e06c59fa915800b3d3942e9382e7beeff61,https://data.chain.link/streams/bnb-usd-twap-60s-streams,752.6955805235366,2026-09-08 18:31:25+00
btc-updown-15m-1788891300,BTC,"Bitcoin Up or Down - September 8, 2:15PM-2:30PM ET",2026-09-08T18:30:00Z,2026-09-08T18:15:00Z,78658.77640838534,Up,"[""1"", ""0""]",0.999,13741.379965,,0.4945,0.001,resolved,0x355be51d9cefa120bac8240755ca1a9e23e7747e4f31d22510b0d58708ee4ac3,https://data.chain.link/streams/btc-usd-twap-60s-streams,78714.03058271836,2026-09-08 18:31:25+00
doge-updown-15m-1788891300,DOGE,"Dogecoin Up or Down - September 8, 2:15PM-2:30PM ET",2026-09-08T18:30:00Z,2026-09-08T18:15:00Z,0.0904251918925199,Up,"[""1"", ""0""]",0.99,652.180819,,0.4995,0.001,resolved,0x42cc9e689a00a239af509b6f00e5b8f4ba0be6e7a66d70f45c8a1121baedaac6,https://data.chain.link/streams/doge-usd-twap-60s-streams,0.09053377106100009,2026-09-08 18:31:25+00
eth-updown-15m-1788891300,ETH,"Ethereum Up or Down - September 8, 2:15PM-2:30PM ET",2026-09-08T18:30:00Z,2026-09-08T18:15:00Z,2496.8909943536023,Up,"[""1"", ""0""]",0.999,3465.625677,,0.4945,0.001,resolved,0xd511db6929045dc667e4bb8ffede63d8200ce6e99d5b8293437c776f2f170cbc,https://data.chain.link/streams/eth-usd-twap-60s-streams,2499.7397631167437,2026-09-08 18:31:25+00
hype-updown-15m-1788891300,HYPE,"Hyperliquid Up or Down - September 8, 2:15PM-2:30PM ET",2026-09-08T18:30:00Z,2026-09-08T18:15:00Z,84.32408489489441,Down,"[""0"", ""1""]",0.13,573.6300489999999,,-0.5045,0.001,resolved,0x677e619757ea9fa0fbba8915b67de1529bacb7aabcae7fcdff19229610778299,https://data.chain.link/streams/hype-usd-twap-60s-streams,84.254537333732,2026-09-08 18:31:25+00
sol-updown-15m-1788891300,SOL,"Solana Up or Down - September 8, 2:15PM-2:30PM ET",2026-09-08T18:30:00Z,2026-09-08T18:15:00Z,104.06765990882161,Up,"[""1"", ""0""]",0.999,1202.4066790000004,,0.4945,0.001,resolved,0x5437e747e5366e6e1d52b8d66eae3c5715bcc348bc8917159b2212c9bd5c5310,https://data.chain.link/streams/sol-usd-twap-60s-streams,104.21709097906555,2026-09-08 18:31:25+00
xrp-updown-15m-1788891300,XRP,"XRP Up or Down - September 8, 2:15PM-2:30PM ET",2026-09-08T18:30:00Z,2026-09-08T18:15:00Z,1.4360496804874403,Up,"[""1"", ""0""]",0.999,877.0202739999997,,0.4945,0.001,resolved,0xd96f4cd4fb7693bd8725f68d2a4444a0438bf03bfa0ff4bda33040341dd25f8d,https://data.chain.link/streams/xrp-usd-twap-60s-streams,1.439523253492753,2026-09-08 18:31:25+00
zec-updown-15m-1788891300,ZEC,"ZCash Up or Down - September 8, 2:15PM-2:30PM ET",2026-09-08T18:30:00Z,2026-09-08T18:15:00Z,1180.7433408603908,Down,"[""0"", ""1""]",0.01,,,-0.495,0.01,resolved,0x0cf9784b0add7751eaa403f929c38531557d708d93901ed21412eb1f0eeaface,https://data.chain.link/streams/zec-usd-twap-60s-streams,1169.8729787094635,2026-09-08 18:31:25+00
bnb-updown-15m-1788892200,BNB,"BNB Up or Down - September 8, 2:30PM-2:45PM ET",2026-09-08T18:45:00Z,2026-09-08T18:30:00Z,752.6955805235366,Down,"[""0"", ""1""]",0.1,118.27833499999998,,-0.5045,0.001,resolved,0x8410ebde59227c8e2248158602afc7c491f3fdad517fb7a885d7bbca3777b6d6,https://data.chain.link/streams/bnb-usd-twap-60s-streams,750.8448657929541,2026-09-08 18:45:52+00
btc-updown-15m-1788892200,BTC,"Bitcoin Up or Down - September 8, 2:30PM-2:45PM ET",2026-09-08T18:45:00Z,2026-09-08T18:30:00Z,78714.03058271836,Down,"[""0"", ""1""]",0.001,20113.41988599999,18,-0.5045,0.001,resolved,0x227060ea7b3606072a890c3c5bef19bad0b284021b3450a6c47a668a2f6e514d,https://data.chain.link/streams/btc-usd-twap-60s-streams,78595.04767984664,2026-09-08 18:45:52+00
doge-updown-15m-1788892200,DOGE,"Dogecoin Up or Down - September 8, 2:30PM-2:45PM ET",2026-09-08T18:45:00Z,2026-09-08T18:30:00Z,0.09053377106100009,Down,"[""0"", ""1""]",0.03,168.49050100000002,,-0.4995,0.001,resolved,0x586466e1aca6ef3281c86a97d7217404c8ca1be1c1378428d5262398beb6aa4b,https://data.chain.link/streams/doge-usd-twap-60s-streams,0.09027883437749509,2026-09-08 18:45:52+00
eth-updown-15m-1788892200,ETH,"Ethereum Up or Down - September 8, 2:30PM-2:45PM ET",2026-09-08T18:45:00Z,2026-09-08T18:30:00Z,2499.7397631167437,Down,"[""0"", ""1""]",0.01,3414.655205,495.4,-0.4995,0.001,resolved,0x94998adfcfdaf7940e8d0507b2dafc37366ff365cc6797dcf0e070b82544cdf4,https://data.chain.link/streams/eth-usd-twap-60s-streams,2495.436962381068,2026-09-08 18:45:52+00
hype-updown-15m-1788892200,HYPE,"Hyperliquid Up or Down - September 8, 2:30PM-2:45PM ET",2026-09-08T18:45:00Z,2026-09-08T18:30:00Z,84.254537333732,Up,"[""1"", ""0""]",0.999,507.84703199999996,,0.4995,0.001,resolved,0x171c54181581012d0b64077b491d2ec617bd49fdf10fb498f4268e9a5da83242,https://data.chain.link/streams/hype-usd-twap-60s-streams,84.41282010582566,2026-09-08 18:45:52+00
sol-updown-15m-1788892200,SOL,"Solana Up or Down - September 8, 2:30PM-2:45PM ET",2026-09-08T18:45:00Z,2026-09-08T18:30:00Z,104.21709097906555,Down,"[""0"", ""1""]",0.1,702.118187,,-0.5045,0.001,resolved,0xc5a3dc7ff5759ef225c0588046006ffc11eba221d072d9af1812e55d00c35f2f,https://data.chain.link/streams/sol-usd-twap-60s-streams,104.08908438785951,2026-09-08 18:45:52+00
xrp-updown-15m-1788892200,XRP,"XRP Up or Down - September 8, 2:30PM-2:45PM ET",2026-09-08T18:45:00Z,2026-09-08T18:30:00Z,1.439523253492753,Down,"[""0"", ""1""]",0.01,637.9204809999999,,-0.5045,0.001,resolved,0x0549669f060d3ca7269a10b5903b094766a74ee15500a0e429f7346a3477273d,https://data.chain.link/streams/xrp-usd-twap-60s-streams,1.4363176087525036,2026-09-08 18:45:52+00
zec-updown-15m-1788892200,ZEC,"ZCash Up or Down - September 8, 2:30PM-2:45PM ET",2026-09-08T18:45:00Z,2026-09-08T18:30:00Z,1169.8729787094635,Up,"[""1"", ""0""]",,,,0.495,0.01,resolved,0xb7ba042eb7dbb17cab4c8a095a986cf886bdec3729c34ea1ca736ee3c658cc7f,https://data.chain.link/streams/zec-usd-twap-60s-streams,1170.0964171395967,2026-09-08 18:45:52+00
bnb-updown-15m-1788893100,BNB,"BNB Up or Down - September 8, 2:45PM-3:00PM ET",2026-09-08T19:00:00Z,2026-09-08T18:45:00Z,750.8448657929541,Down,"[""0"", ""1""]",0.05,253.53856799999997,,-0.5045,0.001,resolved,0xf94b2cf1252931250e7ee2a7529a64e1425fa696b1d576152cc265fdc1d7cb12,https://data.chain.link/streams/bnb-usd-twap-60s-streams,749.37802109274,2026-09-08 19:00:54+00
btc-updown-15m-1788893100,BTC,"Bitcoin Up or Down - September 8, 2:45PM-3:00PM ET",2026-09-08T19:00:00Z,2026-09-08T18:45:00Z,78595.04767984664,Down,"[""0"", ""1""]",0.004,35025.410065,,-0.5045,0.001,resolved,0xb47a5e6240d8b0a8584d43d896e8039517f259c120a2b2731470660b6af0c5cb,https://data.chain.link/streams/btc-usd-twap-60s-streams,78434.89184692416,2026-09-08 19:00:52+00
doge-updown-15m-1788893100,DOGE,"Dogecoin Up or Down - September 8, 2:45PM-3:00PM ET",2026-09-08T19:00:00Z,2026-09-08T18:45:00Z,0.09027883437749509,Down,"[""0"", ""1""]",0.01,322.936364,,-0.4995,0.001,resolved,0xf93c9b00cd17a4bf374bea3509d38c23fca59c4ec59f941ccc2d85c548b615cb,https://data.chain.link/streams/doge-usd-twap-60s-streams,0.0895615583104255,2026-09-08 19:00:54+00
eth-updown-15m-1788893100,ETH,"Ethereum Up or Down - September 8, 2:45PM-3:00PM ET",2026-09-08T19:00:00Z,2026-09-08T18:45:00Z,2495.436962381068,Down,"[""0"", ""1""]",0.021,3009.209565999999,,-0.5045,0.001,resolved,0x0944d8be76cf6262a24102c5b49f744a62a50126109ee3b18d9fe1aa99127672,https://data.chain.link/streams/eth-usd-twap-60s-streams,2486.6139158244823,2026-09-08 19:00:54+00
hype-updown-15m-1788893100,HYPE,"Hyperliquid Up or Down - September 8, 2:45PM-3:00PM ET",2026-09-08T19:00:00Z,2026-09-08T18:45:00Z,84.41282010582566,Down,"[""0"", ""1""]",0.01,1956.3690589999999,,-0.025,0.46,resolved,0x1e7a75bbecd50bd8b1ba6e6f19feacfc63e2963a68c5003d09c9b872f83d9cfc,https://data.chain.link/streams/hype-usd-twap-60s-streams,84.4074179309769,2026-09-08 19:00:54+00
sol-updown-15m-1788893100,SOL,"Solana Up or Down - September 8, 2:45PM-3:00PM ET",2026-09-08T19:00:00Z,2026-09-08T18:45:00Z,104.08908438785951,Down,"[""0"", ""1""]",0.05,857.163192,,-0.5045,0.001,resolved,0x89b6fdb2bdd80afcc6cac33b66cee093a5b1a4398821ef81323f4cc322c1abfe,https://data.chain.link/streams/sol-usd-twap-60s-streams,103.35982963551032,2026-09-08 19:00:54+00
xrp-updown-15m-1788893100,XRP,"XRP Up or Down - September 8, 2:45PM-3:00PM ET",2026-09-08T19:00:00Z,2026-09-08T18:45:00Z,1.4363176087525036,Down,"[""0"", ""1""]",0.02,987.0290259999999,,-0.5045,0.001,resolved,0xfe11e87f110e7dc4affcadb4e035c9444b6de32c2685295a76f8116eb4fcc0e2,https://data.chain.link/streams/xrp-usd-twap-60s-streams,1.4306396568159379,2026-09-08 19:00:52+00
zec-updown-15m-1788893100,ZEC,"ZCash Up or Down - September 8, 2:45PM-3:00PM ET",2026-09-08T19:00:00Z,2026-09-08T18:45:00Z,1170.0964171395967,Down,"[""0"", ""1""]",,,,-0.4945,0.009,resolved,0xcf4cfb1b9209b19adffceba806734e52d099628d9c733e582077c41a4c42a582,https://data.chain.link/streams/zec-usd-twap-60s-streams,1162.0642383531024,2026-09-08 19:00:52+00
bnb-updown-15m-1788894000,BNB,"BNB Up or Down - September 8, 3:00PM-3:15PM ET",2026-09-08T19:15:00Z,2026-09-08T19:00:00Z,749.37802109274,Down,"[""0"", ""1""]",0.01,1165.6613069999999,,-0.5,0.01,resolved,0x744dc32fe0cc77a8109aafd94302e0133711931e7c4360e52ce698e1259eb00b,https://data.chain.link/streams/bnb-usd-twap-60s-streams,749.2067170895962,2026-09-08 19:15:52+00
btc-updown-15m-1788894000,BTC,"Bitcoin Up or Down - September 8, 3:00PM-3:15PM ET",2026-09-08T19:15:00Z,2026-09-08T19:00:00Z,78434.89184692416,Up,"[""1"", ""0""]",0.99,35193.126335,2910.95,0.49,0.01,resolved,0x0eb43ca0e2fd2a4d5bee0187e6e0c8b1d26ceed860abd21a68009c06ed74fe39,https://data.chain.link/streams/btc-usd-twap-60s-streams,78460.86635787871,2026-09-08 19:15:57+00
doge-updown-15m-1788894000,DOGE,"Dogecoin Up or Down - September 8, 3:00PM-3:15PM ET",2026-09-08T19:15:00Z,2026-09-08T19:00:00Z,0.0895615583104255,Up,"[""1"", ""0""]",0.99,1011.760807,,0.4995,0.001,resolved,0xee818ad91b02e7f44ee2f7421afd7beb68f7ec2f33f83bb58c38357d0beaa0c2,https://data.chain.link/streams/doge-usd-twap-60s-streams,0.08978322361388562,2026-09-08 19:15:52+00
eth-updown-15m-1788894000,ETH,"Ethereum Up or Down - September 8, 3:00PM-3:15PM ET",2026-09-08T19:15:00Z,2026-09-08T19:00:00Z,2486.6139158244823,Down,"[""0"", ""1""]",0.02,4816.41828,,-0.5,0.01,resolved,0x5b7291f86408fbd8ada98750ccb405036863b506478d4ec4aa85650f31df9de2,https://data.chain.link/streams/eth-usd-twap-60s-streams,2486.4628785109117,2026-09-08 19:15:52+00
hype-updown-15m-1788894000,HYPE,"Hyperliquid Up or Down - September 8, 3:00PM-3:15PM ET",2026-09-08T19:15:00Z,2026-09-08T19:00:00Z,84.4074179309769,Up,"[""1"", ""0""]",0.999,1242.5580810000001,,0.4945,0.001,resolved,0xa197687073c057626f78d689bdbb4f7e9f0f6c02ebe8ff48199b29c0cece1d38,https://data.chain.link/streams/hype-usd-twap-60s-streams,84.56060821614233,2026-09-08 19:15:52+00
sol-updown-15m-1788894000,SOL,"Solana Up or Down - September 8, 3:00PM-3:15PM ET",2026-09-08T19:15:00Z,2026-09-08T19:00:00Z,103.35982963551032,Up,"[""1"", ""0""]",0.999,2052.397408,,0.4945,0.001,resolved,0x795e3cab5344fd1e15b51cfaee582322c32b62b334c93b7367e24ad0fd44fe7a,https://data.chain.link/streams/sol-usd-twap-60s-streams,103.41149922776266,2026-09-08 19:15:52+00
xrp-updown-15m-1788894000,XRP,"XRP Up or Down - September 8, 3:00PM-3:15PM ET",2026-09-08T19:15:00Z,2026-09-08T19:00:00Z,1.4306396568159379,Down,"[""0"", ""1""]",0.02,716.8471359999999,,-0.5,0.01,resolved,0x27702b4b73c606ed635076de362f0eaf15b3f80b7b4fdb0e30aaf0b579df80f1,https://data.chain.link/streams/xrp-usd-twap-60s-streams,1.429053517852585,2026-09-08 19:15:52+00
zec-updown-15m-1788894000,ZEC,"ZCash Up or Down - September 8, 3:00PM-3:15PM ET",2026-09-08T19:15:00Z,2026-09-08T19:00:00Z,1162.0642383531024,Down,"[""0"", ""1""]",,,,-0.495,0.01,resolved,0xa006525ff27d4508f773d31a0e364093bbec4d98a38ede4f9664a2a4bf9782b0,https://data.chain.link/streams/zec-usd-twap-60s-streams,1157.7571282692834,2026-09-08 19:15:52+00
bnb-updown-15m-1788894900,BNB,"BNB Up or Down - September 8, 3:15PM-3:30PM ET",2026-09-08T19:30:00Z,2026-09-08T19:15:00Z,749.2067170895962,Up,"[""1"", ""0""]",0.99,377.998494,,0.49,0.01,resolved,0x2bd8b0b9f49ef57d981247c0307647d2ffb6f488f58e787c467db93137bfd439,https://data.chain.link/streams/bnb-usd-twap-60s-streams,749.9370655258965,2026-09-08 19:30:54+00
btc-updown-15m-1788894900,BTC,"Bitcoin Up or Down - September 8, 3:15PM-3:30PM ET",2026-09-08T19:30:00Z,2026-09-08T19:15:00Z,78460.86635787871,Down,"[""0"", ""1""]",0.01,30579.593009000015,3.97,-0.5,0.01,resolved,0xb9fe8fc8c65ebdaac6df11f60978bf638fb4a5d5650863043bc048ef43ca6c6d,https://data.chain.link/streams/btc-usd-twap-60s-streams,78453.71321142199,2026-09-08 19:30:54+00
doge-updown-15m-1788894900,DOGE,"Dogecoin Up or Down - September 8, 3:15PM-3:30PM ET",2026-09-08T19:30:00Z,2026-09-08T19:15:00Z,0.08978322361388562,Down,"[""0"", ""1""]",0.03,860.1828820000001,,-0.495,0.01,resolved,0x79497737cc5693f61b0cd6604f16f238d5149ce9f9c469063e8ba4b5bc8bbbe6,https://data.chain.link/streams/doge-usd-twap-60s-streams,0.08976490577487028,2026-09-08 19:30:54+00
eth-updown-15m-1788894900,ETH,"Ethereum Up or Down - September 8, 3:15PM-3:30PM ET",2026-09-08T19:30:00Z,2026-09-08T19:15:00Z,2486.4628785109117,Down,"[""0"", ""1""]",0.17,4031.951844,5.980393,-0.49,0.01,resolved,0x41c778945076c5132a7ba58205fbbec273bb61f97e3ac307f6ace1c948c9b782,https://data.chain.link/streams/eth-usd-twap-60s-streams,2485.9067850803326,2026-09-08 19:30:54+00
hype-updown-15m-1788894900,HYPE,"Hyperliquid Up or Down - September 8, 3:15PM-3:30PM ET",2026-09-08T19:30:00Z,2026-09-08T19:15:00Z,84.56060821614233,Down,"[""0"", ""1""]",0.09,600.062088,,-0.5,0.008,resolved,0xe40fae93d21c11287cd0f7eb811f475298e831e187176fed3268c911cd51ab2b,https://data.chain.link/streams/hype-usd-twap-60s-streams,84.46616666885508,2026-09-08 19:30:54+00
sol-updown-15m-1788894900,SOL,"Solana Up or Down - September 8, 3:15PM-3:30PM ET",2026-09-08T19:30:00Z,2026-09-08T19:15:00Z,103.41149922776266,Down,"[""0"", ""1""]",0.001,2278.246313,,-0.5045,0.001,resolved,0xbdc01178d038c9bb07ac7073840e250a93e4b764d892f1360e1650e6a08a16f7,https://data.chain.link/streams/sol-usd-twap-60s-streams,103.27622394031738,2026-09-08 19:30:54+00
xrp-updown-15m-1788894900,XRP,"XRP Up or Down - September 8, 3:15PM-3:30PM ET",2026-09-08T19:30:00Z,2026-09-08T19:15:00Z,1.429053517852585,Down,"[""0"", ""1""]",0.01,1510.5639379999998,,-0.495,0.01,resolved,0x500369556019e7b6b6972cd9ab49a2bcf8c70a021f7f84843dc4057e414f96e2,https://data.chain.link/streams/xrp-usd-twap-60s-streams,1.4270398841908287,2026-09-08 19:30:54+00
zec-updown-15m-1788894900,ZEC,"ZCash Up or Down - September 8, 3:15PM-3:30PM ET",2026-09-08T19:30:00Z,2026-09-08T19:15:00Z,1157.7571282692834,Down,"[""0"", ""1""]",,,,-0.005,0.99,resolved,0x625f85718a9699f459dfb737eee747459ef280c05ce0bf7cb05781cd0dede330,https://data.chain.link/streams/zec-usd-twap-60s-streams,1153.1669540878872,2026-09-08 19:30:54+00
bnb-updown-15m-1788895800,BNB,"BNB Up or Down - September 8, 3:30PM-3:45PM ET",2026-09-08T19:45:00Z,2026-09-08T19:30:00Z,749.9370655258965,Down,"[""0"", ""1""]",0.08,394.67138300000005,,-0.5045,0.001,resolved,0x2e2e5495bae17581a49c0d304d0c322c2164b20813ccd8f70d33c32f85b060eb,https://data.chain.link/streams/bnb-usd-twap-60s-streams,748.7491544658092,2026-09-08 19:45:52+00
btc-updown-15m-1788895800,BTC,"Bitcoin Up or Down - September 8, 3:30PM-3:45PM ET",2026-09-08T19:45:00Z,2026-09-08T19:30:00Z,78453.71321142199,Down,"[""0"", ""1""]",0.03,27231.428355999997,,-0.5,0.01,resolved,0x6c63fd8a1adab4f7c0bde94db063d685e3e8fe736ae8424ab2e489102fd794b6,https://data.chain.link/streams/btc-usd-twap-60s-streams,78410.04003672578,2026-09-08 19:45:52+00
doge-updown-15m-1788895800,DOGE,"Dogecoin Up or Down - September 8, 3:30PM-3:45PM ET",2026-09-08T19:45:00Z,2026-09-08T19:30:00Z,0.08976490577487028,Down,"[""0"", ""1""]",0.1,1805.6786440000003,,-0.495,0.01,resolved,0x6340f41a16d1f3e4654d1f861e9872837d89039709d0c8b7aed13e3dde1ea2c2,https://data.chain.link/streams/doge-usd-twap-60s-streams,0.08969844510221253,2026-09-08 19:45:52+00
eth-updown-15m-1788895800,ETH,"Ethereum Up or Down - September 8, 3:30PM-3:45PM ET",2026-09-08T19:45:00Z,2026-09-08T19:30:00Z,2485.9067850803326,Down,"[""0"", ""1""]",0.02,4707.886964,,-0.5045,0.001,resolved,0xbf1625f8203afb8435683b77c1098b7b2233250a5425156b3fd597f8241ec749,https://data.chain.link/streams/eth-usd-twap-60s-streams,2482.3465560099257,2026-09-08 19:45:52+00
hype-updown-15m-1788895800,HYPE,"Hyperliquid Up or Down - September 8, 3:30PM-3:45PM ET",2026-09-08T19:45:00Z,2026-09-08T19:30:00Z,84.46616666885508,Down,"[""0"", ""1""]",0.05,343.631542,,-0.5045,0.001,resolved,0x9368757715143592ff72bbb8a92a5b540a7de3e564c935b42ee386162f8007f5,https://data.chain.link/streams/hype-usd-twap-60s-streams,84.23839942105468,2026-09-08 19:45:52+00
sol-updown-15m-1788895800,SOL,"Solana Up or Down - September 8, 3:30PM-3:45PM ET",2026-09-08T19:45:00Z,2026-09-08T19:30:00Z,103.27622394031738,Down,"[""0"", ""1""]",0.07,1293.3715620000003,,-0.5045,0.001,resolved,0x5ac7a3ac74bb52cbbe5ba5ee6d85c62ee82cbd1ce64cf28e711f1914465e74b1,https://data.chain.link/streams/sol-usd-twap-60s-streams,103.16373587827992,2026-09-08 19:45:52+00
xrp-updown-15m-1788895800,XRP,"XRP Up or Down - September 8, 3:30PM-3:45PM ET",2026-09-08T19:45:00Z,2026-09-08T19:30:00Z,1.4270398841908287,Down,"[""0"", ""1""]",0.05,1710.4030450000005,,-0.5045,0.001,resolved,0xe770b8650650aa6ac59b1f1d82efc302035d3324bf0763291b5526f4d52049cc,https://data.chain.link/streams/xrp-usd-twap-60s-streams,1.424194497281644,2026-09-08 19:45:54+00
zec-updown-15m-1788895800,ZEC,"ZCash Up or Down - September 8, 3:30PM-3:45PM ET",2026-09-08T19:45:00Z,2026-09-08T19:30:00Z,1153.1669540878872,Up,"[""1"", ""0""]",,,,0.495,0.01,resolved,0xa23a0446e8ed63efa95e0a21864263d2195971db00e332db84b66b406ca1efce,https://data.chain.link/streams/zec-usd-twap-60s-streams,1153.5833143222287,2026-09-08 19:45:52+00
bnb-updown-15m-1788896700,BNB,"BNB Up or Down - September 8, 3:45PM-4:00PM ET",2026-09-08T20:00:00Z,2026-09-08T19:45:00Z,748.7491544658092,Down,"[""0"", ""1""]",0.08,263.925379,,-0.5045,0.001,resolved,0x21f472b05305dd3c7468f7214a46b570bd37f67e41f00c130ae8a77008b94a1e,https://data.chain.link/streams/bnb-usd-twap-60s-streams,748.1732175497121,2026-09-08 20:01:25+00
btc-updown-15m-1788896700,BTC,"Bitcoin Up or Down - September 8, 3:45PM-4:00PM ET",2026-09-08T20:00:00Z,2026-09-08T19:45:00Z,78410.04003672578,Down,"[""0"", ""1""]",0.01,16684.859815,,-0.5045,0.001,resolved,0x0de94bb691ab7e4c626c43a3abea2e33dda2a22ca5594d193a22ed845ab42c54,https://data.chain.link/streams/btc-usd-twap-60s-streams,78376.09079765945,2026-09-08 20:01:27+00
doge-updown-15m-1788896700,DOGE,"Dogecoin Up or Down - September 8, 3:45PM-4:00PM ET",2026-09-08T20:00:00Z,2026-09-08T19:45:00Z,0.08969844510221253,Down,"[""0"", ""1""]",0.06,578.993157,,-0.4995,0.001,resolved,0x3e3a379cd8007da0ba0d32d24ac60aa4bcfdaa0267dd0fafa66298a95e8cd005,https://data.chain.link/streams/doge-usd-twap-60s-streams,0.08941169829443693,2026-09-08 20:01:25+00
eth-updown-15m-1788896700,ETH,"Ethereum Up or Down - September 8, 3:45PM-4:00PM ET",2026-09-08T20:00:00Z,2026-09-08T19:45:00Z,2482.3465560099257,Down,"[""0"", ""1""]",0.01,4467.405198,,-0.5045,0.001,resolved,0x61b6546923a9b193e4cb020867466dfca1cd8fe0c089aa09d1a0892356b3dbe0,https://data.chain.link/streams/eth-usd-twap-60s-streams,2479.5898705812497,2026-09-08 20:01:25+00
hype-updown-15m-1788896700,HYPE,"Hyperliquid Up or Down - September 8, 3:45PM-4:00PM ET",2026-09-08T20:00:00Z,2026-09-08T19:45:00Z,84.23839942105468,Down,"[""0"", ""1""]",0.21,216.241607,,-0.5045,0.001,resolved,0xa0ecf56f37d49a11655262e3495e4e84fe360bb3cc1685829c369a8bbbcd7afc,https://data.chain.link/streams/hype-usd-twap-60s-streams,84.11623253725202,2026-09-08 20:01:25+00
sol-updown-15m-1788896700,SOL,"Solana Up or Down - September 8, 3:45PM-4:00PM ET",2026-09-08T20:00:00Z,2026-09-08T19:45:00Z,103.16373587827992,Down,"[""0"", ""1""]",0.03,894.916264,,-0.5045,0.001,resolved,0x81d9f06d5f97b3f44dfc708758d7c197e630e622077d70d5565b2ace3872f7b8,https://data.chain.link/streams/sol-usd-twap-60s-streams,103.02345596711376,2026-09-08 20:01:25+00
xrp-updown-15m-1788896700,XRP,"XRP Up or Down - September 8, 3:45PM-4:00PM ET",2026-09-08T20:00:00Z,2026-09-08T19:45:00Z,1.424194497281644,Down,"[""0"", ""1""]",0.07,910.70022,,-0.5045,0.001,resolved,0xbf4dbfc2668d8c2790eee3adef5873eb73934aeff78dd18f62eafd3bb53363bd,https://data.chain.link/streams/xrp-usd-twap-60s-streams,1.4206820546428935,2026-09-08 20:01:25+00
zec-updown-15m-1788896700,ZEC,"ZCash Up or Down - September 8, 3:45PM-4:00PM ET",2026-09-08T20:00:00Z,2026-09-08T19:45:00Z,1153.5833143222287,Down,"[""0"", ""1""]",,,,-0.4995,0.001,resolved,0x82963c17d39eb77c8e184fda5e0623727484739ee51300cea5c34ebc461336a8,https://data.chain.link/streams/zec-usd-twap-60s-streams,1147.3281792724213,2026-09-08 20:01:27+00
bnb-updown-15m-1788897600,BNB,"BNB Up or Down - September 8, 4:00PM-4:15PM ET",2026-09-08T20:15:00Z,2026-09-08T20:00:00Z,748.1732175497121,Up,"[""1"", ""0""]",0.999,170.93349300000003,,0.4945,0.001,resolved,0x445023ddb491a479b76190288ab32769f202ca820c0477f6f9beb4ed9b74a9ef,https://data.chain.link/streams/bnb-usd-twap-60s-streams,750.7127053873124,2026-09-08 20:16:25+00
btc-updown-15m-1788897600,BTC,"Bitcoin Up or Down - September 8, 4:00PM-4:15PM ET",2026-09-08T20:15:00Z,2026-09-08T20:00:00Z,78376.09079765945,Up,"[""1"", ""0""]",0.999,12333.412091,2771.38,0.4945,0.001,resolved,0xe0ef609607957e88f1de152f4dfd4815d28688768fa74560c1e4ab1840cebd29,https://data.chain.link/streams/btc-usd-twap-60s-streams,78577.86108750694,2026-09-08 20:15:52+00
doge-updown-15m-1788897600,DOGE,"Dogecoin Up or Down - September 8, 4:00PM-4:15PM ET",2026-09-08T20:15:00Z,2026-09-08T20:00:00Z,0.08941169829443693,Up,"[""1"", ""0""]",0.99,135.761926,,0.4995,0.001,resolved,0x211c7050eb050941054b1d0d8f5376ef439987d1da126e2fcf346a00849318d3,https://data.chain.link/streams/doge-usd-twap-60s-streams,0.09023782304688434,2026-09-08 20:15:52+00
eth-updown-15m-1788897600,ETH,"Ethereum Up or Down - September 8, 4:00PM-4:15PM ET",2026-09-08T20:15:00Z,2026-09-08T20:00:00Z,2479.5898705812497,Up,"[""1"", ""0""]",0.999,2395.752538,5,0.4945,0.001,resolved,0x8dc0952ae9d3b9d7b021be19c9ba85b37f7406d65111496923f5196e2ddac86e,https://data.chain.link/streams/eth-usd-twap-60s-streams,2489.842854646982,2026-09-08 20:15:52+00
hype-updown-15m-1788897600,HYPE,"Hyperliquid Up or Down - September 8, 4:00PM-4:15PM ET",2026-09-08T20:15:00Z,2026-09-08T20:00:00Z,84.11623253725202,Up,"[""1"", ""0""]",0.999,240.421,,0.4945,0.001,resolved,0xe533feffc722f05cbecddfba3f8edf6aabeec6d447585488150c25343c4f144c,https://data.chain.link/streams/hype-usd-twap-60s-streams,84.49456574063272,2026-09-08 20:16:25+00
sol-updown-15m-1788897600,SOL,"Solana Up or Down - September 8, 4:00PM-4:15PM ET",2026-09-08T20:15:00Z,2026-09-08T20:00:00Z,103.02345596711376,Up,"[""1"", ""0""]",0.99,374.00810600000005,,0.4945,0.001,resolved,0xa889abc955f7183b6d63daad4b951f24cd822004a7a6438370d05ca5a6506846,https://data.chain.link/streams/sol-usd-twap-60s-streams,103.5907846773578,2026-09-08 20:15:52+00
xrp-updown-15m-1788897600,XRP,"XRP Up or Down - September 8, 4:00PM-4:15PM ET",2026-09-08T20:15:00Z,2026-09-08T20:00:00Z,1.4206820546428935,Up,"[""1"", ""0""]",0.999,1575.3013319999998,,0.4945,0.001,resolved,0x32c5602391c2fc0e25e3c31de93b9452e81498447031f2f7772f350df4fa6c50,https://data.chain.link/streams/xrp-usd-twap-60s-streams,1.4251092799282707,2026-09-08 20:16:25+00
zec-updown-15m-1788897600,ZEC,"ZCash Up or Down - September 8, 4:00PM-4:15PM ET",2026-09-08T20:15:00Z,2026-09-08T20:00:00Z,1147.3281792724213,Up,"[""1"", ""0""]",,,,0.495,0.01,resolved,0x3f39694244b94dfca3fec7789164aa41dcd4eebad729d9eec77139b701504721,https://data.chain.link/streams/zec-usd-twap-60s-streams,1150.43887515929,2026-09-08 20:16:24+00
bnb-updown-15m-1788898500,BNB,"BNB Up or Down - September 8, 4:15PM-4:30PM ET",2026-09-08T20:30:00Z,2026-09-08T20:15:00Z,750.7127053873124,Down,"[""0"", ""1""]",0.06,245.005737,35.29,-0.4945,0.001,resolved,0xff28ed9f88942921175e407aba7318ac9330c9c494f8f0748c43ce0b5c8db486,https://data.chain.link/streams/bnb-usd-twap-60s-streams,750.4772974708718,2026-09-08 20:31:25+00
btc-updown-15m-1788898500,BTC,"Bitcoin Up or Down - September 8, 4:15PM-4:30PM ET",2026-09-08T20:30:00Z,2026-09-08T20:15:00Z,78577.86108750694,Up,"[""1"", ""0""]",0.99,35136.751638999995,,0.49,0.01,resolved,0x12b45ade4c6eee40a24ca784d0fcb8c1ee1a3a986bf2bc0a677e4e2cd59847c4,https://data.chain.link/streams/btc-usd-twap-60s-streams,78579.24387702388,2026-09-08 20:31:25+00
doge-updown-15m-1788898500,DOGE,"Dogecoin Up or Down - September 8, 4:15PM-4:30PM ET",2026-09-08T20:30:00Z,2026-09-08T20:15:00Z,0.09023782304688434,Down,"[""0"", ""1""]",0.05,373.885968,,-0.4995,0.001,resolved,0xa2a29cf24edf3d2fecad0fd4551169504d534258dfbf936e00ef21944b52aa5d,https://data.chain.link/streams/doge-usd-twap-60s-streams,0.08998822500377622,2026-09-08 20:31:25+00
eth-updown-15m-1788898500,ETH,"Ethereum Up or Down - September 8, 4:15PM-4:30PM ET",2026-09-08T20:30:00Z,2026-09-08T20:15:00Z,2489.842854646982,Down,"[""0"", ""1""]",0.01,2900.8840020000002,,-0.5045,0.001,resolved,0xfe66bceeb516ed445ccc5dab89b300cd8fdca3f75e2367da99d48fd0f3bd22d6,https://data.chain.link/streams/eth-usd-twap-60s-streams,2487.0865479574363,2026-09-08 20:31:25+00
hype-updown-15m-1788898500,HYPE,"Hyperliquid Up or Down - September 8, 4:15PM-4:30PM ET",2026-09-08T20:30:00Z,2026-09-08T20:15:00Z,84.49456574063272,Down,"[""0"", ""1""]",0.03,122.57979999999999,,-0.5045,0.001,resolved,0x44a5880dd8077d7d6338ba9cf56717d0b169fe532e12f5e94b27e0cdb81cbb66,https://data.chain.link/streams/hype-usd-twap-60s-streams,84.33312426483394,2026-09-08 20:31:25+00
sol-updown-15m-1788898500,SOL,"Solana Up or Down - September 8, 4:15PM-4:30PM ET",2026-09-08T20:30:00Z,2026-09-08T20:15:00Z,103.5907846773578,Down,"[""0"", ""1""]",0.13,566.861891,,-0.5045,0.001,resolved,0x9f42619b7434116cc770e4eabb469783f15bf988c4662276a6564470b8ae30f8,https://data.chain.link/streams/sol-usd-twap-60s-streams,103.45357973812366,2026-09-08 20:31:25+00
xrp-updown-15m-1788898500,XRP,"XRP Up or Down - September 8, 4:15PM-4:30PM ET",2026-09-08T20:30:00Z,2026-09-08T20:15:00Z,1.4251092799282707,Down,"[""0"", ""1""]",0.013,293.531611,,-0.5045,0.001,resolved,0x29cecfdaa0eea081ef18953a8daaf72be5d57f73bfa762df6dadf2d80f4c0a24,https://data.chain.link/streams/xrp-usd-twap-60s-streams,1.4197950698679198,2026-09-08 20:31:25+00
zec-updown-15m-1788898500,ZEC,"ZCash Up or Down - September 8, 4:15PM-4:30PM ET",2026-09-08T20:30:00Z,2026-09-08T20:15:00Z,1150.43887515929,Down,"[""0"", ""1""]",,,,-0.495,0.01,resolved,0x25b191adf541c79ebb3b77ba3a7b547c7367b41ff7bc8c4f766df81560a41459,https://data.chain.link/streams/zec-usd-twap-60s-streams,1149.8517467814745,2026-09-08 20:31:25+00
bnb-updown-15m-1788899400,BNB,"BNB Up or Down - September 8, 4:30PM-4:45PM ET",2026-09-08T20:45:00Z,2026-09-08T20:30:00Z,750.4772974708718,Up,"[""1"", ""0""]",0.99,634.423055,,0.4945,0.001,resolved,0xb9727efe0a75c09a7286966864c8ed994b5adaeb1b3adb006b3b984b3e267dac,https://data.chain.link/streams/bnb-usd-twap-60s-streams,750.6302157808555,2026-09-08 20:45:52+00
btc-updown-15m-1788899400,BTC,"Bitcoin Up or Down - September 8, 4:30PM-4:45PM ET",2026-09-08T20:45:00Z,2026-09-08T20:30:00Z,78579.24387702388,Down,"[""0"", ""1""]",0.01,18593.11058599999,,-0.5045,0.001,resolved,0xc84c3682026c7009b7a64f09e349976533b520232e2727dabcf4828717814c55,https://data.chain.link/streams/btc-usd-twap-60s-streams,78523.19887065171,2026-09-08 20:45:52+00
doge-updown-15m-1788899400,DOGE,"Dogecoin Up or Down - September 8, 4:30PM-4:45PM ET",2026-09-08T20:45:00Z,2026-09-08T20:30:00Z,0.08998822500377622,Down,"[""0"", ""1""]",0.05,205.90230000000003,,-0.4995,0.001,resolved,0x47046f9d520ca1e86ff9ed0addc34f6296f0e15037746a32df9058bf2529b495,https://data.chain.link/streams/doge-usd-twap-60s-streams,0.08975969776079765,2026-09-08 20:45:52+00
eth-updown-15m-1788899400,ETH,"Ethereum Up or Down - September 8, 4:30PM-4:45PM ET",2026-09-08T20:45:00Z,2026-09-08T20:30:00Z,2487.0865479574363,Down,"[""0"", ""1""]",0.024,2939.693574000001,,-0.5045,0.001,resolved,0x25e6619f1489fbf4f461f0cd3fdaf02ce75d3c48ea0a92b47e4c6a9f486a0329,https://data.chain.link/streams/eth-usd-twap-60s-streams,2483.6157838900085,2026-09-08 20:45:52+00
hype-updown-15m-1788899400,HYPE,"Hyperliquid Up or Down - September 8, 4:30PM-4:45PM ET",2026-09-08T20:45:00Z,2026-09-08T20:30:00Z,84.33312426483394,Up,"[""1"", ""0""]",0.99,355.769493,,0.49,0.01,resolved,0x916a7e049e90b42e50ee042a9b8f6b8a99406928fc1706b1c61d4a08a08a1a5b,https://data.chain.link/streams/hype-usd-twap-60s-streams,84.45024778701567,2026-09-08 20:45:52+00
sol-updown-15m-1788899400,SOL,"Solana Up or Down - September 8, 4:30PM-4:45PM ET",2026-09-08T20:45:00Z,2026-09-08T20:30:00Z,103.45357973812366,Down,"[""0"", ""1""]",0.02,503.716758,,-0.5045,0.001,resolved,0xad589a12ae5a48c95fb8a66bc75b32c32acf95fd27c98fd3afb8d4791e343a33,https://data.chain.link/streams/sol-usd-twap-60s-streams,103.25879890760147,2026-09-08 20:45:52+00
xrp-updown-15m-1788899400,XRP,"XRP Up or Down - September 8, 4:30PM-4:45PM ET",2026-09-08T20:45:00Z,2026-09-08T20:30:00Z,1.4197950698679198,Down,"[""0"", ""1""]",0.021,615.6986009999999,,-0.5045,0.001,resolved,0x675bc21dc95c9a06c211ee9be080e4e81ef2df843b81bd2290603151ea09738b,https://data.chain.link/streams/xrp-usd-twap-60s-streams,1.4170461526261868,2026-09-08 20:45:52+00
zec-updown-15m-1788899400,ZEC,"ZCash Up or Down - September 8, 4:30PM-4:45PM ET",2026-09-08T20:45:00Z,2026-09-08T20:30:00Z,1149.8517467814745,Up,"[""1"", ""0""]",,,,0.495,0.01,resolved,0xdf8e64dee48fbcd678550b486f97a4ea84e4146acdd6ebb19d795ddf24821675,https://data.chain.link/streams/zec-usd-twap-60s-streams,1154.89318281589,2026-09-08 20:45:52+00
bnb-updown-15m-1788900300,BNB,"BNB Up or Down - September 8, 4:45PM-5:00PM ET",2026-09-08T21:00:00Z,2026-09-08T20:45:00Z,750.6302157808555,Up,"[""1"", ""0""]",0.99,297.146519,,0.49,0.01,resolved,0xc1093d9a0e522858174df46131dda04c000144ef8593e51be2a1b8ba1f23b837,https://data.chain.link/streams/bnb-usd-twap-60s-streams,751.1012204009288,2026-09-08 21:00:52+00
btc-updown-15m-1788900300,BTC,"Bitcoin Up or Down - September 8, 4:45PM-5:00PM ET",2026-09-08T21:00:00Z,2026-09-08T20:45:00Z,78523.19887065171,Down,"[""0"", ""1""]",0.01,20478.838785999993,,-0.5,0.01,resolved,0xf03d400ae4961596c0c4aa60171904b7d534538bfd73cd933dbea393da162065,https://data.chain.link/streams/btc-usd-twap-60s-streams,78487.7122532537,2026-09-08 21:00:52+00
doge-updown-15m-1788900300,DOGE,"Dogecoin Up or Down - September 8, 4:45PM-5:00PM ET",2026-09-08T21:00:00Z,2026-09-08T20:45:00Z,0.08975969776079765,Down,"[""0"", ""1""]",0.05,309.145103,,-0.495,0.01,resolved,0xdcc35915b8f86de9162ffd164ebd2df43d035992d15a64d6a998aa5f14609674,https://data.chain.link/streams/doge-usd-twap-60s-streams,0.08968523543068442,2026-09-08 21:00:52+00
eth-updown-15m-1788900300,ETH,"Ethereum Up or Down - September 8, 4:45PM-5:00PM ET",2026-09-08T21:00:00Z,2026-09-08T20:45:00Z,2483.6157838900085,Up,"[""1"", ""0""]",0.99,4013.1057520000004,,0.49,0.01,resolved,0x81be31ce7372e244a209975b9eff19f38ebf6bde359ac07b0c8c659714d350ae,https://data.chain.link/streams/eth-usd-twap-60s-streams,2484.7442162383795,2026-09-08 21:00:52+00
hype-updown-15m-1788900300,HYPE,"Hyperliquid Up or Down - September 8, 4:45PM-5:00PM ET",2026-09-08T21:00:00Z,2026-09-08T20:45:00Z,84.45024778701567,Down,"[""0"", ""1""]",0.06,700.089476,,-0.4995,0.009,resolved,0xb09e13818edb4987ee6884d85ef5096e2bd8b5ff4409158890cc127ff5572dc9,https://data.chain.link/streams/hype-usd-twap-60s-streams,84.24220203971066,2026-09-08 21:00:52+00
sol-updown-15m-1788900300,SOL,"Solana Up or Down - September 8, 4:45PM-5:00PM ET",2026-09-08T21:00:00Z,2026-09-08T20:45:00Z,103.25879890760147,Down,"[""0"", ""1""]",0.07,389.17505899999986,,-0.5,0.01,resolved,0xc5f8da79f5e5c2d339dd791c2b98ab83ccbe4d821c21d8fe2ff18e3c2e46c0a6,https://data.chain.link/streams/sol-usd-twap-60s-streams,103.12320454855077,2026-09-08 21:00:52+00
xrp-updown-15m-1788900300,XRP,"XRP Up or Down - September 8, 4:45PM-5:00PM ET",2026-09-08T21:00:00Z,2026-09-08T20:45:00Z,1.4170461526261868,Down,"[""0"", ""1""]",0.07,748.8807949999998,,-0.5,0.01,resolved,0xa8e36eba96c43e1b108aaab2461c74e56ac362856bedafd03dc57c3875826bcc,https://data.chain.link/streams/xrp-usd-twap-60s-streams,1.4148792380772017,2026-09-08 21:00:52+00
zec-updown-15m-1788900300,ZEC,"ZCash Up or Down - September 8, 4:45PM-5:00PM ET",2026-09-08T21:00:00Z,2026-09-08T20:45:00Z,1154.89318281589,Up,"[""1"", ""0""]",,,,0.005,0.99,resolved,0x52cfbf02f9f3a4197092f79491eed337f555499dccb95bd21b94166cce28c3be,https://data.chain.link/streams/zec-usd-twap-60s-streams,1156.8874615940429,2026-09-08 21:00:52+00
bnb-updown-15m-1788901200,BNB,"BNB Up or Down - September 8, 5:00PM-5:15PM ET",2026-09-08T21:15:00Z,2026-09-08T21:00:00Z,751.1012204009288,Up,"[""1"", ""0""]",0.999,134.113522,,0.4945,0.001,resolved,0x205210e15c5a6e378aa77366853304c2787af2045e0114f346f79999a594f886,https://data.chain.link/streams/bnb-usd-twap-60s-streams,751.8320165712165,2026-09-08 21:15:52+00
btc-updown-15m-1788901200,BTC,"Bitcoin Up or Down - September 8, 5:00PM-5:15PM ET",2026-09-08T21:15:00Z,2026-09-08T21:00:00Z,78487.7122532537,Up,"[""1"", ""0""]",0.999,17404.019626,2791.38,0.4945,0.001,resolved,0xbbcea2001fa073b570dc35c1b36b8b64aa7d0e1ed9a87cb33006bb0ce9bc6059,https://data.chain.link/streams/btc-usd-twap-60s-streams,78538.1992541102,2026-09-08 21:15:52+00
doge-updown-15m-1788901200,DOGE,"Dogecoin Up or Down - September 8, 5:00PM-5:15PM ET",2026-09-08T21:15:00Z,2026-09-08T21:00:00Z,0.08968523543068442,Up,"[""1"", ""0""]",0.999,177.345056,,0.4995,0.001,resolved,0x4ab07e2d54dbd41e0e53d0ee3f9d779abe79bee12302893fcbb43c25253f4460,https://data.chain.link/streams/doge-usd-twap-60s-streams,0.08994289789799417,2026-09-08 21:15:52+00
eth-updown-15m-1788901200,ETH,"Ethereum Up or Down - September 8, 5:00PM-5:15PM ET",2026-09-08T21:15:00Z,2026-09-08T21:00:00Z,2484.7442162383795,Up,"[""1"", ""0""]",0.99,6654.377123999999,100,0.49,0.01,resolved,0xa78f50d17eebe730d58e6dc3e9acf45da2bff60fa37d6bea6356f91cae56ad40,https://data.chain.link/streams/eth-usd-twap-60s-streams,2485.1046626666175,2026-09-08 21:15:52+00
hype-updown-15m-1788901200,HYPE,"Hyperliquid Up or Down - September 8, 5:00PM-5:15PM ET",2026-09-08T21:15:00Z,2026-09-08T21:00:00Z,84.24220203971066,Up,"[""1"", ""0""]",0.999,130.438,,0.4945,0.001,resolved,0xa4a6d44c73669544f7aa256bf8b8a53bf609ba7b2f54a28dd37fdb589c9a9735,https://data.chain.link/streams/hype-usd-twap-60s-streams,84.46090655430388,2026-09-08 21:15:52+00
sol-updown-15m-1788901200,SOL,"Solana Up or Down - September 8, 5:00PM-5:15PM ET",2026-09-08T21:15:00Z,2026-09-08T21:00:00Z,103.12320454855077,Up,"[""1"", ""0""]",0.999,567.5043270000001,,0.4945,0.001,resolved,0x7e3d577ffcbb6d36942c3b42198d8146d23e285c936a73e8e7c9ad7cafa87d29,https://data.chain.link/streams/sol-usd-twap-60s-streams,103.26284013191861,2026-09-08 21:15:52+00
xrp-updown-15m-1788901200,XRP,"XRP Up or Down - September 8, 5:00PM-5:15PM ET",2026-09-08T21:15:00Z,2026-09-08T21:00:00Z,1.4148792380772017,Up,"[""1"", ""0""]",0.999,568.966842,,0.4945,0.001,resolved,0xcf6f9dcba63d2414af2dbd4849f671e4c9f13041b71aade4b7341cbf350f8467,https://data.chain.link/streams/xrp-usd-twap-60s-streams,1.4197355418936226,2026-09-08 21:15:52+00
zec-updown-15m-1788901200,ZEC,"ZCash Up or Down - September 8, 5:00PM-5:15PM ET",2026-09-08T21:15:00Z,2026-09-08T21:00:00Z,1156.8874615940429,Up,"[""1"", ""0""]",,,,0.5045,0.001,resolved,0xdc09a2d625a5d538fff528f7f3c06b74676d65afeb53ee4875df638d69795437,https://data.chain.link/streams/zec-usd-twap-60s-streams,1169.2438002100828,2026-09-08 21:15:52+00
bnb-updown-15m-1788902100,BNB,"BNB Up or Down - September 8, 5:15PM-5:30PM ET",2026-09-08T21:30:00Z,2026-09-08T21:15:00Z,751.8320165712165,Up,"[""1"", ""0""]",0.99,2735.638999,,0.4945,0.001,resolved,0x9b7a5c8679ea7782984e5942edc634d157efb809b6556b9499b712ddfc78b9ce,https://data.chain.link/streams/bnb-usd-twap-60s-streams,752.1739067852548,2026-09-08 21:31:25+00
btc-updown-15m-1788902100,BTC,"Bitcoin Up or Down - September 8, 5:15PM-5:30PM ET",2026-09-08T21:30:00Z,2026-09-08T21:15:00Z,78538.1992541102,Down,"[""0"", ""1""]",0.01,39857.015121000004,,-0.5,0.01,resolved,0x0ae5991ea3e0db7afe979cd80dc3ad57fc1b41ce4ec6a3eb1a208a75fd85b58b,https://data.chain.link/streams/btc-usd-twap-60s-streams,78537.83673492893,2026-09-08 21:31:25+00
doge-updown-15m-1788902100,DOGE,"Dogecoin Up or Down - September 8, 5:15PM-5:30PM ET",2026-09-08T21:30:00Z,2026-09-08T21:15:00Z,0.08994289789799417,Down,"[""0"", ""1""]",0.05,1433.1928389999998,,-0.4995,0.001,resolved,0x08142a0d522813f9d33adac8cd1ce3bd2a16c0c82cee4284b1ae162c34b9355f,https://data.chain.link/streams/doge-usd-twap-60s-streams,0.08974329441491605,2026-09-08 21:31:25+00
eth-updown-15m-1788902100,ETH,"Ethereum Up or Down - September 8, 5:15PM-5:30PM ET",2026-09-08T21:30:00Z,2026-09-08T21:15:00Z,2485.1046626666175,Down,"[""0"", ""1""]",0.02,8457.343797999998,,-0.5045,0.001,resolved,0x99042e32127bddc0074d8b2f203be81052ba5636513a553352823ee1951bb1fc,https://data.chain.link/streams/eth-usd-twap-60s-streams,2482.979024828541,2026-09-08 21:31:25+00
hype-updown-15m-1788902100,HYPE,"Hyperliquid Up or Down - September 8, 5:15PM-5:30PM ET",2026-09-08T21:30:00Z,2026-09-08T21:15:00Z,84.46090655430388,Down,"[""0"", ""1""]",0.05,1145.6796060000001,,-0.5045,0.001,resolved,0x6a4bb00a84477f3781ad6e825d09095e62b9b24a6d6d9aefc4f9d8f5e900a6bf,https://data.chain.link/streams/hype-usd-twap-60s-streams,84.37650731078092,2026-09-08 21:31:25+00
sol-updown-15m-1788902100,SOL,"Solana Up or Down - September 8, 5:15PM-5:30PM ET",2026-09-08T21:30:00Z,2026-09-08T21:15:00Z,103.26284013191861,Down,"[""0"", ""1""]",0.01,1973.2817350000003,137.52,-0.4645,0.001,resolved,0x3635026d32505a96e655718c4ce2457ede57eb7ce2dc0b76df5f0b8f522ec636,https://data.chain.link/streams/sol-usd-twap-60s-streams,103.0499195540232,2026-09-08 21:31:25+00
xrp-updown-15m-1788902100,XRP,"XRP Up or Down - September 8, 5:15PM-5:30PM ET",2026-09-08T21:30:00Z,2026-09-08T21:15:00Z,1.4197355418936226,Down,"[""0"", ""1""]",0.01,2025.594197,,-0.5,0.01,resolved,0xb6545e4fb5b1596acea85c95af3f20d2294f739ad7a68291cb0f5170037c6e5c,https://data.chain.link/streams/xrp-usd-twap-60s-streams,1.41964868297214,2026-09-08 21:31:25+00
zec-updown-15m-1788902100,ZEC,"ZCash Up or Down - September 8, 5:15PM-5:30PM ET",2026-09-08T21:30:00Z,2026-09-08T21:15:00Z,1169.2438002100828,Down,"[""0"", ""1""]",,,,-0.495,0.01,resolved,0xe49a90c97a5844204230c85c43ba6ee21f338c47ce7f7bef2b7daadccbc30def,https://data.chain.link/streams/zec-usd-twap-60s-streams,1168.3209772014998,2026-09-08 21:31:25+00
bnb-updown-15m-1788903000,BNB,"BNB Up or Down - September 8, 5:30PM-5:45PM ET",2026-09-08T21:45:00Z,2026-09-08T21:30:00Z,752.1739067852548,Down,"[""0"", ""1""]",0.1,1699.3400909999996,,-0.5,0.01,resolved,0x7f302911153e99b4e3fef3946d8e231a54b88a7bbca306515704568009e46ebc,https://data.chain.link/streams/bnb-usd-twap-60s-streams,752.0099257804937,2026-09-08 21:45:52+00
btc-updown-15m-1788903000,BTC,"Bitcoin Up or Down - September 8, 5:30PM-5:45PM ET",2026-09-08T21:45:00Z,2026-09-08T21:30:00Z,78537.83673492893,Down,"[""0"", ""1""]",0.01,60603.492168999976,,-0.5,0.01,resolved,0x6d0e67f503a256e6f7fd215720b99421aa344917aceb19c07ab85c5300135e4c,https://data.chain.link/streams/btc-usd-twap-60s-streams,78527.68277187672,2026-09-08 21:45:52+00
doge-updown-15m-1788903000,DOGE,"Dogecoin Up or Down - September 8, 5:30PM-5:45PM ET",2026-09-08T21:45:00Z,2026-09-08T21:30:00Z,0.08974329441491605,Up,"[""1"", ""0""]",0.99,665.1009839999999,,0.495,0.01,resolved,0x3af40800a9eb4358fd1bb85dfa902d0736a7e2938809144cfd66a2a557fba2ee,https://data.chain.link/streams/doge-usd-twap-60s-streams,0.08978518577769232,2026-09-08 21:45:52+00
eth-updown-15m-1788903000,ETH,"Ethereum Up or Down - September 8, 5:30PM-5:45PM ET",2026-09-08T21:45:00Z,2026-09-08T21:30:00Z,2482.979024828541,Up,"[""1"", ""0""]",0.99,8820.730175,,0.49,0.01,resolved,0x388bdb8dd6f993a7785294ac7df6ff42b31056ef61c186d606dfd698f2b8cb30,https://data.chain.link/streams/eth-usd-twap-60s-streams,2483.0413725935978,2026-09-08 21:45:52+00
hype-updown-15m-1788903000,HYPE,"Hyperliquid Up or Down - September 8, 5:30PM-5:45PM ET",2026-09-08T21:45:00Z,2026-09-08T21:30:00Z,84.37650731078092,Up,"[""1"", ""0""]",0.99,454.67128900000006,,0.49,0.01,resolved,0xf4c4552723d268c1b4bee2436abcd79229950e0a4275e15d339384124640576e,https://data.chain.link/streams/hype-usd-twap-60s-streams,84.41875498457699,2026-09-08 21:45:52+00
sol-updown-15m-1788903000,SOL,"Solana Up or Down - September 8, 5:30PM-5:45PM ET",2026-09-08T21:45:00Z,2026-09-08T21:30:00Z,103.0499195540232,Up,"[""1"", ""0""]",0.99,2222.8895909999997,,0.49,0.01,resolved,0x4bcbec5c194531a8d688ab4a5e92966ae6fe5bbd7e3f8f11fa29b07652292c78,https://data.chain.link/streams/sol-usd-twap-60s-streams,103.05918935052733,2026-09-08 21:45:52+00
xrp-updown-15m-1788903000,XRP,"XRP Up or Down - September 8, 5:30PM-5:45PM ET",2026-09-08T21:45:00Z,2026-09-08T21:30:00Z,1.41964868297214,Up,"[""1"", ""0""]",0.99,1644.3109179999997,,0.49,0.01,resolved,0xc60cfc77e8b3bec1a4a30f57731547ee1b89f50ed309c28a6b46ce7530fe318f,https://data.chain.link/streams/xrp-usd-twap-60s-streams,1.420615300989294,2026-09-08 21:45:52+00
zec-updown-15m-1788903000,ZEC,"ZCash Up or Down - September 8, 5:30PM-5:45PM ET",2026-09-08T21:45:00Z,2026-09-08T21:30:00Z,1168.3209772014998,Up,"[""1"", ""0""]",,,,0.495,0.01,resolved,0xb4c4ea873383c7a00f369f09e296ff7ed5c18e135f456e16c7bdb00f7968c9a0,https://data.chain.link/streams/zec-usd-twap-60s-streams,1168.4479998319352,2026-09-08 21:45:52+00
bnb-updown-15m-1788903900,BNB,"BNB Up or Down - September 8, 5:45PM-6:00PM ET",2026-09-08T22:00:00Z,2026-09-08T21:45:00Z,752.0099257804937,Down,"[""0"", ""1""]",0.31,636.900747,,-0.5,0.01,resolved,0x9264ed6fe405771e2e55b25584fc86e8aaacc862b087ed5f1c6a08f8914a7810,https://data.chain.link/streams/bnb-usd-twap-60s-streams,751.7149493383987,2026-09-08 22:00:52+00
btc-updown-15m-1788903900,BTC,"Bitcoin Up or Down - September 8, 5:45PM-6:00PM ET",2026-09-08T22:00:00Z,2026-09-08T21:45:00Z,78527.68277187672,Down,"[""0"", ""1""]",0.001,40962.54272499999,,-0.5045,0.001,resolved,0x1f4c12fb766ec0d75011ecfe58dac25676d7b7de11b5ccb8b5d5506e5ac25f65,https://data.chain.link/streams/btc-usd-twap-60s-streams,78473.91457452244,2026-09-08 22:00:52+00
doge-updown-15m-1788903900,DOGE,"Dogecoin Up or Down - September 8, 5:45PM-6:00PM ET",2026-09-08T22:00:00Z,2026-09-08T21:45:00Z,0.08978518577769232,Down,"[""0"", ""1""]",0.08,130.935091,,-0.4995,0.001,resolved,0x61ccbeafcb83bee7e55b4f151372f51e7a8e03c1b2ec516b673d46060cd83be9,https://data.chain.link/streams/doge-usd-twap-60s-streams,0.0895375790558211,2026-09-08 22:00:52+00
eth-updown-15m-1788903900,ETH,"Ethereum Up or Down - September 8, 5:45PM-6:00PM ET",2026-09-08T22:00:00Z,2026-09-08T21:45:00Z,2483.0413725935978,Down,"[""0"", ""1""]",0.009,2434.4634499999997,,-0.5045,0.001,resolved,0x3a24bf77c9fefac82b21a6e564accc0b624eb5ddb11db24f34be42d9b83ac9dd,https://data.chain.link/streams/eth-usd-twap-60s-streams,2482.363266809967,2026-09-08 22:00:54+00
hype-updown-15m-1788903900,HYPE,"Hyperliquid Up or Down - September 8, 5:45PM-6:00PM ET",2026-09-08T22:00:00Z,2026-09-08T21:45:00Z,84.41875498457699,Down,"[""0"", ""1""]",0.03,603.471501,,-0.4995,0.009,resolved,0x418927095c380c1f9ab37c78d72792a8ca1851391a8ac001c76de91a63324796,https://data.chain.link/streams/hype-usd-twap-60s-streams,84.3850400921004,2026-09-08 22:00:52+00
sol-updown-15m-1788903900,SOL,"Solana Up or Down - September 8, 5:45PM-6:00PM ET",2026-09-08T22:00:00Z,2026-09-08T21:45:00Z,103.05918935052733,Down,"[""0"", ""1""]",0.07,916.150869,,-0.5045,0.001,resolved,0xadc2d1e338a795a11cfc23efb1ee3e8d1b0f9a81caa892b91275a1d6d44cdfe4,https://data.chain.link/streams/sol-usd-twap-60s-streams,102.99319039564017,2026-09-08 22:00:52+00
xrp-updown-15m-1788903900,XRP,"XRP Up or Down - September 8, 5:45PM-6:00PM ET",2026-09-08T22:00:00Z,2026-09-08T21:45:00Z,1.420615300989294,Down,"[""0"", ""1""]",0.03,1013.1125460000001,,-0.5045,0.001,resolved,0x217f9255ae5f84b57df0ba32a2ae72514137862145451a630d79af5dc5a70841,https://data.chain.link/streams/xrp-usd-twap-60s-streams,1.4168049620549905,2026-09-08 22:00:54+00
zec-updown-15m-1788903900,ZEC,"ZCash Up or Down - September 8, 5:45PM-6:00PM ET",2026-09-08T22:00:00Z,2026-09-08T21:45:00Z,1168.4479998319352,Down,"[""0"", ""1""]",,,,-0.005,0.99,resolved,0x2efc4ef30f5178bc407682fb6ff254376c690e06eb8c8791f0f1e508d4f58ce3,https://data.chain.link/streams/zec-usd-twap-60s-streams,1165.4530203447257,2026-09-08 22:00:52+00
bnb-updown-15m-1788904800,BNB,"BNB Up or Down - September 8, 6:00PM-6:15PM ET",2026-09-08T22:15:00Z,2026-09-08T22:00:00Z,751.7149493383987,Down,"[""0"", ""1""]",0.05,378.49573300000003,,-0.5,0.01,resolved,0x2780c5c7b31f4b2db6126cb59f963124e39bc12c2d20c0f932ad6b8b7e947329,https://data.chain.link/streams/bnb-usd-twap-60s-streams,751.3970478036683,2026-09-08 22:16:25+00
btc-updown-15m-1788904800,BTC,"Bitcoin Up or Down - September 8, 6:00PM-6:15PM ET",2026-09-08T22:15:00Z,2026-09-08T22:00:00Z,78473.91457452244,Down,"[""0"", ""1""]",0.01,37809.43078399996,2750,-0.5,0.01,resolved,0x7f59ac7f64e505510eef2820821d4d07b3f12d327396919a3ff731e5db8ba02c,https://data.chain.link/streams/btc-usd-twap-60s-streams,78472.60642553619,2026-09-08 22:16:25+00
doge-updown-15m-1788904800,DOGE,"Dogecoin Up or Down - September 8, 6:00PM-6:15PM ET",2026-09-08T22:15:00Z,2026-09-08T22:00:00Z,0.0895375790558211,Up,"[""1"", ""0""]",0.99,375.4873079999999,,0.4995,0.001,resolved,0xb23e6d748d6628d412902629a127945145df67ad23374a83171af9fb0cc7c818,https://data.chain.link/streams/doge-usd-twap-60s-streams,0.0896733176964249,2026-09-08 22:16:25+00
eth-updown-15m-1788904800,ETH,"Ethereum Up or Down - September 8, 6:00PM-6:15PM ET",2026-09-08T22:15:00Z,2026-09-08T22:00:00Z,2482.363266809967,Up,"[""1"", ""0""]",0.99,6109.229466,5,0.49,0.01,resolved,0x48f5777f9a300967abddb8cd7a8e19cae5eb4f0d3cb710ed532c9fedaca729ce,https://data.chain.link/streams/eth-usd-twap-60s-streams,2482.7544040139783,2026-09-08 22:16:25+00
hype-updown-15m-1788904800,HYPE,"Hyperliquid Up or Down - September 8, 6:00PM-6:15PM ET",2026-09-08T22:15:00Z,2026-09-08T22:00:00Z,84.3850400921004,Up,"[""1"", ""0""]",0.999,278.110867,,0.4945,0.001,resolved,0x69a6ab5ef69a322e4db9b2a473ef370c9814cdaa52e93e88641c83499484b4e4,https://data.chain.link/streams/hype-usd-twap-60s-streams,84.7952241946521,2026-09-08 22:16:25+00
sol-updown-15m-1788904800,SOL,"Solana Up or Down - September 8, 6:00PM-6:15PM ET",2026-09-08T22:15:00Z,2026-09-08T22:00:00Z,102.99319039564017,Up,"[""1"", ""0""]",0.999,1313.6285209999996,,0.4945,0.001,resolved,0x6cb2bd78eee29fa2befe9630eec39fdc0e9fd92cdb9cc862d25dd5728f6d81f1,https://data.chain.link/streams/sol-usd-twap-60s-streams,103.22670832328404,2026-09-08 22:16:25+00
xrp-updown-15m-1788904800,XRP,"XRP Up or Down - September 8, 6:00PM-6:15PM ET",2026-09-08T22:15:00Z,2026-09-08T22:00:00Z,1.4168049620549905,Up,"[""1"", ""0""]",0.999,815.110479,,0.4945,0.001,resolved,0x4c1cc846a919ab92a7b9c225195383589bb45fc8dba96367e51192fa654d9b50,https://data.chain.link/streams/xrp-usd-twap-60s-streams,1.4194691997032174,2026-09-08 22:16:25+00
zec-updown-15m-1788904800,ZEC,"ZCash Up or Down - September 8, 6:00PM-6:15PM ET",2026-09-08T22:15:00Z,2026-09-08T22:00:00Z,1165.4530203447257,Up,"[""1"", ""0""]",,,,0.4995,0.001,resolved,0xb323ad4b39b0b0ae7b8d9831b4c345feaf7bd02dc50122355ed455ca59cc36e2,https://data.chain.link/streams/zec-usd-twap-60s-streams,1170.6246830541947,2026-09-08 22:16:25+00
bnb-updown-15m-1788905700,BNB,"BNB Up or Down - September 8, 6:15PM-6:30PM ET",2026-09-08T22:30:00Z,2026-09-08T22:15:00Z,751.3970478036683,Up,"[""1"", ""0""]",0.999,348.802102,35.18,0.5045,0.001,resolved,0x985c6e9e688109484846378c7eecbcd65b4c41eb34b77f435cbc74576e06d308,https://data.chain.link/streams/bnb-usd-twap-60s-streams,753.1743507616824,2026-09-08 22:30:52+00
btc-updown-15m-1788905700,BTC,"Bitcoin Up or Down - September 8, 6:15PM-6:30PM ET",2026-09-08T22:30:00Z,2026-09-08T22:15:00Z,78472.60642553619,Up,"[""1"", ""0""]",0.999,20938.161648999994,,0.49,0.01,resolved,0x5c78f7cebe32fd06976868af7309e7dcf031d00035a2be7847db4a22ef4fbd82,https://data.chain.link/streams/btc-usd-twap-60s-streams,78497.75534199152,2026-09-08 22:30:52+00
doge-updown-15m-1788905700,DOGE,"Dogecoin Up or Down - September 8, 6:15PM-6:30PM ET",2026-09-08T22:30:00Z,2026-09-08T22:15:00Z,0.0896733176964249,Up,"[""1"", ""0""]",0.999,352.73898999999994,,0.4995,0.001,resolved,0xbfc2b69ec133feef8f6626db9203deda1339115a7e5ea11fe0525e6a41ac518b,https://data.chain.link/streams/doge-usd-twap-60s-streams,0.08987054002365934,2026-09-08 22:30:52+00
eth-updown-15m-1788905700,ETH,"Ethereum Up or Down - September 8, 6:15PM-6:30PM ET",2026-09-08T22:30:00Z,2026-09-08T22:15:00Z,2482.7544040139783,Up,"[""1"", ""0""]",0.99,4661.414957999999,,0.49,0.01,resolved,0xc639b1a4deadf2a1951364edc5c9f9a627da8e89fc43acc0865b75234b2d9e51,https://data.chain.link/streams/eth-usd-twap-60s-streams,2484.2215401909493,2026-09-08 22:30:52+00
hype-updown-15m-1788905700,HYPE,"Hyperliquid Up or Down - September 8, 6:15PM-6:30PM ET",2026-09-08T22:30:00Z,2026-09-08T22:15:00Z,84.7952241946521,Down,"[""0"", ""1""]",0.31,1149.9721539999998,,-0.49,0.01,resolved,0x472c780213c3c889664885a634c5f13147c6f3e018713ab9c6ab8de8de9572f5,https://data.chain.link/streams/hype-usd-twap-60s-streams,84.79186969662594,2026-09-08 22:30:52+00
sol-updown-15m-1788905700,SOL,"Solana Up or Down - September 8, 6:15PM-6:30PM ET",2026-09-08T22:30:00Z,2026-09-08T22:15:00Z,103.22670832328404,Up,"[""1"", ""0""]",0.99,829.847044,,0.49,0.01,resolved,0xa3a77bd4eb87352dae36cbb97e9f31938745ef6a98660d0a4970c75b2064275e,https://data.chain.link/streams/sol-usd-twap-60s-streams,103.30303303022825,2026-09-08 22:30:52+00
xrp-updown-15m-1788905700,XRP,"XRP Up or Down - September 8, 6:15PM-6:30PM ET",2026-09-08T22:30:00Z,2026-09-08T22:15:00Z,1.4194691997032174,Down,"[""0"", ""1""]",0.01,1538.1622299999995,,-0.5,0.01,resolved,0xd06fde311003097f2cf4d8fdedd97eac5bed09985b17f76075d8dd78a3189a39,https://data.chain.link/streams/xrp-usd-twap-60s-streams,1.4188390277705936,2026-09-08 22:30:52+00
zec-updown-15m-1788905700,ZEC,"ZCash Up or Down - September 8, 6:15PM-6:30PM ET",2026-09-08T22:30:00Z,2026-09-08T22:15:00Z,1170.6246830541947,Up,"[""1"", ""0""]",,,,0.005,0.99,resolved,0xb911b1fb1a64e132bb4a26bb607df88cf5327ba06d8e574bebe307ceefe53610,https://data.chain.link/streams/zec-usd-twap-60s-streams,1173.769788044354,2026-09-08 22:30:52+00
bnb-updown-15m-1788906600,BNB,"BNB Up or Down - September 8, 6:30PM-6:45PM ET",2026-09-08T22:45:00Z,2026-09-08T22:30:00Z,753.1743507616824,Up,"[""1"", ""0""]",0.99,523.677483,,0.49,0.01,resolved,0xe9f10eebac4e978c35d855ec75f700b192d65a59fcff7c1c3c70263abd4aabe1,https://data.chain.link/streams/bnb-usd-twap-60s-streams,753.4260978138333,2026-09-08 22:45:52+00
btc-updown-15m-1788906600,BTC,"Bitcoin Up or Down - September 8, 6:30PM-6:45PM ET",2026-09-08T22:45:00Z,2026-09-08T22:30:00Z,78497.75534199152,Down,"[""0"", ""1""]",0.01,17457.744073999995,,-0.5,0.01,resolved,0xeff1a565a86db3d5a470624c00b15c5ecdfac4a665d1c60c61b5e1bebc4e3f25,https://data.chain.link/streams/btc-usd-twap-60s-streams,78483.35085223317,2026-09-08 22:45:52+00
doge-updown-15m-1788906600,DOGE,"Dogecoin Up or Down - September 8, 6:30PM-6:45PM ET",2026-09-08T22:45:00Z,2026-09-08T22:30:00Z,0.08987054002365934,Up,"[""1"", ""0""]",0.99,528.646461,,0.495,0.01,resolved,0xc496e431080f08c815139aa3cfe15b3cd35cd296855b785081e8e727f0242ddc,https://data.chain.link/streams/doge-usd-twap-60s-streams,0.08988498398115206,2026-09-08 22:45:52+00
eth-updown-15m-1788906600,ETH,"Ethereum Up or Down - September 8, 6:30PM-6:45PM ET",2026-09-08T22:45:00Z,2026-09-08T22:30:00Z,2484.2215401909493,Down,"[""0"", ""1""]",0.01,6339.239253999999,,-0.5,0.01,resolved,0xe344573166cc1b50d0dc7ead4766ef8a760c42c25def29b10982aca0736728cd,https://data.chain.link/streams/eth-usd-twap-60s-streams,2484.1915493646334,2026-09-08 22:45:52+00
hype-updown-15m-1788906600,HYPE,"Hyperliquid Up or Down - September 8, 6:30PM-6:45PM ET",2026-09-08T22:45:00Z,2026-09-08T22:30:00Z,84.79186969662594,Up,"[""1"", ""0""]",0.98,1241.6577510000002,,0.49,0.01,resolved,0xc63d47966a98b7ffb1f2a045a7d5c2f2998337a379c306a919755baf4bffe362,https://data.chain.link/streams/hype-usd-twap-60s-streams,84.79508924333507,2026-09-08 22:45:52+00
sol-updown-15m-1788906600,SOL,"Solana Up or Down - September 8, 6:30PM-6:45PM ET",2026-09-08T22:45:00Z,2026-09-08T22:30:00Z,103.30303303022825,Down,"[""0"", ""1""]",0.03,1274.6204630000002,,-0.5045,0.001,resolved,0x716f1d2804bd1b7c0c2276a129339a631a5d20b0b27492121e561fb283b53aaf,https://data.chain.link/streams/sol-usd-twap-60s-streams,103.24985299517371,2026-09-08 22:45:52+00
xrp-updown-15m-1788906600,XRP,"XRP Up or Down - September 8, 6:30PM-6:45PM ET",2026-09-08T22:45:00Z,2026-09-08T22:30:00Z,1.4188390277705936,Down,"[""0"", ""1""]",0.09,1046.141464,,-0.5,0.01,resolved,0x40e723437454f1ba4549c348598271316ad425a02c39792672e2a7105d2a6643,https://data.chain.link/streams/xrp-usd-twap-60s-streams,1.4178308370187642,2026-09-08 22:45:52+00
zec-updown-15m-1788906600,ZEC,"ZCash Up or Down - September 8, 6:30PM-6:45PM ET",2026-09-08T22:45:00Z,2026-09-08T22:30:00Z,1173.769788044354,Up,"[""1"", ""0""]",,,,0.495,0.01,resolved,0xfaa77d86dc8eb459b249da4f114891c20f8d8be313a4ab13407c94ec93141d31,https://data.chain.link/streams/zec-usd-twap-60s-streams,1175.9919252112845,2026-09-08 22:45:52+00
bnb-updown-15m-1788907500,BNB,"BNB Up or Down - September 8, 6:45PM-7:00PM ET",2026-09-08T23:00:00Z,2026-09-08T22:45:00Z,753.4260978138333,Up,"[""1"", ""0""]",0.99,437.758509,,0.4945,0.001,resolved,0x5371a8ffc367e8d53bfd1670cfc008e72f8c89b23b7390ade3fe4695a85926b4,https://data.chain.link/streams/bnb-usd-twap-60s-streams,754.4763116320776,2026-09-08 23:00:52+00
btc-updown-15m-1788907500,BTC,"Bitcoin Up or Down - September 8, 6:45PM-7:00PM ET",2026-09-08T23:00:00Z,2026-09-08T22:45:00Z,78483.35085223317,Up,"[""1"", ""0""]",0.999,14854.039375999997,,0.4945,0.001,resolved,0x58ea8f4f34441b2b8d1fdefb2c644635b6d7cfe008f62c66de2998c5067b6a28,https://data.chain.link/streams/btc-usd-twap-60s-streams,78553.40274904367,2026-09-08 23:00:54+00
doge-updown-15m-1788907500,DOGE,"Dogecoin Up or Down - September 8, 6:45PM-7:00PM ET",2026-09-08T23:00:00Z,2026-09-08T22:45:00Z,0.08988498398115206,Up,"[""1"", ""0""]",0.99,273.92136600000003,,0.4995,0.001,resolved,0xf345ad5d4833cef32250aa36d172ca27ab814326599d03a790a3c8628c9835c5,https://data.chain.link/streams/doge-usd-twap-60s-streams,0.0900153319428061,2026-09-08 23:00:54+00
eth-updown-15m-1788907500,ETH,"Ethereum Up or Down - September 8, 6:45PM-7:00PM ET",2026-09-08T23:00:00Z,2026-09-08T22:45:00Z,2484.1915493646334,Up,"[""1"", ""0""]",0.99,2614.503285,,0.4945,0.001,resolved,0x463f1a7c212e3f00586141ad4d96a212eaf647d3c715057fcbdc210419dfb4a8,https://data.chain.link/streams/eth-usd-twap-60s-streams,2488.9616768968726,2026-09-08 23:00:52+00
hype-updown-15m-1788907500,HYPE,"Hyperliquid Up or Down - September 8, 6:45PM-7:00PM ET",2026-09-08T23:00:00Z,2026-09-08T22:45:00Z,84.79508924333507,Up,"[""1"", ""0""]",0.99,230.219043,,0.4945,0.001,resolved,0x58958dd98d93108b092c7b376f3b9861251d8a5e4452f3747288e6a92c5457ac,https://data.chain.link/streams/hype-usd-twap-60s-streams,84.97364533383163,2026-09-08 23:00:52+00
sol-updown-15m-1788907500,SOL,"Solana Up or Down - September 8, 6:45PM-7:00PM ET",2026-09-08T23:00:00Z,2026-09-08T22:45:00Z,103.24985299517371,Up,"[""1"", ""0""]",0.99,710.914029,,0.4945,0.001,resolved,0x6ffc6972d82c5319c57016653a91bea3243b0a33f1ec1e5c5da7095c2dfbdfc0,https://data.chain.link/streams/sol-usd-twap-60s-streams,103.40583158878172,2026-09-08 23:00:54+00
xrp-updown-15m-1788907500,XRP,"XRP Up or Down - September 8, 6:45PM-7:00PM ET",2026-09-08T23:00:00Z,2026-09-08T22:45:00Z,1.4178308370187642,Up,"[""1"", ""0""]",0.99,832.8151299999997,,0.49,0.01,resolved,0x1bf30fef9850b3cf330125df10751c9cbe59c025473232aa7c6eab907b43f27a,https://data.chain.link/streams/xrp-usd-twap-60s-streams,1.4185218191073807,2026-09-08 23:00:54+00
zec-updown-15m-1788907500,ZEC,"ZCash Up or Down - September 8, 6:45PM-7:00PM ET",2026-09-08T23:00:00Z,2026-09-08T22:45:00Z,1175.9919252112845,Up,"[""1"", ""0""]",,,,0.005,0.99,resolved,0x2e1e14be3c5ae6dbaf9aaec3d6789f33c978a63eef33ba43fc5885e68f74f981,https://data.chain.link/streams/zec-usd-twap-60s-streams,1178.616005754142,2026-09-08 23:00:52+00
bnb-updown-15m-1788908400,BNB,"BNB Up or Down - September 8, 7:00PM-7:15PM ET",2026-09-08T23:15:00Z,2026-09-08T23:00:00Z,754.4763116320776,Down,"[""0"", ""1""]",0.1,275.500139,,-0.5045,0.001,resolved,0x1001a41694d4102ca6db77ffe438928344b360784ae58a2d067374eea4b9d7e3,https://data.chain.link/streams/bnb-usd-twap-60s-streams,752.8310731098321,2026-09-08 23:15:52+00
btc-updown-15m-1788908400,BTC,"Bitcoin Up or Down - September 8, 7:00PM-7:15PM ET",2026-09-08T23:15:00Z,2026-09-08T23:00:00Z,78553.40274904367,Down,"[""0"", ""1""]",0.001,22426.299817000003,2794.970785,-0.5045,0.001,resolved,0x15f43ae73712385f5c2c2ada48fd1fb60e87e6181309c169e723e5d0ec467099,https://data.chain.link/streams/btc-usd-twap-60s-streams,78495.21875798277,2026-09-08 23:15:52+00
doge-updown-15m-1788908400,DOGE,"Dogecoin Up or Down - September 8, 7:00PM-7:15PM ET",2026-09-08T23:15:00Z,2026-09-08T23:00:00Z,0.0900153319428061,Up,"[""1"", ""0""]",0.99,1344.1470169999998,,0.495,0.01,resolved,0x3ed79a4084a397322bc86d5faa096c34070552a0c9afb8e8d32251ab2948758f,https://data.chain.link/streams/doge-usd-twap-60s-streams,0.09002629731377905,2026-09-08 23:15:54+00
eth-updown-15m-1788908400,ETH,"Ethereum Up or Down - September 8, 7:00PM-7:15PM ET",2026-09-08T23:15:00Z,2026-09-08T23:00:00Z,2488.9616768968726,Down,"[""0"", ""1""]",0.006,4048.2042859999997,,-0.5045,0.001,resolved,0x4ad007a93b55dc070b5c220c287e1a3184a9e9b01f88b2a69cf71e2da688dd7a,https://data.chain.link/streams/eth-usd-twap-60s-streams,2485.4215479050827,2026-09-08 23:15:52+00
hype-updown-15m-1788908400,HYPE,"Hyperliquid Up or Down - September 8, 7:00PM-7:15PM ET",2026-09-08T23:15:00Z,2026-09-08T23:00:00Z,84.97364533383163,Down,"[""0"", ""1""]",0.1,296.427293,9.803922,-0.5045,0.001,resolved,0x4f70f2cb84f026b6d601b9fc862ad7b09beea7b8452ee41f33e33e33449bd2ff,https://data.chain.link/streams/hype-usd-twap-60s-streams,84.81603121879833,2026-09-08 23:15:54+00
sol-updown-15m-1788908400,SOL,"Solana Up or Down - September 8, 7:00PM-7:15PM ET",2026-09-08T23:15:00Z,2026-09-08T23:00:00Z,103.40583158878172,Down,"[""0"", ""1""]",0.01,3052.4523340000005,,-0.5,0.01,resolved,0xca79fc620b2d49b6473d5eb5542b2cd84d6900c075089474c4ee3afe411a6aaf,https://data.chain.link/streams/sol-usd-twap-60s-streams,103.4021894747537,2026-09-08 23:15:54+00
xrp-updown-15m-1788908400,XRP,"XRP Up or Down - September 8, 7:00PM-7:15PM ET",2026-09-08T23:15:00Z,2026-09-08T23:00:00Z,1.4185218191073807,Up,"[""1"", ""0""]",0.99,3672.7743369999994,,0.49,0.01,resolved,0x5a7d133030bc1ac3ea851501e5dac9e632d065d7b69308cff65be59138b856cd,https://data.chain.link/streams/xrp-usd-twap-60s-streams,1.4185379181557995,2026-09-08 23:15:54+00
zec-updown-15m-1788908400,ZEC,"ZCash Up or Down - September 8, 7:00PM-7:15PM ET",2026-09-08T23:15:00Z,2026-09-08T23:00:00Z,1178.616005754142,Up,"[""1"", ""0""]",,,,0.495,0.01,resolved,0xb8ea2419a696032f1bcb96e81d25d82438293774fdd7c2575942bb8c3dbd39e8,https://data.chain.link/streams/zec-usd-twap-60s-streams,1181.8569402656349,2026-09-08 23:15:54+00
bnb-updown-15m-1788909300,BNB,"BNB Up or Down - September 8, 7:15PM-7:30PM ET",2026-09-08T23:30:00Z,2026-09-08T23:15:00Z,752.8310731098321,Down,"[""0"", ""1""]",0.1,284.747667,,-0.5045,0.001,resolved,0xceb6d3aae628f78bb33ab9181b2d9db853b8e69923f3345407a8df92ba391145,https://data.chain.link/streams/bnb-usd-twap-60s-streams,752.5289853915267,2026-09-08 23:30:58+00
btc-updown-15m-1788909300,BTC,"Bitcoin Up or Down - September 8, 7:15PM-7:30PM ET",2026-09-08T23:30:00Z,2026-09-08T23:15:00Z,78495.21875798277,Down,"[""0"", ""1""]",0.04,14658.439378000003,,-0.5035,0.001,resolved,0x27f4f9d7c4c965416b5aba4f9ffd0232666c7e9e7fcc181d44208ebffd81d204,https://data.chain.link/streams/btc-usd-twap-60s-streams,78467.7976871807,2026-09-08 23:30:52+00
doge-updown-15m-1788909300,DOGE,"Dogecoin Up or Down - September 8, 7:15PM-7:30PM ET",2026-09-08T23:30:00Z,2026-09-08T23:15:00Z,0.09002629731377905,Up,"[""1"", ""0""]",0.99,1166.1368770000001,,0.495,0.01,resolved,0xeeaed77418c41bce2ae0b13def43e30dcdc5bb727419209e35f7688184112212,https://data.chain.link/streams/doge-usd-twap-60s-streams,0.09006790780242793,2026-09-08 23:30:52+00
eth-updown-15m-1788909300,ETH,"Ethereum Up or Down - September 8, 7:15PM-7:30PM ET",2026-09-08T23:30:00Z,2026-09-08T23:15:00Z,2485.4215479050827,Down,"[""0"", ""1""]",0.02,1492.4580729999993,,-0.5045,0.001,resolved,0x8b11e8cb38a66f6abca51b1f4ec823afe98ec8c340ecf806df253c2a7208726e,https://data.chain.link/streams/eth-usd-twap-60s-streams,2484.247865729194,2026-09-08 23:30:52+00
hype-updown-15m-1788909300,HYPE,"Hyperliquid Up or Down - September 8, 7:15PM-7:30PM ET",2026-09-08T23:30:00Z,2026-09-08T23:15:00Z,84.81603121879833,Up,"[""1"", ""0""]",0.999,136.846762,,0.4895,0.009,resolved,0x15dd83426daa3c66f83d838c8c0a6f4f7d6daea42453011eefb7799cc56964f1,https://data.chain.link/streams/hype-usd-twap-60s-streams,85.00349412152252,2026-09-08 23:30:52+00
sol-updown-15m-1788909300,SOL,"Solana Up or Down - September 8, 7:15PM-7:30PM ET",2026-09-08T23:30:00Z,2026-09-08T23:15:00Z,103.4021894747537,Up,"[""1"", ""0""]",0.99,1803.6657840000003,,0.49,0.01,resolved,0xbec373208116740a88a1acf264954eb12d88aca3418cbadb7a4aea783a624583,https://data.chain.link/streams/sol-usd-twap-60s-streams,103.4228437726947,2026-09-08 23:30:52+00
xrp-updown-15m-1788909300,XRP,"XRP Up or Down - September 8, 7:15PM-7:30PM ET",2026-09-08T23:30:00Z,2026-09-08T23:15:00Z,1.4185379181557995,Down,"[""0"", ""1""]",0.07,1103.7061629999998,,-0.5,0.01,resolved,0x614fe5eb585655e58823d4219e03c3beef9ee8dd2a9066913729131589d9108c,https://data.chain.link/streams/xrp-usd-twap-60s-streams,1.4179871492095752,2026-09-08 23:30:52+00
zec-updown-15m-1788909300,ZEC,"ZCash Up or Down - September 8, 7:15PM-7:30PM ET",2026-09-08T23:30:00Z,2026-09-08T23:15:00Z,1181.8569402656349,Down,"[""0"", ""1""]",,,,-0.005,0.99,resolved,0x9fe650bf06e1a5d894dc3a83269c34ecb06498708c65bb49a5a874f6879ef9c6,https://data.chain.link/streams/zec-usd-twap-60s-streams,1180.8289900695463,2026-09-08 23:30:52+00
bnb-updown-15m-1788910200,BNB,"BNB Up or Down - September 8, 7:30PM-7:45PM ET",2026-09-08T23:45:00Z,2026-09-08T23:30:00Z,752.5289853915267,Down,"[""0"", ""1""]",0.16,349.64235699999995,,-0.5,0.01,resolved,0xe44cf246674417b31733a208fc0f227e611cf355106925abd77913c2ce36910c,https://data.chain.link/streams/bnb-usd-twap-60s-streams,752.3630347768716,2026-09-08 23:46:25+00
btc-updown-15m-1788910200,BTC,"Bitcoin Up or Down - September 8, 7:30PM-7:45PM ET",2026-09-08T23:45:00Z,2026-09-08T23:30:00Z,78467.7976871807,Down,"[""0"", ""1""]",0.02,15476.569859000001,,-0.5,0.01,resolved,0xa954ee150c7efd90399bfbd44ef7c06071c154347f2f9b2b67477cf9ac63ceec,https://data.chain.link/streams/btc-usd-twap-60s-streams,78440.6913267614,2026-09-08 23:46:25+00
doge-updown-15m-1788910200,DOGE,"Dogecoin Up or Down - September 8, 7:30PM-7:45PM ET",2026-09-08T23:45:00Z,2026-09-08T23:30:00Z,0.09006790780242793,Down,"[""0"", ""1""]",0.06,1234.408714,,-0.495,0.01,resolved,0x951cee4c09a103f067ba34ca9ebbcf05987ead0ad4998c06048ff6a841540af1,https://data.chain.link/streams/doge-usd-twap-60s-streams,0.09004287803419461,2026-09-08 23:46:25+00
eth-updown-15m-1788910200,ETH,"Ethereum Up or Down - September 8, 7:30PM-7:45PM ET",2026-09-08T23:45:00Z,2026-09-08T23:30:00Z,2484.247865729194,Up,"[""1"", ""0""]",0.99,2310.106748000001,,0.4945,0.001,resolved,0x8af1217f19928d6a8e2bd7ec21bbacd926b2866ea33cfd29bdf51c8b6adab64b,https://data.chain.link/streams/eth-usd-twap-60s-streams,2485.166335904519,2026-09-08 23:46:25+00
hype-updown-15m-1788910200,HYPE,"Hyperliquid Up or Down - September 8, 7:30PM-7:45PM ET",2026-09-08T23:45:00Z,2026-09-08T23:30:00Z,85.00349412152252,Down,"[""0"", ""1""]",0.1,816.867774,,-0.5,0.01,resolved,0x19a86874dd8cc06aa6983be7a3017150a7947656190e7df63151ca1575ddf02f,https://data.chain.link/streams/hype-usd-twap-60s-streams,84.99970592369257,2026-09-08 23:46:25+00
sol-updown-15m-1788910200,SOL,"Solana Up or Down - September 8, 7:30PM-7:45PM ET",2026-09-08T23:45:00Z,2026-09-08T23:30:00Z,103.4228437726947,Down,"[""0"", ""1""]",0.18,1533.9486640000002,,-0.5,0.01,resolved,0xec274f7d1ecd8b358dab85fd5665244cbff5d566f25fdc694d36773fde814519,https://data.chain.link/streams/sol-usd-twap-60s-streams,103.37191061425696,2026-09-08 23:46:25+00
xrp-updown-15m-1788910200,XRP,"XRP Up or Down - September 8, 7:30PM-7:45PM ET",2026-09-08T23:45:00Z,2026-09-08T23:30:00Z,1.4179871492095752,Down,"[""0"", ""1""]",0.1,594.717881,,-0.5045,0.001,resolved,0x7dba6045a8c1a85d741a5a7ace0be2626c8e321db8a76559ba311b45631247aa,https://data.chain.link/streams/xrp-usd-twap-60s-streams,1.4167880779504034,2026-09-08 23:46:25+00
zec-updown-15m-1788910200,ZEC,"ZCash Up or Down - September 8, 7:30PM-7:45PM ET",2026-09-08T23:45:00Z,2026-09-08T23:30:00Z,1180.8289900695463,Down,"[""0"", ""1""]",,,,-0.495,0.01,resolved,0x203696a37ffa19dfe896ba82c259596594b81c2d509f0e47c1bcc1ae20977fdc,https://data.chain.link/streams/zec-usd-twap-60s-streams,1178.1383033924722,2026-09-08 23:46:25+00
bnb-updown-15m-1788911100,BNB,"BNB Up or Down - September 8, 7:45PM-8:00PM ET",2026-09-09T00:00:00Z,2026-09-08T23:45:00Z,752.3630347768716,Down,"[""0"", ""1""]",0.09,1286.3338179999998,,-0.5,0.01,resolved,0xd6b2101bdb8135107c89e6df182b02c6bf28e7bb4f3a4031c6bdbaa6723c2953,https://data.chain.link/streams/bnb-usd-twap-60s-streams,752.2682192302333,2026-09-09 00:00:54+00
btc-updown-15m-1788911100,BTC,"Bitcoin Up or Down - September 8, 7:45PM-8:00PM ET",2026-09-09T00:00:00Z,2026-09-08T23:45:00Z,78440.6913267614,Up,"[""1"", ""0""]",0.99,27000.38349600001,,0.49,0.01,resolved,0x31c92162139cc06333c55bf64de5f9d43fb10701c177bb048bb41a5e41efeb48,https://data.chain.link/streams/btc-usd-twap-60s-streams,78444.41042045361,2026-09-09 00:00:54+00
doge-updown-15m-1788911100,DOGE,"Dogecoin Up or Down - September 8, 7:45PM-8:00PM ET",2026-09-09T00:00:00Z,2026-09-08T23:45:00Z,0.09004287803419461,Down,"[""0"", ""1""]",0.1,1059.844994,,-0.495,0.01,resolved,0x99a062ce7f4d38b054b18af6a2405d9f3908e7a625358e6ee84ce1dd5dce28ac,https://data.chain.link/streams/doge-usd-twap-60s-streams,0.09003102267955304,2026-09-09 00:00:54+00
eth-updown-15m-1788911100,ETH,"Ethereum Up or Down - September 8, 7:45PM-8:00PM ET",2026-09-09T00:00:00Z,2026-09-08T23:45:00Z,2485.166335904519,Down,"[""0"", ""1""]",0.13,3344.7049810000003,,-0.5,0.01,resolved,0x5179b2c5ff1e7e2129881069d8927fb55c3b63e66bfc6ac8518a8aba72a59991,https://data.chain.link/streams/eth-usd-twap-60s-streams,2484.8959229500383,2026-09-09 00:00:54+00
hype-updown-15m-1788911100,HYPE,"Hyperliquid Up or Down - September 8, 7:45PM-8:00PM ET",2026-09-09T00:00:00Z,2026-09-08T23:45:00Z,84.99970592369257,Up,"[""1"", ""0""]",0.99,544.9019549999999,,0.49,0.01,resolved,0xb52dd712cc08099fdf7c6d88dd3c34b00c21e1ad703d2079f9f29a6919b0ce45,https://data.chain.link/streams/hype-usd-twap-60s-streams,85.12536907123268,2026-09-09 00:00:54+00
sol-updown-15m-1788911100,SOL,"Solana Up or Down - September 8, 7:45PM-8:00PM ET",2026-09-09T00:00:00Z,2026-09-08T23:45:00Z,103.37191061425696,Down,"[""0"", ""1""]",0.28,2123.645655,,-0.5,0.01,resolved,0xb2f139e4fdef0943b1d6e2d128c513bff2afddc274b9bf8e9a91d17f09cae4c7,https://data.chain.link/streams/sol-usd-twap-60s-streams,103.35083028938153,2026-09-09 00:00:54+00
xrp-updown-15m-1788911100,XRP,"XRP Up or Down - September 8, 7:45PM-8:00PM ET",2026-09-09T00:00:00Z,2026-09-08T23:45:00Z,1.4167880779504034,Up,"[""1"", ""0""]",0.99,1482.3767480000001,,0.49,0.01,resolved,0x0346f8a29c91cdf58baf6da892d648b6661d1cfbfa4e76d2ea44269c5f32abcd,https://data.chain.link/streams/xrp-usd-twap-60s-streams,1.4171228624908876,2026-09-09 00:00:54+00
zec-updown-15m-1788911100,ZEC,"ZCash Up or Down - September 8, 7:45PM-8:00PM ET",2026-09-09T00:00:00Z,2026-09-08T23:45:00Z,1178.1383033924722,Down,"[""0"", ""1""]",,,,-0.005,0.99,resolved,0x027781302c95b4f2f1a578ec898fdc1eb9072b1cee9c445a91518af0eb680ce1,https://data.chain.link/streams/zec-usd-twap-60s-streams,1178.042956169137,2026-09-09 00:00:54+00
